{"type":"FeatureCollection","features":[{"type":"Feature","properties":{"id":"5D01","name":"SMD 5D01"},"geometry":{"type":"Polygon","coordinates":[[[-76.98756,38.91107],[-76.98832,38.91137],[-76.9893,38.9121],[-76.9899,38.91235],[-76.9909,38.9124],[-76.9922,38.91218],[-76.99294,38.91347],[-76.99912,38.91131],[-77.00173,38.90999],[-77.00253,38.90802],[-76.99314,38.90401],[-76.98747,38.90899],[-76.98777,38.90924],[-76.98787,38.9107],[-76.98756,38.91107]]]}},{"type":"Feature","properties":{"id":"1A10","name":"SMD 1A10"},"geometry":{"type":"Polygon","coordinates":[[[-77.02652,38.93079],[-77.02799,38.9307],[-77.02775,38.92968],[-77.02971,38.92966],[-77.02971,38.92576],[-77.02704,38.92576],[-77.02704,38.92477],[-77.02566,38.9249],[-77.02652,38.93079]]]}},{"type":"Feature","properties":{"id":"7D03","name":"SMD 7D03"},"geometry":{"type":"Polygon","coordinates":[[[-76.9535,38.90678],[-76.95465,38.90623],[-76.9557,38.90597],[-76.95629,38.90555],[-76.95688,38.9056],[-76.95792,38.90613],[-76.95918,38.90356],[-76.96215,38.89984],[-76.96229,38.89939],[-76.96187,38.89778],[-76.96191,38.89707],[-76.9575,38.89655],[-76.95179,38.89562],[-76.95006,38.89726],[-76.94655,38.9],[-76.94581,38.89937],[-76.94337,38.90133],[-76.94461,38.90159],[-76.94527,38.90212],[-76.94533,38.9024],[-76.94746,38.90076],[-76.95079,38.90358],[-76.95017,38.90481],[-76.95117,38.90567],[-76.95296,38.90528],[-76.9535,38.90678]]]}},{"type":"Feature","properties":{"id":"4A06","name":"SMD 4A06"},"geometry":{"type":"Polygon","coordinates":[[[-77.03343,38.96205],[-77.02801,38.96127],[-77.02771,38.96496],[-77.02973,38.96503],[-77.03005,38.96439],[-77.03138,38.96436],[-77.03342,38.96402],[-77.03343,38.96205]]]}},{"type":"Feature","properties":{"id":"7F08","name":"SMD 7F08"},"geometry":{"type":"Polygon","coordinates":[[[-76.96783,38.88457],[-76.97546,38.88457],[-76.97589,38.88399],[-76.97726,38.88454],[-76.97726,38.88275],[-76.97647,38.88275],[-76.97647,38.88144],[-76.97097,38.88143],[-76.96933,38.88337],[-76.96783,38.88457]]]}},{"type":"Feature","properties":{"id":"7E07","name":"SMD 7E07"},"geometry":{"type":"Polygon","coordinates":[[[-76.93823,38.88978],[-76.9383,38.88947],[-76.9395,38.88861],[-76.94022,38.88772],[-76.94051,38.88694],[-76.9408,38.88493],[-76.94174,38.88327],[-76.93851,38.88313],[-76.93643,38.88338],[-76.93644,38.88291],[-76.93684,38.88258],[-76.93936,38.88224],[-76.93926,38.88021],[-76.93621,38.88023],[-76.93304,38.8815],[-76.9351,38.88415],[-76.93688,38.88824],[-76.93568,38.88805],[-76.93604,38.88876],[-76.93609,38.88978],[-76.93823,38.88978]]]}},{"type":"Feature","properties":{"id":"2G05","name":"SMD 2G05"},"geometry":{"type":"Polygon","coordinates":[[[-77.02192,38.90965],[-77.02192,38.90858],[-77.02397,38.90858],[-77.02402,38.90418],[-77.02598,38.90418],[-77.02599,38.90359],[-77.02405,38.90294],[-77.02399,38.9021],[-77.02192,38.90211],[-77.02192,38.90565],[-77.01893,38.90565],[-77.01893,38.90965],[-77.02192,38.90965]]]}},{"type":"Feature","properties":{"id":"1A05","name":"SMD 1A05"},"geometry":{"type":"Polygon","coordinates":[[[-77.03646,38.9333],[-77.03648,38.9287],[-77.03264,38.92881],[-77.03274,38.93188],[-77.03646,38.9333]]]}},{"type":"Feature","properties":{"id":"1A06","name":"SMD 1A06"},"geometry":{"type":"Polygon","coordinates":[[[-77.02676,38.93233],[-77.03263,38.93032],[-77.03275,38.93002],[-77.03264,38.92881],[-77.0321,38.92864],[-77.02971,38.92864],[-77.02971,38.92966],[-77.02775,38.92968],[-77.02799,38.9307],[-77.02652,38.93079],[-77.02676,38.93233]]]}},{"type":"Feature","properties":{"id":"8F03","name":"SMD 8F03"},"geometry":{"type":"Polygon","coordinates":[[[-77.00562,38.88052],[-77.00416,38.87649],[-77.00058,38.87649],[-77.00058,38.87753],[-77.00205,38.87754],[-77.00206,38.88021],[-77.00324,38.88054],[-77.00562,38.88052]]]}},{"type":"Feature","properties":{"id":"6A07","name":"SMD 6A07"},"geometry":{"type":"Polygon","coordinates":[[[-76.99496,38.89479],[-76.99496,38.88981],[-76.99154,38.88981],[-76.99154,38.89359],[-76.99024,38.89358],[-76.99025,38.89479],[-76.99496,38.89479]]]}},{"type":"Feature","properties":{"id":"7C08","name":"SMD 7C08"},"geometry":{"type":"Polygon","coordinates":[[[-76.93015,38.88977],[-76.92973,38.88934],[-76.927,38.88842],[-76.9241,38.8867],[-76.92326,38.88648],[-76.92102,38.88629],[-76.91845,38.88569],[-76.91325,38.88974],[-76.93015,38.88977]]]}},{"type":"Feature","properties":{"id":"2G06","name":"SMD 2G06"},"geometry":{"type":"Polygon","coordinates":[[[-77.01894,38.90724],[-77.01893,38.90565],[-77.02192,38.90565],[-77.02192,38.90295],[-77.01478,38.90537],[-77.01544,38.90724],[-77.01894,38.90724]]]}},{"type":"Feature","properties":{"id":"7C09","name":"SMD 7C09"},"geometry":{"type":"Polygon","coordinates":[[[-76.94261,38.90194],[-76.9462,38.89906],[-76.94659,38.89839],[-76.9426,38.89838],[-76.94261,38.89679],[-76.93775,38.89678],[-76.93775,38.89752],[-76.93616,38.89741],[-76.93543,38.89702],[-76.93497,38.89643],[-76.93488,38.89428],[-76.93291,38.89403],[-76.93292,38.89518],[-76.93325,38.89622],[-76.93213,38.89623],[-76.93193,38.89686],[-76.9311,38.89736],[-76.93073,38.8979],[-76.93066,38.89845],[-76.93656,38.89954],[-76.94261,38.90194]]]}},{"type":"Feature","properties":{"id":"4B06","name":"SMD 4B06"},"geometry":{"type":"Polygon","coordinates":[[[-77.00957,38.96391],[-77.01072,38.96236],[-77.01101,38.96271],[-77.02245,38.96271],[-77.02244,38.95916],[-77.01616,38.95711],[-77.01617,38.95874],[-77.00767,38.95873],[-77.00623,38.96067],[-77.00957,38.96391]]]}},{"type":"Feature","properties":{"id":"4B07","name":"SMD 4B07"},"geometry":{"type":"Polygon","coordinates":[[[-77.01617,38.96271],[-77.01097,38.96271],[-77.01072,38.96236],[-77.00595,38.96864],[-77.01086,38.97247],[-77.01482,38.97167],[-77.01507,38.97141],[-77.01615,38.97128],[-77.01617,38.96271]]]}},{"type":"Feature","properties":{"id":"2G01","name":"SMD 2G01"},"geometry":{"type":"Polygon","coordinates":[[[-77.02704,38.91056],[-77.01778,38.91377],[-77.01811,38.91465],[-77.02066,38.91575],[-77.02087,38.91558],[-77.02087,38.91409],[-77.02704,38.9141],[-77.02704,38.91056]]]}},{"type":"Feature","properties":{"id":"2G02","name":"SMD 2G02"},"geometry":{"type":"Polygon","coordinates":[[[-77.02192,38.91232],[-77.02704,38.91056],[-77.02704,38.90858],[-77.02192,38.90858],[-77.02192,38.91232]]]}},{"type":"Feature","properties":{"id":"1A08","name":"SMD 1A08"},"geometry":{"type":"Polygon","coordinates":[[[-77.02971,38.92476],[-77.03224,38.92476],[-77.03232,38.92551],[-77.03543,38.92533],[-77.03531,38.92344],[-77.03235,38.92361],[-77.03213,38.92364],[-77.03215,38.92377],[-77.02971,38.92377],[-77.02971,38.92476]]]}},{"type":"Feature","properties":{"id":"8D03","name":"SMD 8D03"},"geometry":{"type":"Polygon","coordinates":[[[-77.00059,38.83097],[-77.00373,38.83098],[-77.00589,38.83121],[-77.00589,38.8279],[-77.00543,38.82526],[-77.00557,38.82463],[-77.006,38.8241],[-77.0051,38.82339],[-77.00219,38.82197],[-77.00198,38.82224],[-77.00193,38.82334],[-77.00221,38.82389],[-77.00155,38.82423],[-77.00137,38.82472],[-77.00214,38.82652],[-77.00149,38.82653],[-77.00098,38.82686],[-77.0005,38.82687],[-77.00059,38.83097]]]}},{"type":"Feature","properties":{"id":"7D10","name":"SMD 7D10"},"geometry":{"type":"Polygon","coordinates":[[[-76.98365,38.88662],[-76.98366,38.88109],[-76.979,38.88298],[-76.979,38.88284],[-76.97726,38.88282],[-76.97726,38.88454],[-76.98222,38.88655],[-76.98222,38.88613],[-76.98289,38.88613],[-76.98308,38.88639],[-76.98365,38.88662]]]}},{"type":"Feature","properties":{"id":"6C03","name":"SMD 6C03"},"geometry":{"type":"Polygon","coordinates":[[[-76.99496,38.89479],[-76.99666,38.89475],[-77.00061,38.89309],[-76.99951,38.89309],[-76.99952,38.88982],[-76.99496,38.88981],[-76.99496,38.89479]]]}},{"type":"Feature","properties":{"id":"7B03","name":"SMD 7B03"},"geometry":{"type":"Polygon","coordinates":[[[-76.97021,38.8663],[-76.96479,38.86628],[-76.96477,38.87109],[-76.97065,38.87347],[-76.97097,38.87331],[-76.97094,38.86877],[-76.97027,38.86741],[-76.97021,38.8663]]]}},{"type":"Feature","properties":{"id":"7D05","name":"SMD 7D05"},"geometry":{"type":"Polygon","coordinates":[[[-76.97646,38.89891],[-76.97726,38.89617],[-76.97726,38.89331],[-76.97515,38.8933],[-76.97454,38.89285],[-76.97405,38.89209],[-76.97384,38.89059],[-76.97399,38.8903],[-76.97433,38.89013],[-76.97629,38.89012],[-76.97726,38.88981],[-76.97726,38.8876],[-76.97245,38.88768],[-76.97148,38.88805],[-76.96998,38.88922],[-76.96911,38.88961],[-76.96785,38.8898],[-76.9644,38.8898],[-76.96289,38.89469],[-76.96249,38.89711],[-76.96949,38.8977],[-76.97646,38.89891]]]}},{"type":"Feature","properties":{"id":"2A03","name":"SMD 2A03"},"geometry":{"type":"Polygon","coordinates":[[[-77.05331,38.90364],[-77.05597,38.90456],[-77.05691,38.90364],[-77.05772,38.90255],[-77.05476,38.90254],[-77.05476,38.90087],[-77.05464,38.90071],[-77.05143,38.9007],[-77.05142,38.90185],[-77.05193,38.90185],[-77.05204,38.90253],[-77.05331,38.90254],[-77.05331,38.90364]]]}},{"type":"Feature","properties":{"id":"2A04","name":"SMD 2A04"},"geometry":{"type":"Polygon","coordinates":[[[-77.05143,38.9007],[-77.05468,38.90073],[-77.05476,38.90254],[-77.05772,38.90255],[-77.0582,38.90193],[-77.0585,38.90134],[-77.05846,38.90109],[-77.05737,38.90027],[-77.05737,38.8993],[-77.05666,38.89863],[-77.05668,38.89504],[-77.05592,38.89301],[-77.06325,38.89178],[-77.0647,38.89187],[-77.06446,38.89115],[-77.06401,38.89077],[-77.06403,38.89055],[-77.06377,38.8902],[-77.06442,38.88958],[-77.06416,38.88847],[-77.06382,38.88818],[-77.06378,38.88785],[-77.06362,38.88772],[-77.06359,38.88784],[-77.06304,38.88709],[-77.06174,38.88509],[-77.05084,38.88901],[-77.05015,38.88953],[-77.05012,38.89592],[-77.05349,38.89594],[-77.05278,38.89745],[-77.0528,38.89811],[-77.05311,38.89876],[-77.05149,38.89789],[-77.05143,38.9007]]]}},{"type":"Feature","properties":{"id":"2A05","name":"SMD 2A05"},"geometry":{"type":"Polygon","coordinates":[[[-77.05143,38.89834],[-77.05149,38.89789],[-77.05311,38.89876],[-77.0528,38.89811],[-77.05278,38.89745],[-77.05349,38.89594],[-77.04803,38.89602],[-77.04884,38.89646],[-77.04885,38.89737],[-77.05014,38.89733],[-77.05014,38.89833],[-77.05143,38.89834]]]}},{"type":"Feature","properties":{"id":"6A06","name":"SMD 6A06"},"geometry":{"type":"Polygon","coordinates":[[[-76.98361,38.9],[-76.98344,38.90014],[-76.98415,38.90022],[-76.98567,38.90083],[-76.98551,38.90064],[-76.98551,38.90021],[-76.98831,38.90021],[-76.98831,38.89734],[-76.99025,38.89736],[-76.99025,38.89612],[-76.98365,38.89612],[-76.98361,38.9]]]}},{"type":"Feature","properties":{"id":"6A05","name":"SMD 6A05"},"geometry":{"type":"Polygon","coordinates":[[[-76.98365,38.89249],[-76.98365,38.89612],[-76.99025,38.89612],[-76.99024,38.89358],[-76.98711,38.89358],[-76.98835,38.89201],[-76.98456,38.89212],[-76.98365,38.89249]]]}},{"type":"Feature","properties":{"id":"4B08","name":"SMD 4B08"},"geometry":{"type":"Polygon","coordinates":[[[-77.00277,38.96127],[-77.00578,38.96128],[-77.00767,38.95873],[-77.01617,38.95874],[-77.01616,38.95711],[-77.00908,38.95482],[-77.00314,38.95613],[-77.00265,38.95637],[-77.00225,38.95682],[-77.00293,38.95737],[-77.00315,38.95784],[-77.00278,38.95959],[-77.00277,38.96127]]]}},{"type":"Feature","properties":{"id":"4B09","name":"SMD 4B09"},"geometry":{"type":"Polygon","coordinates":[[[-77.00277,38.96052],[-77.00279,38.95951],[-77.00315,38.95799],[-77.00308,38.95759],[-77.00028,38.9553],[-76.99956,38.95578],[-76.99861,38.95679],[-76.99763,38.95721],[-76.99144,38.9573],[-76.99702,38.96167],[-76.99881,38.96106],[-77.00006,38.96015],[-77.00109,38.96054],[-77.00277,38.96052]]]}},{"type":"Feature","properties":{"id":"4B10","name":"SMD 4B10"},"geometry":{"type":"Polygon","coordinates":[[[-77.00957,38.96391],[-77.00623,38.96067],[-77.00578,38.96128],[-77.00277,38.96127],[-77.00277,38.96052],[-77.00109,38.96054],[-77.00006,38.96015],[-76.99881,38.96106],[-76.99702,38.96167],[-77.00595,38.96864],[-77.00957,38.96391]]]}},{"type":"Feature","properties":{"id":"1D06","name":"SMD 1D06"},"geometry":{"type":"Polygon","coordinates":[[[-77.03806,38.93586],[-77.03812,38.93544],[-77.03882,38.93441],[-77.03884,38.93254],[-77.03646,38.93166],[-77.03646,38.93444],[-77.03424,38.93357],[-77.03273,38.93349],[-77.03326,38.93418],[-77.03543,38.93608],[-77.03622,38.93488],[-77.03705,38.93521],[-77.03692,38.93551],[-77.03806,38.93586]]]}},{"type":"Feature","properties":{"id":"1D07","name":"SMD 1D07"},"geometry":{"type":"Polygon","coordinates":[[[-77.03273,38.93709],[-77.03414,38.93742],[-77.03645,38.93743],[-77.03645,38.93497],[-77.03622,38.93488],[-77.03543,38.93608],[-77.03273,38.93359],[-77.03273,38.93709]]]}},{"type":"Feature","properties":{"id":"2A01","name":"SMD 2A01"},"geometry":{"type":"Polygon","coordinates":[[[-77.03366,38.8921],[-77.03948,38.89211],[-77.03947,38.89736],[-77.04667,38.89736],[-77.04667,38.89603],[-77.05012,38.89603],[-77.05015,38.88953],[-77.05084,38.88901],[-77.06174,38.88509],[-77.06088,38.88398],[-77.061,38.88393],[-77.0597,38.88175],[-77.05878,38.88054],[-77.0579,38.88027],[-77.05628,38.88041],[-77.05526,38.88029],[-77.05461,38.88006],[-77.05396,38.87953],[-77.05366,38.87913],[-77.05375,38.87888],[-77.05354,38.87901],[-77.05322,38.87845],[-77.05153,38.87657],[-77.05142,38.87611],[-77.0517,38.87469],[-77.05169,38.87391],[-77.05082,38.87233],[-77.05031,38.87172],[-77.0492,38.87129],[-77.04688,38.8718],[-77.04623,38.87238],[-77.04653,38.87303],[-77.04638,38.87395],[-77.04709,38.87458],[-77.04721,38.87492],[-77.04704,38.87516],[-77.04626,38.87557],[-77.0457,38.87556],[-77.04381,38.87424],[-77.03919,38.87897],[-77.03797,38.87947],[-77.03536,38.87985],[-77.03451,38.88031],[-77.03216,38.88345],[-77.03199,38.88438],[-77.03195,38.88758],[-77.03369,38.88778],[-77.03359,38.88813],[-77.03302,38.88884],[-77.03287,38.8895],[-77.03305,38.89016],[-77.03363,38.8911],[-77.03366,38.8921]]]}},{"type":"Feature","properties":{"id":"6A04","name":"SMD 6A04"},"geometry":{"type":"Polygon","coordinates":[[[-76.98456,38.89212],[-76.98835,38.89201],[-76.98711,38.89358],[-76.99154,38.89359],[-76.99154,38.88981],[-76.98365,38.88981],[-76.98365,38.89249],[-76.98456,38.89212]]]}},{"type":"Feature","properties":{"id":"6A03","name":"SMD 6A03"},"geometry":{"type":"Polygon","coordinates":[[[-76.99617,38.89892],[-76.99617,38.89495],[-76.99666,38.89475],[-76.99025,38.89479],[-76.99025,38.89736],[-76.99153,38.89734],[-76.99153,38.89892],[-76.99617,38.89892]]]}},{"type":"Feature","properties":{"id":"4C01","name":"SMD 4C01"},"geometry":{"type":"Polygon","coordinates":[[[-77.0233,38.94087],[-77.0235,38.94516],[-77.0317,38.94507],[-77.03218,38.94392],[-77.03484,38.94084],[-77.0233,38.94087]]]}},{"type":"Feature","properties":{"id":"4C02","name":"SMD 4C02"},"geometry":{"type":"Polygon","coordinates":[[[-77.03273,38.94081],[-77.03273,38.93869],[-77.02319,38.93873],[-77.0233,38.94087],[-77.03273,38.94081]]]}},{"type":"Feature","properties":{"id":"2G03","name":"SMD 2G03"},"geometry":{"type":"Polygon","coordinates":[[[-77.02192,38.91226],[-77.02192,38.90965],[-77.01893,38.90965],[-77.01894,38.90724],[-77.01544,38.90724],[-77.01778,38.91377],[-77.02192,38.91226]]]}},{"type":"Feature","properties":{"id":"2G04","name":"SMD 2G04"},"geometry":{"type":"Polygon","coordinates":[[[-77.02397,38.90858],[-77.02599,38.90858],[-77.02598,38.90418],[-77.02402,38.90418],[-77.02397,38.90858]]]}},{"type":"Feature","properties":{"id":"7B09","name":"SMD 7B09"},"geometry":{"type":"Polygon","coordinates":[[[-76.95341,38.88759],[-76.95608,38.88759],[-76.95607,38.8868],[-76.96494,38.8869],[-76.96542,38.88638],[-76.96904,38.88362],[-76.95627,38.88364],[-76.95415,38.88583],[-76.95394,38.88679],[-76.95341,38.88759]]]}},{"type":"Feature","properties":{"id":"6C01","name":"SMD 6C01"},"geometry":{"type":"Polygon","coordinates":[[[-76.99617,38.90021],[-76.99617,38.90531],[-76.99834,38.90624],[-76.99844,38.90565],[-76.99951,38.90565],[-76.99951,38.90374],[-77.00057,38.90373],[-77.00057,38.90252],[-76.99845,38.90252],[-76.99844,38.90021],[-76.99617,38.90021]]]}},{"type":"Feature","properties":{"id":"6C02","name":"SMD 6C02"},"geometry":{"type":"Polygon","coordinates":[[[-76.99854,38.89406],[-76.99951,38.89409],[-76.99951,38.89613],[-77.00204,38.89613],[-77.00204,38.89673],[-77.00255,38.89673],[-77.00255,38.8965],[-77.00299,38.8965],[-77.00299,38.89681],[-77.00351,38.89681],[-77.00351,38.89734],[-77.00477,38.89735],[-77.00498,38.8967],[-77.0054,38.89647],[-77.00566,38.89608],[-77.00671,38.89592],[-77.00738,38.8962],[-77.00794,38.89699],[-77.00907,38.89748],[-77.00906,38.89511],[-77.01318,38.8921],[-77.01557,38.89207],[-77.01639,38.89179],[-77.01519,38.89146],[-77.01519,38.88981],[-76.99952,38.88982],[-76.99951,38.89309],[-77.00061,38.89309],[-76.99854,38.89406]]]}},{"type":"Feature","properties":{"id":"6C04","name":"SMD 6C04"},"geometry":{"type":"Polygon","coordinates":[[[-77.00204,38.89613],[-76.99951,38.89613],[-76.99951,38.90021],[-77.0067,38.90022],[-77.00776,38.89708],[-77.00778,38.89687],[-77.00738,38.8962],[-77.00671,38.89592],[-77.00582,38.896],[-77.00498,38.8967],[-77.00477,38.89735],[-77.00351,38.89734],[-77.00351,38.89681],[-77.00299,38.89681],[-77.00299,38.8965],[-77.00255,38.8965],[-77.00255,38.89673],[-77.00204,38.89673],[-77.00204,38.89613]]]}},{"type":"Feature","properties":{"id":"7D09","name":"SMD 7D09"},"geometry":{"type":"Polygon","coordinates":[[[-76.97726,38.88868],[-76.979,38.88868],[-76.979,38.8892],[-76.98077,38.8892],[-76.98077,38.88981],[-76.98365,38.88981],[-76.98365,38.88662],[-76.98308,38.88639],[-76.98289,38.88613],[-76.98222,38.88613],[-76.98222,38.88655],[-76.97726,38.88454],[-76.97726,38.88868]]]}},{"type":"Feature","properties":{"id":"7D08","name":"SMD 7D08"},"geometry":{"type":"Polygon","coordinates":[[[-76.98365,38.89351],[-76.98365,38.88981],[-76.98077,38.88981],[-76.98077,38.8892],[-76.979,38.8892],[-76.979,38.88868],[-76.97726,38.88868],[-76.97726,38.88981],[-76.97629,38.89012],[-76.97433,38.89013],[-76.97399,38.8903],[-76.97384,38.89059],[-76.97402,38.892],[-76.97444,38.89276],[-76.97515,38.8933],[-76.97726,38.89331],[-76.97726,38.89378],[-76.98221,38.89378],[-76.98222,38.89333],[-76.9831,38.89334],[-76.98365,38.89351]]]}},{"type":"Feature","properties":{"id":"7E06","name":"SMD 7E06"},"geometry":{"type":"Polygon","coordinates":[[[-76.9215,38.88332],[-76.91845,38.88569],[-76.92108,38.8863],[-76.9238,38.8866],[-76.9249,38.88707],[-76.92679,38.8883],[-76.92761,38.88866],[-76.9284,38.88502],[-76.92615,38.88471],[-76.92674,38.88201],[-76.9245,38.88171],[-76.92404,38.88374],[-76.9215,38.88332]]]}},{"type":"Feature","properties":{"id":"6B04","name":"SMD 6B04"},"geometry":{"type":"Polygon","coordinates":[[[-76.99025,38.88604],[-76.99497,38.88604],[-76.99498,38.878],[-76.99368,38.87764],[-76.99368,38.87785],[-76.99341,38.878],[-76.99207,38.87758],[-76.99154,38.87758],[-76.99153,38.88127],[-76.99025,38.88127],[-76.99025,38.88604]]]}},{"type":"Feature","properties":{"id":"6B05","name":"SMD 6B05"},"geometry":{"type":"Polygon","coordinates":[[[-76.99845,38.88982],[-76.99845,38.88869],[-76.99618,38.88868],[-76.99618,38.8876],[-76.99496,38.8876],[-76.99497,38.88604],[-76.99025,38.88604],[-76.99024,38.88866],[-76.99153,38.88866],[-76.99154,38.88981],[-76.99845,38.88982]]]}},{"type":"Feature","properties":{"id":"5D03","name":"SMD 5D03"},"geometry":{"type":"Polygon","coordinates":[[[-76.99314,38.90401],[-76.98518,38.90066],[-76.98393,38.90243],[-76.98541,38.90306],[-76.98477,38.90398],[-76.9904,38.90639],[-76.99314,38.90401]]]}},{"type":"Feature","properties":{"id":"6B06","name":"SMD 6B06"},"geometry":{"type":"Polygon","coordinates":[[[-76.98366,38.88613],[-76.98365,38.88981],[-76.99154,38.88981],[-76.99153,38.88866],[-76.99024,38.88866],[-76.99024,38.88544],[-76.98551,38.88671],[-76.98551,38.88613],[-76.98366,38.88613]]]}},{"type":"Feature","properties":{"id":"7D02","name":"SMD 7D02"},"geometry":{"type":"Polygon","coordinates":[[[-76.95296,38.90528],[-76.95117,38.90567],[-76.95017,38.90481],[-76.95079,38.90358],[-76.94746,38.90076],[-76.9453,38.90243],[-76.9454,38.90276],[-76.94822,38.90535],[-76.94984,38.90751],[-76.95078,38.90814],[-76.95146,38.90827],[-76.95212,38.90815],[-76.95348,38.90722],[-76.95358,38.90681],[-76.95296,38.90528]]]}},{"type":"Feature","properties":{"id":"7E01","name":"SMD 7E01"},"geometry":{"type":"Polygon","coordinates":[[[-76.94577,38.88088],[-76.94465,38.87878],[-76.94312,38.87716],[-76.94143,38.87642],[-76.93698,38.87394],[-76.93678,38.87495],[-76.93691,38.87589],[-76.9372,38.87659],[-76.9391,38.87953],[-76.93936,38.88224],[-76.93684,38.88258],[-76.93644,38.88291],[-76.93643,38.88338],[-76.93851,38.88313],[-76.94174,38.88327],[-76.94349,38.88179],[-76.94577,38.88088]]]}},{"type":"Feature","properties":{"id":"7E02","name":"SMD 7E02"},"geometry":{"type":"Polygon","coordinates":[[[-76.93926,38.88021],[-76.939,38.87932],[-76.93697,38.87608],[-76.93678,38.87504],[-76.93698,38.87394],[-76.93494,38.87286],[-76.928,38.87826],[-76.92819,38.87839],[-76.93158,38.87867],[-76.93304,38.8815],[-76.93621,38.88023],[-76.93926,38.88021]]]}},{"type":"Feature","properties":{"id":"7E03","name":"SMD 7E03"},"geometry":{"type":"Polygon","coordinates":[[[-76.93304,38.8815],[-76.93158,38.87867],[-76.92819,38.87839],[-76.928,38.87826],[-76.9215,38.88332],[-76.92404,38.88374],[-76.9245,38.88171],[-76.92674,38.88201],[-76.92659,38.88268],[-76.92884,38.88299],[-76.92925,38.88112],[-76.93052,38.88118],[-76.93138,38.88147],[-76.93192,38.88136],[-76.93241,38.88164],[-76.93304,38.8815]]]}},{"type":"Feature","properties":{"id":"7E04","name":"SMD 7E04"},"geometry":{"type":"Polygon","coordinates":[[[-76.93688,38.88824],[-76.9351,38.88415],[-76.93304,38.8815],[-76.93241,38.88164],[-76.93192,38.88136],[-76.93138,38.88147],[-76.93052,38.88118],[-76.92925,38.88112],[-76.92884,38.88299],[-76.9311,38.88329],[-76.93065,38.88531],[-76.93294,38.88563],[-76.93251,38.88772],[-76.93288,38.88794],[-76.93437,38.88977],[-76.93609,38.88978],[-76.93604,38.88876],[-76.93568,38.88805],[-76.93688,38.88824]]]}},{"type":"Feature","properties":{"id":"7E05","name":"SMD 7E05"},"geometry":{"type":"Polygon","coordinates":[[[-76.93437,38.88977],[-76.93288,38.88794],[-76.93251,38.88772],[-76.93294,38.88563],[-76.93065,38.88531],[-76.9311,38.88329],[-76.92659,38.88268],[-76.92615,38.88471],[-76.9284,38.88502],[-76.92761,38.88866],[-76.92973,38.88934],[-76.93015,38.88977],[-76.93437,38.88977]]]}},{"type":"Feature","properties":{"id":"5D06","name":"SMD 5D06"},"geometry":{"type":"Polygon","coordinates":[[[-76.98551,38.9043],[-76.98477,38.90398],[-76.98541,38.90306],[-76.98088,38.90117],[-76.97622,38.90308],[-76.97622,38.90372],[-76.97899,38.90372],[-76.97899,38.90438],[-76.98059,38.90441],[-76.97998,38.90537],[-76.98083,38.90569],[-76.98137,38.90484],[-76.98218,38.90515],[-76.9828,38.90418],[-76.98495,38.90509],[-76.98551,38.9043]]]}},{"type":"Feature","properties":{"id":"6C05","name":"SMD 6C05"},"geometry":{"type":"Polygon","coordinates":[[[-76.99617,38.90021],[-76.99844,38.90021],[-76.99845,38.89892],[-76.99951,38.89892],[-76.99951,38.89409],[-76.9982,38.89412],[-76.99617,38.89495],[-76.99617,38.90021]]]}},{"type":"Feature","properties":{"id":"4A05","name":"SMD 4A05"},"geometry":{"type":"Polygon","coordinates":[[[-77.02771,38.96496],[-77.02748,38.96754],[-77.02783,38.96735],[-77.02969,38.96758],[-77.02969,38.96686],[-77.03639,38.96686],[-77.03639,38.96543],[-77.03342,38.96544],[-77.03342,38.96402],[-77.03138,38.96436],[-77.03005,38.96439],[-77.02973,38.96503],[-77.02771,38.96496]]]}},{"type":"Feature","properties":{"id":"8D08","name":"SMD 8D08"},"geometry":{"type":"Polygon","coordinates":[[[-77.00241,38.83793],[-77.00603,38.83803],[-77.00589,38.83791],[-77.00589,38.83121],[-77.00373,38.83098],[-77.00057,38.83097],[-77.00057,38.83492],[-77.00076,38.8363],[-77.00106,38.83614],[-77.00241,38.83793]]]}},{"type":"Feature","properties":{"id":"7B06","name":"SMD 7B06"},"geometry":{"type":"Polygon","coordinates":[[[-76.94667,38.86371],[-76.95133,38.8656],[-76.95374,38.86473],[-76.95359,38.86433],[-76.95359,38.86262],[-76.95451,38.86286],[-76.95544,38.86286],[-76.959,38.86193],[-76.95892,38.85628],[-76.95861,38.85541],[-76.95804,38.85486],[-76.94667,38.86371]]]}},{"type":"Feature","properties":{"id":"7B07","name":"SMD 7B07"},"geometry":{"type":"Polygon","coordinates":[[[-76.94352,38.87078],[-76.95293,38.87461],[-76.95374,38.87461],[-76.9538,38.87393],[-76.95706,38.87394],[-76.95751,38.87424],[-76.95754,38.87461],[-76.95884,38.87463],[-76.95886,38.87568],[-76.96117,38.87566],[-76.961,38.87432],[-76.95712,38.87216],[-76.95704,38.87155],[-76.95656,38.87033],[-76.95758,38.86996],[-76.95857,38.86856],[-76.94754,38.86405],[-76.94684,38.86521],[-76.94684,38.86741],[-76.9465,38.86778],[-76.94812,38.86889],[-76.94729,38.86955],[-76.94623,38.8701],[-76.94352,38.87078]]]}},{"type":"Feature","properties":{"id":"7D01","name":"SMD 7D01"},"geometry":{"type":"Polygon","coordinates":[[[-76.93395,38.91235],[-76.94186,38.91854],[-76.94373,38.91687],[-76.94558,38.91551],[-76.94639,38.91512],[-76.94731,38.91496],[-76.95242,38.91482],[-76.95337,38.91449],[-76.95373,38.91393],[-76.95392,38.91209],[-76.9543,38.91116],[-76.95621,38.90888],[-76.95721,38.90747],[-76.95792,38.90613],[-76.95688,38.9056],[-76.95625,38.90556],[-76.9557,38.90597],[-76.9537,38.90665],[-76.95342,38.90729],[-76.95237,38.90805],[-76.95166,38.90825],[-76.9509,38.90818],[-76.94984,38.90751],[-76.94822,38.90535],[-76.9454,38.90276],[-76.94535,38.90224],[-76.94493,38.90179],[-76.94458,38.90157],[-76.94337,38.90133],[-76.94261,38.90194],[-76.94372,38.9024],[-76.93995,38.90555],[-76.93395,38.91235]]]}},{"type":"Feature","properties":{"id":"5A01","name":"SMD 5A01"},"geometry":{"type":"Polygon","coordinates":[[[-76.98879,38.95524],[-76.99144,38.9573],[-76.99763,38.95721],[-76.99861,38.95679],[-76.99956,38.95578],[-77.00028,38.9553],[-76.99682,38.95264],[-76.99209,38.9536],[-76.99069,38.9536],[-76.98896,38.95336],[-76.98875,38.95407],[-76.98952,38.95468],[-76.98879,38.95524]]]}},{"type":"Feature","properties":{"id":"1C09","name":"SMD 1C09"},"geometry":{"type":"Polygon","coordinates":[[[-77.03889,38.92136],[-77.03649,38.92274],[-77.03649,38.92653],[-77.03915,38.92495],[-77.03889,38.92136]]]}},{"type":"Feature","properties":{"id":"1C02","name":"SMD 1C02"},"geometry":{"type":"Polygon","coordinates":[[[-77.04478,38.91906],[-77.04554,38.92065],[-77.04806,38.92052],[-77.04906,38.91933],[-77.04869,38.91883],[-77.0476,38.91844],[-77.04635,38.916],[-77.04607,38.91703],[-77.04478,38.91906]]]}},{"type":"Feature","properties":{"id":"1E07","name":"SMD 1E07"},"geometry":{"type":"Polygon","coordinates":[[[-77.01543,38.92209],[-77.017,38.92271],[-77.0172,38.92255],[-77.01701,38.92148],[-77.01818,38.92137],[-77.01803,38.92037],[-77.02192,38.92],[-77.02206,38.92097],[-77.0231,38.92087],[-77.02296,38.9199],[-77.02392,38.91985],[-77.02389,38.91906],[-77.02342,38.919],[-77.02344,38.91777],[-77.0219,38.91777],[-77.0219,38.91798],[-77.01894,38.91827],[-77.0191,38.91926],[-77.0148,38.91967],[-77.01494,38.92068],[-77.01371,38.92091],[-77.01271,38.92131],[-77.01215,38.92131],[-77.01215,38.92348],[-77.01298,38.92344],[-77.01343,38.92231],[-77.01389,38.92206],[-77.01543,38.92209]]]}},{"type":"Feature","properties":{"id":"2C04","name":"SMD 2C04"},"geometry":{"type":"Polygon","coordinates":[[[-77.02405,38.90294],[-77.02963,38.90484],[-77.02963,38.90253],[-77.02704,38.90253],[-77.02704,38.89982],[-77.02192,38.89982],[-77.02192,38.90211],[-77.02399,38.9021],[-77.02405,38.90294]]]}},{"type":"Feature","properties":{"id":"2D02","name":"SMD 2D02"},"geometry":{"type":"Polygon","coordinates":[[[-77.05323,38.91404],[-77.05826,38.91772],[-77.05837,38.91762],[-77.05872,38.91695],[-77.05891,38.9163],[-77.05877,38.9155],[-77.05561,38.91342],[-77.05522,38.91295],[-77.05251,38.91194],[-77.05005,38.90964],[-77.04934,38.90964],[-77.04891,38.91065],[-77.04886,38.91144],[-77.04753,38.91264],[-77.04688,38.91376],[-77.04617,38.91439],[-77.04635,38.916],[-77.04705,38.91578],[-77.0474,38.91657],[-77.05055,38.91565],[-77.0526,38.91558],[-77.0526,38.9141],[-77.05323,38.91404]]]}},{"type":"Feature","properties":{"id":"1C04","name":"SMD 1C04"},"geometry":{"type":"Polygon","coordinates":[[[-77.04629,38.92234],[-77.04318,38.9223],[-77.04269,38.92267],[-77.04297,38.92314],[-77.0437,38.92324],[-77.04367,38.92344],[-77.04469,38.92403],[-77.04256,38.92547],[-77.04333,38.9255],[-77.04372,38.92569],[-77.04461,38.92516],[-77.04421,38.92612],[-77.0426,38.92756],[-77.04337,38.92798],[-77.04457,38.9281],[-77.04479,38.92671],[-77.046,38.92596],[-77.0463,38.92596],[-77.0467,38.92609],[-77.04705,38.92672],[-77.04817,38.92733],[-77.04906,38.92806],[-77.0497,38.92807],[-77.04984,38.92755],[-77.04943,38.92553],[-77.04891,38.92499],[-77.04873,38.92452],[-77.04855,38.92284],[-77.04881,38.92233],[-77.05022,38.92131],[-77.04906,38.91933],[-77.04806,38.92052],[-77.04554,38.92065],[-77.04629,38.92234]]]}},{"type":"Feature","properties":{"id":"1C05","name":"SMD 1C05"},"geometry":{"type":"Polygon","coordinates":[[[-77.04014,38.92436],[-77.04109,38.92523],[-77.04161,38.92548],[-77.04155,38.92615],[-77.04123,38.92615],[-77.04042,38.92663],[-77.04122,38.92687],[-77.04122,38.92719],[-77.04187,38.92723],[-77.0426,38.92756],[-77.04421,38.92612],[-77.04461,38.92516],[-77.04372,38.92569],[-77.04333,38.9255],[-77.04256,38.92547],[-77.04469,38.92403],[-77.04367,38.92344],[-77.0437,38.92324],[-77.04297,38.92314],[-77.04269,38.92267],[-77.04014,38.92436]]]}},{"type":"Feature","properties":{"id":"2D01","name":"SMD 2D01"},"geometry":{"type":"Polygon","coordinates":[[[-77.04869,38.91883],[-77.05022,38.92131],[-77.05122,38.91978],[-77.05222,38.91961],[-77.05304,38.92004],[-77.05352,38.92012],[-77.05467,38.91989],[-77.05534,38.919],[-77.05629,38.9186],[-77.05713,38.91845],[-77.0582,38.91768],[-77.05323,38.91404],[-77.0526,38.9141],[-77.0526,38.91558],[-77.05055,38.91565],[-77.0474,38.91657],[-77.04705,38.91578],[-77.04635,38.916],[-77.0476,38.91844],[-77.04869,38.91883]]]}},{"type":"Feature","properties":{"id":"5E01","name":"SMD 5E01"},"geometry":{"type":"Polygon","coordinates":[[[-77.01478,38.90537],[-77.00906,38.90736],[-77.00905,38.91038],[-77.01518,38.91039],[-77.01519,38.91113],[-77.01683,38.91113],[-77.01478,38.90537]]]}},{"type":"Feature","properties":{"id":"5A02","name":"SMD 5A02"},"geometry":{"type":"Polygon","coordinates":[[[-76.98558,38.94426],[-76.98168,38.94424],[-76.98168,38.94526],[-76.97886,38.94526],[-76.97826,38.946],[-76.97755,38.94646],[-76.98879,38.95524],[-76.98952,38.95468],[-76.98875,38.95407],[-76.98896,38.95336],[-76.9884,38.95325],[-76.98926,38.95242],[-76.99055,38.95241],[-76.99058,38.94788],[-76.98558,38.94426]]]}},{"type":"Feature","properties":{"id":"5A03","name":"SMD 5A03"},"geometry":{"type":"Polygon","coordinates":[[[-76.99263,38.94287],[-76.98567,38.94287],[-76.98565,38.94257],[-76.98333,38.94256],[-76.99111,38.94827],[-76.99496,38.94827],[-76.99495,38.94628],[-77.00005,38.94628],[-76.99764,38.94074],[-76.99264,38.94073],[-76.99263,38.94287]]]}},{"type":"Feature","properties":{"id":"6C06","name":"SMD 6C06"},"geometry":{"type":"Polygon","coordinates":[[[-76.99845,38.90252],[-77.00448,38.90252],[-77.00564,38.90021],[-76.99951,38.90021],[-76.99951,38.89892],[-76.99845,38.89892],[-76.99845,38.90252]]]}},{"type":"Feature","properties":{"id":"6C07","name":"SMD 6C07"},"geometry":{"type":"Polygon","coordinates":[[[-77.00448,38.90252],[-77.00057,38.90252],[-77.00057,38.90373],[-76.99951,38.90374],[-76.99951,38.90565],[-76.99844,38.90565],[-76.99834,38.90624],[-77.00253,38.90802],[-77.00448,38.90252]]]}},{"type":"Feature","properties":{"id":"6B01","name":"SMD 6B01"},"geometry":{"type":"Polygon","coordinates":[[[-77.00562,38.88052],[-77.00324,38.88054],[-77.00206,38.88021],[-77.00205,38.87998],[-77.00058,38.87957],[-77.00058,38.88604],[-77.00352,38.88605],[-77.00352,38.88982],[-77.01519,38.88981],[-77.01518,38.88757],[-77.01374,38.88757],[-77.01219,38.88491],[-77.01218,38.88422],[-77.01247,38.88336],[-77.01294,38.88285],[-77.01358,38.8825],[-77.01114,38.88225],[-77.00906,38.88168],[-77.00906,38.88154],[-77.00793,38.88118],[-77.00574,38.88085],[-77.00562,38.88052]]]}},{"type":"Feature","properties":{"id":"6B02","name":"SMD 6B02"},"geometry":{"type":"Polygon","coordinates":[[[-77.00352,38.88982],[-77.00352,38.88605],[-77.00058,38.88604],[-77.00052,38.88557],[-76.99952,38.88555],[-76.99952,38.88428],[-76.99618,38.88428],[-76.99618,38.88468],[-76.99496,38.88461],[-76.99496,38.8876],[-76.99618,38.8876],[-76.99618,38.88868],[-76.99845,38.88869],[-76.99845,38.88982],[-77.00352,38.88982]]]}},{"type":"Feature","properties":{"id":"6B03","name":"SMD 6B03"},"geometry":{"type":"Polygon","coordinates":[[[-77.00058,38.88561],[-77.00058,38.87957],[-76.99498,38.878],[-76.99496,38.88461],[-76.99618,38.88468],[-76.99618,38.88428],[-76.99952,38.88428],[-76.99952,38.88555],[-77.00058,38.88561]]]}},{"type":"Feature","properties":{"id":"8D07","name":"SMD 8D07"},"geometry":{"type":"Polygon","coordinates":[[[-77.01259,38.82866],[-77.01677,38.82838],[-77.01641,38.8293],[-77.01567,38.83037],[-77.01636,38.8303],[-77.01681,38.82979],[-77.01721,38.83009],[-77.021,38.82931],[-77.02122,38.83016],[-77.02044,38.83177],[-77.02057,38.83198],[-77.02127,38.83227],[-77.02149,38.83275],[-77.02073,38.83306],[-77.02106,38.83375],[-77.02101,38.83452],[-77.02068,38.8351],[-77.01817,38.83782],[-77.01729,38.83983],[-77.02192,38.84091],[-77.03316,38.84437],[-77.03391,38.8428],[-77.03401,38.84172],[-77.03428,38.84114],[-77.03419,38.84094],[-77.03454,38.84081],[-77.0346,38.84011],[-77.03618,38.83957],[-77.03662,38.83958],[-77.03681,38.83941],[-77.03894,38.83926],[-77.04036,38.83933],[-77.04105,38.83962],[-77.04179,38.83953],[-77.04302,38.83979],[-77.04336,38.84056],[-77.04386,38.8402],[-77.04468,38.84022],[-77.04557,38.84098],[-77.04607,38.84118],[-77.0479,38.84127],[-77.04748,38.84065],[-77.04639,38.8405],[-77.04589,38.84012],[-77.04585,38.84001],[-77.04602,38.83998],[-77.04638,38.84011],[-77.0465,38.83993],[-77.04619,38.83926],[-77.04537,38.83851],[-77.04539,38.83723],[-77.04505,38.83609],[-77.04559,38.83585],[-77.04518,38.8359],[-77.04505,38.83576],[-77.04477,38.83457],[-77.04424,38.83354],[-77.04445,38.83336],[-77.04449,38.83316],[-77.04414,38.83347],[-77.04383,38.83337],[-77.0439,38.83314],[-77.04327,38.83144],[-77.04269,38.83112],[-77.04194,38.83149],[-77.04258,38.83332],[-77.04234,38.83364],[-77.04191,38.83371],[-77.03915,38.83208],[-77.03794,38.83048],[-77.0378,38.82948],[-77.03881,38.82465],[-77.03903,38.82429],[-77.04012,38.82363],[-77.04105,38.82335],[-77.04072,38.82211],[-77.03991,38.82183],[-77.03958,38.82148],[-77.03997,38.82065],[-77.03974,38.82002],[-77.03903,38.81948],[-77.02664,38.81993],[-77.02004,38.82072],[-77.01786,38.82089],[-77.0176,38.82079],[-77.01737,38.82358],[-77.01683,38.82386],[-77.0127,38.82304],[-77.01208,38.82187],[-77.01156,38.82283],[-77.01224,38.82439],[-77.00843,38.82443],[-77.00796,38.82468],[-77.0078,38.82517],[-77.01253,38.82525],[-77.01259,38.82866]]]}},{"type":"Feature","properties":{"id":"8E02","name":"SMD 8E02"},"geometry":{"type":"Polygon","coordinates":[[[-76.96702,38.8484],[-76.96653,38.84823],[-76.96543,38.84909],[-76.9671,38.84902],[-76.96885,38.84923],[-76.97094,38.84996],[-76.97283,38.8512],[-76.97421,38.85099],[-76.97421,38.84932],[-76.9756,38.84863],[-76.97715,38.84703],[-76.97626,38.84383],[-76.97386,38.84392],[-76.97384,38.84445],[-76.97413,38.84498],[-76.97427,38.84572],[-76.97388,38.84659],[-76.97387,38.84698],[-76.97134,38.84795],[-76.9688,38.84835],[-76.96702,38.8484]]]}},{"type":"Feature","properties":{"id":"6B07","name":"SMD 6B07"},"geometry":{"type":"Polygon","coordinates":[[[-76.98366,38.88284],[-76.98366,38.88613],[-76.98551,38.88613],[-76.98551,38.88671],[-76.99024,38.88544],[-76.99024,38.88226],[-76.98596,38.88051],[-76.98551,38.88058],[-76.98551,38.88285],[-76.98366,38.88284]]]}},{"type":"Feature","properties":{"id":"6B08","name":"SMD 6B08"},"geometry":{"type":"Polygon","coordinates":[[[-76.99154,38.87649],[-76.99136,38.87345],[-76.99092,38.87248],[-76.99013,38.87143],[-76.98729,38.8732],[-76.98437,38.8747],[-76.98233,38.87556],[-76.97798,38.87686],[-76.9793,38.87752],[-76.97986,38.87806],[-76.98005,38.87881],[-76.98058,38.87911],[-76.98123,38.879],[-76.98176,38.87829],[-76.982,38.8784],[-76.98831,38.87841],[-76.98831,38.88146],[-76.99024,38.88226],[-76.99025,38.88127],[-76.99153,38.88127],[-76.99154,38.87649]]]}},{"type":"Feature","properties":{"id":"7B05","name":"SMD 7B05"},"geometry":{"type":"Polygon","coordinates":[[[-76.96229,38.85192],[-76.96177,38.85194],[-76.95804,38.85486],[-76.95861,38.85541],[-76.95891,38.8562],[-76.959,38.86193],[-76.96232,38.86162],[-76.96701,38.85988],[-76.9682,38.85891],[-76.96778,38.8577],[-76.96551,38.85459],[-76.96302,38.85217],[-76.96229,38.85192]]]}},{"type":"Feature","properties":{"id":"6B09","name":"SMD 6B09"},"geometry":{"type":"Polygon","coordinates":[[[-76.98831,38.87841],[-76.982,38.8784],[-76.98176,38.87829],[-76.98123,38.879],[-76.98058,38.87911],[-76.98005,38.87881],[-76.97986,38.87806],[-76.9793,38.87752],[-76.97798,38.87686],[-76.97437,38.87792],[-76.97342,38.87838],[-76.97275,38.87888],[-76.97097,38.88143],[-76.97647,38.88144],[-76.97647,38.88275],[-76.979,38.88284],[-76.979,38.88298],[-76.98366,38.88109],[-76.98366,38.88284],[-76.98551,38.88285],[-76.98551,38.88058],[-76.98596,38.88051],[-76.98831,38.88146],[-76.98831,38.87841]]]}},{"type":"Feature","properties":{"id":"7B04","name":"SMD 7B04"},"geometry":{"type":"Polygon","coordinates":[[[-76.95296,38.87461],[-76.96082,38.87783],[-76.96146,38.87758],[-76.96202,38.87782],[-76.96778,38.87495],[-76.96777,38.87232],[-76.95857,38.86856],[-76.95758,38.86996],[-76.95656,38.87033],[-76.95704,38.87155],[-76.95712,38.87216],[-76.961,38.87432],[-76.96117,38.87566],[-76.95886,38.87568],[-76.95884,38.87463],[-76.95754,38.87461],[-76.95751,38.87424],[-76.95706,38.87394],[-76.9538,38.87393],[-76.95374,38.87461],[-76.95296,38.87461]]]}},{"type":"Feature","properties":{"id":"7B08","name":"SMD 7B08"},"geometry":{"type":"Polygon","coordinates":[[[-76.93494,38.87286],[-76.94143,38.87642],[-76.94312,38.87716],[-76.94465,38.87878],[-76.94577,38.88088],[-76.94713,38.88026],[-76.94829,38.87947],[-76.94891,38.87869],[-76.94921,38.87773],[-76.94905,38.87676],[-76.94809,38.8746],[-76.94815,38.87408],[-76.94868,38.87288],[-76.94352,38.87078],[-76.94623,38.8701],[-76.94729,38.86955],[-76.94812,38.86889],[-76.9465,38.86778],[-76.94684,38.86741],[-76.94684,38.86521],[-76.94754,38.86405],[-76.94667,38.86371],[-76.93494,38.87286]]]}},{"type":"Feature","properties":{"id":"7B01","name":"SMD 7B01"},"geometry":{"type":"Polygon","coordinates":[[[-76.96904,38.88362],[-76.97097,38.88143],[-76.97275,38.87888],[-76.97437,38.87792],[-76.97798,38.87686],[-76.97692,38.87584],[-76.97636,38.87494],[-76.97223,38.87273],[-76.97065,38.87347],[-76.96777,38.87232],[-76.96778,38.87495],[-76.96202,38.87782],[-76.96146,38.87758],[-76.96089,38.87785],[-76.94868,38.87288],[-76.94808,38.87448],[-76.94918,38.87725],[-76.94915,38.87808],[-76.94876,38.87893],[-76.95889,38.88169],[-76.9575,38.88364],[-76.96904,38.88362]]]}},{"type":"Feature","properties":{"id":"7B02","name":"SMD 7B02"},"geometry":{"type":"Polygon","coordinates":[[[-76.96477,38.87109],[-76.96479,38.86628],[-76.97021,38.86628],[-76.97077,38.86498],[-76.97082,38.86441],[-76.97065,38.8639],[-76.96945,38.86208],[-76.96877,38.86067],[-76.96815,38.86023],[-76.9682,38.85891],[-76.96701,38.85988],[-76.96221,38.86165],[-76.95865,38.86198],[-76.95535,38.86287],[-76.95446,38.86286],[-76.95359,38.86262],[-76.95359,38.86433],[-76.95374,38.86473],[-76.95133,38.8656],[-76.96477,38.87109]]]}},{"type":"Feature","properties":{"id":"5A04","name":"SMD 5A04"},"geometry":{"type":"Polygon","coordinates":[[[-76.99763,38.94074],[-77.0005,38.94738],[-77.00485,38.94569],[-77.00367,38.94447],[-77.00266,38.94397],[-77.0018,38.94329],[-76.99967,38.94075],[-77.00299,38.94075],[-77.00213,38.93616],[-77.00256,38.93618],[-77.00325,38.93657],[-77.00417,38.93682],[-77.00636,38.9366],[-77.0061,38.93527],[-77.00611,38.93402],[-77.00636,38.93274],[-77.00695,38.93127],[-77.00424,38.93143],[-77.00245,38.93045],[-77.00071,38.93134],[-76.99484,38.93375],[-76.99763,38.94074]]]}},{"type":"Feature","properties":{"id":"8D06","name":"SMD 8D06"},"geometry":{"type":"Polygon","coordinates":[[[-77.00589,38.82921],[-77.00826,38.82916],[-77.00997,38.82868],[-77.01259,38.82866],[-77.01253,38.82525],[-77.00675,38.82515],[-77.00591,38.82414],[-77.00554,38.82469],[-77.00543,38.82526],[-77.00589,38.8279],[-77.00589,38.82921]]]}},{"type":"Feature","properties":{"id":"4E02","name":"SMD 4E02"},"geometry":{"type":"Polygon","coordinates":[[[-77.0364,38.95294],[-77.0364,38.95736],[-77.03343,38.95729],[-77.03343,38.96023],[-77.02967,38.96022],[-77.02852,38.96135],[-77.0348,38.96225],[-77.0392,38.96311],[-77.04089,38.96279],[-77.04344,38.96137],[-77.04181,38.96015],[-77.04067,38.95994],[-77.04051,38.95957],[-77.04109,38.95894],[-77.04133,38.95842],[-77.04212,38.95781],[-77.04233,38.95604],[-77.04209,38.9553],[-77.04215,38.95474],[-77.04407,38.95295],[-77.0364,38.95294]]]}},{"type":"Feature","properties":{"id":"5A06","name":"SMD 5A06"},"geometry":{"type":"Polygon","coordinates":[[[-77.00624,38.94829],[-77.00869,38.94818],[-77.00863,38.9466],[-77.00921,38.9457],[-77.00751,38.94635],[-77.00753,38.94375],[-77.00804,38.94239],[-77.00698,38.94202],[-77.00722,38.9423],[-77.0072,38.94287],[-77.00144,38.94291],[-77.00241,38.9438],[-77.00367,38.94447],[-77.0043,38.94525],[-77.00574,38.9464],[-77.00602,38.94693],[-77.00624,38.94829]]]}},{"type":"Feature","properties":{"id":"4E03","name":"SMD 4E03"},"geometry":{"type":"Polygon","coordinates":[[[-77.02733,38.95081],[-77.02803,38.95622],[-77.03343,38.95622],[-77.03343,38.95729],[-77.0364,38.95736],[-77.03642,38.94975],[-77.03326,38.94975],[-77.03343,38.95001],[-77.03343,38.95081],[-77.02733,38.95081]]]}},{"type":"Feature","properties":{"id":"5D05","name":"SMD 5D05"},"geometry":{"type":"Polygon","coordinates":[[[-76.98137,38.90484],[-76.9796,38.9076],[-76.98376,38.90977],[-76.98314,38.91034],[-76.98509,38.91107],[-76.98578,38.91048],[-76.98756,38.91107],[-76.98784,38.91079],[-76.98777,38.90924],[-76.98747,38.90899],[-76.98829,38.90827],[-76.98678,38.90762],[-76.98629,38.90834],[-76.98351,38.90715],[-76.9844,38.90589],[-76.98228,38.90499],[-76.98218,38.90515],[-76.98137,38.90484]]]}},{"type":"Feature","properties":{"id":"8F04","name":"SMD 8F04"},"geometry":{"type":"Polygon","coordinates":[[[-77.00906,38.87929],[-77.0091,38.87648],[-77.00416,38.87649],[-77.00486,38.87841],[-77.00588,38.87841],[-77.00587,38.87929],[-77.00906,38.87929]]]}},{"type":"Feature","properties":{"id":"3/4G02","name":"SMD 3/4G02"},"geometry":{"type":"Polygon","coordinates":[[[-77.04344,38.96137],[-77.04473,38.96236],[-77.0461,38.96306],[-77.04746,38.9647],[-77.04745,38.96507],[-77.04685,38.96642],[-77.04663,38.96772],[-77.04585,38.96856],[-77.0451,38.96906],[-77.04502,38.96973],[-77.04466,38.97065],[-77.04385,38.97115],[-77.04398,38.97139],[-77.04365,38.9718],[-77.04401,38.9726],[-77.04428,38.97276],[-77.04422,38.97289],[-77.0444,38.97305],[-77.04503,38.97313],[-77.04531,38.97305],[-77.0455,38.97275],[-77.04591,38.97273],[-77.04649,38.97277],[-77.04679,38.97308],[-77.04835,38.9732],[-77.0483,38.97341],[-77.04863,38.97356],[-77.04867,38.97379],[-77.04851,38.97391],[-77.04861,38.97416],[-77.04837,38.97457],[-77.04846,38.97487],[-77.04991,38.975],[-77.05023,38.97481],[-77.05029,38.97512],[-77.05084,38.97523],[-77.05093,38.97554],[-77.05139,38.97568],[-77.05205,38.97637],[-77.05264,38.97649],[-77.05255,38.9771],[-77.05335,38.97722],[-77.05399,38.9775],[-77.05994,38.97284],[-77.06419,38.97285],[-77.06162,38.96925],[-77.06119,38.96767],[-77.06085,38.96704],[-77.05624,38.96378],[-77.0562,38.96102],[-77.05427,38.96116],[-77.05195,38.96187],[-77.05105,38.96194],[-77.05016,38.9617],[-77.04846,38.96063],[-77.04666,38.96037],[-77.04482,38.96069],[-77.04344,38.96137]]]}},{"type":"Feature","properties":{"id":"3/4G01","name":"SMD 3/4G01"},"geometry":{"type":"Polygon","coordinates":[[[-77.04385,38.97115],[-77.04294,38.97125],[-77.04196,38.97096],[-77.04107,38.97121],[-77.04062,38.97165],[-77.04009,38.97185],[-77.0401,38.97256],[-77.03949,38.9742],[-77.04003,38.97487],[-77.03978,38.97529],[-77.03988,38.97626],[-77.04261,38.97787],[-77.04383,38.97824],[-77.04413,38.97939],[-77.04464,38.97992],[-77.04464,38.98013],[-77.04351,38.98073],[-77.04232,38.98008],[-77.04196,38.9801],[-77.04171,38.98054],[-77.04136,38.98053],[-77.04041,38.98109],[-77.03992,38.98184],[-77.03996,38.9824],[-77.04085,38.98317],[-77.04164,38.98329],[-77.04238,38.98397],[-77.04326,38.98404],[-77.0443,38.98387],[-77.04574,38.98413],[-77.04686,38.98472],[-77.04759,38.98542],[-77.04917,38.9856],[-77.04951,38.98619],[-77.05001,38.98605],[-77.05061,38.98628],[-77.05141,38.98614],[-77.05227,38.98631],[-77.05241,38.98649],[-77.05229,38.98694],[-77.05242,38.98702],[-77.0669,38.97572],[-77.06638,38.97548],[-77.06638,38.97285],[-77.05994,38.97284],[-77.05399,38.9775],[-77.05335,38.97722],[-77.05255,38.9771],[-77.05264,38.97649],[-77.05205,38.97637],[-77.05139,38.97568],[-77.05093,38.97554],[-77.05084,38.97523],[-77.05029,38.97512],[-77.05023,38.97481],[-77.04991,38.975],[-77.04846,38.97487],[-77.04837,38.97457],[-77.04861,38.97416],[-77.04851,38.97391],[-77.04867,38.97379],[-77.04863,38.97356],[-77.0483,38.97341],[-77.04835,38.9732],[-77.04679,38.97308],[-77.04649,38.97277],[-77.04591,38.97273],[-77.0455,38.97275],[-77.04531,38.97305],[-77.04492,38.97315],[-77.04432,38.973],[-77.04365,38.9718],[-77.04398,38.97139],[-77.04385,38.97115]]]}},{"type":"Feature","properties":{"id":"1E06","name":"SMD 1E06"},"geometry":{"type":"Polygon","coordinates":[[[-77.02392,38.91985],[-77.02296,38.9199],[-77.0231,38.92087],[-77.02206,38.92097],[-77.02267,38.92517],[-77.02566,38.9249],[-77.0252,38.91994],[-77.02395,38.92005],[-77.02392,38.91985]]]}},{"type":"Feature","properties":{"id":"1E04","name":"SMD 1E04"},"geometry":{"type":"Polygon","coordinates":[[[-77.02622,38.92883],[-77.02594,38.92686],[-77.02045,38.92754],[-77.02005,38.92788],[-77.01941,38.92796],[-77.01787,38.92796],[-77.01675,38.92754],[-77.01751,38.92823],[-77.01824,38.92852],[-77.01795,38.92912],[-77.01828,38.93056],[-77.02182,38.93001],[-77.02337,38.93003],[-77.02323,38.92905],[-77.0247,38.92897],[-77.02464,38.92847],[-77.02562,38.92839],[-77.02585,38.92887],[-77.02622,38.92883]]]}},{"type":"Feature","properties":{"id":"3D01","name":"SMD 3D01"},"geometry":{"type":"Polygon","coordinates":[[[-77.08201,38.92465],[-77.08159,38.92622],[-77.08664,38.9349],[-77.08773,38.93579],[-77.08917,38.93455],[-77.08864,38.93456],[-77.08864,38.93349],[-77.0905,38.93356],[-77.09117,38.93317],[-77.09325,38.93261],[-77.09617,38.93239],[-77.09739,38.93028],[-77.0973,38.92928],[-77.09795,38.92793],[-77.09822,38.92789],[-77.10141,38.92496],[-77.10056,38.92395],[-77.09971,38.92238],[-77.09859,38.92117],[-77.0985,38.91919],[-77.09677,38.91918],[-77.09671,38.92214],[-77.09642,38.92259],[-77.09523,38.92353],[-77.09511,38.92465],[-77.09489,38.92508],[-77.09351,38.92447],[-77.09298,38.92438],[-77.09233,38.92453],[-77.09135,38.92526],[-77.09028,38.92509],[-77.08909,38.92515],[-77.0878,38.92486],[-77.08655,38.92431],[-77.08621,38.9255],[-77.08201,38.92465]]]}},{"type":"Feature","properties":{"id":"3D02","name":"SMD 3D02"},"geometry":{"type":"Polygon","coordinates":[[[-77.09027,38.94111],[-77.09677,38.94585],[-77.09677,38.94127],[-77.09893,38.94127],[-77.09939,38.93862],[-77.10073,38.93694],[-77.10075,38.93669],[-77.10013,38.93623],[-77.09977,38.93572],[-77.10059,38.93561],[-77.10166,38.93443],[-77.10308,38.93429],[-77.10364,38.93379],[-77.1067,38.93225],[-77.10448,38.93155],[-77.10282,38.93153],[-77.10281,38.93029],[-77.09973,38.93023],[-77.09709,38.93256],[-77.09596,38.93237],[-77.09483,38.93239],[-77.09325,38.93261],[-77.09133,38.93312],[-77.0905,38.93356],[-77.08864,38.93349],[-77.08864,38.93456],[-77.09288,38.9346],[-77.09344,38.93498],[-77.0938,38.93574],[-77.09077,38.94106],[-77.09065,38.94119],[-77.09027,38.94111]]]}},{"type":"Feature","properties":{"id":"3D03","name":"SMD 3D03"},"geometry":{"type":"Polygon","coordinates":[[[-77.10792,38.93159],[-77.10364,38.93379],[-77.10308,38.93429],[-77.10166,38.93443],[-77.10059,38.93561],[-77.09977,38.93572],[-77.10013,38.93623],[-77.10075,38.93669],[-77.10073,38.93694],[-77.09939,38.93862],[-77.09893,38.94127],[-77.09677,38.94127],[-77.09677,38.94585],[-77.10061,38.94866],[-77.10048,38.94901],[-77.10073,38.94927],[-77.11252,38.94005],[-77.11195,38.93883],[-77.1121,38.93691],[-77.11199,38.93631],[-77.10992,38.93341],[-77.10792,38.93159]]]}},{"type":"Feature","properties":{"id":"3D04","name":"SMD 3D04"},"geometry":{"type":"Polygon","coordinates":[[[-77.10973,38.9332],[-77.11201,38.93637],[-77.1121,38.93691],[-77.11195,38.93883],[-77.11252,38.94005],[-77.1198,38.93435],[-77.11904,38.9339],[-77.11752,38.9321],[-77.11721,38.93124],[-77.11681,38.93071],[-77.11642,38.92885],[-77.11601,38.92816],[-77.11519,38.92741],[-77.11494,38.92738],[-77.11341,38.92542],[-77.11276,38.92494],[-77.11267,38.92466],[-77.11143,38.92382],[-77.10988,38.92243],[-77.10855,38.92159],[-77.10752,38.92037],[-77.10702,38.91991],[-77.10685,38.91996],[-77.1069,38.91978],[-77.10576,38.91828],[-77.10561,38.91762],[-77.10516,38.91729],[-77.10325,38.9184],[-77.10308,38.91897],[-77.1025,38.91977],[-77.1013,38.92016],[-77.10436,38.9231],[-77.10713,38.92481],[-77.10681,38.92525],[-77.10686,38.92583],[-77.1067,38.92636],[-77.1053,38.92713],[-77.10373,38.9257],[-77.10286,38.9263],[-77.10141,38.92496],[-77.09822,38.92789],[-77.09795,38.92793],[-77.0973,38.92928],[-77.09739,38.93028],[-77.09617,38.93239],[-77.09709,38.93256],[-77.09973,38.93023],[-77.10281,38.93029],[-77.10282,38.93153],[-77.10448,38.93155],[-77.1067,38.93225],[-77.10792,38.93159],[-77.10973,38.9332]]]}},{"type":"Feature","properties":{"id":"3D05","name":"SMD 3D05"},"geometry":{"type":"Polygon","coordinates":[[[-77.10133,38.92019],[-77.10183,38.91989],[-77.10198,38.92002],[-77.1025,38.91977],[-77.10308,38.91897],[-77.10325,38.9184],[-77.10518,38.91724],[-77.10414,38.91593],[-77.10353,38.91432],[-77.10346,38.91333],[-77.10309,38.91278],[-77.10095,38.91125],[-77.09774,38.9134],[-77.09743,38.91341],[-77.09636,38.91413],[-77.09631,38.91455],[-77.09468,38.91564],[-77.09219,38.91637],[-77.08871,38.91645],[-77.08875,38.91917],[-77.09435,38.91919],[-77.09432,38.92239],[-77.09541,38.9227],[-77.09585,38.92299],[-77.09633,38.92267],[-77.09677,38.92189],[-77.09677,38.91918],[-77.0985,38.91919],[-77.09862,38.92123],[-77.09973,38.92241],[-77.1007,38.92414],[-77.10276,38.92622],[-77.10286,38.9263],[-77.10373,38.9257],[-77.1053,38.92713],[-77.1067,38.92636],[-77.10686,38.92583],[-77.10681,38.92525],[-77.10713,38.92481],[-77.10436,38.9231],[-77.10133,38.92019]]]}},{"type":"Feature","properties":{"id":"3D06","name":"SMD 3D06"},"geometry":{"type":"Polygon","coordinates":[[[-77.09468,38.91564],[-77.09631,38.91455],[-77.09636,38.91413],[-77.09743,38.91341],[-77.09774,38.9134],[-77.10095,38.91125],[-77.09659,38.90761],[-77.09501,38.90688],[-77.09346,38.90583],[-77.09168,38.90514],[-77.09137,38.90488],[-77.09103,38.90494],[-77.09057,38.90456],[-77.08813,38.90338],[-77.08765,38.90335],[-77.08752,38.90318],[-77.08698,38.90322],[-77.08666,38.90298],[-77.0851,38.90261],[-77.084,38.90262],[-77.08279,38.90227],[-77.08181,38.90243],[-77.0815,38.90232],[-77.08129,38.90242],[-77.08011,38.90231],[-77.07924,38.90247],[-77.07891,38.90231],[-77.07829,38.90238],[-77.07831,38.90599],[-77.07992,38.90597],[-77.08058,38.90625],[-77.08497,38.91212],[-77.08549,38.91348],[-77.08648,38.91435],[-77.08803,38.91529],[-77.08847,38.91583],[-77.08871,38.91645],[-77.09219,38.91637],[-77.09468,38.91564]]]}},{"type":"Feature","properties":{"id":"6E03","name":"SMD 6E03"},"geometry":{"type":"Polygon","coordinates":[[[-77.01618,38.90489],[-77.01618,38.90374],[-77.01763,38.90374],[-77.01766,38.90253],[-77.01618,38.90253],[-77.01618,38.90133],[-77.01518,38.90134],[-77.01518,38.90253],[-77.00907,38.90252],[-77.00907,38.90374],[-77.01217,38.90374],[-77.01217,38.90565],[-77.01296,38.90566],[-77.01341,38.90584],[-77.01618,38.90489]]]}},{"type":"Feature","properties":{"id":"6E04","name":"SMD 6E04"},"geometry":{"type":"Polygon","coordinates":[[[-77.00589,38.90565],[-77.01104,38.90565],[-77.01101,38.90615],[-77.00989,38.90655],[-77.01013,38.90698],[-77.01341,38.90584],[-77.01296,38.90566],[-77.01217,38.90565],[-77.01217,38.90374],[-77.00907,38.90374],[-77.00907,38.90469],[-77.00589,38.90469],[-77.00589,38.90565]]]}},{"type":"Feature","properties":{"id":"4D04","name":"SMD 4D04"},"geometry":{"type":"Polygon","coordinates":[[[-77.02757,38.95291],[-77.02694,38.94826],[-77.02194,38.94841],[-77.02216,38.95307],[-77.02757,38.95291]]]}},{"type":"Feature","properties":{"id":"6E07","name":"SMD 6E07"},"geometry":{"type":"Polygon","coordinates":[[[-77.00405,38.90374],[-77.00907,38.90374],[-77.00907,38.90252],[-77.01518,38.90253],[-77.01516,38.89982],[-77.01243,38.89886],[-77.01143,38.89613],[-77.00906,38.89613],[-77.00907,38.89748],[-77.00778,38.89687],[-77.0067,38.90022],[-77.00564,38.90021],[-77.00448,38.90252],[-77.00405,38.90374]]]}},{"type":"Feature","properties":{"id":"1C07","name":"SMD 1C07"},"geometry":{"type":"Polygon","coordinates":[[[-77.03918,38.92494],[-77.04269,38.92267],[-77.0417,38.91964],[-77.04165,38.91783],[-77.04043,38.91778],[-77.04016,38.91807],[-77.04041,38.91891],[-77.03934,38.91929],[-77.04009,38.92075],[-77.04023,38.92312],[-77.039,38.92317],[-77.03918,38.92494]]]}},{"type":"Feature","properties":{"id":"7C07","name":"SMD 7C07"},"geometry":{"type":"Polygon","coordinates":[[[-76.93376,38.90468],[-76.92475,38.90467],[-76.9244,38.90487],[-76.93395,38.91235],[-76.93995,38.90555],[-76.94372,38.9024],[-76.93919,38.90057],[-76.93918,38.90279],[-76.93659,38.90278],[-76.93644,38.90372],[-76.93376,38.90363],[-76.93376,38.90468]]]}},{"type":"Feature","properties":{"id":"3F02","name":"SMD 3F02"},"geometry":{"type":"Polygon","coordinates":[[[-77.06568,38.9479],[-77.06203,38.9479],[-77.05671,38.9479],[-77.05728,38.94981],[-77.05798,38.95077],[-77.05989,38.95189],[-77.06163,38.95186],[-77.06161,38.95282],[-77.06278,38.95331],[-77.06517,38.95331],[-77.06517,38.95073],[-77.06733,38.95073],[-77.06568,38.9479]]]}},{"type":"Feature","properties":{"id":"3F03","name":"SMD 3F03"},"geometry":{"type":"Polygon","coordinates":[[[-77.06568,38.9479],[-77.06356,38.94426],[-77.06229,38.94429],[-77.0615,38.9447],[-77.06125,38.94421],[-77.06049,38.9443],[-77.06052,38.94323],[-77.05842,38.94322],[-77.05834,38.94258],[-77.05993,38.94206],[-77.05864,38.94206],[-77.05863,38.94097],[-77.05639,38.94096],[-77.05512,38.94067],[-77.05304,38.94087],[-77.05156,38.93969],[-77.0512,38.94038],[-77.05132,38.94142],[-77.05094,38.94212],[-77.05014,38.94303],[-77.04992,38.94358],[-77.04849,38.94482],[-77.04784,38.94568],[-77.04729,38.94574],[-77.04598,38.94551],[-77.04573,38.94573],[-77.04528,38.94676],[-77.04409,38.94789],[-77.04413,38.9484],[-77.04447,38.9486],[-77.04478,38.94856],[-77.04519,38.94791],[-77.04557,38.94778],[-77.04685,38.94823],[-77.047,38.94844],[-77.04688,38.94901],[-77.04708,38.94958],[-77.04685,38.9499],[-77.04551,38.95069],[-77.04497,38.95128],[-77.04487,38.95202],[-77.04467,38.95231],[-77.04215,38.95474],[-77.04209,38.9553],[-77.04233,38.95604],[-77.04212,38.95707],[-77.04215,38.95771],[-77.04133,38.95842],[-77.04109,38.95894],[-77.04053,38.95947],[-77.04057,38.95983],[-77.04076,38.95999],[-77.04181,38.96015],[-77.04344,38.96137],[-77.04482,38.96069],[-77.04666,38.96037],[-77.04846,38.96063],[-77.05016,38.9617],[-77.05105,38.96194],[-77.05195,38.96187],[-77.05427,38.96116],[-77.0562,38.96102],[-77.05606,38.95868],[-77.05688,38.95787],[-77.0573,38.95685],[-77.05818,38.95668],[-77.05845,38.95616],[-77.05757,38.95547],[-77.05767,38.95481],[-77.05745,38.95443],[-77.05566,38.95338],[-77.05507,38.95273],[-77.05477,38.95209],[-77.05334,38.95172],[-77.05312,38.95153],[-77.05298,38.95037],[-77.05406,38.95044],[-77.0557,38.94972],[-77.05546,38.9494],[-77.05457,38.94902],[-77.05416,38.94835],[-77.05643,38.9479],[-77.06568,38.9479]]]}},{"type":"Feature","properties":{"id":"2A09","name":"SMD 2A09"},"geometry":{"type":"Polygon","coordinates":[[[-77.04885,38.89737],[-77.04883,38.9007],[-77.05013,38.90071],[-77.05012,38.90199],[-77.05072,38.90226],[-77.05072,38.90274],[-77.05331,38.90364],[-77.05331,38.90254],[-77.05204,38.90253],[-77.05193,38.90185],[-77.05142,38.90185],[-77.05143,38.89834],[-77.05014,38.89833],[-77.05014,38.89733],[-77.04885,38.89737]]]}},{"type":"Feature","properties":{"id":"8A01","name":"SMD 8A01"},"geometry":{"type":"Polygon","coordinates":[[[-76.97223,38.87273],[-76.9751,38.87425],[-76.97705,38.87379],[-76.98219,38.87134],[-76.98223,38.86947],[-76.97874,38.86948],[-76.97223,38.87273]]]}},{"type":"Feature","properties":{"id":"8A02","name":"SMD 8A02"},"geometry":{"type":"Polygon","coordinates":[[[-76.97798,38.87686],[-76.98233,38.87556],[-76.98437,38.8747],[-76.98729,38.8732],[-76.99013,38.87143],[-76.98822,38.86882],[-76.9882,38.86835],[-76.98863,38.86742],[-76.97849,38.86557],[-76.97555,38.86425],[-76.97527,38.86504],[-76.97741,38.86607],[-76.97901,38.86653],[-76.97901,38.86935],[-76.97874,38.86948],[-76.98223,38.86947],[-76.9822,38.87134],[-76.97781,38.87351],[-76.9751,38.87425],[-76.97639,38.87497],[-76.97692,38.87584],[-76.97798,38.87686]]]}},{"type":"Feature","properties":{"id":"8A03","name":"SMD 8A03"},"geometry":{"type":"Polygon","coordinates":[[[-76.97097,38.87331],[-76.97901,38.86935],[-76.97901,38.86653],[-76.97741,38.86607],[-76.97527,38.86504],[-76.97489,38.86572],[-76.97403,38.86649],[-76.97504,38.86677],[-76.97497,38.86825],[-76.97219,38.86825],[-76.97211,38.8673],[-76.97024,38.86729],[-76.97094,38.86874],[-76.97097,38.87331]]]}},{"type":"Feature","properties":{"id":"8A04","name":"SMD 8A04"},"geometry":{"type":"Polygon","coordinates":[[[-76.97338,38.86331],[-76.97725,38.86506],[-76.97785,38.86431],[-76.979,38.86471],[-76.97902,38.86404],[-76.98011,38.86406],[-76.98243,38.86448],[-76.9827,38.86356],[-76.98285,38.86138],[-76.9836,38.86078],[-76.98367,38.86054],[-76.9876,38.86053],[-76.98804,38.86021],[-76.98309,38.85692],[-76.98053,38.8573],[-76.97733,38.85731],[-76.97677,38.85717],[-76.97545,38.85632],[-76.97434,38.85735],[-76.97522,38.85791],[-76.97361,38.85944],[-76.97574,38.86083],[-76.97338,38.86331]]]}},{"type":"Feature","properties":{"id":"8A05","name":"SMD 8A05"},"geometry":{"type":"Polygon","coordinates":[[[-76.98513,38.86676],[-76.98633,38.86271],[-76.98797,38.86123],[-76.98966,38.863],[-76.99045,38.86256],[-76.98804,38.86021],[-76.9876,38.86053],[-76.98367,38.86054],[-76.9836,38.86078],[-76.98285,38.86138],[-76.9827,38.86356],[-76.98243,38.86448],[-76.98011,38.86406],[-76.97902,38.86404],[-76.979,38.86471],[-76.97785,38.86431],[-76.97725,38.86506],[-76.97866,38.8656],[-76.98513,38.86676]]]}},{"type":"Feature","properties":{"id":"8A06","name":"SMD 8A06"},"geometry":{"type":"Polygon","coordinates":[[[-76.99045,38.86256],[-76.98966,38.863],[-76.98797,38.86123],[-76.98633,38.86271],[-76.98513,38.86678],[-76.98863,38.86742],[-76.98823,38.86824],[-76.9882,38.86877],[-76.98955,38.8707],[-76.99174,38.86909],[-76.99287,38.86865],[-76.99394,38.86844],[-76.99538,38.86848],[-77.00043,38.86973],[-77.00163,38.86974],[-77.00285,38.86915],[-77.0039,38.86772],[-77.0028,38.86741],[-77.00206,38.86745],[-77.00172,38.86731],[-77.00131,38.86457],[-77.00101,38.86423],[-76.99993,38.86363],[-76.99947,38.86309],[-76.99543,38.86139],[-76.99436,38.86061],[-76.9938,38.86151],[-76.99103,38.85967],[-76.99027,38.86029],[-76.98873,38.85931],[-76.98789,38.86012],[-76.99045,38.86256]]]}},{"type":"Feature","properties":{"id":"8A07","name":"SMD 8A07"},"geometry":{"type":"Polygon","coordinates":[[[-76.97024,38.86728],[-76.97211,38.8673],[-76.97219,38.86825],[-76.97497,38.86825],[-76.97504,38.86677],[-76.97403,38.86649],[-76.97489,38.86572],[-76.97555,38.86425],[-76.97024,38.86193],[-76.96877,38.86067],[-76.9708,38.8643],[-76.97077,38.86498],[-76.97021,38.8663],[-76.97024,38.86728]]]}},{"type":"Feature","properties":{"id":"2C01","name":"SMD 2C01"},"geometry":{"type":"Polygon","coordinates":[[[-77.02192,38.90211],[-77.02192,38.89982],[-77.02704,38.89982],[-77.02704,38.90253],[-77.03363,38.90253],[-77.03365,38.89735],[-77.02413,38.89735],[-77.02381,38.89721],[-77.01893,38.89734],[-77.01893,38.90113],[-77.02192,38.90211]]]}},{"type":"Feature","properties":{"id":"3/4G06","name":"SMD 3/4G06"},"geometry":{"type":"Polygon","coordinates":[[[-77.06918,38.96102],[-77.06973,38.96209],[-77.07393,38.96208],[-77.07694,38.96726],[-77.07755,38.96739],[-77.08274,38.96333],[-77.08242,38.96311],[-77.08202,38.9631],[-77.08202,38.96103],[-77.06918,38.96102]]]}},{"type":"Feature","properties":{"id":"2C02","name":"SMD 2C02"},"geometry":{"type":"Polygon","coordinates":[[[-77.03619,38.90714],[-77.03661,38.90703],[-77.03688,38.90714],[-77.04113,38.90567],[-77.0449,38.90566],[-77.0449,38.90071],[-77.04346,38.90021],[-77.03364,38.90021],[-77.03363,38.90253],[-77.02963,38.90253],[-77.02963,38.90484],[-77.03154,38.90551],[-77.03172,38.90533],[-77.03216,38.90532],[-77.0324,38.90553],[-77.03237,38.9058],[-77.03619,38.90714]]]}},{"type":"Feature","properties":{"id":"2C03","name":"SMD 2C03"},"geometry":{"type":"Polygon","coordinates":[[[-77.01518,38.88757],[-77.01519,38.89146],[-77.0199,38.89277],[-77.0199,38.89442],[-77.01894,38.89481],[-77.01893,38.89734],[-77.02381,38.89721],[-77.02413,38.89735],[-77.03365,38.89735],[-77.03367,38.89131],[-77.03297,38.89],[-77.03287,38.8895],[-77.03302,38.88884],[-77.03359,38.88813],[-77.03369,38.88778],[-77.03187,38.88757],[-77.01518,38.88757]]]}},{"type":"Feature","properties":{"id":"4C04","name":"SMD 4C04"},"geometry":{"type":"Polygon","coordinates":[[[-77.02971,38.93868],[-77.03273,38.93869],[-77.03273,38.94081],[-77.03484,38.94084],[-77.03508,38.94056],[-77.03519,38.93918],[-77.03564,38.93863],[-77.03645,38.93824],[-77.03645,38.93743],[-77.03391,38.93739],[-77.02973,38.93629],[-77.02971,38.93868]]]}},{"type":"Feature","properties":{"id":"4C05","name":"SMD 4C05"},"geometry":{"type":"Polygon","coordinates":[[[-77.01607,38.94644],[-77.0227,38.94624],[-77.0235,38.94516],[-77.0234,38.94301],[-77.01996,38.94311],[-77.01979,38.94349],[-77.01929,38.94368],[-77.01877,38.94354],[-77.01855,38.94315],[-77.01241,38.9433],[-77.01216,38.94382],[-77.01154,38.94434],[-77.01262,38.9444],[-77.01351,38.9449],[-77.01568,38.94574],[-77.01607,38.94644]]]}},{"type":"Feature","properties":{"id":"3B01","name":"SMD 3B01"},"geometry":{"type":"Polygon","coordinates":[[[-77.07319,38.92619],[-77.07462,38.92619],[-77.07462,38.92575],[-77.07705,38.92576],[-77.07706,38.92543],[-77.07887,38.92582],[-77.07888,38.92501],[-77.07876,38.9247],[-77.07807,38.92452],[-77.07753,38.92409],[-77.07708,38.92329],[-77.07705,38.92256],[-77.07291,38.92255],[-77.07317,38.92311],[-77.07319,38.92619]]]}},{"type":"Feature","properties":{"id":"1E02","name":"SMD 1E02"},"geometry":{"type":"Polygon","coordinates":[[[-77.01828,38.93056],[-77.01851,38.93151],[-77.02008,38.93126],[-77.0208,38.93399],[-77.02202,38.93381],[-77.02217,38.93473],[-77.02402,38.93451],[-77.02337,38.93003],[-77.02182,38.93001],[-77.01828,38.93056]]]}},{"type":"Feature","properties":{"id":"3C01","name":"SMD 3C01"},"geometry":{"type":"Polygon","coordinates":[[[-77.04856,38.92335],[-77.04967,38.92343],[-77.04989,38.92477],[-77.05118,38.92701],[-77.05158,38.92743],[-77.05222,38.92771],[-77.05534,38.92835],[-77.05533,38.92588],[-77.05268,38.92554],[-77.05022,38.92131],[-77.04868,38.92247],[-77.04856,38.92335]]]}},{"type":"Feature","properties":{"id":"1E03","name":"SMD 1E03"},"geometry":{"type":"Polygon","coordinates":[[[-77.02323,38.92905],[-77.02398,38.93419],[-77.02599,38.93406],[-77.02682,38.93286],[-77.02623,38.92883],[-77.02585,38.92887],[-77.02562,38.92839],[-77.02464,38.92847],[-77.0247,38.92897],[-77.02323,38.92905]]]}},{"type":"Feature","properties":{"id":"3B03","name":"SMD 3B03"},"geometry":{"type":"Polygon","coordinates":[[[-77.07887,38.92582],[-77.08106,38.92601],[-77.08159,38.92622],[-77.08263,38.92119],[-77.08256,38.9187],[-77.08171,38.91744],[-77.07702,38.91743],[-77.07706,38.91918],[-77.07977,38.91918],[-77.07976,38.92069],[-77.08048,38.92072],[-77.08079,38.92101],[-77.08072,38.92256],[-77.07705,38.92256],[-77.07709,38.92331],[-77.07758,38.92415],[-77.0781,38.92453],[-77.07876,38.9247],[-77.07887,38.92582]]]}},{"type":"Feature","properties":{"id":"3B05","name":"SMD 3B05"},"geometry":{"type":"Polygon","coordinates":[[[-77.07705,38.92256],[-77.08072,38.92256],[-77.08079,38.92101],[-77.08048,38.92072],[-77.07976,38.92069],[-77.07977,38.91918],[-77.07706,38.91918],[-77.07702,38.91743],[-77.07573,38.91743],[-77.07572,38.91686],[-77.07489,38.91688],[-77.07487,38.91653],[-77.07286,38.91653],[-77.07295,38.91874],[-77.07381,38.91874],[-77.07387,38.91934],[-77.07463,38.92069],[-77.07706,38.92069],[-77.07705,38.92256]]]}},{"type":"Feature","properties":{"id":"3B02","name":"SMD 3B02"},"geometry":{"type":"Polygon","coordinates":[[[-77.07023,38.92256],[-77.07705,38.92256],[-77.07706,38.92069],[-77.07463,38.92069],[-77.07387,38.91934],[-77.07381,38.91874],[-77.07295,38.91874],[-77.07286,38.91653],[-77.07159,38.91633],[-77.06941,38.91661],[-77.06938,38.91773],[-77.06875,38.91697],[-77.06742,38.91764],[-77.06731,38.91868],[-77.06815,38.91874],[-77.06882,38.9191],[-77.06951,38.91955],[-77.07026,38.92043],[-77.07054,38.92131],[-77.07023,38.92256]]]}},{"type":"Feature","properties":{"id":"3B04","name":"SMD 3B04"},"geometry":{"type":"Polygon","coordinates":[[[-77.08057,38.93024],[-77.084,38.93029],[-77.08156,38.92619],[-77.08106,38.92601],[-77.0783,38.92578],[-77.07706,38.92543],[-77.07705,38.92576],[-77.07462,38.92575],[-77.07462,38.92619],[-77.07705,38.92619],[-77.07705,38.92903],[-77.07822,38.92919],[-77.08057,38.93024]]]}},{"type":"Feature","properties":{"id":"4D02","name":"SMD 4D02"},"geometry":{"type":"Polygon","coordinates":[[[-77.01616,38.95711],[-77.01996,38.95835],[-77.01994,38.95753],[-77.02237,38.95746],[-77.02221,38.95424],[-77.01664,38.95441],[-77.01604,38.95522],[-77.01616,38.95711]]]}},{"type":"Feature","properties":{"id":"3C02","name":"SMD 3C02"},"geometry":{"type":"Polygon","coordinates":[[[-77.05268,38.92554],[-77.05764,38.92618],[-77.05772,38.92322],[-77.05152,38.92354],[-77.05268,38.92554]]]}},{"type":"Feature","properties":{"id":"5B03","name":"SMD 5B03"},"geometry":{"type":"Polygon","coordinates":[[[-76.98444,38.93287],[-76.991,38.93254],[-76.99035,38.92441],[-76.98803,38.92452],[-76.98801,38.92382],[-76.98534,38.92468],[-76.98201,38.92626],[-76.98221,38.92656],[-76.98257,38.93099],[-76.98428,38.9309],[-76.98444,38.93287]]]}},{"type":"Feature","properties":{"id":"3C07","name":"SMD 3C07"},"geometry":{"type":"Polygon","coordinates":[[[-77.05677,38.93258],[-77.05809,38.93265],[-77.05839,38.93212],[-77.05853,38.93133],[-77.05999,38.93035],[-77.06231,38.93014],[-77.06326,38.93052],[-77.06324,38.92753],[-77.06639,38.92753],[-77.06635,38.92418],[-77.06845,38.92394],[-77.06929,38.92353],[-77.06995,38.92295],[-77.0704,38.92218],[-77.07054,38.92131],[-77.07038,38.92067],[-77.06994,38.91996],[-77.06882,38.9191],[-77.06779,38.91866],[-77.05909,38.91832],[-77.05808,38.9176],[-77.0582,38.91768],[-77.05795,38.91798],[-77.05713,38.91845],[-77.05629,38.9186],[-77.05534,38.919],[-77.05467,38.91989],[-77.05352,38.92012],[-77.05185,38.91958],[-77.05101,38.91995],[-77.05022,38.92131],[-77.05152,38.92354],[-77.05772,38.92322],[-77.05764,38.92618],[-77.05533,38.92588],[-77.05534,38.92835],[-77.05645,38.92857],[-77.05748,38.93033],[-77.05839,38.92977],[-77.05861,38.93022],[-77.05792,38.9311],[-77.05626,38.9317],[-77.05677,38.93258]]]}},{"type":"Feature","properties":{"id":"5B02","name":"SMD 5B02"},"geometry":{"type":"Polygon","coordinates":[[[-76.98452,38.93386],[-76.97956,38.93411],[-76.9745,38.93411],[-76.98333,38.94256],[-76.98566,38.94257],[-76.9868,38.94176],[-76.98725,38.9418],[-76.9872,38.94142],[-76.988,38.94073],[-76.98831,38.94073],[-76.98832,38.93823],[-76.98868,38.93618],[-76.99098,38.93618],[-76.99122,38.93531],[-76.991,38.93254],[-76.98444,38.93287],[-76.98452,38.93386]]]}},{"type":"Feature","properties":{"id":"5B01","name":"SMD 5B01"},"geometry":{"type":"Polygon","coordinates":[[[-76.97217,38.93724],[-76.97217,38.93852],[-76.97132,38.93797],[-76.97071,38.93781],[-76.96746,38.9378],[-76.96666,38.93794],[-76.97755,38.94646],[-76.97826,38.946],[-76.97886,38.94526],[-76.98168,38.94526],[-76.98168,38.94424],[-76.98558,38.94426],[-76.98362,38.94283],[-76.97775,38.93723],[-76.97217,38.93724]]]}},{"type":"Feature","properties":{"id":"4D05","name":"SMD 4D05"},"geometry":{"type":"Polygon","coordinates":[[[-77.01756,38.95109],[-77.01734,38.9464],[-77.01607,38.94644],[-77.01568,38.94574],[-77.01351,38.9449],[-77.01262,38.9444],[-77.01154,38.94434],[-77.01102,38.94457],[-77.00921,38.9457],[-77.00871,38.94635],[-77.0086,38.94701],[-77.00901,38.95241],[-77.01132,38.95235],[-77.01239,38.95084],[-77.01324,38.95122],[-77.01756,38.95109]]]}},{"type":"Feature","properties":{"id":"6E05","name":"SMD 6E05"},"geometry":{"type":"Polygon","coordinates":[[[-77.0046,38.9089],[-77.01013,38.90698],[-77.00989,38.90655],[-77.01101,38.90615],[-77.01104,38.90565],[-77.00589,38.90565],[-77.00589,38.90724],[-77.00352,38.90724],[-77.00352,38.90827],[-77.00339,38.90838],[-77.0046,38.9089]]]}},{"type":"Feature","properties":{"id":"6E06","name":"SMD 6E06"},"geometry":{"type":"Polygon","coordinates":[[[-77.00907,38.90469],[-77.00907,38.90374],[-77.00405,38.90374],[-77.00253,38.90802],[-77.00339,38.90838],[-77.00352,38.90827],[-77.00352,38.90724],[-77.00589,38.90724],[-77.00589,38.90469],[-77.00907,38.90469]]]}},{"type":"Feature","properties":{"id":"4D06","name":"SMD 4D06"},"geometry":{"type":"Polygon","coordinates":[[[-77.02634,38.94507],[-77.0235,38.94516],[-77.0227,38.94624],[-77.01734,38.9464],[-77.01751,38.95002],[-77.02201,38.94989],[-77.02194,38.94841],[-77.02694,38.94826],[-77.02634,38.94507]]]}},{"type":"Feature","properties":{"id":"4D07","name":"SMD 4D07"},"geometry":{"type":"Polygon","coordinates":[[[-77.01604,38.95522],[-77.01664,38.95441],[-77.02221,38.95424],[-77.02201,38.94989],[-77.01751,38.95002],[-77.01756,38.95109],[-77.01584,38.95114],[-77.01604,38.95522]]]}},{"type":"Feature","properties":{"id":"6E08","name":"SMD 6E08"},"geometry":{"type":"Polygon","coordinates":[[[-77.01893,38.89982],[-77.01894,38.89481],[-77.0199,38.89442],[-77.0199,38.89277],[-77.01639,38.89179],[-77.01557,38.89207],[-77.01318,38.8921],[-77.00906,38.89511],[-77.00906,38.89613],[-77.01143,38.89613],[-77.01243,38.89886],[-77.01516,38.89982],[-77.01518,38.90134],[-77.01618,38.90133],[-77.01618,38.90095],[-77.01665,38.90095],[-77.01694,38.90045],[-77.0162,38.90018],[-77.01621,38.8998],[-77.01893,38.89982]]]}},{"type":"Feature","properties":{"id":"6E09","name":"SMD 6E09"},"geometry":{"type":"Polygon","coordinates":[[[-77.01618,38.90133],[-77.01893,38.90133],[-77.01893,38.89982],[-77.01621,38.8998],[-77.0162,38.90018],[-77.01694,38.90045],[-77.01665,38.90095],[-77.01618,38.90095],[-77.01618,38.90133]]]}},{"type":"Feature","properties":{"id":"3C03","name":"SMD 3C03"},"geometry":{"type":"Polygon","coordinates":[[[-77.05043,38.93328],[-77.05175,38.93393],[-77.05358,38.93347],[-77.0546,38.93281],[-77.05677,38.93258],[-77.05626,38.9317],[-77.05792,38.9311],[-77.05861,38.93022],[-77.05839,38.92977],[-77.05748,38.93033],[-77.05645,38.92857],[-77.05222,38.92771],[-77.05162,38.92745],[-77.05119,38.92703],[-77.04989,38.92477],[-77.04967,38.92343],[-77.04856,38.92335],[-77.04891,38.92499],[-77.04943,38.92553],[-77.04984,38.92755],[-77.04977,38.92801],[-77.04954,38.92814],[-77.04906,38.92806],[-77.04817,38.92733],[-77.04705,38.92672],[-77.0467,38.92609],[-77.046,38.92596],[-77.04479,38.92671],[-77.04451,38.92834],[-77.04478,38.92887],[-77.04704,38.93141],[-77.04768,38.93175],[-77.0506,38.93241],[-77.05091,38.9329],[-77.05043,38.93328]]]}},{"type":"Feature","properties":{"id":"3C08","name":"SMD 3C08"},"geometry":{"type":"Polygon","coordinates":[[[-77.0668,38.93909],[-77.06864,38.93909],[-77.06864,38.93734],[-77.07089,38.93734],[-77.07088,38.93176],[-77.07265,38.93188],[-77.07314,38.92883],[-77.07317,38.92311],[-77.07291,38.92255],[-77.07023,38.92256],[-77.0696,38.9233],[-77.0687,38.92384],[-77.06768,38.92412],[-77.06635,38.92418],[-77.06639,38.92753],[-77.06324,38.92753],[-77.06326,38.93052],[-77.06468,38.93108],[-77.06639,38.93147],[-77.06639,38.93825],[-77.0668,38.93909]]]}},{"type":"Feature","properties":{"id":"7C01","name":"SMD 7C01"},"geometry":{"type":"Polygon","coordinates":[[[-76.93071,38.90156],[-76.93376,38.90149],[-76.93376,38.89898],[-76.93008,38.89836],[-76.92567,38.89836],[-76.92515,38.89975],[-76.92664,38.89983],[-76.92654,38.90018],[-76.92577,38.90086],[-76.92563,38.90185],[-76.92968,38.90184],[-76.93071,38.90156]]]}},{"type":"Feature","properties":{"id":"7C02","name":"SMD 7C02"},"geometry":{"type":"Polygon","coordinates":[[[-76.92469,38.89506],[-76.92591,38.89174],[-76.92796,38.89189],[-76.92797,38.88977],[-76.91778,38.88977],[-76.91778,38.89303],[-76.91818,38.89326],[-76.91848,38.89387],[-76.92073,38.89458],[-76.92469,38.89506]]]}},{"type":"Feature","properties":{"id":"7C03","name":"SMD 7C03"},"geometry":{"type":"Polygon","coordinates":[[[-76.92567,38.89836],[-76.93066,38.89845],[-76.93087,38.89763],[-76.93191,38.89688],[-76.93213,38.89623],[-76.93325,38.89622],[-76.93291,38.89509],[-76.93292,38.8903],[-76.93274,38.88977],[-76.92797,38.88977],[-76.92796,38.89189],[-76.92591,38.89174],[-76.92469,38.89506],[-76.92189,38.89464],[-76.92189,38.89581],[-76.92504,38.89579],[-76.92629,38.89659],[-76.92567,38.89836]]]}},{"type":"Feature","properties":{"id":"7C04","name":"SMD 7C04"},"geometry":{"type":"Polygon","coordinates":[[[-76.9244,38.90487],[-76.92475,38.90467],[-76.93376,38.90468],[-76.93376,38.90363],[-76.93644,38.90372],[-76.93659,38.90278],[-76.93918,38.90279],[-76.93919,38.90057],[-76.93656,38.89954],[-76.93376,38.89898],[-76.93376,38.90149],[-76.93076,38.90155],[-76.93098,38.90197],[-76.93092,38.90225],[-76.92999,38.90263],[-76.92403,38.90289],[-76.92353,38.90419],[-76.9244,38.90487]]]}},{"type":"Feature","properties":{"id":"7C05","name":"SMD 7C05"},"geometry":{"type":"Polygon","coordinates":[[[-76.92189,38.89581],[-76.92189,38.89464],[-76.92073,38.89458],[-76.91873,38.89403],[-76.91832,38.89372],[-76.91818,38.89326],[-76.91778,38.89303],[-76.91778,38.88977],[-76.91325,38.88974],[-76.90915,38.89293],[-76.91635,38.89857],[-76.9166,38.89838],[-76.91778,38.89838],[-76.91778,38.89716],[-76.92052,38.89715],[-76.92052,38.89581],[-76.92189,38.89581]]]}},{"type":"Feature","properties":{"id":"3D07","name":"SMD 3D07"},"geometry":{"type":"Polygon","coordinates":[[[-77.08201,38.92465],[-77.08621,38.9255],[-77.08655,38.92431],[-77.0878,38.92486],[-77.08909,38.92515],[-77.09028,38.92509],[-77.09135,38.92526],[-77.09233,38.92453],[-77.09298,38.92438],[-77.09351,38.92447],[-77.09489,38.92508],[-77.09512,38.92462],[-77.09517,38.92365],[-77.09585,38.92299],[-77.09541,38.9227],[-77.09432,38.92239],[-77.09435,38.91919],[-77.08875,38.91917],[-77.08872,38.91658],[-77.08829,38.91557],[-77.08776,38.91508],[-77.08644,38.91432],[-77.08549,38.91348],[-77.08497,38.91212],[-77.08058,38.90625],[-77.07992,38.90597],[-77.07831,38.90599],[-77.07832,38.90675],[-77.07789,38.90675],[-77.07792,38.90811],[-77.07756,38.90863],[-77.07758,38.9091],[-77.0777,38.9097],[-77.07828,38.91081],[-77.07852,38.91089],[-77.07917,38.91195],[-77.07924,38.91264],[-77.07946,38.91264],[-77.07949,38.91274],[-77.07881,38.91276],[-77.07889,38.91329],[-77.07938,38.91406],[-77.08056,38.91504],[-77.08101,38.91623],[-77.08256,38.9187],[-77.08263,38.92119],[-77.08201,38.92465]]]}},{"type":"Feature","properties":{"id":"2E01","name":"SMD 2E01"},"geometry":{"type":"Polygon","coordinates":[[[-77.0678,38.91577],[-77.06938,38.91773],[-77.06941,38.91661],[-77.07156,38.91633],[-77.07295,38.91657],[-77.07487,38.91653],[-77.07489,38.91688],[-77.07572,38.91686],[-77.07573,38.91743],[-77.08171,38.91744],[-77.08172,38.91724],[-77.08101,38.91623],[-77.08056,38.91504],[-77.07909,38.9137],[-77.07881,38.91276],[-77.07949,38.91274],[-77.07924,38.91264],[-77.07917,38.91195],[-77.07849,38.91085],[-77.07566,38.91078],[-77.07565,38.91037],[-77.07395,38.91035],[-77.07408,38.91259],[-77.06925,38.91268],[-77.06933,38.91458],[-77.06792,38.91457],[-77.06794,38.91564],[-77.0678,38.91577]]]}},{"type":"Feature","properties":{"id":"3F04","name":"SMD 3F04"},"geometry":{"type":"Polygon","coordinates":[[[-77.06517,38.95331],[-77.07191,38.95329],[-77.07151,38.952],[-77.07171,38.95073],[-77.06985,38.95074],[-77.06985,38.95142],[-77.06773,38.95142],[-77.06733,38.95073],[-77.06517,38.95073],[-77.06517,38.95331]]]}},{"type":"Feature","properties":{"id":"3F05","name":"SMD 3F05"},"geometry":{"type":"Polygon","coordinates":[[[-77.05863,38.94097],[-77.05864,38.94206],[-77.05993,38.94206],[-77.05834,38.94258],[-77.05842,38.94322],[-77.06052,38.94323],[-77.06049,38.9443],[-77.06125,38.94421],[-77.0615,38.9447],[-77.06229,38.94429],[-77.06356,38.94426],[-77.06568,38.9479],[-77.06691,38.9479],[-77.06691,38.94709],[-77.06985,38.9471],[-77.06982,38.94404],[-77.06868,38.9418],[-77.06785,38.94088],[-77.0667,38.94059],[-77.06513,38.94048],[-77.0623,38.94095],[-77.05863,38.94097]]]}},{"type":"Feature","properties":{"id":"5D09","name":"SMD 5D09"},"geometry":{"type":"Polygon","coordinates":[[[-76.95822,38.9055],[-76.97418,38.90563],[-76.97417,38.8995],[-76.97622,38.8995],[-76.97626,38.89887],[-76.96949,38.8977],[-76.96191,38.89707],[-76.96187,38.89778],[-76.96229,38.89939],[-76.96215,38.89984],[-76.96176,38.90049],[-76.95984,38.90259],[-76.95879,38.90423],[-76.95822,38.9055]]]}},{"type":"Feature","properties":{"id":"3F06","name":"SMD 3F06"},"geometry":{"type":"Polygon","coordinates":[[[-77.06624,38.96102],[-77.06918,38.96102],[-77.06801,38.95974],[-77.0701,38.95969],[-77.07,38.95899],[-77.07025,38.95828],[-77.07295,38.95507],[-77.07191,38.95329],[-77.06253,38.95331],[-77.06161,38.95282],[-77.06163,38.95186],[-77.05989,38.95189],[-77.05795,38.95074],[-77.05728,38.94981],[-77.05671,38.9479],[-77.0554,38.94802],[-77.05416,38.94835],[-77.05457,38.94902],[-77.05546,38.9494],[-77.0557,38.94972],[-77.05406,38.95044],[-77.05298,38.95037],[-77.0531,38.95149],[-77.05334,38.95172],[-77.05474,38.95207],[-77.05509,38.95275],[-77.05566,38.95338],[-77.05745,38.95443],[-77.05767,38.95481],[-77.05758,38.95549],[-77.05844,38.95612],[-77.05836,38.95647],[-77.05807,38.95672],[-77.05816,38.95688],[-77.05884,38.9574],[-77.05939,38.95759],[-77.06337,38.95803],[-77.06513,38.95849],[-77.06624,38.96102]]]}},{"type":"Feature","properties":{"id":"6E02","name":"SMD 6E02"},"geometry":{"type":"Polygon","coordinates":[[[-77.01766,38.90253],[-77.01763,38.90374],[-77.01618,38.90374],[-77.01618,38.90489],[-77.01804,38.90424],[-77.01783,38.90374],[-77.01893,38.90373],[-77.01893,38.90253],[-77.01766,38.90253]]]}},{"type":"Feature","properties":{"id":"4D03","name":"SMD 4D03"},"geometry":{"type":"Polygon","coordinates":[[[-77.02237,38.95746],[-77.02409,38.95741],[-77.02404,38.95634],[-77.02744,38.95623],[-77.0279,38.95696],[-77.02814,38.95704],[-77.02757,38.95291],[-77.02216,38.95307],[-77.02237,38.95746]]]}},{"type":"Feature","properties":{"id":"4C03","name":"SMD 4C03"},"geometry":{"type":"Polygon","coordinates":[[[-77.0252,38.93513],[-77.0243,38.93634],[-77.02309,38.93663],[-77.02314,38.93766],[-77.02332,38.93765],[-77.02308,38.93798],[-77.02319,38.93873],[-77.02971,38.93868],[-77.02973,38.93629],[-77.0252,38.93513]]]}},{"type":"Feature","properties":{"id":"4C06","name":"SMD 4C06"},"geometry":{"type":"Polygon","coordinates":[[[-77.02326,38.93988],[-77.02179,38.93986],[-77.02088,38.94094],[-77.01437,38.94109],[-77.01281,38.9426],[-77.01241,38.9433],[-77.01855,38.94315],[-77.01877,38.94354],[-77.01929,38.94368],[-77.01979,38.94349],[-77.01996,38.94311],[-77.0234,38.94301],[-77.02326,38.93988]]]}},{"type":"Feature","properties":{"id":"4C07","name":"SMD 4C07"},"geometry":{"type":"Polygon","coordinates":[[[-77.02325,38.9398],[-77.02308,38.93798],[-77.02332,38.93765],[-77.02314,38.93766],[-77.02309,38.93663],[-77.01967,38.93726],[-77.01751,38.93783],[-77.01524,38.93979],[-77.01437,38.94109],[-77.02088,38.94094],[-77.02179,38.93986],[-77.02325,38.9398]]]}},{"type":"Feature","properties":{"id":"2F01","name":"SMD 2F01"},"geometry":{"type":"Polygon","coordinates":[[[-77.02704,38.9141],[-77.03195,38.9141],[-77.03195,38.91701],[-77.03453,38.91701],[-77.03455,38.91262],[-77.0279,38.91261],[-77.02745,38.91334],[-77.02704,38.91368],[-77.02704,38.9141]]]}},{"type":"Feature","properties":{"id":"3/4G03","name":"SMD 3/4G03"},"geometry":{"type":"Polygon","coordinates":[[[-77.05602,38.9588],[-77.05626,38.96382],[-77.06088,38.96707],[-77.06283,38.96491],[-77.06801,38.96491],[-77.06513,38.95849],[-77.06337,38.95803],[-77.05957,38.95763],[-77.05881,38.95738],[-77.05807,38.95672],[-77.05747,38.95675],[-77.05721,38.95698],[-77.05688,38.95787],[-77.05633,38.9583],[-77.05602,38.9588]]]}},{"type":"Feature","properties":{"id":"3/4G04","name":"SMD 3/4G04"},"geometry":{"type":"Polygon","coordinates":[[[-77.06801,38.96491],[-77.06283,38.96491],[-77.06088,38.96707],[-77.06162,38.96925],[-77.06419,38.97285],[-77.06638,38.97285],[-77.06638,38.97548],[-77.0669,38.97572],[-77.07174,38.97193],[-77.07014,38.9697],[-77.06801,38.96491]]]}},{"type":"Feature","properties":{"id":"2A08","name":"SMD 2A08"},"geometry":{"type":"Polygon","coordinates":[[[-77.0449,38.90375],[-77.05295,38.90375],[-77.05331,38.90364],[-77.05072,38.90274],[-77.05072,38.90226],[-77.05012,38.90199],[-77.05013,38.90071],[-77.04883,38.9007],[-77.04884,38.89958],[-77.04491,38.89959],[-77.0449,38.90375]]]}},{"type":"Feature","properties":{"id":"6D02","name":"SMD 6D02"},"geometry":{"type":"Polygon","coordinates":[[[-77.01623,38.87929],[-77.00906,38.87929],[-77.00906,38.88168],[-77.01168,38.88237],[-77.01358,38.8825],[-77.01297,38.88282],[-77.01252,38.88327],[-77.01215,38.88473],[-77.0124,38.88544],[-77.01374,38.88757],[-77.02192,38.88757],[-77.02191,38.88233],[-77.01756,38.88231],[-77.01756,38.88129],[-77.01623,38.8813],[-77.01623,38.87929]]]}},{"type":"Feature","properties":{"id":"5D02","name":"SMD 5D02"},"geometry":{"type":"Polygon","coordinates":[[[-76.98578,38.91048],[-76.97841,38.917],[-76.97817,38.91729],[-76.9783,38.91811],[-76.98185,38.91729],[-76.99294,38.91347],[-76.9922,38.91218],[-76.9909,38.9124],[-76.9899,38.91235],[-76.9893,38.9121],[-76.98816,38.91129],[-76.98578,38.91048]]]}},{"type":"Feature","properties":{"id":"6D03","name":"SMD 6D03"},"geometry":{"type":"Polygon","coordinates":[[[-77.01992,38.88129],[-77.02191,38.88129],[-77.02192,38.8793],[-77.02273,38.87864],[-77.02048,38.87665],[-77.01989,38.87647],[-77.01892,38.87647],[-77.01889,38.87929],[-77.0199,38.87929],[-77.01992,38.88129]]]}},{"type":"Feature","properties":{"id":"6D01","name":"SMD 6D01"},"geometry":{"type":"Polygon","coordinates":[[[-77.02192,38.88757],[-77.03195,38.88758],[-77.03199,38.88438],[-77.03216,38.88345],[-77.03432,38.88048],[-77.03533,38.87986],[-77.03797,38.87947],[-77.03919,38.87897],[-77.04381,38.87424],[-77.04075,38.87152],[-77.03995,38.87052],[-77.03828,38.86743],[-77.03794,38.86646],[-77.03774,38.86519],[-77.0379,38.86435],[-77.03825,38.86404],[-77.04079,38.86367],[-77.04216,38.86377],[-77.04253,38.86371],[-77.04277,38.86338],[-77.04235,38.86345],[-77.04171,38.86324],[-77.04036,38.86238],[-77.03986,38.8627],[-77.03974,38.86325],[-77.03833,38.86338],[-77.03802,38.86325],[-77.03763,38.86134],[-77.03742,38.86116],[-77.0368,38.86111],[-77.03675,38.86083],[-77.03507,38.85937],[-77.03286,38.85509],[-77.03227,38.8523],[-77.0322,38.85066],[-77.02016,38.85734],[-77.02032,38.87002],[-77.02119,38.8719],[-77.01942,38.8719],[-77.02189,38.87648],[-77.02215,38.8767],[-77.02122,38.87738],[-77.02273,38.87864],[-77.02192,38.8793],[-77.02191,38.88129],[-77.01756,38.88129],[-77.01756,38.88231],[-77.02191,38.88233],[-77.02192,38.88757]]]}},{"type":"Feature","properties":{"id":"6D04","name":"SMD 6D04"},"geometry":{"type":"Polygon","coordinates":[[[-77.01521,38.87647],[-77.01521,38.87842],[-77.01623,38.87842],[-77.01623,38.87866],[-77.01754,38.87866],[-77.01756,38.88129],[-77.01992,38.88129],[-77.0199,38.87929],[-77.01889,38.87929],[-77.01892,38.87647],[-77.01521,38.87647]]]}},{"type":"Feature","properties":{"id":"7F03","name":"SMD 7F03"},"geometry":{"type":"Polygon","coordinates":[[[-76.9426,38.896],[-76.94262,38.89095],[-76.94456,38.89089],[-76.94456,38.88979],[-76.93755,38.88978],[-76.93818,38.89076],[-76.93921,38.89153],[-76.9392,38.89556],[-76.9426,38.896]]]}},{"type":"Feature","properties":{"id":"7F05","name":"SMD 7F05"},"geometry":{"type":"Polygon","coordinates":[[[-76.94556,38.88979],[-76.94555,38.88853],[-76.94773,38.88753],[-76.94652,38.88636],[-76.94707,38.88605],[-76.94755,38.88602],[-76.94892,38.8869],[-76.94967,38.88643],[-76.94819,38.8849],[-76.94981,38.88483],[-76.95088,38.88458],[-76.95058,38.88411],[-76.94954,38.88375],[-76.94953,38.88309],[-76.94668,38.88284],[-76.94577,38.88088],[-76.94349,38.88179],[-76.94178,38.88321],[-76.9408,38.88493],[-76.94051,38.88694],[-76.94022,38.88772],[-76.9395,38.88861],[-76.9383,38.88947],[-76.93823,38.88978],[-76.94556,38.88979]]]}},{"type":"Feature","properties":{"id":"7F07","name":"SMD 7F07"},"geometry":{"type":"Polygon","coordinates":[[[-76.94556,38.88979],[-76.96785,38.8898],[-76.9687,38.88969],[-76.96982,38.88931],[-76.97139,38.8881],[-76.97225,38.88772],[-76.97726,38.8876],[-76.97726,38.88454],[-76.97589,38.88399],[-76.97546,38.88457],[-76.96783,38.88457],[-76.96542,38.88638],[-76.96494,38.8869],[-76.95607,38.8868],[-76.95608,38.88759],[-76.95299,38.88762],[-76.9515,38.88819],[-76.94967,38.88643],[-76.94892,38.8869],[-76.94779,38.8861],[-76.94722,38.88601],[-76.94652,38.88636],[-76.94773,38.88753],[-76.94555,38.88853],[-76.94556,38.88979]]]}},{"type":"Feature","properties":{"id":"1E01","name":"SMD 1E01"},"geometry":{"type":"Polygon","coordinates":[[[-77.01904,38.93741],[-77.02147,38.93702],[-77.0243,38.93634],[-77.02599,38.93406],[-77.02398,38.93419],[-77.02402,38.93451],[-77.02217,38.93473],[-77.02202,38.93381],[-77.0208,38.93399],[-77.02008,38.93126],[-77.01851,38.93151],[-77.01917,38.93419],[-77.01924,38.93674],[-77.01904,38.93741]]]}},{"type":"Feature","properties":{"id":"2F05","name":"SMD 2F05"},"geometry":{"type":"Polygon","coordinates":[[[-77.03457,38.90794],[-77.03618,38.90735],[-77.03619,38.90714],[-77.03237,38.9058],[-77.0324,38.90553],[-77.03216,38.90532],[-77.03172,38.90533],[-77.03154,38.90551],[-77.02963,38.90484],[-77.02962,38.90638],[-77.03046,38.90638],[-77.03046,38.90673],[-77.03117,38.90699],[-77.03102,38.90724],[-77.03457,38.90725],[-77.03457,38.90794]]]}},{"type":"Feature","properties":{"id":"2F03","name":"SMD 2F03"},"geometry":{"type":"Polygon","coordinates":[[[-77.0309,38.90965],[-77.0309,38.9108],[-77.03138,38.91066],[-77.03138,38.91113],[-77.03195,38.91114],[-77.03195,38.91087],[-77.0325,38.91088],[-77.0325,38.91072],[-77.0342,38.91072],[-77.0342,38.91101],[-77.03456,38.91101],[-77.03457,38.90794],[-77.03027,38.90943],[-77.03033,38.90968],[-77.0309,38.90965]]]}},{"type":"Feature","properties":{"id":"5A09","name":"SMD 5A09"},"geometry":{"type":"Polygon","coordinates":[[[-77.00389,38.95594],[-77.00203,38.95109],[-77.00086,38.95109],[-76.99919,38.95178],[-76.99915,38.95015],[-76.99899,38.95005],[-76.99496,38.95005],[-76.9949,38.95032],[-76.99436,38.95075],[-77.00225,38.95682],[-77.0028,38.95627],[-77.00389,38.95594]]]}},{"type":"Feature","properties":{"id":"5B07","name":"SMD 5B07"},"geometry":{"type":"Polygon","coordinates":[[[-76.97012,38.92991],[-76.96423,38.93213],[-76.96396,38.93288],[-76.96273,38.93289],[-76.96124,38.9337],[-76.96666,38.93794],[-76.96746,38.9378],[-76.97071,38.93781],[-76.97132,38.93797],[-76.97217,38.93852],[-76.97217,38.93724],[-76.97775,38.93723],[-76.97012,38.92991]]]}},{"type":"Feature","properties":{"id":"1B04","name":"SMD 1B04"},"geometry":{"type":"Polygon","coordinates":[[[-77.02344,38.91777],[-77.02342,38.919],[-77.02389,38.91906],[-77.02395,38.92005],[-77.0252,38.91994],[-77.02524,38.91975],[-77.02486,38.91919],[-77.02962,38.91919],[-77.02968,38.92051],[-77.03194,38.92007],[-77.03195,38.91812],[-77.02464,38.91812],[-77.02441,38.91841],[-77.02395,38.91777],[-77.02344,38.91777]]]}},{"type":"Feature","properties":{"id":"1B05","name":"SMD 1B05"},"geometry":{"type":"Polygon","coordinates":[[[-77.03195,38.91812],[-77.03184,38.92061],[-77.03443,38.92046],[-77.03481,38.9206],[-77.03473,38.91928],[-77.03461,38.91914],[-77.03636,38.91919],[-77.03848,38.91853],[-77.03847,38.91812],[-77.03195,38.91812]]]}},{"type":"Feature","properties":{"id":"1C08","name":"SMD 1C08"},"geometry":{"type":"Polygon","coordinates":[[[-77.03649,38.92274],[-77.03889,38.92136],[-77.039,38.92317],[-77.04023,38.92312],[-77.04009,38.92075],[-77.03934,38.91929],[-77.04041,38.91891],[-77.04016,38.91807],[-77.0365,38.91915],[-77.03649,38.92274]]]}},{"type":"Feature","properties":{"id":"2F02","name":"SMD 2F02"},"geometry":{"type":"Polygon","coordinates":[[[-77.02704,38.91113],[-77.02704,38.91368],[-77.02745,38.91334],[-77.0279,38.91261],[-77.03455,38.91262],[-77.03456,38.91101],[-77.0342,38.91101],[-77.0342,38.91072],[-77.0325,38.91072],[-77.0325,38.91088],[-77.03195,38.91087],[-77.03195,38.91114],[-77.03138,38.91113],[-77.03138,38.91066],[-77.0309,38.9108],[-77.0309,38.90965],[-77.03033,38.90968],[-77.03011,38.91006],[-77.02963,38.9102],[-77.02962,38.91113],[-77.02704,38.91113]]]}},{"type":"Feature","properties":{"id":"1B06","name":"SMD 1B06"},"geometry":{"type":"Polygon","coordinates":[[[-77.03204,38.92269],[-77.03395,38.92259],[-77.03407,38.9235],[-77.03649,38.92326],[-77.0365,38.91915],[-77.03461,38.91914],[-77.03473,38.91928],[-77.03481,38.9206],[-77.03443,38.92046],[-77.03184,38.92061],[-77.03204,38.92269]]]}},{"type":"Feature","properties":{"id":"1B07","name":"SMD 1B07"},"geometry":{"type":"Polygon","coordinates":[[[-77.03195,38.91701],[-77.03195,38.91812],[-77.03847,38.91812],[-77.03848,38.91853],[-77.04019,38.91805],[-77.04085,38.91724],[-77.04123,38.91702],[-77.03195,38.91701]]]}},{"type":"Feature","properties":{"id":"1B08","name":"SMD 1B08"},"geometry":{"type":"Polygon","coordinates":[[[-77.02759,38.91558],[-77.02756,38.91683],[-77.02723,38.91683],[-77.02724,38.91701],[-77.02704,38.91701],[-77.02704,38.91812],[-77.03195,38.91812],[-77.03195,38.9141],[-77.02808,38.9141],[-77.02808,38.91558],[-77.02759,38.91558]]]}},{"type":"Feature","properties":{"id":"4D01","name":"SMD 4D01"},"geometry":{"type":"Polygon","coordinates":[[[-77.02404,38.95634],[-77.02409,38.95741],[-77.01994,38.95753],[-77.01996,38.95835],[-77.02803,38.96102],[-77.02824,38.95829],[-77.02814,38.95704],[-77.0279,38.95696],[-77.02744,38.95623],[-77.02404,38.95634]]]}},{"type":"Feature","properties":{"id":"2F07","name":"SMD 2F07"},"geometry":{"type":"Polygon","coordinates":[[[-77.02704,38.91113],[-77.02962,38.91113],[-77.02963,38.9102],[-77.03007,38.91008],[-77.03031,38.90977],[-77.03027,38.90942],[-77.03,38.90917],[-77.03025,38.90858],[-77.02963,38.90858],[-77.02963,38.90725],[-77.02809,38.90725],[-77.02808,38.90565],[-77.02704,38.90565],[-77.02704,38.90725],[-77.02599,38.90725],[-77.02599,38.90858],[-77.02704,38.90858],[-77.02704,38.91113]]]}},{"type":"Feature","properties":{"id":"3/4G05","name":"SMD 3/4G05"},"geometry":{"type":"Polygon","coordinates":[[[-77.06624,38.96102],[-77.07014,38.9697],[-77.07174,38.97193],[-77.07755,38.96739],[-77.07694,38.96726],[-77.07393,38.96208],[-77.06973,38.96209],[-77.06918,38.96102],[-77.06624,38.96102]]]}},{"type":"Feature","properties":{"id":"3A05","name":"SMD 3A05"},"geometry":{"type":"Polygon","coordinates":[[[-77.07374,38.92903],[-77.08023,38.93378],[-77.07995,38.93207],[-77.08057,38.93024],[-77.07822,38.92919],[-77.07705,38.92903],[-77.07705,38.92619],[-77.07319,38.92619],[-77.07319,38.92754],[-77.07584,38.92753],[-77.07585,38.92903],[-77.07374,38.92903]]]}},{"type":"Feature","properties":{"id":"6D05","name":"SMD 6D05"},"geometry":{"type":"Polygon","coordinates":[[[-77.00914,38.8793],[-77.01623,38.87929],[-77.01623,38.8813],[-77.01756,38.88129],[-77.01754,38.87866],[-77.01623,38.87866],[-77.01623,38.87842],[-77.01521,38.87842],[-77.01521,38.87647],[-77.01387,38.87647],[-77.01443,38.87484],[-77.01441,38.87391],[-77.01417,38.87369],[-77.01318,38.87342],[-77.01267,38.87458],[-77.01217,38.87466],[-77.01218,38.87647],[-77.0091,38.87648],[-77.00914,38.8793]]]}},{"type":"Feature","properties":{"id":"7F01","name":"SMD 7F01"},"geometry":{"type":"Polygon","coordinates":[[[-76.9426,38.89838],[-76.94659,38.89839],[-76.94634,38.89891],[-76.94581,38.89937],[-76.94655,38.9],[-76.95006,38.89726],[-76.95221,38.89523],[-76.95388,38.89391],[-76.95535,38.89242],[-76.95204,38.89124],[-76.95054,38.89327],[-76.949,38.89268],[-76.94459,38.89266],[-76.94454,38.89344],[-76.94261,38.89295],[-76.9426,38.89838]]]}},{"type":"Feature","properties":{"id":"7F06","name":"SMD 7F06"},"geometry":{"type":"Polygon","coordinates":[[[-76.95889,38.88169],[-76.94876,38.87893],[-76.94766,38.87994],[-76.94577,38.88088],[-76.94668,38.88284],[-76.94953,38.88309],[-76.94944,38.88353],[-76.94957,38.88379],[-76.95072,38.88424],[-76.95088,38.88458],[-76.94981,38.88483],[-76.94819,38.8849],[-76.9515,38.88819],[-76.95237,38.88776],[-76.95341,38.88759],[-76.95391,38.88684],[-76.95426,38.8857],[-76.95627,38.88364],[-76.9575,38.88364],[-76.95889,38.88169]]]}},{"type":"Feature","properties":{"id":"7F02","name":"SMD 7F02"},"geometry":{"type":"Polygon","coordinates":[[[-76.94456,38.88979],[-76.94456,38.89089],[-76.94262,38.89094],[-76.94261,38.89295],[-76.94454,38.89344],[-76.94459,38.89266],[-76.949,38.89268],[-76.95054,38.89327],[-76.95204,38.89124],[-76.95535,38.89242],[-76.95719,38.89045],[-76.95816,38.88979],[-76.94456,38.88979]]]}},{"type":"Feature","properties":{"id":"3/4G07","name":"SMD 3/4G07"},"geometry":{"type":"Polygon","coordinates":[[[-77.06918,38.96102],[-77.07083,38.96102],[-77.08009,38.96103],[-77.07958,38.96015],[-77.07881,38.95942],[-77.07574,38.95781],[-77.07459,38.95703],[-77.0737,38.95616],[-77.07295,38.95507],[-77.07025,38.95828],[-77.07,38.95899],[-77.0701,38.95969],[-77.06801,38.95974],[-77.06918,38.96102]]]}},{"type":"Feature","properties":{"id":"6D06","name":"SMD 6D06"},"geometry":{"type":"Polygon","coordinates":[[[-77.01942,38.8719],[-77.01772,38.87194],[-77.01752,38.87207],[-77.01515,38.87204],[-77.01514,38.87295],[-77.01756,38.87299],[-77.01761,38.87647],[-77.02015,38.87652],[-77.02059,38.87673],[-77.02122,38.87738],[-77.02215,38.8767],[-77.02189,38.87648],[-77.01942,38.8719]]]}},{"type":"Feature","properties":{"id":"5D07","name":"SMD 5D07"},"geometry":{"type":"Polygon","coordinates":[[[-76.98518,38.90066],[-76.98415,38.90022],[-76.97626,38.89887],[-76.97622,38.8995],[-76.97417,38.8995],[-76.97417,38.9039],[-76.98088,38.90117],[-76.98393,38.90243],[-76.98518,38.90066]]]}},{"type":"Feature","properties":{"id":"6D07","name":"SMD 6D07"},"geometry":{"type":"Polygon","coordinates":[[[-77.02119,38.8719],[-77.02032,38.87002],[-77.02016,38.85734],[-77.01519,38.86015],[-77.01153,38.86182],[-77.0101,38.86265],[-77.00894,38.8636],[-77.00843,38.86436],[-77.0083,38.86465],[-77.01103,38.86463],[-77.01067,38.86514],[-77.0107,38.86729],[-77.01013,38.86729],[-77.00968,38.86825],[-77.01069,38.86825],[-77.01066,38.8701],[-77.01217,38.8695],[-77.01367,38.86948],[-77.01367,38.87223],[-77.01318,38.87342],[-77.01421,38.87371],[-77.01444,38.87416],[-77.01443,38.87484],[-77.01387,38.87647],[-77.01761,38.87647],[-77.01756,38.87299],[-77.01514,38.87295],[-77.01515,38.87204],[-77.02119,38.8719]]]}},{"type":"Feature","properties":{"id":"6D08","name":"SMD 6D08"},"geometry":{"type":"Polygon","coordinates":[[[-77.01103,38.86463],[-77.0083,38.86465],[-77.00589,38.86851],[-77.00907,38.86988],[-77.0091,38.87648],[-77.01218,38.87647],[-77.01217,38.87466],[-77.01268,38.87457],[-77.01367,38.87225],[-77.01367,38.86948],[-77.01217,38.8695],[-77.01066,38.8701],[-77.01069,38.86825],[-77.00968,38.86825],[-77.01013,38.86729],[-77.0107,38.86729],[-77.01067,38.86514],[-77.01103,38.86463]]]}},{"type":"Feature","properties":{"id":"3E08","name":"SMD 3E08"},"geometry":{"type":"Polygon","coordinates":[[[-77.08662,38.93487],[-77.08578,38.93568],[-77.08802,38.9367],[-77.08892,38.93552],[-77.08942,38.93514],[-77.08998,38.93542],[-77.09039,38.93497],[-77.09099,38.93523],[-77.0902,38.93618],[-77.0904,38.93632],[-77.09005,38.93674],[-77.08965,38.93674],[-77.08866,38.93789],[-77.0894,38.93865],[-77.08916,38.93895],[-77.08869,38.93872],[-77.08812,38.93952],[-77.08877,38.94001],[-77.08996,38.93853],[-77.09175,38.93934],[-77.0938,38.93574],[-77.09344,38.93498],[-77.09288,38.9346],[-77.0924,38.93452],[-77.08917,38.93455],[-77.08773,38.93579],[-77.08707,38.93537],[-77.08662,38.93487]]]}},{"type":"Feature","properties":{"id":"3B06","name":"SMD 3B06"},"geometry":{"type":"Polygon","coordinates":[[[-77.08023,38.93378],[-77.08183,38.93495],[-77.08231,38.93422],[-77.08349,38.93426],[-77.08389,38.93396],[-77.08613,38.93403],[-77.084,38.93029],[-77.08057,38.93024],[-77.07995,38.93207],[-77.08023,38.93378]]]}},{"type":"Feature","properties":{"id":"2A06","name":"SMD 2A06"},"geometry":{"type":"Polygon","coordinates":[[[-77.0488,38.90857],[-77.04934,38.90857],[-77.04946,38.90823],[-77.05004,38.90769],[-77.0501,38.90725],[-77.05141,38.90725],[-77.05142,38.90375],[-77.0449,38.90375],[-77.0449,38.90566],[-77.04665,38.90563],[-77.04665,38.90624],[-77.047,38.90586],[-77.04801,38.90643],[-77.04881,38.90644],[-77.0488,38.90857]]]}},{"type":"Feature","properties":{"id":"2A07","name":"SMD 2A07"},"geometry":{"type":"Polygon","coordinates":[[[-77.04803,38.89602],[-77.04667,38.89603],[-77.04667,38.89736],[-77.03947,38.89736],[-77.03948,38.89211],[-77.03366,38.8921],[-77.03364,38.90021],[-77.04346,38.90021],[-77.0449,38.90071],[-77.04491,38.89959],[-77.04884,38.89958],[-77.04884,38.89646],[-77.04803,38.89602]]]}},{"type":"Feature","properties":{"id":"1C03","name":"SMD 1C03"},"geometry":{"type":"Polygon","coordinates":[[[-77.04269,38.92267],[-77.04318,38.9223],[-77.04629,38.92234],[-77.04464,38.9187],[-77.04168,38.91875],[-77.04171,38.91969],[-77.04269,38.92267]]]}},{"type":"Feature","properties":{"id":"2F04","name":"SMD 2F04"},"geometry":{"type":"Polygon","coordinates":[[[-77.02963,38.90858],[-77.03025,38.90858],[-77.03,38.90917],[-77.03027,38.90943],[-77.03457,38.90794],[-77.03457,38.90725],[-77.02963,38.90725],[-77.02963,38.90858]]]}},{"type":"Feature","properties":{"id":"3F01","name":"SMD 3F01"},"geometry":{"type":"Polygon","coordinates":[[[-77.06568,38.9479],[-77.06773,38.95142],[-77.06985,38.95142],[-77.06985,38.95074],[-77.07171,38.95073],[-77.07258,38.9483],[-77.07241,38.94723],[-77.07173,38.94629],[-77.07242,38.94629],[-77.07241,38.94222],[-77.06888,38.94222],[-77.06982,38.94404],[-77.06985,38.9471],[-77.06691,38.94709],[-77.06691,38.9479],[-77.06568,38.9479]]]}},{"type":"Feature","properties":{"id":"3C04","name":"SMD 3C04"},"geometry":{"type":"Polygon","coordinates":[[[-77.05639,38.94096],[-77.06227,38.94095],[-77.06417,38.94058],[-77.062,38.93958],[-77.06074,38.9394],[-77.05924,38.93683],[-77.05877,38.93681],[-77.0586,38.93703],[-77.05765,38.93725],[-77.05606,38.93687],[-77.05454,38.93689],[-77.05376,38.93665],[-77.05296,38.93724],[-77.05274,38.93713],[-77.0524,38.9373],[-77.05067,38.93562],[-77.04979,38.93535],[-77.04953,38.93509],[-77.04956,38.93476],[-77.04978,38.93458],[-77.04951,38.93421],[-77.05016,38.93397],[-77.05071,38.93341],[-77.05043,38.93328],[-77.04913,38.93398],[-77.04803,38.93506],[-77.04779,38.93575],[-77.04795,38.93706],[-77.0482,38.93726],[-77.04892,38.93732],[-77.05041,38.93719],[-77.05187,38.93762],[-77.05214,38.93814],[-77.05156,38.93969],[-77.05284,38.94081],[-77.05331,38.94089],[-77.05513,38.94067],[-77.05639,38.94096]]]}},{"type":"Feature","properties":{"id":"5B06","name":"SMD 5B06"},"geometry":{"type":"Polygon","coordinates":[[[-76.97155,38.93129],[-76.9745,38.93411],[-76.97956,38.93411],[-76.98452,38.93386],[-76.98428,38.9309],[-76.98257,38.93099],[-76.98221,38.92656],[-76.98201,38.92626],[-76.97155,38.93129]]]}},{"type":"Feature","properties":{"id":"8E03","name":"SMD 8E03"},"geometry":{"type":"Polygon","coordinates":[[[-76.97708,38.84648],[-76.98065,38.84543],[-76.98128,38.84662],[-76.98509,38.84554],[-76.98521,38.84415],[-76.98332,38.84464],[-76.98327,38.84284],[-76.98257,38.84163],[-76.9788,38.84323],[-76.97626,38.84383],[-76.97661,38.84545],[-76.97708,38.84648]]]}},{"type":"Feature","properties":{"id":"2F06","name":"SMD 2F06"},"geometry":{"type":"Polygon","coordinates":[[[-77.02809,38.90725],[-77.03102,38.90724],[-77.03117,38.90699],[-77.03046,38.90673],[-77.03046,38.90638],[-77.02962,38.90638],[-77.02962,38.90566],[-77.02808,38.90565],[-77.02809,38.90725]]]}},{"type":"Feature","properties":{"id":"5D04","name":"SMD 5D04"},"geometry":{"type":"Polygon","coordinates":[[[-76.9904,38.90639],[-76.98551,38.9043],[-76.98495,38.90509],[-76.9828,38.90418],[-76.98228,38.90499],[-76.9844,38.90589],[-76.98351,38.90715],[-76.98629,38.90834],[-76.98678,38.90762],[-76.98829,38.90827],[-76.9904,38.90639]]]}},{"type":"Feature","properties":{"id":"6E01","name":"SMD 6E01"},"geometry":{"type":"Polygon","coordinates":[[[-77.02192,38.90295],[-77.02192,38.90211],[-77.01893,38.90113],[-77.01893,38.90133],[-77.01618,38.90133],[-77.01618,38.90253],[-77.01893,38.90253],[-77.01893,38.90373],[-77.01783,38.90374],[-77.01804,38.90424],[-77.02192,38.90295]]]}},{"type":"Feature","properties":{"id":"5F07","name":"SMD 5F07"},"geometry":{"type":"Polygon","coordinates":[[[-77.00904,38.91682],[-77.00905,38.91386],[-77.00906,38.90736],[-77.0046,38.9089],[-77.00533,38.90922],[-77.00437,38.91261],[-77.00351,38.91261],[-77.00351,38.91317],[-77.00351,38.91558],[-77.00509,38.91557],[-77.00509,38.91629],[-77.00747,38.91629],[-77.00714,38.91747],[-77.00904,38.91682]]]}},{"type":"Feature","properties":{"id":"8E01","name":"SMD 8E01"},"geometry":{"type":"Polygon","coordinates":[[[-76.96653,38.84823],[-76.96702,38.8484],[-76.96869,38.84836],[-76.97124,38.84797],[-76.97387,38.84698],[-76.97388,38.84659],[-76.97427,38.84572],[-76.97413,38.84498],[-76.97384,38.84445],[-76.97386,38.84392],[-76.97237,38.84368],[-76.96653,38.84823]]]}},{"type":"Feature","properties":{"id":"2F08","name":"SMD 2F08"},"geometry":{"type":"Polygon","coordinates":[[[-77.02599,38.90725],[-77.02704,38.90725],[-77.02704,38.90565],[-77.02962,38.90566],[-77.02963,38.90484],[-77.02599,38.90359],[-77.02599,38.90725]]]}},{"type":"Feature","properties":{"id":"5B05","name":"SMD 5B05"},"geometry":{"type":"Polygon","coordinates":[[[-76.99484,38.93375],[-76.99444,38.93403],[-76.99425,38.93391],[-76.99303,38.93443],[-76.99116,38.93452],[-76.99122,38.9354],[-76.99098,38.93618],[-76.98868,38.93618],[-76.98832,38.93823],[-76.98831,38.94073],[-76.988,38.94073],[-76.9872,38.94142],[-76.98725,38.9418],[-76.9868,38.94176],[-76.98603,38.94243],[-76.98565,38.94257],[-76.98567,38.94287],[-76.99263,38.94287],[-76.99264,38.94073],[-76.99763,38.94074],[-76.99484,38.93375]]]}},{"type":"Feature","properties":{"id":"5B04","name":"SMD 5B04"},"geometry":{"type":"Polygon","coordinates":[[[-76.99605,38.9213],[-76.98801,38.92382],[-76.98803,38.92452],[-76.99035,38.92441],[-76.99116,38.93452],[-76.99303,38.93443],[-76.99425,38.93391],[-76.99444,38.93403],[-76.99484,38.93375],[-76.99416,38.93025],[-76.99418,38.92745],[-76.9948,38.92442],[-76.99605,38.9213]]]}},{"type":"Feature","properties":{"id":"8E09","name":"SMD 8E09"},"geometry":{"type":"Polygon","coordinates":[[[-76.9985,38.82921],[-77.00057,38.82921],[-77.0005,38.82687],[-77.00098,38.82686],[-77.00149,38.82653],[-77.00214,38.82652],[-77.00137,38.82472],[-77.00155,38.82423],[-77.00221,38.82389],[-77.00193,38.82334],[-77.00198,38.82224],[-77.00219,38.82197],[-77.00122,38.82117],[-76.99595,38.82529],[-76.99754,38.82552],[-76.99732,38.8261],[-76.99853,38.82638],[-76.9985,38.82921]]]}},{"type":"Feature","properties":{"id":"1B03","name":"SMD 1B03"},"geometry":{"type":"Polygon","coordinates":[[[-77.02524,38.91975],[-77.0255,38.92392],[-77.02804,38.92377],[-77.02804,38.92244],[-77.03201,38.92244],[-77.03184,38.92076],[-77.03194,38.92007],[-77.02968,38.92051],[-77.02962,38.91919],[-77.02486,38.91919],[-77.02524,38.91975]]]}},{"type":"Feature","properties":{"id":"8E08","name":"SMD 8E08"},"geometry":{"type":"Polygon","coordinates":[[[-76.99098,38.8323],[-76.99489,38.82921],[-76.99621,38.82921],[-76.9976,38.82695],[-76.99705,38.82652],[-76.99754,38.82552],[-76.99595,38.82529],[-76.98892,38.83077],[-76.99098,38.8323]]]}},{"type":"Feature","properties":{"id":"8E07","name":"SMD 8E07"},"geometry":{"type":"Polygon","coordinates":[[[-77.00057,38.8293],[-76.9985,38.82921],[-76.99853,38.82638],[-76.99732,38.8261],[-76.99705,38.82652],[-76.9976,38.82695],[-76.99621,38.82921],[-76.99489,38.82921],[-76.99275,38.83092],[-76.99464,38.83096],[-76.99464,38.832],[-76.99925,38.83207],[-77.00057,38.83127],[-77.00057,38.8293]]]}},{"type":"Feature","properties":{"id":"8B01","name":"SMD 8B01"},"geometry":{"type":"Polygon","coordinates":[[[-76.97099,38.86228],[-76.97338,38.86331],[-76.97574,38.86083],[-76.97361,38.85944],[-76.97522,38.85791],[-76.97434,38.85735],[-76.97521,38.85654],[-76.97342,38.85535],[-76.97175,38.85691],[-76.96997,38.85583],[-76.96998,38.85925],[-76.97093,38.85948],[-76.97254,38.86058],[-76.97099,38.86228]]]}},{"type":"Feature","properties":{"id":"8B02","name":"SMD 8B02"},"geometry":{"type":"Polygon","coordinates":[[[-76.97254,38.86058],[-76.97093,38.85948],[-76.96998,38.85925],[-76.96998,38.85304],[-76.96823,38.85292],[-76.96797,38.85257],[-76.96795,38.85132],[-76.96687,38.85131],[-76.96623,38.85046],[-76.96586,38.85034],[-76.96551,38.85044],[-76.9653,38.85081],[-76.96569,38.85152],[-76.96571,38.85485],[-76.96795,38.85804],[-76.9682,38.85897],[-76.96815,38.86023],[-76.96997,38.86177],[-76.97099,38.86228],[-76.97254,38.86058]]]}},{"type":"Feature","properties":{"id":"8B03","name":"SMD 8B03"},"geometry":{"type":"Polygon","coordinates":[[[-76.98294,38.85517],[-76.98275,38.85386],[-76.98341,38.85349],[-76.9833,38.85331],[-76.98154,38.85393],[-76.9802,38.8542],[-76.97871,38.85425],[-76.97743,38.85406],[-76.97617,38.85367],[-76.97508,38.85311],[-76.97283,38.8512],[-76.97146,38.8516],[-76.97035,38.85232],[-76.96999,38.85292],[-76.96997,38.85583],[-76.97175,38.85691],[-76.97342,38.85535],[-76.97521,38.85654],[-76.97545,38.85632],[-76.97686,38.85721],[-76.97802,38.85731],[-76.97803,38.85588],[-76.97903,38.85608],[-76.97902,38.85517],[-76.98294,38.85517]]]}},{"type":"Feature","properties":{"id":"8B04","name":"SMD 8B04"},"geometry":{"type":"Polygon","coordinates":[[[-76.98294,38.85517],[-76.98392,38.85521],[-76.98455,38.8548],[-76.98596,38.85454],[-76.98646,38.85505],[-76.987,38.8562],[-76.98769,38.85532],[-76.988,38.85519],[-76.98984,38.85522],[-76.99109,38.85553],[-76.99321,38.85566],[-76.99342,38.85669],[-76.99323,38.85808],[-76.99337,38.85899],[-76.99278,38.85913],[-76.99283,38.85948],[-76.99265,38.85976],[-76.99276,38.86048],[-76.99258,38.86071],[-76.9938,38.86151],[-76.99436,38.86061],[-76.99367,38.85932],[-76.99363,38.8555],[-76.99309,38.85449],[-76.99187,38.8536],[-76.99013,38.85306],[-76.98868,38.85282],[-76.98646,38.85273],[-76.98479,38.85288],[-76.9833,38.85331],[-76.98341,38.85349],[-76.98277,38.85382],[-76.98294,38.85517]]]}},{"type":"Feature","properties":{"id":"8B05","name":"SMD 8B05"},"geometry":{"type":"Polygon","coordinates":[[[-76.9629,38.85209],[-76.96571,38.85485],[-76.96569,38.85152],[-76.9653,38.85081],[-76.96557,38.85041],[-76.96623,38.85046],[-76.96686,38.8513],[-76.96795,38.85132],[-76.96798,38.85263],[-76.96823,38.85292],[-76.96859,38.85304],[-76.96998,38.85304],[-76.9701,38.85264],[-76.97048,38.85222],[-76.97175,38.85146],[-76.97283,38.8512],[-76.97135,38.85017],[-76.96951,38.8494],[-76.9677,38.84906],[-76.96578,38.84905],[-76.96543,38.84909],[-76.96177,38.85194],[-76.9629,38.85209]]]}},{"type":"Feature","properties":{"id":"8B06","name":"SMD 8B06"},"geometry":{"type":"Polygon","coordinates":[[[-76.97802,38.85731],[-76.98055,38.8573],[-76.98307,38.85692],[-76.98789,38.86012],[-76.98873,38.85931],[-76.99027,38.86029],[-76.99103,38.85967],[-76.99258,38.86071],[-76.99276,38.86048],[-76.99265,38.85976],[-76.99283,38.85948],[-76.99278,38.85913],[-76.99337,38.85899],[-76.99328,38.85842],[-76.98867,38.85844],[-76.98767,38.85799],[-76.98719,38.85727],[-76.98692,38.85583],[-76.98642,38.855],[-76.98596,38.85454],[-76.98455,38.8548],[-76.98392,38.85521],[-76.97902,38.85517],[-76.97903,38.85608],[-76.97803,38.85588],[-76.97802,38.85731]]]}},{"type":"Feature","properties":{"id":"8B07","name":"SMD 8B07"},"geometry":{"type":"Polygon","coordinates":[[[-76.99328,38.85842],[-76.99343,38.85676],[-76.99321,38.85566],[-76.99109,38.85553],[-76.98984,38.85522],[-76.988,38.85519],[-76.98769,38.85532],[-76.987,38.8562],[-76.98719,38.85727],[-76.98759,38.85792],[-76.98854,38.85841],[-76.99328,38.85842]]]}},{"type":"Feature","properties":{"id":"8C01","name":"SMD 8C01"},"geometry":{"type":"Polygon","coordinates":[[[-77.00912,38.86342],[-77.0101,38.86265],[-77.01153,38.86182],[-77.01519,38.86015],[-77.02016,38.85734],[-77.01861,38.85108],[-77.01895,38.85049],[-77.0139,38.85032],[-77.01498,38.84778],[-77.01479,38.84653],[-77.01495,38.84588],[-77.0117,38.84516],[-77.0033,38.8451],[-77.00346,38.84548],[-77.00488,38.84575],[-77.00536,38.84623],[-77.00567,38.8488],[-77.00493,38.84888],[-77.00464,38.84907],[-77.00287,38.848],[-77.00222,38.84863],[-76.99985,38.84718],[-76.99922,38.84781],[-76.99655,38.84622],[-76.99616,38.8468],[-76.99603,38.84731],[-76.99587,38.85236],[-76.99611,38.85587],[-76.99213,38.85374],[-76.99309,38.85449],[-76.99363,38.8555],[-76.99363,38.859],[-76.99381,38.85978],[-76.99415,38.86038],[-76.99543,38.86139],[-76.99954,38.86313],[-76.99941,38.86316],[-76.99993,38.86363],[-77.00116,38.86437],[-77.00139,38.86481],[-77.00161,38.86604],[-77.00159,38.86706],[-77.00176,38.86734],[-77.0028,38.86741],[-77.00343,38.86766],[-77.0035,38.86756],[-77.00589,38.86851],[-77.00912,38.86342]]]}},{"type":"Feature","properties":{"id":"2B01","name":"SMD 2B01"},"geometry":{"type":"Polygon","coordinates":[[[-77.03885,38.91455],[-77.03943,38.91484],[-77.04343,38.91484],[-77.04344,38.9159],[-77.04599,38.91451],[-77.04658,38.91404],[-77.04663,38.91262],[-77.04516,38.91261],[-77.04431,38.91114],[-77.04344,38.91114],[-77.04343,38.91337],[-77.03996,38.91337],[-77.03885,38.91455]]]}},{"type":"Feature","properties":{"id":"2A02","name":"SMD 2A02"},"geometry":{"type":"Polygon","coordinates":[[[-77.04934,38.90964],[-77.05005,38.90964],[-77.05018,38.90928],[-77.05107,38.90883],[-77.0528,38.90882],[-77.05355,38.90846],[-77.05433,38.90751],[-77.05519,38.90567],[-77.05597,38.90456],[-77.05331,38.90364],[-77.05142,38.90375],[-77.05141,38.90725],[-77.0501,38.90725],[-77.05002,38.90773],[-77.04935,38.90843],[-77.04934,38.90964]]]}},{"type":"Feature","properties":{"id":"4B04","name":"SMD 4B04"},"geometry":{"type":"Polygon","coordinates":[[[-77.02142,38.97128],[-77.01584,38.97128],[-77.01507,38.97141],[-77.01482,38.97167],[-77.01086,38.97247],[-77.01846,38.9784],[-77.01986,38.97745],[-77.02177,38.97482],[-77.02142,38.9748],[-77.02142,38.97128]]]}},{"type":"Feature","properties":{"id":"2E08","name":"SMD 2E08"},"geometry":{"type":"Polygon","coordinates":[[[-77.07153,38.90585],[-77.07027,38.90588],[-77.07038,38.9087],[-77.07161,38.90865],[-77.07162,38.90926],[-77.07289,38.90925],[-77.07307,38.91117],[-77.07334,38.91118],[-77.0736,38.91084],[-77.07396,38.91073],[-77.07384,38.90951],[-77.07399,38.90849],[-77.07467,38.90816],[-77.07473,38.90765],[-77.07432,38.90763],[-77.07433,38.90667],[-77.07157,38.90683],[-77.07153,38.90585]]]}},{"type":"Feature","properties":{"id":"1D02","name":"SMD 1D02"},"geometry":{"type":"Polygon","coordinates":[[[-77.03645,38.93497],[-77.03645,38.93824],[-77.03862,38.93722],[-77.03859,38.93685],[-77.03914,38.93614],[-77.03899,38.93552],[-77.03997,38.93549],[-77.03994,38.93418],[-77.03882,38.93419],[-77.038,38.93588],[-77.03691,38.9355],[-77.03705,38.93521],[-77.03645,38.93497]]]}},{"type":"Feature","properties":{"id":"1D03","name":"SMD 1D03"},"geometry":{"type":"Polygon","coordinates":[[[-77.03862,38.93722],[-77.04131,38.93618],[-77.04542,38.93589],[-77.0483,38.93481],[-77.04913,38.93398],[-77.05043,38.93328],[-77.04907,38.93269],[-77.04682,38.93261],[-77.04541,38.93322],[-77.04419,38.93273],[-77.04419,38.9333],[-77.04129,38.93329],[-77.0413,38.93238],[-77.0394,38.93262],[-77.03884,38.93254],[-77.03882,38.93419],[-77.03994,38.93418],[-77.03997,38.93549],[-77.03899,38.93552],[-77.03914,38.93614],[-77.03859,38.93685],[-77.03862,38.93722]]]}},{"type":"Feature","properties":{"id":"1D01","name":"SMD 1D01"},"geometry":{"type":"Polygon","coordinates":[[[-77.03884,38.93254],[-77.0394,38.93262],[-77.0413,38.93238],[-77.04129,38.93329],[-77.04419,38.9333],[-77.04419,38.93273],[-77.04541,38.93322],[-77.04682,38.93261],[-77.04907,38.93269],[-77.05043,38.93328],[-77.05091,38.9329],[-77.05078,38.93257],[-77.05022,38.93224],[-77.04933,38.93217],[-77.04712,38.93147],[-77.04571,38.93145],[-77.04417,38.92975],[-77.04395,38.9297],[-77.04131,38.9297],[-77.0413,38.93058],[-77.03895,38.93057],[-77.03816,38.93078],[-77.03884,38.93254]]]}},{"type":"Feature","properties":{"id":"5E05","name":"SMD 5E05"},"geometry":{"type":"Polygon","coordinates":[[[-77.00904,38.91811],[-77.00905,38.92667],[-77.01214,38.92629],[-77.01215,38.92131],[-77.01271,38.92131],[-77.01371,38.92091],[-77.01494,38.92068],[-77.01475,38.91918],[-77.01354,38.91918],[-77.01354,38.91812],[-77.00904,38.91811]]]}},{"type":"Feature","properties":{"id":"5E06","name":"SMD 5E06"},"geometry":{"type":"Polygon","coordinates":[[[-77.01818,38.92859],[-77.01747,38.9282],[-77.01661,38.92746],[-77.01442,38.92634],[-77.012,38.9263],[-77.00905,38.92667],[-77.00904,38.91811],[-77.00695,38.91812],[-77.00641,38.91982],[-77.00436,38.92101],[-77.003,38.92525],[-77.00245,38.9256],[-77.0038,38.92568],[-77.00553,38.92622],[-77.00599,38.92651],[-77.0063,38.92702],[-77.00577,38.92729],[-77.00376,38.92961],[-77.00245,38.93045],[-77.00424,38.93143],[-77.00773,38.93124],[-77.01521,38.93117],[-77.01621,38.9307],[-77.01818,38.92859]]]}},{"type":"Feature","properties":{"id":"5F01","name":"SMD 5F01"},"geometry":{"type":"Polygon","coordinates":[[[-77.00356,38.92344],[-76.99957,38.92345],[-76.99843,38.92399],[-76.99848,38.92718],[-76.99774,38.92752],[-76.99774,38.92878],[-76.99801,38.92926],[-76.99761,38.92941],[-76.99618,38.92942],[-76.99618,38.93041],[-76.99686,38.93045],[-76.9974,38.93129],[-76.99618,38.93139],[-76.99618,38.93237],[-76.99748,38.93237],[-76.99769,38.93255],[-77.00146,38.93099],[-77.00367,38.92969],[-77.00577,38.92729],[-77.0063,38.92702],[-77.00599,38.92651],[-77.00553,38.92622],[-77.0038,38.92568],[-77.00245,38.9256],[-77.003,38.92525],[-77.00356,38.92344]]]}},{"type":"Feature","properties":{"id":"8C02","name":"SMD 8C02"},"geometry":{"type":"Polygon","coordinates":[[[-76.99739,38.8451],[-76.99655,38.84622],[-76.99922,38.84781],[-76.99985,38.84718],[-77.00222,38.84863],[-77.00287,38.848],[-77.00464,38.84907],[-77.00493,38.84888],[-77.00567,38.8488],[-77.00537,38.84627],[-77.00494,38.84577],[-77.0035,38.8455],[-77.0033,38.8451],[-76.99739,38.8451]]]}},{"type":"Feature","properties":{"id":"8C03","name":"SMD 8C03"},"geometry":{"type":"Polygon","coordinates":[[[-76.99201,38.85367],[-76.99611,38.85587],[-76.99587,38.85236],[-76.99608,38.84701],[-76.99797,38.84432],[-76.99954,38.84337],[-76.9995,38.84307],[-76.99736,38.84319],[-76.98863,38.84465],[-76.98443,38.84572],[-76.98455,38.84617],[-76.98266,38.84791],[-76.9825,38.84927],[-76.98335,38.84937],[-76.98442,38.8501],[-76.98379,38.85053],[-76.98293,38.8508],[-76.98101,38.85076],[-76.98114,38.85154],[-76.98303,38.85292],[-76.9833,38.85331],[-76.98502,38.85285],[-76.98767,38.85274],[-76.98991,38.85301],[-76.99201,38.85367]]]}},{"type":"Feature","properties":{"id":"8C04","name":"SMD 8C04"},"geometry":{"type":"Polygon","coordinates":[[[-77.00776,38.842],[-77.00617,38.8413],[-77.00672,38.84039],[-77.00496,38.83944],[-77.00603,38.83803],[-77.00247,38.83801],[-77.00106,38.83614],[-76.99843,38.83756],[-76.99845,38.84312],[-76.9995,38.84307],[-76.99954,38.84337],[-76.99816,38.84414],[-76.99739,38.8451],[-77.00722,38.8451],[-77.00776,38.842]]]}},{"type":"Feature","properties":{"id":"8C05","name":"SMD 8C05"},"geometry":{"type":"Polygon","coordinates":[[[-76.97284,38.8512],[-76.97508,38.85311],[-76.97617,38.85367],[-76.97743,38.85406],[-76.97871,38.85425],[-76.9802,38.8542],[-76.98154,38.85393],[-76.9833,38.85331],[-76.98303,38.85292],[-76.98114,38.85154],[-76.98101,38.85076],[-76.97949,38.8507],[-76.97801,38.85142],[-76.97732,38.85159],[-76.97729,38.85098],[-76.97888,38.85015],[-76.9786,38.84982],[-76.97744,38.84936],[-76.97831,38.84818],[-76.97917,38.84746],[-76.97847,38.84611],[-76.97706,38.84648],[-76.97716,38.84699],[-76.97687,38.84745],[-76.97551,38.8487],[-76.97421,38.84932],[-76.97421,38.85099],[-76.97284,38.8512]]]}},{"type":"Feature","properties":{"id":"8C06","name":"SMD 8C06"},"geometry":{"type":"Polygon","coordinates":[[[-76.98509,38.84554],[-76.98813,38.84474],[-76.99243,38.844],[-76.99189,38.8411],[-76.99205,38.84001],[-76.99154,38.83917],[-76.98851,38.83984],[-76.98851,38.84186],[-76.98657,38.84237],[-76.98569,38.84298],[-76.98482,38.84272],[-76.98441,38.84368],[-76.98466,38.8443],[-76.98521,38.84415],[-76.98509,38.84554]]]}},{"type":"Feature","properties":{"id":"7F04","name":"SMD 7F04"},"geometry":{"type":"Polygon","coordinates":[[[-76.94261,38.89679],[-76.9426,38.896],[-76.9392,38.89556],[-76.93921,38.89153],[-76.93818,38.89076],[-76.93755,38.88978],[-76.93274,38.88977],[-76.93292,38.8903],[-76.93291,38.89403],[-76.93488,38.89428],[-76.93491,38.89622],[-76.93514,38.89672],[-76.93553,38.8971],[-76.9365,38.89749],[-76.93775,38.89752],[-76.93775,38.89678],[-76.94261,38.89679]]]}},{"type":"Feature","properties":{"id":"8C07","name":"SMD 8C07"},"geometry":{"type":"Polygon","coordinates":[[[-76.99845,38.84312],[-76.99843,38.83756],[-77.00076,38.8363],[-77.00053,38.83301],[-76.99598,38.8359],[-76.9932,38.83672],[-76.99349,38.83737],[-76.99356,38.83881],[-76.99154,38.83917],[-76.99205,38.84001],[-76.99189,38.8411],[-76.99243,38.844],[-76.99845,38.84312]]]}},{"type":"Feature","properties":{"id":"8D01","name":"SMD 8D01"},"geometry":{"type":"Polygon","coordinates":[[[-77.00722,38.8451],[-77.00836,38.8451],[-77.00884,38.84051],[-77.00923,38.83936],[-77.00895,38.83847],[-77.01563,38.82976],[-77.01641,38.82839],[-77.01273,38.82867],[-77.01002,38.82867],[-77.00811,38.82918],[-77.00589,38.82921],[-77.00589,38.83791],[-77.00603,38.83803],[-77.00496,38.83944],[-77.00672,38.84039],[-77.00617,38.8413],[-77.00776,38.842],[-77.00722,38.8451]]]}},{"type":"Feature","properties":{"id":"8F01","name":"SMD 8F01"},"geometry":{"type":"Polygon","coordinates":[[[-76.99136,38.87345],[-76.99154,38.87758],[-76.99207,38.87758],[-76.99341,38.878],[-76.99368,38.87785],[-76.99368,38.87764],[-77.00205,38.87998],[-77.00205,38.87754],[-77.00058,38.87753],[-77.00054,38.87489],[-76.99777,38.87492],[-76.99772,38.87249],[-76.99869,38.87272],[-77.00054,38.87286],[-77.00071,38.87061],[-76.99954,38.87049],[-77.00006,38.86964],[-76.99573,38.86854],[-76.99394,38.86844],[-76.99287,38.86865],[-76.99174,38.86909],[-76.98955,38.8707],[-76.99092,38.87248],[-76.99136,38.87345]]]}},{"type":"Feature","properties":{"id":"8F02","name":"SMD 8F02"},"geometry":{"type":"Polygon","coordinates":[[[-77.0091,38.87648],[-77.00907,38.86988],[-77.0039,38.86772],[-77.00304,38.86897],[-77.00236,38.86947],[-77.00121,38.8698],[-77.00006,38.86964],[-76.99954,38.87049],[-77.00071,38.87061],[-77.00054,38.87286],[-76.99869,38.87272],[-76.99772,38.87249],[-76.99777,38.87492],[-77.00054,38.87489],[-77.00058,38.87649],[-77.0091,38.87648]]]}},{"type":"Feature","properties":{"id":"4E05","name":"SMD 4E05"},"geometry":{"type":"Polygon","coordinates":[[[-77.03273,38.9472],[-77.03643,38.94725],[-77.03645,38.93975],[-77.03795,38.93974],[-77.0377,38.93895],[-77.03645,38.93896],[-77.03645,38.93824],[-77.03575,38.93854],[-77.03529,38.939],[-77.03508,38.93954],[-77.03508,38.94056],[-77.03218,38.94392],[-77.0317,38.94507],[-77.03273,38.94507],[-77.03273,38.9472]]]}},{"type":"Feature","properties":{"id":"4E06","name":"SMD 4E06"},"geometry":{"type":"Polygon","coordinates":[[[-77.03645,38.93975],[-77.0364,38.95294],[-77.04407,38.95295],[-77.04487,38.95202],[-77.04497,38.95128],[-77.04566,38.95055],[-77.04685,38.9499],[-77.04708,38.94958],[-77.04688,38.94901],[-77.047,38.94844],[-77.04685,38.94823],[-77.04557,38.94778],[-77.04519,38.94791],[-77.04478,38.94856],[-77.04447,38.9486],[-77.04413,38.9484],[-77.04409,38.94789],[-77.04528,38.94676],[-77.04573,38.94573],[-77.04598,38.94551],[-77.04729,38.94574],[-77.04784,38.94568],[-77.04849,38.94482],[-77.04992,38.94358],[-77.05014,38.94303],[-77.05094,38.94212],[-77.05132,38.94142],[-77.0512,38.94038],[-77.05214,38.93814],[-77.05207,38.93783],[-77.05187,38.93762],[-77.05041,38.93719],[-77.04892,38.93732],[-77.04808,38.9372],[-77.04785,38.93687],[-77.04779,38.93575],[-77.04803,38.93506],[-77.0483,38.93481],[-77.04516,38.93595],[-77.04112,38.93623],[-77.03645,38.93824],[-77.03645,38.93896],[-77.0377,38.93895],[-77.03795,38.93974],[-77.03645,38.93975]]]}},{"type":"Feature","properties":{"id":"4E04","name":"SMD 4E04"},"geometry":{"type":"Polygon","coordinates":[[[-77.03283,38.9472],[-77.03273,38.94507],[-77.02634,38.94507],[-77.02667,38.94641],[-77.02729,38.95081],[-77.03343,38.95081],[-77.03343,38.95001],[-77.03326,38.94975],[-77.03642,38.94975],[-77.03643,38.94725],[-77.03283,38.9472]]]}},{"type":"Feature","properties":{"id":"5C01","name":"SMD 5C01"},"geometry":{"type":"Polygon","coordinates":[[[-76.96516,38.92518],[-76.95757,38.92007],[-76.95668,38.92059],[-76.95784,38.92136],[-76.95785,38.92155],[-76.95665,38.92266],[-76.95752,38.92326],[-76.95665,38.92447],[-76.95618,38.92486],[-76.95649,38.92541],[-76.95661,38.926],[-76.95622,38.92789],[-76.95687,38.9285],[-76.95737,38.92823],[-76.95804,38.92816],[-76.9584,38.92875],[-76.95958,38.92951],[-76.96144,38.92823],[-76.96516,38.92518]]]}},{"type":"Feature","properties":{"id":"5C02","name":"SMD 5C02"},"geometry":{"type":"Polygon","coordinates":[[[-76.96706,38.92698],[-76.97217,38.92252],[-76.97217,38.92452],[-76.979,38.92452],[-76.97901,38.9199],[-76.97852,38.91925],[-76.9783,38.91811],[-76.97486,38.91838],[-76.97178,38.91833],[-76.96762,38.92313],[-76.96079,38.92871],[-76.95958,38.92951],[-76.9584,38.92875],[-76.95804,38.92816],[-76.95743,38.92821],[-76.95627,38.92896],[-76.9559,38.92952],[-76.96124,38.9337],[-76.96273,38.93289],[-76.96396,38.93288],[-76.96423,38.93213],[-76.97009,38.92994],[-76.96706,38.92698]]]}},{"type":"Feature","properties":{"id":"5C03","name":"SMD 5C03"},"geometry":{"type":"Polygon","coordinates":[[[-76.95494,38.91826],[-76.95318,38.91904],[-76.95192,38.91924],[-76.95064,38.91917],[-76.94346,38.91807],[-76.94242,38.91805],[-76.94186,38.91854],[-76.9559,38.92952],[-76.95605,38.92914],[-76.95687,38.9285],[-76.95619,38.92779],[-76.95661,38.926],[-76.95649,38.92541],[-76.95618,38.92486],[-76.95665,38.92447],[-76.95752,38.92326],[-76.95665,38.92266],[-76.95785,38.92155],[-76.95784,38.92136],[-76.95668,38.92059],[-76.95757,38.92007],[-76.95494,38.91826]]]}},{"type":"Feature","properties":{"id":"5C04","name":"SMD 5C04"},"geometry":{"type":"Polygon","coordinates":[[[-76.94242,38.91805],[-76.94411,38.91812],[-76.95152,38.91923],[-76.9531,38.91906],[-76.95494,38.91826],[-76.96516,38.92518],[-76.96801,38.92275],[-76.97178,38.91833],[-76.97486,38.91838],[-76.9783,38.91811],[-76.97817,38.91729],[-76.97841,38.917],[-76.98509,38.91107],[-76.98314,38.91034],[-76.98376,38.90977],[-76.9796,38.9076],[-76.97852,38.90735],[-76.97498,38.90589],[-76.97499,38.90563],[-76.95822,38.9055],[-76.95721,38.90747],[-76.9543,38.91116],[-76.95392,38.91209],[-76.95373,38.91393],[-76.9535,38.91439],[-76.95242,38.91482],[-76.94731,38.91496],[-76.94639,38.91512],[-76.94446,38.91632],[-76.94242,38.91805]]]}},{"type":"Feature","properties":{"id":"5C05","name":"SMD 5C05"},"geometry":{"type":"Polygon","coordinates":[[[-76.9783,38.91811],[-76.97852,38.91925],[-76.97901,38.9199],[-76.98,38.91922],[-76.98205,38.91919],[-76.98209,38.92012],[-76.98232,38.92079],[-76.9828,38.92132],[-76.98381,38.92203],[-76.98455,38.92138],[-76.98594,38.92234],[-76.9865,38.92206],[-76.98858,38.92205],[-76.98837,38.92311],[-76.98801,38.92382],[-76.99605,38.9213],[-77.00173,38.90999],[-76.99812,38.91168],[-76.98185,38.91729],[-76.9783,38.91811]]]}},{"type":"Feature","properties":{"id":"5C06","name":"SMD 5C06"},"geometry":{"type":"Polygon","coordinates":[[[-76.979,38.92452],[-76.9856,38.92457],[-76.98801,38.92382],[-76.98837,38.92311],[-76.98858,38.92205],[-76.9865,38.92206],[-76.98594,38.92234],[-76.98455,38.92138],[-76.98381,38.92203],[-76.9828,38.92132],[-76.98232,38.92079],[-76.98209,38.92012],[-76.98205,38.91919],[-76.98,38.91922],[-76.97901,38.9199],[-76.979,38.92452]]]}},{"type":"Feature","properties":{"id":"5C07","name":"SMD 5C07"},"geometry":{"type":"Polygon","coordinates":[[[-76.97155,38.93129],[-76.98468,38.92498],[-76.9856,38.92457],[-76.97217,38.92452],[-76.97217,38.92252],[-76.96706,38.92698],[-76.97155,38.93129]]]}},{"type":"Feature","properties":{"id":"1C06","name":"SMD 1C06"},"geometry":{"type":"Polygon","coordinates":[[[-77.04122,38.92687],[-77.04042,38.92663],[-77.04123,38.92615],[-77.04155,38.92615],[-77.04161,38.92548],[-77.04109,38.92523],[-77.04014,38.92436],[-77.03649,38.92653],[-77.03671,38.92713],[-77.03757,38.92695],[-77.03851,38.92718],[-77.04122,38.92719],[-77.04122,38.92687]]]}},{"type":"Feature","properties":{"id":"5A08","name":"SMD 5A08"},"geometry":{"type":"Polygon","coordinates":[[[-77.00005,38.94628],[-76.99495,38.94628],[-76.99496,38.94827],[-76.99111,38.94827],[-76.99058,38.94788],[-76.99055,38.95241],[-76.98926,38.95242],[-76.9884,38.95325],[-76.99042,38.95358],[-76.99185,38.95362],[-76.99682,38.95264],[-76.99436,38.95075],[-76.9949,38.95032],[-76.99496,38.95005],[-76.99909,38.95007],[-76.99919,38.95178],[-77.00086,38.95109],[-77.00203,38.95109],[-77.00005,38.94628]]]}},{"type":"Feature","properties":{"id":"1C01","name":"SMD 1C01"},"geometry":{"type":"Polygon","coordinates":[[[-77.04168,38.91875],[-77.04464,38.9187],[-77.04478,38.91906],[-77.04629,38.91656],[-77.04617,38.91439],[-77.04087,38.91722],[-77.04043,38.91778],[-77.04165,38.91783],[-77.04168,38.91875]]]}},{"type":"Feature","properties":{"id":"4A07","name":"SMD 4A07"},"geometry":{"type":"Polygon","coordinates":[[[-77.03342,38.97151],[-77.03637,38.97151],[-77.03637,38.97228],[-77.03728,38.97199],[-77.03793,38.9722],[-77.03796,38.97254],[-77.03746,38.97299],[-77.03756,38.9732],[-77.03783,38.97325],[-77.03999,38.97284],[-77.04014,38.97236],[-77.04009,38.97185],[-77.04062,38.97165],[-77.04122,38.97115],[-77.0421,38.97096],[-77.04325,38.97125],[-77.0444,38.97093],[-77.04466,38.97065],[-77.04502,38.96973],[-77.0451,38.96906],[-77.04585,38.96856],[-77.0467,38.96758],[-77.04685,38.96642],[-77.04745,38.96507],[-77.0474,38.96454],[-77.0461,38.96306],[-77.04473,38.96236],[-77.04344,38.96137],[-77.04089,38.96279],[-77.03955,38.9631],[-77.03841,38.96304],[-77.03343,38.96205],[-77.03342,38.96544],[-77.03639,38.96543],[-77.03639,38.96686],[-77.03637,38.96993],[-77.03338,38.96993],[-77.03342,38.97151]]]}},{"type":"Feature","properties":{"id":"3E07","name":"SMD 3E07"},"geometry":{"type":"Polygon","coordinates":[[[-77.08545,38.94004],[-77.0863,38.93898],[-77.08895,38.94124],[-77.08965,38.94065],[-77.09027,38.94111],[-77.09065,38.94119],[-77.09175,38.93934],[-77.08996,38.93853],[-77.08877,38.94001],[-77.08812,38.93952],[-77.08869,38.93872],[-77.08916,38.93895],[-77.0894,38.93865],[-77.08866,38.93789],[-77.08965,38.93674],[-77.09005,38.93674],[-77.0904,38.93632],[-77.0902,38.93618],[-77.09099,38.93523],[-77.09039,38.93497],[-77.08998,38.93542],[-77.08942,38.93514],[-77.08892,38.93552],[-77.08802,38.9367],[-77.08578,38.93568],[-77.08472,38.93706],[-77.08559,38.93767],[-77.08544,38.93797],[-77.08564,38.93823],[-77.08462,38.93943],[-77.08545,38.94004]]]}},{"type":"Feature","properties":{"id":"1B02","name":"SMD 1B02"},"geometry":{"type":"Polygon","coordinates":[[[-77.02093,38.91643],[-77.0219,38.91646],[-77.0219,38.91777],[-77.02395,38.91777],[-77.02441,38.91841],[-77.02464,38.91812],[-77.02704,38.91812],[-77.02704,38.91701],[-77.02724,38.91701],[-77.02723,38.91683],[-77.02756,38.91683],[-77.02759,38.91558],[-77.02808,38.91558],[-77.02808,38.9141],[-77.02087,38.91409],[-77.02087,38.91558],[-77.02066,38.91575],[-77.0212,38.91598],[-77.02093,38.91643]]]}},{"type":"Feature","properties":{"id":"5D08","name":"SMD 5D08"},"geometry":{"type":"Polygon","coordinates":[[[-76.97852,38.90735],[-76.9796,38.9076],[-76.98083,38.90569],[-76.97998,38.90537],[-76.98059,38.90441],[-76.97899,38.90438],[-76.97899,38.90372],[-76.97622,38.90372],[-76.97622,38.90308],[-76.97417,38.9039],[-76.97418,38.90563],[-76.97499,38.90563],[-76.97498,38.90589],[-76.97852,38.90735]]]}},{"type":"Feature","properties":{"id":"1B09","name":"SMD 1B09"},"geometry":{"type":"Polygon","coordinates":[[[-77.02566,38.9249],[-77.02971,38.92476],[-77.02971,38.92377],[-77.03215,38.92377],[-77.03213,38.92364],[-77.03235,38.92361],[-77.03407,38.9235],[-77.03398,38.92262],[-77.03204,38.92269],[-77.03201,38.92244],[-77.02804,38.92244],[-77.02804,38.92377],[-77.0255,38.92392],[-77.02566,38.9249]]]}},{"type":"Feature","properties":{"id":"4A01","name":"SMD 4A01"},"geometry":{"type":"Polygon","coordinates":[[[-77.02662,38.98478],[-77.04097,38.99597],[-77.05242,38.98702],[-77.05229,38.98694],[-77.05241,38.98649],[-77.05227,38.98631],[-77.05161,38.98615],[-77.05061,38.98628],[-77.05001,38.98605],[-77.04951,38.98619],[-77.04917,38.9856],[-77.04759,38.98542],[-77.04686,38.98472],[-77.04574,38.98413],[-77.0443,38.98387],[-77.04326,38.98404],[-77.04238,38.98397],[-77.04164,38.98329],[-77.04085,38.98317],[-77.04022,38.9827],[-77.03992,38.9823],[-77.03992,38.98184],[-77.04054,38.98098],[-77.04136,38.98053],[-77.04171,38.98054],[-77.04192,38.98013],[-77.04215,38.98006],[-77.04362,38.98071],[-77.04454,38.98027],[-77.04464,38.97992],[-77.04413,38.97939],[-77.04383,38.97824],[-77.04261,38.97787],[-77.03988,38.97626],[-77.03978,38.97529],[-77.04003,38.97487],[-77.03952,38.97429],[-77.03949,38.97397],[-77.03999,38.97284],[-77.03765,38.97324],[-77.03747,38.97294],[-77.03794,38.97256],[-77.03799,38.9723],[-77.03778,38.97209],[-77.03726,38.97199],[-77.03637,38.97228],[-77.03634,38.98739],[-77.03566,38.98734],[-77.03388,38.98667],[-77.03261,38.9866],[-77.0313,38.98625],[-77.03067,38.9858],[-77.03053,38.98546],[-77.02969,38.98533],[-77.02969,38.98447],[-77.02688,38.98383],[-77.02662,38.98423],[-77.02662,38.98478]]]}},{"type":"Feature","properties":{"id":"3C06","name":"SMD 3C06"},"geometry":{"type":"Polygon","coordinates":[[[-77.05071,38.93341],[-77.05016,38.93397],[-77.04951,38.93421],[-77.04978,38.93458],[-77.04956,38.93476],[-77.04953,38.93509],[-77.04979,38.93535],[-77.05067,38.93562],[-77.0524,38.9373],[-77.05274,38.93713],[-77.05296,38.93724],[-77.05376,38.93665],[-77.05454,38.93689],[-77.05606,38.93687],[-77.0576,38.93725],[-77.0586,38.93703],[-77.05877,38.93681],[-77.06003,38.93686],[-77.06107,38.93716],[-77.06108,38.93583],[-77.06001,38.93561],[-77.05851,38.93557],[-77.05674,38.93253],[-77.0546,38.93281],[-77.05358,38.93347],[-77.05175,38.93393],[-77.05071,38.93341]]]}},{"type":"Feature","properties":{"id":"4A02","name":"SMD 4A02"},"geometry":{"type":"Polygon","coordinates":[[[-77.03637,38.97487],[-77.03227,38.9787],[-77.02788,38.9787],[-77.02788,38.9794],[-77.02646,38.9794],[-77.0266,38.98429],[-77.02688,38.98383],[-77.02969,38.98447],[-77.02969,38.98533],[-77.03053,38.98546],[-77.03067,38.9858],[-77.0313,38.98625],[-77.03261,38.9866],[-77.03388,38.98667],[-77.03566,38.98734],[-77.03634,38.98739],[-77.03637,38.97487]]]}},{"type":"Feature","properties":{"id":"4A03","name":"SMD 4A03"},"geometry":{"type":"Polygon","coordinates":[[[-77.02727,38.96993],[-77.02644,38.97788],[-77.02646,38.9794],[-77.02788,38.9794],[-77.02788,38.9787],[-77.03227,38.9787],[-77.03637,38.97487],[-77.03637,38.97151],[-77.03342,38.97151],[-77.03338,38.96993],[-77.02727,38.96993]]]}},{"type":"Feature","properties":{"id":"1A09","name":"SMD 1A09"},"geometry":{"type":"Polygon","coordinates":[[[-77.02971,38.92864],[-77.0321,38.92864],[-77.03264,38.92881],[-77.03224,38.92476],[-77.02704,38.92477],[-77.02704,38.92576],[-77.02971,38.92576],[-77.02971,38.92864]]]}},{"type":"Feature","properties":{"id":"4A04","name":"SMD 4A04"},"geometry":{"type":"Polygon","coordinates":[[[-77.02727,38.96993],[-77.03637,38.96993],[-77.03639,38.96686],[-77.02969,38.96686],[-77.02969,38.96758],[-77.02783,38.96735],[-77.02748,38.96754],[-77.02727,38.96993]]]}},{"type":"Feature","properties":{"id":"8D02","name":"SMD 8D02"},"geometry":{"type":"Polygon","coordinates":[[[-77.0139,38.85032],[-77.01895,38.85049],[-77.01861,38.85108],[-77.02016,38.85734],[-77.0322,38.85066],[-77.03204,38.85016],[-77.0322,38.85009],[-77.03199,38.85004],[-77.03223,38.84983],[-77.03239,38.84758],[-77.03316,38.84437],[-77.02192,38.84091],[-77.01729,38.83983],[-77.01817,38.83782],[-77.02068,38.8351],[-77.02101,38.83452],[-77.02106,38.83375],[-77.02073,38.83306],[-77.02149,38.83275],[-77.02127,38.83227],[-77.02057,38.83198],[-77.02044,38.83177],[-77.02122,38.83016],[-77.021,38.82931],[-77.01721,38.83009],[-77.01681,38.82979],[-77.01636,38.8303],[-77.01567,38.83037],[-77.01667,38.82873],[-77.01677,38.82838],[-77.01641,38.82839],[-77.01563,38.82976],[-77.00895,38.83847],[-77.00923,38.83936],[-77.00884,38.84051],[-77.00836,38.8451],[-77.01153,38.84512],[-77.01495,38.84588],[-77.01479,38.84653],[-77.01498,38.84778],[-77.0139,38.85032]]]}},{"type":"Feature","properties":{"id":"8E06","name":"SMD 8E06"},"geometry":{"type":"Polygon","coordinates":[[[-76.98898,38.83083],[-76.98724,38.83209],[-76.99082,38.83435],[-76.99134,38.83402],[-76.99207,38.83418],[-76.99266,38.83372],[-76.99411,38.83484],[-76.99532,38.8355],[-76.99578,38.83599],[-77.00053,38.83301],[-77.00057,38.83285],[-77.00057,38.83127],[-76.99925,38.83207],[-76.99464,38.832],[-76.99464,38.83096],[-76.99275,38.83092],[-76.99091,38.83236],[-76.98898,38.83083]]]}},{"type":"Feature","properties":{"id":"8E05","name":"SMD 8E05"},"geometry":{"type":"Polygon","coordinates":[[[-76.99171,38.83646],[-76.99023,38.83495],[-76.99019,38.83474],[-76.99082,38.83435],[-76.98724,38.83209],[-76.97237,38.84368],[-76.9736,38.84391],[-76.97573,38.84388],[-76.97751,38.8436],[-76.97914,38.84311],[-76.97939,38.84302],[-76.9789,38.84209],[-76.97943,38.8414],[-76.98023,38.84122],[-76.98055,38.84143],[-76.98085,38.84138],[-76.98305,38.84045],[-76.98411,38.84057],[-76.98481,38.84022],[-76.98486,38.83978],[-76.98854,38.83862],[-76.98814,38.83755],[-76.98753,38.83675],[-76.98776,38.83662],[-76.98941,38.83599],[-76.98997,38.83612],[-76.99023,38.83649],[-76.99067,38.83669],[-76.99171,38.83646]]]}},{"type":"Feature","properties":{"id":"3A01","name":"SMD 3A01"},"geometry":{"type":"Polygon","coordinates":[[[-77.07703,38.94317],[-77.07918,38.94317],[-77.07877,38.94214],[-77.0793,38.93945],[-77.07977,38.93344],[-77.0753,38.93349],[-77.07315,38.93608],[-77.07703,38.94317]]]}},{"type":"Feature","properties":{"id":"1A07","name":"SMD 1A07"},"geometry":{"type":"Polygon","coordinates":[[[-77.0252,38.93513],[-77.02973,38.93629],[-77.02972,38.93237],[-77.02849,38.9328],[-77.02826,38.93183],[-77.02676,38.93233],[-77.02676,38.93306],[-77.0252,38.93513]]]}},{"type":"Feature","properties":{"id":"1D04","name":"SMD 1D04"},"geometry":{"type":"Polygon","coordinates":[[[-77.03646,38.93166],[-77.03884,38.93254],[-77.03816,38.93078],[-77.03885,38.93058],[-77.03887,38.92881],[-77.03648,38.9287],[-77.03646,38.93166]]]}},{"type":"Feature","properties":{"id":"1D05","name":"SMD 1D05"},"geometry":{"type":"Polygon","coordinates":[[[-77.03885,38.93058],[-77.0413,38.93058],[-77.04131,38.9297],[-77.04407,38.92972],[-77.04571,38.93145],[-77.04712,38.93147],[-77.04463,38.9287],[-77.04457,38.9281],[-77.04337,38.92798],[-77.04172,38.92721],[-77.03856,38.92718],[-77.03757,38.92695],[-77.03649,38.92716],[-77.03648,38.9287],[-77.03887,38.92881],[-77.03885,38.93058]]]}},{"type":"Feature","properties":{"id":"1E05","name":"SMD 1E05"},"geometry":{"type":"Polygon","coordinates":[[[-77.0134,38.92236],[-77.01298,38.92344],[-77.01215,38.92348],[-77.01214,38.92629],[-77.01458,38.92638],[-77.01723,38.92777],[-77.01826,38.92799],[-77.01985,38.92792],[-77.02045,38.92754],[-77.02594,38.92686],[-77.02566,38.9249],[-77.02267,38.92517],[-77.02192,38.92],[-77.01803,38.92037],[-77.01818,38.92137],[-77.01701,38.92148],[-77.0172,38.92255],[-77.017,38.92271],[-77.01609,38.92227],[-77.01512,38.92204],[-77.01389,38.92206],[-77.0134,38.92236]]]}},{"type":"Feature","properties":{"id":"5E04","name":"SMD 5E04"},"geometry":{"type":"Polygon","coordinates":[[[-77.00695,38.91812],[-77.01354,38.91812],[-77.01354,38.91918],[-77.01475,38.91918],[-77.01427,38.915],[-77.01216,38.91573],[-77.01216,38.91554],[-77.00905,38.91557],[-77.00904,38.91682],[-77.00714,38.91747],[-77.00695,38.91812]]]}},{"type":"Feature","properties":{"id":"3E01","name":"SMD 3E01"},"geometry":{"type":"Polygon","coordinates":[[[-77.08018,38.94882],[-77.08161,38.9497],[-77.08204,38.9497],[-77.08204,38.95],[-77.08353,38.95104],[-77.08864,38.95105],[-77.08864,38.95037],[-77.09061,38.95037],[-77.09061,38.94791],[-77.08864,38.94791],[-77.08863,38.94629],[-77.07909,38.94629],[-77.07889,38.94651],[-77.08018,38.94882]]]}},{"type":"Feature","properties":{"id":"2B05","name":"SMD 2B05"},"geometry":{"type":"Polygon","coordinates":[[[-77.03849,38.90965],[-77.04265,38.90965],[-77.04289,38.9092],[-77.04341,38.90903],[-77.04391,38.90915],[-77.04445,38.90858],[-77.04664,38.90858],[-77.04664,38.90725],[-77.04345,38.90725],[-77.04345,38.90566],[-77.04087,38.90574],[-77.0385,38.90656],[-77.03849,38.90965]]]}},{"type":"Feature","properties":{"id":"4B03","name":"SMD 4B03"},"geometry":{"type":"Polygon","coordinates":[[[-77.02245,38.97128],[-77.02245,38.96271],[-77.01617,38.96271],[-77.01615,38.97128],[-77.02245,38.97128]]]}},{"type":"Feature","properties":{"id":"4B01","name":"SMD 4B01"},"geometry":{"type":"Polygon","coordinates":[[[-77.02666,38.97582],[-77.02107,38.97581],[-77.01981,38.97751],[-77.01846,38.9784],[-77.02662,38.98478],[-77.02643,38.97825],[-77.02666,38.97582]]]}},{"type":"Feature","properties":{"id":"3A02","name":"SMD 3A02"},"geometry":{"type":"Polygon","coordinates":[[[-77.07242,38.93349],[-77.07977,38.93344],[-77.07374,38.92903],[-77.07585,38.92903],[-77.07584,38.92753],[-77.07319,38.92754],[-77.07314,38.92883],[-77.07242,38.93349]]]}},{"type":"Feature","properties":{"id":"3A03","name":"SMD 3A03"},"geometry":{"type":"Polygon","coordinates":[[[-77.0753,38.93349],[-77.07242,38.93349],[-77.07265,38.93188],[-77.07088,38.93176],[-77.07089,38.93734],[-77.06864,38.93734],[-77.06864,38.93909],[-77.0668,38.93909],[-77.06735,38.93972],[-77.06787,38.94091],[-77.0686,38.94169],[-77.06888,38.94222],[-77.07241,38.94222],[-77.07241,38.94317],[-77.07703,38.94317],[-77.07315,38.93608],[-77.0753,38.93349]]]}},{"type":"Feature","properties":{"id":"1A01","name":"SMD 1A01"},"geometry":{"type":"Polygon","coordinates":[[[-77.03242,38.92657],[-77.03381,38.92643],[-77.0339,38.92691],[-77.03316,38.92696],[-77.03321,38.92749],[-77.03494,38.92736],[-77.03649,38.92653],[-77.03649,38.92326],[-77.03531,38.9233],[-77.03543,38.92533],[-77.03232,38.92551],[-77.03242,38.92657]]]}},{"type":"Feature","properties":{"id":"3A04","name":"SMD 3A04"},"geometry":{"type":"Polygon","coordinates":[[[-77.08613,38.93403],[-77.08389,38.93396],[-77.08349,38.93426],[-77.08231,38.93422],[-77.08183,38.93495],[-77.07983,38.93349],[-77.0793,38.93945],[-77.07877,38.94214],[-77.07918,38.94317],[-77.07703,38.94317],[-77.07889,38.94651],[-77.0791,38.94627],[-77.07914,38.94584],[-77.08564,38.93823],[-77.08544,38.93797],[-77.08559,38.93767],[-77.08472,38.93706],[-77.08548,38.93618],[-77.08538,38.93608],[-77.08662,38.93487],[-77.08613,38.93403]]]}},{"type":"Feature","properties":{"id":"5F04","name":"SMD 5F04"},"geometry":{"type":"Polygon","coordinates":[[[-77.00059,38.92345],[-77.00356,38.92344],[-77.00436,38.92101],[-77.00647,38.91974],[-77.00714,38.91747],[-77.00534,38.9181],[-77.00057,38.91811],[-77.00059,38.92345]]]}},{"type":"Feature","properties":{"id":"5F05","name":"SMD 5F05"},"geometry":{"type":"Polygon","coordinates":[[[-77.00057,38.91811],[-77.00534,38.9181],[-77.00714,38.91747],[-77.00747,38.91629],[-77.00509,38.91629],[-77.00509,38.91557],[-77.00351,38.91558],[-77.00351,38.91408],[-77.00063,38.91409],[-77.00057,38.91811]]]}},{"type":"Feature","properties":{"id":"4D08","name":"SMD 4D08"},"geometry":{"type":"Polygon","coordinates":[[[-77.00901,38.95241],[-77.00905,38.95482],[-77.01616,38.95711],[-77.01584,38.95114],[-77.01324,38.95122],[-77.01239,38.95084],[-77.01132,38.95235],[-77.00901,38.95241]]]}},{"type":"Feature","properties":{"id":"4E01","name":"SMD 4E01"},"geometry":{"type":"Polygon","coordinates":[[[-77.03343,38.96023],[-77.03343,38.95622],[-77.02803,38.95622],[-77.02824,38.95813],[-77.02801,38.96127],[-77.02852,38.96135],[-77.0297,38.96022],[-77.03343,38.96023]]]}},{"type":"Feature","properties":{"id":"1A02","name":"SMD 1A02"},"geometry":{"type":"Polygon","coordinates":[[[-77.03646,38.9333],[-77.03274,38.93188],[-77.03275,38.93024],[-77.03085,38.93094],[-77.03087,38.93318],[-77.03273,38.93317],[-77.03273,38.93349],[-77.03424,38.93357],[-77.03646,38.93444],[-77.03646,38.9333]]]}},{"type":"Feature","properties":{"id":"2B08","name":"SMD 2B08"},"geometry":{"type":"Polygon","coordinates":[[[-77.03649,38.91701],[-77.04123,38.91702],[-77.04344,38.9159],[-77.04343,38.91484],[-77.03943,38.91484],[-77.03885,38.91455],[-77.03649,38.91701]]]}},{"type":"Feature","properties":{"id":"2B07","name":"SMD 2B07"},"geometry":{"type":"Polygon","coordinates":[[[-77.03849,38.91188],[-77.04136,38.91188],[-77.04205,38.91114],[-77.04344,38.91114],[-77.04344,38.91027],[-77.04288,38.91009],[-77.04265,38.90965],[-77.03653,38.90965],[-77.03652,38.91113],[-77.0372,38.91113],[-77.03721,38.91072],[-77.03849,38.91072],[-77.03849,38.91188]]]}},{"type":"Feature","properties":{"id":"2B06","name":"SMD 2B06"},"geometry":{"type":"Polygon","coordinates":[[[-77.04664,38.90858],[-77.0488,38.90857],[-77.04881,38.90644],[-77.04801,38.90643],[-77.047,38.90586],[-77.04665,38.90624],[-77.04665,38.90563],[-77.04345,38.90566],[-77.04345,38.90725],[-77.04664,38.90725],[-77.04664,38.90858]]]}},{"type":"Feature","properties":{"id":"1A03","name":"SMD 1A03"},"geometry":{"type":"Polygon","coordinates":[[[-77.03322,38.92749],[-77.03316,38.92696],[-77.0339,38.92691],[-77.03381,38.92643],[-77.03242,38.92657],[-77.03264,38.92881],[-77.03648,38.9287],[-77.03649,38.92716],[-77.03671,38.92713],[-77.03649,38.92653],[-77.03494,38.92736],[-77.03322,38.92749]]]}},{"type":"Feature","properties":{"id":"1A04","name":"SMD 1A04"},"geometry":{"type":"Polygon","coordinates":[[[-77.02973,38.93629],[-77.03273,38.93709],[-77.03273,38.93317],[-77.03087,38.93318],[-77.03085,38.93094],[-77.02826,38.93183],[-77.02849,38.9328],[-77.02972,38.93237],[-77.02973,38.93629]]]}},{"type":"Feature","properties":{"id":"5F06","name":"SMD 5F06"},"geometry":{"type":"Polygon","coordinates":[[[-76.99605,38.9213],[-77.00057,38.91976],[-77.00058,38.91413],[-77.00351,38.91408],[-77.00351,38.91261],[-77.00437,38.91261],[-77.00533,38.90922],[-77.00253,38.90802],[-77.00173,38.90999],[-76.99605,38.9213]]]}},{"type":"Feature","properties":{"id":"2B04","name":"SMD 2B04"},"geometry":{"type":"Polygon","coordinates":[[[-77.03455,38.91188],[-77.03849,38.91188],[-77.03849,38.91072],[-77.03721,38.91072],[-77.0372,38.91113],[-77.03652,38.91113],[-77.03653,38.90965],[-77.03849,38.90965],[-77.0385,38.90656],[-77.03688,38.90714],[-77.03635,38.90706],[-77.03615,38.90719],[-77.03618,38.90735],[-77.03457,38.90794],[-77.03455,38.91188]]]}},{"type":"Feature","properties":{"id":"3E02","name":"SMD 3E02"},"geometry":{"type":"Polygon","coordinates":[[[-77.08864,38.95037],[-77.08867,38.95471],[-77.09138,38.95658],[-77.10073,38.94927],[-77.10048,38.94901],[-77.10061,38.94866],[-77.09677,38.94585],[-77.09677,38.94711],[-77.09434,38.94711],[-77.09434,38.94792],[-77.09061,38.94791],[-77.09061,38.95037],[-77.08864,38.95037]]]}},{"type":"Feature","properties":{"id":"3E03","name":"SMD 3E03"},"geometry":{"type":"Polygon","coordinates":[[[-77.07927,38.95471],[-77.07952,38.95606],[-77.07994,38.95703],[-77.08905,38.95704],[-77.08906,38.9565],[-77.0895,38.9565],[-77.09032,38.9565],[-77.09038,38.95677],[-77.09076,38.95706],[-77.09138,38.95658],[-77.08867,38.95471],[-77.08864,38.95105],[-77.08353,38.95104],[-77.08204,38.95],[-77.08204,38.9497],[-77.08161,38.9497],[-77.0803,38.94882],[-77.08018,38.94882],[-77.0804,38.94969],[-77.08031,38.95073],[-77.08009,38.95114],[-77.07927,38.95471]]]}},{"type":"Feature","properties":{"id":"3E04","name":"SMD 3E04"},"geometry":{"type":"Polygon","coordinates":[[[-77.08202,38.9611],[-77.08202,38.9631],[-77.08242,38.96311],[-77.08274,38.96333],[-77.09076,38.95706],[-77.09038,38.95677],[-77.09032,38.9565],[-77.0895,38.9565],[-77.08906,38.9565],[-77.08905,38.95704],[-77.07994,38.95703],[-77.07952,38.95606],[-77.07927,38.95471],[-77.07273,38.9547],[-77.07346,38.95587],[-77.07436,38.95683],[-77.07566,38.95776],[-77.07881,38.95942],[-77.07958,38.96015],[-77.08009,38.96103],[-77.08202,38.9611]]]}},{"type":"Feature","properties":{"id":"3E06","name":"SMD 3E06"},"geometry":{"type":"Polygon","coordinates":[[[-77.0863,38.93898],[-77.08545,38.94004],[-77.08462,38.93943],[-77.07914,38.94584],[-77.07909,38.94629],[-77.08863,38.94629],[-77.08864,38.94791],[-77.09434,38.94792],[-77.09434,38.94711],[-77.09677,38.94711],[-77.09677,38.94585],[-77.08965,38.94065],[-77.08895,38.94124],[-77.0863,38.93898]]]}},{"type":"Feature","properties":{"id":"7D07","name":"SMD 7D07"},"geometry":{"type":"Polygon","coordinates":[[[-76.98221,38.89378],[-76.97726,38.89378],[-76.97726,38.89612],[-76.97838,38.89612],[-76.97838,38.89644],[-76.98071,38.89682],[-76.98076,38.89667],[-76.98365,38.89668],[-76.98365,38.89351],[-76.9831,38.89334],[-76.98222,38.89333],[-76.98221,38.89378]]]}},{"type":"Feature","properties":{"id":"5A07","name":"SMD 5A07"},"geometry":{"type":"Polygon","coordinates":[[[-77.0005,38.94738],[-77.00389,38.95594],[-77.00905,38.95482],[-77.00905,38.95289],[-77.00869,38.94818],[-77.00624,38.94829],[-77.00589,38.94661],[-77.00485,38.94569],[-77.0005,38.94738]]]}},{"type":"Feature","properties":{"id":"3E05","name":"SMD 3E05"},"geometry":{"type":"Polygon","coordinates":[[[-77.07273,38.9547],[-77.07927,38.95471],[-77.08009,38.95114],[-77.08031,38.95073],[-77.0804,38.94969],[-77.08015,38.94875],[-77.07703,38.94317],[-77.07241,38.94317],[-77.07242,38.94629],[-77.07173,38.94629],[-77.07241,38.94723],[-77.07258,38.94835],[-77.07168,38.95082],[-77.07151,38.95185],[-77.07176,38.95299],[-77.07273,38.9547]]]}},{"type":"Feature","properties":{"id":"5F02","name":"SMD 5F02"},"geometry":{"type":"Polygon","coordinates":[[[-76.9945,38.93238],[-76.99484,38.93375],[-76.99769,38.93255],[-76.99748,38.93237],[-76.99618,38.93237],[-76.99618,38.93139],[-76.9974,38.93129],[-76.99686,38.93045],[-76.99618,38.93041],[-76.99618,38.92942],[-76.99761,38.92941],[-76.99801,38.92926],[-76.99774,38.92878],[-76.99774,38.92752],[-76.99848,38.92718],[-76.99843,38.92399],[-76.9963,38.92502],[-76.99618,38.92559],[-76.99449,38.92559],[-76.99418,38.92745],[-76.9941,38.92926],[-76.9945,38.93238]]]}},{"type":"Feature","properties":{"id":"5F03","name":"SMD 5F03"},"geometry":{"type":"Polygon","coordinates":[[[-76.99605,38.9213],[-76.99495,38.92399],[-76.99449,38.92559],[-76.99618,38.92559],[-76.9962,38.92515],[-76.99646,38.92494],[-76.99957,38.92345],[-77.00057,38.92345],[-77.00057,38.91976],[-76.99605,38.9213]]]}},{"type":"Feature","properties":{"id":"2B03","name":"SMD 2B03"},"geometry":{"type":"Polygon","coordinates":[[[-77.03652,38.91188],[-77.03651,38.9141],[-77.03928,38.9141],[-77.03996,38.91337],[-77.04343,38.91337],[-77.04344,38.91114],[-77.04205,38.91114],[-77.04136,38.91188],[-77.03652,38.91188]]]}},{"type":"Feature","properties":{"id":"2B02","name":"SMD 2B02"},"geometry":{"type":"Polygon","coordinates":[[[-77.04344,38.91114],[-77.04431,38.91114],[-77.04516,38.91261],[-77.04663,38.91262],[-77.04658,38.91404],[-77.04747,38.91271],[-77.04886,38.91144],[-77.04891,38.91065],[-77.04934,38.90964],[-77.04934,38.90857],[-77.04445,38.90858],[-77.04391,38.90915],[-77.04349,38.90903],[-77.04303,38.90913],[-77.04273,38.90938],[-77.04266,38.90973],[-77.04291,38.91011],[-77.04344,38.91027],[-77.04344,38.91114]]]}},{"type":"Feature","properties":{"id":"4B02","name":"SMD 4B02"},"geometry":{"type":"Polygon","coordinates":[[[-77.02666,38.97582],[-77.0275,38.9673],[-77.02597,38.9673],[-77.02597,38.96794],[-77.02245,38.96794],[-77.02245,38.97128],[-77.02142,38.97128],[-77.02142,38.9748],[-77.02177,38.97482],[-77.02107,38.97581],[-77.02666,38.97582]]]}},{"type":"Feature","properties":{"id":"7D04","name":"SMD 7D04"},"geometry":{"type":"Polygon","coordinates":[[[-76.95917,38.89677],[-76.96249,38.89711],[-76.96289,38.89469],[-76.9644,38.8898],[-76.95816,38.88979],[-76.95719,38.89045],[-76.95388,38.89391],[-76.95179,38.89562],[-76.95917,38.89677]]]}},{"type":"Feature","properties":{"id":"1B01","name":"SMD 1B01"},"geometry":{"type":"Polygon","coordinates":[[[-77.01811,38.91465],[-77.01778,38.91377],[-77.01427,38.915],[-77.0148,38.91967],[-77.0191,38.91926],[-77.01894,38.91827],[-77.0219,38.91798],[-77.0219,38.91646],[-77.02093,38.91643],[-77.0212,38.91598],[-77.01811,38.91465]]]}},{"type":"Feature","properties":{"id":"2E02","name":"SMD 2E02"},"geometry":{"type":"Polygon","coordinates":[[[-77.06725,38.91478],[-77.0678,38.91577],[-77.06794,38.91564],[-77.06792,38.91457],[-77.06933,38.91458],[-77.06925,38.91268],[-77.07408,38.91259],[-77.074,38.91079],[-77.0736,38.91084],[-77.07334,38.91118],[-77.07307,38.91117],[-77.07289,38.90925],[-77.07162,38.90926],[-77.07161,38.90865],[-77.06908,38.90873],[-77.06912,38.90972],[-77.06462,38.90983],[-77.06603,38.91248],[-77.06506,38.91261],[-77.06482,38.91201],[-77.06403,38.91211],[-77.06428,38.91374],[-77.06422,38.91466],[-77.06725,38.91478]]]}},{"type":"Feature","properties":{"id":"2E03","name":"SMD 2E03"},"geometry":{"type":"Polygon","coordinates":[[[-77.06403,38.91211],[-77.06482,38.91201],[-77.06506,38.91261],[-77.06603,38.91248],[-77.06462,38.90983],[-77.06912,38.90972],[-77.06908,38.90873],[-77.07038,38.9087],[-77.0703,38.90672],[-77.069,38.90675],[-77.06898,38.90591],[-77.06284,38.90603],[-77.06286,38.90648],[-77.06345,38.90762],[-77.06123,38.90764],[-77.06128,38.9089],[-77.06144,38.9093],[-77.06336,38.90927],[-77.0638,38.91018],[-77.06403,38.91211]]]}},{"type":"Feature","properties":{"id":"2E04","name":"SMD 2E04"},"geometry":{"type":"Polygon","coordinates":[[[-77.07395,38.91035],[-77.07565,38.91037],[-77.07566,38.91078],[-77.07828,38.91081],[-77.07764,38.90951],[-77.07756,38.90863],[-77.07792,38.90811],[-77.07789,38.90675],[-77.07832,38.90675],[-77.07832,38.90638],[-77.07265,38.90582],[-77.07153,38.90585],[-77.07157,38.90683],[-77.07433,38.90667],[-77.07432,38.90763],[-77.07473,38.90765],[-77.07472,38.90806],[-77.07401,38.90843],[-77.07384,38.90951],[-77.07395,38.91035]]]}},{"type":"Feature","properties":{"id":"2E05","name":"SMD 2E05"},"geometry":{"type":"Polygon","coordinates":[[[-77.06123,38.90764],[-77.06345,38.90762],[-77.06286,38.90648],[-77.06284,38.90603],[-77.06898,38.90591],[-77.069,38.90675],[-77.0703,38.90672],[-77.07027,38.90588],[-77.07265,38.90582],[-77.07832,38.90638],[-77.07829,38.90238],[-77.07337,38.90113],[-77.07059,38.90119],[-77.06892,38.90047],[-77.06818,38.89995],[-77.06755,38.8992],[-77.06761,38.89872],[-77.06747,38.8982],[-77.06759,38.89806],[-77.06747,38.89812],[-77.06723,38.89717],[-77.06589,38.8948],[-77.06602,38.8946],[-77.06576,38.89451],[-77.06513,38.89352],[-77.06481,38.89269],[-77.0647,38.89187],[-77.06325,38.89178],[-77.05592,38.89301],[-77.05668,38.89504],[-77.05666,38.89863],[-77.05737,38.8993],[-77.05737,38.90027],[-77.0584,38.90102],[-77.05851,38.90128],[-77.05791,38.90235],[-77.05676,38.90373],[-77.05705,38.90391],[-77.05808,38.90401],[-77.05811,38.90525],[-77.06119,38.9052],[-77.06123,38.90764]]]}},{"type":"Feature","properties":{"id":"2E06","name":"SMD 2E06"},"geometry":{"type":"Polygon","coordinates":[[[-77.05005,38.90964],[-77.05275,38.90966],[-77.05476,38.90939],[-77.05477,38.91021],[-77.05515,38.91022],[-77.05562,38.90938],[-77.05712,38.90935],[-77.05714,38.91055],[-77.06383,38.91046],[-77.06336,38.90927],[-77.06144,38.9093],[-77.06128,38.90888],[-77.06119,38.9052],[-77.05811,38.90525],[-77.05808,38.90401],[-77.05705,38.90391],[-77.05676,38.90373],[-77.05552,38.90513],[-77.05433,38.90751],[-77.05355,38.90846],[-77.0528,38.90882],[-77.05147,38.90877],[-77.0507,38.90894],[-77.05011,38.90935],[-77.05005,38.90964]]]}},{"type":"Feature","properties":{"id":"2E07","name":"SMD 2E07"},"geometry":{"type":"Polygon","coordinates":[[[-77.0678,38.91577],[-77.06721,38.91471],[-77.06422,38.91466],[-77.06428,38.91373],[-77.06383,38.91046],[-77.05714,38.91055],[-77.05712,38.90935],[-77.05562,38.90938],[-77.05515,38.91022],[-77.05477,38.91021],[-77.05476,38.90939],[-77.05275,38.90966],[-77.05005,38.90964],[-77.05251,38.91194],[-77.05522,38.91295],[-77.05561,38.91342],[-77.05877,38.9155],[-77.05891,38.9163],[-77.05864,38.91716],[-77.05826,38.91772],[-77.05909,38.91832],[-77.06731,38.91868],[-77.06742,38.91764],[-77.06875,38.91697],[-77.0678,38.91577]]]}},{"type":"Feature","properties":{"id":"5E02","name":"SMD 5E02"},"geometry":{"type":"Polygon","coordinates":[[[-77.01778,38.91377],[-77.01683,38.91113],[-77.01519,38.91113],[-77.01518,38.91039],[-77.00905,38.91038],[-77.00905,38.91261],[-77.01331,38.91261],[-77.01682,38.91411],[-77.01778,38.91377]]]}},{"type":"Feature","properties":{"id":"2B09","name":"SMD 2B09"},"geometry":{"type":"Polygon","coordinates":[[[-77.03453,38.91701],[-77.03649,38.91701],[-77.03928,38.9141],[-77.03651,38.9141],[-77.03652,38.91188],[-77.03455,38.91188],[-77.03453,38.91701]]]}},{"type":"Feature","properties":{"id":"4B05","name":"SMD 4B05"},"geometry":{"type":"Polygon","coordinates":[[[-77.02803,38.96102],[-77.02244,38.95916],[-77.02245,38.96794],[-77.02597,38.96794],[-77.02597,38.9673],[-77.0275,38.9673],[-77.02803,38.96102]]]}},{"type":"Feature","properties":{"id":"8D04","name":"SMD 8D04"},"geometry":{"type":"Polygon","coordinates":[[[-77.01156,38.82283],[-77.01208,38.82187],[-77.0127,38.82304],[-77.01683,38.82386],[-77.01737,38.82358],[-77.0176,38.82079],[-77.01786,38.82089],[-77.02004,38.82072],[-77.02664,38.81993],[-77.03903,38.81948],[-77.03886,38.81913],[-77.03912,38.81888],[-77.03896,38.81878],[-77.03844,38.81626],[-77.03813,38.8156],[-77.03614,38.81481],[-77.03613,38.81428],[-77.03748,38.80941],[-77.03919,38.80059],[-77.03902,38.79164],[-77.00122,38.82117],[-77.00248,38.82217],[-77.00506,38.82337],[-77.006,38.8241],[-77.00816,38.82363],[-77.00724,38.82199],[-77.00723,38.82048],[-77.00827,38.82078],[-77.00809,38.82129],[-77.00826,38.82143],[-77.00986,38.82119],[-77.00977,38.82056],[-77.01097,38.82039],[-77.01107,38.82159],[-77.01156,38.82283]]]}},{"type":"Feature","properties":{"id":"6A01","name":"SMD 6A01"},"geometry":{"type":"Polygon","coordinates":[[[-76.99617,38.90252],[-76.99376,38.90252],[-76.99376,38.90133],[-76.99265,38.90133],[-76.99265,38.90021],[-76.98551,38.90021],[-76.98551,38.90064],[-76.98567,38.90083],[-76.99617,38.90531],[-76.99617,38.90252]]]}},{"type":"Feature","properties":{"id":"7C06","name":"SMD 7C06"},"geometry":{"type":"Polygon","coordinates":[[[-76.92567,38.90185],[-76.92576,38.90088],[-76.92654,38.90018],[-76.92664,38.89975],[-76.92515,38.89975],[-76.92629,38.89659],[-76.92504,38.89579],[-76.92052,38.89581],[-76.92052,38.89715],[-76.91778,38.89716],[-76.91778,38.89838],[-76.9166,38.89838],[-76.91635,38.89857],[-76.92353,38.90419],[-76.92403,38.90289],[-76.92991,38.90264],[-76.93075,38.90239],[-76.93099,38.90206],[-76.93076,38.90155],[-76.92968,38.90184],[-76.92567,38.90185]]]}},{"type":"Feature","properties":{"id":"3C05","name":"SMD 3C05"},"geometry":{"type":"Polygon","coordinates":[[[-77.06464,38.93106],[-77.06231,38.93014],[-77.05999,38.93035],[-77.05853,38.93133],[-77.05839,38.93212],[-77.05809,38.93265],[-77.05677,38.93258],[-77.05851,38.93557],[-77.06001,38.93561],[-77.06108,38.93583],[-77.06107,38.93716],[-77.06008,38.93687],[-77.05924,38.93683],[-77.06074,38.9394],[-77.062,38.93958],[-77.06417,38.94058],[-77.0661,38.94051],[-77.06785,38.94088],[-77.06735,38.93972],[-77.0666,38.93887],[-77.06641,38.93839],[-77.06639,38.93147],[-77.06464,38.93106]]]}},{"type":"Feature","properties":{"id":"5E03","name":"SMD 5E03"},"geometry":{"type":"Polygon","coordinates":[[[-77.01682,38.91411],[-77.01331,38.91261],[-77.00905,38.91261],[-77.00905,38.91557],[-77.01216,38.91554],[-77.01216,38.91573],[-77.01682,38.91411]]]}},{"type":"Feature","properties":{"id":"5A05","name":"SMD 5A05"},"geometry":{"type":"Polygon","coordinates":[[[-77.00636,38.9366],[-77.00417,38.93682],[-77.00325,38.93657],[-77.00256,38.93618],[-77.00213,38.93616],[-77.00299,38.94075],[-76.99967,38.94075],[-77.00144,38.94291],[-77.0072,38.94287],[-77.00722,38.9423],[-77.00698,38.94202],[-77.00804,38.94239],[-77.00753,38.94375],[-77.00751,38.94635],[-77.00921,38.9457],[-77.01168,38.94425],[-77.01218,38.94379],[-77.01274,38.94268],[-77.01425,38.94124],[-77.01527,38.93977],[-77.01738,38.93791],[-77.01904,38.93741],[-77.01924,38.93674],[-77.01917,38.93419],[-77.01798,38.92928],[-77.01803,38.92877],[-77.01621,38.9307],[-77.01521,38.93117],[-77.00695,38.93127],[-77.00636,38.93274],[-77.00611,38.93402],[-77.0061,38.93527],[-77.00636,38.9366]]]}},{"type":"Feature","properties":{"id":"6A02","name":"SMD 6A02"},"geometry":{"type":"Polygon","coordinates":[[[-76.99617,38.90252],[-76.99617,38.89892],[-76.99153,38.89892],[-76.99153,38.89734],[-76.98831,38.89734],[-76.98831,38.90021],[-76.99265,38.90021],[-76.99265,38.90133],[-76.99376,38.90133],[-76.99376,38.90252],[-76.99617,38.90252]]]}},{"type":"Feature","properties":{"id":"8F05","name":"SMD 8F05"},"geometry":{"type":"Polygon","coordinates":[[[-77.00906,38.87929],[-77.00587,38.87929],[-77.00588,38.87841],[-77.00486,38.87841],[-77.00574,38.88085],[-77.00692,38.88096],[-77.00906,38.88154],[-77.00906,38.87929]]]}},{"type":"Feature","properties":{"id":"7D06","name":"SMD 7D06"},"geometry":{"type":"Polygon","coordinates":[[[-76.9836,38.90001],[-76.98365,38.89668],[-76.98076,38.89667],[-76.98071,38.89682],[-76.97838,38.89644],[-76.97838,38.89612],[-76.97726,38.89612],[-76.97646,38.89891],[-76.98344,38.90014],[-76.9836,38.90001]]]}},{"type":"Feature","properties":{"id":"8C08","name":"SMD 8C08"},"geometry":{"type":"Polygon","coordinates":[[[-76.98443,38.84572],[-76.98128,38.84662],[-76.98065,38.84543],[-76.97847,38.84611],[-76.97917,38.84746],[-76.97831,38.84818],[-76.97744,38.84936],[-76.9786,38.84982],[-76.97888,38.85015],[-76.97729,38.85098],[-76.97732,38.85159],[-76.97801,38.85142],[-76.97949,38.8507],[-76.98278,38.85082],[-76.98372,38.85056],[-76.98442,38.8501],[-76.98335,38.84937],[-76.9825,38.84927],[-76.98266,38.84791],[-76.98455,38.84617],[-76.98443,38.84572]]]}},{"type":"Feature","properties":{"id":"8E04","name":"SMD 8E04"},"geometry":{"type":"Polygon","coordinates":[[[-76.98257,38.84163],[-76.98327,38.84284],[-76.98332,38.84464],[-76.98466,38.8443],[-76.98441,38.84357],[-76.98485,38.8427],[-76.98569,38.84298],[-76.98657,38.84237],[-76.98851,38.84186],[-76.98851,38.83984],[-76.99356,38.83881],[-76.99349,38.83737],[-76.9932,38.83672],[-76.99578,38.83599],[-76.99532,38.8355],[-76.99411,38.83484],[-76.99266,38.83372],[-76.99205,38.83418],[-76.99119,38.83405],[-76.99019,38.83474],[-76.99021,38.83488],[-76.99171,38.83646],[-76.99067,38.83669],[-76.99023,38.83649],[-76.98997,38.83612],[-76.98938,38.83599],[-76.98753,38.83675],[-76.98814,38.83755],[-76.98854,38.83862],[-76.98486,38.83978],[-76.98481,38.84022],[-76.98411,38.84057],[-76.98305,38.84045],[-76.98085,38.84138],[-76.98055,38.84143],[-76.98023,38.84122],[-76.9795,38.84137],[-76.9789,38.84209],[-76.97939,38.84302],[-76.98257,38.84163]]]}},{"type":"Feature","properties":{"id":"8D05","name":"SMD 8D05"},"geometry":{"type":"Polygon","coordinates":[[[-77.00675,38.82515],[-77.0078,38.82517],[-77.00796,38.82468],[-77.00847,38.82443],[-77.01224,38.82439],[-77.01112,38.82178],[-77.01097,38.82039],[-77.00977,38.82056],[-77.00986,38.82119],[-77.00826,38.82143],[-77.00809,38.82129],[-77.00827,38.82078],[-77.00723,38.82048],[-77.00724,38.82199],[-77.00816,38.82363],[-77.006,38.8241],[-77.00675,38.82515]]]}}]}