2019-01-01,38.898243,-76.981134,Ward 6,2019-01-05
2019-01-02,38.888975,-76.951726,Ward 7,2019-01-05
2019-01-02,38.919146,-77.036496,Ward 1,2019-01-05
2019-01-02,38.954473,-77.027530,Ward 4,2019-01-05
2019-01-02,38.881817,-76.937866,Ward 7,2019-01-05
2019-01-02,38.868686,-76.986069,Ward 8,2019-01-05
2019-01-02,38.917394,-77.004715,Ward 5,2019-01-05
2019-01-02,38.973021,-77.025833,Ward 4,2019-01-05
2019-01-03,38.908955,-77.047124,Ward 2,2019-01-05
2019-01-03,38.924440,-77.067224,Ward 3,2019-01-05
2019-01-03,38.894254,-76.956360,Ward 7,2019-01-05
2019-01-03,38.941393,-77.017852,Ward 4,2019-01-05
2019-01-04,38.964951,-77.021172,Ward 4,2019-01-08
2019-01-04,38.965134,-77.021792,Ward 4,2019-01-08
2019-01-04,38.911337,-77.020326,Ward 6,2019-01-08
2019-01-04,38.965124,-77.021696,Ward 4,2019-01-11
2019-01-04,38.913198,-77.025421,Ward 6,2019-01-08
2019-01-04,38.964950,-77.019897,Ward 4,2019-01-08
2019-01-04,38.964769,-77.022062,Ward 4,2019-01-08
2019-01-04,38.913862,-77.015071,Ward 5,2019-01-08
2019-01-04,38.935241,-77.026986,Ward 1,2019-01-08
2019-01-04,38.974239,-77.060126,Ward 4,2019-01-08
2019-01-04,38.920080,-77.060972,Ward 3,2019-01-08
2019-01-04,38.899904,-76.919747,Ward 7,2019-01-08
2019-01-04,38.940967,-77.058631,Ward 3,2019-01-08
2019-01-04,38.898914,-77.002038,Ward 6,2019-01-08
2019-01-05,38.943905,-77.012385,Ward 4,2019-01-08
2019-01-05,38.936733,-77.029157,Ward 4,2019-01-08
2019-01-05,38.870203,-76.941333,Ward 7,2019-01-08
2019-01-05,38.914337,-77.042759,Ward 2,2019-01-08
2019-01-05,38.872038,-76.980786,Ward 8,2019-01-08
2019-01-05,38.945054,-77.070809,Ward 3,2019-01-08
2019-01-05,38.941098,-77.022119,Ward 4,2019-01-08
2019-01-06,38.904335,-76.986094,Ward 5,2019-01-08
2019-01-06,38.920613,-76.988284,Ward 5,2019-01-08
2019-01-06,38.920254,-76.988468,Ward 5,2019-01-08
2019-01-06,38.923159,-77.038996,Ward 1,2019-01-08
2019-01-06,38.920200,-76.988010,Ward 5,2019-01-08
2019-01-06,38.945144,-77.070888,Ward 3,2019-01-11
2019-01-06,38.945179,-77.070634,Ward 3,2019-01-11
2019-01-06,38.820629,-77.010680,Ward 8,2019-01-08
2019-01-06,38.904506,-76.985617,Ward 5,2019-01-08
2019-01-06,38.904647,-76.985873,Ward 5,2019-01-11
2019-01-06,38.920470,-76.988074,Ward 5,2019-01-08
2019-01-07,38.851708,-76.983744,Ward 8,2019-01-08
2019-01-07,38.933698,-77.033665,Ward 1,2019-01-08
2019-01-07,38.900658,-76.940167,Ward 7,2019-01-08
2019-01-07,38.904647,-76.985873,Ward 5,2019-01-11
2019-01-07,38.866293,-76.986554,Ward 8,2019-01-09
2019-01-07,38.914107,-77.078688,Ward 2,2019-01-09
2019-01-07,38.842536,-76.993723,Ward 8,2019-01-09
2019-01-07,38.824588,-77.008834,Ward 8,2019-01-09
2019-01-08,38.895963,-76.929541,Ward 7,2019-01-09
2019-01-08,38.929335,-76.979090,Ward 5,2019-01-09
2019-01-08,38.933739,-77.023189,Ward 1,2019-01-09
2019-01-08,38.929335,-76.979090,Ward 5,2019-01-10
2019-01-08,38.935241,-77.026986,Ward 1,2019-01-10
2019-01-08,38.899950,-76.984532,Ward 6,2019-01-09
2019-01-08,38.941224,-77.057506,Ward 3,2019-01-10
2019-01-09,38.913884,-77.008331,Ward 5,2019-01-16
2019-01-09,38.928628,-77.041149,Ward 1,2019-01-16
2019-01-09,38.908041,-77.023186,Ward 6,2019-01-16
2019-01-09,38.945731,-77.073301,Ward 3,2019-01-16
2019-01-09,38.943905,-77.012385,Ward 4,2019-01-16
2019-01-09,38.895322,-76.994320,Ward 6,2019-01-16
2019-01-09,38.868448,-76.974734,Ward 8,2019-01-16
2019-01-09,38.949969,-77.075082,Ward 3,2019-01-16
2019-01-10,38.947281,-77.072713,Ward 3,2019-01-16
2019-01-10,38.944506,-77.015706,Ward 4,2019-01-16
2019-01-10,38.923690,-77.040636,Ward 1,2019-01-16
2019-01-10,38.914337,-77.042759,Ward 2,2019-01-16
2019-01-10,38.947524,-77.072773,Ward 3,2019-01-16
2019-01-10,38.944302,-77.015511,Ward 4,2019-01-16
2019-01-10,38.954955,-77.027669,Ward 4,2019-01-16
2019-01-10,38.898919,-76.930875,Ward 7,2019-01-16
2019-01-11,38.963098,-77.021022,Ward 4,2019-01-16
2019-01-11,38.944497,-77.015782,Ward 4,2019-01-16
2019-01-11,38.875341,-76.955507,Ward 7,2019-01-16
2019-01-11,38.875962,-76.956249,Ward 7,2019-01-16
2019-01-11,38.889781,-76.944562,Ward 7,2019-01-16
2019-01-11,38.875967,-76.957133,Ward 7,2019-01-16
2019-01-11,38.831217,-77.010761,Ward 8,2019-01-16
2019-01-12,38.936027,-77.021002,Ward 1,2019-01-16
2019-01-12,38.921212,-76.997843,Ward 5,2019-01-16
2019-01-12,38.882434,-76.993947,Ward 6,2019-01-16
2019-01-12,38.916316,-77.026210,Ward 1,2019-01-16
2019-01-12,38.943905,-77.012385,Ward 4,2019-01-16
2019-01-12,38.931152,-77.030701,Ward 1,2019-01-16
2019-01-12,38.956354,-77.080559,Ward 3,2019-01-16
2019-01-12,38.875753,-76.956588,Ward 7,2019-01-16
2019-01-15,38.893129,-76.959755,Ward 7,2019-01-16
2019-01-15,38.920053,-77.001399,Ward 5,2019-01-16
2019-01-16,38.899813,-76.994443,Ward 6,2019-01-16
2019-01-16,38.897704,-76.999254,Ward 6,2019-01-23
2019-01-17,38.861810,-76.990415,Ward 8,2019-01-23
2019-01-17,38.893129,-76.959755,Ward 7,2019-01-23
2019-01-17,38.870843,-76.944555,Ward 7,2019-01-23
2019-01-18,38.870773,-76.943521,Ward 7,2019-01-23
2019-01-18,38.899582,-77.001165,Ward 6,2019-01-19
2019-01-18,38.870773,-76.943521,Ward 7,2019-02-08
2019-01-18,38.925772,-76.996720,Ward 5,2019-01-23
2019-01-18,38.895057,-76.955056,Ward 7,2019-01-23
2019-01-18,38.870773,-76.943521,Ward 7,2019-01-23
2019-01-19,38.925769,-76.996660,Ward 5,2019-01-23
2019-01-19,38.899582,-77.001165,Ward 6,2019-01-23
2019-01-20,38.945082,-76.981434,Ward 5,2019-01-23
2019-01-20,38.954979,-77.028065,Ward 4,2019-01-23
2019-01-20,38.968231,-77.069791,Ward 3,2019-01-23
2019-01-20,38.917394,-77.004715,Ward 5,2019-01-23
2019-01-20,38.870773,-76.943521,Ward 7,2019-01-24
2019-01-20,38.945253,-76.981675,Ward 5,2019-01-23
2019-01-21,38.958092,-77.022645,Ward 4,2019-01-23
2019-01-21,38.868885,-76.948113,Ward 7,2019-01-23
2019-01-21,38.918380,-76.999839,Ward 5,2019-01-23
2019-01-21,38.941117,-77.087802,Ward 3,2019-01-23
2019-01-21,38.909200,-77.056186,Ward 2,2019-01-24
2019-01-22,38.895647,-76.918922,Ward 7,2019-01-23
2019-01-22,38.926694,-76.960950,Ward 5,2019-01-23
2019-01-22,38.906115,-76.984507,Ward 5,2019-01-23
2019-01-22,38.893129,-76.959755,Ward 7,2019-01-23
2019-01-22,38.931112,-77.022583,Ward 1,2019-01-24
2019-01-22,38.924522,-76.961911,Ward 5,2019-01-23
2019-01-22,38.895586,-76.918420,Ward 7,2019-01-23
2019-01-22,38.924199,-77.036139,Ward 1,2019-01-24
2019-01-22,38.952913,-77.071967,Ward 3,2019-01-24
2019-01-23,38.843638,-76.990274,Ward 8,2019-01-24
2019-01-23,38.904572,-76.981345,Ward 5,2019-01-24
2019-01-23,38.878006,-77.000772,Ward 6,2019-01-24
2019-01-23,38.820719,-77.006489,Ward 8,2019-01-24
2019-01-24,38.959969,-77.022242,Ward 4,2019-01-25
2019-01-24,38.954615,-77.027807,Ward 4,2019-01-25
2019-01-24,38.934267,-76.963936,Ward 5,2019-01-25
2019-01-24,38.955148,-77.027881,Ward 4,2019-01-25
2019-01-24,38.934722,-77.088927,Ward 3,2019-01-25
2019-01-24,38.938226,-77.085634,Ward 3,2019-01-25
2019-01-25,38.936518,-77.086602,Ward 3,2019-01-25
2019-01-25,38.941585,-76.996995,Ward 5,2019-01-25
2019-01-25,38.943229,-76.973713,Ward 5,2019-01-25
2019-01-25,38.939082,-77.088415,Ward 3,2019-01-29
2019-01-25,38.853728,-76.995045,Ward 8,2019-01-28
2019-01-25,38.919166,-77.088746,Ward 3,2019-01-29
2019-01-25,38.923059,-77.103081,Ward 3,2019-01-29
2019-01-25,38.952734,-77.035846,Ward 4,2019-01-29
2019-01-25,38.911839,-76.938417,Ward 7,2019-01-28
2019-01-25,38.909648,-77.031952,Ward 2,2019-01-29
2019-01-25,38.897777,-77.015802,Ward 2,2019-01-29
2019-01-25,38.897335,-76.999510,Ward 6,2019-01-28
2019-01-26,38.910998,-77.089479,Ward 3,2019-01-29
2019-01-26,38.911492,-77.089200,Ward 3,2019-01-29
2019-01-26,38.926862,-76.980738,Ward 5,2019-01-28
2019-01-26,38.890076,-76.943662,Ward 7,2019-01-28
2019-01-26,38.911432,-77.089290,Ward 3,2019-01-29
2019-01-26,38.880985,-76.943491,Ward 7,2019-01-28
2019-01-26,38.952701,-77.035480,Ward 4,2019-01-29
2019-01-26,38.923400,-77.103271,Ward 3,2019-01-29
2019-01-26,38.954743,-77.016727,Ward 4,2019-01-29
2019-01-26,38.927651,-76.979097,Ward 5,2019-01-28
2019-01-26,38.930229,-77.026167,Ward 1,2019-01-29
2019-01-26,38.923638,-77.040789,Ward 1,2019-01-29
2019-01-27,38.919166,-77.088746,Ward 3,2019-01-29
2019-01-27,38.857257,-76.980798,Ward 8,2019-01-28
2019-01-27,38.857257,-76.980798,Ward 8,2019-01-28
2019-01-27,38.856888,-76.981919,Ward 8,2019-01-28
2019-01-27,38.856745,-76.980789,Ward 8,2019-01-28
2019-01-27,38.963001,-77.060547,Ward 4,2019-01-29
2019-01-27,38.878266,-76.988086,Ward 6,2019-01-28
2019-01-27,38.856934,-76.981236,Ward 8,2019-01-28
2019-01-28,38.857305,-76.979025,Ward 8,2019-01-28
2019-01-28,38.874804,-76.968474,Ward 7,2019-01-28
2019-01-28,38.856974,-76.981000,Ward 8,2019-01-29
2019-01-28,38.942617,-76.993265,Ward 5,2019-01-29
2019-01-28,38.875726,-76.966199,Ward 7,2019-01-30
2019-01-28,38.960690,-77.001412,Ward 4,2019-01-29
2019-01-28,38.897139,-77.001049,Ward 6,2019-01-29
2019-01-28,38.857124,-76.980491,Ward 8,2019-01-29
2019-01-28,38.874486,-76.968683,Ward 7,2019-01-30
2019-01-28,38.943350,-76.993598,Ward 5,2019-01-30
2019-01-28,38.943350,-76.993598,Ward 5,2019-01-30
2019-01-28,38.935480,-77.053993,Ward 3,2019-01-29
2019-01-28,38.958217,-77.083151,Ward 3,2019-01-29
2019-01-28,38.942468,-76.993682,Ward 5,2019-01-30
2019-01-28,38.908882,-77.067611,Ward 2,2019-01-29
2019-01-28,38.943769,-77.076210,Ward 3,2019-01-29
2019-01-29,38.922699,-76.951658,Ward 5,2019-01-29
2019-01-29,38.943350,-76.993598,Ward 5,2019-01-30
2019-01-29,38.942507,-76.993559,Ward 5,2019-01-30
2019-01-29,38.923262,-76.952066,Ward 5,2019-01-30
2019-01-29,38.935480,-77.053993,Ward 3,2019-01-29
2019-01-29,38.935480,-77.053993,Ward 3,2019-01-29
2019-01-29,38.866299,-76.976570,Ward 8,2019-01-30
2019-01-29,38.967609,-77.037586,Ward 4,2019-01-30
2019-01-29,38.957666,-77.020898,Ward 4,2019-01-30
2019-01-29,38.921091,-76.964117,Ward 5,2019-01-30
2019-01-29,38.884387,-76.935688,Ward 7,2019-01-30
2019-01-29,38.923136,-76.952089,Ward 5,2019-01-30
2019-01-30,38.866602,-76.943967,Ward 7,2019-01-31
2019-01-30,38.914313,-77.033965,Ward 2,2019-01-31
2019-01-30,38.880985,-76.943491,Ward 7,2019-01-31
2019-01-30,38.952759,-77.072873,Ward 3,2019-01-31
2019-01-31,38.866128,-76.943700,Ward 7,2019-02-02
2019-01-31,38.886028,-76.994965,Ward 6,2019-02-02
2019-02-01,38.923024,-77.046999,Ward 1,2019-02-02
2019-02-01,38.903398,-77.034297,Ward 2,2019-02-02
2019-02-02,38.895074,-76.917476,Ward 7,2019-02-04
2019-02-03,38.913105,-76.986147,Ward 5,2019-02-04
2019-02-03,38.937429,-77.028315,Ward 4,2019-02-04
2019-02-03,38.845163,-77.007218,Ward 8,2019-02-04
2019-02-04,38.944890,-77.004348,Ward 5,2019-02-05
2019-02-04,38.901484,-76.989929,Ward 6,2019-02-05
2019-02-04,38.927651,-76.979097,Ward 5,2019-02-05
2019-02-04,38.937429,-76.989631,Ward 5,2019-02-05
2019-02-04,38.929549,-76.979335,Ward 5,2019-02-05
2019-02-04,38.945686,-77.004852,Ward 5,2019-02-05
2019-02-04,38.946405,-77.022897,Ward 4,2019-02-05
2019-02-04,38.939549,-77.027015,Ward 4,2019-02-05
2019-02-04,38.946100,-77.005746,Ward 5,2019-02-05
2019-02-05,38.903974,-77.033385,Ward 2,2019-02-05
2019-02-05,38.932442,-77.028219,Ward 1,2019-02-08
2019-02-05,38.836366,-77.006834,Ward 8,2019-02-08
2019-02-05,38.924424,-77.050801,Ward 3,2019-02-08
2019-02-05,38.897715,-76.972551,Ward 7,2019-02-08
2019-02-05,38.832235,-76.992736,Ward 8,2019-02-08
2019-02-06,38.884170,-76.931117,Ward 7,2019-02-08
2019-02-06,38.838857,-77.004567,Ward 8,2019-02-08
2019-02-06,38.925724,-76.998205,Ward 5,2019-02-08
2019-02-07,38.877316,-77.011838,Ward 6,2019-02-08
2019-02-07,38.943137,-76.975069,Ward 5,2019-02-08
2019-02-07,38.944970,-77.071244,Ward 3,2019-02-08
2019-02-08,38.889784,-76.947244,Ward 7,2019-02-08
2019-02-08,38.970414,-77.023958,Ward 4,2019-02-14
2019-02-08,38.920673,-77.038707,Ward 1,2019-02-14
2019-02-08,38.861454,-76.965945,Ward 7,2019-02-14
2019-02-08,38.952913,-77.071967,Ward 3,2019-02-14
2019-02-09,38.970539,-77.023539,Ward 4,2019-02-14
2019-02-09,38.922857,-76.991905,Ward 5,2019-02-14
2019-02-09,38.930932,-76.979060,Ward 5,2019-02-14
2019-02-09,38.970120,-77.023672,Ward 4,2019-02-14
2019-02-09,38.903512,-76.928594,Ward 7,2019-02-14
2019-02-09,38.922857,-76.991905,Ward 5,2019-02-14
2019-02-10,38.898844,-76.978290,Ward 6,2019-02-14
2019-02-10,38.933192,-77.027317,Ward 1,2019-02-14
2019-02-10,38.872465,-77.015393,Ward 6,2019-02-20
2019-02-10,38.882724,-76.994974,Ward 6,2019-02-14
2019-02-10,38.962007,-77.019893,Ward 4,2019-02-12
2019-02-10,38.962007,-77.019893,Ward 4,2019-02-12
2019-02-10,38.909377,-77.031133,Ward 2,2019-02-14
2019-02-10,38.922857,-76.991905,Ward 5,2019-02-14
2019-02-12,38.935925,-77.033339,Ward 1,2019-02-14
2019-02-12,38.962007,-77.019893,Ward 4,2019-02-12
2019-02-12,38.929439,-77.020272,Ward 1,2019-02-14
2019-02-12,38.962007,-77.019893,Ward 4,2019-02-14
2019-02-12,38.871777,-76.971193,Ward 8,2019-02-14
2019-02-12,38.964664,-77.060505,Ward 4,2019-02-14
2019-02-12,38.876676,-76.966969,Ward 7,2019-02-14
2019-02-12,38.876369,-76.966720,Ward 7,2019-02-14
2019-02-12,38.876481,-77.002038,Ward 6,2019-02-14
2019-02-13,38.910214,-77.010762,Ward 5,2019-02-14
2019-02-13,38.915412,-77.013716,Ward 5,2019-02-14
2019-02-13,38.910092,-77.084190,Ward 3,2019-02-20
2019-02-13,38.920064,-77.031941,Ward 1,2019-02-20
2019-02-13,38.833891,-76.990557,Ward 8,2019-02-20
2019-02-13,38.961511,-76.998409,Ward 4,2019-02-20
2019-02-13,38.917289,-77.037187,Ward 1,2019-02-20
2019-02-14,38.931361,-77.033751,Ward 1,2019-02-21
2019-02-14,38.949489,-77.057827,Ward 3,2019-02-20
2019-02-15,38.913394,-77.016733,Ward 5,2019-02-19
2019-02-15,38.863051,-76.952221,Ward 7,2019-02-20
2019-02-15,38.863017,-76.952425,Ward 7,2019-02-20
2019-02-15,38.913408,-77.016817,Ward 5,2019-02-19
2019-02-15,38.897763,-76.969952,Null,2019-02-20
2019-02-15,38.944053,-76.981899,Ward 5,2019-02-20
2019-02-16,38.931888,-76.969790,Ward 5,2019-02-20
2019-02-16,38.919584,-76.970267,Ward 5,2019-02-20
2019-02-16,38.896021,-77.046670,Ward 2,2019-02-19
2019-02-16,38.917166,-77.014775,Ward 1,2019-02-19
2019-02-17,38.899562,-76.924173,Ward 7,2019-02-20
2019-02-17,38.924790,-77.024140,Ward 1,2019-02-19
2019-02-17,38.937047,-77.023458,Ward 4,2019-02-19
2019-02-18,38.946491,-77.008147,Ward 5,2019-02-20
2019-02-18,38.934360,-77.052568,Ward 3,2019-02-19
2019-02-19,38.886429,-76.922647,Ward 7,2019-02-20
2019-02-19,38.879763,-76.983378,Ward 6,2019-02-25
2019-02-19,38.974864,-77.036364,Ward 4,2019-02-25
2019-02-19,38.919379,-77.027412,Ward 1,2019-02-25
2019-02-20,38.857165,-76.974030,Ward 8,2019-02-25
2019-02-21,38.889808,-77.000049,Ward 6,2019-02-25
2019-02-22,38.914605,-77.029895,Ward 1,2019-02-25
2019-02-22,38.947666,-76.979952,Ward 5,2019-02-25
2019-02-22,38.948747,-76.981638,Ward 5,2019-02-25
2019-02-22,38.946126,-77.026600,Ward 4,2019-02-25
2019-02-22,38.945592,-77.026472,Ward 4,2019-02-25
2019-02-22,38.942552,-76.983675,Ward 5,2019-02-25
2019-02-22,38.946179,-76.978048,Ward 5,2019-02-25
2019-02-22,38.864562,-76.979707,Ward 8,2019-02-25
2019-02-22,38.945373,-77.026788,Ward 4,2019-02-25
2019-02-22,38.902761,-76.994049,Ward 6,2019-02-25
2019-02-22,38.945817,-77.026769,Ward 4,2019-02-25
2019-02-23,38.912203,-77.043170,Ward 2,2019-02-25
2019-02-23,38.990357,-77.045217,Ward 4,2019-02-25
2019-02-24,38.973400,-77.026150,Ward 4,2019-02-25
2019-02-24,38.961506,-77.019213,Ward 4,2019-02-25
2019-02-24,38.936175,-76.992397,Ward 5,2019-02-25
2019-02-25,38.906549,-77.081381,Ward 3,2019-02-26
2019-02-25,38.862056,-76.990815,Ward 8,2019-02-26
2019-02-25,38.883024,-76.991148,Ward 6,2019-02-26
2019-02-25,38.868686,-76.986125,Ward 8,2019-02-26
2019-02-25,38.956469,-76.999480,Ward 4,2019-02-26
2019-02-25,38.862765,-76.992245,Ward 8,2019-02-26
2019-02-26,38.914267,-77.037797,Ward 2,2019-02-26
2019-02-26,38.862056,-76.990815,Ward 8,2019-02-27
2019-02-26,38.861695,-76.991306,Ward 8,2019-02-27
2019-02-26,38.894763,-77.044188,Ward 2,2019-02-27
2019-02-26,38.896481,-76.983873,Ward 6,2019-02-27
2019-02-26,38.914288,-77.037874,Ward 2,2019-02-27
2019-02-26,38.872933,-76.966422,Ward 7,2019-02-27
2019-02-26,38.883795,-76.955731,Ward 7,2019-02-27
2019-02-26,38.926167,-76.998701,Ward 5,2019-02-26
2019-02-26,38.919584,-76.982305,Ward 5,2019-02-27
2019-02-26,38.950553,-76.992553,Ward 5,2019-02-27
2019-02-27,38.851194,-76.972827,Ward 8,2019-02-27
2019-02-27,38.877009,-76.978302,Ward 6,2019-03-05
2019-02-27,38.910924,-77.066500,Ward 2,2019-03-05
2019-02-27,38.914440,-77.039317,Ward 2,2019-03-05
2019-02-27,38.886041,-76.997319,Ward 6,2019-03-05
2019-02-28,38.942889,-77.020719,Ward 4,2019-03-05
2019-02-28,38.892479,-76.991343,Ward 6,2019-03-05
2019-02-28,38.862852,-77.000281,Ward 8,2019-03-05
2019-02-28,38.892154,-76.991790,Ward 6,2019-03-05
2019-02-28,38.827016,-76.998731,Ward 8,2019-03-05
2019-02-28,38.892539,-76.991341,Ward 6,2019-03-05
2019-02-28,38.892634,-76.991340,Ward 6,2019-03-05
2019-02-28,38.929964,-77.098675,Ward 3,2019-03-05
2019-02-28,38.892591,-76.991811,Ward 6,2019-03-05
2019-03-01,38.892539,-76.991814,Ward 6,2019-03-05
2019-03-01,38.892154,-76.991790,Ward 6,2019-03-08
2019-03-01,38.835928,-77.003619,Ward 8,2019-03-05
2019-03-01,38.863844,-76.983120,Ward 8,2019-03-05
2019-03-02,38.863858,-76.983204,Ward 8,2019-03-05
2019-03-02,38.863976,-76.995102,Ward 8,2019-03-05
2019-03-03,38.899977,-76.972157,Ward 5,2019-03-06
2019-03-03,38.956809,-77.002250,Null,2019-03-05
2019-03-03,38.862852,-77.000281,Ward 8,2019-03-05
2019-03-03,38.896048,-76.932707,Ward 7,2019-03-05
2019-03-03,38.909030,-77.019229,Ward 6,2019-03-05
2019-03-04,38.895228,-76.986842,Ward 6,2019-03-06
2019-03-04,38.864511,-76.995611,Ward 8,2019-03-05
2019-03-04,38.867319,-76.990500,Ward 8,2019-03-06
2019-03-04,38.845163,-77.007218,Ward 8,2019-03-07
2019-03-04,38.939214,-77.024827,Ward 4,2019-03-06
2019-03-04,38.911280,-77.037870,Ward 2,2019-03-06
2019-03-04,38.928728,-76.976221,Ward 5,2019-03-05
2019-03-05,38.898730,-76.946806,Ward 7,2019-03-05
2019-03-05,38.929033,-76.976222,Ward 5,2019-03-06
2019-03-05,38.928550,-76.975886,Ward 5,2019-03-06
2019-03-05,38.885073,-77.015201,Ward 6,2019-03-06
2019-03-05,38.939214,-77.024827,Ward 4,2019-03-07
2019-03-05,38.862846,-76.980851,Ward 8,2019-03-06
2019-03-05,38.862852,-77.000281,Ward 8,2019-03-07
2019-03-05,38.909242,-77.019171,Ward 6,2019-03-06
2019-03-05,38.948868,-77.024486,Ward 4,2019-03-06
2019-03-05,38.922882,-77.027308,Ward 1,2019-03-06
2019-03-06,38.885119,-76.922972,Ward 7,2019-03-06
2019-03-06,38.862776,-76.982684,Ward 8,2019-03-07
2019-03-06,38.846969,-76.971393,Ward 8,2019-03-07
2019-03-06,38.940574,-77.064167,Ward 3,2019-03-07
2019-03-06,38.867740,-76.984302,Ward 8,2019-03-07
2019-03-06,38.927040,-77.090177,Ward 3,2019-03-07
2019-03-06,38.915771,-77.023309,Ward 1,2019-03-07
2019-03-07,38.948796,-77.033544,Ward 4,2019-03-11
2019-03-07,38.925955,-77.090041,Ward 3,2019-03-08
2019-03-07,38.971303,-77.026377,Ward 4,2019-03-11
2019-03-07,38.917802,-77.045075,Ward 1,2019-03-11
2019-03-07,38.923638,-77.040789,Ward 1,2019-03-11
2019-03-07,38.917736,-77.073167,Ward 3,2019-03-11
2019-03-07,38.922882,-77.027308,Ward 1,2019-03-11
2019-03-07,38.896750,-76.980106,Ward 6,2019-03-11
2019-03-07,38.935617,-77.022339,Ward 1,2019-03-11
2019-03-07,38.896750,-76.980106,Ward 6,2019-03-11
2019-03-07,38.942105,-77.023829,Ward 4,2019-03-11
2019-03-08,38.848177,-76.967631,Ward 8,2019-03-12
2019-03-08,38.908484,-77.038235,Ward 2,2019-03-11
2019-03-08,38.949763,-76.999637,Ward 5,2019-03-12
2019-03-09,38.986967,-77.032270,Ward 4,2019-03-11
2019-03-09,38.987049,-77.032626,Ward 4,2019-03-11
2019-03-09,38.963163,-77.017774,Ward 4,2019-03-11
2019-03-09,38.963168,-77.018295,Ward 4,2019-03-11
2019-03-09,38.915248,-77.019087,Ward 1,2019-03-11
2019-03-09,38.868970,-76.957729,Ward 7,2019-03-12
2019-03-09,38.963113,-77.017784,Ward 4,2019-03-11
2019-03-10,38.987049,-77.032626,Ward 4,2019-03-11
2019-03-10,38.905646,-77.023992,Ward 2,2019-03-11
2019-03-10,38.891540,-76.943968,Ward 7,2019-03-12
2019-03-10,38.954668,-77.026773,Ward 4,2019-03-11
2019-03-10,38.935722,-77.021649,Ward 1,2019-03-11
2019-03-10,38.917444,-77.032404,Ward 1,2019-03-11
2019-03-10,38.970146,-77.023506,Ward 4,2019-03-11
2019-03-10,38.868970,-76.957729,Ward 7,2019-03-12
2019-03-11,38.836366,-77.006834,Ward 8,2019-03-12
2019-03-11,38.936639,-77.031949,Ward 1,2019-03-12
2019-03-11,38.965622,-77.025726,Ward 4,2019-03-12
2019-03-11,38.835980,-77.007233,Ward 8,2019-03-12
2019-03-11,38.835687,-77.007744,Ward 8,2019-03-13
2019-03-11,38.835687,-77.007744,Ward 8,2019-03-13
2019-03-11,38.833647,-77.008411,Ward 8,2019-03-12
2019-03-11,38.979240,-77.027646,Ward 4,2019-03-12
2019-03-12,38.979240,-77.027646,Ward 4,2019-03-12
2019-03-12,38.907925,-77.038495,Ward 2,2019-03-13
2019-03-12,38.917467,-77.007134,Ward 5,2019-03-13
2019-03-12,38.890925,-76.951582,Ward 7,2019-03-13
2019-03-12,38.890833,-76.951130,Ward 7,2019-03-13
2019-03-12,38.917212,-77.098309,Ward 3,2019-03-13
2019-03-12,38.881478,-76.997242,Ward 6,2019-03-13
2019-03-12,38.924495,-77.022566,Ward 1,2019-03-13
2019-03-12,38.917208,-77.098382,Ward 3,2019-03-14
2019-03-13,38.924619,-77.022819,Ward 1,2019-03-14
2019-03-13,38.915969,-77.072593,Ward 2,2019-03-14
2019-03-13,38.895133,-76.949160,Ward 7,2019-03-14
2019-03-13,38.901191,-76.973956,Ward 5,2019-03-14
2019-03-13,38.924619,-77.022819,Ward 1,2019-03-14
2019-03-13,38.915869,-77.072589,Ward 2,2019-03-14
2019-03-13,38.898066,-76.999777,Ward 6,2019-03-14
2019-03-13,38.951052,-77.024957,Ward 4,2019-03-14
2019-03-14,38.924241,-77.024228,Ward 1,2019-03-15
2019-03-14,38.915869,-77.072589,Ward 2,2019-03-15
2019-03-14,38.860344,-76.986726,Ward 8,2019-03-15
2019-03-14,38.965486,-77.026213,Ward 4,2019-03-15
2019-03-14,38.883024,-76.991148,Ward 6,2019-03-15
2019-03-14,38.889781,-76.944562,Ward 7,2019-03-15
2019-03-14,38.882351,-76.960056,Ward 7,2019-03-15
2019-03-15,38.930069,-76.980943,Ward 5,2019-03-18
2019-03-15,38.883733,-76.934832,Ward 7,2019-03-18
2019-03-15,38.941796,-76.989271,Ward 5,2019-03-18
2019-03-15,38.859164,-76.991376,Ward 8,2019-03-18
2019-03-15,38.906840,-77.024670,Ward 2,2019-03-18
2019-03-15,38.890386,-76.960979,Ward 7,2019-03-18
2019-03-15,38.929060,-77.040061,Ward 1,2019-03-18
2019-03-15,38.945062,-77.029703,Ward 4,2019-03-18
2019-03-15,38.882920,-76.931668,Ward 7,2019-03-18
2019-03-17,38.974864,-77.036364,Ward 4,2019-03-18
2019-03-17,38.974864,-77.036364,Ward 4,2019-03-18
2019-03-17,38.902729,-76.991777,Ward 6,2019-03-18
2019-03-17,38.962161,-77.032399,Ward 4,2019-03-18
2019-03-18,38.863236,-76.997840,Ward 8,2019-03-19
2019-03-18,38.951707,-77.008672,Ward 5,2019-03-19
2019-03-18,38.951707,-77.008672,Ward 5,2019-03-19
2019-03-18,38.951707,-77.008672,Ward 5,2019-03-19
2019-03-18,38.851517,-76.978250,Ward 8,2019-03-19
2019-03-18,38.884020,-76.922242,Ward 7,2019-03-19
2019-03-19,38.938795,-76.986192,Ward 5,2019-03-20
2019-03-19,38.889784,-76.947244,Ward 7,2019-03-20
2019-03-20,38.896744,-76.930090,Ward 7,2019-03-21
2019-03-20,38.936206,-77.022768,Ward 1,2019-03-21
2019-03-20,38.921919,-77.101079,Ward 3,2019-03-21
2019-03-20,38.853298,-76.983303,Ward 8,2019-03-21
2019-03-20,38.965178,-77.025017,Ward 4,2019-03-21
2019-03-20,38.964953,-77.025087,Ward 4,2019-03-21
2019-03-20,38.965172,-77.024839,Ward 4,2019-03-21
2019-03-20,38.909276,-77.082581,Ward 3,2019-03-21
2019-03-20,38.887394,-76.996900,Ward 6,2019-03-21
2019-03-21,38.876859,-76.929932,Ward 7,2019-03-21
2019-03-21,38.851194,-76.972827,Ward 8,2019-03-22
2019-03-21,38.913719,-77.015301,Ward 5,2019-03-22
2019-03-22,38.897971,-76.980966,Ward 6,2019-03-22
2019-03-22,38.944608,-77.004789,Ward 5,2019-03-25
2019-03-22,38.932133,-77.040736,Ward 1,2019-03-25
2019-03-22,38.906714,-77.086806,Ward 3,2019-03-25
2019-03-23,38.949892,-76.995722,Ward 5,2019-03-25
2019-03-23,38.871204,-76.951930,Ward 7,2019-03-25
2019-03-23,38.959972,-76.999883,Ward 4,2019-03-25
2019-03-24,38.863387,-76.979222,Ward 8,2019-03-25
2019-03-25,38.868407,-76.984117,Ward 8,2019-03-26
2019-03-25,38.858711,-76.993956,Ward 8,2019-03-26
2019-03-25,38.891657,-76.981004,Ward 6,2019-03-26
2019-03-25,38.937836,-77.028589,Ward 4,2019-03-26
2019-03-25,38.853022,-76.973209,Ward 8,2019-03-26
2019-03-25,38.951917,-77.025551,Ward 4,2019-03-26
2019-03-25,38.918524,-77.027854,Ward 1,2019-03-26
2019-03-26,38.911707,-77.039092,Ward 2,2019-03-26
2019-03-26,38.935905,-77.022510,Ward 1,2019-03-27
2019-03-26,38.911776,-77.038855,Ward 2,2019-03-27
2019-03-26,38.933497,-76.987160,Ward 5,2019-03-27
2019-03-26,38.946145,-77.019583,Ward 4,2019-03-27
2019-03-26,38.889179,-76.953202,Ward 7,2019-03-27
2019-03-26,38.946335,-77.019413,Ward 4,2019-03-27
2019-03-26,38.932904,-76.987826,Ward 5,2019-03-27
2019-03-26,38.961144,-77.028812,Ward 4,2019-03-27
2019-03-27,38.847484,-76.971358,Ward 8,2019-03-28
2019-03-27,38.957024,-77.082023,Ward 3,2019-03-28
2019-03-27,38.895956,-77.017859,Ward 2,2019-04-01
2019-03-27,38.869292,-76.981241,Ward 8,2019-03-28
2019-03-27,38.959598,-77.003538,Ward 4,2019-03-28
2019-03-27,38.875368,-77.010863,Ward 6,2019-03-28
2019-03-28,38.886265,-76.936038,Ward 7,2019-03-28
2019-03-28,38.826052,-77.012586,Ward 8,2019-04-01
2019-03-28,38.871196,-76.967507,Ward 7,2019-04-01
2019-03-28,38.895757,-76.930990,Ward 7,2019-04-01
2019-03-28,38.913359,-77.014510,Ward 5,2019-04-01
2019-03-28,38.916459,-77.013963,Ward 5,2019-04-01
2019-03-29,38.929411,-77.020476,Ward 1,2019-04-01
2019-03-29,38.927422,-77.023253,Ward 1,2019-04-01
2019-03-29,38.952051,-77.014507,Ward 4,2019-04-01
2019-03-29,38.938648,-76.979580,Ward 5,2019-04-01
2019-03-29,38.917060,-77.057355,Ward 2,2019-04-01
2019-03-29,38.916793,-77.035078,Ward 2,2019-04-01
2019-03-29,38.920645,-77.033904,Ward 1,2019-04-02
2019-03-29,38.920645,-77.033904,Ward 1,2019-04-01
2019-03-29,38.954703,-77.092611,Ward 3,2019-04-01
2019-03-29,38.912014,-77.039822,Ward 2,2019-04-01
2019-03-29,38.912010,-77.039762,Ward 2,2019-04-01
2019-03-29,38.953507,-77.086612,Ward 3,2019-04-01
2019-03-29,38.873995,-76.968035,Ward 7,2019-04-01
2019-03-29,38.953763,-77.086456,Ward 3,2019-04-01
2019-03-30,38.959957,-77.040054,Ward 4,2019-04-01
2019-03-30,38.871877,-76.973186,Ward 8,2019-04-01
2019-03-30,38.934099,-76.972167,Ward 5,2019-04-01
2019-03-30,38.871378,-76.972918,Ward 8,2019-04-01
2019-03-30,38.953763,-77.086456,Ward 3,2019-04-01
2019-03-30,38.912016,-77.039867,Ward 2,2019-04-01
2019-03-30,38.894827,-76.912200,Ward 7,2019-04-01
2019-03-30,38.896789,-76.914715,Ward 7,2019-04-01
2019-03-30,38.904475,-77.016480,Ward 6,2019-04-01
2019-03-30,38.951658,-77.095216,Ward 3,2019-04-01
2019-03-30,38.915586,-77.018875,Ward 1,2019-04-01
2019-03-30,38.935750,-77.072009,Ward 3,2019-04-01
2019-03-30,38.980199,-77.030105,Ward 4,2019-04-01
2019-03-31,38.926808,-76.971261,Ward 5,2019-04-01
2019-03-31,38.880041,-76.944581,Ward 7,2019-04-01
2019-03-31,38.890919,-76.927710,Ward 7,2019-04-01
2019-03-31,38.880041,-76.944581,Ward 7,2019-04-01
2019-03-31,38.856906,-76.980474,Ward 8,2019-04-01
2019-03-31,38.880297,-76.944444,Ward 7,2019-04-01
2019-03-31,38.971709,-77.034785,Ward 4,2019-04-01
2019-03-31,38.846010,-76.973218,Ward 8,2019-04-01
2019-03-31,38.920432,-77.045911,Ward 1,2019-04-01
2019-03-31,38.880041,-76.944581,Ward 7,2019-04-01
2019-04-01,38.954500,-77.092354,Ward 3,2019-04-01
2019-04-01,38.890984,-76.927340,Ward 7,2019-04-02
2019-04-01,38.903338,-76.995195,Ward 6,2019-04-02
2019-04-01,38.920645,-77.033904,Ward 1,2019-04-02
2019-04-01,38.933854,-77.020447,Ward 1,2019-04-02
2019-04-01,38.912795,-77.005616,Ward 5,2019-04-02
2019-04-02,38.953729,-77.086937,Ward 3,2019-04-02
2019-04-02,38.964108,-77.000424,Ward 4,2019-04-02
2019-04-02,38.920645,-77.033904,Ward 1,2019-04-03
2019-04-02,38.857766,-76.967530,Ward 7,2019-04-03
2019-04-03,38.858711,-76.993956,Ward 8,2019-04-03
2019-04-03,38.927453,-77.039355,Ward 1,2019-04-04
2019-04-03,38.961016,-77.063889,Ward 4,2019-04-04
2019-04-03,38.851100,-76.967346,Ward 8,2019-04-04
2019-04-04,38.945343,-77.073215,Ward 3,2019-04-04
2019-04-04,38.851499,-76.967374,Ward 8,2019-04-05
2019-04-04,38.958541,-77.076575,Ward 3,2019-04-05
2019-04-04,38.943236,-76.981848,Ward 5,2019-04-05
2019-04-04,38.943236,-76.981848,Ward 5,2019-04-05
2019-04-04,38.831946,-76.989161,Ward 8,2019-04-05
2019-04-04,38.844516,-77.000110,Ward 8,2019-04-05
2019-04-05,38.898587,-76.921609,Ward 7,2019-04-08
2019-04-05,38.943236,-76.981848,Ward 5,2019-04-05
2019-04-05,38.921509,-77.009370,Ward 5,2019-04-08
2019-04-05,38.947639,-77.007023,Ward 5,2019-04-08
2019-04-05,38.968098,-77.031731,Ward 4,2019-04-08
2019-04-06,38.897477,-76.919371,Ward 7,2019-04-08
2019-04-06,38.887134,-76.932402,Ward 7,2019-04-08
2019-04-06,38.946320,-77.041050,Ward 4,2019-04-08
2019-04-06,38.968445,-77.031180,Ward 4,2019-04-08
2019-04-06,38.879299,-76.941610,Ward 7,2019-04-08
2019-04-07,38.898318,-77.032800,Ward 2,2019-04-08
2019-04-07,38.922097,-77.044049,Ward 1,2019-04-08
2019-04-07,38.899127,-76.984287,Ward 6,2019-04-08
2019-04-07,38.912878,-77.073378,Ward 2,2019-04-08
2019-04-07,38.926177,-76.988447,Ward 5,2019-04-08
2019-04-07,38.915357,-77.011049,Ward 5,2019-04-08
2019-04-07,38.915366,-77.011682,Ward 5,2019-04-08
2019-04-07,38.918894,-77.033234,Ward 1,2019-04-09
2019-04-07,38.863382,-76.985177,Ward 8,2019-04-08
2019-04-07,38.864271,-76.985244,Ward 8,2019-04-08
2019-04-07,38.910885,-77.017547,Ward 6,2019-04-08
2019-04-08,38.978360,-77.018579,Ward 4,2019-04-09
2019-04-08,38.878415,-77.015208,Ward 6,2019-04-09
2019-04-08,38.915380,-77.011338,Ward 5,2019-04-09
2019-04-08,38.978360,-77.018579,Ward 4,2019-04-09
2019-04-08,38.915357,-77.011049,Ward 5,2019-04-09
2019-04-08,38.936206,-77.022768,Ward 1,2019-04-09
2019-04-09,38.945915,-76.997051,Ward 5,2019-04-10
2019-04-09,38.895499,-76.980532,Ward 6,2019-04-10
2019-04-09,38.895957,-76.978538,Ward 6,2019-04-12
2019-04-09,38.946270,-76.997050,Ward 5,2019-04-10
2019-04-09,38.945696,-76.996776,Ward 5,2019-04-10
2019-04-09,38.951648,-77.019902,Ward 4,2019-04-11
2019-04-09,38.951648,-77.019902,Ward 4,2019-04-11
2019-04-09,38.951599,-77.019899,Ward 4,2019-04-10
2019-04-09,38.926095,-77.038660,Ward 1,2019-04-10
2019-04-09,38.888639,-76.992332,Ward 6,2019-04-10
2019-04-09,38.895471,-76.980762,Ward 6,2019-04-10
2019-04-09,38.951648,-77.019902,Ward 4,2019-04-11
2019-04-09,38.945867,-76.996783,Ward 5,2019-04-10
2019-04-09,38.945009,-76.997047,Ward 5,2019-04-10
2019-04-09,38.894633,-77.000029,Ward 6,2019-04-10
2019-04-10,38.946413,-76.996814,Ward 5,2019-04-12
2019-04-10,38.916777,-77.036091,Ward 2,2019-04-12
2019-04-10,38.946059,-76.996768,Ward 5,2019-04-12
2019-04-10,38.946064,-76.996848,Ward 5,2019-04-12
2019-04-10,38.951159,-77.019882,Ward 4,2019-04-12
2019-04-10,38.925444,-77.064014,Ward 3,2019-04-12
2019-04-10,38.946271,-76.996002,Ward 5,2019-04-12
2019-04-10,38.945915,-76.997051,Ward 5,2019-04-12
2019-04-10,38.919728,-77.034199,Ward 1,2019-04-12
2019-04-10,38.889791,-76.967848,Ward 7,2019-04-12
2019-04-10,38.950012,-77.024349,Ward 4,2019-04-12
2019-04-10,38.946270,-76.997050,Ward 5,2019-04-12
2019-04-10,38.945009,-76.997047,Ward 5,2019-04-12
2019-04-10,38.869668,-76.979657,Ward 8,2019-04-12
2019-04-10,38.896111,-76.980712,Ward 7,2019-04-12
2019-04-10,38.897714,-76.938346,Ward 7,2019-04-12
2019-04-10,38.883745,-76.981025,Ward 6,2019-04-12
2019-04-10,38.832809,-77.004628,Ward 8,2019-04-12
2019-04-10,38.834537,-77.010016,Ward 8,2019-04-12
2019-04-11,38.959982,-77.019296,Ward 4,2019-04-12
2019-04-11,38.960360,-77.019329,Ward 4,2019-04-12
2019-04-11,38.898260,-76.976659,Null,2019-04-12
2019-04-11,38.975043,-77.022795,Ward 4,2019-04-12
2019-04-11,38.897820,-76.976481,Ward 7,2019-04-12
2019-04-11,38.909869,-77.019144,Ward 6,2019-04-12
2019-04-11,38.939957,-77.029969,Ward 4,2019-04-12
2019-04-12,38.925494,-77.031446,Ward 1,2019-04-17
2019-04-12,38.856906,-76.980474,Ward 8,2019-04-17
2019-04-12,38.837766,-77.004741,Ward 8,2019-04-17
2019-04-12,38.918027,-77.088773,Ward 3,2019-04-17
2019-04-12,38.909441,-77.015887,Ward 5,2019-04-17
2019-04-12,38.880346,-76.986596,Ward 6,2019-04-17
2019-04-13,38.856618,-76.979445,Ward 8,2019-04-17
2019-04-13,38.915344,-77.038742,Ward 2,2019-04-17
2019-04-13,38.917841,-77.088429,Ward 3,2019-04-17
2019-04-13,38.966133,-77.028749,Ward 4,2019-04-17
2019-04-14,38.912859,-77.073941,Ward 2,2019-04-17
2019-04-14,38.894388,-76.986741,Ward 6,2019-04-17
2019-04-14,38.969598,-77.022644,Ward 4,2019-04-17
2019-04-14,38.923526,-77.029109,Ward 1,2019-04-17
2019-04-14,38.913874,-77.009702,Ward 5,2019-04-17
2019-04-14,38.912025,-77.010060,Ward 5,2019-04-17
2019-04-14,38.950613,-77.037122,Ward 4,2019-04-17
2019-04-15,38.834001,-77.009443,Ward 8,2019-04-17
2019-04-15,38.940544,-76.993286,Ward 5,2019-04-17
2019-04-15,38.892206,-77.000875,Ward 6,2019-04-17
2019-04-15,38.950613,-77.037122,Ward 4,2019-04-17
2019-04-15,38.856740,-76.979641,Ward 8,2019-04-17
2019-04-15,38.948989,-76.996237,Ward 5,2019-04-17
2019-04-15,38.888910,-76.927710,Ward 7,2019-04-17
2019-04-16,38.950428,-77.084025,Ward 3,2019-04-17
2019-04-16,38.903869,-77.001108,Ward 6,2019-04-17
2019-04-16,38.926907,-77.039921,Ward 1,2019-04-17
2019-04-16,38.887973,-76.926685,Ward 7,2019-04-17
2019-04-17,38.952762,-77.026263,Ward 4,2019-04-17
2019-04-17,38.884211,-76.959285,Ward 7,2019-04-17
2019-04-17,38.914079,-76.974626,Ward 5,2019-04-17
2019-04-17,38.843997,-76.992427,Ward 8,2019-04-18
2019-04-17,38.888652,-76.927604,Ward 7,2019-04-18
2019-04-17,38.892411,-76.940653,Ward 7,2019-04-18
2019-04-17,38.922134,-77.000831,Ward 5,2019-04-18
2019-04-17,38.940209,-76.995400,Ward 5,2019-04-18
2019-04-17,38.892713,-76.941254,Ward 7,2019-04-18
2019-04-17,38.932791,-77.028488,Ward 1,2019-04-18
2019-04-17,38.887973,-76.926685,Ward 7,2019-04-18
2019-04-17,38.935897,-77.020365,Ward 1,2019-04-18
2019-04-17,38.935984,-77.019739,Ward 1,2019-04-18
2019-04-18,38.891162,-76.997571,Ward 6,2019-04-18
2019-04-18,38.947766,-77.019704,Ward 4,2019-04-23
2019-04-18,38.867319,-76.990500,Ward 8,2019-04-23
2019-04-18,38.866132,-76.988854,Ward 8,2019-04-23
2019-04-18,38.865947,-76.989055,Ward 8,2019-04-23
2019-04-18,38.865947,-76.989055,Ward 8,2019-04-23
2019-04-18,38.943007,-76.988061,Ward 5,2019-04-23
2019-04-18,38.965896,-77.058715,Ward 4,2019-04-24
2019-04-19,38.921840,-76.999905,Ward 5,2019-04-23
2019-04-19,38.905979,-77.065214,Ward 2,2019-04-24
2019-04-19,38.878101,-76.933299,Ward 7,2019-04-24
2019-04-19,38.888841,-76.948244,Ward 7,2019-04-23
2019-04-19,38.911241,-76.935301,Ward 7,2019-04-23
2019-04-19,38.889772,-76.937543,Ward 7,2019-04-23
2019-04-19,38.865440,-76.977462,Ward 8,2019-04-23
2019-04-19,38.955497,-77.068982,Ward 3,2019-04-23
2019-04-20,38.889784,-76.947244,Ward 7,2019-04-24
2019-04-20,38.912272,-76.934170,Ward 7,2019-04-23
2019-04-20,38.944840,-77.037680,Ward 4,2019-04-23
2019-04-20,38.935577,-77.020028,Ward 1,2019-04-23
2019-04-20,38.933698,-77.059001,Ward 3,2019-04-23
2019-04-21,38.909764,-77.005539,Ward 5,2019-04-23
2019-04-21,38.952922,-77.080520,Ward 3,2019-04-23
2019-04-21,38.843623,-76.989121,Ward 8,2019-04-23
2019-04-21,38.912025,-77.010060,Ward 5,2019-04-23
2019-04-21,38.910573,-76.934914,Ward 7,2019-04-23
2019-04-21,38.933698,-77.059001,Ward 3,2019-04-23
2019-04-21,38.908181,-76.936971,Ward 7,2019-04-23
2019-04-21,38.880762,-76.988084,Ward 6,2019-04-24
2019-04-22,38.843110,-76.992954,Ward 8,2019-04-24
2019-04-22,38.956799,-77.007301,Ward 4,2019-04-24
2019-04-22,38.956773,-77.007145,Ward 4,2019-04-24
2019-04-22,38.944840,-77.037680,Ward 4,2019-04-23
2019-04-22,38.952832,-76.986287,Ward 5,2019-04-24
2019-04-22,38.937559,-76.969277,Ward 5,2019-04-24
2019-04-22,38.956390,-77.007164,Ward 4,2019-04-24
2019-04-22,38.905168,-76.985156,Ward 5,2019-04-24
2019-04-22,38.927485,-77.027757,Ward 1,2019-04-24
2019-04-22,38.963607,-77.021118,Ward 4,2019-04-24
2019-04-22,38.956589,-77.008362,Ward 4,2019-04-24
2019-04-22,38.937842,-76.966823,Ward 5,2019-04-24
2019-04-22,38.931029,-77.015634,Ward 5,2019-04-24
2019-04-22,38.963607,-77.021118,Ward 4,2019-04-24
2019-04-22,38.956390,-77.007164,Ward 4,2019-04-24
2019-04-23,38.963944,-77.021222,Ward 4,2019-04-24
2019-04-23,38.934227,-77.024873,Ward 1,2019-04-24
2019-04-23,38.898149,-76.930194,Ward 7,2019-04-24
2019-04-23,38.956400,-77.007389,Ward 4,2019-04-24
2019-04-23,38.929113,-77.021399,Ward 1,2019-04-24
2019-04-23,38.912378,-77.046372,Ward 2,2019-04-24
2019-04-23,38.871813,-76.967433,Ward 7,2019-04-24
2019-04-23,38.865440,-76.977462,Ward 8,2019-04-24
2019-04-23,38.911953,-77.082672,Ward 3,2019-04-24
2019-04-23,38.885886,-77.001704,Ward 6,2019-04-24
2019-04-24,38.887101,-76.990530,Ward 6,2019-04-24
2019-04-24,38.856974,-76.981000,Ward 8,2019-04-26
2019-04-24,38.865352,-76.977299,Ward 8,2019-04-26
2019-04-24,38.865994,-76.969415,Ward 7,2019-04-26
2019-04-24,38.943492,-77.017427,Ward 4,2019-04-26
2019-04-25,38.918815,-77.006451,Ward 5,2019-04-26
2019-04-25,38.973612,-77.026251,Ward 4,2019-04-26
2019-04-25,38.944432,-77.082425,Ward 3,2019-04-26
2019-04-25,38.918108,-77.006948,Ward 5,2019-04-26
2019-04-25,38.870112,-76.956126,Ward 7,2019-04-29
2019-04-25,38.927108,-77.024668,Ward 1,2019-04-26
2019-04-25,38.917467,-77.007134,Ward 5,2019-04-26
2019-04-25,38.920411,-77.039657,Ward 1,2019-04-26
2019-04-25,38.932606,-77.039381,Ward 1,2019-04-26
2019-04-26,38.917836,-77.006757,Ward 5,2019-04-26
2019-04-26,38.899256,-76.928270,Ward 7,2019-04-29
2019-04-26,38.940927,-76.974403,Ward 5,2019-04-29
2019-04-26,38.892458,-76.910244,Ward 7,2019-04-29
2019-04-26,38.935471,-77.097098,Ward 3,2019-04-29
2019-04-26,38.825697,-77.006049,Ward 8,2019-04-29
2019-04-26,38.973609,-77.022766,Ward 4,2019-04-29
2019-04-26,38.870553,-76.979556,Ward 8,2019-04-29
2019-04-26,38.912025,-77.010060,Ward 5,2019-04-29
2019-04-26,38.868461,-76.980771,Ward 8,2019-04-29
2019-04-27,38.931215,-77.000982,Ward 5,2019-04-29
2019-04-27,38.894831,-76.939196,Ward 7,2019-04-29
2019-04-27,38.902264,-76.931666,Ward 7,2019-04-29
2019-04-28,38.954704,-77.089636,Ward 3,2019-04-29
2019-04-28,38.895133,-76.949160,Ward 7,2019-04-29
2019-04-28,38.892458,-76.910244,Ward 7,2019-04-29
2019-04-28,38.934024,-77.033980,Ward 1,2019-04-29
2019-04-29,38.958121,-77.029446,Ward 4,2019-04-29
2019-04-29,38.963323,-77.076856,Ward 3,2019-04-30
2019-04-29,38.941418,-76.992868,Ward 5,2019-04-30
2019-04-29,38.825145,-77.006747,Ward 8,2019-04-30
2019-04-29,38.943321,-77.026190,Ward 4,2019-04-30
2019-04-29,38.901470,-76.987969,Ward 6,2019-04-30
2019-04-29,38.853298,-76.983303,Ward 8,2019-04-30
2019-04-29,38.886406,-77.001839,Ward 6,2019-04-30
2019-04-29,38.933029,-77.023267,Ward 1,2019-04-30
2019-04-30,38.930229,-77.026167,Ward 1,2019-04-30
2019-04-30,38.907058,-77.064957,Ward 2,2019-04-30
2019-04-30,38.905425,-76.941927,Ward 7,2019-05-01
2019-04-30,38.854045,-76.991254,Ward 8,2019-05-01
2019-04-30,38.905425,-76.941927,Ward 7,2019-05-01
2019-04-30,38.891624,-76.941113,Ward 7,2019-05-01
2019-04-30,38.915586,-77.018875,Ward 1,2019-05-01
2019-04-30,38.941430,-77.017872,Ward 4,2019-05-01
2019-04-30,38.822366,-77.000379,Ward 8,2019-05-01
2019-05-01,38.955914,-77.019862,Ward 4,2019-05-02
2019-05-01,38.946803,-77.025076,Ward 4,2019-05-02
2019-05-01,38.955684,-77.020060,Ward 4,2019-05-02
2019-05-01,38.885051,-77.024748,Ward 6,2019-05-02
2019-05-01,38.841571,-76.999743,Ward 8,2019-05-02
2019-05-01,38.896704,-76.974652,Ward 7,2019-05-02
2019-05-01,38.868407,-76.983924,Ward 8,2019-05-02
2019-05-02,38.888277,-76.933444,Ward 7,2019-05-02
2019-05-02,38.923890,-77.052122,Ward 3,2019-05-02
2019-05-02,38.930518,-76.981211,Ward 5,2019-05-06
2019-05-02,38.940588,-77.059159,Ward 3,2019-05-06
2019-05-02,38.885051,-77.024748,Ward 6,2019-05-06
2019-05-02,38.885051,-77.024748,Ward 6,2019-05-07
2019-05-02,38.898249,-76.981251,Ward 6,2019-05-06
2019-05-02,38.940967,-77.058167,Ward 3,2019-05-06
2019-05-02,38.947862,-77.025131,Ward 4,2019-05-06
2019-05-02,38.891015,-76.936794,Ward 7,2019-05-06
2019-05-02,38.915142,-77.007980,Ward 5,2019-05-06
2019-05-03,38.902588,-76.923795,Ward 7,2019-05-07
2019-05-03,38.907908,-77.027036,Ward 2,2019-05-07
2019-05-03,38.907853,-77.026748,Ward 2,2019-05-07
2019-05-03,38.891025,-76.936063,Ward 7,2019-05-07
2019-05-03,38.957865,-77.025574,Ward 4,2019-05-07
2019-05-04,38.982453,-77.036709,Ward 4,2019-05-07
2019-05-04,38.948261,-77.036424,Ward 4,2019-05-07
2019-05-04,38.984155,-77.036340,Ward 4,2019-05-07
2019-05-04,38.983397,-77.036755,Ward 4,2019-05-07
2019-05-04,38.980620,-77.036352,Ward 4,2019-05-07
2019-05-04,38.899411,-76.979296,Null,2019-05-07
2019-05-04,38.982284,-77.036341,Ward 4,2019-05-07
2019-05-04,38.983515,-77.035795,Ward 4,2019-05-07
2019-05-04,38.911717,-77.040013,Ward 2,2019-05-07
2019-05-04,38.958217,-77.083151,Ward 3,2019-05-07
2019-05-04,38.885036,-76.919780,Ward 7,2019-05-07
2019-05-04,38.984100,-77.036933,Ward 4,2019-05-07
2019-05-04,38.983051,-77.036746,Ward 4,2019-05-07
2019-05-05,38.891093,-76.918038,Ward 7,2019-05-07
2019-05-05,38.897625,-76.981747,Ward 6,2019-05-07
2019-05-05,38.898153,-76.972168,Null,2019-05-07
2019-05-05,38.912359,-77.005686,Ward 5,2019-05-07
2019-05-05,38.874189,-77.015446,Ward 6,2019-05-07
2019-05-06,38.954346,-77.008183,Ward 5,2019-05-07
2019-05-06,38.955400,-77.006259,Null,2019-05-07
2019-05-06,38.956862,-77.002318,Null,2019-05-07
2019-05-06,38.955760,-77.004687,Null,2019-05-07
2019-05-06,38.960199,-77.012326,Ward 4,2019-05-07
2019-05-06,38.956862,-77.002318,Null,2019-05-07
2019-05-06,38.955764,-77.002341,Ward 5,2019-05-07
2019-05-06,38.956074,-77.003295,Null,2019-05-07
2019-05-06,38.952366,-77.002382,Ward 5,2019-05-07
2019-05-06,38.828241,-77.003373,Ward 8,2019-05-07
2019-05-06,38.948080,-77.004993,Ward 5,2019-05-07
2019-05-06,38.927845,-77.035612,Ward 1,2019-05-07
2019-05-06,38.945432,-76.987772,Ward 5,2019-05-07
2019-05-06,38.983815,-77.036777,Ward 4,2019-05-07
2019-05-06,38.891025,-76.936063,Ward 7,2019-05-07
2019-05-06,38.956074,-77.003295,Null,2019-05-07
2019-05-06,38.920696,-76.971043,Ward 5,2019-05-07
2019-05-06,38.912878,-77.073378,Ward 2,2019-05-07
2019-05-06,38.935793,-77.059883,Ward 3,2019-05-07
2019-05-06,38.956862,-77.002318,Null,2019-05-07
2019-05-06,38.956862,-77.002318,Null,2019-05-07
2019-05-06,38.956333,-77.003489,Ward 4,2019-05-07
2019-05-06,38.955111,-77.016452,Ward 4,2019-05-07
2019-05-06,38.894952,-77.022097,Ward 2,2019-05-07
2019-05-06,38.955209,-77.016034,Ward 4,2019-05-07
2019-05-06,38.983214,-77.036341,Ward 4,2019-05-07
2019-05-06,38.827956,-77.003412,Ward 8,2019-05-07
2019-05-06,38.912905,-77.012368,Ward 5,2019-05-07
2019-05-07,38.942749,-76.982234,Ward 5,2019-05-07
2019-05-07,38.950621,-77.035740,Ward 4,2019-05-09
2019-05-07,38.951880,-77.059891,Ward 3,2019-05-09
2019-05-07,38.942744,-76.982399,Ward 5,2019-05-09
2019-05-07,38.983214,-77.036341,Ward 4,2019-05-07
2019-05-07,38.828197,-77.012892,Ward 8,2019-05-09
2019-05-07,38.828032,-77.003404,Ward 8,2019-05-09
2019-05-07,38.965917,-77.029988,Ward 4,2019-05-09
2019-05-07,38.907802,-77.061467,Ward 2,2019-05-09
2019-05-07,38.951655,-77.062943,Ward 3,2019-05-09
2019-05-07,38.890217,-76.935843,Ward 7,2019-05-09
2019-05-07,38.897625,-76.981747,Ward 6,2019-05-09
2019-05-08,38.972269,-77.036371,Ward 4,2019-05-09
2019-05-08,38.891025,-76.936063,Ward 7,2019-05-09
2019-05-08,38.972930,-77.034201,Ward 4,2019-05-09
2019-05-08,38.972094,-77.036006,Ward 4,2019-05-09
2019-05-08,38.926776,-77.104657,Ward 3,2019-05-09
2019-05-08,38.972930,-77.034201,Ward 4,2019-05-09
2019-05-08,38.903869,-77.001108,Ward 6,2019-05-09
2019-05-08,38.931313,-77.036810,Ward 1,2019-05-09
2019-05-08,38.899003,-76.979156,Ward 6,2019-05-09
2019-05-08,38.876016,-76.936662,Ward 7,2019-05-09
2019-05-08,38.945061,-77.026337,Ward 4,2019-05-09
2019-05-08,38.869273,-76.975426,Ward 8,2019-05-09
2019-05-08,38.890695,-76.933396,Ward 7,2019-05-09
2019-05-08,38.900017,-76.978914,Ward 5,2019-05-09
2019-05-08,38.945411,-77.026068,Ward 4,2019-05-09
2019-05-08,38.891886,-76.932910,Ward 7,2019-05-09
2019-05-08,38.945363,-77.026056,Ward 4,2019-05-09
2019-05-09,38.962625,-77.064422,Ward 4,2019-05-09
2019-05-09,38.872036,-77.013672,Ward 6,2019-05-13
2019-05-09,38.977554,-77.056503,Ward 4,2019-05-13
2019-05-09,38.914306,-77.032758,Ward 2,2019-05-13
2019-05-09,38.858885,-76.953349,Ward 7,2019-05-13
2019-05-09,38.907836,-77.070214,Ward 2,2019-05-13
2019-05-09,38.971999,-77.011859,Ward 4,2019-05-13
2019-05-09,38.891437,-76.999780,Ward 6,2019-05-13
2019-05-09,38.919659,-77.041704,Ward 1,2019-05-13
2019-05-10,38.894940,-77.030212,Ward 2,2019-05-13
2019-05-10,38.892894,-76.915037,Ward 7,2019-05-14
2019-05-10,38.892723,-76.915232,Ward 7,2019-05-14
2019-05-10,38.895167,-76.955359,Ward 7,2019-05-14
2019-05-10,38.859037,-76.988648,Ward 8,2019-05-14
2019-05-10,38.896532,-77.032539,Ward 2,2019-05-14
2019-05-10,38.940606,-77.023508,Ward 4,2019-05-14
2019-05-11,38.897364,-76.921466,Ward 7,2019-05-14
2019-05-11,38.957822,-77.006010,Ward 4,2019-05-15
2019-05-11,38.953394,-77.033720,Ward 4,2019-05-14
2019-05-12,38.949448,-77.068702,Ward 3,2019-05-14
2019-05-12,38.853298,-76.983303,Ward 8,2019-05-14
2019-05-12,38.947673,-77.091596,Ward 3,2019-05-14
2019-05-12,38.949487,-77.067849,Ward 3,2019-05-14
2019-05-12,38.907497,-76.984781,Ward 5,2019-05-14
2019-05-12,38.952765,-77.024099,Ward 4,2019-05-14
2019-05-12,38.949686,-77.069845,Ward 3,2019-05-14
2019-05-13,38.911293,-77.043071,Ward 2,2019-05-15
2019-05-13,38.932823,-76.980491,Ward 5,2019-05-14
2019-05-13,38.911646,-76.985954,Ward 5,2019-05-14
2019-05-13,38.888319,-77.034525,Ward 2,2019-05-14
2019-05-13,38.963594,-77.023152,Ward 4,2019-05-15
2019-05-13,38.912661,-76.986925,Ward 5,2019-05-14
2019-05-13,38.947673,-77.091596,Ward 3,2019-05-14
2019-05-13,38.917706,-77.072682,Ward 3,2019-05-14
2019-05-13,38.939568,-77.027279,Ward 4,2019-05-14
2019-05-13,38.939573,-77.028101,Ward 4,2019-05-14
2019-05-13,38.893412,-76.991240,Ward 6,2019-05-14
2019-05-14,38.935494,-77.023313,Ward 1,2019-05-15
2019-05-14,38.925361,-77.022938,Ward 1,2019-05-15
2019-05-14,38.885623,-76.999973,Ward 6,2019-05-15
2019-05-14,38.942313,-77.017394,Ward 4,2019-05-15
2019-05-14,38.939573,-77.028227,Ward 4,2019-05-15
2019-05-14,38.914093,-77.036509,Ward 2,2019-05-15
2019-05-14,38.944445,-76.986256,Ward 5,2019-05-15
2019-05-14,38.944781,-77.078756,Ward 3,2019-05-15
2019-05-14,38.929515,-77.042066,Ward 1,2019-05-15
2019-05-14,38.937429,-77.028382,Ward 4,2019-05-15
2019-05-15,38.922356,-77.076237,Ward 3,2019-05-16
2019-05-15,38.943163,-77.077029,Ward 3,2019-05-15
2019-05-15,38.912661,-76.986925,Ward 5,2019-05-16
2019-05-15,38.830960,-77.000571,Ward 8,2019-05-16
2019-05-15,38.929936,-77.114206,Ward 3,2019-05-16
2019-05-15,38.830960,-77.000571,Ward 8,2019-05-16
2019-05-15,38.830960,-77.000571,Ward 8,2019-05-16
2019-05-16,38.868702,-76.983235,Ward 8,2019-05-17
2019-05-16,38.922374,-77.036914,Ward 1,2019-05-17
2019-05-16,38.862776,-76.982684,Ward 8,2019-05-17
2019-05-16,38.862698,-76.982239,Ward 8,2019-05-17
2019-05-16,38.911313,-76.984820,Ward 5,2019-05-17
2019-05-16,38.862917,-76.983410,Ward 8,2019-05-20
2019-05-16,38.862816,-76.981990,Ward 8,2019-05-17
2019-05-17,38.943360,-77.017851,Ward 4,2019-05-20
2019-05-17,38.919182,-77.028458,Ward 1,2019-05-20
2019-05-17,38.896982,-76.973240,Ward 7,2019-05-20
2019-05-17,38.883783,-76.954990,Ward 7,2019-05-21
2019-05-18,38.930652,-76.992990,Ward 5,2019-05-20
2019-05-18,38.899084,-76.991144,Ward 6,2019-05-20
2019-05-18,38.918295,-77.005497,Ward 5,2019-05-20
2019-05-18,38.935484,-77.023380,Ward 1,2019-05-20
2019-05-18,38.883345,-76.939084,Ward 7,2019-05-20
2019-05-18,38.919670,-77.032780,Ward 1,2019-05-20
2019-05-18,38.919670,-77.032780,Ward 1,2019-05-20
2019-05-19,38.924826,-77.023727,Ward 1,2019-05-20
2019-05-19,38.873171,-77.017299,Ward 6,2019-05-21
2019-05-19,38.910449,-77.021126,Ward 6,2019-05-20
2019-05-20,38.884005,-76.954581,Ward 7,2019-05-21
2019-05-20,38.954597,-77.009897,Ward 4,2019-05-20
2019-05-20,38.954309,-77.019788,Ward 4,2019-05-21
2019-05-20,38.896982,-76.973240,Ward 7,2019-05-21
2019-05-20,38.824704,-76.997582,Ward 8,2019-05-21
2019-05-20,38.913042,-77.020938,Ward 6,2019-05-21
2019-05-20,38.919670,-77.032780,Ward 1,2019-05-21
2019-05-20,38.849093,-76.977348,Ward 8,2019-05-21
2019-05-20,38.883783,-76.954990,Ward 7,2019-05-21
2019-05-20,38.912634,-77.021014,Ward 6,2019-05-21
2019-05-20,38.851355,-76.964735,Ward 8,2019-05-21
2019-05-21,38.898194,-76.938969,Ward 7,2019-05-21
2019-05-21,38.923197,-76.967201,Ward 5,2019-05-24
2019-05-21,38.935484,-77.023380,Ward 1,2019-05-23
2019-05-21,38.898365,-76.937893,Ward 7,2019-05-24
2019-05-21,38.898319,-76.936601,Ward 7,2019-05-24
2019-05-21,38.898319,-76.936601,Ward 7,2019-05-28
2019-05-21,38.904112,-76.995197,Ward 6,2019-05-24
2019-05-21,38.851355,-76.964735,Ward 8,2019-05-24
2019-05-21,38.922910,-76.957677,Ward 5,2019-05-24
2019-05-21,38.927422,-77.023253,Ward 1,2019-05-23
2019-05-21,38.969924,-77.019895,Ward 4,2019-05-23
2019-05-22,38.940622,-77.024476,Ward 4,2019-05-23
2019-05-22,38.960219,-77.033426,Ward 4,2019-05-24
2019-05-22,38.927246,-77.056176,Ward 3,2019-05-24
2019-05-22,38.959957,-77.040054,Ward 4,2019-05-24
2019-05-22,38.961364,-77.033806,Ward 4,2019-05-24
2019-05-22,38.899084,-76.991144,Ward 6,2019-05-24
2019-05-22,38.945442,-77.019768,Ward 4,2019-05-24
2019-05-22,38.962042,-77.033425,Ward 4,2019-05-24
2019-05-22,38.908131,-77.025773,Ward 2,2019-05-24
2019-05-23,38.930567,-76.990843,Ward 5,2019-05-24
2019-05-23,38.901951,-77.002451,Ward 6,2019-05-24
2019-05-23,38.937371,-77.020214,Ward 4,2019-05-24
2019-05-23,38.979166,-77.028742,Ward 4,2019-05-24
2019-05-23,38.937405,-77.019876,Ward 4,2019-05-24
2019-05-23,38.895057,-76.955056,Ward 7,2019-05-24
2019-05-23,38.895025,-76.954564,Ward 7,2019-05-24
2019-05-23,38.927804,-77.066154,Ward 3,2019-05-24
2019-05-23,38.952407,-77.009007,Null,2019-05-24
2019-05-23,38.953252,-77.015940,Ward 4,2019-05-24
2019-05-23,38.952599,-77.009351,Ward 4,2019-05-24
2019-05-23,38.921067,-77.011022,Ward 5,2019-05-24
2019-05-23,38.897988,-76.971253,Null,2019-05-24
2019-05-24,38.882835,-76.926771,Ward 7,2019-05-24
2019-05-24,38.934793,-77.057648,Ward 3,2019-05-29
2019-05-24,38.907497,-76.984781,Ward 5,2019-05-30
2019-05-24,38.922704,-77.022583,Ward 1,2019-05-29
2019-05-24,38.853197,-76.971627,Ward 8,2019-05-30
2019-05-24,38.917449,-77.040004,Ward 1,2019-05-29
2019-05-24,38.879525,-77.015437,Ward 6,2019-05-30
2019-05-24,38.915021,-77.026183,Ward 1,2019-05-29
2019-05-25,38.872766,-76.977569,Ward 8,2019-05-30
2019-05-25,38.960451,-76.999362,Ward 4,2019-05-30
2019-05-25,38.947331,-77.077855,Ward 3,2019-05-29
2019-05-25,38.847393,-76.999312,Ward 8,2019-05-30
2019-05-25,38.894810,-76.940489,Ward 7,2019-05-30
2019-05-26,38.927693,-77.037587,Ward 1,2019-05-29
2019-05-26,38.897988,-76.971253,Null,2019-05-30
2019-05-26,38.910283,-76.939744,Ward 7,2019-05-30
2019-05-26,38.927284,-77.066600,Ward 3,2019-05-29
2019-05-26,38.923777,-77.040565,Ward 1,2019-05-29
2019-05-26,38.929403,-77.026556,Ward 1,2019-05-30
2019-05-26,38.946452,-76.996498,Ward 5,2019-05-30
2019-05-26,38.946413,-76.996814,Ward 5,2019-05-30
2019-05-27,38.914268,-77.010404,Ward 5,2019-05-29
2019-05-27,38.905916,-77.025050,Ward 2,2019-05-29
2019-05-27,38.956639,-77.029418,Ward 4,2019-05-29
2019-05-27,38.960663,-77.041812,Ward 4,2019-05-29
2019-05-27,38.910717,-76.939615,Ward 7,2019-05-30
2019-05-27,38.909946,-76.937240,Ward 7,2019-05-30
2019-05-27,38.888752,-76.915156,Ward 7,2019-05-30
2019-05-27,38.896553,-76.927238,Ward 7,2019-05-30
2019-05-27,38.910546,-77.035299,Ward 2,2019-05-29
2019-05-27,38.911015,-76.939724,Ward 7,2019-05-30
2019-05-28,38.907815,-77.027287,Ward 2,2019-05-29
2019-05-28,38.913078,-77.071491,Ward 2,2019-05-30
2019-05-28,38.940728,-76.995627,Ward 5,2019-05-30
2019-05-28,38.948557,-77.091843,Ward 3,2019-05-30
2019-05-28,38.950203,-77.097027,Ward 3,2019-05-30
2019-05-28,38.941072,-77.002000,Ward 5,2019-05-30
2019-05-28,38.911015,-76.939724,Ward 7,2019-05-30
2019-05-28,38.893125,-76.919531,Ward 7,2019-05-30
2019-05-28,38.862852,-77.000281,Ward 8,2019-05-30
2019-05-28,38.940741,-76.999670,Ward 5,2019-05-30
2019-05-28,38.950203,-77.097027,Ward 3,2019-05-30
2019-05-29,38.885860,-76.996563,Ward 6,2019-05-30
2019-05-29,38.920775,-76.987830,Ward 5,2019-05-30
2019-05-29,38.961403,-77.076916,Ward 3,2019-05-30
2019-05-29,38.898356,-76.983897,Ward 6,2019-05-30
2019-05-29,38.919388,-77.097722,Ward 3,2019-06-03
2019-05-29,38.835391,-76.991521,Ward 8,2019-05-30
2019-05-29,38.941817,-77.020822,Ward 4,2019-06-03
2019-05-29,38.874826,-76.970349,Ward 7,2019-05-30
2019-05-29,38.899343,-76.973623,Ward 5,2019-05-30
2019-05-30,38.874879,-76.970144,Ward 7,2019-05-30
2019-05-30,38.864836,-76.983264,Ward 8,2019-06-03
2019-05-30,38.913858,-77.014965,Ward 5,2019-06-03
2019-05-30,38.986462,-77.045977,Ward 4,2019-06-03
2019-05-30,38.958513,-77.028459,Ward 4,2019-06-03
2019-05-30,38.958478,-77.065124,Null,2019-06-03
2019-05-30,38.986133,-77.045595,Ward 4,2019-06-03
2019-05-30,38.874897,-76.970091,Ward 7,2019-06-03
2019-05-30,38.912761,-77.043847,Ward 2,2019-06-03
2019-05-30,38.956112,-77.024808,Ward 4,2019-06-03
2019-05-30,38.913623,-77.014366,Ward 5,2019-06-03
2019-05-31,38.862191,-76.995196,Ward 8,2019-06-03
2019-05-31,38.908272,-76.985665,Ward 5,2019-06-04
2019-05-31,38.934661,-77.023792,Ward 1,2019-06-03
2019-05-31,38.934180,-77.023973,Ward 1,2019-06-03
2019-05-31,38.933698,-77.059001,Ward 3,2019-06-03
2019-05-31,38.961403,-77.076916,Ward 3,2019-06-03
2019-05-31,38.902191,-76.933758,Ward 7,2019-06-03
2019-05-31,38.912025,-77.010060,Ward 5,2019-06-04
2019-05-31,38.952797,-77.024523,Ward 4,2019-06-03
2019-05-31,38.862852,-77.000281,Ward 8,2019-06-06
2019-05-31,38.940294,-77.027444,Ward 4,2019-06-03
2019-05-31,38.823284,-76.999363,Ward 8,2019-06-04
2019-05-31,38.905844,-77.008461,Ward 6,2019-06-03
2019-05-31,38.927985,-77.029466,Ward 1,2019-06-03
2019-05-31,38.935344,-77.036795,Ward 1,2019-06-03
2019-05-31,38.911997,-77.045512,Ward 2,2019-06-03
2019-05-31,38.887068,-77.002042,Ward 6,2019-06-03
2019-05-31,38.940875,-76.994986,Ward 5,2019-06-03
2019-06-01,38.893211,-76.924821,Ward 7,2019-06-04
2019-06-01,38.927930,-77.029462,Ward 1,2019-06-03
2019-06-01,38.912880,-77.073305,Ward 2,2019-06-03
2019-06-01,38.922428,-77.027036,Ward 1,2019-06-03
2019-06-01,38.897988,-76.971253,Null,2019-06-04
2019-06-01,38.920536,-77.025705,Ward 1,2019-06-03
2019-06-01,38.926785,-77.043437,Ward 1,2019-06-03
2019-06-01,38.947717,-77.096128,Ward 3,2019-06-03
2019-06-02,38.862369,-76.997739,Ward 8,2019-06-06
2019-06-02,38.966711,-77.019896,Ward 4,2019-06-03
2019-06-02,38.925319,-77.035424,Ward 1,2019-06-03
2019-06-02,38.928638,-77.013597,Ward 5,2019-06-03
2019-06-02,38.923767,-77.027038,Ward 1,2019-06-03
2019-06-02,38.922826,-77.026593,Ward 1,2019-06-03
2019-06-02,38.957851,-77.012797,Ward 4,2019-06-03
2019-06-02,38.880346,-76.986596,Ward 6,2019-06-04
2019-06-02,38.922665,-77.027256,Ward 1,2019-06-03
2019-06-02,38.948111,-77.085672,Ward 3,2019-06-03
2019-06-02,38.854186,-76.965460,Ward 8,2019-06-04
2019-06-02,38.923209,-77.027303,Ward 1,2019-06-03
2019-06-02,38.923097,-77.027037,Ward 1,2019-06-03
2019-06-02,38.925503,-77.094202,Ward 3,2019-06-03
2019-06-02,38.922428,-77.027036,Ward 1,2019-06-03
2019-06-02,38.854216,-76.965683,Ward 8,2019-06-04
2019-06-03,38.839950,-76.994892,Ward 8,2019-06-04
2019-06-03,38.918978,-77.012809,Ward 5,2019-06-04
2019-06-03,38.925414,-77.093299,Ward 3,2019-06-04
2019-06-03,38.853771,-76.964446,Ward 7,2019-06-04
2019-06-03,38.913923,-77.043771,Ward 2,2019-06-06
2019-06-04,38.957886,-77.073639,Ward 3,2019-06-06
2019-06-04,38.889414,-76.997926,Ward 6,2019-06-06
2019-06-04,38.925224,-77.030047,Ward 1,2019-06-06
2019-06-04,38.901327,-77.002036,Ward 6,2019-06-06
2019-06-04,38.853771,-76.964446,Ward 7,2019-06-06
2019-06-04,38.895997,-76.914500,Ward 7,2019-06-06
2019-06-04,38.896125,-76.916016,Ward 7,2019-06-06
2019-06-04,38.862852,-77.000281,Ward 8,2019-06-06
2019-06-04,38.967285,-77.019578,Ward 4,2019-06-06
2019-06-04,38.854841,-76.965708,Null,2019-06-07
2019-06-04,38.884242,-77.018165,Ward 6,2019-06-07
2019-06-04,38.905367,-77.018729,Ward 6,2019-06-07
2019-06-05,38.951747,-77.009243,Ward 4,2019-06-06
2019-06-05,38.925844,-77.102855,Ward 3,2019-06-07
2019-06-05,38.853771,-76.964446,Ward 7,2019-06-07
2019-06-05,38.925192,-77.041051,Ward 1,2019-06-07
2019-06-05,38.891639,-76.928206,Ward 7,2019-06-07
2019-06-05,38.951259,-77.072447,Ward 3,2019-06-07
2019-06-05,38.987104,-77.030982,Ward 4,2019-06-07
2019-06-05,38.903820,-76.992163,Ward 5,2019-06-07
2019-06-06,38.904050,-76.992786,Ward 5,2019-06-07
2019-06-06,38.930057,-77.025366,Ward 1,2019-06-07
2019-06-06,38.929752,-77.024655,Ward 1,2019-06-07
2019-06-06,38.927049,-77.025341,Ward 1,2019-06-07
2019-06-06,38.985875,-77.030464,Ward 4,2019-06-07
2019-06-06,38.887391,-76.998875,Ward 6,2019-06-07
2019-06-06,38.847659,-76.977840,Ward 8,2019-06-10
2019-06-06,38.940704,-77.015979,Ward 4,2019-06-07
2019-06-06,38.885152,-76.985721,Ward 6,2019-06-07
2019-06-07,38.919754,-77.036495,Ward 1,2019-06-10
2019-06-07,38.933681,-77.031881,Ward 1,2019-06-10
2019-06-07,38.941337,-77.032727,Ward 4,2019-06-10
2019-06-07,38.905839,-77.023630,Ward 2,2019-06-10
2019-06-07,38.910340,-77.065246,Ward 2,2019-06-10
2019-06-07,38.917513,-77.009348,Ward 5,2019-06-10
2019-06-08,38.890217,-76.935843,Ward 7,2019-06-10
2019-06-08,38.966114,-77.061394,Ward 4,2019-06-10
2019-06-08,38.898394,-76.991772,Ward 6,2019-06-10
2019-06-08,38.925224,-77.030047,Ward 1,2019-06-10
2019-06-08,38.863787,-76.950916,Ward 7,2019-06-11
2019-06-08,38.946497,-77.085797,Ward 3,2019-06-10
2019-06-08,38.924891,-77.068646,Ward 3,2019-06-10
2019-06-08,38.925106,-77.068977,Ward 3,2019-06-11
2019-06-08,38.891139,-76.982038,Ward 6,2019-06-10
2019-06-09,38.953124,-77.084535,Ward 3,2019-06-10
2019-06-09,38.924752,-77.067880,Ward 3,2019-06-10
2019-06-09,38.881808,-76.991276,Ward 6,2019-06-10
2019-06-09,38.943741,-77.094442,Ward 3,2019-06-10
2019-06-09,38.925358,-77.068035,Ward 3,2019-06-10
2019-06-09,38.925086,-77.067834,Ward 3,2019-06-10
2019-06-09,38.881831,-77.021648,Ward 6,2019-06-10
2019-06-10,38.930738,-76.974480,Ward 5,2019-06-11
2019-06-10,38.947153,-77.101615,Ward 3,2019-06-11
2019-06-10,38.924437,-77.065142,Ward 3,2019-06-11
2019-06-10,38.964498,-77.025158,Ward 4,2019-06-11
2019-06-10,38.890757,-77.001350,Ward 6,2019-06-11
2019-06-10,38.966114,-77.061394,Ward 4,2019-06-11
2019-06-10,38.890393,-76.935507,Ward 7,2019-06-11
2019-06-10,38.906567,-76.934540,Ward 7,2019-06-12
2019-06-11,38.935465,-77.023520,Ward 1,2019-06-12
2019-06-11,38.928775,-76.991975,Ward 5,2019-06-12
2019-06-11,38.881831,-77.021648,Ward 6,2019-06-12
2019-06-11,38.946709,-77.022776,Ward 4,2019-06-12
2019-06-11,38.930493,-77.057115,Ward 3,2019-06-12
2019-06-11,38.941278,-77.020948,Ward 4,2019-06-12
2019-06-11,38.928775,-76.991975,Ward 5,2019-06-12
2019-06-11,38.891389,-76.981911,Ward 6,2019-06-12
2019-06-11,38.967048,-77.061313,Ward 4,2019-06-12
2019-06-12,38.895948,-76.978483,Ward 6,2019-06-12
2019-06-12,38.928775,-76.991975,Ward 5,2019-06-12
2019-06-12,38.969225,-77.034731,Ward 4,2019-06-14
2019-06-12,38.992008,-77.040427,Ward 4,2019-06-14
2019-06-12,38.915775,-77.013716,Ward 5,2019-06-14
2019-06-12,38.847194,-77.001157,Ward 8,2019-06-14
2019-06-12,38.883795,-76.955731,Ward 7,2019-06-14
2019-06-13,38.885056,-76.993991,Ward 6,2019-06-14
2019-06-13,38.948424,-77.021068,Ward 4,2019-06-14
2019-06-13,38.930236,-77.111741,Ward 3,2019-06-14
2019-06-13,38.907555,-77.006179,Ward 6,2019-06-14
2019-06-13,38.947391,-77.026143,Ward 4,2019-06-14
2019-06-13,38.871846,-76.976642,Ward 8,2019-06-14
2019-06-13,38.902782,-77.049194,Ward 2,2019-06-14
2019-06-13,38.863236,-76.997840,Ward 8,2019-06-14
2019-06-13,38.907699,-77.027874,Ward 2,2019-06-14
2019-06-13,38.907585,-77.027796,Ward 2,2019-06-14
2019-06-13,38.871846,-76.976696,Ward 8,2019-06-14
2019-06-13,38.938531,-77.027442,Ward 4,2019-06-20
2019-06-14,38.912348,-77.004699,Ward 5,2019-06-20
2019-06-14,38.829439,-76.996126,Ward 8,2019-06-20
2019-06-14,38.871846,-76.976696,Ward 8,2019-06-14
2019-06-14,38.917713,-77.008719,Ward 5,2019-06-20
2019-06-14,38.853298,-76.983303,Ward 8,2019-06-20
2019-06-14,38.844181,-77.001732,Ward 8,2019-06-20
2019-06-14,38.929280,-76.993100,Ward 5,2019-06-20
2019-06-14,38.951277,-77.018223,Ward 4,2019-06-20
2019-06-14,38.960902,-76.998600,Ward 4,2019-06-20
2019-06-14,38.848137,-77.003559,Ward 8,2019-06-20
2019-06-14,38.915341,-77.002264,Ward 5,2019-06-20
2019-06-14,38.957070,-77.031526,Ward 4,2019-06-20
2019-06-15,38.858711,-76.993956,Ward 8,2019-06-20
2019-06-15,38.912551,-76.983427,Ward 5,2019-06-15
2019-06-15,38.914792,-77.015512,Ward 1,2019-06-17
2019-06-15,38.850123,-76.980141,Ward 8,2019-06-17
2019-06-15,38.906884,-77.024188,Ward 2,2019-06-17
2019-06-15,38.905512,-77.026812,Ward 2,2019-06-17
2019-06-15,38.905512,-77.026812,Ward 2,2019-06-17
2019-06-15,38.914522,-77.043729,Ward 2,2019-06-17
2019-06-15,38.870062,-76.967525,Ward 7,2019-06-17
2019-06-15,38.914948,-77.034899,Ward 2,2019-06-17
2019-06-16,38.911455,-77.036094,Ward 2,2019-06-16
2019-06-16,38.925169,-76.965162,Ward 5,2019-06-18
2019-06-16,38.915555,-77.044070,Null,2019-06-18
2019-06-16,38.900201,-76.990240,Ward 6,2019-06-18
2019-06-16,38.915318,-77.024207,Ward 1,2019-06-16
2019-06-16,38.937943,-77.068889,Ward 3,2019-06-17
2019-06-17,38.951172,-76.994530,Ward 5,2019-06-17
2019-06-17,38.893607,-76.999513,Ward 6,2019-06-17
2019-06-17,38.971737,-77.011010,Ward 4,2019-06-20
2019-06-17,38.935494,-77.023313,Ward 1,2019-06-19
2019-06-17,38.935494,-77.023313,Ward 1,2019-06-19
2019-06-17,38.935494,-77.023313,Ward 1,2019-06-19
2019-06-17,38.935494,-77.023313,Ward 1,2019-06-18
2019-06-17,38.935494,-77.023313,Ward 1,2019-06-18
2019-06-17,38.893196,-76.917778,Ward 7,2019-06-19
2019-06-17,38.935494,-77.023313,Ward 1,2019-06-18
2019-06-17,38.935494,-77.023313,Ward 1,2019-06-18
2019-06-17,38.935494,-77.023313,Ward 1,2019-06-18
2019-06-17,38.935494,-77.023313,Ward 1,2019-06-18
2019-06-17,38.935494,-77.023313,Ward 1,2019-06-18
2019-06-17,38.982932,-77.037468,Ward 4,2019-06-18
2019-06-17,38.858907,-76.968195,Null,2019-06-21
2019-06-17,38.973379,-77.019262,Ward 4,2019-06-18
2019-06-17,38.973379,-77.019262,Ward 4,2019-06-21
2019-06-17,38.973379,-77.019262,Ward 4,2019-06-18
2019-06-17,38.973379,-77.019262,Ward 4,2019-06-18
2019-06-17,38.973379,-77.019262,Ward 4,2019-06-18
2019-06-17,38.973379,-77.019262,Ward 4,2019-06-18
2019-06-17,38.973379,-77.019262,Ward 4,2019-06-18
2019-06-17,38.839970,-76.992504,Ward 8,2019-06-21
2019-06-17,38.890919,-76.927710,Ward 7,2019-06-18
2019-06-17,38.973379,-77.019262,Ward 4,2019-06-18
2019-06-17,38.864836,-76.983264,Ward 8,2019-06-20
2019-06-17,38.888140,-76.936279,Ward 7,2019-06-21
2019-06-17,38.904581,-77.053475,Ward 2,2019-06-18
2019-06-17,38.908006,-76.980317,Ward 5,2019-06-21
2019-06-17,38.956536,-76.996378,Ward 5,2019-06-18
2019-06-17,38.914948,-77.034899,Ward 2,2019-06-18
2019-06-17,38.933118,-77.044575,Ward 1,2019-06-18
2019-06-17,38.853298,-76.983303,Ward 8,2019-06-21
2019-06-18,38.926498,-76.969897,Ward 5,2019-06-20
2019-06-18,38.906571,-76.983668,Ward 5,2019-06-20
2019-06-18,38.905882,-76.987154,Ward 5,2019-06-20
2019-06-18,38.893311,-76.951764,Ward 7,2019-06-20
2019-06-18,38.914307,-77.037577,Ward 2,2019-06-20
2019-06-18,38.882489,-76.980997,Ward 6,2019-06-20
2019-06-19,38.888357,-76.936476,Ward 7,2019-06-21
2019-06-19,38.958513,-77.028459,Ward 4,2019-06-21
2019-06-19,38.940693,-77.022633,Ward 4,2019-06-21
2019-06-19,38.932779,-76.982429,Ward 5,2019-06-24
2019-06-20,38.935544,-77.070887,Ward 3,2019-06-24
2019-06-20,38.932954,-76.982720,Ward 5,2019-06-24
2019-06-20,38.915087,-77.050788,Ward 2,2019-06-21
2019-06-20,38.963926,-77.007965,Ward 4,2019-06-24
2019-06-20,38.955194,-77.086976,Ward 3,2019-06-24
2019-06-20,38.941401,-77.015605,Ward 4,2019-06-21
2019-06-20,38.944419,-77.020365,Ward 4,2019-06-21
2019-06-20,38.955352,-77.087420,Ward 3,2019-06-24
2019-06-20,38.932659,-77.048917,Null,2019-06-25
2019-06-20,38.892207,-76.953888,Ward 7,2019-06-25
2019-06-20,38.916464,-77.026222,Ward 1,2019-06-25
2019-06-20,38.909650,-77.029601,Ward 2,2019-06-21
2019-06-21,38.906298,-77.012978,Ward 5,2019-06-21
2019-06-21,38.912609,-77.036515,Ward 2,2019-06-25
2019-06-21,38.901625,-76.923662,Ward 7,2019-06-25
2019-06-21,38.892753,-77.027070,Ward 2,2019-06-25
2019-06-21,38.860819,-76.972047,Ward 8,2019-06-25
2019-06-22,38.898573,-77.012323,Ward 6,2019-06-25
2019-06-22,38.879793,-77.015641,Ward 6,2019-06-25
2019-06-22,38.928206,-77.102745,Ward 3,2019-06-25
2019-06-23,38.909482,-77.027832,Ward 2,2019-06-25
2019-06-23,38.961017,-77.069176,Ward 3,2019-06-25
2019-06-23,38.952909,-77.021050,Ward 4,2019-06-25
2019-06-23,38.961544,-77.069780,Ward 3,2019-06-25
2019-06-24,38.909158,-77.090397,Ward 3,2019-06-25
2019-06-24,38.873570,-77.018343,Ward 6,2019-06-25
2019-06-24,38.897116,-77.045330,Ward 2,2019-06-25
2019-06-24,38.869295,-76.976038,Ward 8,2019-06-25
2019-06-24,38.928248,-77.102547,Ward 3,2019-06-25
2019-06-24,38.924515,-77.027408,Ward 1,2019-06-26
2019-06-24,38.882439,-76.984457,Ward 6,2019-06-25
2019-06-24,38.898538,-76.918622,Ward 7,2019-06-25
2019-06-24,38.926949,-77.051413,Ward 3,2019-06-25
2019-06-25,38.939528,-77.033308,Ward 4,2019-06-26
2019-06-25,38.916955,-77.023082,Ward 1,2019-06-26
2019-06-25,38.928206,-77.102745,Ward 3,2019-06-26
2019-06-25,38.884285,-76.983089,Ward 6,2019-06-26
2019-06-25,38.863891,-76.972033,Ward 8,2019-06-26
2019-06-25,38.869822,-76.972663,Ward 8,2019-06-26
2019-06-25,38.864241,-76.970783,Null,2019-06-26
2019-06-25,38.870558,-76.974231,Ward 8,2019-06-26
2019-06-25,38.863817,-76.971514,Ward 8,2019-06-26
2019-06-25,38.915607,-77.074410,Ward 2,2019-06-26
2019-06-25,38.863733,-76.971925,Ward 8,2019-06-26
2019-06-25,38.863352,-76.972292,Ward 8,2019-06-26
2019-06-25,38.919182,-77.029619,Ward 1,2019-06-28
2019-06-25,38.885615,-77.017901,Ward 6,2019-06-26
2019-06-26,38.864161,-76.967857,Ward 7,2019-06-28
2019-06-26,38.919112,-77.040822,Ward 1,2019-06-26
2019-06-26,38.951966,-77.023829,Ward 4,2019-06-28
2019-06-26,38.933595,-77.039034,Ward 1,2019-06-27
2019-06-26,38.912809,-77.046320,Ward 2,2019-06-27
2019-06-26,38.863922,-76.971285,Ward 8,2019-06-27
2019-06-26,38.860218,-76.968147,Null,2019-06-28
2019-06-26,38.869576,-76.941394,Ward 7,2019-06-27
2019-06-26,38.933595,-77.039034,Ward 1,2019-06-27
2019-06-26,38.933595,-77.039034,Ward 1,2019-06-27
2019-06-26,38.968222,-77.058204,Ward 4,2019-06-27
2019-06-26,38.919008,-77.030673,Ward 1,2019-06-27
2019-06-26,38.919008,-77.030542,Ward 1,2019-06-27
2019-06-26,38.864277,-76.987214,Ward 8,2019-06-27
2019-06-26,38.884426,-76.920843,Ward 7,2019-06-27
2019-06-26,38.919790,-77.001231,Ward 5,2019-06-27
2019-06-27,38.874973,-77.017919,Ward 6,2019-06-27
2019-06-27,38.919168,-77.040530,Ward 1,2019-06-27
2019-06-27,38.919008,-77.030673,Ward 1,2019-06-27
2019-06-27,38.897607,-76.930635,Ward 7,2019-06-28
2019-06-27,38.870522,-76.977049,Ward 8,2019-06-28
2019-06-27,38.904581,-77.053475,Ward 2,2019-06-28
2019-06-27,38.915762,-77.010285,Ward 5,2019-06-28
2019-06-27,38.954936,-77.032771,Ward 4,2019-06-28
2019-06-27,38.958117,-77.068920,Ward 3,2019-06-28
2019-06-27,38.897569,-76.931176,Ward 7,2019-06-28
2019-06-27,38.991160,-77.042508,Ward 4,2019-06-28
2019-06-27,38.888874,-76.981563,Ward 6,2019-06-28
2019-06-27,38.898827,-76.927463,Ward 7,2019-07-01
2019-06-27,38.900638,-76.970230,Ward 5,2019-07-01
2019-06-27,38.912872,-77.073589,Ward 2,2019-06-28
2019-06-27,38.896277,-76.973281,Ward 7,2019-06-28
2019-06-27,38.884245,-76.992864,Ward 6,2019-06-28
2019-06-28,38.949208,-77.085968,Ward 3,2019-07-01
2019-06-28,38.911816,-77.011451,Ward 5,2019-07-02
2019-06-28,38.899990,-76.939457,Ward 7,2019-07-02
2019-06-28,38.914499,-77.019651,Ward 6,2019-07-02
2019-06-28,38.901248,-76.950214,Ward 7,2019-07-01
2019-06-28,38.868406,-76.984245,Ward 8,2019-07-01
2019-06-28,38.884280,-76.993527,Ward 6,2019-07-01
2019-06-28,38.833632,-76.985375,Ward 8,2019-07-03
2019-06-28,38.889825,-77.013634,Ward 2,2019-07-02
2019-06-28,38.961603,-77.052683,Null,2019-07-03
2019-06-29,38.882644,-76.984848,Ward 6,2019-07-01
2019-06-29,38.882644,-76.984960,Ward 6,2019-07-01
2019-06-29,38.902757,-76.995694,Ward 6,2019-07-01
2019-06-29,38.878576,-76.984840,Ward 6,2019-07-01
2019-06-29,38.893732,-76.984124,Ward 6,2019-07-01
2019-06-29,38.897844,-76.970408,Null,2019-07-05
2019-06-29,38.896429,-76.978368,Ward 6,2019-07-03
2019-06-29,38.911317,-77.035311,Ward 2,2019-07-01
2019-06-30,38.898370,-76.939190,Ward 7,2019-07-03
2019-06-30,38.875931,-76.964431,Ward 7,2019-07-01
2019-06-30,38.867818,-76.941865,Ward 7,2019-07-01
2019-06-30,38.868456,-76.970809,Null,2019-07-03
2019-06-30,38.899058,-76.939191,Ward 7,2019-07-02
2019-06-30,38.961474,-77.043249,Ward 4,2019-07-03
2019-06-30,38.899764,-76.918595,Ward 7,2019-07-01
2019-06-30,38.915948,-77.018983,Ward 1,2019-07-01
2019-06-30,38.962521,-77.036910,Ward 4,2019-07-03
2019-06-30,38.922491,-77.042950,Ward 1,2019-07-03
2019-07-01,38.937942,-76.972393,Ward 5,2019-07-01
2019-07-01,38.982738,-77.031395,Ward 4,2019-07-02
2019-07-01,38.921840,-77.051263,Ward 3,2019-07-05
2019-07-01,38.885780,-76.958998,Ward 7,2019-07-02
2019-07-01,38.886230,-76.958709,Ward 7,2019-07-02
2019-07-01,38.937400,-76.972537,Ward 5,2019-07-03
2019-07-01,38.970174,-77.009017,Ward 4,2019-07-02
2019-07-01,38.911691,-77.027797,Ward 2,2019-07-02
2019-07-01,38.969752,-77.012584,Ward 4,2019-07-02
2019-07-02,38.922160,-77.042865,Ward 1,2019-07-02
2019-07-02,38.940656,-77.027226,Ward 4,2019-07-02
2019-07-02,38.920683,-76.996029,Ward 5,2019-07-08
2019-07-02,38.918341,-77.026727,Ward 1,2019-07-05
2019-07-02,38.933213,-77.029425,Ward 1,2019-07-05
2019-07-02,38.957083,-77.028415,Ward 4,2019-07-08
2019-07-02,38.911762,-77.027843,Ward 2,2019-07-05
2019-07-02,38.937771,-76.974387,Ward 5,2019-07-05
2019-07-02,38.894946,-76.977526,Ward 6,2019-07-05
2019-07-02,38.939930,-77.024505,Ward 4,2019-07-05
2019-07-02,38.943099,-76.988061,Ward 5,2019-07-05
2019-07-02,38.921674,-77.009369,Ward 5,2019-07-05
2019-07-02,38.916086,-77.026263,Ward 1,2019-07-05
2019-07-02,38.822486,-77.017379,Ward 8,2019-07-09
2019-07-02,38.902757,-76.995694,Ward 6,2019-07-05
2019-07-03,38.952765,-77.024099,Ward 4,2019-07-08
2019-07-03,38.896123,-77.011432,Ward 6,2019-07-08
2019-07-03,38.899756,-76.931667,Ward 7,2019-07-08
2019-07-03,38.967394,-77.061380,Ward 4,2019-07-08
2019-07-03,38.937397,-77.023846,Ward 4,2019-07-08
2019-07-03,38.887614,-77.003519,Ward 6,2019-07-08
2019-07-03,38.957951,-77.024372,Ward 4,2019-07-08
2019-07-03,38.933256,-77.064560,Ward 3,2019-07-08
2019-07-04,38.952760,-77.026325,Ward 4,2019-07-08
2019-07-04,38.870070,-76.971184,Ward 8,2019-07-08
2019-07-04,38.870070,-76.971184,Ward 8,2019-07-08
2019-07-04,38.882030,-76.982037,Ward 6,2019-07-08
2019-07-04,38.918826,-77.027341,Ward 1,2019-07-08
2019-07-05,38.813623,-77.014323,Ward 8,2019-07-09
2019-07-05,38.881276,-77.023016,Ward 6,2019-07-09
2019-07-05,38.937600,-77.001888,Ward 5,2019-07-09
2019-07-05,38.915774,-77.013475,Ward 5,2019-07-09
2019-07-05,38.953739,-77.013283,Ward 4,2019-07-09
2019-07-05,38.895003,-77.031353,Ward 2,2019-07-09
2019-07-05,38.898836,-76.922113,Ward 7,2019-07-10
2019-07-05,38.940412,-77.002184,Ward 5,2019-07-09
2019-07-05,38.863271,-76.966077,Ward 7,2019-07-09
2019-07-05,38.863469,-76.965649,Ward 7,2019-07-09
2019-07-05,38.938640,-77.003610,Ward 5,2019-07-09
2019-07-05,38.952795,-77.092846,Ward 3,2019-07-09
2019-07-05,38.937693,-77.004875,Ward 5,2019-07-09
2019-07-05,38.911510,-76.937204,Ward 7,2019-07-10
2019-07-05,38.936712,-77.001791,Ward 5,2019-07-09
2019-07-05,38.949843,-76.991394,Ward 5,2019-07-09
2019-07-05,38.943027,-77.022537,Ward 4,2019-07-09
2019-07-05,38.913516,-77.042459,Ward 2,2019-07-09
2019-07-05,38.908741,-77.054889,Ward 2,2019-07-09
2019-07-05,38.813539,-77.012928,Ward 8,2019-07-09
2019-07-05,38.927641,-76.964790,Ward 5,2019-07-09
2019-07-05,38.901980,-76.946529,Ward 7,2019-07-10
2019-07-06,38.952765,-77.024099,Ward 4,2019-07-09
2019-07-06,38.908932,-77.055000,Ward 2,2019-07-09
2019-07-06,38.909916,-77.084981,Ward 3,2019-07-09
2019-07-06,38.959957,-77.040054,Ward 4,2019-07-09
2019-07-06,38.956212,-77.036398,Ward 4,2019-07-09
2019-07-06,38.845308,-77.002159,Ward 8,2019-07-10
2019-07-06,38.930168,-77.030024,Ward 1,2019-07-09
2019-07-06,38.915948,-77.018983,Ward 1,2019-07-09
2019-07-07,38.934709,-77.041749,Ward 1,2019-07-09
2019-07-07,38.872290,-77.016300,Ward 6,2019-07-09
2019-07-07,38.911128,-77.042051,Ward 2,2019-07-09
2019-07-07,38.917170,-77.044270,Ward 1,2019-07-09
2019-07-07,38.940830,-77.018901,Ward 4,2019-07-09
2019-07-07,38.944111,-77.003412,Ward 5,2019-07-09
2019-07-07,38.900913,-76.995250,Ward 6,2019-07-09
2019-07-08,38.936949,-77.065260,Ward 3,2019-07-09
2019-07-08,38.903714,-76.978991,Ward 5,2019-07-10
2019-07-08,38.944466,-77.003666,Ward 5,2019-07-09
2019-07-08,38.944082,-77.003353,Ward 5,2019-07-09
2019-07-08,38.912601,-76.983625,Ward 5,2019-07-10
2019-07-08,38.922676,-77.029954,Ward 1,2019-07-09
2019-07-08,38.916152,-77.049651,Ward 2,2019-07-09
2019-07-08,38.944093,-77.092379,Ward 3,2019-07-09
2019-07-08,38.891808,-77.001830,Ward 6,2019-07-09
2019-07-08,38.951655,-77.023148,Ward 4,2019-07-09
2019-07-08,38.912025,-77.010060,Ward 5,2019-07-09
2019-07-09,38.903743,-77.038509,Ward 2,2019-07-10
2019-07-09,38.958831,-77.069531,Ward 3,2019-07-09
2019-07-09,38.959214,-77.069342,Ward 3,2019-07-10
2019-07-09,38.958831,-77.069463,Ward 3,2019-07-10
2019-07-09,38.951695,-77.023157,Ward 4,2019-07-10
2019-07-09,38.872797,-77.004108,Ward 6,2019-07-10
2019-07-09,38.849508,-76.976975,Ward 8,2019-07-10
2019-07-09,38.900362,-76.977378,Ward 5,2019-07-10
2019-07-09,38.857200,-76.964623,Ward 7,2019-07-11
2019-07-09,38.879515,-77.018125,Ward 6,2019-07-10
2019-07-09,38.885316,-77.003279,Ward 6,2019-07-10
2019-07-09,38.923044,-77.045016,Ward 1,2019-07-10
2019-07-09,38.914687,-77.042765,Ward 2,2019-07-10
2019-07-09,38.914678,-77.042829,Ward 2,2019-07-10
2019-07-10,38.846762,-77.001235,Ward 8,2019-07-10
2019-07-10,38.894671,-76.992409,Ward 6,2019-07-10
2019-07-10,38.917310,-77.044377,Ward 1,2019-07-10
2019-07-10,38.920749,-77.040846,Ward 1,2019-07-10
2019-07-10,38.884799,-77.003748,Ward 6,2019-07-11
2019-07-10,38.896071,-76.933687,Ward 7,2019-07-12
2019-07-10,38.928704,-77.025252,Ward 1,2019-07-11
2019-07-10,38.929041,-77.023229,Ward 1,2019-07-11
2019-07-10,38.935118,-77.025198,Null,2019-07-11
2019-07-10,38.940306,-76.973941,Ward 5,2019-07-11
2019-07-10,38.935628,-77.029480,Ward 1,2019-07-11
2019-07-11,38.931439,-76.966598,Ward 5,2019-07-12
2019-07-11,38.966326,-77.030042,Ward 4,2019-07-12
2019-07-11,38.900134,-77.052358,Ward 2,2019-07-15
2019-07-11,38.891836,-76.984367,Ward 6,2019-07-15
2019-07-11,38.905806,-77.047649,Ward 2,2019-07-15
2019-07-11,38.896744,-76.930090,Ward 7,2019-07-15
2019-07-11,38.909050,-77.085990,Ward 3,2019-07-15
2019-07-11,38.955171,-77.007282,Null,2019-07-15
2019-07-12,38.937603,-76.970547,Ward 5,2019-07-15
2019-07-12,38.932793,-77.068256,Ward 3,2019-07-15
2019-07-12,38.938081,-76.971534,Ward 5,2019-07-15
2019-07-12,38.909650,-77.029601,Ward 2,2019-07-15
2019-07-12,38.947226,-77.007673,Ward 5,2019-07-15
2019-07-12,38.938241,-77.022550,Ward 4,2019-07-15
2019-07-12,38.935053,-77.047713,Null,2019-07-15
2019-07-12,38.937944,-76.971757,Ward 5,2019-07-15
2019-07-12,38.948185,-77.086000,Ward 3,2019-07-15
2019-07-12,38.885195,-76.957237,Ward 7,2019-07-15
2019-07-12,38.945716,-77.075722,Ward 3,2019-07-15
2019-07-12,38.891096,-76.981083,Ward 6,2019-07-15
2019-07-12,38.910570,-77.064210,Ward 2,2019-07-15
2019-07-12,38.894256,-76.917140,Ward 7,2019-07-15
2019-07-12,38.959400,-77.029409,Ward 4,2019-07-15
2019-07-12,38.906233,-77.011331,Ward 6,2019-07-15
2019-07-13,38.945274,-77.041283,Ward 4,2019-07-15
2019-07-13,38.922427,-77.029705,Ward 1,2019-07-16
2019-07-13,38.925540,-77.041257,Ward 1,2019-07-15
2019-07-13,38.962877,-77.078301,Ward 3,2019-07-15
2019-07-13,38.915586,-77.018875,Ward 1,2019-07-15
2019-07-14,38.918916,-77.076374,Ward 3,2019-07-15
2019-07-14,38.945720,-77.075901,Ward 3,2019-07-15
2019-07-14,38.955593,-77.071299,Ward 3,2019-07-15
2019-07-14,38.891130,-76.985748,Ward 6,2019-07-15
2019-07-14,38.913899,-77.049122,Ward 2,2019-07-15
2019-07-14,38.918028,-77.044606,Ward 1,2019-07-15
2019-07-15,38.900460,-77.000399,Ward 6,2019-07-16
2019-07-15,38.945716,-77.075722,Ward 3,2019-07-15
2019-07-15,38.835034,-77.004935,Ward 8,2019-07-16
2019-07-15,38.882452,-77.005256,Ward 6,2019-07-16
2019-07-15,38.955593,-77.071299,Ward 3,2019-07-16
2019-07-15,38.902282,-76.991277,Ward 6,2019-07-16
2019-07-15,38.932808,-77.068403,Ward 3,2019-07-15
2019-07-15,38.943798,-76.987504,Ward 5,2019-07-16
2019-07-15,38.888632,-76.954314,Ward 7,2019-07-16
2019-07-15,38.966394,-77.070480,Ward 3,2019-07-16
2019-07-15,38.880077,-76.988056,Ward 6,2019-07-16
2019-07-15,38.829413,-76.999999,Ward 8,2019-07-16
2019-07-15,38.879982,-76.988004,Ward 6,2019-07-16
2019-07-15,38.896627,-76.941473,Ward 7,2019-07-16
2019-07-15,38.949099,-77.037581,Ward 4,2019-07-16
2019-07-15,38.973017,-77.059171,Ward 4,2019-07-16
2019-07-16,38.969197,-77.028589,Ward 4,2019-07-16
2019-07-16,38.896937,-76.941191,Ward 7,2019-07-17
2019-07-16,38.960538,-77.024463,Ward 4,2019-07-17
2019-07-16,38.896777,-76.940898,Ward 7,2019-07-18
2019-07-16,38.867280,-76.970237,Null,2019-07-18
2019-07-16,38.911314,-77.007161,Ward 5,2019-07-17
2019-07-16,38.868456,-76.970809,Null,2019-07-18
2019-07-17,38.864623,-76.970377,Ward 7,2019-07-17
2019-07-17,38.910966,-77.022461,Ward 6,2019-07-17
2019-07-17,38.840269,-76.993037,Ward 8,2019-07-18
2019-07-17,38.916386,-77.038776,Ward 2,2019-07-18
2019-07-17,38.894632,-76.916115,Ward 7,2019-07-18
2019-07-17,38.959973,-77.019174,Ward 4,2019-07-18
2019-07-17,38.916392,-77.042868,Ward 1,2019-07-18
2019-07-17,38.959625,-77.019181,Ward 4,2019-07-18
2019-07-17,38.947041,-76.990476,Ward 5,2019-07-18
2019-07-18,38.947089,-76.990479,Ward 5,2019-07-18
2019-07-18,38.911691,-77.027797,Ward 2,2019-07-18
2019-07-18,38.941508,-77.023077,Ward 4,2019-07-19
2019-07-18,38.962848,-76.999320,Ward 4,2019-07-19
2019-07-18,38.934216,-76.981832,Ward 5,2019-07-19
2019-07-18,38.963015,-76.999369,Ward 4,2019-07-19
2019-07-18,38.985803,-77.029962,Ward 4,2019-07-19
2019-07-18,38.950359,-77.052981,Ward 3,2019-07-19
2019-07-18,38.911684,-77.009757,Ward 5,2019-07-19
2019-07-18,38.962504,-76.999532,Ward 4,2019-07-19
2019-07-18,38.876117,-77.019303,Ward 6,2019-07-19
2019-07-18,38.941817,-77.020822,Ward 4,2019-07-19
2019-07-19,38.934116,-76.983430,Ward 5,2019-07-19
2019-07-19,38.948544,-77.084042,Ward 3,2019-07-19
2019-07-19,38.899256,-76.928270,Ward 7,2019-07-22
2019-07-19,38.891311,-76.981026,Ward 6,2019-07-22
2019-07-19,38.893067,-76.982213,Ward 7,2019-07-23
2019-07-19,38.922208,-77.001348,Ward 5,2019-07-22
2019-07-19,38.884292,-76.981922,Ward 6,2019-07-22
2019-07-19,38.906453,-77.063060,Ward 2,2019-07-22
2019-07-19,38.961511,-76.998409,Ward 4,2019-07-22
2019-07-19,38.955628,-76.992553,Ward 5,2019-07-22
2019-07-19,38.963955,-77.025393,Ward 4,2019-07-22
2019-07-19,38.916143,-77.039602,Ward 2,2019-07-22
2019-07-19,38.905000,-77.029042,Ward 2,2019-07-22
2019-07-20,38.946666,-77.016947,Ward 4,2019-07-22
2019-07-20,38.922539,-77.001259,Ward 5,2019-07-22
2019-07-20,38.932808,-77.068403,Ward 3,2019-07-22
2019-07-20,38.980165,-77.025621,Ward 4,2019-07-22
2019-07-20,38.922208,-77.001348,Ward 5,2019-07-22
2019-07-20,38.940667,-77.018035,Ward 4,2019-07-22
2019-07-20,38.875372,-77.021124,Ward 6,2019-07-22
2019-07-20,38.955277,-77.085924,Ward 3,2019-07-22
2019-07-20,38.927856,-77.035564,Ward 1,2019-07-22
2019-07-21,38.877962,-77.005560,Ward 6,2019-07-22
2019-07-21,38.893731,-76.984358,Ward 6,2019-07-22
2019-07-21,38.862733,-76.990905,Ward 8,2019-07-22
2019-07-21,38.946409,-77.016811,Ward 4,2019-07-24
2019-07-22,38.923599,-77.040420,Ward 1,2019-07-23
2019-07-22,38.845942,-76.984729,Ward 8,2019-07-23
2019-07-22,38.828344,-77.017307,Ward 8,2019-07-24
2019-07-22,38.916437,-77.030920,Ward 1,2019-07-23
2019-07-22,38.862105,-76.989778,Ward 8,2019-07-23
2019-07-22,38.910782,-76.987579,Ward 5,2019-07-23
2019-07-22,38.895996,-76.917152,Ward 7,2019-07-23
2019-07-22,38.927967,-77.024589,Ward 1,2019-07-24
2019-07-22,38.944049,-76.981470,Ward 5,2019-07-23
2019-07-22,38.862733,-76.990905,Ward 8,2019-07-23
2019-07-22,38.980165,-77.025621,Ward 4,2019-07-23
2019-07-22,38.862105,-76.989778,Ward 8,2019-07-23
2019-07-22,38.932386,-76.967520,Ward 5,2019-07-23
2019-07-23,38.862733,-76.990905,Ward 8,2019-07-23
2019-07-23,38.952691,-77.025814,Ward 4,2019-07-23
2019-07-23,38.950694,-76.990838,Ward 5,2019-07-25
2019-07-23,38.950694,-76.990838,Ward 5,2019-07-24
2019-07-23,38.950694,-76.990838,Ward 5,2019-07-24
2019-07-23,38.947727,-77.088194,Ward 3,2019-07-24
2019-07-23,38.907245,-76.979594,Ward 5,2019-07-24
2019-07-23,38.921966,-77.043044,Ward 1,2019-07-24
2019-07-23,38.941012,-76.970878,Ward 5,2019-07-25
2019-07-23,38.912025,-77.010060,Ward 5,2019-07-25
2019-07-24,38.839190,-77.005498,Ward 8,2019-07-25
2019-07-24,38.838911,-77.005011,Ward 8,2019-07-25
2019-07-24,38.839190,-77.005498,Ward 8,2019-07-25
2019-07-24,38.893350,-76.956848,Ward 7,2019-07-25
2019-07-24,38.882554,-76.934961,Ward 7,2019-07-25
2019-07-24,38.927043,-77.025396,Ward 1,2019-07-25
2019-07-24,38.922732,-76.990594,Ward 5,2019-07-25
2019-07-25,38.896002,-76.917072,Ward 7,2019-07-26
2019-07-25,38.895996,-76.917152,Ward 7,2019-07-26
2019-07-25,38.929553,-77.019422,Ward 1,2019-07-26
2019-07-25,38.871708,-77.005857,Ward 6,2019-07-26
2019-07-25,38.945174,-77.006188,Ward 5,2019-07-26
2019-07-25,38.945174,-77.006188,Ward 5,2019-07-26
2019-07-25,38.866280,-76.953001,Ward 7,2019-07-29
2019-07-25,38.936548,-77.006954,Ward 5,2019-07-26
2019-07-25,38.885363,-76.960448,Ward 7,2019-07-26
2019-07-25,38.909870,-77.081869,Ward 3,2019-07-26
2019-07-25,38.964216,-77.000883,Ward 4,2019-07-26
2019-07-26,38.868064,-76.979246,Ward 8,2019-07-26
2019-07-26,38.891378,-76.932605,Ward 7,2019-07-29
2019-07-26,38.919227,-77.018091,Ward 1,2019-07-29
2019-07-26,38.906853,-76.987055,Ward 5,2019-07-29
2019-07-26,38.920041,-77.072346,Ward 3,2019-07-29
2019-07-26,38.828734,-77.013547,Ward 8,2019-07-29
2019-07-26,38.908762,-77.026595,Ward 2,2019-07-29
2019-07-26,38.912025,-77.010060,Ward 5,2019-07-29
2019-07-26,38.907245,-76.979594,Ward 5,2019-07-29
2019-07-26,38.903330,-76.930673,Ward 7,2019-07-30
2019-07-26,38.917882,-77.029852,Ward 1,2019-07-29
2019-07-26,38.881719,-77.021639,Ward 6,2019-07-29
2019-07-27,38.929470,-76.967774,Ward 5,2019-07-29
2019-07-27,38.930607,-77.054378,Ward 3,2019-07-29
2019-07-27,38.888497,-76.997465,Ward 6,2019-07-29
2019-07-27,38.980165,-77.025621,Ward 4,2019-07-29
2019-07-27,38.829041,-76.997127,Ward 8,2019-07-29
2019-07-28,38.923188,-76.979419,Ward 5,2019-07-29
2019-07-28,38.856113,-76.959257,Ward 7,2019-07-29
2019-07-28,38.903249,-76.993970,Ward 6,2019-07-29
2019-07-28,38.980793,-77.025175,Ward 4,2019-07-29
2019-07-28,38.967137,-77.005070,Ward 4,2019-07-29
2019-07-28,38.916705,-77.006766,Ward 5,2019-07-29
2019-07-28,38.920362,-77.046636,Ward 1,2019-07-29
2019-07-29,38.856265,-76.959187,Ward 7,2019-07-29
2019-07-29,38.836068,-76.991441,Ward 8,2019-07-30
2019-07-29,38.957134,-77.027205,Ward 4,2019-07-30
2019-07-29,38.917882,-77.029852,Ward 1,2019-07-30
2019-07-29,38.836475,-76.991335,Ward 8,2019-07-30
2019-07-29,38.836475,-76.991335,Ward 8,2019-07-30
2019-07-29,38.878820,-76.965324,Ward 7,2019-07-30
2019-07-29,38.930221,-76.970128,Ward 5,2019-07-30
2019-07-29,38.911921,-77.028292,Ward 2,2019-07-30
2019-07-29,38.910571,-77.034119,Ward 2,2019-07-30
2019-07-29,38.904135,-76.990157,Ward 5,2019-07-30
2019-07-30,38.871207,-76.974455,Ward 8,2019-07-31
2019-07-30,38.863857,-76.952710,Ward 7,2019-07-31
2019-07-30,38.871930,-76.937716,Ward 7,2019-07-31
2019-07-30,38.915225,-77.019031,Ward 1,2019-07-31
2019-07-30,38.864276,-76.952800,Ward 7,2019-07-31
2019-07-30,38.942236,-77.078289,Ward 3,2019-07-31
2019-07-30,38.935973,-76.971202,Ward 5,2019-07-31
2019-07-30,38.917125,-77.023103,Ward 1,2019-07-31
2019-07-30,38.941268,-77.093478,Ward 3,2019-08-01
2019-07-30,38.967392,-77.071298,Ward 3,2019-07-31
2019-07-31,38.896622,-76.917463,Ward 7,2019-08-01
2019-07-31,38.872036,-77.012173,Ward 6,2019-08-01
2019-07-31,38.926829,-76.995943,Ward 5,2019-08-01
2019-07-31,38.907849,-77.049072,Ward 2,2019-08-01
2019-07-31,38.890030,-76.924695,Ward 7,2019-08-01
2019-07-31,38.912820,-77.065091,Ward 2,2019-08-01
2019-07-31,38.940626,-77.018015,Ward 4,2019-08-01
2019-08-01,38.938091,-77.021199,Ward 4,2019-08-01
2019-08-01,38.914804,-77.091538,Ward 3,2019-08-01
2019-08-01,38.916392,-77.042868,Ward 1,2019-08-01
2019-08-01,38.940209,-77.040993,Ward 4,2019-08-01
2019-08-01,38.954861,-77.010108,Ward 4,2019-08-02
2019-08-01,38.898562,-76.943479,Ward 7,2019-08-02
2019-08-01,38.935973,-76.971202,Ward 5,2019-08-02
2019-08-01,38.911719,-77.033933,Ward 2,2019-08-02
2019-08-01,38.923599,-77.040420,Ward 1,2019-08-02
2019-08-01,38.913902,-77.009336,Ward 5,2019-08-02
2019-08-01,38.859797,-76.971005,Ward 8,2019-08-02
2019-08-01,38.918517,-77.070455,Ward 3,2019-08-02
2019-08-01,38.859682,-76.970836,Ward 8,2019-08-02
2019-08-01,38.909646,-77.024474,Null,2019-08-02
2019-08-01,38.867722,-76.966693,Ward 7,2019-08-02
2019-08-01,38.955270,-77.009863,Ward 4,2019-08-02
2019-08-01,38.893017,-76.957261,Ward 7,2019-08-02
2019-08-01,38.875257,-76.962982,Ward 7,2019-08-02
2019-08-01,38.933704,-77.033790,Ward 1,2019-08-02
2019-08-02,38.889778,-76.941394,Ward 7,2019-08-02
2019-08-02,38.967386,-77.004624,Ward 4,2019-08-05
2019-08-02,38.919782,-77.032537,Ward 1,2019-08-05
2019-08-02,38.914989,-77.025150,Ward 1,2019-08-05
2019-08-02,38.927476,-77.039856,Ward 1,2019-08-05
2019-08-02,38.905482,-76.984672,Ward 5,2019-08-05
2019-08-02,38.859555,-76.971447,Ward 8,2019-08-05
2019-08-02,38.903603,-76.983439,Ward 5,2019-08-05
2019-08-02,38.917681,-77.017791,Ward 1,2019-08-05
2019-08-03,38.965793,-77.023993,Ward 4,2019-08-05
2019-08-03,38.966134,-77.025966,Ward 4,2019-08-05
2019-08-03,38.966135,-77.024205,Ward 4,2019-08-05
2019-08-03,38.940638,-77.016386,Ward 4,2019-08-05
2019-08-03,38.928879,-77.031312,Ward 1,2019-08-05
2019-08-04,38.895003,-77.031353,Ward 2,2019-08-05
2019-08-04,38.965729,-77.024453,Ward 4,2019-08-05
2019-08-04,38.908963,-77.021528,Ward 6,2019-08-05
2019-08-04,38.975648,-77.025853,Ward 4,2019-08-05
2019-08-04,38.965729,-77.024453,Ward 4,2019-08-05
2019-08-04,38.936623,-77.023086,Null,2019-08-05
2019-08-04,38.918026,-77.043916,Ward 1,2019-08-05
2019-08-04,38.934230,-77.110150,Ward 3,2019-08-05
2019-08-05,38.942531,-76.990497,Ward 5,2019-08-05
2019-08-05,38.920513,-76.987099,Ward 5,2019-08-06
2019-08-05,38.911816,-77.027831,Ward 2,2019-08-06
2019-08-05,38.904581,-77.053475,Ward 2,2019-08-06
2019-08-05,38.959656,-77.002483,Ward 4,2019-08-06
2019-08-05,38.965729,-77.024453,Ward 4,2019-08-05
2019-08-05,38.886215,-76.986241,Ward 6,2019-08-06
2019-08-05,38.921863,-76.975436,Ward 5,2019-08-06
2019-08-05,38.886227,-76.987272,Ward 6,2019-08-08
2019-08-05,38.935691,-77.111588,Ward 3,2019-08-06
2019-08-05,38.915367,-77.025016,Ward 1,2019-08-06
2019-08-05,38.930659,-77.098646,Ward 3,2019-08-06
2019-08-05,38.943549,-76.977064,Ward 5,2019-08-06
2019-08-05,38.919925,-76.986547,Ward 5,2019-08-06
2019-08-06,38.921863,-76.975436,Ward 5,2019-08-06
2019-08-06,38.979662,-77.025921,Ward 4,2019-08-08
2019-08-06,38.903184,-77.049168,Ward 2,2019-08-08
2019-08-06,38.881084,-76.992042,Ward 6,2019-08-07
2019-08-06,38.921383,-77.032702,Ward 1,2019-08-08
2019-08-07,38.836708,-76.993197,Ward 8,2019-08-08
2019-08-07,38.838805,-76.993563,Ward 8,2019-08-08
2019-08-07,38.901118,-77.051423,Ward 2,2019-08-09
2019-08-07,38.885289,-76.926755,Ward 7,2019-08-09
2019-08-07,38.859709,-76.991302,Ward 8,2019-08-09
2019-08-07,38.840239,-76.993616,Ward 8,2019-08-08
2019-08-07,38.838805,-76.993563,Ward 8,2019-08-08
2019-08-07,38.912472,-77.043694,Ward 2,2019-08-09
2019-08-07,38.970878,-77.024415,Ward 4,2019-08-09
2019-08-07,38.876492,-76.938859,Ward 7,2019-08-09
2019-08-07,38.945053,-76.987960,Ward 5,2019-08-09
2019-08-08,38.903550,-76.976829,Ward 5,2019-08-09
2019-08-09,38.928312,-77.042303,Ward 1,2019-08-12
2019-08-09,38.863899,-76.975416,Ward 8,2019-08-12
2019-08-09,38.876686,-76.938738,Ward 7,2019-08-13
2019-08-09,38.909389,-77.018666,Ward 6,2019-08-12
2019-08-09,38.858907,-76.968195,Null,2019-08-12
2019-08-09,38.970733,-77.071166,Ward 3,2019-08-12
2019-08-09,38.889492,-76.928410,Ward 7,2019-08-12
2019-08-10,38.875547,-77.010654,Ward 6,2019-08-12
2019-08-10,38.918513,-77.002280,Ward 5,2019-08-12
2019-08-10,38.968090,-77.023072,Ward 4,2019-08-12
2019-08-10,38.954668,-77.026773,Ward 4,2019-08-12
2019-08-11,38.906709,-77.010130,Ward 6,2019-08-12
2019-08-11,38.875655,-77.011218,Ward 6,2019-08-12
2019-08-11,38.915367,-77.025016,Ward 1,2019-08-12
2019-08-11,38.949716,-77.020839,Ward 4,2019-08-12
2019-08-11,38.908758,-77.046324,Ward 2,2019-08-12
2019-08-11,38.875758,-77.010862,Ward 6,2019-08-12
2019-08-11,38.906709,-77.010130,Ward 6,2019-08-12
2019-08-11,38.875368,-77.010863,Ward 6,2019-08-12
2019-08-11,38.876283,-77.010428,Ward 6,2019-08-12
2019-08-11,38.875655,-77.011218,Ward 6,2019-08-12
2019-08-11,38.875286,-77.010863,Ward 6,2019-08-12
2019-08-11,38.875228,-77.010436,Ward 6,2019-08-12
2019-08-11,38.912140,-76.988586,Ward 5,2019-08-12
2019-08-11,38.962874,-77.021879,Ward 4,2019-08-12
2019-08-12,38.938357,-77.070961,Ward 3,2019-08-13
2019-08-12,38.892960,-77.001784,Ward 6,2019-08-13
2019-08-12,38.869501,-76.946785,Ward 7,2019-08-13
2019-08-12,38.931909,-77.066115,Ward 3,2019-08-13
2019-08-12,38.962874,-77.021879,Ward 4,2019-08-12
2019-08-12,38.968979,-77.031552,Ward 4,2019-08-13
2019-08-12,38.938357,-77.070961,Ward 3,2019-08-13
2019-08-12,38.912140,-76.988586,Ward 5,2019-08-13
2019-08-12,38.870758,-76.945163,Ward 7,2019-08-13
2019-08-12,38.915367,-77.025016,Ward 1,2019-08-13
2019-08-13,38.898570,-76.929986,Ward 7,2019-08-14
2019-08-13,38.870484,-76.944960,Ward 7,2019-08-14
2019-08-13,38.898580,-76.930058,Ward 7,2019-08-14
2019-08-13,38.854966,-76.979243,Ward 8,2019-08-14
2019-08-13,38.916132,-77.040635,Ward 2,2019-08-14
2019-08-13,38.908753,-77.026178,Ward 2,2019-08-14
2019-08-13,38.872978,-77.017556,Ward 6,2019-08-14
2019-08-13,38.859272,-76.968490,Ward 8,2019-08-14
2019-08-13,38.931909,-77.066115,Ward 3,2019-08-13
2019-08-13,38.920673,-77.031649,Ward 1,2019-08-14
2019-08-13,38.931909,-77.066115,Ward 3,2019-08-13
2019-08-13,38.875655,-77.011218,Ward 6,2019-08-14
2019-08-13,38.929740,-77.027063,Ward 1,2019-08-14
2019-08-13,38.871824,-76.946100,Ward 7,2019-08-14
2019-08-14,38.890699,-76.948620,Ward 7,2019-08-14
2019-08-14,38.919364,-77.040816,Ward 1,2019-08-15
2019-08-14,38.990225,-77.037712,Ward 4,2019-08-15
2019-08-14,38.890286,-76.934878,Ward 7,2019-08-15
2019-08-14,38.963611,-77.021633,Ward 4,2019-08-15
2019-08-14,38.919387,-77.040484,Ward 1,2019-08-15
2019-08-14,38.960321,-77.003787,Ward 4,2019-08-15
2019-08-14,38.901180,-77.053796,Ward 2,2019-08-15
2019-08-14,38.964202,-77.022059,Ward 4,2019-08-15
2019-08-14,38.927910,-77.023634,Ward 1,2019-08-15
2019-08-14,38.879777,-76.986076,Ward 6,2019-08-15
2019-08-15,38.948656,-76.996603,Ward 5,2019-08-15
2019-08-15,38.990671,-77.036323,Ward 4,2019-08-15
2019-08-15,38.900756,-77.034345,Ward 2,2019-08-19
2019-08-15,38.957521,-77.013401,Ward 4,2019-08-19
2019-08-15,38.903550,-76.976829,Ward 5,2019-08-19
2019-08-15,38.872216,-77.012874,Ward 6,2019-08-19
2019-08-16,38.904940,-77.053537,Ward 2,2019-08-19
2019-08-16,38.949447,-77.017044,Ward 4,2019-08-19
2019-08-16,38.870773,-76.943521,Ward 7,2019-08-19
2019-08-16,38.968860,-77.072051,Ward 3,2019-08-19
2019-08-16,38.915404,-77.027283,Ward 1,2019-08-19
2019-08-16,38.871222,-76.939797,Ward 7,2019-08-19
2019-08-16,38.894483,-76.927042,Ward 7,2019-08-19
2019-08-16,38.946552,-77.030821,Ward 4,2019-08-19
2019-08-16,38.963385,-77.021555,Ward 4,2019-08-19
2019-08-16,38.870965,-76.942563,Ward 7,2019-08-19
2019-08-16,38.868050,-76.976204,Ward 8,2019-08-19
2019-08-16,38.926456,-77.008193,Ward 5,2019-08-19
2019-08-16,38.926456,-77.008193,Ward 5,2019-08-19
2019-08-16,38.895649,-76.980479,Ward 6,2019-08-19
2019-08-16,38.918600,-77.037600,Ward 1,2019-08-19
2019-08-16,38.969359,-77.062059,Ward 4,2019-08-19
2019-08-17,38.897466,-76.972137,Ward 7,2019-08-19
2019-08-17,38.871222,-76.939797,Ward 7,2019-08-19
2019-08-17,38.870630,-76.944241,Ward 7,2019-08-21
2019-08-17,38.844187,-76.999994,Ward 8,2019-08-19
2019-08-17,38.892604,-76.952067,Ward 7,2019-08-19
2019-08-17,38.913443,-77.068693,Ward 2,2019-08-19
2019-08-17,38.876706,-76.933822,Ward 7,2019-08-19
2019-08-17,38.870773,-76.943521,Ward 7,2019-08-19
2019-08-18,38.952066,-77.028935,Ward 4,2019-08-19
2019-08-18,38.924673,-77.000162,Ward 5,2019-08-19
2019-08-18,38.876670,-76.933092,Ward 7,2019-08-19
2019-08-18,38.927825,-77.084300,Ward 3,2019-08-19
2019-08-18,38.913395,-77.014548,Ward 5,2019-08-19
2019-08-18,38.897470,-77.009064,Ward 6,2019-08-19
2019-08-18,38.876670,-76.933092,Ward 7,2019-08-20
2019-08-18,38.927795,-77.083352,Ward 3,2019-08-19
2019-08-18,38.927795,-77.083352,Ward 3,2019-08-19
2019-08-18,38.950246,-77.007361,Ward 5,2019-08-19
2019-08-19,38.877151,-76.932970,Ward 7,2019-08-20
2019-08-19,38.969477,-77.068250,Ward 4,2019-08-20
2019-08-19,38.962219,-77.074905,Ward 3,2019-08-20
2019-08-19,38.905871,-77.014569,Ward 6,2019-08-20
2019-08-19,38.891270,-76.936554,Ward 7,2019-08-20
2019-08-19,38.891022,-76.944821,Ward 7,2019-08-20
2019-08-19,38.950246,-77.007361,Ward 5,2019-08-20
2019-08-19,38.942895,-77.021425,Ward 4,2019-08-20
2019-08-20,38.950246,-77.007361,Ward 5,2019-08-20
2019-08-20,38.923377,-77.049009,Ward 3,2019-08-21
2019-08-20,38.957460,-77.015920,Ward 4,2019-08-21
2019-08-20,38.924652,-76.992683,Ward 5,2019-08-21
2019-08-20,38.897539,-77.006179,Ward 6,2019-08-21
2019-08-20,38.919370,-77.032706,Ward 1,2019-08-21
2019-08-20,38.891122,-76.920949,Ward 7,2019-08-21
2019-08-20,38.891439,-76.921217,Ward 7,2019-08-21
2019-08-21,38.947751,-77.036423,Ward 4,2019-08-22
2019-08-21,38.904015,-77.053690,Ward 2,2019-08-22
2019-08-21,38.909467,-77.034859,Ward 2,2019-08-22
2019-08-21,38.891392,-76.936563,Ward 7,2019-08-22
2019-08-21,38.862547,-76.969993,Ward 8,2019-08-23
2019-08-21,38.947571,-77.036843,Ward 4,2019-08-22
2019-08-21,38.895003,-77.031353,Ward 2,2019-08-22
2019-08-21,38.895405,-77.041727,Ward 2,2019-08-22
2019-08-21,38.950557,-77.095773,Ward 3,2019-08-22
2019-08-21,38.921305,-76.987290,Ward 5,2019-08-22
2019-08-22,38.927175,-76.963410,Ward 5,2019-08-22
2019-08-22,38.943634,-77.052617,Ward 3,2019-08-23
2019-08-22,38.913887,-77.010404,Ward 5,2019-08-23
2019-08-22,38.900756,-77.034345,Ward 2,2019-08-23
2019-08-22,38.964735,-77.012670,Ward 4,2019-08-23
2019-08-23,38.851101,-76.968367,Ward 8,2019-08-27
2019-08-23,38.907442,-76.980682,Ward 5,2019-08-27
2019-08-23,38.965781,-77.028288,Ward 4,2019-08-27
2019-08-23,38.827168,-77.009675,Ward 8,2019-08-27
2019-08-23,38.903320,-76.925984,Ward 7,2019-08-27
2019-08-24,38.902240,-76.925247,Ward 7,2019-08-27
2019-08-24,38.973380,-77.022471,Ward 4,2019-08-27
2019-08-24,38.885108,-76.995900,Ward 6,2019-08-27
2019-08-24,38.858207,-76.997013,Ward 8,2019-08-27
2019-08-24,38.899107,-76.987337,Ward 6,2019-08-27
2019-08-25,38.857272,-76.958918,Ward 7,2019-08-27
2019-08-25,38.928360,-76.960236,Ward 5,2019-08-28
2019-08-25,38.952014,-77.010555,Ward 4,2019-08-27
2019-08-25,38.895251,-76.980481,Ward 6,2019-08-27
2019-08-25,38.952239,-77.021249,Ward 4,2019-08-27
2019-08-25,38.868055,-76.984004,Ward 8,2019-08-27
2019-08-25,38.925731,-76.989295,Ward 5,2019-08-27
2019-08-25,38.897587,-76.972578,Ward 7,2019-08-27
2019-08-26,38.954233,-77.013310,Ward 4,2019-08-27
2019-08-26,38.933984,-77.040504,Ward 1,2019-08-27
2019-08-26,38.903878,-76.977892,Ward 5,2019-08-27
2019-08-26,38.934357,-77.039253,Ward 1,2019-08-27
2019-08-26,38.901968,-76.930118,Ward 7,2019-08-27
2019-08-26,38.934356,-77.039311,Ward 1,2019-08-27
2019-08-26,38.959583,-77.079395,Ward 3,2019-08-27
2019-08-27,38.905384,-77.024568,Ward 2,2019-08-27
2019-08-27,38.905646,-77.023992,Ward 2,2019-08-27
2019-08-27,38.955234,-77.034783,Ward 4,2019-08-28
2019-08-27,38.953285,-77.014725,Ward 4,2019-08-28
2019-08-27,38.912054,-77.035085,Ward 2,2019-08-28
2019-08-27,38.901333,-77.033639,Ward 2,2019-08-28
2019-08-27,38.933984,-77.040504,Ward 1,2019-08-28
2019-08-27,38.889384,-76.927374,Ward 7,2019-08-28
2019-08-27,38.933984,-77.040504,Ward 1,2019-08-28
2019-08-27,38.889763,-76.927153,Ward 7,2019-08-28
2019-08-27,38.934356,-77.039311,Ward 1,2019-08-28
2019-08-27,38.905753,-76.994885,Ward 5,2019-08-28
2019-08-27,38.934357,-77.039253,Ward 1,2019-08-28
2019-08-27,38.894040,-76.980761,Ward 7,2019-08-28
2019-08-27,38.854507,-76.990370,Ward 8,2019-08-28
2019-08-28,38.955124,-77.070856,Ward 3,2019-08-28
2019-08-28,38.940363,-77.016367,Ward 4,2019-08-29
2019-08-28,38.929041,-77.023229,Ward 1,2019-08-29
2019-08-28,38.928809,-77.023417,Ward 1,2019-08-29
2019-08-28,38.953076,-77.014656,Ward 4,2019-08-29
2019-08-28,38.883950,-76.920826,Ward 7,2019-08-29
2019-08-28,38.872026,-76.955305,Ward 7,2019-08-29
2019-08-28,38.886033,-76.998454,Ward 6,2019-08-29
2019-08-28,38.885867,-76.996621,Ward 6,2019-08-29
2019-08-28,38.934356,-77.039373,Ward 1,2019-08-29
2019-08-28,38.937400,-76.972537,Ward 5,2019-08-29
2019-08-28,38.934356,-77.039311,Ward 1,2019-08-29
2019-08-29,38.891378,-76.932605,Ward 7,2019-09-03
2019-08-29,38.873117,-76.977872,Ward 8,2019-09-03
2019-08-29,38.896377,-77.029953,Ward 2,2019-09-03
2019-08-29,38.955149,-77.028788,Ward 4,2019-09-03
2019-08-29,38.867421,-76.980525,Ward 8,2019-09-03
2019-08-29,38.873237,-76.977658,Ward 8,2019-09-03
2019-08-29,38.910777,-76.934817,Ward 7,2019-09-03
2019-08-29,38.873117,-76.977872,Ward 8,2019-09-03
2019-08-29,38.873117,-76.977872,Ward 8,2019-09-03
2019-08-29,38.965170,-77.015890,Ward 4,2019-09-03
2019-08-29,38.829786,-77.005618,Ward 8,2019-09-03
2019-08-30,38.908110,-77.066290,Ward 2,2019-09-03
2019-08-30,38.833905,-76.985022,Ward 8,2019-09-04
2019-08-30,38.905891,-76.931460,Ward 7,2019-09-04
2019-08-30,38.950851,-77.091973,Ward 3,2019-09-04
2019-08-30,38.911682,-77.007936,Ward 5,2019-09-04
2019-08-30,38.897957,-76.980883,Ward 6,2019-09-04
2019-08-30,38.916447,-77.040502,Ward 2,2019-09-04
2019-08-30,38.921502,-77.073340,Ward 3,2019-09-04
2019-08-31,38.911835,-77.028772,Ward 2,2019-09-04
2019-08-31,38.942749,-77.013840,Ward 4,2019-09-04
2019-08-31,38.834690,-77.003901,Ward 8,2019-09-04
2019-08-31,38.834824,-77.004639,Ward 8,2019-09-04
2019-09-01,38.888652,-76.927604,Ward 7,2019-09-04
2019-09-01,38.892580,-76.953544,Ward 7,2019-09-04
2019-09-01,38.911868,-77.031949,Ward 2,2019-09-04
2019-09-01,38.892317,-76.953158,Ward 7,2019-09-04
2019-09-01,38.961228,-77.071816,Ward 3,2019-09-04
2019-09-01,38.916437,-77.030920,Ward 1,2019-09-04
2019-09-01,38.900921,-77.036968,Ward 2,2019-09-04
2019-09-01,38.892580,-76.953544,Ward 7,2019-09-04
2019-09-01,38.887764,-76.958272,Ward 7,2019-09-04
2019-09-01,38.904805,-76.997503,Ward 6,2019-09-04
2019-09-02,38.877999,-77.004327,Ward 6,2019-09-04
2019-09-02,38.945898,-77.037868,Ward 4,2019-09-04
2019-09-02,38.933288,-77.036456,Ward 1,2019-09-04
2019-09-02,38.933288,-77.036456,Ward 1,2019-09-04
2019-09-02,38.933068,-77.036779,Ward 1,2019-09-04
2019-09-03,38.897166,-76.975043,Ward 7,2019-09-04
2019-09-03,38.933068,-77.036779,Ward 1,2019-09-04
2019-09-03,38.933068,-77.036779,Ward 1,2019-09-04
2019-09-03,38.934171,-76.982587,Ward 5,2019-09-04
2019-09-03,38.933288,-77.036456,Ward 1,2019-09-04
2019-09-03,38.946082,-77.087333,Ward 3,2019-09-04
2019-09-03,38.933969,-77.024509,Ward 1,2019-09-04
2019-09-03,38.979098,-77.022942,Ward 4,2019-09-04
2019-09-03,38.960631,-76.999847,Ward 4,2019-09-04
2019-09-03,38.979088,-77.023301,Ward 4,2019-09-04
2019-09-03,38.956504,-77.032695,Ward 4,2019-09-04
2019-09-03,38.955466,-77.069646,Ward 3,2019-09-04
2019-09-03,38.832937,-77.007420,Ward 8,2019-09-04
2019-09-03,38.917178,-77.040694,Ward 1,2019-09-04
2019-09-03,38.979390,-77.023506,Ward 4,2019-09-04
2019-09-03,38.979389,-77.022931,Ward 4,2019-09-04
2019-09-03,38.897168,-76.974299,Ward 7,2019-09-04
2019-09-03,38.986453,-77.039244,Ward 4,2019-09-04
2019-09-03,38.920471,-76.996072,Ward 5,2019-09-04
2019-09-03,38.979216,-77.022803,Ward 4,2019-09-04
2019-09-03,38.933737,-76.982544,Ward 5,2019-09-04
2019-09-04,38.933068,-77.036779,Ward 1,2019-09-05
2019-09-04,38.909442,-77.080752,Ward 3,2019-09-05
2019-09-04,38.862966,-76.972001,Ward 8,2019-09-05
2019-09-04,38.900390,-77.051797,Ward 2,2019-09-05
2019-09-04,38.912608,-77.043432,Ward 2,2019-09-05
2019-09-04,38.913852,-77.015577,Ward 5,2019-09-05
2019-09-04,38.895924,-76.997451,Ward 6,2019-09-05
2019-09-05,38.935443,-77.037147,Ward 1,2019-09-06
2019-09-05,38.915799,-77.024897,Ward 1,2019-09-06
2019-09-05,38.904572,-76.981345,Ward 5,2019-09-06
2019-09-05,38.919170,-76.985128,Ward 5,2019-09-06
2019-09-05,38.922676,-77.029954,Ward 1,2019-09-06
2019-09-05,38.899060,-76.942598,Ward 7,2019-09-06
2019-09-05,38.949901,-77.014796,Ward 4,2019-09-06
2019-09-05,38.909804,-77.080365,Ward 3,2019-09-06
2019-09-05,38.908890,-77.080932,Ward 3,2019-09-06
2019-09-05,38.939590,-77.032416,Ward 4,2019-09-06
2019-09-05,38.938820,-77.064314,Ward 3,2019-09-06
2019-09-06,38.965942,-77.033643,Ward 4,2019-09-06
2019-09-06,38.862733,-76.990905,Ward 8,2019-09-09
2019-09-06,38.916776,-77.039425,Ward 2,2019-09-09
2019-09-06,38.953452,-77.009047,Null,2019-09-09
2019-09-06,38.894636,-76.986549,Ward 6,2019-09-09
2019-09-06,38.894226,-76.936103,Ward 7,2019-09-09
2019-09-06,38.959550,-77.070321,Ward 3,2019-09-09
2019-09-06,38.958872,-77.029959,Ward 4,2019-09-09
2019-09-06,38.958872,-77.029959,Ward 4,2019-09-09
2019-09-06,38.975806,-77.025034,Ward 4,2019-09-09
2019-09-06,38.956939,-77.033096,Ward 4,2019-09-09
2019-09-06,38.922904,-77.030022,Ward 1,2019-09-09
2019-09-06,38.974731,-77.063888,Ward 4,2019-09-09
2019-09-07,38.905609,-76.937328,Ward 7,2019-09-09
2019-09-07,38.922849,-77.030022,Ward 1,2019-09-09
2019-09-07,38.914133,-77.097904,Ward 3,2019-09-09
2019-09-07,38.927913,-76.974293,Ward 5,2019-09-09
2019-09-07,38.904359,-77.053503,Ward 2,2019-09-09
2019-09-07,38.963238,-77.033417,Ward 4,2019-09-09
2019-09-07,38.961481,-77.021553,Ward 4,2019-09-09
2019-09-07,38.922904,-77.030022,Ward 1,2019-09-10
2019-09-08,38.931471,-76.972388,Ward 5,2019-09-09
2019-09-08,38.916776,-77.039425,Ward 2,2019-09-09
2019-09-08,38.918669,-76.970074,Ward 5,2019-09-09
2019-09-08,38.941032,-77.017509,Ward 4,2019-09-09
2019-09-08,38.902745,-76.937828,Ward 7,2019-09-09
2019-09-08,38.918993,-77.100523,Ward 3,2019-09-10
2019-09-08,38.926406,-77.036715,Ward 1,2019-09-09
2019-09-08,38.942867,-76.988305,Ward 5,2019-09-09
2019-09-08,38.916787,-77.039556,Ward 2,2019-09-09
2019-09-09,38.909492,-77.033565,Ward 2,2019-09-10
2019-09-09,38.922959,-77.030014,Ward 1,2019-09-10
2019-09-09,38.965425,-77.026213,Ward 4,2019-09-10
2019-09-09,38.847194,-77.001157,Ward 8,2019-09-10
2019-09-09,38.907450,-77.046460,Ward 2,2019-09-10
2019-09-09,38.924181,-77.026790,Ward 1,2019-09-10
2019-09-09,38.974370,-77.061315,Ward 4,2019-09-10
2019-09-09,38.958872,-77.029959,Ward 4,2019-09-10
2019-09-09,38.941249,-77.018939,Ward 4,2019-09-11
2019-09-09,38.971304,-77.026563,Ward 4,2019-09-10
2019-09-09,38.938900,-76.972409,Ward 5,2019-09-10
2019-09-10,38.924181,-77.026790,Ward 1,2019-09-10
2019-09-10,38.882648,-76.986027,Ward 6,2019-09-11
2019-09-10,38.881477,-77.023343,Ward 6,2019-09-11
2019-09-10,38.885970,-77.028123,Ward 6,2019-09-11
2019-09-10,38.844013,-76.993861,Ward 8,2019-09-11
2019-09-10,38.924798,-77.107124,Ward 3,2019-09-11
2019-09-10,38.957256,-77.022881,Ward 4,2019-09-11
2019-09-10,38.843954,-76.993978,Ward 8,2019-09-11
2019-09-10,38.953052,-77.008755,Ward 5,2019-09-11
2019-09-10,38.890322,-76.995211,Ward 6,2019-09-11
2019-09-10,38.957255,-77.022947,Ward 4,2019-09-11
2019-09-10,38.918966,-77.096280,Ward 3,2019-09-11
2019-09-10,38.957253,-77.023010,Ward 4,2019-09-11
2019-09-11,38.914077,-77.002771,Ward 5,2019-09-12
2019-09-11,38.866876,-76.943034,Ward 7,2019-09-12
2019-09-11,38.938090,-77.062938,Ward 3,2019-09-11
2019-09-11,38.869714,-76.978663,Ward 8,2019-09-12
2019-09-11,38.969482,-77.074135,Ward 3,2019-09-12
2019-09-11,38.869411,-76.978870,Ward 8,2019-09-12
2019-09-12,38.934414,-77.023080,Ward 1,2019-09-12
2019-09-12,38.869714,-76.978663,Ward 8,2019-09-12
2019-09-12,38.934791,-77.022948,Ward 1,2019-09-12
2019-09-12,38.869344,-76.979004,Ward 8,2019-09-12
2019-09-12,38.980165,-77.025621,Ward 4,2019-09-13
2019-09-12,38.934785,-77.023015,Ward 1,2019-09-13
2019-09-12,38.934594,-77.023089,Ward 1,2019-09-13
2019-09-12,38.935993,-77.019472,Ward 1,2019-09-13
2019-09-12,38.934756,-77.023286,Ward 1,2019-09-13
2019-09-12,38.949628,-77.023000,Ward 4,2019-09-13
2019-09-12,38.869671,-76.978783,Ward 8,2019-09-13
2019-09-12,38.923522,-77.040451,Ward 1,2019-09-13
2019-09-12,38.949453,-77.023490,Ward 4,2019-09-13
2019-09-13,38.933698,-77.059001,Ward 3,2019-09-16
2019-09-13,38.927567,-76.995928,Ward 5,2019-09-16
2019-09-13,38.933217,-77.077279,Ward 3,2019-09-16
2019-09-13,38.931413,-77.077009,Ward 3,2019-09-16
2019-09-13,38.933432,-77.079765,Ward 3,2019-09-16
2019-09-13,38.933236,-77.078989,Ward 3,2019-09-16
2019-09-13,38.933432,-77.079765,Ward 3,2019-09-16
2019-09-13,38.932292,-76.991685,Ward 5,2019-09-16
2019-09-13,38.944841,-77.035397,Ward 4,2019-09-16
2019-09-13,38.890322,-76.995211,Ward 6,2019-09-16
2019-09-13,38.915254,-77.070286,Ward 2,2019-09-16
2019-09-13,38.946412,-77.097548,Ward 3,2019-09-16
2019-09-13,38.933236,-77.078989,Ward 3,2019-09-16
2019-09-13,38.933236,-77.078989,Ward 3,2019-09-16
2019-09-13,38.872216,-76.966103,Ward 7,2019-09-16
2019-09-13,38.933432,-77.079765,Ward 3,2019-09-16
2019-09-14,38.895003,-77.031353,Ward 2,2019-09-16
2019-09-14,38.913884,-77.008331,Ward 5,2019-09-16
2019-09-14,38.935053,-77.047713,Null,2019-09-16
2019-09-14,38.863967,-76.959670,Ward 7,2019-09-16
2019-09-14,38.946082,-77.089693,Ward 3,2019-09-16
2019-09-14,38.933698,-77.059001,Ward 3,2019-09-16
2019-09-14,38.908748,-76.939311,Ward 7,2019-09-16
2019-09-14,38.933432,-77.079765,Ward 3,2019-09-16
2019-09-14,38.914896,-77.023723,Ward 1,2019-09-16
2019-09-14,38.988204,-77.037248,Ward 4,2019-09-16
2019-09-14,38.915776,-77.023425,Ward 1,2019-09-16
2019-09-14,38.863967,-76.959670,Ward 7,2019-09-16
2019-09-14,38.909191,-77.046885,Ward 2,2019-09-16
2019-09-14,38.933432,-77.079765,Ward 3,2019-09-16
2019-09-14,38.894992,-76.974551,Ward 7,2019-09-16
2019-09-15,38.895007,-76.974498,Ward 7,2019-09-16
2019-09-15,38.894992,-76.974551,Ward 7,2019-09-16
2019-09-15,38.876134,-76.997734,Ward 6,2019-09-16
2019-09-15,38.914392,-77.046489,Ward 2,2019-09-16
2019-09-15,38.864318,-76.954284,Ward 7,2019-09-16
2019-09-15,38.933432,-77.079765,Ward 3,2019-09-16
2019-09-15,38.902512,-76.994959,Ward 6,2019-09-16
2019-09-15,38.933432,-77.079765,Ward 3,2019-09-16
2019-09-15,38.933236,-77.078989,Ward 3,2019-09-16
2019-09-15,38.933432,-77.079765,Ward 3,2019-09-16
2019-09-15,38.894951,-76.974713,Ward 7,2019-09-16
2019-09-15,38.933432,-77.079765,Ward 3,2019-09-16
2019-09-15,38.887990,-76.952237,Ward 7,2019-09-16
2019-09-15,38.990671,-77.036323,Ward 4,2019-09-16
2019-09-15,38.894731,-76.974408,Ward 7,2019-09-16
2019-09-15,38.915749,-77.002332,Ward 5,2019-09-16
2019-09-16,38.894731,-76.974408,Ward 7,2019-09-16
2019-09-16,38.886925,-76.998060,Ward 6,2019-09-16
2019-09-16,38.914086,-77.013162,Ward 5,2019-09-16
2019-09-16,38.935494,-77.023313,Ward 1,2019-09-17
2019-09-16,38.863967,-76.959670,Ward 7,2019-09-17
2019-09-16,38.863181,-76.986991,Ward 8,2019-09-17
2019-09-16,38.959930,-77.003612,Ward 4,2019-09-17
2019-09-16,38.945699,-77.077237,Ward 3,2019-09-17
2019-09-16,38.933432,-77.079765,Ward 3,2019-09-17
2019-09-16,38.943389,-76.993549,Ward 5,2019-09-17
2019-09-16,38.929404,-77.023011,Ward 1,2019-09-17
2019-09-16,38.853566,-76.987646,Ward 8,2019-09-17
2019-09-16,38.935970,-77.020995,Ward 1,2019-09-17
2019-09-16,38.931247,-76.985895,Ward 5,2019-09-17
2019-09-16,38.933312,-77.020865,Ward 1,2019-09-17
2019-09-16,38.899328,-76.989966,Ward 6,2019-09-17
2019-09-16,38.910383,-77.020924,Ward 6,2019-09-17
2019-09-16,38.918266,-77.038867,Ward 1,2019-09-17
2019-09-16,38.980165,-77.025621,Ward 4,2019-09-17
2019-09-16,38.917657,-77.051073,Ward 2,2019-09-17
2019-09-16,38.940876,-77.067852,Ward 3,2019-09-17
2019-09-17,38.859425,-76.984881,Ward 8,2019-09-17
2019-09-17,38.860530,-76.983666,Ward 8,2019-09-18
2019-09-17,38.859099,-76.984467,Ward 8,2019-09-18
2019-09-17,38.858520,-76.985535,Ward 8,2019-09-18
2019-09-17,38.914859,-77.015318,Ward 1,2019-09-18
2019-09-17,38.965176,-77.024466,Ward 4,2019-09-18
2019-09-17,38.927830,-77.024606,Ward 1,2019-09-18
2019-09-17,38.859139,-76.984417,Ward 8,2019-09-18
2019-09-17,38.923599,-77.040420,Ward 1,2019-09-18
2019-09-17,38.858926,-76.984639,Ward 8,2019-09-18
2019-09-17,38.899237,-77.007050,Ward 6,2019-09-18
2019-09-17,38.967823,-77.062629,Ward 4,2019-09-18
2019-09-17,38.916997,-77.033242,Null,2019-09-18
2019-09-17,38.967612,-77.062086,Ward 4,2019-09-18
2019-09-17,38.876217,-77.000094,Ward 6,2019-09-18
2019-09-17,38.852871,-76.965412,Ward 8,2019-09-18
2019-09-17,38.983672,-77.027727,Ward 4,2019-09-18
2019-09-17,38.950842,-77.081427,Ward 3,2019-09-18
2019-09-17,38.903131,-76.995916,Ward 6,2019-09-18
2019-09-17,38.872216,-76.966103,Ward 7,2019-09-18
2019-09-18,38.886363,-76.997969,Ward 6,2019-09-18
2019-09-18,38.887315,-76.997174,Ward 6,2019-09-18
2019-09-18,38.984379,-77.030092,Ward 4,2019-09-18
2019-09-18,38.865722,-76.988455,Ward 8,2019-09-19
2019-09-18,38.933754,-77.023001,Ward 1,2019-09-19
2019-09-18,38.828027,-77.010347,Ward 8,2019-09-19
2019-09-18,38.972135,-77.016800,Ward 4,2019-09-19
2019-09-18,38.866704,-76.951354,Ward 7,2019-09-19
2019-09-18,38.880870,-76.945772,Ward 7,2019-09-19
2019-09-18,38.972346,-77.016302,Ward 4,2019-09-19
2019-09-18,38.880870,-76.945772,Ward 7,2019-09-19
2019-09-18,38.919002,-76.999942,Ward 5,2019-09-19
2019-09-18,38.869027,-77.006110,Ward 6,2019-09-19
2019-09-19,38.956333,-77.003489,Ward 4,2019-09-19
2019-09-19,38.956857,-77.002763,Ward 4,2019-09-19
2019-09-19,38.955801,-77.086812,Ward 3,2019-09-22
2019-09-19,38.946126,-77.031281,Ward 4,2019-09-22
2019-09-19,38.919835,-76.984239,Ward 5,2019-09-22
2019-09-19,38.930565,-76.976466,Ward 5,2019-09-23
2019-09-19,38.965210,-77.028361,Ward 4,2019-09-22
2019-09-19,38.940574,-77.064167,Ward 3,2019-09-22
2019-09-19,38.880219,-76.995940,Ward 6,2019-09-22
2019-09-20,38.930337,-76.976475,Ward 5,2019-09-22
2019-09-20,38.890929,-76.983649,Ward 6,2019-09-22
2019-09-20,38.887315,-76.997174,Ward 6,2019-09-22
2019-09-20,38.947190,-77.020898,Ward 4,2019-09-22
2019-09-20,38.917566,-77.039519,Ward 1,2019-09-22
2019-09-20,38.947403,-77.019459,Ward 4,2019-09-23
2019-09-20,38.928154,-77.042147,Ward 1,2019-09-23
2019-09-20,38.933029,-77.023267,Ward 1,2019-09-23
2019-09-20,38.899955,-76.988092,Ward 6,2019-09-23
2019-09-20,38.898938,-77.040761,Ward 2,2019-09-23
2019-09-20,38.939288,-77.021788,Ward 4,2019-09-23
2019-09-20,38.935053,-77.047713,Null,2019-09-23
2019-09-20,38.890376,-76.990240,Ward 6,2019-09-23
2019-09-20,38.938741,-77.022502,Ward 4,2019-09-23
2019-09-20,38.939197,-77.022488,Ward 4,2019-09-23
2019-09-20,38.939247,-77.022453,Ward 4,2019-09-23
2019-09-20,38.939247,-77.022453,Ward 4,2019-09-23
2019-09-21,38.886037,-77.002041,Ward 6,2019-09-23
2019-09-21,38.951400,-77.009809,Ward 4,2019-09-23
2019-09-21,38.980165,-77.025621,Ward 4,2019-09-23
2019-09-21,38.873332,-76.935850,Ward 7,2019-09-23
2019-09-21,38.951220,-77.009596,Ward 4,2019-09-23
2019-09-21,38.918307,-77.005811,Ward 5,2019-09-23
2019-09-21,38.947614,-77.039570,Ward 4,2019-09-23
2019-09-21,38.881470,-77.020564,Ward 6,2019-09-23
2019-09-22,38.895194,-76.929247,Ward 7,2019-09-23
2019-09-22,38.861695,-76.991306,Ward 8,2019-09-23
2019-09-22,38.861443,-76.990336,Ward 8,2019-09-23
2019-09-22,38.876706,-76.933822,Ward 7,2019-09-23
2019-09-22,38.857387,-76.969069,Ward 8,2019-09-23
2019-09-22,38.861736,-76.990608,Ward 8,2019-09-23
2019-09-22,38.861736,-76.990608,Ward 8,2019-09-23
2019-09-22,38.886762,-76.994001,Ward 6,2019-09-23
2019-09-22,38.861810,-76.990415,Ward 8,2019-09-23
2019-09-22,38.879360,-76.963721,Ward 7,2019-09-23
2019-09-22,38.861810,-76.990415,Ward 8,2019-09-23
2019-09-22,38.871539,-76.960993,Ward 7,2019-09-23
2019-09-22,38.951044,-77.009380,Ward 4,2019-09-23
2019-09-23,38.861538,-76.991124,Ward 8,2019-09-23
2019-09-23,38.923427,-77.075478,Ward 3,2019-09-24
2019-09-23,38.965210,-77.028361,Ward 4,2019-09-24
2019-09-23,38.896927,-76.937504,Ward 7,2019-09-24
2019-09-23,38.914278,-77.009481,Ward 5,2019-09-24
2019-09-23,38.926539,-77.037848,Ward 1,2019-09-24
2019-09-23,38.943862,-77.021928,Ward 4,2019-09-24
2019-09-23,38.890784,-76.984011,Ward 6,2019-09-25
2019-09-24,38.933798,-77.022532,Ward 1,2019-09-25
2019-09-24,38.941508,-77.023077,Ward 4,2019-09-25
2019-09-24,38.957597,-77.024283,Ward 4,2019-09-25
2019-09-24,38.871937,-77.019302,Ward 6,2019-09-25
2019-09-24,38.894993,-76.979941,Ward 6,2019-09-25
2019-09-24,38.891711,-76.950830,Ward 7,2019-09-25
2019-09-24,38.891701,-76.950691,Ward 7,2019-09-25
2019-09-24,38.845094,-77.008153,Ward 8,2019-09-25
2019-09-24,38.939250,-77.023472,Ward 4,2019-09-25
2019-09-24,38.891714,-76.951113,Ward 7,2019-09-25
2019-09-24,38.901342,-76.924806,Ward 7,2019-09-25
2019-09-24,38.833664,-76.988047,Ward 8,2019-09-25
2019-09-24,38.821503,-77.013199,Ward 8,2019-09-26
2019-09-24,38.899259,-76.924462,Ward 7,2019-09-26
2019-09-24,38.896004,-76.920269,Ward 7,2019-09-25
2019-09-24,38.881280,-77.021906,Ward 6,2019-09-26
2019-09-24,38.944054,-76.980132,Ward 5,2019-09-26
2019-09-24,38.895807,-76.920513,Ward 7,2019-09-25
2019-09-24,38.867740,-76.984302,Ward 8,2019-09-25
2019-09-24,38.856401,-76.981110,Ward 8,2019-09-25
2019-09-24,38.833664,-76.988047,Ward 8,2019-09-25
2019-09-25,38.952122,-77.010684,Ward 4,2019-09-25
2019-09-25,38.909650,-77.029601,Ward 2,2019-09-26
2019-09-25,38.917573,-77.041903,Ward 1,2019-09-26
2019-09-25,38.916434,-77.031114,Ward 1,2019-09-26
2019-09-25,38.921148,-77.101171,Ward 3,2019-09-26
2019-09-25,38.931628,-77.034430,Ward 1,2019-09-26
2019-09-25,38.916767,-77.040782,Ward 2,2019-09-26
2019-09-25,38.905002,-76.985275,Ward 5,2019-09-26
2019-09-25,38.904816,-76.996685,Ward 6,2019-09-26
2019-09-25,38.941874,-77.038557,Ward 4,2019-09-26
2019-09-25,38.916435,-77.031179,Ward 1,2019-09-26
2019-09-25,38.921148,-77.101171,Ward 3,2019-09-26
2019-09-25,38.864642,-76.967233,Ward 7,2019-09-26
2019-09-25,38.904814,-76.996726,Ward 6,2019-09-26
2019-09-26,38.899256,-76.928270,Ward 7,2019-09-27
2019-09-26,38.904833,-76.985124,Ward 5,2019-09-27
2019-09-26,38.965408,-77.028338,Ward 4,2019-09-27
2019-09-26,38.924180,-77.000286,Ward 5,2019-09-27
2019-09-26,38.911997,-77.045512,Ward 2,2019-09-27
2019-09-26,38.891711,-76.950830,Ward 7,2019-09-27
2019-09-26,38.945782,-77.090853,Ward 3,2019-09-27
2019-09-26,38.951041,-77.084996,Ward 3,2019-09-27
2019-09-27,38.946872,-76.979302,Ward 5,2019-09-27
2019-09-27,38.926671,-76.998267,Ward 5,2019-09-30
2019-09-27,38.951632,-77.084760,Ward 3,2019-09-30
2019-09-27,38.951760,-77.084934,Ward 3,2019-09-30
2019-09-27,38.951726,-77.084888,Ward 3,2019-09-30
2019-09-27,38.916767,-77.040782,Ward 2,2019-10-01
2019-09-27,38.924025,-77.000864,Ward 5,2019-10-01
2019-09-27,38.925575,-76.976223,Ward 5,2019-09-30
2019-09-27,38.951810,-77.085023,Ward 3,2019-09-30
2019-09-27,38.956212,-77.090877,Ward 3,2019-09-30
2019-09-27,38.951632,-77.084760,Ward 3,2019-09-30
2019-09-27,38.846541,-77.000468,Ward 8,2019-09-30
2019-09-27,38.921713,-77.096538,Ward 3,2019-09-30
2019-09-28,38.950512,-77.082782,Ward 3,2019-09-30
2019-09-28,38.951037,-77.083525,Ward 3,2019-09-30
2019-09-28,38.952291,-77.085600,Ward 3,2019-09-30
2019-09-28,38.951632,-77.084760,Ward 3,2019-09-30
2019-09-28,38.901541,-76.927843,Ward 7,2019-10-01
2019-09-28,38.951709,-77.084475,Ward 3,2019-09-30
2019-09-29,38.907050,-76.934057,Ward 7,2019-10-01
2019-09-29,38.898421,-76.983402,Ward 6,2019-09-30
2019-09-29,38.909650,-77.029601,Ward 2,2019-09-30
2019-09-29,38.903541,-76.980457,Ward 5,2019-10-01
2019-09-29,38.900689,-76.983440,Ward 5,2019-10-01
2019-09-29,38.917202,-77.040250,Ward 1,2019-10-01
2019-09-29,38.884104,-76.989278,Ward 6,2019-09-30
2019-09-29,38.890136,-76.939503,Ward 7,2019-09-30
2019-09-29,38.951726,-77.084888,Ward 3,2019-09-30
2019-09-29,38.877683,-76.986142,Ward 6,2019-09-30
2019-09-30,38.875171,-77.010436,Ward 6,2019-09-30
2019-09-30,38.863535,-76.973972,Ward 8,2019-10-01
2019-09-30,38.863129,-76.972451,Ward 8,2019-10-01
2019-09-30,38.915358,-77.090593,Ward 3,2019-10-01
2019-09-30,38.942127,-76.988555,Ward 5,2019-10-01
2019-09-30,38.914876,-77.090832,Ward 3,2019-10-01
2019-09-30,38.939534,-77.026844,Ward 4,2019-10-01
2019-09-30,38.849309,-76.974757,Ward 8,2019-10-02
2019-09-30,38.915480,-77.090957,Ward 3,2019-10-01
2019-09-30,38.951709,-77.084475,Ward 3,2019-10-01
2019-09-30,38.988042,-77.031067,Ward 4,2019-10-01
2019-10-01,38.951384,-77.084356,Ward 3,2019-10-02
2019-10-01,38.951290,-77.083878,Ward 3,2019-10-02
2019-10-01,38.905457,-77.028630,Ward 2,2019-10-02
2019-10-01,38.902425,-76.983930,Ward 5,2019-10-02
2019-10-01,38.945119,-77.072162,Ward 3,2019-10-02
2019-10-01,38.940169,-77.016633,Ward 4,2019-10-02
2019-10-01,38.902890,-76.983626,Ward 5,2019-10-02
2019-10-01,38.973982,-77.022722,Ward 4,2019-10-02
2019-10-02,38.922182,-77.016560,Ward 1,2019-10-03
2019-10-02,38.945386,-77.021101,Ward 4,2019-10-03
2019-10-02,38.953820,-77.019532,Ward 4,2019-10-03
2019-10-02,38.902510,-76.978075,Ward 5,2019-10-04
2019-10-02,38.916758,-77.019183,Ward 1,2019-10-03
2019-10-02,38.974014,-77.066379,Ward 4,2019-10-03
2019-10-02,38.946898,-77.071514,Ward 3,2019-10-03
2019-10-02,38.895003,-77.031353,Ward 2,2019-10-03
2019-10-02,38.871293,-76.956936,Ward 7,2019-10-03
2019-10-02,38.901489,-76.927416,Ward 7,2019-10-03
2019-10-02,38.872039,-76.956879,Ward 7,2019-10-03
2019-10-02,38.887697,-76.931715,Ward 7,2019-10-03
2019-10-02,38.887697,-76.931715,Ward 7,2019-10-03
2019-10-02,38.872065,-76.957314,Ward 7,2019-10-03
2019-10-02,38.872115,-76.956658,Ward 7,2019-10-03
2019-10-02,38.905653,-77.066267,Ward 2,2019-10-03
2019-10-02,38.905653,-77.066267,Ward 2,2019-10-03
2019-10-02,38.920100,-77.040524,Ward 1,2019-10-04
2019-10-03,38.906723,-77.079513,Ward 3,2019-10-03
2019-10-03,38.934604,-77.037174,Ward 1,2019-10-03
2019-10-03,38.902425,-76.983930,Ward 5,2019-10-04
2019-10-03,38.872065,-76.957314,Ward 7,2019-10-03
2019-10-03,38.906723,-77.079513,Ward 3,2019-10-03
2019-10-03,38.951676,-76.997426,Ward 5,2019-10-04
2019-10-03,38.872039,-76.956879,Ward 7,2019-10-03
2019-10-03,38.948161,-77.068242,Ward 3,2019-10-04
2019-10-03,38.902890,-76.983626,Ward 5,2019-10-04
2019-10-03,38.937397,-77.019964,Ward 4,2019-10-04
2019-10-03,38.841469,-76.989219,Ward 8,2019-10-04
2019-10-03,38.930236,-77.111741,Ward 3,2019-10-07
2019-10-03,38.905653,-77.066267,Ward 2,2019-10-04
2019-10-03,38.902425,-76.983930,Ward 5,2019-10-04
2019-10-03,38.931267,-77.019012,Ward 1,2019-10-04
2019-10-03,38.924161,-77.024534,Ward 1,2019-10-04
2019-10-04,38.901927,-76.978994,Ward 5,2019-10-04
2019-10-04,38.913509,-77.014334,Ward 5,2019-10-07
2019-10-04,38.912606,-77.013308,Ward 5,2019-10-07
2019-10-04,38.991471,-77.036321,Ward 4,2019-10-07
2019-10-04,38.959824,-77.004127,Ward 4,2019-10-07
2019-10-04,38.947432,-77.018421,Ward 4,2019-10-07
2019-10-04,38.821503,-77.013199,Ward 8,2019-10-08
2019-10-04,38.820774,-77.005570,Ward 8,2019-10-07
2019-10-04,38.924798,-77.107124,Ward 3,2019-10-07
2019-10-04,38.912782,-77.029918,Ward 2,2019-10-07
2019-10-05,38.894201,-76.938302,Ward 7,2019-10-07
2019-10-05,38.913156,-76.972366,Ward 5,2019-10-07
2019-10-05,38.888416,-76.938312,Ward 7,2019-10-07
2019-10-05,38.915416,-77.027652,Ward 1,2019-10-07
2019-10-05,38.926502,-76.998445,Ward 5,2019-10-07
2019-10-05,38.905116,-76.996812,Ward 6,2019-10-08
2019-10-05,38.960738,-77.022448,Ward 4,2019-10-07
2019-10-05,38.974310,-77.059193,Ward 4,2019-10-07
2019-10-05,38.859113,-76.988758,Ward 8,2019-10-08
2019-10-05,38.875283,-76.978036,Ward 8,2019-10-07
2019-10-05,38.927258,-77.069041,Ward 3,2019-10-07
2019-10-06,38.930656,-77.099613,Ward 3,2019-10-07
2019-10-06,38.891068,-76.929827,Ward 7,2019-10-07
2019-10-06,38.926380,-76.988484,Ward 5,2019-10-07
2019-10-06,38.943050,-77.014434,Ward 4,2019-10-07
2019-10-06,38.935838,-77.081871,Ward 3,2019-10-07
2019-10-06,38.917213,-77.042430,Ward 1,2019-10-07
2019-10-06,38.891208,-76.930282,Ward 7,2019-10-07
2019-10-06,38.891393,-76.930296,Ward 7,2019-10-07
2019-10-06,38.923601,-76.951696,Ward 5,2019-10-08
2019-10-06,38.908073,-77.068139,Ward 2,2019-10-07
2019-10-06,38.949874,-77.085184,Ward 3,2019-10-07
2019-10-06,38.938120,-76.980247,Ward 5,2019-10-07
2019-10-06,38.904634,-77.027867,Ward 2,2019-10-08
2019-10-06,38.891349,-76.930290,Ward 7,2019-10-07
2019-10-06,38.909174,-77.006964,Ward 5,2019-10-07
2019-10-07,38.891261,-76.930282,Ward 7,2019-10-07
2019-10-07,38.945967,-77.025922,Ward 4,2019-10-07
2019-10-07,38.915366,-77.025084,Ward 1,2019-10-08
2019-10-07,38.914989,-77.025150,Ward 1,2019-10-08
2019-10-07,38.909494,-77.022741,Ward 6,2019-10-08
2019-10-07,38.863907,-76.960709,Ward 7,2019-10-08
2019-10-07,38.930225,-77.099731,Ward 3,2019-10-08
2019-10-07,38.945967,-77.025922,Ward 4,2019-10-08
2019-10-07,38.933007,-77.028336,Ward 1,2019-10-08
2019-10-07,38.896116,-76.977257,Ward 7,2019-10-08
2019-10-07,38.924120,-76.953890,Ward 5,2019-10-08
2019-10-07,38.949895,-77.055975,Ward 3,2019-10-08
2019-10-08,38.946736,-77.065006,Ward 3,2019-10-09
2019-10-08,38.912820,-77.065091,Ward 2,2019-10-09
2019-10-08,38.964780,-77.002027,Ward 4,2019-10-09
2019-10-08,38.962076,-77.077146,Ward 3,2019-10-09
2019-10-09,38.897717,-76.980972,Ward 6,2019-10-10
2019-10-09,38.919676,-77.032639,Ward 1,2019-10-10
2019-10-09,38.869657,-76.981487,Ward 8,2019-10-10
2019-10-09,38.853668,-76.971986,Ward 8,2019-10-10
2019-10-10,38.907478,-76.985849,Ward 5,2019-10-10
2019-10-10,38.892058,-76.942356,Ward 7,2019-10-10
2019-10-10,38.894208,-76.946294,Ward 7,2019-10-10
2019-10-10,38.894208,-76.946294,Ward 7,2019-10-11
2019-10-10,38.894208,-76.946294,Ward 7,2019-10-11
2019-10-10,38.894022,-76.946639,Ward 7,2019-10-11
2019-10-10,38.924703,-77.080936,Ward 3,2019-10-11
2019-10-10,38.916143,-77.040147,Ward 2,2019-10-11
2019-10-10,38.863545,-76.983251,Ward 8,2019-10-11
2019-10-10,38.965589,-77.034936,Ward 4,2019-10-11
2019-10-10,38.965423,-77.034901,Ward 4,2019-10-11
2019-10-11,38.916997,-77.028083,Ward 1,2019-10-11
2019-10-11,38.959500,-77.030184,Ward 4,2019-10-11
2019-10-11,38.965424,-77.036384,Ward 4,2019-10-15
2019-10-11,38.942381,-77.008034,Ward 5,2019-10-16
2019-10-11,38.916997,-77.028083,Ward 1,2019-10-15
2019-10-11,38.943046,-77.007022,Ward 5,2019-10-15
2019-10-11,38.942381,-77.008034,Ward 5,2019-10-16
2019-10-11,38.900208,-77.009063,Ward 6,2019-10-16
2019-10-11,38.923688,-77.033879,Ward 1,2019-10-15
2019-10-11,38.889532,-76.984920,Ward 6,2019-10-15
2019-10-12,38.845089,-76.997389,Ward 8,2019-10-15
2019-10-12,38.852551,-76.975993,Ward 8,2019-10-15
2019-10-12,38.947409,-76.979985,Ward 5,2019-10-16
2019-10-12,38.950248,-77.028133,Ward 4,2019-10-15
2019-10-12,38.950238,-77.028815,Ward 4,2019-10-15
2019-10-12,38.950414,-77.028665,Ward 4,2019-10-15
2019-10-12,38.924251,-77.026808,Ward 1,2019-10-15
2019-10-12,38.900520,-77.054396,Ward 2,2019-10-15
2019-10-12,38.913022,-77.082551,Ward 3,2019-10-16
2019-10-12,38.942192,-77.021939,Ward 4,2019-10-15
2019-10-12,38.964208,-77.020322,Ward 4,2019-10-15
2019-10-12,38.868439,-76.984773,Ward 8,2019-10-15
2019-10-12,38.905119,-76.996874,Ward 6,2019-10-15
2019-10-13,38.956333,-77.003489,Ward 4,2019-10-15
2019-10-13,38.919840,-76.984177,Ward 5,2019-10-15
2019-10-13,38.915776,-77.023425,Ward 1,2019-10-15
2019-10-13,38.955521,-77.004228,Ward 5,2019-10-15
2019-10-13,38.853485,-76.983407,Ward 8,2019-10-16
2019-10-13,38.955381,-77.004829,Ward 5,2019-10-15
2019-10-13,38.956113,-77.013886,Ward 4,2019-10-15
2019-10-13,38.955400,-77.006259,Null,2019-10-15
2019-10-13,38.867658,-76.967777,Ward 7,2019-10-15
2019-10-13,38.955760,-77.004687,Null,2019-10-15
2019-10-14,38.954816,-77.009046,Null,2019-10-15
2019-10-14,38.949861,-77.094085,Ward 3,2019-10-15
2019-10-14,38.925747,-77.031025,Ward 1,2019-10-15
2019-10-14,38.941032,-77.017509,Ward 4,2019-10-15
2019-10-14,38.925513,-77.030321,Ward 1,2019-10-15
2019-10-14,38.927198,-77.025764,Ward 1,2019-10-15
2019-10-14,38.941380,-77.061392,Ward 3,2019-10-15
2019-10-14,38.877954,-76.943578,Ward 7,2019-10-15
2019-10-14,38.947352,-76.979871,Ward 5,2019-10-15
2019-10-14,38.947666,-76.979952,Ward 5,2019-10-15
2019-10-14,38.915031,-77.025817,Ward 1,2019-10-15
2019-10-14,38.955743,-77.005803,Ward 4,2019-10-15
2019-10-15,38.969618,-77.022227,Ward 4,2019-10-15
2019-10-15,38.955381,-77.004829,Ward 5,2019-10-15
2019-10-15,38.954774,-77.004837,Ward 5,2019-10-16
2019-10-15,38.955760,-77.004687,Null,2019-10-15
2019-10-15,38.948080,-77.004993,Ward 5,2019-10-16
2019-10-15,38.905462,-77.018618,Ward 6,2019-10-17
2019-10-15,38.959875,-77.075670,Ward 3,2019-10-16
2019-10-15,38.913022,-77.082551,Ward 3,2019-10-16
2019-10-15,38.951179,-76.985630,Ward 5,2019-10-16
2019-10-15,38.920506,-77.045722,Ward 1,2019-10-17
2019-10-15,38.969618,-77.022227,Ward 4,2019-10-15
2019-10-15,38.904892,-76.986443,Ward 5,2019-10-16
2019-10-15,38.917202,-77.039830,Ward 1,2019-10-16
2019-10-15,38.947352,-76.979871,Ward 5,2019-10-16
2019-10-15,38.900520,-77.054396,Ward 2,2019-10-16
2019-10-15,38.889812,-77.005916,Ward 6,2019-10-16
2019-10-15,38.983155,-77.025234,Ward 4,2019-10-16
2019-10-15,38.983308,-77.027005,Ward 4,2019-10-16
2019-10-15,38.933706,-77.066643,Ward 3,2019-10-16
2019-10-15,38.898918,-77.009066,Ward 6,2019-10-16
2019-10-16,38.947641,-76.980285,Ward 5,2019-10-17
2019-10-16,38.884848,-77.025974,Ward 6,2019-10-21
2019-10-16,38.857200,-76.964623,Ward 7,2019-10-17
2019-10-16,38.933374,-77.040991,Ward 1,2019-10-17
2019-10-16,38.882242,-76.997252,Ward 6,2019-10-17
2019-10-16,38.927552,-76.980742,Ward 5,2019-10-17
2019-10-16,38.927617,-76.981001,Ward 5,2019-10-17
2019-10-16,38.896121,-77.000572,Ward 6,2019-10-17
2019-10-16,38.881275,-76.983162,Ward 6,2019-10-17
2019-10-16,38.947641,-76.980285,Ward 5,2019-10-17
2019-10-16,38.923055,-77.042094,Ward 1,2019-10-17
2019-10-16,38.942164,-77.006706,Ward 5,2019-10-17
2019-10-17,38.949460,-77.016442,Ward 4,2019-10-17
2019-10-17,38.965525,-77.013305,Ward 4,2019-10-18
2019-10-17,38.901024,-77.032281,Ward 2,2019-10-18
2019-10-17,38.894915,-76.912337,Ward 7,2019-10-18
2019-10-17,38.853797,-76.983413,Ward 8,2019-10-18
2019-10-17,38.901529,-77.002594,Ward 6,2019-10-18
2019-10-17,38.950600,-76.983967,Ward 5,2019-10-18
2019-10-17,38.951433,-76.986199,Ward 5,2019-10-18
2019-10-17,38.924653,-77.034901,Ward 1,2019-10-18
2019-10-17,38.942164,-77.006706,Ward 5,2019-10-18
2019-10-17,38.947666,-76.979952,Ward 5,2019-10-18
2019-10-18,38.889762,-76.953086,Ward 7,2019-10-18
2019-10-18,38.889762,-76.953086,Ward 7,2019-10-19
2019-10-18,38.905331,-76.981778,Ward 5,2019-10-19
2019-10-18,38.890202,-76.952777,Ward 7,2019-10-19
2019-10-18,38.889788,-76.948264,Ward 7,2019-10-19
2019-10-18,38.938821,-76.987682,Ward 5,2019-10-19
2019-10-18,38.938795,-76.986192,Ward 5,2019-10-19
2019-10-18,38.939655,-76.985881,Ward 5,2019-10-19
2019-10-18,38.889956,-76.960235,Ward 7,2019-10-19
2019-10-18,38.889762,-76.953086,Ward 7,2019-10-19
2019-10-18,38.905981,-76.981631,Ward 5,2019-10-19
2019-10-18,38.889772,-76.937543,Ward 7,2019-10-19
2019-10-18,38.834011,-77.008661,Ward 8,2019-10-19
2019-10-18,38.857200,-76.964623,Ward 7,2019-10-19
2019-10-18,38.872719,-76.972228,Null,2019-10-19
2019-10-18,38.947197,-76.979665,Ward 5,2019-10-19
2019-10-18,38.889541,-76.961576,Ward 7,2019-10-19
2019-10-18,38.926325,-77.035484,Ward 1,2019-10-19
2019-10-18,38.929388,-77.031486,Ward 1,2019-10-19
2019-10-18,38.927507,-77.023274,Ward 1,2019-10-19
2019-10-19,38.974164,-77.015631,Ward 4,2019-10-21
2019-10-19,38.936292,-77.067516,Ward 3,2019-10-21
2019-10-19,38.946124,-77.030462,Ward 4,2019-10-21
2019-10-19,38.905753,-76.994885,Ward 5,2019-10-21
2019-10-20,38.953200,-77.017597,Ward 4,2019-10-21
2019-10-20,38.953200,-77.017597,Ward 4,2019-10-21
2019-10-20,38.851194,-76.972827,Ward 8,2019-10-21
2019-10-21,38.927111,-77.103294,Ward 3,2019-10-21
2019-10-21,38.913356,-77.041662,Ward 2,2019-10-22
2019-10-21,38.900435,-76.938465,Ward 7,2019-10-22
2019-10-21,38.885035,-76.958433,Ward 7,2019-10-22
2019-10-21,38.936501,-77.067735,Ward 3,2019-10-22
2019-10-21,38.906026,-77.062833,Ward 2,2019-10-22
2019-10-21,38.905110,-77.066041,Ward 2,2019-10-22
2019-10-21,38.942540,-76.999349,Ward 5,2019-10-22
2019-10-21,38.951162,-76.995307,Ward 5,2019-10-22
2019-10-21,38.912339,-77.058443,Ward 2,2019-10-22
2019-10-21,38.922732,-76.990594,Ward 5,2019-10-22
2019-10-21,38.885035,-76.958376,Ward 7,2019-10-22
2019-10-21,38.943360,-77.017851,Ward 4,2019-10-22
2019-10-21,38.962702,-77.025967,Ward 4,2019-10-22
2019-10-21,38.913882,-77.009937,Ward 5,2019-10-22
2019-10-22,38.859902,-76.984189,Ward 8,2019-10-22
2019-10-22,38.939536,-77.026726,Ward 4,2019-10-23
2019-10-22,38.927101,-77.103286,Ward 3,2019-10-23
2019-10-22,38.916180,-77.067274,Ward 2,2019-10-23
2019-10-22,38.896247,-76.976903,Ward 7,2019-10-23
2019-10-22,38.939491,-77.051231,Ward 4,2019-10-23
2019-10-23,38.934021,-77.086133,Ward 3,2019-10-24
2019-10-23,38.974846,-77.024688,Ward 4,2019-10-24
2019-10-23,38.924517,-77.030842,Ward 1,2019-10-24
2019-10-23,38.931652,-77.034496,Ward 1,2019-10-24
2019-10-24,38.907033,-77.034933,Ward 2,2019-10-25
2019-10-24,38.933432,-77.079765,Ward 3,2019-10-28
2019-10-24,38.902413,-76.924429,Ward 7,2019-10-25
2019-10-24,38.885035,-76.958376,Ward 7,2019-10-25
2019-10-24,38.926973,-77.031011,Ward 1,2019-10-25
2019-10-24,38.932320,-77.077549,Ward 3,2019-10-25
2019-10-24,38.935512,-77.020511,Ward 1,2019-10-25
2019-10-24,38.913728,-77.041466,Ward 2,2019-10-25
2019-10-24,38.926044,-77.081301,Ward 3,2019-10-25
2019-10-25,38.926729,-77.080463,Ward 3,2019-10-25
2019-10-25,38.933236,-77.078989,Ward 3,2019-10-25
2019-10-25,38.918286,-77.002983,Ward 5,2019-10-28
2019-10-25,38.913933,-77.009363,Ward 5,2019-10-28
2019-10-25,38.918105,-77.003510,Ward 5,2019-10-28
2019-10-25,38.927865,-77.082617,Ward 3,2019-10-28
2019-10-25,38.905803,-76.977734,Ward 5,2019-10-28
2019-10-25,38.899557,-76.940454,Ward 7,2019-10-29
2019-10-25,38.863405,-76.964352,Ward 7,2019-10-29
2019-10-25,38.905803,-76.977734,Ward 5,2019-10-28
2019-10-25,38.975917,-77.060767,Ward 4,2019-10-28
2019-10-25,38.926699,-77.023726,Ward 1,2019-10-28
2019-10-25,38.899817,-77.027035,Ward 2,2019-10-28
2019-10-26,38.834367,-77.005583,Ward 8,2019-10-28
2019-10-26,38.938589,-76.974394,Ward 5,2019-10-29
2019-10-26,38.869543,-76.953190,Ward 7,2019-10-29
2019-10-26,38.869849,-76.952826,Ward 7,2019-10-29
2019-10-26,38.868688,-76.982487,Ward 8,2019-10-29
2019-10-26,38.869637,-76.953075,Ward 7,2019-10-29
2019-10-26,38.974864,-77.036364,Ward 4,2019-10-28
2019-10-26,38.962479,-77.023756,Ward 4,2019-10-28
2019-10-26,38.974864,-77.036364,Ward 4,2019-10-28
2019-10-26,38.869637,-76.953075,Ward 7,2019-10-29
2019-10-26,38.976977,-77.034720,Ward 4,2019-10-28
2019-10-26,38.913862,-77.015071,Ward 5,2019-10-28
2019-10-26,38.869637,-76.953075,Ward 7,2019-10-29
2019-10-26,38.954391,-77.035204,Ward 4,2019-10-28
2019-10-26,38.878192,-76.934601,Ward 7,2019-10-28
2019-10-27,38.882954,-76.942370,Ward 7,2019-10-28
2019-10-27,38.869637,-76.953075,Ward 7,2019-10-28
2019-10-27,38.904581,-77.053475,Ward 2,2019-10-28
2019-10-27,38.868124,-76.954385,Ward 7,2019-10-28
2019-10-27,38.869447,-76.953282,Ward 7,2019-10-28
2019-10-27,38.935670,-77.031082,Ward 1,2019-10-28
2019-10-27,38.869637,-76.953075,Ward 7,2019-10-28
2019-10-27,38.932084,-77.019593,Ward 1,2019-10-28
2019-10-27,38.976729,-77.034333,Ward 4,2019-10-28
2019-10-27,38.905480,-77.074168,Ward 2,2019-10-29
2019-10-27,38.896059,-76.935688,Ward 7,2019-10-28
2019-10-27,38.869745,-76.952932,Ward 7,2019-10-28
2019-10-27,38.936363,-76.974790,Ward 5,2019-10-28
2019-10-27,38.935531,-77.020370,Ward 1,2019-10-28
2019-10-27,38.917934,-77.004779,Ward 5,2019-10-28
2019-10-28,38.869637,-76.953075,Ward 7,2019-10-28
2019-10-28,38.877431,-76.962345,Ward 7,2019-10-29
2019-10-28,38.977600,-77.033908,Ward 4,2019-10-29
2019-10-28,38.949546,-77.033585,Ward 4,2019-10-29
2019-10-28,38.894066,-77.001822,Ward 6,2019-10-29
2019-10-28,38.962892,-77.016878,Ward 4,2019-10-29
2019-10-28,38.869637,-76.953075,Ward 7,2019-10-29
2019-10-28,38.869111,-76.952874,Ward 7,2019-10-29
2019-10-28,38.888244,-77.000338,Ward 6,2019-10-29
2019-10-28,38.899203,-77.003212,Ward 6,2019-10-29
2019-10-28,38.895023,-76.994487,Ward 6,2019-10-29
2019-10-28,38.903933,-77.034215,Ward 2,2019-10-29
2019-10-28,38.916218,-77.026751,Ward 1,2019-10-29
2019-10-28,38.914170,-77.072481,Ward 2,2019-10-29
2019-10-28,38.904581,-77.053475,Ward 2,2019-10-29
2019-10-28,38.944432,-76.987282,Ward 5,2019-10-29
2019-10-29,38.908978,-76.931816,Ward 7,2019-10-29
2019-10-29,38.874175,-76.996298,Ward 6,2019-10-30
2019-10-29,38.908978,-76.931816,Ward 7,2019-10-30
2019-10-29,38.963236,-77.025968,Ward 4,2019-10-30
2019-10-29,38.965589,-77.034936,Ward 4,2019-10-30
2019-10-29,38.879471,-77.020456,Ward 6,2019-10-30
2019-10-29,38.916027,-77.027293,Ward 1,2019-10-30
2019-10-29,38.845536,-76.984290,Ward 8,2019-10-30
2019-10-29,38.928639,-77.042471,Ward 1,2019-10-30
2019-10-30,38.876783,-77.012909,Ward 6,2019-10-30
2019-10-30,38.853298,-76.983303,Ward 8,2019-10-31
2019-10-30,38.910943,-77.039106,Ward 2,2019-10-31
2019-10-30,38.907835,-77.071124,Ward 2,2019-10-31
2019-10-30,38.932712,-77.027629,Ward 1,2019-10-31
2019-10-30,38.862369,-76.997739,Ward 8,2019-10-31
2019-10-31,38.896281,-76.982050,Ward 6,2019-10-31
2019-10-31,38.904689,-77.050407,Ward 2,2019-10-31
2019-10-31,38.907833,-76.939971,Ward 7,2019-10-31
2019-10-31,38.975732,-77.035741,Ward 4,2019-11-01
2019-10-31,38.938515,-77.068897,Ward 3,2019-11-01
2019-10-31,38.949546,-77.033585,Ward 4,2019-11-01
2019-10-31,38.917935,-77.094931,Ward 3,2019-11-01
2019-10-31,38.962526,-77.023784,Ward 4,2019-11-01
2019-11-01,38.959869,-77.056579,Ward 4,2019-11-05
2019-11-01,38.968091,-77.022977,Ward 4,2019-11-05
2019-11-01,38.896860,-77.007778,Ward 6,2019-11-05
2019-11-01,38.943785,-77.088198,Ward 3,2019-11-05
2019-11-01,38.921212,-76.997843,Ward 5,2019-11-05
2019-11-01,38.924425,-76.993840,Ward 5,2019-11-05
2019-11-01,38.919454,-77.047472,Ward 1,2019-11-05
2019-11-02,38.926742,-77.029707,Ward 1,2019-11-05
2019-11-02,38.926053,-76.980495,Ward 5,2019-11-05
2019-11-02,38.926491,-77.030618,Ward 1,2019-11-05
2019-11-02,38.919379,-77.027412,Ward 1,2019-11-05
2019-11-02,38.926277,-77.059687,Ward 3,2019-11-05
2019-11-02,38.937376,-77.065066,Ward 3,2019-11-05
2019-11-02,38.906709,-77.010130,Ward 6,2019-11-05
2019-11-03,38.950523,-77.036416,Ward 4,2019-11-05
2019-11-03,38.906057,-76.988521,Ward 5,2019-11-05
2019-11-03,38.883240,-77.019903,Ward 6,2019-11-05
2019-11-03,38.949739,-77.036419,Ward 4,2019-11-05
2019-11-03,38.941075,-77.022449,Ward 4,2019-11-05
2019-11-03,38.919184,-77.027035,Ward 1,2019-11-05
2019-11-03,38.948999,-77.036422,Ward 4,2019-11-05
2019-11-03,38.926501,-77.031008,Ward 1,2019-11-05
2019-11-04,38.933754,-77.023001,Ward 1,2019-11-05
2019-11-04,38.923638,-77.040789,Ward 1,2019-11-05
2019-11-04,38.926491,-77.030618,Ward 1,2019-11-05
2019-11-04,38.962173,-77.034338,Ward 4,2019-11-05
2019-11-04,38.919181,-77.028084,Ward 1,2019-11-05
2019-11-04,38.917585,-77.042423,Ward 1,2019-11-05
2019-11-04,38.906742,-76.979087,Ward 5,2019-11-05
2019-11-04,38.919379,-77.027412,Ward 1,2019-11-05
2019-11-04,38.949982,-77.036766,Ward 4,2019-11-05
2019-11-04,38.937551,-77.069674,Ward 3,2019-11-05
2019-11-04,38.913769,-77.024203,Ward 6,2019-11-05
2019-11-04,38.944851,-77.042288,Ward 4,2019-11-05
2019-11-04,38.908697,-77.055183,Ward 2,2019-11-05
2019-11-04,38.906458,-76.989981,Ward 5,2019-11-05
2019-11-04,38.862550,-76.990452,Ward 8,2019-11-05
2019-11-04,38.919367,-77.009628,Ward 5,2019-11-05
2019-11-05,38.897887,-76.977687,Ward 6,2019-11-05
2019-11-05,38.937332,-77.068636,Ward 3,2019-11-06
2019-11-05,38.919379,-77.027412,Ward 1,2019-11-06
2019-11-05,38.906458,-77.015175,Null,2019-11-06
2019-11-05,38.930032,-76.961810,Ward 5,2019-11-06
2019-11-05,38.942122,-76.980048,Ward 5,2019-11-06
2019-11-06,38.909452,-77.038858,Ward 2,2019-11-07
2019-11-06,38.875745,-77.000242,Ward 6,2019-11-07
2019-11-06,38.933542,-76.966855,Ward 5,2019-11-07
2019-11-06,38.918330,-77.041966,Ward 1,2019-11-07
2019-11-06,38.848884,-76.972566,Ward 8,2019-11-07
2019-11-06,38.867967,-76.948966,Ward 7,2019-11-07
2019-11-06,38.911306,-77.006854,Ward 5,2019-11-07
2019-11-06,38.821356,-77.006528,Ward 8,2019-11-07
2019-11-06,38.908368,-77.058769,Ward 2,2019-11-07
2019-11-07,38.962521,-77.036910,Ward 4,2019-11-07
2019-11-07,38.940722,-76.981405,Ward 5,2019-11-08
2019-11-07,38.989178,-77.036693,Ward 4,2019-11-08
2019-11-07,38.867734,-76.948738,Ward 7,2019-11-08
2019-11-07,38.867043,-76.949807,Ward 7,2019-11-08
2019-11-07,38.867982,-76.948523,Ward 7,2019-11-08
2019-11-07,38.916180,-77.067274,Ward 2,2019-11-08
2019-11-07,38.908368,-77.058769,Ward 2,2019-11-08
2019-11-07,38.921383,-77.032702,Ward 1,2019-11-08
2019-11-07,38.989026,-77.036692,Ward 4,2019-11-08
2019-11-07,38.895840,-77.030709,Ward 2,2019-11-12
2019-11-07,38.916505,-77.024277,Ward 1,2019-11-08
2019-11-07,38.989465,-77.036689,Ward 4,2019-11-08
2019-11-08,38.902483,-76.928462,Ward 7,2019-11-12
2019-11-08,38.915776,-77.023425,Ward 1,2019-11-12
2019-11-08,38.899101,-76.995505,Ward 6,2019-11-12
2019-11-08,38.937444,-76.988725,Ward 5,2019-11-12
2019-11-08,38.905891,-76.931460,Ward 7,2019-11-12
2019-11-08,38.896130,-77.027041,Ward 2,2019-11-12
2019-11-08,38.907147,-77.056411,Ward 2,2019-11-12
2019-11-08,38.896130,-77.027041,Ward 2,2019-11-12
2019-11-08,38.913880,-77.018185,Ward 6,2019-11-12
2019-11-09,38.942672,-76.974948,Ward 5,2019-11-12
2019-11-09,38.865411,-77.001305,Ward 8,2019-11-12
2019-11-10,38.907069,-77.056256,Ward 2,2019-11-12
2019-11-10,38.916039,-77.029289,Ward 1,2019-11-12
2019-11-10,38.915804,-77.029379,Ward 1,2019-11-12
2019-11-10,38.916080,-77.029354,Ward 1,2019-11-12
2019-11-10,38.902413,-76.929106,Ward 7,2019-11-13
2019-11-11,38.889784,-76.947244,Ward 7,2019-11-12
2019-11-11,38.949735,-77.028885,Ward 4,2019-11-12
2019-11-11,38.889784,-76.947244,Ward 7,2019-11-12
2019-11-11,38.946933,-76.994707,Ward 5,2019-11-12
2019-11-11,38.882866,-76.942464,Ward 7,2019-11-12
2019-11-11,38.889784,-76.947244,Ward 7,2019-11-12
2019-11-11,38.946676,-76.994697,Ward 5,2019-11-12
2019-11-12,38.852801,-76.985334,Ward 8,2019-11-12
2019-11-12,38.888841,-76.948244,Ward 7,2019-11-13
2019-11-12,38.935241,-77.026986,Ward 1,2019-11-13
2019-11-12,38.907060,-77.045365,Ward 2,2019-11-13
2019-11-13,38.904052,-77.021676,Ward 2,2019-11-13
2019-11-13,38.905853,-77.028818,Ward 2,2019-11-13
2019-11-13,38.918993,-77.100523,Ward 3,2019-11-14
2019-11-13,38.934737,-77.027349,Ward 1,2019-11-14
2019-11-13,38.906688,-77.059686,Ward 2,2019-11-14
2019-11-14,38.959957,-77.040054,Ward 4,2019-11-14
2019-11-14,38.909309,-77.010317,Ward 5,2019-11-15
2019-11-14,38.890388,-76.937447,Ward 7,2019-11-15
2019-11-15,38.943968,-76.984725,Ward 5,2019-11-18
2019-11-15,38.846903,-76.980308,Ward 8,2019-11-18
2019-11-15,38.910892,-77.017947,Ward 6,2019-11-18
2019-11-15,38.915731,-77.043423,Ward 2,2019-11-18
2019-11-15,38.900054,-76.999136,Ward 6,2019-11-18
2019-11-15,38.905164,-77.006291,Ward 6,2019-11-18
2019-11-15,38.853298,-76.983303,Ward 8,2019-11-18
2019-11-16,38.862852,-77.000281,Ward 8,2019-11-18
2019-11-16,38.902826,-76.928204,Ward 7,2019-11-18
2019-11-16,38.917310,-77.044377,Ward 1,2019-11-18
2019-11-16,38.924555,-77.104574,Ward 3,2019-11-18
2019-11-16,38.889796,-76.989940,Ward 6,2019-11-18
2019-11-17,38.827621,-77.012314,Ward 8,2019-11-18
2019-11-17,38.826052,-77.012586,Ward 8,2019-11-18
2019-11-17,38.827397,-77.012587,Ward 8,2019-11-18
2019-11-17,38.870359,-76.942505,Ward 7,2019-11-18
2019-11-17,38.845833,-76.999297,Ward 8,2019-11-18
2019-11-17,38.918286,-77.002983,Ward 5,2019-11-18
2019-11-18,38.913353,-77.020845,Ward 6,2019-11-19
2019-11-18,38.942817,-77.092618,Ward 3,2019-11-19
2019-11-18,38.942167,-77.005870,Ward 5,2019-11-19
2019-11-18,38.860149,-76.992058,Ward 8,2019-11-19
2019-11-18,38.942863,-76.977797,Ward 5,2019-11-19
2019-11-18,38.872169,-76.968221,Ward 7,2019-11-19
2019-11-19,38.949900,-77.089043,Ward 3,2019-11-20
2019-11-19,38.933029,-77.023267,Ward 1,2019-11-20
2019-11-19,38.906840,-77.024670,Ward 2,2019-11-20
2019-11-19,38.885513,-77.001511,Ward 6,2019-11-20
2019-11-19,38.912820,-77.065091,Ward 2,2019-11-20
2019-11-19,38.863067,-76.962883,Ward 7,2019-11-20
2019-11-20,38.916505,-77.024277,Ward 1,2019-11-21
2019-11-20,38.929713,-77.056847,Ward 3,2019-11-21
2019-11-20,38.937211,-77.038621,Null,2019-11-21
2019-11-20,38.934741,-77.027583,Ward 1,2019-11-21
2019-11-20,38.926443,-77.038026,Ward 1,2019-11-21
2019-11-20,38.951004,-77.009334,Ward 4,2019-11-21
2019-11-20,38.860149,-76.992058,Ward 8,2019-11-22
2019-11-20,38.943454,-77.092958,Ward 3,2019-11-21
2019-11-21,38.917955,-77.007224,Ward 5,2019-11-22
2019-11-21,38.917206,-77.006988,Ward 5,2019-11-22
2019-11-21,38.917467,-77.007134,Ward 5,2019-11-22
2019-11-21,38.903056,-76.985405,Ward 5,2019-11-22
2019-11-21,38.884848,-77.025974,Ward 6,2019-11-22
2019-11-21,38.880219,-76.995940,Ward 6,2019-11-22
2019-11-21,38.826458,-77.003590,Ward 8,2019-11-22
2019-11-21,38.883089,-76.945833,Ward 7,2019-11-22
2019-11-21,38.876172,-76.960964,Ward 7,2019-11-22
2019-11-22,38.974864,-77.036364,Ward 4,2019-11-25
2019-11-22,38.892097,-77.036541,Ward 2,2019-11-25
2019-11-22,38.947070,-77.098442,Ward 3,2019-11-25
2019-11-22,38.947398,-77.099451,Ward 3,2019-11-25
2019-11-22,38.841405,-76.991349,Ward 8,2019-11-25
2019-11-22,38.894438,-76.996583,Ward 6,2019-11-25
2019-11-22,38.869663,-76.969201,Ward 7,2019-11-25
2019-11-22,38.837199,-76.983768,Ward 8,2019-11-25
2019-11-22,38.869657,-76.969279,Ward 7,2019-11-25
2019-11-22,38.976777,-77.036354,Ward 4,2019-11-25
2019-11-22,38.980859,-77.036351,Ward 4,2019-11-25
2019-11-22,38.902092,-77.000770,Ward 6,2019-11-25
2019-11-23,38.956447,-77.026483,Ward 4,2019-11-25
2019-11-23,38.956277,-77.025757,Ward 4,2019-11-25
2019-11-23,38.869663,-76.969201,Ward 7,2019-11-25
2019-11-23,38.869278,-76.969682,Ward 7,2019-11-25
2019-11-23,38.956500,-77.026374,Ward 4,2019-11-25
2019-11-23,38.851194,-76.972827,Ward 8,2019-11-26
2019-11-24,38.916772,-77.040421,Ward 2,2019-11-25
2019-11-24,38.962007,-77.019893,Ward 4,2019-11-25
2019-11-25,38.879444,-76.991139,Ward 6,2019-11-25
2019-11-25,38.879458,-76.990552,Ward 6,2019-11-26
2019-11-25,38.950107,-77.020649,Ward 4,2019-11-26
2019-11-25,38.950111,-77.020522,Ward 4,2019-11-26
2019-11-25,38.935071,-77.102710,Ward 3,2019-11-26
2019-11-25,38.937534,-77.068069,Ward 3,2019-11-26
2019-11-25,38.939559,-77.019305,Ward 4,2019-11-26
2019-11-25,38.853298,-76.983303,Ward 8,2019-11-26
2019-11-25,38.894409,-76.996430,Ward 6,2019-11-26
2019-11-25,38.924112,-77.026792,Ward 1,2019-11-26
2019-11-26,38.912587,-77.063868,Ward 2,2019-11-27
2019-11-26,38.876218,-76.960967,Ward 7,2019-11-27
2019-11-26,38.901607,-77.039830,Ward 2,2019-11-27
2019-11-26,38.912884,-77.027426,Ward 2,2019-11-27
2019-11-26,38.876218,-76.960967,Ward 7,2019-11-27
2019-11-27,38.884393,-76.922583,Ward 7,2019-11-27
2019-11-27,38.927520,-76.968648,Ward 5,2019-11-27
2019-11-27,38.840942,-77.004940,Ward 8,2019-11-29
2019-11-27,38.928212,-76.966302,Ward 5,2019-11-29
2019-11-27,38.883075,-76.998055,Ward 6,2019-11-29
2019-11-27,38.962891,-77.016949,Ward 4,2019-11-29
2019-11-29,38.929324,-76.992171,Ward 5,2019-11-29
2019-11-29,38.939390,-77.060734,Ward 3,2019-11-29
2019-11-29,38.867043,-76.949807,Ward 7,2019-11-29
2019-11-29,38.938366,-77.060462,Ward 3,2019-11-29
2019-11-29,38.938998,-77.061083,Ward 3,2019-11-29
2019-11-29,38.884848,-77.025974,Ward 6,2019-12-02
2019-11-29,38.953879,-77.072254,Ward 3,2019-12-02
2019-11-29,38.961263,-77.076612,Ward 3,2019-12-02
2019-11-29,38.945082,-77.042960,Ward 4,2019-12-02
2019-11-29,38.953426,-77.072214,Ward 3,2019-12-02
2019-11-29,38.864548,-76.974152,Ward 8,2019-12-02
2019-12-01,38.827657,-77.001337,Ward 8,2019-12-02
2019-12-01,38.904148,-77.053937,Ward 2,2019-12-02
2019-12-02,38.853728,-76.995045,Ward 8,2019-12-02
2019-12-02,38.867598,-76.960064,Ward 7,2019-12-02
2019-12-02,38.952765,-77.024099,Ward 4,2019-12-04
2019-12-02,38.952765,-77.024099,Ward 4,2019-12-04
2019-12-02,38.830332,-77.005544,Ward 8,2019-12-04
2019-12-02,38.894254,-76.956360,Ward 7,2019-12-04
2019-12-03,38.896932,-76.921655,Ward 7,2019-12-04
2019-12-03,38.913217,-76.981150,Ward 5,2019-12-23
2019-12-03,38.940534,-77.058272,Ward 3,2019-12-04
2019-12-03,38.941224,-77.057506,Ward 3,2019-12-04
2019-12-03,38.903740,-77.051414,Ward 2,2019-12-04
2019-12-03,38.956112,-77.024808,Ward 4,2019-12-04
2019-12-03,38.940942,-77.056326,Ward 3,2019-12-04
2019-12-03,38.940967,-77.058167,Ward 3,2019-12-04
2019-12-03,38.905762,-77.049834,Ward 2,2019-12-04
2019-12-04,38.941224,-77.057506,Ward 3,2019-12-04
2019-12-04,38.940972,-77.061654,Ward 3,2019-12-05
2019-12-04,38.940972,-77.061654,Ward 3,2019-12-04
2019-12-04,38.853298,-76.983303,Ward 8,2019-12-05
2019-12-04,38.852801,-76.985334,Ward 8,2019-12-05
2019-12-04,38.923187,-76.992810,Ward 5,2019-12-05
2019-12-04,38.865490,-76.966211,Ward 7,2019-12-05
2019-12-04,38.853298,-76.983303,Ward 8,2019-12-05
2019-12-04,38.853298,-76.983303,Ward 8,2019-12-05
2019-12-05,38.853722,-76.983194,Ward 8,2019-12-05
2019-12-05,38.880995,-76.945306,Ward 7,2019-12-06
2019-12-05,38.868164,-76.954902,Ward 7,2019-12-06
2019-12-05,38.881610,-76.943791,Ward 7,2019-12-06
2019-12-05,38.881501,-76.943486,Ward 7,2019-12-06
2019-12-05,38.894512,-76.999774,Ward 6,2019-12-06
2019-12-05,38.910123,-77.034295,Ward 2,2019-12-06
2019-12-06,38.905646,-77.002550,Ward 6,2019-12-09
2019-12-06,38.881752,-76.943539,Ward 7,2019-12-09
2019-12-06,38.952606,-77.073652,Ward 3,2019-12-09
2019-12-06,38.910920,-77.034781,Ward 2,2019-12-09
2019-12-06,38.900202,-77.035129,Ward 2,2019-12-09
2019-12-07,38.926667,-77.009044,Ward 5,2019-12-09
2019-12-07,38.933570,-76.986215,Ward 5,2019-12-09
2019-12-07,38.933972,-76.986289,Ward 5,2019-12-09
2019-12-07,38.884216,-76.959006,Ward 7,2019-12-09
2019-12-07,38.933762,-76.986444,Ward 5,2019-12-09
2019-12-07,38.968864,-77.020587,Ward 4,2019-12-09
2019-12-07,38.932779,-76.982429,Ward 5,2019-12-09
2019-12-07,38.849043,-77.005062,Ward 8,2019-12-09
2019-12-07,38.933039,-76.966227,Ward 5,2019-12-09
2019-12-07,38.968632,-77.019897,Ward 4,2019-12-09
2019-12-07,38.932706,-76.966375,Ward 5,2019-12-09
2019-12-07,38.979642,-77.052164,Ward 4,2019-12-09
2019-12-08,38.914225,-77.008717,Ward 5,2019-12-09
2019-12-08,38.955242,-76.989350,Ward 5,2019-12-09
2019-12-08,38.912407,-77.011982,Ward 5,2019-12-09
2019-12-08,38.955860,-76.989873,Ward 5,2019-12-09
2019-12-08,38.966475,-77.059600,Ward 4,2019-12-09
2019-12-08,38.869742,-76.972920,Ward 8,2019-12-09
2019-12-08,38.955242,-76.989350,Ward 5,2019-12-09
2019-12-08,38.902523,-77.027039,Ward 2,2019-12-09
2019-12-08,38.869845,-76.978477,Ward 8,2019-12-09
2019-12-09,38.930441,-77.002448,Ward 5,2019-12-09
2019-12-09,38.933739,-77.023189,Ward 1,2019-12-11
2019-12-10,38.933160,-76.996184,Ward 5,2019-12-11
2019-12-10,38.893964,-76.985756,Ward 6,2019-12-11
2019-12-10,38.932638,-76.996747,Ward 5,2019-12-11
2019-12-10,38.923871,-77.066398,Ward 3,2019-12-11
2019-12-10,38.932619,-76.995875,Ward 5,2019-12-11
2019-12-10,38.911497,-76.985132,Ward 5,2019-12-11
2019-12-10,38.857531,-76.973050,Ward 8,2019-12-11
2019-12-11,38.946452,-76.996498,Ward 5,2019-12-12
2019-12-11,38.897008,-76.995313,Ward 6,2019-12-12
2019-12-11,38.924657,-77.026833,Ward 1,2019-12-12
2019-12-11,38.858240,-76.989943,Ward 8,2019-12-12
2019-12-11,38.966961,-77.006958,Ward 4,2019-12-12
2019-12-11,38.912407,-77.011982,Ward 5,2019-12-12
2019-12-11,38.967060,-77.006885,Ward 4,2019-12-12
2019-12-12,38.905877,-77.018119,Ward 6,2019-12-12
2019-12-12,38.905877,-77.018119,Ward 6,2019-12-12
2019-12-12,38.905877,-77.018119,Ward 6,2019-12-12
2019-12-12,38.905877,-77.018119,Ward 6,2019-12-12
2019-12-12,38.905877,-77.018119,Ward 6,2019-12-12
2019-12-12,38.905877,-77.018119,Ward 6,2019-12-12
2019-12-12,38.905877,-77.018119,Ward 6,2019-12-12
2019-12-12,38.905877,-77.018119,Ward 6,2019-12-12
2019-12-12,38.922661,-77.042684,Ward 1,2019-12-13
2019-12-12,38.895588,-76.972631,Ward 7,2019-12-13
2019-12-12,38.882076,-76.992847,Ward 6,2019-12-13
2019-12-12,38.882076,-76.992847,Ward 6,2019-12-13
2019-12-12,38.882076,-76.992847,Ward 6,2019-12-13
2019-12-12,38.882076,-76.992847,Ward 6,2019-12-13
2019-12-12,38.882076,-76.992847,Ward 6,2019-12-13
2019-12-13,38.934044,-77.022827,Ward 1,2019-12-13
2019-12-13,38.901509,-76.994322,Ward 6,2019-12-16
2019-12-13,38.867152,-76.945040,Ward 7,2019-12-16
2019-12-13,38.883431,-76.976379,Ward 7,2019-12-16
2019-12-13,38.917936,-77.011394,Ward 5,2019-12-16
2019-12-14,38.927165,-76.975932,Ward 5,2019-12-16
2019-12-14,38.870932,-76.981648,Ward 8,2019-12-16
2019-12-14,38.884114,-76.996788,Ward 6,2019-12-16
2019-12-14,38.884114,-76.996788,Ward 6,2019-12-16
2019-12-14,38.884114,-76.996788,Ward 6,2019-12-16
2019-12-14,38.884114,-76.996788,Ward 6,2019-12-16
2019-12-14,38.877712,-76.987042,Ward 6,2019-12-16
2019-12-14,38.878197,-76.987041,Ward 6,2019-12-16
2019-12-14,38.891105,-76.935152,Ward 7,2019-12-16
2019-12-14,38.940678,-77.021833,Ward 4,2019-12-16
2019-12-15,38.944414,-76.979911,Ward 5,2019-12-16
2019-12-16,38.880902,-77.000363,Ward 6,2019-12-17
2019-12-16,38.945447,-76.989663,Ward 5,2019-12-17
2019-12-16,38.945447,-76.989663,Ward 5,2019-12-17
2019-12-16,38.945447,-76.989663,Ward 5,2019-12-17
2019-12-16,38.945447,-76.989663,Ward 5,2019-12-17
2019-12-16,38.945447,-76.989663,Ward 5,2019-12-17
2019-12-16,38.946960,-76.989658,Ward 5,2019-12-17
2019-12-16,38.924706,-77.101551,Ward 3,2019-12-17
2019-12-16,38.924706,-77.101551,Ward 3,2019-12-17
2019-12-17,38.952410,-76.989257,Ward 5,2019-12-17
2019-12-17,38.853728,-76.995045,Ward 8,2019-12-17
2019-12-17,38.853728,-76.995045,Ward 8,2019-12-17
2019-12-17,38.924951,-77.101404,Ward 3,2019-12-18
2019-12-17,38.862047,-76.991739,Ward 8,2019-12-18
2019-12-17,38.872602,-76.983125,Ward 8,2019-12-18
2019-12-17,38.927780,-77.066004,Ward 3,2019-12-18
2019-12-18,38.830119,-77.013034,Ward 8,2019-12-19
2019-12-18,38.919365,-77.009838,Ward 5,2019-12-19
2019-12-18,38.909143,-77.028294,Ward 2,2019-12-19
2019-12-18,38.931714,-77.025223,Ward 1,2019-12-19
2019-12-19,38.901336,-77.034593,Ward 2,2019-12-24
2019-12-19,38.908163,-77.007478,Ward 5,2019-12-24
2019-12-20,38.912469,-77.082222,Ward 3,2019-12-23
2019-12-20,38.920062,-77.077287,Ward 3,2019-12-23
2019-12-20,38.931653,-77.036460,Ward 1,2019-12-23
2019-12-21,38.864548,-76.974152,Ward 8,2019-12-23
2019-12-21,38.863535,-76.973972,Ward 8,2019-12-23
2019-12-21,38.864548,-76.974152,Ward 8,2019-12-23
2019-12-21,38.864883,-76.976316,Ward 8,2019-12-23
2019-12-21,38.967474,-77.015506,Ward 4,2019-12-23
2019-12-21,38.864548,-76.974152,Ward 8,2019-12-23
2019-12-21,38.935184,-77.103306,Ward 3,2019-12-23
2019-12-21,38.893084,-76.998981,Ward 6,2019-12-23
2019-12-21,38.864548,-76.974152,Ward 8,2019-12-23
2019-12-21,38.858180,-76.972424,Ward 8,2019-12-23
2019-12-22,38.891898,-76.918043,Ward 7,2019-12-23
2019-12-22,38.863022,-76.996012,Ward 8,2019-12-23
2019-12-22,38.863022,-76.996012,Ward 8,2019-12-23
2019-12-22,38.948061,-77.029999,Ward 4,2019-12-23
2019-12-22,38.872222,-76.938226,Ward 7,2019-12-24
2019-12-22,38.922064,-77.036873,Ward 1,2019-12-23
2019-12-22,38.873425,-76.937485,Ward 7,2019-12-23
2019-12-23,38.899950,-76.984532,Ward 6,2019-12-23
2019-12-23,38.865436,-76.973838,Ward 8,2019-12-23
2019-12-23,38.888244,-76.927857,Ward 7,2019-12-23
2019-12-23,38.936104,-77.023287,Ward 1,2019-12-23
2019-12-23,38.864548,-76.974152,Ward 8,2019-12-26
2019-12-23,38.864548,-76.974152,Ward 8,2019-12-26
2019-12-23,38.864547,-76.975640,Ward 8,2019-12-24
2019-12-23,38.864548,-76.974152,Ward 8,2019-12-24
2019-12-23,38.858180,-76.972424,Ward 8,2019-12-24
2019-12-23,38.910226,-77.014374,Ward 5,2019-12-24
2019-12-23,38.956277,-77.013645,Ward 4,2019-12-24
2019-12-23,38.925820,-76.986850,Ward 5,2019-12-24
2019-12-23,38.910213,-77.014315,Ward 5,2019-12-24
2019-12-24,38.886889,-76.993514,Ward 6,2019-12-24
2019-12-24,38.886716,-76.993498,Ward 6,2019-12-24
2019-12-24,38.900518,-76.979006,Ward 5,2019-12-26
2019-12-24,38.894409,-76.996430,Ward 6,2019-12-26
2019-12-24,38.949734,-77.027135,Ward 4,2019-12-26
2019-12-24,38.878071,-76.959681,Ward 7,2019-12-26
2019-12-24,38.935550,-77.020234,Ward 1,2019-12-26
2019-12-24,38.915862,-76.979155,Ward 5,2019-12-26
2019-12-24,38.941893,-77.045475,Ward 4,2019-12-26
2019-12-25,38.931369,-77.078784,Ward 3,2019-12-26
2019-12-25,38.931369,-77.078784,Ward 3,2019-12-26
2019-12-26,38.896123,-77.012164,Ward 6,2020-01-15
2019-12-26,38.881501,-76.943486,Ward 7,2019-12-27
2019-12-27,38.913261,-77.043743,Ward 2,2019-12-30
2019-12-27,38.955292,-77.029426,Ward 4,2019-12-30
2019-12-27,38.892112,-76.911145,Ward 7,2020-01-02
2019-12-27,38.821253,-77.007228,Ward 8,2019-12-30
2019-12-27,38.863905,-76.965438,Ward 7,2019-12-30
2019-12-27,38.903889,-76.978043,Ward 5,2019-12-30
2019-12-27,38.906723,-76.943097,Ward 7,2019-12-30
2019-12-28,38.945376,-77.077812,Ward 3,2019-12-30
2019-12-28,38.944185,-77.076419,Ward 3,2019-12-30
2019-12-28,38.892192,-76.981365,Ward 6,2019-12-30
2019-12-28,38.898231,-76.972620,Null,2019-12-30
2019-12-28,38.952899,-77.068193,Ward 3,2019-12-30
2019-12-29,38.900446,-77.046901,Ward 2,2019-12-30
2019-12-29,38.890720,-76.985304,Ward 6,2019-12-30
2019-12-29,38.923550,-77.031311,Ward 1,2020-01-02
2019-12-29,38.868445,-76.971921,Ward 8,2019-12-30
2019-12-29,38.911249,-77.064074,Ward 2,2019-12-30
2019-12-30,38.903714,-76.978991,Ward 5,2020-01-02
2019-12-30,38.909072,-77.080418,Ward 3,2020-01-02
2019-12-30,38.888808,-76.923461,Ward 7,2020-01-02
2019-12-30,38.919821,-77.073427,Ward 3,2020-01-02
2019-12-30,38.939658,-76.989751,Ward 5,2020-01-02
2019-12-30,38.883499,-76.958326,Ward 7,2020-01-02
2019-12-30,38.915849,-77.033383,Ward 2,2020-01-02
2019-12-31,38.930394,-77.031347,Ward 1,2020-01-02
2019-12-31,38.945872,-77.078205,Ward 3,2020-01-02
2019-12-31,38.878593,-76.982884,Ward 6,2020-01-24
2019-12-31,38.903889,-76.978043,Ward 5,2020-01-24
