2021-01-01,38.921999,-77.008709,Ward 5,2021-01-04
2021-01-01,38.910925,-77.007437,Ward 5,2021-01-05
2021-01-02,38.942381,-77.008034,Ward 5,2021-01-04
2021-01-02,38.943385,-77.034771,Ward 4,2021-01-04
2021-01-02,38.936548,-77.006954,Ward 5,2021-01-04
2021-01-02,38.942381,-77.008034,Ward 5,2021-01-04
2021-01-02,38.826215,-77.012308,Ward 8,2021-01-05
2021-01-02,38.940866,-77.006295,Ward 5,2021-01-04
2021-01-02,38.987436,-77.039232,Ward 4,2021-01-04
2021-01-02,38.921999,-77.008709,Ward 5,2021-01-04
2021-01-02,38.987175,-77.037026,Ward 4,2021-01-04
2021-01-02,38.987175,-77.037026,Ward 4,2021-01-04
2021-01-03,38.872795,-77.014811,Ward 6,2021-01-04
2021-01-03,38.918259,-77.032254,Ward 1,2021-01-04
2021-01-04,38.906244,-76.931217,Ward 7,2021-01-05
2021-01-04,38.879680,-76.927996,Ward 7,2021-01-06
2021-01-04,38.886447,-76.924805,Ward 7,2021-01-06
2021-01-04,38.860132,-76.993302,Ward 8,2021-01-06
2021-01-04,38.898245,-76.993999,Ward 6,2021-01-06
2021-01-04,38.896481,-76.983873,Ward 6,2021-01-06
2021-01-04,38.921999,-77.008709,Ward 5,2021-01-05
2021-01-04,38.876483,-76.960997,Ward 7,2021-01-05
2021-01-05,38.965933,-77.030713,Ward 4,2021-01-06
2021-01-06,38.923033,-77.027830,Ward 1,2021-01-06
2021-01-06,38.925206,-77.033319,Ward 1,2021-01-07
2021-01-06,38.853482,-76.971035,Ward 8,2021-01-07
2021-01-06,38.931320,-77.020308,Ward 1,2021-01-07
2021-01-06,38.943634,-77.052617,Ward 3,2021-01-07
2021-01-06,38.940693,-77.022362,Ward 4,2021-01-07
2021-01-07,38.948976,-76.990830,Ward 5,2021-01-07
2021-01-07,38.918523,-77.038473,Ward 1,2021-01-08
2021-01-07,38.893405,-76.950776,Ward 7,2021-01-08
2021-01-07,38.881460,-76.981762,Ward 6,2021-01-08
2021-01-07,38.953760,-76.988662,Ward 5,2021-01-08
2021-01-08,38.869278,-76.969682,Ward 7,2021-01-08
2021-01-08,38.911684,-77.007748,Ward 5,2021-01-11
2021-01-08,38.923634,-77.025744,Ward 1,2021-01-11
2021-01-08,38.939528,-77.033308,Ward 4,2021-01-11
2021-01-08,38.919615,-77.080030,Ward 3,2021-01-11
2021-01-08,38.941639,-77.030299,Ward 4,2021-01-11
2021-01-09,38.894434,-76.948552,Ward 7,2021-01-11
2021-01-09,38.883631,-76.957496,Ward 7,2021-01-11
2021-01-09,38.930056,-77.025495,Ward 1,2021-01-11
2021-01-09,38.948997,-77.032724,Ward 4,2021-01-11
2021-01-09,38.940638,-77.016386,Ward 4,2021-01-11
2021-01-09,38.871149,-76.945436,Ward 7,2021-01-11
2021-01-10,38.918600,-77.037600,Ward 1,2021-01-11
2021-01-10,38.950542,-76.985964,Ward 5,2021-01-11
2021-01-10,38.884654,-76.946968,Ward 7,2021-01-12
2021-01-10,38.902502,-76.926885,Ward 7,2021-01-11
2021-01-11,38.920099,-77.037264,Ward 1,2021-01-12
2021-01-11,38.877118,-77.001491,Ward 8,2021-01-12
2021-01-11,38.884777,-76.920077,Ward 7,2021-01-12
2021-01-12,38.929327,-77.020935,Ward 1,2021-01-13
2021-01-12,38.901901,-76.992837,Ward 6,2021-01-13
2021-01-13,38.937801,-77.025287,Ward 4,2021-01-13
2021-01-13,38.860023,-76.958635,Ward 7,2021-01-14
2021-01-13,38.957573,-77.024989,Ward 4,2021-01-14
2021-01-13,38.935494,-77.023313,Ward 1,2021-01-14
2021-01-13,38.910943,-77.039106,Ward 2,2021-01-14
2021-01-13,38.912407,-77.011982,Ward 5,2021-01-14
2021-01-14,38.912385,-77.065746,Ward 2,2021-01-14
2021-01-14,38.897808,-76.980032,Ward 6,2021-01-14
2021-01-14,38.865001,-76.982509,Ward 8,2021-01-15
2021-01-14,38.956213,-77.033426,Ward 4,2021-01-15
2021-01-14,38.892086,-76.950655,Ward 7,2021-01-15
2021-01-14,38.957857,-77.015405,Ward 4,2021-01-15
2021-01-14,38.950487,-77.071213,Ward 3,2021-01-19
2021-01-14,38.913439,-77.014658,Ward 5,2021-01-15
2021-01-14,38.912606,-77.012158,Ward 5,2021-01-15
2021-01-15,38.920794,-77.039455,Ward 1,2021-01-19
2021-01-15,38.956213,-77.033426,Ward 4,2021-01-15
2021-01-15,38.906933,-77.029343,Ward 2,2021-01-19
2021-01-15,38.853298,-76.983303,Ward 8,2021-01-19
2021-01-16,38.906936,-76.984020,Ward 5,2021-01-20
2021-01-16,38.944497,-77.015245,Ward 4,2021-01-19
2021-01-16,38.941955,-77.022484,Ward 4,2021-01-19
2021-01-16,38.942124,-77.023909,Ward 4,2021-01-19
2021-01-17,38.834228,-76.991303,Ward 8,2021-01-19
2021-01-17,38.963193,-77.023641,Ward 4,2021-01-19
2021-01-17,38.945396,-77.083498,Ward 3,2021-01-19
2021-01-17,38.941583,-77.021884,Ward 4,2021-01-19
2021-01-17,38.939592,-77.095830,Ward 3,2021-01-19
2021-01-17,38.870800,-76.960570,Ward 7,2021-01-19
2021-01-17,38.871252,-76.960625,Ward 7,2021-01-19
2021-01-17,38.896297,-76.988062,Ward 6,2021-01-19
2021-01-17,38.871252,-76.960625,Ward 7,2021-01-19
2021-01-17,38.871539,-76.960993,Ward 7,2021-01-19
2021-01-17,38.871696,-76.960679,Ward 7,2021-01-19
2021-01-18,38.942124,-77.023909,Ward 4,2021-01-19
2021-01-18,38.874189,-77.015446,Ward 6,2021-01-20
2021-01-18,38.866416,-76.972680,Ward 8,2021-01-19
2021-01-18,38.832812,-76.991877,Ward 8,2021-01-20
2021-01-18,38.907410,-77.055960,Ward 2,2021-01-21
2021-01-19,38.846338,-76.972564,Ward 8,2021-01-20
2021-01-19,38.916473,-77.057608,Ward 2,2021-01-22
2021-01-19,38.926287,-77.043461,Ward 1,2021-01-20
2021-01-20,38.928849,-76.981466,Ward 5,2021-01-21
2021-01-20,38.933142,-77.050164,Ward 1,2021-01-21
2021-01-20,38.933978,-77.048433,Ward 1,2021-01-21
2021-01-20,38.893300,-76.978127,Ward 6,2021-01-22
2021-01-20,38.914681,-77.033511,Ward 2,2021-01-21
2021-01-21,38.932423,-77.078386,Ward 3,2021-01-22
2021-01-21,38.894037,-76.977912,Ward 6,2021-01-22
2021-01-21,38.906936,-76.984020,Ward 5,2021-01-22
2021-01-21,38.955292,-77.029426,Ward 4,2021-01-22
2021-01-21,38.877555,-76.962124,Ward 7,2021-01-25
2021-01-21,38.921017,-77.012793,Ward 5,2021-01-22
2021-01-22,38.950955,-77.061167,Ward 3,2021-01-22
2021-01-22,38.878933,-77.016398,Ward 6,2021-01-25
2021-01-22,38.965199,-77.066652,Ward 4,2021-01-26
2021-01-22,38.923598,-76.992656,Ward 5,2021-01-25
2021-01-22,38.862448,-76.979859,Ward 8,2021-01-25
2021-01-22,38.871355,-76.971753,Ward 8,2021-01-26
2021-01-22,38.862124,-76.952223,Ward 7,2021-01-25
2021-01-22,38.888059,-76.924821,Ward 7,2021-01-25
2021-01-23,38.946999,-77.028664,Ward 4,2021-01-25
2021-01-23,38.879122,-77.014958,Ward 6,2021-01-25
2021-01-23,38.925419,-76.981017,Ward 5,2021-01-25
2021-01-23,38.892080,-76.945992,Ward 7,2021-01-25
2021-01-23,38.862124,-76.952223,Ward 7,2021-01-25
2021-01-23,38.843364,-76.987402,Ward 8,2021-01-25
2021-01-23,38.871680,-76.960352,Ward 7,2021-01-25
2021-01-23,38.879117,-77.014908,Ward 6,2021-01-26
2021-01-23,38.927561,-77.025248,Ward 1,2021-01-25
2021-01-23,38.971474,-77.023127,Ward 4,2021-01-25
2021-01-24,38.894961,-76.982772,Ward 6,2021-01-26
2021-01-24,38.841068,-76.990935,Ward 8,2021-01-25
2021-01-24,38.971125,-77.022660,Ward 4,2021-01-25
2021-01-24,38.925745,-76.980980,Ward 5,2021-01-25
2021-01-24,38.841375,-76.991500,Ward 8,2021-01-25
2021-01-25,38.925374,-76.973450,Ward 5,2021-01-26
2021-01-25,38.920143,-76.988299,Ward 5,2021-01-26
2021-01-25,38.920114,-76.988263,Ward 5,2021-01-26
2021-01-25,38.871355,-76.971753,Ward 8,2021-01-26
2021-01-25,38.841357,-76.991649,Ward 8,2021-01-26
2021-01-25,38.920143,-76.988299,Ward 5,2021-01-26
2021-01-25,38.888059,-76.924821,Ward 7,2021-01-26
2021-01-25,38.896299,-76.986631,Ward 6,2021-01-26
2021-01-26,38.947062,-77.024710,Ward 4,2021-01-26
2021-01-26,38.900134,-77.052358,Ward 2,2021-01-27
2021-01-26,38.906871,-77.013824,Ward 6,2021-01-27
2021-01-27,38.930347,-76.980182,Ward 5,2021-01-27
2021-01-27,38.918187,-76.958047,Ward 5,2021-01-28
2021-01-27,38.910932,-77.066586,Ward 2,2021-01-28
2021-01-27,38.888893,-76.984509,Ward 6,2021-01-29
2021-01-27,38.886651,-76.956653,Ward 7,2021-01-28
2021-01-27,38.949569,-76.989778,Ward 5,2021-01-28
2021-01-28,38.829396,-77.013322,Ward 8,2021-01-28
2021-01-28,38.864121,-76.966647,Ward 7,2021-01-29
2021-01-28,38.897685,-76.993990,Ward 6,2021-01-29
2021-01-28,38.884159,-76.940778,Ward 7,2021-01-29
2021-01-29,38.950435,-77.024132,Ward 4,2021-02-01
2021-01-30,38.977464,-77.057208,Ward 4,2021-02-01
2021-01-30,38.977599,-77.058612,Ward 4,2021-02-01
2021-01-30,38.910384,-77.036521,Ward 2,2021-02-01
2021-01-30,38.954973,-77.073553,Ward 3,2021-02-01
2021-01-30,38.977464,-77.057208,Ward 4,2021-02-01
2021-01-31,38.871784,-76.963652,Ward 7,2021-02-01
2021-01-31,38.893738,-76.983914,Ward 6,2021-02-01
2021-02-01,38.968374,-77.011497,Ward 4,2021-02-01
2021-02-02,38.948652,-77.100613,Ward 3,2021-02-03
2021-02-02,38.948862,-77.100866,Ward 3,2021-02-03
2021-02-02,38.938695,-77.017524,Ward 4,2021-02-03
2021-02-02,38.948862,-77.100866,Ward 3,2021-02-03
2021-02-02,38.966712,-77.013646,Ward 4,2021-02-03
2021-02-03,38.934666,-77.029504,Ward 1,2021-02-03
2021-02-03,38.888889,-76.981457,Ward 6,2021-02-04
2021-02-03,38.851532,-76.965439,Ward 8,2021-02-04
2021-02-04,38.893562,-76.956585,Ward 7,2021-02-04
2021-02-04,38.933164,-77.021904,Ward 1,2021-02-05
2021-02-04,38.949482,-77.057531,Ward 3,2021-02-05
2021-02-05,38.926160,-77.007822,Ward 5,2021-02-05
2021-02-05,38.920558,-76.997257,Ward 5,2021-02-08
2021-02-05,38.920558,-76.997257,Ward 5,2021-02-08
2021-02-05,38.951248,-77.072202,Ward 3,2021-02-08
2021-02-05,38.896473,-76.920784,Ward 7,2021-02-09
2021-02-06,38.878605,-76.987585,Ward 6,2021-02-08
2021-02-06,38.878604,-76.988064,Ward 6,2021-02-08
2021-02-06,38.961000,-77.037298,Ward 4,2021-02-11
2021-02-06,38.867374,-76.954957,Ward 7,2021-02-08
2021-02-06,38.878605,-76.987762,Ward 6,2021-02-08
2021-02-06,38.962532,-77.014001,Ward 4,2021-02-08
2021-02-06,38.902064,-76.989153,Ward 6,2021-02-08
2021-02-06,38.857175,-76.985721,Ward 8,2021-02-08
2021-02-06,38.878604,-76.988064,Ward 6,2021-02-08
2021-02-07,38.857106,-76.985106,Ward 8,2021-02-08
2021-02-07,38.929327,-77.020935,Ward 1,2021-02-08
2021-02-07,38.885080,-76.932363,Ward 7,2021-02-09
2021-02-07,38.896867,-76.987589,Ward 6,2021-02-08
2021-02-07,38.871646,-76.960280,Ward 7,2021-02-08
2021-02-08,38.909419,-77.013886,Ward 5,2021-02-09
2021-02-08,38.949889,-76.996299,Ward 5,2021-02-09
2021-02-08,38.907390,-77.027324,Ward 2,2021-02-09
2021-02-09,38.847072,-76.997624,Ward 8,2021-02-10
2021-02-09,38.931060,-77.023056,Ward 1,2021-02-10
2021-02-09,38.936921,-77.035647,Ward 1,2021-02-10
2021-02-09,38.954692,-77.072727,Ward 3,2021-02-10
2021-02-09,38.954973,-77.073553,Ward 3,2021-02-10
2021-02-09,38.936961,-77.035936,Ward 1,2021-02-10
2021-02-09,38.870558,-76.974231,Ward 8,2021-02-10
2021-02-09,38.925148,-76.961833,Ward 5,2021-02-10
2021-02-09,38.885353,-76.931918,Ward 7,2021-02-11
2021-02-10,38.927422,-77.023253,Ward 1,2021-02-11
2021-02-10,38.924511,-77.025915,Ward 1,2021-02-11
2021-02-10,38.919516,-77.016337,Ward 1,2021-02-11
2021-02-10,38.894072,-76.926879,Ward 7,2021-02-11
2021-02-10,38.919805,-76.987778,Ward 5,2021-02-11
2021-02-10,38.914133,-77.097904,Ward 3,2021-02-12
2021-02-10,38.893803,-77.028656,Ward 2,2021-02-11
2021-02-11,38.942105,-77.023829,Ward 4,2021-02-12
2021-02-11,38.860723,-76.988375,Ward 8,2021-02-12
2021-02-11,38.969337,-77.022178,Ward 4,2021-02-12
2021-02-12,38.914661,-77.073702,Ward 2,2021-02-12
2021-02-12,38.956661,-77.032550,Ward 4,2021-02-16
2021-02-12,38.954597,-77.021959,Ward 4,2021-02-16
2021-02-12,38.928244,-77.098498,Ward 3,2021-02-16
2021-02-13,38.899126,-76.983403,Ward 6,2021-02-16
2021-02-13,38.859019,-76.984555,Ward 8,2021-02-16
2021-02-13,38.940866,-77.006295,Ward 5,2021-02-16
2021-02-13,38.871680,-76.960352,Ward 7,2021-02-16
2021-02-14,38.976418,-77.025809,Ward 4,2021-02-16
2021-02-15,38.951204,-77.095256,Ward 3,2021-02-16
2021-02-15,38.884545,-76.981964,Ward 7,2021-02-17
2021-02-15,38.875880,-76.937758,Ward 7,2021-02-17
2021-02-15,38.884273,-76.981745,Ward 7,2021-02-17
2021-02-15,38.873516,-77.010471,Ward 6,2021-02-17
2021-02-15,38.894151,-76.983901,Ward 6,2021-02-17
2021-02-15,38.921288,-77.025005,Ward 1,2021-02-17
2021-02-16,38.922539,-77.043502,Ward 1,2021-02-18
2021-02-16,38.959389,-77.067543,Ward 3,2021-02-17
2021-02-16,38.914278,-77.009481,Ward 5,2021-02-17
2021-02-16,38.914278,-77.009481,Ward 5,2021-02-17
2021-02-16,38.900933,-77.053522,Ward 2,2021-02-17
2021-02-16,38.923769,-77.021789,Ward 1,2021-02-17
2021-02-16,38.923332,-77.025715,Ward 1,2021-02-17
2021-02-16,38.923332,-77.025715,Ward 1,2021-02-17
2021-02-17,38.884103,-76.982226,Ward 6,2021-02-17
2021-02-17,38.964457,-77.023532,Ward 4,2021-02-18
2021-02-17,38.959291,-77.019312,Ward 4,2021-02-18
2021-02-17,38.964756,-77.023717,Ward 4,2021-02-18
2021-02-17,38.917978,-77.029346,Ward 1,2021-02-18
2021-02-17,38.894033,-76.911373,Ward 7,2021-02-18
2021-02-17,38.925761,-77.025502,Ward 1,2021-02-18
2021-02-17,38.952872,-77.084756,Ward 3,2021-02-18
2021-02-17,38.891694,-76.948398,Ward 7,2021-02-18
2021-02-17,38.942979,-77.087350,Ward 3,2021-02-18
2021-02-18,38.916503,-77.037338,Ward 2,2021-02-19
2021-02-18,38.919134,-77.018509,Ward 1,2021-02-19
2021-02-18,38.949926,-77.097960,Ward 3,2021-02-19
2021-02-18,38.892760,-76.910734,Ward 7,2021-02-19
2021-02-19,38.949165,-77.083566,Ward 3,2021-02-22
2021-02-20,38.886194,-76.922467,Ward 7,2021-02-22
2021-02-20,38.898608,-76.942362,Ward 7,2021-02-22
2021-02-20,38.890076,-76.943099,Ward 7,2021-02-22
2021-02-20,38.925746,-77.025556,Ward 1,2021-02-22
2021-02-20,38.926000,-77.025543,Ward 1,2021-02-22
2021-02-21,38.954267,-77.090811,Ward 3,2021-02-23
2021-02-22,38.898169,-76.919731,Ward 7,2021-02-23
2021-02-22,38.891694,-76.948398,Ward 7,2021-02-24
2021-02-23,38.939772,-77.018780,Ward 4,2021-02-24
2021-02-23,38.925314,-77.029406,Ward 1,2021-02-24
2021-02-23,38.845585,-76.976342,Ward 8,2021-02-24
2021-02-23,38.912051,-77.035402,Ward 2,2021-02-24
2021-02-23,38.871680,-76.960352,Ward 7,2021-02-24
2021-02-23,38.896028,-76.935492,Ward 7,2021-02-24
2021-02-24,38.866269,-76.979272,Ward 8,2021-02-25
2021-02-24,38.878986,-76.983433,Ward 6,2021-02-26
2021-02-24,38.873061,-76.978429,Ward 8,2021-02-25
2021-02-24,38.873070,-76.978734,Ward 8,2021-02-25
2021-02-24,38.931060,-77.023056,Ward 1,2021-02-25
2021-02-24,38.927204,-77.022494,Ward 1,2021-02-25
2021-02-24,38.949580,-77.015526,Ward 4,2021-02-25
2021-02-24,38.864134,-77.012475,Ward 6,2021-02-25
2021-02-25,38.909450,-77.038998,Ward 2,2021-02-26
2021-02-25,38.950248,-77.028133,Ward 4,2021-02-26
2021-02-25,38.925761,-77.025502,Ward 1,2021-02-26
2021-02-25,38.919508,-77.034391,Ward 1,2021-03-01
2021-02-25,38.878858,-77.019370,Ward 6,2021-02-26
2021-02-25,38.892084,-76.945884,Ward 7,2021-02-26
2021-02-25,38.892084,-76.945635,Ward 7,2021-02-26
2021-02-25,38.893299,-77.020501,Ward 2,2021-02-26
2021-02-25,38.864134,-77.012475,Ward 6,2021-02-26
2021-02-26,38.823868,-77.011723,Ward 8,2021-03-01
2021-02-26,38.892080,-76.945508,Ward 7,2021-03-01
2021-02-26,38.906584,-77.018263,Ward 6,2021-03-01
2021-02-26,38.897526,-76.977244,Ward 7,2021-03-01
2021-02-26,38.897510,-76.977036,Ward 7,2021-03-01
2021-02-26,38.897543,-76.977329,Ward 6,2021-03-01
2021-02-26,38.915754,-77.005315,Ward 5,2021-03-01
2021-02-26,38.920345,-76.983005,Ward 5,2021-03-01
2021-02-26,38.942315,-77.017330,Ward 4,2021-03-01
2021-02-26,38.874997,-77.020435,Ward 6,2021-03-01
2021-02-27,38.944202,-77.025677,Ward 4,2021-03-01
2021-02-27,38.882726,-76.925567,Ward 7,2021-03-01
2021-02-27,38.913936,-77.022302,Ward 2,2021-03-01
2021-02-27,38.858971,-76.988527,Ward 8,2021-03-02
2021-02-27,38.885547,-76.984609,Ward 6,2021-03-01
2021-02-27,38.933773,-77.034322,Ward 1,2021-03-01
2021-02-27,38.828734,-77.013547,Ward 8,2021-03-01
2021-02-28,38.960465,-77.066321,Ward 3,2021-03-02
2021-02-28,38.926463,-76.979801,Ward 5,2021-03-01
2021-02-28,38.878568,-77.013883,Ward 6,2021-03-01
2021-02-28,38.880279,-77.017124,Ward 6,2021-03-01
2021-02-28,38.949984,-77.082398,Ward 3,2021-03-01
2021-03-01,38.882012,-77.018586,Ward 6,2021-03-01
2021-03-01,38.923497,-77.037171,Ward 1,2021-03-02
2021-03-01,38.937660,-77.096223,Ward 3,2021-03-02
2021-03-01,38.899088,-76.988752,Ward 6,2021-03-02
2021-03-01,38.924608,-76.996625,Ward 5,2021-03-02
2021-03-01,38.963557,-77.035369,Ward 4,2021-03-03
2021-03-01,38.914758,-77.068256,Ward 2,2021-03-02
2021-03-01,38.926463,-76.979801,Ward 5,2021-03-02
2021-03-02,38.870172,-76.976170,Ward 8,2021-03-02
2021-03-02,38.897526,-76.977244,Ward 7,2021-03-02
2021-03-02,38.934795,-77.039683,Ward 1,2021-03-03
2021-03-02,38.960465,-77.066321,Ward 3,2021-03-03
2021-03-02,38.924188,-77.036904,Ward 1,2021-03-03
2021-03-02,38.923746,-77.037523,Ward 1,2021-03-04
2021-03-02,38.864134,-77.012475,Ward 6,2021-03-03
2021-03-02,38.874066,-76.960971,Ward 7,2021-03-03
2021-03-02,38.894592,-76.992269,Ward 6,2021-03-03
2021-03-03,38.875128,-76.961100,Ward 7,2021-03-03
2021-03-03,38.927045,-77.051481,Ward 3,2021-03-12
2021-03-03,38.865302,-76.983142,Ward 8,2021-03-04
2021-03-03,38.971847,-77.067728,Ward 4,2021-03-04
2021-03-03,38.898729,-76.988116,Ward 6,2021-03-04
2021-03-03,38.924188,-77.036904,Ward 1,2021-03-04
2021-03-03,38.923746,-77.037523,Ward 1,2021-03-04
2021-03-04,38.883763,-76.947256,Ward 7,2021-03-12
2021-03-04,38.954737,-77.017486,Ward 4,2021-03-12
2021-03-04,38.888098,-76.951410,Ward 7,2021-03-12
2021-03-04,38.883030,-76.947597,Ward 7,2021-03-12
2021-03-04,38.883069,-76.947841,Ward 7,2021-03-12
2021-03-04,38.927984,-77.035700,Ward 1,2021-03-12
2021-03-04,38.962173,-77.034338,Ward 4,2021-03-12
2021-03-04,38.883030,-76.947597,Ward 7,2021-03-12
2021-03-04,38.896947,-76.941656,Ward 7,2021-03-12
2021-03-04,38.916120,-77.008384,Ward 5,2021-03-12
2021-03-04,38.923746,-77.037523,Ward 1,2021-03-12
2021-03-04,38.823582,-77.011886,Ward 8,2021-03-12
2021-03-05,38.909456,-77.036999,Ward 2,2021-03-12
2021-03-05,38.896668,-76.984176,Ward 6,2021-03-08
2021-03-05,38.940549,-77.062905,Ward 3,2021-03-08
2021-03-05,38.872121,-76.952594,Ward 7,2021-03-12
2021-03-06,38.866773,-76.988683,Ward 8,2021-03-08
2021-03-06,38.889782,-76.945903,Ward 7,2021-03-08
2021-03-07,38.827938,-77.009515,Ward 8,2021-03-08
2021-03-07,38.863073,-76.986407,Ward 8,2021-03-08
2021-03-07,38.956195,-77.021766,Ward 4,2021-03-08
2021-03-07,38.867638,-76.954180,Ward 7,2021-03-08
2021-03-07,38.937177,-77.097282,Ward 3,2021-03-08
2021-03-07,38.827638,-77.009110,Ward 8,2021-03-08
2021-03-07,38.893747,-76.986275,Ward 6,2021-03-08
2021-03-07,38.953571,-77.091449,Ward 3,2021-03-08
2021-03-08,38.926224,-77.025578,Ward 1,2021-03-09
2021-03-08,38.922681,-77.044205,Ward 1,2021-03-09
2021-03-08,38.863073,-76.986407,Ward 8,2021-03-08
2021-03-08,38.891389,-76.981911,Ward 6,2021-03-09
2021-03-09,38.929263,-77.026536,Ward 1,2021-03-09
2021-03-09,38.929263,-77.026536,Ward 1,2021-03-09
2021-03-09,38.926224,-77.025578,Ward 1,2021-03-09
2021-03-09,38.872169,-76.977973,Ward 8,2021-03-10
2021-03-09,38.903090,-76.978276,Ward 5,2021-03-10
2021-03-09,38.923497,-77.037171,Ward 1,2021-03-10
2021-03-09,38.895567,-76.974065,Ward 7,2021-03-10
2021-03-10,38.853032,-76.979572,Ward 8,2021-03-11
2021-03-10,38.894151,-76.983901,Ward 6,2021-03-11
2021-03-10,38.863073,-76.986407,Ward 8,2021-03-11
2021-03-10,38.918993,-77.100523,Ward 3,2021-03-11
2021-03-10,38.936254,-77.022559,Ward 1,2021-03-11
2021-03-11,38.913945,-77.011923,Ward 5,2021-03-12
2021-03-11,38.913928,-77.044584,Ward 2,2021-03-12
2021-03-11,38.927287,-77.025036,Ward 1,2021-03-12
2021-03-11,38.872448,-77.014908,Ward 6,2021-03-12
2021-03-11,38.969714,-77.023502,Ward 4,2021-03-12
2021-03-11,38.909820,-77.033969,Ward 2,2021-03-12
2021-03-11,38.878222,-77.019325,Ward 6,2021-03-12
2021-03-12,38.947515,-77.026519,Ward 4,2021-03-12
2021-03-12,38.933777,-76.966935,Ward 5,2021-03-12
2021-03-12,38.934318,-76.966372,Ward 5,2021-03-15
2021-03-12,38.914885,-77.070996,Ward 2,2021-03-15
2021-03-12,38.933738,-77.034208,Ward 1,2021-03-16
2021-03-12,38.849093,-76.977348,Ward 8,2021-03-15
2021-03-12,38.954532,-77.017991,Ward 4,2021-03-15
2021-03-12,38.894255,-76.983888,Ward 6,2021-03-15
2021-03-12,38.936254,-77.022559,Ward 1,2021-03-15
2021-03-12,38.900052,-76.918921,Ward 7,2021-03-15
2021-03-12,38.878222,-77.019325,Ward 6,2021-03-15
2021-03-12,38.954787,-77.017488,Ward 4,2021-03-15
2021-03-13,38.925958,-77.076512,Ward 3,2021-03-15
2021-03-13,38.945348,-77.075203,Ward 3,2021-03-15
2021-03-13,38.917923,-77.002685,Ward 5,2021-03-15
2021-03-13,38.950747,-77.092369,Ward 3,2021-03-15
2021-03-13,38.929004,-77.038039,Ward 1,2021-03-15
2021-03-13,38.909637,-77.043439,Ward 2,2021-03-15
2021-03-13,38.824267,-76.997694,Ward 8,2021-03-15
2021-03-13,38.922412,-76.981479,Ward 5,2021-03-15
2021-03-13,38.851936,-76.986846,Ward 8,2021-03-15
2021-03-13,38.895502,-76.977482,Ward 6,2021-03-15
2021-03-14,38.851840,-76.986549,Ward 8,2021-03-15
2021-03-14,38.851707,-76.987727,Ward 8,2021-03-15
2021-03-14,38.935120,-77.037335,Ward 1,2021-03-15
2021-03-14,38.929390,-77.030368,Ward 1,2021-03-15
2021-03-14,38.891886,-76.954217,Ward 7,2021-03-15
2021-03-14,38.957026,-76.992310,Ward 5,2021-03-16
2021-03-14,38.891710,-76.954383,Ward 7,2021-03-15
2021-03-14,38.869937,-76.975732,Ward 8,2021-03-17
2021-03-15,38.914276,-77.009540,Ward 5,2021-03-16
2021-03-15,38.943569,-77.074606,Ward 3,2021-03-17
2021-03-15,38.915760,-77.025269,Ward 1,2021-03-16
2021-03-15,38.954319,-77.031471,Ward 4,2021-03-16
2021-03-15,38.934767,-77.037330,Ward 1,2021-03-16
2021-03-15,38.957026,-76.992310,Ward 5,2021-03-16
2021-03-15,38.942878,-77.021070,Ward 4,2021-03-16
2021-03-16,38.909118,-77.063671,Ward 2,2021-03-17
2021-03-16,38.954787,-77.017488,Ward 4,2021-03-17
2021-03-16,38.886265,-76.992409,Ward 6,2021-03-18
2021-03-16,38.918294,-77.071935,Ward 3,2021-03-17
2021-03-16,38.951270,-77.024661,Ward 4,2021-03-17
2021-03-16,38.948999,-77.019766,Ward 4,2021-03-17
2021-03-16,38.878222,-77.019325,Ward 6,2021-03-17
2021-03-17,38.932320,-76.984144,Ward 5,2021-03-17
2021-03-17,38.924508,-77.029932,Ward 1,2021-03-18
2021-03-17,38.945124,-77.016868,Ward 4,2021-03-18
2021-03-17,38.853728,-76.995045,Ward 8,2021-03-17
2021-03-17,38.945126,-77.016798,Ward 4,2021-03-18
2021-03-17,38.916437,-77.030920,Ward 1,2021-03-18
2021-03-17,38.925009,-77.030426,Ward 1,2021-03-18
2021-03-17,38.933400,-77.024752,Ward 1,2021-03-18
2021-03-17,38.926425,-77.055618,Ward 3,2021-03-19
2021-03-17,38.900709,-76.990510,Ward 6,2021-03-18
2021-03-17,38.894134,-76.986298,Ward 6,2021-03-18
2021-03-17,38.939929,-76.979908,Ward 5,2021-03-18
2021-03-18,38.831716,-76.989420,Ward 8,2021-03-19
2021-03-18,38.917573,-77.041903,Ward 1,2021-03-19
2021-03-18,38.890414,-76.982451,Ward 6,2021-03-19
2021-03-19,38.942564,-77.077601,Ward 3,2021-03-22
2021-03-19,38.893592,-76.979695,Ward 6,2021-03-23
2021-03-19,38.897858,-76.973941,Ward 7,2021-03-22
2021-03-19,38.946104,-77.076418,Ward 3,2021-03-22
2021-03-19,38.946481,-77.076417,Ward 3,2021-03-22
2021-03-19,38.928248,-77.102547,Ward 3,2021-03-22
2021-03-19,38.928901,-77.100855,Ward 3,2021-03-22
2021-03-19,38.909637,-77.043439,Ward 2,2021-03-22
2021-03-19,38.946481,-77.076417,Ward 3,2021-03-22
2021-03-19,38.942585,-77.076195,Ward 3,2021-03-22
2021-03-19,38.927497,-77.102836,Ward 3,2021-03-22
2021-03-19,38.915253,-77.036132,Ward 2,2021-03-22
2021-03-19,38.916764,-77.042253,Ward 1,2021-03-22
2021-03-19,38.895931,-76.980990,Ward 6,2021-03-23
2021-03-19,38.959708,-76.997869,Ward 4,2021-03-22
2021-03-19,38.927184,-77.034568,Ward 1,2021-03-22
2021-03-20,38.925815,-77.078872,Ward 3,2021-03-22
2021-03-20,38.925075,-77.077045,Ward 3,2021-03-22
2021-03-20,38.916764,-77.042253,Ward 1,2021-03-22
2021-03-20,38.980554,-77.035923,Ward 4,2021-03-22
2021-03-20,38.916756,-77.012412,Ward 5,2021-03-22
2021-03-20,38.980226,-77.035929,Ward 4,2021-03-22
2021-03-20,38.944172,-77.026796,Ward 4,2021-03-22
2021-03-21,38.887347,-76.934255,Ward 7,2021-03-22
2021-03-21,38.876218,-76.961514,Ward 7,2021-03-22
2021-03-21,38.861323,-76.963830,Ward 7,2021-03-22
2021-03-21,38.887559,-76.933867,Ward 7,2021-03-22
2021-03-21,38.886040,-77.005892,Ward 6,2021-03-22
2021-03-22,38.860132,-76.993302,Ward 8,2021-03-23
2021-03-22,38.861916,-76.989575,Ward 8,2021-03-23
2021-03-22,38.905803,-76.997919,Ward 6,2021-03-23
2021-03-22,38.941867,-77.020486,Ward 4,2021-03-23
2021-03-22,38.878858,-77.019370,Ward 6,2021-03-23
2021-03-22,38.931856,-77.075347,Ward 3,2021-03-23
2021-03-22,38.911451,-76.933500,Ward 7,2021-03-24
2021-03-22,38.891075,-76.933145,Ward 7,2021-03-23
2021-03-23,38.895003,-77.031353,Ward 2,2021-03-24
2021-03-23,38.897755,-76.973015,Ward 7,2021-03-24
2021-03-23,38.966013,-77.003279,Ward 4,2021-03-24
2021-03-23,38.941824,-77.019873,Ward 4,2021-03-24
2021-03-23,38.833426,-77.006165,Ward 8,2021-03-24
2021-03-23,38.904540,-77.017980,Ward 6,2021-03-24
2021-03-23,38.872411,-76.936791,Ward 7,2021-03-24
2021-03-23,38.929556,-77.073994,Ward 3,2021-03-24
2021-03-23,38.896662,-76.980533,Ward 6,2021-03-26
2021-03-23,38.857001,-76.964963,Ward 7,2021-03-24
2021-03-24,38.871538,-76.981358,Ward 8,2021-03-25
2021-03-24,38.950999,-77.026756,Ward 4,2021-03-25
2021-03-24,38.898559,-76.927652,Ward 7,2021-03-25
2021-03-24,38.953183,-77.029972,Ward 4,2021-03-25
2021-03-24,38.933304,-76.969512,Ward 5,2021-03-25
2021-03-24,38.896520,-76.915350,Ward 7,2021-03-25
2021-03-24,38.901874,-77.051999,Ward 2,2021-03-25
2021-03-24,38.954803,-77.026239,Ward 4,2021-03-25
2021-03-24,38.917447,-77.039384,Ward 1,2021-03-25
2021-03-24,38.957345,-77.019028,Ward 4,2021-03-25
2021-03-24,38.897296,-76.937073,Ward 7,2021-03-25
2021-03-24,38.897690,-76.936939,Ward 7,2021-03-25
2021-03-25,38.842605,-76.992173,Ward 8,2021-03-26
2021-03-25,38.842153,-76.991913,Ward 8,2021-03-26
2021-03-25,38.909840,-77.026817,Ward 6,2021-03-26
2021-03-25,38.956969,-77.069989,Ward 3,2021-03-26
2021-03-25,38.916451,-77.013840,Ward 5,2021-03-26
2021-03-25,38.895931,-76.990778,Ward 6,2021-03-26
2021-03-25,38.893746,-76.987863,Ward 6,2021-03-26
2021-03-25,38.873418,-76.968032,Ward 7,2021-03-26
2021-03-25,38.841819,-76.992030,Ward 8,2021-03-26
2021-03-25,38.871655,-77.013395,Ward 6,2021-03-26
2021-03-26,38.940633,-77.025557,Ward 4,2021-03-29
2021-03-26,38.853742,-76.969977,Ward 8,2021-03-30
2021-03-26,38.989026,-77.036692,Ward 4,2021-03-29
2021-03-26,38.830771,-76.998778,Ward 8,2021-03-29
2021-03-26,38.935225,-77.026609,Ward 1,2021-03-29
2021-03-26,38.881454,-76.987480,Ward 6,2021-03-30
2021-03-26,38.932216,-77.043409,Ward 1,2021-03-29
2021-03-26,38.901007,-77.051907,Ward 2,2021-03-30
2021-03-26,38.898300,-77.001135,Ward 6,2021-03-29
2021-03-26,38.935974,-77.019813,Ward 1,2021-03-29
2021-03-27,38.989026,-77.036692,Ward 4,2021-03-29
2021-03-27,38.966824,-77.025717,Ward 4,2021-03-29
2021-03-27,38.956009,-77.031168,Ward 4,2021-03-29
2021-03-27,38.944459,-77.102730,Ward 3,2021-03-29
2021-03-27,38.926892,-77.074964,Ward 3,2021-03-29
2021-03-27,38.944450,-77.103115,Ward 3,2021-03-29
2021-03-27,38.937260,-77.030007,Ward 4,2021-03-29
2021-03-27,38.907833,-76.939971,Ward 7,2021-03-29
2021-03-27,38.926822,-76.979512,Ward 5,2021-03-29
2021-03-27,38.960321,-77.003787,Ward 4,2021-03-29
2021-03-27,38.956011,-77.031284,Ward 4,2021-03-29
2021-03-27,38.956099,-77.022062,Ward 4,2021-03-29
2021-03-27,38.973410,-77.017828,Ward 4,2021-03-29
2021-03-27,38.944459,-77.102730,Ward 3,2021-03-29
2021-03-28,38.926667,-77.009044,Ward 5,2021-03-29
2021-03-28,38.883069,-76.947841,Ward 7,2021-03-30
2021-03-28,38.944924,-77.024680,Ward 4,2021-03-29
2021-03-29,38.972557,-77.017140,Ward 4,2021-03-30
2021-03-29,38.856183,-76.975375,Ward 8,2021-03-30
2021-03-29,38.950162,-77.028869,Ward 4,2021-03-30
2021-03-29,38.950162,-77.028869,Ward 4,2021-03-30
2021-03-29,38.919676,-77.032639,Ward 1,2021-03-30
2021-03-29,38.944924,-77.024680,Ward 4,2021-03-30
2021-03-29,38.897398,-76.934864,Ward 7,2021-03-30
2021-03-30,38.902865,-76.986229,Ward 5,2021-03-30
2021-03-30,38.933142,-77.006244,Ward 5,2021-03-31
2021-03-30,38.926667,-77.009044,Ward 5,2021-03-31
2021-03-30,38.936548,-77.006954,Ward 5,2021-03-31
2021-03-30,38.931227,-77.013912,Ward 5,2021-03-31
2021-03-30,38.930148,-77.005763,Ward 5,2021-03-31
2021-03-30,38.928608,-77.007524,Ward 5,2021-03-31
2021-03-30,38.926822,-76.979512,Ward 5,2021-03-31
2021-03-30,38.932765,-77.028163,Ward 1,2021-03-31
2021-03-30,38.911451,-76.933500,Ward 7,2021-03-31
2021-03-30,38.864617,-76.977283,Ward 8,2021-03-31
2021-03-30,38.889781,-76.944562,Ward 7,2021-03-31
2021-03-30,38.828969,-76.994213,Ward 8,2021-03-31
2021-03-30,38.828966,-76.993998,Ward 8,2021-03-31
2021-03-31,38.911337,-77.034156,Ward 2,2021-04-01
2021-03-31,38.962208,-77.029425,Ward 4,2021-04-02
2021-03-31,38.898710,-76.984670,Ward 6,2021-04-01
2021-03-31,38.918265,-77.036927,Ward 1,2021-04-01
2021-03-31,38.898120,-76.984569,Ward 6,2021-04-01
2021-03-31,38.898120,-76.984569,Ward 6,2021-04-01
2021-04-01,38.910142,-77.042977,Ward 2,2021-04-01
2021-04-01,38.909060,-77.044495,Ward 2,2021-04-01
2021-04-01,38.838288,-76.979677,Ward 8,2021-04-05
2021-04-01,38.923438,-77.002034,Ward 5,2021-04-02
2021-04-01,38.901484,-76.934229,Ward 7,2021-04-02
2021-04-02,38.931878,-76.980126,Ward 5,2021-04-05
2021-04-02,38.931853,-76.980315,Ward 5,2021-04-05
2021-04-02,38.982190,-77.023878,Ward 4,2021-04-05
2021-04-02,38.932084,-76.980319,Ward 5,2021-04-05
2021-04-03,38.931853,-76.980315,Ward 5,2021-04-05
2021-04-03,38.902757,-76.995694,Ward 6,2021-04-05
2021-04-04,38.944511,-77.017895,Ward 4,2021-04-05
2021-04-04,38.928357,-77.022542,Ward 1,2021-04-05
2021-04-04,38.903722,-76.971890,Ward 5,2021-04-05
2021-04-05,38.878858,-77.019370,Ward 6,2021-04-05
2021-04-05,38.955327,-77.035791,Ward 4,2021-04-05
2021-04-05,38.912012,-77.005963,Ward 5,2021-04-06
2021-04-05,38.845690,-77.001306,Ward 8,2021-04-06
2021-04-05,38.894951,-76.994353,Ward 6,2021-04-06
2021-04-05,38.900905,-76.999247,Ward 6,2021-04-06
2021-04-05,38.894937,-76.994428,Ward 6,2021-04-06
2021-04-05,38.879027,-77.020419,Ward 6,2021-04-06
2021-04-05,38.985661,-77.028791,Ward 4,2021-04-06
2021-04-06,38.938490,-76.973071,Ward 5,2021-04-06
2021-04-06,38.915404,-77.027283,Ward 1,2021-04-07
2021-04-06,38.946683,-77.042400,Ward 4,2021-04-07
2021-04-06,38.822478,-77.010224,Ward 8,2021-04-07
2021-04-06,38.886644,-76.989603,Ward 6,2021-04-07
2021-04-06,38.938490,-76.973071,Ward 5,2021-04-07
2021-04-06,38.921606,-77.003765,Ward 5,2021-04-07
2021-04-07,38.912058,-77.006851,Ward 5,2021-04-08
2021-04-07,38.854970,-76.969193,Ward 8,2021-04-08
2021-04-07,38.899021,-76.981516,Ward 6,2021-04-08
2021-04-08,38.914364,-77.015337,Ward 5,2021-04-08
2021-04-08,38.946278,-77.069850,Ward 3,2021-04-12
2021-04-08,38.921648,-77.003730,Ward 5,2021-04-12
2021-04-08,38.906636,-77.024924,Ward 2,2021-04-13
2021-04-08,38.943449,-77.054707,Ward 3,2021-04-12
2021-04-08,38.897837,-77.019472,Ward 2,2021-04-12
2021-04-08,38.920544,-77.025510,Ward 1,2021-04-13
2021-04-08,38.921648,-77.003730,Ward 5,2021-04-12
2021-04-08,38.871853,-76.978421,Ward 8,2021-04-12
2021-04-08,38.944081,-77.016503,Ward 4,2021-04-12
2021-04-08,38.921606,-77.003765,Ward 5,2021-04-12
2021-04-08,38.920160,-76.985430,Ward 5,2021-04-12
2021-04-08,38.863140,-76.986999,Ward 8,2021-04-12
2021-04-08,38.925956,-77.023388,Ward 1,2021-04-12
2021-04-08,38.921865,-77.033451,Ward 1,2021-04-12
2021-04-08,38.863140,-76.986999,Ward 8,2021-04-12
2021-04-09,38.877357,-77.000331,Ward 8,2021-04-13
2021-04-09,38.827711,-77.003389,Ward 8,2021-04-12
2021-04-09,38.934994,-77.027418,Ward 1,2021-04-12
2021-04-09,38.948047,-77.040899,Ward 4,2021-04-12
2021-04-09,38.958633,-76.996322,Ward 4,2021-04-13
2021-04-10,38.901341,-76.936339,Ward 7,2021-04-12
2021-04-10,38.886195,-76.940893,Ward 7,2021-04-12
2021-04-10,38.891069,-76.915898,Ward 7,2021-04-12
2021-04-10,38.961315,-77.009329,Ward 4,2021-04-12
2021-04-10,38.919363,-76.982933,Ward 5,2021-04-12
2021-04-10,38.917951,-77.039352,Ward 1,2021-04-12
2021-04-10,38.960998,-77.009610,Ward 4,2021-04-12
2021-04-10,38.956009,-77.031168,Ward 4,2021-04-12
2021-04-11,38.895151,-76.988021,Ward 6,2021-04-12
2021-04-11,38.974310,-77.017539,Ward 4,2021-04-12
2021-04-11,38.921387,-77.077694,Ward 3,2021-04-12
2021-04-11,38.909855,-77.026192,Ward 6,2021-04-12
2021-04-11,38.961687,-77.010143,Ward 4,2021-04-12
2021-04-11,38.920673,-77.038707,Ward 1,2021-04-12
2021-04-12,38.911758,-77.042828,Ward 2,2021-04-13
2021-04-12,38.898123,-76.999510,Ward 6,2021-04-13
2021-04-12,38.900442,-76.927264,Ward 7,2021-04-13
2021-04-12,38.971313,-77.026153,Ward 4,2021-04-13
2021-04-12,38.892004,-76.988350,Ward 6,2021-04-13
2021-04-12,38.863140,-76.986999,Ward 8,2021-04-13
2021-04-13,38.944641,-77.014300,Ward 4,2021-04-14
2021-04-13,38.982282,-77.033411,Ward 4,2021-04-14
2021-04-13,38.982466,-77.033120,Ward 4,2021-04-14
2021-04-13,38.936367,-77.030630,Ward 1,2021-04-14
2021-04-13,38.982466,-77.033120,Ward 4,2021-04-14
2021-04-13,38.982097,-77.033718,Ward 4,2021-04-14
2021-04-13,38.941988,-77.004798,Ward 5,2021-04-14
2021-04-13,38.911718,-77.010752,Ward 5,2021-04-14
2021-04-13,38.873271,-77.019839,Ward 6,2021-04-14
2021-04-14,38.893743,-77.001855,Ward 6,2021-04-15
2021-04-14,38.912395,-77.018656,Ward 6,2021-04-15
2021-04-14,38.846179,-76.982801,Ward 8,2021-04-15
2021-04-15,38.916153,-77.015305,Ward 1,2021-04-19
2021-04-15,38.939140,-77.022527,Ward 4,2021-04-19
2021-04-15,38.938416,-76.995176,Ward 5,2021-04-19
2021-04-15,38.897345,-76.919921,Ward 7,2021-04-19
2021-04-15,38.964007,-77.060654,Ward 4,2021-04-20
2021-04-15,38.972959,-77.019572,Ward 4,2021-04-19
2021-04-15,38.943715,-77.014475,Ward 4,2021-04-19
2021-04-16,38.902760,-76.994227,Ward 6,2021-04-19
2021-04-16,38.893032,-76.983399,Ward 6,2021-04-19
2021-04-16,38.975509,-77.019662,Ward 4,2021-04-19
2021-04-17,38.952131,-77.085071,Ward 3,2021-04-19
2021-04-17,38.867271,-76.947950,Ward 7,2021-04-19
2021-04-17,38.903378,-76.992828,Ward 6,2021-04-19
2021-04-18,38.934604,-77.037174,Ward 1,2021-04-19
2021-04-18,38.893739,-76.937330,Ward 7,2021-04-19
2021-04-18,38.906490,-76.980035,Ward 5,2021-04-19
2021-04-19,38.946702,-77.016439,Ward 4,2021-04-20
2021-04-19,38.899522,-76.978467,Ward 5,2021-04-20
2021-04-19,38.903014,-76.994306,Ward 6,2021-04-20
2021-04-19,38.936206,-77.022768,Ward 1,2021-04-20
2021-04-19,38.886412,-76.955095,Ward 7,2021-04-20
2021-04-19,38.904892,-76.986443,Ward 5,2021-04-20
2021-04-19,38.904892,-76.986443,Ward 5,2021-04-20
2021-04-19,38.874189,-77.015446,Ward 6,2021-04-20
2021-04-19,38.893743,-77.001855,Ward 6,2021-04-20
2021-04-19,38.908086,-76.986193,Ward 5,2021-04-20
2021-04-20,38.975509,-77.019662,Ward 4,2021-04-20
2021-04-20,38.934991,-77.033984,Ward 1,2021-04-21
2021-04-20,38.942124,-77.023909,Ward 4,2021-04-21
2021-04-20,38.927594,-77.035090,Ward 1,2021-04-21
2021-04-20,38.925497,-77.031725,Ward 1,2021-04-21
2021-04-20,38.950909,-77.023351,Ward 4,2021-04-21
2021-04-20,38.946899,-77.016772,Ward 4,2021-04-21
2021-04-20,38.923007,-77.032343,Ward 1,2021-04-21
2021-04-20,38.908981,-77.015425,Ward 5,2021-04-21
2021-04-20,38.924402,-77.034136,Ward 1,2021-04-21
2021-04-20,38.894093,-77.002037,Ward 6,2021-04-21
2021-04-20,38.957296,-77.003681,Ward 4,2021-04-21
2021-04-20,38.958084,-76.999658,Ward 4,2021-04-21
2021-04-20,38.899522,-76.978467,Ward 5,2021-04-21
2021-04-21,38.961603,-77.052683,Null,2021-04-22
2021-04-21,38.920513,-76.987099,Ward 5,2021-04-22
2021-04-21,38.961449,-77.084363,Ward 3,2021-04-22
2021-04-21,38.899931,-76.927161,Ward 7,2021-04-22
2021-04-21,38.961603,-77.052683,Null,2021-04-22
2021-04-21,38.957188,-77.003679,Ward 4,2021-04-22
2021-04-21,38.918681,-77.037407,Ward 1,2021-04-22
2021-04-22,38.963269,-77.074969,Ward 3,2021-04-22
2021-04-22,38.963092,-77.074521,Ward 3,2021-04-22
2021-04-22,38.900706,-76.991768,Ward 6,2021-04-26
2021-04-22,38.914036,-76.987298,Ward 5,2021-04-26
2021-04-22,38.939528,-77.033308,Ward 4,2021-04-26
2021-04-22,38.940053,-77.020650,Ward 4,2021-04-26
2021-04-22,38.893228,-77.001169,Ward 6,2021-04-27
2021-04-22,38.890929,-76.960456,Ward 7,2021-04-26
2021-04-22,38.960938,-77.028558,Ward 4,2021-04-26
2021-04-23,38.943391,-77.018014,Ward 4,2021-04-26
2021-04-23,38.959917,-77.051686,Ward 3,2021-04-26
2021-04-23,38.946079,-76.997250,Ward 5,2021-04-26
2021-04-23,38.940665,-77.018893,Ward 4,2021-04-26
2021-04-23,38.967466,-77.025345,Ward 4,2021-04-26
2021-04-23,38.912821,-77.006137,Ward 5,2021-04-26
2021-04-23,38.912821,-77.006137,Ward 5,2021-04-26
2021-04-24,38.900383,-76.940580,Ward 7,2021-04-26
2021-04-24,38.932982,-77.026011,Ward 1,2021-04-26
2021-04-24,38.912369,-77.006140,Ward 5,2021-04-26
2021-04-24,38.933573,-77.026039,Ward 1,2021-04-26
2021-04-24,38.954721,-76.992500,Ward 5,2021-04-26
2021-04-24,38.884678,-76.920191,Ward 7,2021-04-26
2021-04-24,38.901318,-76.990244,Ward 6,2021-04-26
2021-04-25,38.902516,-76.926780,Ward 7,2021-04-26
2021-04-25,38.932792,-77.035576,Ward 1,2021-04-26
2021-04-25,38.943411,-76.985948,Ward 5,2021-04-26
2021-04-25,38.943914,-77.023235,Ward 4,2021-04-27
2021-04-26,38.906682,-76.979969,Ward 5,2021-04-27
2021-04-26,38.950762,-77.023528,Ward 4,2021-04-27
2021-04-26,38.951966,-77.023829,Ward 4,2021-04-27
2021-04-26,38.946452,-76.995577,Ward 5,2021-04-27
2021-04-26,38.884678,-76.920191,Ward 7,2021-04-27
2021-04-26,38.897337,-77.018929,Ward 2,2021-04-27
2021-04-26,38.981219,-77.026949,Ward 4,2021-04-28
2021-04-26,38.893228,-77.001169,Ward 6,2021-04-27
2021-04-27,38.895055,-76.933840,Ward 7,2021-04-27
2021-04-27,38.946856,-77.099649,Ward 3,2021-04-28
2021-04-27,38.917203,-77.040190,Ward 1,2021-04-28
2021-04-27,38.842310,-76.988292,Ward 8,2021-04-28
2021-04-27,38.842310,-76.988292,Ward 8,2021-04-28
2021-04-27,38.945412,-76.977064,Ward 5,2021-04-28
2021-04-27,38.935888,-77.020434,Ward 1,2021-04-28
2021-04-27,38.922075,-77.081662,Ward 3,2021-04-29
2021-04-28,38.902512,-76.991527,Ward 6,2021-04-28
2021-04-28,38.957817,-77.025569,Ward 4,2021-04-28
2021-04-28,38.918285,-77.037257,Ward 1,2021-04-29
2021-04-28,38.870437,-76.977619,Ward 8,2021-04-29
2021-04-28,38.915732,-77.041856,Ward 2,2021-04-29
2021-04-28,38.872173,-77.010067,Ward 6,2021-04-29
2021-04-28,38.918285,-77.037257,Ward 1,2021-04-29
2021-04-28,38.904366,-76.976219,Ward 5,2021-04-29
2021-04-28,38.900110,-76.926328,Ward 7,2021-04-29
2021-04-29,38.942782,-77.023995,Ward 4,2021-04-29
2021-04-29,38.949923,-77.026553,Ward 4,2021-04-30
2021-04-29,38.887474,-76.925550,Ward 7,2021-04-30
2021-04-29,38.916132,-77.040635,Ward 2,2021-04-30
2021-04-29,38.933789,-77.041005,Ward 1,2021-04-30
2021-04-29,38.963384,-77.021729,Ward 4,2021-04-30
2021-04-29,38.913507,-77.009936,Ward 5,2021-04-30
2021-04-29,38.922787,-76.973935,Ward 5,2021-04-30
2021-04-29,38.915794,-77.041169,Ward 2,2021-04-30
2021-04-29,38.935075,-77.027433,Ward 1,2021-04-30
2021-04-29,38.893440,-76.927647,Ward 7,2021-04-30
2021-04-29,38.941364,-77.024772,Ward 4,2021-04-30
2021-04-29,38.925764,-77.025449,Ward 1,2021-04-30
2021-04-29,38.864617,-76.977283,Ward 8,2021-05-03
2021-04-30,38.934174,-76.982103,Ward 5,2021-05-03
2021-04-30,38.910528,-77.013335,Ward 5,2021-05-03
2021-04-30,38.951890,-77.026490,Ward 4,2021-05-03
2021-04-30,38.931922,-77.055482,Ward 3,2021-05-03
2021-04-30,38.893252,-77.001109,Ward 6,2021-05-03
2021-05-01,38.890651,-76.985779,Ward 6,2021-05-03
2021-05-01,38.937211,-77.038621,Null,2021-05-03
2021-05-01,38.934967,-77.036451,Ward 1,2021-05-03
2021-05-02,38.922852,-77.019084,Ward 1,2021-05-03
2021-05-02,38.928438,-77.021772,Ward 1,2021-05-03
2021-05-02,38.933291,-77.025937,Ward 1,2021-05-03
2021-05-02,38.889494,-76.934691,Ward 7,2021-05-03
2021-05-03,38.927911,-76.988473,Ward 5,2021-05-04
2021-05-03,38.924994,-77.030159,Ward 1,2021-05-04
2021-05-03,38.919324,-77.032467,Ward 1,2021-05-04
2021-05-03,38.947552,-77.020413,Ward 4,2021-05-04
2021-05-03,38.928166,-77.041245,Ward 1,2021-05-05
2021-05-03,38.851936,-76.986846,Ward 8,2021-05-10
2021-05-03,38.887777,-76.996602,Ward 6,2021-05-04
2021-05-03,38.899092,-76.997713,Ward 6,2021-05-04
2021-05-04,38.935291,-77.019814,Ward 1,2021-05-04
2021-05-04,38.919930,-77.039917,Ward 1,2021-05-05
2021-05-04,38.901525,-76.994381,Ward 6,2021-05-05
2021-05-04,38.925822,-77.007715,Ward 5,2021-05-05
2021-05-04,38.867423,-76.985303,Ward 8,2021-05-06
2021-05-04,38.935692,-77.031221,Ward 1,2021-05-05
2021-05-04,38.924005,-76.988284,Ward 5,2021-05-05
2021-05-04,38.923508,-76.988973,Ward 5,2021-05-05
2021-05-05,38.868245,-76.965983,Ward 7,2021-05-05
2021-05-05,38.898531,-76.929748,Ward 7,2021-05-06
2021-05-05,38.903336,-77.063826,Ward 2,2021-05-06
2021-05-05,38.912388,-77.005965,Ward 5,2021-05-06
2021-05-05,38.895256,-76.974143,Ward 7,2021-05-06
2021-05-05,38.927178,-77.029428,Ward 1,2021-05-06
2021-05-06,38.855190,-76.962691,Ward 7,2021-05-06
2021-05-06,38.855190,-76.962691,Ward 7,2021-05-06
2021-05-06,38.880234,-76.959926,Ward 7,2021-05-10
2021-05-06,38.873998,-76.975437,Ward 8,2021-05-10
2021-05-06,38.912841,-77.006866,Ward 5,2021-05-10
2021-05-06,38.869657,-76.981487,Ward 8,2021-05-10
2021-05-07,38.966645,-77.013388,Ward 4,2021-05-10
2021-05-07,38.898669,-76.992374,Ward 6,2021-05-10
2021-05-07,38.912357,-77.032994,Ward 2,2021-05-10
2021-05-07,38.874243,-76.975094,Null,2021-05-10
2021-05-08,38.954349,-77.026576,Ward 4,2021-05-10
2021-05-08,38.887217,-76.976675,Ward 7,2021-05-10
2021-05-08,38.889289,-76.930686,Ward 7,2021-05-10
2021-05-08,38.887217,-76.976675,Ward 7,2021-05-10
2021-05-08,38.839032,-76.996322,Ward 8,2021-05-10
2021-05-08,38.958878,-77.030693,Ward 4,2021-05-10
2021-05-08,38.961014,-77.028031,Ward 4,2021-05-10
2021-05-09,38.889289,-76.930686,Ward 7,2021-05-10
2021-05-09,38.933975,-77.028224,Ward 1,2021-05-10
2021-05-09,38.867596,-76.945025,Ward 7,2021-05-10
2021-05-09,38.929915,-77.028522,Ward 1,2021-05-10
2021-05-09,38.912784,-77.039685,Ward 2,2021-05-10
2021-05-09,38.823039,-77.019319,Ward 8,2021-05-12
2021-05-10,38.881581,-76.981003,Ward 6,2021-05-11
2021-05-10,38.868455,-76.946037,Ward 7,2021-05-11
2021-05-10,38.857610,-76.960475,Ward 7,2021-05-11
2021-05-10,38.956699,-77.018427,Ward 4,2021-05-11
2021-05-10,38.906190,-77.013091,Ward 5,2021-05-11
2021-05-10,38.858609,-76.989257,Ward 8,2021-05-12
2021-05-10,38.910548,-77.009719,Ward 5,2021-05-11
2021-05-10,38.871858,-77.017446,Ward 6,2021-05-11
2021-05-10,38.907017,-77.030707,Ward 2,2021-05-11
2021-05-10,38.901436,-77.052792,Ward 2,2021-05-12
2021-05-10,38.906298,-77.012978,Ward 5,2021-05-11
2021-05-11,38.913866,-77.014894,Ward 5,2021-05-11
2021-05-11,38.973336,-77.014965,Ward 4,2021-05-12
2021-05-11,38.943702,-77.026722,Ward 4,2021-05-12
2021-05-11,38.973413,-77.014404,Ward 4,2021-05-12
2021-05-11,38.909822,-77.007656,Ward 5,2021-05-13
2021-05-11,38.964188,-77.069178,Ward 3,2021-05-12
2021-05-12,38.843775,-76.992521,Ward 8,2021-05-13
2021-05-12,38.914276,-77.009540,Ward 5,2021-05-13
2021-05-12,38.949810,-77.017109,Ward 4,2021-05-13
2021-05-12,38.858609,-76.989257,Ward 8,2021-05-12
2021-05-12,38.919683,-77.032710,Ward 1,2021-05-13
2021-05-12,38.969305,-77.018026,Ward 4,2021-05-13
2021-05-12,38.888888,-76.984143,Ward 6,2021-05-13
2021-05-12,38.952095,-77.064491,Ward 3,2021-05-14
2021-05-13,38.901258,-77.052617,Ward 2,2021-05-13
2021-05-13,38.887361,-76.924927,Ward 7,2021-05-14
2021-05-13,38.844660,-76.983853,Ward 8,2021-05-14
2021-05-13,38.909816,-77.011444,Ward 5,2021-05-18
2021-05-13,38.898066,-76.999777,Ward 6,2021-05-14
2021-05-13,38.886261,-76.926011,Ward 7,2021-05-14
2021-05-13,38.920187,-77.074553,Ward 3,2021-05-14
2021-05-14,38.952958,-77.012325,Ward 4,2021-05-14
2021-05-14,38.955916,-77.035922,Ward 4,2021-05-14
2021-05-14,38.897614,-76.976844,Ward 7,2021-05-17
2021-05-14,38.912317,-77.041373,Ward 2,2021-05-17
2021-05-14,38.967374,-77.029932,Ward 4,2021-05-17
2021-05-14,38.916131,-77.013622,Ward 5,2021-05-17
2021-05-14,38.922549,-77.074697,Ward 3,2021-05-17
2021-05-14,38.935312,-77.019682,Ward 1,2021-05-19
2021-05-15,38.943135,-77.019273,Ward 4,2021-05-17
2021-05-15,38.934363,-77.041467,Ward 1,2021-05-17
2021-05-15,38.966336,-77.059404,Ward 4,2021-05-17
2021-05-15,38.932477,-77.028870,Ward 1,2021-05-17
2021-05-15,38.902758,-76.996589,Ward 6,2021-05-17
2021-05-16,38.919374,-77.034019,Ward 1,2021-05-17
2021-05-16,38.917202,-77.026153,Ward 1,2021-05-17
2021-05-16,38.912130,-77.040713,Ward 2,2021-05-17
2021-05-16,38.971506,-77.033417,Ward 4,2021-05-17
2021-05-16,38.929059,-77.019683,Ward 1,2021-05-17
2021-05-16,38.889061,-76.935517,Ward 7,2021-05-18
2021-05-17,38.901522,-76.999243,Ward 6,2021-05-17
2021-05-17,38.969800,-77.009843,Ward 4,2021-05-18
2021-05-17,38.935181,-77.035762,Ward 1,2021-05-18
2021-05-17,38.855206,-76.983913,Ward 8,2021-05-18
2021-05-17,38.895588,-76.989973,Ward 6,2021-05-18
2021-05-17,38.912366,-77.036960,Ward 2,2021-05-18
2021-05-17,38.919022,-77.014172,Ward 5,2021-05-18
2021-05-17,38.875654,-76.931480,Ward 7,2021-05-19
2021-05-17,38.924483,-77.065108,Ward 3,2021-05-18
2021-05-17,38.967050,-77.029934,Ward 4,2021-05-18
2021-05-17,38.911315,-77.006915,Ward 5,2021-05-18
2021-05-17,38.936115,-77.033993,Ward 1,2021-05-18
2021-05-17,38.948581,-77.021757,Ward 4,2021-05-18
2021-05-17,38.919995,-77.061378,Ward 3,2021-05-18
2021-05-18,38.955517,-76.990933,Ward 5,2021-05-18
2021-05-18,38.875298,-76.966572,Ward 7,2021-05-20
2021-05-18,38.912403,-77.011105,Ward 5,2021-05-19
2021-05-18,38.902532,-76.975975,Ward 5,2021-05-19
2021-05-18,38.901664,-76.999245,Ward 6,2021-05-19
2021-05-18,38.949490,-77.085205,Ward 3,2021-05-20
2021-05-18,38.922787,-76.973935,Ward 5,2021-05-20
2021-05-18,38.925522,-76.985392,Ward 5,2021-05-19
2021-05-18,38.915756,-77.012781,Ward 5,2021-05-19
2021-05-18,38.935181,-77.035762,Ward 1,2021-05-19
2021-05-18,38.978986,-77.025830,Ward 4,2021-05-19
2021-05-18,38.905618,-76.940288,Ward 7,2021-05-19
2021-05-18,38.891667,-76.921439,Ward 7,2021-05-19
2021-05-18,38.889478,-76.935545,Ward 7,2021-05-19
2021-05-19,38.905095,-76.940877,Ward 7,2021-05-19
2021-05-19,38.914992,-77.037251,Ward 2,2021-05-20
2021-05-19,38.906300,-76.940046,Ward 7,2021-05-20
2021-05-19,38.962815,-77.067340,Ward 3,2021-05-20
2021-05-19,38.965691,-77.020117,Ward 4,2021-05-20
2021-05-19,38.963772,-77.012189,Ward 4,2021-05-20
2021-05-19,38.891694,-76.949134,Ward 7,2021-05-20
2021-05-19,38.871673,-76.969492,Ward 7,2021-05-20
2021-05-19,38.947244,-77.008342,Ward 5,2021-05-20
2021-05-20,38.965213,-77.011816,Ward 4,2021-05-20
2021-05-20,38.880544,-77.024108,Ward 6,2021-05-21
2021-05-20,38.929739,-77.018256,Ward 1,2021-05-21
2021-05-20,38.964692,-77.072585,Ward 3,2021-05-24
2021-05-20,38.915733,-77.007798,Ward 5,2021-05-21
2021-05-20,38.917436,-77.046142,Ward 1,2021-05-24
2021-05-20,38.932921,-76.969652,Ward 5,2021-05-21
2021-05-20,38.905119,-76.996874,Ward 6,2021-05-21
2021-05-20,38.876103,-77.019577,Ward 6,2021-05-21
2021-05-21,38.889215,-77.050161,Ward 2,2021-05-21
2021-05-21,38.824197,-77.009706,Ward 8,2021-05-24
2021-05-21,38.875418,-76.968954,Ward 7,2021-05-24
2021-05-21,38.949926,-77.097960,Ward 3,2021-05-24
2021-05-21,38.894151,-76.983901,Ward 6,2021-05-25
2021-05-21,38.919812,-77.029350,Ward 1,2021-05-24
2021-05-21,38.886585,-76.928652,Ward 7,2021-05-24
2021-05-21,38.974222,-77.057812,Ward 4,2021-05-24
2021-05-21,38.895197,-76.912373,Ward 7,2021-05-24
2021-05-21,38.931024,-77.029958,Ward 1,2021-05-24
2021-05-21,38.934772,-77.085068,Ward 3,2021-05-24
2021-05-21,38.932921,-76.969652,Ward 5,2021-05-24
2021-05-22,38.922624,-77.053818,Ward 3,2021-05-24
2021-05-22,38.895060,-76.912527,Ward 7,2021-05-24
2021-05-22,38.929734,-76.982217,Ward 5,2021-05-24
2021-05-22,38.910698,-77.019171,Ward 6,2021-05-24
2021-05-22,38.898575,-76.984431,Ward 6,2021-05-25
2021-05-22,38.933125,-77.028766,Ward 1,2021-05-24
2021-05-22,38.845305,-77.001633,Ward 8,2021-05-25
2021-05-22,38.879705,-77.024546,Ward 6,2021-05-24
2021-05-22,38.876232,-77.019515,Ward 6,2021-05-24
2021-05-23,38.895060,-76.912527,Ward 7,2021-05-24
2021-05-23,38.903431,-76.925629,Ward 7,2021-05-25
2021-05-23,38.944869,-77.020646,Ward 4,2021-05-24
2021-05-23,38.905121,-76.943633,Ward 7,2021-05-25
2021-05-23,38.941617,-76.992022,Ward 5,2021-05-24
2021-05-23,38.912807,-77.002979,Ward 5,2021-05-26
2021-05-23,38.943347,-77.078864,Ward 3,2021-05-24
2021-05-23,38.942564,-77.077601,Ward 3,2021-05-24
2021-05-23,38.930788,-77.039972,Ward 1,2021-05-24
2021-05-23,38.879285,-77.019894,Ward 6,2021-05-24
2021-05-23,38.890035,-76.923314,Ward 7,2021-05-24
2021-05-23,38.954643,-77.026086,Ward 4,2021-05-24
2021-05-23,38.930069,-77.062619,Ward 3,2021-05-24
2021-05-24,38.942783,-76.983952,Ward 5,2021-05-25
2021-05-24,38.962501,-77.004364,Ward 4,2021-05-25
2021-05-24,38.961056,-77.004178,Ward 4,2021-05-25
2021-05-24,38.843497,-76.998143,Ward 8,2021-05-27
2021-05-24,38.917789,-77.011931,Ward 5,2021-05-25
2021-05-24,38.908392,-77.034889,Ward 2,2021-05-26
2021-05-25,38.931001,-76.972157,Ward 5,2021-05-26
2021-05-25,38.893740,-76.958312,Ward 7,2021-05-26
2021-05-25,38.930383,-76.971857,Ward 5,2021-05-26
2021-05-25,38.931001,-76.972157,Ward 5,2021-05-26
2021-05-25,38.937784,-77.032232,Ward 4,2021-05-26
2021-05-25,38.932921,-76.969652,Ward 5,2021-05-26
2021-05-25,38.932921,-76.969652,Ward 5,2021-05-26
2021-05-25,38.908056,-77.047383,Ward 2,2021-05-27
2021-05-25,38.930596,-77.021365,Ward 1,2021-05-26
2021-05-25,38.893579,-76.976761,Ward 7,2021-05-26
2021-05-25,38.893579,-76.976761,Ward 7,2021-05-26
2021-05-26,38.910925,-77.007437,Ward 5,2021-05-26
2021-05-26,38.940055,-76.992278,Ward 5,2021-05-26
2021-05-26,38.945433,-77.020051,Ward 4,2021-05-27
2021-05-26,38.929927,-76.973696,Ward 5,2021-05-27
2021-05-26,38.931318,-76.972393,Ward 5,2021-05-27
2021-05-26,38.908392,-77.034889,Ward 2,2021-05-28
2021-05-26,38.932162,-77.030636,Ward 1,2021-05-27
2021-05-26,38.924555,-77.104574,Ward 3,2021-05-28
2021-05-26,38.932632,-77.026306,Ward 1,2021-05-27
2021-05-26,38.954722,-77.012989,Ward 4,2021-05-28
2021-05-26,38.930069,-77.062619,Ward 3,2021-05-27
2021-05-26,38.951013,-76.992531,Ward 5,2021-05-27
2021-05-26,38.972135,-77.016800,Ward 4,2021-05-27
2021-05-26,38.967917,-77.029424,Ward 4,2021-05-27
2021-05-26,38.928276,-76.992198,Ward 5,2021-05-27
2021-05-26,38.942774,-77.012968,Ward 4,2021-05-27
2021-05-26,38.907010,-77.024800,Ward 2,2021-05-27
2021-05-26,38.954714,-77.013333,Ward 4,2021-05-27
2021-05-26,38.961056,-77.004505,Ward 4,2021-05-27
2021-05-26,38.950793,-77.020629,Ward 4,2021-05-27
2021-05-27,38.936232,-77.030413,Ward 1,2021-05-27
2021-05-27,38.907717,-76.980264,Ward 5,2021-05-28
2021-05-27,38.935181,-77.035762,Ward 1,2021-05-28
2021-05-27,38.935181,-77.035762,Ward 1,2021-05-28
2021-05-27,38.907717,-76.980264,Ward 5,2021-05-28
2021-05-27,38.965348,-77.017800,Ward 4,2021-05-28
2021-05-27,38.911610,-77.043142,Ward 2,2021-05-28
2021-05-27,38.872344,-77.017204,Ward 6,2021-05-28
2021-05-27,38.965200,-77.063632,Ward 4,2021-06-01
2021-05-27,38.910548,-77.009719,Ward 5,2021-05-28
2021-05-27,38.912366,-77.036960,Ward 2,2021-05-28
2021-05-27,38.972976,-77.013332,Ward 4,2021-05-28
2021-05-27,38.923237,-77.046018,Ward 1,2021-06-01
2021-05-27,38.907578,-77.058399,Ward 2,2021-06-01
2021-05-28,38.962513,-77.026275,Ward 4,2021-05-28
2021-05-28,38.943383,-77.078741,Ward 3,2021-06-01
2021-05-28,38.958214,-77.023229,Ward 4,2021-05-28
2021-05-28,38.877693,-77.001075,Ward 8,2021-06-04
2021-05-28,38.907760,-76.980241,Ward 5,2021-06-01
2021-05-28,38.943383,-77.078741,Ward 3,2021-06-01
2021-05-28,38.947231,-77.018501,Ward 4,2021-06-01
2021-05-28,38.901675,-76.922044,Ward 7,2021-06-01
2021-05-28,38.927913,-76.974293,Ward 5,2021-06-01
2021-05-28,38.911292,-77.008393,Ward 5,2021-06-01
2021-05-28,38.907717,-76.980264,Ward 5,2021-06-01
2021-05-29,38.970147,-77.011920,Ward 4,2021-06-01
2021-05-29,38.917950,-77.041916,Ward 1,2021-06-02
2021-05-29,38.906713,-77.015600,Ward 2,2021-06-01
2021-05-29,38.920680,-77.075467,Ward 3,2021-06-02
2021-05-29,38.907760,-76.980241,Ward 5,2021-06-01
2021-05-30,38.912028,-77.010993,Ward 5,2021-06-01
2021-05-30,38.939518,-77.030907,Ward 4,2021-06-02
2021-05-30,38.881681,-76.981002,Ward 6,2021-06-02
2021-05-31,38.950311,-77.096524,Ward 3,2021-06-02
2021-05-31,38.907442,-76.980682,Ward 5,2021-06-01
2021-05-31,38.894204,-76.983895,Ward 6,2021-06-02
2021-05-31,38.910813,-77.051214,Ward 2,2021-06-01
2021-05-31,38.908006,-76.980317,Ward 5,2021-06-01
2021-05-31,38.927246,-77.055578,Ward 3,2021-06-01
2021-05-31,38.982763,-77.031922,Ward 4,2021-06-01
2021-05-31,38.984146,-77.033412,Ward 4,2021-06-01
2021-05-31,38.932801,-77.021807,Ward 1,2021-06-01
2021-05-31,38.949926,-77.097960,Ward 3,2021-06-02
2021-05-31,38.929912,-77.019971,Ward 1,2021-06-01
2021-05-31,38.948823,-77.026218,Ward 4,2021-06-02
2021-06-01,38.906713,-77.015600,Ward 2,2021-06-01
2021-06-01,38.865722,-76.988455,Ward 8,2021-06-02
2021-06-01,38.897279,-76.977888,Ward 6,2021-06-02
2021-06-01,38.932969,-77.032135,Ward 1,2021-06-02
2021-06-01,38.918170,-76.954820,Ward 5,2021-06-03
2021-06-01,38.827621,-77.012314,Ward 8,2021-06-02
2021-06-01,38.954311,-77.030354,Ward 4,2021-06-01
2021-06-01,38.927754,-76.991712,Ward 5,2021-06-03
2021-06-01,38.967821,-77.064117,Ward 4,2021-06-02
2021-06-01,38.982763,-77.031922,Ward 4,2021-06-01
2021-06-01,38.972042,-77.011613,Ward 4,2021-06-02
2021-06-01,38.919602,-77.075781,Ward 3,2021-06-02
2021-06-01,38.899189,-76.930467,Ward 7,2021-06-03
2021-06-01,38.915922,-77.002031,Ward 5,2021-06-02
2021-06-01,38.880362,-76.982742,Ward 6,2021-06-02
2021-06-01,38.972042,-77.011613,Ward 4,2021-06-02
2021-06-01,38.922787,-76.973935,Ward 5,2021-06-02
2021-06-01,38.875746,-77.017223,Ward 6,2021-06-02
2021-06-02,38.881681,-76.981002,Ward 6,2021-06-02
2021-06-02,38.949689,-77.082040,Ward 3,2021-06-02
2021-06-02,38.945924,-77.079102,Ward 3,2021-06-02
2021-06-02,38.939518,-77.030907,Ward 4,2021-06-02
2021-06-02,38.925949,-77.040622,Ward 1,2021-06-03
2021-06-02,38.953304,-77.025948,Ward 4,2021-06-03
2021-06-02,38.902892,-76.992836,Ward 6,2021-06-04
2021-06-02,38.903874,-76.976819,Ward 5,2021-06-03
2021-06-02,38.864916,-76.979265,Ward 8,2021-06-03
2021-06-02,38.963046,-77.063443,Ward 4,2021-06-04
2021-06-02,38.867674,-76.945961,Ward 7,2021-06-04
2021-06-02,38.851194,-76.972827,Ward 8,2021-06-03
2021-06-02,38.857082,-76.989552,Ward 8,2021-06-03
2021-06-02,38.926528,-76.969234,Ward 5,2021-06-04
2021-06-02,38.949599,-76.996556,Ward 5,2021-06-03
2021-06-02,38.903874,-76.976819,Ward 5,2021-06-03
2021-06-02,38.933611,-77.028803,Ward 1,2021-06-03
2021-06-02,38.967821,-77.064117,Ward 4,2021-06-04
2021-06-02,38.931687,-76.975949,Ward 5,2021-06-03
2021-06-02,38.950816,-77.021800,Ward 4,2021-06-03
2021-06-02,38.939410,-77.052309,Ward 3,2021-06-03
2021-06-02,38.945373,-77.015562,Ward 4,2021-06-03
2021-06-02,38.929912,-77.019971,Ward 1,2021-06-03
2021-06-02,38.879865,-77.001837,Ward 6,2021-06-03
2021-06-02,38.922412,-76.981479,Ward 5,2021-06-03
2021-06-03,38.924988,-77.027469,Ward 1,2021-06-03
2021-06-03,38.912165,-77.036910,Ward 2,2021-06-03
2021-06-03,38.928024,-77.065010,Ward 3,2021-06-04
2021-06-03,38.908063,-77.044922,Ward 2,2021-06-04
2021-06-03,38.917545,-77.046040,Ward 1,2021-06-04
2021-06-03,38.911686,-77.005766,Ward 5,2021-06-04
2021-06-03,38.910820,-76.934203,Ward 7,2021-06-04
2021-06-03,38.927877,-77.106365,Ward 3,2021-06-04
2021-06-03,38.876635,-76.950358,Ward 7,2021-06-04
2021-06-03,38.947668,-76.995223,Ward 5,2021-06-04
2021-06-03,38.910554,-77.033748,Ward 2,2021-06-04
2021-06-03,38.957215,-77.013401,Ward 4,2021-06-04
2021-06-04,38.900709,-76.990510,Ward 6,2021-06-07
2021-06-04,38.896320,-76.998872,Ward 6,2021-06-07
2021-06-04,38.857600,-76.978731,Ward 8,2021-06-07
2021-06-04,38.898225,-77.000289,Ward 6,2021-06-07
2021-06-04,38.916386,-77.038776,Ward 2,2021-06-07
2021-06-04,38.919812,-77.029350,Ward 1,2021-06-08
2021-06-04,38.948901,-77.023863,Ward 4,2021-06-07
2021-06-05,38.893746,-76.987990,Ward 6,2021-06-07
2021-06-05,38.874064,-76.972702,Ward 7,2021-06-07
2021-06-05,38.911681,-77.007366,Ward 5,2021-06-07
2021-06-05,38.893969,-76.988086,Ward 6,2021-06-07
2021-06-05,38.934029,-77.034068,Ward 1,2021-06-07
2021-06-05,38.944006,-77.062939,Ward 3,2021-06-07
2021-06-05,38.922412,-76.981479,Ward 5,2021-06-07
2021-06-06,38.911681,-77.007366,Ward 5,2021-06-07
2021-06-06,38.854966,-76.979243,Ward 8,2021-06-07
2021-06-06,38.926610,-77.035933,Ward 1,2021-06-07
2021-06-06,38.941971,-76.991199,Ward 5,2021-06-07
2021-06-06,38.883175,-76.937986,Ward 7,2021-06-08
2021-06-06,38.877529,-77.015207,Ward 6,2021-06-07
2021-06-06,38.870903,-76.973458,Ward 8,2021-06-07
2021-06-06,38.911856,-77.066322,Ward 2,2021-06-07
2021-06-06,38.877019,-76.966768,Ward 7,2021-06-07
2021-06-06,38.953911,-77.065484,Ward 3,2021-06-07
2021-06-06,38.950816,-77.021800,Ward 4,2021-06-07
2021-06-06,38.925392,-76.997455,Ward 5,2021-06-07
2021-06-06,38.926287,-77.043461,Ward 1,2021-06-07
2021-06-07,38.920560,-76.965035,Ward 5,2021-06-08
2021-06-07,38.928261,-76.981283,Ward 5,2021-06-08
2021-06-07,38.949677,-77.058406,Ward 3,2021-06-08
2021-06-07,38.925390,-76.997638,Ward 5,2021-06-08
2021-06-07,38.965238,-77.027971,Ward 4,2021-06-08
2021-06-07,38.965238,-77.027971,Ward 4,2021-06-08
2021-06-07,38.947668,-76.995223,Ward 5,2021-06-08
2021-06-07,38.966895,-77.071521,Ward 3,2021-06-08
2021-06-07,38.911681,-77.007366,Ward 5,2021-06-08
2021-06-07,38.925453,-77.025446,Ward 1,2021-06-08
2021-06-08,38.931259,-77.039044,Ward 1,2021-06-08
2021-06-08,38.927508,-76.978189,Ward 5,2021-06-09
2021-06-08,38.888268,-76.978769,Ward 6,2021-06-09
2021-06-08,38.929335,-76.979090,Ward 5,2021-06-09
2021-06-08,38.859609,-76.988694,Ward 8,2021-06-09
2021-06-08,38.895306,-76.918861,Ward 7,2021-06-09
2021-06-08,38.926618,-77.000569,Ward 5,2021-06-09
2021-06-08,38.888268,-76.978769,Ward 6,2021-06-09
2021-06-08,38.918797,-77.014470,Ward 5,2021-06-09
2021-06-08,38.909634,-77.050447,Ward 2,2021-06-09
2021-06-08,38.957058,-77.069913,Ward 3,2021-06-09
2021-06-08,38.859707,-76.988310,Ward 8,2021-06-09
2021-06-08,38.859687,-76.988056,Ward 8,2021-06-09
2021-06-08,38.917872,-77.014596,Null,2021-06-09
2021-06-08,38.929554,-77.060557,Ward 3,2021-06-09
2021-06-08,38.956969,-77.069989,Ward 3,2021-06-09
2021-06-08,38.895647,-76.918922,Ward 7,2021-06-09
2021-06-08,38.951469,-77.009899,Ward 4,2021-06-09
2021-06-08,38.924652,-76.996014,Ward 5,2021-06-09
2021-06-09,38.911650,-77.006726,Ward 5,2021-06-09
2021-06-09,38.905331,-76.933997,Ward 7,2021-06-09
2021-06-09,38.903163,-76.936751,Ward 7,2021-06-14
2021-06-09,38.906296,-77.013938,Ward 5,2021-06-10
2021-06-09,38.934113,-77.029995,Ward 1,2021-06-10
2021-06-09,38.846992,-77.000396,Ward 8,2021-06-10
2021-06-09,38.927494,-76.964936,Ward 5,2021-06-10
2021-06-09,38.888116,-77.001750,Ward 6,2021-06-10
2021-06-09,38.864374,-76.979325,Ward 8,2021-06-10
2021-06-09,38.881472,-77.018605,Ward 6,2021-06-10
2021-06-09,38.904999,-76.933522,Ward 7,2021-06-14
2021-06-09,38.873673,-76.966086,Ward 7,2021-06-10
2021-06-09,38.933611,-77.028803,Ward 1,2021-06-14
2021-06-09,38.919370,-77.000849,Ward 5,2021-06-10
2021-06-09,38.869912,-76.968044,Ward 7,2021-06-10
2021-06-09,38.888268,-76.978769,Ward 6,2021-06-09
2021-06-09,38.888268,-76.978769,Ward 6,2021-06-10
2021-06-09,38.948143,-77.024697,Ward 4,2021-06-10
2021-06-09,38.926224,-77.025578,Ward 1,2021-06-10
2021-06-09,38.881604,-77.017816,Ward 6,2021-06-10
2021-06-09,38.888130,-76.978995,Ward 6,2021-06-10
2021-06-10,38.925052,-76.999127,Ward 5,2021-06-10
2021-06-10,38.914133,-77.097904,Ward 3,2021-06-10
2021-06-10,38.860697,-76.987224,Ward 8,2021-06-11
2021-06-10,38.943801,-77.092033,Ward 3,2021-06-11
2021-06-10,38.983388,-77.029983,Ward 4,2021-06-11
2021-06-10,38.952455,-77.014401,Ward 4,2021-06-11
2021-06-10,38.943801,-77.092033,Ward 3,2021-06-11
2021-06-10,38.936405,-76.991301,Ward 5,2021-06-11
2021-06-10,38.939545,-77.084319,Ward 3,2021-06-11
2021-06-10,38.918123,-77.005933,Ward 5,2021-06-11
2021-06-10,38.964079,-77.062179,Ward 4,2021-06-11
2021-06-10,38.910892,-77.017175,Ward 6,2021-06-11
2021-06-10,38.875446,-76.959038,Ward 7,2021-06-11
2021-06-10,38.917134,-77.034830,Ward 1,2021-06-11
2021-06-10,38.956969,-77.069989,Ward 3,2021-06-11
2021-06-10,38.926618,-77.000569,Ward 5,2021-06-11
2021-06-10,38.936164,-77.022983,Ward 1,2021-06-11
2021-06-11,38.926013,-77.026028,Ward 1,2021-06-11
2021-06-11,38.928024,-77.065010,Ward 3,2021-06-14
2021-06-11,38.928814,-77.064520,Ward 3,2021-06-14
2021-06-11,38.883009,-76.985073,Ward 6,2021-06-15
2021-06-11,38.963555,-77.016526,Ward 4,2021-06-14
2021-06-11,38.919716,-77.001429,Ward 5,2021-06-14
2021-06-11,38.924464,-77.025902,Ward 1,2021-06-14
2021-06-11,38.910648,-77.043085,Ward 2,2021-06-14
2021-06-11,38.926560,-77.036074,Ward 1,2021-06-14
2021-06-11,38.905803,-76.977300,Ward 5,2021-06-14
2021-06-12,38.890927,-76.980764,Ward 6,2021-06-15
2021-06-12,38.934098,-76.976222,Ward 5,2021-06-14
2021-06-12,38.936225,-77.034409,Ward 1,2021-06-14
2021-06-12,38.944557,-77.076422,Ward 3,2021-06-14
2021-06-12,38.942874,-77.016918,Ward 4,2021-06-14
2021-06-12,38.960394,-77.080558,Ward 3,2021-06-14
2021-06-12,38.955800,-77.067326,Ward 3,2021-06-14
2021-06-12,38.917862,-77.002298,Ward 5,2021-06-14
2021-06-12,38.876686,-77.010243,Ward 6,2021-06-15
2021-06-12,38.904477,-76.930442,Ward 7,2021-06-15
2021-06-13,38.924946,-77.057134,Ward 3,2021-06-14
2021-06-13,38.944980,-77.073448,Ward 3,2021-06-14
2021-06-13,38.929389,-77.031429,Ward 1,2021-06-14
2021-06-13,38.961021,-77.077142,Ward 3,2021-06-14
2021-06-13,38.929390,-77.031368,Ward 1,2021-06-14
2021-06-13,38.905826,-77.067192,Ward 2,2021-06-14
2021-06-13,38.911679,-77.008442,Ward 5,2021-06-14
2021-06-14,38.948261,-77.020307,Ward 4,2021-06-15
2021-06-14,38.970783,-77.023996,Ward 4,2021-06-15
2021-06-14,38.921076,-77.024933,Ward 1,2021-06-15
2021-06-14,38.909155,-77.058864,Ward 2,2021-06-15
2021-06-14,38.894559,-76.983887,Ward 6,2021-06-15
2021-06-14,38.883461,-76.983082,Ward 6,2021-06-17
2021-06-14,38.944196,-77.025889,Ward 4,2021-06-15
2021-06-14,38.906663,-77.062019,Ward 2,2021-06-15
2021-06-15,38.937147,-76.966261,Ward 5,2021-06-15
2021-06-15,38.907761,-77.047770,Ward 2,2021-06-15
2021-06-15,38.937147,-76.966261,Ward 5,2021-06-16
2021-06-15,38.879455,-76.990956,Ward 6,2021-06-16
2021-06-15,38.950089,-77.069611,Ward 3,2021-06-16
2021-06-15,38.864122,-76.999207,Ward 8,2021-06-16
2021-06-15,38.890937,-77.001311,Ward 6,2021-06-16
2021-06-15,38.954701,-77.079270,Ward 3,2021-06-16
2021-06-15,38.915760,-77.025536,Ward 1,2021-06-16
2021-06-15,38.964707,-77.072078,Ward 3,2021-06-16
2021-06-15,38.958350,-77.029696,Ward 4,2021-06-16
2021-06-15,38.949457,-77.017844,Ward 4,2021-06-16
2021-06-15,38.885953,-76.933956,Ward 7,2021-06-16
2021-06-15,38.894102,-76.983903,Ward 6,2021-06-16
2021-06-15,38.952455,-77.014401,Ward 4,2021-06-16
2021-06-15,38.878579,-76.990848,Ward 6,2021-06-16
2021-06-15,38.890416,-76.981160,Ward 6,2021-06-16
2021-06-16,38.958380,-77.070184,Ward 3,2021-06-17
2021-06-16,38.912394,-77.011520,Ward 5,2021-06-17
2021-06-16,38.909463,-77.011404,Ward 5,2021-06-17
2021-06-16,38.958177,-77.069278,Ward 3,2021-06-17
2021-06-16,38.971735,-77.064901,Ward 4,2021-06-17
2021-06-16,38.899743,-76.925889,Ward 7,2021-06-17
2021-06-16,38.918064,-77.049063,Ward 2,2021-06-17
2021-06-16,38.932930,-76.968951,Ward 5,2021-06-17
2021-06-16,38.896118,-76.991532,Ward 6,2021-06-17
2021-06-16,38.949901,-77.014796,Ward 4,2021-06-17
2021-06-16,38.932670,-77.031151,Ward 1,2021-06-17
2021-06-16,38.943140,-77.034708,Ward 4,2021-06-17
2021-06-16,38.971131,-77.011949,Ward 4,2021-06-17
2021-06-16,38.912811,-77.024662,Ward 6,2021-06-17
2021-06-17,38.900394,-76.985161,Ward 6,2021-06-18
2021-06-17,38.933142,-77.006244,Ward 5,2021-06-18
2021-06-17,38.944821,-77.040371,Ward 4,2021-06-18
2021-06-17,38.883461,-76.983082,Ward 6,2021-06-18
2021-06-17,38.951690,-77.024296,Ward 4,2021-06-18
2021-06-17,38.909463,-77.011404,Ward 5,2021-06-18
2021-06-17,38.924706,-77.025354,Ward 1,2021-06-18
2021-06-17,38.882647,-76.989558,Ward 6,2021-06-18
2021-06-17,38.971720,-77.062529,Ward 4,2021-06-21
2021-06-17,38.915582,-77.075358,Ward 2,2021-06-21
2021-06-17,38.910892,-77.017175,Ward 6,2021-06-18
2021-06-17,38.955399,-76.990455,Ward 5,2021-06-18
2021-06-18,38.890572,-76.929476,Ward 7,2021-06-21
2021-06-18,38.870107,-76.970656,Ward 7,2021-06-21
2021-06-18,38.895003,-77.031353,Ward 2,2021-06-21
2021-06-18,38.913496,-77.046372,Ward 2,2021-06-22
2021-06-18,38.879225,-76.939874,Ward 7,2021-06-21
2021-06-18,38.898169,-76.919731,Ward 7,2021-06-22
2021-06-18,38.966717,-77.066382,Ward 4,2021-06-21
2021-06-18,38.916047,-77.023234,Ward 1,2021-06-21
2021-06-18,38.890579,-76.929597,Ward 7,2021-06-22
2021-06-18,38.924095,-77.025038,Ward 1,2021-06-21
2021-06-18,38.967721,-77.067012,Ward 4,2021-06-21
2021-06-18,38.860361,-76.987361,Ward 8,2021-06-21
2021-06-19,38.948497,-76.991025,Ward 5,2021-06-21
2021-06-19,38.892194,-76.938948,Ward 7,2021-06-21
2021-06-19,38.903876,-76.979372,Ward 5,2021-06-21
2021-06-19,38.896436,-76.926339,Ward 7,2021-06-21
2021-06-19,38.920471,-77.076291,Ward 3,2021-06-21
2021-06-20,38.983841,-77.033109,Ward 4,2021-06-21
2021-06-20,38.958500,-77.068787,Ward 3,2021-06-23
2021-06-20,38.958697,-76.993494,Ward 4,2021-06-21
2021-06-20,38.909388,-77.031338,Ward 2,2021-06-21
2021-06-20,38.896258,-76.976015,Ward 7,2021-06-22
2021-06-20,38.928629,-77.041982,Ward 1,2021-06-21
2021-06-20,38.880279,-77.017124,Ward 6,2021-06-21
2021-06-20,38.877875,-76.965569,Ward 7,2021-06-22
2021-06-20,38.914526,-77.071152,Ward 2,2021-06-21
2021-06-20,38.866297,-76.988457,Ward 8,2021-06-22
2021-06-20,38.921288,-77.025005,Ward 1,2021-06-21
2021-06-21,38.935930,-77.022362,Ward 1,2021-06-21
2021-06-21,38.952051,-77.014507,Ward 4,2021-06-21
2021-06-21,38.910864,-77.088862,Ward 3,2021-06-22
2021-06-21,38.882366,-76.928108,Ward 7,2021-06-23
2021-06-21,38.874396,-76.966208,Ward 7,2021-06-22
2021-06-21,38.977842,-77.035974,Ward 4,2021-06-22
2021-06-21,38.917550,-77.034806,Ward 1,2021-06-22
2021-06-21,38.955728,-77.085428,Ward 3,2021-06-24
2021-06-21,38.874397,-76.966141,Ward 7,2021-06-22
2021-06-21,38.908297,-76.999956,Ward 5,2021-06-22
2021-06-21,38.838602,-76.996215,Ward 8,2021-06-23
2021-06-21,38.922363,-77.024729,Ward 1,2021-06-22
2021-06-21,38.908128,-77.000174,Ward 5,2021-06-22
2021-06-21,38.826028,-76.997771,Ward 8,2021-06-22
2021-06-21,38.958241,-77.015924,Ward 4,2021-06-22
2021-06-21,38.876935,-76.959366,Ward 7,2021-06-22
2021-06-21,38.901526,-76.920448,Ward 7,2021-06-22
2021-06-21,38.911313,-76.984820,Ward 5,2021-06-22
2021-06-21,38.937670,-77.034647,Ward 4,2021-06-22
2021-06-21,38.901040,-76.976914,Ward 5,2021-06-22
2021-06-21,38.938920,-76.973964,Ward 5,2021-06-22
2021-06-21,38.891827,-76.986183,Ward 6,2021-06-23
2021-06-22,38.914975,-77.001850,Ward 5,2021-06-23
2021-06-22,38.913834,-77.041438,Ward 2,2021-06-23
2021-06-22,38.913834,-77.041438,Ward 2,2021-06-23
2021-06-22,38.884631,-77.000370,Ward 6,2021-06-23
2021-06-22,38.899078,-76.995983,Ward 6,2021-06-23
2021-06-22,38.901765,-76.985576,Ward 5,2021-06-23
2021-06-22,38.916433,-77.031056,Ward 1,2021-06-23
2021-06-22,38.930199,-77.028098,Ward 1,2021-06-23
2021-06-22,38.903900,-77.066875,Ward 2,2021-06-23
2021-06-22,38.924290,-77.041848,Ward 1,2021-06-23
2021-06-23,38.868686,-76.985734,Ward 8,2021-06-23
2021-06-23,38.917385,-77.004400,Ward 5,2021-06-24
2021-06-23,38.912135,-76.986666,Ward 5,2021-06-24
2021-06-23,38.912112,-76.986232,Ward 5,2021-06-24
2021-06-23,38.911672,-77.008505,Ward 5,2021-06-24
2021-06-23,38.912183,-76.986223,Ward 5,2021-06-24
2021-06-23,38.851062,-76.985603,Ward 8,2021-06-24
2021-06-23,38.920393,-76.985611,Ward 5,2021-06-24
2021-06-23,38.879282,-77.000580,Ward 6,2021-06-24
2021-06-23,38.929893,-77.055565,Ward 3,2021-06-24
2021-06-23,38.943214,-77.022518,Ward 4,2021-06-24
2021-06-23,38.926560,-77.036074,Ward 1,2021-06-24
2021-06-23,38.893748,-76.987548,Ward 6,2021-06-24
2021-06-23,38.944049,-76.981470,Ward 5,2021-06-24
2021-06-23,38.910821,-76.985912,Ward 5,2021-06-24
2021-06-23,38.943535,-77.015226,Ward 4,2021-06-24
2021-06-24,38.914893,-77.023194,Ward 1,2021-06-24
2021-06-24,38.913834,-77.041438,Ward 2,2021-06-24
2021-06-24,38.855168,-76.959585,Ward 7,2021-06-28
2021-06-24,38.909473,-77.032426,Ward 2,2021-06-28
2021-06-24,38.977107,-77.023854,Ward 4,2021-06-25
2021-06-24,38.957003,-76.992102,Ward 5,2021-06-25
2021-06-24,38.910120,-77.012402,Ward 5,2021-06-25
2021-06-24,38.948059,-77.027710,Ward 4,2021-06-25
2021-06-24,38.946438,-76.997350,Ward 5,2021-06-25
2021-06-24,38.892875,-76.937549,Ward 7,2021-06-28
2021-06-24,38.952439,-77.087042,Ward 3,2021-06-25
2021-06-24,38.965267,-77.032220,Ward 4,2021-06-25
2021-06-24,38.937453,-77.019588,Ward 4,2021-06-25
2021-06-24,38.895307,-76.974132,Ward 7,2021-06-25
2021-06-24,38.881601,-76.942020,Ward 7,2021-06-28
2021-06-24,38.949607,-77.024543,Ward 4,2021-06-25
2021-06-24,38.921261,-77.030840,Ward 1,2021-06-28
2021-06-24,38.916047,-77.023234,Ward 1,2021-06-25
2021-06-24,38.960357,-77.018724,Ward 4,2021-06-28
2021-06-24,38.893748,-76.987548,Ward 6,2021-06-25
2021-06-24,38.951944,-77.090880,Ward 3,2021-06-25
2021-06-24,38.894414,-76.995948,Ward 6,2021-06-25
2021-06-24,38.901802,-76.986523,Ward 5,2021-06-25
2021-06-24,38.888504,-76.982373,Ward 6,2021-06-28
2021-06-25,38.945824,-77.016919,Ward 4,2021-06-28
2021-06-25,38.916078,-77.027312,Ward 1,2021-06-28
2021-06-25,38.871846,-76.976696,Ward 8,2021-06-28
2021-06-25,38.871933,-76.961994,Ward 7,2021-06-28
2021-06-25,38.905826,-77.067192,Ward 2,2021-06-28
2021-06-25,38.977107,-77.023854,Ward 4,2021-06-25
2021-06-25,38.945824,-77.016919,Ward 4,2021-06-28
2021-06-25,38.876928,-77.014197,Ward 6,2021-06-28
2021-06-25,38.926907,-77.039921,Ward 1,2021-06-28
2021-06-25,38.909129,-77.028928,Ward 2,2021-06-28
2021-06-25,38.903900,-77.066875,Ward 2,2021-06-28
2021-06-25,38.899100,-76.986683,Ward 6,2021-06-29
2021-06-25,38.969516,-77.013762,Ward 4,2021-06-28
2021-06-25,38.903316,-76.931427,Ward 7,2021-06-28
2021-06-26,38.927134,-77.024560,Ward 1,2021-06-28
2021-06-26,38.912030,-77.007159,Ward 5,2021-06-28
2021-06-26,38.878222,-77.019325,Ward 6,2021-06-28
2021-06-26,38.950604,-77.030659,Ward 4,2021-06-28
2021-06-26,38.880276,-76.941298,Ward 7,2021-06-29
2021-06-26,38.919002,-77.047706,Ward 1,2021-06-28
2021-06-26,38.920716,-76.987752,Ward 5,2021-06-28
2021-06-26,38.912030,-77.007159,Ward 5,2021-06-28
2021-06-27,38.934092,-77.022474,Ward 1,2021-06-29
2021-06-27,38.923624,-77.080509,Ward 3,2021-06-28
2021-06-27,38.923624,-77.080509,Ward 3,2021-06-28
2021-06-27,38.923624,-77.080509,Ward 3,2021-06-28
2021-06-27,38.923624,-77.080509,Ward 3,2021-06-28
2021-06-27,38.886228,-76.918254,Ward 7,2021-06-29
2021-06-27,38.966056,-77.071751,Ward 3,2021-06-28
2021-06-27,38.923481,-77.080733,Ward 3,2021-06-28
2021-06-27,38.904127,-77.054754,Ward 2,2021-06-28
2021-06-27,38.923090,-77.080854,Ward 3,2021-06-28
2021-06-27,38.858711,-76.993956,Ward 8,2021-06-28
2021-06-27,38.923624,-77.080509,Ward 3,2021-06-28
2021-06-27,38.923624,-77.080509,Ward 3,2021-06-28
2021-06-27,38.923624,-77.080509,Ward 3,2021-06-28
2021-06-27,38.862369,-76.997739,Ward 8,2021-06-28
2021-06-27,38.884138,-76.941140,Ward 7,2021-06-29
2021-06-27,38.960674,-77.072513,Ward 3,2021-06-28
2021-06-27,38.923624,-77.080509,Ward 3,2021-06-28
2021-06-28,38.942268,-77.016883,Ward 4,2021-06-28
2021-06-28,38.850999,-76.985667,Ward 8,2021-06-29
2021-06-28,38.886798,-76.917471,Ward 7,2021-06-29
2021-06-28,38.923481,-77.080733,Ward 3,2021-06-28
2021-06-28,38.923624,-77.080509,Ward 3,2021-06-28
2021-06-28,38.964565,-77.022654,Ward 4,2021-06-29
2021-06-28,38.942113,-77.017125,Ward 4,2021-06-29
2021-06-28,38.929779,-77.022197,Ward 1,2021-06-29
2021-06-28,38.904893,-76.945033,Ward 7,2021-06-29
2021-06-28,38.943678,-77.069847,Ward 3,2021-06-30
2021-06-28,38.901929,-76.985959,Ward 5,2021-06-29
2021-06-28,38.858554,-77.004021,Ward 8,2021-06-29
2021-06-28,38.917202,-77.040129,Ward 1,2021-06-29
2021-06-28,38.942268,-77.016883,Ward 4,2021-06-29
2021-06-28,38.942268,-77.016883,Ward 4,2021-06-29
2021-06-28,38.946898,-77.071728,Ward 3,2021-06-30
2021-06-28,38.964565,-77.022654,Ward 4,2021-06-29
2021-06-28,38.912996,-77.013853,Ward 5,2021-06-29
2021-06-28,38.945235,-77.030825,Ward 4,2021-06-29
2021-06-28,38.919010,-77.030344,Ward 1,2021-06-29
2021-06-29,38.953806,-77.026232,Ward 4,2021-06-29
2021-06-29,38.922750,-77.075664,Ward 3,2021-06-30
2021-06-29,38.926119,-77.024667,Ward 1,2021-06-30
2021-06-29,38.951655,-77.023148,Ward 4,2021-06-30
2021-06-29,38.920278,-77.078129,Ward 3,2021-06-30
2021-06-29,38.889498,-76.928951,Ward 7,2021-06-30
2021-06-29,38.925168,-77.024993,Ward 1,2021-06-30
2021-06-29,38.901946,-76.922588,Ward 7,2021-07-01
2021-06-29,38.892984,-76.934526,Ward 7,2021-06-30
2021-06-29,38.944049,-76.981470,Ward 5,2021-06-30
2021-06-29,38.928149,-77.025859,Ward 1,2021-06-30
2021-06-30,38.963056,-76.999073,Ward 4,2021-06-30
2021-06-30,38.937664,-76.994867,Ward 5,2021-06-30
2021-06-30,38.884305,-76.984897,Ward 6,2021-07-01
2021-06-30,38.857862,-76.984966,Ward 8,2021-07-01
2021-06-30,38.826801,-77.009861,Ward 8,2021-07-01
2021-06-30,38.891819,-76.957773,Ward 7,2021-07-01
2021-06-30,38.956358,-76.998731,Ward 5,2021-07-01
2021-06-30,38.909193,-77.038889,Ward 2,2021-07-01
2021-06-30,38.919222,-77.046935,Ward 1,2021-07-01
2021-06-30,38.827189,-77.010000,Ward 8,2021-07-01
2021-06-30,38.878380,-77.018147,Ward 6,2021-07-01
2021-06-30,38.875200,-76.961828,Ward 7,2021-07-01
2021-06-30,38.902795,-76.992473,Ward 6,2021-07-01
2021-06-30,38.875651,-76.961165,Ward 7,2021-07-01
2021-06-30,38.932424,-76.988817,Ward 5,2021-07-01
2021-06-30,38.939545,-77.017385,Ward 4,2021-07-01
2021-06-30,38.869027,-77.006110,Ward 6,2021-07-01
2021-06-30,38.925054,-77.041657,Ward 1,2021-07-01
2021-06-30,38.884102,-76.985520,Ward 6,2021-07-06
2021-06-30,38.912348,-77.004699,Ward 5,2021-07-01
2021-07-01,38.938108,-76.988757,Ward 5,2021-07-06
2021-07-01,38.897567,-76.915838,Ward 7,2021-07-06
2021-07-01,38.892082,-76.926877,Ward 7,2021-07-06
2021-07-01,38.892089,-76.926808,Ward 7,2021-07-06
2021-07-01,38.957208,-76.999266,Ward 4,2021-07-06
2021-07-01,38.918286,-77.002983,Ward 5,2021-07-06
2021-07-01,38.956358,-76.998731,Ward 5,2021-07-06
2021-07-01,38.950935,-77.022489,Ward 4,2021-07-06
2021-07-01,38.942583,-77.019424,Ward 4,2021-07-06
2021-07-01,38.875200,-76.961828,Ward 7,2021-07-01
2021-07-01,38.937427,-77.028050,Ward 4,2021-07-06
2021-07-01,38.931238,-76.988783,Ward 5,2021-07-06
2021-07-01,38.879465,-76.995816,Ward 6,2021-07-07
2021-07-01,38.892301,-76.940277,Ward 7,2021-07-06
2021-07-01,38.891862,-76.926924,Ward 7,2021-07-06
2021-07-01,38.901722,-77.052264,Ward 2,2021-07-06
2021-07-01,38.941291,-77.015607,Ward 4,2021-07-06
2021-07-01,38.892202,-76.958036,Ward 7,2021-07-06
2021-07-01,38.905826,-77.067192,Ward 2,2021-07-07
2021-07-01,38.891661,-77.001787,Ward 6,2021-07-06
2021-07-02,38.944641,-77.014300,Ward 4,2021-07-07
2021-07-02,38.948470,-77.019513,Ward 4,2021-07-06
2021-07-02,38.952051,-77.014507,Ward 4,2021-07-06
2021-07-02,38.848596,-76.979178,Ward 8,2021-07-07
2021-07-02,38.885876,-77.000876,Ward 6,2021-07-07
2021-07-02,38.954703,-77.088664,Ward 3,2021-07-06
2021-07-02,38.879668,-76.964542,Ward 7,2021-07-06
2021-07-02,38.891819,-76.957661,Ward 7,2021-07-07
2021-07-02,38.893118,-76.916196,Ward 7,2021-07-07
2021-07-02,38.822017,-77.000959,Ward 8,2021-07-06
2021-07-02,38.925337,-76.963649,Ward 5,2021-07-06
2021-07-03,38.836298,-76.984069,Ward 8,2021-07-06
2021-07-03,38.900865,-76.989395,Ward 6,2021-07-07
2021-07-03,38.902073,-76.976460,Ward 5,2021-07-06
2021-07-03,38.930401,-76.971020,Ward 5,2021-07-06
2021-07-03,38.836298,-76.984069,Ward 8,2021-07-06
2021-07-03,38.956358,-76.998731,Ward 5,2021-07-06
2021-07-03,38.956358,-76.998731,Ward 5,2021-07-06
2021-07-03,38.932298,-77.039218,Ward 1,2021-07-06
2021-07-03,38.941786,-77.015627,Ward 4,2021-07-06
2021-07-03,38.933979,-77.043944,Ward 1,2021-07-06
2021-07-03,38.918016,-77.044043,Ward 1,2021-07-06
2021-07-03,38.968385,-77.009574,Ward 4,2021-07-06
2021-07-03,38.897531,-77.048125,Ward 2,2021-07-08
2021-07-04,38.841513,-76.975612,Ward 8,2021-07-08
2021-07-04,38.836410,-76.983375,Ward 8,2021-07-06
2021-07-04,38.916762,-77.040663,Ward 2,2021-07-06
2021-07-04,38.934345,-77.058414,Ward 3,2021-07-06
2021-07-04,38.934410,-77.058454,Ward 3,2021-07-06
2021-07-04,38.917202,-77.040250,Ward 1,2021-07-06
2021-07-05,38.908524,-77.014694,Ward 5,2021-07-09
2021-07-05,38.980761,-77.025629,Ward 4,2021-07-06
2021-07-05,38.877033,-76.959777,Ward 7,2021-07-06
2021-07-05,38.914133,-77.097904,Ward 3,2021-07-06
2021-07-05,38.836298,-76.984069,Ward 8,2021-07-06
2021-07-05,38.907939,-76.985836,Ward 5,2021-07-07
2021-07-05,38.917545,-77.046040,Ward 1,2021-07-06
2021-07-05,38.943020,-77.014871,Ward 4,2021-07-06
2021-07-05,38.907502,-77.072739,Ward 2,2021-07-06
2021-07-05,38.905955,-77.079171,Ward 3,2021-07-06
2021-07-05,38.943007,-77.016590,Ward 4,2021-07-06
2021-07-05,38.914133,-77.097904,Ward 3,2021-07-06
2021-07-05,38.835130,-76.991466,Ward 8,2021-07-08
2021-07-05,38.943127,-77.025318,Ward 4,2021-07-06
2021-07-05,38.881470,-77.020564,Ward 6,2021-07-06
2021-07-05,38.948659,-76.996414,Ward 5,2021-07-06
2021-07-05,38.965837,-77.056382,Ward 4,2021-07-07
2021-07-05,38.979247,-77.024210,Ward 4,2021-07-06
2021-07-05,38.836298,-76.984069,Ward 8,2021-07-06
2021-07-05,38.836298,-76.984069,Ward 8,2021-07-06
2021-07-05,38.836945,-76.981137,Ward 8,2021-07-06
2021-07-05,38.907464,-77.047471,Ward 2,2021-07-07
2021-07-05,38.959495,-77.034479,Ward 4,2021-07-06
2021-07-06,38.839701,-76.990253,Ward 8,2021-07-08
2021-07-06,38.897973,-76.997164,Ward 6,2021-07-07
2021-07-06,38.891592,-77.001783,Ward 6,2021-07-08
2021-07-06,38.868056,-76.948456,Ward 7,2021-07-08
2021-07-06,38.874652,-77.017554,Ward 6,2021-07-07
2021-07-06,38.914742,-77.034984,Ward 2,2021-07-07
2021-07-06,38.903900,-77.066875,Ward 2,2021-07-12
2021-07-06,38.836125,-76.984231,Ward 8,2021-07-07
2021-07-06,38.907775,-77.047467,Ward 2,2021-07-07
2021-07-06,38.862369,-76.997739,Ward 8,2021-07-07
2021-07-06,38.913496,-77.046372,Ward 2,2021-07-07
2021-07-06,38.940526,-76.980421,Ward 5,2021-07-07
2021-07-06,38.968385,-77.009574,Ward 4,2021-07-07
2021-07-06,38.968385,-77.009574,Ward 4,2021-07-07
2021-07-06,38.907245,-77.046639,Ward 2,2021-07-07
2021-07-06,38.922952,-77.039390,Ward 1,2021-07-07
2021-07-06,38.908524,-77.014694,Ward 5,2021-07-09
2021-07-06,38.912272,-76.934170,Ward 7,2021-07-07
2021-07-06,38.921711,-77.030818,Ward 1,2021-07-07
2021-07-07,38.862347,-76.965687,Ward 7,2021-07-08
2021-07-07,38.930874,-76.989644,Ward 5,2021-07-08
2021-07-07,38.871986,-76.962174,Ward 7,2021-07-08
2021-07-07,38.946451,-76.995906,Ward 5,2021-07-08
2021-07-07,38.930401,-76.971020,Ward 5,2021-07-08
2021-07-07,38.943724,-77.061248,Ward 3,2021-07-12
2021-07-07,38.898782,-77.033642,Ward 2,2021-07-08
2021-07-07,38.901994,-76.995233,Ward 6,2021-07-08
2021-07-07,38.914934,-77.023195,Ward 1,2021-07-09
2021-07-07,38.906092,-76.987602,Ward 5,2021-07-08
2021-07-07,38.957246,-76.991635,Null,2021-07-08
2021-07-07,38.884241,-76.995813,Ward 6,2021-07-08
2021-07-07,38.921140,-77.077291,Ward 3,2021-07-12
2021-07-07,38.912104,-76.933943,Ward 7,2021-07-08
2021-07-07,38.950199,-76.997356,Ward 5,2021-07-08
2021-07-07,38.950199,-76.997454,Ward 5,2021-07-08
2021-07-07,38.874236,-77.011932,Ward 6,2021-07-12
2021-07-07,38.959517,-77.071333,Ward 3,2021-07-12
2021-07-08,38.820929,-77.006314,Ward 8,2021-07-12
2021-07-08,38.956358,-76.998731,Ward 5,2021-07-12
2021-07-08,38.929548,-77.056784,Ward 3,2021-07-12
2021-07-08,38.943452,-77.021912,Ward 4,2021-07-09
2021-07-08,38.820929,-77.006314,Ward 8,2021-07-12
2021-07-08,38.850462,-76.975063,Ward 8,2021-07-13
2021-07-08,38.934092,-77.022474,Ward 1,2021-07-09
2021-07-08,38.890069,-76.943961,Ward 7,2021-07-12
2021-07-08,38.874937,-76.969931,Ward 7,2021-07-09
2021-07-08,38.875144,-76.970048,Ward 7,2021-07-09
2021-07-08,38.876217,-76.966840,Ward 7,2021-07-09
2021-07-08,38.940412,-76.992852,Ward 5,2021-07-09
2021-07-08,38.944276,-77.016372,Ward 4,2021-07-09
2021-07-08,38.971288,-77.013488,Ward 4,2021-07-09
2021-07-09,38.950751,-77.019866,Ward 4,2021-07-09
2021-07-09,38.950751,-77.019866,Ward 4,2021-07-09
2021-07-09,38.933003,-77.025940,Ward 1,2021-07-12
2021-07-09,38.917597,-77.016528,Ward 1,2021-07-12
2021-07-09,38.951780,-77.024357,Ward 4,2021-07-12
2021-07-09,38.935780,-77.023021,Ward 1,2021-07-12
2021-07-09,38.916836,-77.043584,Ward 1,2021-07-12
2021-07-09,38.919921,-77.041031,Ward 1,2021-07-12
2021-07-09,38.945621,-77.020474,Ward 4,2021-07-12
2021-07-10,38.924951,-77.101404,Ward 3,2021-07-14
2021-07-10,38.927471,-77.027910,Ward 1,2021-07-12
2021-07-10,38.914982,-77.029922,Ward 1,2021-07-12
2021-07-10,38.924614,-77.040203,Ward 1,2021-07-12
2021-07-10,38.915869,-77.072589,Ward 2,2021-07-14
2021-07-10,38.841842,-76.991040,Ward 8,2021-07-13
2021-07-10,38.929227,-77.060600,Ward 3,2021-07-13
2021-07-10,38.922167,-77.002285,Ward 5,2021-07-12
2021-07-10,38.913862,-77.015071,Ward 5,2021-07-12
2021-07-11,38.928298,-77.025884,Ward 1,2021-07-12
2021-07-11,38.891511,-76.982408,Ward 6,2021-07-13
2021-07-11,38.858558,-76.970228,Ward 8,2021-07-13
2021-07-11,38.903736,-77.016175,Ward 6,2021-07-12
2021-07-11,38.879825,-76.982294,Ward 6,2021-07-14
2021-07-11,38.858558,-76.970228,Ward 8,2021-07-13
2021-07-11,38.891514,-76.982013,Ward 7,2021-07-13
2021-07-11,38.872978,-77.017556,Ward 6,2021-07-13
2021-07-11,38.873422,-77.017555,Ward 6,2021-07-13
2021-07-11,38.900439,-77.054299,Ward 2,2021-07-15
2021-07-11,38.912032,-77.005895,Ward 5,2021-07-12
2021-07-12,38.903128,-77.049044,Ward 2,2021-07-14
2021-07-12,38.969061,-77.046127,Ward 4,2021-07-13
2021-07-12,38.872688,-77.017948,Ward 6,2021-07-13
2021-07-12,38.925434,-77.088944,Ward 3,2021-07-14
2021-07-12,38.907775,-77.047467,Ward 2,2021-07-14
2021-07-12,38.885150,-76.992411,Ward 6,2021-07-16
2021-07-12,38.880740,-77.020665,Ward 6,2021-07-15
2021-07-12,38.885323,-76.992430,Ward 6,2021-07-16
2021-07-12,38.868053,-76.984414,Ward 8,2021-07-16
2021-07-12,38.908909,-77.016186,Ward 6,2021-07-14
2021-07-12,38.858277,-76.970278,Ward 8,2021-07-13
2021-07-12,38.908571,-77.016173,Ward 6,2021-07-13
2021-07-12,38.872516,-77.017556,Ward 6,2021-07-13
2021-07-12,38.858054,-76.969981,Ward 8,2021-07-13
2021-07-13,38.925054,-77.041657,Ward 1,2021-07-14
2021-07-13,38.858558,-76.970228,Ward 8,2021-07-13
2021-07-13,38.932732,-77.037394,Ward 1,2021-07-14
2021-07-13,38.941952,-76.989969,Ward 5,2021-07-14
2021-07-13,38.858054,-76.969981,Ward 8,2021-07-14
2021-07-13,38.941796,-76.990236,Ward 5,2021-07-14
2021-07-13,38.952050,-77.029991,Ward 4,2021-07-14
2021-07-13,38.877529,-77.015207,Ward 6,2021-07-20
2021-07-13,38.905004,-77.056480,Ward 2,2021-07-14
2021-07-13,38.911304,-77.035374,Ward 2,2021-07-14
2021-07-13,38.936359,-77.021960,Ward 1,2021-07-14
2021-07-13,38.900651,-76.989345,Ward 6,2021-07-16
2021-07-13,38.875446,-76.959038,Ward 7,2021-07-16
2021-07-13,38.920311,-77.024647,Ward 1,2021-07-14
2021-07-13,38.912395,-77.018656,Ward 6,2021-07-15
2021-07-13,38.895263,-76.921657,Ward 7,2021-07-14
2021-07-13,38.948676,-77.019043,Ward 4,2021-07-14
2021-07-13,38.924517,-77.030842,Ward 1,2021-07-14
2021-07-13,38.941347,-77.015602,Ward 4,2021-07-14
2021-07-13,38.952050,-77.029991,Ward 4,2021-07-14
2021-07-13,38.941642,-76.989515,Ward 5,2021-07-14
2021-07-14,38.909840,-77.026817,Ward 6,2021-07-14
2021-07-14,38.929214,-77.060419,Ward 3,2021-07-14
2021-07-14,38.840601,-76.993666,Ward 8,2021-07-16
2021-07-14,38.913751,-77.073789,Ward 2,2021-07-19
2021-07-14,38.890755,-76.995388,Ward 6,2021-07-16
2021-07-14,38.914958,-77.003228,Ward 5,2021-07-20
2021-07-14,38.957134,-77.066182,Ward 3,2021-07-19
2021-07-14,38.943814,-77.033498,Ward 4,2021-07-15
2021-07-14,38.880077,-76.988056,Ward 6,2021-07-16
2021-07-14,38.934878,-77.035838,Ward 1,2021-07-15
2021-07-14,38.935496,-77.038369,Ward 1,2021-07-15
2021-07-14,38.940586,-77.030794,Ward 4,2021-07-15
2021-07-14,38.902762,-76.995518,Ward 6,2021-07-16
2021-07-14,38.874314,-76.935126,Ward 7,2021-07-20
2021-07-14,38.822023,-77.028187,Ward 8,2021-07-15
2021-07-14,38.936190,-77.022841,Ward 1,2021-07-15
2021-07-14,38.935167,-77.037951,Ward 1,2021-07-15
2021-07-14,38.944974,-77.078423,Ward 3,2021-07-19
2021-07-14,38.935285,-77.037865,Ward 1,2021-07-15
2021-07-14,38.902757,-76.995694,Ward 6,2021-07-16
2021-07-15,38.897868,-76.992411,Ward 6,2021-07-16
2021-07-15,38.894255,-76.983888,Ward 6,2021-07-16
2021-07-15,38.902519,-77.033632,Ward 2,2021-07-20
2021-07-15,38.990538,-77.035342,Ward 4,2021-07-19
2021-07-15,38.942736,-77.033911,Ward 4,2021-07-19
2021-07-15,38.858576,-76.988886,Ward 8,2021-07-16
2021-07-15,38.938091,-76.989433,Ward 5,2021-07-16
2021-07-15,38.900649,-76.993476,Ward 6,2021-07-16
2021-07-15,38.950746,-76.994354,Ward 5,2021-07-16
2021-07-15,38.941347,-77.015602,Ward 4,2021-07-19
2021-07-15,38.909420,-77.063063,Ward 2,2021-07-19
2021-07-15,38.889078,-76.923526,Ward 7,2021-07-20
2021-07-15,38.931851,-77.018897,Ward 1,2021-07-19
2021-07-15,38.911008,-77.002015,Ward 5,2021-07-20
2021-07-15,38.958539,-77.014330,Ward 4,2021-07-19
2021-07-15,38.931805,-77.018817,Ward 1,2021-07-19
2021-07-15,38.875670,-76.960014,Ward 7,2021-07-21
2021-07-15,38.932193,-77.018912,Ward 1,2021-07-19
2021-07-15,38.914287,-77.002672,Ward 5,2021-07-20
2021-07-15,38.931805,-77.018817,Ward 1,2021-07-19
2021-07-15,38.945701,-77.097170,Ward 3,2021-07-19
2021-07-16,38.927621,-77.024576,Ward 1,2021-07-19
2021-07-16,38.932056,-77.018645,Null,2021-07-19
2021-07-16,38.894266,-76.986206,Ward 6,2021-07-20
2021-07-16,38.923686,-77.058846,Ward 3,2021-07-22
2021-07-16,38.921511,-77.044387,Ward 1,2021-07-19
2021-07-16,38.914840,-77.017347,Ward 1,2021-07-20
2021-07-16,38.845087,-77.006246,Ward 8,2021-07-21
2021-07-16,38.929912,-77.019971,Ward 1,2021-07-20
2021-07-16,38.927753,-77.039194,Ward 1,2021-07-21
2021-07-16,38.916433,-77.031056,Ward 1,2021-07-20
2021-07-16,38.932063,-76.967872,Ward 5,2021-07-22
2021-07-16,38.927825,-77.021433,Ward 1,2021-07-20
2021-07-16,38.913000,-77.034823,Ward 2,2021-07-20
2021-07-16,38.901118,-77.051423,Ward 2,2021-07-19
2021-07-16,38.871347,-77.006829,Ward 6,2021-07-20
2021-07-16,38.910283,-76.933888,Ward 7,2021-07-19
2021-07-16,38.939519,-77.030977,Ward 4,2021-07-19
2021-07-16,38.845823,-77.016440,Ward 8,2021-07-21
2021-07-16,38.941796,-76.989271,Ward 5,2021-07-21
2021-07-17,38.911716,-77.032672,Ward 2,2021-07-20
2021-07-17,38.902253,-76.997487,Ward 6,2021-07-20
2021-07-17,38.902759,-76.994509,Ward 6,2021-07-20
2021-07-17,38.887450,-76.992443,Ward 6,2021-07-20
2021-07-17,38.904313,-76.948024,Ward 7,2021-07-20
2021-07-17,38.939518,-77.030907,Ward 4,2021-07-19
2021-07-17,38.955754,-77.012913,Ward 4,2021-07-20
2021-07-17,38.895945,-76.938953,Ward 7,2021-07-20
2021-07-17,38.964770,-77.022879,Ward 4,2021-07-19
2021-07-17,38.910520,-77.010573,Ward 5,2021-07-21
2021-07-18,38.951571,-77.088900,Ward 3,2021-07-21
2021-07-18,38.950377,-77.092368,Ward 3,2021-07-21
2021-07-18,38.947298,-77.095944,Ward 3,2021-07-19
2021-07-18,38.945005,-77.085729,Ward 3,2021-07-19
2021-07-18,38.939550,-77.021249,Ward 4,2021-07-19
2021-07-18,38.915801,-77.028706,Ward 1,2021-07-20
2021-07-18,38.897066,-76.961824,Ward 7,2021-07-20
2021-07-18,38.885580,-76.991756,Ward 6,2021-07-20
2021-07-18,38.916475,-77.037360,Ward 2,2021-07-20
2021-07-18,38.956855,-77.019675,Ward 4,2021-07-19
2021-07-18,38.981467,-77.027488,Ward 4,2021-07-23
2021-07-18,38.925257,-77.026784,Ward 1,2021-07-20
2021-07-18,38.900001,-76.931384,Ward 7,2021-07-20
2021-07-18,38.893662,-76.939700,Ward 7,2021-07-19
2021-07-18,38.893605,-76.941663,Ward 7,2021-07-19
2021-07-18,38.908901,-77.067691,Ward 2,2021-07-21
2021-07-18,38.880279,-77.017124,Ward 6,2021-07-21
2021-07-18,38.951400,-77.009809,Ward 4,2021-07-21
2021-07-18,38.836577,-76.992772,Ward 8,2021-07-21
2021-07-19,38.948471,-77.037398,Ward 4,2021-07-20
2021-07-19,38.948261,-77.036424,Ward 4,2021-07-20
2021-07-19,38.948261,-77.036424,Ward 4,2021-07-20
2021-07-19,38.916379,-77.075457,Ward 2,2021-07-21
2021-07-19,38.898761,-77.035117,Ward 2,2021-07-20
2021-07-19,38.944214,-77.039409,Ward 4,2021-07-20
2021-07-19,38.948261,-77.036424,Ward 4,2021-07-20
2021-07-19,38.895057,-76.955056,Ward 7,2021-07-20
2021-07-19,38.895634,-76.951936,Ward 7,2021-07-20
2021-07-19,38.946129,-77.036428,Ward 4,2021-07-20
2021-07-19,38.950935,-77.073405,Ward 3,2021-07-21
2021-07-19,38.937784,-77.032232,Ward 4,2021-07-20
2021-07-19,38.948265,-77.037618,Ward 4,2021-07-20
2021-07-19,38.826654,-77.006833,Ward 8,2021-07-22
2021-07-19,38.879500,-77.016561,Ward 6,2021-07-21
2021-07-19,38.948261,-77.036424,Ward 4,2021-07-20
2021-07-19,38.961497,-77.001452,Ward 4,2021-07-20
2021-07-19,38.948476,-77.036901,Ward 4,2021-07-20
2021-07-20,38.905117,-76.997393,Ward 6,2021-07-20
2021-07-20,38.851813,-76.981055,Ward 8,2021-07-21
2021-07-20,38.947571,-77.036843,Ward 4,2021-07-21
2021-07-20,38.964956,-77.012142,Ward 4,2021-07-21
2021-07-20,38.927387,-77.023867,Ward 1,2021-07-22
2021-07-20,38.868686,-76.985734,Ward 8,2021-07-22
2021-07-20,38.878739,-76.965363,Ward 7,2021-07-21
2021-07-20,38.921511,-77.044387,Ward 1,2021-07-21
2021-07-20,38.895973,-76.983415,Ward 6,2021-07-21
2021-07-20,38.856273,-76.961243,Ward 7,2021-07-21
2021-07-20,38.895973,-76.983415,Ward 6,2021-07-21
2021-07-20,38.913862,-77.015071,Ward 5,2021-07-21
2021-07-20,38.943421,-77.026443,Ward 4,2021-07-21
2021-07-20,38.845345,-76.976371,Ward 8,2021-07-21
2021-07-20,38.897717,-76.941861,Ward 7,2021-07-27
2021-07-21,38.878633,-77.000792,Ward 6,2021-07-26
2021-07-21,38.968632,-77.026061,Ward 4,2021-07-22
2021-07-21,38.887337,-76.998219,Ward 6,2021-07-22
2021-07-21,38.862148,-76.978607,Ward 8,2021-07-22
2021-07-21,38.965244,-77.031923,Ward 4,2021-07-22
2021-07-21,38.929912,-77.019971,Ward 1,2021-07-22
2021-07-21,38.911729,-77.036952,Ward 2,2021-07-22
2021-07-21,38.917203,-77.040608,Ward 1,2021-07-22
2021-07-21,38.967288,-77.013683,Ward 4,2021-07-23
2021-07-21,38.856134,-76.961233,Ward 7,2021-07-22
2021-07-21,38.955754,-77.012913,Ward 4,2021-07-22
2021-07-21,38.952210,-77.024614,Ward 4,2021-07-22
2021-07-22,38.933142,-77.006244,Ward 5,2021-07-23
2021-07-22,38.919831,-76.983993,Ward 5,2021-07-23
2021-07-22,38.899642,-77.015666,Ward 2,2021-07-23
2021-07-22,38.942817,-77.092618,Ward 3,2021-07-23
2021-07-22,38.898524,-76.925400,Ward 7,2021-07-27
2021-07-22,38.895552,-76.977030,Ward 7,2021-07-23
2021-07-22,38.939401,-77.087941,Ward 3,2021-07-23
2021-07-22,38.948652,-77.100613,Ward 3,2021-07-23
2021-07-22,38.939082,-77.088415,Ward 3,2021-07-23
2021-07-22,38.927464,-77.027957,Ward 1,2021-07-23
2021-07-22,38.875551,-76.990272,Ward 6,2021-07-26
2021-07-22,38.966570,-77.060998,Ward 4,2021-07-23
2021-07-22,38.953881,-77.086487,Ward 3,2021-07-23
2021-07-22,38.894013,-76.984378,Ward 6,2021-07-23
2021-07-22,38.937939,-77.085888,Ward 3,2021-07-26
2021-07-22,38.937784,-77.032232,Ward 4,2021-07-23
2021-07-22,38.897962,-76.997501,Ward 6,2021-07-23
2021-07-22,38.961392,-77.030927,Ward 4,2021-07-23
2021-07-22,38.878222,-77.019325,Ward 6,2021-07-26
2021-07-22,38.931536,-77.027955,Ward 1,2021-07-23
2021-07-23,38.962906,-77.013095,Ward 4,2021-07-23
2021-07-23,38.881244,-77.027094,Ward 6,2021-07-26
2021-07-23,38.939082,-77.088415,Ward 3,2021-07-23
2021-07-23,38.893416,-76.986209,Ward 6,2021-07-23
2021-07-23,38.927452,-77.027442,Ward 1,2021-07-26
2021-07-23,38.944841,-77.035560,Ward 4,2021-07-26
2021-07-23,38.921511,-77.044387,Ward 1,2021-07-28
2021-07-23,38.913496,-77.046372,Ward 2,2021-07-28
2021-07-23,38.894045,-77.011447,Ward 6,2021-07-26
2021-07-23,38.911732,-77.009392,Ward 5,2021-07-26
2021-07-23,38.933783,-77.022686,Ward 1,2021-07-26
2021-07-23,38.931759,-77.024820,Ward 1,2021-07-26
2021-07-23,38.946353,-77.023774,Ward 4,2021-07-26
2021-07-23,38.882577,-76.929124,Ward 7,2021-07-28
2021-07-23,38.958518,-77.033050,Ward 4,2021-07-26
2021-07-24,38.963769,-77.012829,Ward 4,2021-07-26
2021-07-24,38.963562,-77.012959,Ward 4,2021-07-26
2021-07-24,38.907932,-77.030981,Ward 2,2021-07-26
2021-07-24,38.963352,-77.012724,Ward 4,2021-07-26
2021-07-24,38.963562,-77.012959,Ward 4,2021-07-26
2021-07-24,38.988619,-77.036976,Ward 4,2021-07-27
2021-07-24,38.893417,-76.987861,Ward 6,2021-07-27
2021-07-24,38.926164,-77.035106,Ward 1,2021-07-27
2021-07-24,38.879109,-77.014062,Ward 6,2021-07-26
2021-07-24,38.964013,-77.012771,Ward 4,2021-07-26
2021-07-24,38.975664,-77.057003,Ward 4,2021-07-26
2021-07-25,38.935370,-77.044937,Ward 1,2021-07-27
2021-07-25,38.899108,-76.998685,Ward 6,2021-07-26
2021-07-25,38.885900,-76.943334,Ward 7,2021-07-27
2021-07-25,38.942757,-77.019249,Ward 4,2021-07-27
2021-07-25,38.912805,-77.011570,Ward 5,2021-07-26
2021-07-25,38.885852,-77.002596,Ward 6,2021-07-26
2021-07-25,38.858576,-76.988886,Ward 8,2021-07-26
2021-07-25,38.895979,-76.976431,Ward 7,2021-07-27
2021-07-25,38.901471,-76.987682,Ward 6,2021-07-27
2021-07-25,38.919829,-77.071571,Ward 3,2021-08-04
2021-07-25,38.893503,-76.915296,Ward 7,2021-07-27
2021-07-25,38.871765,-76.975976,Ward 8,2021-07-28
2021-07-26,38.878449,-76.937762,Ward 7,2021-07-28
2021-07-26,38.883017,-76.983837,Ward 6,2021-07-27
2021-07-26,38.929866,-77.019970,Ward 1,2021-07-27
2021-07-26,38.847952,-76.978957,Ward 8,2021-07-28
2021-07-26,38.883201,-76.983903,Ward 6,2021-07-27
2021-07-26,38.882835,-76.983653,Ward 6,2021-07-27
2021-07-26,38.891527,-76.939206,Ward 7,2021-07-28
2021-07-26,38.964624,-77.033082,Ward 4,2021-07-28
2021-07-26,38.915752,-77.072574,Ward 2,2021-07-28
2021-07-26,38.927068,-76.983720,Ward 5,2021-07-27
2021-07-26,38.917449,-77.040171,Ward 1,2021-07-27
2021-07-26,38.955195,-77.087377,Ward 3,2021-07-30
2021-07-26,38.959491,-77.075666,Ward 3,2021-07-29
2021-07-26,38.878222,-77.019325,Ward 6,2021-07-28
2021-07-26,38.926282,-77.012142,Null,2021-07-27
2021-07-26,38.941467,-76.989028,Ward 5,2021-07-27
2021-07-26,38.951849,-77.023183,Ward 4,2021-07-27
2021-07-26,38.962888,-77.013272,Ward 4,2021-07-27
2021-07-26,38.926924,-77.029418,Ward 1,2021-07-27
2021-07-26,38.940127,-77.018281,Ward 4,2021-07-27
2021-07-26,38.917210,-77.040310,Ward 1,2021-07-27
2021-07-27,38.952466,-77.014022,Ward 4,2021-07-28
2021-07-27,38.877905,-76.999127,Ward 6,2021-07-28
2021-07-27,38.871738,-76.975934,Ward 8,2021-07-28
2021-07-27,38.918277,-77.030876,Ward 1,2021-07-28
2021-07-27,38.924765,-77.027039,Ward 1,2021-07-28
2021-07-27,38.934836,-76.968732,Ward 5,2021-07-28
2021-07-27,38.932511,-76.965795,Ward 5,2021-07-28
2021-07-27,38.885692,-76.987171,Ward 6,2021-07-28
2021-07-28,38.912025,-77.005541,Ward 5,2021-07-29
2021-07-28,38.922887,-76.952712,Ward 5,2021-07-29
2021-07-28,38.885852,-77.002596,Ward 6,2021-07-29
2021-07-28,38.933708,-77.023462,Ward 1,2021-07-29
2021-07-28,38.951908,-77.015640,Ward 4,2021-07-29
2021-07-28,38.882577,-76.929124,Ward 7,2021-07-29
2021-07-28,38.950050,-76.993840,Ward 5,2021-07-29
2021-07-28,38.912813,-77.015938,Ward 5,2021-07-29
2021-07-29,38.892428,-77.000789,Ward 6,2021-07-29
2021-07-29,38.892428,-77.000789,Ward 6,2021-07-29
2021-07-29,38.901471,-76.987682,Ward 6,2021-07-30
2021-07-29,38.902973,-76.991087,Ward 6,2021-07-30
2021-07-29,38.931759,-77.024820,Ward 1,2021-07-30
2021-07-29,38.895003,-77.031353,Ward 2,2021-07-30
2021-07-29,38.965958,-77.021333,Ward 4,2021-07-30
2021-07-29,38.898762,-76.983893,Ward 6,2021-08-03
2021-07-29,38.910945,-77.013000,Ward 5,2021-07-30
2021-07-29,38.962876,-77.011951,Ward 4,2021-07-30
2021-07-29,38.879027,-77.020419,Ward 6,2021-08-02
2021-07-29,38.948992,-77.094568,Ward 3,2021-07-30
2021-07-29,38.927632,-76.961197,Ward 5,2021-08-03
2021-07-29,38.874864,-76.970190,Ward 7,2021-08-03
2021-07-29,38.952210,-77.024614,Ward 4,2021-07-30
2021-07-30,38.973033,-77.060599,Ward 4,2021-08-02
2021-07-30,38.941364,-77.024772,Ward 4,2021-08-03
2021-07-30,38.882594,-76.988946,Ward 6,2021-08-03
2021-07-30,38.959969,-77.022242,Ward 4,2021-08-02
2021-07-30,38.905263,-77.050109,Ward 2,2021-08-02
2021-07-30,38.902973,-76.991087,Ward 6,2021-07-30
2021-07-30,38.952003,-77.022536,Ward 4,2021-08-03
2021-07-30,38.972836,-77.060711,Ward 4,2021-08-02
2021-07-30,38.958277,-77.023914,Ward 4,2021-08-03
2021-07-30,38.951849,-77.023183,Ward 4,2021-08-02
2021-07-30,38.915773,-77.030603,Ward 1,2021-08-02
2021-07-30,38.876136,-77.017955,Ward 6,2021-08-02
2021-07-30,38.950185,-77.018453,Ward 4,2021-08-03
2021-07-30,38.894629,-76.954570,Ward 7,2021-08-03
2021-07-30,38.886177,-76.995508,Ward 6,2021-08-03
2021-07-30,38.960346,-77.002573,Ward 4,2021-08-03
2021-07-30,38.895524,-76.974077,Ward 7,2021-08-03
2021-07-30,38.881709,-77.025982,Ward 6,2021-08-03
2021-07-30,38.917935,-77.007513,Ward 5,2021-08-04
2021-07-30,38.973038,-77.060435,Ward 4,2021-08-02
2021-07-31,38.943163,-77.012710,Ward 4,2021-08-04
2021-07-31,38.896664,-76.982214,Ward 6,2021-08-04
2021-07-31,38.930739,-77.037631,Ward 1,2021-08-04
2021-07-31,38.946498,-77.073886,Ward 3,2021-08-04
2021-07-31,38.970262,-77.031159,Ward 4,2021-08-04
2021-07-31,38.917848,-77.040165,Ward 1,2021-08-04
2021-07-31,38.864883,-76.976316,Ward 8,2021-08-03
2021-07-31,38.947393,-77.038476,Ward 4,2021-08-03
2021-08-01,38.947187,-77.029703,Ward 4,2021-08-02
2021-08-01,38.865676,-76.978041,Ward 8,2021-08-03
2021-08-01,38.926667,-77.009044,Ward 5,2021-08-04
2021-08-01,38.964761,-77.022184,Ward 4,2021-08-04
2021-08-01,38.876752,-77.015614,Ward 6,2021-08-02
2021-08-01,38.912365,-77.032732,Ward 2,2021-08-04
2021-08-01,38.862671,-76.963850,Ward 7,2021-08-05
2021-08-01,38.878222,-77.019325,Ward 6,2021-08-03
2021-08-02,38.863405,-76.964352,Ward 7,2021-08-04
2021-08-02,38.891468,-76.980762,Ward 7,2021-08-04
2021-08-02,38.909116,-77.045591,Ward 2,2021-08-04
2021-08-02,38.905482,-76.933984,Ward 7,2021-08-04
2021-08-02,38.919992,-77.002245,Ward 5,2021-08-04
2021-08-02,38.910220,-77.026216,Ward 6,2021-08-04
2021-08-02,38.887196,-77.020889,Ward 6,2021-08-04
2021-08-02,38.904041,-77.000798,Ward 6,2021-08-04
2021-08-02,38.980196,-77.053862,Ward 4,2021-08-04
2021-08-02,38.934092,-77.022474,Ward 1,2021-08-06
2021-08-02,38.918277,-77.030876,Ward 1,2021-08-06
2021-08-02,38.937039,-76.988248,Ward 5,2021-08-06
2021-08-02,38.930058,-77.020470,Ward 1,2021-08-11
2021-08-02,38.940500,-77.020882,Ward 4,2021-08-06
2021-08-03,38.947216,-77.030140,Ward 4,2021-08-06
2021-08-03,38.904002,-77.049254,Ward 2,2021-08-04
2021-08-03,38.906566,-77.067244,Ward 2,2021-08-06
2021-08-03,38.880279,-77.017124,Ward 6,2021-08-06
2021-08-03,38.948202,-77.017174,Ward 4,2021-08-06
2021-08-03,38.899897,-77.041365,Ward 2,2021-08-04
2021-08-03,38.921297,-76.982420,Ward 5,2021-08-04
2021-08-03,38.927632,-77.024465,Ward 1,2021-08-05
2021-08-03,38.965098,-77.029298,Ward 4,2021-08-04
2021-08-03,38.965979,-77.028288,Ward 4,2021-08-04
2021-08-03,38.869198,-76.943516,Ward 7,2021-08-10
2021-08-03,38.965087,-77.063625,Ward 4,2021-08-04
2021-08-03,38.952825,-77.023633,Ward 4,2021-08-04
2021-08-03,38.934387,-77.025426,Ward 1,2021-08-04
2021-08-03,38.931870,-77.106365,Ward 3,2021-08-10
2021-08-04,38.884879,-77.004790,Ward 6,2021-08-05
2021-08-04,38.923159,-77.038996,Ward 1,2021-08-05
2021-08-04,38.945778,-77.016954,Ward 4,2021-08-05
2021-08-04,38.924015,-77.030965,Ward 1,2021-08-05
2021-08-04,38.919637,-77.062473,Ward 3,2021-08-05
2021-08-04,38.944423,-77.077227,Ward 3,2021-08-05
2021-08-04,38.830769,-77.002538,Ward 8,2021-08-05
2021-08-04,38.912003,-77.034120,Ward 2,2021-08-05
2021-08-04,38.965972,-77.022916,Ward 4,2021-08-05
2021-08-04,38.955400,-77.006259,Null,2021-08-05
2021-08-04,38.919637,-77.062473,Ward 3,2021-08-05
2021-08-04,38.931812,-76.990555,Ward 5,2021-08-05
2021-08-04,38.940584,-77.032025,Ward 4,2021-08-05
2021-08-04,38.955760,-77.004687,Null,2021-08-05
2021-08-04,38.875491,-76.960432,Ward 7,2021-08-10
2021-08-05,38.934023,-77.022895,Ward 1,2021-08-05
2021-08-05,38.946763,-77.036060,Ward 4,2021-08-05
2021-08-05,38.864271,-76.985244,Ward 8,2021-08-12
2021-08-05,38.911143,-76.940249,Ward 7,2021-08-10
2021-08-05,38.897668,-76.930833,Ward 7,2021-08-10
2021-08-05,38.924077,-76.976709,Ward 5,2021-08-06
2021-08-05,38.971056,-77.068436,Ward 4,2021-08-06
2021-08-05,38.892407,-76.989442,Ward 6,2021-08-06
2021-08-05,38.964908,-77.063882,Ward 4,2021-08-06
2021-08-05,38.925772,-76.988541,Ward 5,2021-08-06
2021-08-05,38.930215,-77.030025,Ward 1,2021-08-06
2021-08-05,38.858576,-76.988886,Ward 8,2021-08-06
2021-08-06,38.924807,-77.025385,Ward 1,2021-08-09
2021-08-06,38.943764,-77.085981,Ward 3,2021-08-10
2021-08-06,38.940861,-77.023298,Ward 4,2021-08-10
2021-08-06,38.916816,-77.004441,Ward 5,2021-08-09
2021-08-06,38.886539,-77.002305,Ward 6,2021-08-09
2021-08-06,38.905061,-76.982974,Ward 5,2021-08-10
2021-08-06,38.918304,-77.024111,Ward 1,2021-08-09
2021-08-06,38.943565,-77.086208,Ward 3,2021-08-09
2021-08-06,38.878222,-77.019325,Ward 6,2021-08-10
2021-08-06,38.927938,-76.976949,Ward 5,2021-08-10
2021-08-06,38.919611,-76.987471,Ward 5,2021-08-10
2021-08-06,38.912776,-77.047726,Ward 2,2021-08-09
2021-08-06,38.926699,-77.023726,Ward 1,2021-08-09
2021-08-06,38.963962,-77.006700,Ward 4,2021-08-09
2021-08-07,38.943165,-77.086210,Ward 3,2021-08-10
2021-08-07,38.899951,-76.928080,Ward 7,2021-08-09
2021-08-07,38.882629,-76.982469,Ward 6,2021-08-10
2021-08-07,38.943400,-77.085999,Ward 3,2021-08-10
2021-08-07,38.918614,-77.047940,Ward 2,2021-08-09
2021-08-07,38.931252,-77.019330,Ward 1,2021-08-09
2021-08-07,38.902815,-76.995168,Ward 6,2021-08-10
2021-08-07,38.915055,-77.049796,Ward 2,2021-08-11
2021-08-07,38.916444,-77.004508,Ward 5,2021-08-10
2021-08-07,38.891077,-76.985266,Ward 6,2021-08-10
2021-08-07,38.918614,-77.047940,Null,2021-08-09
2021-08-07,38.900933,-77.053522,Ward 2,2021-08-11
2021-08-07,38.911435,-77.010933,Ward 5,2021-08-09
2021-08-07,38.911435,-77.010933,Ward 5,2021-08-09
2021-08-08,38.921120,-77.032136,Ward 1,2021-08-09
2021-08-08,38.907013,-76.940830,Ward 7,2021-08-09
2021-08-08,38.950499,-77.008864,Null,2021-08-09
2021-08-08,38.929912,-77.019971,Ward 1,2021-08-09
2021-08-08,38.887788,-76.957215,Ward 7,2021-08-10
2021-08-08,38.911435,-77.010933,Ward 5,2021-08-09
2021-08-08,38.949897,-77.014965,Ward 4,2021-08-10
2021-08-08,38.855168,-76.959585,Ward 7,2021-08-12
2021-08-08,38.859339,-76.991865,Ward 8,2021-08-09
2021-08-08,38.883409,-77.019416,Ward 6,2021-08-10
2021-08-08,38.905906,-76.985020,Ward 5,2021-08-10
2021-08-08,38.921660,-77.031930,Ward 1,2021-08-09
2021-08-09,38.943400,-77.085999,Ward 3,2021-08-10
2021-08-09,38.920906,-77.030534,Ward 1,2021-08-12
2021-08-09,38.933419,-77.100227,Ward 3,2021-08-10
2021-08-09,38.931345,-77.086215,Ward 3,2021-08-10
2021-08-09,38.943400,-77.085999,Ward 3,2021-08-10
2021-08-09,38.967798,-77.026441,Ward 4,2021-08-10
2021-08-09,38.912819,-77.005896,Ward 5,2021-08-10
2021-08-09,38.934736,-77.023488,Ward 1,2021-08-11
2021-08-09,38.917000,-77.012153,Ward 5,2021-08-10
2021-08-09,38.911816,-77.011451,Ward 5,2021-08-10
2021-08-09,38.931055,-77.086471,Ward 3,2021-08-10
2021-08-09,38.966895,-77.071521,Ward 3,2021-08-10
2021-08-09,38.924297,-76.988663,Ward 5,2021-08-10
2021-08-09,38.916114,-77.008006,Ward 5,2021-08-10
2021-08-09,38.934380,-77.023411,Ward 1,2021-08-11
2021-08-09,38.943565,-77.086208,Ward 3,2021-08-10
2021-08-09,38.930798,-77.086526,Ward 3,2021-08-10
2021-08-09,38.903737,-77.050763,Ward 2,2021-08-13
2021-08-09,38.931055,-77.086471,Ward 3,2021-08-10
2021-08-09,38.964333,-77.033042,Ward 4,2021-08-10
2021-08-09,38.911435,-77.010933,Ward 5,2021-08-10
2021-08-09,38.931055,-77.086471,Ward 3,2021-08-10
2021-08-10,38.946520,-77.086458,Ward 3,2021-08-10
2021-08-10,38.941786,-77.015627,Ward 4,2021-08-10
2021-08-10,38.911435,-77.010933,Ward 5,2021-08-10
2021-08-10,38.912819,-77.005896,Ward 5,2021-08-11
2021-08-10,38.945606,-77.082813,Ward 3,2021-08-11
2021-08-10,38.916120,-77.008384,Ward 5,2021-08-11
2021-08-10,38.919637,-77.062473,Ward 3,2021-08-12
2021-08-10,38.943165,-77.086210,Ward 3,2021-08-11
2021-08-10,38.900978,-77.000348,Ward 6,2021-08-11
2021-08-10,38.913439,-77.016856,Ward 5,2021-08-11
2021-08-10,38.912813,-77.015463,Ward 5,2021-08-11
2021-08-10,38.895003,-77.031353,Ward 2,2021-08-11
2021-08-10,38.936353,-76.991661,Ward 5,2021-08-11
2021-08-10,38.919676,-77.032639,Ward 1,2021-08-11
2021-08-10,38.947379,-77.028590,Ward 4,2021-08-11
2021-08-10,38.947193,-77.028244,Ward 4,2021-08-11
2021-08-10,38.969560,-77.009283,Ward 4,2021-08-11
2021-08-11,38.907245,-77.046639,Ward 2,2021-08-11
2021-08-11,38.963845,-77.058978,Ward 4,2021-08-12
2021-08-11,38.963929,-77.058499,Ward 4,2021-08-12
2021-08-11,38.964163,-77.058980,Ward 4,2021-08-12
2021-08-11,38.963929,-77.058499,Ward 4,2021-08-13
2021-08-11,38.894646,-76.997588,Ward 6,2021-08-12
2021-08-11,38.882641,-76.982894,Ward 6,2021-08-13
2021-08-11,38.868847,-76.943008,Ward 7,2021-08-12
2021-08-11,38.899946,-76.950551,Ward 7,2021-08-12
2021-08-11,38.915190,-77.003207,Ward 5,2021-08-12
2021-08-11,38.890076,-76.991817,Ward 6,2021-08-12
2021-08-11,38.913394,-77.016733,Ward 5,2021-08-13
2021-08-11,38.989834,-77.047045,Ward 4,2021-08-16
2021-08-11,38.918343,-77.003273,Ward 5,2021-08-12
2021-08-11,38.960524,-77.001905,Ward 4,2021-08-12
2021-08-12,38.908898,-77.013226,Ward 5,2021-08-13
2021-08-12,38.924503,-77.028758,Ward 1,2021-08-13
2021-08-12,38.871941,-76.971195,Ward 8,2021-08-13
2021-08-12,38.940643,-77.020759,Ward 4,2021-08-13
2021-08-12,38.900968,-76.999754,Ward 6,2021-08-16
2021-08-12,38.930058,-77.020470,Ward 1,2021-08-13
2021-08-12,38.973033,-77.060599,Ward 4,2021-08-13
2021-08-12,38.930979,-77.021169,Ward 1,2021-08-13
2021-08-12,38.928166,-77.041245,Ward 1,2021-08-13
2021-08-12,38.973033,-77.060599,Ward 4,2021-08-13
2021-08-12,38.882835,-76.983653,Ward 6,2021-08-13
2021-08-12,38.906580,-77.067319,Ward 2,2021-08-16
2021-08-13,38.917004,-77.038472,Null,2021-08-16
2021-08-13,38.951935,-77.017791,Ward 4,2021-08-16
2021-08-13,38.870903,-76.973458,Ward 8,2021-08-16
2021-08-13,38.947317,-77.040743,Ward 4,2021-08-16
2021-08-13,38.942124,-77.023909,Ward 4,2021-08-16
2021-08-13,38.883150,-76.983416,Ward 6,2021-08-17
2021-08-13,38.947317,-77.040743,Ward 4,2021-08-16
2021-08-13,38.915299,-77.019131,Ward 1,2021-08-16
2021-08-13,38.931091,-77.022716,Ward 1,2021-08-16
2021-08-13,38.894975,-76.979878,Ward 6,2021-08-16
2021-08-13,38.946683,-77.040630,Ward 4,2021-08-16
2021-08-13,38.931091,-77.022716,Ward 1,2021-08-16
2021-08-13,38.961055,-77.003199,Ward 4,2021-08-16
2021-08-13,38.946802,-77.040488,Ward 4,2021-08-16
2021-08-13,38.942866,-77.020536,Ward 4,2021-08-16
2021-08-13,38.938598,-77.017242,Ward 4,2021-08-16
2021-08-13,38.931556,-77.026879,Ward 1,2021-08-16
2021-08-13,38.946802,-77.040488,Ward 4,2021-08-16
2021-08-13,38.947351,-77.040289,Ward 4,2021-08-16
2021-08-13,38.871346,-76.969325,Ward 7,2021-08-16
2021-08-14,38.937161,-77.030003,Ward 4,2021-08-16
2021-08-14,38.886661,-76.991786,Ward 6,2021-08-17
2021-08-14,38.908898,-77.013226,Ward 5,2021-08-16
2021-08-14,38.917207,-77.009711,Ward 5,2021-08-16
2021-08-14,38.876644,-77.014954,Ward 6,2021-08-17
2021-08-14,38.895133,-76.949160,Ward 7,2021-08-17
2021-08-14,38.947130,-77.008260,Ward 5,2021-08-16
2021-08-14,38.934064,-77.022526,Ward 1,2021-08-16
2021-08-14,38.937453,-77.019588,Ward 4,2021-08-16
2021-08-14,38.975511,-77.026423,Ward 4,2021-08-16
2021-08-14,38.876752,-77.015614,Ward 6,2021-08-19
2021-08-14,38.926268,-77.025584,Ward 1,2021-08-16
2021-08-14,38.897852,-76.947083,Ward 7,2021-08-17
2021-08-15,38.890076,-76.991817,Ward 6,2021-08-17
2021-08-15,38.946077,-77.041335,Ward 4,2021-08-16
2021-08-15,38.934158,-77.028810,Ward 1,2021-08-16
2021-08-15,38.925725,-76.999254,Ward 5,2021-08-17
2021-08-15,38.929912,-77.019971,Ward 1,2021-08-16
2021-08-15,38.929894,-77.042400,Ward 1,2021-08-16
2021-08-15,38.945796,-76.977556,Ward 5,2021-08-17
2021-08-16,38.968107,-77.069735,Ward 3,2021-08-23
2021-08-16,38.947317,-77.040743,Ward 4,2021-08-16
2021-08-16,38.926224,-77.025578,Ward 1,2021-08-16
2021-08-16,38.896274,-76.975795,Ward 7,2021-08-17
2021-08-16,38.854136,-76.990452,Ward 8,2021-08-17
2021-08-16,38.896235,-76.975861,Ward 7,2021-08-17
2021-08-16,38.951739,-77.024326,Ward 4,2021-08-17
2021-08-16,38.919551,-77.048092,Ward 1,2021-08-18
2021-08-16,38.949850,-77.016100,Ward 4,2021-08-17
2021-08-16,38.980524,-77.054929,Ward 4,2021-08-17
2021-08-16,38.925162,-76.998209,Ward 5,2021-08-17
2021-08-16,38.917671,-77.040213,Ward 1,2021-08-18
2021-08-17,38.840023,-76.993872,Ward 8,2021-08-19
2021-08-17,38.911700,-77.005826,Ward 5,2021-08-18
2021-08-17,38.915974,-77.032764,Ward 2,2021-08-23
2021-08-17,38.930099,-76.983990,Ward 5,2021-08-18
2021-08-17,38.897073,-76.975803,Ward 7,2021-08-19
2021-08-17,38.931091,-77.022716,Ward 1,2021-08-18
2021-08-17,38.931060,-77.023056,Ward 1,2021-08-18
2021-08-17,38.931295,-77.021011,Ward 1,2021-08-18
2021-08-17,38.917970,-77.038733,Ward 1,2021-08-18
2021-08-17,38.914876,-77.090832,Ward 3,2021-08-20
2021-08-17,38.896717,-76.919412,Ward 7,2021-08-19
2021-08-17,38.951739,-77.024326,Ward 4,2021-08-18
2021-08-17,38.900692,-77.051831,Ward 2,2021-08-18
2021-08-17,38.894976,-76.980252,Ward 6,2021-08-19
2021-08-17,38.926626,-77.052963,Ward 3,2021-08-18
2021-08-18,38.893584,-76.980433,Ward 7,2021-08-19
2021-08-18,38.900368,-76.943017,Ward 7,2021-08-19
2021-08-18,38.908743,-77.046091,Ward 2,2021-08-19
2021-08-18,38.885624,-76.991790,Ward 6,2021-08-19
2021-08-18,38.924170,-76.992654,Ward 5,2021-08-19
2021-08-18,38.912360,-77.043692,Ward 2,2021-08-19
2021-08-18,38.908374,-77.009814,Ward 5,2021-08-19
2021-08-19,38.926626,-77.052963,Ward 3,2021-08-23
2021-08-19,38.959500,-77.032300,Ward 4,2021-08-24
2021-08-19,38.885497,-77.004812,Ward 6,2021-08-25
2021-08-19,38.914876,-77.090832,Ward 3,2021-08-20
2021-08-19,38.848294,-76.999690,Ward 8,2021-08-23
2021-08-19,38.914876,-77.090832,Ward 3,2021-08-20
2021-08-19,38.848070,-76.999233,Ward 8,2021-08-23
2021-08-19,38.913944,-77.089349,Ward 3,2021-08-20
2021-08-19,38.914340,-77.090745,Ward 3,2021-08-20
2021-08-19,38.870903,-76.973458,Ward 8,2021-08-20
2021-08-19,38.848257,-76.999560,Ward 8,2021-08-23
2021-08-19,38.928345,-77.022667,Ward 1,2021-08-23
2021-08-19,38.932635,-77.077970,Ward 3,2021-08-20
2021-08-19,38.961828,-76.999585,Ward 4,2021-08-23
2021-08-19,38.914675,-77.091233,Ward 3,2021-08-20
2021-08-20,38.911747,-77.032475,Ward 2,2021-08-24
2021-08-20,38.931462,-76.964254,Ward 5,2021-08-24
2021-08-20,38.929277,-77.021602,Ward 1,2021-08-23
2021-08-20,38.909850,-77.040342,Ward 2,2021-08-23
2021-08-20,38.896717,-76.919412,Ward 7,2021-08-24
2021-08-20,38.870903,-76.973458,Ward 8,2021-08-23
2021-08-20,38.854033,-76.984119,Ward 8,2021-08-23
2021-08-20,38.931582,-77.027967,Ward 1,2021-08-23
2021-08-20,38.839280,-77.005426,Ward 8,2021-08-23
2021-08-20,38.959737,-77.066885,Ward 3,2021-08-26
2021-08-20,38.931582,-77.027967,Ward 1,2021-08-23
2021-08-20,38.926483,-77.030752,Ward 1,2021-08-23
2021-08-20,38.899292,-76.984763,Ward 6,2021-08-24
2021-08-21,38.942381,-77.008034,Ward 5,2021-08-23
2021-08-21,38.917861,-77.007252,Ward 5,2021-08-23
2021-08-21,38.900385,-77.052441,Ward 2,2021-08-25
2021-08-21,38.912096,-77.011678,Ward 5,2021-08-23
2021-08-21,38.912117,-77.012157,Ward 5,2021-08-23
2021-08-21,38.934140,-77.022269,Ward 1,2021-08-23
2021-08-21,38.890077,-76.944288,Ward 7,2021-08-23
2021-08-21,38.946452,-76.996433,Ward 5,2021-08-23
2021-08-21,38.934078,-77.022665,Ward 1,2021-08-23
2021-08-21,38.930072,-77.100794,Ward 3,2021-08-26
2021-08-21,38.904962,-76.985854,Ward 5,2021-08-23
2021-08-21,38.912367,-77.008388,Ward 5,2021-08-23
2021-08-21,38.942529,-76.989981,Ward 5,2021-08-23
2021-08-22,38.928673,-77.019933,Ward 1,2021-08-23
2021-08-22,38.920040,-76.988117,Ward 5,2021-08-23
2021-08-22,38.962766,-77.073822,Ward 3,2021-08-26
2021-08-22,38.961035,-77.005499,Ward 4,2021-08-23
2021-08-22,38.924744,-77.024759,Ward 1,2021-08-23
2021-08-22,38.923497,-77.037171,Ward 1,2021-08-23
2021-08-22,38.903889,-76.978043,Ward 5,2021-08-23
2021-08-22,38.909799,-77.048341,Ward 2,2021-08-25
2021-08-22,38.903532,-76.979273,Ward 5,2021-08-24
2021-08-22,38.955340,-77.027203,Ward 4,2021-08-23
2021-08-22,38.895673,-76.956350,Ward 7,2021-08-24
2021-08-23,38.909491,-77.024186,Ward 2,2021-08-24
2021-08-23,38.917510,-77.097205,Ward 3,2021-08-24
2021-08-23,38.912834,-77.041907,Ward 2,2021-08-25
2021-08-23,38.868681,-76.985902,Ward 8,2021-08-24
2021-08-23,38.913012,-77.063900,Ward 2,2021-08-24
2021-08-23,38.916729,-77.007117,Ward 5,2021-08-24
2021-08-23,38.937670,-77.034647,Ward 4,2021-08-26
2021-08-24,38.867327,-76.974735,Ward 8,2021-08-25
2021-08-24,38.952613,-77.009797,Ward 4,2021-08-25
2021-08-24,38.943089,-77.013786,Ward 4,2021-08-26
2021-08-24,38.909842,-77.040674,Ward 2,2021-08-25
2021-08-24,38.916146,-77.027854,Ward 1,2021-08-25
2021-08-24,38.908198,-76.931458,Ward 7,2021-08-26
2021-08-24,38.969224,-77.030811,Ward 4,2021-08-25
2021-08-24,38.931369,-77.078784,Ward 3,2021-08-25
2021-08-24,38.906961,-76.931152,Ward 7,2021-08-25
2021-08-24,38.917573,-77.041903,Ward 1,2021-08-26
2021-08-24,38.952311,-77.018771,Ward 4,2021-08-26
2021-08-24,38.906647,-76.941694,Ward 7,2021-08-25
2021-08-24,38.908416,-77.046263,Ward 2,2021-08-26
2021-08-24,38.917660,-77.034812,Ward 1,2021-08-25
2021-08-25,38.932801,-77.021807,Ward 1,2021-08-27
2021-08-25,38.924744,-77.024759,Ward 1,2021-08-26
2021-08-25,38.912390,-77.064219,Ward 2,2021-08-26
2021-08-25,38.900968,-76.999754,Ward 6,2021-08-27
2021-08-25,38.931662,-76.969602,Ward 5,2021-08-26
2021-08-25,38.893799,-76.980506,Ward 7,2021-08-26
2021-08-25,38.912390,-77.064219,Ward 2,2021-08-26
2021-08-25,38.891819,-77.002292,Ward 6,2021-08-26
2021-08-25,38.899713,-76.921437,Ward 7,2021-08-27
2021-08-25,38.944481,-77.016346,Ward 4,2021-08-26
2021-08-25,38.931510,-77.033181,Ward 1,2021-08-26
2021-08-25,38.848217,-76.981197,Ward 8,2021-08-27
2021-08-25,38.940544,-76.994622,Ward 5,2021-08-27
2021-08-25,38.952759,-77.026386,Ward 4,2021-08-26
2021-08-25,38.910070,-77.026739,Ward 6,2021-08-26
2021-08-25,38.951995,-77.017061,Ward 4,2021-08-26
2021-08-26,38.935888,-76.991745,Ward 5,2021-08-26
2021-08-26,38.927487,-76.963588,Ward 5,2021-08-27
2021-08-26,38.931135,-77.027817,Ward 1,2021-08-27
2021-08-26,38.899575,-76.921594,Ward 7,2021-08-27
2021-08-26,38.896253,-76.980276,Ward 6,2021-08-27
2021-08-26,38.842221,-76.999298,Ward 8,2021-08-27
2021-08-26,38.894013,-76.984378,Ward 6,2021-08-27
2021-08-26,38.892544,-76.921157,Ward 7,2021-08-27
2021-08-26,38.952759,-77.026386,Ward 4,2021-08-30
2021-08-26,38.893799,-76.980506,Ward 7,2021-08-27
2021-08-26,38.901517,-77.024405,Ward 2,2021-08-31
2021-08-26,38.928438,-77.021772,Ward 1,2021-08-30
2021-08-26,38.927497,-76.964270,Ward 5,2021-08-27
2021-08-26,38.876434,-76.940723,Ward 7,2021-08-27
2021-08-26,38.932116,-77.031035,Ward 1,2021-08-30
2021-08-27,38.913090,-77.041965,Ward 2,2021-08-31
2021-08-27,38.913282,-77.041873,Ward 2,2021-08-31
2021-08-27,38.949563,-77.023939,Ward 4,2021-08-30
2021-08-27,38.926140,-77.008140,Ward 5,2021-08-30
2021-08-27,38.971852,-77.069811,Ward 4,2021-08-30
2021-08-27,38.910882,-77.018002,Ward 6,2021-08-30
2021-08-27,38.896530,-76.980010,Ward 6,2021-08-30
2021-08-27,38.894020,-76.987467,Ward 6,2021-08-31
2021-08-27,38.848217,-76.981197,Ward 8,2021-08-31
2021-08-27,38.894110,-76.984365,Ward 6,2021-08-31
2021-08-28,38.896520,-76.980602,Ward 6,2021-08-31
2021-08-28,38.915797,-77.041230,Ward 2,2021-08-30
2021-08-28,38.902757,-76.995694,Ward 6,2021-08-31
2021-08-28,38.933126,-77.036934,Ward 1,2021-08-31
2021-08-28,38.968837,-77.070586,Ward 3,2021-08-30
2021-08-28,38.893575,-76.985509,Ward 6,2021-08-31
2021-08-29,38.851194,-76.972827,Ward 8,2021-08-31
2021-08-29,38.874962,-76.967273,Ward 7,2021-08-30
2021-08-29,38.970670,-77.014770,Ward 4,2021-09-01
2021-08-29,38.897242,-76.975468,Ward 7,2021-08-30
2021-08-29,38.913874,-77.009702,Ward 5,2021-08-30
2021-08-29,38.900385,-77.052441,Ward 2,2021-09-02
2021-08-29,38.885577,-77.001817,Ward 6,2021-09-01
2021-08-30,38.917421,-77.018246,Ward 1,2021-08-31
2021-08-30,38.897242,-76.975468,Ward 7,2021-08-30
2021-08-30,38.941786,-77.015627,Ward 4,2021-08-31
2021-08-30,38.892544,-76.921157,Ward 7,2021-08-31
2021-08-30,38.965121,-77.028793,Ward 4,2021-08-31
2021-08-30,38.927874,-77.024099,Ward 1,2021-08-31
2021-08-30,38.949563,-77.023939,Ward 4,2021-08-31
2021-08-30,38.900973,-76.999225,Ward 6,2021-08-31
2021-08-30,38.940638,-77.016386,Ward 4,2021-08-31
2021-08-30,38.915337,-77.019244,Ward 1,2021-08-31
2021-08-30,38.858110,-76.955970,Ward 7,2021-09-02
2021-08-30,38.968837,-77.070586,Ward 3,2021-09-02
2021-08-31,38.833636,-76.999071,Ward 8,2021-09-03
2021-08-31,38.913907,-77.009600,Ward 5,2021-09-02
2021-08-31,38.913907,-77.009600,Ward 5,2021-09-02
2021-08-31,38.937496,-77.022374,Ward 4,2021-09-01
2021-08-31,38.893584,-76.980433,Ward 7,2021-09-01
2021-08-31,38.903565,-77.050672,Ward 2,2021-09-01
2021-08-31,38.878582,-76.989083,Ward 6,2021-09-01
2021-08-31,38.828078,-77.013360,Ward 8,2021-09-01
2021-08-31,38.926742,-77.029707,Ward 1,2021-09-01
2021-08-31,38.896811,-76.973283,Ward 7,2021-09-01
2021-08-31,38.879766,-76.962489,Ward 7,2021-09-01
2021-08-31,38.897002,-76.973655,Ward 7,2021-09-01
2021-08-31,38.904241,-76.983390,Ward 5,2021-09-01
2021-08-31,38.950799,-77.020441,Ward 4,2021-09-02
2021-09-01,38.882866,-76.993992,Ward 6,2021-09-08
2021-09-01,38.896870,-76.998670,Ward 6,2021-09-02
2021-09-01,38.907433,-77.033900,Ward 2,2021-09-03
2021-09-01,38.909829,-77.011916,Ward 5,2021-09-02
2021-09-01,38.963885,-77.062034,Ward 4,2021-09-07
2021-09-01,38.965430,-77.033419,Ward 4,2021-09-02
2021-09-01,38.933814,-77.022342,Ward 1,2021-09-02
2021-09-01,38.933705,-77.021520,Ward 1,2021-09-02
2021-09-01,38.926169,-77.034953,Ward 1,2021-09-02
2021-09-01,38.937420,-77.025596,Ward 4,2021-09-02
2021-09-01,38.948105,-76.980888,Ward 5,2021-09-02
2021-09-02,38.916437,-77.030920,Ward 1,2021-09-02
2021-09-02,38.870484,-76.944960,Ward 7,2021-09-03
2021-09-02,38.872450,-76.964494,Ward 7,2021-09-08
2021-09-02,38.924614,-77.040203,Ward 1,2021-09-03
2021-09-02,38.933703,-77.028809,Ward 1,2021-09-03
2021-09-02,38.896912,-76.999258,Ward 6,2021-09-03
2021-09-02,38.965424,-77.036384,Ward 4,2021-09-03
2021-09-02,38.929899,-77.030014,Ward 1,2021-09-03
2021-09-02,38.964827,-77.036384,Ward 4,2021-09-03
2021-09-02,38.965062,-77.035378,Ward 4,2021-09-03
2021-09-02,38.939997,-77.022325,Ward 4,2021-09-03
2021-09-02,38.930731,-76.991388,Ward 5,2021-09-03
2021-09-02,38.909829,-77.011916,Ward 5,2021-09-06
2021-09-02,38.933798,-77.022532,Ward 1,2021-09-03
2021-09-02,38.884084,-76.996515,Ward 6,2021-09-03
2021-09-02,38.933416,-77.024281,Ward 1,2021-09-07
2021-09-02,38.935075,-77.027433,Ward 1,2021-09-03
2021-09-02,38.933798,-77.022532,Ward 1,2021-09-03
2021-09-02,38.918311,-77.029360,Ward 1,2021-09-03
2021-09-03,38.884308,-76.985268,Ward 6,2021-09-08
2021-09-03,38.952709,-77.015674,Ward 4,2021-09-07
2021-09-03,38.939542,-77.025796,Ward 4,2021-09-07
2021-09-03,38.895647,-76.918922,Ward 7,2021-09-08
2021-09-03,38.890077,-76.944288,Ward 7,2021-09-08
2021-09-03,38.921007,-77.039465,Ward 1,2021-09-07
2021-09-03,38.881424,-76.994693,Ward 6,2021-09-08
2021-09-03,38.916485,-77.002482,Ward 5,2021-09-07
2021-09-03,38.896309,-76.987939,Ward 6,2021-09-08
2021-09-04,38.942249,-77.023109,Ward 4,2021-09-07
2021-09-04,38.915763,-77.032856,Ward 2,2021-09-07
2021-09-04,38.910285,-77.060574,Ward 2,2021-09-07
2021-09-04,38.906381,-77.026212,Ward 2,2021-09-07
2021-09-04,38.897279,-76.977888,Ward 6,2021-09-08
2021-09-04,38.871527,-76.968969,Ward 7,2021-09-09
2021-09-04,38.916120,-77.008384,Ward 5,2021-09-08
2021-09-04,38.923014,-77.043129,Ward 1,2021-09-07
2021-09-05,38.959822,-77.083103,Ward 3,2021-09-07
2021-09-05,38.894975,-76.980129,Ward 6,2021-09-08
2021-09-05,38.915768,-77.031050,Ward 1,2021-09-07
2021-09-05,38.920064,-77.025724,Ward 1,2021-09-07
2021-09-05,38.929870,-77.021295,Ward 1,2021-09-07
2021-09-05,38.914083,-77.025990,Null,2021-09-07
2021-09-05,38.912380,-77.039151,Ward 2,2021-09-07
2021-09-05,38.926552,-77.029383,Ward 1,2021-09-07
2021-09-05,38.926924,-77.029418,Ward 1,2021-09-07
2021-09-05,38.943379,-77.090319,Ward 3,2021-09-07
2021-09-06,38.837760,-77.005361,Ward 8,2021-09-08
2021-09-06,38.894280,-76.978774,Ward 6,2021-09-08
2021-09-06,38.881448,-76.992473,Ward 6,2021-09-08
2021-09-06,38.911631,-77.043718,Ward 2,2021-09-07
2021-09-06,38.925962,-77.023340,Ward 1,2021-09-07
2021-09-06,38.944057,-77.013579,Ward 4,2021-09-07
2021-09-06,38.879752,-76.931293,Ward 7,2021-09-08
2021-09-06,38.912380,-77.039151,Ward 2,2021-09-07
2021-09-06,38.834583,-76.990555,Ward 8,2021-09-08
2021-09-06,38.932791,-77.028488,Ward 1,2021-09-07
2021-09-06,38.837760,-77.005361,Ward 8,2021-09-08
2021-09-06,38.842243,-76.986363,Ward 8,2021-09-08
2021-09-07,38.863389,-76.989329,Ward 8,2021-09-08
2021-09-07,38.861222,-76.956588,Ward 7,2021-09-08
2021-09-07,38.837764,-77.005188,Ward 8,2021-09-08
2021-09-07,38.883925,-77.017556,Ward 6,2021-09-09
2021-09-07,38.895916,-76.983401,Ward 6,2021-09-08
2021-09-07,38.909415,-77.081789,Ward 3,2021-09-09
2021-09-07,38.897421,-76.976573,Ward 7,2021-09-08
2021-09-07,38.834919,-76.989245,Ward 8,2021-09-08
2021-09-07,38.907567,-77.018694,Ward 6,2021-09-09
2021-09-07,38.938114,-77.029020,Ward 4,2021-09-09
2021-09-07,38.931666,-77.034545,Ward 1,2021-09-09
2021-09-07,38.932582,-77.109415,Ward 3,2021-09-09
2021-09-07,38.912422,-77.059711,Ward 2,2021-09-09
2021-09-07,38.935678,-77.025154,Ward 4,2021-09-09
2021-09-07,38.951527,-77.022310,Ward 4,2021-09-09
2021-09-07,38.926287,-77.051614,Ward 3,2021-09-09
2021-09-07,38.936312,-77.030653,Ward 1,2021-09-09
2021-09-08,38.933375,-77.039024,Ward 1,2021-09-09
2021-09-08,38.918519,-77.042407,Ward 1,2021-09-09
2021-09-08,38.944892,-77.039208,Ward 4,2021-09-09
2021-09-08,38.894361,-76.936938,Ward 7,2021-09-09
2021-09-08,38.948006,-77.017165,Ward 4,2021-09-09
2021-09-08,38.952809,-77.015686,Ward 4,2021-09-09
2021-09-08,38.886831,-76.992874,Ward 6,2021-09-09
2021-09-08,38.909487,-77.030728,Ward 2,2021-09-09
2021-09-08,38.922704,-77.022583,Ward 1,2021-09-09
2021-09-09,38.912409,-77.011861,Ward 5,2021-09-10
2021-09-09,38.878235,-76.989122,Ward 6,2021-09-10
2021-09-09,38.948761,-77.015490,Ward 4,2021-09-10
2021-09-09,38.912354,-77.005041,Ward 5,2021-09-10
2021-09-09,38.916434,-77.031114,Ward 1,2021-09-10
2021-09-09,38.916434,-77.031114,Ward 1,2021-09-10
2021-09-09,38.963375,-77.036043,Ward 4,2021-09-10
2021-09-09,38.981389,-77.056746,Ward 4,2021-09-10
2021-09-09,38.920744,-76.987795,Ward 5,2021-09-10
2021-09-09,38.898559,-76.927652,Ward 7,2021-09-10
2021-09-10,38.927356,-77.056175,Ward 3,2021-09-14
2021-09-10,38.937412,-77.031567,Ward 4,2021-09-13
2021-09-10,38.935699,-77.023619,Ward 1,2021-09-13
2021-09-10,38.915756,-77.012781,Ward 5,2021-09-13
2021-09-10,38.895307,-76.974132,Ward 7,2021-09-13
2021-09-10,38.907872,-77.033600,Ward 2,2021-09-13
2021-09-10,38.931328,-76.974775,Ward 5,2021-09-14
2021-09-10,38.902438,-76.943840,Ward 7,2021-09-13
2021-09-10,38.962194,-77.020764,Ward 4,2021-09-13
2021-09-10,38.840910,-76.991538,Ward 8,2021-09-13
2021-09-11,38.922538,-77.002857,Ward 5,2021-09-13
2021-09-11,38.914219,-77.014795,Ward 5,2021-09-13
2021-09-11,38.897720,-77.002274,Ward 6,2021-09-14
2021-09-11,38.910219,-77.038779,Ward 2,2021-09-13
2021-09-11,38.971765,-77.010859,Ward 4,2021-09-13
2021-09-11,38.897375,-76.971654,Ward 7,2021-09-14
2021-09-11,38.871965,-76.989817,Ward 6,2021-09-13
2021-09-11,38.917863,-77.093863,Ward 3,2021-09-14
2021-09-11,38.915795,-77.030859,Ward 1,2021-09-13
2021-09-11,38.894623,-76.985788,Ward 6,2021-09-14
2021-09-11,38.839988,-76.995825,Ward 8,2021-09-14
2021-09-11,38.891533,-76.989965,Ward 6,2021-09-13
2021-09-11,38.935396,-77.037047,Ward 1,2021-09-13
2021-09-11,38.943556,-77.090317,Ward 3,2021-09-13
2021-09-11,38.931307,-76.973529,Ward 5,2021-09-14
2021-09-11,38.852695,-76.971988,Ward 8,2021-09-14
2021-09-11,38.852545,-76.972421,Ward 8,2021-09-14
2021-09-12,38.952906,-77.027572,Ward 4,2021-09-13
2021-09-12,38.926914,-76.970376,Ward 5,2021-09-14
2021-09-12,38.898280,-76.981357,Ward 6,2021-09-14
2021-09-12,38.889121,-76.988315,Ward 6,2021-09-13
2021-09-12,38.949125,-77.090864,Ward 3,2021-09-13
2021-09-12,38.912032,-77.006368,Ward 5,2021-09-13
2021-09-12,38.966940,-77.070190,Ward 3,2021-09-14
2021-09-12,38.914276,-77.010170,Ward 5,2021-09-13
2021-09-12,38.893800,-76.980102,Ward 6,2021-09-14
2021-09-12,38.917956,-77.030289,Ward 1,2021-09-13
2021-09-12,38.915416,-77.030083,Ward 1,2021-09-13
2021-09-12,38.914955,-77.012842,Ward 5,2021-09-13
2021-09-12,38.894280,-76.978774,Ward 6,2021-09-14
2021-09-12,38.876482,-77.005873,Ward 6,2021-09-13
2021-09-12,38.884681,-77.017557,Ward 6,2021-09-13
2021-09-12,38.921188,-77.072437,Ward 3,2021-09-14
2021-09-13,38.852545,-76.972421,Ward 8,2021-09-14
2021-09-13,38.919379,-77.027412,Ward 1,2021-09-14
2021-09-13,38.874470,-77.010445,Ward 6,2021-09-14
2021-09-13,38.930909,-77.021999,Ward 1,2021-09-14
2021-09-13,38.952144,-76.994408,Ward 5,2021-09-14
2021-09-13,38.951698,-76.994814,Ward 5,2021-09-14
2021-09-13,38.914695,-77.035274,Ward 2,2021-09-14
2021-09-13,38.952144,-76.994408,Ward 5,2021-09-14
2021-09-13,38.952153,-76.994220,Ward 5,2021-09-14
2021-09-13,38.826078,-76.996120,Ward 8,2021-09-14
2021-09-13,38.874638,-77.010648,Ward 6,2021-09-14
2021-09-13,38.951866,-76.996990,Ward 5,2021-09-14
2021-09-13,38.917878,-77.006624,Ward 5,2021-09-14
2021-09-13,38.952102,-76.994632,Ward 5,2021-09-14
2021-09-13,38.952134,-76.994469,Ward 5,2021-09-14
2021-09-13,38.918538,-77.037839,Ward 1,2021-09-14
2021-09-13,38.897533,-77.001527,Ward 6,2021-09-14
2021-09-13,38.952144,-76.994408,Ward 5,2021-09-14
2021-09-13,38.896340,-76.972941,Ward 7,2021-09-14
2021-09-13,38.886831,-76.992874,Ward 6,2021-09-14
2021-09-13,38.913899,-77.014396,Ward 5,2021-09-14
2021-09-13,38.952144,-76.994408,Ward 5,2021-09-14
2021-09-13,38.874470,-77.010445,Ward 6,2021-09-14
2021-09-14,38.945721,-77.087509,Ward 3,2021-09-14
2021-09-14,38.874638,-77.010648,Ward 6,2021-09-14
2021-09-14,38.959969,-77.022242,Ward 4,2021-09-15
2021-09-14,38.884412,-76.995534,Ward 6,2021-09-15
2021-09-14,38.897603,-77.001390,Ward 6,2021-09-15
2021-09-14,38.875967,-76.957133,Ward 7,2021-09-15
2021-09-14,38.926699,-77.023726,Ward 1,2021-09-15
2021-09-14,38.899230,-76.990240,Ward 6,2021-09-15
2021-09-14,38.829999,-77.009342,Ward 8,2021-09-15
2021-09-14,38.881907,-76.992424,Ward 6,2021-09-15
2021-09-14,38.940741,-77.020228,Ward 4,2021-09-15
2021-09-14,38.926124,-77.034828,Ward 1,2021-09-15
2021-09-14,38.852545,-76.972421,Ward 8,2021-09-15
2021-09-14,38.928683,-77.019873,Ward 1,2021-09-15
2021-09-14,38.871696,-76.960679,Ward 7,2021-09-15
2021-09-15,38.944049,-76.981470,Ward 5,2021-09-15
2021-09-15,38.864789,-76.985487,Ward 8,2021-09-16
2021-09-15,38.952607,-77.012549,Ward 4,2021-09-16
2021-09-15,38.883351,-76.983089,Ward 6,2021-09-16
2021-09-15,38.881946,-76.992425,Ward 6,2021-09-16
2021-09-15,38.933798,-77.022532,Ward 1,2021-09-16
2021-09-15,38.926124,-77.034828,Ward 1,2021-09-16
2021-09-15,38.925398,-76.969841,Ward 5,2021-09-16
2021-09-15,38.915821,-77.039640,Ward 2,2021-09-16
2021-09-15,38.930278,-77.038623,Ward 1,2021-09-16
2021-09-15,38.925389,-76.969953,Ward 5,2021-09-16
2021-09-15,38.896494,-76.982044,Ward 6,2021-09-16
2021-09-16,38.829857,-76.994431,Ward 8,2021-09-16
2021-09-16,38.889514,-76.993023,Ward 6,2021-09-16
2021-09-16,38.913950,-77.014408,Ward 5,2021-09-16
2021-09-16,38.906723,-77.013161,Ward 5,2021-09-17
2021-09-16,38.897531,-76.996998,Ward 6,2021-09-17
2021-09-16,38.926763,-77.025400,Ward 1,2021-09-17
2021-09-16,38.927057,-77.025229,Ward 1,2021-09-17
2021-09-16,38.894962,-76.987016,Ward 6,2021-09-17
2021-09-16,38.881066,-76.997178,Ward 6,2021-09-17
2021-09-16,38.924744,-77.024759,Ward 1,2021-09-17
2021-09-17,38.910804,-77.027838,Ward 2,2021-09-20
2021-09-17,38.891454,-76.958336,Ward 7,2021-09-21
2021-09-17,38.916449,-77.039989,Ward 2,2021-09-20
2021-09-17,38.879522,-76.984413,Ward 6,2021-09-21
2021-09-17,38.893585,-76.934874,Ward 7,2021-09-21
2021-09-17,38.916773,-77.040027,Ward 2,2021-09-21
2021-09-17,38.953649,-77.022180,Ward 4,2021-09-20
2021-09-17,38.922083,-76.981707,Ward 5,2021-09-21
2021-09-17,38.938941,-77.028449,Ward 4,2021-09-21
2021-09-17,38.886940,-76.959305,Ward 7,2021-09-22
2021-09-17,38.963869,-77.061274,Ward 4,2021-09-23
2021-09-17,38.917167,-77.016152,Ward 1,2021-09-20
2021-09-17,38.893764,-76.935116,Ward 7,2021-09-21
2021-09-17,38.910804,-77.027838,Ward 2,2021-09-20
2021-09-17,38.885869,-76.941362,Ward 7,2021-09-21
2021-09-17,38.846808,-77.002093,Ward 8,2021-09-21
2021-09-17,38.926783,-77.058523,Ward 3,2021-09-21
2021-09-18,38.957640,-77.021692,Ward 4,2021-09-20
2021-09-18,38.881066,-76.997178,Ward 6,2021-09-21
2021-09-18,38.891825,-76.982680,Ward 6,2021-09-21
2021-09-18,38.907450,-77.023233,Ward 6,2021-09-20
2021-09-18,38.899286,-76.996385,Ward 6,2021-09-21
2021-09-18,38.912349,-77.043145,Ward 2,2021-09-20
2021-09-18,38.971940,-77.024310,Ward 4,2021-09-20
2021-09-18,38.895933,-76.982058,Ward 6,2021-09-21
2021-09-18,38.916993,-77.016331,Ward 1,2021-09-20
2021-09-19,38.926618,-77.024655,Ward 1,2021-09-20
2021-09-19,38.863850,-76.979305,Ward 8,2021-09-20
2021-09-19,38.891699,-76.929009,Ward 7,2021-09-21
2021-09-19,38.940742,-77.020349,Ward 4,2021-09-20
2021-09-19,38.908566,-77.010675,Ward 5,2021-09-21
2021-09-19,38.949479,-77.084222,Ward 3,2021-09-21
2021-09-19,38.977837,-77.057474,Ward 4,2021-09-21
2021-09-19,38.910511,-77.019674,Ward 6,2021-09-21
2021-09-19,38.908644,-77.062533,Ward 2,2021-09-21
2021-09-19,38.940743,-77.002983,Ward 5,2021-09-20
2021-09-20,38.891699,-76.929009,Ward 7,2021-09-21
2021-09-20,38.966895,-77.071521,Ward 3,2021-09-22
2021-09-20,38.945255,-77.028309,Ward 4,2021-09-23
2021-09-20,38.915020,-77.002742,Ward 5,2021-09-22
2021-09-20,38.893138,-76.988070,Ward 6,2021-09-21
2021-09-20,38.878731,-76.943194,Ward 7,2021-09-21
2021-09-20,38.900385,-77.052441,Ward 2,2021-09-22
2021-09-20,38.869991,-76.953982,Ward 7,2021-09-21
2021-09-20,38.886831,-76.992874,Ward 6,2021-09-21
2021-09-20,38.964565,-77.022654,Ward 4,2021-09-23
2021-09-20,38.898223,-76.979294,Ward 6,2021-09-21
2021-09-20,38.875827,-76.932231,Ward 7,2021-09-21
2021-09-20,38.930576,-77.020123,Ward 1,2021-09-22
2021-09-20,38.897063,-76.935152,Ward 7,2021-09-21
2021-09-21,38.896554,-76.935309,Ward 7,2021-09-21
2021-09-21,38.917283,-77.016559,Ward 1,2021-09-22
2021-09-21,38.867511,-76.941928,Ward 7,2021-09-21
2021-09-21,38.907240,-77.031951,Ward 2,2021-09-22
2021-09-21,38.907588,-77.031725,Ward 2,2021-09-22
2021-09-21,38.875053,-76.986638,Ward 6,2021-09-22
2021-09-21,38.891828,-76.982639,Ward 7,2021-09-22
2021-09-21,38.912013,-77.045901,Ward 2,2021-09-22
2021-09-21,38.908644,-77.062533,Ward 2,2021-09-22
2021-09-21,38.916449,-77.040858,Ward 2,2021-09-22
2021-09-21,38.928170,-76.982928,Ward 5,2021-09-22
2021-09-21,38.905420,-76.982827,Ward 5,2021-09-23
2021-09-22,38.910511,-77.019674,Ward 6,2021-09-22
2021-09-22,38.871824,-76.946100,Ward 7,2021-09-23
2021-09-22,38.950630,-77.013361,Ward 4,2021-09-23
2021-09-22,38.887047,-76.995192,Ward 6,2021-09-23
2021-09-22,38.928670,-77.019999,Ward 1,2021-09-23
2021-09-22,38.922083,-76.981707,Ward 5,2021-09-23
2021-09-22,38.913227,-77.041874,Ward 2,2021-09-23
2021-09-22,38.882046,-76.993992,Ward 6,2021-09-23
2021-09-22,38.953138,-77.031803,Ward 4,2021-09-23
2021-09-22,38.914559,-77.039280,Ward 2,2021-09-23
2021-09-23,38.931530,-77.033231,Ward 1,2021-09-24
2021-09-23,38.929903,-77.031109,Ward 1,2021-09-24
2021-09-23,38.964565,-77.022654,Ward 4,2021-09-24
2021-09-23,38.965184,-77.024656,Ward 4,2021-09-24
2021-09-23,38.969805,-77.010520,Ward 4,2021-09-24
2021-09-23,38.922083,-76.981707,Ward 5,2021-09-24
2021-09-23,38.926560,-77.036074,Ward 1,2021-09-24
2021-09-23,38.904824,-76.978693,Ward 5,2021-09-24
2021-09-23,38.918285,-77.030614,Ward 1,2021-09-24
2021-09-23,38.903998,-76.980550,Ward 5,2021-09-24
2021-09-23,38.904689,-76.979928,Ward 5,2021-09-24
2021-09-24,38.922224,-77.077294,Ward 3,2021-09-24
2021-09-24,38.953718,-77.066305,Ward 3,2021-09-27
2021-09-24,38.964565,-77.022654,Ward 4,2021-09-24
2021-09-24,38.943485,-77.068125,Ward 3,2021-09-27
2021-09-24,38.915786,-77.040424,Ward 2,2021-09-27
2021-09-24,38.874900,-76.938814,Ward 7,2021-09-27
2021-09-24,38.916229,-77.017201,Ward 1,2021-09-27
2021-09-24,38.894188,-76.979212,Ward 6,2021-09-27
2021-09-24,38.957215,-77.073852,Ward 3,2021-09-27
2021-09-24,38.928170,-76.982928,Ward 5,2021-09-27
2021-09-24,38.915115,-77.015492,Ward 1,2021-09-27
2021-09-25,38.875972,-76.938257,Ward 7,2021-09-28
2021-09-25,38.903598,-77.051124,Ward 2,2021-09-27
2021-09-25,38.950953,-77.070071,Ward 3,2021-09-27
2021-09-25,38.865881,-76.946547,Ward 7,2021-09-29
2021-09-25,38.882085,-76.981909,Ward 7,2021-09-29
2021-09-25,38.974731,-77.063888,Ward 4,2021-09-27
2021-09-25,38.921383,-77.032702,Ward 1,2021-09-27
2021-09-26,38.962697,-77.036387,Ward 4,2021-09-27
2021-09-26,38.942918,-77.076358,Ward 3,2021-09-27
2021-09-26,38.922059,-77.043920,Ward 1,2021-09-27
2021-09-26,38.921292,-76.978995,Ward 5,2021-09-27
2021-09-26,38.933798,-77.022532,Ward 1,2021-09-28
2021-09-26,38.887790,-77.000389,Ward 6,2021-09-27
2021-09-26,38.945625,-77.025248,Ward 4,2021-09-27
2021-09-26,38.971286,-77.028747,Ward 4,2021-09-27
2021-09-26,38.930168,-77.030024,Ward 1,2021-09-29
2021-09-26,38.918130,-77.023640,Ward 1,2021-09-27
2021-09-26,38.923929,-76.961465,Ward 5,2021-09-29
2021-09-26,38.936359,-77.021960,Ward 1,2021-09-27
2021-09-27,38.957924,-77.037205,Ward 4,2021-09-28
2021-09-27,38.920609,-77.030137,Ward 1,2021-09-28
2021-09-27,38.947159,-77.022799,Ward 4,2021-09-29
2021-09-27,38.922254,-77.047349,Ward 1,2021-09-29
2021-09-27,38.912055,-77.010266,Ward 5,2021-09-28
2021-09-27,38.931061,-77.041567,Ward 1,2021-09-29
2021-09-27,38.919875,-77.000936,Ward 5,2021-09-28
2021-09-27,38.887790,-77.000389,Ward 6,2021-09-27
2021-09-27,38.906726,-76.984108,Ward 5,2021-09-28
2021-09-27,38.895795,-76.942370,Ward 7,2021-09-28
2021-09-27,38.888850,-76.977980,Ward 6,2021-09-28
2021-09-27,38.971286,-77.028747,Ward 4,2021-09-28
2021-09-27,38.858309,-76.988341,Ward 8,2021-09-28
2021-09-27,38.888850,-76.977980,Ward 6,2021-09-28
2021-09-28,38.913518,-77.040982,Ward 2,2021-09-29
2021-09-28,38.918130,-77.023640,Ward 1,2021-09-28
2021-09-28,38.899758,-76.991269,Ward 6,2021-09-30
2021-09-28,38.911735,-77.038234,Ward 2,2021-09-29
2021-09-28,38.926560,-77.036074,Ward 1,2021-09-29
2021-09-28,38.887598,-77.000577,Ward 6,2021-09-30
2021-09-28,38.913101,-77.034823,Ward 2,2021-09-29
2021-09-28,38.929033,-77.020659,Ward 1,2021-09-30
2021-09-28,38.957912,-77.019562,Ward 4,2021-09-29
2021-09-28,38.875730,-76.939119,Ward 7,2021-09-30
2021-09-28,38.971286,-77.028747,Ward 4,2021-09-29
2021-09-28,38.916448,-77.008075,Ward 5,2021-09-29
2021-09-28,38.956821,-76.998852,Ward 4,2021-09-29
2021-09-28,38.916433,-77.031056,Ward 1,2021-09-29
2021-09-29,38.950953,-77.070071,Ward 3,2021-09-29
2021-09-29,38.927050,-77.035525,Ward 1,2021-09-29
2021-09-29,38.909832,-77.026551,Ward 6,2021-09-30
2021-09-29,38.958283,-77.015924,Ward 4,2021-09-30
2021-09-29,38.927678,-77.095879,Ward 3,2021-09-30
2021-09-29,38.899897,-77.041365,Ward 2,2021-09-30
2021-09-29,38.913443,-77.068757,Ward 2,2021-09-30
2021-09-29,38.918648,-77.025714,Ward 1,2021-09-30
2021-09-29,38.916371,-77.008708,Ward 5,2021-09-30
2021-09-29,38.872032,-77.009085,Null,2021-10-01
2021-09-29,38.907562,-76.978134,Ward 5,2021-09-30
2021-09-29,38.941364,-77.024772,Ward 4,2021-09-30
2021-09-29,38.949794,-76.990261,Ward 5,2021-09-30
2021-09-29,38.971277,-77.024406,Ward 4,2021-09-30
2021-09-29,38.892205,-76.959102,Ward 7,2021-09-30
2021-09-29,38.943155,-77.062921,Ward 3,2021-09-30
2021-09-30,38.945990,-77.025513,Ward 4,2021-10-01
2021-09-30,38.952402,-77.094099,Ward 3,2021-10-01
2021-09-30,38.896861,-76.986801,Ward 6,2021-10-04
2021-09-30,38.945776,-77.019111,Ward 4,2021-10-01
2021-09-30,38.932133,-77.028133,Ward 1,2021-10-01
2021-09-30,38.943158,-77.064891,Ward 3,2021-10-01
2021-09-30,38.925797,-77.041334,Ward 1,2021-10-01
2021-10-01,38.942751,-77.065418,Ward 3,2021-10-01
2021-10-01,38.892205,-76.959102,Ward 7,2021-10-04
2021-10-01,38.887765,-76.931559,Ward 7,2021-10-04
2021-10-01,38.863341,-76.957966,Ward 7,2021-10-05
2021-10-01,38.943572,-77.064295,Ward 3,2021-10-04
2021-10-01,38.943156,-77.063906,Ward 3,2021-10-04
2021-10-01,38.925386,-76.996902,Ward 5,2021-10-04
2021-10-01,38.934099,-76.965703,Ward 5,2021-10-04
2021-10-01,38.932455,-77.028936,Ward 1,2021-10-04
2021-10-01,38.881466,-76.985971,Ward 6,2021-10-04
2021-10-01,38.874470,-77.010829,Ward 6,2021-10-04
2021-10-01,38.916434,-77.030990,Ward 1,2021-10-04
2021-10-01,38.893079,-76.949649,Ward 7,2021-10-04
2021-10-01,38.919349,-77.025652,Ward 1,2021-10-04
2021-10-01,38.919349,-77.025652,Ward 1,2021-10-04
2021-10-01,38.880540,-76.996603,Ward 6,2021-10-04
2021-10-02,38.942751,-77.065418,Ward 3,2021-10-04
2021-10-02,38.844428,-76.988707,Ward 8,2021-10-04
2021-10-02,38.945356,-77.076448,Ward 3,2021-10-04
2021-10-02,38.933895,-76.964192,Ward 5,2021-10-04
2021-10-02,38.883911,-76.980057,Ward 6,2021-10-04
2021-10-02,38.933895,-76.964192,Ward 5,2021-10-04
2021-10-02,38.894960,-76.982834,Ward 6,2021-10-05
2021-10-02,38.934267,-76.963936,Ward 5,2021-10-04
2021-10-02,38.897523,-76.985825,Ward 6,2021-10-04
2021-10-02,38.865722,-76.988455,Ward 8,2021-10-05
2021-10-02,38.910222,-77.020711,Ward 6,2021-10-04
2021-10-02,38.923430,-76.983582,Ward 5,2021-10-04
2021-10-02,38.884614,-76.931959,Ward 7,2021-10-05
2021-10-03,38.907424,-77.047599,Ward 2,2021-10-05
2021-10-03,38.932102,-77.024740,Ward 1,2021-10-04
2021-10-03,38.932424,-77.029000,Ward 1,2021-10-04
2021-10-03,38.896182,-77.046965,Ward 2,2021-10-05
2021-10-03,38.906520,-76.989572,Ward 5,2021-10-04
2021-10-03,38.894035,-76.991769,Ward 6,2021-10-04
2021-10-04,38.893323,-76.984796,Ward 6,2021-10-05
2021-10-04,38.955713,-77.025485,Ward 4,2021-10-06
2021-10-04,38.863080,-76.972820,Ward 8,2021-10-05
2021-10-04,38.924266,-77.025871,Ward 1,2021-10-06
2021-10-04,38.934447,-77.022740,Ward 1,2021-10-06
2021-10-04,38.898439,-76.980677,Ward 6,2021-10-05
2021-10-04,38.856888,-76.981919,Ward 8,2021-10-05
2021-10-04,38.863080,-76.972820,Ward 8,2021-10-06
2021-10-04,38.959577,-77.003312,Ward 4,2021-10-05
2021-10-04,38.957753,-77.033721,Ward 4,2021-10-05
2021-10-04,38.908372,-77.010085,Ward 5,2021-10-06
2021-10-04,38.892411,-76.940653,Ward 7,2021-10-05
2021-10-04,38.881466,-76.985971,Ward 6,2021-10-05
2021-10-04,38.892411,-76.940653,Ward 7,2021-10-05
2021-10-04,38.852421,-76.965166,Ward 8,2021-10-05
2021-10-04,38.861836,-76.970083,Ward 8,2021-10-05
2021-10-04,38.905173,-76.983246,Ward 5,2021-10-05
2021-10-05,38.906960,-77.062608,Ward 2,2021-10-06
2021-10-05,38.913874,-77.014684,Ward 5,2021-10-06
2021-10-05,38.844428,-76.988707,Ward 8,2021-10-06
2021-10-05,38.852695,-76.971988,Ward 8,2021-10-07
2021-10-05,38.932775,-77.030554,Ward 1,2021-10-06
2021-10-05,38.896650,-76.920749,Ward 7,2021-10-06
2021-10-05,38.852727,-76.972422,Ward 8,2021-10-06
2021-10-05,38.852727,-76.972422,Ward 8,2021-10-06
2021-10-05,38.852727,-76.972422,Ward 8,2021-10-07
2021-10-05,38.946333,-77.036035,Ward 4,2021-10-06
2021-10-05,38.935268,-77.020016,Ward 1,2021-10-06
2021-10-05,38.936432,-77.026634,Ward 4,2021-10-06
2021-10-05,38.933355,-77.029365,Ward 1,2021-10-06
2021-10-05,38.915779,-77.016518,Ward 1,2021-10-07
2021-10-06,38.892060,-76.931261,Ward 7,2021-10-07
2021-10-06,38.896959,-76.973667,Ward 7,2021-10-07
2021-10-06,38.912823,-77.006307,Ward 5,2021-10-07
2021-10-06,38.907064,-77.014885,Ward 6,2021-10-07
2021-10-06,38.933170,-77.021313,Ward 1,2021-10-07
2021-10-06,38.937960,-77.019333,Ward 4,2021-10-07
2021-10-07,38.836428,-76.992667,Ward 8,2021-10-12
2021-10-07,38.940762,-77.019681,Ward 4,2021-10-08
2021-10-07,38.911631,-77.043718,Ward 2,2021-10-08
2021-10-07,38.836215,-77.001827,Ward 8,2021-10-08
2021-10-07,38.910535,-77.007988,Ward 5,2021-10-12
2021-10-07,38.937124,-77.071399,Ward 3,2021-10-12
2021-10-07,38.910927,-77.007262,Ward 5,2021-10-08
2021-10-07,38.942731,-77.034047,Ward 4,2021-10-08
2021-10-07,38.924685,-76.973489,Ward 5,2021-10-08
2021-10-07,38.906949,-77.053067,Ward 2,2021-10-12
2021-10-07,38.913297,-77.015389,Ward 5,2021-10-08
2021-10-08,38.935869,-77.022725,Ward 1,2021-10-08
2021-10-08,38.871848,-76.976060,Ward 8,2021-10-12
2021-10-08,38.945062,-77.036426,Ward 4,2021-10-12
2021-10-08,38.927651,-77.024299,Ward 1,2021-10-12
2021-10-08,38.940334,-77.036780,Ward 4,2021-10-12
2021-10-08,38.941874,-77.036441,Ward 4,2021-10-12
2021-10-08,38.941874,-77.036441,Ward 4,2021-10-12
2021-10-08,38.886254,-77.013038,Ward 6,2021-10-13
2021-10-08,38.863341,-76.957966,Ward 7,2021-10-12
2021-10-08,38.890110,-76.981039,Ward 7,2021-10-12
2021-10-08,38.954948,-76.997035,Ward 5,2021-10-12
2021-10-08,38.926177,-77.026108,Ward 1,2021-10-12
2021-10-08,38.958898,-77.008463,Ward 4,2021-10-12
2021-10-08,38.939356,-77.022998,Ward 4,2021-10-12
2021-10-08,38.955369,-77.031073,Ward 4,2021-10-12
2021-10-09,38.909498,-77.055039,Ward 2,2021-10-12
2021-10-09,38.906714,-77.086806,Ward 3,2021-10-12
2021-10-09,38.890416,-76.981160,Ward 6,2021-10-12
2021-10-09,38.889800,-76.980764,Ward 6,2021-10-12
2021-10-09,38.896285,-76.984032,Ward 6,2021-10-12
2021-10-09,38.930682,-77.056460,Ward 3,2021-10-13
2021-10-09,38.836215,-77.001827,Ward 8,2021-10-13
2021-10-09,38.858146,-76.954293,Ward 7,2021-10-13
2021-10-09,38.870131,-76.981974,Ward 8,2021-10-12
2021-10-10,38.902102,-77.021915,Null,2021-10-12
2021-10-10,38.884081,-77.001443,Ward 6,2021-10-13
2021-10-10,38.921084,-77.029701,Ward 1,2021-10-12
2021-10-10,38.907438,-77.040274,Ward 2,2021-10-12
2021-10-10,38.935164,-77.020617,Ward 1,2021-10-12
2021-10-11,38.914013,-77.065342,Ward 2,2021-10-13
2021-10-11,38.916613,-77.012422,Ward 5,2021-10-12
2021-10-11,38.895942,-76.984073,Ward 6,2021-10-12
2021-10-11,38.939516,-77.031894,Ward 4,2021-10-12
2021-10-11,38.896247,-76.976621,Ward 7,2021-10-12
2021-10-11,38.950034,-77.033031,Ward 4,2021-10-12
2021-10-11,38.930278,-77.088641,Ward 3,2021-10-13
2021-10-11,38.910359,-77.019634,Ward 6,2021-10-13
2021-10-11,38.950455,-77.022255,Ward 4,2021-10-12
2021-10-11,38.914758,-77.068256,Ward 2,2021-10-13
2021-10-12,38.843789,-76.984163,Ward 8,2021-10-12
2021-10-12,38.897421,-76.976573,Ward 7,2021-10-12
2021-10-12,38.897431,-76.982730,Ward 6,2021-10-13
2021-10-12,38.913874,-77.014684,Ward 5,2021-10-13
2021-10-12,38.897996,-76.981129,Ward 7,2021-10-18
2021-10-12,38.870092,-76.964356,Ward 7,2021-10-14
2021-10-12,38.914031,-77.065131,Ward 2,2021-10-13
2021-10-12,38.905426,-76.986939,Ward 5,2021-10-15
2021-10-12,38.857362,-76.987572,Ward 8,2021-10-15
2021-10-12,38.904510,-76.978690,Ward 5,2021-10-13
2021-10-12,38.952483,-77.012651,Ward 4,2021-10-13
2021-10-12,38.912032,-77.006368,Ward 5,2021-10-13
2021-10-12,38.981673,-77.035948,Ward 4,2021-10-13
2021-10-13,38.926224,-77.025578,Ward 1,2021-10-14
2021-10-13,38.926224,-77.025578,Ward 1,2021-10-14
2021-10-13,38.901992,-76.971898,Ward 5,2021-10-14
2021-10-13,38.901992,-76.971898,Ward 5,2021-10-14
2021-10-13,38.984976,-77.031111,Ward 4,2021-10-15
2021-10-13,38.897520,-76.989159,Ward 6,2021-10-15
2021-10-13,38.882925,-76.994015,Ward 6,2021-10-15
2021-10-13,38.925964,-77.026371,Ward 1,2021-10-14
2021-10-13,38.919224,-77.024018,Ward 1,2021-10-14
2021-10-13,38.919628,-77.025794,Ward 1,2021-10-14
2021-10-13,38.868686,-76.986182,Ward 8,2021-10-14
2021-10-13,38.934275,-77.038535,Ward 1,2021-10-14
2021-10-13,38.934275,-77.038535,Ward 1,2021-10-14
2021-10-13,38.924148,-76.991407,Ward 5,2021-10-14
2021-10-13,38.915752,-77.072574,Ward 2,2021-10-14
2021-10-13,38.903858,-76.972232,Ward 5,2021-10-14
2021-10-13,38.902599,-76.970667,Ward 5,2021-10-14
2021-10-13,38.911717,-77.031299,Ward 2,2021-10-16
2021-10-13,38.931060,-77.023056,Ward 1,2021-10-16
2021-10-13,38.916167,-77.054697,Ward 2,2021-10-16
2021-10-13,38.892584,-76.984358,Ward 6,2021-10-15
2021-10-13,38.902770,-76.998639,Ward 6,2021-10-14
2021-10-14,38.903722,-76.971890,Ward 5,2021-10-15
2021-10-14,38.891645,-76.982422,Ward 6,2021-10-15
2021-10-14,38.891612,-76.993964,Ward 6,2021-10-18
2021-10-14,38.884184,-76.994966,Ward 6,2021-10-15
2021-10-14,38.903357,-76.972299,Ward 5,2021-10-15
2021-10-14,38.931158,-77.022172,Ward 1,2021-10-16
2021-10-14,38.913503,-77.010228,Ward 5,2021-10-18
2021-10-14,38.884104,-76.993756,Ward 6,2021-10-15
2021-10-14,38.901992,-76.971898,Ward 5,2021-10-14
2021-10-14,38.906714,-77.086806,Ward 3,2021-10-15
2021-10-14,38.952210,-77.024614,Ward 4,2021-10-18
2021-10-14,38.885549,-76.986102,Ward 6,2021-10-15
2021-10-14,38.930911,-77.020937,Ward 1,2021-10-16
2021-10-14,38.904100,-76.990082,Ward 5,2021-10-15
2021-10-15,38.902770,-76.998639,Ward 6,2021-10-15
2021-10-15,38.855597,-76.959361,Ward 7,2021-10-15
2021-10-15,38.906518,-77.083127,Ward 3,2021-10-19
2021-10-15,38.914758,-77.068256,Ward 2,2021-10-18
2021-10-15,38.919670,-77.032780,Ward 1,2021-10-16
2021-10-15,38.881877,-76.988066,Ward 6,2021-10-16
2021-10-15,38.902513,-76.998444,Ward 6,2021-10-16
2021-10-15,38.966499,-77.065425,Ward 4,2021-10-18
2021-10-15,38.928060,-77.037864,Ward 1,2021-10-16
2021-10-16,38.853298,-76.983303,Ward 8,2021-10-16
2021-10-16,38.897136,-77.002918,Ward 6,2021-10-16
2021-10-16,38.970455,-77.063639,Ward 4,2021-10-18
2021-10-16,38.924291,-76.999776,Ward 5,2021-10-18
2021-10-16,38.908895,-77.030407,Ward 2,2021-10-19
2021-10-16,38.917453,-77.038852,Ward 1,2021-10-18
2021-10-16,38.969996,-77.064128,Ward 4,2021-10-18
2021-10-16,38.932273,-76.982432,Ward 5,2021-10-19
2021-10-16,38.883630,-76.956266,Ward 7,2021-10-19
2021-10-16,38.923205,-77.037766,Ward 1,2021-10-18
2021-10-16,38.961266,-77.000055,Ward 4,2021-10-18
2021-10-16,38.878991,-77.018266,Ward 6,2021-10-18
2021-10-17,38.870569,-76.966079,Ward 7,2021-10-18
2021-10-17,38.870569,-76.965959,Ward 7,2021-10-19
2021-10-17,38.904116,-76.990112,Ward 5,2021-10-18
2021-10-17,38.904572,-76.989509,Ward 5,2021-10-18
2021-10-17,38.914254,-77.017562,Ward 5,2021-10-21
2021-10-17,38.898037,-76.992411,Ward 6,2021-10-18
2021-10-17,38.972151,-77.022160,Ward 4,2021-10-18
2021-10-17,38.942729,-77.024922,Ward 4,2021-10-19
2021-10-18,38.831485,-77.006670,Ward 8,2021-10-18
2021-10-18,38.883346,-76.991239,Ward 6,2021-10-19
2021-10-18,38.932135,-77.111503,Ward 3,2021-10-19
2021-10-18,38.951873,-77.022343,Ward 4,2021-10-19
2021-10-18,38.895249,-76.984149,Ward 6,2021-10-19
2021-10-18,38.834077,-77.006121,Ward 8,2021-10-19
2021-10-18,38.909052,-77.027397,Ward 2,2021-10-19
2021-10-18,38.981970,-77.028104,Ward 4,2021-10-19
2021-10-18,38.831094,-77.006685,Ward 8,2021-10-19
2021-10-18,38.904271,-76.931357,Ward 7,2021-10-19
2021-10-18,38.916371,-77.034257,Ward 2,2021-10-19
2021-10-18,38.961035,-76.999857,Ward 4,2021-10-19
2021-10-18,38.961039,-76.999920,Ward 4,2021-10-21
2021-10-18,38.907438,-77.040274,Ward 2,2021-10-19
2021-10-18,38.914758,-77.068256,Ward 2,2021-10-19
2021-10-18,38.942205,-76.975936,Ward 5,2021-10-19
2021-10-19,38.931394,-76.998191,Ward 5,2021-10-21
2021-10-19,38.917267,-77.016729,Ward 1,2021-10-19
2021-10-19,38.930146,-77.022122,Ward 1,2021-10-21
2021-10-19,38.917983,-77.045806,Ward 1,2021-10-21
2021-10-19,38.949551,-77.028032,Ward 4,2021-10-21
2021-10-19,38.949906,-77.028402,Ward 4,2021-10-21
2021-10-19,38.895588,-76.989973,Ward 6,2021-10-21
2021-10-19,38.895634,-76.989973,Ward 6,2021-10-21
2021-10-19,38.907438,-77.040274,Ward 2,2021-10-21
2021-10-19,38.924650,-77.034837,Ward 1,2021-10-21
2021-10-20,38.899355,-76.972538,Ward 5,2021-10-25
2021-10-20,38.897589,-76.988937,Ward 6,2021-10-21
2021-10-20,38.897922,-76.989566,Ward 6,2021-10-21
2021-10-20,38.912564,-76.989980,Ward 5,2021-10-21
2021-10-20,38.845251,-76.994227,Ward 8,2021-10-25
2021-10-20,38.948775,-77.023485,Ward 4,2021-10-21
2021-10-20,38.880515,-76.943283,Ward 7,2021-10-25
2021-10-20,38.916434,-77.030990,Ward 1,2021-10-21
2021-10-20,38.892589,-76.958431,Ward 7,2021-10-21
2021-10-20,38.966335,-77.015911,Ward 4,2021-10-25
2021-10-20,38.895249,-76.984149,Ward 6,2021-10-21
2021-10-21,38.912032,-77.006368,Ward 5,2021-10-21
2021-10-21,38.950620,-77.030131,Ward 4,2021-10-25
2021-10-21,38.916437,-77.030920,Ward 1,2021-10-25
2021-10-21,38.951872,-77.029699,Ward 4,2021-10-25
2021-10-21,38.917202,-77.040129,Ward 1,2021-10-25
2021-10-21,38.917284,-77.029348,Ward 1,2021-10-25
2021-10-21,38.951475,-77.029421,Ward 4,2021-10-25
2021-10-21,38.897136,-76.986545,Ward 6,2021-10-25
2021-10-21,38.924947,-77.041818,Ward 1,2021-10-25
2021-10-21,38.924291,-76.999776,Ward 5,2021-10-25
2021-10-21,38.972151,-77.022160,Ward 4,2021-10-25
2021-10-21,38.917682,-77.042894,Ward 1,2021-10-25
2021-10-22,38.930543,-77.019690,Ward 1,2021-10-25
2021-10-22,38.820876,-77.006356,Ward 8,2021-10-26
2021-10-22,38.901040,-76.977082,Ward 5,2021-10-26
2021-10-22,38.917324,-76.959717,Ward 5,2021-10-25
2021-10-22,38.920603,-77.094575,Ward 3,2021-10-26
2021-10-22,38.897587,-76.977582,Ward 6,2021-10-26
2021-10-22,38.907485,-77.025612,Ward 2,2022-04-12
2021-10-22,38.930873,-77.022277,Ward 1,2021-10-26
2021-10-22,38.899676,-76.988843,Ward 6,2021-10-26
2021-10-23,38.961592,-77.033425,Ward 4,2021-10-25
2021-10-23,38.911671,-77.008251,Ward 5,2021-10-25
2021-10-23,38.889784,-76.947244,Ward 7,2021-10-25
2021-10-23,38.955207,-77.085235,Ward 3,2021-10-25
2021-10-23,38.909643,-77.037507,Ward 2,2021-10-26
2021-10-23,38.845251,-76.994227,Ward 8,2021-10-26
2021-10-23,38.937232,-77.034805,Ward 1,2021-10-25
2021-10-23,38.938874,-77.026665,Ward 4,2021-10-25
2021-10-23,38.961592,-77.033425,Ward 4,2021-10-25
2021-10-23,38.940373,-77.032471,Ward 4,2021-10-25
2021-10-24,38.841694,-76.983586,Ward 8,2021-10-25
2021-10-24,38.904986,-76.999259,Ward 6,2021-10-27
2021-10-24,38.940329,-77.032455,Ward 4,2021-10-26
2021-10-24,38.926465,-77.020325,Ward 1,2021-10-25
2021-10-24,38.855407,-76.958604,Ward 7,2021-10-26
2021-10-24,38.961137,-77.032123,Ward 4,2021-10-25
2021-10-24,38.908146,-77.057921,Ward 2,2021-10-25
2021-10-24,38.841694,-76.983586,Ward 8,2021-10-25
2021-10-24,38.917244,-77.034808,Ward 1,2021-10-26
2021-10-24,38.962042,-77.033425,Ward 4,2021-10-25
2021-10-24,38.905831,-77.028349,Ward 2,2021-10-25
2021-10-24,38.928509,-76.982585,Ward 5,2021-10-25
2021-10-24,38.954928,-77.085164,Ward 3,2021-10-25
2021-10-24,38.961592,-77.033425,Ward 4,2021-10-25
2021-10-24,38.939893,-77.032428,Ward 4,2021-10-25
2021-10-25,38.924440,-77.067224,Ward 3,2021-10-25
2021-10-25,38.887130,-76.946303,Ward 7,2021-10-26
2021-10-25,38.942320,-76.974951,Ward 5,2021-10-28
2021-10-25,38.919785,-77.013722,Ward 5,2021-10-27
2021-10-25,38.898507,-77.048196,Ward 2,2021-10-26
2021-10-25,38.911717,-77.031299,Ward 2,2021-10-27
2021-10-25,38.923141,-77.001790,Ward 5,2021-10-26
2021-10-25,38.923219,-76.965381,Ward 5,2021-10-26
2021-10-25,38.887130,-76.946303,Ward 7,2021-10-26
2021-10-25,38.919995,-77.061378,Ward 3,2021-10-26
2021-10-25,38.961504,-77.031313,Ward 4,2021-10-27
2021-10-25,38.923647,-76.965470,Ward 5,2021-10-27
2021-10-25,38.910667,-77.034832,Ward 2,2021-10-27
2021-10-25,38.886193,-76.997534,Ward 6,2021-10-28
2021-10-25,38.983102,-77.028084,Ward 4,2021-10-27
2021-10-26,38.918070,-77.042949,Ward 1,2021-10-29
2021-10-26,38.918251,-76.954937,Ward 5,2021-10-26
2021-10-26,38.888837,-76.927539,Ward 7,2021-10-27
2021-10-26,38.921148,-76.984517,Ward 5,2021-10-28
2021-10-26,38.886618,-76.954141,Ward 7,2021-10-27
2021-10-26,38.961137,-77.032123,Ward 4,2021-10-27
2021-10-26,38.961507,-77.029694,Ward 4,2021-10-27
2021-10-26,38.961440,-77.031504,Ward 4,2021-10-27
2021-10-26,38.925591,-77.000570,Ward 5,2021-10-27
2021-10-26,38.961592,-77.033425,Ward 4,2021-10-27
2021-10-26,38.961137,-77.032123,Ward 4,2021-10-27
2021-10-26,38.877507,-76.960059,Ward 7,2021-10-27
2021-10-26,38.923141,-77.001790,Ward 5,2021-10-27
2021-10-26,38.877377,-76.960596,Ward 7,2021-10-27
2021-10-26,38.898020,-76.994484,Ward 6,2021-10-28
2021-10-26,38.876476,-76.957512,Ward 7,2021-10-27
2021-10-27,38.883397,-76.999901,Ward 6,2021-10-28
2021-10-27,38.916139,-77.016784,Ward 1,2021-10-27
2021-10-27,38.944215,-77.025601,Ward 4,2021-10-27
2021-10-27,38.869552,-76.940527,Ward 7,2021-10-28
2021-10-27,38.880515,-76.943283,Ward 7,2021-11-01
2021-10-27,38.930873,-77.022277,Ward 1,2021-10-28
2021-10-27,38.919785,-77.013722,Ward 5,2021-10-28
2021-10-27,38.912931,-77.013576,Ward 5,2021-10-28
2021-10-27,38.915797,-77.041230,Ward 2,2021-10-28
2021-10-27,38.898727,-76.984727,Ward 6,2021-10-28
2021-10-27,38.907017,-77.030707,Ward 2,2021-10-29
2021-10-27,38.899088,-76.984648,Ward 6,2021-10-28
2021-10-27,38.899088,-76.984648,Ward 6,2021-10-28
2021-10-27,38.896867,-76.986521,Ward 6,2021-10-28
2021-10-28,38.943413,-77.097594,Ward 3,2021-10-29
2021-10-28,38.914266,-77.009935,Ward 5,2021-10-28
2021-10-28,38.859523,-76.987387,Ward 8,2021-10-28
2021-10-28,38.897137,-76.986486,Ward 6,2021-10-28
2021-10-28,38.912388,-77.008045,Ward 5,2021-10-29
2021-10-28,38.898183,-76.994483,Ward 6,2021-10-29
2021-10-28,38.894783,-76.987204,Ward 6,2021-10-29
2021-10-28,38.873400,-76.976056,Ward 8,2021-10-29
2021-10-28,38.917000,-77.027037,Ward 1,2021-10-29
2021-10-28,38.933798,-77.022532,Ward 1,2021-10-29
2021-10-28,38.934374,-77.023489,Ward 1,2021-10-29
2021-10-28,38.934044,-77.022827,Ward 1,2021-10-29
2021-10-28,38.894785,-76.988311,Ward 6,2021-10-29
2021-10-28,38.936668,-77.019946,Ward 1,2021-10-29
2021-10-28,38.982459,-77.034580,Ward 4,2021-10-29
2021-10-28,38.933826,-77.020607,Ward 1,2021-10-29
2021-10-28,38.982058,-77.034695,Ward 4,2021-10-29
2021-10-28,38.944330,-77.011540,Null,2021-10-29
2021-10-28,38.829416,-76.997978,Ward 8,2021-11-01
2021-10-29,38.942195,-77.021881,Ward 4,2021-10-29
2021-10-29,38.843596,-76.974232,Ward 8,2021-11-01
2021-10-29,38.925426,-76.987043,Ward 5,2021-11-01
2021-10-29,38.899403,-76.995921,Ward 6,2021-11-02
2021-10-29,38.928877,-77.021590,Ward 1,2021-11-01
2021-10-30,38.924798,-77.107124,Ward 3,2021-11-01
2021-10-30,38.911314,-77.029181,Ward 2,2021-11-01
2021-10-30,38.935370,-77.044937,Ward 1,2021-11-01
2021-10-30,38.935255,-77.044989,Ward 1,2021-11-01
2021-10-30,38.897333,-76.988306,Ward 6,2021-11-01
2021-10-30,38.911314,-77.029181,Ward 2,2021-11-01
2021-10-30,38.930569,-77.110785,Ward 3,2021-11-02
2021-10-30,38.909482,-77.027832,Ward 2,2021-11-01
2021-10-30,38.896861,-76.986801,Ward 6,2021-11-02
2021-10-30,38.879448,-77.020115,Ward 6,2021-11-01
2021-10-30,38.935313,-77.044964,Ward 1,2021-11-01
2021-10-31,38.914293,-77.029411,Ward 1,2021-11-01
2021-10-31,38.943897,-77.022647,Ward 4,2021-11-01
2021-10-31,38.944006,-77.062939,Ward 3,2021-11-01
2021-10-31,38.947018,-77.017614,Ward 4,2021-11-02
2021-10-31,38.901589,-76.976634,Ward 5,2021-11-03
2021-10-31,38.917770,-77.055720,Ward 2,2021-11-01
2021-10-31,38.906452,-76.977822,Ward 5,2021-11-01
2021-10-31,38.918314,-77.059084,Null,2021-11-01
2021-10-31,38.948126,-77.090855,Ward 3,2021-11-01
2021-10-31,38.912794,-77.045991,Ward 2,2021-11-01
2021-10-31,38.928876,-77.030267,Ward 1,2021-11-02
2021-11-01,38.902982,-77.008728,Ward 6,2021-11-03
2021-11-01,38.887274,-76.995639,Ward 6,2021-11-02
2021-11-01,38.883773,-76.996179,Ward 6,2021-11-02
2021-11-01,38.928876,-77.030267,Ward 1,2021-11-02
2021-11-01,38.896861,-76.986801,Ward 6,2021-11-02
2021-11-01,38.964497,-77.025017,Ward 4,2021-11-02
2021-11-01,38.942196,-77.021823,Ward 4,2021-11-02
2021-11-01,38.905110,-76.978690,Ward 5,2021-11-02
2021-11-01,38.903727,-76.981031,Ward 5,2021-11-02
2021-11-01,38.860684,-76.987448,Ward 8,2021-11-02
2021-11-01,38.897796,-76.973001,Ward 7,2021-11-02
2021-11-01,38.927529,-77.086215,Ward 3,2021-11-03
2021-11-01,38.966865,-77.020515,Ward 4,2021-11-02
2021-11-01,38.853034,-76.968751,Ward 8,2021-11-02
2021-11-02,38.856509,-76.965100,Ward 7,2021-11-03
2021-11-02,38.852415,-76.967692,Ward 8,2021-11-03
2021-11-02,38.894112,-76.985260,Ward 6,2021-11-03
2021-11-02,38.851925,-76.967952,Ward 8,2021-11-03
2021-11-02,38.876943,-76.941230,Ward 7,2021-11-03
2021-11-02,38.933142,-77.006244,Ward 5,2021-11-03
2021-11-02,38.905427,-77.012404,Ward 6,2021-11-03
2021-11-02,38.913665,-77.009350,Ward 5,2021-11-03
2021-11-03,38.912367,-77.008388,Ward 5,2021-11-03
2021-11-03,38.895903,-76.991703,Ward 6,2021-11-03
2021-11-03,38.916437,-77.030920,Ward 1,2021-11-04
2021-11-03,38.876256,-77.006990,Ward 6,2021-11-05
2021-11-03,38.992270,-77.036317,Ward 4,2021-11-04
2021-11-03,38.928370,-77.036795,Ward 1,2021-11-04
2021-11-03,38.968447,-77.031043,Ward 4,2021-11-04
2021-11-04,38.843016,-76.991275,Ward 8,2021-11-09
2021-11-04,38.919886,-77.027332,Ward 1,2021-11-05
2021-11-04,38.931136,-77.022314,Ward 1,2021-11-05
2021-11-04,38.909787,-77.009606,Ward 5,2021-11-08
2021-11-04,38.928931,-77.036830,Ward 1,2021-11-05
2021-11-04,38.912190,-77.040649,Ward 2,2021-11-05
2021-11-04,38.897167,-76.995650,Ward 6,2021-11-05
2021-11-04,38.962501,-76.998810,Ward 4,2021-11-05
2021-11-04,38.900625,-76.995937,Ward 6,2021-11-05
2021-11-04,38.885315,-76.923250,Ward 7,2021-11-05
2021-11-04,38.897167,-76.995650,Ward 6,2021-11-05
2021-11-05,38.931360,-77.006902,Ward 5,2021-11-08
2021-11-05,38.856659,-76.985315,Ward 8,2021-11-08
2021-11-05,38.939159,-76.987002,Ward 5,2021-11-08
2021-11-05,38.893396,-76.989028,Ward 6,2021-11-08
2021-11-05,38.888079,-76.929177,Ward 7,2021-11-08
2021-11-05,38.957968,-77.031437,Ward 4,2021-11-08
2021-11-05,38.949937,-76.991410,Ward 5,2021-11-08
2021-11-05,38.913507,-77.009936,Ward 5,2021-11-08
2021-11-05,38.973296,-77.063505,Ward 4,2021-11-08
2021-11-06,38.971056,-77.068436,Ward 4,2021-11-08
2021-11-06,38.910764,-77.036120,Ward 2,2021-11-08
2021-11-06,38.916437,-77.030920,Ward 1,2021-11-08
2021-11-06,38.962501,-76.998810,Ward 4,2021-11-08
2021-11-06,38.939562,-77.028829,Ward 4,2021-11-08
2021-11-06,38.888079,-76.929177,Ward 7,2021-11-08
2021-11-07,38.876456,-77.010655,Ward 6,2021-11-08
2021-11-07,38.909585,-76.936168,Ward 7,2021-11-09
2021-11-07,38.860931,-76.963476,Ward 7,2021-11-08
2021-11-07,38.896868,-76.986859,Ward 6,2021-11-08
2021-11-07,38.878261,-77.000879,Ward 6,2021-11-10
2021-11-07,38.901633,-76.987030,Ward 5,2021-11-08
2021-11-08,38.922134,-77.034895,Ward 1,2021-11-09
2021-11-08,38.945071,-76.986175,Ward 5,2021-11-09
2021-11-08,38.910034,-77.036879,Ward 2,2021-11-09
2021-11-08,38.844855,-76.971333,Ward 8,2021-11-09
2021-11-08,38.882429,-76.958624,Ward 7,2021-11-09
2021-11-08,38.923232,-77.035018,Ward 1,2022-04-12
2021-11-08,38.972837,-77.063658,Ward 4,2021-11-09
2021-11-08,38.910376,-77.052159,Ward 2,2021-11-09
2021-11-08,38.903481,-77.020955,Ward 6,2021-11-09
2021-11-08,38.931060,-77.023056,Ward 1,2021-11-09
2021-11-08,38.972652,-77.063496,Ward 4,2021-11-09
2021-11-09,38.916143,-77.040147,Ward 2,2021-11-09
2021-11-09,38.910212,-77.011623,Ward 5,2021-11-09
2021-11-09,38.972636,-77.064462,Ward 4,2021-11-10
2021-11-09,38.919341,-77.033553,Ward 1,2021-11-12
2021-11-09,38.836211,-77.006959,Ward 8,2021-11-10
2021-11-09,38.896129,-77.015186,Ward 2,2021-11-10
2021-11-09,38.898908,-76.994961,Ward 6,2021-11-10
2021-11-09,38.912378,-77.046314,Ward 2,2021-11-16
2021-11-10,38.933640,-77.025490,Ward 1,2021-11-12
2021-11-10,38.830278,-76.997673,Ward 8,2021-11-15
2021-11-10,38.918635,-77.026223,Ward 1,2021-11-12
2021-11-10,38.913665,-77.009350,Ward 5,2021-11-12
2021-11-10,38.946681,-77.017587,Ward 4,2021-11-12
2021-11-10,38.913855,-77.002505,Ward 5,2021-11-12
2021-11-10,38.913855,-77.002505,Ward 5,2021-11-12
2021-11-10,38.896954,-76.988081,Ward 6,2021-11-15
2021-11-10,38.913899,-77.014396,Ward 5,2021-11-12
2021-11-10,38.830270,-76.997769,Ward 8,2021-11-12
2021-11-10,38.913665,-77.009350,Ward 5,2021-11-12
2021-11-10,38.905231,-77.001107,Ward 6,2021-11-15
2021-11-10,38.830270,-76.997769,Ward 8,2021-11-12
2021-11-10,38.853298,-76.983303,Ward 8,2021-11-16
2021-11-11,38.914274,-77.009878,Ward 5,2021-11-12
2021-11-11,38.900857,-76.986290,Ward 6,2021-11-15
2021-11-11,38.892844,-76.927635,Ward 7,2021-11-12
2021-11-11,38.880379,-76.984648,Ward 6,2021-11-12
2021-11-11,38.913159,-77.012803,Ward 5,2021-11-17
2021-11-11,38.926251,-77.008711,Ward 5,2021-11-12
2021-11-11,38.892780,-76.927895,Ward 7,2021-11-15
2021-11-11,38.830278,-76.997673,Ward 8,2021-11-15
2021-11-11,38.910907,-77.029181,Ward 2,2021-11-12
2021-11-11,38.913899,-77.014396,Ward 5,2021-11-12
2021-11-11,38.928556,-77.026464,Ward 1,2021-11-12
2021-11-11,38.892704,-76.927922,Ward 7,2021-11-12
2021-11-11,38.911076,-77.050748,Ward 2,2021-11-12
2021-11-11,38.915386,-77.041928,Ward 2,2021-11-12
2021-11-12,38.933432,-77.079765,Ward 3,2021-11-12
2021-11-12,38.913035,-77.047049,Ward 2,2021-11-12
2021-11-12,38.952208,-76.991374,Ward 5,2021-11-16
2021-11-12,38.892366,-76.927808,Ward 7,2021-11-15
2021-11-12,38.884952,-76.929303,Ward 7,2021-11-15
2021-11-12,38.909885,-77.010558,Ward 5,2021-11-16
2021-11-12,38.899073,-76.995363,Ward 6,2021-11-15
2021-11-13,38.919345,-77.033618,Ward 1,2021-11-15
2021-11-13,38.862590,-76.956674,Ward 7,2021-11-15
2021-11-13,38.905426,-76.986939,Ward 5,2021-11-15
2021-11-13,38.942107,-77.024087,Ward 4,2021-11-15
2021-11-14,38.956917,-77.009047,Ward 4,2021-11-15
2021-11-14,38.825551,-77.002632,Ward 8,2021-11-15
2021-11-14,38.853298,-76.983303,Ward 8,2021-11-16
2021-11-14,38.868554,-76.958565,Ward 7,2021-11-15
2021-11-14,38.895523,-76.935132,Ward 7,2021-11-15
2021-11-14,38.975528,-77.020726,Ward 4,2021-11-15
2021-11-14,38.891809,-76.960465,Ward 7,2021-11-15
2021-11-14,38.899669,-76.996422,Ward 6,2021-11-15
2021-11-14,38.846903,-76.980308,Ward 8,2021-11-16
2021-11-14,38.883037,-77.005628,Ward 6,2021-11-15
2021-11-15,38.912007,-77.066321,Ward 2,2021-11-16
2021-11-15,38.937843,-77.068897,Ward 3,2021-11-16
2021-11-15,38.969560,-77.009283,Ward 4,2021-11-16
2021-11-15,38.896450,-76.969357,Ward 7,2021-11-16
2021-11-15,38.888155,-76.966018,Ward 7,2021-11-16
2021-11-15,38.953654,-77.008285,Ward 5,2021-11-16
2021-11-15,38.873129,-77.010833,Ward 6,2021-11-16
2021-11-15,38.949187,-77.033052,Ward 4,2021-11-18
2021-11-15,38.896954,-76.988081,Ward 6,2021-11-16
2021-11-15,38.896450,-76.969357,Ward 7,2021-11-16
2021-11-15,38.868280,-76.957891,Ward 7,2021-11-16
2021-11-16,38.855910,-76.993707,Ward 8,2021-11-17
2021-11-16,38.942164,-77.006706,Ward 5,2021-11-18
2021-11-16,38.858711,-76.993956,Ward 8,2021-11-17
2021-11-16,38.826948,-77.003012,Ward 8,2021-11-17
2021-11-16,38.887790,-76.999058,Ward 6,2021-11-17
2021-11-16,38.863801,-76.988676,Ward 8,2021-11-17
2021-11-16,38.885840,-76.981395,Ward 6,2021-11-17
2021-11-16,38.860132,-76.993302,Ward 8,2021-11-17
2021-11-16,38.981888,-77.024700,Ward 4,2021-11-18
2021-11-16,38.880515,-76.943283,Ward 7,2021-11-17
2021-11-16,38.911684,-77.039834,Ward 2,2021-11-22
2021-11-17,38.918491,-77.014926,Ward 1,2021-11-18
2021-11-17,38.881960,-77.004691,Ward 6,2021-11-18
2021-11-17,38.863781,-76.988053,Ward 8,2021-11-19
2021-11-17,38.887781,-76.998997,Ward 6,2021-11-18
2021-11-17,38.891664,-76.995588,Ward 6,2021-11-18
2021-11-17,38.910559,-77.010699,Ward 5,2021-11-18
2021-11-17,38.859914,-76.972109,Ward 8,2021-11-18
2021-11-17,38.968826,-77.023894,Ward 4,2021-11-18
2021-11-18,38.896954,-76.988081,Ward 6,2021-11-19
2021-11-18,38.897694,-76.969492,Null,2021-11-19
2021-11-18,38.896854,-76.963976,Ward 7,2021-11-19
2021-11-18,38.928447,-77.034606,Ward 1,2021-11-22
2021-11-18,38.927029,-77.029424,Ward 1,2021-11-22
2021-11-18,38.939965,-77.028784,Ward 4,2021-11-22
2021-11-18,38.918538,-77.037839,Ward 1,2021-11-22
2021-11-19,38.878403,-76.991534,Ward 6,2021-11-23
2021-11-19,38.916729,-77.007117,Ward 5,2021-11-22
2021-11-19,38.878570,-76.991086,Ward 6,2021-11-23
2021-11-19,38.894554,-76.955474,Ward 7,2021-11-24
2021-11-19,38.898457,-76.969908,Ward 5,2021-11-22
2021-11-20,38.940882,-76.989522,Ward 5,2021-11-22
2021-11-20,38.918892,-77.033991,Ward 1,2021-11-22
2021-11-20,38.957576,-77.024797,Ward 4,2021-11-22
2021-11-20,38.872222,-76.938226,Ward 7,2021-11-22
2021-11-20,38.916772,-77.040421,Ward 2,2021-11-22
2021-11-20,38.936548,-77.006954,Ward 5,2021-11-23
2021-11-20,38.897144,-77.025452,Ward 2,2021-11-23
2021-11-20,38.895284,-76.982532,Ward 7,2021-11-23
2021-11-20,38.976528,-77.020544,Ward 4,2021-11-22
2021-11-20,38.941428,-77.067587,Ward 3,2021-11-23
2021-11-20,38.951053,-77.023145,Ward 4,2021-11-23
2021-11-20,38.976528,-77.020544,Ward 4,2021-11-22
2021-11-21,38.937895,-76.971142,Ward 5,2021-11-22
2021-11-21,38.937603,-76.970547,Ward 5,2021-11-22
2021-11-21,38.975851,-77.019830,Ward 4,2021-11-22
2021-11-21,38.974507,-77.021647,Ward 4,2021-11-22
2021-11-21,38.896746,-76.964067,Ward 7,2021-11-23
2021-11-21,38.975806,-77.021065,Ward 4,2021-11-22
2021-11-21,38.896401,-76.970977,Ward 7,2021-11-22
2021-11-22,38.899195,-76.918687,Ward 7,2021-11-23
2021-11-22,38.882991,-76.931495,Ward 7,2021-11-23
2021-11-22,38.853298,-76.983303,Ward 8,2021-11-30
2021-11-22,38.922384,-76.982206,Ward 5,2021-11-23
2021-11-22,38.938306,-76.980021,Ward 5,2021-11-23
2021-11-22,38.931948,-76.973492,Ward 5,2021-11-23
2021-11-23,38.885277,-77.004719,Ward 6,2021-11-30
2021-11-23,38.937479,-76.990229,Ward 5,2021-11-27
2021-11-23,38.914133,-77.097904,Ward 3,2021-11-24
2021-11-23,38.924798,-77.107124,Ward 3,2021-11-24
2021-11-23,38.920062,-77.001049,Ward 5,2021-11-24
2021-11-24,38.927404,-77.029160,Ward 1,2021-11-27
2021-11-24,38.924798,-77.107124,Ward 3,2021-11-27
2021-11-24,38.904227,-76.978303,Ward 5,2021-11-29
2021-11-24,38.966983,-77.077434,Ward 3,2021-11-27
2021-11-25,38.928447,-77.034606,Ward 1,2021-11-27
2021-11-25,38.933798,-77.022532,Ward 1,2021-11-27
2021-11-25,38.868002,-76.957220,Ward 7,2021-11-27
2021-11-25,38.916155,-77.030983,Ward 1,2021-11-27
2021-11-26,38.882648,-76.982059,Ward 7,2021-11-29
2021-11-26,38.919344,-76.983849,Ward 5,2021-11-29
2021-11-26,38.945253,-76.981675,Ward 5,2021-11-29
2021-11-26,38.987436,-77.039232,Ward 4,2021-11-29
2021-11-26,38.945445,-76.981429,Ward 5,2021-11-29
2021-11-26,38.918892,-77.033991,Ward 1,2021-11-29
2021-11-26,38.934064,-77.022526,Ward 1,2021-12-02
2021-11-26,38.966547,-77.020408,Ward 4,2021-11-29
2021-11-26,38.853298,-76.983303,Ward 8,2021-11-30
2021-11-27,38.966911,-77.077467,Ward 3,2021-11-29
2021-11-27,38.857861,-76.984587,Ward 8,2021-11-29
2021-11-27,38.882399,-76.982426,Ward 6,2021-11-29
2021-11-27,38.857861,-76.984587,Ward 8,2021-11-29
2021-11-27,38.945253,-76.981675,Ward 5,2021-11-29
2021-11-28,38.857861,-76.984587,Ward 8,2021-11-29
2021-11-28,38.945253,-76.981675,Ward 5,2021-11-29
2021-11-28,38.944640,-76.982627,Ward 5,2021-11-29
2021-11-28,38.926952,-77.022438,Ward 1,2021-12-02
2021-11-28,38.912166,-76.976742,Ward 5,2021-11-29
2021-11-28,38.940066,-76.993339,Ward 5,2021-11-29
2021-11-28,38.911762,-77.065382,Ward 2,2021-11-29
2021-11-28,38.961603,-77.052683,Null,2021-11-29
2021-11-28,38.882648,-76.982059,Ward 7,2021-11-29
2021-11-28,38.882663,-76.981211,Ward 6,2021-11-30
2021-11-28,38.926717,-77.025695,Ward 1,2021-11-30
2021-11-29,38.947406,-77.026491,Ward 4,2021-11-29
2021-11-29,38.966462,-77.055294,Ward 4,2021-12-01
2021-11-29,38.945445,-76.981429,Ward 5,2021-11-30
2021-11-29,38.934381,-77.021380,Ward 1,2021-11-30
2021-11-29,38.893521,-76.982972,Ward 6,2021-11-30
2021-11-29,38.967607,-77.077138,Ward 3,2021-12-01
2021-11-29,38.932765,-77.028163,Ward 1,2021-12-01
2021-11-29,38.882836,-76.982219,Ward 6,2021-11-30
2021-11-30,38.857003,-76.982247,Ward 8,2021-12-01
2021-11-30,38.922004,-77.032361,Ward 1,2021-12-02
2021-11-30,38.947245,-77.017938,Ward 4,2021-12-01
2021-11-30,38.966983,-77.077434,Ward 3,2021-12-01
2021-11-30,38.987436,-77.039232,Ward 4,2021-12-01
2021-11-30,38.936213,-77.031888,Ward 1,2021-12-01
2021-11-30,38.928380,-77.031291,Ward 1,2021-12-02
2021-11-30,38.961480,-77.023633,Ward 4,2021-12-01
2021-12-01,38.986950,-77.035952,Ward 4,2021-12-01
2021-12-01,38.913180,-77.016697,Ward 5,2021-12-08
2021-12-01,38.986812,-77.035976,Ward 4,2021-12-02
2021-12-01,38.913759,-77.019621,Ward 6,2021-12-02
2021-12-01,38.922168,-76.962046,Ward 5,2021-12-08
2021-12-01,38.942971,-77.017855,Ward 4,2021-12-08
2021-12-01,38.869292,-76.981689,Ward 8,2021-12-08
2021-12-01,38.935279,-77.019880,Ward 1,2021-12-08
2021-12-01,38.882836,-76.982219,Ward 6,2021-12-02
2021-12-01,38.882030,-76.982037,Ward 6,2021-12-02
2021-12-01,38.886222,-76.957888,Ward 7,2021-12-02
2021-12-02,38.882321,-76.982431,Ward 6,2021-12-08
2021-12-02,38.901127,-77.006849,Ward 6,2021-12-08
2021-12-02,38.900605,-77.007026,Ward 6,2021-12-13
2021-12-02,38.885869,-76.941362,Ward 7,2021-12-08
2021-12-02,38.855854,-76.995144,Ward 8,2021-12-08
2021-12-02,38.926952,-77.022438,Ward 1,2021-12-08
2021-12-02,38.910214,-77.011069,Ward 5,2021-12-08
2021-12-02,38.941814,-77.067991,Ward 3,2021-12-08
2021-12-03,38.944415,-77.017963,Ward 4,2021-12-08
2021-12-03,38.943058,-77.006664,Ward 5,2021-12-08
2021-12-03,38.947660,-77.023848,Ward 4,2021-12-08
2021-12-03,38.965414,-77.020493,Ward 4,2021-12-08
2021-12-03,38.895523,-76.935132,Ward 7,2021-12-08
2021-12-04,38.873802,-77.010466,Ward 6,2021-12-10
2021-12-04,38.945520,-76.988922,Ward 5,2021-12-09
2021-12-04,38.882836,-76.982219,Ward 6,2021-12-09
2021-12-04,38.895282,-76.982756,Ward 6,2021-12-08
2021-12-04,38.946484,-77.073340,Ward 3,2021-12-08
2021-12-05,38.882648,-76.982059,Ward 7,2021-12-09
2021-12-05,38.920159,-76.985312,Ward 5,2021-12-08
2021-12-05,38.882648,-76.982059,Ward 7,2021-12-09
2021-12-05,38.928206,-77.030049,Ward 1,2021-12-09
2021-12-06,38.914654,-77.026356,Ward 1,2021-12-08
2021-12-06,38.942763,-77.024854,Ward 4,2021-12-09
2021-12-06,38.935344,-77.036795,Ward 1,2021-12-08
2021-12-06,38.939721,-77.064999,Ward 3,2021-12-09
2021-12-06,38.896869,-76.987814,Ward 6,2021-12-09
2021-12-06,38.840017,-76.994085,Ward 8,2021-12-09
2021-12-07,38.945796,-76.988545,Ward 5,2021-12-09
2021-12-07,38.907424,-77.047599,Ward 2,2021-12-09
2021-12-07,38.904507,-76.978749,Ward 5,2021-12-09
2021-12-07,38.911701,-77.033367,Ward 2,2021-12-09
2021-12-07,38.895382,-76.934593,Ward 7,2021-12-07
2021-12-07,38.945752,-76.988532,Ward 5,2021-12-09
2021-12-08,38.883469,-76.982222,Ward 6,2021-12-09
2021-12-08,38.908384,-77.081865,Ward 3,2021-12-13
2021-12-08,38.882751,-77.004685,Ward 6,2021-12-14
2021-12-08,38.954920,-77.015793,Ward 4,2021-12-09
2021-12-08,38.954970,-77.015796,Ward 4,2021-12-09
2021-12-08,38.954821,-77.015788,Ward 4,2021-12-09
2021-12-08,38.926952,-77.022438,Ward 1,2021-12-09
2021-12-08,38.901012,-76.999777,Ward 6,2021-12-10
2021-12-08,38.882636,-76.982402,Ward 6,2021-12-09
2021-12-09,38.897867,-76.980355,Ward 6,2021-12-10
2021-12-09,38.966837,-77.077571,Ward 3,2021-12-13
2021-12-09,38.895647,-76.982040,Ward 6,2021-12-10
2021-12-09,38.882836,-76.982219,Ward 6,2021-12-10
2021-12-09,38.897815,-76.989829,Ward 6,2021-12-10
2021-12-09,38.882527,-76.994467,Ward 6,2021-12-14
2021-12-09,38.905112,-76.976854,Ward 5,2021-12-10
2021-12-09,38.968826,-77.023894,Ward 4,2021-12-10
2021-12-09,38.899088,-76.987890,Ward 6,2021-12-10
2021-12-09,38.943007,-77.016590,Ward 4,2021-12-13
2021-12-10,38.896720,-77.003236,Ward 6,2021-12-13
2021-12-10,38.926347,-77.026802,Ward 1,2021-12-14
2021-12-10,38.874561,-76.969044,Ward 7,2021-12-14
2021-12-10,38.880139,-77.019343,Ward 6,2021-12-13
2021-12-10,38.921820,-77.002304,Ward 5,2021-12-13
2021-12-10,38.921962,-77.002287,Ward 5,2021-12-13
2021-12-10,38.921964,-77.001811,Ward 5,2021-12-13
2021-12-11,38.943162,-77.079181,Ward 3,2021-12-14
2021-12-11,38.913879,-77.026170,Ward 6,2021-12-13
2021-12-11,38.864086,-76.984296,Ward 8,2021-12-15
2021-12-11,38.958151,-76.993231,Ward 4,2021-12-14
2021-12-11,38.913590,-77.041441,Ward 2,2021-12-13
2021-12-11,38.968091,-77.028359,Ward 4,2021-12-13
2021-12-11,38.909945,-77.019667,Ward 6,2021-12-13
2021-12-11,38.913044,-77.036163,Ward 2,2021-12-13
2021-12-11,38.912874,-77.034195,Ward 2,2021-12-13
2021-12-12,38.911716,-77.032672,Ward 2,2021-12-13
2021-12-12,38.934703,-76.983045,Ward 5,2021-12-13
2021-12-12,38.913180,-77.016697,Ward 5,2021-12-15
2021-12-12,38.935105,-76.983149,Ward 5,2021-12-13
2021-12-12,38.932827,-76.980434,Ward 5,2021-12-13
2021-12-12,38.935133,-76.982696,Ward 5,2021-12-13
2021-12-12,38.925169,-76.965162,Ward 5,2021-12-13
2021-12-13,38.891703,-76.932108,Ward 7,2021-12-14
2021-12-13,38.912026,-77.046227,Ward 2,2021-12-16
2021-12-13,38.885073,-77.002041,Ward 6,2021-12-14
2021-12-13,38.951681,-76.993103,Ward 5,2021-12-14
2021-12-13,38.940755,-77.019883,Ward 4,2021-12-14
2021-12-13,38.951142,-76.993110,Ward 5,2021-12-14
2021-12-13,38.951096,-76.993109,Ward 5,2021-12-14
2021-12-13,38.924244,-76.964299,Ward 5,2021-12-14
2021-12-13,38.905910,-77.068391,Ward 2,2021-12-14
2021-12-13,38.938704,-77.006000,Ward 5,2021-12-14
2021-12-13,38.897585,-76.985247,Ward 6,2021-12-14
2021-12-13,38.926703,-77.035777,Ward 1,2021-12-14
2021-12-13,38.957643,-77.021627,Ward 4,2021-12-14
2021-12-13,38.920877,-77.077507,Ward 3,2021-12-15
2021-12-13,38.971311,-77.025946,Ward 4,2021-12-14
2021-12-14,38.927594,-77.035090,Ward 1,2021-12-15
2021-12-14,38.904577,-76.935973,Ward 7,2021-12-17
2021-12-14,38.901519,-76.990811,Ward 6,2021-12-16
2021-12-14,38.870558,-76.974231,Ward 8,2021-12-15
2021-12-14,38.936285,-77.033449,Ward 1,2021-12-15
2021-12-14,38.930143,-77.022044,Ward 1,2021-12-15
2021-12-14,38.916434,-77.030990,Ward 1,2021-12-16
2021-12-14,38.923124,-76.990195,Ward 5,2021-12-15
2021-12-14,38.951676,-77.028696,Ward 4,2021-12-15
2021-12-15,38.943583,-77.005867,Ward 5,2021-12-16
2021-12-15,38.896827,-76.998668,Ward 6,2021-12-16
2021-12-15,38.882318,-76.999777,Ward 6,2021-12-20
2021-12-15,38.908069,-77.032953,Ward 2,2021-12-16
2021-12-15,38.952535,-77.036415,Ward 4,2021-12-16
2021-12-15,38.951279,-77.037418,Ward 4,2021-12-20
2021-12-15,38.933993,-77.023258,Ward 1,2021-12-16
2021-12-16,38.910246,-77.012653,Ward 5,2021-12-20
2021-12-16,38.935248,-77.022377,Ward 1,2021-12-20
2021-12-16,38.870746,-76.974053,Ward 8,2021-12-17
2021-12-16,38.924653,-77.034901,Ward 1,2021-12-20
2021-12-16,38.842027,-77.000325,Ward 8,2021-12-17
2021-12-16,38.934092,-77.022474,Ward 1,2021-12-20
2021-12-16,38.929527,-76.975888,Ward 5,2021-12-17
2021-12-16,38.877151,-76.932970,Ward 7,2021-12-17
2021-12-16,38.904751,-76.936169,Ward 7,2021-12-17
2021-12-16,38.898021,-76.981248,Ward 6,2021-12-17
2021-12-16,38.906068,-76.928588,Ward 7,2021-12-17
2021-12-16,38.877160,-76.932754,Ward 7,2021-12-17
2021-12-16,38.916434,-77.030990,Ward 1,2021-12-20
2021-12-16,38.930759,-77.066105,Ward 3,2021-12-17
2021-12-16,38.870558,-76.974231,Ward 8,2021-12-17
2021-12-16,38.930047,-77.018772,Ward 1,2021-12-21
2021-12-16,38.886953,-76.957063,Ward 7,2021-12-17
2021-12-16,38.841702,-77.000292,Ward 8,2021-12-17
2021-12-17,38.938530,-77.061888,Ward 3,2021-12-17
2021-12-17,38.934117,-77.021933,Ward 1,2021-12-20
2021-12-17,38.853298,-76.983303,Ward 8,2021-12-22
2021-12-17,38.883840,-76.983415,Ward 6,2021-12-21
2021-12-17,38.935010,-77.021376,Ward 1,2021-12-20
2021-12-17,38.930759,-77.066105,Ward 3,2021-12-20
2021-12-17,38.886956,-76.957016,Ward 7,2021-12-20
2021-12-17,38.932206,-77.040160,Ward 1,2021-12-20
2021-12-17,38.910379,-77.065923,Ward 2,2021-12-20
2021-12-17,38.953145,-77.026419,Ward 4,2021-12-20
2021-12-18,38.925764,-77.025449,Ward 1,2021-12-20
2021-12-18,38.913835,-77.023561,Ward 6,2021-12-18
2021-12-18,38.858711,-76.993956,Ward 8,2021-12-24
2021-12-18,38.891833,-76.986879,Ward 6,2021-12-21
2021-12-18,38.925779,-76.980079,Ward 5,2021-12-20
2021-12-19,38.870939,-76.977154,Ward 8,2021-12-21
2021-12-19,38.926172,-77.024121,Ward 1,2021-12-20
2021-12-19,38.883947,-76.983447,Ward 6,2021-12-21
2021-12-19,38.903856,-76.931667,Ward 7,2021-12-20
2021-12-19,38.935589,-77.019818,Ward 1,2021-12-20
2021-12-19,38.921383,-77.032702,Ward 1,2021-12-21
2021-12-19,38.883947,-76.983447,Ward 6,2021-12-21
2021-12-20,38.903666,-76.931400,Ward 7,2021-12-23
2021-12-20,38.931572,-77.029489,Ward 1,2021-12-20
2021-12-20,38.956194,-76.991369,Ward 5,2021-12-23
2021-12-20,38.906703,-77.016403,Ward 6,2021-12-21
2021-12-20,38.870800,-76.960570,Ward 7,2021-12-21
2021-12-20,38.899237,-77.007050,Ward 6,2021-12-22
2021-12-20,38.933809,-77.019290,Ward 1,2021-12-22
2021-12-20,38.936190,-77.022841,Ward 1,2021-12-22
2021-12-20,38.916418,-77.008709,Ward 5,2021-12-22
2021-12-20,38.903396,-77.000351,Ward 6,2021-12-21
2021-12-20,38.881459,-76.994065,Ward 6,2021-12-21
2021-12-20,38.822486,-77.017379,Ward 8,2021-12-21
2021-12-21,38.923550,-77.031311,Ward 1,2021-12-22
2021-12-21,38.893431,-76.984939,Ward 6,2021-12-23
2021-12-21,38.894150,-77.002537,Ward 6,2021-12-23
2021-12-22,38.944035,-76.975581,Ward 5,2021-12-23
2021-12-22,38.914090,-77.027035,Null,2021-12-27
2021-12-22,38.930659,-77.098646,Ward 3,2021-12-27
2021-12-22,38.883920,-76.993572,Ward 6,2021-12-23
2021-12-22,38.942750,-77.024487,Ward 4,2021-12-23
2021-12-22,38.926124,-77.034828,Ward 1,2021-12-27
2021-12-22,38.858711,-76.993956,Ward 8,2021-12-23
2021-12-23,38.925764,-77.025449,Ward 1,2021-12-27
2021-12-23,38.903666,-76.931400,Ward 7,2021-12-24
2021-12-23,38.956194,-76.991369,Ward 5,2021-12-24
2021-12-24,38.842347,-76.994339,Ward 8,2021-12-29
2021-12-24,38.976418,-77.025809,Ward 4,2021-12-27
2021-12-24,38.842359,-76.994275,Ward 8,2021-12-29
2021-12-24,38.917736,-77.073167,Ward 3,2021-12-27
2021-12-24,38.895150,-76.937362,Ward 7,2021-12-27
2021-12-24,38.935406,-77.021538,Ward 1,2021-12-27
2021-12-25,38.910804,-77.027838,Ward 2,2021-12-27
2021-12-26,38.963379,-77.069688,Ward 3,2021-12-27
2021-12-27,38.935075,-77.027433,Ward 1,2022-01-03
2021-12-27,38.885121,-76.928074,Ward 7,2021-12-29
2021-12-27,38.847199,-76.968351,Ward 8,2021-12-29
2021-12-27,38.931471,-76.972388,Ward 5,2021-12-29
2021-12-27,38.968443,-77.023680,Ward 4,2021-12-29
2021-12-27,38.935010,-77.021376,Ward 1,2021-12-29
2021-12-27,38.948073,-77.029424,Ward 4,2021-12-29
2021-12-27,38.940627,-77.030095,Ward 4,2022-01-03
2021-12-28,38.944841,-77.035560,Ward 4,2022-01-03
2021-12-28,38.910246,-77.016877,Ward 6,2022-01-03
2021-12-28,38.919358,-77.029332,Ward 1,2022-01-03
2021-12-28,38.872036,-77.013672,Ward 6,2022-01-03
2021-12-28,38.878698,-77.015832,Ward 6,2021-12-31
2021-12-28,38.830751,-76.998946,Ward 8,2021-12-31
2021-12-29,38.907238,-77.036530,Ward 2,2022-01-03
2021-12-29,38.919146,-77.036496,Ward 1,2021-12-31
2021-12-29,38.944035,-76.975581,Ward 5,2022-01-03
2021-12-29,38.897157,-76.998726,Ward 6,2021-12-31
2021-12-29,38.911987,-77.004819,Ward 5,2022-01-03
2021-12-29,38.888490,-76.978021,Ward 7,2021-12-31
2021-12-29,38.885121,-76.928074,Ward 7,2021-12-31
2021-12-29,38.874335,-76.936449,Ward 7,2022-01-03
2021-12-29,38.926955,-77.022397,Ward 1,2021-12-31
2021-12-29,38.875906,-77.008548,Ward 6,2022-01-03
2021-12-29,38.945705,-77.091812,Ward 3,2022-01-03
2021-12-29,38.983041,-77.037064,Ward 4,2022-01-03
2021-12-30,38.874353,-76.937155,Ward 7,2022-01-05
2021-12-30,38.876783,-77.012909,Ward 6,2022-01-03
2021-12-30,38.933310,-77.039481,Ward 1,2022-01-03
2021-12-30,38.923252,-76.990634,Ward 5,2021-12-31
2021-12-30,38.886383,-76.948488,Ward 7,2022-01-05
2021-12-30,38.883262,-76.941736,Ward 7,2021-12-31
2021-12-30,38.963547,-77.071409,Ward 3,2022-01-03
2021-12-31,38.835826,-77.001126,Ward 8,2022-01-03
2021-12-31,38.857861,-76.984587,Ward 8,2022-01-05
2021-12-31,38.894593,-76.976473,Ward 7,2022-01-03
2021-12-31,38.856795,-76.974633,Ward 8,2022-01-03
2021-12-31,38.944001,-77.037626,Ward 4,2022-01-03
