2020-01-01,38.895003,-77.031353,Ward 2,2020-01-14
2020-01-01,38.877143,-76.967045,Ward 7,2020-01-15
2020-01-01,38.934318,-77.019385,Ward 1,2020-01-13
2020-01-01,38.903227,-76.999754,Ward 6,2020-01-14
2020-01-01,38.908500,-77.085991,Ward 3,2020-01-06
2020-01-01,38.921637,-77.026710,Ward 1,2020-01-05
2020-01-01,38.916762,-77.009181,Ward 5,2020-01-03
2020-01-01,38.943130,-77.033974,Ward 4,2020-01-13
2020-01-01,38.944211,-77.012574,Ward 4,2020-01-13
2020-01-02,38.913526,-77.012814,Ward 5,2020-01-13
2020-01-02,38.913885,-77.042532,Ward 2,2020-01-14
2020-01-02,38.866226,-76.988063,Ward 8,2020-01-13
2020-01-02,38.893747,-76.988123,Ward 6,2020-01-22
2020-01-02,38.928599,-77.038757,Ward 1,2020-02-10
2020-01-02,38.901347,-76.934020,Ward 7,2020-01-13
2020-01-02,38.864871,-76.983791,Ward 8,2020-01-06
2020-01-02,38.919012,-77.030083,Ward 1,2020-01-13
2020-01-02,38.905818,-76.926490,Ward 7,2020-01-13
2020-01-02,38.914235,-77.073943,Ward 2,2020-02-13
2020-01-02,38.910042,-76.934588,Ward 7,2020-01-14
2020-01-02,38.886936,-76.954396,Ward 7,2020-01-13
2020-01-02,38.897977,-76.999772,Ward 6,2020-01-14
2020-01-02,38.895007,-76.925832,Ward 7,2020-01-06
2020-01-02,38.892749,-76.911781,Ward 7,2020-01-13
2020-01-02,38.836410,-76.983375,Ward 8,2020-01-22
2020-01-02,38.895987,-76.915531,Ward 7,2020-01-13
2020-01-02,38.912382,-77.022536,Ward 6,2020-01-10
2020-01-02,38.903084,-76.934640,Ward 7,2020-01-13
2020-01-02,38.867949,-76.945283,Ward 7,2020-01-13
2020-01-02,38.902871,-76.922608,Ward 7,2020-01-13
2020-01-02,38.827290,-77.006954,Ward 8,2020-01-16
2020-01-02,38.930821,-77.024318,Ward 1,2020-01-13
2020-01-02,38.852096,-76.971723,Ward 8,2020-01-13
2020-01-02,38.854374,-76.972153,Ward 8,2020-01-16
2020-01-02,38.916003,-77.020236,Ward 1,2020-01-05
2020-01-02,38.854425,-76.970501,Ward 8,2020-01-13
2020-01-02,38.876833,-76.967344,Ward 7,2020-01-13
2020-01-02,38.884718,-76.956999,Ward 7,2020-01-13
2020-01-02,38.893393,-76.923043,Ward 7,2020-01-14
2020-01-02,38.875518,-76.967071,Ward 7,2020-01-13
2020-01-02,38.928802,-77.036789,Ward 1,2020-01-13
2020-01-02,38.869652,-76.966557,Ward 7,2020-01-13
2020-01-02,38.890864,-76.913666,Ward 7,2020-01-13
2020-01-02,38.905538,-76.936797,Ward 7,2020-01-16
2020-01-02,38.895393,-76.914753,Ward 7,2020-01-06
2020-01-02,38.896981,-76.934258,Ward 7,2020-01-13
2020-01-02,38.941945,-77.016099,Ward 4,2020-02-07
2020-01-02,38.906396,-77.009434,Ward 6,2020-02-04
2020-01-02,38.911574,-76.937157,Ward 7,2020-01-06
2020-01-02,38.878206,-76.983846,Ward 6,2020-01-14
2020-01-02,38.901727,-76.946837,Ward 7,2020-01-06
2020-01-02,38.892195,-76.987285,Ward 6,2020-02-04
2020-01-02,38.892821,-76.985750,Ward 6,2020-01-14
2020-01-02,38.891840,-76.982538,Ward 7,2020-01-22
2020-01-02,38.846698,-76.983081,Ward 8,2020-01-13
2020-01-02,38.916796,-77.038770,Ward 2,2020-01-14
2020-01-02,38.916507,-77.038780,Ward 2,2020-01-14
2020-01-02,38.905826,-77.067192,Ward 2,2020-01-14
2020-01-02,38.915844,-77.003210,Ward 5,2020-01-13
2020-01-02,38.960023,-77.032433,Ward 4,2020-02-07
2020-01-02,38.863575,-76.988155,Ward 8,2020-02-05
2020-01-02,38.933984,-77.040504,Ward 1,2020-01-13
2020-01-02,38.913489,-77.038800,Ward 2,2020-01-14
2020-01-02,38.922185,-77.010556,Ward 5,2020-01-03
2020-01-02,38.949207,-77.015045,Ward 4,2020-02-07
2020-01-03,38.906282,-77.014012,Ward 6,2020-02-05
2020-01-03,38.930960,-76.973552,Ward 5,2020-01-13
2020-01-03,38.885200,-76.982894,Ward 6,2020-01-22
2020-01-03,38.820608,-77.006563,Ward 8,2020-01-13
2020-01-03,38.880645,-77.004891,Ward 6,2020-02-04
2020-01-03,38.841107,-76.998699,Ward 8,2020-02-13
2020-01-03,38.898190,-77.000830,Ward 6,2020-01-14
2020-01-03,38.878154,-76.962893,Ward 7,2020-01-09
2020-01-03,38.864562,-76.979707,Ward 8,2020-01-07
2020-01-03,38.952085,-77.081701,Ward 3,2020-01-06
2020-01-03,38.952037,-77.015269,Ward 4,2020-02-07
2020-01-03,38.945264,-77.025704,Ward 4,2020-01-13
2020-01-03,38.841978,-77.001975,Ward 8,2020-01-13
2020-01-03,38.874855,-76.966624,Ward 7,2020-01-13
2020-01-03,38.887771,-76.981707,Ward 7,2020-01-22
2020-01-03,38.918754,-76.988847,Ward 5,2020-01-09
2020-01-03,38.928599,-77.038757,Ward 1,2020-01-07
2020-01-03,38.905397,-76.977704,Ward 5,2020-01-06
2020-01-03,38.881428,-76.929021,Ward 7,2020-01-09
2020-01-03,38.949466,-77.017672,Ward 4,2020-01-13
2020-01-03,38.951666,-77.029051,Ward 4,2020-01-13
2020-01-03,38.868907,-76.980290,Ward 8,2020-01-13
2020-01-03,38.910554,-77.033748,Ward 2,2020-01-14
2020-01-03,38.846316,-76.983219,Ward 8,2020-01-13
2020-01-03,38.919539,-76.982305,Ward 5,2020-01-13
2020-01-03,38.949776,-77.018887,Ward 4,2020-01-13
2020-01-03,38.861011,-76.997313,Ward 8,2020-01-16
2020-01-03,38.855032,-76.970547,Ward 8,2020-01-08
2020-01-03,38.922976,-77.039173,Ward 1,2020-01-07
2020-01-04,38.952860,-77.024123,Ward 4,2020-01-13
2020-01-04,38.886194,-76.997434,Ward 6,2020-01-22
2020-01-04,38.923205,-77.037766,Ward 1,2020-01-07
2020-01-04,38.827943,-77.010794,Ward 8,2020-01-13
2020-01-04,38.914638,-77.014400,Ward 5,2020-01-13
2020-01-04,38.912986,-77.027359,Ward 2,2020-01-14
2020-01-04,38.916824,-77.004127,Ward 5,2020-01-13
2020-01-04,38.904361,-77.001828,Ward 6,2020-01-14
2020-01-04,38.909568,-76.984947,Ward 5,2020-01-13
2020-01-04,38.927111,-77.022695,Ward 1,2020-01-13
2020-01-04,38.903937,-76.985061,Ward 5,2020-01-13
2020-01-04,38.945638,-77.017726,Ward 4,2020-01-13
2020-01-04,38.864728,-76.978386,Ward 8,2020-02-13
2020-01-04,38.957464,-77.031901,Ward 4,2020-02-07
2020-01-04,38.823284,-76.999363,Ward 8,2020-01-16
2020-01-04,38.877143,-76.967045,Ward 7,2020-01-15
2020-01-04,38.900430,-76.995840,Ward 6,2020-01-22
2020-01-04,38.914271,-77.028269,Ward 1,2020-01-13
2020-01-04,38.890007,-76.915701,Ward 7,2020-01-13
2020-01-04,38.890032,-76.916451,Ward 7,2020-01-13
2020-01-04,38.890638,-76.917583,Ward 7,2020-01-13
2020-01-04,38.915756,-77.012781,Ward 5,2020-01-06
2020-01-04,38.904867,-76.996423,Ward 6,2020-01-07
2020-01-04,38.907416,-77.011719,Ward 5,2020-01-13
2020-01-04,38.906926,-76.978235,Ward 5,2020-01-13
2020-01-05,38.943871,-77.023691,Ward 4,2020-01-13
2020-01-05,38.893467,-76.952690,Ward 7,2020-01-13
2020-01-05,38.909450,-77.038998,Ward 2,2020-01-14
2020-01-05,38.887762,-77.001532,Ward 6,2020-01-22
2020-01-05,38.914608,-77.036117,Ward 2,2020-01-14
2020-01-05,38.892384,-76.989946,Ward 6,2020-01-14
2020-01-05,38.911667,-76.984927,Ward 5,2020-01-06
2020-01-05,38.924240,-77.033725,Ward 1,2020-01-07
2020-01-05,38.941592,-76.979600,Ward 5,2020-02-13
2020-01-05,38.943917,-77.022261,Ward 4,2020-01-13
2020-01-05,38.919829,-77.071571,Ward 3,2020-01-13
2020-01-05,38.933773,-77.035231,Ward 1,2020-01-13
2020-01-05,38.906652,-77.010322,Ward 6,2020-02-03
2020-01-06,38.897973,-76.997164,Ward 6,2020-01-22
2020-01-06,38.886798,-76.932900,Ward 7,2020-01-09
2020-01-06,38.927067,-77.022683,Ward 1,2020-01-13
2020-01-06,38.924057,-77.030739,Ward 1,2020-01-13
2020-01-06,38.927975,-77.027606,Ward 1,2020-01-13
2020-01-06,38.934019,-77.041019,Ward 1,2020-01-13
2020-01-06,38.920198,-77.039536,Ward 1,2020-01-16
2020-01-06,38.924112,-77.040141,Ward 1,2020-01-16
2020-01-06,38.923367,-77.038746,Ward 1,2020-01-13
2020-01-06,38.923522,-77.040451,Ward 1,2020-01-16
2020-01-06,38.920593,-77.040480,Ward 1,2020-01-16
2020-01-06,38.921344,-77.048025,Ward 1,2020-01-13
2020-01-06,38.934863,-77.038163,Ward 1,2020-01-13
2020-01-06,38.934743,-77.038204,Ward 1,2020-01-13
2020-01-06,38.933979,-77.040567,Ward 1,2020-01-13
2020-01-06,38.911627,-77.041232,Ward 2,2020-01-14
2020-01-06,38.840672,-76.990840,Ward 8,2020-01-07
2020-01-06,38.948220,-77.015940,Ward 4,2020-02-07
2020-01-06,38.894436,-76.918946,Ward 7,2020-01-13
2020-01-06,38.930964,-77.035289,Ward 1,2020-01-13
2020-01-06,38.865604,-76.975104,Ward 8,2020-02-05
2020-01-06,38.902321,-76.935401,Ward 7,2020-01-13
2020-01-06,38.941577,-76.979245,Ward 5,2020-02-13
2020-01-06,38.865336,-76.948181,Ward 7,2020-01-09
2020-01-06,38.867504,-76.946097,Ward 7,2020-02-13
2020-01-06,38.911691,-77.005013,Ward 5,2020-02-13
2020-01-06,38.920360,-77.033060,Ward 1,2020-01-09
2020-01-06,38.898014,-76.978203,Ward 6,2020-01-16
2020-01-06,38.938548,-76.994008,Ward 5,2020-02-13
2020-01-06,38.829605,-77.013618,Ward 8,2020-02-13
2020-01-06,38.937321,-77.033002,Ward 4,2020-02-07
2020-01-06,38.904081,-76.989919,Ward 5,2020-01-13
2020-01-06,38.879605,-76.936358,Ward 7,2020-01-13
2020-01-06,38.842091,-77.001773,Ward 8,2020-01-13
2020-01-06,38.886010,-76.934464,Ward 7,2020-01-13
2020-01-06,38.958552,-77.029447,Ward 4,2020-02-07
2020-01-06,38.930119,-77.022395,Ward 1,2020-01-13
2020-01-06,38.887432,-76.933504,Ward 7,2020-01-13
2020-01-06,38.849265,-76.983553,Ward 8,2020-01-16
2020-01-06,38.865849,-76.948947,Ward 7,2020-01-13
2020-01-06,38.939975,-77.031573,Ward 4,2020-02-05
2020-01-06,38.920060,-76.957567,Ward 5,2020-01-13
2020-01-06,38.867047,-76.980066,Ward 8,2020-02-13
2020-01-06,38.917137,-76.965134,Ward 5,2020-01-13
2020-01-06,38.918262,-77.004207,Ward 5,2020-01-13
2020-01-06,38.921303,-76.988698,Ward 5,2020-01-13
2020-01-06,38.911373,-77.015446,Ward 5,2020-01-13
2020-01-06,38.908374,-76.985978,Ward 5,2020-01-13
2020-01-06,38.902408,-76.974615,Ward 5,2020-01-13
2020-01-06,38.901015,-76.974410,Ward 5,2020-01-13
2020-01-06,38.899341,-76.974838,Ward 5,2020-01-13
2020-01-06,38.925757,-76.965284,Ward 5,2020-01-13
2020-01-06,38.902973,-76.991087,Ward 6,2020-01-16
2020-01-06,38.921051,-76.989241,Ward 5,2020-01-08
2020-01-06,38.824187,-77.009282,Ward 8,2020-01-08
2020-01-06,38.928870,-77.021364,Ward 1,2020-01-08
2020-01-06,38.891112,-76.948879,Ward 7,2020-01-13
2020-01-06,38.834451,-77.005887,Ward 8,2020-01-08
2020-01-07,38.918573,-76.986481,Ward 5,2020-01-09
2020-01-07,38.887798,-76.980287,Ward 6,2020-01-10
2020-01-07,38.913782,-77.041445,Ward 2,2020-01-09
2020-01-07,38.871538,-76.981358,Ward 8,2020-01-13
2020-01-07,38.930163,-77.023569,Ward 1,2020-01-13
2020-01-07,38.910825,-77.027263,Ward 2,2020-01-14
2020-01-07,38.927067,-77.022683,Ward 1,2020-01-13
2020-01-07,38.930119,-77.022395,Ward 1,2020-01-13
2020-01-07,38.916326,-77.018866,Ward 1,2020-01-13
2020-01-07,38.917212,-77.016159,Ward 1,2020-01-13
2020-01-07,38.914271,-77.028269,Ward 1,2020-01-13
2020-01-07,38.910219,-77.038779,Ward 2,2020-01-07
2020-01-07,38.931246,-76.970265,Ward 5,2020-01-07
2020-01-07,38.861658,-76.988141,Ward 8,2020-01-07
2020-01-07,38.951096,-77.012601,Ward 4,2020-01-13
2020-01-07,38.836738,-77.005611,Ward 8,2020-01-16
2020-01-07,38.951003,-77.028915,Ward 4,2020-02-05
2020-01-07,38.845688,-77.001600,Ward 8,2020-01-13
2020-01-07,38.953012,-77.023877,Ward 4,2020-01-13
2020-01-07,38.858263,-76.965525,Ward 7,2020-01-13
2020-01-07,38.868650,-76.986597,Ward 8,2020-01-08
2020-01-07,38.946993,-77.033285,Ward 4,2020-01-13
2020-01-07,38.923599,-77.040420,Ward 1,2020-02-05
2020-01-07,38.903548,-77.052271,Ward 2,2020-01-09
2020-01-07,38.936432,-77.026634,Ward 4,2020-02-03
2020-01-07,38.891840,-76.982538,Ward 7,2020-01-22
2020-01-07,38.910289,-77.026249,Ward 6,2020-01-10
2020-01-07,38.937440,-77.033381,Ward 4,2020-02-03
2020-01-07,38.959719,-77.083072,Ward 3,2020-01-13
2020-01-07,38.891702,-76.946802,Ward 7,2020-01-09
2020-01-07,38.869629,-76.975717,Ward 8,2020-02-05
2020-01-07,38.875571,-76.965417,Ward 7,2020-02-03
2020-01-07,38.911829,-77.022663,Ward 6,2020-01-10
2020-01-07,38.854650,-76.969638,Ward 8,2020-01-13
2020-01-07,38.851153,-76.965848,Ward 8,2020-01-22
2020-01-07,38.876256,-76.931956,Ward 7,2020-02-13
2020-01-07,38.964672,-77.030953,Ward 4,2020-02-05
2020-01-07,38.949406,-77.007052,Ward 5,2020-01-13
2020-01-07,38.965241,-77.030814,Ward 4,2020-02-05
2020-01-07,38.889172,-76.981991,Ward 6,2020-02-04
2020-01-07,38.845703,-77.001903,Ward 8,2020-01-13
2020-01-07,38.847665,-77.003506,Ward 8,2020-01-13
2020-01-07,38.845858,-76.996814,Ward 8,2020-02-05
2020-01-07,38.838278,-77.006253,Ward 8,2020-01-13
2020-01-07,38.840730,-76.989779,Ward 8,2020-01-16
2020-01-07,38.903451,-76.934729,Ward 7,2020-01-13
2020-01-07,38.860405,-76.953189,Ward 7,2020-02-03
2020-01-07,38.953359,-77.018955,Ward 4,2020-02-05
2020-01-07,38.824586,-77.008956,Ward 8,2020-01-13
2020-01-08,38.944921,-77.082951,Ward 3,2020-01-13
2020-01-08,38.831118,-76.994351,Ward 8,2020-01-13
2020-01-08,38.845345,-76.976371,Ward 8,2020-02-13
2020-01-08,38.827940,-77.011063,Ward 8,2020-01-13
2020-01-08,38.928743,-77.025947,Ward 1,2020-02-05
2020-01-08,38.911835,-77.028772,Ward 2,2020-02-04
2020-01-08,38.918573,-76.986481,Ward 5,2020-01-09
2020-01-08,38.933331,-77.040996,Ward 1,2020-02-04
2020-01-08,38.933194,-77.040998,Ward 1,2020-02-04
2020-01-08,38.858716,-76.964495,Ward 7,2020-02-03
2020-01-08,38.944058,-77.004074,Ward 5,2020-02-13
2020-01-08,38.922557,-76.966272,Ward 5,2020-01-09
2020-01-08,38.937788,-77.031851,Ward 4,2020-02-05
2020-01-08,38.919582,-77.033332,Ward 1,2020-01-10
2020-01-08,38.960820,-77.026763,Ward 4,2020-02-05
2020-01-08,38.980709,-77.023231,Ward 4,2020-02-03
2020-01-08,38.953672,-77.094335,Ward 3,2020-02-05
2020-01-08,38.953672,-77.094335,Ward 3,2020-01-09
2020-01-08,38.896188,-76.914033,Ward 7,2020-02-13
2020-01-08,38.893080,-76.951966,Ward 7,2020-02-03
2020-01-08,38.897698,-76.937886,Ward 7,2020-02-03
2020-01-08,38.928519,-77.037913,Ward 1,2020-02-05
2020-01-08,38.947647,-77.006833,Ward 5,2020-01-13
2020-01-08,38.938637,-76.993963,Ward 5,2020-01-13
2020-01-08,38.935119,-77.035214,Ward 1,2020-02-05
2020-01-08,38.900700,-76.977001,Ward 5,2020-01-13
2020-01-08,38.900699,-76.976897,Ward 5,2020-01-13
2020-01-08,38.901334,-76.977228,Ward 5,2020-01-13
2020-01-08,38.906407,-76.986078,Ward 5,2020-01-13
2020-01-08,38.929478,-76.957524,Ward 5,2020-01-13
2020-01-08,38.869181,-76.979902,Ward 8,2020-02-05
2020-01-08,38.868828,-76.980459,Ward 8,2020-01-10
2020-01-08,38.935962,-77.029963,Ward 1,2020-02-03
2020-01-08,38.901112,-76.984163,Ward 5,2020-01-13
2020-01-08,38.909379,-76.986307,Ward 5,2020-01-13
2020-01-08,38.872076,-76.962532,Ward 7,2020-01-13
2020-01-08,38.939184,-77.025061,Ward 4,2020-02-03
2020-01-08,38.849548,-76.979264,Ward 8,2020-01-10
2020-01-08,38.851936,-76.986846,Ward 8,2020-02-05
2020-01-08,38.916736,-77.014184,Ward 5,2020-02-03
2020-01-08,38.907235,-77.012170,Ward 5,2020-01-09
2020-01-08,38.949556,-77.017263,Ward 4,2020-02-03
2020-01-08,38.939586,-77.022611,Ward 4,2020-02-07
2020-01-09,38.910866,-77.037542,Ward 2,2020-02-05
2020-01-09,38.868650,-76.986597,Ward 8,2020-02-05
2020-01-09,38.897514,-76.937181,Ward 7,2020-02-03
2020-01-09,38.919454,-77.047472,Ward 1,2020-02-05
2020-01-09,38.908057,-77.011370,Ward 5,2020-02-13
2020-01-09,38.986248,-77.036668,Ward 4,2020-02-03
2020-01-09,38.881115,-77.000355,Ward 6,2020-02-13
2020-01-09,38.847629,-77.002663,Ward 8,2020-02-05
2020-01-09,38.893908,-76.976447,Ward 7,2020-02-03
2020-01-09,38.820719,-77.006489,Ward 8,2020-02-05
2020-01-09,38.892089,-76.949414,Ward 7,2020-02-03
2020-01-09,38.914638,-77.008464,Ward 5,2020-01-09
2020-01-09,38.890885,-76.948799,Ward 7,2020-02-03
2020-01-09,38.962169,-77.000203,Ward 4,2020-02-03
2020-01-09,38.907129,-76.935637,Ward 7,2020-02-05
2020-01-09,38.907129,-76.935637,Ward 7,2020-02-05
2020-01-09,38.890601,-76.924961,Ward 7,2020-02-03
2020-01-09,38.931372,-77.023298,Ward 1,2020-02-05
2020-01-09,38.992030,-77.043607,Ward 4,2020-01-24
2020-01-09,38.931594,-77.023853,Ward 1,2020-02-05
2020-01-09,38.902247,-77.001852,Ward 6,2020-01-15
2020-01-09,38.992030,-77.043607,Ward 4,2020-01-24
2020-01-09,38.991380,-77.040349,Ward 4,2020-01-17
2020-01-09,38.992070,-77.041676,Ward 4,2020-01-17
2020-01-09,38.930821,-77.024318,Ward 1,2020-02-05
2020-01-09,38.948058,-77.027564,Ward 4,2020-02-03
2020-01-09,38.944258,-77.006165,Ward 5,2020-02-03
2020-01-09,38.911678,-77.020175,Ward 6,2020-01-13
2020-01-09,38.943141,-77.002751,Ward 5,2020-02-03
2020-01-09,38.855757,-76.991676,Ward 8,2020-02-05
2020-01-09,38.910873,-77.037400,Ward 2,2020-02-04
2020-01-09,38.924700,-76.999134,Ward 5,2020-02-03
2020-01-09,38.917942,-77.007867,Ward 5,2020-02-03
2020-01-09,38.954140,-76.995353,Ward 5,2020-02-13
2020-01-09,38.979889,-77.056537,Ward 4,2020-02-05
2020-01-09,38.979889,-77.056537,Ward 4,2020-02-05
2020-01-09,38.979889,-77.056537,Ward 4,2020-02-05
2020-01-09,38.905173,-76.983246,Ward 5,2020-02-05
2020-01-09,38.904622,-76.983407,Ward 5,2020-02-05
2020-01-09,38.939534,-77.032394,Ward 4,2020-02-03
2020-01-09,38.905446,-76.974362,Ward 5,2020-02-05
2020-01-09,38.905938,-77.026402,Ward 2,2020-02-04
2020-01-09,38.907241,-77.027036,Ward 2,2020-02-13
2020-01-09,38.959475,-77.068041,Ward 3,2020-02-05
2020-01-09,38.948122,-77.068668,Ward 3,2020-02-05
2020-01-09,38.958859,-77.071713,Ward 3,2020-02-05
2020-01-09,38.935833,-77.022865,Ward 1,2020-02-05
2020-01-09,38.898312,-76.977549,Ward 7,2020-01-15
2020-01-09,38.916774,-77.039903,Ward 2,2020-01-10
2020-01-09,38.884466,-76.988537,Ward 6,2020-02-03
2020-01-09,38.890062,-76.949385,Ward 7,2020-02-07
2020-01-09,38.952803,-77.025819,Ward 4,2020-02-03
2020-01-09,38.908330,-76.941977,Ward 7,2020-02-03
2020-01-09,38.929107,-77.025324,Ward 1,2020-02-05
2020-01-10,38.929167,-77.024631,Ward 1,2020-02-05
2020-01-10,38.943361,-77.089054,Ward 3,2020-01-10
2020-01-10,38.912813,-77.024310,Ward 6,2020-01-16
2020-01-10,38.971613,-77.031901,Ward 4,2020-01-13
2020-01-10,38.895200,-76.993970,Ward 6,2020-02-04
2020-01-10,38.914645,-77.014433,Ward 5,2020-01-10
2020-01-10,38.844883,-76.970960,Ward 8,2020-01-17
2020-01-10,38.896354,-76.959611,Ward 7,2020-01-17
2020-01-10,38.918284,-77.038011,Ward 1,2020-01-14
2020-01-10,38.902275,-77.010291,Ward 6,2020-01-16
2020-01-10,38.931234,-77.019216,Ward 1,2020-01-14
2020-01-10,38.917715,-77.017430,Ward 1,2020-01-22
2020-01-10,38.920957,-76.981062,Ward 5,2020-01-13
2020-01-10,38.858576,-76.988886,Ward 8,2020-01-17
2020-01-10,38.931851,-77.018897,Ward 1,2020-01-22
2020-01-10,38.925159,-77.007377,Ward 5,2020-01-10
2020-01-10,38.894135,-76.978768,Ward 6,2020-01-15
2020-01-10,38.954483,-77.020376,Ward 4,2020-02-07
2020-01-10,38.896281,-76.982050,Ward 6,2020-02-04
2020-01-10,38.934809,-77.108603,Ward 3,2020-02-04
2020-01-10,38.903825,-76.982240,Ward 5,2020-01-22
2020-01-10,38.947711,-77.022693,Ward 4,2020-02-13
2020-01-10,38.923297,-77.040461,Ward 1,2020-01-22
2020-01-10,38.924538,-77.041598,Ward 1,2020-01-22
2020-01-10,38.929211,-77.024192,Ward 1,2020-01-22
2020-01-10,38.893715,-76.913415,Ward 7,2020-01-13
2020-01-10,38.887111,-76.981033,Ward 6,2020-01-16
2020-01-10,38.854374,-76.972153,Ward 8,2020-01-14
2020-01-10,38.888826,-76.929023,Ward 7,2020-01-17
2020-01-10,38.889472,-76.926211,Ward 7,2020-01-17
2020-01-10,38.897987,-76.985238,Ward 6,2020-01-15
2020-01-10,38.886042,-76.996183,Ward 6,2020-01-13
2020-01-10,38.938066,-77.029413,Ward 4,2020-02-07
2020-01-10,38.886610,-76.921650,Ward 7,2020-01-17
2020-01-10,38.938105,-76.971944,Ward 5,2020-02-13
2020-01-10,38.888490,-76.981585,Ward 6,2020-01-16
2020-01-10,38.884100,-76.980766,Ward 6,2020-01-17
2020-01-10,38.940022,-76.986875,Ward 5,2020-01-22
2020-01-10,38.878806,-76.961782,Ward 7,2020-01-17
2020-01-10,38.902552,-76.975255,Ward 5,2020-01-22
2020-01-10,38.897493,-76.935800,Ward 7,2020-01-17
2020-01-10,38.947836,-76.992872,Ward 5,2020-01-17
2020-01-10,38.846698,-76.983081,Ward 8,2020-01-17
2020-01-10,38.887760,-76.993104,Ward 6,2020-01-16
2020-01-10,38.884217,-76.960521,Ward 7,2020-01-17
2020-01-10,38.915800,-77.002512,Ward 5,2020-01-13
2020-01-10,38.905396,-76.971953,Ward 5,2020-01-17
2020-01-10,38.907666,-77.011909,Ward 5,2020-02-05
2020-01-10,38.935210,-77.028259,Ward 1,2020-01-22
2020-01-10,38.907416,-77.011782,Ward 5,2020-01-13
2020-01-11,38.830033,-76.993871,Ward 8,2020-01-17
2020-01-11,38.888463,-76.979896,Ward 6,2020-01-16
2020-01-11,38.911793,-77.022747,Ward 6,2020-01-13
2020-01-11,38.897535,-76.990550,Ward 6,2020-02-04
2020-01-11,38.916746,-77.011373,Ward 5,2020-01-22
2020-01-11,38.952438,-77.085174,Ward 3,2020-01-13
2020-01-11,38.925525,-77.028164,Ward 1,2020-01-14
2020-01-11,38.889761,-76.932056,Ward 7,2020-01-17
2020-01-11,38.929746,-77.024717,Ward 1,2020-01-22
2020-01-11,38.915572,-77.019213,Ward 1,2020-01-22
2020-01-11,38.915572,-77.019213,Ward 1,2020-01-22
2020-01-11,38.844515,-77.001904,Ward 8,2020-01-14
2020-01-11,38.885457,-76.921902,Ward 7,2020-01-14
2020-01-11,38.923186,-77.078980,Ward 3,2020-01-13
2020-01-11,38.937801,-77.032048,Ward 4,2020-02-05
2020-01-11,38.957915,-77.025576,Ward 4,2020-02-05
2020-01-11,38.906040,-77.013885,Ward 6,2020-01-16
2020-01-11,38.905475,-77.015726,Ward 6,2020-01-13
2020-01-11,38.880314,-77.019905,Ward 6,2020-02-03
2020-01-11,38.937822,-77.029925,Ward 4,2020-02-05
2020-01-11,38.954284,-77.028284,Ward 4,2020-02-05
2020-01-11,38.917941,-77.007797,Ward 5,2020-01-17
2020-01-11,38.890717,-76.987263,Ward 6,2020-02-13
2020-01-11,38.895919,-76.988123,Ward 6,2020-01-15
2020-01-12,38.913026,-77.027339,Ward 2,2020-01-22
2020-01-12,38.878584,-76.941614,Ward 7,2020-01-13
2020-01-12,38.896841,-76.981054,Ward 6,2020-01-15
2020-01-12,38.896819,-76.981356,Ward 6,2020-01-15
2020-01-12,38.914645,-77.014433,Ward 5,2020-01-22
2020-01-12,38.938846,-77.029283,Ward 4,2020-02-05
2020-01-12,38.905835,-77.000394,Ward 6,2020-01-15
2020-01-12,38.951687,-77.010155,Ward 4,2020-02-05
2020-01-12,38.929760,-77.106319,Ward 3,2020-01-13
2020-01-12,38.910781,-77.011982,Ward 5,2020-01-22
2020-01-12,38.937934,-76.975969,Ward 5,2020-01-17
2020-01-12,38.924102,-77.044274,Ward 1,2020-01-14
2020-01-12,38.882502,-76.983440,Ward 6,2020-01-13
2020-01-12,38.889761,-76.932056,Ward 7,2020-01-17
2020-01-12,38.881791,-76.923893,Ward 7,2020-02-03
2020-01-12,38.908967,-77.064791,Ward 2,2020-02-04
2020-01-12,38.864199,-76.978156,Ward 8,2020-01-17
2020-01-12,38.910781,-77.011982,Ward 5,2020-01-22
2020-01-12,38.903123,-76.990557,Ward 5,2020-02-05
2020-01-12,38.915756,-77.012781,Ward 5,2020-01-17
2020-01-12,38.954284,-77.028284,Ward 4,2020-02-05
2020-01-12,38.888067,-76.921135,Ward 7,2020-01-14
2020-01-13,38.994751,-77.040121,Ward 4,2020-01-22
2020-01-13,38.994206,-77.039443,Ward 4,2020-01-27
2020-01-13,38.902765,-76.993931,Ward 6,2020-02-05
2020-01-13,38.957913,-77.021637,Ward 4,2020-02-05
2020-01-13,38.957127,-77.027268,Ward 4,2020-02-05
2020-01-13,38.894436,-76.918946,Ward 7,2020-01-14
2020-01-13,38.909316,-76.984214,Ward 5,2020-01-22
2020-01-13,38.897193,-76.970268,Ward 7,2020-01-14
2020-01-13,38.892740,-76.975424,Ward 6,2020-01-15
2020-01-13,38.949588,-77.025844,Ward 4,2020-02-05
2020-01-13,38.881433,-76.926597,Ward 7,2020-02-03
2020-01-13,38.884637,-76.924281,Ward 7,2020-02-03
2020-01-13,38.896646,-76.998212,Ward 6,2020-01-15
2020-01-13,38.824598,-77.009120,Ward 8,2020-02-05
2020-01-13,38.956586,-77.010118,Ward 4,2020-02-05
2020-01-13,38.881728,-76.999764,Ward 6,2020-02-05
2020-01-13,38.930216,-77.032146,Ward 1,2020-02-03
2020-01-13,38.930216,-77.032146,Ward 1,2020-02-04
2020-01-13,38.930216,-77.032146,Ward 1,2020-02-04
2020-01-13,38.920410,-77.013860,Ward 5,2020-01-15
2020-01-13,38.885051,-76.959300,Ward 7,2020-01-17
2020-01-13,38.936778,-77.033094,Ward 1,2020-01-15
2020-01-13,38.836676,-77.004750,Ward 8,2020-02-05
2020-01-13,38.927399,-77.023692,Ward 1,2020-02-05
2020-01-13,38.897052,-76.978105,Ward 7,2020-02-03
2020-01-13,38.915793,-77.041291,Ward 2,2020-02-04
2020-01-13,38.905665,-76.985955,Ward 5,2020-01-22
2020-01-13,38.890077,-76.944288,Ward 7,2020-01-14
2020-01-13,38.934021,-77.039555,Ward 1,2020-02-05
2020-01-13,38.934021,-77.039555,Ward 1,2020-02-05
2020-01-13,38.925176,-77.030019,Ward 1,2020-02-03
2020-01-13,38.934452,-77.027435,Ward 1,2020-01-22
2020-01-13,38.977984,-77.027873,Ward 4,2020-02-05
2020-01-13,38.878584,-76.941614,Ward 7,2020-01-13
2020-01-13,38.892152,-76.951762,Ward 7,2020-02-03
2020-01-13,38.868830,-76.979541,Ward 8,2020-02-05
2020-01-13,38.888462,-76.979839,Ward 6,2020-02-03
2020-01-13,38.880840,-76.926295,Ward 7,2020-02-03
2020-01-13,38.914454,-77.009378,Ward 5,2020-02-05
2020-01-13,38.886496,-76.918395,Ward 7,2020-01-14
2020-01-13,38.913083,-77.003237,Ward 5,2020-02-05
2020-01-13,38.913205,-77.003235,Ward 5,2020-02-05
2020-01-13,38.824588,-77.008834,Ward 8,2020-02-05
2020-01-13,38.917329,-76.972439,Ward 5,2020-01-17
2020-01-13,38.904168,-76.990318,Ward 5,2020-01-17
2020-01-13,38.908041,-77.084706,Ward 3,2020-01-22
2020-01-13,38.907739,-76.984895,Ward 5,2020-01-17
2020-01-13,38.919354,-77.075905,Ward 3,2020-01-22
2020-01-13,38.938081,-76.971534,Ward 5,2020-01-17
2020-01-13,38.845308,-77.003038,Ward 8,2020-02-13
2020-01-13,38.942712,-76.990514,Ward 5,2020-01-17
2020-01-13,38.964996,-77.007418,Ward 4,2020-02-03
2020-01-13,38.877199,-76.932274,Ward 7,2020-01-17
2020-01-13,38.918915,-77.002266,Ward 5,2020-01-14
2020-01-13,38.968819,-77.029959,Ward 4,2020-01-17
2020-01-13,38.922953,-77.031687,Ward 1,2020-01-15
2020-01-13,38.896538,-76.957495,Ward 7,2020-02-03
2020-01-14,38.959873,-77.029406,Ward 4,2020-02-03
2020-01-14,38.959415,-77.028466,Ward 4,2020-02-05
2020-01-14,38.902599,-76.970667,Ward 5,2020-01-14
2020-01-14,38.932193,-77.018912,Ward 1,2020-02-05
2020-01-14,38.936164,-77.022983,Ward 1,2020-02-05
2020-01-14,38.929900,-77.029226,Ward 1,2020-02-05
2020-01-14,38.929906,-77.029474,Ward 1,2020-02-05
2020-01-14,38.824655,-77.007654,Ward 8,2020-02-05
2020-01-14,38.825014,-77.010385,Ward 8,2020-02-05
2020-01-14,38.914271,-77.028269,Ward 1,2020-02-04
2020-01-14,38.887594,-76.993762,Ward 6,2020-02-05
2020-01-14,38.834864,-77.006894,Ward 8,2020-02-05
2020-01-14,38.932655,-77.031220,Ward 1,2020-01-16
2020-01-14,38.961234,-77.026247,Ward 4,2020-02-03
2020-01-14,38.961465,-77.026248,Ward 4,2020-02-03
2020-01-14,38.986926,-77.035350,Ward 4,2020-02-05
2020-01-14,38.903452,-76.983033,Ward 5,2020-01-22
2020-01-14,38.931012,-77.028463,Ward 1,2020-02-04
2020-01-14,38.875576,-76.968393,Ward 7,2020-02-05
2020-01-14,38.893811,-76.911232,Ward 7,2020-02-03
2020-01-14,38.867623,-76.972371,Ward 8,2020-02-05
2020-01-14,38.928036,-77.037719,Ward 1,2020-01-16
2020-01-14,38.867553,-76.946423,Ward 7,2020-02-05
2020-01-14,38.868828,-76.980459,Ward 8,2020-02-05
2020-01-14,38.842310,-76.988292,Ward 8,2020-02-05
2020-01-14,38.912986,-77.027359,Ward 2,2020-02-04
2020-01-14,38.934025,-77.040428,Ward 1,2020-02-04
2020-01-14,38.933475,-77.041764,Ward 1,2020-02-05
2020-01-14,38.877199,-76.932274,Ward 7,2020-01-17
2020-01-14,38.858576,-76.988886,Ward 8,2020-01-17
2020-01-14,38.898014,-76.978203,Ward 6,2020-01-15
2020-01-14,38.914077,-76.973170,Ward 5,2020-01-22
2020-01-14,38.904205,-76.979716,Ward 5,2020-02-05
2020-01-14,38.907240,-76.986378,Ward 5,2020-01-22
2020-01-14,38.903880,-76.980235,Ward 5,2020-01-22
2020-01-14,38.904302,-76.992327,Ward 5,2020-01-22
2020-01-14,38.939184,-77.025061,Ward 4,2020-02-03
2020-01-14,38.911867,-77.039919,Ward 2,2020-01-15
2020-01-14,38.833260,-77.003373,Ward 8,2020-01-16
2020-01-14,38.910786,-77.009378,Ward 5,2020-01-15
2020-01-14,38.925585,-77.000037,Ward 5,2020-01-15
2020-01-14,38.836347,-77.002527,Ward 8,2020-01-16
2020-01-14,38.910013,-77.026195,Ward 6,2020-02-13
2020-01-14,38.841990,-76.986206,Ward 8,2020-02-05
2020-01-14,38.825159,-77.007799,Ward 8,2020-02-05
2020-01-14,38.868687,-76.984802,Ward 8,2020-02-05
2020-01-14,38.912762,-77.027528,Ward 2,2020-01-15
2020-01-14,38.968453,-77.021656,Ward 4,2020-02-05
2020-01-15,38.911667,-76.984927,Ward 5,2020-01-15
2020-01-15,38.957486,-77.031026,Ward 4,2020-01-17
2020-01-15,38.957464,-77.031901,Ward 4,2020-02-07
2020-01-15,38.907804,-76.979955,Ward 5,2020-01-22
2020-01-15,38.867419,-76.985955,Ward 8,2020-01-16
2020-01-15,38.906645,-77.081850,Ward 3,2020-01-15
2020-01-15,38.921771,-77.101790,Ward 3,2020-01-15
2020-01-15,38.930716,-77.110810,Ward 3,2020-01-15
2020-01-15,38.919405,-77.030755,Ward 1,2020-02-04
2020-01-15,38.856292,-76.968322,Ward 8,2020-01-16
2020-01-15,38.910782,-76.987579,Ward 5,2020-02-05
2020-01-15,38.893252,-76.948686,Ward 7,2020-02-03
2020-01-15,38.964641,-77.031271,Ward 4,2020-02-05
2020-01-15,38.911394,-77.095718,Ward 3,2020-01-15
2020-01-15,38.874778,-77.010437,Ward 6,2020-02-13
2020-01-15,38.906137,-77.001639,Ward 6,2020-02-07
2020-01-15,38.939815,-76.994814,Ward 5,2020-02-03
2020-01-15,38.907070,-77.010919,Ward 5,2020-02-03
2020-01-15,38.936560,-77.058544,Ward 3,2020-02-04
2020-01-15,38.913605,-77.032357,Ward 2,2020-01-16
2020-01-15,38.911292,-77.008393,Ward 5,2020-02-05
2020-01-15,38.937197,-76.994841,Ward 5,2020-02-05
2020-01-15,38.967103,-77.021680,Ward 4,2020-02-05
2020-01-15,38.911313,-77.029109,Ward 2,2020-02-04
2020-01-15,38.896572,-76.986184,Ward 6,2020-02-07
2020-01-15,38.875816,-76.932053,Ward 7,2020-02-05
2020-01-15,38.828980,-76.994370,Ward 8,2020-01-16
2020-01-15,38.906714,-77.086806,Ward 3,2020-01-16
2020-01-15,38.957074,-76.993221,Ward 5,2020-02-03
2020-01-15,38.927780,-76.991351,Ward 5,2020-02-03
2020-01-15,38.906785,-76.987361,Ward 5,2020-01-22
2020-01-15,38.922394,-77.003882,Ward 5,2020-02-04
2020-01-15,38.910918,-77.014062,Ward 5,2020-02-03
2020-01-15,38.898801,-76.975865,Null,2020-01-22
2020-01-15,38.903758,-76.984696,Ward 5,2020-01-22
2020-01-15,38.907854,-76.988423,Ward 5,2020-01-22
2020-01-15,38.900086,-76.939458,Ward 7,2020-02-03
2020-01-15,38.912050,-77.038954,Ward 2,2020-01-16
2020-01-15,38.911597,-77.038219,Ward 2,2020-01-16
2020-01-15,38.895251,-76.980481,Ward 6,2020-02-03
2020-01-15,38.917424,-77.008077,Ward 5,2020-01-16
2020-01-16,38.914225,-77.008717,Ward 5,2020-02-04
2020-01-16,38.895003,-77.031353,Ward 2,2020-01-16
2020-01-16,38.925980,-77.027759,Ward 1,2020-02-05
2020-01-16,38.898902,-76.975176,Ward 5,2020-01-16
2020-01-16,38.902369,-76.983296,Ward 5,2020-02-05
2020-01-16,38.891833,-76.986879,Ward 6,2020-02-03
2020-01-16,38.929899,-77.030014,Ward 1,2020-02-04
2020-01-16,38.925309,-77.023439,Ward 1,2020-02-04
2020-01-16,38.891868,-76.988052,Ward 6,2020-01-21
2020-01-16,38.922642,-77.027759,Ward 1,2020-02-04
2020-01-16,38.924031,-77.028033,Ward 1,2020-02-04
2020-01-16,38.922686,-77.032038,Ward 1,2020-02-04
2020-01-16,38.879911,-76.993525,Ward 6,2020-02-03
2020-01-16,38.923504,-77.039250,Ward 1,2020-02-04
2020-01-16,38.902869,-76.929181,Ward 7,2020-02-03
2020-01-16,38.904884,-76.984008,Ward 5,2020-01-16
2020-01-16,38.887127,-76.980496,Ward 6,2020-01-16
2020-01-16,38.913912,-77.042316,Ward 2,2020-02-05
2020-01-16,38.933331,-77.040996,Ward 1,2020-02-04
2020-01-16,38.896305,-76.956152,Ward 7,2020-02-05
2020-01-16,38.835223,-77.006597,Ward 8,2020-02-05
2020-01-16,38.835223,-77.006597,Ward 8,2020-02-05
2020-01-16,38.835223,-77.006597,Ward 8,2020-02-05
2020-01-16,38.896305,-76.956152,Ward 7,2020-02-05
2020-01-16,38.864995,-76.949095,Ward 7,2020-02-05
2020-01-16,38.902798,-76.998731,Ward 6,2020-01-21
2020-01-16,38.933789,-77.041005,Ward 1,2020-02-04
2020-01-16,38.913165,-77.011891,Ward 5,2020-02-05
2020-01-16,38.875522,-76.965316,Ward 7,2020-02-13
2020-01-16,38.868572,-76.980040,Ward 8,2020-02-05
2020-01-16,38.912726,-76.987756,Ward 5,2020-02-05
2020-01-16,38.827275,-76.997648,Ward 8,2020-02-13
2020-01-16,38.902341,-76.978737,Ward 5,2020-02-13
2020-01-16,38.830300,-76.995512,Ward 8,2020-02-13
2020-01-16,38.830300,-76.995747,Ward 8,2020-02-13
2020-01-16,38.879378,-76.943238,Ward 7,2020-02-05
2020-01-16,38.927668,-77.033857,Ward 1,2020-01-21
2020-01-16,38.876513,-76.967543,Ward 7,2020-02-05
2020-01-16,38.885333,-76.956576,Ward 7,2020-02-03
2020-01-16,38.886300,-76.978822,Ward 6,2020-02-03
2020-01-16,38.933938,-77.025103,Ward 1,2020-02-07
2020-01-16,38.962860,-77.073243,Ward 3,2020-01-21
2020-01-16,38.922538,-77.001517,Ward 5,2020-02-05
2020-01-16,38.907417,-77.011528,Ward 5,2020-02-05
2020-01-17,38.913591,-77.016372,Ward 5,2020-02-05
2020-01-17,38.911667,-76.984927,Ward 5,2020-01-22
2020-01-17,38.911454,-77.019673,Ward 6,2020-01-22
2020-01-17,38.930056,-77.025495,Ward 1,2020-02-07
2020-01-17,38.935831,-77.057152,Ward 3,2020-01-21
2020-01-17,38.957634,-77.028652,Ward 4,2020-02-05
2020-01-17,38.963208,-77.010949,Ward 4,2020-02-05
2020-01-17,38.940066,-76.993339,Ward 5,2020-02-05
2020-01-17,38.925503,-77.027527,Ward 1,2020-02-04
2020-01-17,38.899624,-76.924441,Ward 7,2020-02-07
2020-01-17,38.937784,-77.032165,Ward 4,2020-02-07
2020-01-17,38.822643,-77.005796,Ward 8,2020-01-21
2020-01-17,38.879206,-76.981974,Ward 6,2020-02-13
2020-01-17,38.876562,-76.983256,Ward 6,2020-02-03
2020-01-17,38.892384,-76.989946,Ward 6,2020-02-07
2020-01-17,38.885640,-77.001186,Ward 6,2020-01-22
2020-01-17,38.890258,-76.913432,Ward 7,2020-02-03
2020-01-17,38.937784,-77.032165,Ward 4,2020-02-07
2020-01-17,38.883496,-76.943252,Ward 7,2020-02-07
2020-01-17,38.922227,-77.003723,Ward 5,2020-02-11
2020-01-17,38.933979,-77.040567,Ward 1,2020-02-13
2020-01-17,38.871848,-76.976060,Ward 8,2020-02-05
2020-01-17,38.979889,-77.056537,Ward 4,2020-01-22
2020-01-17,38.880053,-76.942963,Ward 7,2020-01-22
2020-01-17,38.981105,-77.031869,Ward 4,2020-02-07
2020-01-17,38.961516,-77.019677,Ward 4,2020-01-22
2020-01-17,38.940177,-77.026830,Ward 4,2020-01-22
2020-01-17,38.939817,-77.016286,Ward 4,2020-01-22
2020-01-17,38.944485,-77.005785,Ward 5,2020-02-13
2020-01-17,38.923298,-77.040385,Ward 1,2020-01-22
2020-01-17,38.940660,-77.055010,Ward 3,2020-01-21
2020-01-17,38.938678,-77.031217,Ward 4,2020-02-07
2020-01-17,38.831158,-76.991158,Ward 8,2020-02-05
2020-01-17,38.909853,-77.014316,Ward 5,2020-02-05
2020-01-17,38.919544,-76.982901,Ward 5,2020-02-13
2020-01-17,38.913781,-77.016523,Ward 5,2020-01-21
2020-01-18,38.889302,-76.981983,Ward 6,2020-02-07
2020-01-18,38.924196,-77.094713,Ward 3,2020-01-21
2020-01-18,38.890717,-76.987263,Ward 6,2020-02-07
2020-01-18,38.876173,-76.966735,Ward 7,2020-02-07
2020-01-19,38.912854,-76.984520,Ward 5,2020-01-22
2020-01-19,38.937784,-77.032232,Ward 4,2020-02-07
2020-01-19,38.889346,-76.981998,Ward 6,2020-02-07
2020-01-19,38.889215,-76.981985,Ward 6,2020-02-07
2020-01-19,38.912983,-77.013759,Ward 5,2020-02-12
2020-01-19,38.893323,-76.918692,Ward 7,2020-02-07
2020-01-19,38.924997,-77.026408,Ward 1,2020-02-04
2020-01-19,38.925740,-77.026002,Ward 1,2020-02-04
2020-01-19,38.959928,-76.995416,Ward 4,2020-02-13
2020-01-20,38.927884,-76.968881,Ward 5,2020-02-12
2020-01-20,38.931790,-77.037254,Ward 1,2020-01-22
2020-01-20,38.888751,-76.914976,Ward 7,2020-01-22
2020-01-20,38.957915,-77.025576,Ward 4,2020-01-24
2020-01-20,38.885209,-76.956666,Ward 7,2020-01-22
2020-01-20,38.928877,-77.037172,Ward 1,2020-01-22
2020-01-20,38.916454,-77.016097,Ward 1,2020-02-04
2020-01-20,38.874209,-76.971441,Ward 7,2020-01-22
2020-01-20,38.904735,-76.984910,Ward 5,2020-01-30
2020-01-20,38.871732,-76.981022,Ward 8,2020-01-25
2020-01-20,38.934554,-77.058360,Ward 3,2020-01-21
2020-01-20,38.863640,-76.979246,Ward 8,2020-01-25
2020-01-20,38.896822,-76.981195,Ward 6,2020-01-24
2020-01-21,38.895926,-76.980062,Ward 7,2020-01-24
2020-01-21,38.895908,-76.980530,Ward 6,2020-01-22
2020-01-21,38.906926,-77.010954,Ward 5,2020-01-24
2020-01-21,38.964694,-77.079888,Ward 3,2020-01-24
2020-01-21,38.899107,-76.995660,Ward 6,2020-01-24
2020-01-21,38.834485,-77.006376,Ward 8,2020-01-22
2020-01-21,38.894436,-76.918946,Ward 7,2020-02-05
2020-01-21,38.948905,-77.017451,Ward 4,2020-01-30
2020-01-21,38.895331,-76.956570,Ward 7,2020-01-22
2020-01-21,38.861274,-76.983558,Ward 8,2020-01-22
2020-01-21,38.959373,-77.024457,Ward 4,2020-01-30
2020-01-21,38.935842,-77.060311,Ward 3,2020-01-22
2020-01-21,38.947570,-77.034791,Ward 4,2020-01-30
2020-01-21,38.864231,-76.979336,Ward 8,2020-01-22
2020-01-21,38.902444,-76.975975,Ward 5,2020-01-25
2020-01-21,38.903019,-76.975176,Ward 5,2020-01-30
2020-01-21,38.910782,-76.987579,Ward 5,2020-01-22
2020-01-21,38.904652,-76.991499,Ward 5,2020-01-22
2020-01-21,38.912986,-77.027359,Ward 2,2020-01-24
2020-01-21,38.904732,-76.989860,Ward 5,2020-01-30
2020-01-21,38.904451,-76.989234,Ward 5,2020-01-22
2020-01-21,38.874201,-76.936088,Ward 7,2020-01-30
2020-01-21,38.902443,-76.987255,Ward 5,2020-01-25
2020-01-21,38.865644,-76.983187,Ward 8,2020-01-30
2020-01-21,38.938475,-76.973956,Ward 5,2020-03-10
2020-01-21,38.865867,-76.968655,Ward 7,2020-01-30
2020-01-21,38.934379,-77.027792,Ward 1,2020-01-24
2020-01-21,38.934392,-77.030018,Ward 1,2020-01-30
2020-01-21,38.933837,-77.030045,Ward 1,2020-01-24
2020-01-21,38.912018,-77.040242,Ward 2,2020-01-24
2020-01-21,38.863235,-76.982974,Ward 8,2020-02-07
2020-01-21,38.932304,-77.035219,Ward 1,2020-01-24
2020-01-21,38.959229,-77.071407,Ward 3,2020-01-30
2020-01-21,38.917929,-77.009713,Ward 5,2020-01-30
2020-01-21,38.919517,-77.029965,Ward 1,2020-01-23
2020-01-21,38.873126,-77.012732,Ward 6,2020-01-24
2020-01-21,38.895466,-76.982211,Ward 6,2020-02-07
2020-01-21,38.861568,-76.998851,Ward 8,2020-02-12
2020-01-21,38.969923,-77.018029,Ward 4,2020-01-30
2020-01-21,38.924432,-77.095125,Ward 3,2020-01-30
2020-01-21,38.945003,-77.084038,Ward 3,2020-02-05
2020-01-21,38.905384,-76.944076,Ward 7,2020-01-30
2020-01-21,38.935238,-77.055424,Ward 3,2020-02-04
2020-01-21,38.917929,-77.009713,Ward 5,2020-02-05
2020-01-21,38.903184,-76.978286,Ward 5,2020-01-25
2020-01-21,38.917574,-77.016761,Ward 1,2020-01-23
2020-01-21,38.915402,-77.019391,Ward 1,2020-02-04
2020-01-21,38.925670,-77.026144,Ward 1,2020-02-04
2020-01-21,38.874826,-76.970349,Ward 7,2020-02-03
2020-01-21,38.874579,-76.973734,Ward 7,2020-02-03
2020-01-21,38.909818,-77.007908,Ward 5,2020-01-30
2020-01-21,38.912382,-77.022536,Ward 6,2020-01-22
2020-01-22,38.905396,-76.971953,Ward 5,2020-01-22
2020-01-22,38.894402,-76.984818,Ward 6,2020-01-30
2020-01-22,38.888729,-76.928707,Ward 7,2020-01-24
2020-01-22,38.842113,-76.988204,Ward 8,2020-01-25
2020-01-22,38.828860,-77.010919,Ward 8,2020-01-25
2020-01-22,38.925008,-77.026319,Ward 1,2020-02-04
2020-01-22,38.892788,-76.987747,Ward 6,2020-01-28
2020-01-22,38.922608,-77.040425,Ward 1,2020-02-06
2020-01-22,38.919244,-77.002031,Ward 5,2020-01-30
2020-01-22,38.906444,-77.027037,Ward 2,2020-02-21
2020-01-22,38.894558,-76.922438,Ward 7,2020-01-27
2020-01-22,38.903709,-76.944274,Ward 7,2020-01-30
2020-01-22,38.916745,-77.018821,Ward 1,2020-02-04
2020-01-22,38.957285,-77.006497,Ward 4,2020-01-28
2020-01-22,38.907699,-77.027874,Ward 2,2020-02-03
2020-01-22,38.903876,-76.979322,Ward 5,2020-01-23
2020-01-22,38.926803,-77.042814,Ward 1,2020-01-24
2020-01-22,38.918754,-76.988847,Ward 5,2020-01-30
2020-01-22,38.889535,-76.981742,Ward 6,2020-01-30
2020-01-22,38.963305,-77.073622,Ward 3,2020-01-30
2020-01-22,38.955157,-77.020819,Ward 4,2020-01-30
2020-01-22,38.958362,-77.021224,Ward 4,2020-01-30
2020-01-22,38.894650,-76.978576,Ward 6,2020-01-30
2020-01-22,38.882502,-76.983440,Ward 6,2020-01-30
2020-01-22,38.901261,-76.984537,Ward 5,2020-01-30
2020-01-22,38.892747,-76.909843,Ward 7,2020-01-27
2020-01-22,38.903558,-76.993422,Ward 6,2020-02-07
2020-01-22,38.933789,-77.041005,Ward 1,2020-01-30
2020-01-22,38.903943,-76.993431,Ward 6,2020-01-30
2020-01-22,38.920492,-77.073964,Ward 3,2020-02-11
2020-01-22,38.920492,-77.073964,Ward 3,2020-01-23
2020-01-22,38.902686,-76.977861,Ward 5,2020-01-25
2020-01-22,38.902958,-76.989791,Ward 5,2020-01-25
2020-01-22,38.903062,-76.979237,Ward 5,2020-01-25
2020-01-22,38.909986,-76.985389,Ward 5,2020-01-25
2020-01-22,38.910822,-77.009460,Ward 5,2020-01-24
2020-01-22,38.842204,-76.991517,Ward 8,2020-01-27
2020-01-22,38.896291,-76.958914,Ward 7,2020-02-07
2020-01-22,38.930739,-77.037631,Ward 1,2020-01-30
2020-01-22,38.914880,-77.020121,Ward 6,2020-01-30
2020-01-22,38.920677,-77.074135,Ward 3,2020-01-23
2020-01-22,38.943413,-77.084899,Ward 3,2020-01-30
2020-01-23,38.906745,-76.986831,Ward 5,2020-01-30
2020-01-23,38.931606,-77.023253,Ward 1,2020-01-30
2020-01-23,38.913142,-76.987423,Ward 5,2020-01-23
2020-01-23,38.915416,-77.030019,Ward 1,2020-02-04
2020-01-23,38.927067,-77.022683,Ward 1,2020-02-04
2020-01-23,38.918915,-77.002266,Ward 5,2020-02-05
2020-01-23,38.918915,-77.002266,Ward 5,2020-02-05
2020-01-23,38.906020,-76.942110,Ward 7,2020-01-28
2020-01-23,38.884585,-76.929085,Ward 7,2020-01-27
2020-01-23,38.900578,-76.999734,Ward 6,2020-01-27
2020-01-23,38.897291,-76.918926,Ward 7,2020-01-27
2020-01-23,38.936693,-77.032150,Ward 1,2020-02-05
2020-01-23,38.869924,-76.980108,Ward 8,2020-01-30
2020-01-23,38.869739,-76.967475,Ward 7,2020-01-30
2020-01-23,38.940177,-77.026830,Ward 4,2020-01-30
2020-01-23,38.896310,-76.985710,Ward 6,2020-01-30
2020-01-23,38.895923,-76.979804,Ward 6,2020-01-27
2020-01-23,38.895929,-76.981227,Ward 7,2020-01-30
2020-01-23,38.864739,-76.960704,Ward 7,2020-01-24
2020-01-23,38.912098,-77.004801,Ward 5,2020-01-24
2020-01-23,38.895647,-76.980986,Ward 6,2020-01-30
2020-01-23,38.902871,-76.999180,Ward 6,2020-01-27
2020-01-23,38.901091,-76.991741,Ward 6,2020-01-27
2020-01-23,38.924031,-77.028033,Ward 1,2020-02-04
2020-01-23,38.831398,-77.007677,Ward 8,2020-03-10
2020-01-23,38.901127,-77.006849,Ward 6,2020-01-27
2020-01-23,38.890682,-76.953736,Ward 7,2020-02-21
2020-01-23,38.899978,-76.976648,Ward 5,2020-01-30
2020-01-23,38.899231,-76.976776,Ward 5,2020-01-25
2020-01-23,38.945376,-77.077812,Ward 3,2020-01-30
2020-01-23,38.940177,-77.026830,Ward 4,2020-01-27
2020-01-23,38.930602,-77.034672,Ward 1,2020-01-30
2020-01-23,38.930602,-77.034672,Ward 1,2020-01-30
2020-01-23,38.930548,-77.034628,Ward 1,2020-01-30
2020-01-23,38.930548,-77.034628,Ward 1,2020-01-30
2020-01-23,38.930548,-77.034628,Ward 1,2020-01-30
2020-01-23,38.931012,-77.028463,Ward 1,2020-02-05
2020-01-23,38.945405,-77.020946,Ward 4,2020-01-30
2020-01-23,38.911793,-77.022747,Ward 6,2020-01-28
2020-01-23,38.929301,-77.032984,Ward 1,2020-02-05
2020-01-23,38.929301,-77.032984,Ward 1,2020-02-05
2020-01-23,38.929301,-77.032984,Ward 1,2020-01-30
2020-01-23,38.939801,-77.035727,Ward 4,2020-02-21
2020-01-23,38.954229,-77.016431,Ward 4,2020-01-30
2020-01-24,38.912890,-76.987349,Ward 5,2020-01-25
2020-01-24,38.911667,-76.984927,Ward 5,2020-01-24
2020-01-24,38.911667,-76.984927,Ward 5,2020-01-24
2020-01-24,38.911667,-76.984927,Ward 5,2020-01-24
2020-01-24,38.956248,-77.082980,Ward 3,2020-01-30
2020-01-24,38.992070,-77.041676,Ward 4,2020-01-27
2020-01-24,38.991807,-77.038656,Ward 4,2020-01-27
2020-01-24,38.994751,-77.040121,Ward 4,2020-01-29
2020-01-24,38.994206,-77.039443,Ward 4,2020-01-27
2020-01-24,38.992030,-77.043607,Ward 4,2020-02-05
2020-01-24,38.991380,-77.040349,Ward 4,2020-01-27
2020-01-24,38.904664,-76.981285,Ward 5,2020-01-25
2020-01-24,38.888751,-76.914976,Ward 7,2020-01-30
2020-01-24,38.944513,-77.014848,Ward 4,2020-01-30
2020-01-24,38.859574,-76.986610,Ward 8,2020-02-07
2020-01-24,38.835096,-76.987954,Ward 8,2020-02-07
2020-01-24,38.924017,-77.027803,Ward 1,2020-02-04
2020-01-24,38.923514,-77.027896,Ward 1,2020-02-04
2020-01-24,38.903876,-76.979372,Ward 5,2020-01-25
2020-01-24,38.900202,-76.993757,Ward 6,2020-01-28
2020-01-24,38.908082,-77.083633,Ward 3,2020-01-30
2020-01-24,38.870735,-76.956894,Ward 7,2020-01-30
2020-01-24,38.910488,-77.017213,Ward 6,2020-02-07
2020-01-24,38.905800,-76.977056,Ward 5,2020-01-30
2020-01-24,38.842269,-77.000779,Ward 8,2020-02-05
2020-01-24,38.870180,-76.967499,Ward 7,2020-01-30
2020-01-24,38.859200,-76.995498,Ward 8,2020-02-05
2020-01-24,38.902754,-76.993566,Ward 6,2020-01-29
2020-01-24,38.900102,-76.927377,Ward 7,2020-01-30
2020-01-24,38.986789,-77.031230,Ward 4,2020-02-12
2020-01-24,38.943917,-77.022261,Ward 4,2020-01-30
2020-01-24,38.897163,-76.980639,Ward 6,2020-01-27
2020-01-24,38.877232,-76.932239,Ward 7,2020-01-30
2020-01-24,38.892004,-76.988350,Ward 6,2020-01-28
2020-01-24,38.915145,-76.986557,Ward 5,2020-01-25
2020-01-24,38.834734,-76.988289,Ward 8,2020-02-07
2020-01-24,38.959928,-76.995416,Ward 4,2020-01-30
2020-01-24,38.954532,-77.017991,Ward 4,2020-01-28
2020-01-24,38.955580,-77.018034,Ward 4,2020-01-28
2020-01-24,38.953252,-77.015940,Ward 4,2020-01-27
2020-01-24,38.904754,-77.000365,Ward 6,2020-02-06
2020-01-24,38.901324,-76.985418,Ward 5,2020-01-25
2020-01-24,38.912579,-76.990032,Ward 5,2020-01-25
2020-01-24,38.917081,-77.003164,Ward 5,2020-02-05
2020-01-24,38.927721,-76.976220,Ward 5,2020-01-27
2020-01-24,38.920533,-77.001823,Ward 5,2020-01-27
2020-01-24,38.857909,-76.993249,Ward 8,2020-02-21
2020-01-24,38.981420,-77.053764,Ward 4,2020-01-28
2020-01-24,38.922373,-76.972614,Ward 5,2020-02-21
2020-01-24,38.911684,-77.005515,Ward 5,2020-01-30
2020-01-25,38.950187,-77.018383,Ward 4,2020-01-28
2020-01-25,38.912096,-77.011678,Ward 5,2020-01-27
2020-01-25,38.934881,-77.035321,Ward 1,2020-01-29
2020-01-25,38.934881,-77.035321,Ward 1,2020-01-29
2020-01-25,38.934881,-77.035321,Ward 1,2020-01-29
2020-01-25,38.934881,-77.035321,Ward 1,2020-01-29
2020-01-25,38.901517,-76.992478,Ward 6,2020-01-30
2020-01-25,38.928862,-77.018606,Ward 1,2020-01-30
2020-01-25,38.957658,-77.021198,Ward 4,2020-01-30
2020-01-25,38.953424,-77.016216,Ward 4,2020-01-28
2020-01-25,38.897072,-76.977674,Ward 6,2020-01-30
2020-01-25,38.930528,-77.020101,Ward 1,2020-01-30
2020-01-25,38.889772,-76.937543,Ward 7,2020-01-29
2020-01-25,38.889777,-76.938226,Ward 7,2020-01-30
2020-01-25,38.913873,-77.012643,Ward 5,2020-01-27
2020-01-25,38.894592,-76.981871,Ward 6,2020-01-30
2020-01-25,38.926786,-77.034844,Ward 1,2020-01-28
2020-01-25,38.930809,-77.041889,Ward 1,2020-01-30
2020-01-25,38.916172,-77.029354,Ward 1,2020-02-03
2020-01-25,38.957913,-77.021637,Ward 4,2020-01-30
2020-01-25,38.900365,-76.930150,Ward 7,2020-01-30
2020-01-25,38.867047,-76.980066,Ward 8,2020-02-07
2020-01-25,38.925740,-77.026002,Ward 1,2020-02-05
2020-01-26,38.911323,-77.019429,Ward 6,2020-01-28
2020-01-26,38.841947,-77.001458,Ward 8,2020-01-30
2020-01-26,38.923025,-77.037991,Ward 1,2020-01-28
2020-01-26,38.851833,-76.975984,Ward 8,2020-02-03
2020-01-26,38.913251,-76.988208,Ward 5,2020-02-03
2020-01-26,38.894436,-76.918946,Ward 7,2020-02-05
2020-01-26,38.923684,-77.043703,Ward 1,2020-01-28
2020-01-26,38.924950,-76.996936,Ward 5,2020-01-30
2020-01-26,38.920787,-76.976678,Ward 5,2020-01-30
2020-01-26,38.915792,-77.039129,Ward 2,2020-01-28
2020-01-26,38.902798,-76.999710,Ward 6,2020-02-06
2020-01-26,38.945070,-77.064589,Ward 3,2020-01-27
2020-01-26,38.911585,-77.020170,Ward 6,2020-01-28
2020-01-26,38.915227,-77.073063,Ward 2,2020-01-28
2020-01-26,38.931012,-77.028463,Ward 1,2020-02-05
2020-01-26,38.913275,-76.985908,Ward 5,2020-02-11
2020-01-26,38.913558,-76.986199,Ward 5,2020-01-30
2020-01-26,38.895003,-77.031353,Ward 2,2020-01-28
2020-01-26,38.913043,-76.988058,Ward 5,2020-02-03
2020-01-26,38.925464,-77.043667,Ward 1,2020-01-28
2020-01-26,38.866500,-76.943555,Ward 7,2020-01-30
2020-01-27,38.909343,-77.032850,Ward 2,2020-01-29
2020-01-27,38.906329,-76.945864,Ward 7,2020-01-28
2020-01-27,38.873576,-76.935836,Ward 7,2020-01-27
2020-01-27,38.958349,-77.021135,Ward 4,2020-02-12
2020-01-27,38.830789,-77.007353,Ward 8,2020-02-03
2020-01-27,38.963253,-77.007740,Ward 4,2020-02-12
2020-01-27,38.924957,-77.051358,Ward 3,2020-01-27
2020-01-27,38.868853,-76.980389,Ward 8,2020-01-30
2020-01-27,38.945041,-77.006629,Ward 5,2020-01-29
2020-01-27,38.942915,-76.998215,Ward 5,2020-02-21
2020-01-27,38.872932,-76.967096,Ward 7,2020-01-28
2020-01-27,38.908877,-76.930203,Ward 7,2020-02-07
2020-01-27,38.888871,-76.999725,Ward 6,2020-01-30
2020-01-27,38.947319,-77.016468,Ward 4,2020-02-12
2020-01-27,38.902438,-76.943840,Ward 7,2020-02-03
2020-01-27,38.890054,-76.950395,Ward 7,2020-01-30
2020-01-27,38.908803,-76.941820,Ward 7,2020-02-07
2020-01-27,38.902869,-76.929181,Ward 7,2020-02-07
2020-01-27,38.912013,-77.009431,Ward 5,2020-02-12
2020-01-27,38.889082,-76.925091,Ward 7,2020-02-07
2020-01-27,38.928870,-77.021364,Ward 1,2020-01-28
2020-01-27,38.921920,-76.982374,Ward 5,2020-02-18
2020-01-27,38.919544,-76.982901,Ward 5,2020-02-10
2020-01-27,38.920804,-77.000814,Ward 5,2020-01-29
2020-01-27,38.905214,-76.975986,Ward 5,2020-02-12
2020-01-27,38.906899,-76.988468,Ward 5,2020-02-21
2020-01-27,38.906672,-76.985817,Ward 5,2020-01-30
2020-01-27,38.873599,-76.975282,Ward 8,2020-02-05
2020-01-27,38.939567,-77.025118,Ward 4,2020-02-12
2020-01-27,38.937784,-77.032165,Ward 4,2020-02-12
2020-01-27,38.933513,-77.040994,Ward 1,2020-02-06
2020-01-27,38.905948,-76.987308,Ward 5,2020-02-11
2020-01-27,38.901343,-76.950718,Ward 7,2020-02-07
2020-01-28,38.955136,-77.021664,Ward 4,2020-02-12
2020-01-28,38.911304,-77.023490,Ward 6,2020-02-07
2020-01-28,38.885547,-76.984676,Ward 6,2020-02-06
2020-01-28,38.953149,-77.012711,Ward 4,2020-02-12
2020-01-28,38.951096,-77.012601,Ward 4,2020-02-12
2020-01-28,38.845969,-76.997284,Ward 8,2020-02-05
2020-01-28,38.938465,-77.029413,Ward 4,2020-02-12
2020-01-28,38.849890,-76.975716,Ward 8,2020-02-05
2020-01-28,38.955953,-77.011973,Ward 4,2020-01-28
2020-01-28,38.953233,-77.009942,Ward 4,2020-02-12
2020-01-28,38.943163,-77.088634,Ward 3,2020-01-28
2020-01-28,38.893467,-76.952690,Ward 7,2020-02-05
2020-01-28,38.826995,-76.997791,Ward 8,2020-02-14
2020-01-28,38.936348,-77.060802,Ward 3,2020-02-13
2020-01-28,38.834205,-76.995622,Ward 8,2020-02-11
2020-01-28,38.851391,-76.963958,Ward 8,2020-02-13
2020-01-28,38.851016,-76.965742,Ward 8,2020-02-14
2020-01-28,38.909343,-77.032850,Ward 2,2020-01-29
2020-01-28,38.829192,-77.002277,Ward 8,2020-01-30
2020-01-28,38.910219,-77.038779,Ward 2,2020-02-05
2020-01-28,38.925636,-77.023159,Ward 1,2020-02-06
2020-01-28,38.907105,-77.018682,Ward 6,2020-01-30
2020-01-28,38.826103,-76.999790,Ward 8,2020-02-10
2020-01-28,38.920021,-77.003086,Ward 5,2020-01-29
2020-01-28,38.926555,-77.007641,Ward 5,2020-01-30
2020-01-28,38.831379,-76.988635,Ward 8,2020-01-31
2020-01-28,38.931851,-77.018897,Ward 1,2020-02-06
2020-01-28,38.910219,-77.038779,Ward 2,2020-02-05
2020-01-28,38.870264,-76.968670,Ward 7,2020-02-07
2020-01-28,38.913191,-77.045897,Ward 2,2020-01-29
2020-01-28,38.916485,-77.003160,Ward 5,2020-02-11
2020-01-28,38.917081,-77.003164,Ward 5,2020-02-05
2020-01-28,38.841644,-77.001266,Ward 8,2020-03-12
2020-01-28,38.922550,-76.965377,Ward 5,2020-02-12
2020-01-28,38.907081,-76.986909,Ward 5,2020-02-11
2020-01-28,38.913312,-76.985804,Ward 5,2020-02-11
2020-01-28,38.846531,-77.000806,Ward 8,2020-02-10
2020-01-28,38.924311,-76.988217,Ward 5,2020-01-30
2020-01-28,38.888511,-76.985751,Ward 6,2020-02-07
2020-01-28,38.899569,-76.936101,Ward 7,2020-01-29
2020-01-28,38.936432,-77.026634,Ward 4,2020-02-05
2020-01-28,38.905397,-76.977704,Ward 5,2020-02-12
2020-01-28,38.843826,-77.002206,Ward 8,2020-01-29
2020-01-28,38.912937,-77.019469,Ward 6,2020-01-30
2020-01-28,38.911585,-77.020170,Ward 6,2020-02-07
2020-01-28,38.949635,-76.988774,Ward 5,2020-02-11
2020-01-28,38.926786,-77.034844,Ward 1,2020-01-30
2020-01-29,38.933696,-77.020942,Ward 1,2020-02-06
2020-01-29,38.913950,-77.014408,Ward 5,2020-02-12
2020-01-29,38.912800,-77.030829,Ward 2,2020-01-29
2020-01-29,38.903075,-76.990177,Ward 5,2020-02-11
2020-01-29,38.901920,-76.987626,Ward 5,2020-02-12
2020-01-29,38.897389,-76.916178,Ward 7,2020-02-07
2020-01-29,38.934341,-77.029988,Ward 1,2020-02-06
2020-01-29,38.934341,-77.029988,Ward 1,2020-02-07
2020-01-29,38.934341,-77.029988,Ward 1,2020-02-07
2020-01-29,38.931922,-76.993499,Ward 5,2020-01-29
2020-01-29,38.906675,-77.058600,Ward 2,2020-02-13
2020-01-29,38.963955,-77.025145,Ward 4,2020-02-12
2020-01-29,38.906407,-76.986078,Ward 5,2020-02-12
2020-01-29,38.949113,-77.016377,Ward 4,2020-02-12
2020-01-29,38.896539,-77.001794,Ward 6,2020-02-03
2020-01-29,38.895847,-76.993070,Ward 6,2020-02-07
2020-01-29,38.853462,-76.980157,Ward 8,2020-01-31
2020-01-29,38.957631,-77.026326,Ward 4,2020-02-12
2020-01-29,38.925564,-77.023092,Ward 1,2020-02-07
2020-01-29,38.940941,-76.993879,Ward 5,2020-02-11
2020-01-29,38.953864,-77.017933,Ward 4,2020-02-12
2020-01-29,38.854643,-76.967287,Ward 8,2020-02-07
2020-01-29,38.950733,-76.989309,Ward 5,2020-02-11
2020-01-29,38.904874,-77.027825,Ward 2,2020-02-13
2020-01-29,38.893614,-76.952545,Ward 7,2020-02-07
2020-01-29,38.895333,-76.941732,Ward 7,2020-02-07
2020-01-29,38.906893,-77.082018,Ward 3,2020-01-30
2020-01-29,38.910042,-76.934588,Ward 7,2020-02-07
2020-01-29,38.893467,-76.952690,Ward 7,2020-02-05
2020-01-29,38.888609,-76.957216,Ward 7,2020-02-07
2020-01-29,38.892975,-77.050799,Ward 2,2020-02-03
2020-01-29,38.881535,-76.924685,Ward 7,2020-02-07
2020-01-29,38.876707,-76.932299,Ward 7,2020-01-30
2020-01-29,38.867328,-76.984595,Ward 8,2020-02-13
2020-01-29,38.886618,-76.954141,Ward 7,2020-02-07
2020-01-29,38.867495,-76.979528,Ward 8,2020-02-07
2020-01-29,38.967735,-77.029914,Ward 4,2020-02-12
2020-01-29,38.864275,-76.946499,Ward 7,2020-02-07
2020-01-29,38.868427,-76.979464,Ward 8,2020-02-07
2020-01-29,38.935191,-77.037245,Ward 1,2020-02-06
2020-01-29,38.947622,-77.017096,Ward 4,2020-02-12
2020-01-29,38.924799,-77.035390,Ward 1,2020-02-21
2020-01-29,38.885898,-76.985233,Ward 6,2020-02-07
2020-01-29,38.913400,-76.988290,Ward 5,2020-02-12
2020-01-29,38.912669,-76.990602,Ward 5,2020-02-11
2020-01-29,38.957521,-77.019937,Ward 4,2020-02-21
2020-01-29,38.952471,-77.025803,Ward 4,2020-02-12
2020-01-29,38.909343,-77.032850,Ward 2,2020-01-30
2020-01-29,38.907481,-76.987707,Ward 5,2020-02-11
2020-01-29,38.902958,-76.989791,Ward 5,2020-02-11
2020-01-29,38.891222,-76.925811,Ward 7,2020-01-30
2020-01-29,38.851016,-76.965742,Ward 8,2020-02-14
2020-01-29,38.890031,-76.917595,Ward 7,2020-01-30
2020-01-29,38.912323,-76.987108,Ward 5,2020-02-12
2020-01-29,38.830333,-77.007354,Ward 8,2020-02-13
2020-01-29,38.867453,-76.979248,Ward 8,2020-02-07
2020-01-29,38.854282,-76.983013,Ward 8,2020-02-13
2020-01-29,38.854282,-76.983013,Ward 8,2020-02-11
2020-01-29,38.933039,-76.964803,Ward 5,2020-02-12
2020-01-29,38.933922,-76.964941,Ward 5,2020-02-14
2020-01-29,38.933922,-76.964941,Ward 5,2020-02-14
2020-01-29,38.933442,-76.966473,Ward 5,2020-02-12
2020-01-29,38.918573,-76.986481,Ward 5,2020-02-12
2020-01-29,38.892927,-76.952102,Ward 7,2020-02-10
2020-01-30,38.876116,-77.010087,Ward 6,2020-02-06
2020-01-30,38.834864,-77.006894,Ward 8,2020-01-30
2020-01-30,38.926793,-77.025103,Ward 1,2020-02-06
2020-01-30,38.925309,-77.023439,Ward 1,2020-02-06
2020-01-30,38.924023,-77.031278,Ward 1,2020-02-06
2020-01-30,38.926663,-77.026721,Ward 1,2020-02-06
2020-01-30,38.926599,-77.026797,Ward 1,2020-02-06
2020-01-30,38.961046,-77.001347,Ward 4,2020-02-12
2020-01-30,38.908374,-76.985978,Ward 5,2020-02-12
2020-01-30,38.911831,-76.986465,Ward 5,2020-02-12
2020-01-30,38.895003,-77.031353,Ward 2,2020-01-31
2020-01-30,38.913044,-77.008084,Ward 5,2020-02-12
2020-01-30,38.924259,-77.030065,Ward 1,2020-02-06
2020-01-30,38.901305,-76.983590,Ward 5,2020-01-31
2020-01-30,38.891691,-76.935130,Ward 7,2020-02-07
2020-01-30,38.955206,-77.018697,Ward 4,2020-02-12
2020-01-30,38.884044,-76.924856,Ward 7,2020-01-31
2020-01-30,38.846666,-76.983648,Ward 8,2020-02-07
2020-01-30,38.899114,-76.987191,Ward 6,2020-02-06
2020-01-30,38.850692,-76.967702,Ward 8,2020-02-07
2020-01-30,38.911702,-76.985097,Ward 5,2020-01-31
2020-01-30,38.912330,-76.986888,Ward 5,2020-01-31
2020-01-30,38.898827,-76.927463,Ward 7,2020-02-21
2020-01-30,38.912048,-76.986391,Ward 5,2020-02-21
2020-01-30,38.892143,-76.957287,Ward 7,2020-02-07
2020-01-30,38.937983,-77.018462,Ward 4,2020-02-12
2020-01-30,38.904302,-76.992327,Ward 5,2020-02-12
2020-01-30,38.885591,-76.988516,Ward 6,2020-02-06
2020-01-30,38.908981,-76.985478,Ward 5,2020-02-12
2020-01-30,38.949894,-77.026719,Ward 4,2020-02-12
2020-01-30,38.881791,-76.923893,Ward 7,2020-02-07
2020-01-30,38.900757,-76.977718,Ward 5,2020-02-12
2020-01-30,38.949810,-77.017109,Ward 4,2020-02-12
2020-01-30,38.830300,-76.995747,Ward 8,2020-02-13
2020-01-30,38.937440,-77.033381,Ward 4,2020-01-31
2020-01-30,38.930768,-77.041774,Ward 1,2020-01-31
2020-01-30,38.901942,-76.988290,Null,2020-02-11
2020-01-30,38.843715,-76.989879,Ward 8,2020-02-07
2020-01-30,38.843919,-76.989632,Ward 8,2020-02-07
2020-01-30,38.948784,-77.016333,Ward 4,2020-02-12
2020-01-30,38.954229,-77.016431,Ward 4,2020-01-31
2020-01-30,38.952095,-77.011734,Ward 4,2020-01-31
2020-01-30,38.841184,-77.000290,Ward 8,2020-01-31
2020-01-30,38.841947,-77.001458,Ward 8,2020-02-11
2020-01-30,38.936432,-77.026634,Ward 4,2020-02-05
2020-01-30,38.936432,-77.026634,Ward 4,2020-02-05
2020-01-30,38.950999,-77.026756,Ward 4,2020-02-12
2020-01-30,38.904634,-77.027867,Ward 2,2020-02-13
2020-01-31,38.913866,-77.014894,Ward 5,2020-02-12
2020-01-31,38.919334,-77.015016,Ward 1,2020-02-06
2020-01-31,38.920906,-77.030448,Ward 1,2020-02-06
2020-01-31,38.921267,-77.030495,Ward 1,2020-02-06
2020-01-31,38.924189,-77.029403,Ward 1,2020-02-07
2020-01-31,38.921268,-77.030943,Ward 1,2020-02-06
2020-01-31,38.934207,-77.025079,Ward 1,2020-02-06
2020-01-31,38.894960,-76.986899,Ward 6,2020-02-06
2020-01-31,38.876833,-76.967344,Ward 7,2020-02-07
2020-01-31,38.876357,-76.966232,Ward 7,2020-02-07
2020-01-31,38.932664,-77.034159,Ward 1,2020-02-06
2020-01-31,38.910659,-77.011912,Ward 5,2020-02-12
2020-01-31,38.895395,-76.991300,Ward 6,2020-02-06
2020-01-31,38.893467,-76.952690,Ward 7,2020-02-07
2020-01-31,38.935993,-76.972988,Ward 5,2020-02-21
2020-01-31,38.905396,-76.971953,Ward 5,2020-02-12
2020-01-31,38.909234,-76.986828,Ward 5,2020-02-12
2020-01-31,38.918990,-77.010524,Ward 5,2020-01-31
2020-01-31,38.913819,-77.016937,Ward 5,2020-02-12
2020-01-31,38.904519,-76.999764,Ward 6,2020-02-20
2020-01-31,38.958540,-77.015911,Ward 4,2020-02-12
2020-01-31,38.902238,-77.000388,Ward 6,2020-02-20
2020-01-31,38.914084,-77.014167,Ward 5,2020-02-03
2020-01-31,38.880314,-76.941562,Ward 7,2020-02-03
2020-01-31,38.879579,-77.000790,Ward 6,2020-02-07
2020-01-31,38.902472,-76.929895,Ward 7,2020-02-07
2020-01-31,38.888440,-76.935700,Ward 7,2020-02-03
2020-01-31,38.902868,-76.926606,Ward 7,2020-02-07
2020-01-31,38.918949,-77.042651,Ward 1,2020-02-06
2020-01-31,38.841665,-76.998015,Ward 8,2020-02-13
2020-01-31,38.936825,-77.059243,Ward 3,2020-02-05
2020-01-31,38.870928,-76.967473,Ward 7,2020-02-07
2020-01-31,38.892604,-76.952067,Ward 7,2020-02-21
2020-01-31,38.936378,-76.988913,Ward 5,2020-02-05
2020-01-31,38.884619,-76.958837,Ward 7,2020-02-07
2020-01-31,38.921612,-76.982739,Ward 5,2020-02-03
2020-01-31,38.909102,-76.986986,Ward 5,2020-02-12
2020-01-31,38.898160,-76.978946,Ward 6,2020-02-03
2020-01-31,38.877682,-76.930986,Ward 7,2020-02-07
2020-01-31,38.875966,-76.966200,Ward 7,2020-02-07
2020-01-31,38.947223,-77.017151,Ward 4,2020-02-06
2020-01-31,38.936437,-77.023065,Ward 1,2020-02-06
2020-01-31,38.939250,-77.025110,Ward 4,2020-02-12
2020-01-31,38.874182,-76.934666,Ward 7,2020-02-20
2020-01-31,38.963294,-77.072147,Ward 3,2020-02-05
2020-01-31,38.936825,-77.059243,Ward 3,2020-02-05
2020-01-31,38.955550,-77.021735,Ward 4,2020-02-12
2020-01-31,38.958540,-77.015722,Ward 4,2020-02-12
2020-01-31,38.834868,-77.005624,Ward 8,2020-02-13
2020-01-31,38.915427,-77.008726,Ward 5,2020-02-12
2020-01-31,38.937784,-77.032165,Ward 4,2020-02-12
2020-01-31,38.953486,-77.023654,Ward 4,2020-02-12
2020-01-31,38.941340,-77.034771,Ward 4,2020-02-12
2020-01-31,38.939184,-77.025061,Ward 4,2020-02-12
2020-01-31,38.914084,-77.014167,Ward 5,2020-02-03
2020-01-31,38.843602,-76.991320,Ward 8,2020-02-07
2020-01-31,38.903440,-77.000352,Ward 6,2020-02-20
2020-02-01,38.920200,-76.988010,Ward 5,2020-02-03
2020-02-01,38.893504,-76.918633,Ward 7,2020-02-10
2020-02-01,38.910781,-77.011982,Ward 5,2020-02-03
2020-02-01,38.904634,-77.027867,Ward 2,2020-02-03
2020-02-01,38.844465,-76.983100,Ward 8,2020-02-04
2020-02-01,38.933698,-77.024874,Ward 1,2020-02-06
2020-02-01,38.893504,-76.918633,Ward 7,2020-02-10
2020-02-01,38.939576,-76.980151,Ward 5,2020-02-03
2020-02-01,38.933347,-77.031009,Ward 1,2020-02-06
2020-02-01,38.919631,-76.986774,Ward 5,2020-02-03
2020-02-01,38.908847,-76.931575,Ward 7,2020-02-07
2020-02-01,38.899712,-76.995927,Ward 6,2020-02-20
2020-02-01,38.914503,-76.986001,Ward 5,2020-02-03
2020-02-01,38.912330,-76.986888,Ward 5,2020-02-03
2020-02-01,38.846039,-76.999280,Ward 8,2020-02-04
2020-02-01,38.917731,-77.031384,Ward 1,2020-02-04
2020-02-01,38.879500,-77.016561,Ward 6,2020-02-20
2020-02-01,38.906221,-77.058563,Ward 2,2020-02-03
2020-02-01,38.847607,-76.999736,Ward 8,2020-02-07
2020-02-01,38.934054,-76.980473,Ward 5,2020-02-21
2020-02-01,38.891840,-76.982538,Ward 7,2020-02-06
2020-02-01,38.932020,-77.025859,Ward 1,2020-02-07
2020-02-02,38.895890,-77.003202,Ward 6,2020-02-06
2020-02-02,38.933668,-77.033098,Ward 1,2020-02-06
2020-02-02,38.933170,-77.021313,Ward 1,2020-02-07
2020-02-02,38.933170,-77.021313,Ward 1,2020-02-07
2020-02-02,38.933803,-77.020965,Ward 1,2020-02-06
2020-02-02,38.883840,-77.025170,Ward 6,2020-02-20
2020-02-02,38.881639,-77.013452,Ward 6,2020-02-20
2020-02-02,38.877450,-76.962293,Ward 7,2020-02-07
2020-02-02,38.905312,-76.985812,Ward 5,2020-02-12
2020-02-02,38.878226,-76.985096,Ward 6,2020-02-21
2020-02-02,38.895916,-76.983401,Ward 6,2020-02-03
2020-02-02,38.937405,-77.031348,Ward 4,2020-02-12
2020-02-02,38.948220,-77.015940,Ward 4,2020-02-12
2020-02-02,38.934972,-76.993575,Ward 5,2020-02-07
2020-02-03,38.834724,-77.005619,Ward 8,2020-02-07
2020-02-03,38.896939,-76.915935,Ward 7,2020-02-07
2020-02-03,38.912406,-77.020130,Ward 6,2020-02-20
2020-02-03,38.844417,-76.988771,Ward 8,2020-02-07
2020-02-03,38.844197,-76.989867,Ward 8,2020-02-07
2020-02-03,38.844188,-76.990169,Ward 8,2020-02-07
2020-02-03,38.907379,-76.928795,Ward 7,2020-02-07
2020-02-03,38.969698,-77.031163,Ward 4,2020-02-12
2020-02-03,38.930691,-77.022404,Ward 1,2020-02-21
2020-02-03,38.949466,-77.017672,Ward 4,2020-02-12
2020-02-03,38.916849,-77.038720,Ward 2,2020-02-13
2020-02-03,38.841994,-76.982376,Ward 8,2020-02-07
2020-02-03,38.853482,-76.971035,Ward 8,2020-02-10
2020-02-03,38.895924,-76.948935,Ward 7,2020-02-16
2020-02-03,38.920880,-77.041752,Ward 1,2020-02-06
2020-02-03,38.924707,-77.035160,Ward 1,2020-02-12
2020-02-03,38.875505,-76.932588,Ward 7,2020-02-16
2020-02-03,38.904274,-76.938951,Ward 7,2020-02-18
2020-02-03,38.885547,-76.984609,Ward 6,2020-02-20
2020-02-03,38.903880,-76.980235,Ward 5,2020-02-18
2020-02-03,38.875401,-76.964192,Ward 7,2020-02-16
2020-02-03,38.917323,-77.031187,Ward 1,2020-02-12
2020-02-03,38.877431,-76.962345,Ward 7,2020-02-16
2020-02-03,38.904634,-77.027867,Ward 2,2020-02-03
2020-02-03,38.870107,-76.956187,Ward 7,2020-02-06
2020-02-03,38.893319,-76.919040,Ward 7,2020-02-16
2020-02-03,38.909857,-77.019546,Ward 6,2020-02-20
2020-02-03,38.885039,-76.960645,Ward 7,2020-02-16
2020-02-03,38.917967,-77.039613,Ward 1,2020-02-06
2020-02-03,38.873666,-76.965494,Ward 7,2020-02-06
2020-02-03,38.918230,-76.957253,Ward 5,2020-02-12
2020-02-03,38.837325,-77.003058,Ward 8,2020-02-07
2020-02-03,38.904337,-76.983884,Ward 5,2020-02-18
2020-02-03,38.871355,-76.978736,Ward 8,2020-02-05
2020-02-03,38.931953,-77.041522,Ward 1,2020-02-19
2020-02-03,38.950858,-77.018557,Ward 4,2020-02-12
2020-02-03,38.892604,-76.952067,Ward 7,2020-02-21
2020-02-03,38.915760,-77.037070,Ward 2,2020-02-05
2020-02-03,38.879407,-76.981082,Ward 6,2020-02-06
2020-02-04,38.935179,-77.033167,Ward 1,2020-02-12
2020-02-04,38.925504,-77.028932,Ward 1,2020-02-12
2020-02-04,38.937232,-77.034525,Ward 1,2020-02-10
2020-02-04,38.937544,-77.033737,Ward 4,2020-02-12
2020-02-04,38.937044,-77.033383,Ward 1,2020-02-10
2020-02-04,38.936205,-77.033147,Ward 1,2020-02-10
2020-02-04,38.936205,-77.033147,Ward 1,2020-02-10
2020-02-04,38.936600,-77.033381,Ward 1,2020-02-12
2020-02-04,38.925894,-77.077342,Ward 3,2020-02-05
2020-02-04,38.935010,-77.021376,Ward 1,2020-02-10
2020-02-04,38.935010,-77.021376,Ward 1,2020-02-10
2020-02-04,38.878226,-76.985096,Ward 6,2020-02-21
2020-02-04,38.936321,-77.023543,Ward 1,2020-02-12
2020-02-04,38.905833,-76.975502,Ward 5,2020-02-18
2020-02-04,38.851016,-76.965742,Ward 8,2020-02-13
2020-02-04,38.827611,-77.010579,Ward 8,2020-02-06
2020-02-04,38.924651,-77.034964,Ward 1,2020-02-06
2020-02-04,38.878863,-76.998968,Ward 6,2020-02-20
2020-02-04,38.906810,-76.978271,Ward 5,2020-02-18
2020-02-04,38.897476,-76.915658,Ward 7,2020-02-16
2020-02-04,38.898502,-76.986681,Ward 6,2020-02-06
2020-02-04,38.837325,-77.003058,Ward 8,2020-02-06
2020-02-04,38.897750,-76.916018,Ward 7,2020-02-16
2020-02-04,38.904178,-76.980292,Ward 5,2020-02-18
2020-02-04,38.903690,-76.991573,Ward 5,2020-02-12
2020-02-04,38.895987,-76.915531,Ward 7,2020-02-16
2020-02-04,38.935722,-77.021649,Ward 1,2020-02-19
2020-02-04,38.893323,-76.918692,Ward 7,2020-02-16
2020-02-04,38.893208,-76.972321,Ward 7,2020-02-05
2020-02-04,38.916866,-77.027255,Ward 1,2020-02-06
2020-02-04,38.899468,-76.950628,Ward 7,2020-02-16
2020-02-04,38.872717,-76.972819,Ward 8,2020-02-11
2020-02-04,38.852267,-76.963470,Ward 8,2020-02-19
2020-02-04,38.873907,-76.975918,Ward 8,2020-02-11
2020-02-04,38.843198,-76.979386,Ward 8,2020-02-10
2020-02-04,38.841904,-76.982519,Ward 8,2020-02-13
2020-02-04,38.849977,-76.964803,Ward 8,2020-02-19
2020-02-04,38.857051,-76.986466,Ward 8,2020-02-13
2020-02-04,38.963839,-77.032000,Ward 4,2020-02-12
2020-02-04,38.851153,-76.965848,Ward 8,2020-02-13
2020-02-04,38.851369,-76.965385,Ward 8,2020-02-13
2020-02-04,38.860383,-77.001209,Ward 8,2020-02-13
2020-02-04,38.855441,-76.995106,Ward 8,2020-02-13
2020-02-04,38.895797,-76.934233,Ward 7,2020-02-16
2020-02-04,38.935191,-77.037245,Ward 1,2020-02-12
2020-02-04,38.932020,-77.025859,Ward 1,2020-02-07
2020-02-04,38.908732,-77.015404,Ward 5,2020-02-18
2020-02-04,38.855480,-76.969188,Ward 8,2020-02-13
2020-02-04,38.847756,-77.003670,Ward 8,2020-02-11
2020-02-04,38.847567,-77.000043,Ward 8,2020-02-11
2020-02-04,38.857589,-76.998451,Ward 8,2020-02-14
2020-02-04,38.848049,-77.000805,Ward 8,2020-02-13
2020-02-04,38.847072,-76.997624,Ward 8,2020-02-13
2020-02-04,38.845535,-77.000392,Ward 8,2020-02-21
2020-02-04,38.845368,-77.000501,Ward 8,2020-02-13
2020-02-04,38.846850,-77.003760,Ward 8,2020-02-13
2020-02-04,38.847039,-77.002462,Ward 8,2020-02-13
2020-02-04,38.847517,-76.998334,Ward 8,2020-02-12
2020-02-04,38.844516,-77.001610,Ward 8,2020-02-12
2020-02-04,38.844516,-77.000110,Ward 8,2020-02-12
2020-02-04,38.843512,-77.001069,Ward 8,2020-02-12
2020-02-04,38.839280,-77.005426,Ward 8,2020-02-19
2020-02-04,38.841502,-77.005052,Ward 8,2020-02-12
2020-02-04,38.837103,-77.004567,Ward 8,2020-02-12
2020-02-04,38.836636,-77.004694,Ward 8,2020-02-12
2020-02-04,38.837047,-77.002814,Ward 8,2020-02-21
2020-02-04,38.834926,-77.004793,Ward 8,2020-02-12
2020-02-04,38.830851,-77.004872,Ward 8,2020-02-12
2020-02-04,38.919178,-77.000568,Ward 5,2020-02-05
2020-02-04,38.955612,-77.011613,Ward 4,2020-02-11
2020-02-04,38.897336,-76.916543,Ward 7,2020-03-31
2020-02-04,38.930045,-77.041579,Ward 1,2020-02-13
2020-02-04,38.882404,-76.936718,Ward 7,2020-02-16
2020-02-04,38.940884,-76.992380,Ward 5,2020-02-07
2020-02-05,38.910979,-77.023269,Ward 6,2020-02-20
2020-02-05,38.909941,-76.986042,Ward 5,2020-02-18
2020-02-05,38.902760,-76.994735,Ward 6,2020-02-20
2020-02-05,38.932020,-77.025859,Ward 1,2020-02-07
2020-02-05,38.909080,-77.013219,Ward 5,2020-02-18
2020-02-05,38.836288,-77.001582,Ward 8,2020-02-12
2020-02-05,38.841893,-77.001616,Ward 8,2020-02-12
2020-02-05,38.841107,-76.998699,Ward 8,2020-02-12
2020-02-05,38.841569,-76.995466,Ward 8,2020-02-11
2020-02-05,38.841842,-76.995490,Ward 8,2020-02-11
2020-02-05,38.840311,-76.995061,Ward 8,2020-02-11
2020-02-05,38.916443,-77.003939,Ward 5,2020-02-18
2020-02-05,38.842368,-76.992300,Ward 8,2020-02-11
2020-02-05,38.927199,-76.967284,Ward 5,2020-02-21
2020-02-05,38.840730,-76.989779,Ward 8,2020-02-11
2020-02-05,38.915748,-77.003210,Ward 5,2020-02-18
2020-02-05,38.865142,-76.979525,Ward 8,2020-02-11
2020-02-05,38.865244,-76.991321,Ward 8,2020-02-11
2020-02-05,38.930417,-77.020275,Ward 1,2020-02-13
2020-02-05,38.874182,-76.934666,Ward 7,2020-02-16
2020-02-05,38.918754,-76.988847,Ward 5,2020-02-18
2020-02-05,38.878192,-76.934601,Ward 7,2020-02-16
2020-02-05,38.910933,-76.936247,Ward 7,2020-02-06
2020-02-05,38.858766,-76.985491,Ward 8,2020-02-11
2020-02-05,38.840242,-76.987083,Ward 8,2020-02-11
2020-02-05,38.845296,-76.971223,Ward 8,2020-02-11
2020-02-05,38.845832,-76.971438,Ward 8,2020-02-11
2020-02-05,38.832631,-76.987085,Ward 8,2020-02-11
2020-02-05,38.846613,-76.971446,Ward 8,2020-02-11
2020-02-05,38.846969,-76.971393,Ward 8,2020-02-11
2020-02-05,38.833267,-76.987264,Ward 8,2020-02-11
2020-02-05,38.833357,-76.987448,Ward 8,2020-02-11
2020-02-05,38.834734,-76.988289,Ward 8,2020-02-11
2020-02-05,38.832871,-76.989845,Ward 8,2020-02-20
2020-02-05,38.907907,-77.011920,Ward 5,2020-02-18
2020-02-05,38.907402,-77.010105,Ward 5,2020-02-18
2020-02-05,38.832651,-76.990107,Ward 8,2020-02-11
2020-02-05,38.831570,-76.989616,Ward 8,2020-02-11
2020-02-05,38.865250,-76.946078,Ward 7,2020-02-16
2020-02-05,38.924015,-77.030313,Ward 1,2020-02-13
2020-02-05,38.924030,-77.031148,Ward 1,2020-02-13
2020-02-05,38.958503,-77.068854,Ward 3,2020-02-10
2020-02-05,38.921612,-76.982739,Ward 5,2020-02-07
2020-02-05,38.947579,-77.059980,Ward 3,2020-02-07
2020-02-05,38.940565,-77.026563,Ward 4,2020-02-12
2020-02-05,38.924485,-77.081162,Ward 3,2020-02-13
2020-02-05,38.898282,-76.986325,Ward 6,2020-02-10
2020-02-05,38.827051,-77.006422,Ward 8,2020-02-11
2020-02-05,38.904312,-77.018701,Ward 6,2020-02-19
2020-02-05,38.930221,-77.019382,Ward 1,2020-02-07
2020-02-05,38.898697,-76.927652,Ward 7,2020-02-16
2020-02-05,38.895824,-76.973566,Ward 7,2020-02-16
2020-02-05,38.916793,-77.035078,Ward 2,2020-02-06
2020-02-05,38.827473,-76.998213,Ward 8,2020-02-12
2020-02-05,38.918993,-77.031125,Ward 1,2020-02-13
2020-02-05,38.912013,-77.009431,Ward 5,2020-02-07
2020-02-05,38.829890,-76.997805,Ward 8,2020-02-12
2020-02-05,38.845412,-76.970605,Ward 8,2020-02-19
2020-02-05,38.845969,-76.970981,Ward 8,2020-02-12
2020-02-05,38.849353,-76.976506,Ward 8,2020-02-12
2020-02-05,38.931093,-77.022788,Ward 1,2020-02-13
2020-02-05,38.830300,-76.995512,Ward 8,2020-02-12
2020-02-05,38.918284,-77.002395,Ward 5,2020-02-18
2020-02-05,38.830621,-77.000325,Ward 8,2020-02-12
2020-02-05,38.893749,-76.951955,Ward 7,2020-02-16
2020-02-05,38.938337,-77.069841,Ward 3,2020-02-21
2020-02-05,38.834147,-76.995892,Ward 8,2020-02-12
2020-02-05,38.902195,-76.930698,Ward 7,2020-02-18
2020-02-05,38.918869,-77.073182,Ward 3,2020-02-21
2020-02-05,38.949003,-77.015167,Ward 4,2020-02-06
2020-02-05,38.878890,-76.986412,Ward 6,2020-02-20
2020-02-06,38.906734,-76.978271,Ward 5,2020-02-18
2020-02-06,38.906016,-76.989063,Ward 5,2020-02-20
2020-02-06,38.925198,-77.024601,Ward 1,2020-02-13
2020-02-06,38.922192,-77.040397,Ward 1,2020-02-13
2020-02-06,38.909839,-77.013483,Ward 5,2020-02-18
2020-02-06,38.940881,-76.992871,Ward 5,2020-02-07
2020-02-06,38.865244,-76.991321,Ward 8,2020-02-11
2020-02-06,38.883015,-76.982053,Ward 6,2020-02-20
2020-02-06,38.888310,-76.926385,Ward 7,2020-02-10
2020-02-06,38.902674,-76.974954,Ward 5,2020-02-07
2020-02-06,38.942729,-77.035293,Ward 4,2020-02-12
2020-02-06,38.906016,-76.989063,Ward 5,2020-02-20
2020-02-06,38.915117,-77.020145,Ward 6,2020-02-25
2020-02-06,38.921474,-77.001399,Ward 5,2020-02-20
2020-02-06,38.950405,-77.022253,Ward 4,2020-02-12
2020-02-06,38.953864,-77.017933,Ward 4,2020-02-12
2020-02-06,38.864759,-76.945988,Ward 7,2020-02-18
2020-02-06,38.906364,-77.042202,Ward 2,2020-02-11
2020-02-06,38.850709,-76.980429,Ward 8,2020-03-10
2020-02-06,38.900086,-76.939458,Ward 7,2020-02-18
2020-02-06,38.893208,-76.972321,Ward 7,2020-02-07
2020-02-06,38.912669,-76.990602,Ward 5,2020-02-18
2020-02-06,38.847586,-76.971321,Ward 8,2020-02-10
2020-02-06,38.916793,-77.035078,Ward 2,2020-02-07
2020-02-06,38.900829,-76.937224,Ward 7,2020-02-18
2020-02-06,38.897193,-76.970268,Ward 7,2020-02-18
2020-02-06,38.936040,-77.022737,Ward 1,2020-02-21
2020-02-06,38.907773,-77.088188,Ward 3,2020-02-21
2020-02-06,38.906714,-77.086806,Ward 3,2020-02-07
2020-02-06,38.936981,-76.966050,Ward 5,2020-02-18
2020-02-06,38.953137,-77.032189,Ward 4,2020-02-12
2020-02-06,38.906778,-76.978715,Ward 5,2020-02-18
2020-02-06,38.903041,-76.978277,Ward 5,2020-02-18
2020-02-06,38.903878,-76.979656,Ward 5,2020-02-18
2020-02-06,38.902442,-76.983434,Ward 5,2020-03-03
2020-02-06,38.904509,-76.979850,Ward 5,2020-03-03
2020-02-06,38.904221,-76.979606,Ward 5,2020-02-18
2020-02-06,38.916363,-77.043275,Ward 1,2020-02-19
2020-02-06,38.901993,-76.987846,Ward 5,2020-02-18
2020-02-07,38.924189,-77.029403,Ward 1,2020-02-19
2020-02-07,38.850555,-76.965767,Ward 8,2020-02-20
2020-02-07,38.863742,-76.946759,Ward 7,2020-02-10
2020-02-07,38.906407,-76.986078,Ward 5,2020-03-03
2020-02-07,38.848225,-76.969671,Ward 8,2020-02-21
2020-02-07,38.848378,-76.968137,Ward 8,2020-02-21
2020-02-07,38.938128,-77.024266,Ward 4,2020-02-20
2020-02-07,38.943437,-77.017424,Ward 4,2020-02-19
2020-02-07,38.940066,-76.993339,Ward 5,2020-02-07
2020-02-07,38.957859,-77.016690,Ward 4,2020-02-19
2020-02-07,38.888310,-76.926385,Ward 7,2020-02-10
2020-02-07,38.955321,-77.070602,Ward 3,2020-02-10
2020-02-07,38.937032,-76.989366,Ward 5,2020-02-07
2020-02-07,38.925261,-77.024447,Ward 1,2020-02-19
2020-02-07,38.907699,-77.027874,Ward 2,2020-02-13
2020-02-07,38.949109,-77.016501,Ward 4,2020-02-19
2020-02-07,38.871038,-76.976062,Ward 8,2020-02-19
2020-02-07,38.948779,-77.016607,Ward 4,2020-02-19
2020-02-07,38.899986,-76.974540,Ward 5,2020-02-19
2020-02-07,38.908505,-76.981264,Ward 5,2020-02-21
2020-02-07,38.919544,-76.982901,Ward 5,2020-02-26
2020-02-07,38.902585,-76.935482,Ward 7,2020-02-18
2020-02-07,38.900774,-77.041700,Ward 2,2020-02-10
2020-02-07,38.941229,-77.029971,Ward 4,2020-02-19
2020-02-07,38.908847,-76.931575,Ward 7,2020-02-10
2020-02-07,38.940294,-76.977036,Ward 5,2020-03-10
2020-02-07,38.899847,-77.052962,Ward 2,2020-02-13
2020-02-07,38.957868,-77.072070,Ward 3,2020-02-12
2020-02-07,38.962860,-77.073243,Ward 3,2020-02-12
2020-02-07,38.908427,-77.088106,Ward 3,2020-02-12
2020-02-07,38.874182,-76.934666,Ward 7,2020-02-14
2020-02-07,38.854951,-76.968248,Ward 8,2020-02-10
2020-02-07,38.910214,-77.010640,Ward 5,2020-02-10
2020-02-08,38.923990,-77.029018,Ward 1,2020-02-19
2020-02-08,38.934039,-77.027011,Ward 1,2020-02-19
2020-02-08,38.841383,-76.977762,Ward 8,2020-02-12
2020-02-08,38.921454,-77.009370,Ward 5,2020-02-10
2020-02-08,38.900365,-76.930150,Ward 7,2020-02-10
2020-02-08,38.905792,-77.015832,Ward 6,2020-03-06
2020-02-08,38.908082,-77.083633,Ward 3,2020-02-21
2020-02-08,38.900995,-76.951205,Ward 7,2020-02-10
2020-02-08,38.899095,-76.970987,Ward 5,2020-02-11
2020-02-08,38.899931,-76.942992,Ward 7,2020-02-10
2020-02-08,38.972127,-77.022660,Ward 4,2020-02-19
2020-02-08,38.868031,-76.979503,Ward 8,2020-02-20
2020-02-08,38.898503,-76.933567,Ward 7,2020-02-10
2020-02-08,38.889772,-76.937543,Ward 7,2020-02-10
2020-02-08,38.936798,-77.058764,Ward 3,2020-02-21
2020-02-08,38.934972,-76.993575,Ward 5,2020-02-11
2020-02-08,38.931062,-77.018637,Ward 1,2020-02-19
2020-02-08,38.921474,-77.001399,Ward 5,2020-02-20
2020-02-08,38.873375,-76.976938,Ward 8,2020-02-20
2020-02-09,38.895926,-76.980062,Ward 7,2020-02-20
2020-02-09,38.879136,-76.999746,Ward 6,2020-02-10
2020-02-09,38.911585,-77.020170,Ward 6,2020-02-21
2020-02-09,38.921469,-77.001456,Ward 5,2020-02-26
2020-02-09,38.915844,-77.003210,Ward 5,2020-02-26
2020-02-09,38.912918,-76.986665,Ward 5,2020-02-19
2020-02-09,38.913349,-76.985702,Ward 5,2020-02-19
2020-02-09,38.931848,-77.026925,Ward 1,2020-02-11
2020-02-09,38.940562,-77.034005,Ward 4,2020-02-19
2020-02-09,38.910659,-77.011912,Ward 5,2020-02-10
2020-02-09,38.939975,-77.031573,Ward 4,2020-02-11
2020-02-09,38.939975,-77.031573,Ward 4,2020-02-11
2020-02-09,38.930660,-77.004450,Ward 5,2020-02-12
2020-02-09,38.908776,-77.025172,Ward 2,2020-02-10
2020-02-09,38.894190,-76.978463,Ward 6,2020-02-20
2020-02-09,38.908801,-77.025243,Ward 2,2020-02-10
2020-02-09,38.909431,-77.026215,Ward 2,2020-02-10
2020-02-09,38.910615,-77.026175,Ward 6,2020-02-20
2020-02-10,38.895324,-76.998187,Ward 6,2020-02-20
2020-02-10,38.924228,-77.041018,Ward 1,2020-02-12
2020-02-10,38.903555,-76.977365,Ward 5,2020-02-11
2020-02-10,38.938128,-77.024266,Ward 4,2020-02-20
2020-02-10,38.964764,-77.031867,Ward 4,2020-02-11
2020-02-10,38.901979,-76.987783,Ward 5,2020-02-19
2020-02-10,38.910206,-77.010700,Ward 5,2020-02-19
2020-02-10,38.910755,-77.009346,Ward 5,2020-02-19
2020-02-10,38.890994,-76.939051,Ward 7,2020-02-14
2020-02-10,38.948537,-77.017432,Ward 4,2020-02-11
2020-02-10,38.912375,-77.009602,Ward 5,2020-02-19
2020-02-10,38.964571,-77.031938,Ward 4,2020-02-11
2020-02-10,38.903074,-76.994249,Ward 6,2020-02-12
2020-02-10,38.950355,-77.022251,Ward 4,2020-02-19
2020-02-10,38.938184,-77.024267,Ward 4,2020-02-19
2020-02-10,38.955351,-77.029064,Ward 4,2020-02-19
2020-02-10,38.916803,-77.011558,Ward 5,2020-02-19
2020-02-10,38.874155,-76.974036,Ward 7,2020-02-18
2020-02-10,38.873957,-76.974187,Ward 7,2020-02-18
2020-02-10,38.868031,-76.979503,Ward 8,2020-02-20
2020-02-10,38.950069,-77.027472,Ward 4,2020-02-19
2020-02-10,38.894000,-76.984766,Ward 6,2020-02-20
2020-02-10,38.942088,-77.042211,Ward 4,2020-02-12
2020-02-10,38.867818,-76.941865,Ward 7,2020-02-20
2020-02-10,38.888750,-76.924493,Ward 7,2020-02-11
2020-02-10,38.873936,-76.938405,Ward 7,2020-02-18
2020-02-10,38.877761,-76.939406,Ward 7,2020-02-18
2020-02-10,38.878692,-76.929530,Ward 7,2020-02-18
2020-02-10,38.832824,-77.003944,Ward 8,2020-02-19
2020-02-10,38.832226,-77.003955,Ward 8,2020-02-20
2020-02-10,38.936040,-77.022737,Ward 1,2020-02-21
2020-02-10,38.842269,-77.000779,Ward 8,2020-02-19
2020-02-10,38.915260,-77.018602,Ward 1,2020-02-19
2020-02-10,38.931820,-77.031976,Ward 1,2020-02-19
2020-02-10,38.932150,-77.035675,Ward 1,2020-02-19
2020-02-10,38.899569,-76.936101,Ward 7,2020-02-26
2020-02-10,38.921148,-76.984517,Ward 5,2020-03-10
2020-02-10,38.894979,-76.927924,Ward 7,2020-02-21
2020-02-11,38.887374,-76.958798,Ward 7,2020-02-18
2020-02-11,38.886201,-76.997344,Ward 6,2020-02-13
2020-02-11,38.874182,-76.934666,Ward 7,2020-02-14
2020-02-11,38.933738,-77.034208,Ward 1,2020-02-19
2020-02-11,38.951935,-77.017791,Ward 4,2020-02-14
2020-02-11,38.936600,-77.033381,Ward 1,2020-02-19
2020-02-11,38.930349,-77.039451,Ward 1,2020-02-19
2020-02-11,38.930098,-77.018381,Ward 1,2020-02-19
2020-02-11,38.931851,-77.018897,Ward 1,2020-02-19
2020-02-11,38.930377,-77.039803,Ward 1,2020-02-19
2020-02-11,38.965238,-77.070559,Ward 3,2020-02-11
2020-02-11,38.923990,-77.029018,Ward 1,2020-02-19
2020-02-11,38.915245,-77.052867,Ward 2,2020-02-26
2020-02-11,38.910781,-77.011982,Ward 5,2020-02-19
2020-02-11,38.906016,-76.989063,Ward 5,2020-02-19
2020-02-11,38.932217,-77.024500,Ward 1,2020-02-19
2020-02-11,38.912210,-77.016806,Ward 5,2020-02-19
2020-02-11,38.904216,-76.979394,Ward 5,2020-02-19
2020-02-11,38.897395,-76.925274,Ward 7,2020-03-10
2020-02-11,38.907417,-77.011528,Ward 5,2020-02-19
2020-02-11,38.861403,-76.963652,Ward 7,2020-02-12
2020-02-11,38.907422,-77.011853,Ward 5,2020-02-19
2020-02-11,38.873743,-76.976746,Ward 8,2020-02-19
2020-02-11,38.873699,-76.976926,Ward 8,2020-02-19
2020-02-11,38.901666,-76.985636,Ward 5,2020-02-12
2020-02-11,38.960736,-77.035585,Ward 4,2020-02-19
2020-02-11,38.899107,-76.987719,Ward 6,2020-02-12
2020-02-11,38.905322,-77.026681,Ward 2,2020-02-21
2020-02-11,38.875872,-76.959754,Ward 7,2020-02-26
2020-02-11,38.933273,-76.968513,Ward 5,2020-02-26
2020-02-11,38.868058,-76.980207,Ward 8,2020-02-19
2020-02-11,38.930221,-77.019382,Ward 1,2020-02-19
2020-02-11,38.930185,-77.021769,Ward 1,2020-02-19
2020-02-11,38.916176,-77.015984,Ward 1,2020-03-06
2020-02-11,38.883907,-76.992857,Ward 6,2020-02-13
2020-02-11,38.887860,-76.925355,Ward 7,2020-02-18
2020-02-11,38.897543,-76.970035,Ward 7,2020-02-18
2020-02-11,38.903262,-76.979233,Ward 5,2020-02-19
2020-02-11,38.912608,-76.990138,Ward 5,2020-02-19
2020-02-11,38.912389,-76.989342,Ward 5,2020-02-19
2020-02-11,38.830202,-76.992979,Ward 8,2020-02-12
2020-02-11,38.895910,-76.984408,Ward 6,2020-02-20
2020-02-11,38.904710,-77.018663,Ward 6,2020-03-10
2020-02-11,38.959874,-77.025367,Ward 4,2020-02-14
2020-02-11,38.911585,-77.020170,Ward 6,2020-02-21
2020-02-11,38.970817,-77.015712,Ward 4,2020-02-13
2020-02-11,38.866610,-76.944517,Ward 7,2020-02-26
2020-02-11,38.916849,-77.038720,Ward 2,2020-02-21
2020-02-12,38.876833,-76.967344,Ward 7,2020-02-14
2020-02-12,38.897374,-76.977084,Ward 6,2020-02-20
2020-02-12,38.927646,-77.032738,Ward 1,2020-02-12
2020-02-12,38.897397,-76.970181,Ward 7,2020-02-18
2020-02-12,38.921474,-77.001399,Ward 5,2020-02-12
2020-02-12,38.927878,-77.028276,Ward 1,2020-02-19
2020-02-12,38.926511,-77.030038,Ward 1,2020-02-12
2020-02-12,38.945222,-77.033015,Ward 4,2020-02-20
2020-02-12,38.908982,-77.038102,Ward 2,2020-02-13
2020-02-12,38.847267,-77.001670,Ward 8,2020-03-10
2020-02-12,38.890864,-76.913666,Ward 7,2020-03-10
2020-02-12,38.977986,-77.029681,Ward 4,2020-02-14
2020-02-12,38.978184,-77.030980,Ward 4,2020-02-13
2020-02-12,38.940066,-76.993339,Ward 5,2020-02-18
2020-02-12,38.925014,-76.995288,Ward 5,2020-02-12
2020-02-12,38.912096,-77.011678,Ward 5,2020-02-18
2020-02-12,38.960818,-77.070461,Ward 3,2020-03-02
2020-02-12,38.894527,-76.935510,Ward 7,2020-02-18
2020-02-12,38.921691,-77.034856,Ward 1,2020-02-13
2020-02-12,38.904220,-76.979554,Ward 5,2020-02-19
2020-02-12,38.903876,-76.979512,Ward 5,2020-02-19
2020-02-12,38.931893,-77.027320,Ward 1,2020-02-19
2020-02-12,38.896004,-76.920269,Ward 7,2020-02-26
2020-02-12,38.895632,-76.919842,Ward 7,2020-02-26
2020-02-12,38.896314,-76.920749,Ward 7,2020-02-26
2020-02-12,38.900829,-76.937224,Ward 7,2020-02-13
2020-02-12,38.930850,-77.022682,Ward 1,2020-02-19
2020-02-12,38.937822,-77.029925,Ward 4,2020-02-26
2020-02-12,38.882852,-76.933506,Ward 7,2020-02-18
2020-02-12,38.960049,-77.028347,Ward 4,2020-02-19
2020-02-12,38.967062,-77.014339,Ward 4,2020-02-19
2020-02-12,38.890598,-76.913373,Ward 7,2020-02-26
2020-02-12,38.822885,-76.999584,Ward 8,2020-03-05
2020-02-12,38.977460,-77.024738,Ward 4,2020-02-13
2020-02-12,38.902695,-76.984959,Ward 5,2020-03-06
2020-02-12,38.906007,-76.981342,Ward 5,2020-02-18
2020-02-12,38.938555,-77.021897,Ward 4,2020-02-19
2020-02-12,38.909188,-76.983917,Ward 5,2020-02-19
2020-02-12,38.871122,-76.981975,Ward 8,2020-02-19
2020-02-12,38.917423,-77.017770,Ward 1,2020-02-19
2020-02-12,38.920452,-77.010720,Ward 5,2020-02-19
2020-02-12,38.918991,-77.011565,Ward 5,2020-02-19
2020-02-12,38.893208,-76.972321,Ward 7,2020-02-12
2020-02-12,38.929957,-77.105831,Ward 3,2020-02-18
2020-02-12,38.913713,-77.008713,Ward 5,2020-02-19
2020-02-12,38.904032,-77.039735,Ward 2,2020-02-13
2020-02-13,38.912401,-77.002800,Ward 5,2020-02-26
2020-02-13,38.897521,-76.984950,Ward 6,2020-02-20
2020-02-13,38.878819,-76.988104,Ward 6,2020-02-20
2020-02-13,38.931042,-77.034872,Ward 1,2020-02-21
2020-02-13,38.909463,-77.011404,Ward 5,2020-02-19
2020-02-13,38.882346,-76.998218,Ward 6,2020-02-20
2020-02-13,38.902585,-76.935482,Ward 7,2020-02-26
2020-02-13,38.907759,-77.009909,Ward 5,2020-02-19
2020-02-13,38.878166,-76.983414,Ward 6,2020-03-12
2020-02-13,38.852518,-76.965941,Ward 8,2020-02-20
2020-02-13,38.904732,-76.996401,Ward 6,2020-02-19
2020-02-13,38.877451,-76.931529,Ward 7,2020-02-14
2020-02-13,38.878381,-76.930242,Ward 7,2020-02-18
2020-02-13,38.873995,-76.968035,Ward 7,2020-02-18
2020-02-13,38.879475,-76.933840,Ward 7,2020-02-21
2020-02-13,38.882839,-76.932827,Ward 7,2020-02-18
2020-02-13,38.942196,-77.022115,Ward 4,2020-02-26
2020-02-13,38.887395,-76.989644,Ward 6,2020-03-18
2020-02-14,38.833686,-77.007134,Ward 8,2020-03-10
2020-02-14,38.893646,-77.025048,Ward 2,2020-02-14
2020-02-14,38.859574,-76.986610,Ward 8,2020-02-26
2020-02-14,38.853298,-76.983303,Ward 8,2020-03-10
2020-02-14,38.899973,-77.000750,Ward 6,2020-02-20
2020-02-14,38.916774,-77.039903,Ward 2,2020-02-19
2020-02-14,38.914228,-77.024159,Ward 1,2020-02-18
2020-02-14,38.890663,-76.952438,Ward 7,2020-03-10
2020-02-14,38.949894,-77.026719,Ward 4,2020-02-18
2020-02-14,38.902152,-76.936333,Ward 7,2020-02-18
2020-02-14,38.905792,-77.015832,Ward 6,2020-03-06
2020-02-14,38.909451,-76.997799,Ward 5,2020-02-20
2020-02-14,38.873015,-76.971122,Ward 8,2020-03-03
2020-02-14,38.924806,-77.023956,Ward 1,2020-02-26
2020-02-14,38.888440,-76.935700,Ward 7,2020-02-18
2020-02-14,38.867427,-76.985675,Ward 8,2020-03-03
2020-02-14,38.925074,-77.007854,Ward 5,2020-02-26
2020-02-14,38.918831,-77.000285,Ward 5,2020-02-26
2020-02-14,38.904634,-77.027867,Ward 2,2020-02-19
2020-02-14,38.918380,-76.999839,Ward 5,2020-03-03
2020-02-14,38.918238,-77.000335,Ward 5,2020-03-03
2020-02-14,38.919984,-76.977286,Ward 5,2020-03-03
2020-02-14,38.902442,-76.983434,Ward 5,2020-03-03
2020-02-14,38.902824,-76.983388,Ward 5,2020-03-03
2020-02-14,38.903069,-76.980264,Ward 5,2020-02-19
2020-02-14,38.832684,-76.988975,Ward 8,2020-03-03
2020-02-14,38.911895,-76.986072,Ward 5,2020-03-03
2020-02-14,38.907407,-76.987205,Ward 5,2020-03-03
2020-02-14,38.906664,-76.977432,Ward 5,2020-02-19
2020-02-14,38.957657,-77.022619,Ward 4,2020-02-26
2020-02-14,38.957657,-77.022619,Ward 4,2020-02-26
2020-02-14,38.905252,-77.019624,Ward 6,2020-03-06
2020-02-14,38.941281,-77.029987,Ward 4,2020-02-26
2020-02-14,38.878154,-76.962893,Ward 7,2020-02-26
2020-02-15,38.928896,-77.031425,Ward 1,2020-02-26
2020-02-15,38.876687,-77.006922,Ward 6,2020-02-21
2020-02-15,38.923205,-77.037766,Ward 1,2020-03-10
2020-02-15,38.915117,-77.020145,Ward 6,2020-03-10
2020-02-15,38.906057,-76.988521,Ward 5,2020-03-03
2020-02-15,38.900978,-77.000348,Ward 6,2020-02-20
2020-02-15,38.922373,-76.972614,Ward 5,2020-03-18
2020-02-15,38.950531,-77.024192,Ward 4,2020-02-26
2020-02-15,38.927309,-77.076019,Ward 3,2020-03-12
2020-02-15,38.901930,-76.989635,Ward 6,2020-03-06
2020-02-15,38.929649,-76.973497,Ward 5,2020-02-19
2020-02-15,38.923186,-77.078980,Ward 3,2020-02-21
2020-02-15,38.829852,-76.999296,Ward 8,2020-02-20
2020-02-16,38.915842,-77.002332,Ward 5,2020-03-03
2020-02-16,38.936143,-77.038920,Ward 1,2020-02-19
2020-02-16,38.915291,-76.985282,Ward 5,2020-02-20
2020-02-16,38.949988,-77.082037,Ward 3,2020-03-02
2020-02-16,38.877143,-76.967045,Ward 7,2020-02-26
2020-02-16,38.934290,-76.977902,Ward 5,2020-02-19
2020-02-16,38.947932,-77.019740,Ward 4,2020-02-26
2020-02-16,38.912836,-77.005270,Ward 5,2020-03-03
2020-02-16,38.923577,-77.001795,Ward 5,2020-02-19
2020-02-16,38.888600,-76.936243,Ward 7,2020-02-26
2020-02-16,38.881590,-76.938204,Ward 7,2020-02-26
2020-02-17,38.879412,-76.980989,Ward 6,2020-03-06
2020-02-17,38.887114,-76.984965,Ward 6,2020-03-06
2020-02-17,38.885578,-76.983383,Ward 6,2020-03-06
2020-02-17,38.903555,-76.977365,Ward 5,2020-03-06
2020-02-17,38.869672,-76.980318,Ward 8,2020-02-24
2020-02-17,38.888465,-76.978822,Ward 6,2020-03-06
2020-02-17,38.896281,-76.982050,Ward 6,2020-02-19
2020-02-17,38.879579,-77.000790,Ward 6,2020-03-06
2020-02-17,38.942368,-77.016182,Ward 4,2020-02-26
2020-02-17,38.866118,-76.987485,Ward 8,2020-03-03
2020-02-17,38.878605,-76.987762,Ward 6,2020-03-06
2020-02-17,38.912669,-76.990602,Ward 5,2020-02-26
2020-02-17,38.910923,-76.993699,Ward 5,2020-03-03
2020-02-17,38.925559,-77.041346,Ward 1,2020-03-02
2020-02-17,38.866345,-76.981812,Ward 8,2020-02-20
2020-02-17,38.915291,-76.985282,Ward 5,2020-02-20
2020-02-17,38.868163,-76.966434,Ward 7,2020-02-26
2020-02-17,38.952475,-77.095830,Ward 3,2020-02-18
2020-02-17,38.856047,-76.967507,Ward 8,2020-02-21
2020-02-17,38.829906,-76.999093,Ward 8,2020-03-05
2020-02-17,38.940177,-77.026830,Ward 4,2020-03-06
2020-02-17,38.919338,-76.985607,Ward 5,2020-02-19
2020-02-17,38.909857,-77.019546,Ward 6,2020-03-06
2020-02-17,38.870840,-76.938246,Ward 7,2020-02-18
2020-02-17,38.908732,-77.015404,Ward 5,2020-03-03
2020-02-17,38.953609,-77.016192,Ward 4,2020-02-26
2020-02-17,38.899178,-76.981474,Ward 6,2020-02-19
2020-02-18,38.910659,-77.011912,Ward 5,2020-02-19
2020-02-18,38.908374,-76.985978,Ward 5,2020-02-26
2020-02-18,38.944534,-77.026581,Ward 4,2020-02-18
2020-02-18,38.901722,-77.052264,Ward 2,2020-03-06
2020-02-18,38.925464,-77.043667,Ward 1,2020-02-24
2020-02-18,38.897322,-76.974502,Ward 7,2020-03-03
2020-02-18,38.929943,-76.993360,Ward 5,2020-03-03
2020-02-18,38.930535,-76.993716,Ward 5,2020-02-21
2020-02-18,38.871475,-76.937724,Ward 7,2020-02-18
2020-02-18,38.867975,-76.984907,Ward 8,2020-03-03
2020-02-18,38.888159,-76.987060,Ward 6,2020-03-12
2020-02-18,38.914268,-77.010989,Ward 5,2020-03-03
2020-02-18,38.856047,-76.967507,Ward 8,2020-02-21
2020-02-18,38.904205,-76.979716,Ward 5,2020-03-03
2020-02-18,38.947624,-77.007421,Ward 5,2020-03-03
2020-02-18,38.940066,-76.993339,Ward 5,2020-02-21
2020-02-18,38.885353,-76.983655,Ward 6,2020-02-27
2020-02-18,38.917148,-77.031725,Ward 1,2020-02-20
2020-02-18,38.905470,-76.999289,Ward 6,2020-02-21
2020-02-18,38.878366,-76.965738,Ward 7,2020-03-03
2020-02-18,38.880219,-76.995940,Ward 6,2020-03-12
2020-02-18,38.846279,-76.991723,Ward 8,2020-02-20
2020-02-18,38.853129,-76.965410,Ward 8,2020-02-24
2020-02-18,38.885197,-76.983471,Ward 6,2020-03-12
2020-02-18,38.878735,-76.943253,Ward 7,2020-02-19
2020-02-18,38.868013,-76.945225,Ward 7,2020-03-03
2020-02-18,38.892212,-76.985058,Ward 6,2020-03-02
2020-02-18,38.899676,-76.988797,Ward 6,2020-03-12
2020-02-18,38.847971,-77.001614,Ward 8,2020-03-03
2020-02-18,38.923186,-77.078980,Ward 3,2020-02-21
2020-02-18,38.926990,-77.030430,Ward 1,2020-03-02
2020-02-18,38.919370,-77.000849,Ward 5,2020-02-19
2020-02-18,38.917463,-77.017921,Ward 1,2020-03-12
2020-02-18,38.936206,-77.022768,Ward 1,2020-02-20
2020-02-18,38.917247,-77.017682,Ward 1,2020-03-04
2020-02-18,38.938731,-76.995305,Ward 5,2020-03-03
2020-02-18,38.938731,-76.995305,Ward 5,2020-03-03
2020-02-18,38.878053,-76.929870,Ward 7,2020-03-03
2020-02-18,38.897163,-76.980639,Ward 6,2020-02-20
2020-02-18,38.902297,-76.977293,Ward 5,2020-03-03
2020-02-18,38.939975,-77.031573,Ward 4,2020-02-19
2020-02-19,38.929126,-77.022973,Ward 1,2020-03-04
2020-02-19,38.952232,-77.019936,Ward 4,2020-03-06
2020-02-19,38.911267,-77.022691,Ward 6,2020-02-20
2020-02-19,38.944367,-77.027403,Ward 4,2020-02-19
2020-02-19,38.881473,-77.018744,Ward 6,2020-03-12
2020-02-19,38.933738,-77.034208,Ward 1,2020-02-20
2020-02-19,38.956803,-77.012460,Ward 4,2020-02-20
2020-02-19,38.860149,-76.992058,Ward 8,2020-03-03
2020-02-19,38.940163,-76.993334,Ward 5,2020-03-03
2020-02-19,38.903731,-77.003175,Ward 6,2020-03-12
2020-02-19,38.905798,-77.001609,Ward 6,2020-03-12
2020-02-19,38.943996,-77.026063,Ward 4,2020-03-18
2020-02-19,38.896115,-76.985508,Ward 6,2020-03-12
2020-02-19,38.970371,-77.012599,Ward 4,2020-02-20
2020-02-19,38.896723,-76.985508,Ward 6,2020-03-12
2020-02-19,38.924568,-77.040699,Ward 1,2020-02-22
2020-02-19,38.905863,-77.018752,Ward 6,2020-02-21
2020-02-19,38.888750,-76.924493,Ward 7,2020-03-06
2020-02-19,38.888342,-76.928532,Ward 7,2020-03-10
2020-02-19,38.870056,-76.978765,Ward 8,2020-03-03
2020-02-19,38.870551,-76.978462,Ward 8,2020-03-03
2020-02-19,38.919544,-76.982901,Ward 5,2020-02-20
2020-02-19,38.906075,-76.983390,Ward 5,2020-03-03
2020-02-19,38.885352,-76.994706,Ward 6,2020-02-21
2020-02-19,38.913217,-76.981150,Ward 5,2020-02-19
2020-02-19,38.891108,-76.981671,Ward 6,2020-03-02
2020-02-19,38.991807,-77.038656,Ward 4,2020-02-20
2020-02-19,38.893447,-76.910138,Ward 7,2020-02-25
2020-02-19,38.992030,-77.043607,Ward 4,2020-02-20
2020-02-19,38.991380,-77.040349,Ward 4,2020-02-20
2020-02-19,38.992070,-77.041676,Ward 4,2020-02-20
2020-02-19,38.994751,-77.040121,Ward 4,2020-02-20
2020-02-19,38.944559,-77.076105,Ward 3,2020-03-12
2020-02-19,38.994206,-77.039443,Ward 4,2020-02-24
2020-02-19,38.892955,-76.956963,Ward 7,2020-02-25
2020-02-19,38.936615,-77.033444,Ward 1,2020-03-02
2020-02-20,38.885521,-76.984742,Ward 6,2020-03-12
2020-02-20,38.856438,-76.957090,Ward 7,2020-02-20
2020-02-20,38.897734,-76.981096,Ward 6,2020-03-02
2020-02-20,38.857407,-76.967928,Ward 8,2020-02-21
2020-02-20,38.943341,-77.005396,Ward 5,2020-03-03
2020-02-20,38.924991,-77.028233,Ward 1,2020-02-22
2020-02-20,38.888750,-76.924493,Ward 7,2020-03-06
2020-02-20,38.867722,-76.966693,Ward 7,2020-03-05
2020-02-20,38.849353,-76.976506,Ward 8,2020-03-03
2020-02-20,38.842113,-76.988204,Ward 8,2020-03-05
2020-02-20,38.848400,-77.000722,Ward 8,2020-03-03
2020-02-20,38.905453,-76.997100,Ward 6,2020-03-12
2020-02-20,38.938999,-77.029411,Ward 4,2020-03-06
2020-02-20,38.925004,-77.030870,Ward 1,2020-03-12
2020-02-20,38.902442,-76.983434,Ward 5,2020-03-03
2020-02-20,38.947921,-77.006410,Ward 5,2020-03-03
2020-02-20,38.845703,-77.001903,Ward 8,2020-03-12
2020-02-20,38.947910,-77.079674,Ward 3,2020-02-24
2020-02-20,38.911844,-77.022621,Ward 6,2020-03-12
2020-02-20,38.943160,-77.081732,Ward 3,2020-02-24
2020-02-20,38.907062,-77.017259,Ward 6,2020-03-04
2020-02-20,38.867726,-76.984897,Ward 8,2020-03-03
2020-02-20,38.955967,-77.018047,Ward 4,2020-03-06
2020-02-20,38.888652,-76.988060,Ward 6,2020-03-12
2020-02-20,38.933691,-76.968384,Ward 5,2020-03-03
2020-02-20,38.899341,-76.974948,Ward 5,2020-03-03
2020-02-20,38.901153,-77.000017,Ward 6,2020-03-12
2020-02-20,38.869668,-76.979657,Ward 8,2020-03-03
2020-02-20,38.927934,-77.021822,Ward 1,2020-03-05
2020-02-20,38.830296,-76.999095,Ward 8,2020-03-05
2020-02-20,38.926207,-77.026770,Ward 1,2020-03-04
2020-02-20,38.925613,-77.026555,Ward 1,2020-03-12
2020-02-20,38.926910,-77.027338,Ward 1,2020-03-04
2020-02-20,38.927000,-77.028695,Ward 1,2020-03-12
2020-02-20,38.983547,-77.026076,Ward 4,2020-03-06
2020-02-20,38.902064,-76.989153,Ward 6,2020-03-12
2020-02-20,38.925813,-76.987407,Ward 5,2020-03-03
2020-02-20,38.920050,-77.001258,Ward 5,2020-03-03
2020-02-20,38.926067,-77.025351,Ward 1,2020-03-04
2020-02-20,38.924610,-77.025928,Ward 1,2020-03-04
2020-02-20,38.882657,-76.981390,Ward 6,2020-02-26
2020-02-20,38.904634,-77.027867,Ward 2,2020-03-05
2020-02-20,38.936825,-77.059243,Ward 3,2020-02-24
2020-02-20,38.898494,-76.981860,Ward 7,2020-03-12
2020-02-20,38.908771,-77.027832,Ward 2,2020-02-21
2020-02-21,38.901589,-77.003289,Ward 6,2020-02-26
2020-02-21,38.885898,-76.985233,Ward 6,2020-03-18
2020-02-21,38.913443,-77.041840,Ward 2,2020-03-05
2020-02-21,38.959874,-77.025367,Ward 4,2020-02-24
2020-02-21,38.901640,-76.995209,Ward 6,2020-03-12
2020-02-21,38.895324,-76.998187,Ward 6,2020-02-26
2020-02-21,38.884994,-76.926961,Ward 7,2020-03-04
2020-02-21,38.919715,-77.080031,Ward 3,2020-02-24
2020-02-21,38.940903,-76.993360,Ward 5,2020-03-04
2020-02-21,38.925802,-76.995299,Ward 5,2020-03-03
2020-02-21,38.939722,-77.017831,Ward 4,2020-03-06
2020-02-21,38.904274,-76.938951,Ward 7,2020-02-26
2020-02-21,38.893578,-76.996168,Ward 6,2020-03-12
2020-02-21,38.927732,-77.027273,Ward 1,2020-03-05
2020-02-21,38.914036,-76.987298,Ward 5,2020-02-28
2020-02-21,38.923676,-76.992222,Ward 5,2020-02-28
2020-02-21,38.953424,-77.016216,Ward 4,2020-03-06
2020-02-21,38.916796,-77.007580,Ward 5,2020-02-24
2020-02-21,38.942196,-77.022115,Ward 4,2020-03-06
2020-02-21,38.909369,-77.019134,Ward 6,2020-03-12
2020-02-21,38.902149,-76.930686,Ward 7,2020-02-24
2020-02-21,38.843113,-76.979114,Ward 8,2020-03-13
2020-02-21,38.879458,-76.934398,Ward 7,2020-03-04
2020-02-21,38.892212,-76.985058,Ward 6,2020-03-12
2020-02-21,38.902762,-76.993994,Ward 6,2020-02-27
2020-02-21,38.937994,-77.060387,Ward 3,2020-02-24
2020-02-21,38.933738,-77.034208,Ward 1,2020-03-12
2020-02-21,38.925956,-77.023388,Ward 1,2020-03-04
2020-02-21,38.939488,-77.021249,Ward 4,2020-03-06
2020-02-21,38.943437,-77.017424,Ward 4,2020-03-06
2020-02-21,38.959605,-77.022028,Ward 4,2020-03-06
2020-02-21,38.913743,-77.015359,Ward 5,2020-03-03
2020-02-21,38.929131,-77.022977,Ward 1,2020-03-04
2020-02-21,38.873457,-76.967510,Ward 7,2020-03-04
2020-02-21,38.959549,-77.021883,Ward 4,2020-03-06
2020-02-21,38.926952,-77.022438,Ward 1,2020-02-25
2020-02-21,38.894963,-76.988810,Ward 6,2020-03-12
2020-02-21,38.920445,-77.012828,Ward 5,2020-03-03
2020-02-21,38.927321,-77.037328,Ward 1,2020-03-12
2020-02-21,38.878154,-76.962893,Ward 7,2020-02-25
2020-02-22,38.956199,-77.010363,Ward 4,2020-02-24
2020-02-22,38.883602,-77.030449,Ward 6,2020-03-18
2020-02-22,38.912297,-77.017615,Ward 6,2020-02-26
2020-02-22,38.951408,-77.012298,Ward 4,2020-02-24
2020-02-22,38.884614,-76.931959,Ward 7,2020-03-04
2020-02-22,38.920714,-76.984484,Ward 5,2020-03-03
2020-02-22,38.917941,-77.007797,Ward 5,2020-03-03
2020-02-22,38.899133,-76.922128,Ward 7,2020-03-04
2020-02-22,38.930739,-77.037631,Ward 1,2020-03-12
2020-02-22,38.895200,-76.993970,Ward 6,2020-03-12
2020-02-23,38.904922,-76.989258,Ward 5,2020-02-24
2020-02-23,38.900911,-76.995915,Ward 6,2020-02-28
2020-02-23,38.849051,-76.971475,Ward 8,2020-02-26
2020-02-23,38.915796,-77.030036,Ward 1,2020-03-04
2020-02-23,38.908732,-77.015404,Ward 5,2020-02-24
2020-02-23,38.903544,-76.977561,Ward 5,2020-03-03
2020-02-23,38.925604,-77.034389,Ward 1,2020-03-09
2020-02-23,38.874553,-76.971871,Ward 7,2020-03-04
2020-02-23,38.930089,-77.025104,Ward 1,2020-03-04
2020-02-23,38.873582,-76.970016,Ward 7,2020-03-04
2020-02-23,38.873827,-76.971419,Ward 7,2020-03-05
2020-02-23,38.874962,-76.967273,Ward 7,2020-03-04
2020-02-23,38.872644,-76.966158,Ward 7,2020-03-04
2020-02-23,38.899156,-76.976680,Ward 5,2020-03-03
2020-02-23,38.918436,-77.000279,Ward 5,2020-03-04
2020-02-23,38.910310,-77.028404,Ward 2,2020-03-05
2020-02-24,38.919039,-77.001813,Ward 5,2020-03-03
2020-02-24,38.916029,-77.026269,Ward 1,2020-03-12
2020-02-24,38.936777,-77.034038,Ward 1,2020-02-24
2020-02-24,38.936632,-77.033511,Ward 1,2020-03-04
2020-02-24,38.936600,-77.033381,Ward 1,2020-03-04
2020-02-24,38.905474,-77.019098,Ward 6,2020-03-12
2020-02-24,38.889474,-76.916602,Ward 7,2020-03-04
2020-02-24,38.979585,-77.027284,Ward 4,2020-02-25
2020-02-24,38.901498,-76.988678,Ward 6,2020-03-12
2020-02-24,38.940903,-76.993360,Ward 5,2020-03-04
2020-02-24,38.928635,-77.029708,Ward 1,2020-02-25
2020-02-24,38.944481,-77.016346,Ward 4,2020-03-06
2020-02-24,38.909437,-77.014089,Ward 5,2020-03-03
2020-02-24,38.911440,-77.022684,Ward 6,2020-03-12
2020-02-24,38.860847,-76.983499,Ward 8,2020-03-18
2020-02-24,38.945222,-77.031369,Ward 4,2020-03-06
2020-02-24,38.940987,-77.030986,Ward 4,2020-03-06
2020-02-24,38.833246,-76.986311,Ward 8,2020-02-26
2020-02-24,38.935726,-77.031355,Ward 1,2020-03-04
2020-02-24,38.911815,-77.027322,Ward 2,2020-03-05
2020-02-24,38.928119,-76.984781,Ward 5,2020-02-25
2020-02-24,38.945382,-77.021525,Ward 4,2020-03-06
2020-02-24,38.833246,-76.986311,Ward 8,2020-02-26
2020-02-24,38.867047,-76.980066,Ward 8,2020-03-20
2020-02-24,38.846692,-76.999516,Ward 8,2020-02-26
2020-02-24,38.913441,-77.041881,Ward 2,2020-03-05
2020-02-24,38.869307,-76.982012,Ward 8,2020-03-04
2020-02-24,38.829852,-76.999296,Ward 8,2020-03-05
2020-02-24,38.896931,-76.940447,Ward 7,2020-02-25
2020-02-24,38.914690,-77.042074,Ward 2,2020-03-12
2020-02-24,38.903062,-76.979237,Ward 5,2020-03-06
2020-02-24,38.895606,-76.995342,Ward 6,2020-02-28
2020-02-24,38.870970,-76.978696,Ward 8,2020-03-06
2020-02-24,38.861363,-76.982582,Ward 8,2020-02-27
2020-02-24,38.917148,-77.031725,Ward 1,2020-02-26
2020-02-24,38.903555,-76.977464,Ward 5,2020-03-03
2020-02-24,38.939534,-77.032394,Ward 4,2020-03-06
2020-02-25,38.854963,-76.967841,Ward 8,2020-03-03
2020-02-25,38.914645,-77.010462,Ward 5,2020-02-25
2020-02-25,38.912050,-77.038954,Ward 2,2020-02-25
2020-02-25,38.956248,-77.082980,Ward 3,2020-02-25
2020-02-25,38.878226,-76.985096,Ward 6,2020-02-27
2020-02-25,38.901900,-76.995233,Ward 6,2020-03-18
2020-02-25,38.944184,-77.026876,Ward 4,2020-03-06
2020-02-25,38.854947,-76.983773,Ward 8,2020-03-04
2020-02-25,38.918693,-77.001402,Ward 5,2020-03-03
2020-02-25,38.855369,-76.969313,Ward 8,2020-03-03
2020-02-25,38.851016,-76.965742,Ward 8,2020-03-03
2020-02-25,38.850199,-76.964537,Ward 8,2020-03-03
2020-02-25,38.934195,-77.030599,Ward 1,2020-02-26
2020-02-25,38.828980,-76.994370,Ward 8,2020-02-26
2020-02-25,38.889800,-76.981490,Ward 6,2020-03-12
2020-02-25,38.889761,-76.917780,Ward 7,2020-03-12
2020-02-25,38.956242,-77.019420,Ward 4,2020-03-06
2020-02-25,38.900848,-77.055923,Ward 2,2020-03-18
2020-02-25,38.906412,-77.084033,Ward 3,2020-03-12
2020-02-25,38.919350,-76.980619,Ward 5,2020-02-28
2020-02-25,38.906549,-77.081381,Ward 3,2020-03-12
2020-02-25,38.898126,-76.936368,Ward 7,2020-02-26
2020-02-25,38.913530,-77.002507,Ward 5,2020-02-26
2020-02-25,38.898126,-76.936368,Ward 7,2020-02-26
2020-02-25,38.940177,-77.026830,Ward 4,2020-03-06
2020-02-25,38.909808,-76.986191,Ward 5,2020-03-03
2020-02-25,38.983547,-77.026076,Ward 4,2020-03-06
2020-02-25,38.887760,-76.993104,Ward 6,2020-03-18
2020-02-25,38.904658,-76.981713,Ward 5,2020-03-06
2020-02-25,38.862606,-76.982399,Ward 8,2020-02-26
2020-02-25,38.917329,-76.972439,Ward 5,2020-03-05
2020-02-25,38.898842,-76.974401,Ward 5,2020-03-03
2020-02-25,38.938484,-77.030005,Ward 4,2020-03-06
2020-02-25,38.862097,-76.982505,Ward 8,2020-02-26
2020-02-25,38.899178,-76.976541,Ward 5,2020-03-03
2020-02-25,38.904956,-76.982075,Ward 5,2020-03-03
2020-02-25,38.907442,-76.980682,Ward 5,2020-03-05
2020-02-25,38.863387,-76.979222,Ward 8,2020-03-03
2020-02-25,38.931024,-77.029958,Ward 1,2020-03-04
2020-02-25,38.877232,-76.932239,Ward 7,2020-03-06
2020-02-25,38.903905,-77.000318,Ward 6,2020-02-28
2020-02-25,38.898328,-77.051432,Ward 2,2020-03-16
2020-02-26,38.933063,-77.025199,Ward 1,2020-03-04
2020-02-26,38.864123,-76.991092,Ward 8,2020-03-09
2020-02-26,38.919038,-77.000108,Ward 5,2020-02-26
2020-02-26,38.894898,-76.989972,Ward 6,2020-03-18
2020-02-26,38.943820,-77.026773,Ward 4,2020-02-27
2020-02-26,38.918275,-77.029140,Ward 1,2020-03-04
2020-02-26,38.933895,-76.964192,Ward 5,2020-03-26
2020-02-26,38.946481,-77.025065,Ward 4,2020-03-06
2020-02-26,38.881666,-76.942502,Ward 7,2020-03-06
2020-02-26,38.942603,-77.021905,Ward 4,2020-03-06
2020-02-26,38.905396,-76.971953,Ward 5,2020-03-03
2020-02-26,38.919878,-77.080031,Ward 3,2020-02-27
2020-02-26,38.823095,-76.999233,Ward 8,2020-03-09
2020-02-26,38.928032,-76.966087,Ward 5,2020-03-05
2020-02-26,38.932497,-76.964081,Ward 5,2020-03-05
2020-02-26,38.847726,-77.003625,Ward 8,2020-03-05
2020-02-26,38.845258,-76.999488,Ward 8,2020-03-05
2020-02-26,38.847892,-77.001036,Ward 8,2020-03-05
2020-02-26,38.845703,-77.001903,Ward 8,2020-03-09
2020-02-26,38.917938,-77.000129,Ward 5,2020-03-04
2020-02-26,38.912599,-76.975207,Ward 5,2020-03-05
2020-02-26,38.930417,-77.020275,Ward 1,2020-03-13
2020-02-26,38.868429,-76.954886,Ward 7,2020-03-10
2020-02-26,38.917946,-77.001555,Ward 5,2020-03-04
2020-02-26,38.917548,-76.999839,Ward 5,2020-03-03
2020-02-27,38.923186,-77.078980,Ward 3,2020-02-27
2020-02-27,38.917938,-77.000129,Ward 5,2020-02-27
2020-02-27,38.873124,-77.012678,Ward 6,2020-03-18
2020-02-27,38.912050,-77.038954,Ward 2,2020-02-27
2020-02-27,38.919010,-77.030244,Ward 1,2020-03-09
2020-02-27,38.933717,-77.034043,Ward 1,2020-03-12
2020-02-27,38.919589,-77.028301,Ward 1,2020-03-12
2020-02-27,38.930528,-77.020101,Ward 1,2020-03-11
2020-02-27,38.946862,-77.019673,Ward 4,2020-03-12
2020-02-27,38.922665,-77.027256,Ward 1,2020-03-09
2020-02-27,38.932306,-77.032142,Ward 1,2020-03-04
2020-02-27,38.932649,-77.031995,Ward 1,2020-03-04
2020-02-27,38.930387,-77.039732,Ward 1,2020-03-09
2020-02-27,38.934768,-77.042225,Ward 1,2020-03-09
2020-02-27,38.923205,-77.037766,Ward 1,2020-03-05
2020-02-27,38.915573,-77.037884,Ward 2,2020-03-05
2020-02-27,38.915749,-77.037384,Ward 2,2020-03-18
2020-02-27,38.890102,-76.992956,Ward 6,2020-03-03
2020-02-27,38.918436,-77.000279,Ward 5,2020-03-04
2020-02-27,38.960208,-77.029200,Ward 4,2020-03-18
2020-02-27,38.956394,-77.011845,Ward 4,2020-02-28
2020-02-27,38.895313,-76.929997,Ward 7,2020-03-02
2020-02-27,38.981724,-77.023671,Ward 4,2020-03-12
2020-02-27,38.827275,-76.997648,Ward 8,2020-03-09
2020-02-27,38.954446,-77.021975,Ward 4,2020-03-12
2020-02-27,38.924798,-77.107124,Ward 3,2020-03-02
2020-02-27,38.834619,-76.987470,Ward 8,2020-03-09
2020-02-27,38.834619,-76.987470,Ward 8,2020-03-18
2020-02-27,38.866445,-76.987393,Ward 8,2020-03-03
2020-02-27,38.898126,-76.936368,Ward 7,2020-03-04
2020-02-27,38.830953,-77.007342,Ward 8,2020-04-02
2020-02-27,38.869307,-76.982012,Ward 8,2020-03-04
2020-02-27,38.867806,-76.979247,Ward 8,2020-03-06
2020-02-27,38.870126,-76.978751,Ward 8,2020-03-06
2020-02-27,38.868425,-76.979225,Ward 8,2020-03-06
2020-02-27,38.905399,-76.974920,Ward 5,2020-03-03
2020-02-27,38.958191,-77.016947,Ward 4,2020-03-12
2020-02-27,38.895933,-76.996678,Ward 6,2020-03-02
2020-02-27,38.874430,-76.971202,Ward 7,2020-02-28
2020-02-27,38.922428,-77.027036,Ward 1,2020-03-16
2020-02-27,38.923523,-77.028255,Ward 1,2020-03-13
2020-02-27,38.932982,-77.026011,Ward 1,2020-03-04
2020-02-27,38.933003,-77.025871,Ward 1,2020-03-04
2020-02-27,38.916408,-77.006328,Ward 5,2020-03-03
2020-02-27,38.933365,-77.025170,Ward 1,2020-03-04
2020-02-27,38.959763,-77.028628,Ward 4,2020-03-16
2020-02-27,38.934242,-77.019166,Null,2020-03-05
2020-02-27,38.933688,-77.025035,Ward 1,2020-03-04
2020-02-28,38.854998,-76.983404,Ward 8,2020-03-03
2020-02-28,38.855329,-76.981961,Ward 8,2020-03-03
2020-02-28,38.918059,-77.018290,Ward 1,2020-03-03
2020-02-28,38.905453,-76.997100,Ward 6,2020-03-18
2020-02-28,38.933476,-77.041692,Ward 1,2020-03-13
2020-02-28,38.890023,-76.924445,Ward 7,2020-03-18
2020-02-28,38.890587,-76.923668,Ward 7,2020-03-26
2020-02-28,38.889172,-76.981991,Ward 6,2020-03-18
2020-02-28,38.893333,-77.013022,Ward 6,2020-03-05
2020-02-28,38.947211,-77.019995,Ward 4,2020-03-13
2020-02-28,38.946572,-77.023337,Ward 4,2020-03-13
2020-02-28,38.903880,-76.980235,Ward 5,2020-03-02
2020-02-28,38.891008,-76.952697,Ward 7,2020-03-03
2020-02-28,38.882852,-76.933506,Ward 7,2020-03-18
2020-02-28,38.914364,-77.029058,Ward 1,2020-03-03
2020-02-28,38.853728,-76.995045,Ward 8,2020-02-28
2020-02-28,38.853728,-76.995045,Ward 8,2020-02-28
2020-02-28,38.880837,-76.988084,Ward 6,2020-03-04
2020-02-28,38.944485,-77.005785,Ward 5,2020-03-03
2020-02-28,38.866779,-76.986490,Ward 8,2020-03-04
2020-02-28,38.943203,-77.002042,Ward 5,2020-03-03
2020-02-28,38.970266,-77.027543,Ward 4,2020-03-02
2020-02-28,38.944099,-77.005484,Ward 5,2020-03-02
2020-02-29,38.908651,-77.065522,Ward 2,2020-03-18
2020-02-29,38.865244,-76.991321,Ward 8,2020-03-19
2020-02-29,38.897694,-76.937710,Ward 7,2020-03-18
2020-02-29,38.913626,-77.041990,Ward 2,2020-03-18
2020-02-29,38.919272,-77.081794,Ward 3,2020-03-02
2020-02-29,38.924765,-77.027039,Ward 1,2020-03-03
2020-02-29,38.900605,-77.007026,Ward 6,2020-03-02
2020-02-29,38.889762,-76.953086,Ward 7,2020-03-31
2020-02-29,38.913142,-76.987423,Ward 5,2020-03-10
2020-02-29,38.913441,-77.041881,Ward 2,2020-03-06
2020-02-29,38.918693,-77.001402,Ward 5,2020-03-02
2020-02-29,38.974375,-77.019036,Ward 4,2020-03-02
2020-02-29,38.906719,-76.980389,Ward 5,2020-03-10
2020-02-29,38.906063,-76.999734,Ward 6,2020-03-18
2020-03-01,38.952544,-77.009356,Ward 4,2020-03-13
2020-03-01,38.914999,-77.013507,Ward 5,2020-03-02
2020-03-01,38.914925,-77.041847,Ward 2,2020-03-06
2020-03-01,38.930151,-76.973914,Ward 5,2020-03-03
2020-03-01,38.925740,-77.026002,Ward 1,2020-03-13
2020-03-01,38.905863,-77.018752,Ward 6,2020-03-18
2020-03-01,38.880455,-77.011884,Ward 6,2020-03-18
2020-03-01,38.904634,-77.027867,Ward 2,2020-03-18
2020-03-01,38.902958,-76.931299,Ward 7,2020-03-18
2020-03-01,38.909261,-77.015433,Ward 5,2020-03-10
2020-03-01,38.913142,-76.987423,Ward 5,2020-03-10
2020-03-01,38.888973,-76.979188,Ward 6,2020-03-18
2020-03-02,38.904634,-77.027867,Ward 2,2020-03-18
2020-03-02,38.917947,-77.037179,Ward 1,2020-03-12
2020-03-02,38.908374,-76.985978,Ward 5,2020-03-10
2020-03-02,38.939975,-77.031455,Ward 4,2020-03-13
2020-03-02,38.926215,-77.029410,Ward 1,2020-03-03
2020-03-02,38.991967,-77.038802,Ward 4,2020-03-06
2020-03-02,38.991967,-77.038802,Ward 4,2020-03-06
2020-03-02,38.991967,-77.038802,Ward 4,2020-03-06
2020-03-02,38.991967,-77.038802,Ward 4,2020-03-06
2020-03-02,38.991967,-77.038802,Ward 4,2020-03-06
2020-03-02,38.991967,-77.038802,Ward 4,2020-03-06
2020-03-02,38.991967,-77.038802,Ward 4,2020-03-06
2020-03-02,38.992030,-77.043607,Ward 4,2020-03-04
2020-03-02,38.991967,-77.038802,Ward 4,2020-03-06
2020-03-02,38.991380,-77.040349,Ward 4,2020-03-04
2020-03-02,38.994206,-77.039443,Ward 4,2020-03-04
2020-03-02,38.992070,-77.041676,Ward 4,2020-03-04
2020-03-02,38.893118,-76.985224,Ward 6,2020-03-18
2020-03-02,38.944099,-77.005484,Ward 5,2020-03-04
2020-03-02,38.896357,-76.937981,Ward 7,2020-03-04
2020-03-02,38.904424,-76.983825,Ward 5,2020-03-10
2020-03-02,38.918999,-77.011005,Ward 5,2020-03-10
2020-03-02,38.933347,-77.031009,Ward 1,2020-03-03
2020-03-02,38.888440,-76.935700,Ward 7,2020-03-02
2020-03-02,38.867423,-76.980267,Ward 8,2020-03-25
2020-03-02,38.888440,-76.935700,Ward 7,2020-03-03
2020-03-02,38.894320,-76.936616,Ward 7,2020-03-04
2020-03-02,38.965545,-77.028540,Ward 4,2020-03-18
2020-03-02,38.896103,-76.941877,Ward 7,2020-03-04
2020-03-02,38.858328,-76.987719,Ward 8,2020-03-20
2020-03-02,38.935196,-77.026985,Ward 1,2020-03-13
2020-03-02,38.890089,-76.997378,Ward 6,2020-03-05
2020-03-02,38.840392,-77.005883,Ward 8,2020-03-03
2020-03-02,38.906942,-76.989056,Ward 5,2020-03-10
2020-03-02,38.909122,-76.985456,Ward 5,2020-03-10
2020-03-02,38.909568,-76.984947,Ward 5,2020-03-10
2020-03-02,38.902510,-76.978534,Ward 5,2020-03-18
2020-03-02,38.909042,-76.935474,Ward 7,2020-03-23
2020-03-02,38.866219,-76.946086,Ward 7,2020-03-18
2020-03-02,38.931386,-76.982390,Ward 5,2020-03-10
2020-03-02,38.912406,-77.009427,Ward 5,2020-03-10
2020-03-02,38.923624,-77.080509,Ward 3,2020-03-18
2020-03-02,38.952438,-77.085174,Ward 3,2020-03-18
2020-03-02,38.906645,-76.988366,Ward 5,2020-03-10
2020-03-02,38.925297,-77.023619,Ward 1,2020-03-06
2020-03-02,38.893299,-76.979869,Ward 6,2020-03-16
2020-03-02,38.918573,-76.986481,Ward 5,2020-03-20
2020-03-02,38.906561,-76.988166,Ward 5,2020-03-10
2020-03-02,38.930161,-77.024820,Ward 1,2020-03-11
2020-03-02,38.895003,-77.031353,Ward 2,2020-03-03
2020-03-03,38.923746,-77.037523,Ward 1,2020-03-12
2020-03-03,38.933945,-77.021953,Ward 1,2020-03-09
2020-03-03,38.926362,-77.025862,Ward 1,2020-03-18
2020-03-03,38.925869,-77.025803,Ward 1,2020-03-13
2020-03-03,38.936632,-77.033511,Ward 1,2020-03-11
2020-03-03,38.915599,-77.015418,Ward 1,2020-03-13
2020-03-03,38.924666,-76.981018,Ward 5,2020-03-10
2020-03-03,38.899464,-76.989964,Ward 6,2020-03-18
2020-03-03,38.942393,-77.020125,Ward 4,2020-03-13
2020-03-03,38.931024,-77.029958,Ward 1,2020-03-11
2020-03-03,38.952599,-77.009351,Ward 4,2020-03-13
2020-03-03,38.918594,-76.947139,Ward 5,2020-03-18
2020-03-03,38.886201,-76.997344,Ward 6,2020-03-05
2020-03-03,38.981940,-77.029257,Ward 4,2020-03-04
2020-03-03,38.944481,-77.016346,Ward 4,2020-03-13
2020-03-03,38.921484,-76.984080,Ward 5,2020-03-24
2020-03-03,38.882759,-76.929125,Ward 7,2020-03-18
2020-03-03,38.978986,-77.025830,Ward 4,2020-03-13
2020-03-03,38.905654,-76.986624,Ward 5,2020-03-10
2020-03-03,38.933879,-76.969491,Ward 5,2020-03-10
2020-03-03,38.921624,-77.047268,Ward 1,2020-03-12
2020-03-03,38.919013,-77.000748,Ward 5,2020-03-04
2020-03-03,38.927731,-77.025608,Ward 1,2020-03-11
2020-03-03,38.850731,-76.978919,Ward 8,2020-03-05
2020-03-03,38.895923,-76.955757,Ward 7,2020-03-18
2020-03-03,38.852283,-76.975943,Ward 8,2020-03-05
2020-03-03,38.934719,-77.024409,Ward 1,2020-03-05
2020-03-03,38.869151,-76.958898,Ward 7,2020-03-04
2020-03-03,38.897530,-76.995513,Ward 6,2020-03-18
2020-03-03,38.901853,-76.995234,Ward 6,2020-03-06
2020-03-03,38.906432,-76.977412,Ward 5,2020-03-04
2020-03-03,38.972134,-77.024074,Ward 4,2020-03-13
2020-03-03,38.928331,-77.020071,Ward 1,2020-03-11
2020-03-03,38.938197,-77.021712,Ward 4,2020-03-16
2020-03-04,38.929992,-77.020613,Ward 1,2020-03-11
2020-03-04,38.922584,-77.045238,Ward 1,2020-03-12
2020-03-04,38.974810,-77.025832,Ward 4,2020-03-13
2020-03-04,38.930056,-77.025495,Ward 1,2020-03-11
2020-03-04,38.941179,-76.996054,Ward 5,2020-03-05
2020-03-04,38.962874,-77.021879,Ward 4,2020-03-13
2020-03-04,38.963088,-77.020443,Ward 4,2020-03-13
2020-03-04,38.907470,-77.009407,Ward 5,2020-03-04
2020-03-04,38.913017,-76.986458,Ward 5,2020-03-10
2020-03-04,38.908874,-76.986645,Ward 5,2020-03-10
2020-03-04,38.841660,-76.997441,Ward 8,2020-03-25
2020-03-04,38.915117,-77.020145,Ward 6,2020-03-10
2020-03-04,38.905310,-77.047479,Ward 2,2020-03-16
2020-03-04,38.894963,-76.992000,Ward 6,2020-03-20
2020-03-04,38.913558,-76.986199,Ward 5,2020-03-10
2020-03-04,38.846666,-76.983648,Ward 8,2020-03-26
2020-03-04,38.911894,-76.986495,Ward 5,2020-03-10
2020-03-04,38.888671,-76.978995,Ward 6,2020-03-18
2020-03-04,38.904174,-76.991270,Ward 5,2020-03-05
2020-03-04,38.892705,-76.915866,Ward 7,2020-03-24
2020-03-04,38.830778,-76.995560,Ward 8,2020-03-25
2020-03-04,38.943917,-77.022261,Ward 4,2020-03-13
2020-03-04,38.949183,-77.022194,Ward 4,2020-03-13
2020-03-04,38.870478,-76.979254,Ward 8,2020-03-25
2020-03-04,38.883062,-76.960041,Ward 7,2020-03-18
2020-03-04,38.913832,-77.028453,Ward 2,2020-03-05
2020-03-04,38.869672,-76.979956,Ward 8,2020-03-25
2020-03-04,38.868830,-76.979541,Ward 8,2020-03-25
2020-03-04,38.911304,-76.934340,Ward 7,2020-03-05
2020-03-04,38.909475,-77.011346,Ward 5,2020-03-18
2020-03-04,38.881845,-76.982522,Ward 7,2020-03-20
2020-03-04,38.847712,-77.002801,Ward 8,2020-03-25
2020-03-04,38.901900,-76.995233,Ward 6,2020-03-06
2020-03-04,38.916405,-77.019746,Ward 1,2020-03-13
2020-03-04,38.952728,-77.029981,Ward 4,2020-03-16
2020-03-04,38.904267,-76.989372,Ward 5,2020-03-18
2020-03-04,38.861274,-76.983558,Ward 8,2020-03-25
2020-03-04,38.902390,-76.975654,Ward 5,2020-03-31
2020-03-04,38.903090,-76.978276,Ward 5,2020-03-10
2020-03-04,38.906339,-76.976954,Ward 5,2020-03-10
2020-03-04,38.903262,-76.979233,Ward 5,2020-03-11
2020-03-04,38.903718,-76.986468,Ward 5,2020-03-10
2020-03-04,38.953486,-77.023654,Ward 4,2020-03-11
2020-03-04,38.864728,-76.978386,Ward 8,2020-03-26
2020-03-04,38.925964,-77.006644,Ward 5,2020-03-10
2020-03-04,38.925752,-76.999977,Ward 5,2020-03-10
2020-03-04,38.928119,-77.039301,Ward 1,2020-03-12
2020-03-04,38.928597,-77.038835,Ward 1,2020-03-12
2020-03-04,38.912791,-77.031099,Ward 2,2020-03-18
2020-03-04,38.928092,-77.038702,Ward 1,2020-03-12
2020-03-04,38.941508,-77.023077,Ward 4,2020-03-05
2020-03-04,38.928600,-77.038615,Ward 1,2020-03-12
2020-03-04,38.967669,-77.028673,Ward 4,2020-03-05
2020-03-04,38.876434,-76.940723,Ward 7,2020-03-05
2020-03-04,38.933063,-77.025199,Ward 1,2020-03-06
2020-03-05,38.914657,-77.009701,Ward 5,2020-03-09
2020-03-05,38.929992,-77.020613,Ward 1,2020-03-11
2020-03-05,38.913055,-77.012368,Ward 5,2020-03-09
2020-03-05,38.880219,-76.945163,Ward 7,2020-03-05
2020-03-05,38.909297,-76.936124,Ward 7,2020-03-18
2020-03-05,38.929992,-77.020613,Ward 1,2020-03-11
2020-03-05,38.926614,-76.968390,Ward 5,2020-03-09
2020-03-05,38.927188,-76.973075,Ward 5,2020-03-09
2020-03-05,38.939250,-77.025110,Ward 4,2020-03-16
2020-03-05,38.917167,-77.016152,Ward 1,2020-03-13
2020-03-05,38.899926,-76.933028,Ward 7,2020-03-06
2020-03-05,38.885868,-76.933210,Ward 7,2020-03-06
2020-03-05,38.832280,-77.008714,Ward 8,2020-03-11
2020-03-05,38.958594,-76.994312,Ward 4,2020-03-06
2020-03-05,38.963953,-77.026533,Ward 4,2020-03-09
2020-03-05,38.912052,-77.010694,Ward 5,2020-03-09
2020-03-05,38.854675,-77.006771,Ward 8,2020-03-06
2020-03-05,38.909840,-77.008163,Ward 5,2020-03-09
2020-03-05,38.947699,-77.089258,Ward 3,2020-03-24
2020-03-05,38.826210,-77.011945,Ward 8,2020-03-06
2020-03-05,38.827943,-77.010794,Ward 8,2020-03-25
2020-03-05,38.892973,-76.922517,Ward 7,2020-03-06
2020-03-06,38.957912,-77.021794,Ward 4,2020-03-16
2020-03-06,38.854525,-76.982559,Ward 8,2020-03-25
2020-03-06,38.958183,-76.994778,Ward 4,2020-03-13
2020-03-06,38.915796,-77.030036,Ward 1,2020-03-12
2020-03-06,38.934389,-77.031571,Ward 1,2020-03-11
2020-03-06,38.903541,-76.977929,Ward 5,2020-03-18
2020-03-06,38.925575,-76.974173,Ward 5,2020-03-18
2020-03-06,38.888178,-76.939509,Ward 7,2020-03-09
2020-03-06,38.887794,-76.916280,Ward 7,2020-03-24
2020-03-06,38.939488,-77.021249,Ward 4,2020-03-11
2020-03-06,38.864399,-76.962839,Ward 7,2020-03-18
2020-03-06,38.890156,-76.938109,Ward 7,2020-03-09
2020-03-06,38.883792,-76.941026,Ward 7,2020-03-09
2020-03-06,38.875495,-76.957921,Ward 7,2020-03-18
2020-03-06,38.930517,-77.079498,Ward 3,2020-03-10
2020-03-06,38.934095,-76.963972,Ward 5,2020-03-18
2020-03-06,38.868650,-76.986597,Ward 8,2020-03-27
2020-03-06,38.860055,-76.985019,Ward 8,2020-03-11
2020-03-06,38.957684,-77.020133,Ward 4,2020-03-16
2020-03-06,38.894470,-76.986685,Ward 6,2020-03-11
2020-03-06,38.830300,-76.995747,Ward 8,2020-03-25
2020-03-06,38.894483,-76.927042,Ward 7,2020-03-17
2020-03-06,38.949483,-77.094761,Ward 3,2020-03-24
2020-03-06,38.909206,-76.936001,Ward 7,2020-03-12
2020-03-06,38.933063,-77.025199,Ward 1,2020-03-16
2020-03-07,38.902141,-76.989238,Ward 6,2020-03-20
2020-03-07,38.936316,-77.035440,Ward 1,2020-03-16
2020-03-07,38.909365,-76.935413,Ward 7,2020-03-10
2020-03-07,38.882554,-76.932524,Ward 7,2020-03-09
2020-03-07,38.879579,-77.000790,Ward 6,2020-03-20
2020-03-07,38.943548,-77.017430,Ward 4,2020-03-11
2020-03-07,38.930681,-77.037578,Ward 1,2020-03-16
2020-03-07,38.917938,-77.000129,Ward 5,2020-03-09
2020-03-07,38.877143,-76.967045,Ward 7,2020-03-09
2020-03-07,38.917792,-76.998735,Ward 5,2020-03-09
2020-03-08,38.927760,-77.054320,Ward 3,2020-03-09
2020-03-08,38.899066,-76.920617,Ward 7,2020-03-16
2020-03-08,38.909447,-77.015666,Ward 5,2020-03-09
2020-03-08,38.894391,-76.991270,Ward 6,2020-03-20
2020-03-08,38.941724,-77.029971,Ward 4,2020-03-11
2020-03-08,38.842406,-77.003081,Ward 8,2020-03-09
2020-03-08,38.947319,-77.016468,Ward 4,2020-03-13
2020-03-08,38.909208,-76.984846,Ward 5,2020-03-18
2020-03-08,38.908443,-76.983073,Ward 5,2020-03-18
2020-03-08,38.907241,-77.027036,Ward 2,2020-03-18
2020-03-09,38.904816,-77.028389,Ward 2,2020-03-18
2020-03-09,38.922595,-76.988745,Ward 5,2020-03-18
2020-03-09,38.890156,-76.938109,Ward 7,2020-03-09
2020-03-09,38.905863,-77.018752,Ward 6,2020-03-25
2020-03-09,38.918754,-76.988847,Ward 5,2020-03-18
2020-03-09,38.922585,-77.045309,Ward 1,2020-03-16
2020-03-09,38.942750,-77.024487,Ward 4,2020-03-18
2020-03-09,38.846492,-76.983046,Ward 8,2020-03-26
2020-03-09,38.925299,-77.023501,Ward 1,2020-03-18
2020-03-09,38.930576,-77.020123,Ward 1,2020-03-16
2020-03-09,38.936817,-77.027391,Ward 4,2020-03-18
2020-03-09,38.890546,-76.989127,Ward 6,2020-03-20
2020-03-09,38.908887,-77.011417,Ward 5,2020-03-18
2020-03-09,38.958124,-76.994326,Ward 4,2020-03-16
2020-03-09,38.940971,-77.045298,Ward 4,2020-03-10
2020-03-09,38.956661,-77.019077,Ward 4,2020-03-16
2020-03-09,38.956681,-77.018597,Ward 4,2020-03-16
2020-03-09,38.859103,-76.956346,Ward 7,2020-03-10
2020-03-09,38.957345,-77.019028,Ward 4,2020-03-16
2020-03-09,38.830953,-77.007342,Ward 8,2020-03-25
2020-03-09,38.830386,-77.006964,Ward 8,2020-03-25
2020-03-09,38.831094,-77.006685,Ward 8,2020-03-25
2020-03-09,38.940416,-76.979406,Ward 5,2020-03-18
2020-03-09,38.882852,-76.933506,Ward 7,2020-03-18
2020-03-09,38.842485,-77.002950,Ward 8,2020-03-25
2020-03-09,38.895566,-76.976017,Ward 7,2020-03-18
2020-03-09,38.973824,-77.024004,Ward 4,2020-03-16
2020-03-09,38.981966,-77.023591,Ward 4,2020-03-13
2020-03-09,38.959928,-76.995416,Ward 4,2020-03-18
2020-03-09,38.907240,-77.031951,Ward 2,2020-03-18
2020-03-09,38.913083,-77.003237,Ward 5,2020-03-31
2020-03-09,38.892194,-76.990933,Ward 6,2020-03-20
2020-03-09,38.918573,-76.986481,Ward 5,2020-03-18
2020-03-09,38.914565,-77.092507,Ward 3,2020-03-11
2020-03-09,38.872226,-77.014507,Ward 6,2020-03-12
2020-03-10,38.878226,-76.985096,Ward 6,2020-03-20
2020-03-10,38.895808,-76.974471,Ward 7,2020-03-24
2020-03-10,38.924950,-76.996936,Ward 5,2020-03-16
2020-03-10,38.883802,-77.007208,Ward 6,2020-03-20
2020-03-10,38.957216,-77.011913,Ward 4,2020-03-11
2020-03-10,38.923746,-77.037523,Ward 1,2020-03-13
2020-03-10,38.925052,-76.980508,Ward 5,2020-03-23
2020-03-10,38.953560,-77.027348,Ward 4,2020-03-18
2020-03-10,38.909365,-76.935413,Ward 7,2020-03-12
2020-03-10,38.909434,-76.941463,Ward 7,2020-03-12
2020-03-10,38.853728,-76.995045,Ward 8,2020-03-11
2020-03-10,38.877845,-77.011070,Ward 6,2020-03-11
2020-03-10,38.935619,-77.027200,Null,2020-03-11
2020-03-10,38.927450,-77.038685,Ward 1,2020-03-18
2020-03-10,38.868513,-76.942170,Ward 7,2020-03-24
2020-03-10,38.964641,-77.031271,Ward 4,2020-03-18
2020-03-10,38.908069,-77.032953,Ward 2,2020-03-12
2020-03-10,38.894560,-76.926204,Ward 7,2020-03-18
2020-03-10,38.906891,-76.980794,Ward 5,2020-03-16
2020-03-10,38.883053,-76.994076,Ward 6,2020-03-20
2020-03-10,38.862097,-76.982505,Ward 8,2020-03-11
2020-03-10,38.861903,-76.979938,Ward 8,2020-03-13
2020-03-10,38.914295,-77.042560,Ward 2,2020-03-12
2020-03-10,38.902269,-76.983077,Ward 5,2020-03-16
2020-03-10,38.947628,-77.069185,Ward 3,2020-03-11
2020-03-10,38.969744,-77.012365,Ward 4,2020-03-23
2020-03-10,38.893091,-76.955841,Ward 7,2020-03-18
2020-03-10,38.909782,-77.012412,Ward 5,2020-03-16
2020-03-10,38.895954,-76.984787,Ward 6,2020-03-16
2020-03-11,38.937513,-77.022236,Ward 4,2020-03-18
2020-03-11,38.921624,-77.047268,Ward 1,2020-03-12
2020-03-11,38.910702,-77.014871,Ward 5,2020-03-16
2020-03-11,38.868650,-76.986597,Ward 8,2020-03-27
2020-03-11,38.926387,-77.074148,Ward 3,2020-03-24
2020-03-11,38.909838,-77.012599,Ward 5,2020-03-16
2020-03-11,38.897336,-76.916660,Ward 7,2020-03-12
2020-03-11,38.949187,-77.033052,Ward 4,2020-03-12
2020-03-11,38.929092,-77.027348,Ward 1,2020-03-18
2020-03-11,38.929531,-77.023621,Ward 1,2020-03-18
2020-03-11,38.911571,-77.066783,Ward 2,2020-03-12
2020-03-11,38.894577,-76.922504,Ward 7,2020-03-18
2020-03-11,38.862637,-76.988052,Ward 8,2020-03-26
2020-03-11,38.880455,-77.011884,Ward 6,2020-03-20
2020-03-11,38.934740,-77.027410,Ward 1,2020-03-16
2020-03-11,38.934741,-77.027583,Ward 1,2020-03-16
2020-03-11,38.897845,-77.054027,Ward 2,2020-03-18
2020-03-11,38.936526,-77.033237,Ward 1,2020-03-19
2020-03-11,38.855329,-76.981961,Ward 8,2020-03-12
2020-03-11,38.895688,-77.028909,Ward 2,2020-03-12
2020-03-11,38.861530,-76.980264,Ward 8,2020-03-13
2020-03-11,38.959610,-77.009705,Ward 4,2020-03-18
2020-03-11,38.902369,-76.983296,Ward 5,2020-03-16
2020-03-11,38.906713,-76.980660,Ward 5,2020-03-23
2020-03-11,38.905982,-76.985899,Ward 5,2020-03-16
2020-03-11,38.922427,-77.029705,Ward 1,2020-03-13
2020-03-11,38.910790,-77.014879,Ward 5,2020-03-16
2020-03-11,38.875495,-76.957921,Ward 7,2020-03-18
2020-03-11,38.974375,-77.019036,Ward 4,2020-03-12
2020-03-11,38.912050,-77.038954,Ward 2,2020-03-12
2020-03-11,38.893164,-76.955519,Ward 7,2020-03-23
2020-03-11,38.936526,-77.033237,Ward 1,2020-03-19
2020-03-11,38.910239,-76.985707,Ward 5,2020-03-16
2020-03-11,38.936526,-77.033237,Ward 1,2020-03-19
2020-03-11,38.933475,-77.041764,Ward 1,2020-03-12
2020-03-12,38.933040,-76.964192,Ward 5,2020-03-16
2020-03-12,38.913217,-76.981150,Ward 5,2020-03-31
2020-03-12,38.916026,-77.026741,Ward 1,2020-03-18
2020-03-12,38.909853,-77.014316,Ward 5,2020-03-16
2020-03-12,38.872226,-77.014507,Ward 6,2020-03-16
2020-03-12,38.899676,-76.988797,Ward 6,2020-03-23
2020-03-12,38.913885,-77.011283,Ward 5,2020-03-24
2020-03-12,38.935914,-77.020985,Ward 1,2020-03-18
2020-03-12,38.870972,-76.978215,Ward 8,2020-03-25
2020-03-12,38.876707,-76.931926,Ward 7,2020-03-26
2020-03-12,38.888440,-76.935700,Ward 7,2020-03-17
2020-03-12,38.923116,-76.975374,Ward 5,2020-03-24
2020-03-12,38.956263,-77.018063,Ward 4,2020-03-18
2020-03-12,38.917943,-77.037354,Ward 1,2020-03-18
2020-03-12,38.900203,-76.994961,Ward 6,2020-03-18
2020-03-12,38.886968,-76.989602,Ward 6,2020-03-20
2020-03-12,38.882628,-76.934394,Ward 7,2020-03-24
2020-03-12,38.876256,-76.931501,Ward 7,2020-03-26
2020-03-12,38.876705,-76.932523,Ward 7,2020-03-26
2020-03-12,38.826610,-77.000836,Ward 8,2020-03-13
2020-03-12,38.954140,-77.018732,Ward 4,2020-03-13
2020-03-12,38.828788,-77.000908,Ward 8,2020-03-25
2020-03-12,38.829192,-77.002277,Ward 8,2020-03-25
2020-03-12,38.913526,-77.012814,Ward 5,2020-03-24
2020-03-12,38.949094,-77.017024,Ward 4,2020-03-13
2020-03-12,38.967290,-77.025964,Ward 4,2020-03-18
2020-03-13,38.893738,-76.987673,Ward 6,2020-03-16
2020-03-13,38.936854,-77.021168,Ward 1,2020-03-18
2020-03-13,38.859976,-76.996283,Ward 8,2020-03-18
2020-03-13,38.910980,-77.014853,Ward 5,2020-03-16
2020-03-13,38.948666,-77.019326,Ward 4,2020-03-23
2020-03-13,38.969803,-77.009682,Ward 4,2020-03-18
2020-03-13,38.906386,-76.990400,Ward 5,2020-03-18
2020-03-13,38.854525,-76.982559,Ward 8,2020-03-25
2020-03-13,38.924885,-76.978709,Ward 5,2020-03-24
2020-03-13,38.900419,-76.994267,Ward 6,2020-03-20
2020-03-13,38.936616,-77.033093,Ward 1,2020-03-16
2020-03-13,38.915683,-77.017870,Ward 1,2020-03-16
2020-03-13,38.902293,-76.983129,Ward 5,2020-03-16
2020-03-13,38.903137,-76.999767,Ward 6,2020-03-19
2020-03-13,38.902779,-77.000024,Ward 6,2020-03-17
2020-03-13,38.906961,-76.931152,Ward 7,2020-04-02
2020-03-13,38.931024,-77.029958,Ward 1,2020-03-16
2020-03-13,38.906961,-76.931152,Ward 7,2020-03-26
2020-03-13,38.944873,-77.027926,Ward 4,2020-03-23
2020-03-13,38.955045,-77.018007,Ward 4,2020-03-23
2020-03-13,38.912052,-77.035022,Ward 2,2020-03-18
2020-03-13,38.834734,-76.988289,Ward 8,2020-03-25
2020-03-13,38.946289,-77.098523,Ward 3,2020-03-18
2020-03-13,38.901133,-76.991086,Ward 6,2020-03-20
2020-03-13,38.900558,-76.991304,Ward 6,2020-03-23
2020-03-13,38.910837,-77.014879,Ward 5,2020-03-16
2020-03-14,38.895324,-76.998187,Ward 6,2020-03-20
2020-03-14,38.967349,-77.033053,Ward 4,2020-03-16
2020-03-14,38.898110,-76.980475,Ward 6,2020-03-20
2020-03-14,38.943245,-77.021211,Ward 4,2020-03-16
2020-03-14,38.917394,-77.004970,Ward 5,2020-03-25
2020-03-14,38.967669,-77.028673,Ward 4,2020-03-16
2020-03-14,38.930047,-77.020546,Ward 1,2020-03-18
2020-03-14,38.896822,-76.981195,Ward 6,2020-03-18
2020-03-14,38.865876,-76.981478,Ward 8,2020-03-25
2020-03-14,38.920386,-77.003313,Ward 5,2020-03-16
2020-03-15,38.880455,-77.011884,Ward 6,2020-03-20
2020-03-15,38.991967,-77.038802,Ward 4,2020-03-16
2020-03-15,38.992070,-77.041676,Ward 4,2020-03-16
2020-03-15,38.992030,-77.043607,Ward 4,2020-03-16
2020-03-15,38.994206,-77.039443,Ward 4,2020-03-16
2020-03-15,38.891332,-76.984744,Ward 6,2020-03-19
2020-03-15,38.903809,-76.934929,Ward 7,2020-03-17
2020-03-15,38.898729,-76.995504,Ward 6,2020-03-18
2020-03-15,38.936615,-77.033444,Ward 1,2020-03-16
2020-03-15,38.914651,-77.001407,Ward 5,2020-03-16
2020-03-15,38.891332,-76.984744,Ward 6,2020-03-19
2020-03-15,38.817518,-77.018632,Ward 8,2020-03-16
2020-03-16,38.869466,-76.962702,Ward 7,2020-03-24
2020-03-16,38.967037,-77.031727,Ward 4,2020-03-23
2020-03-16,38.910520,-77.012701,Ward 5,2020-03-24
2020-03-16,38.887781,-76.993229,Ward 6,2020-03-25
2020-03-16,38.899067,-76.931354,Ward 7,2020-03-18
2020-03-16,38.918225,-76.990448,Ward 5,2020-03-23
2020-03-16,38.878226,-76.985096,Ward 6,2020-03-25
2020-03-16,38.872006,-76.938674,Ward 7,2020-03-18
2020-03-16,38.864537,-76.977902,Ward 8,2020-03-25
2020-03-16,38.933110,-76.970134,Ward 5,2020-03-18
2020-03-16,38.920447,-77.003754,Ward 5,2020-03-17
2020-03-16,38.917938,-77.000129,Ward 5,2020-03-24
2020-03-16,38.834147,-76.995892,Ward 8,2020-03-25
2020-03-16,38.858743,-76.958652,Ward 7,2020-03-18
2020-03-16,38.936269,-77.035841,Ward 1,2020-03-24
2020-03-16,38.895282,-76.983197,Ward 6,2020-03-18
2020-03-16,38.931921,-77.032466,Ward 1,2020-03-24
2020-03-17,38.899088,-76.988565,Ward 6,2020-03-17
2020-03-17,38.899944,-76.939726,Ward 7,2020-03-26
2020-03-17,38.879620,-76.981007,Ward 6,2020-03-25
2020-03-17,38.957850,-77.013055,Ward 4,2020-03-23
2020-03-17,38.942479,-77.024760,Ward 4,2020-03-23
2020-03-17,38.885199,-76.987234,Ward 6,2020-03-25
2020-03-17,38.970285,-77.025502,Ward 4,2020-03-23
2020-03-17,38.970414,-77.026907,Ward 4,2020-03-23
2020-03-17,38.885030,-76.927266,Ward 7,2020-03-18
2020-03-17,38.977607,-77.033408,Ward 4,2020-03-23
2020-03-17,38.904150,-76.998200,Ward 6,2020-03-20
2020-03-17,38.954013,-77.094392,Ward 3,2020-03-23
2020-03-17,38.951624,-77.097055,Ward 3,2020-03-24
2020-03-17,38.909210,-77.087958,Ward 3,2020-03-24
2020-03-17,38.848081,-76.969492,Ward 8,2020-03-19
2020-03-17,38.904409,-77.042958,Ward 2,2020-03-18
2020-03-17,38.952752,-77.027242,Ward 4,2020-03-23
2020-03-17,38.900861,-76.999237,Ward 6,2020-03-23
2020-03-17,38.903074,-76.994249,Ward 6,2020-03-25
2020-03-17,38.892991,-77.016445,Ward 2,2020-03-18
2020-03-17,38.863387,-76.979222,Ward 8,2020-04-01
2020-03-18,38.895908,-76.980530,Ward 6,2020-03-19
2020-03-18,38.903074,-76.994249,Ward 6,2020-03-25
2020-03-18,38.933007,-77.028336,Ward 1,2020-03-24
2020-03-18,38.939590,-77.032416,Ward 4,2020-03-18
2020-03-18,38.917545,-77.005265,Ward 5,2020-03-18
2020-03-18,38.973831,-77.025422,Ward 4,2020-03-23
2020-03-18,38.954834,-76.997500,Ward 5,2020-03-20
2020-03-18,38.887395,-76.989644,Ward 6,2020-03-19
2020-03-18,38.883816,-77.004211,Ward 6,2020-03-25
2020-03-18,38.924821,-77.023784,Ward 1,2020-03-19
2020-03-18,38.878154,-76.962893,Ward 7,2020-03-24
2020-03-18,38.890742,-76.985947,Ward 6,2020-03-19
2020-03-18,38.928588,-77.041410,Ward 1,2020-03-24
2020-03-18,38.909532,-77.068036,Ward 2,2020-03-19
2020-03-18,38.931012,-77.037043,Ward 1,2020-03-20
2020-03-18,38.963953,-77.026533,Ward 4,2020-04-08
2020-03-18,38.918113,-77.031952,Ward 1,2020-03-19
2020-03-18,38.941260,-76.988303,Ward 5,2020-03-24
2020-03-18,38.978947,-77.021939,Ward 4,2020-03-23
2020-03-18,38.901304,-76.977300,Ward 5,2020-03-20
2020-03-18,38.842406,-77.003081,Ward 8,2020-03-19
2020-03-18,38.981966,-77.023591,Ward 4,2020-03-23
2020-03-18,38.969111,-77.020940,Ward 4,2020-03-23
2020-03-18,38.820348,-77.007579,Ward 8,2020-03-25
2020-03-18,38.832228,-77.003827,Ward 8,2020-04-10
2020-03-18,38.875816,-76.932053,Ward 7,2020-03-26
2020-03-18,38.905482,-76.987999,Ward 5,2020-03-24
2020-03-18,38.930245,-77.058342,Ward 3,2020-03-19
2020-03-18,38.928261,-76.981283,Ward 5,2020-03-19
2020-03-18,38.919048,-77.011878,Ward 5,2020-03-24
2020-03-18,38.861745,-76.962711,Ward 7,2020-03-24
2020-03-18,38.949307,-77.015504,Ward 4,2020-04-02
2020-03-19,38.930001,-77.018381,Ward 1,2020-03-24
2020-03-19,38.832815,-77.003503,Ward 8,2020-03-31
2020-03-19,38.913528,-77.012751,Ward 5,2020-03-31
2020-03-19,38.903880,-76.980235,Ward 5,2020-03-31
2020-03-19,38.896302,-76.987055,Ward 6,2020-03-23
2020-03-19,38.941483,-77.071228,Ward 3,2020-03-23
2020-03-19,38.886195,-76.940893,Ward 7,2020-03-23
2020-03-19,38.947711,-77.022693,Ward 4,2020-04-01
2020-03-19,38.893301,-76.981279,Ward 6,2020-03-24
2020-03-19,38.906961,-76.931152,Ward 7,2020-03-31
2020-03-19,38.906974,-76.929462,Ward 7,2020-03-31
2020-03-19,38.959981,-77.028339,Ward 4,2020-04-01
2020-03-19,38.899226,-76.979929,Ward 6,2020-03-25
2020-03-19,38.941641,-76.988555,Ward 5,2020-03-31
2020-03-19,38.869151,-76.958898,Ward 7,2020-03-23
2020-03-19,38.963928,-77.015915,Ward 4,2020-04-01
2020-03-19,38.888234,-76.937589,Ward 7,2020-03-23
2020-03-19,38.956457,-77.032203,Ward 4,2020-04-01
2020-03-19,38.901809,-76.995937,Ward 6,2020-03-31
2020-03-19,38.986789,-77.031230,Ward 4,2020-03-23
2020-03-19,38.832626,-77.005643,Ward 8,2020-03-31
2020-03-19,38.925752,-76.999977,Ward 5,2020-03-24
2020-03-19,38.863850,-76.979305,Ward 8,2020-03-24
2020-03-19,38.846061,-76.997108,Ward 8,2020-03-31
2020-03-19,38.845799,-77.003717,Ward 8,2020-03-24
2020-03-19,38.833366,-76.989925,Ward 8,2020-03-31
2020-03-19,38.909196,-77.057241,Ward 2,2020-03-20
2020-03-19,38.898710,-76.984476,Ward 6,2020-03-31
2020-03-20,38.936432,-77.026634,Ward 4,2020-03-20
2020-03-20,38.850578,-76.966009,Ward 8,2020-03-31
2020-03-20,38.903256,-76.991835,Ward 6,2020-03-23
2020-03-20,38.834631,-77.001753,Ward 8,2020-03-24
2020-03-20,38.832626,-77.005643,Ward 8,2020-03-31
2020-03-20,38.941639,-77.030485,Ward 4,2020-04-01
2020-03-20,38.822885,-76.999584,Ward 8,2020-03-31
2020-03-20,38.937006,-77.033028,Ward 1,2020-03-23
2020-03-20,38.834124,-76.987358,Ward 8,2020-03-31
2020-03-20,38.835022,-76.988115,Ward 8,2020-03-31
2020-03-20,38.920308,-76.987810,Ward 5,2020-03-23
2020-03-20,38.967461,-77.026194,Ward 4,2020-03-23
2020-03-20,38.882320,-76.984358,Ward 6,2020-03-31
2020-03-20,38.951654,-77.004688,Ward 5,2020-03-23
2020-03-20,38.926610,-77.000355,Ward 5,2020-03-23
2020-03-20,38.886239,-76.959515,Ward 7,2020-03-31
2020-03-20,38.928870,-77.021364,Ward 1,2020-03-31
2020-03-20,38.917941,-77.007586,Ward 5,2020-03-23
2020-03-20,38.916034,-77.024222,Ward 1,2020-03-31
2020-03-20,38.895968,-76.975337,Ward 7,2020-03-31
2020-03-20,38.962912,-77.014273,Ward 4,2020-04-01
2020-03-21,38.926853,-77.041431,Ward 1,2020-03-23
2020-03-21,38.931307,-77.026987,Ward 1,2020-03-31
2020-03-21,38.925366,-76.967523,Ward 5,2020-03-31
2020-03-21,38.938755,-77.064561,Ward 3,2020-03-25
2020-03-21,38.825870,-77.012020,Ward 8,2020-03-31
2020-03-21,38.918273,-77.029024,Ward 1,2020-03-31
2020-03-21,38.903023,-76.934944,Ward 7,2020-03-23
2020-03-21,38.894079,-76.937599,Ward 7,2020-03-23
2020-03-21,38.933039,-76.965262,Ward 5,2020-03-31
2020-03-21,38.955045,-77.018007,Ward 4,2020-04-01
2020-03-21,38.898083,-77.000318,Ward 6,2020-03-23
2020-03-21,38.929419,-77.020397,Ward 1,2020-03-31
2020-03-22,38.931661,-77.031192,Ward 1,2020-03-31
2020-03-22,38.868966,-76.982010,Ward 8,2020-03-26
2020-03-22,38.917398,-77.028986,Ward 1,2020-03-23
2020-03-22,38.936975,-77.025122,Ward 4,2020-03-26
2020-03-22,38.929992,-77.020613,Ward 1,2020-03-31
2020-03-22,38.929419,-77.020397,Ward 1,2020-03-31
2020-03-23,38.900894,-76.991296,Ward 6,2020-03-26
2020-03-23,38.854739,-76.982270,Ward 8,2020-03-26
2020-03-23,38.903556,-76.977118,Ward 5,2020-03-26
2020-03-23,38.907251,-76.984202,Ward 5,2020-03-26
2020-03-23,38.903353,-77.048578,Ward 2,2020-03-31
2020-03-23,38.901666,-76.985636,Ward 5,2020-03-26
2020-03-23,38.939538,-77.026029,Ward 4,2020-03-26
2020-03-23,38.966642,-77.031420,Ward 4,2020-03-31
2020-03-23,38.877039,-76.930182,Ward 7,2020-03-30
2020-03-23,38.868586,-76.978786,Ward 8,2020-03-26
2020-03-23,38.970663,-77.019632,Ward 4,2020-03-25
2020-03-23,38.959232,-77.071490,Ward 3,2020-04-08
2020-03-23,38.876706,-76.931862,Ward 7,2020-03-26
2020-03-23,38.925575,-76.974173,Ward 5,2020-03-26
2020-03-23,38.934781,-77.043540,Ward 1,2020-03-24
2020-03-23,38.936647,-77.022194,Ward 1,2020-03-26
2020-03-23,38.833169,-76.988049,Ward 8,2020-03-31
2020-03-23,38.833311,-76.987230,Ward 8,2020-03-26
2020-03-23,38.833169,-76.988049,Ward 8,2020-03-31
2020-03-23,38.940907,-76.973128,Ward 5,2020-03-31
2020-03-23,38.918274,-77.029082,Ward 1,2020-03-26
2020-03-23,38.926853,-77.041431,Ward 1,2020-03-26
2020-03-23,38.913160,-77.016571,Ward 5,2020-03-26
2020-03-23,38.846865,-76.968798,Ward 8,2020-03-26
2020-03-24,38.905819,-77.016344,Ward 6,2020-03-26
2020-03-24,38.903904,-76.994755,Ward 6,2020-03-24
2020-03-24,38.924136,-76.991731,Ward 5,2020-03-24
2020-03-24,38.940941,-76.993879,Ward 5,2020-03-26
2020-03-24,38.935164,-77.028739,Ward 1,2020-03-31
2020-03-24,38.919008,-77.030542,Ward 1,2020-03-25
2020-03-24,38.917967,-77.039613,Ward 1,2020-03-25
2020-03-24,38.923777,-77.042623,Ward 1,2020-03-25
2020-03-24,38.892193,-76.985114,Ward 6,2020-03-25
2020-03-24,38.959874,-77.025367,Ward 4,2020-04-01
2020-03-24,38.901683,-76.973892,Ward 5,2020-04-14
2020-03-24,38.940721,-76.973406,Ward 5,2020-03-31
2020-03-24,38.957640,-77.021813,Ward 4,2020-04-01
2020-03-24,38.876091,-76.939303,Ward 7,2020-03-26
2020-03-24,38.876091,-76.939303,Ward 7,2020-03-26
2020-03-24,38.918905,-77.076859,Ward 3,2020-04-02
2020-03-24,38.955599,-77.019136,Ward 4,2020-04-01
2020-03-24,38.954627,-77.018000,Ward 4,2020-04-01
2020-03-24,38.861363,-76.982582,Ward 8,2020-03-31
2020-03-24,38.913822,-77.008713,Ward 5,2020-03-26
2020-03-24,38.881572,-76.927568,Ward 7,2020-03-26
2020-03-24,38.853728,-76.995045,Ward 8,2020-03-24
2020-03-24,38.906076,-77.027279,Ward 2,2020-03-24
2020-03-24,38.898190,-77.000830,Ward 6,2020-03-31
2020-03-24,38.870583,-76.977621,Ward 8,2020-03-25
2020-03-24,38.863225,-76.982451,Ward 8,2020-03-31
2020-03-24,38.900481,-76.974433,Ward 5,2020-03-26
2020-03-24,38.901288,-76.984980,Ward 5,2020-03-26
2020-03-24,38.956144,-76.994116,Ward 5,2020-03-31
2020-03-24,38.912409,-77.011861,Ward 5,2020-03-25
2020-03-24,38.895560,-76.992891,Ward 6,2020-03-31
2020-03-24,38.894444,-77.026002,Ward 2,2020-03-25
2020-03-24,38.956876,-77.012992,Ward 4,2020-03-26
2020-03-25,38.901972,-76.931934,Ward 7,2020-04-06
2020-03-25,38.991967,-77.038802,Ward 4,2020-03-26
2020-03-25,38.992070,-77.041676,Ward 4,2020-03-26
2020-03-25,38.994206,-77.039443,Ward 4,2020-03-26
2020-03-25,38.856296,-76.967658,Ward 8,2020-04-01
2020-03-25,38.940310,-77.023005,Ward 4,2020-04-02
2020-03-25,38.853728,-76.995045,Ward 8,2020-03-25
2020-03-25,38.947044,-77.033006,Ward 4,2020-03-26
2020-03-25,38.853728,-76.995045,Ward 8,2020-03-25
2020-03-25,38.891172,-76.985735,Ward 6,2020-03-26
2020-03-25,38.941641,-76.988555,Ward 5,2020-04-01
2020-03-25,38.880278,-77.004711,Ward 8,2020-03-26
2020-03-25,38.967018,-77.008812,Ward 4,2020-04-01
2020-03-25,38.958348,-77.021670,Ward 4,2020-04-01
2020-03-25,38.914276,-77.008708,Ward 5,2020-03-31
2020-03-25,38.856621,-76.967631,Ward 8,2020-03-31
2020-03-25,38.875169,-76.965015,Ward 7,2020-04-06
2020-03-25,38.923248,-76.973321,Ward 5,2020-03-31
2020-03-25,38.917148,-77.031725,Ward 1,2020-03-31
2020-03-25,38.898960,-76.921288,Ward 7,2020-04-07
2020-03-25,38.902495,-76.987419,Ward 5,2020-04-01
2020-03-25,38.902127,-76.978509,Ward 5,2020-03-31
2020-03-25,38.905623,-76.971701,Ward 5,2020-03-31
2020-03-25,38.931060,-77.041036,Ward 1,2020-03-31
2020-03-25,38.890729,-76.951128,Ward 7,2020-03-31
2020-03-26,38.947021,-77.025843,Ward 4,2020-04-01
2020-03-26,38.862819,-76.988451,Ward 8,2020-03-31
2020-03-26,38.910449,-76.985125,Ward 5,2020-03-31
2020-03-26,38.913168,-77.030962,Ward 2,2020-03-31
2020-03-26,38.942702,-77.013546,Ward 4,2020-03-31
2020-03-26,38.945931,-77.023792,Ward 4,2020-04-02
2020-03-26,38.876256,-76.931728,Ward 7,2020-03-30
2020-03-26,38.901666,-76.985636,Ward 5,2020-03-31
2020-03-26,38.893069,-76.923625,Ward 7,2020-03-31
2020-03-26,38.900805,-76.926798,Ward 7,2020-03-31
2020-03-26,38.878823,-76.975420,Ward 6,2020-04-01
2020-03-26,38.892598,-76.975960,Ward 6,2020-03-31
2020-03-26,38.938755,-77.064561,Ward 3,2020-04-20
2020-03-26,38.917206,-77.017808,Ward 1,2020-03-30
2020-03-26,38.942193,-77.019637,Ward 4,2020-03-31
2020-03-26,38.895626,-76.922358,Ward 7,2020-03-31
2020-03-26,38.946993,-77.033285,Ward 4,2020-04-02
2020-03-26,38.909838,-77.012599,Ward 5,2020-04-07
2020-03-26,38.913083,-77.003237,Ward 5,2020-04-01
2020-03-26,38.876562,-76.983256,Ward 6,2020-04-01
2020-03-26,38.897380,-76.981026,Ward 6,2020-04-02
2020-03-26,38.957216,-77.011913,Ward 4,2020-04-01
2020-03-26,38.913872,-77.050683,Ward 2,2020-04-07
2020-03-26,38.906201,-77.058462,Ward 2,2020-04-07
2020-03-26,38.901666,-76.985636,Ward 5,2020-03-31
2020-03-26,38.944184,-77.026876,Ward 4,2020-04-02
2020-03-26,38.939228,-76.973483,Ward 5,2020-04-21
2020-03-27,38.848189,-77.001077,Ward 8,2020-05-22
2020-03-27,38.875211,-77.006253,Ward 8,2020-03-30
2020-03-27,38.920921,-76.985003,Ward 5,2020-04-07
2020-03-27,38.875816,-76.932053,Ward 7,2020-04-06
2020-03-27,38.920852,-76.984174,Ward 5,2020-03-31
2020-03-27,38.924821,-77.023784,Ward 1,2020-03-30
2020-03-27,38.894031,-76.957254,Ward 7,2020-03-30
2020-03-27,38.881460,-76.987201,Ward 6,2020-04-01
2020-03-27,38.929433,-76.993744,Ward 5,2020-04-08
2020-03-27,38.921920,-76.982374,Ward 5,2020-03-31
2020-03-27,38.930132,-76.993780,Ward 5,2020-03-30
2020-03-27,38.929503,-77.039053,Ward 1,2020-04-07
2020-03-27,38.961313,-77.014291,Ward 4,2020-04-02
2020-03-27,38.908037,-76.988203,Ward 5,2020-03-31
2020-03-27,38.877712,-76.987042,Ward 6,2020-04-01
2020-03-27,38.928437,-76.993745,Ward 5,2020-03-31
2020-03-28,38.920448,-77.012884,Ward 5,2020-04-07
2020-03-28,38.916655,-76.980471,Ward 5,2020-04-07
2020-03-28,38.952483,-77.012651,Ward 4,2020-03-31
2020-03-28,38.897528,-76.987018,Ward 6,2020-04-07
2020-03-28,38.934756,-77.028925,Ward 1,2020-04-07
2020-03-28,38.906566,-77.017591,Ward 6,2020-04-07
2020-03-28,38.961517,-77.010750,Ward 4,2020-03-31
2020-03-28,38.906375,-76.980638,Ward 5,2020-04-07
2020-03-28,38.967521,-77.026477,Ward 4,2020-03-31
2020-03-29,38.905848,-77.014400,Ward 6,2020-04-07
2020-03-29,38.876154,-76.984658,Ward 6,2020-04-01
2020-03-29,38.906496,-76.981026,Ward 5,2020-04-08
2020-03-29,38.929633,-76.993461,Ward 5,2020-03-30
2020-03-29,38.932664,-77.031011,Ward 1,2020-04-07
2020-03-29,38.904874,-77.027825,Ward 2,2020-04-07
2020-03-29,38.932856,-77.035831,Ward 1,2020-03-30
2020-03-29,38.885080,-76.932363,Ward 7,2020-04-06
2020-03-29,38.878226,-76.985096,Ward 6,2020-04-01
2020-03-30,38.832121,-77.007468,Ward 8,2020-03-31
2020-03-30,38.959874,-77.025367,Ward 4,2020-03-31
2020-03-30,38.924798,-77.025081,Ward 1,2020-03-31
2020-03-30,38.907549,-77.043193,Ward 2,2020-03-31
2020-03-30,38.879802,-76.926909,Ward 7,2020-04-13
2020-03-30,38.891781,-76.952000,Ward 7,2020-04-01
2020-03-30,38.933442,-76.966473,Ward 5,2020-03-31
2020-03-30,38.933805,-76.965728,Ward 5,2020-03-31
2020-03-30,38.909629,-77.067086,Ward 2,2020-04-07
2020-03-30,38.946536,-77.025066,Ward 4,2020-04-02
2020-03-30,38.933727,-77.032420,Ward 1,2020-03-31
2020-03-30,38.905375,-76.975242,Ward 5,2020-03-31
2020-03-30,38.950246,-77.007361,Ward 5,2020-04-01
2020-03-30,38.896089,-76.915860,Ward 7,2020-04-07
2020-03-30,38.892717,-77.000909,Ward 6,2020-04-01
2020-03-30,38.903966,-77.050630,Ward 2,2020-04-07
2020-03-30,38.957079,-77.035549,Ward 4,2020-04-02
2020-03-30,38.948836,-77.025582,Ward 4,2020-04-02
2020-03-30,38.944002,-77.041530,Ward 4,2020-03-31
2020-03-30,38.956066,-77.029422,Ward 4,2020-04-02
2020-03-30,38.964794,-77.017775,Ward 4,2020-04-02
2020-03-30,38.948055,-77.033823,Ward 4,2020-03-31
2020-03-30,38.962197,-77.022258,Ward 4,2020-04-01
2020-03-30,38.933798,-77.022532,Ward 1,2020-03-31
2020-03-30,38.894056,-76.984371,Ward 6,2020-03-31
2020-03-30,38.898730,-76.998993,Ward 6,2020-04-07
2020-03-30,38.892912,-76.985253,Ward 6,2020-04-07
2020-03-30,38.971683,-77.015064,Ward 4,2020-04-07
2020-03-30,38.935619,-77.027200,Null,2020-03-31
2020-03-30,38.933313,-77.055495,Ward 3,2020-04-08
2020-03-30,38.926000,-77.025543,Ward 1,2020-03-31
2020-03-31,38.913002,-77.015462,Ward 5,2020-04-08
2020-03-31,38.893473,-76.931231,Ward 7,2020-04-06
2020-03-31,38.841562,-77.003723,Ward 8,2020-04-02
2020-03-31,38.885898,-76.985233,Ward 6,2020-04-02
2020-03-31,38.898503,-76.933567,Ward 7,2020-04-01
2020-03-31,38.878562,-76.990596,Ward 6,2020-04-07
2020-03-31,38.922004,-77.032361,Ward 1,2020-04-01
2020-03-31,38.879120,-76.989354,Ward 6,2020-04-01
2020-03-31,38.920852,-77.032677,Ward 1,2020-04-08
2020-03-31,38.955805,-76.999803,Ward 4,2020-04-07
2020-03-31,38.883914,-76.978150,Ward 6,2020-04-07
2020-03-31,38.920086,-77.032755,Ward 1,2020-04-07
2020-03-31,38.895622,-76.922437,Ward 7,2020-04-01
2020-03-31,38.894810,-76.940489,Ward 7,2020-04-01
2020-03-31,38.923746,-77.037523,Ward 1,2020-04-01
2020-03-31,38.928821,-77.022611,Ward 1,2020-04-01
2020-03-31,38.928292,-77.022858,Ward 1,2020-04-07
2020-03-31,38.928829,-77.022930,Ward 1,2020-04-07
2020-03-31,38.936544,-77.034615,Ward 1,2020-04-07
2020-03-31,38.871451,-76.946211,Ward 7,2020-04-06
2020-03-31,38.855480,-76.969188,Ward 8,2020-04-07
2020-03-31,38.875169,-76.965015,Ward 7,2020-04-06
2020-03-31,38.902759,-76.990528,Ward 6,2020-04-07
2020-03-31,38.858925,-76.965058,Ward 7,2020-04-13
2020-03-31,38.905411,-76.986073,Ward 5,2020-04-07
2020-03-31,38.902598,-76.985724,Ward 5,2020-04-02
2020-03-31,38.904578,-76.981543,Ward 5,2020-04-02
2020-03-31,38.925176,-77.030019,Ward 1,2020-04-01
2020-03-31,38.932856,-77.035831,Ward 1,2020-04-01
2020-03-31,38.907440,-77.011112,Ward 5,2020-04-08
2020-03-31,38.940871,-77.017535,Ward 4,2020-04-07
2020-03-31,38.937748,-77.033363,Ward 4,2020-04-07
2020-03-31,38.934756,-77.028925,Ward 1,2020-04-07
2020-03-31,38.830273,-76.998772,Ward 8,2020-04-07
2020-03-31,38.911324,-77.018440,Ward 6,2020-04-07
2020-03-31,38.906876,-76.979839,Ward 5,2020-04-07
2020-03-31,38.926067,-77.025351,Ward 1,2020-04-07
2020-03-31,38.901287,-76.935909,Ward 7,2020-04-01
2020-03-31,38.869058,-76.982014,Ward 8,2020-04-07
2020-03-31,38.937400,-77.031988,Ward 4,2020-04-08
2020-03-31,38.943069,-77.004069,Ward 5,2020-04-22
2020-03-31,38.862835,-76.987041,Ward 8,2020-04-07
2020-03-31,38.938911,-77.104038,Ward 3,2020-04-07
2020-03-31,38.927183,-77.104648,Ward 3,2020-04-01
2020-03-31,38.938489,-77.031901,Ward 4,2020-04-01
2020-03-31,38.945546,-76.977616,Ward 5,2020-04-01
2020-04-01,38.894422,-76.940052,Ward 7,2020-04-01
2020-04-01,38.893754,-76.940257,Ward 7,2020-04-01
2020-04-01,38.854474,-76.965943,Ward 8,2020-04-08
2020-04-01,38.906342,-77.014489,Ward 6,2020-04-07
2020-04-01,38.913083,-77.003237,Ward 5,2020-04-07
2020-04-01,38.908266,-77.036130,Ward 2,2020-04-06
2020-04-01,38.860117,-76.996846,Ward 8,2020-04-07
2020-04-01,38.927342,-77.024306,Ward 1,2020-04-15
2020-04-01,38.937638,-77.033059,Ward 4,2020-04-07
2020-04-01,38.923040,-76.950366,Ward 5,2020-04-08
2020-04-01,38.960013,-77.030410,Ward 4,2020-04-07
2020-04-01,38.912510,-76.986836,Ward 5,2020-04-02
2020-04-01,38.873957,-76.974187,Ward 7,2020-04-06
2020-04-01,38.903284,-76.993051,Ward 6,2020-04-07
2020-04-01,38.878154,-76.962893,Ward 7,2020-04-06
2020-04-01,38.912608,-76.990138,Ward 5,2020-04-08
2020-04-01,38.951096,-77.012601,Ward 4,2020-04-07
2020-04-01,38.885873,-76.946323,Ward 7,2020-04-06
2020-04-01,38.935619,-77.027200,Null,2020-04-02
2020-04-01,38.885051,-76.959300,Ward 7,2020-04-06
2020-04-01,38.886644,-76.958306,Ward 7,2020-04-06
2020-04-01,38.905877,-77.004160,Ward 6,2020-04-02
2020-04-01,38.899973,-77.000750,Ward 6,2020-04-07
2020-04-01,38.876258,-76.931665,Ward 7,2020-04-01
2020-04-01,38.899949,-76.932877,Ward 7,2020-04-07
2020-04-01,38.855345,-76.967576,Ward 8,2020-04-07
2020-04-01,38.907416,-77.011782,Ward 5,2020-04-07
2020-04-01,38.902869,-76.929181,Ward 7,2020-04-08
2020-04-01,38.902744,-76.983437,Ward 5,2020-04-07
2020-04-01,38.904424,-76.983825,Ward 5,2020-04-07
2020-04-01,38.911016,-76.987403,Ward 5,2020-04-08
2020-04-01,38.942071,-77.034184,Ward 4,2020-04-07
2020-04-01,38.943038,-77.003788,Ward 5,2020-04-07
2020-04-01,38.930132,-76.993780,Ward 5,2020-04-02
2020-04-01,38.915391,-77.030296,Ward 1,2020-04-02
2020-04-01,38.889496,-76.984224,Ward 6,2020-04-07
2020-04-01,38.874021,-76.952312,Ward 7,2020-04-07
2020-04-01,38.861011,-76.997313,Ward 8,2020-04-07
2020-04-01,38.845266,-76.986548,Ward 8,2020-04-07
2020-04-01,38.933476,-77.041692,Ward 1,2020-04-07
2020-04-02,38.955045,-77.018007,Ward 4,2020-04-03
2020-04-02,38.886618,-76.954141,Ward 7,2020-04-07
2020-04-02,38.921323,-77.030116,Ward 1,2020-04-07
2020-04-02,38.921267,-77.030495,Ward 1,2020-04-07
2020-04-02,38.929517,-77.042794,Ward 1,2020-04-07
2020-04-02,38.929510,-77.043104,Ward 1,2020-04-07
2020-04-02,38.930910,-77.044033,Ward 1,2020-04-07
2020-04-02,38.920755,-77.032083,Ward 1,2020-04-07
2020-04-02,38.897531,-76.995341,Ward 6,2020-04-06
2020-04-02,38.965861,-77.026795,Ward 4,2020-04-07
2020-04-02,38.906687,-76.988465,Ward 5,2020-04-07
2020-04-02,38.822634,-76.999879,Ward 8,2020-04-07
2020-04-02,38.855441,-76.995106,Ward 8,2020-04-13
2020-04-02,38.886472,-76.924979,Ward 7,2020-04-07
2020-04-02,38.898730,-76.998993,Ward 6,2020-04-07
2020-04-02,38.893905,-76.952317,Ward 7,2020-04-07
2020-04-02,38.907416,-77.011782,Ward 5,2020-04-02
2020-04-02,38.938879,-77.025949,Ward 4,2020-04-07
2020-04-02,38.832585,-77.006260,Ward 8,2020-04-07
2020-04-02,38.832155,-77.006789,Ward 8,2020-04-07
2020-04-02,38.922113,-77.011877,Ward 5,2020-04-07
2020-04-02,38.919646,-77.041104,Ward 1,2020-04-03
2020-04-02,38.932020,-77.025859,Ward 1,2020-04-03
2020-04-02,38.892391,-76.953086,Ward 7,2020-04-07
2020-04-02,38.824209,-77.009102,Ward 8,2020-04-07
2020-04-02,38.820630,-77.010422,Ward 8,2020-04-03
2020-04-02,38.833236,-76.998889,Ward 8,2020-04-07
2020-04-03,38.924756,-77.029711,Ward 1,2020-04-08
2020-04-03,38.924994,-77.030356,Ward 1,2020-04-07
2020-04-03,38.924995,-77.031398,Ward 1,2020-04-07
2020-04-03,38.919359,-77.032984,Ward 1,2020-04-07
2020-04-03,38.923966,-77.028256,Ward 1,2020-04-03
2020-04-03,38.920897,-77.030110,Ward 1,2020-04-07
2020-04-03,38.924545,-77.030391,Ward 1,2020-04-07
2020-04-03,38.912760,-77.014489,Ward 5,2020-04-07
2020-04-03,38.904757,-76.982695,Ward 5,2020-04-07
2020-04-03,38.939943,-77.026044,Ward 4,2020-04-08
2020-04-03,38.912405,-77.049247,Ward 2,2020-04-08
2020-04-03,38.930898,-77.030230,Ward 1,2020-04-08
2020-04-03,38.966642,-77.031420,Ward 4,2020-04-08
2020-04-03,38.909337,-77.032220,Ward 2,2020-04-06
2020-04-03,38.851228,-76.977983,Ward 8,2020-04-06
2020-04-03,38.933040,-76.964192,Ward 5,2020-04-06
2020-04-03,38.950444,-77.019161,Ward 4,2020-04-08
2020-04-03,38.935261,-77.033374,Ward 1,2020-04-06
2020-04-03,38.932856,-77.035831,Ward 1,2020-04-08
2020-04-03,38.901809,-76.995937,Ward 6,2020-04-07
2020-04-03,38.947536,-77.025568,Ward 4,2020-04-06
2020-04-03,38.934941,-77.019730,Ward 1,2020-04-15
2020-04-03,38.936630,-77.020224,Ward 1,2020-04-07
2020-04-03,38.912365,-77.032732,Ward 2,2020-04-06
2020-04-03,38.929547,-77.038504,Ward 1,2020-04-06
2020-04-03,38.917967,-77.039613,Ward 1,2020-04-07
2020-04-03,38.929136,-77.025009,Ward 1,2020-04-15
2020-04-03,38.891110,-76.949395,Ward 7,2020-04-06
2020-04-03,38.929092,-77.027348,Ward 1,2020-04-08
2020-04-03,38.904634,-77.027867,Ward 2,2020-04-06
2020-04-03,38.872995,-76.962549,Ward 7,2020-04-06
2020-04-04,38.943120,-77.025530,Ward 4,2020-04-08
2020-04-04,38.823178,-76.999274,Ward 8,2020-04-06
2020-04-04,38.829248,-77.013345,Ward 8,2020-04-06
2020-04-04,38.964602,-77.076883,Ward 3,2020-04-15
2020-04-04,38.873030,-76.976935,Ward 8,2020-04-13
2020-04-04,38.847612,-77.004897,Ward 8,2020-04-08
2020-04-04,38.911771,-77.034844,Ward 2,2020-04-06
2020-04-04,38.907417,-77.011592,Ward 5,2020-04-08
2020-04-04,38.904886,-77.019176,Ward 6,2020-04-07
2020-04-04,38.921936,-77.000833,Ward 5,2020-04-07
2020-04-04,38.921751,-77.003250,Ward 5,2020-04-08
2020-04-05,38.909428,-76.939554,Ward 7,2020-04-15
2020-04-05,38.904564,-76.999759,Ward 6,2020-04-07
2020-04-05,38.906726,-76.984108,Ward 5,2020-04-08
2020-04-05,38.890929,-76.983649,Ward 6,2020-04-08
2020-04-05,38.883830,-76.931277,Ward 7,2020-04-08
2020-04-05,38.913558,-76.986199,Ward 5,2020-04-08
2020-04-05,38.884215,-76.931479,Ward 7,2020-04-07
2020-04-05,38.883692,-76.931850,Ward 7,2020-04-08
2020-04-05,38.884716,-76.930365,Ward 7,2020-04-06
2020-04-05,38.990787,-77.034939,Ward 4,2020-04-08
2020-04-05,38.895395,-76.991300,Ward 6,2020-04-14
2020-04-05,38.968369,-77.006993,Ward 4,2020-04-06
2020-04-05,38.910223,-77.009718,Ward 5,2020-04-14
2020-04-05,38.922144,-77.003733,Ward 5,2020-04-08
2020-04-05,38.929629,-77.025500,Ward 1,2020-04-07
2020-04-05,38.883802,-76.957736,Ward 7,2020-04-06
2020-04-06,38.935358,-76.993581,Ward 5,2020-04-06
2020-04-06,38.914608,-77.036117,Ward 2,2020-04-08
2020-04-06,38.830273,-76.998710,Ward 8,2020-04-06
2020-04-06,38.932442,-77.028219,Ward 1,2020-04-07
2020-04-06,38.896914,-76.976671,Ward 7,2020-04-08
2020-04-06,38.862166,-76.959329,Ward 7,2020-04-07
2020-04-06,38.895003,-77.031353,Ward 2,2020-04-14
2020-04-06,38.924063,-76.969545,Ward 5,2020-04-08
2020-04-06,38.841665,-76.998015,Ward 8,2020-04-13
2020-04-06,38.828186,-77.017757,Ward 8,2020-04-08
2020-04-06,38.934318,-77.019385,Ward 1,2020-04-07
2020-04-06,38.934538,-77.038368,Ward 1,2020-04-08
2020-04-06,38.949617,-77.023943,Ward 4,2020-04-08
2020-04-06,38.906115,-76.984507,Ward 5,2020-04-08
2020-04-06,38.905428,-76.974530,Ward 5,2020-04-14
2020-04-06,38.920882,-77.017807,Ward 1,2020-04-08
2020-04-06,38.948428,-77.028704,Ward 4,2020-04-15
2020-04-06,38.834771,-76.987721,Ward 8,2020-04-08
2020-04-06,38.834619,-76.987470,Ward 8,2020-04-08
2020-04-06,38.832246,-76.990380,Ward 8,2020-04-08
2020-04-06,38.877526,-77.006698,Ward 6,2020-04-14
2020-04-06,38.826209,-77.001719,Ward 8,2020-04-08
2020-04-06,38.936027,-77.021002,Ward 1,2020-04-07
2020-04-06,38.868663,-76.958146,Ward 7,2020-04-07
2020-04-07,38.939379,-77.021220,Ward 4,2020-04-15
2020-04-07,38.913044,-77.008084,Ward 5,2020-04-08
2020-04-07,38.949818,-77.007365,Ward 5,2020-04-08
2020-04-07,38.943069,-77.012777,Ward 4,2020-04-15
2020-04-07,38.953095,-77.016207,Ward 4,2020-04-15
2020-04-07,38.898527,-76.994730,Ward 6,2020-04-14
2020-04-07,38.912760,-77.014489,Ward 5,2020-04-08
2020-04-07,38.959448,-77.018966,Ward 4,2020-04-08
2020-04-07,38.922985,-77.028266,Ward 1,2020-04-08
2020-04-07,38.919428,-77.014302,Ward 5,2020-04-08
2020-04-07,38.846844,-76.996500,Ward 8,2020-04-13
2020-04-07,38.949180,-77.028272,Ward 4,2020-04-15
2020-04-07,38.915407,-77.031426,Ward 1,2020-04-08
2020-04-07,38.907032,-77.033001,Ward 2,2020-04-13
2020-04-07,38.887647,-76.924691,Ward 7,2020-04-08
2020-04-07,38.957223,-77.020667,Ward 4,2020-04-08
2020-04-07,38.885411,-77.002313,Ward 6,2020-04-14
2020-04-07,38.832650,-76.998720,Ward 8,2020-04-13
2020-04-07,38.834147,-76.995892,Ward 8,2020-04-13
2020-04-07,38.927819,-77.021612,Ward 1,2020-04-15
2020-04-07,38.927585,-77.021466,Ward 1,2020-04-13
2020-04-07,38.925176,-77.030019,Ward 1,2020-04-15
2020-04-07,38.933942,-77.025034,Ward 1,2020-04-08
2020-04-07,38.862255,-76.982066,Ward 8,2020-04-08
2020-04-07,38.929629,-77.025500,Ward 1,2020-04-17
2020-04-07,38.861329,-76.984548,Ward 8,2020-04-13
2020-04-07,38.862767,-76.990935,Ward 8,2020-04-13
2020-04-08,38.928633,-76.995161,Ward 5,2020-04-08
2020-04-08,38.905457,-77.028630,Ward 2,2020-04-14
2020-04-08,38.877232,-76.932239,Ward 7,2020-04-14
2020-04-08,38.876256,-76.931956,Ward 7,2020-04-17
2020-04-08,38.911860,-77.009050,Ward 5,2020-04-14
2020-04-08,38.901944,-77.060918,Ward 2,2020-04-14
2020-04-08,38.971406,-77.015068,Ward 4,2020-04-24
2020-04-08,38.906955,-77.063450,Ward 2,2020-04-14
2020-04-08,38.905407,-77.061393,Ward 2,2020-04-09
2020-04-08,38.905064,-77.059350,Ward 2,2020-04-10
2020-04-08,38.867486,-76.971532,Ward 8,2020-04-14
2020-04-08,38.991071,-77.034946,Ward 4,2020-04-14
2020-04-08,38.833648,-76.996483,Ward 8,2020-04-13
2020-04-08,38.881512,-76.924963,Ward 7,2020-04-10
2020-04-08,38.954082,-77.027734,Ward 4,2020-04-09
2020-04-08,38.896822,-76.981195,Ward 6,2020-04-14
2020-04-08,38.910909,-77.014409,Ward 5,2020-04-14
2020-04-08,38.876707,-76.931926,Ward 7,2020-04-13
2020-04-08,38.934830,-77.061407,Ward 3,2020-04-15
2020-04-08,38.923250,-77.001376,Ward 5,2020-04-09
2020-04-08,38.953609,-77.016192,Ward 4,2020-04-15
2020-04-08,38.907032,-77.033001,Ward 2,2020-04-13
2020-04-08,38.902264,-76.994332,Ward 6,2020-04-13
2020-04-08,38.913182,-76.986519,Ward 5,2020-04-14
2020-04-08,38.953007,-77.014299,Ward 4,2020-04-15
2020-04-08,38.933704,-77.055541,Ward 3,2020-04-15
2020-04-08,38.895486,-76.991306,Ward 6,2020-04-14
2020-04-08,38.953252,-77.015940,Ward 4,2020-04-14
2020-04-08,38.914456,-77.012411,Ward 5,2020-04-14
2020-04-08,38.867153,-76.948067,Ward 7,2020-04-10
2020-04-08,38.923999,-77.029430,Ward 1,2020-04-15
2020-04-08,38.924525,-77.029997,Ward 1,2020-04-09
2020-04-08,38.932127,-77.043087,Ward 1,2020-04-21
2020-04-08,38.909141,-76.985966,Ward 5,2020-04-14
2020-04-08,38.932285,-77.039761,Ward 1,2020-04-21
2020-04-08,38.919003,-77.029876,Ward 1,2020-04-21
2020-04-08,38.887783,-76.991705,Ward 6,2020-04-09
2020-04-08,38.904406,-76.937621,Ward 7,2020-04-14
2020-04-08,38.914345,-77.042067,Ward 2,2020-04-21
2020-04-08,38.877000,-76.931470,Ward 7,2020-04-10
2020-04-08,38.895933,-77.000028,Ward 6,2020-04-09
2020-04-08,38.932664,-77.034159,Ward 1,2020-04-21
2020-04-08,38.928210,-76.995258,Ward 5,2020-04-14
2020-04-09,38.913044,-77.008084,Ward 5,2020-04-14
2020-04-09,38.910695,-77.021100,Ward 6,2020-04-10
2020-04-09,38.910820,-76.934203,Ward 7,2020-04-15
2020-04-09,38.990787,-77.034939,Ward 4,2020-04-15
2020-04-09,38.920184,-77.040552,Ward 1,2020-04-23
2020-04-09,38.913002,-77.015462,Ward 5,2020-04-15
2020-04-09,38.923116,-76.975374,Ward 5,2020-04-17
2020-04-09,38.897857,-76.980308,Ward 6,2020-04-14
2020-04-09,38.913633,-77.024276,Ward 6,2020-04-14
2020-04-09,38.922826,-77.026593,Ward 1,2020-04-21
2020-04-09,38.924293,-77.042804,Ward 1,2020-04-22
2020-04-09,38.898296,-76.981411,Ward 6,2020-04-14
2020-04-09,38.898181,-76.980844,Ward 6,2020-04-14
2020-04-09,38.904013,-76.924665,Ward 7,2020-04-15
2020-04-09,38.978124,-77.025701,Ward 4,2020-04-15
2020-04-09,38.914958,-77.032672,Ward 2,2020-04-14
2020-04-09,38.926991,-77.028520,Ward 1,2020-04-21
2020-04-09,38.925176,-77.030019,Ward 1,2020-04-09
2020-04-09,38.975988,-77.024984,Ward 4,2020-04-15
2020-04-09,38.937834,-77.031441,Ward 4,2020-04-15
2020-04-09,38.903535,-76.998060,Ward 6,2020-04-15
2020-04-09,38.828339,-76.997008,Ward 8,2020-04-20
2020-04-09,38.892198,-76.997579,Ward 6,2020-04-15
2020-04-10,38.908377,-77.011730,Ward 5,2020-04-10
2020-04-10,38.861440,-76.989579,Ward 8,2020-04-14
2020-04-10,38.913470,-77.042147,Ward 2,2020-04-14
2020-04-10,38.914267,-77.010638,Ward 5,2020-04-17
2020-04-10,38.930691,-77.022404,Ward 1,2020-04-21
2020-04-10,38.829864,-76.994757,Ward 8,2020-04-14
2020-04-10,38.860704,-76.974105,Ward 8,2020-04-13
2020-04-10,38.955045,-77.018007,Ward 4,2020-04-13
2020-04-10,38.922665,-77.027256,Ward 1,2020-04-21
2020-04-10,38.910293,-77.011924,Ward 5,2020-04-17
2020-04-10,38.945073,-77.025779,Ward 4,2020-04-21
2020-04-10,38.831875,-77.004703,Ward 8,2020-04-20
2020-04-10,38.830299,-76.994571,Ward 8,2020-04-21
2020-04-10,38.917938,-77.000129,Ward 5,2020-04-20
2020-04-10,38.901784,-76.987442,Ward 5,2020-04-15
2020-04-10,38.941323,-76.989970,Ward 5,2020-04-15
2020-04-10,38.924806,-77.023956,Ward 1,2020-04-13
2020-04-10,38.850073,-76.965725,Ward 8,2020-04-14
2020-04-10,38.913059,-77.008586,Ward 5,2020-04-15
2020-04-10,38.915007,-77.008516,Ward 5,2020-04-15
2020-04-10,38.912819,-77.005896,Ward 5,2020-04-14
2020-04-10,38.989961,-77.033523,Ward 4,2020-04-21
2020-04-10,38.934718,-76.963778,Ward 5,2020-04-21
2020-04-10,38.907474,-77.028773,Ward 2,2020-04-15
2020-04-10,38.907474,-77.028773,Ward 2,2020-04-15
2020-04-11,38.913565,-77.069009,Ward 2,2020-04-21
2020-04-11,38.933475,-77.041764,Ward 1,2020-04-14
2020-04-11,38.946554,-77.018412,Ward 4,2020-04-15
2020-04-11,38.952095,-77.069844,Ward 3,2020-04-14
2020-04-11,38.922144,-77.003733,Ward 5,2020-04-20
2020-04-11,38.833199,-77.005150,Ward 8,2020-04-14
2020-04-12,38.929427,-77.020569,Ward 1,2020-04-13
2020-04-12,38.914303,-77.042450,Ward 2,2020-04-21
2020-04-12,38.941992,-77.014290,Ward 4,2020-04-15
2020-04-12,38.906876,-76.979839,Ward 5,2020-04-20
2020-04-12,38.833199,-77.005150,Ward 8,2020-04-14
2020-04-12,38.941988,-77.004798,Ward 5,2020-04-21
2020-04-13,38.893323,-76.984796,Ward 6,2020-04-21
2020-04-13,38.896290,-76.981285,Ward 6,2020-04-20
2020-04-13,38.918754,-76.988847,Ward 5,2020-04-21
2020-04-13,38.853659,-76.972125,Ward 8,2020-04-20
2020-04-13,38.926896,-77.054383,Ward 3,2020-04-14
2020-04-13,38.872098,-76.969943,Ward 7,2020-04-20
2020-04-13,38.925980,-77.027700,Ward 1,2020-04-14
2020-04-13,38.878569,-76.965126,Ward 7,2020-04-20
2020-04-13,38.945564,-77.026779,Ward 4,2020-04-15
2020-04-13,38.901550,-76.926847,Ward 7,2020-04-20
2020-04-13,38.852061,-76.963454,Ward 8,2020-04-21
2020-04-13,38.851864,-76.977686,Ward 8,2020-04-15
2020-04-13,38.851738,-76.977686,Ward 8,2020-04-15
2020-04-13,38.851261,-76.977911,Ward 8,2020-04-15
2020-04-13,38.851604,-76.977990,Ward 8,2020-04-15
2020-04-13,38.851577,-76.978126,Ward 8,2020-04-15
2020-04-13,38.851436,-76.978405,Ward 8,2020-04-15
2020-04-13,38.949894,-77.026719,Ward 4,2020-04-15
2020-04-13,38.910795,-77.009051,Ward 5,2020-04-14
2020-04-13,38.914546,-77.044049,Ward 2,2020-04-14
2020-04-13,38.941498,-77.014286,Ward 4,2020-04-21
2020-04-13,38.920184,-77.040552,Ward 1,2020-04-23
2020-04-13,38.936817,-77.027391,Ward 4,2020-04-21
2020-04-13,38.904192,-76.998203,Ward 6,2020-04-15
2020-04-13,38.841665,-76.998015,Ward 8,2020-04-20
2020-04-13,38.976777,-77.036354,Ward 4,2020-04-20
2020-04-14,38.935888,-76.991745,Ward 5,2020-05-14
2020-04-14,38.941375,-77.014417,Ward 4,2020-04-21
2020-04-14,38.943915,-77.022326,Ward 4,2020-04-21
2020-04-14,38.896344,-76.916166,Ward 7,2020-04-20
2020-04-14,38.931582,-76.986475,Ward 5,2020-04-15
2020-04-14,38.885898,-76.985233,Ward 6,2020-04-20
2020-04-14,38.917164,-77.024943,Ward 1,2020-04-21
2020-04-14,38.896822,-76.981195,Ward 6,2020-04-20
2020-04-14,38.832951,-76.987620,Ward 8,2020-04-15
2020-04-14,38.905457,-77.028630,Ward 2,2020-04-21
2020-04-14,38.931316,-77.023822,Ward 1,2020-04-21
2020-04-14,38.913114,-77.032294,Ward 2,2020-04-15
2020-04-14,38.867072,-76.985401,Ward 8,2020-04-21
2020-04-14,38.920184,-77.040552,Ward 1,2020-04-21
2020-04-14,38.901384,-76.976456,Ward 5,2020-04-20
2020-04-14,38.920311,-77.040085,Ward 1,2020-04-21
2020-04-14,38.928523,-77.033621,Ward 1,2020-04-24
2020-04-14,38.928447,-77.034606,Ward 1,2020-04-21
2020-04-14,38.926507,-77.029169,Ward 1,2020-04-15
2020-04-14,38.928673,-77.019933,Ward 1,2020-04-21
2020-04-14,38.915144,-77.009353,Ward 5,2020-04-20
2020-04-14,38.922186,-77.009840,Ward 5,2020-04-20
2020-04-14,38.925459,-77.008721,Ward 5,2020-04-20
2020-04-14,38.905447,-76.973812,Ward 5,2020-04-21
2020-04-14,38.913888,-77.010228,Ward 5,2020-04-15
2020-04-14,38.911498,-77.019634,Ward 6,2020-04-27
2020-04-14,38.914279,-76.973210,Ward 5,2020-04-21
2020-04-15,38.929901,-77.030303,Ward 1,2020-04-15
2020-04-15,38.919615,-77.080030,Ward 3,2020-04-21
2020-04-15,38.909497,-77.026742,Ward 2,2020-04-20
2020-04-15,38.865116,-76.949399,Ward 7,2020-04-17
2020-04-15,38.883768,-76.955152,Ward 7,2020-04-17
2020-04-15,38.931349,-77.026365,Ward 1,2020-04-21
2020-04-15,38.915483,-76.984911,Ward 5,2020-04-21
2020-04-15,38.938891,-77.031623,Ward 4,2020-04-22
2020-04-15,38.903551,-76.976587,Ward 5,2020-04-22
2020-04-15,38.869284,-76.966022,Ward 7,2020-04-17
2020-04-15,38.920746,-77.033172,Ward 1,2020-04-21
2020-04-15,38.887594,-76.994962,Ward 6,2020-04-20
2020-04-15,38.922892,-77.008743,Ward 5,2020-04-20
2020-04-15,38.910781,-77.011982,Ward 5,2020-04-17
2020-04-15,38.936143,-76.996756,Ward 5,2020-05-14
2020-04-16,38.898547,-77.048639,Ward 2,2020-04-21
2020-04-16,38.883081,-77.002300,Ward 6,2020-04-21
2020-04-16,38.937513,-77.022236,Ward 4,2020-04-21
2020-04-16,38.933942,-77.025034,Ward 1,2020-04-21
2020-04-16,38.925504,-77.028932,Ward 1,2020-04-22
2020-04-16,38.939943,-77.026103,Ward 4,2020-04-21
2020-04-16,38.886035,-76.936195,Ward 7,2020-04-17
2020-04-16,38.917324,-77.016383,Ward 1,2020-04-20
2020-04-16,38.870555,-76.981351,Ward 8,2020-04-21
2020-04-16,38.903527,-76.995168,Ward 6,2020-04-20
2020-04-16,38.820584,-77.005570,Ward 8,2020-04-27
2020-04-16,38.899428,-76.994720,Ward 6,2020-04-22
2020-04-16,38.928210,-76.995258,Ward 5,2020-04-27
2020-04-16,38.967108,-77.020823,Ward 4,2020-04-21
2020-04-16,38.953906,-77.013540,Ward 4,2020-04-21
2020-04-16,38.895976,-76.999698,Ward 6,2020-04-22
2020-04-17,38.953209,-77.011389,Ward 4,2020-04-21
2020-04-17,38.909013,-76.935112,Ward 7,2020-04-20
2020-04-17,38.909793,-76.937441,Ward 7,2020-04-17
2020-04-17,38.871510,-76.937159,Ward 7,2020-04-17
2020-04-17,38.871322,-76.937420,Ward 7,2020-04-17
2020-04-17,38.914282,-76.973667,Ward 5,2020-05-14
2020-04-17,38.896498,-76.980918,Ward 6,2020-04-20
2020-04-17,38.990421,-77.043383,Ward 4,2020-04-22
2020-04-17,38.944534,-77.026581,Ward 4,2020-04-21
2020-04-17,38.893488,-76.928234,Ward 7,2020-04-21
2020-04-17,38.893095,-76.930220,Ward 7,2020-04-21
2020-04-17,38.845271,-76.999295,Ward 8,2020-04-28
2020-04-17,38.954750,-77.026826,Ward 4,2020-04-21
2020-04-17,38.920050,-77.014224,Ward 5,2020-04-20
2020-04-17,38.922595,-76.988745,Ward 5,2020-04-20
2020-04-17,38.909816,-77.020098,Ward 6,2020-04-22
2020-04-17,38.820887,-77.010041,Ward 8,2020-04-21
2020-04-17,38.902290,-76.974920,Ward 5,2020-04-20
2020-04-17,38.833565,-76.986336,Ward 8,2020-04-27
2020-04-17,38.833199,-77.005150,Ward 8,2020-04-21
2020-04-17,38.933344,-77.019203,Ward 1,2020-04-24
2020-04-18,38.934939,-77.037048,Ward 1,2020-04-24
2020-04-18,38.955805,-76.999803,Ward 4,2020-04-20
2020-04-18,38.897494,-76.993999,Ward 6,2020-04-20
2020-04-18,38.912003,-77.034120,Ward 2,2020-04-20
2020-04-18,38.891699,-76.929009,Ward 7,2020-04-22
2020-04-18,38.954650,-77.015032,Ward 4,2020-04-22
2020-04-18,38.890305,-76.992245,Ward 6,2020-04-21
2020-04-18,38.914174,-77.068677,Ward 2,2020-04-28
2020-04-18,38.924950,-76.996936,Ward 5,2020-04-23
2020-04-18,38.870029,-76.966521,Ward 7,2020-04-20
2020-04-18,38.945606,-77.082813,Ward 3,2020-04-27
2020-04-18,38.930788,-77.023199,Ward 1,2020-04-21
2020-04-18,38.939590,-77.032416,Ward 4,2020-04-22
2020-04-18,38.912778,-77.014551,Ward 5,2020-04-20
2020-04-18,38.971131,-77.011949,Ward 4,2020-04-22
2020-04-19,38.911965,-77.032450,Ward 2,2020-04-21
2020-04-19,38.830299,-76.994571,Ward 8,2020-04-27
2020-04-19,38.953200,-77.010965,Ward 4,2020-04-22
2020-04-19,38.917167,-77.016152,Ward 1,2020-04-21
2020-04-19,38.957772,-76.993852,Ward 4,2020-04-22
2020-04-19,38.926224,-77.025578,Ward 1,2020-04-24
2020-04-19,38.893606,-76.977140,Ward 7,2020-04-20
2020-04-19,38.957464,-77.010937,Ward 4,2020-04-22
2020-04-19,38.938911,-77.104038,Ward 3,2020-04-21
2020-04-20,38.841690,-77.003638,Ward 8,2020-04-21
2020-04-20,38.925373,-77.008419,Ward 5,2020-04-22
2020-04-20,38.917949,-77.039520,Ward 1,2020-04-20
2020-04-20,38.917967,-77.039613,Ward 1,2020-04-20
2020-04-20,38.938953,-77.029412,Ward 4,2020-04-21
2020-04-20,38.906342,-77.014489,Ward 6,2020-04-28
2020-04-20,38.929606,-77.025876,Ward 1,2020-05-07
2020-04-20,38.901809,-76.995937,Ward 6,2020-04-27
2020-04-20,38.891039,-76.946748,Ward 7,2020-04-28
2020-04-20,38.910923,-77.011841,Ward 5,2020-04-22
2020-04-20,38.910795,-77.009051,Ward 5,2020-04-21
2020-04-20,38.963575,-77.000160,Ward 4,2020-04-21
2020-04-20,38.865527,-76.979223,Ward 8,2020-04-27
2020-04-20,38.886127,-76.921633,Ward 7,2020-04-21
2020-04-20,38.886940,-76.959305,Ward 7,2020-04-22
2020-04-20,38.939534,-77.032394,Ward 4,2020-04-21
2020-04-20,38.906891,-76.980794,Ward 5,2020-04-22
2020-04-20,38.964444,-77.034309,Ward 4,2020-04-25
2020-04-20,38.902973,-76.994376,Ward 6,2020-04-21
2020-04-20,38.938489,-77.031901,Ward 4,2020-04-25
2020-04-20,38.843729,-76.979619,Ward 8,2020-04-22
2020-04-20,38.909835,-77.020475,Ward 6,2020-04-22
2020-04-20,38.939590,-77.032416,Ward 4,2020-04-22
2020-04-20,38.888502,-76.979166,Ward 6,2020-04-21
2020-04-20,38.903437,-76.984439,Ward 5,2020-04-21
2020-04-20,38.831220,-77.011337,Ward 8,2020-04-28
2020-04-20,38.899367,-76.996415,Ward 6,2020-04-27
2020-04-20,38.936634,-77.030114,Ward 4,2020-04-22
2020-04-20,38.939525,-77.025911,Ward 4,2020-04-21
2020-04-20,38.863854,-76.979624,Ward 8,2020-04-27
2020-04-20,38.863846,-76.979702,Ward 8,2020-04-22
2020-04-20,38.863662,-76.980219,Ward 8,2020-04-28
2020-04-20,38.954391,-77.010093,Ward 4,2020-04-25
2020-04-20,38.862097,-76.982505,Ward 8,2020-04-21
2020-04-20,38.950161,-77.017244,Ward 4,2020-04-25
2020-04-20,38.831298,-77.010682,Ward 8,2020-04-28
2020-04-20,38.902236,-77.000028,Ward 6,2020-04-24
2020-04-20,38.933750,-77.024122,Ward 1,2020-04-24
2020-04-20,38.935013,-76.985388,Ward 5,2020-04-22
2020-04-20,38.895104,-76.913368,Ward 7,2020-04-21
2020-04-20,38.909357,-76.984312,Ward 5,2020-04-22
2020-04-20,38.940164,-77.032460,Ward 4,2020-04-22
2020-04-21,38.917461,-77.024731,Ward 1,2020-04-21
2020-04-21,38.855707,-76.968942,Ward 8,2020-04-28
2020-04-21,38.938999,-77.029411,Ward 4,2020-04-22
2020-04-21,38.936615,-77.033444,Ward 1,2020-04-24
2020-04-21,38.902495,-76.974422,Ward 5,2020-04-22
2020-04-21,38.912116,-77.015956,Ward 5,2020-04-22
2020-04-21,38.912990,-76.986760,Ward 5,2020-04-28
2020-04-21,38.906876,-76.979839,Ward 5,2020-04-22
2020-04-21,38.830932,-77.011071,Ward 8,2020-04-28
2020-04-21,38.903731,-77.003573,Ward 6,2020-04-24
2020-04-21,38.892598,-76.975960,Ward 6,2020-04-27
2020-04-21,38.899315,-76.977290,Ward 5,2020-04-27
2020-04-21,38.924821,-77.023784,Ward 1,2020-04-22
2020-04-21,38.924798,-77.025081,Ward 1,2020-04-22
2020-04-21,38.884838,-76.925950,Ward 7,2020-04-29
2020-04-21,38.909838,-77.012599,Ward 5,2020-04-23
2020-04-21,38.928258,-77.027144,Ward 1,2020-04-24
2020-04-21,38.956207,-77.014960,Ward 4,2020-04-25
2020-04-21,38.884776,-76.981022,Ward 6,2020-04-27
2020-04-21,38.896132,-76.931150,Ward 7,2020-04-28
2020-04-21,38.859459,-76.996814,Ward 8,2020-04-28
2020-04-21,38.931060,-77.041036,Ward 1,2020-04-24
2020-04-21,38.928345,-77.022667,Ward 1,2020-04-24
2020-04-21,38.847096,-77.004429,Ward 8,2020-04-28
2020-04-21,38.909601,-76.984570,Ward 5,2020-04-22
2020-04-21,38.836245,-77.002106,Ward 8,2020-04-28
2020-04-21,38.839904,-77.003733,Ward 8,2020-04-28
2020-04-21,38.841893,-77.001616,Ward 8,2020-04-28
2020-04-21,38.919307,-77.012423,Ward 5,2020-04-22
2020-04-21,38.904906,-76.998745,Ward 6,2020-04-27
2020-04-21,38.913194,-77.046955,Ward 2,2020-04-24
2020-04-21,38.939957,-77.029969,Ward 4,2020-04-23
2020-04-21,38.886235,-77.001807,Ward 6,2020-04-27
2020-04-21,38.897374,-76.977084,Ward 6,2020-04-27
2020-04-22,38.842631,-77.001089,Ward 8,2020-04-28
2020-04-22,38.917545,-77.005265,Ward 5,2020-04-22
2020-04-22,38.939364,-76.974966,Ward 5,2020-05-14
2020-04-22,38.911939,-76.934912,Ward 7,2020-04-23
2020-04-22,38.910067,-76.936863,Ward 7,2020-04-23
2020-04-22,38.911893,-76.940059,Ward 7,2020-04-23
2020-04-22,38.893722,-76.937707,Ward 7,2020-04-28
2020-04-22,38.893554,-76.938469,Ward 7,2020-04-23
2020-04-22,38.895398,-76.936572,Ward 7,2020-04-28
2020-04-22,38.890305,-76.992245,Ward 6,2020-04-24
2020-04-22,38.975988,-77.024984,Ward 4,2020-04-25
2020-04-22,38.884904,-76.926306,Ward 7,2020-04-28
2020-04-22,38.902472,-76.929895,Ward 7,2020-04-28
2020-04-22,38.956044,-77.025979,Ward 4,2020-04-27
2020-04-22,38.897528,-76.987018,Ward 6,2020-04-27
2020-04-22,38.906833,-76.977850,Ward 5,2020-04-27
2020-04-22,38.937834,-77.031069,Ward 4,2020-04-27
2020-04-22,38.933213,-77.037559,Ward 1,2020-04-27
2020-04-22,38.853829,-76.971040,Ward 8,2020-04-27
2020-04-22,38.914225,-77.008717,Ward 5,2020-04-23
2020-04-22,38.953613,-77.010226,Ward 4,2020-04-27
2020-04-22,38.904081,-76.989919,Ward 5,2020-04-28
2020-04-22,38.940728,-76.995627,Ward 5,2020-04-24
2020-04-22,38.951110,-76.996660,Ward 5,2020-04-27
2020-04-22,38.974864,-77.036364,Ward 4,2020-04-29
2020-04-22,38.830679,-77.000799,Ward 8,2020-04-28
2020-04-22,38.953007,-77.014299,Ward 4,2020-04-29
2020-04-22,38.906999,-76.930222,Ward 7,2020-04-23
2020-04-22,38.897694,-76.937710,Ward 7,2020-04-28
2020-04-22,38.957877,-76.999399,Ward 4,2020-04-23
2020-04-22,38.906496,-76.981026,Ward 5,2020-04-27
2020-04-22,38.990117,-77.043540,Ward 4,2020-05-01
2020-04-23,38.903340,-77.012493,Ward 6,2020-04-24
2020-04-23,38.897719,-76.985258,Ward 6,2020-04-27
2020-04-23,38.904644,-76.989656,Ward 5,2020-04-23
2020-04-23,38.984813,-77.030284,Ward 4,2020-04-27
2020-04-23,38.906202,-76.984443,Ward 5,2020-04-24
2020-04-23,38.976001,-77.036007,Ward 4,2020-04-27
2020-04-23,38.976957,-77.035910,Ward 4,2020-04-27
2020-04-23,38.887765,-76.958402,Ward 7,2020-04-28
2020-04-23,38.910534,-77.009902,Ward 5,2020-04-27
2020-04-23,38.850150,-76.975090,Ward 8,2020-04-28
2020-04-23,38.871183,-76.940067,Ward 7,2020-04-28
2020-04-23,38.875323,-76.937631,Ward 7,2020-04-28
2020-04-23,38.887247,-76.928071,Ward 7,2020-04-28
2020-04-23,38.935128,-77.026279,Ward 1,2020-05-04
2020-04-23,38.913633,-77.024276,Ward 6,2020-04-27
2020-04-23,38.886500,-76.925249,Ward 7,2020-04-28
2020-04-23,38.868826,-76.943190,Ward 7,2020-04-29
2020-04-23,38.855849,-76.975714,Ward 8,2020-05-04
2020-04-23,38.944865,-77.043549,Ward 4,2020-04-28
2020-04-23,38.941364,-77.024772,Ward 4,2020-04-28
2020-04-23,38.957324,-77.017602,Ward 4,2020-04-27
2020-04-23,38.937511,-77.021218,Ward 4,2020-04-24
2020-04-23,38.955384,-76.991385,Ward 5,2020-04-27
2020-04-23,38.936600,-77.033381,Ward 1,2020-04-27
2020-04-23,38.949211,-76.982232,Ward 5,2020-04-27
2020-04-23,38.953716,-76.989982,Ward 5,2020-04-27
2020-04-23,38.917866,-77.006697,Ward 5,2020-04-27
2020-04-23,38.914294,-77.008458,Ward 5,2020-04-27
2020-04-23,38.915045,-77.018573,Ward 1,2020-04-28
2020-04-23,38.914225,-77.008717,Ward 5,2020-04-27
2020-04-23,38.834480,-76.995045,Ward 8,2020-04-28
2020-04-23,38.903864,-76.998215,Ward 6,2020-04-29
2020-04-23,38.958519,-77.010170,Ward 4,2020-04-29
2020-04-23,38.895647,-76.980986,Ward 6,2020-04-27
2020-04-23,38.939957,-77.029969,Ward 4,2020-04-27
2020-04-24,38.834330,-77.009897,Ward 8,2020-04-27
2020-04-24,38.967960,-77.019898,Ward 4,2020-04-27
2020-04-24,38.925834,-76.969255,Ward 5,2020-04-27
2020-04-24,38.934935,-77.030575,Ward 1,2020-05-04
2020-04-24,38.893323,-76.984796,Ward 6,2020-04-28
2020-04-24,38.903023,-76.934944,Ward 7,2020-04-29
2020-04-24,38.928360,-76.960236,Ward 5,2020-04-29
2020-04-24,38.908887,-77.011417,Ward 5,2020-04-29
2020-04-24,38.903864,-76.998215,Ward 6,2020-04-29
2020-04-24,38.886379,-76.954187,Ward 7,2020-04-28
2020-04-24,38.832558,-76.987177,Ward 8,2020-04-28
2020-04-24,38.897382,-76.917446,Ward 7,2020-05-06
2020-04-24,38.931335,-76.975168,Ward 5,2020-04-29
2020-04-24,38.915045,-77.018573,Ward 1,2020-04-28
2020-04-24,38.948983,-77.021451,Ward 4,2020-04-29
2020-04-24,38.917324,-77.016383,Ward 1,2020-04-27
2020-04-24,38.846772,-76.983610,Ward 8,2020-05-06
2020-04-24,38.902064,-76.989153,Ward 6,2020-04-28
2020-04-24,38.895649,-76.980479,Ward 6,2020-04-27
2020-04-24,38.943109,-77.013074,Ward 4,2020-04-29
2020-04-24,38.892820,-76.985253,Ward 6,2020-04-28
2020-04-24,38.847803,-77.000399,Ward 8,2020-04-28
2020-04-24,38.902541,-76.989135,Ward 5,2020-04-27
2020-04-24,38.906081,-76.987052,Ward 5,2020-05-14
2020-04-24,38.910413,-76.986208,Ward 5,2020-04-27
2020-04-24,38.934360,-77.052568,Ward 3,2020-04-29
2020-04-24,38.906038,-76.986950,Ward 5,2020-04-29
2020-04-24,38.920452,-77.040208,Ward 1,2020-05-07
2020-04-24,38.905399,-76.974920,Ward 5,2020-04-30
2020-04-25,38.868907,-76.980290,Ward 8,2020-05-06
2020-04-25,38.868830,-76.979541,Ward 8,2020-04-30
2020-04-25,38.903074,-76.994249,Ward 6,2020-04-29
2020-04-25,38.940989,-76.984556,Ward 5,2020-04-30
2020-04-25,38.910342,-76.986290,Ward 5,2020-04-28
2020-04-25,38.941364,-77.024772,Ward 4,2020-04-28
2020-04-25,38.904406,-76.937621,Ward 7,2020-04-30
2020-04-25,38.898036,-76.981513,Ward 6,2020-04-30
2020-04-25,38.920666,-77.040042,Ward 1,2020-05-06
2020-04-25,38.900873,-76.976223,Ward 5,2020-04-30
2020-04-25,38.953200,-77.010965,Ward 4,2020-04-30
2020-04-25,38.912837,-77.034765,Ward 2,2020-05-06
2020-04-25,38.920593,-77.040480,Ward 1,2020-04-27
2020-04-25,38.912033,-77.051381,Ward 2,2020-04-28
2020-04-26,38.925636,-77.023159,Ward 1,2020-04-27
2020-04-26,38.920160,-76.985074,Ward 5,2020-04-29
2020-04-26,38.913142,-76.987423,Ward 5,2020-04-28
2020-04-26,38.962702,-77.025967,Ward 4,2020-04-30
2020-04-26,38.916039,-77.029289,Ward 1,2020-05-07
2020-04-26,38.910546,-77.035299,Ward 2,2020-05-06
2020-04-26,38.897690,-76.937049,Ward 7,2020-04-30
2020-04-27,38.867926,-76.945330,Ward 7,2020-05-04
2020-04-27,38.846372,-76.997284,Ward 8,2020-04-28
2020-04-27,38.990117,-77.043540,Ward 4,2020-05-01
2020-04-27,38.949818,-77.016857,Ward 4,2020-05-05
2020-04-27,38.891044,-76.946476,Ward 7,2020-04-29
2020-04-27,38.907768,-77.024468,Ward 2,2020-05-05
2020-04-27,38.869893,-76.960196,Ward 7,2020-04-28
2020-04-27,38.915756,-77.012781,Ward 5,2020-05-04
2020-04-27,38.884295,-76.981204,Ward 6,2020-05-07
2020-04-27,38.861881,-76.982505,Ward 8,2020-05-07
2020-04-27,38.904906,-76.998745,Ward 6,2020-04-30
2020-04-27,38.904906,-76.998745,Ward 6,2020-05-01
2020-04-27,38.905905,-77.029349,Ward 2,2020-05-06
2020-04-27,38.953200,-77.010965,Ward 4,2020-04-30
2020-04-27,38.910659,-77.011912,Ward 5,2020-04-30
2020-04-27,38.934965,-77.028757,Ward 1,2020-04-28
2020-04-27,38.893490,-76.933126,Ward 7,2020-05-07
2020-04-27,38.895313,-76.992866,Ward 6,2020-05-07
2020-04-27,38.940907,-76.973128,Ward 5,2020-04-29
2020-04-28,38.893157,-76.922459,Ward 7,2020-04-29
2020-04-28,38.887764,-76.957702,Ward 7,2020-05-04
2020-04-28,38.902290,-76.974920,Ward 5,2020-04-29
2020-04-28,38.823178,-76.999274,Ward 8,2020-05-04
2020-04-28,38.925740,-77.026002,Ward 1,2020-04-29
2020-04-28,38.883236,-77.002038,Ward 6,2020-05-13
2020-04-28,38.949334,-77.008780,Null,2020-05-13
2020-04-28,38.893053,-76.952438,Ward 7,2020-05-04
2020-04-28,38.891463,-76.953997,Ward 7,2020-05-06
2020-04-28,38.891614,-76.953228,Ward 7,2020-05-22
2020-04-28,38.920442,-77.012710,Ward 5,2020-04-29
2020-04-28,38.892303,-76.993978,Ward 6,2020-04-29
2020-04-28,38.919429,-77.039177,Ward 1,2020-05-04
2020-04-28,38.987709,-77.034378,Ward 4,2020-05-05
2020-04-28,38.941881,-77.018930,Ward 4,2020-05-05
2020-04-28,38.885898,-76.985233,Ward 6,2020-05-04
2020-04-28,38.887401,-76.957006,Ward 7,2020-05-04
2020-04-28,38.924822,-77.038976,Ward 1,2020-04-29
2020-04-28,38.953357,-77.019019,Ward 4,2020-04-29
2020-04-28,38.842745,-77.002490,Ward 8,2020-04-30
2020-04-28,38.943474,-77.082486,Ward 3,2020-04-29
2020-04-28,38.869914,-76.967492,Ward 7,2020-04-29
2020-04-28,38.831340,-76.989907,Ward 8,2020-04-29
2020-04-28,38.906876,-76.979839,Ward 5,2020-04-29
2020-04-28,38.953007,-77.014299,Ward 4,2020-05-05
2020-04-28,38.966341,-77.026559,Ward 4,2020-04-29
2020-04-28,38.909838,-77.012599,Ward 5,2020-05-04
2020-04-28,38.951274,-77.027990,Ward 4,2020-05-05
2020-04-28,38.903284,-76.993051,Ward 6,2020-05-04
2020-04-28,38.949211,-77.019546,Ward 4,2020-04-29
2020-04-28,38.964215,-77.001083,Ward 4,2020-04-29
2020-04-28,38.878881,-76.939046,Ward 7,2020-05-04
2020-04-28,38.910660,-76.987130,Ward 5,2020-04-29
2020-04-28,38.905826,-76.975741,Ward 5,2020-04-29
2020-04-28,38.908573,-77.024591,Ward 2,2020-05-13
2020-04-28,38.931696,-77.034598,Ward 1,2020-05-06
2020-04-28,38.891103,-76.937000,Ward 7,2020-05-04
2020-04-28,38.906564,-76.946293,Ward 7,2020-05-22
2020-04-28,38.924015,-77.030313,Ward 1,2020-05-04
2020-04-28,38.905483,-77.020107,Ward 6,2020-04-29
2020-04-28,38.887785,-76.987298,Ward 6,2020-05-04
2020-04-28,38.918380,-76.999839,Ward 5,2020-05-04
2020-04-28,38.906451,-77.025706,Ward 2,2020-04-29
2020-04-29,38.930432,-77.019666,Ward 1,2020-04-29
2020-04-29,38.923993,-77.030254,Ward 1,2020-05-04
2020-04-29,38.924822,-77.038976,Ward 1,2020-04-29
2020-04-29,38.940907,-76.973128,Ward 5,2020-05-04
2020-04-29,38.919682,-77.034255,Ward 1,2020-05-04
2020-04-29,38.939590,-77.032416,Ward 4,2020-05-05
2020-04-29,38.921434,-77.054520,Ward 3,2020-04-29
2020-04-29,38.914986,-77.009596,Ward 5,2020-04-30
2020-04-29,38.914986,-77.009596,Ward 5,2020-04-30
2020-04-29,38.902265,-76.997836,Ward 6,2020-05-04
2020-04-29,38.938650,-77.018367,Ward 4,2020-05-05
2020-04-29,38.905479,-77.017339,Ward 2,2020-05-04
2020-04-29,38.893382,-76.922357,Ward 7,2020-05-01
2020-04-29,38.883805,-76.960592,Ward 7,2020-04-30
2020-04-29,38.916998,-77.002417,Ward 5,2020-04-30
2020-04-29,38.909874,-76.986115,Ward 5,2020-05-04
2020-04-29,38.878989,-76.930857,Ward 7,2020-05-04
2020-04-29,38.884047,-77.000800,Ward 6,2020-04-30
2020-04-29,38.949428,-77.019368,Ward 4,2020-05-05
2020-04-29,38.920763,-77.002766,Ward 5,2020-05-13
2020-04-29,38.850555,-76.965767,Ward 8,2020-05-04
2020-04-29,38.850045,-76.966477,Ward 8,2020-04-30
2020-04-29,38.844527,-76.998848,Ward 8,2020-05-01
2020-04-29,38.933946,-77.024744,Ward 1,2020-05-04
2020-04-29,38.896481,-76.983873,Ward 6,2020-04-30
2020-04-29,38.937820,-77.030370,Ward 4,2020-05-05
2020-04-29,38.937513,-77.022236,Ward 4,2020-05-05
2020-04-29,38.924181,-77.026790,Ward 1,2020-04-30
2020-04-29,38.924314,-77.026812,Ward 1,2020-04-30
2020-04-29,38.925670,-77.026144,Ward 1,2020-04-30
2020-04-29,38.925497,-77.029481,Ward 1,2020-05-04
2020-04-29,38.924991,-77.028233,Ward 1,2020-05-04
2020-04-29,38.915224,-77.007996,Ward 5,2020-05-01
2020-04-29,38.913095,-77.008085,Ward 5,2020-04-30
2020-04-29,38.911700,-77.005826,Ward 5,2020-04-30
2020-04-29,38.911684,-77.005515,Ward 5,2020-04-30
2020-04-29,38.871646,-76.960280,Ward 7,2020-04-30
2020-04-29,38.906154,-77.029271,Ward 2,2020-05-05
2020-04-29,38.932449,-77.025784,Ward 1,2020-05-04
2020-04-29,38.948558,-77.015216,Ward 4,2020-05-13
2020-04-29,38.904551,-76.996673,Ward 6,2020-05-04
2020-04-29,38.887294,-76.981980,Ward 6,2020-05-04
2020-04-29,38.986536,-77.029684,Ward 4,2020-05-18
2020-04-30,38.910204,-77.034925,Ward 2,2020-05-05
2020-04-30,38.878793,-76.988563,Ward 6,2020-05-02
2020-04-30,38.856708,-76.957701,Ward 7,2020-05-04
2020-04-30,38.922043,-76.988578,Ward 5,2020-05-13
2020-04-30,38.903074,-76.994249,Ward 6,2020-05-08
2020-04-30,38.950666,-76.987006,Ward 5,2020-05-11
2020-04-30,38.862539,-76.964526,Ward 7,2020-05-06
2020-04-30,38.906836,-76.984095,Ward 5,2020-05-06
2020-04-30,38.955045,-77.018007,Ward 4,2020-05-01
2020-04-30,38.886705,-76.936571,Ward 7,2020-05-01
2020-04-30,38.961169,-77.019643,Ward 4,2020-05-05
2020-04-30,38.832246,-76.990380,Ward 8,2020-05-12
2020-04-30,38.887177,-76.936703,Ward 7,2020-05-01
2020-04-30,38.857740,-76.960460,Ward 7,2020-05-04
2020-04-30,38.933773,-77.035231,Ward 1,2020-05-12
2020-04-30,38.888885,-76.984445,Ward 6,2020-05-05
2020-04-30,38.945797,-77.020585,Ward 4,2020-05-05
2020-04-30,38.927184,-76.996880,Ward 5,2020-05-01
2020-04-30,38.953209,-77.011389,Ward 4,2020-05-04
2020-04-30,38.906441,-76.982742,Ward 5,2020-05-01
2020-04-30,38.914316,-77.033821,Ward 2,2020-05-05
2020-05-01,38.933034,-76.966550,Ward 5,2020-05-12
2020-05-01,38.933877,-76.965284,Ward 5,2020-05-12
2020-05-01,38.958150,-77.030262,Ward 4,2020-05-05
2020-05-01,38.904302,-76.992327,Ward 5,2020-05-04
2020-05-01,38.867582,-76.987024,Ward 8,2020-05-04
2020-05-01,38.857610,-76.960475,Ward 7,2020-05-05
2020-05-01,38.911703,-77.035674,Ward 2,2020-05-06
2020-05-01,38.853888,-76.983770,Ward 8,2020-05-12
2020-05-01,38.928397,-77.027169,Ward 1,2020-05-04
2020-05-01,38.915760,-77.007850,Ward 5,2020-05-04
2020-05-01,38.887847,-76.937063,Ward 7,2020-05-05
2020-05-01,38.918754,-76.988847,Ward 5,2020-05-06
2020-05-01,38.931234,-77.019216,Ward 1,2020-05-04
2020-05-01,38.939498,-77.015854,Ward 4,2020-05-06
2020-05-01,38.948424,-77.021068,Ward 4,2020-05-18
2020-05-01,38.963593,-77.018847,Ward 4,2020-05-06
2020-05-01,38.960820,-77.026763,Ward 4,2020-05-06
2020-05-01,38.946651,-77.030785,Ward 4,2020-05-06
2020-05-01,38.906891,-76.980794,Ward 5,2020-05-12
2020-05-01,38.911304,-77.035437,Ward 2,2020-05-06
2020-05-01,38.937504,-77.021594,Ward 4,2020-05-05
2020-05-01,38.890156,-76.938109,Ward 7,2020-05-04
2020-05-01,38.951227,-77.012330,Ward 4,2020-05-05
2020-05-01,38.862166,-76.959329,Ward 7,2020-05-04
2020-05-01,38.906085,-76.986055,Ward 5,2020-05-05
2020-05-01,38.880415,-76.943199,Ward 7,2020-05-05
2020-05-01,38.896041,-76.918879,Ward 7,2020-05-06
2020-05-01,38.893107,-76.913880,Ward 7,2020-05-06
2020-05-01,38.906971,-76.980742,Ward 5,2020-05-04
2020-05-01,38.902597,-76.987654,Ward 5,2020-05-04
2020-05-01,38.933143,-77.037416,Ward 1,2020-05-11
2020-05-02,38.924995,-77.031398,Ward 1,2020-05-11
2020-05-02,38.905441,-77.026187,Ward 2,2020-05-06
2020-05-02,38.953162,-77.011449,Ward 4,2020-05-05
2020-05-02,38.905441,-77.026187,Ward 2,2020-05-06
2020-05-02,38.965871,-77.026565,Ward 4,2020-05-06
2020-05-02,38.953845,-77.030350,Ward 4,2020-05-05
2020-05-02,38.857628,-76.954609,Ward 7,2020-05-12
2020-05-02,38.894970,-76.978784,Ward 6,2020-05-08
2020-05-02,38.896004,-76.920269,Ward 7,2020-05-06
2020-05-02,38.896481,-76.983873,Ward 6,2020-05-12
2020-05-02,38.923263,-77.003324,Ward 5,2020-05-06
2020-05-02,38.899550,-76.989273,Ward 6,2020-05-13
2020-05-02,38.915260,-77.018602,Ward 1,2020-05-11
2020-05-02,38.936526,-77.033237,Ward 1,2020-05-11
2020-05-02,38.936615,-77.033444,Ward 1,2020-05-11
2020-05-02,38.936615,-77.033444,Ward 1,2020-05-11
2020-05-03,38.902599,-76.970667,Ward 5,2020-05-05
2020-05-03,38.906038,-76.986950,Ward 5,2020-05-11
2020-05-03,38.890929,-76.983649,Ward 6,2020-05-13
2020-05-03,38.931038,-77.020476,Ward 1,2020-05-11
2020-05-03,38.906398,-77.067984,Ward 2,2020-05-07
2020-05-03,38.840504,-76.985433,Ward 8,2020-05-13
2020-05-03,38.890898,-76.958001,Ward 7,2020-05-04
2020-05-03,38.864075,-76.986094,Ward 8,2020-05-12
2020-05-03,38.911815,-77.027322,Ward 2,2020-05-04
2020-05-03,38.933476,-77.041692,Ward 1,2020-05-04
2020-05-03,38.916570,-77.002419,Ward 5,2020-05-11
2020-05-03,38.955466,-77.023414,Ward 4,2020-05-04
2020-05-03,38.923990,-77.030197,Ward 1,2020-05-11
2020-05-03,38.917938,-77.003766,Ward 5,2020-05-11
2020-05-03,38.870565,-77.011490,Ward 6,2020-05-08
2020-05-03,38.936244,-77.023949,Ward 1,2020-05-11
2020-05-03,38.939069,-77.027644,Ward 4,2020-05-06
2020-05-03,38.887798,-76.980287,Ward 6,2020-05-05
2020-05-03,38.915045,-77.018573,Ward 1,2020-05-11
2020-05-03,38.835001,-76.988173,Ward 8,2020-05-12
2020-05-03,38.943337,-77.074315,Ward 3,2020-05-06
2020-05-04,38.865644,-76.983187,Ward 8,2020-05-12
2020-05-04,38.920637,-76.986049,Ward 5,2020-05-11
2020-05-04,38.906398,-77.067984,Ward 2,2020-05-07
2020-05-04,38.896645,-76.983869,Ward 6,2020-05-12
2020-05-04,38.880016,-76.998259,Ward 6,2020-05-05
2020-05-04,38.925740,-77.026002,Ward 1,2020-05-11
2020-05-04,38.960709,-77.026423,Ward 4,2020-05-05
2020-05-04,38.960049,-77.028347,Ward 4,2020-05-12
2020-05-04,38.936199,-77.030290,Ward 1,2020-05-11
2020-05-04,38.957521,-77.019937,Ward 4,2020-05-13
2020-05-04,38.933518,-77.043411,Ward 1,2020-05-11
2020-05-04,38.934470,-77.030213,Ward 1,2020-05-11
2020-05-04,38.958518,-77.022414,Ward 4,2020-05-13
2020-05-04,38.897993,-76.978047,Ward 6,2020-05-12
2020-05-04,38.935166,-77.029983,Ward 1,2020-05-07
2020-05-04,38.929200,-77.024254,Ward 1,2020-05-05
2020-05-04,38.929764,-77.024528,Ward 1,2020-05-05
2020-05-04,38.966330,-77.025267,Ward 4,2020-05-06
2020-05-04,38.929606,-77.025876,Ward 1,2020-05-11
2020-05-04,38.931944,-77.022699,Ward 1,2020-05-11
2020-05-04,38.851611,-76.965953,Ward 8,2020-05-12
2020-05-04,38.896247,-76.976848,Ward 7,2020-05-06
2020-05-04,38.914645,-77.014433,Ward 5,2020-05-06
2020-05-04,38.898305,-76.981463,Ward 6,2020-05-12
2020-05-04,38.909592,-77.088656,Ward 3,2020-05-07
2020-05-04,38.889482,-76.952426,Ward 7,2020-05-06
2020-05-04,38.934299,-77.029373,Ward 1,2020-05-06
2020-05-04,38.977517,-77.019109,Ward 4,2020-05-15
2020-05-04,38.903499,-77.001170,Ward 6,2020-05-12
2020-05-05,38.899066,-76.920617,Ward 7,2020-05-05
2020-05-05,38.926913,-77.023612,Ward 1,2020-05-11
2020-05-05,38.894377,-76.978768,Ward 6,2020-05-12
2020-05-05,38.955938,-77.010387,Ward 4,2020-05-11
2020-05-05,38.898141,-76.980590,Ward 6,2020-05-07
2020-05-05,38.897271,-76.938575,Ward 7,2020-05-05
2020-05-05,38.897694,-76.937710,Ward 7,2020-05-06
2020-05-05,38.906586,-76.986500,Ward 5,2020-05-11
2020-05-05,38.905288,-76.985759,Ward 5,2020-05-11
2020-05-05,38.940177,-77.026830,Ward 4,2020-05-11
2020-05-05,38.940991,-77.030633,Ward 4,2020-05-12
2020-05-05,38.897920,-76.994730,Ward 6,2020-05-08
2020-05-05,38.923007,-77.032343,Ward 1,2020-05-07
2020-05-05,38.930774,-77.037675,Ward 1,2020-05-11
2020-05-05,38.883872,-76.943395,Ward 7,2020-05-06
2020-05-05,38.901495,-76.974399,Ward 5,2020-05-06
2020-05-05,38.924707,-77.035160,Ward 1,2020-05-11
2020-05-05,38.901495,-76.974399,Ward 5,2020-05-06
2020-05-05,38.902939,-76.979835,Ward 5,2020-05-06
2020-05-05,38.902938,-76.980280,Ward 5,2020-05-06
2020-05-05,38.920680,-77.075467,Ward 3,2020-05-13
2020-05-05,38.868055,-76.984004,Ward 8,2020-05-13
2020-05-05,38.930098,-77.018381,Ward 1,2020-05-11
2020-05-05,38.937175,-77.032421,Ward 4,2020-05-12
2020-05-05,38.920393,-77.002216,Ward 5,2020-05-16
2020-05-05,38.825013,-77.010540,Ward 8,2020-05-13
2020-05-05,38.861898,-76.981942,Ward 8,2020-05-13
2020-05-05,38.851500,-76.966552,Ward 8,2020-05-06
2020-05-05,38.949913,-77.014496,Ward 4,2020-05-12
2020-05-05,38.949913,-77.014496,Ward 4,2020-05-12
2020-05-05,38.943915,-77.022326,Ward 4,2020-05-11
2020-05-05,38.929067,-77.042362,Ward 1,2020-05-06
2020-05-05,38.929514,-77.041995,Ward 1,2020-05-06
2020-05-05,38.833524,-76.989132,Ward 8,2020-05-12
2020-05-05,38.929451,-77.030273,Ward 1,2020-05-11
2020-05-05,38.900534,-76.976220,Ward 5,2020-05-06
2020-05-05,38.902516,-76.976214,Ward 5,2020-05-06
2020-05-05,38.912735,-76.984446,Ward 5,2020-05-11
2020-05-05,38.914094,-77.031951,Null,2020-05-06
2020-05-05,38.877000,-76.931470,Ward 7,2020-05-13
2020-05-05,38.876706,-76.931426,Ward 7,2020-05-13
2020-05-05,38.910204,-77.034925,Ward 2,2020-05-11
2020-05-05,38.879880,-76.998477,Ward 6,2020-05-13
2020-05-05,38.956637,-77.020747,Ward 4,2020-05-07
2020-05-06,38.905399,-76.974920,Ward 5,2020-05-11
2020-05-06,38.931089,-77.022855,Ward 1,2020-05-18
2020-05-06,38.907442,-76.980682,Ward 5,2020-05-07
2020-05-06,38.866657,-76.981947,Ward 8,2020-05-07
2020-05-06,38.926224,-77.025578,Ward 1,2020-05-07
2020-05-06,38.831752,-76.990532,Ward 8,2020-05-12
2020-05-06,38.833203,-76.993842,Ward 8,2020-05-12
2020-05-06,38.920469,-77.075890,Ward 3,2020-05-12
2020-05-06,38.933007,-77.028336,Ward 1,2020-05-11
2020-05-06,38.837058,-76.991011,Ward 8,2020-05-12
2020-05-06,38.933007,-77.028336,Ward 1,2020-05-11
2020-05-06,38.917474,-77.040418,Ward 1,2020-05-07
2020-05-06,38.953136,-77.032619,Ward 4,2020-05-11
2020-05-06,38.920160,-76.985430,Ward 5,2020-05-13
2020-05-06,38.905050,-76.988821,Ward 5,2020-05-11
2020-05-06,38.904986,-76.938765,Ward 7,2020-05-08
2020-05-06,38.956019,-77.000585,Ward 4,2020-05-07
2020-05-06,38.868393,-76.983792,Ward 8,2020-05-13
2020-05-06,38.859644,-76.996103,Ward 8,2020-05-13
2020-05-06,38.908074,-76.981136,Ward 5,2020-05-07
2020-05-06,38.885987,-76.930503,Ward 7,2020-05-11
2020-05-06,38.955138,-77.021601,Ward 4,2020-05-07
2020-05-06,38.905426,-76.976454,Ward 5,2020-05-11
2020-05-06,38.949562,-77.032709,Ward 4,2020-05-12
2020-05-06,38.955045,-77.018007,Ward 4,2020-05-11
2020-05-06,38.897690,-76.937049,Ward 7,2020-05-13
2020-05-06,38.905470,-76.999289,Ward 6,2020-05-08
2020-05-06,38.955045,-77.018007,Ward 4,2020-05-12
2020-05-06,38.917027,-76.955032,Ward 5,2020-05-11
2020-05-06,38.908374,-76.985978,Ward 5,2020-05-11
2020-05-06,38.906881,-76.981050,Ward 5,2020-05-13
2020-05-06,38.905047,-76.991611,Ward 5,2020-05-11
2020-05-06,38.904200,-76.991330,Ward 5,2020-05-07
2020-05-07,38.865705,-76.983164,Ward 8,2020-05-08
2020-05-07,38.948761,-77.015490,Ward 4,2020-05-08
2020-05-07,38.949849,-77.015962,Ward 4,2020-05-08
2020-05-07,38.841694,-76.983586,Ward 8,2020-05-12
2020-05-07,38.832684,-76.988975,Ward 8,2020-05-12
2020-05-07,38.898572,-76.977470,Ward 6,2020-05-07
2020-05-07,38.843198,-76.979386,Ward 8,2020-05-12
2020-05-07,38.869689,-76.966167,Ward 7,2020-05-13
2020-05-07,38.890732,-76.981160,Ward 6,2020-05-14
2020-05-07,38.965897,-77.026390,Ward 4,2020-05-12
2020-05-07,38.969757,-77.013659,Ward 4,2020-05-12
2020-05-07,38.871122,-76.981975,Ward 8,2020-05-21
2020-05-07,38.853858,-76.983593,Ward 8,2020-05-08
2020-05-07,38.951758,-77.022759,Ward 4,2020-05-11
2020-05-07,38.909413,-77.080692,Ward 3,2020-05-08
2020-05-07,38.902963,-76.994442,Ward 6,2020-05-08
2020-05-07,38.880016,-76.998259,Ward 6,2020-05-14
2020-05-07,38.878583,-76.928130,Ward 7,2020-05-13
2020-05-07,38.951739,-77.081463,Ward 3,2020-05-08
2020-05-07,38.880063,-76.964571,Ward 7,2020-05-08
2020-05-07,38.908183,-77.024524,Ward 2,2020-05-12
2020-05-07,38.948600,-76.991139,Ward 5,2020-05-26
2020-05-07,38.906675,-76.986711,Ward 5,2020-05-11
2020-05-07,38.906836,-76.984095,Ward 5,2020-05-12
2020-05-07,38.908276,-76.986584,Ward 5,2020-05-11
2020-05-07,38.906169,-76.988069,Ward 5,2020-05-11
2020-05-07,38.932074,-77.025744,Ward 1,2020-05-08
2020-05-07,38.934662,-77.036814,Ward 1,2020-05-18
2020-05-07,38.915169,-77.015489,Ward 1,2020-05-12
2020-05-07,38.917193,-77.015666,Ward 1,2020-05-11
2020-05-07,38.917693,-77.017988,Ward 1,2020-05-11
2020-05-07,38.924528,-77.030124,Ward 1,2020-05-18
2020-05-07,38.893813,-76.928047,Ward 7,2020-05-08
2020-05-07,38.897153,-76.995448,Ward 6,2020-05-11
2020-05-07,38.910966,-77.022461,Ward 6,2020-05-13
2020-05-08,38.944574,-77.013794,Ward 4,2020-05-12
2020-05-08,38.956729,-77.017196,Ward 4,2020-05-15
2020-05-08,38.894980,-76.975922,Ward 7,2020-05-11
2020-05-08,38.891261,-76.931869,Ward 7,2020-05-11
2020-05-08,38.870553,-76.979556,Ward 8,2020-05-13
2020-05-08,38.870552,-76.977981,Ward 8,2020-05-13
2020-05-08,38.945261,-77.026003,Ward 4,2020-05-15
2020-05-08,38.873108,-76.973683,Ward 8,2020-05-21
2020-05-08,38.945261,-77.026003,Ward 4,2020-05-15
2020-05-08,38.832246,-76.990380,Ward 8,2020-05-13
2020-05-08,38.929542,-77.016341,Ward 5,2020-06-10
2020-05-08,38.945261,-77.026003,Ward 4,2020-05-15
2020-05-08,38.905441,-77.026187,Ward 2,2020-05-19
2020-05-08,38.930602,-77.034672,Ward 1,2020-05-18
2020-05-08,38.930602,-77.034672,Ward 1,2020-05-18
2020-05-08,38.939512,-77.030521,Ward 4,2020-05-12
2020-05-08,38.856934,-76.981236,Ward 8,2020-05-11
2020-05-08,38.905905,-77.042991,Ward 2,2020-05-18
2020-05-08,38.829544,-77.000302,Ward 8,2020-05-11
2020-05-08,38.829372,-77.000261,Ward 8,2020-05-12
2020-05-08,38.880016,-76.998259,Ward 6,2020-05-14
2020-05-08,38.906566,-77.016405,Ward 6,2020-05-11
2020-05-08,38.929901,-77.030303,Ward 1,2020-05-11
2020-05-08,38.935029,-77.024716,Ward 1,2020-05-11
2020-05-08,38.935850,-77.020710,Ward 1,2020-05-11
2020-05-08,38.933826,-77.020607,Ward 1,2020-05-11
2020-05-08,38.933756,-77.021245,Ward 1,2020-05-11
2020-05-09,38.916039,-77.029289,Ward 1,2020-05-18
2020-05-09,38.930515,-77.038603,Ward 1,2020-05-19
2020-05-09,38.955464,-77.029429,Ward 4,2020-05-18
2020-05-09,38.941541,-77.014243,Ward 4,2020-05-15
2020-05-09,38.929451,-77.030273,Ward 1,2020-05-11
2020-05-09,38.935464,-77.037200,Ward 1,2020-05-18
2020-05-09,38.949818,-77.016857,Ward 4,2020-05-15
2020-05-09,38.910976,-77.027848,Ward 2,2020-05-18
2020-05-09,38.899099,-76.985092,Ward 6,2020-05-12
2020-05-09,38.872565,-76.979232,Ward 8,2020-05-12
2020-05-09,38.944228,-77.023865,Ward 4,2020-05-12
2020-05-09,38.908887,-77.011417,Ward 5,2020-05-13
2020-05-09,38.905483,-77.020107,Ward 6,2020-05-13
2020-05-09,38.912330,-76.986888,Ward 5,2020-05-12
2020-05-09,38.928828,-76.982631,Ward 5,2020-05-16
2020-05-09,38.909465,-77.014274,Ward 5,2020-05-16
2020-05-09,38.953152,-77.012649,Ward 4,2020-05-15
2020-05-09,38.924495,-76.991577,Ward 5,2020-05-16
2020-05-10,38.905441,-77.026187,Ward 2,2020-05-19
2020-05-10,38.947086,-77.020964,Ward 4,2020-05-15
2020-05-10,38.921621,-76.976466,Ward 5,2020-05-14
2020-05-10,38.955938,-77.010387,Ward 4,2020-05-15
2020-05-10,38.904873,-76.981835,Ward 5,2020-05-13
2020-05-10,38.919984,-76.977286,Ward 5,2020-05-16
2020-05-10,38.920695,-76.979708,Ward 5,2020-05-20
2020-05-10,38.895003,-77.031353,Ward 2,2020-05-11
2020-05-10,38.930814,-77.023775,Ward 1,2020-05-11
2020-05-10,38.957913,-77.020255,Ward 4,2020-05-18
2020-05-10,38.842032,-77.004132,Ward 8,2020-05-12
2020-05-10,38.906038,-76.986950,Ward 5,2020-05-13
2020-05-10,38.903907,-76.995699,Ward 6,2020-05-12
2020-05-10,38.919039,-77.001813,Ward 5,2020-05-13
2020-05-10,38.930544,-77.038287,Ward 1,2020-05-13
2020-05-10,38.930515,-77.038603,Ward 1,2020-05-19
2020-05-11,38.917921,-77.008378,Ward 5,2020-05-20
2020-05-11,38.913632,-76.985003,Ward 5,2020-05-16
2020-05-11,38.957687,-77.020898,Ward 4,2020-05-15
2020-05-11,38.901786,-77.000347,Ward 6,2020-05-13
2020-05-11,38.929992,-77.020613,Ward 1,2020-05-11
2020-05-11,38.954627,-77.018000,Ward 4,2020-05-15
2020-05-11,38.933798,-77.022532,Ward 1,2020-05-19
2020-05-11,38.907729,-76.985329,Ward 5,2020-05-13
2020-05-11,38.888440,-76.935700,Ward 7,2020-05-12
2020-05-11,38.894549,-76.922401,Ward 7,2020-05-12
2020-05-11,38.930788,-77.023199,Ward 1,2020-05-13
2020-05-11,38.905441,-77.026187,Ward 2,2020-05-19
2020-05-11,38.906812,-77.021629,Ward 6,2020-05-19
2020-05-11,38.952046,-77.014698,Ward 4,2020-05-12
2020-05-11,38.899089,-76.990874,Ward 6,2020-05-12
2020-05-11,38.913115,-77.015464,Ward 5,2020-05-13
2020-05-11,38.858745,-76.966940,Ward 7,2020-05-12
2020-05-11,38.907499,-76.943324,Ward 7,2020-05-13
2020-05-11,38.904906,-76.998745,Ward 6,2020-05-13
2020-05-11,38.909225,-76.985907,Ward 5,2020-05-13
2020-05-11,38.915115,-77.015492,Ward 1,2020-05-12
2020-05-11,38.916057,-77.017826,Ward 1,2020-05-12
2020-05-11,38.930454,-77.038606,Ward 1,2020-05-18
2020-05-11,38.910913,-77.010564,Ward 5,2020-05-16
2020-05-11,38.928250,-77.027657,Ward 1,2020-05-20
2020-05-11,38.928387,-77.028396,Ward 1,2020-06-01
2020-05-11,38.926449,-77.030815,Ward 1,2020-05-12
2020-05-11,38.935393,-77.025323,Ward 4,2020-05-13
2020-05-11,38.939550,-77.021249,Ward 4,2020-05-13
2020-05-11,38.939503,-77.031746,Ward 4,2020-05-18
2020-05-11,38.905041,-76.999259,Ward 6,2020-05-12
2020-05-11,38.904906,-76.998745,Ward 6,2020-05-12
2020-05-12,38.893490,-76.933126,Ward 7,2020-05-12
2020-05-12,38.925169,-76.965162,Ward 5,2020-05-14
2020-05-12,38.825625,-76.999520,Ward 8,2020-05-18
2020-05-12,38.910104,-77.054624,Ward 2,2020-05-13
2020-05-12,38.908755,-77.023123,Ward 6,2020-05-13
2020-05-12,38.894483,-76.927042,Ward 7,2020-05-20
2020-05-12,38.941140,-77.024730,Ward 4,2020-05-13
2020-05-12,38.896870,-76.998670,Ward 6,2020-05-19
2020-05-12,38.899931,-76.927161,Ward 7,2020-05-13
2020-05-12,38.957611,-77.036034,Ward 4,2020-05-18
2020-05-12,38.897389,-76.916178,Ward 7,2020-05-13
2020-05-12,38.895003,-77.031353,Ward 2,2020-05-13
2020-05-12,38.879802,-76.926909,Ward 7,2020-05-18
2020-05-12,38.939893,-77.032428,Ward 4,2020-05-18
2020-05-12,38.939534,-77.032394,Ward 4,2020-05-18
2020-05-12,38.939590,-77.032416,Ward 4,2020-05-18
2020-05-12,38.933798,-77.022532,Ward 1,2020-05-19
2020-05-12,38.916628,-77.009042,Ward 5,2020-05-27
2020-05-12,38.939519,-77.030977,Ward 4,2020-05-18
2020-05-12,38.939535,-77.032149,Ward 4,2020-05-18
2020-05-12,38.905644,-77.025983,Ward 2,2020-05-14
2020-05-12,38.965451,-77.017777,Ward 4,2020-05-18
2020-05-12,38.866676,-76.943973,Ward 7,2020-05-13
2020-05-12,38.856632,-76.974791,Ward 8,2020-05-13
2020-05-12,38.930768,-77.041571,Ward 1,2020-05-13
2020-05-12,38.893051,-76.911144,Ward 7,2020-05-18
2020-05-12,38.917164,-77.003699,Ward 5,2020-05-20
2020-05-12,38.890598,-76.913373,Ward 7,2020-05-13
2020-05-12,38.827535,-77.009788,Ward 8,2020-05-13
2020-05-12,38.990117,-77.043540,Ward 4,2020-05-18
2020-05-12,38.884270,-76.931780,Ward 7,2020-05-18
2020-05-12,38.866033,-76.948999,Ward 7,2020-05-13
2020-05-12,38.833377,-76.997940,Ward 8,2020-05-18
2020-05-12,38.957095,-77.023682,Ward 4,2020-05-18
2020-05-12,38.929733,-77.022996,Ward 1,2020-05-13
2020-05-12,38.931466,-77.029953,Ward 1,2020-05-18
2020-05-12,38.934148,-77.030593,Ward 1,2020-05-18
2020-05-12,38.933727,-77.032420,Ward 1,2020-05-18
2020-05-12,38.928447,-77.034606,Ward 1,2020-05-18
2020-05-12,38.928523,-77.033621,Ward 1,2020-05-18
2020-05-12,38.925593,-77.040857,Ward 1,2020-05-13
2020-05-12,38.925283,-77.040400,Ward 1,2020-05-13
2020-05-12,38.931183,-77.032454,Ward 1,2020-05-13
2020-05-12,38.923990,-77.030197,Ward 1,2020-05-18
2020-05-12,38.904601,-76.982115,Ward 5,2020-05-13
2020-05-12,38.937784,-77.032232,Ward 4,2020-05-14
2020-05-12,38.913142,-76.987423,Ward 5,2020-05-13
2020-05-12,38.933228,-77.076798,Ward 3,2020-05-13
2020-05-12,38.912460,-77.036112,Ward 2,2020-05-13
2020-05-12,38.956658,-77.019195,Ward 4,2020-05-14
2020-05-13,38.985344,-77.031672,Ward 4,2020-05-21
2020-05-13,38.911304,-77.035437,Ward 2,2020-05-18
2020-05-13,38.934158,-77.028810,Ward 1,2020-05-18
2020-05-13,38.965328,-77.018460,Ward 4,2020-05-18
2020-05-13,38.929949,-77.026586,Ward 1,2020-05-19
2020-05-13,38.897704,-76.980885,Ward 6,2020-05-14
2020-05-13,38.920421,-76.964957,Ward 5,2020-05-16
2020-05-13,38.945728,-77.072746,Ward 3,2020-05-18
2020-05-13,38.926655,-76.983613,Ward 5,2020-05-16
2020-05-13,38.856367,-76.975147,Ward 8,2020-05-14
2020-05-13,38.885227,-76.935922,Ward 7,2020-05-19
2020-05-13,38.877232,-76.932239,Ward 7,2020-05-19
2020-05-13,38.876707,-76.932299,Ward 7,2020-05-19
2020-05-13,38.880575,-76.934747,Ward 7,2020-05-15
2020-05-13,38.892805,-76.953302,Ward 7,2020-05-14
2020-05-13,38.892933,-76.951199,Ward 7,2020-05-20
2020-05-13,38.968632,-77.019897,Ward 4,2020-05-27
2020-05-13,38.871732,-76.981022,Ward 8,2020-05-18
2020-05-13,38.869704,-76.981991,Ward 8,2020-05-18
2020-05-13,38.958217,-77.025335,Ward 4,2020-05-18
2020-05-13,38.831505,-76.991481,Ward 8,2020-05-14
2020-05-13,38.919174,-77.078774,Ward 3,2020-05-18
2020-05-13,38.905441,-77.026187,Ward 2,2020-05-19
2020-05-13,38.858198,-76.997774,Ward 8,2020-05-19
2020-05-13,38.950029,-76.992636,Ward 5,2020-05-26
2020-05-13,38.905406,-76.996902,Ward 6,2020-05-20
2020-05-13,38.904069,-76.983784,Ward 5,2020-05-20
2020-05-13,38.933942,-77.025034,Ward 1,2020-05-18
2020-05-13,38.913182,-76.986519,Ward 5,2020-05-29
2020-05-13,38.913558,-76.986199,Ward 5,2020-05-16
2020-05-13,38.931848,-77.026925,Ward 1,2020-05-18
2020-05-13,38.909599,-76.987609,Ward 5,2020-05-16
2020-05-13,38.921265,-77.031186,Ward 1,2020-05-19
2020-05-13,38.909348,-76.987772,Ward 5,2020-05-27
2020-05-13,38.921263,-77.031082,Ward 1,2020-05-14
2020-05-13,38.921268,-77.030943,Ward 1,2020-05-18
2020-05-13,38.941364,-77.024772,Ward 4,2020-05-15
2020-05-13,38.921267,-77.030495,Ward 1,2020-05-18
2020-05-13,38.909063,-76.984509,Ward 5,2020-05-16
2020-05-13,38.902695,-76.984959,Ward 5,2020-05-16
2020-05-13,38.924467,-77.029420,Ward 1,2020-05-14
2020-05-13,38.924094,-77.029420,Ward 1,2020-05-14
2020-05-13,38.931060,-77.041036,Ward 1,2020-05-18
2020-05-13,38.917093,-77.096819,Ward 3,2020-05-18
2020-05-13,38.927949,-77.026291,Ward 1,2020-05-14
2020-05-13,38.955104,-77.017511,Ward 4,2020-05-15
2020-05-13,38.925176,-77.030019,Ward 1,2020-05-18
2020-05-13,38.921262,-77.031036,Ward 1,2020-05-18
2020-05-13,38.897882,-76.976922,Ward 6,2020-05-19
2020-05-13,38.841694,-76.983586,Ward 8,2020-05-19
2020-05-13,38.896964,-76.920708,Ward 7,2020-05-15
2020-05-13,38.861329,-76.984548,Ward 8,2020-05-15
2020-05-13,38.929486,-77.041116,Ward 1,2020-05-18
2020-05-14,38.904519,-76.999764,Ward 6,2020-05-27
2020-05-14,38.961315,-77.009329,Ward 4,2020-05-20
2020-05-14,38.905396,-76.971953,Ward 5,2020-05-26
2020-05-14,38.897527,-76.985010,Ward 6,2020-05-19
2020-05-14,38.931224,-77.040236,Ward 1,2020-05-18
2020-05-14,38.892831,-76.919701,Ward 7,2020-05-15
2020-05-14,38.947711,-77.022693,Ward 4,2020-05-18
2020-05-14,38.908887,-77.011417,Ward 5,2020-05-26
2020-05-14,38.928816,-77.022673,Ward 1,2020-05-18
2020-05-14,38.968153,-77.020184,Ward 4,2020-05-18
2020-05-14,38.894970,-76.978784,Ward 6,2020-05-19
2020-05-14,38.914273,-77.019436,Ward 6,2020-05-22
2020-05-14,38.961504,-77.031313,Ward 4,2020-05-15
2020-05-14,38.907749,-77.009610,Ward 5,2020-05-27
2020-05-14,38.905110,-76.997104,Ward 6,2020-05-19
2020-05-14,38.876256,-76.931956,Ward 7,2020-05-19
2020-05-14,38.915732,-77.021376,Ward 1,2020-05-18
2020-05-14,38.925731,-77.023143,Ward 1,2020-05-18
2020-05-14,38.932964,-77.027216,Ward 1,2020-05-18
2020-05-14,38.906038,-76.986950,Ward 5,2020-05-26
2020-05-14,38.888440,-76.935700,Ward 7,2020-05-15
2020-05-14,38.895003,-77.031353,Ward 2,2020-05-18
2020-05-14,38.866549,-76.979273,Ward 8,2020-05-20
2020-05-14,38.957755,-77.036028,Ward 4,2020-05-18
2020-05-14,38.915192,-77.032289,Ward 2,2020-05-18
2020-05-14,38.880432,-76.963796,Ward 7,2020-05-15
2020-05-14,38.893186,-76.910139,Ward 7,2020-05-19
2020-05-14,38.856565,-76.974870,Ward 8,2020-05-19
2020-05-14,38.910263,-76.985635,Ward 5,2020-05-26
2020-05-14,38.841521,-76.975686,Ward 8,2020-05-15
2020-05-14,38.944281,-77.027316,Ward 4,2020-05-18
2020-05-14,38.852421,-76.965166,Ward 8,2020-05-20
2020-05-14,38.873871,-76.966820,Ward 7,2020-05-19
2020-05-14,38.827290,-77.006954,Ward 8,2020-05-19
2020-05-14,38.905399,-76.974920,Ward 5,2020-05-20
2020-05-14,38.882913,-77.001809,Ward 6,2020-05-19
2020-05-14,38.909572,-76.977284,Ward 5,2020-05-29
2020-05-14,38.922221,-77.033611,Ward 1,2020-05-18
2020-05-14,38.915793,-77.029285,Ward 1,2020-05-18
2020-05-14,38.896609,-76.941300,Ward 7,2020-05-15
2020-05-14,38.891975,-76.952298,Ward 7,2020-05-15
2020-05-14,38.891975,-76.952298,Ward 7,2020-05-15
2020-05-14,38.868424,-76.986884,Ward 8,2020-05-19
2020-05-14,38.895324,-76.998187,Ward 6,2020-05-20
2020-05-14,38.916490,-77.001844,Ward 5,2020-05-26
2020-05-14,38.915190,-77.003207,Ward 5,2020-05-20
2020-05-14,38.904906,-76.998745,Ward 6,2020-05-20
2020-05-14,38.905462,-77.018402,Ward 6,2020-05-22
2020-05-14,38.934394,-77.030358,Ward 1,2020-05-18
2020-05-14,38.891857,-76.988836,Ward 6,2020-05-20
2020-05-14,38.923596,-77.057203,Ward 3,2020-05-15
2020-05-14,38.937151,-77.032170,Ward 4,2020-05-23
2020-05-14,38.913002,-77.015462,Ward 5,2020-05-20
2020-05-14,38.902482,-76.927576,Ward 7,2020-05-19
2020-05-15,38.936472,-77.034183,Ward 1,2020-05-18
2020-05-15,38.906407,-76.986078,Ward 5,2020-05-26
2020-05-15,38.903996,-76.984110,Ward 5,2020-05-26
2020-05-15,38.894483,-76.927042,Ward 7,2020-05-27
2020-05-15,38.900911,-76.995915,Ward 6,2020-05-18
2020-05-15,38.903284,-76.993051,Ward 6,2020-05-27
2020-05-15,38.954650,-77.015032,Ward 4,2020-05-21
2020-05-15,38.931172,-77.040067,Ward 1,2020-05-18
2020-05-15,38.884217,-76.960521,Ward 7,2020-05-19
2020-05-15,38.944865,-77.043549,Ward 4,2020-05-27
2020-05-15,38.956425,-77.028993,Ward 4,2020-05-21
2020-05-15,38.947550,-77.080995,Ward 3,2020-05-18
2020-05-15,38.967285,-77.019578,Ward 4,2020-05-21
2020-05-15,38.906314,-76.936704,Ward 7,2020-06-10
2020-05-15,38.934896,-76.965837,Ward 5,2020-05-26
2020-05-15,38.934965,-77.028757,Ward 1,2020-05-18
2020-05-15,38.896404,-76.991830,Ward 6,2020-05-20
2020-05-15,38.921265,-77.031186,Ward 1,2020-05-19
2020-05-15,38.909469,-77.015390,Ward 5,2020-05-20
2020-05-15,38.925946,-77.023425,Ward 1,2020-05-20
2020-05-15,38.830314,-77.003364,Ward 8,2020-05-20
2020-05-15,38.835001,-76.988173,Ward 8,2020-05-18
2020-05-15,38.922147,-76.965026,Ward 5,2020-05-26
2020-05-15,38.922170,-76.963970,Ward 5,2020-05-26
2020-05-15,38.877359,-76.967054,Ward 7,2020-05-27
2020-05-15,38.881267,-76.991533,Ward 6,2020-05-19
2020-05-15,38.932289,-76.992835,Ward 5,2020-05-20
2020-05-15,38.904333,-76.939015,Ward 7,2020-05-18
2020-05-15,38.904333,-76.939015,Ward 7,2020-05-18
2020-05-15,38.904333,-76.939015,Ward 7,2020-05-18
2020-05-15,38.925504,-77.028932,Ward 1,2020-05-20
2020-05-15,38.925504,-77.028932,Ward 1,2020-05-20
2020-05-15,38.859647,-76.996848,Ward 8,2020-05-20
2020-05-15,38.896474,-76.996396,Ward 6,2020-05-18
2020-05-16,38.905441,-77.026187,Ward 2,2020-05-18
2020-05-16,38.897389,-76.932026,Ward 7,2020-05-19
2020-05-16,38.859647,-76.996848,Ward 8,2020-05-19
2020-05-16,38.835001,-76.988173,Ward 8,2020-05-19
2020-05-16,38.868650,-76.986597,Ward 8,2020-05-18
2020-05-16,38.931818,-77.039121,Ward 1,2020-05-18
2020-05-16,38.822709,-76.999800,Ward 8,2020-05-19
2020-05-16,38.874579,-76.973734,Ward 7,2020-05-26
2020-05-16,38.920224,-76.976303,Ward 5,2020-05-29
2020-05-16,38.902969,-76.987391,Ward 5,2020-05-19
2020-05-16,38.892105,-76.936982,Ward 7,2020-05-19
2020-05-16,38.923484,-77.045782,Ward 1,2020-05-20
2020-05-16,38.827616,-77.009260,Ward 8,2020-05-18
2020-05-16,38.898034,-76.977645,Ward 6,2020-05-19
2020-05-16,38.867413,-76.978750,Ward 8,2020-05-19
2020-05-16,38.947231,-77.018501,Ward 4,2020-05-23
2020-05-16,38.937784,-77.032232,Ward 4,2020-05-18
2020-05-16,38.894502,-76.988076,Ward 6,2020-05-19
2020-05-16,38.884217,-76.928887,Ward 7,2020-05-18
2020-05-16,38.923643,-76.975306,Ward 5,2020-05-20
2020-05-16,38.863620,-76.989922,Ward 8,2020-05-19
2020-05-16,38.922868,-77.027788,Ward 1,2020-05-20
2020-05-16,38.936915,-77.025120,Ward 4,2020-05-23
2020-05-16,38.936542,-77.025468,Ward 4,2020-05-18
2020-05-16,38.933337,-77.034421,Ward 1,2020-05-21
2020-05-17,38.916028,-77.000150,Ward 5,2020-05-20
2020-05-17,38.906548,-76.930442,Ward 7,2020-05-19
2020-05-17,38.873325,-76.975281,Ward 8,2020-05-20
2020-05-17,38.933031,-76.965129,Ward 5,2020-05-26
2020-05-17,38.944184,-77.026876,Ward 4,2020-05-23
2020-05-17,38.873640,-76.977102,Ward 8,2020-05-18
2020-05-17,38.979585,-77.029422,Ward 4,2020-05-23
2020-05-17,38.893905,-76.952317,Ward 7,2020-05-19
2020-05-17,38.941670,-77.014113,Ward 4,2020-05-19
2020-05-17,38.938366,-77.017178,Ward 4,2020-05-23
2020-05-17,38.943871,-77.023691,Ward 4,2020-05-19
2020-05-17,38.914253,-77.022582,Ward 1,2020-05-18
2020-05-17,38.875960,-77.017979,Ward 6,2020-05-20
2020-05-17,38.883687,-76.924847,Ward 7,2020-05-26
2020-05-17,38.936807,-77.021566,Ward 1,2020-05-20
2020-05-17,38.910932,-77.011631,Ward 5,2020-05-20
2020-05-17,38.934940,-77.027484,Ward 1,2020-05-20
2020-05-17,38.871242,-76.982033,Ward 8,2020-05-18
2020-05-18,38.933966,-77.024626,Ward 1,2020-06-01
2020-05-18,38.901124,-76.971478,Ward 5,2020-05-26
2020-05-18,38.931234,-77.019216,Ward 1,2020-05-20
2020-05-18,38.897719,-76.985258,Ward 6,2020-05-18
2020-05-18,38.921149,-77.073325,Ward 3,2020-05-18
2020-05-18,38.833375,-76.987138,Ward 8,2020-05-19
2020-05-18,38.903329,-77.011931,Ward 6,2020-05-22
2020-05-18,38.862403,-76.992419,Ward 8,2020-05-19
2020-05-18,38.895340,-76.996387,Ward 6,2020-05-20
2020-05-18,38.931935,-77.056571,Ward 3,2020-05-19
2020-05-18,38.929254,-76.993530,Ward 5,2020-05-20
2020-05-18,38.938415,-76.993289,Ward 5,2020-05-29
2020-05-18,38.933145,-76.982989,Ward 5,2020-05-20
2020-05-18,38.893712,-76.952520,Ward 7,2020-05-26
2020-05-18,38.913304,-77.034850,Ward 2,2020-05-20
2020-05-18,38.948725,-77.017710,Ward 4,2020-05-19
2020-05-18,38.896454,-76.918683,Ward 7,2020-05-26
2020-05-18,38.946528,-77.079386,Ward 3,2020-05-19
2020-05-18,38.954673,-77.035946,Ward 4,2020-06-02
2020-05-18,38.946987,-77.026372,Ward 4,2020-05-28
2020-05-18,38.929343,-77.018210,Ward 1,2020-06-01
2020-05-18,38.899412,-76.989070,Ward 6,2020-05-20
2020-05-18,38.943130,-77.034046,Ward 4,2020-05-28
2020-05-18,38.913896,-77.038694,Ward 2,2020-05-20
2020-05-18,38.933285,-77.037816,Ward 1,2020-05-19
2020-05-18,38.931264,-77.039315,Ward 1,2020-05-19
2020-05-18,38.934732,-77.029036,Ward 1,2020-05-19
2020-05-18,38.934047,-77.029436,Ward 1,2020-05-19
2020-05-18,38.933944,-77.021838,Ward 1,2020-05-19
2020-05-18,38.908162,-76.985358,Ward 5,2020-05-21
2020-05-18,38.933674,-77.021668,Ward 1,2020-05-19
2020-05-18,38.935192,-77.022792,Ward 1,2020-05-23
2020-05-18,38.924414,-77.025888,Ward 1,2020-05-23
2020-05-18,38.934380,-77.023411,Ward 1,2020-05-21
2020-05-18,38.934434,-77.022871,Ward 1,2020-05-19
2020-05-18,38.900911,-76.995915,Ward 6,2020-05-20
2020-05-18,38.934231,-77.022284,Ward 1,2020-05-23
2020-05-18,38.880909,-76.941082,Ward 7,2020-05-26
2020-05-18,38.960049,-77.028347,Ward 4,2020-05-28
2020-05-18,38.959873,-77.029406,Ward 4,2020-05-28
2020-05-18,38.959400,-77.029409,Ward 4,2020-05-28
2020-05-18,38.958555,-77.028873,Ward 4,2020-05-28
2020-05-18,38.861180,-76.984323,Ward 8,2020-05-26
2020-05-18,38.862734,-76.980251,Ward 8,2020-05-20
2020-05-18,38.896299,-76.997556,Ward 6,2020-05-20
2020-05-18,38.896299,-76.997556,Ward 6,2020-05-21
2020-05-18,38.946528,-77.079978,Ward 3,2020-05-19
2020-05-18,38.926224,-77.025578,Ward 1,2020-05-19
2020-05-18,38.907749,-77.009610,Ward 5,2020-05-27
2020-05-19,38.913488,-76.985321,Ward 5,2020-05-19
2020-05-19,38.912665,-76.984876,Ward 5,2020-05-19
2020-05-19,38.904235,-76.928303,Ward 7,2020-05-19
2020-05-19,38.914258,-77.042392,Ward 2,2020-05-21
2020-05-19,38.930846,-76.960488,Ward 5,2020-05-26
2020-05-19,38.903546,-76.979321,Ward 5,2020-05-21
2020-05-19,38.914915,-77.019115,Ward 6,2020-05-22
2020-05-19,38.894629,-76.954570,Ward 7,2020-05-21
2020-05-19,38.866681,-76.982431,Ward 8,2020-05-26
2020-05-19,38.929294,-77.018210,Ward 1,2020-06-01
2020-05-19,38.902686,-76.977861,Ward 5,2020-05-26
2020-05-19,38.952080,-77.030370,Ward 4,2020-05-28
2020-05-19,38.905905,-77.029349,Ward 2,2020-06-03
2020-05-19,38.867083,-76.979830,Ward 8,2020-05-29
2020-05-19,38.939388,-77.029372,Ward 4,2020-05-22
2020-05-19,38.884257,-76.931706,Ward 7,2020-05-29
2020-05-19,38.919089,-77.014973,Ward 1,2020-05-21
2020-05-19,38.872392,-76.971655,Ward 8,2020-05-26
2020-05-19,38.897528,-76.987018,Ward 6,2020-05-27
2020-05-19,38.914285,-77.040131,Ward 2,2020-05-21
2020-05-19,38.937218,-77.033223,Null,2020-05-27
2020-05-19,38.871183,-76.940067,Ward 7,2020-05-26
2020-05-19,38.919350,-76.980619,Ward 5,2020-05-26
2020-05-19,38.921291,-77.033589,Ward 1,2020-06-01
2020-05-19,38.887149,-76.937506,Ward 7,2020-05-26
2020-05-19,38.912334,-77.038796,Ward 2,2020-05-21
2020-05-19,38.928407,-77.037454,Ward 1,2020-06-02
2020-05-19,38.917392,-77.003699,Ward 5,2020-06-12
2020-05-19,38.905447,-76.973812,Ward 5,2020-05-20
2020-05-19,38.944087,-77.004772,Ward 5,2020-05-21
2020-05-19,38.902982,-76.980273,Ward 5,2020-05-26
2020-05-19,38.891695,-76.931727,Ward 7,2020-05-29
2020-05-19,38.936472,-77.034183,Ward 1,2020-06-01
2020-05-19,38.868650,-76.986597,Ward 8,2020-05-26
2020-05-19,38.926224,-77.025578,Ward 1,2020-06-02
2020-05-19,38.958835,-77.022431,Ward 4,2020-05-20
2020-05-19,38.922888,-77.044440,Ward 1,2020-05-20
2020-05-19,38.922059,-77.043920,Ward 1,2020-05-20
2020-05-19,38.906178,-76.941290,Ward 7,2020-05-22
2020-05-19,38.937233,-77.032409,Ward 4,2020-05-28
2020-05-19,38.920406,-77.046151,Ward 1,2020-05-20
2020-05-19,38.906165,-76.940913,Ward 7,2020-05-26
2020-05-19,38.919625,-77.045332,Ward 1,2020-05-20
2020-05-19,38.895978,-76.999809,Ward 6,2020-05-22
2020-05-19,38.896904,-77.001792,Ward 6,2020-05-27
2020-05-19,38.929592,-77.037972,Ward 1,2020-06-01
2020-05-19,38.905286,-76.990143,Ward 5,2020-05-20
2020-05-19,38.935210,-77.028259,Ward 1,2020-06-03
2020-05-19,38.975011,-77.019287,Ward 4,2020-05-21
2020-05-19,38.953864,-77.017933,Ward 4,2020-05-28
2020-05-19,38.867582,-76.987024,Ward 8,2020-05-27
2020-05-19,38.893962,-76.939426,Ward 7,2020-05-26
2020-05-19,38.917948,-77.039711,Ward 1,2020-06-05
2020-05-19,38.966840,-77.027888,Ward 4,2020-05-26
2020-05-20,38.957464,-77.031901,Ward 4,2020-05-28
2020-05-20,38.903546,-76.979321,Ward 5,2020-05-21
2020-05-20,38.918386,-77.000297,Ward 5,2020-05-26
2020-05-20,38.878226,-76.985096,Ward 6,2020-05-27
2020-05-20,38.911732,-77.009392,Ward 5,2020-05-26
2020-05-20,38.912027,-77.011284,Ward 5,2020-05-26
2020-05-20,38.925798,-77.023847,Ward 1,2020-06-01
2020-05-20,38.934940,-77.027484,Ward 1,2020-06-03
2020-05-20,38.960636,-77.028277,Ward 4,2020-05-28
2020-05-20,38.959189,-77.030428,Ward 4,2020-05-20
2020-05-20,38.905496,-77.026540,Ward 2,2020-05-21
2020-05-20,38.913383,-76.983621,Ward 5,2020-05-21
2020-05-20,38.910376,-77.021126,Ward 6,2020-05-22
2020-05-20,38.873916,-76.934325,Ward 7,2020-05-21
2020-05-20,38.969731,-77.030356,Ward 4,2020-05-28
2020-05-20,38.873030,-76.976935,Ward 8,2020-05-26
2020-05-20,38.916121,-77.008132,Ward 5,2020-07-22
2020-05-20,38.910724,-76.936424,Ward 7,2020-05-21
2020-05-20,38.887798,-76.980287,Ward 6,2020-05-26
2020-05-20,38.933136,-77.024707,Ward 1,2020-06-01
2020-05-20,38.908113,-77.030190,Ward 2,2020-05-21
2020-05-20,38.863273,-76.952010,Ward 7,2020-05-21
2020-05-20,38.917938,-77.000129,Ward 5,2020-05-26
2020-05-20,38.867519,-76.945735,Ward 7,2020-05-21
2020-05-20,38.913488,-76.985321,Ward 5,2020-05-26
2020-05-20,38.905753,-76.994885,Ward 5,2020-05-26
2020-05-20,38.904873,-76.981835,Ward 5,2020-05-26
2020-05-20,38.864932,-76.945553,Ward 7,2020-05-26
2020-05-20,38.910342,-76.986290,Ward 5,2020-05-29
2020-05-20,38.923334,-77.033040,Ward 1,2020-06-01
2020-05-20,38.920787,-76.976678,Ward 5,2020-05-21
2020-05-20,38.867744,-76.986871,Ward 8,2020-05-29
2020-05-20,38.968369,-77.006993,Ward 4,2020-05-28
2020-05-20,38.877639,-76.930266,Ward 7,2020-05-21
2020-05-20,38.922147,-76.965026,Ward 5,2020-05-26
2020-05-20,38.925497,-77.031725,Ward 1,2020-06-01
2020-05-20,38.902972,-76.980763,Ward 5,2020-05-26
2020-05-20,38.927582,-77.026975,Ward 1,2020-06-03
2020-05-20,38.917447,-77.039496,Ward 1,2020-05-21
2020-05-20,38.909601,-76.984570,Ward 5,2020-06-03
2020-05-20,38.927695,-77.026255,Ward 1,2020-05-21
2020-05-20,38.917449,-77.040284,Ward 1,2020-05-26
2020-05-20,38.907245,-76.979594,Ward 5,2020-05-26
2020-05-20,38.917447,-77.039440,Ward 1,2020-05-21
2020-05-20,38.917448,-77.039553,Ward 1,2020-05-27
2020-05-20,38.910413,-76.986208,Ward 5,2020-05-26
2020-05-20,38.905529,-76.980399,Ward 5,2020-05-29
2020-05-20,38.917439,-77.039272,Ward 1,2020-05-21
2020-05-20,38.917449,-77.039948,Ward 1,2020-05-21
2020-05-20,38.902964,-76.979234,Ward 5,2020-05-26
2020-05-20,38.902724,-76.980431,Ward 5,2020-05-26
2020-05-20,38.917448,-77.039553,Ward 1,2020-05-21
2020-05-20,38.905623,-76.974771,Ward 5,2020-05-29
2020-05-20,38.908075,-76.985149,Ward 5,2020-05-29
2020-05-20,38.924302,-77.022737,Ward 1,2020-05-21
2020-05-20,38.896966,-76.996405,Ward 6,2020-05-27
2020-05-20,38.938151,-76.981817,Ward 5,2020-05-26
2020-05-20,38.840227,-76.999702,Ward 8,2020-05-29
2020-05-21,38.929068,-77.020305,Ward 1,2020-05-21
2020-05-21,38.926483,-77.041083,Ward 1,2020-06-02
2020-05-21,38.929706,-77.018633,Ward 1,2020-06-01
2020-05-21,38.914344,-77.042275,Ward 2,2020-06-02
2020-05-21,38.901487,-76.937589,Ward 7,2020-06-02
2020-05-21,38.903316,-76.931427,Ward 7,2020-05-22
2020-05-21,38.933024,-77.027436,Ward 1,2020-06-01
2020-05-21,38.837398,-77.004657,Ward 8,2020-05-29
2020-05-21,38.947876,-77.006398,Ward 5,2020-05-26
2020-05-21,38.901784,-76.987442,Ward 5,2020-05-27
2020-05-21,38.956017,-76.997356,Ward 5,2020-05-26
2020-05-21,38.950081,-76.987257,Ward 5,2020-05-26
2020-05-21,38.925636,-77.023159,Ward 1,2020-06-01
2020-05-21,38.941364,-77.024772,Ward 4,2020-05-28
2020-05-21,38.957611,-77.036034,Ward 4,2020-05-28
2020-05-21,38.846844,-76.996500,Ward 8,2020-05-26
2020-05-21,38.933035,-76.965599,Ward 5,2020-05-29
2020-05-21,38.887764,-76.980228,Ward 6,2020-05-26
2020-05-21,38.949101,-76.994712,Ward 5,2020-06-04
2020-05-21,38.904599,-76.983342,Ward 5,2020-05-29
2020-05-21,38.904688,-76.983573,Ward 5,2020-05-29
2020-05-21,38.908894,-76.982553,Ward 5,2020-05-27
2020-05-21,38.951739,-77.081463,Ward 3,2020-05-26
2020-05-21,38.871122,-76.981975,Ward 8,2020-05-29
2020-05-21,38.827290,-77.006954,Ward 8,2020-05-29
2020-05-21,38.902245,-76.995867,Ward 6,2020-05-22
2020-05-21,38.917164,-77.003699,Ward 5,2020-05-29
2020-05-21,38.958940,-77.018905,Ward 4,2020-05-28
2020-05-21,38.871146,-76.937640,Ward 7,2020-05-26
2020-05-21,38.953685,-77.017918,Ward 4,2020-05-28
2020-05-21,38.935255,-77.073071,Ward 3,2020-05-26
2020-05-21,38.950866,-77.019874,Ward 4,2020-05-28
2020-05-21,38.957631,-77.026326,Ward 4,2020-05-28
2020-05-21,38.950249,-77.013083,Ward 4,2020-05-28
2020-05-21,38.952051,-77.014507,Ward 4,2020-05-28
2020-05-21,38.932150,-77.035675,Ward 1,2020-06-01
2020-05-21,38.945264,-77.025704,Ward 4,2020-05-22
2020-05-21,38.844515,-77.001904,Ward 8,2020-05-26
2020-05-21,38.905110,-76.978690,Ward 5,2020-05-27
2020-05-21,38.927171,-76.976530,Ward 5,2020-05-29
2020-05-21,38.917972,-77.031509,Ward 1,2020-06-02
2020-05-21,38.911283,-77.011969,Ward 5,2020-05-26
2020-05-21,38.922654,-76.972620,Ward 5,2020-05-26
2020-05-21,38.920392,-77.002408,Ward 5,2020-05-29
2020-05-21,38.912040,-77.007953,Ward 5,2020-05-26
2020-05-21,38.917150,-77.007470,Ward 5,2020-05-26
2020-05-21,38.922836,-76.974734,Ward 5,2020-05-29
2020-05-21,38.911696,-77.009644,Ward 5,2020-05-26
2020-05-21,38.920020,-77.002366,Ward 5,2020-05-29
2020-05-21,38.970962,-77.011340,Ward 4,2020-05-26
2020-05-21,38.910208,-77.013840,Ward 5,2020-05-26
2020-05-21,38.918407,-77.003727,Ward 5,2020-05-26
2020-05-21,38.906916,-76.979818,Ward 5,2020-05-29
2020-05-22,38.918285,-77.037257,Ward 1,2020-06-03
2020-05-22,38.874951,-77.009722,Ward 6,2020-05-27
2020-05-22,38.898348,-76.925671,Ward 7,2020-06-01
2020-05-22,38.918267,-77.037196,Ward 1,2020-06-03
2020-05-22,38.910860,-76.939256,Ward 7,2020-05-28
2020-05-22,38.887249,-76.953838,Ward 7,2020-05-29
2020-05-22,38.832121,-77.007468,Ward 8,2020-05-26
2020-05-22,38.960000,-77.022692,Ward 4,2020-06-05
2020-05-22,38.886483,-76.951413,Ward 7,2020-05-29
2020-05-22,38.900201,-76.990240,Ward 6,2020-05-27
2020-05-22,38.950441,-76.988880,Ward 5,2020-05-28
2020-05-22,38.921874,-77.043077,Ward 1,2020-05-26
2020-05-22,38.908758,-77.046324,Ward 2,2020-06-02
2020-05-22,38.893353,-76.956518,Ward 7,2020-05-29
2020-05-22,38.858291,-76.965064,Ward 7,2020-06-03
2020-05-22,38.863457,-76.989802,Ward 8,2020-05-29
2020-05-22,38.855700,-76.995576,Ward 8,2020-05-29
2020-05-22,38.905286,-76.990143,Ward 5,2020-05-29
2020-05-22,38.970792,-77.019621,Ward 4,2020-06-02
2020-05-22,38.842325,-76.994474,Ward 8,2020-05-29
2020-05-22,38.906566,-77.016405,Ward 6,2020-05-27
2020-05-22,38.917984,-77.034823,Ward 1,2020-05-26
2020-05-22,38.901109,-76.994214,Ward 6,2020-05-27
2020-05-22,38.861881,-76.982505,Ward 8,2020-05-27
2020-05-22,38.917984,-77.034823,Ward 1,2020-05-26
2020-05-23,38.959036,-77.029963,Ward 4,2020-05-26
2020-05-23,38.931234,-77.019216,Ward 1,2020-06-01
2020-05-23,38.925161,-77.025079,Ward 1,2020-05-26
2020-05-23,38.925261,-77.024447,Ward 1,2020-06-01
2020-05-23,38.923248,-76.973321,Ward 5,2020-07-22
2020-05-23,38.925731,-77.023143,Ward 1,2020-05-26
2020-05-23,38.953649,-77.022180,Ward 4,2020-05-26
2020-05-23,38.943337,-77.074315,Ward 3,2020-05-28
2020-05-23,38.978182,-77.028971,Ward 4,2020-06-02
2020-05-23,38.904315,-76.932937,Ward 7,2020-05-27
2020-05-23,38.895570,-76.972680,Ward 7,2020-05-27
2020-05-23,38.901526,-76.994131,Ward 6,2020-05-29
2020-05-23,38.889799,-76.977257,Ward 7,2020-06-01
2020-05-23,38.930923,-77.039129,Ward 1,2020-05-26
2020-05-23,38.914170,-77.072481,Ward 2,2020-06-02
2020-05-23,38.926378,-77.078342,Ward 3,2020-05-26
2020-05-23,38.889346,-76.981998,Ward 6,2020-06-01
2020-05-23,38.914834,-77.041660,Ward 2,2020-05-26
2020-05-24,38.902883,-76.990884,Ward 6,2020-05-29
2020-05-24,38.928823,-77.026232,Ward 1,2020-05-26
2020-05-24,38.868586,-76.978786,Ward 8,2020-06-03
2020-05-24,38.933946,-77.024744,Ward 1,2020-06-01
2020-05-24,38.892691,-76.918055,Ward 7,2020-05-29
2020-05-24,38.899088,-76.988494,Ward 6,2020-06-01
2020-05-24,38.914480,-77.000990,Ward 5,2020-05-28
2020-05-24,38.897787,-76.974396,Ward 7,2020-05-26
2020-05-24,38.920040,-77.028302,Ward 1,2020-06-03
2020-05-24,38.895290,-76.982350,Ward 6,2020-05-27
2020-05-24,38.900873,-76.976223,Ward 5,2020-05-29
2020-05-25,38.880100,-76.932303,Ward 7,2020-06-01
2020-05-25,38.905975,-76.988963,Ward 5,2020-05-29
2020-05-25,38.949852,-77.013916,Ward 4,2020-06-02
2020-05-25,38.881826,-76.981085,Ward 6,2020-05-28
2020-05-25,38.839925,-76.989517,Ward 8,2020-05-29
2020-05-25,38.913558,-76.986199,Ward 5,2020-05-29
2020-05-25,38.889346,-76.981998,Ward 6,2020-06-01
2020-05-25,38.905905,-77.042991,Ward 2,2020-05-26
2020-05-25,38.933707,-77.024608,Ward 1,2020-06-01
2020-05-25,38.892831,-76.919701,Ward 7,2020-05-26
2020-05-25,38.951652,-77.030631,Ward 4,2020-06-02
2020-05-25,38.873599,-76.975282,Ward 8,2020-05-29
2020-05-25,38.970723,-77.036370,Ward 4,2020-05-27
2020-05-26,38.876124,-77.017794,Ward 6,2020-05-29
2020-05-26,38.926973,-77.030868,Ward 1,2020-05-26
2020-05-26,38.928584,-77.026882,Ward 1,2020-05-26
2020-05-26,38.927922,-77.026598,Ward 1,2020-06-01
2020-05-26,38.928607,-77.041849,Ward 1,2020-05-26
2020-05-26,38.928604,-77.041286,Ward 1,2020-05-26
2020-05-26,38.928606,-77.040979,Ward 1,2020-05-26
2020-05-26,38.928609,-77.039748,Ward 1,2020-05-26
2020-05-26,38.922059,-77.043852,Ward 1,2020-05-26
2020-05-26,38.935181,-77.035762,Ward 1,2020-05-26
2020-05-26,38.930098,-77.018381,Ward 1,2020-06-01
2020-05-26,38.903074,-76.994249,Ward 6,2020-05-29
2020-05-26,38.903074,-76.994249,Ward 6,2020-06-10
2020-05-26,38.896111,-76.980712,Ward 7,2020-06-02
2020-05-26,38.896117,-76.992087,Ward 6,2020-06-16
2020-05-26,38.895960,-76.979170,Ward 6,2020-05-29
2020-05-26,38.823230,-76.999784,Ward 8,2020-06-01
2020-05-26,38.900911,-76.995915,Ward 6,2020-06-10
2020-05-26,38.903137,-76.999767,Ward 6,2020-06-10
2020-05-26,38.903500,-76.992434,Ward 6,2020-05-29
2020-05-26,38.874058,-76.936652,Ward 7,2020-05-29
2020-05-26,38.910220,-77.013004,Ward 5,2020-05-29
2020-05-26,38.932664,-77.034159,Ward 1,2020-06-05
2020-05-26,38.955608,-77.021323,Ward 4,2020-06-05
2020-05-26,38.913870,-77.000856,Ward 5,2020-05-29
2020-05-26,38.910036,-77.012415,Ward 5,2020-05-29
2020-05-26,38.928707,-77.025343,Ward 1,2020-05-27
2020-05-26,38.928544,-77.038337,Ward 1,2020-05-27
2020-05-26,38.928104,-77.038854,Ward 1,2020-05-27
2020-05-26,38.928606,-77.040916,Ward 1,2020-05-27
2020-05-26,38.928607,-77.040041,Ward 1,2020-05-27
2020-05-26,38.928604,-77.041218,Ward 1,2020-05-27
2020-05-26,38.876317,-76.966124,Ward 7,2020-06-03
2020-05-26,38.833226,-76.998314,Ward 8,2020-06-02
2020-05-26,38.909744,-76.986955,Ward 5,2020-05-27
2020-05-26,38.937671,-77.035630,Ward 4,2020-05-28
2020-05-26,38.898033,-76.985239,Ward 6,2020-05-29
2020-05-26,38.912812,-77.015392,Ward 5,2020-06-02
2020-05-26,38.925243,-76.981025,Ward 5,2020-06-02
2020-05-26,38.902444,-76.975975,Ward 5,2020-05-29
2020-05-26,38.933039,-76.965262,Ward 5,2020-05-29
2020-05-26,38.910782,-76.987579,Ward 5,2020-05-29
2020-05-26,38.905396,-76.971953,Ward 5,2020-05-29
2020-05-27,38.827938,-77.008013,Ward 8,2020-05-28
2020-05-27,38.895622,-76.922437,Ward 7,2020-06-02
2020-05-27,38.935663,-77.023693,Ward 1,2020-06-01
2020-05-27,38.903084,-76.934640,Ward 7,2020-06-02
2020-05-27,38.851061,-76.976013,Ward 8,2020-05-28
2020-05-27,38.898718,-76.989049,Ward 6,2020-06-12
2020-05-27,38.889809,-76.999518,Ward 6,2020-06-13
2020-05-27,38.935242,-77.072445,Ward 3,2020-06-02
2020-05-27,38.945264,-77.025704,Ward 4,2020-06-02
2020-05-27,38.933174,-77.027281,Ward 1,2020-06-08
2020-05-27,38.948055,-77.033892,Ward 4,2020-06-02
2020-05-27,38.904933,-76.937255,Ward 7,2020-05-29
2020-05-27,38.918436,-77.000279,Ward 5,2020-06-02
2020-05-27,38.851509,-76.971047,Ward 8,2020-05-28
2020-05-27,38.957839,-76.996780,Ward 4,2020-06-02
2020-05-27,38.957582,-76.992382,Ward 4,2020-06-02
2020-05-27,38.970507,-77.028242,Ward 4,2020-06-02
2020-05-27,38.846933,-76.983453,Ward 8,2020-05-28
2020-05-27,38.905501,-76.937104,Ward 7,2020-06-18
2020-05-27,38.915792,-77.040993,Ward 2,2020-06-02
2020-05-27,38.909838,-77.012599,Ward 5,2020-05-29
2020-05-27,38.937842,-76.966823,Ward 5,2020-06-13
2020-05-27,38.900201,-76.981808,Ward 5,2020-05-29
2020-05-27,38.933304,-76.969512,Ward 5,2020-05-29
2020-05-27,38.938051,-76.973970,Ward 5,2020-05-29
2020-05-27,38.965113,-77.023527,Ward 4,2020-06-02
2020-05-27,38.909578,-76.983963,Ward 5,2020-05-29
2020-05-27,38.930346,-77.018630,Ward 1,2020-06-05
2020-05-27,38.906407,-76.986078,Ward 5,2020-05-29
2020-05-27,38.914999,-77.025741,Ward 1,2020-05-28
2020-05-27,38.915409,-77.026804,Ward 1,2020-05-28
2020-05-27,38.927854,-77.027033,Ward 1,2020-06-05
2020-05-27,38.965679,-77.023223,Ward 4,2020-06-02
2020-05-27,38.917953,-77.017526,Ward 1,2020-05-28
2020-05-27,38.912600,-77.003510,Ward 5,2020-06-13
2020-05-27,38.917719,-77.017797,Ward 1,2020-05-28
2020-05-27,38.916179,-77.017196,Ward 1,2020-05-28
2020-05-27,38.916490,-77.017209,Ward 1,2020-05-28
2020-05-27,38.918303,-77.001560,Ward 5,2020-06-02
2020-05-27,38.876039,-76.987718,Ward 6,2020-06-13
2020-05-27,38.917164,-77.003699,Ward 5,2020-05-29
2020-05-27,38.917945,-77.003701,Ward 5,2020-06-02
2020-05-27,38.902972,-76.980763,Ward 5,2020-06-02
2020-05-27,38.904891,-76.981882,Ward 5,2020-06-02
2020-05-27,38.928672,-76.984849,Ward 5,2020-06-02
2020-05-27,38.953230,-77.023419,Ward 4,2020-06-02
2020-05-27,38.929773,-77.022258,Ward 1,2020-06-05
2020-05-28,38.909829,-77.012655,Ward 5,2020-05-29
2020-05-28,38.914249,-77.023513,Ward 1,2020-06-02
2020-05-28,38.920479,-76.977538,Ward 5,2020-05-29
2020-05-28,38.859207,-76.997299,Ward 8,2020-06-01
2020-05-28,38.859878,-76.996622,Ward 8,2020-06-01
2020-05-28,38.903987,-76.983558,Ward 5,2020-05-28
2020-05-28,38.901323,-77.003568,Ward 6,2020-06-04
2020-05-28,38.896263,-76.991742,Ward 6,2020-06-03
2020-05-28,38.868586,-76.978786,Ward 8,2020-06-03
2020-05-28,38.942005,-77.015634,Ward 4,2020-06-05
2020-05-28,38.949818,-77.016857,Ward 4,2020-06-02
2020-05-28,38.869002,-76.984940,Ward 8,2020-06-02
2020-05-28,38.912394,-77.011458,Ward 5,2020-05-29
2020-05-28,38.956853,-77.033054,Ward 4,2020-06-05
2020-05-28,38.833871,-76.996157,Ward 8,2020-06-02
2020-05-28,38.911403,-77.015971,Ward 5,2020-06-02
2020-05-28,38.919086,-76.962383,Ward 5,2020-06-17
2020-05-28,38.954311,-77.012338,Ward 4,2020-06-02
2020-05-28,38.923729,-77.040588,Ward 1,2020-06-08
2020-05-28,38.925361,-77.025439,Ward 1,2020-06-05
2020-05-28,38.963088,-77.020508,Ward 4,2020-06-05
2020-05-28,38.910933,-77.018359,Ward 6,2020-06-11
2020-05-28,38.901784,-76.987442,Ward 5,2020-05-29
2020-05-28,38.932655,-77.031715,Ward 1,2020-06-05
2020-05-28,38.918991,-77.013043,Ward 5,2020-06-11
2020-05-28,38.946023,-76.990488,Ward 5,2020-06-11
2020-05-28,38.878739,-76.965363,Ward 7,2020-05-29
2020-05-28,38.950251,-76.992795,Ward 5,2020-05-29
2020-05-28,38.908732,-77.015404,Ward 5,2020-06-02
2020-05-28,38.904651,-76.983456,Ward 5,2020-06-02
2020-05-28,38.868687,-76.984868,Ward 8,2020-06-01
2020-05-28,38.847588,-77.004411,Ward 8,2020-06-02
2020-05-28,38.934184,-76.981489,Ward 5,2020-06-02
2020-05-28,38.954571,-77.015775,Ward 4,2020-06-02
2020-05-28,38.915089,-77.007991,Ward 5,2020-05-29
2020-05-28,38.880633,-77.003447,Ward 6,2020-06-16
2020-05-28,38.885347,-76.928328,Ward 7,2020-06-16
2020-05-28,38.930775,-77.024720,Ward 1,2020-05-29
2020-05-28,38.902064,-76.989153,Ward 6,2020-06-10
2020-05-29,38.883927,-76.978662,Ward 6,2020-06-01
2020-05-29,38.883101,-76.945960,Ward 7,2020-06-01
2020-05-29,38.922993,-76.991480,Ward 5,2020-06-03
2020-05-29,38.855506,-76.995194,Ward 8,2020-06-02
2020-05-29,38.937801,-77.032048,Ward 4,2020-06-05
2020-05-29,38.901508,-76.994450,Ward 6,2020-06-03
2020-05-29,38.907105,-76.986062,Ward 5,2020-06-03
2020-05-29,38.951323,-77.017843,Ward 4,2020-06-02
2020-05-29,38.917545,-77.005265,Ward 5,2020-05-29
2020-05-29,38.895340,-76.996387,Ward 6,2020-06-10
2020-05-29,38.949452,-77.016919,Ward 4,2020-06-02
2020-05-29,38.933640,-77.025490,Ward 1,2020-06-01
2020-05-29,38.903555,-76.977879,Ward 5,2020-06-24
2020-05-29,38.949299,-77.016609,Ward 4,2020-06-02
2020-05-29,38.934881,-77.035321,Ward 1,2020-06-01
2020-05-29,38.839990,-77.004838,Ward 8,2020-06-10
2020-05-29,38.933174,-77.027281,Ward 1,2020-06-08
2020-05-29,38.949307,-77.015504,Ward 4,2020-06-05
2020-05-29,38.864289,-76.977435,Ward 8,2020-06-01
2020-05-29,38.899677,-76.988698,Ward 6,2020-06-10
2020-05-29,38.827191,-76.998700,Ward 8,2020-06-17
2020-05-29,38.900889,-77.052784,Ward 2,2020-06-02
2020-05-29,38.900889,-77.052784,Ward 2,2020-06-02
2020-05-29,38.910760,-77.021660,Ward 6,2020-06-04
2020-05-29,38.906566,-77.016405,Ward 6,2020-06-11
2020-05-29,38.918991,-77.013100,Ward 5,2020-06-11
2020-05-29,38.936146,-76.968171,Ward 5,2020-06-11
2020-05-29,38.948915,-77.006681,Ward 5,2020-06-24
2020-05-29,38.922715,-77.039952,Ward 1,2020-06-01
2020-05-29,38.845594,-76.996156,Ward 8,2020-06-03
2020-05-29,38.908816,-77.055999,Ward 2,2020-06-01
2020-05-29,38.917601,-77.042658,Ward 1,2020-06-01
2020-05-29,38.913359,-77.014510,Ward 5,2020-06-02
2020-05-29,38.909453,-77.011230,Ward 5,2020-06-02
2020-05-29,38.917938,-77.000129,Ward 5,2020-06-02
2020-05-29,38.922646,-77.046639,Ward 1,2020-06-05
2020-05-29,38.821253,-77.007228,Ward 8,2020-06-13
2020-05-29,38.968369,-77.006993,Ward 4,2020-06-03
2020-05-29,38.914692,-77.008714,Ward 5,2020-06-11
2020-05-29,38.844415,-76.997218,Ward 8,2020-06-03
2020-05-29,38.937784,-77.032232,Ward 4,2020-06-05
2020-05-30,38.883694,-76.924929,Ward 7,2020-06-03
2020-05-30,38.954621,-77.015408,Ward 4,2020-06-05
2020-05-30,38.882610,-76.924886,Ward 7,2020-06-01
2020-05-30,38.929649,-76.973497,Ward 5,2020-06-03
2020-05-30,38.926000,-77.025543,Ward 1,2020-06-01
2020-05-30,38.910260,-77.021135,Ward 6,2020-06-04
2020-05-30,38.910593,-77.020723,Ward 6,2020-06-04
2020-05-30,38.955045,-77.018007,Ward 4,2020-06-02
2020-05-30,38.822885,-76.999584,Ward 8,2020-06-02
2020-05-30,38.955621,-77.018359,Ward 4,2020-06-05
2020-05-30,38.877359,-76.967054,Ward 7,2020-06-16
2020-05-30,38.877359,-76.967054,Ward 7,2020-06-02
2020-05-30,38.886448,-76.951996,Ward 7,2020-06-01
2020-05-30,38.895560,-76.992891,Ward 6,2020-06-02
2020-05-30,38.915379,-77.023405,Ward 1,2020-06-05
2020-05-30,38.895560,-76.992891,Ward 6,2020-06-10
2020-05-30,38.939145,-77.024471,Ward 4,2020-06-05
2020-05-30,38.935063,-76.983856,Ward 5,2020-06-11
2020-05-30,38.909465,-77.014274,Ward 5,2020-06-11
2020-05-30,38.900503,-77.053488,Ward 2,2020-06-05
2020-05-30,38.901115,-77.052329,Ward 2,2020-06-08
2020-05-30,38.901225,-77.053068,Ward 2,2020-06-05
2020-05-30,38.851638,-76.988730,Ward 8,2020-06-01
2020-05-31,38.930444,-77.044395,Ward 1,2020-06-05
2020-05-31,38.888843,-76.980563,Ward 6,2020-06-10
2020-05-31,38.903074,-76.994249,Ward 6,2020-06-10
2020-05-31,38.908350,-77.020772,Ward 2,2020-06-04
2020-05-31,38.896089,-76.938945,Ward 7,2020-06-02
2020-05-31,38.908572,-77.020908,Ward 6,2020-06-04
2020-05-31,38.825513,-76.997538,Ward 8,2020-06-04
2020-05-31,38.923503,-77.045523,Ward 1,2020-06-05
2020-05-31,38.868830,-76.979541,Ward 8,2020-06-08
2020-05-31,38.895003,-77.031353,Ward 2,2020-06-02
2020-05-31,38.893104,-76.913461,Ward 7,2020-06-01
2020-05-31,38.893104,-76.913461,Ward 7,2020-06-02
2020-05-31,38.861881,-76.982505,Ward 8,2020-06-01
2020-05-31,38.889172,-76.981991,Ward 6,2020-06-10
2020-06-01,38.936526,-77.033237,Ward 1,2020-06-08
2020-06-01,38.933003,-77.025940,Ward 1,2020-06-05
2020-06-01,38.894650,-76.978576,Ward 6,2020-06-10
2020-06-01,38.904519,-76.999764,Ward 6,2020-06-01
2020-06-01,38.897719,-76.985258,Ward 6,2020-06-04
2020-06-01,38.894731,-76.937140,Ward 7,2020-06-02
2020-06-01,38.895253,-76.938146,Ward 7,2020-06-24
2020-06-01,38.894208,-76.935760,Ward 7,2020-06-02
2020-06-01,38.896610,-76.939827,Ward 7,2020-06-03
2020-06-01,38.903289,-76.930041,Ward 7,2020-06-03
2020-06-01,38.866754,-76.981013,Ward 8,2020-06-03
2020-06-01,38.863884,-76.983343,Ward 8,2020-06-10
2020-06-01,38.913173,-76.972802,Ward 5,2020-06-03
2020-06-01,38.928873,-77.018527,Ward 1,2020-06-01
2020-06-01,38.929075,-77.020249,Ward 1,2020-06-05
2020-06-01,38.926501,-77.029110,Ward 1,2020-06-01
2020-06-01,38.930596,-77.021365,Ward 1,2020-06-05
2020-06-01,38.930541,-77.022134,Ward 1,2020-06-08
2020-06-01,38.944238,-77.012190,Ward 4,2020-06-02
2020-06-01,38.955608,-77.021323,Ward 4,2020-06-15
2020-06-01,38.941541,-77.014243,Ward 4,2020-06-05
2020-06-01,38.940779,-77.014852,Ward 4,2020-06-02
2020-06-01,38.901469,-77.019918,Null,2020-06-16
2020-06-01,38.926244,-77.023284,Ward 1,2020-06-05
2020-06-01,38.902815,-76.982607,Ward 5,2020-06-10
2020-06-01,38.906566,-77.016405,Ward 6,2020-06-11
2020-06-01,38.889302,-76.981983,Ward 6,2020-06-10
2020-06-01,38.902038,-76.992850,Ward 6,2020-06-10
2020-06-01,38.911773,-77.041929,Ward 2,2020-06-01
2020-06-01,38.875096,-76.966103,Ward 7,2020-06-02
2020-06-01,38.891856,-76.981998,Ward 7,2020-06-10
2020-06-01,38.869554,-76.985401,Ward 8,2020-06-03
2020-06-01,38.909417,-76.987331,Ward 5,2020-06-03
2020-06-01,38.871930,-76.937716,Ward 7,2020-06-10
2020-06-01,38.955608,-77.021323,Ward 4,2020-06-03
2020-06-01,38.939668,-77.022128,Ward 4,2020-06-05
2020-06-01,38.912428,-77.046997,Ward 2,2020-06-02
2020-06-01,38.933043,-76.964646,Ward 5,2020-06-11
2020-06-01,38.913147,-77.015930,Ward 5,2020-06-11
2020-06-01,38.886977,-76.959107,Ward 7,2020-06-10
2020-06-01,38.981117,-77.032459,Ward 4,2020-06-05
2020-06-01,38.912793,-76.975338,Ward 5,2020-06-10
2020-06-01,38.913115,-77.015464,Ward 5,2020-06-11
2020-06-01,38.925731,-77.023143,Ward 1,2020-06-05
2020-06-01,38.892591,-76.996388,Ward 6,2020-06-11
2020-06-01,38.925053,-77.025453,Ward 1,2020-06-05
2020-06-01,38.924976,-77.026145,Ward 1,2020-06-08
2020-06-01,38.961504,-77.031313,Ward 4,2020-06-02
2020-06-01,38.924999,-77.026771,Ward 1,2020-06-05
2020-06-01,38.914915,-77.019115,Ward 6,2020-06-10
2020-06-01,38.887783,-76.991705,Ward 6,2020-06-03
2020-06-01,38.904081,-76.989919,Ward 5,2020-06-10
2020-06-01,38.926539,-77.006397,Ward 5,2020-06-12
2020-06-01,38.875104,-76.966288,Ward 7,2020-06-03
2020-06-01,38.917592,-77.042992,Ward 1,2020-06-02
2020-06-01,38.915735,-77.026815,Ward 1,2020-06-05
2020-06-01,38.915720,-77.014840,Ward 1,2020-06-02
2020-06-01,38.916285,-77.016035,Ward 1,2020-06-05
2020-06-01,38.915330,-77.026781,Ward 1,2020-06-02
2020-06-01,38.915422,-77.026547,Ward 1,2020-06-02
2020-06-01,38.914467,-77.017317,Ward 1,2020-06-05
2020-06-01,38.916241,-77.016030,Ward 1,2020-06-02
2020-06-01,38.914444,-77.017225,Ward 1,2020-06-05
2020-06-01,38.914582,-77.017230,Ward 1,2020-06-05
2020-06-01,38.914904,-77.018267,Ward 1,2020-06-05
2020-06-01,38.933907,-77.025506,Ward 1,2020-06-05
2020-06-01,38.935482,-77.020932,Ward 1,2020-06-05
2020-06-01,38.939825,-77.015992,Ward 4,2020-06-05
2020-06-01,38.827611,-77.010579,Ward 8,2020-06-03
2020-06-01,38.897783,-76.984406,Ward 6,2020-06-11
2020-06-01,38.884217,-76.928887,Ward 7,2020-06-02
2020-06-01,38.897780,-76.984743,Ward 6,2020-06-11
2020-06-01,38.906876,-76.979839,Ward 5,2020-06-11
2020-06-01,38.925748,-76.999736,Ward 5,2020-06-03
2020-06-01,38.905905,-77.042991,Ward 2,2020-06-08
2020-06-01,38.911287,-77.019098,Ward 2,2020-06-04
2020-06-01,38.961873,-76.998000,Ward 4,2020-06-05
2020-06-01,38.928383,-77.028809,Ward 1,2020-06-05
2020-06-01,38.953543,-76.987773,Ward 5,2020-06-04
2020-06-01,38.895908,-76.980530,Ward 6,2020-06-02
2020-06-02,38.924799,-77.035390,Ward 1,2020-06-16
2020-06-02,38.887327,-76.937317,Ward 7,2020-06-10
2020-06-02,38.930289,-77.021053,Ward 1,2020-06-08
2020-06-02,38.949426,-77.018912,Ward 4,2020-06-10
2020-06-02,38.897783,-76.984406,Ward 6,2020-06-11
2020-06-02,38.947711,-77.022693,Ward 4,2020-06-08
2020-06-02,38.827176,-77.010968,Ward 8,2020-06-03
2020-06-02,38.942846,-77.022266,Ward 4,2020-06-05
2020-06-02,38.942196,-77.022115,Ward 4,2020-06-05
2020-06-02,38.854718,-76.966004,Ward 8,2020-06-03
2020-06-02,38.918311,-77.031441,Ward 1,2020-06-03
2020-06-02,38.956803,-77.012460,Ward 4,2020-06-05
2020-06-02,38.884663,-76.920429,Ward 7,2020-06-10
2020-06-02,38.958733,-77.019897,Ward 4,2020-06-16
2020-06-02,38.946932,-77.012074,Ward 4,2020-06-08
2020-06-02,38.912243,-77.017598,Ward 6,2020-06-11
2020-06-02,38.926448,-77.039494,Ward 1,2020-06-03
2020-06-02,38.897153,-76.995448,Ward 6,2020-06-05
2020-06-02,38.915769,-77.031177,Ward 1,2020-06-08
2020-06-02,38.937245,-76.989550,Ward 5,2020-06-13
2020-06-02,38.944330,-77.011540,Null,2020-06-13
2020-06-02,38.946906,-77.089717,Ward 3,2020-06-03
2020-06-02,38.924375,-77.023359,Ward 1,2020-06-08
2020-06-02,38.926268,-77.025584,Ward 1,2020-06-08
2020-06-02,38.915409,-77.026804,Ward 1,2020-06-03
2020-06-02,38.915766,-77.026602,Ward 1,2020-06-03
2020-06-02,38.915735,-77.026736,Ward 1,2020-06-03
2020-06-02,38.923228,-76.974931,Ward 5,2020-06-11
2020-06-02,38.874652,-77.017554,Ward 6,2020-06-04
2020-06-02,38.848126,-77.000242,Ward 8,2020-06-10
2020-06-02,38.929170,-77.024823,Ward 1,2020-06-08
2020-06-02,38.903659,-76.988865,Ward 5,2020-06-10
2020-06-02,38.929205,-77.024384,Ward 1,2020-06-08
2020-06-02,38.966277,-77.027333,Ward 4,2020-06-04
2020-06-03,38.909829,-77.012655,Ward 5,2020-06-04
2020-06-03,38.922179,-76.990475,Ward 5,2020-06-11
2020-06-03,38.902375,-76.924443,Ward 7,2020-06-04
2020-06-03,38.863524,-76.967224,Ward 7,2020-06-10
2020-06-03,38.951806,-77.015636,Ward 4,2020-06-08
2020-06-03,38.863524,-76.967224,Ward 7,2020-06-10
2020-06-03,38.887783,-76.991705,Ward 6,2020-06-04
2020-06-03,38.834397,-76.988225,Ward 8,2020-06-10
2020-06-03,38.833664,-76.988047,Ward 8,2020-06-10
2020-06-03,38.839243,-76.991975,Ward 8,2020-06-10
2020-06-03,38.832684,-76.988975,Ward 8,2020-06-10
2020-06-03,38.868308,-76.968031,Ward 7,2020-06-09
2020-06-03,38.868799,-76.968006,Ward 7,2020-06-04
2020-06-03,38.876819,-76.960588,Ward 7,2020-06-09
2020-06-03,38.940959,-77.033041,Ward 4,2020-06-04
2020-06-03,38.844415,-76.997218,Ward 8,2020-06-10
2020-06-03,38.903543,-76.977830,Ward 5,2020-06-05
2020-06-03,38.929770,-77.024467,Ward 1,2020-06-09
2020-06-03,38.929781,-77.024339,Ward 1,2020-06-08
2020-06-03,38.900376,-76.977791,Ward 5,2020-06-11
2020-06-03,38.926448,-77.039494,Ward 1,2020-06-08
2020-06-03,38.914276,-77.009423,Ward 5,2020-06-04
2020-06-03,38.910782,-76.987579,Ward 5,2020-06-11
2020-06-03,38.839770,-76.994613,Ward 8,2020-06-17
2020-06-03,38.906867,-76.986231,Ward 5,2020-06-04
2020-06-03,38.894779,-76.978995,Ward 6,2020-06-23
2020-06-03,38.861881,-76.982505,Ward 8,2020-06-08
2020-06-03,38.860325,-76.996303,Ward 8,2020-06-08
2020-06-04,38.888612,-76.930637,Ward 7,2020-06-09
2020-06-04,38.908732,-77.015404,Ward 5,2020-06-11
2020-06-04,38.930789,-77.030481,Ward 1,2020-06-08
2020-06-04,38.930898,-77.030230,Ward 1,2020-06-08
2020-06-04,38.868830,-76.979541,Ward 8,2020-06-10
2020-06-04,38.886333,-76.924027,Ward 7,2020-06-04
2020-06-04,38.905648,-77.029620,Ward 2,2020-06-16
2020-06-04,38.915570,-77.023968,Ward 1,2020-06-16
2020-06-04,38.901761,-76.995899,Ward 6,2020-06-26
2020-06-04,38.905567,-76.981109,Ward 5,2020-06-11
2020-06-04,38.897591,-76.973483,Ward 7,2020-06-05
2020-06-04,38.969429,-77.025272,Ward 4,2020-06-12
2020-06-04,38.940907,-76.973128,Ward 5,2020-06-24
2020-06-04,38.955330,-77.014233,Ward 4,2020-06-08
2020-06-04,38.955289,-77.015181,Ward 4,2020-06-08
2020-06-04,38.911998,-76.987078,Ward 5,2020-06-18
2020-06-04,38.915773,-77.024201,Ward 1,2020-06-17
2020-06-04,38.915424,-77.036947,Ward 2,2020-06-08
2020-06-04,38.945402,-77.034258,Ward 4,2020-06-08
2020-06-04,38.911373,-77.015446,Ward 5,2020-06-11
2020-06-04,38.911304,-76.934340,Ward 7,2020-06-10
2020-06-04,38.924707,-77.035160,Ward 1,2020-06-08
2020-06-04,38.924942,-77.035077,Ward 1,2020-06-08
2020-06-04,38.934741,-77.027583,Ward 1,2020-06-04
2020-06-04,38.947459,-77.016030,Ward 4,2020-06-16
2020-06-04,38.949436,-77.018576,Ward 4,2020-06-08
2020-06-04,38.862097,-76.982505,Ward 8,2020-06-08
2020-06-04,38.903034,-76.989746,Ward 5,2020-06-11
2020-06-04,38.862101,-76.980392,Ward 8,2020-06-08
2020-06-04,38.862864,-76.980433,Ward 8,2020-06-08
2020-06-04,38.863662,-76.980219,Ward 8,2020-06-10
2020-06-04,38.906016,-76.989063,Ward 5,2020-06-11
2020-06-04,38.935379,-76.984986,Ward 5,2020-06-13
2020-06-04,38.903541,-76.977929,Ward 5,2020-06-11
2020-06-04,38.903555,-76.977731,Ward 5,2020-06-13
2020-06-04,38.888440,-76.935700,Ward 7,2020-06-05
2020-06-04,38.893584,-77.000578,Ward 6,2020-06-17
2020-06-04,38.890477,-76.985766,Ward 6,2020-06-16
2020-06-04,38.856266,-76.975274,Ward 8,2020-06-08
2020-06-04,38.912173,-77.018708,Ward 6,2020-06-10
2020-06-04,38.906071,-76.936960,Ward 7,2020-06-23
2020-06-04,38.919467,-77.034558,Ward 1,2020-06-09
2020-06-04,38.928109,-77.025039,Ward 1,2020-06-09
2020-06-04,38.928035,-77.025540,Ward 1,2020-06-08
2020-06-04,38.926205,-77.023055,Ward 1,2020-06-08
2020-06-04,38.929199,-77.029443,Ward 1,2020-06-09
2020-06-04,38.826303,-76.998803,Ward 8,2020-06-08
2020-06-04,38.928888,-77.031486,Ward 1,2020-06-09
2020-06-04,38.935124,-77.023129,Ward 1,2020-06-08
2020-06-04,38.913784,-77.015466,Ward 5,2020-06-13
2020-06-04,38.932655,-77.031715,Ward 1,2020-06-08
2020-06-04,38.894633,-76.915573,Ward 7,2020-06-09
2020-06-05,38.869710,-76.941711,Ward 7,2020-06-08
2020-06-05,38.951227,-77.012330,Ward 4,2020-06-09
2020-06-05,38.834451,-77.005887,Ward 8,2020-06-16
2020-06-05,38.919671,-77.032850,Ward 1,2020-06-09
2020-06-05,38.879248,-76.984847,Ward 6,2020-06-08
2020-06-05,38.917545,-77.005265,Ward 5,2020-06-08
2020-06-05,38.917545,-77.005265,Ward 5,2020-06-08
2020-06-05,38.930733,-77.030517,Ward 1,2020-06-09
2020-06-05,38.868650,-76.986597,Ward 8,2020-06-10
2020-06-05,38.949570,-77.026475,Ward 4,2020-06-13
2020-06-05,38.894642,-76.919122,Ward 7,2020-06-09
2020-06-05,38.914642,-77.042403,Ward 2,2020-06-17
2020-06-05,38.936300,-77.024971,Ward 4,2020-06-11
2020-06-05,38.912264,-76.936479,Ward 7,2020-06-12
2020-06-05,38.919371,-77.009294,Ward 5,2020-06-09
2020-06-05,38.917385,-77.004400,Ward 5,2020-06-24
2020-06-05,38.901496,-76.926437,Ward 7,2020-06-09
2020-06-05,38.904380,-76.990843,Ward 5,2020-06-17
2020-06-05,38.911703,-77.035674,Ward 2,2020-06-18
2020-06-05,38.968153,-77.020184,Ward 4,2020-06-13
2020-06-05,38.856118,-76.983857,Ward 8,2020-06-10
2020-06-05,38.949818,-77.007365,Ward 5,2020-06-17
2020-06-05,38.950718,-77.090851,Ward 3,2020-06-17
2020-06-05,38.968327,-77.025759,Ward 4,2020-06-09
2020-06-05,38.872952,-76.937167,Ward 7,2020-06-08
2020-06-05,38.866096,-76.944049,Ward 7,2020-06-08
2020-06-05,38.892199,-76.914700,Ward 7,2020-06-11
2020-06-05,38.892679,-76.914848,Ward 7,2020-06-09
2020-06-05,38.868426,-76.979346,Ward 8,2020-06-10
2020-06-06,38.930677,-77.021123,Ward 1,2020-06-22
2020-06-06,38.918238,-77.000335,Ward 5,2020-06-19
2020-06-06,38.914480,-77.000990,Ward 5,2020-06-09
2020-06-06,38.917942,-77.000246,Ward 5,2020-06-19
2020-06-06,38.900410,-76.944123,Ward 7,2020-06-09
2020-06-06,38.907759,-77.009702,Ward 5,2020-06-17
2020-06-06,38.845769,-76.996602,Ward 8,2020-06-17
2020-06-06,38.884217,-76.928887,Ward 7,2020-06-09
2020-06-06,38.926978,-77.030307,Ward 1,2020-06-17
2020-06-06,38.900442,-77.035944,Ward 2,2020-06-08
2020-06-06,38.898718,-76.989103,Ward 6,2020-06-11
2020-06-06,38.906122,-77.013433,Ward 5,2020-06-09
2020-06-06,38.907409,-77.009671,Ward 5,2020-06-17
2020-06-06,38.928816,-77.073452,Ward 3,2020-06-08
2020-06-06,38.917762,-77.022948,Ward 1,2020-06-09
2020-06-06,38.925159,-77.007377,Ward 5,2020-06-09
2020-06-06,38.931392,-77.033870,Ward 1,2020-06-17
2020-06-06,38.903867,-77.065662,Ward 2,2020-06-08
2020-06-06,38.825513,-76.997538,Ward 8,2020-06-17
2020-06-07,38.945438,-77.019910,Ward 4,2020-06-11
2020-06-07,38.902147,-76.936837,Ward 7,2020-06-09
2020-06-07,38.889302,-76.981983,Ward 6,2020-06-11
2020-06-07,38.912828,-76.975822,Ward 5,2020-06-09
2020-06-07,38.888218,-76.983392,Ward 6,2020-06-11
2020-06-07,38.883571,-76.929074,Ward 7,2020-06-10
2020-06-07,38.883955,-76.929645,Ward 7,2020-06-10
2020-06-07,38.905425,-77.017962,Ward 6,2020-06-10
2020-06-07,38.917385,-77.004400,Ward 5,2020-06-24
2020-06-07,38.911998,-76.987078,Ward 5,2020-06-18
2020-06-07,38.835001,-76.988173,Ward 8,2020-06-08
2020-06-07,38.903227,-76.999754,Ward 6,2020-06-11
2020-06-07,38.913523,-76.985224,Ward 5,2020-06-09
2020-06-07,38.897694,-76.937710,Ward 7,2020-06-12
2020-06-07,38.922160,-76.963464,Ward 5,2020-06-17
2020-06-07,38.869924,-76.980108,Ward 8,2020-06-10
2020-06-07,38.899677,-76.988982,Ward 6,2020-06-16
2020-06-07,38.916086,-77.006898,Ward 5,2020-06-17
2020-06-08,38.951652,-77.030631,Ward 4,2020-06-13
2020-06-08,38.896574,-76.987701,Ward 6,2020-06-22
2020-06-08,38.912446,-76.987567,Ward 5,2020-06-17
2020-06-08,38.897783,-76.984406,Ward 6,2020-06-26
2020-06-08,38.884101,-76.978997,Ward 6,2020-06-10
2020-06-08,38.834855,-76.987211,Ward 8,2020-06-12
2020-06-08,38.898917,-76.936792,Ward 7,2020-06-09
2020-06-08,38.896310,-76.985710,Ward 6,2020-06-11
2020-06-08,38.907407,-76.988470,Ward 5,2020-06-13
2020-06-08,38.906028,-76.985401,Ward 5,2020-06-13
2020-06-08,38.922748,-77.075218,Ward 3,2020-06-17
2020-06-08,38.964154,-77.067398,Ward 4,2020-06-10
2020-06-08,38.846758,-77.003628,Ward 8,2020-06-09
2020-06-08,38.918375,-77.017716,Ward 1,2020-06-10
2020-06-08,38.960355,-77.028325,Ward 4,2020-06-10
2020-06-08,38.956758,-77.011136,Ward 4,2020-06-09
2020-06-08,38.897783,-76.984406,Ward 6,2020-06-26
2020-06-08,38.897780,-76.984743,Ward 6,2020-06-11
2020-06-08,38.900911,-76.995915,Ward 6,2020-06-22
2020-06-08,38.883805,-76.928486,Ward 7,2020-06-12
2020-06-08,38.911435,-77.010933,Ward 5,2020-06-09
2020-06-08,38.827610,-77.006954,Ward 8,2020-06-12
2020-06-08,38.859255,-76.965199,Ward 7,2020-06-17
2020-06-08,38.924821,-77.023784,Ward 1,2020-06-09
2020-06-08,38.897336,-76.916660,Ward 7,2020-06-11
2020-06-08,38.918380,-76.999839,Ward 5,2020-06-19
2020-06-08,38.941518,-76.996966,Ward 5,2020-06-11
2020-06-08,38.901676,-76.935072,Ward 7,2020-06-12
2020-06-08,38.905682,-76.988408,Ward 5,2020-06-13
2020-06-08,38.850240,-76.975839,Ward 8,2020-06-12
2020-06-08,38.905617,-76.990959,Ward 5,2020-06-15
2020-06-08,38.921341,-77.073781,Ward 3,2020-06-09
2020-06-08,38.912375,-77.009602,Ward 5,2020-06-13
2020-06-08,38.868652,-76.945791,Ward 7,2020-06-12
2020-06-08,38.899426,-76.989127,Ward 6,2020-06-11
2020-06-08,38.891332,-76.984744,Ward 6,2020-06-11
2020-06-08,38.883924,-76.991096,Ward 6,2020-06-10
2020-06-08,38.916957,-76.980002,Ward 5,2020-06-30
2020-06-09,38.933964,-77.024834,Ward 1,2020-06-09
2020-06-09,38.959282,-77.018773,Ward 4,2020-06-13
2020-06-09,38.902475,-76.929479,Ward 7,2020-06-12
2020-06-09,38.901114,-76.933541,Ward 7,2020-06-11
2020-06-09,38.925636,-77.023159,Ward 1,2020-06-17
2020-06-09,38.934638,-76.974677,Ward 5,2020-06-26
2020-06-09,38.910559,-77.010699,Ward 5,2020-06-09
2020-06-09,38.904601,-76.982115,Ward 5,2020-06-16
2020-06-09,38.912607,-77.027035,Null,2020-06-17
2020-06-09,38.906038,-76.986950,Ward 5,2020-07-07
2020-06-09,38.894970,-76.978784,Ward 6,2020-06-11
2020-06-09,38.893522,-76.982846,Ward 6,2020-06-11
2020-06-09,38.915607,-77.074410,Ward 2,2020-06-10
2020-06-09,38.864553,-76.983904,Ward 8,2020-06-17
2020-06-09,38.850386,-76.967636,Ward 8,2020-06-10
2020-06-09,38.836245,-77.002106,Ward 8,2020-06-12
2020-06-09,38.904873,-76.981835,Ward 5,2020-06-30
2020-06-09,38.910539,-77.014525,Ward 5,2020-06-11
2020-06-09,38.934741,-77.029290,Ward 1,2020-06-17
2020-06-09,38.910183,-77.030736,Ward 2,2020-06-18
2020-06-09,38.910183,-77.030736,Ward 2,2020-06-18
2020-06-09,38.896401,-76.970977,Ward 7,2020-06-23
2020-06-09,38.915330,-77.026781,Ward 1,2020-06-17
2020-06-09,38.893523,-76.982908,Ward 6,2020-06-16
2020-06-09,38.891039,-76.946748,Ward 7,2020-06-10
2020-06-09,38.898315,-77.028078,Ward 2,2020-06-17
2020-06-09,38.877628,-76.930975,Ward 7,2020-06-16
2020-06-09,38.911348,-77.007963,Ward 5,2020-06-24
2020-06-09,38.911862,-76.987063,Ward 5,2020-07-10
2020-06-09,38.906783,-76.979484,Ward 5,2020-06-30
2020-06-09,38.929486,-77.041116,Ward 1,2020-06-17
2020-06-09,38.929495,-77.040123,Ward 1,2020-06-17
2020-06-09,38.929509,-77.040049,Ward 1,2020-06-10
2020-06-09,38.929059,-77.039744,Ward 1,2020-06-17
2020-06-09,38.922512,-77.044949,Ward 1,2020-06-10
2020-06-09,38.915409,-77.026804,Ward 1,2020-06-10
2020-06-09,38.901922,-76.983250,Ward 5,2020-07-10
2020-06-09,38.902046,-76.983506,Ward 5,2020-06-13
2020-06-09,38.902815,-76.982607,Ward 5,2020-06-13
2020-06-09,38.903912,-76.984164,Ward 5,2020-06-11
2020-06-09,38.956069,-77.029969,Ward 4,2020-06-17
2020-06-09,38.896263,-76.991742,Ward 6,2020-06-11
2020-06-09,38.949735,-77.020428,Ward 4,2020-06-17
2020-06-09,38.925143,-77.072883,Ward 3,2020-06-17
2020-06-09,38.910943,-77.040060,Ward 2,2020-06-18
2020-06-09,38.902252,-76.997557,Ward 6,2020-06-22
2020-06-09,38.921592,-77.036963,Ward 1,2020-06-10
2020-06-09,38.953375,-77.018450,Ward 4,2020-06-11
2020-06-09,38.940915,-76.972771,Ward 5,2020-06-13
2020-06-09,38.918286,-77.002983,Ward 5,2020-06-23
2020-06-09,38.958934,-77.065655,Ward 3,2020-06-17
2020-06-09,38.918436,-77.000279,Ward 5,2020-06-19
2020-06-09,38.960038,-77.004988,Ward 4,2020-06-11
2020-06-10,38.903544,-76.992464,Ward 6,2020-06-10
2020-06-10,38.933337,-77.034421,Ward 1,2020-06-17
2020-06-10,38.906151,-76.976954,Ward 5,2020-06-13
2020-06-10,38.966341,-77.026559,Ward 4,2020-06-10
2020-06-10,38.923116,-76.975374,Ward 5,2020-06-11
2020-06-10,38.916765,-77.001756,Ward 5,2020-06-11
2020-06-10,38.912036,-76.987083,Ward 5,2020-06-13
2020-06-10,38.876115,-77.009714,Ward 6,2020-06-11
2020-06-10,38.900000,-76.978311,Ward 5,2020-06-11
2020-06-10,38.938637,-76.993963,Ward 5,2020-07-07
2020-06-10,38.943017,-77.016098,Ward 4,2020-06-22
2020-06-10,38.901498,-76.997492,Ward 6,2020-06-16
2020-06-10,38.899117,-76.981496,Ward 6,2020-06-11
2020-06-10,38.831013,-76.989577,Ward 8,2020-06-11
2020-06-10,38.904528,-76.979737,Ward 5,2020-06-23
2020-06-10,38.908803,-76.941820,Ward 7,2020-06-11
2020-06-10,38.871551,-76.978752,Ward 8,2020-06-11
2020-06-10,38.873577,-76.977235,Ward 8,2020-06-17
2020-06-10,38.868669,-76.946476,Ward 7,2020-06-16
2020-06-10,38.886201,-76.997344,Ward 6,2020-06-16
2020-06-10,38.873054,-76.976058,Ward 8,2020-06-23
2020-06-10,38.897476,-76.977834,Ward 6,2020-06-16
2020-06-10,38.932535,-76.969508,Ward 5,2020-06-11
2020-06-10,38.904081,-76.989919,Ward 5,2020-06-13
2020-06-10,38.926530,-77.035067,Ward 1,2020-06-22
2020-06-10,38.905617,-76.990959,Ward 5,2020-06-15
2020-06-10,38.912685,-76.987174,Ward 5,2020-06-13
2020-06-10,38.912849,-76.987175,Ward 5,2020-06-13
2020-06-10,38.912135,-76.987112,Ward 5,2020-07-07
2020-06-10,38.929185,-77.022969,Ward 1,2020-06-11
2020-06-10,38.929237,-77.023007,Ward 1,2020-06-11
2020-06-10,38.927445,-77.028627,Ward 1,2020-06-15
2020-06-10,38.924842,-76.969932,Ward 5,2020-06-23
2020-06-10,38.918236,-77.024057,Ward 1,2020-06-11
2020-06-10,38.878226,-76.985096,Ward 6,2020-06-11
2020-06-10,38.912134,-77.009429,Ward 5,2020-06-23
2020-06-10,38.924517,-77.029420,Ward 1,2020-06-11
2020-06-10,38.922941,-77.046127,Ward 1,2020-06-11
2020-06-10,38.923761,-77.025672,Ward 1,2020-06-11
2020-06-10,38.922585,-77.045743,Ward 1,2020-06-11
2020-06-10,38.880633,-77.003447,Ward 6,2020-06-11
2020-06-10,38.912117,-77.012157,Ward 5,2020-06-11
2020-06-10,38.891422,-76.981073,Ward 6,2020-06-18
2020-06-10,38.932442,-77.028219,Ward 1,2020-06-22
2020-06-10,38.921486,-76.963280,Ward 5,2020-06-11
2020-06-10,38.905470,-76.988565,Ward 5,2020-06-11
2020-06-10,38.912750,-77.019147,Ward 6,2020-07-10
2020-06-10,38.901713,-76.995234,Ward 6,2020-06-23
2020-06-11,38.894608,-76.979163,Ward 6,2020-06-18
2020-06-11,38.902827,-76.927680,Ward 7,2020-06-17
2020-06-11,38.965897,-77.026390,Ward 4,2020-06-15
2020-06-11,38.900381,-76.977615,Ward 5,2020-06-11
2020-06-11,38.859976,-76.996283,Ward 8,2020-06-11
2020-06-11,38.918948,-77.042819,Ward 1,2020-06-30
2020-06-11,38.918106,-77.000568,Ward 5,2020-06-18
2020-06-11,38.893332,-76.988539,Ward 6,2020-06-16
2020-06-11,38.910214,-77.010640,Ward 5,2020-06-24
2020-06-11,38.908284,-77.025671,Ward 2,2020-06-17
2020-06-11,38.970142,-77.023189,Ward 4,2020-06-17
2020-06-11,38.934666,-77.029504,Ward 1,2020-06-15
2020-06-11,38.857473,-76.956993,Ward 7,2020-06-12
2020-06-11,38.927878,-77.028276,Ward 1,2020-06-30
2020-06-11,38.822885,-76.999584,Ward 8,2020-06-23
2020-06-11,38.884205,-76.958167,Ward 7,2020-06-16
2020-06-11,38.912135,-76.987112,Ward 5,2020-07-07
2020-06-11,38.911541,-76.987471,Ward 5,2020-06-25
2020-06-11,38.885865,-76.925726,Ward 7,2020-06-16
2020-06-11,38.905905,-77.029349,Ward 2,2020-06-12
2020-06-11,38.881794,-76.942950,Ward 7,2020-06-12
2020-06-11,38.966187,-77.007190,Ward 4,2020-06-17
2020-06-11,38.927448,-77.028509,Ward 1,2020-06-15
2020-06-11,38.924995,-77.031398,Ward 1,2020-06-15
2020-06-11,38.894934,-76.989445,Ward 6,2020-06-16
2020-06-11,38.964653,-77.030377,Ward 4,2020-06-15
2020-06-11,38.958928,-77.012975,Ward 4,2020-06-17
2020-06-11,38.898662,-76.983892,Ward 6,2020-06-16
2020-06-11,38.914692,-77.008714,Ward 5,2020-06-23
2020-06-11,38.824556,-77.010662,Ward 8,2020-06-23
2020-06-11,38.824565,-77.009810,Ward 8,2020-06-23
2020-06-11,38.824689,-77.008257,Ward 8,2020-06-23
2020-06-11,38.918991,-77.013043,Ward 5,2020-06-23
2020-06-11,38.939969,-77.030519,Ward 4,2020-06-17
2020-06-11,38.887792,-76.992129,Ward 6,2020-06-16
2020-06-11,38.826610,-77.000836,Ward 8,2020-06-23
2020-06-11,38.888440,-76.935700,Ward 7,2020-06-12
2020-06-11,38.832218,-77.005195,Ward 8,2020-06-24
2020-06-11,38.906876,-76.979839,Ward 5,2020-06-25
2020-06-11,38.958927,-77.019249,Ward 4,2020-06-17
2020-06-11,38.897724,-76.998211,Ward 6,2020-07-10
2020-06-11,38.913747,-77.015414,Ward 5,2020-06-26
2020-06-11,38.926536,-77.034677,Ward 1,2020-06-24
2020-06-11,38.876707,-76.932299,Ward 7,2020-06-16
2020-06-11,38.910998,-77.089479,Ward 3,2020-06-17
2020-06-11,38.933865,-76.961738,Ward 5,2020-06-17
2020-06-11,38.956954,-76.998984,Ward 4,2020-06-18
2020-06-11,38.900539,-76.977716,Ward 5,2020-06-23
2020-06-11,38.951436,-76.986596,Ward 5,2020-06-24
2020-06-11,38.933007,-77.028336,Ward 1,2020-06-18
2020-06-11,38.884383,-76.986057,Ward 6,2020-06-16
2020-06-11,38.929419,-77.020397,Ward 1,2020-06-17
2020-06-11,38.903880,-76.980235,Ward 5,2020-06-19
2020-06-11,38.966352,-77.035657,Ward 4,2020-06-16
2020-06-11,38.901159,-76.988107,Ward 6,2020-07-06
2020-06-11,38.936378,-76.988913,Ward 5,2020-06-19
2020-06-11,38.919182,-77.029619,Ward 1,2020-06-24
2020-06-11,38.968327,-77.025759,Ward 4,2020-06-15
2020-06-12,38.936248,-77.036090,Ward 1,2020-06-17
2020-06-12,38.894782,-76.986097,Ward 6,2020-06-23
2020-06-12,38.927092,-77.024837,Ward 1,2020-06-17
2020-06-12,38.927849,-77.021305,Ward 1,2020-06-17
2020-06-12,38.933007,-77.028336,Ward 1,2020-06-18
2020-06-12,38.936975,-77.025122,Ward 4,2020-06-24
2020-06-12,38.864539,-76.946153,Ward 7,2020-06-16
2020-06-12,38.903544,-76.992464,Ward 6,2020-06-18
2020-06-12,38.884278,-76.978833,Ward 6,2020-06-16
2020-06-12,38.936282,-77.022413,Ward 1,2020-06-17
2020-06-12,38.909818,-77.020807,Ward 6,2020-06-18
2020-06-12,38.855700,-76.969709,Ward 8,2020-06-24
2020-06-12,38.855700,-76.969709,Ward 8,2020-06-24
2020-06-12,38.913243,-77.049042,Ward 2,2020-06-16
2020-06-12,38.949580,-77.015526,Ward 4,2020-06-18
2020-06-12,38.902032,-76.928673,Ward 7,2020-06-19
2020-06-12,38.945328,-76.990498,Ward 5,2020-06-19
2020-06-12,38.894608,-76.979163,Ward 6,2020-06-18
2020-06-12,38.909211,-76.987560,Ward 5,2020-06-19
2020-06-12,38.904885,-76.991810,Ward 5,2020-06-19
2020-06-12,38.870947,-76.977074,Ward 8,2020-06-23
2020-06-12,38.866729,-76.981962,Ward 8,2020-06-22
2020-06-12,38.913835,-77.023561,Ward 6,2020-06-18
2020-06-12,38.894479,-76.925707,Ward 7,2020-06-15
2020-06-12,38.826979,-76.998714,Ward 8,2020-06-24
2020-06-12,38.931652,-77.039045,Ward 1,2020-06-24
2020-06-12,38.903074,-76.994249,Ward 6,2020-06-22
2020-06-12,38.904819,-76.990072,Ward 5,2020-06-19
2020-06-12,38.903074,-76.994249,Ward 6,2020-06-22
2020-06-12,38.903876,-76.979322,Ward 5,2020-06-19
2020-06-12,38.960160,-77.011613,Ward 4,2020-06-24
2020-06-12,38.869929,-76.942545,Ward 7,2020-06-23
2020-06-12,38.894575,-76.985958,Ward 6,2020-06-22
2020-06-12,38.919371,-77.009294,Ward 5,2020-06-19
2020-06-13,38.921434,-77.054520,Ward 3,2020-06-15
2020-06-13,38.925498,-77.028346,Ward 1,2020-06-22
2020-06-13,38.900755,-76.995899,Ward 6,2020-06-18
2020-06-13,38.907499,-76.943324,Ward 7,2020-06-15
2020-06-13,38.907499,-76.943324,Ward 7,2020-06-15
2020-06-13,38.915045,-77.018573,Ward 1,2020-06-22
2020-06-13,38.907499,-76.943324,Ward 7,2020-06-15
2020-06-13,38.944184,-77.026876,Ward 4,2020-06-23
2020-06-13,38.956017,-77.028528,Ward 4,2020-06-19
2020-06-13,38.877515,-76.985512,Ward 6,2020-06-30
2020-06-13,38.927342,-77.024306,Ward 1,2020-06-22
2020-06-13,38.883857,-76.990513,Ward 6,2020-07-10
2020-06-13,38.975043,-77.022795,Ward 4,2020-06-16
2020-06-13,38.923833,-77.023977,Ward 1,2020-06-22
2020-06-13,38.918386,-77.000297,Ward 5,2020-06-22
2020-06-13,38.920583,-77.056585,Ward 3,2020-06-18
2020-06-13,38.926000,-77.025543,Ward 1,2020-06-22
2020-06-13,38.903074,-76.994249,Ward 6,2020-06-22
2020-06-13,38.926123,-76.995868,Ward 5,2020-06-16
2020-06-13,38.897191,-76.975180,Ward 7,2020-06-19
2020-06-13,38.887327,-76.937317,Ward 7,2020-06-16
2020-06-13,38.924364,-77.025886,Ward 1,2020-06-16
2020-06-13,38.898198,-76.979176,Ward 6,2020-06-22
2020-06-14,38.888181,-76.923293,Ward 7,2020-06-19
2020-06-14,38.869099,-76.971154,Ward 8,2020-06-23
2020-06-14,38.902529,-76.989083,Ward 5,2020-06-16
2020-06-14,38.888315,-76.928278,Ward 7,2020-06-16
2020-06-14,38.933944,-77.021838,Ward 1,2020-06-22
2020-06-14,38.865214,-76.958670,Ward 7,2020-06-16
2020-06-14,38.884774,-76.927687,Ward 7,2020-06-15
2020-06-14,38.918386,-77.000297,Ward 5,2020-06-22
2020-06-14,38.894650,-76.978576,Ward 6,2020-06-18
2020-06-14,38.877639,-76.930266,Ward 7,2020-06-16
2020-06-14,38.905445,-76.997238,Ward 6,2020-07-10
2020-06-14,38.921637,-77.026710,Ward 1,2020-06-15
2020-06-14,38.892011,-76.975157,Ward 6,2020-06-22
2020-06-14,38.921112,-77.054722,Ward 3,2020-06-19
2020-06-14,38.871622,-76.975765,Ward 8,2020-06-23
2020-06-14,38.922358,-77.080352,Ward 3,2020-06-19
2020-06-14,38.888328,-76.928975,Ward 7,2020-06-19
2020-06-14,38.871622,-76.975765,Ward 8,2020-06-23
2020-06-14,38.903356,-76.996396,Ward 6,2020-07-10
2020-06-14,38.935547,-77.023038,Ward 1,2020-06-15
2020-06-14,38.883420,-76.981872,Ward 6,2020-06-17
2020-06-14,38.962856,-77.023962,Ward 4,2020-06-19
2020-06-15,38.911697,-77.039307,Ward 2,2020-06-15
2020-06-15,38.909819,-77.007780,Ward 5,2020-06-16
2020-06-15,38.917139,-77.012386,Ward 5,2020-06-19
2020-06-15,38.892114,-76.919473,Ward 7,2020-06-15
2020-06-15,38.876705,-76.933387,Ward 7,2020-06-19
2020-06-15,38.876705,-76.932523,Ward 7,2020-06-19
2020-06-15,38.876706,-76.931862,Ward 7,2020-06-19
2020-06-15,38.893201,-76.952292,Ward 7,2020-06-19
2020-06-15,38.887014,-76.955823,Ward 7,2020-06-16
2020-06-15,38.864408,-76.949382,Ward 7,2020-06-19
2020-06-15,38.888234,-76.937589,Ward 7,2020-06-16
2020-06-15,38.930642,-76.973556,Ward 5,2020-06-17
2020-06-15,38.925008,-77.030557,Ward 1,2020-06-24
2020-06-15,38.942446,-77.021396,Ward 4,2020-06-19
2020-06-15,38.912600,-77.003510,Ward 5,2020-06-25
2020-06-15,38.894941,-76.994689,Ward 6,2020-06-22
2020-06-15,38.939590,-77.032416,Ward 4,2020-06-16
2020-06-15,38.913872,-77.014614,Ward 5,2020-06-16
2020-06-15,38.894473,-76.978781,Ward 6,2020-06-22
2020-06-15,38.969177,-77.029180,Ward 4,2020-06-19
2020-06-15,38.911362,-77.035544,Ward 2,2020-06-18
2020-06-15,38.907822,-76.931399,Ward 7,2020-06-16
2020-06-15,38.895257,-76.991288,Ward 6,2020-06-18
2020-06-15,38.951652,-77.030631,Ward 4,2020-06-19
2020-06-15,38.926875,-77.024067,Ward 1,2020-06-24
2020-06-15,38.869826,-76.942790,Ward 7,2020-06-17
2020-06-15,38.906745,-76.986831,Ward 5,2020-06-19
2020-06-15,38.847340,-76.982974,Ward 8,2020-06-23
2020-06-15,38.921265,-77.031186,Ward 1,2020-07-02
2020-06-15,38.954532,-77.017991,Ward 4,2020-06-19
2020-06-15,38.952959,-77.018034,Ward 4,2020-06-19
2020-06-15,38.846897,-76.981279,Ward 8,2020-06-16
2020-06-15,38.952246,-77.020995,Ward 4,2020-06-18
2020-06-15,38.936633,-76.972402,Ward 5,2020-06-16
2020-06-15,38.916224,-77.042376,Ward 2,2020-06-17
2020-06-15,38.884285,-76.983089,Ward 6,2020-06-23
2020-06-15,38.887938,-77.000772,Ward 6,2020-06-23
2020-06-15,38.897136,-76.985703,Ward 6,2020-06-23
2020-06-15,38.904826,-76.979628,Ward 5,2020-06-19
2020-06-15,38.901701,-76.996389,Ward 6,2020-07-15
2020-06-15,38.910979,-77.023269,Ward 6,2020-07-10
2020-06-15,38.946763,-77.036060,Ward 4,2020-06-19
2020-06-15,38.906778,-76.978715,Ward 5,2020-06-19
2020-06-15,38.897867,-76.980355,Ward 6,2020-06-22
2020-06-15,38.935998,-77.022049,Ward 1,2020-06-22
2020-06-15,38.936570,-77.022531,Ward 1,2020-06-22
2020-06-15,38.921323,-77.030116,Ward 1,2020-07-01
2020-06-15,38.925752,-76.999977,Ward 5,2020-06-23
2020-06-15,38.921259,-77.030596,Ward 1,2020-07-01
2020-06-15,38.921262,-77.031036,Ward 1,2020-06-16
2020-06-15,38.921589,-77.031670,Ward 1,2020-07-02
2020-06-15,38.894779,-76.978995,Ward 6,2020-06-22
2020-06-15,38.906169,-76.988069,Ward 5,2020-06-19
2020-06-15,38.937788,-76.968480,Ward 5,2020-06-16
2020-06-15,38.952362,-77.010658,Ward 4,2020-06-25
2020-06-15,38.951687,-77.010155,Ward 4,2020-06-18
2020-06-15,38.916823,-77.004254,Ward 5,2020-06-19
2020-06-15,38.897350,-76.981584,Ward 6,2020-06-22
2020-06-15,38.912402,-77.082973,Ward 3,2020-06-17
2020-06-15,38.929185,-77.022969,Ward 1,2020-06-16
2020-06-15,38.907499,-76.943324,Ward 7,2020-06-16
2020-06-15,38.894970,-76.978784,Ward 6,2020-06-18
2020-06-16,38.936285,-77.033449,Ward 1,2020-07-07
2020-06-16,38.860346,-76.984608,Ward 8,2020-06-22
2020-06-16,38.881845,-76.982522,Ward 7,2020-06-23
2020-06-16,38.921263,-77.031082,Ward 1,2020-07-01
2020-06-16,38.921264,-77.030988,Ward 1,2020-06-22
2020-06-16,38.917455,-77.039011,Ward 1,2020-06-16
2020-06-16,38.871313,-76.982215,Ward 8,2020-06-22
2020-06-16,38.916717,-77.019272,Ward 1,2020-06-18
2020-06-16,38.913467,-77.047979,Ward 2,2020-06-22
2020-06-16,38.903912,-76.930190,Ward 7,2020-06-16
2020-06-16,38.951377,-77.014981,Ward 4,2020-06-19
2020-06-16,38.896936,-76.941365,Ward 7,2020-06-16
2020-06-16,38.906314,-76.936704,Ward 7,2020-06-17
2020-06-16,38.921265,-77.030546,Ward 1,2020-06-22
2020-06-16,38.905573,-76.983161,Ward 5,2020-06-19
2020-06-16,38.890779,-76.958140,Ward 7,2020-06-19
2020-06-16,38.905269,-76.983462,Ward 5,2020-06-19
2020-06-16,38.884215,-76.931479,Ward 7,2020-06-17
2020-06-16,38.871183,-76.940067,Ward 7,2020-06-19
2020-06-16,38.954379,-77.033739,Ward 4,2020-06-19
2020-06-16,38.927875,-77.024237,Ward 1,2020-06-18
2020-06-16,38.892374,-76.910012,Ward 7,2020-06-22
2020-06-16,38.860698,-76.984770,Ward 8,2020-06-22
2020-06-16,38.828063,-76.997174,Ward 8,2020-06-23
2020-06-16,38.893781,-76.952037,Ward 7,2020-06-19
2020-06-16,38.830273,-76.998772,Ward 8,2020-06-22
2020-06-16,38.938366,-77.017178,Ward 4,2020-06-19
2020-06-16,38.929717,-77.025037,Ward 1,2020-06-22
2020-06-16,38.957878,-77.071752,Ward 3,2020-06-17
2020-06-16,38.884217,-76.960521,Ward 7,2020-06-19
2020-06-16,38.894779,-76.978995,Ward 6,2020-06-24
2020-06-16,38.930331,-77.040864,Ward 1,2020-06-22
2020-06-16,38.912375,-77.009602,Ward 5,2020-06-26
2020-06-16,38.913950,-77.014408,Ward 5,2020-06-26
2020-06-16,38.900698,-76.976681,Ward 5,2020-06-19
2020-06-16,38.909581,-76.986446,Ward 5,2020-06-19
2020-06-16,38.865383,-76.981447,Ward 8,2020-06-22
2020-06-16,38.912607,-77.027894,Ward 2,2020-06-18
2020-06-16,38.925234,-77.024527,Ward 1,2020-06-22
2020-06-16,38.830299,-76.994571,Ward 8,2020-06-22
2020-06-16,38.897591,-76.973483,Ward 7,2020-06-17
2020-06-16,38.920442,-77.029193,Ward 1,2020-06-17
2020-06-16,38.885953,-76.933956,Ward 7,2020-06-17
2020-06-16,38.902883,-76.990884,Ward 6,2020-06-23
2020-06-16,38.906645,-77.014832,Ward 6,2020-06-18
2020-06-17,38.924180,-77.025289,Ward 1,2020-06-17
2020-06-17,38.946661,-77.035682,Ward 4,2020-06-22
2020-06-17,38.957069,-77.031948,Ward 4,2020-06-22
2020-06-17,38.894779,-76.978995,Ward 6,2020-06-24
2020-06-17,38.880800,-76.943902,Ward 7,2020-06-19
2020-06-17,38.879190,-76.985251,Ward 6,2020-07-10
2020-06-17,38.944907,-77.033041,Ward 4,2020-06-22
2020-06-17,38.946774,-76.989493,Ward 5,2020-06-18
2020-06-17,38.930616,-77.018538,Ward 1,2020-06-18
2020-06-17,38.863527,-76.972132,Ward 8,2020-06-22
2020-06-17,38.908843,-77.043775,Ward 2,2020-06-18
2020-06-17,38.969312,-77.063656,Ward 4,2020-06-18
2020-06-17,38.901252,-76.949689,Ward 7,2020-06-19
2020-06-17,38.930242,-77.018430,Ward 1,2020-06-18
2020-06-17,38.927875,-77.024237,Ward 1,2020-06-22
2020-06-17,38.919547,-77.028334,Ward 1,2020-06-22
2020-06-17,38.919353,-77.028669,Ward 1,2020-06-22
2020-06-17,38.930156,-77.026675,Ward 1,2020-06-22
2020-06-17,38.930278,-77.038623,Ward 1,2020-06-22
2020-06-17,38.931060,-77.041036,Ward 1,2020-06-22
2020-06-17,38.930776,-77.039443,Ward 1,2020-06-22
2020-06-17,38.931637,-77.039135,Ward 1,2020-06-22
2020-06-17,38.879968,-76.938010,Ward 7,2020-06-18
2020-06-17,38.931245,-77.039718,Ward 1,2020-06-30
2020-06-17,38.832558,-76.990258,Ward 8,2020-06-22
2020-06-17,38.905496,-76.927714,Ward 7,2020-06-19
2020-06-17,38.902498,-76.986490,Ward 5,2020-06-23
2020-06-17,38.916766,-77.002411,Ward 5,2020-06-18
2020-06-17,38.894957,-76.979119,Ward 6,2020-06-18
2020-06-17,38.878154,-76.962893,Ward 7,2020-06-18
2020-06-17,38.900735,-76.992400,Ward 6,2020-07-10
2020-06-17,38.943070,-77.002570,Ward 5,2020-06-23
2020-06-17,38.905422,-76.975653,Ward 5,2020-06-23
2020-06-17,38.894944,-76.978242,Ward 6,2020-06-18
2020-06-17,38.911304,-76.934340,Ward 7,2020-06-29
2020-06-17,38.918540,-77.042907,Ward 1,2020-06-24
2020-06-17,38.909819,-77.007780,Ward 5,2020-06-23
2020-06-17,38.941072,-77.002000,Ward 5,2020-06-24
2020-06-17,38.944061,-76.999733,Ward 5,2020-06-24
2020-06-18,38.906244,-76.977412,Ward 5,2020-06-24
2020-06-18,38.899117,-76.981496,Ward 6,2020-07-13
2020-06-18,38.895927,-76.981349,Ward 6,2020-06-24
2020-06-18,38.895931,-76.980990,Ward 6,2020-06-18
2020-06-18,38.899439,-76.992420,Ward 6,2020-07-10
2020-06-18,38.942925,-77.025785,Ward 4,2020-06-18
2020-06-18,38.894779,-76.978995,Ward 6,2020-07-02
2020-06-18,38.951323,-77.017843,Ward 4,2020-06-19
2020-06-18,38.848302,-77.000541,Ward 8,2020-06-23
2020-06-18,38.897336,-76.916660,Ward 7,2020-06-19
2020-06-18,38.902024,-76.931223,Ward 7,2020-06-19
2020-06-18,38.847163,-76.982514,Ward 8,2020-06-23
2020-06-18,38.980884,-77.035983,Ward 4,2020-06-23
2020-06-18,38.956514,-77.025053,Ward 4,2020-06-19
2020-06-18,38.836945,-76.989866,Ward 8,2020-06-23
2020-06-18,38.914253,-77.032491,Ward 2,2020-06-19
2020-06-18,38.909895,-77.068333,Ward 2,2020-06-30
2020-06-18,38.832815,-77.000180,Ward 8,2020-07-06
2020-06-18,38.877000,-76.931470,Ward 7,2020-06-19
2020-06-18,38.925501,-77.031147,Ward 1,2020-06-24
2020-06-18,38.829461,-77.002253,Ward 8,2020-06-23
2020-06-18,38.882852,-76.933506,Ward 7,2020-06-19
2020-06-18,38.884215,-76.931479,Ward 7,2020-06-23
2020-06-18,38.949573,-77.013343,Ward 4,2020-07-01
2020-06-18,38.894674,-76.936683,Ward 7,2020-06-19
2020-06-18,38.896610,-76.939827,Ward 7,2020-07-30
2020-06-18,38.852286,-76.989472,Ward 8,2020-06-23
2020-06-18,38.873184,-76.976226,Ward 8,2020-07-02
2020-06-18,38.924303,-76.984881,Ward 5,2020-06-23
2020-06-18,38.955092,-77.021010,Ward 4,2020-06-23
2020-06-18,38.867495,-76.979528,Ward 8,2020-07-22
2020-06-18,38.894358,-76.926014,Ward 7,2020-07-01
2020-06-18,38.880633,-77.003447,Ward 6,2020-07-01
2020-06-18,38.887763,-76.957766,Ward 7,2020-06-19
2020-06-18,38.948039,-77.023409,Ward 4,2020-07-01
2020-06-18,38.930158,-77.024024,Ward 1,2020-07-15
2020-06-18,38.877422,-76.930939,Ward 7,2020-06-26
2020-06-18,38.913144,-77.008160,Ward 5,2020-06-23
2020-06-18,38.909839,-77.013483,Ward 5,2020-06-18
2020-06-18,38.912812,-77.015392,Ward 5,2020-06-29
2020-06-18,38.955478,-76.991668,Ward 5,2020-06-24
2020-06-18,38.905375,-76.975242,Ward 5,2020-06-23
2020-06-18,38.940204,-76.996787,Ward 5,2020-06-23
2020-06-18,38.902739,-76.984666,Ward 5,2020-06-23
2020-06-18,38.878766,-76.930505,Ward 7,2020-06-26
2020-06-18,38.913408,-77.017301,Ward 5,2020-06-19
2020-06-18,38.865870,-76.945776,Ward 7,2020-06-22
2020-06-18,38.900600,-76.992874,Ward 6,2020-07-10
2020-06-18,38.950632,-77.033135,Ward 4,2020-07-01
2020-06-18,38.917985,-77.011936,Ward 5,2020-06-26
2020-06-19,38.901159,-76.988107,Ward 6,2020-07-10
2020-06-19,38.915415,-77.023177,Ward 1,2020-06-22
2020-06-19,38.913170,-77.010347,Ward 5,2020-07-06
2020-06-19,38.920892,-76.985052,Ward 5,2020-06-30
2020-06-19,38.898140,-76.941696,Ward 7,2020-06-26
2020-06-19,38.848580,-77.000653,Ward 8,2020-06-25
2020-06-19,38.961703,-76.997656,Ward 4,2020-07-01
2020-06-19,38.888006,-76.991802,Ward 6,2020-07-10
2020-06-19,38.901011,-77.008435,Ward 6,2020-06-23
2020-06-19,38.924995,-77.031398,Ward 1,2020-06-22
2020-06-19,38.934263,-77.035737,Ward 1,2020-06-22
2020-06-19,38.921712,-77.034619,Ward 1,2020-07-01
2020-06-19,38.967678,-77.010569,Ward 4,2020-07-01
2020-06-19,38.973392,-77.023384,Ward 4,2020-07-07
2020-06-19,38.901731,-76.999748,Ward 6,2020-06-29
2020-06-19,38.959136,-77.000106,Ward 4,2020-07-01
2020-06-19,38.899935,-76.933572,Ward 7,2020-06-26
2020-06-19,38.903876,-76.979372,Ward 5,2020-06-26
2020-06-19,38.866419,-76.987088,Ward 8,2020-07-02
2020-06-19,38.930682,-77.056460,Ward 3,2020-06-22
2020-06-19,38.904780,-77.025723,Ward 2,2020-06-23
2020-06-19,38.928975,-77.054315,Ward 3,2020-06-22
2020-06-19,38.894934,-76.989390,Ward 6,2020-07-10
2020-06-19,38.915762,-77.009775,Ward 5,2020-06-23
2020-06-19,38.914225,-77.008717,Ward 5,2020-07-02
2020-06-19,38.892089,-76.949414,Ward 7,2020-06-22
2020-06-19,38.917394,-77.004970,Ward 5,2020-06-23
2020-06-19,38.896961,-76.936576,Ward 7,2020-06-23
2020-06-19,38.921241,-76.983046,Ward 5,2020-06-23
2020-06-19,38.875816,-76.932053,Ward 7,2020-06-26
2020-06-19,38.918540,-77.042907,Ward 1,2020-06-24
2020-06-19,38.907615,-77.066270,Ward 2,2020-06-23
2020-06-20,38.906634,-76.934072,Ward 7,2020-06-30
2020-06-20,38.906563,-76.932705,Ward 7,2020-06-22
2020-06-20,38.900226,-76.972157,Ward 5,2020-06-23
2020-06-20,38.863425,-76.959574,Ward 7,2020-06-26
2020-06-20,38.871538,-76.981358,Ward 8,2020-06-30
2020-06-20,38.858653,-76.997855,Ward 8,2020-07-01
2020-06-20,38.905646,-77.001298,Ward 6,2020-07-02
2020-06-20,38.910042,-76.934588,Ward 7,2020-06-26
2020-06-20,38.889030,-76.985766,Ward 6,2020-07-10
2020-06-20,38.822885,-76.999584,Ward 8,2020-07-02
2020-06-20,38.926786,-77.034844,Ward 1,2020-06-30
2020-06-20,38.871099,-77.013014,Ward 6,2020-07-10
2020-06-20,38.927591,-77.021406,Ward 1,2020-06-30
2020-06-20,38.934429,-77.034316,Ward 1,2020-06-22
2020-06-20,38.890035,-76.981999,Ward 6,2020-07-10
2020-06-20,38.889302,-76.981983,Ward 6,2020-07-10
2020-06-20,38.894178,-76.985507,Ward 6,2020-07-02
2020-06-20,38.927714,-77.034203,Ward 1,2020-06-22
2020-06-20,38.871505,-76.981507,Ward 8,2020-07-01
2020-06-20,38.905905,-77.042991,Ward 2,2020-06-30
2020-06-20,38.866419,-76.987088,Ward 8,2020-07-02
2020-06-20,38.903123,-76.990557,Ward 5,2020-06-30
2020-06-21,38.901112,-76.985369,Ward 5,2020-06-30
2020-06-21,38.918114,-77.029620,Ward 1,2020-06-22
2020-06-21,38.916096,-77.016305,Ward 1,2020-06-29
2020-06-21,38.859843,-76.987149,Ward 8,2020-07-01
2020-06-21,38.894961,-76.981696,Ward 6,2020-06-23
2020-06-21,38.907033,-76.979738,Ward 5,2020-07-02
2020-06-21,38.897420,-76.977071,Ward 6,2020-06-29
2020-06-21,38.876708,-76.932591,Ward 7,2020-06-26
2020-06-21,38.910638,-77.008234,Ward 5,2020-06-23
2020-06-21,38.903807,-76.986683,Ward 5,2020-06-30
2020-06-22,38.861881,-76.982505,Ward 8,2020-06-23
2020-06-22,38.906682,-76.979969,Ward 5,2020-07-02
2020-06-22,38.894317,-76.976442,Ward 7,2020-06-26
2020-06-22,38.905214,-76.975986,Ward 5,2020-06-23
2020-06-22,38.915753,-77.010525,Ward 5,2020-07-02
2020-06-22,38.892160,-76.975954,Ward 6,2020-06-23
2020-06-22,38.866455,-76.979272,Ward 8,2020-07-23
2020-06-22,38.909437,-77.014089,Ward 5,2020-07-02
2020-06-22,38.929949,-77.026586,Ward 1,2020-07-01
2020-06-22,38.899067,-76.931354,Ward 7,2020-06-26
2020-06-22,38.929126,-77.022973,Ward 1,2020-06-29
2020-06-22,38.956658,-77.019195,Ward 4,2020-06-23
2020-06-22,38.909458,-77.025803,Ward 2,2020-06-24
2020-06-22,38.939250,-77.025110,Ward 4,2020-06-23
2020-06-22,38.906912,-77.062900,Ward 2,2020-06-24
2020-06-22,38.959457,-77.003025,Ward 4,2020-06-23
2020-06-22,38.908723,-77.026826,Ward 2,2020-07-07
2020-06-22,38.918114,-77.033241,Ward 1,2020-06-24
2020-06-22,38.933717,-77.073939,Ward 3,2020-07-02
2020-06-22,38.929398,-77.023599,Ward 1,2020-06-23
2020-06-22,38.929237,-77.023007,Ward 1,2020-06-23
2020-06-22,38.831570,-76.989616,Ward 8,2020-06-23
2020-06-22,38.862604,-76.988090,Ward 8,2020-07-01
2020-06-22,38.833449,-76.988401,Ward 8,2020-07-02
2020-06-22,38.889456,-76.938854,Ward 7,2020-06-26
2020-06-22,38.945255,-77.033710,Ward 4,2020-07-07
2020-06-22,38.950620,-77.030131,Ward 4,2020-06-30
2020-06-22,38.907706,-77.046394,Ward 2,2020-06-29
2020-06-22,38.904398,-76.986253,Ward 5,2020-06-30
2020-06-22,38.893465,-76.951201,Ward 7,2020-06-26
2020-06-22,38.893709,-76.951846,Ward 7,2020-06-29
2020-06-22,38.903668,-76.933485,Ward 7,2020-06-26
2020-06-22,38.903838,-76.932911,Ward 7,2020-07-01
2020-06-22,38.904458,-76.932928,Ward 7,2020-07-01
2020-06-22,38.904507,-76.986517,Ward 5,2020-06-30
2020-06-22,38.893614,-76.952545,Ward 7,2020-06-23
2020-06-22,38.955192,-77.013853,Ward 4,2020-06-24
2020-06-22,38.953795,-77.016755,Ward 4,2020-06-30
2020-06-22,38.951908,-77.015640,Ward 4,2020-06-29
2020-06-22,38.929949,-77.026586,Ward 1,2020-07-01
2020-06-22,38.891044,-76.946957,Ward 7,2020-06-23
2020-06-22,38.949101,-76.994712,Ward 5,2020-06-23
2020-06-22,38.916810,-77.010865,Ward 5,2020-07-07
2020-06-22,38.891581,-76.985213,Ward 6,2020-07-10
2020-06-23,38.927342,-77.024306,Ward 1,2020-06-29
2020-06-23,38.893732,-76.984908,Ward 6,2020-07-10
2020-06-23,38.871681,-76.981506,Ward 8,2020-07-07
2020-06-23,38.951652,-77.030631,Ward 4,2020-06-24
2020-06-23,38.904780,-77.025723,Ward 2,2020-06-25
2020-06-23,38.940553,-77.014752,Null,2020-06-24
2020-06-23,38.898302,-76.980765,Ward 6,2020-07-10
2020-06-23,38.905797,-76.981473,Ward 5,2020-07-02
2020-06-23,38.939479,-77.032445,Ward 4,2020-07-01
2020-06-23,38.896498,-76.980918,Ward 6,2020-07-10
2020-06-23,38.909299,-77.027316,Ward 2,2020-06-29
2020-06-23,38.873094,-76.936881,Ward 7,2020-06-26
2020-06-23,38.820929,-77.006314,Ward 8,2020-07-01
2020-06-23,38.915365,-77.008044,Ward 5,2020-07-02
2020-06-23,38.877847,-76.930792,Ward 7,2020-07-01
2020-06-23,38.904509,-76.979850,Ward 5,2020-06-30
2020-06-23,38.906038,-76.986950,Ward 5,2020-06-30
2020-06-23,38.904127,-76.985885,Ward 5,2020-06-30
2020-06-23,38.911646,-76.985954,Ward 5,2020-06-30
2020-06-23,38.912437,-76.986316,Ward 5,2020-06-30
2020-06-23,38.913418,-76.985519,Ward 5,2020-06-30
2020-06-23,38.905934,-76.989836,Ward 5,2020-06-30
2020-06-23,38.909513,-76.986519,Ward 5,2020-06-30
2020-06-23,38.892908,-76.933959,Ward 7,2020-06-24
2020-06-23,38.906407,-76.986078,Ward 5,2020-06-30
2020-06-23,38.924694,-76.969172,Ward 5,2020-06-24
2020-06-23,38.925869,-77.023565,Ward 1,2020-06-24
2020-06-23,38.945261,-77.026003,Ward 4,2020-07-01
2020-06-23,38.868633,-76.944443,Ward 7,2020-06-30
2020-06-23,38.834394,-77.004165,Ward 8,2020-07-01
2020-06-23,38.905437,-77.065034,Ward 2,2020-06-25
2020-06-23,38.834139,-77.004645,Ward 8,2020-07-01
2020-06-23,38.887792,-76.992129,Ward 6,2020-06-24
2020-06-23,38.827350,-76.998212,Ward 8,2020-07-01
2020-06-23,38.828939,-76.997830,Ward 8,2020-07-01
2020-06-23,38.914536,-77.014219,Ward 5,2020-06-24
2020-06-23,38.864617,-76.994890,Ward 8,2020-06-25
2020-06-23,38.827638,-77.009110,Ward 8,2020-06-25
2020-06-23,38.900954,-76.950582,Ward 7,2020-06-24
2020-06-23,38.936146,-77.030131,Ward 1,2020-06-29
2020-06-23,38.928789,-77.024705,Ward 1,2020-06-29
2020-06-23,38.924517,-77.029420,Ward 1,2020-06-29
2020-06-23,38.923487,-77.045907,Ward 1,2020-06-24
2020-06-23,38.924500,-77.030721,Ward 1,2020-06-24
2020-06-23,38.955625,-77.027675,Ward 4,2020-07-07
2020-06-23,38.909869,-77.019144,Ward 6,2020-07-10
2020-06-23,38.894945,-76.978004,Ward 6,2020-06-24
2020-06-23,38.908473,-77.080992,Ward 3,2020-06-29
2020-06-23,38.924701,-76.999232,Ward 5,2020-07-02
2020-06-23,38.893581,-77.002777,Ward 6,2020-07-07
2020-06-23,38.892009,-76.982217,Ward 7,2020-07-07
2020-06-23,38.926536,-77.034677,Ward 1,2020-06-29
2020-06-23,38.924650,-76.998205,Ward 5,2020-06-24
2020-06-23,38.930298,-77.020911,Ward 1,2020-06-29
2020-06-23,38.895643,-76.981458,Ward 6,2020-07-10
2020-06-24,38.833211,-77.006889,Ward 8,2020-07-01
2020-06-24,38.882741,-77.005361,Ward 6,2020-07-10
2020-06-24,38.871309,-76.981021,Ward 8,2020-06-30
2020-06-24,38.841325,-77.005813,Ward 8,2020-06-25
2020-06-24,38.952765,-77.024099,Ward 4,2020-06-30
2020-06-24,38.949958,-77.030491,Ward 4,2020-06-30
2020-06-24,38.904205,-76.979716,Ward 5,2020-06-30
2020-06-24,38.879698,-76.941914,Ward 7,2020-06-26
2020-06-24,38.941802,-77.021113,Ward 4,2020-07-01
2020-06-24,38.849961,-76.967127,Ward 8,2020-06-25
2020-06-24,38.897877,-76.972509,Ward 7,2020-06-26
2020-06-24,38.892009,-76.982217,Ward 7,2020-07-07
2020-06-24,38.865024,-76.945563,Ward 7,2020-06-26
2020-06-24,38.938234,-77.029995,Ward 4,2020-07-01
2020-06-24,38.868013,-76.945225,Ward 7,2020-06-30
2020-06-24,38.883462,-76.946669,Ward 7,2020-06-29
2020-06-24,38.849952,-76.966793,Ward 8,2020-06-25
2020-06-24,38.928423,-77.035034,Ward 1,2020-06-29
2020-06-24,38.961815,-77.019020,Ward 4,2020-07-07
2020-06-24,38.844514,-77.000428,Ward 8,2020-06-25
2020-06-24,38.879010,-76.931457,Ward 7,2020-06-26
2020-06-24,38.890067,-76.948215,Ward 7,2020-06-30
2020-06-24,38.848209,-77.000349,Ward 8,2020-06-25
2020-06-24,38.924848,-77.039988,Ward 1,2020-06-29
2020-06-24,38.847082,-76.971897,Ward 8,2020-07-22
2020-06-24,38.827473,-76.998213,Ward 8,2020-07-22
2020-06-24,38.906056,-76.976957,Ward 5,2020-07-02
2020-06-24,38.829416,-76.997978,Ward 8,2020-07-22
2020-06-24,38.909857,-77.014258,Ward 5,2020-07-02
2020-06-24,38.912449,-77.008757,Ward 5,2020-07-02
2020-06-24,38.915007,-77.008516,Ward 5,2020-07-02
2020-06-24,38.934869,-76.978135,Ward 5,2020-07-06
2020-06-24,38.910534,-77.009902,Ward 5,2020-07-06
2020-06-24,38.980884,-77.035983,Ward 4,2020-06-30
2020-06-25,38.894946,-76.977406,Ward 6,2020-07-10
2020-06-25,38.899226,-76.979929,Ward 6,2020-07-13
2020-06-25,38.897554,-76.977025,Ward 6,2020-06-29
2020-06-25,38.927600,-77.021292,Ward 1,2020-06-29
2020-06-25,38.921303,-76.983126,Ward 5,2020-06-26
2020-06-25,38.902249,-76.993104,Ward 6,2020-07-10
2020-06-25,38.903534,-76.979901,Ward 5,2020-07-02
2020-06-25,38.873854,-76.934487,Ward 7,2020-07-01
2020-06-25,38.944881,-77.026979,Ward 4,2020-07-01
2020-06-25,38.878593,-76.986060,Ward 6,2020-06-26
2020-06-25,38.882657,-76.983174,Ward 6,2020-06-26
2020-06-25,38.918700,-77.037286,Ward 1,2020-06-30
2020-06-25,38.945386,-77.021101,Ward 4,2020-07-01
2020-06-25,38.962500,-77.002445,Ward 4,2020-06-30
2020-06-25,38.962508,-77.021382,Ward 4,2020-07-01
2020-06-25,38.949818,-77.016857,Ward 4,2020-07-01
2020-06-25,38.841893,-77.001616,Ward 8,2020-07-22
2020-06-25,38.841521,-76.995457,Ward 8,2020-06-30
2020-06-25,38.840400,-77.006388,Ward 8,2020-07-22
2020-06-25,38.976789,-77.025373,Ward 4,2020-06-30
2020-06-25,38.956531,-77.028305,Ward 4,2020-07-01
2020-06-25,38.894013,-76.990485,Ward 6,2020-07-10
2020-06-25,38.871183,-76.940067,Ward 7,2020-07-02
2020-06-25,38.892933,-76.951199,Ward 7,2020-07-01
2020-06-25,38.897746,-76.983960,Ward 6,2020-07-10
2020-06-25,38.891039,-76.946748,Ward 7,2020-08-14
2020-06-25,38.904204,-76.979827,Ward 5,2020-06-30
2020-06-25,38.883702,-76.982471,Ward 6,2020-06-25
2020-06-25,38.883702,-76.982471,Ward 6,2020-07-10
2020-06-25,38.940022,-76.986875,Ward 5,2020-07-02
2020-06-25,38.905823,-76.975985,Ward 5,2020-07-02
2020-06-25,38.933359,-76.962301,Ward 5,2020-07-06
2020-06-25,38.948255,-76.981081,Ward 5,2020-07-06
2020-06-25,38.894777,-76.977259,Null,2020-07-10
2020-06-25,38.834469,-76.988969,Ward 8,2020-07-22
2020-06-25,38.831284,-76.992650,Ward 8,2020-07-22
2020-06-25,38.914085,-77.012157,Ward 5,2020-07-01
2020-06-25,38.921307,-76.986313,Ward 5,2020-07-14
2020-06-25,38.894960,-76.977136,Ward 7,2020-06-30
2020-06-25,38.833224,-76.999820,Ward 8,2020-07-27
2020-06-26,38.907837,-76.987785,Ward 5,2020-06-30
2020-06-26,38.947711,-77.022693,Ward 4,2020-06-29
2020-06-26,38.912793,-76.975338,Ward 5,2020-07-02
2020-06-26,38.921086,-77.030787,Ward 1,2020-07-01
2020-06-26,38.915294,-77.018643,Ward 1,2020-07-01
2020-06-26,38.899642,-76.990517,Ward 6,2020-07-10
2020-06-26,38.888440,-76.935700,Ward 7,2020-06-29
2020-06-26,38.921241,-76.983046,Ward 5,2020-08-03
2020-06-26,38.920313,-76.988559,Ward 5,2020-07-22
2020-06-26,38.901320,-76.988310,Ward 6,2020-07-07
2020-06-26,38.938286,-77.024331,Ward 4,2020-06-29
2020-06-26,38.882594,-77.031787,Ward 6,2020-07-10
2020-06-26,38.936975,-77.025122,Ward 4,2020-07-07
2020-06-26,38.906231,-77.026682,Ward 2,2020-06-30
2020-06-26,38.856501,-76.970299,Ward 8,2020-06-30
2020-06-26,38.956176,-77.016302,Ward 4,2020-07-07
2020-06-26,38.891702,-76.946746,Ward 7,2020-07-30
2020-06-26,38.926778,-76.966418,Ward 5,2020-07-06
2020-06-26,38.905797,-76.981473,Ward 5,2020-07-02
2020-06-26,38.906971,-76.980742,Ward 5,2020-06-30
2020-06-26,38.907323,-76.980514,Ward 5,2020-06-30
2020-06-26,38.932311,-77.030379,Ward 1,2020-07-01
2020-06-26,38.892178,-76.975422,Ward 6,2020-07-10
2020-06-26,38.902199,-76.988305,Ward 5,2020-07-08
2020-06-26,38.968153,-77.020184,Ward 4,2020-06-29
2020-06-26,38.933057,-76.961975,Ward 5,2020-06-30
2020-06-26,38.954532,-77.017991,Ward 4,2020-07-07
2020-06-26,38.949938,-77.030145,Ward 4,2020-07-07
2020-06-26,38.906890,-77.011072,Ward 5,2020-07-22
2020-06-26,38.881460,-76.990698,Ward 6,2020-07-10
2020-06-26,38.820876,-77.006356,Ward 8,2020-07-22
2020-06-26,38.928967,-76.971799,Ward 5,2020-07-06
2020-06-26,38.833684,-76.992319,Ward 8,2020-07-22
2020-06-26,38.903137,-76.999767,Ward 6,2020-07-10
2020-06-26,38.903316,-76.999768,Ward 6,2020-07-10
2020-06-26,38.903412,-76.999799,Ward 6,2020-07-10
2020-06-26,38.903448,-76.999783,Ward 6,2020-07-10
2020-06-27,38.915607,-77.074410,Ward 2,2020-06-30
2020-06-27,38.934117,-77.021933,Ward 1,2020-07-10
2020-06-27,38.905104,-76.996697,Ward 6,2020-07-10
2020-06-27,38.893504,-76.983648,Ward 6,2020-06-29
2020-06-27,38.901809,-76.995937,Ward 6,2020-07-10
2020-06-27,38.924302,-77.022737,Ward 1,2020-06-29
2020-06-27,38.910214,-77.010578,Ward 5,2020-07-01
2020-06-27,38.910983,-77.028475,Ward 2,2020-06-30
2020-06-27,38.895440,-76.913006,Ward 7,2020-07-09
2020-06-27,38.905500,-77.001090,Ward 6,2020-07-01
2020-06-27,38.905487,-77.000797,Ward 6,2020-07-10
2020-06-27,38.850412,-76.975444,Ward 8,2020-07-22
2020-06-27,38.906851,-77.018665,Ward 6,2020-07-10
2020-06-27,38.899489,-77.019643,Ward 2,2020-06-30
2020-06-27,38.926211,-77.007453,Ward 5,2020-07-08
2020-06-27,38.937918,-77.029414,Ward 4,2020-07-07
2020-06-27,38.914953,-77.008724,Ward 5,2020-06-30
2020-06-27,38.946476,-77.020651,Ward 4,2020-07-07
2020-06-27,38.933946,-77.024744,Ward 1,2020-06-29
2020-06-27,38.903119,-77.000347,Ward 6,2020-07-14
2020-06-27,38.913620,-76.990280,Ward 5,2020-06-30
2020-06-27,38.858144,-76.965572,Ward 7,2020-07-30
2020-06-28,38.961517,-77.010750,Ward 4,2020-07-07
2020-06-28,38.943499,-77.012605,Ward 4,2020-06-30
2020-06-28,38.946474,-77.020715,Ward 4,2020-07-08
2020-06-28,38.926327,-76.997782,Ward 5,2020-07-07
2020-06-28,38.913167,-77.031103,Ward 2,2020-06-30
2020-06-28,38.900406,-76.989800,Ward 6,2020-06-29
2020-06-28,38.841096,-77.006114,Ward 8,2020-07-22
2020-06-28,38.896676,-76.984847,Ward 6,2020-07-13
2020-06-28,38.953624,-76.989614,Ward 5,2020-07-07
2020-06-28,38.905553,-76.987921,Ward 5,2020-07-10
2020-06-28,38.903117,-76.985087,Ward 5,2020-06-30
2020-06-28,38.903912,-76.984164,Ward 5,2020-07-07
2020-06-29,38.876708,-76.932591,Ward 7,2020-07-09
2020-06-29,38.895353,-76.919372,Ward 7,2020-07-09
2020-06-29,38.978121,-77.024683,Ward 4,2020-07-07
2020-06-29,38.915900,-77.036867,Ward 2,2020-06-30
2020-06-29,38.844098,-76.996268,Ward 8,2020-07-22
2020-06-29,38.934116,-76.983430,Ward 5,2020-06-30
2020-06-29,38.901112,-76.985369,Ward 5,2020-07-08
2020-06-29,38.823230,-76.999784,Ward 8,2020-07-23
2020-06-29,38.953353,-77.019145,Ward 4,2020-07-07
2020-06-29,38.933972,-77.041021,Ward 1,2020-07-01
2020-06-29,38.926368,-76.968755,Ward 5,2020-06-30
2020-06-29,38.874155,-76.974036,Ward 7,2020-07-09
2020-06-29,38.912951,-77.027381,Ward 2,2020-07-01
2020-06-29,38.892367,-76.975429,Ward 7,2020-07-01
2020-06-29,38.871183,-76.940067,Ward 7,2020-07-02
2020-06-29,38.938965,-77.024454,Ward 4,2020-07-02
2020-06-29,38.906486,-76.935714,Ward 7,2020-06-30
2020-06-29,38.933337,-77.034421,Ward 1,2020-07-13
2020-06-29,38.903739,-77.013170,Ward 6,2020-07-01
2020-06-29,38.877232,-76.932239,Ward 7,2020-07-30
2020-06-29,38.903398,-76.984479,Ward 5,2020-07-08
2020-06-29,38.930677,-77.021123,Ward 1,2020-07-01
2020-06-29,38.903876,-76.986062,Ward 5,2020-06-30
2020-06-29,38.932078,-76.969319,Ward 5,2020-06-30
2020-06-29,38.928720,-77.025212,Ward 1,2020-06-30
2020-06-29,38.928706,-77.025303,Ward 1,2020-06-30
2020-06-29,38.899094,-76.997366,Ward 6,2020-07-14
2020-06-29,38.928703,-77.025517,Ward 1,2020-06-30
2020-06-29,38.907243,-76.987313,Ward 5,2020-06-30
2020-06-29,38.923044,-77.044951,Ward 1,2020-07-01
2020-06-29,38.922946,-77.045715,Ward 1,2020-06-30
2020-06-29,38.922941,-77.046127,Ward 1,2020-06-30
2020-06-29,38.922041,-77.045297,Ward 1,2020-06-30
2020-06-29,38.922100,-77.046062,Ward 1,2020-07-02
2020-06-29,38.886618,-76.954141,Ward 7,2020-07-09
2020-06-29,38.922574,-77.046061,Ward 1,2020-06-30
2020-06-29,38.922585,-77.045743,Ward 1,2020-06-30
2020-06-29,38.925946,-77.023425,Ward 1,2020-07-01
2020-06-29,38.948888,-77.024374,Ward 4,2020-07-07
2020-06-29,38.944681,-77.026585,Ward 4,2020-06-30
2020-06-29,38.891781,-76.952000,Ward 7,2020-06-30
2020-06-29,38.927600,-77.021292,Ward 1,2020-07-15
2020-06-29,38.894608,-76.979163,Ward 6,2020-06-30
2020-06-29,38.925636,-77.023159,Ward 1,2020-07-07
2020-06-29,38.888852,-76.925606,Ward 7,2020-07-09
2020-06-29,38.890430,-76.959690,Ward 7,2020-06-30
2020-06-29,38.946474,-77.020715,Ward 4,2020-07-08
2020-06-29,38.910238,-77.040703,Ward 2,2020-06-30
2020-06-29,38.943211,-77.007193,Ward 5,2020-07-07
2020-06-29,38.902482,-76.927576,Ward 7,2020-06-30
2020-06-29,38.902482,-76.927576,Ward 7,2020-06-30
2020-06-29,38.910919,-77.028517,Ward 2,2020-06-30
2020-06-29,38.853771,-76.964446,Ward 7,2020-07-09
2020-06-29,38.832700,-76.987958,Ward 8,2020-07-27
2020-06-29,38.882724,-76.992645,Ward 6,2020-07-01
2020-06-30,38.843625,-77.000314,Ward 8,2020-07-01
2020-06-30,38.878154,-76.962893,Ward 7,2020-07-01
2020-06-30,38.924259,-77.030065,Ward 1,2020-08-03
2020-06-30,38.894473,-76.978781,Ward 6,2020-07-13
2020-06-30,38.926043,-77.030934,Ward 1,2020-07-01
2020-06-30,38.897820,-76.976481,Ward 7,2020-07-09
2020-06-30,38.893929,-76.957739,Ward 7,2020-07-09
2020-06-30,38.904272,-76.997954,Ward 6,2020-07-14
2020-06-30,38.934027,-77.023032,Ward 1,2020-07-10
2020-06-30,38.929301,-77.032984,Ward 1,2020-07-02
2020-06-30,38.917449,-77.040284,Ward 1,2020-07-01
2020-06-30,38.896822,-76.981195,Ward 6,2020-07-14
2020-06-30,38.933967,-77.041754,Ward 1,2020-07-10
2020-06-30,38.834734,-76.988289,Ward 8,2020-07-23
2020-06-30,38.888315,-76.928278,Ward 7,2020-07-01
2020-06-30,38.849839,-76.978905,Ward 8,2020-07-01
2020-06-30,38.904884,-76.984008,Ward 5,2020-07-01
2020-06-30,38.965200,-77.026753,Ward 4,2020-07-01
2020-06-30,38.925962,-77.023340,Ward 1,2020-07-02
2020-06-30,38.926359,-77.023109,Ward 1,2020-07-02
2020-06-30,38.910089,-76.938452,Ward 7,2020-07-01
2020-06-30,38.915006,-77.011889,Ward 5,2020-07-10
2020-06-30,38.830273,-76.998772,Ward 8,2020-07-23
2020-06-30,38.885868,-76.933210,Ward 7,2020-07-06
2020-06-30,38.951227,-77.012330,Ward 4,2020-07-07
2020-06-30,38.933697,-77.041013,Ward 1,2020-07-10
2020-06-30,38.917545,-77.005265,Ward 5,2020-07-02
2020-06-30,38.933986,-77.040751,Ward 1,2020-07-01
2020-06-30,38.933438,-77.037994,Ward 1,2020-07-01
2020-06-30,38.910007,-77.009051,Ward 5,2020-07-01
2020-06-30,38.896966,-76.996405,Ward 6,2020-07-01
2020-06-30,38.901519,-76.990811,Ward 6,2020-07-14
2020-06-30,38.910527,-77.012867,Ward 5,2020-07-13
2020-06-30,38.910527,-77.012867,Ward 5,2020-07-13
2020-06-30,38.862819,-76.988451,Ward 8,2020-07-23
2020-06-30,38.946614,-77.006075,Ward 5,2020-07-09
2020-06-30,38.901993,-76.987846,Ward 5,2020-07-07
2020-06-30,38.941621,-77.013864,Null,2020-07-02
2020-06-30,38.908065,-77.026749,Ward 2,2020-07-07
2020-06-30,38.924707,-76.997783,Ward 5,2020-07-22
2020-06-30,38.921454,-77.009370,Ward 5,2020-07-07
2020-06-30,38.912889,-77.072875,Ward 2,2020-07-02
2020-06-30,38.895275,-76.977487,Ward 6,2020-07-10
2020-06-30,38.928574,-77.038898,Ward 1,2020-07-10
2020-06-30,38.918696,-77.037357,Ward 1,2020-07-10
2020-06-30,38.913610,-77.019675,Ward 6,2020-07-09
2020-06-30,38.902618,-76.939867,Ward 7,2020-07-31
2020-06-30,38.907129,-76.935637,Ward 7,2020-08-25
2020-06-30,38.931234,-77.019216,Ward 1,2020-07-10
2020-06-30,38.902482,-76.927576,Ward 7,2020-07-09
2020-06-30,38.953731,-77.026224,Ward 4,2020-07-07
2020-07-01,38.900498,-77.054350,Ward 2,2020-07-02
2020-07-01,38.899549,-76.990529,Ward 6,2020-07-01
2020-07-01,38.907062,-77.017259,Ward 6,2020-07-09
2020-07-01,38.966427,-77.024003,Ward 4,2020-07-07
2020-07-01,38.953252,-77.015940,Ward 4,2020-07-06
2020-07-01,38.883460,-76.999234,Ward 6,2020-07-08
2020-07-01,38.965165,-77.018733,Ward 4,2020-07-10
2020-07-01,38.892509,-77.000764,Ward 6,2020-07-31
2020-07-01,38.912006,-77.019174,Ward 6,2020-08-03
2020-07-01,38.854507,-76.990221,Ward 8,2020-07-02
2020-07-01,38.879700,-76.933832,Ward 7,2020-07-09
2020-07-01,38.932589,-77.109079,Ward 3,2020-07-06
2020-07-01,38.943042,-77.004625,Ward 5,2020-07-07
2020-07-01,38.859405,-76.965045,Ward 7,2020-07-09
2020-07-01,38.859405,-76.965045,Ward 7,2020-07-09
2020-07-01,38.952066,-77.014003,Ward 4,2020-07-10
2020-07-01,38.924799,-77.035390,Ward 1,2020-07-10
2020-07-01,38.969982,-77.013932,Ward 4,2020-07-02
2020-07-01,38.943039,-77.003724,Ward 5,2020-07-02
2020-07-01,38.925740,-77.026002,Ward 1,2020-07-13
2020-07-01,38.875874,-76.959548,Ward 7,2020-07-14
2020-07-01,38.925373,-77.008419,Ward 5,2020-07-07
2020-07-01,38.878803,-76.965595,Ward 7,2020-07-09
2020-07-01,38.902038,-76.992850,Ward 6,2020-07-14
2020-07-01,38.929419,-77.020397,Ward 1,2020-07-10
2020-07-01,38.903395,-76.992181,Ward 6,2020-07-09
2020-07-01,38.940615,-77.039324,Ward 4,2020-07-02
2020-07-01,38.865619,-76.985175,Ward 8,2020-07-02
2020-07-01,38.897009,-76.996407,Ward 6,2020-08-03
2020-07-01,38.879475,-76.933840,Ward 7,2020-07-08
2020-07-01,38.925752,-76.999977,Ward 5,2020-07-07
2020-07-01,38.927904,-76.977937,Ward 5,2020-07-02
2020-07-01,38.954195,-76.989236,Ward 5,2020-07-07
2020-07-01,38.905396,-76.971953,Ward 5,2020-07-06
2020-07-01,38.940101,-77.032999,Ward 4,2020-07-13
2020-07-01,38.902824,-76.983388,Ward 5,2020-07-07
2020-07-01,38.914294,-77.008458,Ward 5,2020-07-07
2020-07-01,38.944764,-77.006207,Ward 5,2020-08-05
2020-07-01,38.884998,-76.979182,Ward 6,2020-07-14
2020-07-01,38.924508,-77.029932,Ward 1,2020-07-10
2020-07-01,38.884305,-76.984897,Ward 6,2020-07-13
2020-07-01,38.918380,-76.999839,Ward 5,2020-07-07
2020-07-01,38.903360,-76.982075,Ward 5,2020-07-02
2020-07-01,38.916096,-77.016305,Ward 1,2020-07-10
2020-07-01,38.935351,-77.030603,Ward 1,2020-07-10
2020-07-01,38.922959,-77.030014,Ward 1,2020-07-10
2020-07-01,38.859749,-76.987079,Ward 8,2020-07-22
2020-07-01,38.899924,-76.940453,Ward 7,2020-07-20
2020-07-02,38.885868,-76.933210,Ward 7,2020-07-06
2020-07-02,38.859657,-76.952375,Ward 7,2020-07-07
2020-07-02,38.915470,-77.019599,Ward 1,2020-07-02
2020-07-02,38.897493,-76.935800,Ward 7,2020-07-20
2020-07-02,38.953424,-77.016216,Ward 4,2020-07-07
2020-07-02,38.905491,-77.015489,Ward 6,2020-07-31
2020-07-02,38.905466,-77.015912,Ward 6,2020-07-31
2020-07-02,38.905887,-77.019560,Ward 6,2020-07-09
2020-07-02,38.939098,-77.016439,Ward 4,2020-07-16
2020-07-02,38.915365,-77.008044,Ward 5,2020-07-13
2020-07-02,38.974731,-77.063888,Ward 4,2020-07-13
2020-07-02,38.928013,-77.027614,Ward 1,2020-07-15
2020-07-02,38.915753,-77.010525,Ward 5,2020-07-15
2020-07-02,38.885476,-76.954479,Ward 7,2020-07-09
2020-07-02,38.953908,-77.026712,Ward 4,2020-07-13
2020-07-02,38.883631,-76.956881,Ward 7,2020-07-06
2020-07-02,38.953194,-77.026557,Ward 4,2020-07-14
2020-07-02,38.884005,-76.957227,Ward 7,2020-07-08
2020-07-02,38.951220,-77.017842,Ward 4,2020-07-13
2020-07-02,38.952912,-77.018068,Ward 4,2020-07-13
2020-07-02,38.899483,-76.987286,Ward 6,2020-08-03
2020-07-02,38.923729,-77.040588,Ward 1,2020-07-15
2020-07-02,38.874892,-76.936266,Ward 7,2020-07-08
2020-07-02,38.924206,-77.034025,Ward 1,2020-07-15
2020-07-02,38.914391,-77.001759,Ward 5,2020-07-15
2020-07-02,38.934393,-77.023750,Ward 1,2020-07-15
2020-07-02,38.834256,-77.004466,Ward 8,2020-07-22
2020-07-02,38.848419,-76.999924,Ward 8,2020-07-27
2020-07-02,38.910528,-77.040455,Ward 2,2020-07-23
2020-07-02,38.932736,-77.108349,Ward 3,2020-07-06
2020-07-02,38.905384,-77.024568,Ward 2,2020-07-28
2020-07-02,38.902260,-77.010613,Ward 6,2020-07-10
2020-07-02,38.919431,-77.032333,Ward 1,2020-07-06
2020-07-02,38.944485,-77.005785,Ward 5,2020-07-09
2020-07-02,38.914994,-77.031201,Ward 1,2020-07-15
2020-07-02,38.934395,-77.023285,Ward 1,2020-07-15
2020-07-02,38.892509,-77.000764,Ward 6,2020-07-31
2020-07-02,38.896357,-76.937981,Ward 7,2020-07-07
2020-07-02,38.889066,-76.989912,Ward 6,2020-07-10
2020-07-03,38.907379,-77.027831,Ward 2,2020-07-07
2020-07-03,38.892838,-76.981995,Ward 6,2020-08-03
2020-07-03,38.886805,-76.918095,Ward 7,2020-07-20
2020-07-03,38.881706,-76.997504,Ward 6,2020-07-08
2020-07-03,38.862432,-76.986244,Ward 8,2020-07-22
2020-07-03,38.936206,-77.022768,Ward 1,2020-07-15
2020-07-03,38.887816,-76.986045,Ward 6,2020-07-10
2020-07-03,38.918277,-77.027852,Ward 1,2020-07-07
2020-07-03,38.897513,-76.981171,Ward 6,2020-08-03
2020-07-03,38.896841,-76.981054,Ward 6,2020-07-09
2020-07-03,38.910916,-76.935793,Ward 7,2020-07-07
2020-07-03,38.897337,-76.925611,Ward 7,2020-07-07
2020-07-03,38.915358,-77.010049,Ward 5,2020-07-16
2020-07-03,38.868907,-76.980290,Ward 8,2020-07-22
2020-07-03,38.903540,-76.976929,Ward 5,2020-07-09
2020-07-03,38.885080,-76.932363,Ward 7,2020-07-06
2020-07-03,38.870959,-77.010835,Ward 6,2020-07-08
2020-07-03,38.961500,-77.043202,Null,2020-07-08
2020-07-03,38.896872,-77.001383,Ward 6,2020-08-03
2020-07-03,38.941346,-77.033038,Ward 4,2020-07-14
2020-07-03,38.927204,-77.022494,Ward 1,2020-07-16
2020-07-03,38.897431,-76.982730,Ward 6,2020-07-09
2020-07-04,38.877143,-76.967045,Ward 7,2020-07-20
2020-07-04,38.874684,-76.971399,Ward 7,2020-07-20
2020-07-04,38.905797,-76.981473,Ward 5,2020-07-16
2020-07-04,38.942737,-77.034123,Ward 4,2020-07-13
2020-07-04,38.933798,-77.022532,Ward 1,2020-07-07
2020-07-04,38.902705,-76.979560,Ward 5,2020-07-23
2020-07-04,38.870976,-76.969326,Ward 7,2020-07-06
2020-07-04,38.877359,-76.967054,Ward 7,2020-07-08
2020-07-04,38.915760,-77.007850,Ward 5,2020-07-18
2020-07-04,38.936590,-77.035776,Ward 1,2020-07-16
2020-07-04,38.854525,-76.982559,Ward 8,2020-07-22
2020-07-04,38.878006,-76.940960,Ward 7,2020-07-20
2020-07-04,38.903014,-76.992405,Ward 6,2020-07-09
2020-07-05,38.925169,-76.965162,Ward 5,2020-07-08
2020-07-05,38.876481,-77.002038,Ward 6,2020-07-08
2020-07-05,38.958935,-77.017273,Ward 4,2020-07-13
2020-07-05,38.867738,-76.982226,Ward 8,2020-07-06
2020-07-05,38.918573,-76.986481,Ward 5,2020-07-22
2020-07-05,38.933980,-77.032440,Ward 1,2020-07-06
2020-07-05,38.907499,-76.943324,Ward 7,2020-07-09
2020-07-05,38.907499,-76.943324,Ward 7,2020-07-09
2020-07-05,38.933826,-77.020607,Ward 1,2020-07-08
2020-07-05,38.915365,-77.008044,Ward 5,2020-07-13
2020-07-05,38.947414,-77.079042,Ward 3,2020-07-06
2020-07-05,38.949087,-77.079184,Ward 3,2020-07-06
2020-07-05,38.907106,-77.010343,Ward 5,2020-07-15
2020-07-05,38.936600,-77.033381,Ward 1,2020-07-08
2020-07-05,38.926217,-77.023592,Ward 1,2020-07-16
2020-07-05,38.913880,-77.032743,Ward 2,2020-07-08
2020-07-05,38.903420,-76.992235,Ward 6,2020-07-09
2020-07-05,38.895968,-76.975337,Ward 7,2020-07-08
2020-07-05,38.835001,-76.988173,Ward 8,2020-07-08
2020-07-05,38.969722,-77.029354,Ward 4,2020-07-07
2020-07-05,38.944389,-77.018654,Ward 4,2020-07-13
2020-07-06,38.881609,-76.942183,Ward 7,2020-07-08
2020-07-06,38.953559,-76.989173,Ward 5,2020-07-09
2020-07-06,38.926786,-77.034844,Ward 1,2020-07-08
2020-07-06,38.882099,-76.942606,Ward 7,2020-07-08
2020-07-06,38.927470,-77.039522,Ward 1,2020-07-08
2020-07-06,38.884994,-77.006818,Ward 6,2020-07-10
2020-07-06,38.905851,-77.018684,Ward 6,2020-07-09
2020-07-06,38.895740,-76.992840,Ward 6,2020-07-08
2020-07-06,38.870919,-77.011602,Ward 6,2020-07-08
2020-07-06,38.898147,-76.938295,Ward 7,2020-07-07
2020-07-06,38.896498,-76.980918,Ward 6,2020-07-09
2020-07-06,38.951227,-77.012330,Ward 4,2020-07-13
2020-07-06,38.861644,-76.980437,Ward 8,2020-07-22
2020-07-06,38.886261,-76.991306,Ward 6,2020-07-10
2020-07-06,38.913197,-77.024519,Ward 6,2020-07-31
2020-07-06,38.918754,-76.988847,Ward 5,2020-07-22
2020-07-06,38.856440,-76.957255,Ward 7,2020-07-20
2020-07-06,38.927877,-77.028344,Ward 1,2020-07-16
2020-07-06,38.886618,-76.954141,Ward 7,2020-07-20
2020-07-06,38.981199,-77.022187,Ward 4,2020-07-13
2020-07-06,38.905422,-76.975653,Ward 5,2020-07-16
2020-07-06,38.825234,-76.996894,Ward 8,2020-07-23
2020-07-06,38.956729,-77.017196,Ward 4,2020-07-10
2020-07-06,38.912990,-76.986760,Ward 5,2020-07-15
2020-07-06,38.902009,-76.927271,Ward 7,2020-07-20
2020-07-06,38.929323,-77.038639,Ward 1,2020-07-07
2020-07-06,38.947066,-76.983160,Ward 5,2020-07-09
2020-07-06,38.927651,-77.024157,Ward 1,2020-07-07
2020-07-06,38.921466,-76.976666,Ward 5,2020-07-08
2020-07-06,38.891894,-76.953588,Ward 7,2020-07-07
2020-07-06,38.925561,-77.040910,Ward 1,2020-07-07
2020-07-06,38.927204,-77.022494,Ward 1,2020-07-16
2020-07-06,38.944879,-77.027332,Ward 4,2020-07-10
2020-07-06,38.916766,-77.002411,Ward 5,2020-07-23
2020-07-06,38.889302,-76.981983,Ward 6,2020-07-08
2020-07-06,38.904017,-76.990883,Ward 5,2020-07-09
2020-07-06,38.917711,-77.004969,Ward 5,2020-07-15
2020-07-07,38.927686,-77.034590,Ward 1,2020-07-18
2020-07-07,38.884296,-76.982732,Ward 6,2020-08-04
2020-07-07,38.917140,-77.009300,Ward 5,2020-07-15
2020-07-07,38.935550,-77.028766,Ward 1,2020-07-18
2020-07-07,38.935255,-77.028752,Ward 1,2020-07-16
2020-07-07,38.935761,-77.029488,Ward 1,2020-07-29
2020-07-07,38.915364,-77.031198,Ward 1,2020-07-16
2020-07-07,38.939069,-77.027644,Ward 4,2020-07-08
2020-07-07,38.909252,-76.984066,Ward 5,2020-07-14
2020-07-07,38.909971,-77.036067,Ward 2,2020-07-09
2020-07-07,38.924706,-77.025354,Ward 1,2020-07-08
2020-07-07,38.954284,-77.028545,Ward 4,2020-07-08
2020-07-07,38.927087,-77.024893,Ward 1,2020-07-16
2020-07-07,38.870522,-76.977049,Ward 8,2020-07-08
2020-07-07,38.853413,-76.973956,Ward 8,2020-07-22
2020-07-07,38.914454,-77.009378,Ward 5,2020-07-10
2020-07-07,38.857939,-76.964655,Ward 7,2020-07-23
2020-07-07,38.905396,-76.971953,Ward 5,2020-07-15
2020-07-07,38.918236,-77.024057,Ward 1,2020-07-15
2020-07-07,38.917946,-77.001555,Ward 5,2020-07-10
2020-07-07,38.919504,-77.025776,Ward 1,2020-07-16
2020-07-07,38.921262,-77.031036,Ward 1,2020-07-16
2020-07-07,38.915900,-77.036867,Ward 2,2020-07-09
2020-07-07,38.915786,-77.040812,Ward 2,2020-07-10
2020-07-07,38.947493,-77.016511,Ward 4,2020-08-03
2020-07-07,38.896491,-76.981733,Ward 6,2020-07-09
2020-07-07,38.933972,-77.041021,Ward 1,2020-07-08
2020-07-07,38.945438,-77.019910,Ward 4,2020-07-10
2020-07-07,38.911871,-77.034552,Ward 2,2020-08-03
2020-07-07,38.889485,-76.928825,Ward 7,2020-07-20
2020-07-07,38.954422,-77.015997,Ward 4,2020-08-03
2020-07-07,38.904013,-76.924665,Ward 7,2020-07-25
2020-07-07,38.941018,-77.033039,Ward 4,2020-07-10
2020-07-07,38.887746,-76.935256,Ward 7,2020-07-20
2020-07-07,38.925740,-77.026002,Ward 1,2020-07-15
2020-07-07,38.936204,-77.038859,Ward 1,2020-07-15
2020-07-07,38.847114,-76.982501,Ward 8,2020-07-22
2020-07-07,38.940959,-77.033041,Ward 4,2020-07-10
2020-07-07,38.927354,-77.024043,Ward 1,2020-07-08
2020-07-07,38.924292,-77.023137,Ward 1,2020-07-15
2020-07-07,38.896494,-76.982044,Ward 6,2020-07-08
2020-07-07,38.899677,-76.988982,Ward 6,2020-07-09
2020-07-07,38.856362,-76.974312,Ward 8,2020-07-08
2020-07-07,38.824558,-77.009974,Ward 8,2020-07-08
2020-07-07,38.827611,-77.010579,Ward 8,2020-07-22
2020-07-07,38.827938,-77.008258,Ward 8,2020-07-22
2020-07-07,38.825797,-76.998179,Ward 8,2020-07-09
2020-07-07,38.863473,-76.982953,Ward 8,2020-07-22
2020-07-07,38.863235,-76.982974,Ward 8,2020-07-22
2020-07-07,38.910903,-77.013770,Ward 5,2020-07-14
2020-07-07,38.863361,-76.982946,Ward 8,2020-07-22
2020-07-07,38.899574,-76.950494,Ward 7,2020-07-08
2020-07-07,38.856438,-76.957090,Ward 7,2020-07-08
2020-07-07,38.866901,-76.984828,Ward 8,2020-07-27
2020-07-07,38.829413,-76.999929,Ward 8,2020-07-27
2020-07-07,38.903731,-77.003175,Ward 6,2020-07-08
2020-07-07,38.933039,-76.965262,Ward 5,2020-07-16
2020-07-07,38.933039,-76.966375,Ward 5,2020-07-16
2020-07-07,38.932307,-76.972945,Ward 5,2020-07-14
2020-07-07,38.841107,-76.998699,Ward 8,2020-07-20
2020-07-07,38.912112,-76.986232,Ward 5,2020-07-14
2020-07-07,38.905396,-76.971953,Ward 5,2020-07-15
2020-07-07,38.825341,-76.997399,Ward 8,2020-07-13
2020-07-07,38.948148,-77.023414,Ward 4,2020-07-13
2020-07-07,38.899986,-76.975659,Ward 5,2020-07-09
2020-07-07,38.895396,-76.993499,Ward 6,2020-07-08
2020-07-07,38.897562,-76.997145,Ward 6,2020-07-09
2020-07-07,38.979069,-77.060207,Ward 4,2020-07-10
2020-07-07,38.979069,-77.060207,Ward 4,2020-07-10
2020-07-07,38.979069,-77.060207,Ward 4,2020-07-10
2020-07-07,38.979069,-77.060207,Ward 4,2020-07-10
2020-07-07,38.979069,-77.060207,Ward 4,2020-07-10
2020-07-07,38.979069,-77.060207,Ward 4,2020-07-10
2020-07-07,38.979069,-77.060207,Ward 4,2020-07-10
2020-07-07,38.979069,-77.060207,Ward 4,2020-07-10
2020-07-07,38.979069,-77.060207,Ward 4,2020-07-10
2020-07-07,38.979069,-77.060207,Ward 4,2020-07-10
2020-07-07,38.979069,-77.060207,Ward 4,2020-07-10
2020-07-07,38.934940,-77.027484,Ward 1,2020-07-15
2020-07-07,38.889485,-76.928760,Ward 7,2020-07-30
2020-07-07,38.905872,-77.025205,Ward 2,2020-07-09
2020-07-07,38.900841,-76.989976,Ward 6,2020-08-03
2020-07-07,38.932856,-77.034524,Ward 1,2020-07-08
2020-07-08,38.890747,-76.982739,Ward 6,2020-07-09
2020-07-08,38.946102,-77.092063,Ward 3,2020-07-24
2020-07-08,38.913508,-77.010171,Ward 5,2020-07-14
2020-07-08,38.925044,-77.008084,Ward 5,2020-07-14
2020-07-08,38.921454,-77.009370,Ward 5,2020-07-14
2020-07-08,38.887327,-76.937317,Ward 7,2020-07-20
2020-07-08,38.927180,-77.033470,Ward 1,2020-07-18
2020-07-08,38.905483,-77.020107,Ward 6,2020-07-31
2020-07-08,38.882814,-77.021905,Ward 6,2020-07-10
2020-07-08,38.957345,-77.019028,Ward 4,2020-07-10
2020-07-08,38.939912,-77.019097,Ward 4,2020-07-31
2020-07-08,38.866383,-76.947444,Ward 7,2020-07-20
2020-07-08,38.894992,-76.974551,Ward 7,2020-07-09
2020-07-08,38.879175,-76.944115,Ward 7,2020-07-16
2020-07-08,38.924322,-77.034394,Ward 1,2020-07-18
2020-07-08,38.902984,-77.049379,Ward 2,2020-07-24
2020-07-08,38.903883,-77.064468,Ward 2,2020-07-23
2020-07-08,38.905797,-76.981473,Ward 5,2020-07-16
2020-07-08,38.905858,-77.025050,Ward 2,2020-07-28
2020-07-08,38.951274,-77.027990,Ward 4,2020-07-10
2020-07-08,38.878002,-76.983444,Ward 6,2020-08-03
2020-07-08,38.824197,-77.009706,Ward 8,2020-07-23
2020-07-08,38.932975,-77.031007,Ward 1,2020-07-09
2020-07-08,38.965098,-77.029298,Ward 4,2020-07-13
2020-07-08,38.913880,-77.032743,Ward 2,2020-07-24
2020-07-08,38.896310,-76.985710,Ward 6,2020-07-31
2020-07-08,38.895816,-76.925985,Ward 7,2020-07-10
2020-07-08,38.958155,-77.030624,Ward 4,2020-07-13
2020-07-08,38.912450,-76.987126,Ward 5,2020-07-18
2020-07-08,38.866699,-76.979310,Ward 8,2020-07-20
2020-07-08,38.883658,-76.922057,Ward 7,2020-07-20
2020-07-08,38.904499,-76.988319,Ward 5,2020-07-18
2020-07-08,38.903812,-77.058391,Ward 2,2020-07-10
2020-07-08,38.852421,-76.965166,Ward 8,2020-07-09
2020-07-08,38.939943,-77.025985,Ward 4,2020-07-13
2020-07-08,38.919356,-77.013127,Ward 5,2020-07-23
2020-07-08,38.909780,-77.014861,Ward 5,2020-07-18
2020-07-08,38.940153,-76.975796,Ward 5,2020-07-10
2020-07-08,38.874021,-76.952312,Ward 7,2020-07-13
2020-07-08,38.878154,-76.962893,Ward 7,2020-07-20
2020-07-08,38.855822,-76.969972,Ward 8,2020-07-31
2020-07-08,38.926574,-77.034613,Ward 1,2020-07-15
2020-07-08,38.939772,-77.018780,Ward 4,2020-07-14
2020-07-08,38.951002,-77.028308,Ward 4,2020-07-16
2020-07-09,38.896247,-76.976848,Ward 7,2020-07-10
2020-07-09,38.912601,-77.004371,Ward 5,2020-08-03
2020-07-09,38.897542,-76.999967,Ward 6,2020-07-16
2020-07-09,38.856501,-76.970299,Ward 8,2020-07-13
2020-07-09,38.850444,-76.968217,Ward 8,2020-07-20
2020-07-09,38.906833,-76.977850,Ward 5,2020-07-18
2020-07-09,38.940941,-76.993879,Ward 5,2020-07-18
2020-07-09,38.938045,-76.975962,Ward 5,2020-07-18
2020-07-09,38.955268,-76.995100,Ward 5,2020-07-18
2020-07-09,38.909599,-76.987609,Ward 5,2020-07-23
2020-07-09,38.876707,-76.931926,Ward 7,2020-07-30
2020-07-09,38.854970,-76.969363,Ward 8,2020-07-13
2020-07-09,38.877926,-76.930303,Ward 7,2020-08-05
2020-07-09,38.955843,-77.022290,Ward 4,2020-07-13
2020-07-09,38.870553,-76.979556,Ward 8,2020-07-20
2020-07-09,38.865442,-76.964535,Ward 7,2020-07-20
2020-07-09,38.966753,-77.015905,Ward 4,2020-07-13
2020-07-09,38.885418,-76.943890,Ward 7,2020-07-30
2020-07-09,38.930001,-77.018381,Ward 1,2020-07-15
2020-07-09,38.864517,-76.975586,Ward 8,2020-08-03
2020-07-09,38.864517,-76.975586,Ward 8,2020-08-03
2020-07-09,38.864517,-76.975586,Ward 8,2020-07-20
2020-07-09,38.939772,-77.018780,Ward 4,2020-07-14
2020-07-09,38.868141,-76.968718,Ward 7,2020-07-30
2020-07-09,38.891581,-76.985213,Ward 6,2020-07-14
2020-07-09,38.905863,-77.018752,Ward 6,2020-07-15
2020-07-09,38.920261,-77.003488,Ward 5,2020-07-14
2020-07-09,38.899117,-76.981496,Ward 6,2020-07-14
2020-07-09,38.830820,-76.992478,Ward 8,2020-07-20
2020-07-09,38.909941,-76.986042,Ward 5,2020-07-22
2020-07-09,38.913472,-77.012428,Ward 5,2020-07-10
2020-07-09,38.896414,-76.975167,Ward 7,2020-07-30
2020-07-09,38.925561,-77.040910,Ward 1,2020-07-13
2020-07-09,38.933309,-76.969369,Ward 5,2020-07-23
2020-07-09,38.888440,-76.935700,Ward 7,2020-07-10
2020-07-09,38.942446,-77.021396,Ward 4,2020-07-16
2020-07-09,38.948783,-77.016484,Ward 4,2020-07-16
2020-07-09,38.902225,-76.991310,Ward 6,2020-07-14
2020-07-09,38.884374,-76.961408,Ward 7,2020-08-03
2020-07-09,38.896023,-76.956204,Ward 7,2020-07-10
2020-07-09,38.877697,-76.931577,Ward 7,2020-07-30
2020-07-09,38.922052,-77.044955,Ward 1,2020-07-13
2020-07-09,38.826186,-77.000608,Ward 8,2020-07-20
2020-07-09,38.825434,-76.999481,Ward 8,2020-07-20
2020-07-09,38.842631,-77.001089,Ward 8,2020-07-13
2020-07-09,38.842874,-77.001925,Ward 8,2020-07-13
2020-07-09,38.832533,-77.006957,Ward 8,2020-07-20
2020-07-09,38.915365,-77.030836,Ward 1,2020-07-15
2020-07-09,38.905682,-76.988408,Ward 5,2020-07-10
2020-07-09,38.910318,-76.986918,Ward 5,2020-07-22
2020-07-09,38.893299,-76.979869,Ward 6,2020-07-14
2020-07-09,38.937211,-77.038621,Null,2020-07-14
2020-07-09,38.910151,-76.985465,Ward 5,2020-07-22
2020-07-09,38.905444,-76.997032,Ward 6,2020-07-15
2020-07-09,38.904689,-76.996401,Ward 6,2020-07-15
2020-07-10,38.916029,-77.026269,Ward 1,2020-07-13
2020-07-10,38.903909,-76.982186,Ward 5,2020-07-22
2020-07-10,38.960160,-77.072392,Ward 3,2020-07-13
2020-07-10,38.945222,-77.033015,Ward 4,2020-07-14
2020-07-10,38.965434,-77.031562,Ward 4,2020-07-15
2020-07-10,38.915426,-77.009359,Ward 5,2020-07-22
2020-07-10,38.951002,-77.028308,Ward 4,2020-07-16
2020-07-10,38.928274,-77.026849,Ward 1,2020-07-13
2020-07-10,38.905645,-77.018932,Ward 6,2020-08-12
2020-07-10,38.927203,-77.022721,Ward 1,2020-07-16
2020-07-10,38.895937,-76.974879,Ward 7,2020-07-20
2020-07-10,38.894019,-76.994618,Ward 6,2020-07-14
2020-07-10,38.941364,-77.024772,Ward 4,2020-07-14
2020-07-10,38.872767,-76.970684,Ward 7,2020-07-20
2020-07-10,38.930056,-77.042717,Ward 1,2020-07-13
2020-07-10,38.969924,-77.019895,Ward 4,2020-07-14
2020-07-10,38.967285,-77.019578,Ward 4,2020-07-14
2020-07-10,38.901866,-77.052288,Ward 2,2020-07-23
2020-07-10,38.934401,-77.023214,Ward 1,2020-07-15
2020-07-10,38.887123,-76.922448,Ward 7,2020-07-20
2020-07-10,38.830960,-77.000571,Ward 8,2020-07-13
2020-07-10,38.963577,-77.000399,Ward 4,2020-07-13
2020-07-10,38.893626,-76.982478,Ward 6,2020-08-07
2020-07-10,38.903529,-76.977033,Ward 5,2020-07-17
2020-07-10,38.849688,-76.978693,Ward 8,2020-07-22
2020-07-10,38.904401,-77.001828,Ward 6,2020-08-07
2020-07-10,38.898531,-76.984722,Ward 6,2020-08-07
2020-07-10,38.900827,-77.053531,Ward 2,2020-07-13
2020-07-10,38.942729,-77.035293,Ward 4,2020-07-16
2020-07-10,38.933798,-77.022532,Ward 1,2020-07-15
2020-07-10,38.905396,-76.971953,Ward 5,2020-07-15
2020-07-10,38.865339,-76.983316,Ward 8,2020-07-20
2020-07-10,38.893268,-76.916637,Ward 7,2020-07-20
2020-07-11,38.825406,-77.000231,Ward 8,2020-07-20
2020-07-11,38.921444,-77.003747,Ward 5,2020-07-17
2020-07-11,38.907420,-76.931022,Ward 7,2020-07-30
2020-07-11,38.865495,-76.963438,Ward 7,2020-07-20
2020-07-11,38.898729,-76.995504,Ward 6,2020-08-07
2020-07-11,38.899932,-76.995514,Ward 6,2020-08-11
2020-07-11,38.899712,-76.995927,Ward 6,2020-08-11
2020-07-11,38.879120,-76.989354,Ward 6,2020-07-14
2020-07-11,38.903557,-76.998922,Ward 6,2020-07-16
2020-07-11,38.916033,-77.009350,Ward 5,2020-07-22
2020-07-11,38.899102,-76.995583,Ward 6,2020-08-11
2020-07-11,38.830956,-76.998503,Ward 8,2020-07-13
2020-07-11,38.953166,-77.013763,Ward 4,2020-07-13
2020-07-11,38.949182,-77.029022,Ward 4,2020-07-14
2020-07-11,38.932975,-77.031007,Ward 1,2020-07-13
2020-07-11,38.959453,-77.025680,Ward 4,2020-07-16
2020-07-11,38.910214,-77.010640,Ward 5,2020-07-16
2020-07-11,38.924206,-77.034025,Ward 1,2020-07-15
2020-07-11,38.926689,-77.033958,Ward 1,2020-07-15
2020-07-11,38.891154,-76.929835,Ward 7,2020-07-15
2020-07-11,38.926612,-77.034284,Ward 1,2020-07-15
2020-07-11,38.906629,-76.998658,Ward 5,2020-07-17
2020-07-11,38.919038,-77.000108,Ward 5,2020-07-23
2020-07-11,38.887594,-76.923151,Ward 7,2020-07-20
2020-07-11,38.969226,-77.030511,Ward 4,2020-07-22
2020-07-11,38.913443,-77.068757,Ward 2,2020-07-13
2020-07-11,38.925234,-77.024527,Ward 1,2020-07-15
2020-07-11,38.918321,-77.003984,Ward 5,2020-07-24
2020-07-11,38.907409,-77.009671,Ward 5,2020-07-18
2020-07-11,38.932765,-77.028163,Ward 1,2020-07-15
2020-07-11,38.917859,-77.031680,Ward 1,2020-07-13
2020-07-11,38.914987,-77.019353,Ward 6,2020-07-16
2020-07-11,38.903412,-76.999799,Ward 6,2020-07-15
2020-07-11,38.933608,-77.027146,Ward 1,2020-07-16
2020-07-11,38.951652,-77.030451,Ward 4,2020-07-14
2020-07-11,38.951652,-77.030631,Ward 4,2020-07-15
2020-07-11,38.890097,-77.001023,Ward 6,2020-07-16
2020-07-11,38.953285,-77.014725,Ward 4,2020-07-13
2020-07-11,38.937039,-77.028867,Ward 4,2020-07-16
2020-07-12,38.928574,-77.038898,Ward 1,2020-07-13
2020-07-12,38.928601,-76.965617,Ward 5,2020-07-29
2020-07-12,38.872325,-76.966831,Ward 7,2020-07-14
2020-07-12,38.917945,-77.003701,Ward 5,2020-07-18
2020-07-12,38.873866,-76.969163,Ward 7,2020-07-14
2020-07-12,38.946077,-76.998895,Ward 5,2020-07-24
2020-07-12,38.899089,-76.990816,Ward 6,2020-07-14
2020-07-12,38.917394,-77.004970,Ward 5,2020-07-20
2020-07-12,38.903119,-77.000347,Ward 6,2020-07-16
2020-07-12,38.903316,-76.999768,Ward 6,2020-07-15
2020-07-12,38.909410,-77.047322,Ward 2,2020-07-13
2020-07-12,38.933649,-77.027135,Ward 1,2020-07-16
2020-07-12,38.911086,-76.985791,Ward 5,2020-07-17
2020-07-12,38.920158,-76.985792,Ward 5,2020-07-24
2020-07-12,38.912106,-77.032352,Ward 2,2020-07-13
2020-07-13,38.894937,-76.994428,Ward 6,2020-08-03
2020-07-13,38.906581,-77.013781,Ward 6,2020-08-07
2020-07-13,38.927068,-77.025739,Ward 1,2020-07-15
2020-07-13,38.927063,-77.025285,Ward 1,2020-07-15
2020-07-13,38.927198,-77.023837,Ward 1,2020-07-15
2020-07-13,38.927252,-77.025315,Ward 1,2020-07-15
2020-07-13,38.930330,-77.040130,Ward 1,2020-07-16
2020-07-13,38.894152,-76.911508,Ward 7,2020-07-20
2020-07-13,38.891092,-76.980960,Ward 6,2020-07-14
2020-07-13,38.922654,-76.972620,Ward 5,2020-07-22
2020-07-13,38.914235,-77.073943,Ward 2,2020-07-24
2020-07-13,38.940544,-76.994437,Ward 5,2020-07-24
2020-07-13,38.923746,-77.037523,Ward 1,2020-07-14
2020-07-13,38.965239,-77.030737,Ward 4,2020-07-22
2020-07-13,38.952015,-77.016532,Ward 4,2020-07-16
2020-07-13,38.907526,-76.983903,Ward 5,2020-07-29
2020-07-13,38.846124,-77.001754,Ward 8,2020-07-28
2020-07-13,38.893762,-76.990900,Ward 6,2020-07-14
2020-07-13,38.909661,-76.985588,Ward 5,2020-07-22
2020-07-13,38.957188,-77.025582,Ward 4,2020-07-16
2020-07-13,38.884479,-76.990244,Ward 6,2020-08-12
2020-07-13,38.911333,-77.049144,Ward 2,2020-07-23
2020-07-13,38.913565,-77.069009,Ward 2,2020-07-24
2020-07-13,38.910529,-77.040589,Ward 2,2020-07-23
2020-07-13,38.895601,-76.978726,Ward 6,2020-08-03
2020-07-13,38.922445,-77.060726,Ward 3,2020-07-16
2020-07-13,38.907034,-77.061427,Ward 2,2020-07-14
2020-07-13,38.970266,-77.027543,Ward 4,2020-07-14
2020-07-13,38.934395,-77.023285,Ward 1,2020-07-16
2020-07-13,38.827350,-76.998212,Ward 8,2020-07-20
2020-07-13,38.881580,-76.943348,Ward 7,2020-07-20
2020-07-13,38.926483,-77.041083,Ward 1,2020-07-15
2020-07-13,38.926327,-76.997782,Ward 5,2020-07-29
2020-07-13,38.850386,-76.967636,Ward 8,2020-07-20
2020-07-14,38.936542,-77.034409,Ward 1,2020-07-15
2020-07-14,38.845258,-76.999488,Ward 8,2020-08-27
2020-07-14,38.946474,-77.020715,Ward 4,2020-07-23
2020-07-14,38.899533,-76.938438,Ward 7,2020-07-20
2020-07-14,38.934493,-77.022259,Ward 1,2020-07-18
2020-07-14,38.925261,-77.024447,Ward 1,2020-07-28
2020-07-14,38.862724,-76.989111,Ward 8,2020-07-28
2020-07-14,38.913565,-77.069009,Ward 2,2020-07-24
2020-07-14,38.907499,-76.943324,Ward 7,2020-08-13
2020-07-14,38.905278,-77.070641,Ward 2,2020-07-23
2020-07-14,38.859024,-76.964487,Ward 7,2020-07-15
2020-07-14,38.863405,-76.964352,Ward 7,2020-07-15
2020-07-14,38.863908,-76.965241,Ward 7,2020-07-15
2020-07-14,38.915426,-77.009359,Ward 5,2020-07-22
2020-07-14,38.927651,-77.024157,Ward 1,2020-07-15
2020-07-14,38.927263,-77.025257,Ward 1,2020-07-18
2020-07-14,38.927287,-77.025036,Ward 1,2020-07-28
2020-07-14,38.927605,-77.024856,Ward 1,2020-07-18
2020-07-14,38.897809,-76.998200,Ward 6,2020-07-22
2020-07-14,38.898729,-76.995504,Ward 6,2020-08-07
2020-07-14,38.850461,-76.973286,Ward 8,2020-07-28
2020-07-14,38.929237,-77.023007,Ward 1,2020-07-15
2020-07-14,38.893175,-76.927742,Ward 7,2020-07-20
2020-07-14,38.892477,-76.952501,Ward 7,2020-07-20
2020-07-14,38.897373,-76.981733,Ward 6,2020-07-16
2020-07-14,38.959164,-77.020902,Ward 4,2020-07-22
2020-07-14,38.940335,-77.026730,Ward 4,2020-07-22
2020-07-14,38.890944,-76.954506,Ward 7,2020-07-15
2020-07-14,38.890876,-76.954587,Ward 7,2020-07-20
2020-07-14,38.852369,-76.966003,Ward 8,2020-07-20
2020-07-14,38.937823,-77.030435,Ward 4,2020-07-22
2020-07-14,38.876162,-76.935206,Ward 7,2020-07-23
2020-07-14,38.925561,-77.040910,Ward 1,2020-07-18
2020-07-14,38.880340,-76.988097,Ward 6,2020-07-15
2020-07-14,38.862855,-76.994737,Ward 8,2020-07-20
2020-07-14,38.845703,-77.001903,Ward 8,2020-07-20
2020-07-14,38.855836,-76.995006,Ward 8,2020-07-27
2020-07-14,38.915365,-77.011518,Ward 5,2020-07-18
2020-07-14,38.937039,-77.028867,Ward 4,2020-07-16
2020-07-14,38.828468,-76.998135,Ward 8,2020-07-20
2020-07-14,38.831061,-76.992279,Ward 8,2020-07-20
2020-07-14,38.829435,-76.999014,Ward 8,2020-07-20
2020-07-14,38.850077,-76.967427,Ward 8,2020-07-20
2020-07-14,38.863473,-76.982953,Ward 8,2020-07-22
2020-07-14,38.864908,-76.977641,Ward 8,2020-07-16
2020-07-14,38.864537,-76.977902,Ward 8,2020-07-23
2020-07-14,38.888440,-76.935700,Ward 7,2020-07-15
2020-07-14,38.918305,-77.017189,Ward 1,2020-07-15
2020-07-14,38.981199,-77.022187,Ward 4,2020-07-16
2020-07-14,38.969708,-77.030526,Ward 4,2020-07-16
2020-07-14,38.888278,-76.927976,Ward 7,2020-07-15
2020-07-14,38.902883,-76.990884,Ward 6,2020-08-03
2020-07-14,38.905482,-76.987999,Ward 5,2020-07-17
2020-07-14,38.900559,-76.951363,Ward 7,2020-07-17
2020-07-14,38.906337,-77.013797,Ward 6,2020-08-12
2020-07-14,38.831118,-77.012488,Ward 8,2020-07-22
2020-07-14,38.952457,-77.014336,Ward 4,2020-07-22
2020-07-14,38.868830,-76.979541,Ward 8,2020-07-22
2020-07-14,38.927084,-77.042213,Ward 1,2020-07-28
2020-07-14,38.908013,-77.026757,Ward 2,2020-07-15
2020-07-14,38.904183,-76.932922,Ward 7,2020-07-23
2020-07-14,38.938437,-77.022275,Ward 4,2020-07-16
2020-07-14,38.929785,-77.024078,Ward 1,2020-07-15
2020-07-14,38.942915,-76.998215,Ward 5,2020-08-31
2020-07-14,38.983849,-77.032377,Ward 4,2020-07-22
2020-07-15,38.904227,-76.977699,Ward 5,2020-07-17
2020-07-15,38.891092,-76.980960,Ward 6,2020-08-17
2020-07-15,38.907627,-77.012691,Ward 5,2020-07-16
2020-07-15,38.886914,-76.917020,Ward 7,2020-08-12
2020-07-15,38.916029,-77.026269,Ward 1,2020-07-16
2020-07-15,38.940260,-77.026787,Ward 4,2020-07-22
2020-07-15,38.895552,-76.984387,Ward 6,2020-07-16
2020-07-15,38.906433,-76.976955,Ward 5,2020-08-12
2020-07-15,38.842880,-76.988236,Ward 8,2020-07-16
2020-07-15,38.842747,-76.987908,Ward 8,2020-07-16
2020-07-15,38.851016,-76.965742,Ward 8,2020-07-27
2020-07-15,38.886831,-76.983826,Ward 6,2020-07-16
2020-07-15,38.887402,-76.983422,Ward 6,2020-07-16
2020-07-15,38.852366,-76.976515,Ward 8,2020-07-28
2020-07-15,38.862097,-76.982505,Ward 8,2020-07-16
2020-07-15,38.967678,-77.010569,Ward 4,2020-07-22
2020-07-15,38.925261,-77.024447,Ward 1,2020-07-28
2020-07-15,38.894251,-76.938771,Ward 7,2020-07-20
2020-07-15,38.850637,-76.973677,Ward 8,2020-07-22
2020-07-15,38.850593,-76.973652,Ward 8,2020-07-22
2020-07-15,38.886338,-76.926000,Ward 7,2020-07-20
2020-07-15,38.904015,-76.995947,Ward 6,2020-07-24
2020-07-15,38.896595,-76.940400,Ward 7,2020-08-25
2020-07-15,38.912996,-77.013853,Ward 5,2020-07-24
2020-07-15,38.896920,-76.942046,Ward 7,2020-07-20
2020-07-15,38.888474,-76.982865,Ward 6,2020-08-11
2020-07-15,38.882236,-76.992856,Ward 6,2020-08-12
2020-07-15,38.830273,-76.998710,Ward 8,2020-07-22
2020-07-15,38.913160,-77.016527,Ward 5,2020-07-17
2020-07-15,38.851551,-76.985336,Ward 8,2020-07-28
2020-07-15,38.905347,-77.064455,Ward 2,2020-07-23
2020-07-15,38.939968,-77.040641,Ward 4,2020-07-16
2020-07-15,38.898317,-76.979962,Ward 6,2020-08-17
2020-07-15,38.925261,-77.024447,Ward 1,2020-07-28
2020-07-15,38.893030,-76.984338,Ward 6,2020-07-16
2020-07-15,38.921714,-76.974225,Ward 5,2020-07-22
2020-07-15,38.927227,-77.022964,Ward 1,2020-08-12
2020-07-15,38.890366,-76.931902,Ward 7,2020-08-12
2020-07-15,38.934388,-77.031886,Ward 1,2020-07-18
2020-07-16,38.884280,-76.993527,Ward 6,2020-07-16
2020-07-16,38.924807,-77.025385,Ward 1,2020-07-18
2020-07-16,38.928698,-77.025561,Ward 1,2020-07-16
2020-07-16,38.927162,-77.042418,Ward 1,2020-07-18
2020-07-16,38.931686,-77.040026,Ward 1,2020-07-16
2020-07-16,38.930377,-77.039803,Ward 1,2020-07-16
2020-07-16,38.930278,-77.038623,Ward 1,2020-07-18
2020-07-16,38.930320,-77.040619,Ward 1,2020-07-16
2020-07-16,38.899932,-76.995514,Ward 6,2020-08-11
2020-07-16,38.883282,-76.931095,Ward 7,2020-08-11
2020-07-16,38.884049,-76.931816,Ward 7,2020-08-28
2020-07-16,38.915836,-77.022238,Ward 1,2020-07-16
2020-07-16,38.822885,-76.999584,Ward 8,2020-07-22
2020-07-16,38.858883,-76.997069,Ward 8,2020-07-27
2020-07-16,38.912793,-76.975338,Ward 5,2020-07-22
2020-07-16,38.891460,-76.921941,Ward 7,2020-07-30
2020-07-16,38.917207,-77.012807,Ward 5,2020-07-18
2020-07-16,38.915762,-77.009775,Ward 5,2020-07-22
2020-07-16,38.908887,-77.011417,Ward 5,2020-07-22
2020-07-16,38.949550,-76.995751,Ward 5,2020-07-30
2020-07-16,38.917404,-77.008128,Ward 5,2020-07-24
2020-07-16,38.930958,-77.020921,Ward 1,2020-07-28
2020-07-16,38.893762,-76.990900,Ward 6,2020-08-12
2020-07-16,38.915426,-77.009359,Ward 5,2020-07-24
2020-07-16,38.915426,-77.009359,Ward 5,2020-07-17
2020-07-16,38.928870,-77.021364,Ward 1,2020-07-20
2020-07-16,38.934916,-76.965989,Ward 5,2020-07-29
2020-07-16,38.946474,-77.020715,Ward 4,2020-07-23
2020-07-16,38.955550,-77.021735,Ward 4,2020-07-23
2020-07-16,38.890457,-76.954635,Ward 7,2020-07-17
2020-07-16,38.871183,-76.940067,Ward 7,2020-07-30
2020-07-16,38.949466,-77.017672,Ward 4,2020-07-17
2020-07-16,38.927932,-77.029423,Ward 1,2020-07-20
2020-07-16,38.916745,-77.031301,Ward 1,2020-07-29
2020-07-16,38.933606,-77.041005,Ward 1,2020-07-18
2020-07-16,38.933285,-77.040993,Ward 1,2020-07-18
2020-07-16,38.933010,-77.040989,Ward 1,2020-07-18
2020-07-16,38.912375,-77.009602,Ward 5,2020-07-22
2020-07-16,38.915402,-77.018287,Ward 1,2020-07-16
2020-07-16,38.891116,-76.948619,Ward 7,2020-07-17
2020-07-16,38.915318,-77.019178,Ward 1,2020-07-18
2020-07-16,38.932856,-77.035831,Ward 1,2020-07-18
2020-07-16,38.883280,-76.983064,Ward 6,2020-08-26
2020-07-16,38.892588,-76.959103,Ward 7,2020-07-30
2020-07-16,38.892044,-76.938979,Ward 7,2020-07-30
2020-07-16,38.886947,-76.989321,Ward 6,2020-08-28
2020-07-16,38.892303,-76.993978,Ward 6,2020-08-11
2020-07-16,38.896436,-76.926339,Ward 7,2020-07-22
2020-07-16,38.917580,-77.012756,Ward 5,2020-07-17
2020-07-16,38.894969,-76.988583,Ward 6,2020-08-12
2020-07-16,38.912013,-77.009431,Ward 5,2020-07-17
2020-07-16,38.847484,-76.971358,Ward 8,2020-07-28
2020-07-16,38.859644,-76.996103,Ward 8,2020-07-27
2020-07-16,38.924889,-77.025656,Ward 1,2020-07-20
2020-07-16,38.915383,-77.009539,Ward 5,2020-07-23
2020-07-16,38.926483,-77.041083,Ward 1,2020-07-28
2020-07-17,38.929938,-76.978064,Ward 5,2020-07-20
2020-07-17,38.906566,-77.016405,Ward 6,2020-08-12
2020-07-17,38.946438,-76.997267,Ward 5,2020-07-24
2020-07-17,38.939651,-76.979207,Ward 5,2020-08-26
2020-07-17,38.909809,-76.987802,Ward 5,2020-08-12
2020-07-17,38.892556,-76.952429,Ward 7,2020-07-30
2020-07-17,38.906038,-76.986950,Ward 5,2020-07-24
2020-07-17,38.932834,-77.035772,Ward 1,2020-07-20
2020-07-17,38.907526,-76.983903,Ward 5,2020-07-17
2020-07-17,38.920780,-76.979830,Ward 5,2020-07-17
2020-07-17,38.909551,-76.985682,Ward 5,2020-07-17
2020-07-17,38.906433,-76.976955,Ward 5,2020-07-23
2020-07-17,38.907846,-76.984629,Ward 5,2020-07-22
2020-07-17,38.916397,-77.017224,Ward 1,2020-07-20
2020-07-17,38.915426,-77.009359,Ward 5,2020-07-17
2020-07-17,38.906407,-76.986078,Ward 5,2020-07-22
2020-07-17,38.898465,-76.975274,Ward 7,2020-07-30
2020-07-17,38.892653,-76.913011,Ward 7,2020-07-30
2020-07-17,38.940412,-77.026675,Ward 4,2020-07-22
2020-07-17,38.954585,-77.017078,Ward 4,2020-07-22
2020-07-17,38.961592,-77.016449,Ward 4,2020-07-20
2020-07-17,38.897136,-76.985703,Ward 6,2020-08-11
2020-07-17,38.892509,-77.000764,Ward 6,2020-07-24
2020-07-17,38.919333,-77.001114,Ward 5,2020-08-04
2020-07-17,38.884479,-76.990244,Ward 6,2020-08-12
2020-07-17,38.956107,-77.025986,Ward 4,2020-07-20
2020-07-17,38.911581,-77.034337,Ward 2,2020-07-23
2020-07-17,38.878766,-76.930505,Ward 7,2020-08-13
2020-07-17,38.957913,-77.021637,Ward 4,2020-07-22
2020-07-17,38.896002,-76.916757,Ward 7,2020-07-30
2020-07-17,38.898049,-76.981376,Ward 6,2020-07-22
2020-07-17,38.918775,-76.999839,Ward 5,2020-07-22
2020-07-17,38.937934,-77.020538,Ward 4,2020-07-22
2020-07-17,38.872928,-76.962008,Ward 7,2020-07-21
2020-07-17,38.864158,-76.977768,Ward 8,2020-07-27
2020-07-17,38.934507,-77.034524,Ward 1,2020-07-28
2020-07-18,38.913282,-76.984673,Ward 5,2020-08-05
2020-07-18,38.892182,-76.993939,Ward 6,2020-08-11
2020-07-18,38.956417,-77.065797,Ward 3,2020-07-24
2020-07-18,38.906833,-76.977850,Ward 5,2020-07-23
2020-07-18,38.871242,-76.982033,Ward 8,2020-07-27
2020-07-18,38.919352,-77.025484,Ward 1,2020-07-20
2020-07-18,38.934940,-77.027484,Ward 1,2020-07-29
2020-07-18,38.947133,-77.020931,Ward 4,2020-07-22
2020-07-18,38.882473,-77.000339,Ward 6,2020-07-22
2020-07-18,38.948127,-77.015935,Ward 4,2020-07-22
2020-07-18,38.909801,-76.985555,Ward 5,2020-08-04
2020-07-18,38.908967,-77.064791,Ward 2,2020-07-23
2020-07-18,38.947081,-77.024203,Ward 4,2020-07-20
2020-07-18,38.952599,-77.009351,Ward 4,2020-07-22
2020-07-18,38.894013,-76.990485,Ward 6,2020-07-22
2020-07-18,38.945081,-77.018731,Ward 4,2020-07-20
2020-07-18,38.908895,-77.030407,Ward 2,2020-07-23
2020-07-18,38.904174,-77.018932,Ward 6,2020-07-22
2020-07-19,38.943022,-77.001919,Ward 5,2020-07-24
2020-07-19,38.911877,-76.976796,Ward 5,2020-07-22
2020-07-19,38.893134,-76.917032,Ward 7,2020-07-22
2020-07-19,38.927591,-77.021406,Ward 1,2020-07-28
2020-07-19,38.940533,-76.996049,Ward 5,2020-08-03
2020-07-19,38.849961,-76.967127,Ward 8,2020-07-27
2020-07-19,38.850386,-76.967636,Ward 8,2020-07-28
2020-07-19,38.928704,-77.025252,Ward 1,2020-07-28
2020-07-20,38.891092,-76.980960,Ward 6,2020-08-11
2020-07-20,38.839520,-77.006024,Ward 8,2020-07-28
2020-07-20,38.901731,-76.999748,Ward 6,2020-07-24
2020-07-20,38.949849,-77.015962,Ward 4,2020-07-22
2020-07-20,38.949811,-77.016920,Ward 4,2020-07-22
2020-07-20,38.915426,-77.009359,Ward 5,2020-07-24
2020-07-20,38.890606,-76.985779,Ward 6,2020-08-11
2020-07-20,38.939968,-77.040641,Ward 4,2020-07-23
2020-07-20,38.862778,-76.953250,Ward 7,2020-07-21
2020-07-20,38.894251,-76.938771,Ward 7,2020-07-30
2020-07-20,38.904219,-76.977754,Ward 5,2020-08-03
2020-07-20,38.887764,-76.957702,Ward 7,2020-07-30
2020-07-20,38.920957,-76.981062,Ward 5,2020-08-06
2020-07-20,38.946474,-77.020715,Ward 4,2020-07-22
2020-07-20,38.895831,-76.937101,Ward 7,2020-07-30
2020-07-20,38.878767,-76.930193,Ward 7,2020-08-13
2020-07-20,38.913891,-77.030542,Ward 2,2020-07-22
2020-07-20,38.859103,-76.956346,Ward 7,2020-07-22
2020-07-20,38.956444,-77.031693,Ward 4,2020-07-22
2020-07-20,38.931933,-77.076198,Ward 3,2020-07-22
2020-07-20,38.898556,-76.994219,Ward 6,2020-07-30
2020-07-20,38.911366,-77.017270,Ward 6,2020-07-24
2020-07-20,38.902964,-76.979234,Ward 5,2020-08-03
2020-07-20,38.872222,-77.012478,Ward 6,2020-07-22
2020-07-20,38.891781,-76.952000,Ward 7,2020-07-30
2020-07-20,38.909838,-77.012599,Ward 5,2020-08-03
2020-07-20,38.949456,-76.994742,Ward 5,2020-08-04
2020-07-20,38.922987,-77.033830,Ward 1,2020-07-29
2020-07-20,38.898757,-76.976972,Ward 6,2020-07-22
2020-07-20,38.833163,-76.990247,Ward 8,2020-07-27
2020-07-20,38.946425,-77.033007,Ward 4,2020-07-30
2020-07-20,38.833849,-76.990670,Ward 8,2020-07-22
2020-07-20,38.833134,-76.988093,Ward 8,2020-07-27
2020-07-20,38.852267,-76.963470,Ward 8,2020-07-27
2020-07-20,38.919498,-77.013722,Ward 5,2020-08-05
2020-07-20,38.943774,-77.040230,Ward 4,2020-07-30
2020-07-20,38.896954,-76.988081,Ward 6,2020-08-11
2020-07-20,38.962509,-77.017415,Ward 4,2020-07-30
2020-07-20,38.904873,-76.981835,Ward 5,2020-08-03
2020-07-20,38.927681,-76.992166,Ward 5,2020-08-03
2020-07-21,38.924701,-76.999931,Ward 5,2020-07-22
2020-07-21,38.884442,-77.004263,Ward 6,2020-08-11
2020-07-21,38.928250,-77.027657,Ward 1,2020-07-29
2020-07-21,38.936526,-77.033237,Ward 1,2020-07-28
2020-07-21,38.902231,-77.042088,Ward 2,2020-07-22
2020-07-21,38.924364,-77.025886,Ward 1,2020-07-28
2020-07-21,38.903904,-76.994252,Ward 6,2020-07-28
2020-07-21,38.923340,-77.039125,Ward 1,2020-07-22
2020-07-21,38.937559,-76.969277,Ward 5,2020-08-03
2020-07-21,38.893094,-76.916620,Ward 7,2020-07-30
2020-07-21,38.933870,-77.041547,Ward 1,2020-08-06
2020-07-21,38.887280,-76.916929,Ward 7,2020-07-30
2020-07-21,38.933488,-77.077048,Ward 3,2020-07-22
2020-07-21,38.929521,-77.027183,Ward 1,2020-08-06
2020-07-21,38.954455,-77.014783,Ward 4,2020-07-24
2020-07-21,38.948872,-77.024990,Ward 4,2020-07-30
2020-07-21,38.920893,-76.987270,Ward 5,2020-08-03
2020-07-21,38.939653,-76.990235,Ward 5,2020-07-22
2020-07-21,38.825434,-76.999481,Ward 8,2020-07-28
2020-07-21,38.924995,-77.031398,Ward 1,2020-08-06
2020-07-21,38.894633,-76.915637,Ward 7,2020-07-30
2020-07-21,38.873699,-76.976926,Ward 8,2020-07-27
2020-07-21,38.857939,-76.964655,Ward 7,2020-07-30
2020-07-21,38.830280,-76.996223,Ward 8,2020-07-27
2020-07-21,38.932720,-77.044191,Ward 1,2020-08-12
2020-07-21,38.909874,-76.986115,Ward 5,2020-08-03
2020-07-21,38.933404,-77.034091,Ward 1,2020-07-24
2020-07-21,38.916166,-77.010055,Ward 5,2020-07-22
2020-07-21,38.876670,-76.933092,Ward 7,2020-08-11
2020-07-21,38.912627,-76.941816,Ward 7,2020-07-30
2020-07-21,38.846421,-77.005085,Ward 8,2020-07-28
2020-07-21,38.912602,-77.010603,Ward 5,2020-08-12
2020-07-21,38.848419,-76.999924,Ward 8,2020-07-27
2020-07-21,38.871122,-76.981975,Ward 8,2020-07-22
2020-07-21,38.906452,-76.977822,Ward 5,2020-08-03
2020-07-21,38.938366,-77.017178,Ward 4,2020-07-23
2020-07-21,38.941092,-77.021394,Ward 4,2020-07-30
2020-07-21,38.887249,-76.953838,Ward 7,2020-07-30
2020-07-21,38.909348,-76.987772,Ward 5,2020-08-26
2020-07-21,38.906586,-76.986500,Ward 5,2020-08-03
2020-07-21,38.947301,-76.999457,Ward 5,2020-08-04
2020-07-21,38.905650,-76.981056,Ward 5,2020-08-03
2020-07-21,38.904239,-76.978186,Ward 5,2020-08-03
2020-07-21,38.935833,-77.022865,Ward 1,2020-08-06
2020-07-21,38.892192,-76.933138,Ward 7,2020-07-23
2020-07-21,38.925731,-77.023143,Ward 1,2020-08-13
2020-07-21,38.938475,-77.030809,Ward 4,2020-08-03
2020-07-21,38.910903,-77.013770,Ward 5,2020-07-22
2020-07-21,38.905116,-76.998082,Ward 6,2020-08-11
2020-07-21,38.895924,-76.979684,Ward 6,2020-08-11
2020-07-21,38.904507,-76.978749,Ward 5,2020-07-22
2020-07-22,38.878134,-76.942733,Ward 7,2020-07-30
2020-07-22,38.918380,-76.999839,Ward 5,2020-08-05
2020-07-22,38.935495,-77.019449,Ward 1,2020-08-06
2020-07-22,38.958145,-77.029301,Ward 4,2020-07-28
2020-07-22,38.869689,-76.966167,Ward 7,2020-07-30
2020-07-22,38.887764,-76.957702,Ward 7,2020-07-30
2020-07-22,38.904519,-76.999764,Ward 6,2020-07-30
2020-07-22,38.917711,-77.004969,Ward 5,2020-07-23
2020-07-22,38.917711,-77.004969,Ward 5,2020-07-23
2020-07-22,38.866685,-76.946085,Ward 7,2020-07-30
2020-07-22,38.947452,-76.990527,Ward 5,2020-07-28
2020-07-22,38.940264,-77.022994,Ward 4,2020-07-28
2020-07-22,38.909227,-77.046392,Ward 2,2020-08-04
2020-07-22,38.951123,-76.995242,Ward 5,2020-08-03
2020-07-22,38.918643,-77.013539,Ward 5,2020-07-23
2020-07-22,38.928578,-77.027209,Ward 1,2020-08-06
2020-07-22,38.923690,-77.040636,Ward 1,2020-08-06
2020-07-22,38.878078,-77.001792,Ward 6,2020-08-11
2020-07-22,38.956277,-77.025757,Ward 4,2020-08-12
2020-07-22,38.860180,-76.997021,Ward 8,2020-07-27
2020-07-22,38.919354,-77.033786,Ward 1,2020-07-23
2020-07-22,38.860346,-76.983879,Ward 8,2020-07-27
2020-07-22,38.851391,-76.963958,Ward 8,2020-07-28
2020-07-22,38.951227,-77.012330,Ward 4,2020-07-30
2020-07-22,38.952544,-77.009356,Ward 4,2020-07-28
2020-07-22,38.868055,-76.983877,Ward 8,2020-08-08
2020-07-22,38.900016,-76.990538,Ward 6,2020-07-28
2020-07-22,38.904519,-76.999764,Ward 6,2020-07-30
2020-07-22,38.876707,-76.931926,Ward 7,2020-07-30
2020-07-22,38.876705,-76.933387,Ward 7,2020-07-30
2020-07-22,38.877639,-76.930266,Ward 7,2020-08-07
2020-07-22,38.943341,-77.005396,Ward 5,2020-08-04
2020-07-22,38.935482,-77.020718,Ward 1,2020-08-06
2020-07-22,38.933110,-77.043412,Ward 1,2020-08-11
2020-07-22,38.946733,-77.034252,Ward 4,2020-07-28
2020-07-22,38.896862,-76.987871,Ward 6,2020-08-11
2020-07-22,38.881509,-77.006229,Ward 6,2020-07-22
2020-07-22,38.921429,-77.046691,Ward 1,2020-07-23
2020-07-22,38.929427,-77.020569,Ward 1,2020-07-23
2020-07-22,38.877855,-76.942097,Ward 7,2020-07-23
2020-07-23,38.935179,-77.033167,Ward 1,2020-08-06
2020-07-23,38.899254,-76.980216,Ward 6,2020-08-11
2020-07-23,38.912835,-77.005750,Ward 5,2020-07-29
2020-07-23,38.875816,-76.932053,Ward 7,2020-07-30
2020-07-23,38.904056,-76.981430,Ward 5,2020-07-29
2020-07-23,38.909664,-76.987614,Ward 5,2020-08-03
2020-07-23,38.921267,-77.030495,Ward 1,2020-09-08
2020-07-23,38.914657,-77.074362,Ward 2,2020-08-04
2020-07-23,38.902117,-76.991305,Ward 6,2020-08-11
2020-07-23,38.940545,-76.994556,Ward 5,2020-07-29
2020-07-23,38.859479,-76.998529,Ward 8,2020-08-10
2020-07-23,38.937426,-77.035078,Null,2020-08-12
2020-07-23,38.925561,-77.040910,Ward 1,2020-07-27
2020-07-23,38.907435,-77.083290,Ward 3,2020-07-24
2020-07-23,38.896869,-76.987814,Ward 6,2020-08-11
2020-07-23,38.930562,-76.972562,Ward 5,2020-07-24
2020-07-23,38.927914,-77.032991,Ward 1,2020-07-27
2020-07-23,38.902531,-76.984572,Ward 5,2020-08-03
2020-07-23,38.933475,-77.041764,Ward 1,2020-08-06
2020-07-23,38.946993,-77.034247,Ward 4,2020-07-28
2020-07-23,38.905573,-76.980776,Ward 5,2020-08-03
2020-07-23,38.898767,-76.995698,Ward 6,2020-08-17
2020-07-23,38.906251,-76.981184,Ward 5,2020-07-29
2020-07-23,38.864871,-76.983791,Ward 8,2020-08-10
2020-07-23,38.946623,-77.034253,Ward 4,2020-07-24
2020-07-23,38.946993,-77.033285,Ward 4,2020-07-28
2020-07-23,38.969743,-77.022647,Ward 4,2020-07-28
2020-07-23,38.968293,-77.021353,Ward 4,2020-07-28
2020-07-23,38.880960,-76.928964,Ward 7,2020-07-24
2020-07-23,38.933337,-77.034421,Ward 1,2020-08-13
2020-07-23,38.845701,-76.999444,Ward 8,2020-08-25
2020-07-23,38.955915,-77.026921,Ward 4,2020-07-28
2020-07-23,38.944560,-77.025928,Ward 4,2020-07-28
2020-07-23,38.928331,-77.020071,Ward 1,2020-08-06
2020-07-23,38.887764,-76.957702,Ward 7,2020-07-30
2020-07-23,38.893490,-76.933126,Ward 7,2020-07-28
2020-07-23,38.929182,-77.027380,Ward 1,2020-08-11
2020-07-23,38.945261,-77.026003,Ward 4,2020-07-30
2020-07-23,38.936567,-77.031685,Ward 1,2020-08-11
2020-07-23,38.936286,-77.032150,Ward 1,2020-08-11
2020-07-23,38.924334,-77.023737,Ward 1,2020-08-28
2020-07-23,38.851369,-76.965385,Ward 8,2020-08-26
2020-07-23,38.908153,-77.084976,Ward 3,2020-07-28
2020-07-23,38.884248,-76.929158,Ward 7,2020-07-30
2020-07-23,38.937800,-76.994246,Ward 5,2020-08-04
2020-07-23,38.952524,-77.027287,Ward 4,2020-07-28
2020-07-23,38.952476,-77.092396,Ward 3,2020-07-28
2020-07-23,38.916356,-77.011901,Ward 5,2020-08-05
2020-07-23,38.898556,-76.994219,Ward 6,2020-07-30
2020-07-23,38.957353,-77.003289,Ward 4,2020-07-28
2020-07-23,38.905120,-76.997885,Ward 6,2020-08-11
2020-07-23,38.848110,-76.976499,Ward 8,2020-07-27
2020-07-23,38.877926,-76.941499,Ward 7,2020-07-30
2020-07-23,38.959852,-77.068497,Ward 3,2020-07-28
2020-07-23,38.967131,-77.071774,Ward 3,2020-07-28
2020-07-23,38.964183,-77.068742,Ward 3,2020-07-28
2020-07-23,38.948408,-77.015988,Ward 4,2020-07-30
2020-07-23,38.956425,-77.028501,Ward 4,2020-07-27
2020-07-23,38.922157,-76.980494,Ward 5,2020-07-24
2020-07-23,38.920224,-76.976303,Ward 5,2020-07-24
2020-07-24,38.957353,-77.003289,Ward 4,2020-07-28
2020-07-24,38.933772,-77.041546,Ward 1,2020-08-11
2020-07-24,38.933040,-77.044355,Ward 1,2020-07-27
2020-07-24,38.896306,-76.985293,Ward 6,2020-08-11
2020-07-24,38.919465,-77.071829,Ward 3,2020-08-06
2020-07-24,38.936695,-77.030366,Ward 4,2020-07-30
2020-07-24,38.877947,-76.941348,Ward 7,2020-07-30
2020-07-24,38.875096,-76.966103,Ward 7,2020-07-27
2020-07-24,38.904814,-76.996726,Ward 6,2020-08-11
2020-07-24,38.876955,-76.931470,Ward 7,2020-07-30
2020-07-24,38.938111,-77.023407,Ward 4,2020-07-27
2020-07-24,38.916429,-77.014668,Ward 1,2020-08-11
2020-07-24,38.967116,-77.021782,Ward 4,2020-08-04
2020-07-24,38.869672,-76.980197,Ward 8,2020-08-10
2020-07-24,38.868853,-76.980389,Ward 8,2020-08-08
2020-07-24,38.929785,-77.024078,Ward 1,2020-08-11
2020-07-24,38.926533,-77.034992,Ward 1,2020-08-13
2020-07-24,38.947193,-77.033622,Ward 4,2020-08-12
2020-07-24,38.901506,-76.997719,Ward 6,2020-08-11
2020-07-24,38.895816,-76.925985,Ward 7,2020-07-29
2020-07-24,38.929848,-77.019470,Ward 1,2020-07-28
2020-07-24,38.903363,-76.984916,Ward 5,2020-08-03
2020-07-24,38.930805,-77.107657,Ward 3,2020-07-28
2020-07-24,38.905666,-76.981563,Ward 5,2020-08-03
2020-07-24,38.902551,-76.985061,Ward 5,2020-07-29
2020-07-24,38.937452,-76.993614,Ward 5,2020-08-12
2020-07-24,38.940903,-76.994685,Ward 5,2020-07-29
2020-07-24,38.911126,-77.038486,Ward 2,2020-07-28
2020-07-24,38.944035,-76.975581,Ward 5,2020-07-29
2020-07-24,38.933377,-77.110249,Ward 3,2020-07-28
2020-07-24,38.933865,-76.961738,Ward 5,2020-08-12
2020-07-24,38.901583,-76.982831,Ward 5,2020-08-03
2020-07-24,38.927440,-76.990016,Ward 5,2020-07-29
2020-07-24,38.924248,-77.000852,Ward 5,2020-07-29
2020-07-24,38.922394,-77.003882,Ward 5,2020-08-26
2020-07-24,38.915190,-77.003207,Ward 5,2020-08-03
2020-07-24,38.932784,-77.043670,Ward 1,2020-07-27
2020-07-25,38.890403,-76.979684,Ward 7,2020-08-11
2020-07-25,38.900066,-77.010301,Ward 6,2020-07-30
2020-07-25,38.912819,-77.005896,Ward 5,2020-08-05
2020-07-25,38.906229,-76.938455,Ward 7,2020-07-28
2020-07-25,38.908968,-77.065064,Ward 2,2020-08-04
2020-07-25,38.902037,-76.921568,Ward 7,2020-07-27
2020-07-25,38.890927,-76.980764,Ward 6,2020-08-12
2020-07-25,38.910919,-77.028517,Ward 2,2020-07-27
2020-07-25,38.957849,-77.011068,Ward 4,2020-07-27
2020-07-25,38.937422,-77.025989,Ward 4,2020-07-30
2020-07-25,38.928704,-77.025694,Ward 1,2020-07-29
2020-07-25,38.917373,-77.013327,Ward 5,2020-08-03
2020-07-25,38.875096,-76.966103,Ward 7,2020-07-27
2020-07-25,38.928728,-77.025127,Ward 1,2020-07-28
2020-07-25,38.898134,-76.941538,Ward 7,2020-07-29
2020-07-25,38.930215,-76.995503,Ward 5,2020-08-03
2020-07-25,38.903140,-76.933565,Ward 7,2020-07-27
2020-07-25,38.933946,-77.024744,Ward 1,2020-07-28
2020-07-26,38.874182,-76.934666,Ward 7,2020-07-30
2020-07-26,38.924273,-77.001758,Ward 5,2020-07-29
2020-07-26,38.929538,-77.027132,Ward 1,2020-08-11
2020-07-26,38.891092,-76.980960,Ward 6,2020-08-11
2020-07-26,38.926324,-76.997531,Ward 5,2020-08-03
2020-07-26,38.900394,-76.985161,Ward 6,2020-07-28
2020-07-26,38.888439,-76.929242,Ward 7,2020-07-27
2020-07-26,38.900898,-77.053522,Ward 2,2020-08-07
2020-07-26,38.893504,-76.918633,Ward 7,2020-07-30
2020-07-26,38.943774,-77.040230,Ward 4,2020-08-03
2020-07-26,38.960000,-77.022692,Ward 4,2020-08-06
2020-07-26,38.923262,-77.038753,Ward 1,2020-08-11
2020-07-26,38.916611,-77.014689,Ward 1,2020-08-11
2020-07-26,38.896641,-76.992800,Ward 6,2020-08-11
2020-07-26,38.936526,-77.033237,Ward 1,2020-08-11
2020-07-26,38.874058,-76.936652,Ward 7,2020-07-30
2020-07-26,38.913115,-77.015464,Ward 5,2020-07-29
2020-07-26,38.913018,-76.985053,Ward 5,2020-08-03
2020-07-27,38.911776,-77.038855,Ward 2,2020-07-27
2020-07-27,38.911776,-77.038855,Ward 2,2020-08-07
2020-07-27,38.911695,-77.009877,Ward 5,2020-07-29
2020-07-27,38.899098,-76.997603,Ward 6,2020-07-28
2020-07-27,38.900860,-76.989213,Ward 6,2020-08-12
2020-07-27,38.890927,-76.980764,Ward 6,2020-08-12
2020-07-27,38.893302,-76.977259,Null,2020-08-12
2020-07-27,38.886616,-76.921804,Ward 7,2020-08-11
2020-07-27,38.848427,-77.000760,Ward 8,2020-07-28
2020-07-27,38.892994,-76.955935,Ward 7,2020-07-28
2020-07-27,38.893091,-76.955841,Ward 7,2020-07-28
2020-07-27,38.894354,-76.936876,Ward 7,2020-08-11
2020-07-27,38.959092,-76.995174,Ward 4,2020-07-29
2020-07-27,38.888213,-76.957221,Ward 7,2020-07-28
2020-07-27,38.890227,-76.955857,Ward 7,2020-08-11
2020-07-27,38.912148,-77.004815,Ward 5,2020-08-03
2020-07-27,38.929601,-77.027080,Ward 1,2020-08-11
2020-07-27,38.968369,-77.006993,Ward 4,2020-07-28
2020-07-27,38.907750,-77.009509,Ward 5,2020-08-03
2020-07-27,38.913524,-77.010813,Ward 5,2020-07-29
2020-07-27,38.871183,-76.940067,Ward 7,2020-07-30
2020-07-27,38.899096,-77.002674,Ward 6,2020-08-11
2020-07-27,38.894037,-76.985795,Ward 6,2020-08-12
2020-07-27,38.876705,-76.932523,Ward 7,2020-07-29
2020-07-27,38.866627,-76.987005,Ward 8,2020-08-08
2020-07-27,38.868055,-76.983877,Ward 8,2020-08-08
2020-07-27,38.954627,-77.018000,Ward 4,2020-08-03
2020-07-27,38.924187,-76.990781,Ward 5,2020-07-29
2020-07-27,38.937630,-77.060189,Ward 3,2020-07-28
2020-07-27,38.892672,-76.912818,Ward 7,2020-07-29
2020-07-27,38.898543,-76.977492,Ward 6,2020-08-11
2020-07-27,38.963577,-77.000399,Ward 4,2020-07-28
2020-07-27,38.967453,-77.024887,Ward 4,2020-08-04
2020-07-27,38.887127,-76.980496,Ward 6,2020-08-11
2020-07-27,38.912990,-76.986760,Ward 5,2020-08-05
2020-07-27,38.887441,-76.981000,Ward 6,2020-08-11
2020-07-27,38.912013,-77.009431,Ward 5,2020-07-29
2020-07-27,38.952613,-77.009797,Ward 4,2020-08-05
2020-07-27,38.949573,-77.013343,Ward 4,2020-08-05
2020-07-27,38.953209,-77.010335,Ward 4,2020-08-05
2020-07-27,38.827353,-76.994618,Ward 8,2020-08-10
2020-07-27,38.937423,-77.026059,Ward 4,2020-08-04
2020-07-27,38.917284,-77.008416,Ward 5,2020-07-29
2020-07-27,38.909476,-76.931114,Ward 7,2020-07-28
2020-07-27,38.906566,-77.016405,Ward 6,2020-08-11
2020-07-27,38.917404,-77.008128,Ward 5,2020-08-05
2020-07-27,38.953738,-76.990122,Ward 5,2020-08-07
2020-07-27,38.969810,-77.010889,Ward 4,2020-08-04
2020-07-27,38.907984,-76.984933,Ward 5,2020-07-28
2020-07-27,38.908101,-77.081668,Ward 3,2020-08-04
2020-07-27,38.907917,-76.988332,Ward 5,2020-08-05
2020-07-27,38.913515,-77.010923,Ward 5,2020-07-29
2020-07-27,38.932771,-77.077325,Ward 3,2020-08-04
2020-07-27,38.931933,-77.076198,Ward 3,2020-08-04
2020-07-27,38.946992,-77.033895,Ward 4,2020-07-29
2020-07-27,38.929521,-77.027183,Ward 1,2020-08-11
2020-07-27,38.916039,-77.029289,Ward 1,2020-08-11
2020-07-27,38.913816,-77.016811,Ward 5,2020-07-29
2020-07-27,38.879697,-76.981514,Ward 6,2020-07-28
2020-07-27,38.923159,-77.038996,Ward 1,2020-08-12
2020-07-27,38.900827,-77.053531,Ward 2,2020-08-07
2020-07-27,38.900868,-77.053685,Ward 2,2020-08-07
2020-07-28,38.930098,-77.018381,Ward 1,2020-09-08
2020-07-28,38.944179,-77.026961,Ward 4,2020-08-03
2020-07-28,38.911748,-77.037312,Ward 2,2020-07-28
2020-07-28,38.932653,-77.031926,Ward 1,2020-08-11
2020-07-28,38.895003,-77.031353,Ward 2,2020-07-29
2020-07-28,38.911732,-77.009392,Ward 5,2020-07-29
2020-07-28,38.940544,-76.993415,Ward 5,2020-08-07
2020-07-28,38.877346,-76.932885,Ward 7,2020-08-13
2020-07-28,38.903869,-77.001108,Ward 6,2020-07-30
2020-07-28,38.904013,-76.924665,Ward 7,2020-08-11
2020-07-28,38.871868,-76.977141,Ward 8,2020-08-08
2020-07-28,38.915179,-77.071361,Ward 2,2020-08-04
2020-07-28,38.914258,-77.073298,Ward 2,2020-08-04
2020-07-28,38.940538,-77.015026,Ward 4,2020-08-04
2020-07-28,38.906407,-76.986078,Ward 5,2020-08-05
2020-07-28,38.922798,-77.001803,Ward 5,2020-08-07
2020-07-28,38.945264,-77.028180,Ward 4,2020-07-29
2020-07-28,38.918338,-77.012864,Ward 5,2020-08-11
2020-07-28,38.953716,-76.989982,Ward 5,2020-08-07
2020-07-28,38.887127,-76.980496,Ward 6,2020-08-11
2020-07-28,38.933674,-77.033224,Ward 1,2020-08-12
2020-07-28,38.904013,-76.924665,Ward 7,2020-08-11
2020-07-28,38.903284,-76.930094,Ward 7,2020-08-11
2020-07-28,38.862385,-76.990064,Ward 8,2020-07-29
2020-07-28,38.861180,-76.984323,Ward 8,2020-08-10
2020-07-28,38.859713,-76.986719,Ward 8,2020-07-29
2020-07-28,38.882904,-76.997711,Ward 6,2020-07-30
2020-07-28,38.928870,-77.021364,Ward 1,2020-08-12
2020-07-28,38.913558,-76.986199,Ward 5,2020-08-05
2020-07-28,38.912439,-76.935109,Ward 7,2020-08-11
2020-07-28,38.924813,-77.040956,Ward 1,2020-08-12
2020-07-28,38.922837,-77.001797,Ward 5,2020-08-07
2020-07-28,38.868687,-76.984802,Ward 8,2020-08-10
2020-07-28,38.845319,-76.998035,Ward 8,2020-08-27
2020-07-28,38.858905,-76.997678,Ward 8,2020-08-10
2020-07-28,38.863683,-76.991219,Ward 8,2020-08-13
2020-07-28,38.888585,-76.919158,Ward 7,2020-07-30
2020-07-28,38.884445,-76.997089,Ward 6,2020-08-11
2020-07-28,38.883792,-76.941026,Ward 7,2020-07-29
2020-07-28,38.826275,-77.006188,Ward 8,2020-08-08
2020-07-28,38.893762,-76.990900,Ward 6,2020-08-11
2020-07-28,38.834734,-76.988289,Ward 8,2020-08-08
2020-07-28,38.887798,-76.980287,Ward 6,2020-07-29
2020-07-28,38.834734,-76.988289,Ward 8,2020-08-08
2020-07-28,38.834634,-76.988543,Ward 8,2020-08-08
2020-07-28,38.935993,-76.975994,Ward 5,2020-08-06
2020-07-28,38.939101,-76.976488,Ward 5,2020-08-05
2020-07-28,38.935937,-76.974427,Ward 5,2020-08-06
2020-07-28,38.935958,-76.975028,Ward 5,2020-08-06
2020-07-28,38.935989,-76.965617,Ward 5,2020-08-17
2020-07-28,38.906853,-76.987055,Ward 5,2020-08-06
2020-07-28,38.906541,-76.986396,Ward 5,2020-08-06
2020-07-28,38.909360,-76.986760,Ward 5,2020-08-26
2020-07-28,38.909944,-76.986732,Ward 5,2020-08-06
2020-07-28,38.952835,-77.085717,Ward 3,2020-08-04
2020-07-28,38.911646,-76.985954,Ward 5,2020-08-06
2020-07-28,38.913275,-76.985908,Ward 5,2020-08-06
2020-07-28,38.953988,-77.085251,Ward 3,2020-08-06
2020-07-28,38.913418,-76.985519,Ward 5,2020-08-06
2020-07-28,38.908492,-77.084358,Ward 3,2020-08-04
2020-07-28,38.923207,-76.965554,Ward 5,2020-08-06
2020-07-28,38.907308,-77.081733,Ward 3,2020-08-04
2020-07-28,38.909211,-76.987560,Ward 5,2020-08-06
2020-07-28,38.935993,-76.975994,Ward 5,2020-08-06
2020-07-28,38.956042,-77.075683,Ward 3,2020-08-04
2020-07-28,38.877000,-76.931470,Ward 7,2020-08-11
2020-07-28,38.899614,-76.996414,Ward 6,2020-08-11
2020-07-28,38.952835,-77.085717,Ward 3,2020-08-04
2020-07-28,38.922538,-77.003325,Ward 5,2020-08-11
2020-07-28,38.916830,-77.024222,Ward 1,2020-07-29
2020-07-28,38.933946,-77.024744,Ward 1,2020-08-12
2020-07-29,38.903045,-76.988602,Ward 5,2020-07-29
2020-07-29,38.967453,-77.024887,Ward 4,2020-08-04
2020-07-29,38.958135,-77.026977,Ward 4,2020-07-30
2020-07-29,38.910121,-77.019167,Ward 6,2020-07-30
2020-07-29,38.897694,-76.937710,Ward 7,2020-08-11
2020-07-29,38.883619,-76.931022,Ward 7,2020-07-29
2020-07-29,38.884012,-76.931382,Ward 7,2020-09-14
2020-07-29,38.884035,-76.930249,Ward 7,2020-08-11
2020-07-29,38.904926,-76.991745,Ward 5,2020-08-26
2020-07-29,38.835001,-76.988173,Ward 8,2020-08-08
2020-07-29,38.876306,-76.987157,Ward 6,2020-08-18
2020-07-29,38.965067,-77.033083,Ward 4,2020-07-30
2020-07-29,38.903716,-76.976220,Ward 5,2020-07-29
2020-07-29,38.925802,-77.023782,Ward 1,2020-08-11
2020-07-29,38.925929,-77.026753,Ward 1,2020-08-11
2020-07-29,38.925977,-77.027821,Ward 1,2020-08-13
2020-07-29,38.877723,-76.987738,Ward 6,2020-08-11
2020-07-29,38.878206,-76.987633,Ward 6,2020-08-11
2020-07-29,38.909294,-76.984163,Ward 5,2020-08-11
2020-07-29,38.939590,-77.032416,Ward 4,2020-08-03
2020-07-29,38.934660,-77.026928,Ward 1,2020-08-11
2020-07-29,38.937409,-77.030002,Ward 4,2020-08-03
2020-07-29,38.935414,-77.026986,Ward 1,2020-08-11
2020-07-29,38.924842,-76.969932,Ward 5,2020-08-06
2020-07-29,38.928149,-77.025859,Ward 1,2020-08-11
2020-07-29,38.891474,-76.981025,Ward 6,2020-08-11
2020-07-29,38.896117,-76.990244,Ward 6,2020-08-26
2020-07-29,38.911718,-77.010752,Ward 5,2020-08-11
2020-07-29,38.917938,-77.000129,Ward 5,2020-08-06
2020-07-29,38.924747,-76.980113,Ward 5,2020-08-06
2020-07-29,38.832922,-76.989247,Ward 8,2020-07-30
2020-07-29,38.937834,-76.994357,Ward 5,2020-08-06
2020-07-29,38.871538,-76.981358,Ward 8,2020-08-08
2020-07-29,38.834734,-76.988289,Ward 8,2020-08-08
2020-07-29,38.907984,-76.984933,Ward 5,2020-07-30
2020-07-29,38.860117,-76.996846,Ward 8,2020-07-30
2020-07-29,38.916412,-77.006751,Ward 5,2020-08-06
2020-07-29,38.956328,-77.013019,Ward 4,2020-07-30
2020-07-29,38.957498,-77.016638,Ward 4,2020-07-30
2020-07-29,38.938483,-77.029937,Ward 4,2020-08-03
2020-07-29,38.909132,-77.018675,Ward 6,2020-08-11
2020-07-29,38.853413,-76.973956,Ward 8,2020-08-08
2020-07-29,38.957344,-77.019091,Ward 4,2020-07-30
2020-07-29,38.895266,-76.919381,Ward 7,2020-08-11
2020-07-29,38.979391,-77.026459,Ward 4,2020-07-30
2020-07-29,38.923250,-77.001432,Ward 5,2020-07-31
2020-07-29,38.884311,-76.982376,Ward 6,2020-07-30
2020-07-29,38.905116,-76.996812,Ward 6,2020-08-11
2020-07-29,38.911862,-77.084185,Ward 3,2020-08-07
2020-07-29,38.923945,-77.100876,Ward 3,2020-08-07
2020-07-29,38.906412,-76.988905,Ward 5,2020-08-12
2020-07-29,38.945717,-77.088836,Ward 3,2020-08-07
2020-07-29,38.950097,-76.989278,Ward 5,2020-08-06
2020-07-29,38.946887,-77.093024,Ward 3,2020-08-07
2020-07-29,38.902745,-76.974772,Ward 5,2020-08-06
2020-07-29,38.883002,-76.933620,Ward 7,2020-08-03
2020-07-29,38.848098,-77.005307,Ward 8,2020-08-08
2020-07-29,38.905864,-76.931280,Ward 7,2020-08-11
2020-07-29,38.906320,-76.983794,Ward 5,2020-08-06
2020-07-29,38.887133,-77.008562,Ward 6,2020-08-11
2020-07-29,38.819731,-77.007197,Ward 8,2020-07-30
2020-07-29,38.823196,-77.005987,Ward 8,2020-08-08
2020-07-29,38.877693,-76.934288,Ward 7,2020-07-30
2020-07-29,38.893107,-76.914746,Ward 7,2020-08-11
2020-07-29,38.935953,-76.975159,Ward 5,2020-08-06
2020-07-29,38.928913,-77.030548,Ward 1,2020-08-11
2020-07-29,38.893134,-76.917032,Ward 7,2020-08-11
2020-07-29,38.888440,-76.935700,Ward 7,2020-07-30
2020-07-29,38.964668,-77.059940,Ward 4,2020-08-03
2020-07-29,38.904113,-76.992662,Ward 5,2020-08-06
2020-07-29,38.830957,-76.990334,Ward 8,2020-08-08
2020-07-29,38.904173,-76.975963,Ward 5,2020-08-06
2020-07-29,38.906184,-76.990289,Ward 5,2020-08-06
2020-07-29,38.907992,-77.083310,Ward 3,2020-08-07
2020-07-29,38.904344,-76.992297,Ward 5,2020-08-06
2020-07-29,38.904611,-76.992121,Ward 5,2020-08-06
2020-07-29,38.956856,-77.029974,Ward 4,2020-08-03
2020-07-29,38.827504,-77.006955,Ward 8,2020-08-08
2020-07-29,38.941743,-77.092888,Ward 3,2020-08-07
2020-07-29,38.899308,-76.987186,Ward 6,2020-08-11
2020-07-29,38.899208,-76.986455,Ward 6,2020-08-11
2020-07-29,38.896220,-76.938108,Ward 7,2020-08-11
2020-07-29,38.924746,-77.041310,Ward 1,2020-08-11
2020-07-29,38.933946,-77.024744,Ward 1,2020-08-12
2020-07-29,38.894122,-76.982456,Ward 6,2020-08-12
2020-07-29,38.848232,-77.004921,Ward 8,2020-08-10
2020-07-30,38.934395,-77.023285,Ward 1,2020-08-11
2020-07-30,38.853728,-76.995045,Ward 8,2020-07-30
2020-07-30,38.911251,-77.008552,Ward 5,2020-08-06
2020-07-30,38.941952,-76.989969,Ward 5,2020-08-06
2020-07-30,38.925636,-77.023159,Ward 1,2020-08-03
2020-07-30,38.914225,-77.008717,Ward 5,2020-08-06
2020-07-30,38.899078,-76.987010,Ward 6,2020-08-20
2020-07-30,38.924322,-77.008199,Ward 5,2020-08-06
2020-07-30,38.909664,-76.987614,Ward 5,2020-08-07
2020-07-30,38.913417,-77.034268,Ward 2,2020-08-04
2020-07-30,38.888339,-76.926868,Ward 7,2020-08-25
2020-07-30,38.870970,-76.978696,Ward 8,2020-08-10
2020-07-30,38.895927,-76.981349,Ward 6,2020-08-21
2020-07-30,38.920224,-76.976303,Ward 5,2020-08-11
2020-07-30,38.884218,-76.959573,Ward 7,2020-08-11
2020-07-30,38.883907,-76.992857,Ward 6,2020-08-03
2020-07-30,38.864601,-76.982249,Ward 8,2020-08-10
2020-07-30,38.956435,-77.026989,Ward 4,2020-08-04
2020-07-30,38.871868,-76.977141,Ward 8,2020-08-08
2020-07-30,38.883810,-76.958796,Ward 7,2020-09-08
2020-07-30,38.907860,-76.985640,Ward 5,2020-08-06
2020-07-30,38.834734,-76.988289,Ward 8,2020-08-08
2020-07-30,38.909986,-76.985389,Ward 5,2020-08-06
2020-07-30,38.906433,-76.976955,Ward 5,2020-08-13
2020-07-30,38.866729,-76.981962,Ward 8,2020-08-08
2020-07-30,38.901040,-76.976746,Ward 5,2020-08-06
2020-07-30,38.900660,-76.977275,Ward 5,2020-08-06
2020-07-30,38.901120,-76.976455,Ward 5,2020-08-06
2020-07-30,38.942472,-76.989982,Ward 5,2020-08-06
2020-07-30,38.908330,-76.941977,Ward 7,2020-08-11
2020-07-30,38.929157,-77.018219,Ward 1,2020-08-03
2020-07-30,38.895612,-76.925202,Ward 7,2020-07-31
2020-07-30,38.923159,-77.038996,Ward 1,2020-08-13
2020-07-30,38.908867,-77.019147,Ward 6,2020-08-10
2020-07-30,38.902407,-76.928791,Ward 7,2020-08-11
2020-07-30,38.957913,-77.021637,Ward 4,2020-08-04
2020-07-30,38.966662,-77.031261,Ward 4,2020-07-31
2020-07-30,38.833648,-76.996483,Ward 8,2020-08-08
2020-07-30,38.917203,-77.039951,Ward 1,2020-08-03
2020-07-30,38.919343,-77.079501,Ward 3,2020-08-07
2020-07-30,38.866798,-76.948363,Ward 7,2020-08-11
2020-07-30,38.960383,-77.083495,Ward 3,2020-08-07
2020-07-30,38.882836,-76.982219,Ward 6,2020-08-13
2020-07-30,38.976000,-77.023159,Ward 4,2020-08-07
2020-07-30,38.901781,-77.002294,Ward 6,2020-08-12
2020-07-30,38.944367,-77.027403,Ward 4,2020-08-03
2020-07-30,38.894617,-76.985713,Ward 6,2020-08-11
2020-07-30,38.908030,-77.047592,Ward 2,2020-07-31
2020-07-30,38.903918,-76.981737,Ward 5,2020-07-31
2020-07-30,38.878071,-76.959681,Ward 7,2020-08-11
2020-07-30,38.898560,-76.994485,Ward 6,2020-08-26
2020-07-30,38.884654,-76.946968,Ward 7,2020-08-13
2020-07-30,38.900827,-77.053531,Ward 2,2020-08-07
2020-07-30,38.901817,-76.990503,Ward 6,2020-08-26
2020-07-30,38.958139,-77.026801,Ward 4,2020-08-03
2020-07-31,38.907435,-77.083290,Ward 3,2020-08-06
2020-07-31,38.923767,-77.025262,Ward 1,2020-08-11
2020-07-31,38.907797,-77.003164,Ward 6,2020-08-12
2020-07-31,38.942915,-76.998215,Ward 5,2020-08-11
2020-07-31,38.954532,-77.017991,Ward 4,2020-08-04
2020-07-31,38.878154,-76.962893,Ward 7,2020-08-13
2020-07-31,38.957658,-77.021198,Ward 4,2020-08-07
2020-07-31,38.956514,-77.027876,Ward 4,2020-08-07
2020-07-31,38.905797,-76.981473,Ward 5,2020-08-06
2020-07-31,38.904242,-76.982538,Ward 5,2020-08-06
2020-07-31,38.918579,-77.073474,Ward 3,2020-08-07
2020-07-31,38.904622,-76.983407,Ward 5,2020-08-06
2020-07-31,38.902981,-76.983314,Ward 5,2020-08-06
2020-07-31,38.906126,-76.987153,Ward 5,2020-08-06
2020-07-31,38.922357,-77.079983,Ward 3,2020-08-07
2020-07-31,38.906412,-76.988905,Ward 5,2020-08-12
2020-07-31,38.921108,-77.079053,Ward 3,2020-08-07
2020-07-31,38.901854,-76.984068,Ward 5,2020-08-07
2020-07-31,38.912448,-76.989555,Ward 5,2020-08-07
2020-07-31,38.918621,-77.073195,Ward 3,2020-08-07
2020-07-31,38.919351,-77.080031,Ward 3,2020-08-07
2020-07-31,38.901040,-76.977315,Ward 5,2020-08-26
2020-07-31,38.829969,-77.005612,Ward 8,2020-08-08
2020-07-31,38.917212,-77.016159,Ward 1,2020-08-11
2020-07-31,38.924799,-77.035390,Ward 1,2020-08-27
2020-07-31,38.904148,-76.981663,Ward 5,2020-08-17
2020-07-31,38.970299,-77.056042,Ward 4,2020-08-04
2020-07-31,38.918867,-77.045245,Ward 1,2020-08-03
2020-07-31,38.912833,-77.005475,Ward 5,2020-08-11
2020-07-31,38.886365,-76.991789,Ward 6,2020-08-03
2020-07-31,38.911354,-77.037506,Ward 2,2020-08-03
2020-07-31,38.949627,-77.008422,Ward 5,2020-08-07
2020-07-31,38.954096,-77.079631,Ward 3,2020-08-07
2020-07-31,38.860533,-76.991296,Ward 8,2020-08-10
2020-07-31,38.911787,-77.019163,Ward 6,2020-08-10
2020-07-31,38.917634,-77.001814,Ward 5,2020-08-13
2020-07-31,38.941745,-77.022468,Ward 4,2020-08-07
2020-07-31,38.847484,-76.971358,Ward 8,2020-08-03
2020-07-31,38.928149,-77.025859,Ward 1,2020-08-11
2020-07-31,38.932632,-77.026306,Ward 1,2020-08-11
2020-07-31,38.901667,-76.977429,Ward 5,2020-08-06
2020-07-31,38.925884,-77.026714,Ward 1,2020-08-11
2020-07-31,38.908787,-77.030494,Ward 2,2020-08-04
2020-07-31,38.899117,-76.981496,Ward 6,2020-08-17
2020-07-31,38.914391,-77.001759,Ward 5,2020-08-11
2020-07-31,38.878961,-76.984944,Ward 6,2020-08-12
2020-07-31,38.908417,-77.029947,Ward 2,2020-08-04
2020-07-31,38.906296,-77.013938,Ward 5,2020-08-10
2020-07-31,38.902102,-77.021915,Null,2020-08-13
2020-07-31,38.908417,-77.029947,Ward 2,2020-08-04
2020-08-01,38.921115,-77.007931,Ward 5,2020-08-18
2020-08-01,38.908802,-77.028378,Ward 2,2020-08-27
2020-08-01,38.945684,-77.017690,Ward 4,2020-08-07
2020-08-01,38.908347,-77.032669,Ward 2,2020-08-27
2020-08-01,38.885037,-76.941876,Ward 7,2020-08-12
2020-08-01,38.967453,-77.024887,Ward 4,2020-08-04
2020-08-01,38.929079,-77.026565,Ward 1,2020-08-15
2020-08-01,38.939915,-77.027064,Ward 4,2020-08-07
2020-08-01,38.940335,-77.026730,Ward 4,2020-08-07
2020-08-01,38.897582,-76.993140,Ward 6,2020-08-07
2020-08-01,38.941670,-77.014113,Ward 4,2020-08-07
2020-08-01,38.915813,-77.011105,Ward 5,2020-08-13
2020-08-01,38.916174,-77.020334,Ward 1,2020-08-03
2020-08-01,38.913043,-76.988058,Ward 5,2020-08-26
2020-08-01,38.911909,-76.987068,Ward 5,2020-08-18
2020-08-01,38.909210,-76.983966,Ward 5,2020-08-28
2020-08-01,38.955938,-77.010387,Ward 4,2020-08-07
2020-08-01,38.911895,-76.986072,Ward 5,2020-08-18
2020-08-01,38.956328,-77.009940,Ward 4,2020-08-07
2020-08-01,38.941727,-77.024537,Ward 4,2020-08-04
2020-08-01,38.914602,-77.034800,Ward 2,2020-09-08
2020-08-01,38.951551,-77.009227,Ward 4,2020-08-07
2020-08-01,38.896134,-76.971458,Ward 7,2020-08-12
2020-08-01,38.930710,-77.025419,Ward 1,2020-08-15
2020-08-01,38.920368,-77.028988,Ward 1,2020-08-22
2020-08-01,38.960355,-77.028325,Ward 4,2020-08-07
2020-08-01,38.850644,-76.978221,Ward 8,2020-08-03
2020-08-01,38.924376,-77.023288,Ward 1,2020-08-15
2020-08-02,38.907717,-77.028357,Ward 2,2020-08-03
2020-08-02,38.840857,-76.990248,Ward 8,2020-08-03
2020-08-02,38.864548,-76.974152,Ward 8,2020-08-08
2020-08-02,38.923634,-77.025744,Ward 1,2020-08-15
2020-08-02,38.933942,-77.025034,Ward 1,2020-08-15
2020-08-02,38.893140,-76.982808,Ward 6,2020-08-26
2020-08-02,38.992285,-77.041498,Ward 4,2020-08-05
2020-08-02,38.991967,-77.038802,Ward 4,2020-08-05
2020-08-02,38.912709,-76.988126,Ward 5,2020-08-28
2020-08-02,38.912450,-76.987126,Ward 5,2020-08-26
2020-08-02,38.912330,-76.986888,Ward 5,2020-08-07
2020-08-02,38.903448,-76.999783,Ward 6,2020-08-11
2020-08-02,38.903493,-76.999771,Ward 6,2020-08-10
2020-08-02,38.903212,-77.000353,Ward 6,2020-08-10
2020-08-02,38.902779,-77.000024,Ward 6,2020-08-26
2020-08-02,38.925137,-76.985231,Ward 5,2020-08-06
2020-08-02,38.924387,-77.023221,Ward 1,2020-08-15
2020-08-02,38.868411,-76.984835,Ward 8,2020-08-08
2020-08-02,38.928204,-77.025869,Ward 1,2020-08-15
2020-08-02,38.906433,-76.976955,Ward 5,2020-08-13
2020-08-02,38.872767,-76.970684,Ward 7,2020-08-12
2020-08-02,38.937357,-76.993850,Ward 5,2020-08-18
2020-08-02,38.940533,-76.996049,Ward 5,2020-08-06
2020-08-02,38.916039,-77.029289,Ward 1,2020-08-22
2020-08-02,38.876128,-76.960496,Ward 7,2020-08-12
2020-08-02,38.918276,-77.026312,Ward 1,2020-08-22
2020-08-02,38.979202,-77.032525,Ward 4,2020-08-07
2020-08-02,38.925379,-77.025990,Ward 1,2020-08-03
2020-08-02,38.923746,-77.037523,Ward 1,2020-08-17
2020-08-02,38.884649,-76.946906,Ward 7,2020-09-04
2020-08-02,38.921641,-77.038692,Ward 1,2020-08-03
2020-08-03,38.887381,-76.980260,Ward 6,2020-08-26
2020-08-03,38.845555,-76.997623,Ward 8,2020-08-10
2020-08-03,38.830420,-77.001722,Ward 8,2020-08-08
2020-08-03,38.927206,-76.995195,Ward 5,2020-08-18
2020-08-03,38.884218,-76.959573,Ward 7,2020-08-11
2020-08-03,38.911300,-77.035891,Ward 2,2020-08-27
2020-08-03,38.932586,-77.077289,Ward 3,2020-08-07
2020-08-03,38.935035,-77.027435,Ward 1,2020-08-22
2020-08-03,38.935888,-77.034510,Ward 1,2020-08-17
2020-08-03,38.919968,-76.987293,Ward 5,2020-08-27
2020-08-03,38.929398,-77.023599,Ward 1,2020-08-15
2020-08-03,38.850386,-76.967636,Ward 8,2020-08-04
2020-08-03,38.898041,-76.991810,Ward 6,2020-08-27
2020-08-03,38.884606,-76.926796,Ward 7,2020-08-04
2020-08-03,38.913489,-77.038800,Ward 2,2020-08-27
2020-08-03,38.917423,-77.031655,Ward 1,2020-08-22
2020-08-03,38.877059,-77.000795,Ward 6,2020-08-07
2020-08-03,38.834734,-76.988289,Ward 8,2020-08-08
2020-08-03,38.905826,-76.975741,Ward 5,2020-08-27
2020-08-03,38.872217,-76.977979,Ward 8,2020-08-08
2020-08-03,38.868055,-76.983877,Ward 8,2020-08-08
2020-08-03,38.902081,-76.993995,Ward 6,2020-08-26
2020-08-03,38.878172,-77.001401,Ward 6,2020-08-07
2020-08-03,38.885757,-77.001817,Ward 6,2020-08-07
2020-08-03,38.897551,-76.980058,Ward 6,2020-08-26
2020-08-03,38.932586,-77.077289,Ward 3,2020-08-07
2020-08-03,38.961234,-77.026247,Ward 4,2020-08-05
2020-08-03,38.956259,-77.019014,Ward 4,2020-08-07
2020-08-03,38.908386,-77.046085,Ward 2,2020-08-06
2020-08-03,38.957966,-77.021181,Ward 4,2020-08-13
2020-08-03,38.934756,-77.023286,Ward 1,2020-08-15
2020-08-03,38.935255,-77.028752,Ward 1,2020-08-25
2020-08-03,38.906745,-76.986831,Ward 5,2020-08-18
2020-08-03,38.850581,-76.980751,Ward 8,2020-08-04
2020-08-03,38.851259,-76.977535,Ward 8,2020-08-08
2020-08-03,38.850520,-76.980357,Ward 8,2020-08-10
2020-08-03,38.895332,-76.989958,Ward 6,2020-08-27
2020-08-03,38.953843,-77.030963,Ward 4,2020-08-07
2020-08-03,38.821503,-77.013199,Ward 8,2020-08-05
2020-08-03,38.852311,-76.971984,Ward 8,2020-08-04
2020-08-03,38.968028,-77.057637,Ward 4,2020-08-05
2020-08-03,38.834734,-76.988289,Ward 8,2020-08-08
2020-08-03,38.834734,-76.988289,Ward 8,2020-08-08
2020-08-04,38.888759,-76.919316,Ward 7,2020-08-04
2020-08-04,38.918657,-77.036020,Ward 1,2020-08-22
2020-08-04,38.925740,-77.026002,Ward 1,2020-08-15
2020-08-04,38.900833,-76.994694,Ward 6,2020-08-28
2020-08-04,38.938498,-77.032335,Ward 4,2020-08-07
2020-08-04,38.937835,-77.030818,Ward 4,2020-08-07
2020-08-04,38.896436,-76.926339,Ward 7,2020-08-25
2020-08-04,38.933946,-77.024744,Ward 1,2020-08-15
2020-08-04,38.908524,-77.014694,Ward 5,2020-08-13
2020-08-04,38.892688,-76.976479,Ward 6,2020-08-07
2020-08-04,38.905334,-77.001826,Ward 6,2020-08-27
2020-08-04,38.947711,-77.022693,Ward 4,2020-08-07
2020-08-04,38.906876,-76.979839,Ward 5,2020-08-18
2020-08-04,38.936427,-77.021505,Ward 1,2020-08-17
2020-08-04,38.834771,-76.987721,Ward 8,2020-08-08
2020-08-04,38.894667,-76.994733,Ward 6,2020-08-04
2020-08-04,38.915836,-77.022238,Ward 1,2020-08-06
2020-08-04,38.912820,-77.025734,Ward 6,2020-08-27
2020-08-04,38.882657,-76.983174,Ward 6,2020-08-28
2020-08-04,38.827275,-76.997648,Ward 8,2020-08-08
2020-08-04,38.828939,-76.997830,Ward 8,2020-08-08
2020-08-04,38.830729,-76.992698,Ward 8,2020-08-08
2020-08-04,38.925636,-77.023159,Ward 1,2020-08-15
2020-08-04,38.924318,-77.023035,Ward 1,2020-08-15
2020-08-04,38.930909,-77.021999,Ward 1,2020-08-21
2020-08-04,38.923908,-77.026801,Ward 1,2020-08-22
2020-08-04,38.924285,-77.027234,Ward 1,2020-08-22
2020-08-04,38.903017,-76.939451,Ward 7,2020-08-12
2020-08-04,38.924525,-77.029997,Ward 1,2020-08-17
2020-08-04,38.900359,-76.943136,Ward 7,2020-08-12
2020-08-04,38.891109,-76.948802,Ward 7,2020-08-12
2020-08-04,38.928248,-77.026848,Ward 1,2020-08-17
2020-08-04,38.925670,-77.026144,Ward 1,2020-08-17
2020-08-04,38.904398,-76.981531,Ward 5,2020-08-19
2020-08-04,38.910299,-77.028451,Ward 2,2020-08-06
2020-08-04,38.937835,-77.030818,Ward 4,2020-08-07
2020-08-04,38.891449,-76.952792,Ward 7,2020-08-12
2020-08-04,38.937079,-76.993592,Ward 5,2020-08-24
2020-08-04,38.937920,-76.994639,Ward 5,2020-08-18
2020-08-04,38.897382,-76.917446,Ward 7,2020-08-12
2020-08-04,38.909122,-77.014893,Ward 5,2020-08-19
2020-08-04,38.933714,-77.024730,Ward 1,2020-08-24
2020-08-04,38.933688,-77.025035,Ward 1,2020-08-24
2020-08-04,38.931282,-77.044565,Ward 1,2020-08-06
2020-08-05,38.924364,-77.025886,Ward 1,2020-08-15
2020-08-05,38.922987,-77.033830,Ward 1,2020-08-17
2020-08-05,38.922823,-77.033544,Ward 1,2020-08-20
2020-08-05,38.974833,-77.023984,Ward 4,2020-08-07
2020-08-05,38.920367,-77.000782,Ward 5,2020-08-18
2020-08-05,38.905384,-77.024568,Ward 2,2020-08-06
2020-08-05,38.840625,-76.998132,Ward 8,2020-08-08
2020-08-05,38.907775,-77.006910,Ward 6,2020-08-27
2020-08-05,38.830777,-77.001397,Ward 8,2020-08-08
2020-08-05,38.942684,-76.992008,Ward 5,2020-08-06
2020-08-05,38.934195,-77.030599,Ward 1,2020-08-17
2020-08-05,38.909315,-77.028366,Ward 2,2020-09-08
2020-08-05,38.905429,-77.024153,Ward 2,2020-08-06
2020-08-05,38.880440,-76.963108,Ward 7,2020-08-13
2020-08-05,38.855408,-76.980601,Ward 8,2020-08-10
2020-08-05,38.903247,-76.927203,Ward 7,2020-08-06
2020-08-05,38.834333,-76.987233,Ward 8,2020-08-10
2020-08-05,38.896349,-76.926574,Ward 7,2020-08-12
2020-08-05,38.894620,-76.922673,Ward 7,2020-08-12
2020-08-05,38.894549,-76.922401,Ward 7,2020-08-06
2020-08-05,38.848209,-77.000349,Ward 8,2020-08-10
2020-08-05,38.918754,-76.988847,Ward 5,2020-08-24
2020-08-05,38.956398,-77.006005,Ward 4,2020-08-18
2020-08-05,38.834272,-76.988562,Ward 8,2020-08-26
2020-08-05,38.896142,-76.937982,Ward 7,2020-08-06
2020-08-05,38.918384,-77.026165,Ward 1,2020-08-22
2020-08-05,38.878784,-76.990010,Ward 6,2020-08-07
2020-08-05,38.909469,-77.015390,Ward 5,2020-09-08
2020-08-05,38.909261,-77.015433,Ward 5,2020-08-13
2020-08-05,38.949113,-77.016377,Ward 4,2020-08-06
2020-08-05,38.927470,-77.039522,Ward 1,2020-08-17
2020-08-05,38.920184,-77.040552,Ward 1,2020-08-17
2020-08-05,38.921327,-77.039979,Ward 1,2020-08-06
2020-08-05,38.872692,-76.965925,Ward 7,2020-08-06
2020-08-05,38.949690,-77.014033,Ward 4,2020-08-19
2020-08-05,38.937204,-77.084934,Ward 3,2020-08-11
2020-08-05,38.894737,-76.939983,Ward 7,2020-08-12
2020-08-05,38.903871,-76.995202,Ward 6,2020-08-07
2020-08-05,38.856294,-76.967979,Ward 8,2020-08-13
2020-08-05,38.897539,-77.006179,Ward 6,2020-08-10
2020-08-05,38.909637,-77.043439,Ward 2,2020-08-06
2020-08-05,38.895597,-76.942287,Ward 7,2020-08-12
2020-08-05,38.938475,-77.030809,Ward 4,2020-08-19
2020-08-05,38.939832,-76.989578,Ward 5,2020-08-12
2020-08-05,38.928579,-77.026949,Ward 1,2020-08-24
2020-08-05,38.913115,-77.015464,Ward 5,2020-08-13
2020-08-05,38.913115,-77.015464,Ward 5,2020-08-13
2020-08-05,38.912394,-77.011458,Ward 5,2020-08-13
2020-08-05,38.939989,-77.040421,Ward 4,2020-08-19
2020-08-05,38.921965,-77.044231,Ward 1,2020-08-17
2020-08-05,38.911122,-77.019901,Ward 6,2020-09-08
2020-08-05,38.895647,-76.918922,Ward 7,2020-08-06
2020-08-05,38.906249,-76.926764,Ward 7,2020-08-12
2020-08-05,38.930098,-77.018381,Ward 1,2020-08-06
2020-08-05,38.835409,-77.006864,Ward 8,2020-08-10
2020-08-05,38.834543,-76.986807,Ward 8,2020-08-10
2020-08-05,38.846666,-76.983648,Ward 8,2020-08-26
2020-08-05,38.852961,-76.964179,Ward 8,2020-08-10
2020-08-05,38.869924,-76.980535,Ward 8,2020-08-08
2020-08-05,38.848270,-77.000474,Ward 8,2020-08-10
2020-08-05,38.919870,-77.043001,Ward 1,2020-08-17
2020-08-05,38.830697,-77.007353,Ward 8,2020-08-10
2020-08-05,38.904644,-76.989656,Ward 5,2020-08-31
2020-08-05,38.967114,-77.024905,Ward 4,2020-08-19
2020-08-05,38.927910,-77.023634,Ward 1,2020-08-17
2020-08-05,38.862836,-76.992595,Ward 8,2020-08-08
2020-08-05,38.862578,-76.992310,Ward 8,2020-08-08
2020-08-05,38.914632,-77.008225,Ward 5,2020-08-13
2020-08-05,38.900827,-77.053531,Ward 2,2020-08-06
2020-08-05,38.948675,-77.018831,Ward 4,2020-08-19
2020-08-05,38.916086,-77.006898,Ward 5,2020-09-08
2020-08-06,38.890115,-76.955976,Ward 7,2020-08-12
2020-08-06,38.847567,-77.000043,Ward 8,2020-08-10
2020-08-06,38.897894,-76.985784,Ward 6,2020-09-08
2020-08-06,38.967453,-77.024887,Ward 4,2020-08-19
2020-08-06,38.930919,-77.021724,Ward 1,2020-08-21
2020-08-06,38.931158,-77.021903,Ward 1,2020-08-24
2020-08-06,38.934718,-77.028100,Ward 1,2020-08-25
2020-08-06,38.979872,-77.025614,Ward 4,2020-08-19
2020-08-06,38.934887,-77.029502,Ward 1,2020-08-22
2020-08-06,38.934250,-77.030019,Ward 1,2020-08-22
2020-08-06,38.934148,-77.030593,Ward 1,2020-08-17
2020-08-06,38.933074,-77.030594,Ward 1,2020-08-17
2020-08-06,38.931968,-76.963532,Ward 5,2020-08-18
2020-08-06,38.921072,-76.980291,Ward 5,2020-08-06
2020-08-06,38.927731,-76.991122,Ward 5,2020-08-18
2020-08-06,38.924042,-77.028161,Ward 1,2020-08-17
2020-08-06,38.886837,-76.995266,Ward 6,2020-08-10
2020-08-06,38.909179,-76.941744,Ward 7,2020-08-12
2020-08-06,38.907745,-76.938906,Ward 7,2020-08-12
2020-08-06,38.920358,-77.043352,Ward 1,2020-08-17
2020-08-06,38.958350,-77.021606,Ward 4,2020-08-19
2020-08-06,38.890092,-76.934042,Ward 7,2020-08-12
2020-08-06,38.941135,-77.019805,Ward 4,2020-08-25
2020-08-06,38.860844,-77.000045,Ward 8,2020-08-27
2020-08-06,38.927118,-77.105293,Ward 3,2020-08-11
2020-08-06,38.960169,-77.081772,Ward 3,2020-09-08
2020-08-06,38.852425,-76.963636,Ward 8,2020-08-27
2020-08-06,38.920534,-77.025992,Ward 1,2020-09-08
2020-08-06,38.927875,-77.024237,Ward 1,2020-08-17
2020-08-06,38.929708,-77.018462,Ward 1,2020-08-25
2020-08-06,38.964178,-77.000835,Ward 4,2020-08-07
2020-08-06,38.934044,-77.022827,Ward 1,2020-08-10
2020-08-06,38.913922,-77.030064,Ward 2,2020-08-10
2020-08-06,38.911344,-77.036092,Ward 2,2020-08-31
2020-08-06,38.871732,-76.981022,Ward 8,2020-08-11
2020-08-06,38.955608,-77.021323,Ward 4,2020-08-07
2020-08-06,38.908802,-77.028378,Ward 2,2020-08-27
2020-08-06,38.979143,-77.023819,Ward 4,2020-08-07
2020-08-06,38.884129,-76.930717,Ward 7,2020-08-12
2020-08-06,38.872038,-76.980786,Ward 8,2020-09-08
2020-08-06,38.884072,-76.943500,Ward 7,2020-08-12
2020-08-06,38.876706,-76.933822,Ward 7,2020-08-12
2020-08-06,38.876258,-76.931665,Ward 7,2020-08-12
2020-08-06,38.883195,-76.926609,Ward 7,2020-08-12
2020-08-06,38.906320,-76.983794,Ward 5,2020-08-31
2020-08-06,38.915068,-77.018643,Ward 1,2020-08-17
2020-08-06,38.920666,-77.040042,Ward 1,2020-09-08
2020-08-06,38.901667,-76.977429,Ward 5,2020-08-11
2020-08-06,38.931848,-77.026925,Ward 1,2020-08-10
2020-08-06,38.916998,-77.002417,Ward 5,2020-08-13
2020-08-06,38.908371,-77.047384,Ward 2,2020-08-31
2020-08-06,38.908903,-77.027862,Ward 2,2020-08-10
2020-08-06,38.863473,-76.982953,Ward 8,2020-08-27
2020-08-06,38.908802,-77.028378,Ward 2,2020-08-27
2020-08-06,38.905499,-77.001787,Ward 6,2020-09-08
2020-08-06,38.878078,-77.001792,Ward 6,2020-09-08
2020-08-06,38.929974,-77.020664,Ward 1,2020-08-25
2020-08-06,38.907051,-77.014968,Ward 6,2020-09-08
2020-08-06,38.912173,-77.018708,Ward 6,2020-08-10
2020-08-07,38.843198,-76.979386,Ward 8,2020-08-10
2020-08-07,38.895149,-76.996364,Ward 6,2020-09-08
2020-08-07,38.929419,-77.020397,Ward 1,2020-08-10
2020-08-07,38.928704,-77.025252,Ward 1,2020-08-10
2020-08-07,38.957913,-77.021637,Ward 4,2020-08-19
2020-08-07,38.867926,-76.945330,Ward 7,2020-09-02
2020-08-07,38.913922,-77.030064,Ward 2,2020-08-10
2020-08-07,38.902999,-76.989774,Ward 5,2020-08-31
2020-08-07,38.914805,-77.031547,Ward 1,2020-08-10
2020-08-07,38.833203,-76.994070,Ward 8,2020-08-10
2020-08-07,38.845833,-76.999297,Ward 8,2020-09-08
2020-08-07,38.923912,-77.025503,Ward 1,2020-08-13
2020-08-07,38.863453,-76.955882,Ward 7,2020-08-12
2020-08-07,38.862178,-76.995229,Ward 8,2020-08-27
2020-08-07,38.885814,-76.959497,Ward 7,2020-09-04
2020-08-07,38.925431,-77.027364,Ward 1,2020-08-22
2020-08-07,38.878375,-76.963114,Ward 7,2020-08-17
2020-08-07,38.943146,-77.039509,Ward 4,2020-08-25
2020-08-07,38.889030,-76.985766,Ward 6,2020-08-10
2020-08-07,38.924376,-77.023288,Ward 1,2020-08-17
2020-08-07,38.925509,-77.029175,Ward 1,2020-08-10
2020-08-07,38.888983,-76.938493,Ward 7,2020-09-02
2020-08-07,38.920100,-77.040524,Ward 1,2020-08-10
2020-08-07,38.903543,-76.977781,Ward 5,2020-08-11
2020-08-07,38.835022,-76.988115,Ward 8,2020-08-26
2020-08-07,38.924806,-77.023956,Ward 1,2020-08-31
2020-08-07,38.871603,-76.938688,Ward 7,2020-09-02
2020-08-07,38.900118,-77.003542,Ward 6,2020-09-14
2020-08-07,38.964762,-77.024742,Ward 4,2020-08-25
2020-08-07,38.876472,-77.009264,Ward 6,2020-09-08
2020-08-07,38.896498,-76.980918,Ward 6,2020-09-08
2020-08-07,38.954379,-77.033739,Ward 4,2020-08-25
2020-08-07,38.823230,-76.999784,Ward 8,2020-08-26
2020-08-07,38.893604,-76.933589,Ward 7,2020-09-04
2020-08-07,38.893355,-76.985181,Ward 6,2020-08-11
2020-08-07,38.895185,-76.995564,Ward 6,2020-09-08
2020-08-07,38.930694,-77.025457,Ward 1,2020-08-15
2020-08-07,38.930132,-77.041303,Ward 1,2020-09-08
2020-08-08,38.895003,-77.031353,Ward 2,2020-09-08
2020-08-08,38.898723,-76.979494,Ward 6,2020-08-20
2020-08-08,38.896288,-76.980973,Ward 6,2020-09-08
2020-08-08,38.907064,-77.014885,Ward 6,2020-09-08
2020-08-08,38.907064,-77.014885,Ward 6,2020-09-08
2020-08-08,38.938741,-77.022502,Ward 4,2020-08-13
2020-08-08,38.930937,-77.030114,Ward 1,2020-08-10
2020-08-08,38.889527,-76.991710,Ward 6,2020-08-10
2020-08-08,38.904432,-76.999751,Ward 6,2020-09-14
2020-08-08,38.931710,-77.025167,Ward 1,2020-08-10
2020-08-08,38.878400,-76.990248,Ward 6,2020-08-13
2020-08-08,38.901685,-76.940233,Ward 7,2020-09-04
2020-08-08,38.919869,-77.042621,Ward 1,2020-08-17
2020-08-08,38.920364,-77.042595,Ward 1,2020-08-12
2020-08-08,38.933432,-77.079765,Ward 3,2020-08-11
2020-08-08,38.940584,-77.031950,Ward 4,2020-08-25
2020-08-08,38.955136,-77.021664,Ward 4,2020-08-11
2020-08-08,38.911870,-77.038484,Ward 2,2020-08-31
2020-08-08,38.931267,-77.019012,Ward 1,2020-08-15
2020-08-08,38.893286,-76.988566,Ward 6,2020-08-11
2020-08-08,38.905881,-77.024683,Ward 2,2020-09-08
2020-08-08,38.889791,-76.971895,Ward 7,2020-09-02
2020-08-08,38.938193,-77.022577,Ward 4,2020-08-11
2020-08-09,38.951726,-77.025352,Ward 4,2020-08-25
2020-08-09,38.902994,-76.994342,Ward 6,2020-08-13
2020-08-09,38.871313,-76.982215,Ward 8,2020-09-08
2020-08-09,38.955773,-77.087957,Ward 3,2020-08-11
2020-08-09,38.917945,-77.003701,Ward 5,2020-08-13
2020-08-09,38.938128,-77.024266,Ward 4,2020-08-25
2020-08-09,38.931320,-77.020308,Ward 1,2020-08-17
2020-08-09,38.914538,-77.014820,Ward 5,2020-08-30
2020-08-09,38.908445,-76.932156,Ward 7,2020-09-04
2020-08-09,38.971287,-77.025221,Ward 4,2020-09-08
2020-08-09,38.939599,-77.033002,Ward 4,2020-08-21
2020-08-09,38.899676,-76.989271,Ward 6,2020-08-13
2020-08-09,38.833183,-76.988685,Ward 8,2020-08-26
2020-08-09,38.834771,-76.987721,Ward 8,2020-08-26
2020-08-09,38.834734,-76.988289,Ward 8,2020-08-26
2020-08-09,38.829969,-77.005612,Ward 8,2020-08-11
2020-08-09,38.872864,-76.976803,Ward 8,2020-08-27
2020-08-09,38.893392,-76.955542,Ward 7,2020-09-04
2020-08-09,38.893353,-76.956457,Ward 7,2020-09-04
2020-08-09,38.912440,-77.028669,Ward 2,2020-08-10
2020-08-10,38.896269,-76.978559,Ward 6,2020-08-11
2020-08-10,38.888582,-76.991265,Ward 6,2020-08-13
2020-08-10,38.894937,-76.984595,Ward 6,2020-08-13
2020-08-10,38.893578,-76.996168,Ward 6,2020-08-13
2020-08-10,38.911652,-77.019668,Ward 6,2020-08-12
2020-08-10,38.911122,-77.019901,Ward 6,2020-09-08
2020-08-10,38.905645,-77.002040,Ward 6,2020-09-08
2020-08-10,38.910104,-77.014872,Ward 5,2020-08-13
2020-08-10,38.951668,-77.028309,Ward 4,2020-08-11
2020-08-10,38.903626,-76.943176,Ward 7,2020-09-04
2020-08-10,38.880914,-76.963260,Ward 7,2020-09-04
2020-08-10,38.898867,-76.983354,Ward 6,2020-08-28
2020-08-10,38.903807,-76.986683,Ward 5,2020-08-17
2020-08-10,38.887764,-76.957702,Ward 7,2020-09-04
2020-08-10,38.898913,-77.003505,Ward 6,2020-09-08
2020-08-10,38.934756,-77.023286,Ward 1,2020-08-15
2020-08-10,38.903074,-76.994249,Ward 6,2020-08-20
2020-08-10,38.901287,-76.935909,Ward 7,2020-08-11
2020-08-10,38.958599,-77.004486,Ward 4,2020-08-21
2020-08-10,38.891449,-76.952792,Ward 7,2020-09-04
2020-08-10,38.911125,-77.060717,Ward 2,2020-08-11
2020-08-10,38.851101,-76.968367,Ward 8,2020-08-27
2020-08-10,38.843005,-77.003724,Ward 8,2020-09-08
2020-08-10,38.879377,-76.931040,Ward 7,2020-09-02
2020-08-10,38.855369,-76.969313,Ward 8,2020-08-27
2020-08-10,38.903412,-76.996396,Ward 6,2020-08-13
2020-08-10,38.931478,-77.035388,Ward 1,2020-08-11
2020-08-10,38.881109,-76.942793,Ward 7,2020-09-02
2020-08-10,38.931051,-77.044978,Ward 1,2020-08-17
2020-08-10,38.931478,-77.035388,Ward 1,2020-08-11
2020-08-10,38.927087,-77.024893,Ward 1,2020-08-17
2020-08-10,38.904730,-76.998699,Ward 6,2020-08-13
2020-08-10,38.928274,-77.026849,Ward 1,2020-08-21
2020-08-10,38.861793,-76.985997,Ward 8,2020-08-11
2020-08-10,38.898239,-76.981190,Ward 6,2020-08-17
2020-08-10,38.931851,-77.018897,Ward 1,2020-08-12
2020-08-10,38.881478,-76.998075,Ward 6,2020-08-13
2020-08-10,38.908223,-77.025773,Ward 2,2020-08-21
2020-08-10,38.880830,-76.998232,Ward 6,2020-08-13
2020-08-10,38.936205,-77.033147,Ward 1,2020-08-11
2020-08-10,38.957913,-77.021637,Ward 4,2020-08-19
2020-08-10,38.942113,-77.017125,Ward 4,2020-09-08
2020-08-10,38.905455,-77.001826,Ward 6,2020-08-13
2020-08-10,38.858711,-76.993956,Ward 8,2020-09-08
2020-08-10,38.857407,-76.967928,Ward 8,2020-08-27
2020-08-10,38.855398,-76.981754,Ward 8,2020-08-27
2020-08-10,38.947545,-77.023385,Ward 4,2020-08-20
2020-08-10,38.935619,-77.027200,Null,2020-09-08
2020-08-10,38.926495,-77.035616,Ward 1,2020-08-17
2020-08-10,38.903807,-76.986683,Ward 5,2020-08-17
2020-08-11,38.924947,-77.041818,Ward 1,2020-08-11
2020-08-11,38.953822,-77.016203,Ward 4,2020-08-11
2020-08-11,38.881477,-77.000787,Ward 6,2020-08-12
2020-08-11,38.883640,-76.994537,Ward 6,2020-08-13
2020-08-11,38.918681,-77.012419,Ward 5,2020-09-08
2020-08-11,38.905262,-76.988175,Ward 5,2020-08-17
2020-08-11,38.822885,-76.999584,Ward 8,2020-08-26
2020-08-11,38.896837,-76.974168,Ward 7,2020-08-12
2020-08-11,38.923205,-77.037766,Ward 1,2020-08-12
2020-08-11,38.950052,-77.022647,Ward 4,2020-08-20
2020-08-11,38.930001,-77.018381,Ward 1,2020-08-12
2020-08-11,38.902071,-76.983911,Ward 5,2020-08-17
2020-08-11,38.956001,-77.028263,Ward 4,2020-08-20
2020-08-11,38.916429,-77.014668,Ward 1,2020-08-12
2020-08-11,38.936115,-77.023220,Ward 1,2020-08-12
2020-08-11,38.897073,-76.975803,Ward 7,2020-09-04
2020-08-11,38.883432,-76.991238,Ward 6,2020-08-13
2020-08-11,38.912330,-76.986888,Ward 5,2020-08-17
2020-08-11,38.931614,-77.026889,Ward 1,2020-08-15
2020-08-11,38.930900,-77.027847,Ward 1,2020-08-12
2020-08-11,38.914695,-77.032871,Ward 2,2020-08-12
2020-08-11,38.931234,-77.019216,Ward 1,2020-08-21
2020-08-11,38.850085,-76.964667,Ward 8,2020-09-10
2020-08-11,38.916448,-77.007889,Ward 5,2020-09-08
2020-08-11,38.912330,-76.986888,Ward 5,2020-08-17
2020-08-11,38.924239,-77.029395,Ward 1,2020-08-21
2020-08-11,38.917158,-77.026821,Ward 1,2020-08-21
2020-08-11,38.879382,-76.931094,Ward 7,2020-09-02
2020-08-11,38.876434,-76.940723,Ward 7,2020-09-02
2020-08-11,38.888177,-76.922186,Ward 7,2020-09-04
2020-08-11,38.899508,-76.976466,Ward 5,2020-08-17
2020-08-11,38.902080,-76.975415,Ward 5,2020-08-17
2020-08-11,38.910259,-77.030223,Ward 2,2020-08-26
2020-08-11,38.903166,-76.977854,Ward 5,2020-08-17
2020-08-11,38.912330,-76.986888,Ward 5,2020-08-17
2020-08-11,38.908746,-76.985761,Ward 5,2020-08-17
2020-08-11,38.922202,-76.967820,Ward 5,2020-08-17
2020-08-11,38.954285,-77.028740,Ward 4,2020-08-20
2020-08-11,38.973261,-77.015759,Ward 4,2020-08-20
2020-08-11,38.901296,-76.976456,Ward 5,2020-08-17
2020-08-11,38.917329,-76.972439,Ward 5,2020-08-12
2020-08-11,38.904398,-76.981531,Ward 5,2020-08-17
2020-08-11,38.898181,-76.980844,Ward 6,2020-08-17
2020-08-11,38.908272,-76.985665,Ward 5,2020-08-17
2020-08-11,38.880562,-76.943307,Ward 7,2020-09-02
2020-08-11,38.906642,-76.985705,Ward 5,2020-08-11
2020-08-11,38.924414,-77.025888,Ward 1,2020-08-15
2020-08-11,38.912135,-76.987112,Ward 5,2020-08-17
2020-08-11,38.954471,-77.081781,Ward 3,2020-08-12
2020-08-11,38.911309,-77.019684,Ward 6,2020-08-13
2020-08-11,38.928851,-77.027300,Ward 1,2020-08-13
2020-08-11,38.930679,-77.044649,Ward 1,2020-08-17
2020-08-11,38.910106,-77.008089,Ward 5,2020-08-31
2020-08-11,38.909805,-76.941431,Ward 7,2020-09-04
2020-08-11,38.889482,-76.952426,Ward 7,2020-08-12
2020-08-11,38.898767,-76.995698,Ward 6,2020-08-18
2020-08-11,38.912173,-77.018708,Ward 6,2020-08-20
2020-08-11,38.905644,-77.021914,Null,2020-08-17
2020-08-11,38.944604,-77.076746,Ward 3,2020-09-08
2020-08-11,38.898327,-76.995912,Ward 6,2020-08-20
2020-08-11,38.861382,-76.981393,Ward 8,2020-08-27
2020-08-11,38.943295,-76.985385,Ward 5,2020-08-17
2020-08-11,38.834018,-76.995310,Ward 8,2020-08-26
2020-08-11,38.910733,-77.020167,Ward 6,2020-08-12
2020-08-11,38.850045,-76.966477,Ward 8,2020-08-27
2020-08-11,38.911652,-77.019668,Ward 6,2020-08-12
2020-08-11,38.931392,-77.033870,Ward 1,2020-08-17
2020-08-11,38.895251,-76.980481,Ward 6,2020-08-20
2020-08-11,38.927591,-77.021406,Ward 1,2020-08-21
2020-08-11,38.901177,-76.993461,Ward 6,2020-08-20
2020-08-11,38.878228,-77.006127,Ward 6,2020-08-12
2020-08-11,38.935270,-77.026764,Ward 1,2020-08-17
2020-08-11,38.924228,-77.025296,Ward 1,2020-08-12
2020-08-11,38.875340,-76.967465,Ward 7,2020-08-13
2020-08-11,38.901136,-76.993495,Ward 6,2020-08-20
2020-08-11,38.915857,-77.020207,Ward 1,2020-08-21
2020-08-12,38.951252,-77.085428,Ward 3,2020-08-12
2020-08-12,38.910601,-77.052765,Ward 2,2020-08-18
2020-08-12,38.934415,-77.032405,Ward 1,2020-08-21
2020-08-12,38.923643,-76.975306,Ward 5,2020-08-14
2020-08-12,38.834397,-76.988225,Ward 8,2020-08-26
2020-08-12,38.835022,-76.988115,Ward 8,2020-08-26
2020-08-12,38.835022,-76.988115,Ward 8,2020-08-26
2020-08-12,38.863162,-76.990107,Ward 8,2020-08-27
2020-08-12,38.898998,-76.983406,Ward 6,2020-08-12
2020-08-12,38.877725,-76.987872,Ward 6,2020-08-18
2020-08-12,38.905472,-76.998829,Ward 6,2020-08-18
2020-08-12,38.949580,-77.015526,Ward 4,2020-08-21
2020-08-12,38.825513,-76.997538,Ward 8,2020-08-18
2020-08-12,38.924302,-77.023084,Ward 1,2020-08-15
2020-08-12,38.887932,-76.922643,Ward 7,2020-09-04
2020-08-12,38.884218,-76.959573,Ward 7,2020-08-18
2020-08-12,38.941813,-77.021045,Ward 4,2020-08-17
2020-08-12,38.896954,-76.988081,Ward 6,2020-08-18
2020-08-12,38.873189,-76.975747,Ward 8,2020-08-27
2020-08-12,38.940881,-76.990886,Ward 5,2020-08-19
2020-08-12,38.873429,-76.975280,Ward 8,2020-08-19
2020-08-12,38.904959,-76.931928,Ward 7,2020-08-18
2020-08-12,38.941411,-77.021375,Ward 4,2020-08-17
2020-08-12,38.872621,-76.977150,Ward 8,2020-08-19
2020-08-12,38.903642,-76.930380,Ward 7,2020-08-18
2020-08-12,38.904387,-76.992268,Ward 5,2020-08-19
2020-08-12,38.900239,-77.053563,Ward 2,2020-08-13
2020-08-12,38.919002,-76.960047,Ward 5,2020-08-13
2020-08-12,38.982755,-77.024300,Ward 4,2020-08-13
2020-08-12,38.959022,-77.022730,Ward 4,2020-08-17
2020-08-12,38.927832,-77.028905,Ward 1,2020-08-13
2020-08-12,38.862929,-76.987471,Ward 8,2020-08-13
2020-08-12,38.870522,-76.977049,Ward 8,2020-08-19
2020-08-12,38.906013,-76.987653,Ward 5,2020-08-19
2020-08-12,38.882836,-76.979338,Ward 6,2020-08-13
2020-08-12,38.949399,-77.006736,Ward 5,2020-08-13
2020-08-12,38.907917,-76.988332,Ward 5,2020-08-19
2020-08-12,38.935012,-77.029463,Ward 1,2020-08-18
2020-08-12,38.885347,-76.978135,Ward 6,2020-08-18
2020-08-12,38.904270,-76.991507,Ward 5,2020-08-17
2020-08-12,38.904302,-76.992327,Ward 5,2020-08-17
2020-08-12,38.906213,-76.984773,Ward 5,2020-08-17
2020-08-12,38.903851,-76.989600,Ward 5,2020-08-17
2020-08-12,38.912955,-76.987155,Ward 5,2020-08-18
2020-08-12,38.900378,-76.978228,Ward 5,2020-08-17
2020-08-12,38.902840,-76.975974,Ward 5,2020-08-17
2020-08-12,38.901281,-76.982110,Ward 5,2020-08-17
2020-08-12,38.946114,-77.071905,Ward 3,2020-08-18
2020-08-12,38.910659,-77.011912,Ward 5,2020-08-17
2020-08-12,38.891398,-76.988067,Ward 6,2020-08-13
2020-08-12,38.913275,-76.985908,Ward 5,2020-08-17
2020-08-12,38.898556,-76.994219,Ward 6,2020-08-18
2020-08-12,38.898560,-76.994485,Ward 6,2020-08-18
2020-08-12,38.918848,-77.000833,Ward 5,2020-08-17
2020-08-12,38.869689,-76.966167,Ward 7,2020-08-13
2020-08-12,38.910782,-76.987579,Ward 5,2020-08-17
2020-08-12,38.848192,-76.996993,Ward 8,2020-08-19
2020-08-12,38.883160,-76.923445,Ward 7,2020-08-18
2020-08-12,38.897197,-76.975220,Ward 7,2020-08-18
2020-08-12,38.932982,-77.026011,Ward 1,2020-08-17
2020-08-12,38.897805,-76.979981,Ward 6,2020-08-18
2020-08-12,38.923833,-77.023977,Ward 1,2020-08-13
2020-08-12,38.929966,-77.026190,Ward 1,2020-08-13
2020-08-13,38.909348,-76.987772,Ward 5,2020-08-18
2020-08-13,38.863290,-76.982137,Ward 8,2020-08-14
2020-08-13,38.978812,-77.062655,Ward 4,2020-08-20
2020-08-13,38.902963,-76.994442,Ward 6,2020-09-11
2020-08-13,38.915884,-77.020490,Ward 1,2020-08-17
2020-08-13,38.942764,-77.016914,Ward 4,2020-08-21
2020-08-13,38.918531,-77.012407,Ward 5,2020-09-10
2020-08-13,38.949849,-77.015962,Ward 4,2020-08-19
2020-08-13,38.851016,-76.965742,Ward 8,2020-08-27
2020-08-13,38.911315,-77.006915,Ward 5,2020-08-19
2020-08-13,38.907406,-77.009719,Ward 5,2020-09-10
2020-08-13,38.916448,-77.008200,Ward 5,2020-09-14
2020-08-13,38.928149,-77.025859,Ward 1,2020-08-17
2020-08-13,38.892467,-76.953619,Ward 7,2020-09-14
2020-08-13,38.885323,-76.992430,Ward 6,2020-08-18
2020-08-13,38.885895,-76.991783,Ward 6,2020-08-18
2020-08-13,38.953822,-77.016203,Ward 4,2020-08-19
2020-08-13,38.918384,-77.026165,Ward 1,2020-08-26
2020-08-13,38.933039,-76.966227,Ward 5,2020-09-02
2020-08-13,38.866929,-76.988590,Ward 8,2020-08-19
2020-08-13,38.933442,-76.966473,Ward 5,2020-09-14
2020-08-13,38.933877,-76.965284,Ward 5,2020-09-02
2020-08-13,38.903074,-76.994249,Ward 6,2020-08-20
2020-08-13,38.912510,-76.986836,Ward 5,2020-08-14
2020-08-13,38.888989,-76.934116,Ward 7,2020-09-14
2020-08-13,38.904024,-76.926463,Ward 7,2020-08-14
2020-08-13,38.898086,-77.000834,Ward 6,2020-08-19
2020-08-13,38.852369,-76.966003,Ward 8,2020-08-27
2020-08-13,38.948413,-77.007586,Ward 5,2020-08-19
2020-08-13,38.924645,-76.964812,Ward 5,2020-08-19
2020-08-13,38.932890,-76.972886,Ward 5,2020-08-19
2020-08-13,38.925459,-76.955626,Ward 5,2020-08-19
2020-08-13,38.945948,-77.027125,Ward 4,2020-08-19
2020-08-13,38.903035,-76.982024,Ward 5,2020-09-14
2020-08-13,38.930331,-77.040864,Ward 1,2020-08-26
2020-08-13,38.918298,-77.013162,Ward 5,2020-09-10
2020-08-13,38.911697,-77.039307,Ward 2,2020-08-18
2020-08-13,38.949447,-77.017044,Ward 4,2020-08-14
2020-08-13,38.920852,-77.032677,Ward 1,2020-08-21
2020-08-13,38.899678,-76.989325,Ward 6,2020-09-11
2020-08-13,38.903909,-76.982186,Ward 5,2020-09-10
2020-08-13,38.935811,-77.026433,Ward 4,2020-08-25
2020-08-13,38.935811,-77.026433,Ward 4,2020-08-21
2020-08-13,38.935811,-77.026433,Ward 4,2020-08-21
2020-08-13,38.935811,-77.026433,Ward 4,2020-08-21
2020-08-13,38.906231,-77.026682,Ward 2,2020-08-31
2020-08-13,38.851789,-76.981932,Ward 8,2020-08-27
2020-08-13,38.896717,-76.919412,Ward 7,2020-08-14
2020-08-13,38.944281,-77.027316,Ward 4,2020-08-17
2020-08-13,38.904906,-76.998745,Ward 6,2020-08-19
2020-08-13,38.908417,-77.029947,Ward 2,2020-08-14
2020-08-13,38.847484,-76.971358,Ward 8,2020-08-27
2020-08-13,38.847484,-76.971358,Ward 8,2020-08-27
2020-08-13,38.896814,-77.000797,Ward 6,2020-08-19
2020-08-13,38.905264,-77.071084,Ward 2,2020-08-18
2020-08-13,38.931953,-77.041522,Ward 1,2020-08-25
2020-08-13,38.931038,-77.020476,Ward 1,2020-08-17
2020-08-13,38.926533,-77.034992,Ward 1,2020-08-21
2020-08-13,38.891825,-76.953980,Ward 7,2020-09-14
2020-08-13,38.924798,-77.025081,Ward 1,2020-08-17
2020-08-13,38.933066,-76.965739,Ward 5,2020-09-02
2020-08-13,38.925669,-77.040724,Ward 1,2020-08-25
2020-08-14,38.913986,-77.007868,Ward 5,2020-09-02
2020-08-14,38.914463,-77.041660,Ward 2,2020-08-18
2020-08-14,38.925740,-77.026002,Ward 1,2020-08-25
2020-08-14,38.890769,-76.950631,Ward 7,2020-09-04
2020-08-14,38.902046,-76.983506,Ward 5,2020-08-31
2020-08-14,38.936101,-77.029561,Ward 1,2020-08-17
2020-08-14,38.876002,-77.010087,Ward 6,2020-08-21
2020-08-14,38.926872,-76.995237,Ward 5,2020-09-10
2020-08-14,38.873577,-76.977235,Ward 8,2020-08-27
2020-08-14,38.873743,-76.976746,Ward 8,2020-08-27
2020-08-14,38.850890,-76.965607,Ward 8,2020-08-27
2020-08-14,38.933337,-77.034421,Ward 1,2020-08-21
2020-08-14,38.876218,-76.960967,Ward 7,2020-09-02
2020-08-14,38.919555,-76.981827,Ward 5,2020-09-10
2020-08-14,38.905648,-77.027037,Ward 2,2020-09-08
2020-08-14,38.945830,-77.023769,Ward 4,2020-08-21
2020-08-14,38.869944,-76.979601,Ward 8,2020-08-27
2020-08-14,38.913043,-76.988058,Ward 5,2020-09-04
2020-08-14,38.915857,-77.020207,Ward 1,2020-08-21
2020-08-14,38.903214,-76.985771,Ward 5,2020-09-08
2020-08-14,38.933442,-76.966473,Ward 5,2020-09-14
2020-08-14,38.834091,-76.989947,Ward 8,2020-08-26
2020-08-14,38.844441,-76.996941,Ward 8,2020-08-18
2020-08-14,38.892192,-76.933138,Ward 7,2020-08-17
2020-08-14,38.867553,-76.946423,Ward 7,2020-09-02
2020-08-14,38.956765,-77.033723,Ward 4,2020-08-21
2020-08-14,38.886186,-76.998268,Ward 6,2020-08-18
2020-08-14,38.939974,-77.031746,Ward 4,2020-08-21
2020-08-14,38.903034,-76.989746,Ward 5,2020-08-31
2020-08-14,38.905409,-76.945120,Ward 7,2020-09-04
2020-08-14,38.847298,-77.000537,Ward 8,2020-08-26
2020-08-14,38.950890,-77.024108,Ward 4,2020-08-18
2020-08-14,38.847876,-77.002276,Ward 8,2020-08-26
2020-08-14,38.957521,-77.026114,Ward 4,2020-08-17
2020-08-14,38.926367,-77.078527,Ward 3,2020-09-08
2020-08-14,38.846044,-77.002253,Ward 8,2020-08-26
2020-08-14,38.881845,-76.982522,Ward 7,2020-08-21
2020-08-14,38.917220,-77.042600,Ward 1,2020-08-26
2020-08-14,38.948032,-77.008373,Ward 5,2020-09-02
2020-08-14,38.917423,-77.000835,Ward 5,2020-09-10
2020-08-14,38.917671,-77.000847,Ward 5,2020-09-10
2020-08-14,38.861561,-76.980969,Ward 8,2020-08-27
2020-08-14,38.897586,-77.030154,Ward 2,2020-08-18
2020-08-14,38.937090,-77.032031,Ward 4,2020-08-21
2020-08-14,38.876482,-77.005873,Ward 6,2020-09-08
2020-08-14,38.830349,-76.993789,Ward 8,2020-08-18
2020-08-14,38.927731,-76.991122,Ward 5,2020-08-18
2020-08-14,38.935414,-77.026986,Ward 1,2020-08-17
2020-08-14,38.908417,-77.029947,Ward 2,2020-08-18
2020-08-15,38.929411,-77.020476,Ward 1,2020-08-26
2020-08-15,38.929427,-77.020569,Ward 1,2020-08-31
2020-08-15,38.933519,-77.043527,Ward 1,2020-08-26
2020-08-15,38.931271,-77.041492,Ward 1,2020-08-17
2020-08-15,38.931684,-77.043109,Ward 1,2020-08-31
2020-08-15,38.931684,-77.043109,Ward 1,2020-08-31
2020-08-15,38.930809,-77.041889,Ward 1,2020-08-17
2020-08-15,38.930710,-77.041032,Ward 1,2020-08-26
2020-08-15,38.929863,-77.041508,Ward 1,2020-08-26
2020-08-15,38.930375,-77.039037,Ward 1,2020-08-17
2020-08-15,38.932620,-77.038480,Ward 1,2020-08-17
2020-08-15,38.932275,-77.038501,Ward 1,2020-08-26
2020-08-15,38.931743,-77.023866,Ward 1,2020-08-26
2020-08-15,38.933661,-77.021750,Ward 1,2020-08-26
2020-08-15,38.930284,-77.021112,Ward 1,2020-08-26
2020-08-15,38.937090,-77.032031,Ward 4,2020-08-21
2020-08-15,38.835133,-76.988693,Ward 8,2020-08-17
2020-08-15,38.903408,-76.985847,Ward 5,2020-08-31
2020-08-15,38.910377,-77.016920,Ward 6,2020-08-21
2020-08-15,38.921521,-77.044426,Ward 1,2020-08-17
2020-08-15,38.896288,-76.980973,Ward 6,2020-09-21
2020-08-15,38.946315,-77.035422,Ward 4,2020-08-17
2020-08-15,38.895927,-76.981349,Ward 6,2020-09-21
2020-08-15,38.914281,-77.026177,Ward 1,2020-08-21
2020-08-15,38.914344,-77.025800,Ward 1,2020-08-21
2020-08-15,38.929207,-76.995190,Ward 5,2020-09-02
2020-08-15,38.891866,-76.996331,Ward 6,2020-09-11
2020-08-15,38.934366,-77.041657,Ward 1,2020-08-26
2020-08-15,38.905469,-77.016356,Ward 6,2020-08-18
2020-08-15,38.934756,-77.023286,Ward 1,2020-08-26
2020-08-15,38.929959,-76.987215,Ward 5,2020-08-18
2020-08-15,38.869944,-76.979601,Ward 8,2020-08-27
2020-08-15,38.912134,-77.009429,Ward 5,2020-08-30
2020-08-15,38.906571,-77.061373,Ward 2,2020-08-18
2020-08-15,38.944281,-77.027316,Ward 4,2020-08-17
2020-08-15,38.895927,-76.981477,Ward 6,2020-09-21
2020-08-15,38.904668,-76.931665,Ward 7,2020-08-19
2020-08-15,38.932556,-77.035827,Ward 1,2020-08-17
2020-08-15,38.903583,-76.996409,Ward 6,2020-08-21
2020-08-15,38.902306,-77.053065,Ward 2,2020-08-18
2020-08-16,38.929461,-77.027431,Ward 1,2020-08-26
2020-08-16,38.954592,-77.024195,Ward 4,2020-08-25
2020-08-16,38.957912,-77.021794,Ward 4,2020-08-21
2020-08-16,38.957684,-77.020133,Ward 4,2020-08-21
2020-08-16,38.991967,-77.038802,Ward 4,2020-08-25
2020-08-16,38.992285,-77.041498,Ward 4,2020-08-25
2020-08-16,38.917140,-77.009300,Ward 5,2020-08-24
2020-08-16,38.894945,-76.978004,Ward 6,2020-08-18
2020-08-16,38.881509,-77.006229,Ward 6,2020-08-24
2020-08-16,38.933475,-77.041764,Ward 1,2020-08-18
2020-08-16,38.904241,-76.983390,Ward 5,2020-08-24
2020-08-16,38.882668,-76.983294,Ward 6,2020-09-14
2020-08-16,38.934740,-77.029165,Ward 1,2020-08-18
2020-08-16,38.924521,-77.027351,Ward 1,2020-08-25
2020-08-16,38.929863,-77.041508,Ward 1,2020-08-25
2020-08-16,38.915748,-77.003210,Ward 5,2020-08-24
2020-08-16,38.930092,-77.041579,Ward 1,2020-08-31
2020-08-16,38.930795,-77.040558,Ward 1,2020-08-18
2020-08-16,38.930776,-77.039443,Ward 1,2020-08-18
2020-08-16,38.916153,-77.031233,Ward 1,2020-08-18
2020-08-16,38.933179,-77.037508,Ward 1,2020-08-18
2020-08-16,38.938493,-77.023843,Ward 4,2020-08-25
2020-08-16,38.950620,-77.030131,Ward 4,2020-08-18
2020-08-16,38.907074,-76.979716,Ward 5,2020-08-24
2020-08-16,38.914042,-77.007859,Ward 5,2020-08-24
2020-08-16,38.895928,-77.001162,Ward 6,2020-08-21
2020-08-16,38.903231,-76.923023,Ward 7,2020-09-04
2020-08-16,38.908413,-77.025487,Ward 2,2020-08-25
2020-08-16,38.935685,-77.030571,Ward 1,2020-08-17
2020-08-17,38.929845,-77.021436,Ward 1,2020-08-17
2020-08-17,38.903014,-76.992405,Ward 6,2020-08-18
2020-08-17,38.943017,-77.016238,Ward 4,2020-08-18
2020-08-17,38.841605,-76.994292,Ward 8,2020-08-18
2020-08-17,38.883017,-76.983837,Ward 6,2020-08-21
2020-08-17,38.910781,-77.011982,Ward 5,2020-08-18
2020-08-17,38.896978,-76.952137,Ward 7,2020-09-04
2020-08-17,38.823831,-77.009536,Ward 8,2020-08-18
2020-08-17,38.905249,-77.068358,Ward 2,2020-08-25
2020-08-17,38.906038,-76.986950,Ward 5,2020-08-31
2020-08-17,38.913558,-76.986199,Ward 5,2020-08-24
2020-08-17,38.894079,-76.937599,Ward 7,2020-09-04
2020-08-17,38.894567,-76.941125,Ward 7,2020-09-04
2020-08-17,38.896947,-76.940136,Ward 7,2020-09-04
2020-08-17,38.917093,-77.002418,Ward 5,2020-08-24
2020-08-17,38.901761,-76.995899,Ward 6,2020-09-14
2020-08-17,38.915801,-77.002911,Ward 5,2020-08-18
2020-08-17,38.958360,-77.021286,Ward 4,2020-08-24
2020-08-17,38.882189,-76.982446,Ward 6,2020-08-18
2020-08-17,38.832585,-77.006260,Ward 8,2020-09-10
2020-08-17,38.892152,-76.951762,Ward 7,2020-09-04
2020-08-17,38.911681,-77.009363,Ward 5,2020-08-30
2020-08-17,38.901460,-76.991761,Ward 6,2020-09-11
2020-08-17,38.868650,-76.986597,Ward 8,2020-09-10
2020-08-17,38.892933,-76.951199,Ward 7,2020-09-04
2020-08-17,38.903583,-76.996409,Ward 6,2020-08-21
2020-08-17,38.904922,-77.002254,Ward 6,2020-09-11
2020-08-17,38.909800,-76.941277,Ward 7,2020-09-04
2020-08-17,38.834124,-76.987358,Ward 8,2020-09-10
2020-08-17,38.834734,-76.988289,Ward 8,2020-09-10
2020-08-17,38.834095,-76.989008,Ward 8,2020-09-10
2020-08-17,38.844185,-77.001673,Ward 8,2020-08-18
2020-08-17,38.888397,-76.922276,Ward 7,2020-09-04
2020-08-17,38.927087,-77.024893,Ward 1,2020-08-25
2020-08-17,38.820424,-77.009056,Ward 8,2020-08-18
2020-08-17,38.827275,-76.997648,Ward 8,2020-09-10
2020-08-17,38.866645,-76.983617,Ward 8,2020-09-10
2020-08-17,38.845255,-76.970797,Ward 8,2020-09-10
2020-08-17,38.930712,-77.041573,Ward 1,2020-08-25
2020-08-17,38.908343,-76.938641,Ward 7,2020-09-14
2020-08-17,38.900421,-77.053920,Ward 2,2020-08-18
2020-08-17,38.910058,-77.014856,Ward 5,2020-08-24
2020-08-17,38.928315,-76.963894,Ward 5,2020-08-30
2020-08-17,38.956444,-77.031693,Ward 4,2020-08-24
2020-08-17,38.886654,-76.930361,Ward 7,2020-08-24
2020-08-17,38.886035,-76.990245,Ward 6,2020-08-20
2020-08-17,38.885512,-76.987015,Ward 6,2020-08-21
2020-08-17,38.932982,-77.026011,Ward 1,2020-08-25
2020-08-17,38.908099,-77.011640,Ward 5,2020-09-28
2020-08-17,38.933228,-77.076798,Ward 3,2020-08-25
2020-08-17,38.821300,-77.006571,Ward 8,2020-08-20
2020-08-18,38.932969,-77.032135,Ward 1,2020-08-19
2020-08-18,38.911486,-77.034805,Ward 2,2020-08-18
2020-08-18,38.955253,-77.013359,Ward 4,2020-08-20
2020-08-18,38.927206,-76.995195,Ward 5,2020-08-19
2020-08-18,38.928208,-76.995175,Ward 5,2020-08-19
2020-08-18,38.899853,-76.977703,Ward 5,2020-08-19
2020-08-18,38.937550,-77.072640,Ward 3,2020-08-19
2020-08-18,38.901567,-76.987411,Null,2020-08-25
2020-08-18,38.908809,-76.984951,Ward 5,2020-08-31
2020-08-18,38.874306,-76.967091,Ward 7,2020-08-19
2020-08-18,38.951726,-77.025352,Ward 4,2020-08-24
2020-08-18,38.917284,-77.008416,Ward 5,2020-08-19
2020-08-18,38.920704,-77.028085,Ward 1,2020-08-25
2020-08-18,38.949003,-77.017237,Ward 4,2020-08-24
2020-08-18,38.949556,-77.017263,Ward 4,2020-08-25
2020-08-18,38.899203,-77.003212,Ward 6,2020-08-21
2020-08-18,38.928395,-77.029109,Ward 1,2020-08-19
2020-08-18,38.910755,-77.038488,Ward 2,2020-08-25
2020-08-18,38.897324,-76.915473,Ward 7,2020-09-14
2020-08-18,38.958251,-77.024448,Ward 4,2020-08-19
2020-08-18,38.903590,-76.986257,Ward 5,2020-08-24
2020-08-18,38.882609,-76.962487,Ward 7,2020-09-04
2020-08-18,38.882593,-76.933427,Ward 7,2020-09-02
2020-08-18,38.886615,-76.922294,Ward 7,2020-09-02
2020-08-18,38.907435,-77.083290,Ward 3,2020-08-19
2020-08-18,38.887240,-76.939935,Ward 7,2020-09-02
2020-08-18,38.918721,-77.012405,Ward 5,2020-09-10
2020-08-18,38.930937,-77.021658,Ward 1,2020-08-25
2020-08-18,38.910948,-77.021035,Ward 6,2020-08-21
2020-08-18,38.886344,-76.925567,Ward 7,2020-09-04
2020-08-18,38.906085,-76.986055,Ward 5,2020-08-20
2020-08-18,38.961816,-77.013907,Ward 4,2020-08-24
2020-08-18,38.913182,-76.986519,Ward 5,2020-08-24
2020-08-18,38.911646,-76.985954,Ward 5,2020-08-20
2020-08-18,38.923611,-77.034310,Ward 1,2020-08-25
2020-08-18,38.900665,-76.933758,Ward 7,2020-08-20
2020-08-18,38.969027,-77.013887,Ward 4,2020-08-24
2020-08-18,38.901380,-76.925445,Ward 7,2020-09-04
2020-08-18,38.936600,-77.033381,Ward 1,2020-08-19
2020-08-18,38.933679,-77.032140,Ward 1,2020-08-19
2020-08-18,38.929870,-77.021295,Ward 1,2020-08-19
2020-08-18,38.929778,-77.019948,Ward 1,2020-08-19
2020-08-18,38.902514,-76.999509,Ward 6,2020-09-08
2020-08-18,38.915857,-77.020207,Ward 1,2020-08-19
2020-08-18,38.898657,-76.988107,Ward 6,2020-08-19
2020-08-18,38.910073,-77.068011,Ward 2,2020-08-19
2020-08-18,38.889172,-76.981991,Ward 6,2020-09-14
2020-08-18,38.834589,-76.987734,Ward 8,2020-08-24
2020-08-18,38.911469,-77.082342,Ward 3,2020-08-19
2020-08-18,38.890606,-76.985779,Ward 6,2020-09-14
2020-08-18,38.889762,-76.934364,Ward 7,2020-08-24
2020-08-18,38.934737,-77.030350,Ward 1,2020-08-25
2020-08-18,38.868966,-76.982010,Ward 8,2020-09-10
2020-08-18,38.874182,-76.934666,Ward 7,2020-09-04
2020-08-18,38.870478,-76.979254,Ward 8,2020-09-02
2020-08-18,38.927178,-77.034524,Ward 1,2020-08-19
2020-08-19,38.915723,-77.019276,Ward 1,2020-08-20
2020-08-19,38.906433,-76.976955,Ward 5,2020-08-24
2020-08-19,38.910948,-77.021035,Ward 6,2020-08-21
2020-08-19,38.891698,-76.927346,Ward 7,2020-09-04
2020-08-19,38.886798,-76.955232,Ward 7,2020-08-20
2020-08-19,38.859775,-76.998352,Ward 8,2020-09-10
2020-08-19,38.855700,-76.969709,Ward 8,2020-09-10
2020-08-19,38.867925,-76.970796,Ward 8,2020-09-10
2020-08-19,38.872648,-76.971168,Ward 8,2020-09-10
2020-08-19,38.951726,-77.025352,Ward 4,2020-08-24
2020-08-19,38.919452,-76.982307,Ward 5,2020-08-24
2020-08-19,38.883030,-76.947597,Ward 7,2020-09-02
2020-08-19,38.895087,-76.918915,Ward 7,2020-09-04
2020-08-19,38.893423,-76.918662,Ward 7,2020-09-14
2020-08-19,38.883462,-76.946669,Ward 7,2020-09-02
2020-08-19,38.920939,-76.982167,Ward 5,2020-08-20
2020-08-19,38.928387,-77.030945,Ward 1,2020-08-25
2020-08-19,38.888988,-76.956920,Ward 7,2020-09-04
2020-08-19,38.892440,-76.953664,Ward 7,2020-09-04
2020-08-19,38.941140,-77.024730,Ward 4,2020-08-20
2020-08-19,38.941612,-77.024797,Ward 4,2020-08-25
2020-08-19,38.875340,-76.967465,Ward 7,2020-08-20
2020-08-19,38.923729,-77.040588,Ward 1,2020-08-20
2020-08-19,38.911646,-76.985954,Ward 5,2020-08-20
2020-08-19,38.952544,-77.009356,Ward 4,2020-08-24
2020-08-19,38.912330,-76.986888,Ward 5,2020-08-24
2020-08-19,38.932939,-76.972957,Ward 5,2020-08-20
2020-08-19,38.955350,-77.028477,Ward 4,2020-08-24
2020-08-19,38.922175,-76.963059,Ward 5,2020-09-02
2020-08-19,38.973261,-77.015759,Ward 4,2020-08-20
2020-08-19,38.930937,-77.021658,Ward 1,2020-08-25
2020-08-19,38.922175,-76.963059,Ward 5,2020-09-02
2020-08-19,38.969027,-77.013887,Ward 4,2020-08-24
2020-08-19,38.914375,-77.036040,Ward 2,2020-08-21
2020-08-19,38.892467,-76.953619,Ward 7,2020-09-04
2020-08-19,38.964060,-77.035965,Ward 4,2020-08-20
2020-08-19,38.895775,-76.931826,Ward 7,2020-09-04
2020-08-19,38.893749,-76.951955,Ward 7,2020-09-14
2020-08-19,38.959957,-77.040054,Ward 4,2020-08-20
2020-08-19,38.892849,-76.952168,Ward 7,2020-09-04
2020-08-19,38.903023,-76.934944,Ward 7,2020-09-04
2020-08-19,38.955682,-77.010746,Ward 4,2020-08-24
2020-08-19,38.912593,-76.990084,Ward 5,2020-08-24
2020-08-19,38.884698,-76.946247,Ward 7,2020-09-04
2020-08-19,38.917285,-77.000323,Ward 5,2020-08-24
2020-08-19,38.951656,-77.025777,Ward 4,2020-08-24
2020-08-19,38.933519,-77.043527,Ward 1,2020-08-26
2020-08-19,38.893614,-76.952545,Ward 7,2020-09-04
2020-08-19,38.957283,-76.998006,Ward 4,2020-08-21
2020-08-19,38.931060,-77.041036,Ward 1,2020-08-25
2020-08-19,38.866602,-76.943967,Ward 7,2020-09-04
2020-08-19,38.858608,-76.997907,Ward 8,2020-09-10
2020-08-19,38.859311,-76.998273,Ward 8,2020-09-10
2020-08-19,38.860005,-76.998366,Ward 8,2020-09-10
2020-08-19,38.860089,-76.996807,Ward 8,2020-09-10
2020-08-19,38.833163,-76.990247,Ward 8,2020-09-10
2020-08-19,38.834124,-76.987358,Ward 8,2020-09-10
2020-08-19,38.873030,-76.976935,Ward 8,2020-09-10
2020-08-19,38.948587,-77.022987,Ward 4,2020-08-21
2020-08-19,38.931822,-77.045724,Ward 1,2020-08-25
2020-08-19,38.895927,-76.981349,Ward 6,2020-09-21
2020-08-19,38.943378,-77.033008,Ward 4,2020-08-24
2020-08-19,38.822848,-77.005839,Ward 8,2020-09-10
2020-08-19,38.958142,-77.031270,Ward 4,2020-08-26
2020-08-20,38.942196,-77.022115,Ward 4,2020-08-24
2020-08-20,38.951726,-77.025352,Ward 4,2020-08-24
2020-08-20,38.917657,-77.018291,Ward 1,2020-08-31
2020-08-20,38.870937,-76.971364,Ward 8,2020-09-10
2020-08-20,38.957122,-77.020151,Ward 4,2020-08-21
2020-08-20,38.910534,-77.009902,Ward 5,2020-09-14
2020-08-20,38.842091,-77.001773,Ward 8,2020-09-10
2020-08-20,38.957521,-77.019937,Ward 4,2020-09-08
2020-08-20,38.905812,-77.014542,Ward 6,2020-09-11
2020-08-20,38.822848,-77.005839,Ward 8,2020-09-10
2020-08-20,38.908386,-77.046085,Ward 2,2020-08-25
2020-08-20,38.961572,-77.009387,Ward 4,2020-08-21
2020-08-20,38.904686,-77.019149,Ward 6,2020-09-11
2020-08-20,38.953822,-77.016203,Ward 4,2020-08-24
2020-08-20,38.920887,-76.987165,Ward 5,2020-08-24
2020-08-20,38.904219,-76.977754,Ward 5,2020-08-30
2020-08-20,38.929863,-77.021223,Ward 1,2020-08-31
2020-08-20,38.956589,-77.021784,Ward 4,2020-08-24
2020-08-20,38.877284,-76.930225,Ward 7,2020-09-04
2020-08-20,38.870056,-76.978765,Ward 8,2020-09-10
2020-08-20,38.899226,-76.979929,Ward 6,2020-09-11
2020-08-20,38.848209,-77.000349,Ward 8,2020-09-10
2020-08-20,38.880156,-76.943574,Ward 7,2020-09-04
2020-08-20,38.872259,-76.972645,Ward 8,2020-09-14
2020-08-20,38.872189,-76.972101,Ward 8,2020-09-10
2020-08-20,38.894554,-77.002596,Ward 6,2020-08-28
2020-08-20,38.866699,-76.979310,Ward 8,2020-09-18
2020-08-20,38.892849,-76.952168,Ward 7,2020-09-04
2020-08-20,38.903035,-76.994272,Ward 6,2020-09-11
2020-08-20,38.942074,-77.024604,Ward 4,2020-08-24
2020-08-20,38.915724,-77.021299,Ward 1,2020-08-24
2020-08-20,38.928789,-77.024705,Ward 1,2020-08-24
2020-08-20,38.934357,-77.042014,Ward 1,2020-08-31
2020-08-20,38.927651,-77.024299,Ward 1,2020-08-31
2020-08-20,38.897389,-76.916178,Ward 7,2020-09-14
2020-08-20,38.905904,-76.987205,Ward 5,2020-08-30
2020-08-20,38.939974,-77.031688,Ward 4,2020-08-24
2020-08-20,38.874641,-77.009088,Ward 6,2020-09-08
2020-08-20,38.911697,-77.039307,Ward 2,2020-08-31
2020-08-20,38.939012,-77.021162,Ward 4,2020-08-24
2020-08-20,38.939488,-77.021249,Ward 4,2020-09-11
2020-08-20,38.932306,-77.032075,Ward 1,2020-08-31
2020-08-20,38.979738,-77.023231,Ward 4,2020-08-26
2020-08-20,38.845298,-77.001869,Ward 8,2020-08-24
2020-08-21,38.910990,-77.020118,Ward 6,2020-08-24
2020-08-21,38.870478,-76.979254,Ward 8,2020-09-02
2020-08-21,38.871242,-76.980192,Ward 8,2020-09-10
2020-08-21,38.951726,-77.025352,Ward 4,2020-08-24
2020-08-21,38.859644,-76.996103,Ward 8,2020-09-10
2020-08-21,38.930712,-77.041573,Ward 1,2020-08-24
2020-08-21,38.912330,-76.986888,Ward 5,2020-08-24
2020-08-21,38.898854,-76.977494,Ward 6,2020-08-26
2020-08-21,38.898854,-76.977494,Ward 6,2020-08-26
2020-08-21,38.897336,-76.916543,Ward 7,2020-09-14
2020-08-21,38.860705,-76.972704,Ward 8,2020-09-25
2020-08-21,38.924710,-77.024504,Ward 1,2020-08-31
2020-08-21,38.923764,-77.045115,Ward 1,2020-08-31
2020-08-21,38.902117,-76.991305,Ward 6,2020-09-11
2020-08-21,38.873599,-76.975282,Ward 8,2020-09-10
2020-08-21,38.913489,-77.038800,Ward 2,2020-08-31
2020-08-21,38.953945,-77.013887,Ward 4,2020-09-11
2020-08-21,38.896947,-76.940136,Ward 7,2020-09-04
2020-08-21,38.904837,-76.938094,Ward 7,2020-09-04
2020-08-21,38.883024,-76.991148,Ward 6,2020-08-24
2020-08-21,38.966586,-77.007916,Ward 4,2020-08-25
2020-08-21,38.874778,-77.010437,Ward 6,2020-08-24
2020-08-21,38.965844,-77.008637,Ward 4,2020-08-25
2020-08-21,38.913986,-77.007868,Ward 5,2020-08-26
2020-08-21,38.938184,-77.024267,Ward 4,2020-08-25
2020-08-21,38.898564,-76.945035,Ward 7,2020-09-04
2020-08-21,38.895878,-76.931872,Ward 7,2020-09-04
2020-08-21,38.873599,-76.975282,Ward 8,2020-09-10
2020-08-21,38.930382,-76.967020,Ward 5,2020-08-24
2020-08-21,38.935035,-77.027435,Ward 1,2020-08-24
2020-08-21,38.875717,-76.937128,Ward 7,2020-09-02
2020-08-21,38.922165,-77.054903,Ward 3,2020-09-30
2020-08-21,38.926430,-77.077806,Ward 3,2020-08-25
2020-08-22,38.942444,-76.999259,Ward 5,2020-09-04
2020-08-22,38.940862,-76.995172,Ward 5,2020-09-02
2020-08-22,38.891928,-76.954193,Ward 7,2020-09-04
2020-08-22,38.896939,-76.915935,Ward 7,2020-09-04
2020-08-22,38.915269,-77.012389,Ward 5,2020-08-26
2020-08-22,38.909818,-77.007908,Ward 5,2020-08-26
2020-08-22,38.940633,-77.025557,Ward 4,2020-08-25
2020-08-22,38.939568,-77.027279,Ward 4,2020-09-11
2020-08-22,38.905214,-76.975986,Ward 5,2020-08-25
2020-08-22,38.930075,-77.041039,Ward 1,2020-08-31
2020-08-22,38.930712,-77.041573,Ward 1,2020-08-24
2020-08-22,38.924046,-77.030484,Ward 1,2020-08-24
2020-08-22,38.917323,-77.031187,Ward 1,2020-10-05
2020-08-22,38.935035,-77.027435,Ward 1,2020-08-24
2020-08-22,38.905117,-76.997616,Ward 6,2020-09-21
2020-08-22,38.973306,-77.015708,Ward 4,2020-08-26
2020-08-22,38.919177,-76.981423,Ward 5,2020-08-24
2020-08-22,38.915107,-77.000114,Ward 5,2020-08-24
2020-08-22,38.914480,-77.000990,Ward 5,2020-09-10
2020-08-22,38.835001,-76.988173,Ward 8,2020-08-27
2020-08-22,38.895526,-76.976017,Ward 7,2020-08-25
2020-08-22,38.834397,-76.988225,Ward 8,2020-09-10
2020-08-22,38.924204,-77.043946,Ward 1,2020-08-24
2020-08-22,38.926000,-77.025543,Ward 1,2020-08-31
2020-08-22,38.899614,-76.996414,Ward 6,2020-09-11
2020-08-22,38.913030,-76.984621,Ward 5,2020-09-02
2020-08-22,38.913297,-76.985172,Ward 5,2020-08-25
2020-08-22,38.913904,-77.001771,Ward 5,2020-08-24
2020-08-22,38.891602,-76.954491,Ward 7,2020-09-04
2020-08-22,38.892012,-76.990246,Ward 6,2020-09-08
2020-08-22,38.856002,-76.961258,Ward 7,2020-09-04
2020-08-23,38.875007,-76.968122,Ward 7,2020-09-02
2020-08-23,38.883160,-76.923445,Ward 7,2020-09-04
2020-08-23,38.926307,-76.991068,Ward 5,2020-08-24
2020-08-23,38.924521,-77.031191,Ward 1,2020-08-24
2020-08-23,38.912918,-77.001410,Ward 5,2020-08-26
2020-08-23,38.885702,-76.993995,Ward 6,2020-08-28
2020-08-23,38.836676,-77.004750,Ward 8,2020-09-01
2020-08-23,38.932663,-77.031364,Ward 1,2020-08-24
2020-08-23,38.939250,-77.025110,Ward 4,2020-09-01
2020-08-23,38.907069,-77.017790,Ward 6,2020-08-24
2020-08-23,38.940541,-76.995479,Ward 5,2020-08-24
2020-08-23,38.895968,-76.975337,Ward 7,2020-09-04
2020-08-23,38.913017,-76.986458,Ward 5,2020-08-28
2020-08-23,38.842543,-76.998165,Ward 8,2020-09-01
2020-08-23,38.871538,-76.981358,Ward 8,2020-08-24
2020-08-23,38.965814,-77.066382,Ward 4,2020-08-31
2020-08-23,38.936478,-77.071480,Ward 3,2020-08-25
2020-08-24,38.924376,-77.023288,Ward 1,2020-08-31
2020-08-24,38.907105,-77.018682,Ward 6,2020-08-28
2020-08-24,38.913121,-77.016369,Ward 5,2020-08-27
2020-08-24,38.907016,-77.018703,Ward 6,2020-09-01
2020-08-24,38.949113,-77.016377,Ward 4,2020-09-01
2020-08-24,38.887102,-77.000766,Ward 6,2020-08-28
2020-08-24,38.896498,-76.980918,Ward 6,2020-09-01
2020-08-24,38.845799,-76.970443,Ward 8,2020-08-25
2020-08-24,38.932121,-77.020521,Ward 1,2020-09-08
2020-08-24,38.933344,-77.019203,Ward 1,2020-08-31
2020-08-24,38.908978,-76.931816,Ward 7,2020-08-26
2020-08-24,38.980178,-77.056868,Ward 4,2020-08-26
2020-08-24,38.884623,-76.958199,Ward 7,2020-09-04
2020-08-24,38.871130,-76.963813,Ward 7,2020-08-25
2020-08-24,38.850188,-76.965553,Ward 8,2020-08-25
2020-08-24,38.916584,-77.020832,Ward 1,2020-08-26
2020-08-24,38.850045,-76.966477,Ward 8,2020-09-08
2020-08-24,38.904825,-76.977176,Ward 5,2020-08-28
2020-08-24,38.897193,-76.970268,Ward 7,2020-09-04
2020-08-24,38.885269,-76.945746,Ward 7,2020-09-02
2020-08-24,38.852054,-76.965953,Ward 8,2020-09-01
2020-08-24,38.883935,-76.947020,Ward 7,2020-09-02
2020-08-24,38.924032,-77.025268,Ward 1,2020-08-31
2020-08-24,38.877162,-77.000790,Ward 6,2020-08-25
2020-08-24,38.965289,-77.040017,Ward 4,2020-08-25
2020-08-24,38.902728,-76.989622,Ward 5,2020-08-28
2020-08-24,38.903098,-76.938014,Ward 7,2020-09-04
2020-08-24,38.841550,-76.994330,Ward 8,2020-09-01
2020-08-24,38.924032,-77.025268,Ward 1,2020-08-31
2020-08-24,38.936778,-77.033094,Ward 1,2020-08-31
2020-08-24,38.914264,-77.031293,Ward 1,2020-09-08
2020-08-24,38.903642,-76.930380,Ward 7,2020-09-04
2020-08-24,38.876028,-76.931000,Ward 7,2020-09-08
2020-08-24,38.903810,-76.982767,Ward 5,2020-08-28
2020-08-24,38.824683,-77.012084,Ward 8,2020-08-25
2020-08-24,38.903793,-76.935009,Ward 7,2020-09-04
2020-08-24,38.915841,-77.021535,Ward 1,2020-08-31
2020-08-24,38.830299,-76.994571,Ward 8,2020-09-01
2020-08-24,38.832412,-77.008762,Ward 8,2020-08-25
2020-08-24,38.939824,-76.977878,Ward 5,2020-08-28
2020-08-24,38.923181,-77.075389,Ward 3,2020-08-25
2020-08-24,38.887882,-76.932177,Ward 7,2020-09-01
2020-08-24,38.834734,-76.988289,Ward 8,2020-09-08
2020-08-24,38.919539,-76.982305,Ward 5,2020-08-28
2020-08-24,38.963839,-77.032000,Ward 4,2020-08-25
2020-08-24,38.916156,-77.031051,Ward 1,2020-09-28
2020-08-24,38.877635,-76.962853,Ward 7,2020-09-01
2020-08-24,38.936248,-77.036090,Ward 1,2020-08-31
2020-08-24,38.906797,-76.979891,Ward 5,2020-08-25
2020-08-25,38.912042,-77.008497,Ward 5,2020-08-28
2020-08-25,38.912042,-77.008384,Ward 5,2020-08-28
2020-08-25,38.933992,-77.019591,Ward 1,2020-08-31
2020-08-25,38.865294,-76.980943,Ward 8,2020-09-08
2020-08-25,38.937550,-77.072640,Ward 3,2020-08-25
2020-08-25,38.860669,-76.972964,Ward 8,2020-09-08
2020-08-25,38.907406,-77.009719,Ward 5,2020-08-28
2020-08-25,38.850077,-76.967427,Ward 8,2020-09-08
2020-08-25,38.888061,-76.923764,Ward 7,2020-09-04
2020-08-25,38.939205,-77.019286,Ward 4,2020-09-01
2020-08-25,38.880058,-76.990538,Ward 6,2020-09-01
2020-08-25,38.942888,-77.015162,Ward 4,2020-09-01
2020-08-25,38.872044,-76.972114,Ward 8,2020-09-08
2020-08-25,38.940022,-77.025593,Ward 4,2020-09-01
2020-08-25,38.979567,-77.025611,Ward 4,2020-08-26
2020-08-25,38.910359,-77.019634,Ward 6,2020-08-27
2020-08-25,38.924990,-77.027643,Ward 1,2020-08-31
2020-08-25,38.918782,-77.009342,Ward 5,2020-08-28
2020-08-25,38.895968,-76.975337,Ward 7,2020-09-04
2020-08-25,38.918827,-77.012407,Ward 5,2020-09-10
2020-08-25,38.917984,-77.034823,Ward 1,2020-08-31
2020-08-25,38.872762,-76.976254,Ward 8,2020-09-08
2020-08-25,38.900195,-76.975704,Ward 5,2020-09-01
2020-08-25,38.873404,-76.977182,Ward 8,2020-09-08
2020-08-25,38.873751,-76.976519,Ward 8,2020-09-08
2020-08-25,38.905104,-76.977305,Ward 5,2020-08-30
2020-08-25,38.904081,-76.989919,Ward 5,2020-08-31
2020-08-25,38.830314,-77.003364,Ward 8,2020-09-08
2020-08-25,38.905876,-76.986517,Ward 5,2020-08-31
2020-08-25,38.911480,-77.084132,Ward 3,2020-09-08
2020-08-25,38.905833,-76.975410,Ward 5,2020-09-10
2020-08-25,38.943810,-77.003496,Ward 5,2020-09-02
2020-08-25,38.919574,-77.077722,Ward 3,2020-09-08
2020-08-25,38.929419,-77.020397,Ward 1,2020-08-26
2020-08-25,38.854525,-76.982559,Ward 8,2020-09-08
2020-08-25,38.854525,-76.982559,Ward 8,2020-09-08
2020-08-25,38.893953,-76.977022,Ward 7,2020-08-26
2020-08-25,38.901253,-76.924847,Ward 7,2020-09-04
2020-08-25,38.951780,-77.024357,Ward 4,2020-09-01
2020-08-25,38.918996,-77.030866,Ward 1,2020-08-26
2020-08-25,38.935811,-77.039015,Ward 1,2020-08-31
2020-08-25,38.910214,-77.010640,Ward 5,2020-09-21
2020-08-25,38.912135,-76.987112,Ward 5,2020-08-26
2020-08-25,38.914257,-77.030167,Ward 1,2020-08-31
2020-08-25,38.949003,-77.088107,Ward 3,2020-09-08
2020-08-25,38.915117,-77.020145,Ward 6,2020-09-01
2020-08-25,38.886616,-76.921804,Ward 7,2020-09-02
2020-08-25,38.919370,-77.032706,Ward 1,2020-08-26
2020-08-25,38.928704,-77.025252,Ward 1,2020-08-27
2020-08-25,38.909463,-77.011461,Ward 5,2020-09-10
2020-08-25,38.842151,-77.002574,Ward 8,2020-08-27
2020-08-25,38.845882,-76.970960,Ward 8,2020-08-27
2020-08-25,38.840862,-77.006152,Ward 8,2020-08-31
2020-08-25,38.882528,-76.998888,Ward 6,2020-09-01
2020-08-25,38.895148,-76.978835,Ward 6,2020-08-27
2020-08-25,38.963312,-77.031300,Ward 4,2020-08-27
2020-08-25,38.911645,-77.027319,Ward 2,2020-08-28
2020-08-25,38.917859,-77.031680,Ward 1,2020-10-05
2020-08-25,38.965289,-77.040017,Ward 4,2020-08-27
2020-08-26,38.899117,-76.981496,Ward 6,2020-09-08
2020-08-26,38.833224,-76.999820,Ward 8,2020-09-01
2020-08-26,38.820800,-77.009392,Ward 8,2020-08-27
2020-08-26,38.820192,-77.009945,Ward 8,2020-08-27
2020-08-26,38.928704,-77.025694,Ward 1,2020-08-31
2020-08-26,38.888244,-76.927857,Ward 7,2020-08-26
2020-08-26,38.878735,-76.981618,Ward 6,2020-08-26
2020-08-26,38.911645,-77.027319,Ward 2,2020-08-28
2020-08-26,38.910511,-77.019674,Ward 6,2020-09-01
2020-08-26,38.906129,-77.013277,Ward 5,2020-09-04
2020-08-26,38.939933,-77.025865,Ward 4,2020-09-01
2020-08-26,38.907759,-77.009702,Ward 5,2020-09-04
2020-08-26,38.919671,-77.032850,Ward 1,2020-08-27
2020-08-26,38.919642,-77.034294,Ward 1,2020-08-31
2020-08-26,38.891530,-76.952687,Ward 7,2020-09-04
2020-08-26,38.947262,-77.078952,Ward 3,2020-09-08
2020-08-26,38.918991,-77.013100,Ward 5,2020-09-10
2020-08-26,38.945255,-77.033710,Ward 4,2020-09-01
2020-08-26,38.933088,-77.043935,Ward 1,2020-08-27
2020-08-26,38.894945,-76.955827,Ward 7,2020-08-27
2020-08-26,38.901903,-76.995904,Ward 6,2020-09-21
2020-08-26,38.957832,-77.019215,Ward 4,2020-09-01
2020-08-26,38.912040,-77.034261,Ward 2,2020-08-27
2020-08-26,38.912040,-77.034261,Ward 2,2020-08-27
2020-08-26,38.912040,-77.034261,Ward 2,2020-08-27
2020-08-26,38.912040,-77.034261,Ward 2,2020-08-27
2020-08-26,38.912040,-77.034261,Ward 2,2020-08-27
2020-08-26,38.914300,-77.038157,Ward 2,2020-08-27
2020-08-26,38.886561,-76.928354,Ward 7,2020-09-01
2020-08-26,38.959418,-76.995782,Ward 4,2020-09-01
2020-08-26,38.887792,-76.992129,Ward 6,2020-09-01
2020-08-26,38.921323,-77.030116,Ward 1,2020-08-31
2020-08-26,38.967050,-77.029934,Ward 4,2020-08-27
2020-08-26,38.881428,-76.929021,Ward 7,2020-08-28
2020-08-26,38.911673,-77.007999,Ward 5,2020-08-28
2020-08-26,38.873860,-76.974008,Ward 7,2020-09-01
2020-08-26,38.883277,-76.929657,Ward 7,2020-09-01
2020-08-26,38.871538,-76.981358,Ward 8,2020-09-01
2020-08-26,38.829930,-77.002923,Ward 8,2020-09-10
2020-08-26,38.911673,-77.007999,Ward 5,2020-09-02
2020-08-26,38.839313,-76.996793,Ward 8,2020-08-27
2020-08-26,38.873743,-76.976746,Ward 8,2020-09-08
2020-08-26,38.915768,-77.031302,Ward 1,2020-08-31
2020-08-26,38.950035,-77.007191,Ward 5,2020-09-02
2020-08-26,38.957521,-77.026114,Ward 4,2020-08-27
2020-08-26,38.856822,-76.957859,Ward 7,2020-09-02
2020-08-26,38.845647,-76.970851,Ward 8,2020-08-31
2020-08-26,38.907105,-77.018682,Ward 6,2020-08-28
2020-08-26,38.907105,-77.018682,Ward 6,2020-08-28
2020-08-26,38.918994,-77.011496,Ward 5,2020-08-28
2020-08-26,38.896932,-76.976778,Ward 7,2020-08-27
2020-08-26,38.896951,-76.976890,Ward 7,2020-08-27
2020-08-26,38.825864,-77.010438,Ward 8,2020-09-01
2020-08-26,38.948404,-77.017168,Ward 4,2020-09-03
2020-08-26,38.942198,-77.022057,Ward 4,2020-09-11
2020-08-26,38.955045,-77.018007,Ward 4,2020-09-03
2020-08-26,38.895647,-76.980986,Ward 6,2020-09-14
2020-08-26,38.919339,-76.981553,Ward 5,2020-09-10
2020-08-26,38.905396,-76.971953,Ward 5,2020-09-10
2020-08-26,38.963576,-77.000817,Ward 4,2020-09-11
2020-08-26,38.917769,-77.034787,Ward 1,2020-08-31
2020-08-26,38.935012,-77.029463,Ward 1,2020-10-09
2020-08-26,38.934732,-77.029036,Ward 1,2020-09-28
2020-08-27,38.918534,-76.971477,Ward 5,2020-09-01
2020-08-27,38.926378,-77.078342,Ward 3,2020-08-27
2020-08-27,38.891743,-76.952500,Ward 7,2020-09-04
2020-08-27,38.896963,-76.941303,Ward 7,2020-09-04
2020-08-27,38.956891,-77.012267,Ward 4,2020-09-03
2020-08-27,38.950187,-77.018383,Ward 4,2020-09-11
2020-08-27,38.917580,-77.012756,Ward 5,2020-09-04
2020-08-27,38.920164,-76.983854,Ward 5,2020-09-02
2020-08-27,38.938134,-76.993802,Ward 5,2020-09-02
2020-08-27,38.852738,-76.976524,Ward 8,2020-09-08
2020-08-27,38.934677,-77.025852,Ward 1,2020-08-31
2020-08-27,38.872334,-76.972320,Ward 8,2020-09-10
2020-08-27,38.893962,-76.912579,Ward 7,2020-09-04
2020-08-27,38.906129,-77.013277,Ward 5,2020-09-04
2020-08-27,38.922843,-77.033413,Ward 1,2020-09-28
2020-08-27,38.960208,-77.029200,Ward 4,2020-09-11
2020-08-27,38.822885,-76.999584,Ward 8,2020-09-10
2020-08-27,38.870687,-76.950991,Ward 7,2020-09-02
2020-08-27,38.909664,-76.987614,Ward 5,2020-09-21
2020-08-27,38.906094,-77.065710,Ward 2,2020-09-08
2020-08-27,38.865318,-76.981035,Ward 8,2020-09-08
2020-08-27,38.919338,-76.981651,Ward 5,2020-09-21
2020-08-27,38.885353,-76.931918,Ward 7,2020-09-01
2020-08-27,38.898348,-76.925671,Ward 7,2020-08-28
2020-08-27,38.856988,-76.961258,Ward 7,2020-09-01
2020-08-27,38.856447,-76.981111,Ward 8,2020-09-10
2020-08-27,38.891758,-76.953707,Ward 7,2020-08-28
2020-08-27,38.824345,-77.008046,Ward 8,2020-09-01
2020-08-27,38.824689,-77.008257,Ward 8,2020-08-31
2020-08-27,38.928885,-77.030961,Ward 1,2020-09-28
2020-08-27,38.824449,-77.007873,Ward 8,2020-09-01
2020-08-27,38.888292,-76.928115,Ward 7,2020-08-28
2020-08-27,38.866404,-76.953308,Ward 7,2020-09-01
2020-08-27,38.904433,-76.942188,Ward 7,2020-09-04
2020-08-27,38.916575,-77.026740,Ward 1,2020-09-28
2020-08-27,38.934875,-77.057674,Ward 3,2020-08-28
2020-08-27,38.874111,-76.973312,Ward 7,2020-09-01
2020-08-27,38.902172,-76.991308,Ward 6,2020-09-11
2020-08-27,38.920098,-77.032576,Ward 1,2020-09-28
2020-08-27,38.904668,-76.931665,Ward 7,2020-09-08
2020-08-27,38.895647,-76.980986,Ward 6,2020-09-14
2020-08-27,38.935619,-77.019453,Ward 1,2020-08-31
2020-08-27,38.932850,-77.020804,Ward 1,2020-09-28
2020-08-27,38.934007,-77.019522,Ward 1,2020-09-28
2020-08-27,38.933952,-77.024197,Ward 1,2020-09-28
2020-08-28,38.830002,-76.993525,Ward 8,2020-09-01
2020-08-28,38.895647,-76.980986,Ward 6,2020-09-14
2020-08-28,38.903904,-76.994755,Ward 6,2020-09-08
2020-08-28,38.898586,-76.983097,Ward 6,2020-09-01
2020-08-28,38.833093,-76.988139,Ward 8,2020-09-10
2020-08-28,38.927180,-77.033470,Ward 1,2020-08-31
2020-08-28,38.938497,-76.987193,Ward 5,2020-09-02
2020-08-28,38.885519,-76.983872,Ward 6,2020-09-11
2020-08-28,38.885171,-76.984984,Ward 6,2020-09-11
2020-08-28,38.910058,-77.014856,Ward 5,2020-09-10
2020-08-28,38.911864,-77.027037,Null,2020-08-31
2020-08-28,38.966566,-77.025170,Ward 4,2020-09-11
2020-08-28,38.949734,-77.027135,Ward 4,2020-09-30
2020-08-28,38.872020,-76.977768,Ward 8,2020-09-25
2020-08-28,38.914958,-77.032672,Ward 2,2020-09-30
2020-08-28,38.933773,-77.034322,Ward 1,2020-09-25
2020-08-28,38.933688,-77.033478,Ward 1,2020-09-25
2020-08-28,38.892080,-76.946730,Ward 7,2020-09-09
2020-08-28,38.915720,-77.036877,Ward 2,2020-09-11
2020-08-28,38.878471,-76.936008,Ward 7,2020-09-01
2020-08-28,38.917185,-77.042722,Ward 1,2020-09-01
2020-08-28,38.925651,-77.039349,Ward 1,2020-09-02
2020-08-28,38.893187,-77.013462,Ward 6,2020-09-11
2020-08-28,38.830299,-76.994571,Ward 8,2020-09-01
2020-08-28,38.913261,-77.043743,Ward 2,2020-09-24
2020-08-28,38.908272,-77.046917,Ward 2,2020-09-11
2020-08-28,38.891743,-76.952500,Ward 7,2020-09-04
2020-08-28,38.943211,-77.007193,Ward 5,2020-09-01
2020-08-28,38.894935,-76.989782,Ward 6,2020-09-21
2020-08-28,38.941802,-77.021113,Ward 4,2020-09-24
2020-08-28,38.934875,-77.057674,Ward 3,2020-08-31
2020-08-28,38.890092,-76.934042,Ward 7,2020-09-01
2020-08-28,38.902241,-76.988995,Null,2020-09-08
2020-08-28,38.903190,-76.989873,Ward 5,2020-09-28
2020-08-28,38.913715,-77.024175,Ward 6,2020-09-02
2020-08-29,38.936560,-77.033004,Ward 1,2020-08-31
2020-08-29,38.933667,-77.032471,Ward 1,2020-08-31
2020-08-29,38.933358,-77.032968,Ward 1,2020-08-31
2020-08-29,38.933404,-77.034091,Ward 1,2020-09-25
2020-08-29,38.910525,-77.043688,Ward 2,2020-09-11
2020-08-29,38.909468,-76.985740,Ward 5,2020-09-21
2020-08-29,38.900388,-76.991214,Ward 6,2020-09-01
2020-08-29,38.955686,-77.010928,Ward 4,2020-09-11
2020-08-29,38.835001,-76.988173,Ward 8,2020-09-10
2020-08-29,38.906301,-76.980216,Ward 5,2020-09-28
2020-08-29,38.826816,-77.009536,Ward 8,2020-09-01
2020-08-29,38.884623,-76.958199,Ward 7,2020-09-04
2020-08-29,38.898238,-76.981790,Ward 6,2020-09-21
2020-08-29,38.930797,-77.040363,Ward 1,2020-09-01
2020-08-29,38.898318,-76.936294,Ward 7,2020-09-25
2020-08-29,38.920086,-77.032755,Ward 1,2020-09-25
2020-08-29,38.903899,-76.981217,Ward 5,2020-09-21
2020-08-29,38.930859,-77.035093,Ward 1,2020-09-25
2020-08-29,38.902728,-76.989622,Ward 5,2020-09-21
2020-08-29,38.902999,-76.989774,Ward 5,2020-09-21
2020-08-29,38.892186,-76.982643,Ward 6,2020-09-08
2020-08-29,38.966361,-77.034820,Ward 4,2020-09-02
2020-08-29,38.909448,-77.011766,Ward 5,2020-09-01
2020-08-29,38.908887,-77.011417,Ward 5,2020-09-21
2020-08-29,38.925234,-77.024527,Ward 1,2020-08-31
2020-08-30,38.909211,-76.987560,Ward 5,2020-09-21
2020-08-30,38.908835,-77.010952,Ward 5,2020-09-21
2020-08-30,38.926327,-76.997720,Ward 5,2020-09-09
2020-08-30,38.908374,-76.985978,Ward 5,2020-09-09
2020-08-30,38.908156,-77.048555,Ward 2,2020-09-11
2020-08-30,38.886654,-76.930361,Ward 7,2020-09-09
2020-08-30,38.937670,-77.034647,Ward 4,2020-09-01
2020-08-30,38.895324,-76.998187,Ward 6,2020-09-11
2020-08-30,38.895948,-76.998214,Ward 6,2020-09-08
2020-08-30,38.820780,-77.010722,Ward 8,2020-09-10
2020-08-30,38.909476,-77.015478,Ward 5,2020-09-01
2020-08-30,38.893588,-76.979172,Ward 6,2020-09-11
2020-08-30,38.977069,-77.026239,Ward 4,2020-09-08
2020-08-30,38.953670,-77.011078,Ward 4,2020-09-03
2020-08-30,38.849820,-76.979936,Ward 8,2020-09-10
2020-08-30,38.894956,-76.983211,Ward 6,2020-09-08
2020-08-30,38.906833,-76.977850,Ward 5,2020-09-21
2020-08-30,38.909024,-77.018704,Ward 6,2020-09-02
2020-08-30,38.932982,-77.026011,Ward 1,2020-08-31
2020-08-30,38.870389,-76.979658,Ward 8,2020-09-10
2020-08-30,38.870132,-76.979629,Ward 8,2020-09-10
2020-08-31,38.909805,-76.941431,Ward 7,2020-09-17
2020-08-31,38.882623,-76.982674,Ward 6,2020-09-21
2020-08-31,38.934099,-77.026987,Ward 1,2020-09-25
2020-08-31,38.935715,-77.032467,Ward 1,2020-09-25
2020-08-31,38.820384,-77.006710,Ward 8,2020-08-31
2020-08-31,38.951727,-77.025278,Ward 4,2020-09-08
2020-08-31,38.971613,-77.031901,Ward 4,2020-09-02
2020-08-31,38.826255,-77.005798,Ward 8,2020-09-10
2020-08-31,38.879092,-76.992422,Ward 6,2020-09-08
2020-08-31,38.917202,-77.039890,Ward 1,2020-09-25
2020-08-31,38.917202,-77.039890,Ward 1,2020-09-25
2020-08-31,38.934866,-77.025707,Ward 1,2020-09-01
2020-08-31,38.941237,-77.015613,Ward 4,2020-09-01
2020-08-31,38.937880,-77.022083,Ward 4,2020-09-08
2020-08-31,38.944415,-77.017963,Ward 4,2020-09-08
2020-08-31,38.902243,-76.925696,Ward 7,2020-09-09
2020-08-31,38.925009,-77.030491,Ward 1,2020-09-25
2020-08-31,38.925013,-77.031260,Ward 1,2020-09-25
2020-08-31,38.905384,-77.016344,Ward 6,2020-09-11
2020-08-31,38.925651,-77.039349,Ward 1,2020-09-02
2020-08-31,38.845311,-77.003107,Ward 8,2020-09-01
2020-08-31,38.894079,-76.937599,Ward 7,2020-09-03
2020-08-31,38.903035,-76.982024,Ward 5,2020-09-14
2020-08-31,38.923430,-77.003556,Ward 5,2020-09-30
2020-08-31,38.919385,-77.015331,Ward 1,2020-09-28
2020-08-31,38.913223,-77.032935,Ward 2,2020-09-02
2020-08-31,38.906659,-77.062276,Ward 2,2020-09-02
2020-08-31,38.923430,-77.003556,Ward 5,2020-09-30
2020-08-31,38.871732,-76.981022,Ward 8,2020-09-01
2020-08-31,38.893465,-76.951201,Ward 7,2020-09-09
2020-08-31,38.845089,-77.001551,Ward 8,2020-09-01
2020-08-31,38.891743,-76.952500,Ward 7,2020-09-04
2020-08-31,38.892206,-76.952096,Ward 7,2020-09-17
2020-08-31,38.910548,-77.009719,Ward 5,2020-09-01
2020-08-31,38.848209,-77.000349,Ward 8,2020-09-10
2020-08-31,38.889526,-77.000762,Ward 6,2020-09-08
2020-08-31,38.925234,-77.024527,Ward 1,2020-09-25
2020-08-31,38.943128,-77.033623,Ward 4,2020-09-08
2020-08-31,38.917203,-77.038983,Ward 1,2020-09-28
2020-08-31,38.879248,-76.984847,Ward 6,2020-09-21
2020-08-31,38.845087,-77.005825,Ward 8,2020-09-01
2020-08-31,38.902515,-77.009064,Ward 6,2020-09-09
2020-08-31,38.910106,-77.008089,Ward 5,2020-09-01
2020-08-31,38.904815,-76.996402,Ward 6,2020-09-01
2020-08-31,38.909818,-77.007908,Ward 5,2020-09-01
2020-08-31,38.944700,-77.030541,Ward 4,2020-09-08
2020-09-01,38.893962,-76.912579,Ward 7,2020-09-09
2020-09-01,38.894349,-76.912264,Ward 7,2020-09-08
2020-09-01,38.909188,-76.983917,Ward 5,2020-09-14
2020-09-01,38.906249,-76.926764,Ward 7,2020-09-04
2020-09-01,38.879844,-76.992867,Ward 6,2020-09-11
2020-09-01,38.852369,-76.966003,Ward 8,2020-09-10
2020-09-01,38.858283,-76.993945,Ward 8,2020-09-21
2020-09-01,38.927763,-76.991531,Ward 5,2020-09-09
2020-09-01,38.896939,-76.915935,Ward 7,2020-09-17
2020-09-01,38.931478,-77.074056,Ward 3,2020-09-11
2020-09-01,38.918298,-77.013162,Ward 5,2020-09-09
2020-09-01,38.896957,-76.916167,Ward 7,2020-09-17
2020-09-01,38.948349,-77.023655,Ward 4,2020-09-02
2020-09-01,38.928884,-77.030844,Ward 1,2020-09-25
2020-09-01,38.911360,-77.016358,Ward 5,2020-09-09
2020-09-01,38.906327,-77.017580,Ward 6,2020-09-02
2020-09-01,38.903807,-76.986683,Ward 5,2020-09-09
2020-09-01,38.951409,-77.015182,Ward 4,2020-09-08
2020-09-01,38.905880,-76.984677,Ward 5,2020-09-09
2020-09-01,38.927508,-76.977823,Ward 5,2020-09-09
2020-09-01,38.878429,-76.940899,Ward 7,2020-09-08
2020-09-01,38.906833,-76.977850,Ward 5,2020-09-21
2020-09-01,38.885578,-76.983383,Ward 6,2020-09-11
2020-09-01,38.957822,-77.006010,Ward 4,2020-09-08
2020-09-01,38.862689,-76.962079,Ward 7,2020-09-11
2020-09-01,38.916150,-77.031294,Ward 1,2020-09-28
2020-09-01,38.886245,-76.925591,Ward 7,2020-09-14
2020-09-01,38.959826,-77.007746,Ward 4,2020-09-11
2020-09-01,38.894549,-76.922401,Ward 7,2020-09-09
2020-09-01,38.893806,-76.993528,Ward 6,2020-09-08
2020-09-01,38.910106,-77.008089,Ward 5,2020-09-01
2020-09-01,38.885898,-76.985233,Ward 6,2020-09-11
2020-09-01,38.930337,-77.026192,Ward 1,2020-09-25
2020-09-01,38.909450,-76.986596,Ward 5,2020-09-09
2020-09-01,38.828701,-76.995648,Ward 8,2020-09-10
2020-09-01,38.909744,-76.986955,Ward 5,2020-09-09
2020-09-01,38.909808,-76.986191,Ward 5,2020-09-09
2020-09-01,38.902043,-76.987941,Ward 5,2020-09-09
2020-09-01,38.902958,-76.989791,Ward 5,2020-09-09
2020-09-01,38.911323,-77.011977,Ward 5,2020-09-11
2020-09-01,38.916448,-77.005461,Ward 5,2020-09-10
2020-09-01,38.916414,-77.003724,Ward 5,2020-09-23
2020-09-01,38.916114,-77.003758,Ward 5,2020-09-11
2020-09-01,38.832907,-76.987656,Ward 8,2020-09-10
2020-09-01,38.915800,-77.003032,Ward 5,2020-09-11
2020-09-01,38.918978,-77.012809,Ward 5,2020-09-11
2020-09-01,38.927681,-76.992166,Ward 5,2020-09-11
2020-09-01,38.904551,-76.996790,Ward 6,2020-09-08
2020-09-01,38.873211,-76.972627,Ward 7,2020-09-11
2020-09-01,38.899823,-77.010798,Ward 6,2020-09-03
2020-09-01,38.919673,-77.079053,Ward 3,2020-09-03
2020-09-01,38.917234,-77.039169,Ward 1,2020-09-25
2020-09-01,38.871844,-76.977621,Ward 8,2020-09-10
2020-09-01,38.916776,-77.039425,Ward 2,2020-09-02
2020-09-01,38.910082,-77.008037,Ward 5,2020-09-21
2020-09-01,38.909357,-76.984312,Ward 5,2020-09-11
2020-09-01,38.937321,-77.033002,Ward 4,2020-09-02
2020-09-01,38.834397,-76.988225,Ward 8,2020-09-10
2020-09-01,38.834397,-76.988225,Ward 8,2020-09-10
2020-09-01,38.834397,-76.988225,Ward 8,2020-09-10
2020-09-01,38.925933,-76.985221,Ward 5,2020-09-14
2020-09-01,38.833449,-76.988401,Ward 8,2020-09-10
2020-09-01,38.926029,-76.984360,Ward 5,2020-09-10
2020-09-01,38.944169,-77.027105,Ward 4,2020-09-09
2020-09-01,38.926327,-76.997342,Ward 5,2020-09-10
2020-09-01,38.917945,-77.003701,Ward 5,2020-09-11
2020-09-01,38.920624,-77.004377,Ward 5,2020-09-11
2020-09-01,38.927402,-76.976528,Ward 5,2020-09-21
2020-09-01,38.917609,-77.028452,Ward 1,2020-09-25
2020-09-01,38.944233,-77.035071,Ward 4,2020-09-09
2020-09-01,38.903262,-77.058202,Ward 2,2020-09-02
2020-09-01,38.906452,-76.977822,Ward 5,2020-09-21
2020-09-01,38.929992,-77.020613,Ward 1,2020-09-25
2020-09-01,38.924748,-76.979833,Ward 5,2020-09-14
2020-09-01,38.875816,-76.932053,Ward 7,2020-09-11
2020-09-01,38.919858,-77.011851,Ward 5,2020-09-11
2020-09-01,38.907763,-76.983380,Ward 5,2020-09-11
2020-09-02,38.942952,-77.025125,Ward 4,2020-09-02
2020-09-02,38.905853,-77.015677,Ward 6,2020-09-08
2020-09-02,38.930712,-77.041573,Ward 1,2020-09-28
2020-09-02,38.930001,-77.018381,Ward 1,2020-09-09
2020-09-02,38.920098,-77.032576,Ward 1,2020-09-03
2020-09-02,38.928851,-77.027300,Ward 1,2020-09-25
2020-09-02,38.928916,-77.027115,Ward 1,2020-09-25
2020-09-02,38.958082,-77.018368,Ward 4,2020-09-11
2020-09-02,38.885205,-76.989975,Ward 6,2020-10-29
2020-09-02,38.885718,-76.988059,Ward 6,2020-09-08
2020-09-02,38.943128,-77.033552,Ward 4,2020-09-02
2020-09-02,38.876283,-77.010428,Ward 6,2020-09-03
2020-09-02,38.932975,-77.031007,Ward 1,2020-09-25
2020-09-02,38.825403,-77.010601,Ward 8,2020-09-15
2020-09-02,38.874611,-76.966420,Ward 7,2020-09-09
2020-09-02,38.966567,-77.021463,Ward 4,2020-09-09
2020-09-02,38.978505,-77.027592,Ward 4,2020-09-09
2020-09-02,38.956758,-77.011256,Ward 4,2020-09-03
2020-09-02,38.820380,-77.010967,Ward 8,2020-09-11
2020-09-02,38.861571,-76.960396,Ward 7,2020-09-10
2020-09-02,38.871844,-76.977621,Ward 8,2020-09-10
2020-09-02,38.927464,-77.027957,Ward 1,2020-09-03
2020-09-02,38.893423,-76.993503,Ward 6,2020-09-03
2020-09-02,38.926990,-77.028581,Ward 1,2020-09-25
2020-09-02,38.916432,-77.030416,Ward 1,2020-09-07
2020-09-02,38.951409,-77.015182,Ward 4,2020-09-08
2020-09-02,38.827051,-77.006422,Ward 8,2020-09-10
2020-09-02,38.878319,-76.929514,Ward 7,2020-09-17
2020-09-02,38.907745,-76.938906,Ward 7,2020-09-14
2020-09-02,38.829969,-77.005612,Ward 8,2020-09-10
2020-09-02,38.824420,-76.998142,Ward 8,2020-09-10
2020-09-02,38.890491,-76.934606,Ward 7,2020-09-09
2020-09-02,38.978196,-77.027278,Ward 4,2020-09-09
2020-09-02,38.891527,-76.933680,Ward 7,2020-09-09
2020-09-02,38.834737,-76.997495,Ward 8,2020-09-10
2020-09-02,38.906926,-76.978235,Ward 5,2020-09-21
2020-09-02,38.903638,-76.924660,Ward 7,2020-09-11
2020-09-02,38.961109,-77.020101,Ward 4,2020-09-03
2020-09-02,38.940907,-76.973128,Ward 5,2020-09-14
2020-09-02,38.896295,-76.991207,Ward 6,2020-09-28
2020-09-02,38.949526,-77.013239,Ward 4,2020-09-03
2020-09-02,38.919806,-76.985283,Ward 5,2020-09-03
2020-09-02,38.933410,-77.034160,Ward 1,2020-09-25
2020-09-02,38.924053,-76.975563,Ward 5,2020-09-14
2020-09-02,38.883016,-76.925325,Ward 7,2020-09-10
2020-09-02,38.884659,-76.927212,Ward 7,2020-09-17
2020-09-02,38.918225,-76.990448,Ward 5,2020-09-14
2020-09-02,38.933826,-77.020607,Ward 1,2020-09-25
2020-09-02,38.904406,-76.937621,Ward 7,2020-09-09
2020-09-02,38.906435,-76.978719,Ward 5,2020-09-21
2020-09-02,38.965067,-77.066113,Ward 4,2020-09-09
2020-09-02,38.865413,-76.979434,Ward 8,2020-09-16
2020-09-02,38.925009,-77.030426,Ward 1,2020-09-25
2020-09-02,38.920393,-77.002473,Ward 5,2020-09-14
2020-09-02,38.911959,-77.020732,Ward 6,2020-09-03
2020-09-02,38.903742,-76.986527,Ward 5,2020-09-18
2020-09-02,38.916939,-76.976035,Ward 5,2020-09-30
2020-09-02,38.904576,-76.986665,Ward 5,2020-09-21
2020-09-02,38.905040,-76.987818,Ward 5,2020-09-09
2020-09-02,38.906752,-76.983451,Ward 5,2020-09-10
2020-09-02,38.907510,-76.983545,Ward 5,2020-09-10
2020-09-02,38.907431,-76.983600,Ward 5,2020-09-10
2020-09-02,38.909970,-76.987302,Ward 5,2020-09-14
2020-09-02,38.925670,-77.026144,Ward 1,2020-09-25
2020-09-02,38.898552,-76.981353,Ward 6,2020-09-28
2020-09-02,38.931848,-77.026925,Ward 1,2020-09-03
2020-09-02,38.909343,-77.032850,Ward 2,2020-09-03
2020-09-02,38.911495,-77.011152,Ward 5,2020-09-03
2020-09-02,38.898494,-76.981860,Ward 7,2020-09-08
2020-09-02,38.963417,-77.033034,Ward 4,2020-09-04
2020-09-02,38.942381,-77.008034,Ward 5,2020-09-03
2020-09-02,38.958360,-77.021286,Ward 4,2020-09-09
2020-09-02,38.934052,-77.019348,Ward 1,2020-09-09
2020-09-02,38.933519,-77.020075,Ward 1,2020-09-07
2020-09-02,38.930710,-77.041032,Ward 1,2020-09-28
2020-09-02,38.831167,-77.001131,Ward 8,2020-09-16
2020-09-02,38.827242,-76.996737,Ward 8,2020-09-16
2020-09-02,38.864148,-76.982721,Ward 8,2020-09-14
2020-09-02,38.855548,-76.966027,Ward 7,2020-09-10
2020-09-02,38.851368,-76.963711,Ward 8,2020-09-14
2020-09-02,38.909941,-76.986042,Ward 5,2020-09-14
2020-09-02,38.885354,-76.982216,Ward 6,2020-09-08
2020-09-03,38.897526,-76.977244,Ward 7,2020-09-28
2020-09-03,38.895647,-76.980986,Ward 6,2020-09-28
2020-09-03,38.834397,-76.988225,Ward 8,2020-09-10
2020-09-03,38.834397,-76.988225,Ward 8,2020-09-10
2020-09-03,38.888465,-76.978822,Ward 6,2020-09-28
2020-09-03,38.885159,-76.979750,Ward 6,2020-09-30
2020-09-03,38.962698,-77.004712,Ward 4,2020-09-10
2020-09-03,38.936978,-77.031517,Ward 4,2020-09-09
2020-09-03,38.902599,-76.970667,Ward 5,2020-09-14
2020-09-03,38.927217,-77.023668,Ward 1,2020-09-25
2020-09-03,38.903307,-76.991985,Ward 6,2020-09-30
2020-09-03,38.943825,-77.026293,Ward 4,2020-09-09
2020-09-03,38.894937,-76.994428,Ward 6,2020-09-30
2020-09-03,38.910095,-76.931713,Ward 7,2020-09-17
2020-09-03,38.892498,-76.945947,Ward 7,2020-09-17
2020-09-03,38.887789,-76.923697,Ward 7,2020-09-18
2020-09-03,38.894012,-76.978350,Ward 6,2020-09-30
2020-09-03,38.833346,-76.987183,Ward 8,2020-09-16
2020-09-03,38.890335,-76.996419,Ward 6,2020-09-30
2020-09-03,38.912709,-76.988126,Ward 5,2020-09-04
2020-09-03,38.913142,-76.987423,Ward 5,2020-09-14
2020-09-03,38.857932,-76.986912,Ward 8,2020-09-18
2020-09-03,38.887441,-76.954432,Ward 7,2020-09-18
2020-09-03,38.983217,-77.037333,Ward 4,2020-09-08
2020-09-03,38.918108,-77.006948,Ward 5,2020-09-11
2020-09-03,38.885188,-76.952463,Ward 7,2020-09-14
2020-09-03,38.899477,-76.987395,Ward 6,2020-09-08
2020-09-03,38.936094,-77.033009,Ward 1,2020-09-09
2020-09-03,38.937983,-77.018462,Ward 4,2020-09-09
2020-09-03,38.842406,-77.003081,Ward 8,2020-09-16
2020-09-03,38.949447,-77.017044,Ward 4,2020-09-09
2020-09-03,38.896296,-76.996931,Ward 6,2020-09-28
2020-09-03,38.899986,-76.974540,Ward 5,2020-09-14
2020-09-03,38.904825,-76.977176,Ward 5,2020-09-14
2020-09-03,38.903566,-77.050903,Ward 2,2020-09-30
2020-09-03,38.928797,-77.022476,Ward 1,2020-09-08
2020-09-03,38.903288,-76.991943,Ward 6,2020-09-08
2020-09-03,38.939250,-77.025110,Ward 4,2020-09-09
2020-09-03,38.887867,-76.923211,Ward 7,2020-09-18
2020-09-03,38.940738,-77.020489,Ward 4,2020-09-09
2020-09-03,38.931869,-77.032735,Ward 1,2020-09-11
2020-09-03,38.896389,-76.937522,Ward 7,2020-09-11
2020-09-03,38.839866,-76.995145,Ward 8,2020-09-08
2020-09-03,38.902686,-76.977861,Ward 5,2020-09-10
2020-09-03,38.902653,-76.978287,Ward 5,2020-09-10
2020-09-03,38.894612,-76.936156,Ward 7,2020-09-17
2020-09-03,38.924387,-77.023221,Ward 1,2020-09-30
2020-09-03,38.894674,-76.936683,Ward 7,2020-09-17
2020-09-03,38.844527,-76.998848,Ward 8,2020-09-08
2020-09-03,38.906571,-77.061373,Ward 2,2020-09-08
2020-09-03,38.959274,-77.006954,Ward 4,2020-09-09
2020-09-03,38.895586,-76.918420,Ward 7,2020-09-17
2020-09-03,38.914657,-77.009701,Ward 5,2020-09-10
2020-09-03,38.859231,-76.959937,Ward 7,2020-09-25
2020-09-03,38.969360,-77.015904,Ward 4,2020-09-09
2020-09-03,38.933066,-76.965739,Ward 5,2020-10-19
2020-09-03,38.902510,-76.978075,Ward 5,2020-09-08
2020-09-03,38.877530,-76.996187,Ward 8,2020-09-09
2020-09-03,38.902506,-76.978993,Ward 5,2020-09-08
2020-09-03,38.922711,-76.974678,Ward 5,2020-09-24
2020-09-03,38.912948,-77.002290,Ward 5,2020-09-10
2020-09-03,38.951373,-77.015106,Ward 4,2020-09-10
2020-09-03,38.863225,-76.969251,Ward 7,2020-09-14
2020-09-03,38.925074,-77.007854,Ward 5,2020-09-10
2020-09-03,38.897133,-76.998275,Ward 6,2020-10-29
2020-09-03,38.900421,-77.053920,Ward 2,2020-09-30
2020-09-03,38.892381,-76.937072,Ward 7,2020-09-17
2020-09-03,38.901213,-76.928349,Ward 7,2020-09-17
2020-09-03,38.930020,-77.025754,Ward 1,2020-09-25
2020-09-03,38.901261,-76.984537,Ward 5,2020-09-10
2020-09-03,38.926533,-77.034992,Ward 1,2020-09-25
2020-09-03,38.944509,-77.014978,Ward 4,2020-09-10
2020-09-03,38.937907,-77.021249,Ward 4,2020-09-10
2020-09-04,38.933677,-77.033284,Ward 1,2020-10-05
2020-09-04,38.933336,-77.031719,Ward 1,2020-09-08
2020-09-04,38.933667,-77.032471,Ward 1,2020-09-28
2020-09-04,38.964052,-77.031069,Ward 4,2020-09-08
2020-09-04,38.867475,-76.981890,Ward 8,2020-09-08
2020-09-04,38.909343,-77.032850,Ward 2,2020-09-30
2020-09-04,38.897724,-76.998211,Ward 6,2020-10-28
2020-09-04,38.822885,-76.999584,Ward 8,2020-09-16
2020-09-04,38.932178,-77.035721,Ward 1,2020-09-09
2020-09-04,38.942202,-77.021090,Ward 4,2020-09-11
2020-09-04,38.922843,-77.033413,Ward 1,2020-10-05
2020-09-04,38.917728,-77.026219,Ward 1,2020-10-05
2020-09-04,38.916150,-77.031294,Ward 1,2020-09-28
2020-09-04,38.958917,-77.006503,Ward 4,2020-09-11
2020-09-04,38.911320,-77.006721,Ward 5,2020-09-08
2020-09-04,38.956040,-77.000534,Ward 4,2020-09-11
2020-09-04,38.909337,-76.984263,Ward 5,2020-09-14
2020-09-04,38.980165,-77.025621,Ward 4,2020-09-11
2020-09-04,38.891269,-76.936069,Ward 7,2020-11-21
2020-09-04,38.926966,-77.027346,Ward 1,2020-10-05
2020-09-04,38.888933,-76.925624,Ward 7,2020-09-18
2020-09-04,38.896004,-76.920269,Ward 7,2020-09-17
2020-09-04,38.886245,-76.925591,Ward 7,2020-09-14
2020-09-04,38.911334,-77.010790,Ward 5,2020-09-09
2020-09-04,38.922549,-76.962924,Ward 5,2020-09-14
2020-09-04,38.933040,-76.965436,Ward 5,2020-10-05
2020-09-04,38.924321,-77.008272,Ward 5,2020-09-09
2020-09-04,38.895003,-77.031353,Ward 2,2020-09-08
2020-09-04,38.947659,-77.025121,Ward 4,2020-09-08
2020-09-04,38.983039,-77.031026,Ward 4,2020-09-11
2020-09-04,38.929411,-77.020476,Ward 1,2020-10-05
2020-09-04,38.929116,-77.020092,Ward 1,2020-10-05
2020-09-04,38.953735,-77.011777,Ward 4,2020-09-08
2020-09-04,38.884445,-76.997089,Ward 6,2020-11-02
2020-09-04,38.930866,-77.041574,Ward 1,2020-10-05
2020-09-04,38.931684,-77.043109,Ward 1,2020-10-05
2020-09-04,38.893572,-76.982478,Ward 6,2020-10-29
2020-09-04,38.915348,-77.018284,Ward 1,2020-10-09
2020-09-04,38.932162,-77.030636,Ward 1,2020-10-05
2020-09-04,38.928885,-77.030901,Ward 1,2020-10-05
2020-09-04,38.933044,-77.032461,Ward 1,2020-09-08
2020-09-04,38.947570,-77.034791,Ward 4,2020-09-08
2020-09-04,38.910426,-77.026718,Ward 6,2020-10-28
2020-09-05,38.900447,-76.994193,Ward 6,2020-11-02
2020-09-05,38.914701,-77.035813,Ward 2,2020-09-30
2020-09-05,38.913524,-77.010813,Ward 5,2020-09-21
2020-09-05,38.905916,-77.015399,Ward 6,2020-10-28
2020-09-05,38.905243,-76.980895,Ward 5,2020-09-09
2020-09-05,38.913223,-77.032935,Ward 2,2020-09-30
2020-09-05,38.938178,-77.018753,Ward 4,2020-09-11
2020-09-05,38.914375,-77.036040,Ward 2,2020-09-08
2020-09-05,38.932765,-77.028163,Ward 1,2020-10-02
2020-09-05,38.903296,-76.985510,Ward 5,2020-09-08
2020-09-05,38.918641,-77.009342,Ward 5,2020-09-09
2020-09-05,38.934039,-77.027011,Ward 1,2020-10-02
2020-09-05,38.900375,-77.019578,Ward 2,2020-09-08
2020-09-05,38.896954,-76.988081,Ward 6,2020-10-28
2020-09-05,38.834734,-76.988289,Ward 8,2020-09-16
2020-09-05,38.903294,-76.928696,Ward 7,2020-09-11
2020-09-06,38.964756,-77.023827,Ward 4,2020-09-11
2020-09-06,38.899203,-77.003212,Ward 6,2020-10-28
2020-09-06,38.895931,-76.980990,Ward 6,2020-10-28
2020-09-06,38.919601,-77.001815,Ward 5,2020-09-08
2020-09-06,38.919601,-77.001815,Ward 5,2020-09-24
2020-09-06,38.914323,-77.073035,Ward 2,2020-09-10
2020-09-06,38.916740,-76.977502,Ward 5,2020-09-21
2020-09-06,38.952252,-77.009296,Ward 4,2020-09-09
2020-09-06,38.945378,-77.021603,Ward 4,2020-09-09
2020-09-06,38.917248,-77.036925,Ward 1,2020-09-08
2020-09-06,38.942885,-77.021207,Ward 4,2020-09-11
2020-09-06,38.945144,-77.016095,Ward 4,2020-09-09
2020-09-06,38.945137,-77.016375,Ward 4,2020-09-09
2020-09-06,38.935685,-77.030571,Ward 1,2020-09-16
2020-09-06,38.887567,-77.028116,Null,2020-09-11
2020-09-06,38.926000,-77.025543,Ward 1,2020-09-09
2020-09-06,38.888989,-76.926129,Ward 7,2020-09-18
2020-09-06,38.870415,-76.975741,Ward 8,2020-09-14
2020-09-06,38.876306,-76.987157,Ward 6,2021-03-29
2020-09-06,38.903286,-76.924178,Ward 7,2020-09-17
2020-09-07,38.930936,-76.975486,Ward 5,2020-09-24
2020-09-07,38.897397,-76.970181,Ward 7,2020-09-17
2020-09-07,38.897715,-76.972551,Ward 7,2020-09-11
2020-09-07,38.897809,-76.998200,Ward 6,2020-10-28
2020-09-07,38.901991,-76.925889,Ward 7,2020-09-17
2020-09-07,38.886245,-76.925591,Ward 7,2020-09-18
2020-09-07,38.937748,-77.033433,Ward 4,2020-09-11
2020-09-07,38.900482,-76.990241,Ward 6,2020-10-05
2020-09-07,38.880550,-76.984206,Ward 6,2020-10-30
2020-09-07,38.929393,-77.011192,Ward 5,2020-09-21
2020-09-07,38.924548,-76.990590,Ward 5,2020-09-24
2020-09-07,38.948349,-77.023655,Ward 4,2020-09-09
2020-09-08,38.886654,-76.930361,Ward 7,2020-09-11
2020-09-08,38.905863,-77.018752,Ward 6,2020-09-08
2020-09-08,38.828786,-76.994890,Ward 8,2020-09-16
2020-09-08,38.920393,-77.002473,Ward 5,2020-09-24
2020-09-08,38.919562,-77.072994,Ward 3,2020-09-11
2020-09-08,38.917087,-76.978516,Ward 5,2020-09-11
2020-09-08,38.922711,-76.974678,Ward 5,2020-09-24
2020-09-08,38.924236,-77.033549,Ward 1,2020-09-23
2020-09-08,38.899095,-76.970987,Ward 5,2020-09-09
2020-09-08,38.911909,-76.987068,Ward 5,2020-09-24
2020-09-08,38.892211,-76.993581,Ward 6,2020-10-28
2020-09-08,38.933024,-77.027436,Ward 1,2020-09-16
2020-09-08,38.888451,-76.923374,Ward 7,2020-09-18
2020-09-08,38.916448,-77.008013,Ward 5,2020-10-27
2020-09-08,38.917902,-77.023301,Ward 1,2020-09-16
2020-09-08,38.903284,-76.993051,Ward 6,2020-09-21
2020-09-08,38.947086,-77.025078,Ward 4,2020-09-11
2020-09-08,38.928550,-76.975886,Ward 5,2020-09-21
2020-09-08,38.875676,-76.965753,Ward 7,2020-09-14
2020-09-08,38.847859,-76.998919,Ward 8,2020-09-14
2020-09-08,38.851016,-76.965742,Ward 8,2020-09-24
2020-09-08,38.919703,-77.001488,Ward 5,2020-09-22
2020-09-08,38.885037,-76.960455,Ward 7,2020-09-24
2020-09-08,38.949462,-77.016559,Ward 4,2020-09-11
2020-09-08,38.881362,-76.928546,Ward 7,2020-09-14
2020-09-08,38.850698,-76.965565,Ward 8,2020-09-16
2020-09-08,38.902043,-76.987941,Ward 5,2020-09-21
2020-09-08,38.901979,-76.987783,Ward 5,2020-09-21
2020-09-08,38.903758,-76.984696,Ward 5,2020-09-24
2020-09-08,38.901208,-76.985035,Ward 5,2020-09-18
2020-09-08,38.905666,-76.981563,Ward 5,2020-09-18
2020-09-08,38.907510,-76.983545,Ward 5,2020-09-18
2020-09-08,38.906921,-76.983333,Ward 5,2020-09-18
2020-09-08,38.947276,-77.084631,Ward 3,2020-09-11
2020-09-08,38.896535,-76.936233,Ward 7,2020-09-17
2020-09-08,38.923656,-76.963408,Ward 5,2020-09-21
2020-09-08,38.892374,-76.910012,Ward 7,2020-10-14
2020-09-08,38.922803,-76.963924,Ward 5,2020-09-24
2020-09-08,38.947274,-77.085214,Ward 3,2020-09-11
2020-09-08,38.923637,-76.963968,Ward 5,2020-09-24
2020-09-08,38.922902,-76.966537,Ward 5,2020-09-11
2020-09-08,38.943235,-76.981107,Ward 5,2020-09-24
2020-09-08,38.934415,-77.032405,Ward 1,2020-09-21
2020-09-08,38.929199,-77.029443,Ward 1,2020-09-16
2020-09-08,38.947264,-77.085507,Ward 3,2020-09-11
2020-09-08,38.945804,-77.078496,Ward 3,2020-09-15
2020-09-08,38.947709,-77.087720,Ward 3,2020-09-11
2020-09-08,38.866762,-76.953374,Ward 7,2020-09-14
2020-09-08,38.951212,-77.084718,Ward 3,2020-09-11
2020-09-08,38.949886,-77.083505,Ward 3,2020-09-11
2020-09-08,38.941591,-77.017976,Ward 4,2020-09-09
2020-09-08,38.949895,-77.083568,Ward 3,2020-09-11
2020-09-08,38.903449,-76.935360,Ward 7,2020-09-17
2020-09-08,38.903758,-76.984696,Ward 5,2020-09-24
2020-09-08,38.865963,-76.952222,Ward 7,2020-09-09
2020-09-08,38.935009,-77.036799,Ward 1,2020-09-09
2020-09-08,38.898364,-77.000884,Ward 6,2020-09-21
2020-09-08,38.946341,-77.028148,Ward 4,2020-09-11
2020-09-08,38.977069,-77.026239,Ward 4,2020-09-09
2020-09-08,38.905937,-76.987252,Ward 5,2020-10-19
2020-09-08,38.946883,-77.083544,Ward 3,2020-09-11
2020-09-08,38.905881,-77.024683,Ward 2,2020-09-30
2020-09-08,38.861396,-76.993251,Ward 8,2020-09-14
2020-09-08,38.877223,-76.960323,Ward 7,2020-09-14
2020-09-08,38.909316,-76.984214,Ward 5,2020-10-19
2020-09-08,38.932552,-77.020990,Ward 1,2020-09-09
2020-09-08,38.893541,-76.952617,Ward 7,2020-09-16
2020-09-08,38.967634,-77.020140,Ward 4,2020-09-18
2020-09-08,38.956699,-77.033220,Ward 4,2020-09-18
2020-09-08,38.881023,-77.015964,Ward 6,2020-09-16
2020-09-08,38.912463,-77.016878,Ward 5,2020-09-23
2020-09-08,38.912798,-77.014938,Ward 5,2020-09-23
2020-09-08,38.858608,-76.997907,Ward 8,2020-09-14
2020-09-08,38.915745,-77.033070,Ward 2,2020-09-10
2020-09-08,38.860193,-76.999757,Ward 8,2020-09-14
2020-09-08,38.903642,-76.930380,Ward 7,2020-09-11
2020-09-08,38.966330,-77.025267,Ward 4,2020-09-18
2020-09-08,38.889456,-76.956373,Ward 7,2020-09-14
2020-09-08,38.893351,-76.951417,Ward 7,2020-10-05
2020-09-08,38.897397,-76.970181,Ward 7,2020-09-17
2020-09-08,38.887794,-76.916280,Ward 7,2020-09-14
2020-09-08,38.877349,-76.960472,Ward 7,2020-09-14
2020-09-08,38.904069,-76.981491,Ward 5,2020-09-18
2020-09-08,38.898241,-76.976821,Ward 6,2020-09-23
2020-09-08,38.863473,-76.982953,Ward 8,2020-09-18
2020-09-08,38.829969,-77.005612,Ward 8,2020-09-16
2020-09-08,38.842485,-77.002950,Ward 8,2020-09-10
2020-09-08,38.967610,-77.027809,Ward 4,2020-09-10
2020-09-09,38.909818,-77.020807,Ward 6,2020-09-16
2020-09-09,38.906994,-76.979767,Ward 5,2020-10-14
2020-09-09,38.919716,-77.001429,Ward 5,2020-09-24
2020-09-09,38.904608,-76.995186,Ward 6,2020-09-21
2020-09-09,38.931969,-77.033499,Ward 1,2020-09-09
2020-09-09,38.917984,-77.034823,Ward 1,2020-09-16
2020-09-09,38.907759,-77.009702,Ward 5,2020-09-30
2020-09-09,38.904634,-77.027867,Ward 2,2020-09-09
2020-09-09,38.946858,-77.025073,Ward 4,2020-09-18
2020-09-09,38.938310,-77.017175,Ward 4,2020-09-18
2020-09-09,38.900211,-76.979068,Ward 5,2020-09-09
2020-09-09,38.914667,-77.029312,Ward 1,2020-09-14
2020-09-09,38.915033,-77.041434,Ward 2,2020-09-14
2020-09-09,38.876606,-76.966801,Ward 7,2020-09-16
2020-09-09,38.914700,-77.032671,Ward 2,2020-09-14
2020-09-09,38.948349,-77.023655,Ward 4,2020-09-09
2020-09-09,38.841702,-77.000292,Ward 8,2020-09-16
2020-09-09,38.855398,-76.981754,Ward 8,2020-09-16
2020-09-09,38.853298,-76.983303,Ward 8,2020-10-28
2020-09-09,38.922843,-77.033413,Ward 1,2020-10-05
2020-09-09,38.898037,-76.980004,Ward 6,2020-09-21
2020-09-09,38.914700,-77.032671,Ward 2,2020-09-14
2020-09-09,38.839365,-77.004154,Ward 8,2020-09-10
2020-09-09,38.902483,-76.928367,Ward 7,2020-09-17
2020-09-09,38.885966,-76.985255,Ward 6,2020-09-21
2020-09-09,38.906778,-76.978715,Ward 5,2020-09-21
2020-09-09,38.828734,-77.013547,Ward 8,2020-09-10
2020-09-09,38.962453,-77.038659,Ward 4,2020-09-18
2020-09-09,38.841203,-77.000770,Ward 8,2020-09-10
2020-09-09,38.847859,-76.998919,Ward 8,2020-09-14
2020-09-09,38.917945,-77.003701,Ward 5,2020-09-23
2020-09-09,38.915607,-77.074410,Ward 2,2020-09-16
2020-09-09,38.915348,-77.018284,Ward 1,2020-10-09
2020-09-09,38.836315,-77.003783,Ward 8,2020-09-16
2020-09-09,38.943652,-77.088916,Ward 3,2020-09-10
2020-09-09,38.916504,-77.011926,Ward 5,2020-09-30
2020-09-09,38.913515,-77.010923,Ward 5,2020-09-21
2020-09-09,38.917984,-77.034823,Ward 1,2020-09-16
2020-09-09,38.906916,-76.979818,Ward 5,2020-09-21
2020-09-09,38.875267,-76.961431,Ward 7,2020-09-17
2020-09-09,38.916098,-77.016179,Ward 1,2020-09-10
2020-09-09,38.925869,-77.023565,Ward 1,2020-09-14
2020-09-09,38.886344,-76.925567,Ward 7,2020-09-18
2020-09-09,38.875676,-76.965753,Ward 7,2020-09-14
2020-09-09,38.933024,-77.027436,Ward 1,2020-09-16
2020-09-09,38.908347,-76.938335,Ward 7,2020-09-17
2020-09-09,38.908316,-76.938464,Ward 7,2020-09-17
2020-09-09,38.886441,-76.925546,Ward 7,2020-09-16
2020-09-09,38.909422,-76.940951,Ward 7,2020-09-17
2020-09-09,38.844515,-77.001904,Ward 8,2020-09-10
2020-09-09,38.919349,-76.987053,Ward 5,2020-09-11
2020-09-09,38.915006,-77.015500,Ward 1,2020-09-16
2020-09-09,38.919340,-76.986312,Ward 5,2020-09-11
2020-09-09,38.933692,-77.058213,Ward 3,2020-09-10
2020-09-09,38.965132,-77.027977,Ward 4,2020-09-18
2020-09-09,38.915348,-77.018284,Ward 1,2020-10-09
2020-09-09,38.934186,-77.038818,Ward 1,2020-10-05
2020-09-09,38.896932,-76.976778,Ward 7,2020-09-17
2020-09-09,38.892180,-76.999239,Ward 6,2020-09-16
2020-09-09,38.905007,-76.934572,Ward 7,2020-09-17
2020-09-09,38.877953,-76.941255,Ward 7,2020-09-14
2020-09-09,38.942503,-77.021397,Ward 4,2020-09-18
2020-09-09,38.886468,-76.923254,Ward 7,2020-10-05
2020-09-09,38.964131,-77.008752,Ward 4,2020-09-18
2020-09-09,38.934866,-77.036819,Ward 1,2020-09-10
2020-09-09,38.903457,-76.983952,Ward 5,2020-09-18
2020-09-09,38.899614,-76.996414,Ward 6,2020-11-02
2020-09-09,38.902191,-76.933758,Ward 7,2020-10-05
2020-09-09,38.915574,-77.028082,Ward 1,2020-09-30
2020-09-09,38.889496,-76.984224,Ward 6,2020-10-29
2020-09-09,38.933410,-77.034160,Ward 1,2020-09-14
2020-09-10,38.913026,-77.027339,Ward 2,2020-09-16
2020-09-10,38.950754,-76.995166,Ward 5,2020-09-24
2020-09-10,38.900202,-76.993757,Ward 6,2020-09-17
2020-09-10,38.900634,-76.974909,Ward 5,2020-09-24
2020-09-10,38.907105,-76.986062,Ward 5,2020-09-18
2020-09-10,38.904664,-76.981285,Ward 5,2020-10-02
2020-09-10,38.823773,-76.998438,Ward 8,2020-09-16
2020-09-10,38.893734,-76.985296,Ward 6,2020-09-17
2020-09-10,38.900366,-76.976421,Ward 5,2020-10-09
2020-09-10,38.905274,-76.991162,Ward 5,2020-09-16
2020-09-10,38.908571,-77.021914,Ward 6,2020-09-17
2020-09-10,38.942607,-77.063445,Ward 3,2020-09-14
2020-09-10,38.822885,-76.999584,Ward 8,2020-09-16
2020-09-10,38.932867,-76.984436,Ward 5,2020-10-05
2020-09-10,38.924525,-77.029997,Ward 1,2020-09-14
2020-09-10,38.917920,-77.001163,Ward 5,2020-09-11
2020-09-10,38.882284,-76.981461,Ward 6,2020-10-29
2020-09-10,38.910889,-77.027802,Ward 2,2020-09-30
2020-09-10,38.910976,-77.027848,Ward 2,2020-09-16
2020-09-10,38.920013,-77.010228,Ward 5,2020-09-24
2020-09-10,38.922711,-76.974678,Ward 5,2020-09-11
2020-09-10,38.922529,-76.974462,Ward 5,2020-09-11
2020-09-10,38.914704,-77.052373,Ward 2,2020-09-15
2020-09-10,38.920052,-77.001509,Ward 5,2020-09-24
2020-09-10,38.878319,-76.929514,Ward 7,2020-09-14
2020-09-10,38.919776,-77.028985,Ward 1,2020-09-16
2020-09-10,38.876833,-76.967344,Ward 7,2020-09-16
2020-09-10,38.902664,-76.975974,Ward 5,2020-09-21
2020-09-10,38.917233,-76.977786,Ward 5,2020-09-16
2020-09-10,38.913297,-76.985172,Ward 5,2020-09-16
2020-09-10,38.867412,-76.984341,Ward 8,2020-09-16
2020-09-10,38.918579,-77.072268,Ward 3,2020-10-06
2020-09-10,38.928629,-77.041982,Ward 1,2020-09-16
2020-09-11,38.951652,-77.030451,Ward 4,2020-09-14
2020-09-11,38.951652,-77.030631,Ward 4,2020-09-14
2020-09-11,38.895290,-76.982350,Ward 6,2020-09-21
2020-09-11,38.930690,-76.984993,Ward 5,2020-09-21
2020-09-11,38.922529,-76.974462,Ward 5,2020-09-11
2020-09-11,38.857866,-76.986805,Ward 8,2020-09-11
2020-09-11,38.909838,-77.017072,Ward 6,2020-09-16
2020-09-11,38.949299,-77.016609,Ward 4,2020-10-06
2020-09-11,38.898407,-76.980501,Ward 6,2020-11-02
2020-09-11,38.918064,-77.042423,Ward 1,2020-09-16
2020-09-11,38.939616,-77.019311,Ward 4,2020-09-18
2020-09-11,38.864375,-76.968585,Ward 7,2020-10-05
2020-09-11,38.823776,-77.008567,Ward 8,2020-09-14
2020-09-11,38.824214,-77.008801,Ward 8,2020-09-14
2020-09-11,38.824683,-77.012084,Ward 8,2020-09-18
2020-09-11,38.904398,-77.001102,Ward 6,2020-10-28
2020-09-11,38.934341,-77.029988,Ward 1,2020-09-21
2020-09-11,38.873451,-76.968718,Ward 7,2020-09-18
2020-09-11,38.929992,-77.020613,Ward 1,2020-09-16
2020-09-11,38.933358,-77.032968,Ward 1,2020-09-14
2020-09-11,38.933978,-77.038649,Ward 1,2020-09-16
2020-09-11,38.824420,-76.998142,Ward 8,2020-09-18
2020-09-11,38.899805,-77.000794,Ward 6,2020-10-28
2020-09-11,38.879121,-76.987680,Ward 6,2020-09-16
2020-09-11,38.822017,-77.000959,Ward 8,2020-09-14
2020-09-11,38.911823,-77.011891,Ward 5,2020-09-16
2020-09-11,38.954893,-77.021996,Ward 4,2020-09-14
2020-09-11,38.895003,-77.031353,Ward 2,2020-09-11
2020-09-11,38.964211,-77.001251,Ward 4,2020-09-18
2020-09-11,38.879399,-76.933506,Ward 7,2020-09-18
2020-09-11,38.944555,-77.013213,Ward 4,2020-09-14
2020-09-11,38.920906,-77.001816,Ward 5,2020-09-16
2020-09-11,38.945620,-77.005113,Ward 5,2020-09-15
2020-09-11,38.921093,-77.009635,Ward 5,2020-09-16
2020-09-11,38.920887,-76.987165,Ward 5,2020-09-21
2020-09-11,38.938484,-77.030005,Ward 4,2020-09-18
2020-09-11,38.904873,-76.981835,Ward 5,2020-09-16
2020-09-11,38.848619,-77.001784,Ward 8,2020-09-18
2020-09-11,38.903899,-76.981217,Ward 5,2020-09-30
2020-09-11,38.898364,-77.000884,Ward 6,2020-09-21
2020-09-11,38.942757,-77.087533,Ward 3,2020-09-15
2020-09-11,38.992699,-77.042542,Ward 4,2020-09-14
2020-09-11,38.955241,-77.013855,Ward 4,2020-09-14
2020-09-11,38.897160,-76.970297,Ward 7,2020-09-24
2020-09-11,38.871908,-76.938219,Ward 7,2020-09-14
2020-09-11,38.905384,-77.016344,Ward 6,2020-09-16
2020-09-12,38.906954,-76.980237,Ward 5,2020-09-21
2020-09-12,38.905354,-76.990302,Ward 5,2020-09-21
2020-09-12,38.920682,-77.078774,Ward 3,2020-09-15
2020-09-12,38.885898,-76.985233,Ward 6,2020-09-21
2020-09-12,38.910659,-77.011912,Ward 5,2020-09-23
2020-09-12,38.875128,-76.961100,Ward 7,2020-10-05
2020-09-12,38.915720,-77.036877,Ward 2,2020-09-15
2020-09-12,38.865235,-76.957137,Ward 7,2020-09-18
2020-09-12,38.901507,-76.997819,Ward 6,2020-10-29
2020-09-12,38.913197,-77.024519,Ward 6,2020-10-29
2020-09-12,38.923217,-76.963463,Ward 5,2020-09-16
2020-09-12,38.902029,-76.929771,Ward 7,2020-09-18
2020-09-12,38.940959,-77.033041,Ward 4,2020-09-15
2020-09-12,38.914449,-77.001747,Ward 5,2020-09-23
2020-09-12,38.901502,-76.998227,Ward 6,2020-09-21
2020-09-12,38.876306,-76.987157,Ward 6,2020-09-22
2020-09-12,38.898249,-76.981251,Ward 6,2020-09-21
2020-09-12,38.888955,-76.925048,Ward 7,2020-09-18
2020-09-12,38.926327,-76.997720,Ward 5,2020-10-29
2020-09-12,38.932133,-77.028133,Ward 1,2020-09-14
2020-09-12,38.931062,-77.085619,Ward 3,2020-10-06
2020-09-12,38.896948,-76.980818,Ward 6,2020-09-17
2020-09-12,38.919841,-77.029618,Ward 1,2020-09-30
2020-09-12,38.920003,-77.010294,Ward 5,2020-09-16
2020-09-12,38.890828,-76.958129,Ward 7,2020-09-18
2020-09-12,38.936248,-77.036090,Ward 1,2020-09-14
2020-09-12,38.907033,-76.979738,Ward 5,2020-10-14
2020-09-12,38.909319,-77.034200,Ward 2,2020-09-16
2020-09-13,38.865577,-76.982612,Ward 8,2020-09-14
2020-09-13,38.926268,-77.025584,Ward 1,2020-09-16
2020-09-13,38.906190,-77.013091,Ward 5,2020-09-16
2020-09-13,38.945646,-76.998617,Ward 5,2020-09-16
2020-09-13,38.928821,-77.022611,Ward 1,2020-09-23
2020-09-13,38.891415,-76.988490,Ward 6,2020-09-17
2020-09-13,38.913514,-77.010581,Ward 5,2020-09-16
2020-09-13,38.895908,-76.980530,Ward 6,2020-09-17
2020-09-13,38.895931,-76.980990,Ward 6,2020-10-29
2020-09-13,38.896281,-76.982050,Ward 6,2020-09-17
2020-09-13,38.911134,-77.065927,Ward 2,2020-09-23
2020-09-13,38.921416,-76.984150,Ward 5,2020-09-21
2020-09-13,38.885037,-76.960455,Ward 7,2020-09-24
2020-09-13,38.889172,-76.981991,Ward 6,2020-10-29
2020-09-13,38.913009,-76.988927,Ward 5,2020-09-16
2020-09-13,38.879026,-76.983878,Ward 6,2020-11-02
2020-09-13,38.903513,-76.985081,Ward 5,2020-09-23
2020-09-13,38.921148,-76.984517,Ward 5,2020-09-16
2020-09-13,38.934189,-77.020724,Ward 1,2020-09-14
2020-09-13,38.897694,-76.937710,Ward 7,2020-09-21
2020-09-13,38.933736,-77.024253,Ward 1,2020-09-16
2020-09-13,38.947301,-76.999457,Ward 5,2020-09-15
2020-09-13,38.957913,-77.021637,Ward 4,2020-09-18
2020-09-13,38.940915,-76.972771,Ward 5,2020-09-17
2020-09-13,38.898028,-76.981288,Ward 6,2020-10-31
2020-09-13,38.932898,-76.970639,Ward 5,2020-09-15
2020-09-14,38.915348,-77.033250,Ward 2,2020-09-24
2020-09-14,38.891415,-76.988490,Ward 6,2020-09-17
2020-09-14,38.878972,-76.983879,Ward 6,2020-11-02
2020-09-14,38.933913,-77.039062,Ward 1,2020-09-16
2020-09-14,38.930712,-77.041573,Ward 1,2020-09-21
2020-09-14,38.906281,-77.018475,Ward 6,2020-09-18
2020-09-14,38.966903,-77.027115,Ward 4,2020-09-15
2020-09-14,38.945743,-77.017306,Ward 4,2020-09-15
2020-09-14,38.889516,-76.995696,Ward 6,2020-10-29
2020-09-14,38.912762,-77.027528,Ward 2,2020-09-23
2020-09-14,38.903284,-76.993051,Ward 6,2020-10-29
2020-09-14,38.881608,-76.983145,Ward 6,2020-09-16
2020-09-14,38.866729,-76.981962,Ward 8,2020-10-01
2020-09-14,38.959362,-77.071999,Ward 3,2020-10-06
2020-09-14,38.832028,-77.011732,Ward 8,2020-09-15
2020-09-14,38.943216,-77.022452,Ward 4,2020-09-18
2020-09-14,38.959549,-77.021883,Ward 4,2020-09-18
2020-09-14,38.933410,-77.034160,Ward 1,2020-09-14
2020-09-14,38.888064,-77.001132,Ward 6,2020-10-29
2020-09-14,38.930583,-76.959174,Ward 5,2020-09-16
2020-09-14,38.954422,-77.015997,Ward 4,2020-09-15
2020-09-14,38.825838,-77.008557,Ward 8,2020-09-15
2020-09-14,38.939943,-77.026044,Ward 4,2020-09-18
2020-09-14,38.894251,-76.938771,Ward 7,2020-09-18
2020-09-14,38.896581,-76.938815,Ward 7,2020-09-18
2020-09-14,38.922549,-76.964677,Ward 5,2020-09-16
2020-09-14,38.936615,-77.033444,Ward 1,2020-09-21
2020-09-14,38.963390,-77.016402,Ward 4,2020-09-18
2020-09-14,38.887794,-76.989717,Ward 6,2020-10-29
2020-09-14,38.955289,-77.015181,Ward 4,2020-09-18
2020-09-14,38.884287,-76.980966,Ward 7,2020-09-16
2020-09-14,38.918587,-77.001783,Ward 5,2020-09-16
2020-09-14,38.886105,-76.927728,Ward 7,2020-09-15
2020-09-14,38.917728,-77.026219,Ward 1,2020-09-21
2020-09-14,38.868284,-76.946246,Ward 7,2020-09-18
2020-09-14,38.906443,-77.028085,Ward 2,2020-09-17
2020-09-14,38.906186,-77.027834,Ward 2,2020-09-23
2020-09-14,38.909444,-77.006921,Ward 5,2020-09-16
2020-09-14,38.915135,-77.032351,Ward 2,2020-09-24
2020-09-14,38.899468,-76.950628,Ward 7,2020-09-21
2020-09-14,38.939565,-77.030283,Ward 4,2020-09-18
2020-09-14,38.916740,-76.977502,Ward 5,2020-09-16
2020-09-14,38.822885,-76.999584,Ward 8,2020-09-16
2020-09-14,38.860346,-76.984608,Ward 8,2020-09-18
2020-09-14,38.916113,-77.007880,Ward 5,2020-09-30
2020-09-14,38.901809,-76.995937,Ward 6,2020-11-02
2020-09-14,38.896281,-76.982050,Ward 6,2020-09-17
2020-09-14,38.897905,-77.001670,Ward 6,2020-09-18
2020-09-14,38.911170,-76.932750,Ward 7,2020-09-21
2020-09-14,38.949447,-77.017044,Ward 4,2020-09-18
2020-09-14,38.865573,-76.957446,Ward 7,2020-09-21
2020-09-14,38.851532,-76.965439,Ward 8,2020-09-25
2020-09-14,38.935398,-76.990887,Ward 5,2020-09-16
2020-09-14,38.899092,-76.997713,Ward 6,2020-10-29
2020-09-14,38.911531,-76.933598,Ward 7,2020-09-18
2020-09-14,38.904625,-76.989602,Ward 5,2020-09-18
2020-09-14,38.920083,-76.982376,Ward 5,2020-09-23
2020-09-14,38.909599,-76.987609,Ward 5,2020-09-24
2020-09-14,38.933877,-76.965284,Ward 5,2020-09-21
2020-09-14,38.834734,-76.988289,Ward 8,2020-09-18
2020-09-14,38.924699,-77.008278,Ward 5,2020-09-16
2020-09-14,38.932711,-76.966194,Ward 5,2020-09-16
2020-09-14,38.867475,-76.981890,Ward 8,2020-09-18
2020-09-14,38.912549,-76.984327,Ward 5,2020-09-21
2020-09-14,38.924548,-76.990590,Ward 5,2020-09-23
2020-09-14,38.912510,-76.986836,Ward 5,2020-09-16
2020-09-14,38.963839,-77.032000,Ward 4,2020-09-16
2020-09-14,38.911449,-76.987417,Ward 5,2020-09-16
2020-09-14,38.915842,-77.002332,Ward 5,2020-09-23
2020-09-14,38.925740,-77.026002,Ward 1,2020-09-21
2020-09-14,38.898854,-76.977494,Ward 6,2020-09-17
2020-09-14,38.933879,-76.965117,Ward 5,2020-09-21
2020-09-14,38.902557,-76.976461,Ward 5,2020-09-23
2020-09-14,38.961042,-77.003851,Ward 4,2020-09-16
2020-09-14,38.954422,-77.015997,Ward 4,2020-09-15
2020-09-14,38.915045,-77.032442,Ward 2,2020-09-24
2020-09-14,38.895647,-76.980986,Ward 6,2020-10-29
2020-09-14,38.932898,-76.970639,Ward 5,2020-09-15
2020-09-14,38.921114,-77.008071,Ward 5,2020-10-19
2020-09-15,38.933688,-77.033478,Ward 1,2020-09-16
2020-09-15,38.868650,-76.986597,Ward 8,2020-09-16
2020-09-15,38.907478,-77.000547,Ward 5,2020-09-24
2020-09-15,38.928208,-76.995175,Ward 5,2020-09-21
2020-09-15,38.944586,-77.027623,Ward 4,2020-09-18
2020-09-15,38.897136,-76.985703,Ward 6,2020-10-29
2020-09-15,38.854474,-76.965943,Ward 8,2020-09-16
2020-09-15,38.919776,-77.028985,Ward 1,2020-09-16
2020-09-15,38.991967,-77.038802,Ward 4,2020-09-16
2020-09-15,38.992285,-77.041498,Ward 4,2020-09-16
2020-09-15,38.892368,-76.915379,Ward 7,2020-10-08
2020-09-15,38.894959,-76.981508,Ward 6,2020-10-29
2020-09-15,38.942007,-76.986055,Ward 5,2020-09-15
2020-09-15,38.894251,-76.938771,Ward 7,2020-09-18
2020-09-15,38.941802,-77.021113,Ward 4,2020-09-23
2020-09-15,38.891109,-76.948802,Ward 7,2020-09-21
2020-09-15,38.938482,-77.022900,Ward 4,2020-09-16
2020-09-15,38.894549,-76.922401,Ward 7,2020-09-18
2020-09-15,38.894749,-76.923474,Ward 7,2020-10-08
2020-09-15,38.851175,-76.963746,Ward 8,2020-09-18
2020-09-15,38.889485,-76.919854,Ward 7,2020-09-16
2020-09-15,38.948471,-77.025632,Ward 4,2020-09-23
2020-09-15,38.954532,-77.017991,Ward 4,2020-09-18
2020-09-15,38.955334,-77.011852,Ward 4,2020-09-18
2020-09-15,38.874780,-77.009723,Ward 6,2020-10-29
2020-09-15,38.878287,-76.929334,Ward 7,2020-09-16
2020-09-15,38.954532,-77.017991,Ward 4,2020-09-18
2020-09-15,38.886254,-76.955944,Ward 7,2020-09-18
2020-09-15,38.959874,-77.025367,Ward 4,2020-09-18
2020-09-15,38.877188,-76.962387,Ward 7,2020-09-18
2020-09-15,38.907012,-76.930513,Ward 7,2020-09-21
2020-09-15,38.960669,-77.027724,Ward 4,2020-09-18
2020-09-15,38.915720,-77.036877,Ward 2,2020-09-23
2020-09-15,38.930592,-77.031135,Ward 1,2020-09-23
2020-09-15,38.913024,-76.986962,Ward 5,2020-09-21
2020-09-15,38.883045,-76.928087,Ward 7,2020-09-16
2020-09-15,38.849977,-76.964803,Ward 8,2020-09-18
2020-09-15,38.862352,-76.962112,Ward 7,2020-09-16
2020-09-15,38.966566,-77.025170,Ward 4,2020-09-16
2020-09-15,38.871732,-76.981022,Ward 8,2020-09-18
2020-09-15,38.888495,-76.994237,Ward 6,2020-09-23
2020-09-15,38.904181,-76.994702,Ward 6,2020-10-29
2020-09-15,38.915045,-77.020764,Ward 6,2020-10-29
2020-09-15,38.954532,-77.017991,Ward 4,2020-09-18
2020-09-15,38.909047,-77.040644,Ward 2,2020-09-28
2020-09-15,38.824683,-77.012084,Ward 8,2020-09-18
2020-09-15,38.823868,-77.011723,Ward 8,2020-09-21
2020-09-15,38.823868,-77.011723,Ward 8,2020-09-21
2020-09-15,38.911367,-77.028300,Ward 2,2020-09-24
2020-09-15,38.894778,-76.978123,Ward 6,2020-09-21
2020-09-15,38.915054,-77.047038,Ward 2,2020-09-16
2020-09-15,38.922179,-76.984213,Ward 5,2020-09-16
2020-09-15,38.921637,-76.984603,Ward 5,2020-09-16
2020-09-15,38.900699,-76.976449,Ward 5,2020-10-09
2020-09-15,38.937402,-77.030399,Ward 4,2020-09-18
2020-09-15,38.942696,-77.087770,Ward 3,2020-09-17
2020-09-15,38.909599,-76.987609,Ward 5,2020-09-24
2020-09-15,38.909599,-76.987609,Ward 5,2020-09-24
2020-09-15,38.905131,-76.978754,Ward 5,2020-09-24
2020-09-15,38.921484,-76.984080,Ward 5,2020-09-21
2020-09-15,38.879880,-76.998477,Ward 6,2020-09-21
2020-09-15,38.961479,-77.004960,Ward 4,2020-09-18
2020-09-15,38.832777,-76.998548,Ward 8,2020-09-21
2020-09-15,38.934339,-77.038668,Ward 1,2020-09-16
2020-09-15,38.896281,-76.982050,Ward 6,2020-09-17
2020-09-15,38.941817,-77.020822,Ward 4,2020-09-18
2020-09-15,38.906618,-77.018323,Ward 6,2020-10-31
2020-09-15,38.896281,-76.982050,Ward 6,2020-09-17
2020-09-15,38.920443,-77.000844,Ward 5,2020-09-17
2020-09-16,38.935641,-77.028732,Ward 1,2020-09-24
2020-09-16,38.940907,-76.973128,Ward 5,2020-09-17
2020-09-16,38.948960,-77.016025,Ward 4,2020-09-18
2020-09-16,38.928397,-77.022883,Ward 1,2020-09-16
2020-09-16,38.833346,-76.987183,Ward 8,2020-09-17
2020-09-16,38.914344,-77.042275,Ward 2,2020-09-24
2020-09-16,38.902475,-76.929479,Ward 7,2020-09-21
2020-09-16,38.917143,-77.011964,Ward 5,2020-09-17
2020-09-16,38.885438,-76.990242,Ward 6,2020-09-21
2020-09-16,38.882060,-76.981972,Ward 6,2020-09-23
2020-09-16,38.958038,-77.022139,Ward 4,2020-09-22
2020-09-16,38.850555,-76.965767,Ward 8,2020-09-21
2020-09-16,38.916425,-77.034268,Ward 2,2020-09-23
2020-09-16,38.928069,-76.994608,Ward 5,2020-09-23
2020-09-16,38.913474,-76.989308,Ward 5,2020-09-30
2020-09-16,38.955526,-76.999488,Ward 5,2020-09-21
2020-09-16,38.934762,-77.023219,Ward 1,2020-09-23
2020-09-16,38.943216,-77.022452,Ward 4,2020-09-18
2020-09-16,38.943240,-77.022275,Ward 4,2020-09-22
2020-09-16,38.900309,-76.981726,Ward 5,2020-09-17
2020-09-16,38.887766,-76.939800,Ward 7,2020-09-23
2020-09-16,38.900372,-76.981571,Ward 5,2020-09-17
2020-09-16,38.883084,-76.925608,Ward 7,2020-09-23
2020-09-16,38.949462,-77.016559,Ward 4,2020-09-22
2020-09-16,38.949113,-77.016377,Ward 4,2020-09-22
2020-09-16,38.921477,-76.963917,Ward 5,2020-09-21
2020-09-16,38.893465,-76.951201,Ward 7,2020-10-08
2020-09-16,38.940915,-76.972771,Ward 5,2020-09-17
2020-09-16,38.846124,-77.001754,Ward 8,2020-09-17
2020-09-16,38.890115,-76.955976,Ward 7,2020-09-24
2020-09-16,38.954571,-77.015775,Ward 4,2020-09-22
2020-09-16,38.884681,-76.945595,Ward 7,2020-09-23
2020-09-16,38.840216,-76.999851,Ward 8,2020-09-21
2020-09-16,38.960771,-77.076911,Ward 3,2020-09-22
2020-09-16,38.852784,-76.965959,Ward 8,2020-10-19
2020-09-16,38.938482,-77.022900,Ward 4,2020-09-17
2020-09-16,38.956626,-77.024271,Ward 4,2020-09-22
2020-09-16,38.897397,-76.970181,Ward 7,2020-10-02
2020-09-16,38.905878,-76.927977,Ward 7,2020-10-02
2020-09-16,38.831742,-77.011935,Ward 8,2020-09-17
2020-09-16,38.933040,-76.965436,Ward 5,2020-09-17
2020-09-16,38.892015,-76.996171,Ward 6,2020-09-21
2020-09-16,38.956575,-77.024269,Ward 4,2020-09-18
2020-09-16,38.932265,-77.096908,Ward 3,2020-09-17
2020-09-16,38.902631,-76.987691,Ward 5,2020-09-18
2020-09-16,38.903448,-76.999783,Ward 6,2020-09-17
2020-09-16,38.899712,-76.995927,Ward 6,2020-09-18
2020-09-16,38.902779,-77.000024,Ward 6,2020-09-17
2020-09-16,38.897493,-76.935800,Ward 7,2020-09-24
2020-09-16,38.922595,-76.988745,Ward 5,2020-09-21
2020-09-16,38.917397,-76.999842,Ward 5,2020-10-14
2020-09-16,38.825838,-77.008557,Ward 8,2020-09-21
2020-09-16,38.898614,-76.931662,Ward 7,2020-09-22
2020-09-16,38.944323,-77.027359,Ward 4,2020-10-16
2020-09-16,38.943767,-77.035311,Ward 4,2020-09-23
2020-09-16,38.852406,-76.965688,Ward 8,2020-09-25
2020-09-16,38.898364,-77.000884,Ward 6,2020-10-29
2020-09-16,38.915490,-77.015941,Ward 1,2020-09-23
2020-09-16,38.967117,-77.021942,Ward 4,2020-09-22
2020-09-16,38.953433,-77.036017,Ward 4,2020-09-18
2020-09-16,38.912781,-77.012820,Ward 5,2020-09-23
2020-09-17,38.866627,-76.987005,Ward 8,2020-09-21
2020-09-17,38.865080,-76.987287,Ward 8,2020-09-21
2020-09-17,38.868424,-76.986884,Ward 8,2020-09-21
2020-09-17,38.929427,-77.020569,Ward 1,2020-09-24
2020-09-17,38.929153,-77.019853,Ward 1,2020-09-24
2020-09-17,38.878819,-76.988104,Ward 6,2020-10-29
2020-09-17,38.935530,-77.029469,Ward 1,2020-09-23
2020-09-17,38.935641,-77.028732,Ward 1,2020-09-24
2020-09-17,38.934290,-76.977974,Ward 5,2020-09-17
2020-09-17,38.903391,-76.989510,Ward 5,2020-09-18
2020-09-17,38.925670,-77.026144,Ward 1,2020-09-23
2020-09-17,38.923306,-77.027831,Ward 1,2020-09-23
2020-09-17,38.885025,-76.960802,Ward 7,2020-09-23
2020-09-17,38.865235,-76.957137,Ward 7,2020-09-18
2020-09-17,38.934338,-77.044449,Ward 1,2020-09-23
2020-09-17,38.911304,-76.934340,Ward 7,2020-10-02
2020-09-17,38.959418,-76.995782,Ward 4,2020-09-22
2020-09-17,38.911701,-77.056618,Ward 2,2020-09-23
2020-09-17,38.904845,-77.012937,Ward 6,2020-10-29
2020-09-17,38.885334,-76.957252,Ward 7,2020-10-02
2020-09-17,38.856417,-76.956872,Ward 7,2020-09-23
2020-09-17,38.878240,-76.986085,Ward 6,2020-09-24
2020-09-17,38.891657,-76.981004,Ward 6,2020-09-21
2020-09-17,38.891857,-76.988836,Ward 6,2020-10-29
2020-09-17,38.891581,-76.985213,Ward 6,2020-09-22
2020-09-17,38.876306,-76.987157,Ward 6,2020-09-22
2020-09-17,38.955682,-77.010746,Ward 4,2020-09-22
2020-09-17,38.922934,-77.027309,Ward 1,2020-09-23
2020-09-17,38.876706,-76.933822,Ward 7,2020-10-02
2020-09-17,38.923514,-77.027896,Ward 1,2020-09-21
2020-09-17,38.876707,-76.931926,Ward 7,2020-10-02
2020-09-17,38.877079,-76.931480,Ward 7,2020-10-02
2020-09-17,38.883168,-76.961101,Ward 7,2020-09-23
2020-09-17,38.921267,-77.030495,Ward 1,2020-09-23
2020-09-17,38.877232,-76.932239,Ward 7,2020-10-08
2020-09-17,38.876705,-76.932523,Ward 7,2020-10-02
2020-09-17,38.956891,-77.012267,Ward 4,2020-09-30
2020-09-17,38.878820,-76.965324,Ward 7,2020-10-26
2020-09-17,38.883420,-76.981872,Ward 6,2020-09-21
2020-09-17,38.878820,-76.965324,Ward 7,2020-10-13
2020-09-17,38.906137,-76.984994,Ward 5,2020-09-24
2020-09-17,38.948784,-77.016333,Ward 4,2020-09-23
2020-09-17,38.991418,-77.045050,Ward 4,2020-09-18
2020-09-17,38.822885,-76.999584,Ward 8,2020-10-19
2020-09-17,38.881939,-76.925239,Ward 7,2020-09-23
2020-09-17,38.925740,-77.026002,Ward 1,2020-09-21
2020-09-17,38.955686,-77.010928,Ward 4,2020-09-22
2020-09-17,38.871908,-76.938219,Ward 7,2020-10-02
2020-09-17,38.915052,-77.011885,Ward 5,2020-09-23
2020-09-17,38.915428,-77.015945,Ward 1,2020-09-23
2020-09-17,38.933410,-77.034160,Ward 1,2020-09-23
2020-09-17,38.831507,-77.002371,Ward 8,2020-09-24
2020-09-17,38.951170,-77.029384,Ward 4,2020-10-07
2020-09-17,38.872984,-76.977686,Ward 8,2020-10-16
2020-09-17,38.920233,-77.012149,Ward 5,2020-09-21
2020-09-17,38.938879,-77.025949,Ward 4,2020-09-23
2020-09-18,38.930866,-77.041574,Ward 1,2020-09-21
2020-09-18,38.930710,-77.041032,Ward 1,2020-09-21
2020-09-18,38.931898,-77.030540,Ward 1,2020-09-22
2020-09-18,38.889069,-76.925664,Ward 7,2020-10-08
2020-09-18,38.902047,-77.002265,Ward 6,2020-09-21
2020-09-18,38.891698,-76.927346,Ward 7,2020-10-26
2020-09-18,38.936037,-77.033756,Ward 1,2020-09-21
2020-09-18,38.930001,-77.018381,Ward 1,2020-09-21
2020-09-18,38.956151,-77.020285,Ward 4,2020-09-21
2020-09-18,38.932115,-77.035630,Ward 1,2020-10-05
2020-09-18,38.820584,-77.005570,Ward 8,2020-10-19
2020-09-18,38.991418,-77.045050,Ward 4,2020-09-21
2020-09-18,38.860068,-76.983666,Ward 8,2020-09-22
2020-09-18,38.930776,-77.039443,Ward 1,2020-09-21
2020-09-18,38.830300,-76.995747,Ward 8,2020-10-16
2020-09-18,38.894960,-76.986668,Ward 6,2020-09-24
2020-09-18,38.834354,-76.997220,Ward 8,2020-10-28
2020-09-18,38.926224,-77.025578,Ward 1,2020-09-21
2020-09-18,38.928395,-77.029109,Ward 1,2020-09-24
2020-09-18,38.836315,-77.003783,Ward 8,2020-09-21
2020-09-18,38.890082,-76.925856,Ward 7,2020-09-24
2020-09-18,38.925025,-77.043598,Ward 1,2020-09-24
2020-09-18,38.925929,-76.994735,Ward 5,2020-09-21
2020-09-18,38.918902,-77.025777,Ward 1,2020-09-24
2020-09-18,38.915749,-77.002332,Ward 5,2020-10-14
2020-09-18,38.943871,-77.023691,Ward 4,2020-10-07
2020-09-18,38.876309,-76.934355,Ward 7,2020-10-02
2020-09-18,38.918309,-77.006333,Ward 5,2020-09-21
2020-09-18,38.904492,-76.998727,Ward 6,2020-10-29
2020-09-18,38.830388,-76.993417,Ward 8,2020-09-25
2020-09-18,38.959415,-77.028466,Ward 4,2020-09-22
2020-09-18,38.960574,-77.028287,Ward 4,2020-09-22
2020-09-18,38.869320,-76.980509,Ward 8,2020-10-19
2020-09-18,38.964908,-77.066379,Ward 4,2020-09-24
2020-09-18,38.932694,-77.031856,Ward 1,2020-09-21
2020-09-18,38.870970,-76.978696,Ward 8,2020-09-22
2020-09-18,38.902761,-76.994580,Ward 6,2020-09-24
2020-09-18,38.830770,-76.995915,Ward 8,2020-10-16
2020-09-18,38.830298,-76.994101,Ward 8,2020-10-16
2020-09-18,38.923205,-76.963015,Ward 5,2020-10-16
2020-09-18,38.966330,-77.025267,Ward 4,2020-09-21
2020-09-18,38.831639,-76.988299,Ward 8,2020-10-19
2020-09-18,38.822885,-76.999584,Ward 8,2020-10-19
2020-09-18,38.834077,-77.006121,Ward 8,2020-10-19
2020-09-18,38.834077,-77.006121,Ward 8,2020-10-19
2020-09-18,38.922926,-76.974411,Ward 5,2020-09-21
2020-09-18,38.922711,-76.974678,Ward 5,2020-09-21
2020-09-18,38.903742,-76.986527,Ward 5,2020-10-16
2020-09-19,38.864375,-76.968585,Ward 7,2020-09-25
2020-09-19,38.906003,-76.986812,Ward 5,2020-10-09
2020-09-19,38.931245,-77.039718,Ward 1,2020-09-24
2020-09-19,38.931245,-77.039718,Ward 1,2020-09-24
2020-09-19,38.943430,-77.026196,Ward 4,2020-09-23
2020-09-19,38.902833,-76.929618,Ward 7,2020-10-08
2020-09-19,38.930132,-76.993780,Ward 5,2020-09-21
2020-09-19,38.919776,-77.028985,Ward 1,2020-09-24
2020-09-19,38.902029,-76.929771,Ward 7,2020-10-08
2020-09-19,38.901807,-76.995234,Ward 6,2020-11-04
2020-09-19,38.912398,-76.984606,Ward 5,2020-09-21
2020-09-19,38.929433,-76.993744,Ward 5,2020-09-21
2020-09-19,38.906151,-76.976954,Ward 5,2020-10-14
2020-09-19,38.916776,-77.039369,Ward 2,2020-09-23
2020-09-19,38.928093,-76.984927,Ward 5,2020-10-16
2020-09-19,38.923159,-77.038996,Ward 1,2020-09-24
2020-09-19,38.971160,-77.032085,Ward 4,2020-09-21
2020-09-19,38.923205,-77.037766,Ward 1,2020-09-24
2020-09-19,38.935846,-77.025005,Ward 4,2020-09-23
2020-09-19,38.891421,-76.988593,Ward 6,2020-10-29
2020-09-19,38.929651,-77.026543,Ward 1,2020-09-24
2020-09-20,38.933024,-77.027436,Ward 1,2020-09-24
2020-09-20,38.955550,-77.021735,Ward 4,2020-10-07
2020-09-20,38.927363,-76.992203,Ward 5,2020-10-14
2020-09-20,38.929651,-77.026543,Ward 1,2020-09-24
2020-09-20,38.873528,-76.969155,Ward 7,2020-11-03
2020-09-20,38.903207,-76.990136,Ward 5,2020-09-23
2020-09-20,38.968856,-77.065286,Ward 4,2020-10-16
2020-09-20,38.879078,-76.992265,Ward 6,2020-10-29
2020-09-20,38.865318,-76.981035,Ward 8,2020-10-21
2020-09-20,38.895003,-77.031353,Ward 2,2020-09-21
2020-09-20,38.898897,-76.943860,Ward 7,2020-09-24
2020-09-20,38.902850,-76.928666,Ward 7,2020-10-08
2020-09-20,38.902390,-76.975654,Ward 5,2020-10-09
2020-09-20,38.842406,-77.003081,Ward 8,2020-09-21
2020-09-20,38.902699,-76.922206,Ward 7,2020-10-08
2020-09-21,38.933076,-77.025056,Ward 1,2020-10-09
2020-09-21,38.886468,-76.923254,Ward 7,2020-09-23
2020-09-21,38.893588,-76.979172,Ward 6,2020-10-29
2020-09-21,38.944534,-77.026581,Ward 4,2020-10-16
2020-09-21,38.886837,-76.995266,Ward 6,2020-09-23
2020-09-21,38.887773,-76.925328,Ward 7,2020-10-08
2020-09-21,38.906586,-77.018429,Ward 2,2020-09-30
2020-09-21,38.902513,-76.929478,Ward 7,2020-10-08
2020-09-21,38.905813,-77.000243,Ward 6,2020-09-30
2020-09-21,38.893585,-76.978749,Ward 6,2020-09-22
2020-09-21,38.888882,-76.984875,Ward 6,2020-10-29
2020-09-21,38.958918,-77.020089,Ward 4,2020-10-19
2020-09-21,38.952483,-77.012651,Ward 4,2020-10-07
2020-09-21,38.913469,-77.009378,Ward 5,2020-09-22
2020-09-21,38.883819,-76.998685,Ward 6,2020-10-29
2020-09-21,38.912396,-77.030629,Ward 2,2020-09-30
2020-09-21,38.919371,-77.009294,Ward 5,2020-10-09
2020-09-21,38.907243,-76.987313,Ward 5,2020-10-09
2020-09-21,38.961465,-77.026248,Ward 4,2020-10-07
2020-09-21,38.933410,-77.034160,Ward 1,2020-09-23
2020-09-21,38.916155,-77.038218,Ward 2,2020-09-30
2020-09-21,38.845703,-77.001903,Ward 8,2020-10-16
2020-09-21,38.830751,-76.998946,Ward 8,2020-10-16
2020-09-21,38.875209,-76.963790,Ward 7,2020-10-08
2020-09-21,38.958313,-77.004310,Ward 4,2020-09-23
2020-09-21,38.935875,-77.029083,Ward 1,2020-10-02
2020-09-21,38.886245,-76.925591,Ward 7,2020-10-08
2020-09-21,38.929651,-77.026543,Ward 1,2020-09-24
2020-09-21,38.889509,-76.984182,Ward 6,2020-10-29
2020-09-21,38.849526,-76.979890,Ward 8,2020-09-24
2020-09-21,38.930690,-76.984993,Ward 5,2020-10-16
2020-09-21,38.888885,-76.984445,Ward 6,2020-09-22
2020-09-21,38.862864,-76.980433,Ward 8,2020-09-23
2020-09-21,38.842485,-77.002950,Ward 8,2020-09-23
2020-09-21,38.896089,-76.915860,Ward 7,2020-10-08
2020-09-21,38.895636,-76.919893,Ward 7,2020-10-08
2020-09-21,38.955420,-77.026352,Ward 4,2020-09-23
2020-09-21,38.890559,-76.983389,Ward 6,2020-10-29
2020-09-21,38.957121,-77.027397,Ward 4,2020-10-07
2020-09-21,38.834521,-76.998179,Ward 8,2020-10-05
2020-09-21,38.941240,-77.016435,Ward 4,2020-10-08
2020-09-21,38.912735,-76.984446,Ward 5,2020-09-23
2020-09-21,38.902431,-76.975553,Ward 5,2020-10-09
2020-09-21,38.899413,-77.007999,Ward 6,2020-09-22
2020-09-21,38.909804,-77.008087,Ward 5,2020-09-22
2020-09-21,38.938355,-76.996009,Ward 5,2020-09-22
2020-09-21,38.909444,-77.006921,Ward 5,2020-09-22
2020-09-21,38.909444,-77.006921,Ward 5,2020-09-22
2020-09-21,38.902783,-77.008703,Ward 6,2020-10-29
2020-09-21,38.863931,-76.988165,Ward 8,2020-09-24
2020-09-21,38.860701,-76.992579,Ward 8,2020-10-05
2020-09-21,38.832218,-77.005195,Ward 8,2020-10-21
2020-09-21,38.862313,-76.992601,Ward 8,2020-10-16
2020-09-22,38.928816,-77.022673,Ward 1,2020-09-22
2020-09-22,38.920524,-76.986131,Ward 5,2020-10-09
2020-09-22,38.957913,-77.021637,Ward 4,2020-10-08
2020-09-22,38.885025,-76.960802,Ward 7,2020-09-23
2020-09-22,38.903290,-76.928314,Ward 7,2020-10-08
2020-09-22,38.850188,-76.965553,Ward 8,2020-10-21
2020-09-22,38.923228,-76.974931,Ward 5,2020-09-22
2020-09-22,38.922861,-76.974409,Ward 5,2020-09-22
2020-09-22,38.980165,-77.025621,Ward 4,2020-09-23
2020-09-22,38.908006,-76.986249,Ward 5,2020-10-09
2020-09-22,38.912788,-77.030538,Ward 2,2020-09-22
2020-09-22,38.910223,-76.938751,Ward 7,2020-10-08
2020-09-22,38.915328,-77.014106,Ward 5,2020-09-23
2020-09-22,38.951652,-77.030451,Ward 4,2020-10-19
2020-09-22,38.873773,-76.936181,Ward 7,2020-09-23
2020-09-22,38.955550,-77.021735,Ward 4,2020-10-07
2020-09-22,38.905440,-77.018336,Ward 6,2020-10-29
2020-09-22,38.883457,-76.945855,Ward 7,2020-10-02
2020-09-22,38.898085,-76.980296,Ward 6,2020-11-02
2020-09-22,38.941829,-77.060300,Ward 3,2020-09-23
2020-09-22,38.929651,-77.026543,Ward 1,2020-09-24
2020-09-22,38.868050,-76.986475,Ward 8,2020-10-08
2020-09-22,38.917683,-77.039283,Ward 1,2020-09-23
2020-09-22,38.947939,-77.016328,Ward 4,2020-10-09
2020-09-22,38.934756,-77.023286,Ward 1,2020-09-30
2020-09-22,38.904335,-76.986094,Ward 5,2020-10-09
2020-09-22,38.915428,-77.015945,Ward 1,2020-09-23
2020-09-22,38.914604,-77.016925,Ward 1,2020-10-02
2020-09-22,38.899083,-76.983396,Ward 6,2020-09-24
2020-09-22,38.902011,-76.926541,Ward 7,2020-09-24
2020-09-22,38.941364,-77.024772,Ward 4,2020-10-07
2020-09-22,38.871183,-76.940067,Ward 7,2020-10-02
2020-09-22,38.971478,-77.021937,Ward 4,2020-10-06
2020-09-22,38.933085,-77.028158,Ward 1,2020-10-02
2020-09-22,38.905391,-76.927739,Ward 7,2020-09-24
2020-09-22,38.899999,-76.976591,Ward 5,2020-10-09
2020-09-22,38.896277,-76.978504,Ward 6,2020-09-30
2020-09-22,38.873413,-76.973888,Ward 8,2020-10-21
2020-09-22,38.892287,-76.988999,Ward 6,2020-09-30
2020-09-22,38.873429,-76.975280,Ward 8,2020-10-19
2020-09-22,38.929280,-76.993100,Ward 5,2020-10-16
2020-09-22,38.917045,-77.048577,Ward 2,2020-09-30
2020-09-22,38.873748,-76.976176,Ward 8,2020-10-21
2020-09-22,38.896825,-76.982098,Ward 6,2020-10-29
2020-09-22,38.907422,-77.011853,Ward 5,2020-10-09
2020-09-22,38.899325,-76.998228,Ward 6,2020-10-29
2020-09-22,38.915756,-77.012781,Ward 5,2020-10-27
2020-09-22,38.890046,-76.984412,Ward 6,2020-10-29
2020-09-22,38.935400,-77.024674,Ward 1,2020-10-02
2020-09-22,38.830769,-77.002699,Ward 8,2020-10-16
2020-09-22,38.919716,-76.982310,Ward 5,2020-09-23
2020-09-22,38.861268,-76.984457,Ward 8,2020-10-21
2020-09-22,38.939532,-77.025728,Ward 4,2020-10-07
2020-09-22,38.904890,-76.925702,Ward 7,2020-09-24
2020-09-22,38.888214,-76.933120,Ward 7,2020-09-23
2020-09-22,38.971160,-77.032085,Ward 4,2020-09-23
2020-09-22,38.932306,-76.973535,Ward 5,2020-10-16
2020-09-22,38.911667,-76.984927,Ward 5,2020-09-23
2020-09-23,38.933942,-77.025034,Ward 1,2020-09-30
2020-09-23,38.895929,-76.981819,Ward 6,2020-09-30
2020-09-23,38.905813,-77.000243,Ward 6,2020-09-30
2020-09-23,38.934828,-77.028317,Ward 1,2020-10-05
2020-09-23,38.919363,-76.982293,Ward 5,2020-09-24
2020-09-23,38.928698,-77.025561,Ward 1,2020-09-24
2020-09-23,38.928711,-77.025431,Ward 1,2020-09-30
2020-09-23,38.834388,-76.997173,Ward 8,2020-10-21
2020-09-23,38.928459,-77.021475,Ward 1,2020-09-30
2020-09-23,38.886616,-76.921804,Ward 7,2020-09-24
2020-09-23,38.900914,-76.988507,Ward 6,2020-09-30
2020-09-23,38.941160,-77.026067,Ward 4,2020-10-06
2020-09-23,38.895023,-76.994487,Ward 6,2020-10-29
2020-09-23,38.822885,-76.999584,Ward 8,2020-10-19
2020-09-23,38.955915,-77.026921,Ward 4,2020-10-06
2020-09-23,38.962496,-76.998940,Ward 4,2020-10-19
2020-09-23,38.956184,-77.012576,Ward 4,2020-09-24
2020-09-23,38.879223,-76.964237,Ward 7,2020-10-01
2020-09-23,38.884215,-76.931479,Ward 7,2020-10-08
2020-09-23,38.914535,-77.025761,Ward 1,2020-09-30
2020-09-23,38.914676,-77.025629,Ward 1,2020-09-24
2020-09-23,38.952692,-77.027226,Ward 4,2020-10-06
2020-09-23,38.965741,-77.025728,Ward 4,2020-10-07
2020-09-23,38.965171,-77.025716,Ward 4,2020-10-07
2020-09-23,38.902405,-76.929420,Ward 7,2020-10-01
2020-09-23,38.916174,-77.020334,Ward 1,2020-09-30
2020-09-23,38.899973,-76.987217,Ward 6,2020-09-24
2020-09-23,38.945255,-77.033710,Ward 4,2020-10-22
2020-09-23,38.934341,-77.029988,Ward 1,2020-10-09
2020-09-23,38.943294,-77.004999,Ward 5,2020-10-15
2020-09-23,38.958135,-77.026977,Ward 4,2020-10-06
2020-09-23,38.903742,-76.986527,Ward 5,2020-10-16
2020-09-23,38.941644,-76.973929,Ward 5,2020-09-28
2020-09-23,38.927871,-77.056118,Ward 3,2020-09-24
2020-09-23,38.895933,-76.982058,Ward 6,2020-10-29
2020-09-23,38.842406,-77.003081,Ward 8,2020-10-16
2020-09-23,38.937794,-77.031653,Ward 4,2020-10-07
2020-09-23,38.926913,-77.023612,Ward 1,2020-09-30
2020-09-23,38.917938,-77.000129,Ward 5,2020-10-28
2020-09-24,38.916765,-77.040148,Ward 2,2020-09-30
2020-09-24,38.892297,-76.984104,Ward 6,2020-10-05
2020-09-24,38.944369,-77.026531,Ward 4,2020-10-06
2020-09-24,38.919881,-76.978610,Ward 5,2020-10-09
2020-09-24,38.892334,-76.929580,Ward 7,2020-10-08
2020-09-24,38.924723,-77.033613,Ward 1,2020-09-28
2020-09-24,38.843005,-77.003724,Ward 8,2020-09-24
2020-09-24,38.894502,-76.993454,Ward 6,2020-09-28
2020-09-24,38.947711,-77.022693,Ward 4,2020-09-25
2020-09-24,38.953535,-77.023656,Ward 4,2020-10-19
2020-09-24,38.902863,-76.982721,Ward 5,2020-10-09
2020-09-24,38.929167,-77.024631,Ward 1,2020-09-28
2020-09-24,38.927082,-77.024948,Ward 1,2020-10-09
2020-09-24,38.925740,-77.026002,Ward 1,2020-09-30
2020-09-24,38.966197,-77.004919,Ward 4,2020-10-19
2020-09-24,38.922807,-77.031009,Ward 1,2020-09-30
2020-09-24,38.928916,-77.027115,Ward 1,2020-09-30
2020-09-24,38.897091,-76.970368,Ward 7,2020-10-01
2020-09-24,38.865241,-76.980691,Ward 8,2020-10-21
2020-09-24,38.922953,-77.031687,Ward 1,2020-09-29
2020-09-24,38.903207,-76.990136,Ward 5,2020-10-09
2020-09-24,38.955702,-77.027415,Ward 4,2020-10-16
2020-09-24,38.902513,-76.929478,Ward 7,2020-10-08
2020-09-24,38.904004,-76.924885,Ward 7,2020-10-01
2020-09-24,38.893995,-76.958594,Ward 7,2020-10-01
2020-09-24,38.892259,-76.915313,Ward 7,2020-10-02
2020-09-24,38.845769,-76.996602,Ward 8,2020-10-16
2020-09-24,38.829824,-77.006169,Ward 8,2020-10-19
2020-09-24,38.830953,-77.007342,Ward 8,2020-10-26
2020-09-24,38.842551,-77.002818,Ward 8,2020-10-16
2020-09-24,38.931680,-77.026929,Ward 1,2020-09-28
2020-09-24,38.919365,-76.979341,Ward 5,2020-10-09
2020-09-24,38.906314,-76.936704,Ward 7,2020-10-05
2020-09-24,38.896935,-76.941478,Ward 7,2020-10-08
2020-09-24,38.832028,-77.011732,Ward 8,2020-10-19
2020-09-24,38.847781,-77.001302,Ward 8,2020-10-16
2020-09-24,38.931848,-77.026925,Ward 1,2020-09-28
2020-09-24,38.832626,-77.005643,Ward 8,2020-10-19
2020-09-24,38.873295,-76.974011,Ward 8,2020-10-21
2020-09-24,38.831313,-77.004985,Ward 8,2020-10-16
2020-09-24,38.917941,-77.007797,Ward 5,2020-10-09
2020-09-24,38.915147,-77.018786,Ward 1,2020-09-30
2020-09-24,38.937606,-76.975963,Ward 5,2020-10-14
2020-09-24,38.848427,-77.000760,Ward 8,2020-10-16
2020-09-24,38.910359,-77.019634,Ward 6,2020-09-29
2020-09-24,38.935732,-77.025108,Ward 4,2020-09-29
2020-09-24,38.923981,-77.029129,Ward 1,2020-09-30
2020-09-25,38.917757,-77.017248,Ward 1,2020-09-30
2020-09-25,38.890735,-76.982861,Ward 6,2020-10-29
2020-09-25,38.822603,-77.006634,Ward 8,2020-10-16
2020-09-25,38.874303,-76.934167,Ward 7,2020-10-01
2020-09-25,38.941479,-77.029970,Ward 4,2020-10-06
2020-09-25,38.970507,-77.028242,Ward 4,2020-10-16
2020-09-25,38.909132,-77.018675,Ward 6,2020-10-29
2020-09-25,38.916575,-77.026740,Ward 1,2020-09-28
2020-09-25,38.852355,-76.971990,Ward 8,2020-10-19
2020-09-25,38.904436,-77.048631,Ward 2,2020-09-30
2020-09-25,38.914676,-77.042627,Ward 2,2020-09-28
2020-09-25,38.923159,-77.038996,Ward 1,2020-09-30
2020-09-25,38.904968,-76.996164,Ward 6,2020-10-05
2020-09-25,38.906244,-76.931217,Ward 7,2020-10-01
2020-09-25,38.872984,-76.977686,Ward 8,2020-10-16
2020-09-25,38.834407,-76.997906,Ward 8,2020-10-21
2020-09-25,38.961042,-77.003787,Ward 4,2020-10-19
2020-09-25,38.847233,-76.969960,Ward 8,2020-09-28
2020-09-25,38.970369,-77.028247,Ward 4,2020-10-19
2020-09-25,38.901853,-76.995937,Ward 6,2020-10-29
2020-09-25,38.878863,-76.998968,Ward 6,2020-10-29
2020-09-25,38.933668,-77.033098,Ward 1,2020-09-30
2020-09-25,38.929928,-77.039094,Ward 1,2020-09-30
2020-09-25,38.933975,-77.028224,Ward 1,2020-09-30
2020-09-25,38.940205,-77.021761,Ward 4,2020-10-06
2020-09-25,38.936542,-77.025468,Ward 4,2020-10-16
2020-09-25,38.826958,-76.998266,Ward 8,2020-10-19
2020-09-25,38.928711,-77.025431,Ward 1,2020-09-30
2020-09-25,38.916570,-77.002419,Ward 5,2020-10-14
2020-09-25,38.938484,-77.030005,Ward 4,2020-10-06
2020-09-25,38.897636,-76.972083,Ward 7,2020-10-26
2020-09-25,38.916810,-77.010865,Ward 5,2020-09-29
2020-09-25,38.879286,-77.009058,Ward 6,2020-10-14
2020-09-25,38.830388,-76.993417,Ward 8,2020-10-05
2020-09-25,38.917764,-77.017297,Ward 1,2020-09-28
2020-09-25,38.956234,-77.020654,Ward 4,2020-09-29
2020-09-25,38.891581,-76.985213,Ward 6,2020-10-29
2020-09-25,38.931197,-77.021523,Ward 1,2020-09-30
2020-09-25,38.930001,-77.018381,Ward 1,2020-10-06
2020-09-25,38.842406,-77.003081,Ward 8,2020-10-16
2020-09-25,38.922860,-77.032995,Ward 1,2020-09-29
2020-09-25,38.938493,-77.023843,Ward 4,2020-10-06
2020-09-25,38.928885,-77.030667,Ward 1,2020-09-28
2020-09-25,38.888322,-76.985824,Ward 6,2020-10-29
2020-09-26,38.873599,-76.975282,Ward 8,2020-10-19
2020-09-26,38.944369,-77.026531,Ward 4,2020-10-06
2020-09-26,38.934866,-77.036819,Ward 1,2020-09-29
2020-09-26,38.865196,-76.980485,Ward 8,2020-10-21
2020-09-26,38.871930,-76.937716,Ward 7,2020-10-08
2020-09-26,38.867034,-76.982481,Ward 8,2020-09-29
2020-09-26,38.864617,-76.994890,Ward 8,2020-10-21
2020-09-26,38.912330,-76.986888,Ward 5,2020-11-03
2020-09-26,38.925564,-77.023092,Ward 1,2020-10-09
2020-09-26,38.870937,-76.971364,Ward 8,2020-10-21
2020-09-26,38.914692,-77.008714,Ward 5,2020-10-15
2020-09-26,38.910910,-77.041103,Ward 2,2020-09-28
2020-09-27,38.895550,-76.984552,Ward 6,2020-10-29
2020-09-27,38.883013,-76.922627,Ward 7,2020-10-08
2020-09-27,38.943245,-77.021211,Ward 4,2020-09-29
2020-09-27,38.963953,-77.026533,Ward 4,2020-10-19
2020-09-27,38.925740,-77.026002,Ward 1,2020-09-30
2020-09-27,38.927884,-76.975977,Ward 5,2020-10-14
2020-09-27,38.928026,-77.037497,Ward 1,2020-09-29
2020-09-27,38.957583,-77.030101,Ward 4,2020-09-29
2020-09-27,38.898079,-76.980254,Ward 6,2020-11-02
2020-09-27,38.906314,-76.936704,Ward 7,2020-10-01
2020-09-27,38.931680,-77.026929,Ward 1,2020-09-28
2020-09-27,38.904689,-76.996401,Ward 6,2020-10-29
2020-09-27,38.935476,-77.035829,Ward 1,2020-10-14
2020-09-27,38.926175,-76.983204,Ward 5,2020-09-29
2020-09-27,38.888176,-76.999220,Ward 6,2020-10-29
2020-09-27,38.932190,-77.036043,Ward 1,2020-10-09
2020-09-27,38.897391,-76.980292,Ward 6,2020-10-29
2020-09-27,38.922555,-77.001396,Ward 5,2020-09-29
2020-09-28,38.883832,-76.997361,Ward 6,2020-09-28
2020-09-28,38.964034,-77.034915,Ward 4,2020-10-16
2020-09-28,38.893753,-76.990594,Ward 6,2020-09-29
2020-09-28,38.928170,-77.033030,Ward 1,2020-10-09
2020-09-28,38.985004,-77.031721,Ward 4,2020-10-16
2020-09-28,38.949537,-77.016121,Ward 4,2020-09-29
2020-09-28,38.938318,-77.016877,Null,2020-09-30
2020-09-28,38.940204,-76.996787,Ward 5,2020-09-29
2020-09-28,38.917608,-77.018705,Ward 1,2020-10-09
2020-09-28,38.943820,-77.026773,Ward 4,2020-09-29
2020-09-28,38.943820,-77.026773,Ward 4,2020-09-29
2020-09-28,38.954721,-77.018000,Ward 4,2020-10-19
2020-09-28,38.930723,-77.025190,Ward 1,2020-10-09
2020-09-28,38.928713,-77.025475,Ward 1,2020-10-09
2020-09-28,38.830275,-76.995949,Ward 8,2020-10-16
2020-09-28,38.927686,-77.034590,Ward 1,2020-10-09
2020-09-28,38.874603,-76.933147,Ward 7,2020-10-02
2020-09-28,38.887599,-76.934853,Ward 7,2020-10-01
2020-09-28,38.910795,-77.009051,Ward 5,2020-09-29
2020-09-28,38.837581,-76.988454,Ward 8,2020-10-19
2020-09-28,38.834068,-76.988024,Ward 8,2020-10-16
2020-09-28,38.834352,-76.988342,Ward 8,2020-10-16
2020-09-28,38.933938,-77.021887,Ward 1,2020-10-09
2020-09-28,38.957467,-77.013966,Ward 4,2020-10-06
2020-09-28,38.922843,-77.033413,Ward 1,2020-10-09
2020-09-28,38.857766,-76.967530,Ward 7,2020-10-02
2020-09-28,38.891868,-76.998691,Ward 6,2020-10-28
2020-09-28,38.959505,-77.007800,Ward 4,2020-09-30
2020-09-28,38.851565,-76.965003,Ward 8,2020-10-19
2020-09-28,38.880055,-76.996794,Ward 6,2020-10-29
2020-09-28,38.867858,-76.958887,Ward 7,2020-10-01
2020-09-28,38.824806,-76.998390,Ward 8,2020-10-16
2020-09-28,38.855408,-76.980601,Ward 8,2020-09-30
2020-09-28,38.894935,-76.989782,Ward 6,2020-09-29
2020-09-28,38.912038,-77.035540,Ward 2,2020-10-06
2020-09-28,38.939772,-77.018780,Ward 4,2020-10-19
2020-09-28,38.901809,-76.995937,Ward 6,2020-10-29
2020-09-29,38.896963,-76.941303,Ward 7,2020-10-01
2020-09-29,38.906273,-77.028460,Ward 2,2020-11-02
2020-09-29,38.925497,-77.031654,Ward 1,2020-10-09
2020-09-29,38.930741,-77.039229,Ward 1,2020-10-15
2020-09-29,38.930866,-77.041574,Ward 1,2020-10-20
2020-09-29,38.930382,-77.041902,Ward 1,2020-10-15
2020-09-29,38.859834,-76.996261,Ward 8,2020-09-30
2020-09-29,38.853728,-76.995045,Ward 8,2020-10-16
2020-09-29,38.867865,-76.970199,Ward 7,2020-09-30
2020-09-29,38.936146,-77.030131,Ward 1,2020-10-14
2020-09-29,38.870913,-76.967142,Ward 7,2020-10-02
2020-09-29,38.907437,-76.988551,Ward 5,2020-10-28
2020-09-29,38.904397,-76.980930,Ward 5,2020-10-28
2020-09-29,38.958016,-77.020245,Ward 4,2020-10-07
2020-09-29,38.904287,-76.981243,Ward 5,2020-10-28
2020-09-29,38.883014,-76.985788,Ward 6,2020-10-07
2020-09-29,38.943245,-77.021211,Ward 4,2020-09-29
2020-09-29,38.904619,-76.981315,Ward 5,2020-10-14
2020-09-29,38.928366,-76.991527,Ward 5,2020-10-15
2020-09-29,38.927297,-77.024810,Ward 1,2020-10-14
2020-09-29,38.904873,-76.981835,Ward 5,2020-09-30
2020-09-29,38.894251,-76.938771,Ward 7,2020-10-01
2020-09-29,38.894251,-76.938771,Ward 7,2020-10-01
2020-09-29,38.910782,-76.987579,Ward 5,2020-11-03
2020-09-29,38.913728,-77.025771,Ward 6,2020-10-01
2020-09-29,38.918113,-77.031952,Ward 1,2020-09-30
2020-09-29,38.842405,-77.002063,Ward 8,2020-10-16
2020-09-29,38.848066,-77.000123,Ward 8,2020-10-16
2020-09-29,38.895696,-76.941654,Ward 7,2020-10-01
2020-09-29,38.956118,-76.998461,Ward 5,2020-10-15
2020-09-29,38.871070,-76.940543,Ward 7,2020-10-01
2020-09-29,38.935962,-77.029963,Ward 1,2020-10-22
2020-09-29,38.928812,-77.037121,Ward 1,2020-10-15
2020-09-29,38.879802,-76.926909,Ward 7,2020-10-02
2020-09-29,38.956891,-77.012267,Ward 4,2020-10-19
2020-09-29,38.883017,-76.922343,Ward 7,2020-10-01
2020-09-29,38.866684,-76.987400,Ward 8,2020-10-19
2020-09-29,38.904167,-76.987558,Ward 5,2020-09-30
2020-09-29,38.951815,-77.013146,Ward 4,2020-09-30
2020-09-29,38.859746,-76.997152,Ward 8,2020-10-21
2020-09-29,38.963953,-77.026533,Ward 4,2020-10-19
2020-09-29,38.957576,-77.024797,Ward 4,2020-10-07
2020-09-29,38.954660,-77.023675,Ward 4,2020-10-09
2020-09-29,38.899117,-76.981496,Ward 6,2020-10-29
2020-09-29,38.919452,-76.982935,Ward 5,2020-10-21
2020-09-29,38.868308,-76.968031,Ward 7,2020-10-01
2020-09-29,38.902585,-76.935482,Ward 7,2020-10-02
2020-09-29,38.899500,-76.938309,Ward 7,2020-10-05
2020-09-29,38.833311,-76.987230,Ward 8,2020-10-19
2020-09-29,38.903534,-76.979901,Ward 5,2020-10-09
2020-09-29,38.935270,-77.026764,Ward 1,2020-10-14
2020-09-29,38.862516,-76.990893,Ward 8,2020-10-16
2020-09-29,38.902938,-76.980280,Ward 5,2020-10-14
2020-09-29,38.935012,-77.029463,Ward 1,2020-10-14
2020-09-29,38.920083,-76.982376,Ward 5,2020-10-14
2020-09-29,38.893223,-76.918520,Ward 7,2020-10-01
2020-09-29,38.881425,-76.924082,Ward 7,2020-10-01
2020-09-29,38.896301,-76.997064,Ward 6,2020-10-29
2020-09-29,38.930056,-77.042717,Ward 1,2020-09-30
2020-09-29,38.917792,-76.998735,Ward 5,2020-10-01
2020-09-29,38.917938,-77.000129,Ward 5,2020-09-30
2020-09-29,38.904634,-77.027867,Ward 2,2020-10-06
2020-09-30,38.925040,-77.042693,Ward 1,2020-10-15
2020-09-30,38.925166,-77.100129,Ward 3,2020-09-30
2020-09-30,38.884921,-77.008819,Ward 6,2020-09-30
2020-09-30,38.900361,-77.019169,Ward 2,2020-09-30
2020-09-30,38.904439,-77.041331,Ward 2,2020-09-30
2020-09-30,38.862612,-76.990719,Ward 8,2020-10-16
2020-09-30,38.928704,-77.025252,Ward 1,2020-09-30
2020-09-30,38.862625,-76.992210,Ward 8,2020-10-21
2020-09-30,38.954284,-77.028545,Ward 4,2020-10-07
2020-09-30,38.931594,-77.023853,Ward 1,2020-10-21
2020-09-30,38.935965,-77.030581,Ward 1,2020-10-14
2020-09-30,38.892679,-76.914848,Ward 7,2020-10-01
2020-09-30,38.944880,-77.026822,Ward 4,2020-10-07
2020-09-30,38.943847,-77.033001,Ward 4,2020-10-01
2020-09-30,38.868056,-76.976470,Ward 8,2020-10-01
2020-09-30,38.900028,-77.056203,Ward 2,2020-10-20
2020-09-30,38.925564,-77.023092,Ward 1,2020-10-09
2020-09-30,38.940821,-77.018114,Ward 4,2020-10-16
2020-09-30,38.904634,-77.027867,Ward 2,2020-10-06
2020-09-30,38.908006,-76.986249,Ward 5,2020-10-09
2020-09-30,38.933510,-77.057314,Ward 3,2020-10-01
2020-09-30,38.935908,-77.030610,Ward 1,2020-10-14
2020-09-30,38.887932,-76.922643,Ward 7,2020-10-08
2020-09-30,38.937197,-76.994841,Ward 5,2020-10-16
2020-09-30,38.851337,-76.983704,Ward 8,2020-10-21
2020-09-30,38.896927,-76.937504,Ward 7,2020-10-01
2020-09-30,38.949937,-77.026061,Ward 4,2020-10-07
2020-09-30,38.897063,-76.935152,Ward 7,2020-10-01
2020-09-30,38.923499,-77.046098,Ward 1,2020-10-15
2020-09-30,38.867723,-76.979249,Ward 8,2020-10-19
2020-09-30,38.822885,-76.999584,Ward 8,2020-10-19
2020-09-30,38.904341,-76.987912,Ward 5,2020-10-28
2020-09-30,38.927217,-77.023668,Ward 1,2020-10-20
2020-09-30,38.956641,-77.020141,Ward 4,2020-10-07
2020-09-30,38.881460,-76.990698,Ward 6,2020-10-07
2020-09-30,38.867744,-76.986459,Ward 8,2020-10-21
2020-09-30,38.908275,-76.984733,Ward 5,2020-10-09
2020-09-30,38.942393,-77.020125,Ward 4,2020-10-16
2020-09-30,38.883308,-76.922044,Ward 7,2020-10-01
2020-09-30,38.914997,-77.001207,Ward 5,2020-10-22
2020-09-30,38.918920,-76.979708,Ward 5,2020-10-09
2020-09-30,38.899990,-76.976760,Ward 5,2020-10-09
2020-09-30,38.964553,-77.035567,Ward 4,2020-11-03
2020-09-30,38.922843,-77.033413,Ward 1,2020-10-09
2020-09-30,38.905864,-76.936606,Ward 7,2020-10-01
2020-09-30,38.989925,-77.035165,Ward 4,2020-10-21
2020-09-30,38.922843,-77.033413,Ward 1,2020-10-09
2020-09-30,38.904069,-76.981491,Ward 5,2020-10-28
2020-09-30,38.899050,-76.996387,Ward 6,2020-10-01
2020-09-30,38.955880,-77.022526,Ward 4,2020-10-07
2020-09-30,38.901805,-76.992402,Ward 6,2020-10-29
2020-09-30,38.901497,-76.992021,Ward 6,2020-10-14
2020-09-30,38.933043,-76.964646,Ward 5,2020-10-19
2020-09-30,38.829857,-76.994431,Ward 8,2020-10-16
2020-09-30,38.830299,-76.994807,Ward 8,2020-10-16
2020-09-30,38.824298,-76.997658,Ward 8,2020-10-19
2020-09-30,38.847781,-77.001302,Ward 8,2020-10-16
2020-09-30,38.853597,-76.971640,Ward 8,2020-10-02
2020-09-30,38.927686,-77.034590,Ward 1,2020-10-09
2020-09-30,38.924224,-77.033843,Ward 1,2020-10-21
2020-10-01,38.901773,-77.053021,Ward 2,2020-10-08
2020-10-01,38.902529,-77.050112,Ward 2,2020-10-09
2020-10-01,38.898296,-76.981411,Ward 6,2020-10-21
2020-10-01,38.877964,-76.934438,Ward 7,2020-10-02
2020-10-01,38.877964,-76.934438,Ward 7,2020-10-02
2020-10-01,38.842329,-77.003113,Ward 8,2020-10-16
2020-10-01,38.906433,-76.976955,Ward 5,2020-10-19
2020-10-01,38.925740,-77.026002,Ward 1,2020-10-16
2020-10-01,38.903145,-76.992414,Ward 6,2020-10-19
2020-10-01,38.965654,-77.071445,Ward 3,2020-10-05
2020-10-01,38.893094,-76.918733,Ward 7,2020-10-26
2020-10-01,38.921383,-77.032702,Ward 1,2020-10-16
2020-10-01,38.895148,-76.918057,Ward 7,2020-10-23
2020-10-01,38.894794,-76.917517,Ward 7,2020-10-05
2020-10-01,38.947711,-77.022693,Ward 4,2020-10-19
2020-10-01,38.903905,-76.997132,Ward 6,2020-10-29
2020-10-01,38.872741,-76.965732,Ward 7,2020-10-26
2020-10-01,38.877408,-76.939826,Ward 7,2020-10-07
2020-10-01,38.928811,-77.022736,Ward 1,2020-10-01
2020-10-01,38.973022,-77.024732,Ward 4,2020-10-19
2020-10-01,38.871103,-76.974283,Ward 8,2020-10-21
2020-10-01,38.958226,-77.025272,Ward 4,2020-10-19
2020-10-01,38.930821,-77.024318,Ward 1,2020-10-16
2020-10-01,38.923729,-77.040588,Ward 1,2020-10-16
2020-10-01,38.903316,-76.931427,Ward 7,2020-10-05
2020-10-01,38.957902,-76.995664,Ward 4,2020-10-19
2020-10-01,38.933358,-77.032968,Ward 1,2020-10-19
2020-10-01,38.878456,-76.938723,Ward 7,2020-10-26
2020-10-01,38.879591,-76.929691,Ward 7,2020-10-06
2020-10-01,38.950829,-77.012390,Ward 4,2020-11-03
2020-10-01,38.922428,-77.032010,Ward 1,2020-10-07
2020-10-01,38.878134,-76.942733,Ward 7,2020-10-07
2020-10-01,38.881458,-76.984544,Ward 6,2020-10-20
2020-10-01,38.866684,-76.987400,Ward 8,2020-10-19
2020-10-01,38.899784,-76.975978,Ward 5,2020-10-14
2020-10-01,38.898249,-76.981251,Ward 6,2020-10-14
2020-10-01,38.903875,-76.979989,Ward 5,2020-10-09
2020-10-01,38.924236,-77.033549,Ward 1,2020-10-16
2020-10-01,38.867047,-76.980066,Ward 8,2020-10-21
2020-10-01,38.940991,-77.030565,Ward 4,2020-10-16
2020-10-01,38.930356,-77.034605,Ward 1,2020-10-16
2020-10-01,38.924273,-77.025304,Ward 1,2020-10-06
2020-10-01,38.906148,-76.980312,Ward 5,2020-10-02
2020-10-01,38.919544,-76.982901,Ward 5,2020-10-21
2020-10-01,38.915754,-77.010408,Ward 5,2020-10-09
2020-10-01,38.894543,-76.917777,Ward 7,2020-10-05
2020-10-01,38.888673,-76.981491,Ward 6,2020-11-02
2020-10-01,38.886425,-76.994742,Ward 6,2020-10-05
2020-10-01,38.958337,-77.022713,Ward 4,2020-10-06
2020-10-01,38.909941,-76.986042,Ward 5,2020-10-02
2020-10-01,38.904619,-76.948415,Ward 7,2020-10-05
2020-10-01,38.943810,-77.003496,Ward 5,2020-10-15
2020-10-01,38.910583,-77.030238,Ward 2,2020-10-20
2020-10-01,38.912408,-77.081723,Ward 3,2020-11-06
2020-10-01,38.905531,-76.982149,Ward 5,2020-10-15
2020-10-01,38.933951,-77.024968,Ward 1,2020-10-16
2020-10-01,38.933964,-77.024834,Ward 1,2020-10-16
2020-10-01,38.891837,-76.988920,Ward 6,2020-10-07
2020-10-02,38.909210,-76.983966,Ward 5,2020-10-02
2020-10-02,38.930356,-77.034605,Ward 1,2020-10-16
2020-10-02,38.911155,-76.933099,Ward 7,2020-10-05
2020-10-02,38.893447,-76.910138,Ward 7,2020-11-02
2020-10-02,38.960407,-77.031943,Ward 4,2020-10-19
2020-10-02,38.945970,-77.026799,Ward 4,2020-10-06
2020-10-02,38.921149,-77.041848,Ward 1,2020-10-06
2020-10-02,38.957937,-76.995719,Ward 4,2020-10-19
2020-10-02,38.892581,-76.960247,Ward 7,2020-10-26
2020-10-02,38.908991,-77.066521,Ward 2,2020-10-20
2020-10-02,38.897857,-76.980308,Ward 6,2020-10-21
2020-10-02,38.913879,-77.026170,Ward 6,2020-10-19
2020-10-02,38.917201,-77.039771,Ward 1,2020-10-16
2020-10-02,38.906071,-76.936960,Ward 7,2020-11-02
2020-10-02,38.971064,-77.036028,Ward 4,2020-10-19
2020-10-02,38.951002,-77.028776,Ward 4,2020-10-05
2020-10-02,38.943037,-77.015200,Ward 4,2020-10-20
2020-10-02,38.894935,-76.989782,Ward 6,2020-10-20
2020-10-02,38.959398,-77.025678,Ward 4,2020-10-21
2020-10-02,38.833434,-77.008804,Ward 8,2020-10-05
2020-10-02,38.916003,-77.020236,Ward 1,2020-10-05
2020-10-02,38.827473,-76.998213,Ward 8,2020-10-21
2020-10-02,38.915490,-77.015941,Ward 1,2020-10-16
2020-10-02,38.891436,-76.944319,Ward 7,2020-10-26
2020-10-02,38.881908,-76.924884,Ward 7,2020-10-05
2020-10-02,38.899108,-76.992270,Ward 6,2020-10-07
2020-10-02,38.925309,-77.023439,Ward 1,2020-10-16
2020-10-02,38.884361,-76.929985,Ward 7,2020-10-26
2020-10-02,38.927642,-77.022773,Ward 1,2020-10-31
2020-10-02,38.916009,-77.031632,Ward 1,2020-10-16
2020-10-02,38.936633,-76.976451,Ward 5,2020-10-06
2020-10-03,38.864199,-76.978156,Ward 8,2020-10-28
2020-10-03,38.954285,-77.028806,Ward 4,2020-10-21
2020-10-03,38.890782,-76.993992,Ward 6,2020-10-20
2020-10-03,38.906313,-77.017402,Ward 6,2020-10-19
2020-10-03,38.941019,-77.017937,Ward 4,2020-11-03
2020-10-03,38.952747,-77.026831,Ward 4,2020-10-19
2020-10-03,38.920419,-77.031119,Ward 1,2020-10-31
2020-10-03,38.932898,-76.970639,Ward 5,2020-10-21
2020-10-03,38.962702,-77.025967,Ward 4,2020-10-05
2020-10-03,38.897535,-77.001013,Ward 6,2020-10-20
2020-10-03,38.925007,-77.025859,Ward 1,2020-10-06
2020-10-03,38.914225,-77.008717,Ward 5,2020-10-21
2020-10-03,38.936004,-77.075836,Ward 3,2020-10-13
2020-10-03,38.851581,-76.964209,Ward 8,2020-10-05
2020-10-03,38.853285,-76.965439,Ward 8,2020-10-05
2020-10-03,38.913940,-77.008714,Ward 5,2020-10-06
2020-10-03,38.919023,-77.025818,Ward 1,2020-10-31
2020-10-03,38.904192,-76.998203,Ward 6,2020-11-02
2020-10-03,38.897885,-76.917995,Ward 7,2020-10-26
2020-10-03,38.823230,-76.999784,Ward 8,2020-10-26
2020-10-03,38.958341,-77.019955,Ward 4,2020-11-03
2020-10-03,38.916673,-77.002411,Ward 5,2020-10-06
2020-10-03,38.822885,-76.999584,Ward 8,2020-10-19
2020-10-03,38.909932,-77.058195,Ward 2,2020-10-05
2020-10-03,38.923159,-77.038996,Ward 1,2020-10-07
2020-10-03,38.932656,-76.988681,Ward 5,2020-10-06
2020-10-03,38.936526,-77.033237,Ward 1,2020-10-31
2020-10-03,38.909210,-76.983966,Ward 5,2020-10-21
2020-10-03,38.934060,-77.039123,Ward 1,2020-10-06
2020-10-04,38.896878,-76.937526,Ward 7,2020-10-26
2020-10-04,38.886957,-76.995845,Ward 6,2020-10-05
2020-10-04,38.873519,-76.977349,Ward 8,2020-10-30
2020-10-04,38.906058,-76.975946,Ward 5,2020-10-05
2020-10-04,38.903448,-76.999783,Ward 6,2020-10-20
2020-10-04,38.924389,-77.050023,Ward 3,2020-11-03
2020-10-04,38.906435,-76.978719,Ward 5,2020-10-15
2020-10-04,38.896822,-76.981195,Ward 6,2020-10-20
2020-10-04,38.948852,-77.015499,Ward 4,2020-10-06
2020-10-04,38.919893,-77.033632,Ward 1,2020-10-06
2020-10-04,38.920224,-76.976303,Ward 5,2020-10-21
2020-10-04,38.955134,-77.021730,Ward 4,2020-10-19
2020-10-04,38.958733,-77.013422,Ward 4,2020-11-03
2020-10-05,38.904135,-76.990157,Ward 5,2020-10-20
2020-10-05,38.884896,-76.931421,Ward 7,2020-10-26
2020-10-05,38.837581,-76.988454,Ward 8,2020-10-26
2020-10-05,38.927969,-77.043368,Ward 1,2020-11-03
2020-10-05,38.954285,-77.028740,Ward 4,2020-10-19
2020-10-05,38.838141,-77.003744,Ward 8,2020-10-26
2020-10-05,38.895087,-76.918915,Ward 7,2020-10-26
2020-10-05,38.872851,-76.977718,Ward 8,2020-10-26
2020-10-05,38.880442,-76.928938,Ward 7,2020-10-14
2020-10-05,38.890477,-76.985766,Ward 6,2020-10-20
2020-10-05,38.862550,-76.990452,Ward 8,2020-10-07
2020-10-05,38.953007,-77.014299,Ward 4,2020-10-19
2020-10-05,38.956948,-77.032132,Ward 4,2020-10-06
2020-10-05,38.896626,-76.918779,Ward 7,2020-10-06
2020-10-05,38.896767,-76.975663,Ward 7,2020-10-26
2020-10-05,38.949455,-77.018238,Ward 4,2020-10-19
2020-10-05,38.878391,-76.935329,Ward 7,2020-10-26
2020-10-05,38.893005,-76.946695,Ward 7,2020-10-26
2020-10-05,38.899178,-76.981474,Ward 6,2020-10-29
2020-10-05,38.914958,-77.032672,Ward 2,2020-10-06
2020-10-05,38.922891,-77.040940,Ward 1,2020-10-16
2020-10-05,38.934059,-77.022583,Ward 1,2020-11-03
2020-10-05,38.901809,-76.995937,Ward 6,2020-10-20
2020-10-05,38.830388,-76.993417,Ward 8,2020-11-02
2020-10-05,38.853728,-76.995045,Ward 8,2020-10-28
2020-10-05,38.907676,-76.983428,Ward 5,2020-10-20
2020-10-05,38.925963,-77.026028,Ward 1,2020-11-03
2020-10-05,38.912243,-77.017598,Ward 6,2020-10-29
2020-10-05,38.912243,-77.017598,Ward 6,2020-10-29
2020-10-05,38.895637,-76.919958,Ward 7,2020-10-06
2020-10-05,38.940807,-77.032728,Ward 4,2020-11-03
2020-10-05,38.940005,-77.022004,Ward 4,2020-10-21
2020-10-05,38.901809,-76.995937,Ward 6,2020-10-20
2020-10-05,38.952980,-77.018473,Ward 4,2020-10-19
2020-10-05,38.925686,-77.025994,Ward 1,2020-11-03
2020-10-05,38.925464,-77.043667,Ward 1,2020-10-06
2020-10-05,38.934456,-77.022669,Ward 1,2020-10-09
2020-10-05,38.921948,-77.041463,Ward 1,2020-10-06
2020-10-05,38.927557,-77.042597,Ward 1,2020-11-03
2020-10-05,38.928629,-77.041982,Ward 1,2020-10-16
2020-10-05,38.934092,-77.022474,Ward 1,2020-10-07
2020-10-05,38.928882,-77.030489,Ward 1,2020-10-07
2020-10-05,38.934465,-77.022601,Ward 1,2020-11-03
2020-10-05,38.919021,-77.026196,Ward 1,2020-10-16
2020-10-05,38.836679,-77.005126,Ward 8,2020-11-02
2020-10-06,38.915328,-77.014106,Ward 5,2020-10-20
2020-10-06,38.907727,-76.987538,Ward 5,2020-10-20
2020-10-06,38.899117,-76.981496,Ward 6,2020-10-29
2020-10-06,38.959026,-77.072154,Ward 3,2020-10-07
2020-10-06,38.898028,-76.981288,Ward 6,2020-10-13
2020-10-06,38.949525,-77.093737,Ward 3,2020-10-07
2020-10-06,38.906536,-77.026717,Ward 2,2020-10-08
2020-10-06,38.848341,-77.000605,Ward 8,2020-10-07
2020-10-06,38.845703,-77.001903,Ward 8,2020-10-08
2020-10-06,38.845703,-77.001903,Ward 8,2020-10-08
2020-10-06,38.885334,-76.957252,Ward 7,2020-10-26
2020-10-06,38.916003,-77.020236,Ward 1,2020-10-08
2020-10-06,38.887867,-76.923211,Ward 7,2020-10-26
2020-10-06,38.917404,-77.008128,Ward 5,2020-10-08
2020-10-06,38.906397,-77.027841,Ward 2,2020-10-08
2020-10-06,38.902029,-76.929771,Ward 7,2020-10-07
2020-10-06,38.894019,-76.994618,Ward 6,2020-10-20
2020-10-06,38.873109,-76.973258,Ward 8,2020-10-28
2020-10-06,38.909196,-77.057241,Ward 2,2020-10-08
2020-10-06,38.936695,-77.030366,Ward 4,2020-10-19
2020-10-06,38.902953,-76.929491,Ward 7,2020-10-07
2020-10-06,38.917423,-77.017770,Ward 1,2020-10-07
2020-10-06,38.917184,-77.026335,Ward 1,2020-10-07
2020-10-06,38.968631,-77.033722,Ward 4,2020-10-07
2020-10-06,38.909512,-77.056920,Ward 2,2020-10-08
2020-10-06,38.961446,-77.005646,Ward 4,2020-11-02
2020-10-06,38.961446,-77.005646,Ward 4,2020-11-02
2020-10-06,38.931051,-77.026322,Ward 1,2020-10-16
2020-10-06,38.926224,-77.025578,Ward 1,2020-10-07
2020-10-06,38.934395,-77.023285,Ward 1,2020-10-31
2020-10-06,38.916541,-77.023784,Ward 1,2020-10-07
2020-10-06,38.957576,-77.024862,Ward 4,2020-10-19
2020-10-06,38.958222,-77.025463,Ward 4,2020-10-19
2020-10-06,38.925977,-77.040143,Ward 1,2020-10-31
2020-10-06,38.896823,-76.981937,Ward 6,2020-10-29
2020-10-06,38.879579,-77.000790,Ward 6,2020-10-20
2020-10-06,38.916765,-77.040148,Ward 2,2020-10-20
2020-10-06,38.910804,-77.027838,Ward 2,2020-10-07
2020-10-06,38.933967,-77.041754,Ward 1,2020-10-16
2020-10-06,38.894935,-76.989782,Ward 6,2020-10-20
2020-10-06,38.896652,-76.975010,Ward 7,2020-10-07
2020-10-06,38.916765,-77.040148,Ward 2,2020-10-20
2020-10-06,38.903914,-76.980601,Ward 5,2020-10-20
2020-10-06,38.938489,-77.024027,Ward 4,2020-10-21
2020-10-06,38.909951,-77.003941,Ward 5,2020-10-08
2020-10-06,38.924079,-77.027329,Ward 1,2020-10-16
2020-10-06,38.896235,-76.975861,Ward 7,2020-10-09
2020-10-06,38.944534,-77.026581,Ward 4,2020-10-08
2020-10-07,38.895631,-76.996817,Ward 6,2020-10-07
2020-10-07,38.931062,-77.085619,Ward 3,2020-10-07
2020-10-07,38.930516,-77.027449,Ward 1,2020-10-31
2020-10-07,38.881428,-76.929021,Ward 7,2020-10-07
2020-10-07,38.928882,-77.030489,Ward 1,2020-10-08
2020-10-07,38.831587,-76.989946,Ward 8,2020-11-02
2020-10-07,38.926921,-77.043546,Ward 1,2020-10-21
2020-10-07,38.918059,-77.018290,Ward 1,2020-10-08
2020-10-07,38.926203,-77.055610,Ward 3,2020-11-06
2020-10-07,38.925869,-77.025803,Ward 1,2020-11-03
2020-10-07,38.896426,-76.914337,Ward 7,2020-10-26
2020-10-07,38.947630,-76.998806,Ward 5,2020-10-21
2020-10-07,38.914952,-77.009360,Ward 5,2020-10-20
2020-10-07,38.921128,-77.001518,Ward 5,2020-10-21
2020-10-07,38.851355,-76.964735,Ward 8,2020-10-26
2020-10-07,38.873742,-76.977172,Ward 8,2020-11-02
2020-10-07,38.829413,-76.999999,Ward 8,2020-10-26
2020-10-07,38.877811,-76.942605,Ward 7,2020-10-13
2020-10-07,38.908374,-76.984451,Ward 5,2020-11-02
2020-10-07,38.851337,-76.983704,Ward 8,2020-10-28
2020-10-07,38.932613,-76.970603,Ward 5,2020-11-02
2020-10-07,38.934022,-77.041543,Ward 1,2020-10-15
2020-10-07,38.947319,-77.016468,Ward 4,2020-10-08
2020-10-07,38.898906,-76.937503,Ward 7,2020-10-14
2020-10-07,38.931967,-77.034332,Ward 1,2020-10-08
2020-10-07,38.915756,-77.012781,Ward 5,2020-10-08
2020-10-07,38.942393,-77.020125,Ward 4,2020-10-21
2020-10-07,38.829872,-77.000351,Ward 8,2020-10-26
2020-10-07,38.926175,-76.983204,Ward 5,2020-10-08
2020-10-07,38.919672,-76.982298,Ward 5,2020-10-26
2020-10-07,38.895841,-76.938964,Ward 7,2020-10-14
2020-10-07,38.908376,-77.011434,Ward 5,2020-10-22
2020-10-07,38.849977,-76.964803,Ward 8,2020-10-30
2020-10-07,38.858905,-76.997678,Ward 8,2020-10-28
2020-10-07,38.912243,-77.017598,Ward 6,2020-10-29
2020-10-07,38.867295,-76.986805,Ward 8,2020-10-26
2020-10-07,38.952551,-77.013202,Ward 4,2020-10-19
2020-10-07,38.894504,-76.925821,Ward 7,2020-10-26
2020-10-07,38.858653,-76.997855,Ward 8,2020-10-28
2020-10-07,38.901169,-76.985065,Ward 5,2020-10-20
2020-10-07,38.901169,-76.985065,Ward 5,2020-10-20
2020-10-07,38.907046,-77.014431,Ward 6,2020-10-29
2020-10-07,38.915909,-77.007752,Ward 5,2020-10-20
2020-10-07,38.933110,-76.970480,Ward 5,2020-11-02
2020-10-07,38.934737,-77.030350,Ward 1,2020-10-15
2020-10-07,38.852283,-76.975943,Ward 8,2020-10-26
2020-10-07,38.848802,-76.978189,Ward 8,2020-10-26
2020-10-07,38.848459,-76.978440,Ward 8,2020-10-26
2020-10-07,38.849185,-76.978929,Ward 8,2020-10-28
2020-10-07,38.887015,-76.978129,Ward 7,2020-10-29
2020-10-07,38.849183,-76.979868,Ward 8,2020-10-28
2020-10-07,38.883457,-76.945855,Ward 7,2020-10-13
2020-10-07,38.862612,-76.990719,Ward 8,2020-10-26
2020-10-07,38.863854,-76.979624,Ward 8,2020-10-26
2020-10-07,38.865126,-76.981992,Ward 8,2020-10-26
2020-10-07,38.847781,-77.001302,Ward 8,2020-10-26
2020-10-07,38.887539,-76.916601,Ward 7,2020-10-26
2020-10-08,38.865578,-76.982489,Ward 8,2020-10-30
2020-10-08,38.931238,-77.037771,Ward 1,2020-10-15
2020-10-08,38.881109,-76.942793,Ward 7,2020-10-26
2020-10-08,38.913044,-77.008084,Ward 5,2020-10-20
2020-10-08,38.916448,-77.007889,Ward 5,2020-10-29
2020-10-08,38.916439,-77.008325,Ward 5,2020-10-20
2020-10-08,38.880016,-76.998259,Ward 6,2020-11-04
2020-10-08,38.947836,-77.016732,Ward 4,2020-10-22
2020-10-08,38.965237,-77.026259,Ward 4,2020-10-13
2020-10-08,38.940959,-77.033041,Ward 4,2020-10-22
2020-10-08,38.855836,-76.995006,Ward 8,2020-10-26
2020-10-08,38.896247,-76.976960,Ward 7,2020-10-14
2020-10-08,38.877811,-76.942605,Ward 7,2020-10-13
2020-10-08,38.891624,-76.933679,Ward 7,2020-10-14
2020-10-08,38.896285,-76.984094,Ward 6,2020-10-29
2020-10-08,38.917404,-77.008128,Ward 5,2020-10-13
2020-10-08,38.917158,-77.026821,Ward 1,2020-11-02
2020-10-08,38.954532,-77.017991,Ward 4,2020-10-22
2020-10-08,38.900807,-76.995916,Ward 6,2020-10-13
2020-10-08,38.930869,-77.018589,Ward 1,2020-10-13
2020-10-08,38.915980,-77.020708,Ward 1,2020-10-31
2020-10-08,38.914322,-77.033263,Ward 2,2020-11-02
2020-10-08,38.893431,-76.984939,Ward 6,2020-10-29
2020-10-08,38.940074,-77.020316,Ward 4,2020-10-21
2020-10-08,38.924614,-77.040203,Ward 1,2020-10-13
2020-10-08,38.874131,-76.975733,Ward 8,2020-11-02
2020-10-08,38.863844,-76.983120,Ward 8,2020-10-26
2020-10-08,38.917808,-77.096374,Ward 3,2020-10-14
2020-10-08,38.928383,-77.030737,Ward 1,2020-10-31
2020-10-08,38.863958,-76.980737,Ward 8,2020-10-26
2020-10-08,38.927557,-77.042597,Ward 1,2020-11-03
2020-10-08,38.830275,-76.995949,Ward 8,2020-10-14
2020-10-08,38.840420,-76.998165,Ward 8,2020-10-26
2020-10-08,38.830281,-76.996533,Ward 8,2020-10-26
2020-10-08,38.830751,-76.998946,Ward 8,2020-10-26
2020-10-08,38.938490,-77.023967,Ward 4,2020-10-21
2020-10-08,38.918386,-77.000297,Ward 5,2020-10-21
2020-10-08,38.905470,-76.999289,Ward 6,2020-10-29
2020-10-08,38.967607,-77.077138,Ward 3,2020-10-14
2020-10-08,38.925361,-77.025439,Ward 1,2020-10-13
2020-10-08,38.898106,-76.978717,Ward 7,2020-11-02
2020-10-08,38.895550,-76.984552,Ward 6,2020-10-29
2020-10-08,38.906397,-77.027841,Ward 2,2020-11-02
2020-10-09,38.934233,-77.024947,Ward 1,2020-10-13
2020-10-09,38.940074,-77.020316,Ward 4,2020-10-21
2020-10-09,38.922429,-77.030858,Ward 1,2020-10-15
2020-10-09,38.910949,-77.016382,Ward 5,2020-10-20
2020-10-09,38.940072,-77.020447,Ward 4,2020-10-21
2020-10-09,38.845594,-76.996156,Ward 8,2020-10-14
2020-10-09,38.904050,-76.992786,Ward 5,2020-10-29
2020-10-09,38.905841,-76.987745,Ward 5,2020-10-14
2020-10-09,38.893122,-76.914835,Ward 7,2020-10-26
2020-10-09,38.912117,-77.012157,Ward 5,2020-10-15
2020-10-09,38.892855,-76.983399,Ward 6,2020-10-29
2020-10-09,38.941826,-77.000541,Ward 5,2020-10-15
2020-10-09,38.933679,-77.032140,Ward 1,2020-10-31
2020-10-09,38.904355,-76.990728,Ward 5,2020-10-30
2020-10-09,38.872175,-76.971186,Ward 8,2020-10-26
2020-10-09,38.899176,-76.922485,Ward 7,2020-10-15
2020-10-09,38.905420,-76.975860,Ward 5,2020-10-21
2020-10-09,38.924994,-77.030159,Ward 1,2020-10-31
2020-10-09,38.856962,-76.978246,Ward 8,2020-10-13
2020-10-09,38.921113,-77.007648,Ward 5,2020-10-21
2020-10-09,38.873907,-76.975918,Ward 8,2020-10-26
2020-10-09,38.901522,-76.995538,Ward 6,2020-10-29
2020-10-09,38.878863,-76.998968,Ward 6,2020-10-29
2020-10-09,38.826209,-77.011362,Ward 8,2020-10-26
2020-10-09,38.897352,-76.921347,Ward 7,2020-10-15
2020-10-09,38.916280,-77.014420,Null,2020-11-03
2020-10-09,38.892788,-76.987747,Ward 6,2020-11-02
2020-10-09,38.873905,-76.976029,Ward 8,2020-10-26
2020-10-09,38.965241,-77.030814,Ward 4,2020-10-21
2020-10-09,38.917202,-77.039830,Ward 1,2020-10-13
2020-10-09,38.846513,-77.002411,Ward 8,2020-10-26
2020-10-09,38.881961,-76.941685,Ward 7,2020-10-15
2020-10-09,38.907245,-77.046639,Ward 2,2020-10-15
2020-10-09,38.965239,-77.030737,Ward 4,2020-10-21
2020-10-09,38.911122,-77.019901,Ward 6,2020-11-04
2020-10-09,38.929943,-76.993360,Ward 5,2020-10-21
2020-10-09,38.833346,-76.987183,Ward 8,2020-10-26
2020-10-09,38.954728,-77.012800,Ward 4,2020-10-21
2020-10-09,38.892316,-76.910443,Ward 7,2020-10-15
2020-10-09,38.833230,-76.987300,Ward 8,2020-10-26
2020-10-09,38.873723,-76.976784,Ward 8,2020-10-26
2020-10-09,38.892316,-76.910443,Ward 7,2020-10-15
2020-10-09,38.849944,-76.986382,Ward 8,2020-11-02
2020-10-09,38.904879,-77.016180,Ward 6,2020-11-02
2020-10-09,38.917202,-77.039651,Ward 1,2020-10-13
2020-10-09,38.905397,-76.978777,Ward 5,2020-10-21
2020-10-10,38.835001,-76.988173,Ward 8,2020-10-26
2020-10-10,38.985273,-77.040366,Ward 4,2020-10-28
2020-10-10,38.925578,-77.025965,Ward 1,2020-10-13
2020-10-10,38.940074,-77.020316,Ward 4,2020-10-21
2020-10-10,38.955771,-77.007235,Ward 4,2020-10-21
2020-10-10,38.953323,-77.013509,Ward 4,2020-10-14
2020-10-10,38.911667,-76.984927,Ward 5,2020-10-14
2020-10-10,38.983204,-77.038322,Ward 4,2020-10-15
2020-10-10,38.934866,-77.036819,Ward 1,2020-11-02
2020-10-10,38.934939,-77.037048,Ward 1,2020-10-31
2020-10-10,38.889772,-76.937543,Ward 7,2020-11-02
2020-10-10,38.900843,-76.990998,Ward 6,2020-10-13
2020-10-10,38.897389,-76.916178,Ward 7,2020-10-26
2020-10-10,38.983204,-77.038322,Ward 4,2020-10-15
2020-10-10,38.884621,-76.926616,Ward 7,2020-10-14
2020-10-10,38.910478,-76.987851,Ward 5,2020-11-03
2020-10-10,38.983812,-77.038668,Ward 4,2020-10-28
2020-10-10,38.888537,-76.986051,Ward 6,2020-11-17
2020-10-10,38.917275,-77.008755,Ward 5,2020-10-13
2020-10-10,38.856140,-76.995031,Ward 8,2020-10-26
2020-10-10,38.849914,-76.984893,Ward 8,2020-10-28
2020-10-10,38.909484,-76.987258,Ward 5,2020-10-20
2020-10-10,38.830299,-76.995276,Ward 8,2020-10-26
2020-10-11,38.842359,-76.990490,Ward 8,2020-10-13
2020-10-11,38.927162,-77.042418,Ward 1,2020-10-31
2020-10-11,38.927184,-77.034568,Ward 1,2020-10-13
2020-10-11,38.920160,-76.985430,Ward 5,2020-10-21
2020-10-11,38.939379,-77.021220,Ward 4,2020-10-13
2020-10-11,38.893410,-76.918993,Ward 7,2020-10-26
2020-10-11,38.924232,-77.033604,Ward 1,2020-10-31
2020-10-11,38.964672,-77.030953,Ward 4,2020-10-21
2020-10-11,38.934967,-77.036451,Ward 1,2020-10-14
2020-10-11,38.898234,-76.994214,Ward 6,2020-10-29
2020-10-11,38.940907,-76.973128,Ward 5,2020-10-15
2020-10-11,38.921107,-77.007719,Ward 5,2020-10-15
2020-10-11,38.906333,-76.980668,Ward 5,2020-10-21
2020-10-11,38.925910,-77.006771,Ward 5,2020-10-20
2020-10-11,38.907105,-77.018682,Ward 6,2020-10-29
2020-10-11,38.942268,-77.016883,Ward 4,2020-10-13
2020-10-11,38.910717,-77.059439,Ward 2,2020-11-02
2020-10-11,38.893407,-76.910395,Ward 7,2020-10-26
2020-10-11,38.910665,-77.059137,Ward 2,2020-11-02
2020-10-11,38.938676,-77.029704,Ward 4,2020-11-03
2020-10-12,38.885185,-76.988874,Ward 6,2020-10-13
2020-10-12,38.896298,-76.926586,Ward 7,2020-10-26
2020-10-12,38.895612,-76.925202,Ward 7,2020-10-26
2020-10-12,38.895677,-76.994356,Ward 6,2020-11-02
2020-10-12,38.928357,-77.022542,Ward 1,2020-10-31
2020-10-12,38.894248,-76.917255,Ward 7,2020-10-15
2020-10-12,38.858870,-76.965583,Ward 7,2020-10-22
2020-10-12,38.916201,-77.036127,Ward 2,2020-11-02
2020-10-12,38.903880,-76.980235,Ward 5,2020-10-21
2020-10-12,38.932309,-76.971170,Ward 5,2020-10-20
2020-10-12,38.907088,-77.046381,Ward 2,2020-10-15
2020-10-12,38.907729,-76.985329,Ward 5,2020-10-14
2020-10-12,38.927445,-77.028627,Ward 1,2020-10-31
2020-10-12,38.830394,-76.990905,Ward 8,2020-10-13
2020-10-12,38.901114,-76.933541,Ward 7,2020-10-22
2020-10-12,38.841096,-77.006114,Ward 8,2020-10-28
2020-10-12,38.918871,-77.000276,Ward 5,2020-10-21
2020-10-13,38.845305,-77.001633,Ward 8,2020-10-26
2020-10-13,38.927157,-77.030022,Ward 1,2020-11-02
2020-10-13,38.925459,-77.008721,Ward 5,2020-10-15
2020-10-13,38.913044,-77.008084,Ward 5,2020-10-20
2020-10-13,38.878794,-76.999196,Ward 6,2020-10-29
2020-10-13,38.927209,-77.023724,Ward 1,2020-10-14
2020-10-13,38.907105,-77.018682,Ward 6,2020-10-29
2020-10-13,38.932921,-77.020980,Ward 1,2020-10-31
2020-10-13,38.928816,-77.022673,Ward 1,2020-10-31
2020-10-13,38.902890,-76.983626,Ward 5,2020-10-15
2020-10-13,38.918905,-77.031625,Ward 1,2020-10-14
2020-10-13,38.933358,-77.032968,Ward 1,2020-10-31
2020-10-13,38.948852,-77.015499,Ward 4,2020-10-22
2020-10-13,38.893663,-76.919486,Ward 7,2020-10-22
2020-10-13,38.894436,-76.918946,Ward 7,2020-10-22
2020-10-13,38.822885,-76.999584,Ward 8,2020-10-26
2020-10-13,38.956157,-77.020378,Ward 4,2020-10-14
2020-10-13,38.912420,-77.028473,Ward 2,2020-10-15
2020-10-13,38.831752,-76.990532,Ward 8,2020-10-26
2020-10-13,38.951652,-77.030631,Ward 4,2020-10-22
2020-10-13,38.951652,-77.030451,Ward 4,2020-10-22
2020-10-13,38.962549,-77.032020,Ward 4,2020-10-22
2020-10-13,38.899067,-76.931354,Ward 7,2020-10-15
2020-10-13,38.944129,-77.014922,Ward 4,2020-10-22
2020-10-13,38.832235,-77.004745,Ward 8,2020-10-26
2020-10-13,38.875298,-76.966572,Ward 7,2020-10-15
2020-10-13,38.832218,-77.005195,Ward 8,2020-10-27
2020-10-13,38.962510,-77.005255,Ward 4,2020-10-15
2020-10-13,38.894043,-76.984763,Ward 6,2020-11-02
2020-10-13,38.872215,-76.965859,Ward 7,2020-10-15
2020-10-13,38.860186,-76.990591,Ward 8,2020-10-28
2020-10-13,38.871538,-76.981358,Ward 8,2020-10-26
2020-10-13,38.970572,-77.011359,Ward 4,2020-10-22
2020-10-13,38.832853,-77.005619,Ward 8,2020-10-26
2020-10-13,38.920826,-77.041778,Ward 1,2020-11-02
2020-10-13,38.909821,-77.007540,Ward 5,2020-10-22
2020-10-13,38.932655,-77.031293,Ward 1,2020-10-14
2020-10-13,38.903875,-76.979272,Ward 5,2020-10-21
2020-10-13,38.904118,-76.988501,Ward 5,2020-10-20
2020-10-13,38.934267,-76.963936,Ward 5,2020-10-22
2020-10-13,38.925977,-77.040143,Ward 1,2020-10-31
2020-10-13,38.917938,-77.000129,Ward 5,2020-10-21
2020-10-13,38.938713,-76.970453,Ward 5,2020-10-15
2020-10-13,38.830298,-76.994335,Ward 8,2020-10-27
2020-10-13,38.917863,-77.028696,Ward 1,2020-11-02
2020-10-13,38.957429,-77.033147,Ward 4,2020-10-22
2020-10-13,38.848232,-77.004921,Ward 8,2020-10-15
2020-10-13,38.841184,-77.000290,Ward 8,2020-10-26
2020-10-13,38.924856,-77.023388,Ward 1,2020-10-31
2020-10-13,38.943042,-77.004625,Ward 5,2020-10-15
2020-10-13,38.893794,-76.922232,Ward 7,2020-10-26
2020-10-13,38.909876,-77.014887,Ward 5,2020-10-22
2020-10-13,38.948761,-77.015490,Ward 4,2020-10-22
2020-10-14,38.886066,-76.980277,Ward 6,2020-10-29
2020-10-14,38.898579,-76.920300,Ward 7,2020-10-22
2020-10-14,38.933679,-77.032140,Ward 1,2020-10-31
2020-10-14,38.903636,-77.053303,Ward 2,2020-10-15
2020-10-14,38.927106,-77.034804,Ward 1,2020-11-03
2020-10-14,38.904170,-76.981038,Ward 5,2020-10-20
2020-10-14,38.921451,-77.032169,Ward 1,2020-10-17
2020-10-14,38.908394,-77.024506,Ward 2,2020-11-06
2020-10-14,38.984693,-77.039329,Ward 4,2020-10-15
2020-10-14,38.885185,-76.988874,Ward 6,2020-11-06
2020-10-14,38.854963,-76.967841,Ward 8,2020-10-26
2020-10-14,38.925677,-77.072813,Ward 3,2020-11-06
2020-10-14,38.893587,-76.951523,Ward 7,2020-10-19
2020-10-14,38.899212,-76.937450,Ward 7,2020-10-15
2020-10-14,38.858925,-76.965058,Ward 7,2020-10-22
2020-10-14,38.923516,-77.027250,Ward 1,2020-11-06
2020-10-14,38.964247,-77.002517,Ward 4,2020-10-22
2020-10-14,38.898178,-77.008180,Ward 6,2020-10-22
2020-10-14,38.905428,-76.974530,Ward 5,2020-10-21
2020-10-14,38.905422,-76.973408,Ward 5,2020-10-21
2020-10-14,38.905422,-76.973408,Ward 5,2020-10-21
2020-10-14,38.936891,-77.031117,Ward 4,2020-10-22
2020-10-14,38.915000,-77.001326,Ward 5,2020-10-22
2020-10-14,38.952046,-77.010591,Ward 4,2020-10-22
2020-10-14,38.920826,-77.041778,Ward 1,2020-11-02
2020-10-14,38.925977,-77.040143,Ward 1,2020-11-03
2020-10-14,38.927162,-77.042418,Ward 1,2020-10-31
2020-10-14,38.836496,-77.005578,Ward 8,2020-10-15
2020-10-14,38.829899,-76.998709,Ward 8,2020-10-26
2020-10-14,38.898363,-76.920519,Ward 7,2020-11-03
2020-10-14,38.927689,-77.022779,Ward 1,2020-10-19
2020-10-14,38.886344,-76.925567,Ward 7,2020-10-22
2020-10-14,38.912608,-76.990138,Ward 5,2020-10-20
2020-10-14,38.900413,-76.993383,Ward 6,2020-11-06
2020-10-14,38.940821,-77.018114,Ward 4,2020-10-22
2020-10-14,38.906604,-77.016710,Ward 6,2020-10-21
2020-10-14,38.855163,-76.969130,Ward 8,2020-11-03
2020-10-14,38.903541,-76.977929,Ward 5,2020-10-21
2020-10-14,38.885257,-77.004085,Ward 6,2020-11-06
2020-10-14,38.907090,-77.046318,Ward 2,2020-11-06
2020-10-14,38.961535,-77.016866,Ward 4,2020-10-16
2020-10-14,38.957912,-77.021794,Ward 4,2020-10-22
2020-10-14,38.909454,-77.030881,Ward 2,2020-11-06
2020-10-14,38.956184,-77.012576,Ward 4,2020-10-16
2020-10-14,38.948761,-77.015490,Ward 4,2020-10-22
2020-10-14,38.964361,-77.025086,Ward 4,2020-10-15
2020-10-14,38.899180,-76.949931,Ward 7,2020-10-22
2020-10-14,38.891107,-76.983111,Ward 6,2020-11-06
2020-10-14,38.942915,-76.998215,Ward 5,2020-11-04
2020-10-14,38.915928,-77.012378,Ward 5,2020-10-21
2020-10-14,38.930096,-77.044097,Ward 1,2020-10-19
2020-10-14,38.957631,-77.026326,Ward 4,2020-10-16
2020-10-15,38.933037,-77.038593,Ward 1,2020-11-04
2020-10-15,38.877263,-77.000768,Ward 6,2020-10-22
2020-10-15,38.878022,-76.966066,Ward 7,2020-10-15
2020-10-15,38.903323,-76.992833,Ward 6,2020-10-22
2020-10-15,38.942200,-77.026137,Ward 4,2020-10-16
2020-10-15,38.843378,-76.992987,Ward 8,2020-10-26
2020-10-15,38.844636,-76.993282,Ward 8,2020-10-26
2020-10-15,38.912828,-76.975822,Ward 5,2020-10-20
2020-10-15,38.846888,-76.982985,Ward 8,2020-10-23
2020-10-15,38.916452,-77.013716,Ward 5,2020-10-26
2020-10-15,38.962513,-77.026275,Ward 4,2020-10-16
2020-10-15,38.902799,-76.994959,Ward 6,2020-11-03
2020-10-15,38.912839,-77.007804,Ward 5,2020-10-21
2020-10-15,38.913879,-77.011576,Ward 5,2020-10-22
2020-10-15,38.888126,-76.922216,Ward 7,2020-10-22
2020-10-15,38.955622,-77.009374,Ward 4,2020-10-22
2020-10-15,38.869629,-76.975717,Ward 8,2020-10-26
2020-10-15,38.830697,-77.007353,Ward 8,2020-10-26
2020-10-15,38.927297,-77.024810,Ward 1,2020-11-03
2020-10-15,38.886014,-76.955454,Ward 7,2020-10-22
2020-10-15,38.933042,-76.966689,Ward 5,2020-10-21
2020-10-15,38.925363,-77.029399,Ward 1,2020-11-04
2020-10-15,38.923332,-77.029387,Ward 1,2020-11-04
2020-10-15,38.830273,-76.998710,Ward 8,2020-10-26
2020-10-15,38.830299,-76.994807,Ward 8,2020-10-19
2020-10-15,38.898116,-76.931503,Ward 7,2020-10-23
2020-10-15,38.832110,-76.994320,Ward 8,2020-10-19
2020-10-15,38.833674,-76.986764,Ward 8,2020-10-26
2020-10-15,38.822885,-76.999584,Ward 8,2020-10-26
2020-10-15,38.942010,-77.033017,Ward 4,2020-10-22
2020-10-15,38.932867,-76.964566,Ward 5,2020-10-16
2020-10-15,38.893120,-76.912518,Ward 7,2020-10-26
2020-10-15,38.890598,-76.913373,Ward 7,2020-10-22
2020-10-15,38.902963,-76.994442,Ward 6,2020-10-29
2020-10-15,38.856056,-76.968571,Ward 8,2020-10-26
2020-10-15,38.908377,-77.024783,Ward 2,2020-11-06
2020-10-15,38.951545,-77.009984,Ward 4,2020-10-28
2020-10-15,38.886245,-76.925591,Ward 7,2020-10-21
2020-10-15,38.937598,-76.970382,Ward 5,2020-10-16
2020-10-15,38.868411,-76.984942,Ward 8,2020-10-26
2020-10-15,38.897539,-76.998001,Ward 6,2020-10-21
2020-10-15,38.929419,-77.020397,Ward 1,2020-11-06
2020-10-15,38.938484,-77.030218,Ward 4,2020-10-19
2020-10-15,38.938493,-77.023843,Ward 4,2020-10-22
2020-10-15,38.910548,-77.027039,Null,2020-11-04
2020-10-15,38.902923,-76.982839,Ward 5,2020-10-20
2020-10-15,38.939460,-77.021698,Ward 4,2020-10-22
2020-10-15,38.903316,-76.931427,Ward 7,2020-10-23
2020-10-15,38.899203,-77.003212,Ward 6,2020-10-22
2020-10-15,38.912813,-77.024245,Ward 6,2020-11-03
2020-10-15,38.930821,-77.024318,Ward 1,2020-10-19
2020-10-16,38.937794,-77.031653,Ward 4,2020-10-21
2020-10-16,38.964212,-77.002074,Ward 4,2020-10-21
2020-10-16,38.920419,-77.031119,Ward 1,2020-10-19
2020-10-16,38.910665,-77.059137,Ward 2,2020-11-02
2020-10-16,38.931340,-76.977357,Ward 5,2020-10-30
2020-10-16,38.931455,-77.044185,Ward 1,2020-10-19
2020-10-16,38.917186,-77.014334,Ward 5,2020-10-28
2020-10-16,38.911296,-77.008639,Ward 5,2020-10-28
2020-10-16,38.873429,-76.975280,Ward 8,2020-10-26
2020-10-16,38.915911,-77.021722,Ward 1,2020-10-19
2020-10-16,38.943513,-77.027902,Ward 4,2020-10-20
2020-10-16,38.876708,-76.932591,Ward 7,2020-10-26
2020-10-16,38.842317,-76.992534,Ward 8,2020-10-28
2020-10-16,38.898363,-76.920519,Ward 7,2020-11-03
2020-10-16,38.863844,-76.983120,Ward 8,2020-10-26
2020-10-16,38.868058,-76.980207,Ward 8,2020-10-26
2020-10-16,38.866699,-76.979310,Ward 8,2020-11-13
2020-10-16,38.822687,-77.007350,Ward 8,2020-10-26
2020-10-16,38.894333,-76.921185,Ward 7,2020-10-26
2020-10-16,38.898574,-76.923845,Ward 7,2020-10-26
2020-10-16,38.928776,-77.019164,Ward 1,2020-11-03
2020-10-16,38.924657,-77.026833,Ward 1,2020-11-06
2020-10-16,38.955593,-77.071299,Ward 3,2020-10-19
2020-10-16,38.938376,-77.059384,Ward 3,2020-11-06
2020-10-16,38.951054,-77.026909,Ward 4,2020-10-28
2020-10-16,38.917938,-77.003766,Ward 5,2020-10-29
2020-10-16,38.967118,-77.007472,Ward 4,2020-10-21
2020-10-16,38.885222,-76.981013,Ward 6,2020-10-20
2020-10-16,38.863879,-76.983286,Ward 8,2020-10-19
2020-10-17,38.885352,-76.980765,Ward 6,2020-10-20
2020-10-17,38.931060,-77.041036,Ward 1,2020-11-04
2020-10-17,38.944555,-77.013213,Ward 4,2020-10-28
2020-10-17,38.938676,-77.029704,Ward 4,2020-10-19
2020-10-17,38.886585,-76.997029,Ward 6,2020-11-17
2020-10-17,38.901112,-76.985369,Ward 5,2020-10-20
2020-10-17,38.916789,-77.012806,Ward 5,2020-10-21
2020-10-17,38.907394,-77.053417,Ward 2,2020-10-19
2020-10-17,38.902254,-77.010991,Ward 6,2020-10-29
2020-10-17,38.918573,-76.986481,Ward 5,2020-10-19
2020-10-17,38.907463,-77.009464,Ward 5,2020-10-28
2020-10-17,38.926599,-77.026797,Ward 1,2020-11-06
2020-10-17,38.963839,-77.032000,Ward 4,2020-10-20
2020-10-17,38.883991,-76.933603,Ward 7,2020-10-19
2020-10-17,38.910480,-76.933285,Ward 7,2020-10-26
2020-10-17,38.878739,-76.965363,Ward 7,2020-10-26
2020-10-17,38.883692,-76.931850,Ward 7,2020-10-22
2020-10-17,38.880173,-76.932028,Ward 7,2020-10-19
2020-10-17,38.909437,-77.014089,Ward 5,2020-10-28
2020-10-17,38.895647,-76.980986,Ward 6,2020-10-29
2020-10-17,38.942859,-77.007198,Ward 5,2020-11-03
2020-10-17,38.902761,-76.994580,Ward 6,2020-10-29
2020-10-17,38.895003,-77.031353,Ward 2,2020-10-19
2020-10-17,38.880965,-76.983239,Ward 6,2020-10-20
2020-10-17,38.980121,-77.026767,Ward 4,2020-10-19
2020-10-18,38.927425,-77.028684,Ward 1,2020-11-03
2020-10-18,38.948761,-77.015490,Ward 4,2020-10-22
2020-10-18,38.963839,-77.032000,Ward 4,2020-10-20
2020-10-18,38.908342,-77.017876,Ward 6,2020-10-21
2020-10-18,38.892089,-76.949414,Ward 7,2020-10-23
2020-10-18,38.923686,-77.002764,Ward 5,2020-10-27
2020-10-18,38.911671,-77.008568,Ward 5,2020-10-27
2020-10-18,38.930280,-77.019040,Ward 1,2020-10-22
2020-10-18,38.832888,-76.989203,Ward 8,2020-10-19
2020-10-18,38.934967,-77.036451,Ward 1,2020-10-19
2020-10-18,38.897367,-76.917159,Ward 7,2020-10-26
2020-10-18,38.905093,-77.071507,Ward 2,2020-10-19
2020-10-18,38.920224,-76.976303,Ward 5,2020-10-30
2020-10-18,38.903875,-76.979174,Ward 5,2020-10-21
2020-10-18,38.904220,-76.979449,Ward 5,2020-10-20
2020-10-18,38.895550,-76.980485,Ward 6,2020-10-21
2020-10-18,38.941641,-76.988059,Ward 5,2020-10-22
2020-10-18,38.895237,-76.976014,Ward 7,2020-10-26
2020-10-18,38.991967,-77.038802,Ward 4,2020-10-19
2020-10-18,38.992285,-77.041498,Ward 4,2020-10-19
2020-10-18,38.994206,-77.039443,Ward 4,2020-10-19
2020-10-18,38.854963,-76.967841,Ward 8,2020-10-26
2020-10-18,38.927943,-77.026785,Ward 1,2020-10-22
2020-10-18,38.897403,-76.982049,Ward 6,2020-10-29
2020-10-18,38.866255,-76.987307,Ward 8,2020-10-28
2020-10-18,38.961945,-77.028252,Ward 4,2020-10-21
2020-10-19,38.920524,-76.986131,Ward 5,2020-10-21
2020-10-19,38.894043,-76.984763,Ward 6,2020-11-18
2020-10-19,38.914690,-77.042310,Ward 2,2020-10-22
2020-10-19,38.898028,-76.981288,Ward 6,2020-10-29
2020-10-19,38.927162,-77.042418,Ward 1,2020-10-19
2020-10-19,38.916765,-77.040148,Ward 2,2020-10-20
2020-10-19,38.894596,-76.981210,Ward 6,2020-11-13
2020-10-19,38.926699,-77.043807,Ward 1,2020-10-22
2020-10-19,38.924522,-76.961911,Ward 5,2020-10-21
2020-10-19,38.936526,-77.033237,Ward 1,2020-11-03
2020-10-19,38.937794,-77.031653,Ward 4,2020-10-21
2020-10-19,38.935959,-76.973568,Ward 5,2020-10-30
2020-10-19,38.924799,-77.035390,Ward 1,2020-11-04
2020-10-19,38.915726,-77.012155,Ward 5,2020-10-21
2020-10-19,38.932712,-77.023313,Ward 1,2020-10-22
2020-10-19,38.877661,-76.966712,Ward 7,2020-10-21
2020-10-19,38.905117,-76.997450,Ward 6,2020-10-29
2020-10-19,38.939941,-77.021611,Ward 4,2020-11-04
2020-10-19,38.905119,-76.996874,Ward 6,2020-10-30
2020-10-19,38.873699,-76.976926,Ward 8,2020-10-26
2020-10-19,38.927203,-77.022721,Ward 1,2020-11-03
2020-10-19,38.962698,-77.004712,Ward 4,2020-10-20
2020-10-19,38.927504,-77.022527,Ward 1,2020-10-22
2020-10-19,38.915565,-77.002028,Ward 5,2020-10-21
2020-10-19,38.955334,-77.014422,Ward 4,2020-10-26
2020-10-19,38.826996,-76.998268,Ward 8,2020-10-26
2020-10-19,38.975165,-77.025834,Ward 4,2020-10-28
2020-10-19,38.902781,-77.054379,Ward 2,2020-10-26
2020-10-19,38.885923,-76.981631,Ward 6,2020-10-20
2020-10-19,38.918971,-77.000312,Ward 5,2020-10-29
2020-10-19,38.941018,-77.033039,Ward 4,2020-10-28
2020-10-19,38.941702,-77.033761,Ward 4,2020-10-22
2020-10-19,38.842172,-76.993679,Ward 8,2020-10-21
2020-10-19,38.867698,-76.981848,Ward 8,2020-10-26
2020-10-19,38.896089,-76.915860,Ward 7,2020-10-30
2020-10-19,38.844237,-76.998848,Ward 8,2020-10-26
2020-10-19,38.959960,-77.012181,Ward 4,2020-10-21
2020-10-19,38.842275,-76.992812,Ward 8,2020-10-28
2020-10-19,38.927162,-77.042418,Ward 1,2020-10-22
2020-10-19,38.904891,-76.981882,Ward 5,2020-10-28
2020-10-19,38.964760,-77.018558,Ward 4,2020-10-28
2020-10-19,38.918286,-77.002983,Ward 5,2020-10-29
2020-10-19,38.951329,-77.009722,Ward 4,2020-10-28
2020-10-19,38.951728,-77.010208,Ward 4,2020-10-28
2020-10-19,38.951756,-77.010244,Ward 4,2020-10-27
2020-10-19,38.951945,-77.010470,Ward 4,2020-10-22
2020-10-19,38.952122,-77.010684,Ward 4,2020-10-28
2020-10-19,38.952046,-77.010591,Ward 4,2020-10-22
2020-10-19,38.935876,-77.034433,Ward 1,2020-10-20
2020-10-20,38.899120,-76.921894,Ward 7,2020-11-03
2020-10-20,38.963850,-77.032161,Ward 4,2020-10-21
2020-10-20,38.934756,-77.028925,Ward 1,2020-10-22
2020-10-20,38.902753,-76.978287,Ward 5,2020-10-30
2020-10-20,38.898503,-76.933567,Ward 7,2020-10-23
2020-10-20,38.927557,-77.042597,Ward 1,2020-10-21
2020-10-20,38.893574,-76.985040,Ward 6,2020-10-28
2020-10-20,38.938493,-77.023843,Ward 4,2020-10-22
2020-10-20,38.892366,-76.913422,Ward 7,2020-11-07
2020-10-20,38.937788,-77.031851,Ward 4,2020-10-21
2020-10-20,38.903904,-76.996601,Ward 6,2020-10-29
2020-10-20,38.885898,-76.985233,Ward 6,2020-11-17
2020-10-20,38.919503,-77.000276,Ward 5,2020-10-22
2020-10-20,38.871865,-76.937561,Ward 7,2020-10-22
2020-10-20,38.928357,-77.022542,Ward 1,2020-11-03
2020-10-20,38.924204,-77.043946,Ward 1,2020-11-03
2020-10-20,38.871201,-76.949377,Ward 7,2020-10-21
2020-10-20,38.951383,-77.029425,Ward 4,2020-10-22
2020-10-20,38.886728,-76.984242,Ward 6,2020-11-16
2020-10-20,38.895731,-76.934872,Ward 7,2020-10-23
2020-10-20,38.906081,-76.926258,Ward 7,2020-11-13
2020-10-20,38.903253,-76.978746,Ward 5,2020-10-30
2020-10-20,38.836196,-76.989645,Ward 8,2020-10-21
2020-10-20,38.926921,-77.043546,Ward 1,2020-10-21
2020-10-20,38.886254,-76.955944,Ward 7,2020-10-21
2020-10-20,38.891018,-76.923138,Ward 7,2020-10-23
2020-10-20,38.892937,-76.919623,Ward 7,2020-10-23
2020-10-20,38.891280,-76.919814,Ward 7,2020-10-28
2020-10-20,38.924608,-76.996625,Ward 5,2020-10-29
2020-10-20,38.917202,-77.039651,Ward 1,2020-11-04
2020-10-20,38.928876,-77.030267,Ward 1,2020-11-06
2020-10-20,38.917202,-77.039711,Ward 1,2020-11-04
2020-10-20,38.878452,-76.934031,Ward 7,2020-10-22
2020-10-20,38.876706,-76.933885,Ward 7,2020-10-22
2020-10-20,38.878902,-76.935730,Ward 7,2020-10-21
2020-10-20,38.844526,-76.998967,Ward 8,2020-10-28
2020-10-20,38.865214,-76.958670,Ward 7,2020-10-22
2020-10-20,38.824211,-77.008981,Ward 8,2020-10-26
2020-10-20,38.914778,-77.019620,Ward 6,2020-10-29
2020-10-20,38.912399,-77.035018,Ward 2,2020-10-22
2020-10-20,38.862753,-76.986897,Ward 8,2020-10-28
2020-10-20,38.978484,-77.032897,Ward 4,2020-10-29
2020-10-20,38.953157,-77.030714,Ward 4,2020-10-28
2020-10-20,38.895812,-76.919149,Ward 7,2020-11-03
2020-10-20,38.886147,-76.925333,Ward 7,2020-10-21
2020-10-20,38.917201,-77.039771,Ward 1,2020-11-04
2020-10-20,38.921738,-77.046569,Ward 1,2020-11-04
2020-10-21,38.931018,-77.043496,Ward 1,2020-11-06
2020-10-21,38.932969,-77.032135,Ward 1,2020-11-03
2020-10-21,38.917202,-77.039530,Ward 1,2020-11-04
2020-10-21,38.889127,-76.981996,Ward 6,2020-11-18
2020-10-21,38.925564,-77.023092,Ward 1,2020-10-22
2020-10-21,38.978484,-77.032897,Ward 4,2020-10-29
2020-10-21,38.918768,-77.028301,Ward 1,2020-10-22
2020-10-21,38.895649,-76.980479,Ward 6,2020-11-18
2020-10-21,38.895647,-76.982040,Ward 6,2020-11-18
2020-10-21,38.896281,-76.982050,Ward 6,2020-11-18
2020-10-21,38.915010,-77.001386,Ward 5,2020-10-27
2020-10-21,38.938484,-77.030005,Ward 4,2020-10-29
2020-10-21,38.827610,-77.006954,Ward 8,2021-03-29
2020-10-21,38.879777,-76.932525,Ward 7,2020-10-26
2020-10-21,38.909132,-77.018675,Ward 6,2020-10-22
2020-10-21,38.853728,-76.995045,Ward 8,2020-10-22
2020-10-21,38.861568,-76.998851,Ward 8,2020-11-04
2020-10-21,38.850890,-76.965607,Ward 8,2020-10-28
2020-10-21,38.864728,-76.978386,Ward 8,2020-10-26
2020-10-21,38.962702,-77.025967,Ward 4,2020-10-22
2020-10-21,38.942393,-77.020125,Ward 4,2020-10-29
2020-10-21,38.897241,-76.981022,Ward 6,2020-11-18
2020-10-21,38.864690,-76.982548,Ward 8,2020-10-26
2020-10-21,38.927686,-77.034590,Ward 1,2020-11-03
2020-10-21,38.916429,-77.014668,Ward 1,2020-11-04
2020-10-21,38.956575,-77.024269,Ward 4,2020-10-28
2020-10-21,38.971944,-77.062245,Ward 4,2020-10-22
2020-10-21,38.871077,-76.981968,Ward 8,2020-10-26
2020-10-21,38.917275,-77.008755,Ward 5,2020-10-22
2020-10-21,38.923332,-77.029387,Ward 1,2020-11-04
2020-10-21,38.965241,-77.030660,Ward 4,2020-10-28
2020-10-21,38.912593,-76.990084,Ward 5,2020-10-29
2020-10-21,38.904836,-77.019148,Ward 6,2020-10-22
2020-10-21,38.923833,-77.023977,Ward 1,2020-10-22
2020-10-21,38.926327,-76.997720,Ward 5,2020-10-29
2020-10-21,38.949455,-77.018238,Ward 4,2020-10-30
2020-10-21,38.885197,-76.983471,Ward 6,2020-11-18
2020-10-21,38.854649,-76.969358,Ward 8,2020-10-26
2020-10-21,38.964672,-77.030953,Ward 4,2020-11-06
2020-10-21,38.934663,-77.028318,Ward 1,2020-11-06
2020-10-21,38.885133,-76.984195,Ward 6,2020-11-18
2020-10-21,38.895647,-76.980986,Ward 6,2020-10-29
2020-10-21,38.852737,-76.965395,Ward 8,2020-10-30
2020-10-21,38.925740,-77.026002,Ward 1,2020-11-06
2020-10-21,38.910976,-77.027848,Ward 2,2020-11-06
2020-10-21,38.929294,-77.024075,Ward 1,2020-11-06
2020-10-22,38.849914,-76.984893,Ward 8,2020-10-27
2020-10-22,38.951468,-77.024783,Ward 4,2020-10-30
2020-10-22,38.938879,-77.025949,Ward 4,2020-10-30
2020-10-22,38.880100,-76.932303,Ward 7,2020-11-03
2020-10-22,38.873936,-76.938405,Ward 7,2020-10-26
2020-10-22,38.834488,-77.007344,Ward 8,2020-11-02
2020-10-22,38.879802,-76.926909,Ward 7,2020-10-26
2020-10-22,38.901966,-76.984246,Ward 5,2020-11-03
2020-10-22,38.851062,-76.985603,Ward 8,2020-11-02
2020-10-22,38.938483,-77.030077,Ward 4,2020-10-30
2020-10-22,38.950927,-77.016132,Ward 4,2020-11-06
2020-10-22,38.948861,-77.017230,Ward 4,2020-11-06
2020-10-22,38.934709,-77.041749,Ward 1,2020-11-03
2020-10-22,38.836315,-77.003783,Ward 8,2020-11-02
2020-10-22,38.842458,-76.993030,Ward 8,2020-11-04
2020-10-22,38.845311,-77.003107,Ward 8,2020-10-30
2020-10-22,38.939261,-76.979488,Ward 5,2020-11-03
2020-10-22,38.918341,-77.032928,Ward 1,2020-10-26
2020-10-22,38.956458,-77.032130,Ward 4,2020-10-30
2020-10-22,38.962985,-77.010691,Ward 4,2020-10-27
2020-10-22,38.934740,-77.029102,Ward 1,2020-10-26
2020-10-22,38.963208,-77.010949,Ward 4,2020-10-27
2020-10-22,38.904492,-76.998727,Ward 6,2020-11-18
2020-10-22,38.945255,-77.033710,Ward 4,2020-10-30
2020-10-22,38.897501,-76.988564,Ward 6,2020-11-21
2020-10-22,38.909838,-77.012599,Ward 5,2020-10-28
2020-10-22,38.944996,-77.005889,Ward 5,2020-10-28
2020-10-22,38.908110,-77.066290,Ward 2,2020-11-06
2020-10-22,38.932867,-76.964566,Ward 5,2020-11-04
2020-10-22,38.950485,-77.080873,Ward 3,2020-10-26
2020-10-22,38.930555,-77.031027,Ward 1,2020-11-06
2020-10-23,38.938483,-77.030077,Ward 4,2020-10-30
2020-10-23,38.890606,-76.985779,Ward 6,2020-11-18
2020-10-23,38.890477,-76.985766,Ward 6,2020-11-18
2020-10-23,38.879176,-76.928957,Ward 7,2020-10-26
2020-10-23,38.936825,-77.059243,Ward 3,2020-10-26
2020-10-23,38.936386,-77.058708,Ward 3,2020-10-26
2020-10-23,38.901399,-77.054584,Ward 2,2020-11-21
2020-10-23,38.927162,-77.042418,Ward 1,2020-10-26
2020-10-23,38.934431,-77.051299,Ward 3,2020-10-26
2020-10-23,38.908069,-77.032953,Ward 2,2020-10-27
2020-10-23,38.888874,-76.993436,Ward 6,2020-11-18
2020-10-23,38.911683,-77.008380,Ward 5,2020-11-04
2020-10-23,38.929188,-77.022630,Ward 1,2020-11-06
2020-10-23,38.935593,-76.972384,Ward 5,2020-11-03
2020-10-23,38.843489,-76.996943,Ward 8,2020-11-02
2020-10-23,38.892400,-76.910323,Ward 7,2020-11-07
2020-10-23,38.935496,-77.038369,Ward 1,2020-11-03
2020-10-23,38.915107,-77.000114,Ward 5,2020-10-27
2020-10-23,38.827174,-76.998212,Ward 8,2020-11-02
2020-10-23,38.848179,-76.982413,Ward 8,2020-11-02
2020-10-23,38.834044,-76.988082,Ward 8,2020-11-02
2020-10-23,38.959971,-77.018637,Ward 4,2020-11-06
2020-10-23,38.921303,-76.988698,Ward 5,2020-10-27
2020-10-23,38.881469,-76.998014,Ward 6,2020-10-29
2020-10-23,38.961365,-77.024723,Ward 4,2020-10-27
2020-10-23,38.894224,-76.986239,Ward 6,2020-11-24
2020-10-23,38.913777,-77.043757,Ward 2,2020-10-27
2020-10-23,38.953433,-77.036017,Ward 4,2020-10-27
2020-10-23,38.851643,-76.975218,Ward 8,2020-11-04
2020-10-23,38.903907,-76.995699,Ward 6,2020-11-03
2020-10-23,38.926224,-77.025578,Ward 1,2020-11-06
2020-10-23,38.886823,-76.980138,Ward 6,2020-11-18
2020-10-23,38.929729,-77.023633,Ward 1,2020-11-03
2020-10-23,38.886826,-76.980484,Ward 6,2020-11-18
2020-10-23,38.870965,-76.942563,Ward 7,2020-10-29
2020-10-23,38.900378,-76.977674,Ward 5,2020-11-03
2020-10-24,38.933930,-76.962167,Ward 5,2020-11-03
2020-10-24,38.888234,-76.936881,Ward 7,2020-10-26
2020-10-24,38.888456,-76.939654,Ward 7,2020-10-26
2020-10-24,38.926667,-77.009044,Ward 5,2020-10-27
2020-10-24,38.913223,-77.032935,Ward 2,2020-10-27
2020-10-24,38.986590,-77.033408,Ward 4,2020-10-26
2020-10-24,38.834167,-77.004603,Ward 8,2020-10-29
2020-10-24,38.906631,-76.986603,Ward 5,2020-11-03
2020-10-24,38.906062,-76.927469,Ward 7,2020-10-28
2020-10-24,38.971285,-77.025366,Ward 4,2020-10-30
2020-10-24,38.924228,-77.025296,Ward 1,2020-10-26
2020-10-24,38.919135,-77.023653,Ward 1,2020-11-04
2020-10-24,38.894897,-77.000811,Ward 6,2020-11-18
2020-10-24,38.965942,-77.031343,Ward 4,2020-10-30
2020-10-24,38.832561,-77.008997,Ward 8,2020-10-26
2020-10-24,38.901542,-76.989515,Ward 6,2020-11-18
2020-10-24,38.929254,-76.993530,Ward 5,2020-11-03
2020-10-24,38.901930,-76.989635,Ward 6,2020-10-30
2020-10-24,38.934109,-76.983903,Ward 5,2020-11-03
2020-10-24,38.909664,-76.987614,Ward 5,2020-11-03
2020-10-24,38.944230,-77.023665,Ward 4,2020-10-30
2020-10-24,38.926224,-77.025578,Ward 1,2020-11-06
2020-10-25,38.858144,-76.965572,Ward 7,2020-10-30
2020-10-25,38.928817,-77.042158,Ward 1,2020-11-04
2020-10-25,38.874131,-76.975733,Ward 8,2020-11-18
2020-10-25,38.910092,-77.084190,Ward 3,2020-11-06
2020-10-25,38.975408,-77.025836,Ward 4,2020-10-30
2020-10-25,38.895647,-76.980986,Ward 6,2020-11-16
2020-10-25,38.952747,-77.026831,Ward 4,2020-10-30
2020-10-25,38.847163,-76.982514,Ward 8,2020-11-02
2020-10-25,38.899712,-76.995927,Ward 6,2020-11-16
2020-10-25,38.936563,-77.073128,Ward 3,2020-10-26
2020-10-26,38.910920,-77.011965,Ward 5,2020-10-28
2020-10-26,38.899198,-76.992424,Ward 6,2020-11-16
2020-10-26,38.864883,-76.968675,Ward 7,2020-10-28
2020-10-26,38.885557,-76.978352,Ward 6,2020-11-24
2020-10-26,38.934936,-77.028279,Ward 1,2020-11-04
2020-10-26,38.926169,-77.034953,Ward 1,2020-11-03
2020-10-26,38.926239,-77.033436,Ward 1,2020-11-03
2020-10-26,38.893407,-76.910395,Ward 7,2020-10-30
2020-10-26,38.870014,-76.979254,Ward 8,2020-10-30
2020-10-26,38.912243,-77.017598,Ward 6,2020-11-21
2020-10-26,38.941479,-77.029970,Ward 4,2020-10-30
2020-10-26,38.858797,-76.965475,Ward 7,2020-10-30
2020-10-26,38.951652,-77.030631,Ward 4,2020-10-30
2020-10-26,38.912439,-77.019651,Ward 6,2020-11-03
2020-10-26,38.933923,-76.968407,Ward 5,2020-11-03
2020-10-26,38.916673,-77.002411,Ward 5,2020-11-03
2020-10-26,38.925855,-77.023126,Ward 1,2020-11-03
2020-10-26,38.918107,-76.999522,Ward 5,2020-11-03
2020-10-26,38.898028,-76.981288,Ward 6,2020-11-24
2020-10-26,38.883624,-76.942132,Ward 7,2020-10-30
2020-10-26,38.941782,-77.094062,Ward 3,2020-11-06
2020-10-26,38.883624,-76.942132,Ward 7,2020-10-30
2020-10-26,38.952748,-77.026767,Ward 4,2020-10-30
2020-10-26,38.904837,-76.938094,Ward 7,2020-10-30
2020-10-26,38.920554,-77.039068,Ward 1,2020-11-04
2020-10-26,38.930733,-77.030517,Ward 1,2020-11-06
2020-10-26,38.914578,-77.014610,Ward 5,2020-11-04
2020-10-26,38.822885,-76.999584,Ward 8,2020-11-02
2020-10-26,38.958350,-77.021069,Ward 4,2020-10-30
2020-10-26,38.862914,-76.992557,Ward 8,2020-10-30
2020-10-26,38.960023,-77.032139,Ward 4,2020-10-30
2020-10-26,38.935116,-77.028749,Ward 1,2020-11-07
2020-10-26,38.930733,-77.030517,Ward 1,2020-11-06
2020-10-26,38.961775,-77.002544,Ward 4,2020-11-06
2020-10-26,38.972139,-77.016482,Ward 4,2020-10-28
2020-10-26,38.933596,-76.961395,Ward 5,2020-11-03
2020-10-26,38.901702,-77.000347,Ward 6,2020-10-30
2020-10-26,38.906675,-76.986711,Ward 5,2020-11-03
2020-10-26,38.906496,-76.986289,Ward 5,2020-11-03
2020-10-26,38.920417,-76.978737,Ward 5,2020-11-04
2020-10-26,38.896119,-76.992643,Ward 6,2020-10-30
2020-10-26,38.915411,-77.012389,Ward 5,2020-10-29
2020-10-26,38.895672,-76.992419,Ward 6,2020-10-28
2020-10-27,38.910168,-76.987663,Ward 5,2020-10-27
2020-10-27,38.910755,-77.009346,Ward 5,2020-11-02
2020-10-27,38.933359,-76.962301,Ward 5,2020-10-28
2020-10-27,38.901492,-76.992089,Ward 6,2020-11-21
2020-10-27,38.949889,-77.093548,Ward 3,2020-11-06
2020-10-27,38.943163,-77.012710,Ward 4,2020-10-29
2020-10-27,38.908542,-76.985364,Ward 5,2020-10-29
2020-10-27,38.897291,-76.918926,Ward 7,2020-11-07
2020-10-27,38.918439,-77.027857,Ward 1,2020-11-04
2020-10-27,38.903918,-76.981737,Ward 5,2020-11-03
2020-10-27,38.932712,-77.023313,Ward 1,2020-10-30
2020-10-27,38.851956,-76.963594,Ward 8,2020-10-28
2020-10-27,38.865560,-76.982537,Ward 8,2020-10-30
2020-10-27,38.852267,-76.963470,Ward 8,2020-10-30
2020-10-27,38.838942,-76.994136,Ward 8,2020-10-28
2020-10-27,38.835034,-77.003218,Ward 8,2020-11-02
2020-10-27,38.851565,-76.965003,Ward 8,2020-10-30
2020-10-27,38.850324,-76.968595,Ward 8,2020-11-02
2020-10-27,38.849952,-76.966793,Ward 8,2020-11-02
2020-10-27,38.932178,-77.035721,Ward 1,2020-10-28
2020-10-27,38.943871,-77.023691,Ward 4,2020-10-29
2020-10-27,38.903434,-77.053670,Ward 2,2020-10-28
2020-10-27,38.942200,-77.026137,Ward 4,2020-10-29
2020-10-27,38.835112,-76.986100,Ward 8,2020-12-04
2020-10-27,38.889127,-76.981996,Ward 6,2020-12-07
2020-10-27,38.822538,-77.002314,Ward 8,2020-11-02
2020-10-27,38.928816,-77.022673,Ward 1,2020-11-06
2020-10-27,38.938483,-77.030077,Ward 4,2020-10-30
2020-10-27,38.943702,-77.026722,Ward 4,2020-10-29
2020-10-27,38.934866,-77.036819,Ward 1,2020-10-28
2020-10-27,38.927112,-77.030022,Ward 1,2020-11-04
2020-10-27,38.904295,-76.926084,Ward 7,2020-11-07
2020-10-27,38.944330,-77.011540,Null,2020-10-29
2020-10-27,38.858283,-76.993945,Ward 8,2020-10-30
2020-10-27,38.879456,-76.990895,Ward 6,2020-11-24
2020-10-27,38.948301,-77.017178,Ward 4,2020-10-30
2020-10-27,38.969704,-77.015058,Ward 4,2020-10-29
2020-10-27,38.975165,-77.025834,Ward 4,2020-10-29
2020-10-27,38.910180,-77.028083,Ward 2,2020-11-03
2020-10-27,38.855304,-76.990897,Ward 8,2020-10-30
2020-10-27,38.909344,-77.046930,Ward 2,2020-11-06
2020-10-27,38.888523,-76.926639,Ward 7,2020-10-30
2020-10-27,38.899772,-76.998244,Ward 6,2020-10-30
2020-10-28,38.896277,-76.978504,Ward 6,2020-11-16
2020-10-28,38.991967,-77.038802,Ward 4,2020-10-29
2020-10-28,38.992285,-77.041498,Ward 4,2020-10-29
2020-10-28,38.907528,-76.988773,Ward 5,2020-11-03
2020-10-28,38.914578,-77.014610,Ward 5,2020-11-04
2020-10-28,38.912184,-77.019121,Ward 6,2020-11-03
2020-10-28,38.920419,-77.031119,Ward 1,2020-11-09
2020-10-28,38.913521,-77.012874,Ward 5,2020-10-29
2020-10-28,38.951730,-77.025138,Ward 4,2020-10-30
2020-10-28,38.910615,-77.026175,Ward 6,2020-10-30
2020-10-28,38.958362,-77.021224,Ward 4,2020-10-30
2020-10-28,38.832121,-77.007468,Ward 8,2020-11-02
2020-10-28,38.884628,-76.957903,Ward 7,2020-10-29
2020-10-28,38.827174,-76.998212,Ward 8,2020-11-02
2020-10-28,38.960033,-77.032826,Ward 4,2020-10-30
2020-10-28,38.915711,-77.011542,Ward 5,2020-10-29
2020-10-28,38.871649,-76.975809,Ward 8,2020-10-30
2020-10-28,38.885353,-76.983655,Null,2020-11-03
2020-10-28,38.885442,-76.955922,Ward 7,2020-10-30
2020-10-28,38.946993,-77.033285,Ward 4,2020-10-30
2020-10-28,38.867295,-76.986805,Ward 8,2020-10-30
2020-10-28,38.915607,-77.074410,Ward 2,2020-11-06
2020-10-28,38.881460,-76.990698,Ward 6,2020-10-30
2020-10-28,38.938483,-77.030077,Ward 4,2020-10-30
2020-10-28,38.878032,-76.930297,Ward 7,2020-10-30
2020-10-28,38.910480,-76.933285,Ward 7,2020-11-02
2020-10-28,38.863835,-76.979863,Ward 8,2020-10-30
2020-10-28,38.846880,-76.982542,Ward 8,2020-11-02
2020-10-28,38.943468,-76.987494,Ward 5,2020-10-29
2020-10-28,38.924024,-77.026025,Ward 1,2020-11-10
2020-10-28,38.969319,-77.034172,Ward 4,2020-11-06
2020-10-28,38.840420,-76.998165,Ward 8,2020-11-06
2020-10-28,38.969319,-77.034172,Ward 4,2020-11-06
2020-10-28,38.915398,-77.030512,Ward 1,2020-11-04
2020-10-28,38.910879,-77.008683,Ward 5,2020-11-03
2020-10-28,38.923264,-76.951231,Ward 5,2020-11-03
2020-10-28,38.901174,-76.995269,Ward 6,2020-11-16
2020-10-28,38.939721,-77.067350,Ward 3,2020-11-21
2020-10-28,38.926399,-77.026798,Ward 1,2020-10-29
2020-10-29,38.923040,-76.950366,Ward 5,2020-11-03
2020-10-29,38.936619,-77.020369,Ward 1,2020-11-03
2020-10-29,38.912894,-77.029007,Ward 2,2020-11-06
2020-10-29,38.910495,-77.007911,Ward 5,2020-11-03
2020-10-29,38.884047,-77.000800,Ward 6,2020-11-03
2020-10-29,38.957464,-77.010937,Ward 4,2020-10-30
2020-10-29,38.878375,-76.963114,Ward 7,2020-11-19
2020-10-29,38.957812,-76.993399,Ward 4,2020-11-06
2020-10-29,38.923040,-76.950366,Ward 5,2020-11-03
2020-10-29,38.881217,-77.028052,Ward 6,2020-11-06
2020-10-29,38.827350,-76.998212,Ward 8,2020-11-03
2020-10-29,38.824988,-77.009779,Ward 8,2020-11-02
2020-10-29,38.824965,-77.008600,Ward 8,2020-11-06
2020-10-29,38.824955,-77.008012,Ward 8,2020-11-06
2020-10-29,38.827051,-77.006422,Ward 8,2020-11-06
2020-10-29,38.881258,-76.942732,Ward 7,2020-11-07
2020-10-29,38.829872,-77.000351,Ward 8,2020-11-06
2020-10-29,38.909132,-77.018675,Ward 6,2020-11-03
2020-10-29,38.830621,-77.000325,Ward 8,2020-11-06
2020-10-29,38.831061,-76.992279,Ward 8,2020-11-06
2020-10-29,38.870553,-76.979556,Ward 8,2020-11-06
2020-10-29,38.870292,-76.979254,Ward 8,2020-11-06
2020-10-29,38.869672,-76.980436,Ward 8,2020-11-06
2020-10-29,38.915364,-77.031198,Ward 1,2020-11-07
2020-10-29,38.895003,-77.031353,Ward 2,2020-11-17
2020-10-29,38.860117,-76.996846,Ward 8,2020-11-02
2020-10-29,38.926499,-77.026799,Ward 1,2020-11-07
2020-10-29,38.954414,-76.998189,Ward 5,2020-11-03
2020-10-29,38.933037,-77.038593,Ward 1,2020-11-04
2020-10-29,38.932980,-77.038588,Ward 1,2020-11-04
2020-10-29,38.956435,-77.026989,Ward 4,2020-11-06
2020-10-29,38.879971,-76.934166,Ward 7,2020-11-02
2020-10-29,38.931613,-77.044471,Ward 1,2020-11-04
2020-10-30,38.899976,-77.031213,Ward 2,2020-11-17
2020-10-30,38.845295,-76.998820,Ward 8,2020-11-06
2020-10-30,38.942915,-76.998215,Ward 5,2020-11-25
2020-10-30,38.958227,-77.026046,Ward 4,2020-11-02
2020-10-30,38.924032,-77.025268,Ward 1,2020-11-06
2020-10-30,38.924881,-77.023333,Ward 1,2020-11-09
2020-10-30,38.867295,-76.986805,Ward 8,2020-10-30
2020-10-30,38.924376,-77.023288,Ward 1,2020-11-02
2020-10-30,38.905819,-76.944874,Ward 7,2020-11-03
2020-10-30,38.895003,-77.031353,Ward 2,2020-11-17
2020-10-30,38.895003,-77.031353,Ward 2,2020-11-17
2020-10-30,38.893439,-76.983933,Ward 6,2020-11-04
2020-10-30,38.873751,-76.976519,Ward 8,2020-11-06
2020-10-30,38.938483,-77.030077,Ward 4,2020-10-30
2020-10-30,38.907105,-76.986062,Ward 5,2020-11-02
2020-10-30,38.894789,-77.000577,Ward 6,2021-01-08
2020-10-30,38.934246,-77.025529,Ward 1,2020-11-09
2020-10-30,38.931848,-77.026925,Ward 1,2020-11-06
2020-10-30,38.866549,-76.979273,Ward 8,2021-03-29
2020-10-30,38.912373,-77.003227,Ward 5,2020-11-02
2020-10-30,38.956830,-77.027498,Ward 4,2020-11-06
2020-10-30,38.911750,-77.024318,Ward 6,2020-11-03
2020-10-30,38.933855,-77.032731,Ward 1,2020-11-21
2020-10-30,38.899932,-76.938084,Ward 7,2020-11-07
2020-10-30,38.855384,-76.986814,Ward 8,2020-11-06
2020-10-30,38.928884,-77.030725,Ward 1,2020-11-06
2020-10-30,38.869739,-76.967475,Ward 7,2020-11-02
2020-10-31,38.921416,-76.984150,Ward 5,2020-11-03
2020-10-31,38.903207,-76.990136,Ward 5,2020-11-03
2020-10-31,38.903207,-76.990136,Ward 5,2020-11-03
2020-10-31,38.903207,-76.990136,Ward 5,2020-11-03
2020-10-31,38.903207,-76.990136,Ward 5,2020-11-03
2020-10-31,38.971285,-77.025366,Ward 4,2020-11-06
2020-10-31,38.894161,-76.985248,Ward 6,2020-11-16
2020-10-31,38.917950,-77.013210,Ward 5,2020-11-02
2020-10-31,38.949901,-77.014796,Ward 4,2020-11-02
2020-10-31,38.916740,-76.977502,Ward 5,2020-11-04
2020-10-31,38.927686,-77.034590,Ward 1,2020-11-03
2020-10-31,38.870539,-76.972203,Ward 8,2020-11-06
2020-10-31,38.921135,-77.059310,Ward 3,2020-11-06
2020-10-31,38.943046,-77.007022,Ward 5,2020-11-03
2020-10-31,38.955778,-77.072584,Ward 3,2020-11-21
2020-10-31,38.879061,-76.987853,Ward 6,2020-11-16
2020-10-31,38.888536,-76.995211,Ward 6,2020-11-16
2020-10-31,38.926224,-77.025578,Ward 1,2020-11-06
2020-10-31,38.916183,-77.010005,Ward 5,2020-11-04
2020-10-31,38.903907,-76.995699,Ward 6,2020-11-16
2020-11-01,38.913337,-77.073971,Ward 2,2020-11-21
2020-11-01,38.881460,-76.990698,Ward 6,2020-11-03
2020-11-01,38.903907,-76.995699,Ward 6,2020-11-16
2020-11-01,38.903372,-76.995911,Ward 6,2020-11-02
2020-11-01,38.894617,-76.985713,Ward 6,2020-11-03
2020-11-01,38.924102,-77.044274,Ward 1,2020-11-03
2020-11-01,38.931266,-77.043303,Ward 1,2020-11-06
2020-11-01,38.887280,-76.916929,Ward 7,2020-11-07
2020-11-01,38.912373,-77.003227,Ward 5,2020-11-02
2020-11-01,38.904216,-76.979394,Ward 5,2020-11-02
2020-11-01,38.948412,-77.015922,Ward 4,2020-11-06
2020-11-02,38.924291,-76.982198,Ward 5,2020-11-02
2020-11-02,38.903907,-76.995643,Ward 6,2020-11-05
2020-11-02,38.834619,-76.987470,Ward 8,2020-11-04
2020-11-02,38.926224,-77.025578,Ward 1,2020-11-06
2020-11-02,38.870014,-76.979254,Ward 8,2020-11-04
2020-11-02,38.885624,-77.003819,Ward 6,2020-12-04
2020-11-02,38.892366,-76.913422,Ward 7,2020-11-03
2020-11-02,38.908892,-77.003827,Ward 5,2020-11-05
2020-11-02,38.921966,-77.043044,Ward 1,2020-11-03
2020-11-02,38.943294,-77.026651,Ward 4,2020-12-04
2020-11-02,38.949849,-77.015962,Ward 4,2020-11-04
2020-11-02,38.956972,-77.010975,Ward 4,2020-11-04
2020-11-02,38.927217,-77.023668,Ward 1,2020-11-04
2020-11-02,38.980178,-77.056868,Ward 4,2020-11-06
2020-11-02,38.933242,-77.028277,Ward 1,2020-11-04
2020-11-02,38.895212,-76.991300,Ward 6,2020-11-04
2020-11-02,38.915385,-77.030655,Ward 1,2020-11-04
2020-11-02,38.915404,-77.030430,Ward 1,2020-11-04
2020-11-02,38.899569,-76.978709,Ward 5,2020-11-13
2020-11-02,38.923332,-77.029387,Ward 1,2020-11-03
2020-11-02,38.921712,-77.034619,Ward 1,2020-11-03
2020-11-02,38.953825,-76.994970,Ward 5,2020-11-05
2020-11-02,38.841893,-77.001616,Ward 8,2020-11-04
2020-11-02,38.888985,-76.925644,Ward 7,2020-11-04
2020-11-02,38.896744,-76.930090,Ward 7,2020-11-03
2020-11-02,38.912802,-76.972805,Ward 5,2020-11-13
2020-11-02,38.890715,-76.955072,Ward 7,2020-12-21
2020-11-02,38.903911,-76.993488,Ward 6,2020-11-04
2020-11-02,38.949573,-77.013343,Ward 4,2020-11-04
2020-11-02,38.894617,-76.985713,Ward 6,2020-11-03
2020-11-03,38.936362,-77.035512,Ward 1,2020-11-03
2020-11-03,38.906579,-77.018378,Ward 6,2020-11-16
2020-11-03,38.931613,-77.044471,Ward 1,2020-11-04
2020-11-03,38.964641,-77.031271,Ward 4,2020-11-06
2020-11-03,38.839904,-77.003733,Ward 8,2020-11-11
2020-11-03,38.943078,-77.026060,Ward 4,2020-11-13
2020-11-03,38.943388,-77.007023,Ward 5,2020-11-05
2020-11-03,38.865411,-76.962577,Ward 7,2020-11-05
2020-11-03,38.885411,-77.002313,Ward 6,2020-11-04
2020-11-03,38.946301,-77.006964,Ward 5,2020-11-23
2020-11-03,38.904405,-76.934434,Ward 7,2020-11-13
2020-11-03,38.920328,-77.039088,Ward 1,2020-11-04
2020-11-03,38.841013,-77.003085,Ward 8,2020-11-06
2020-11-03,38.938416,-76.995176,Ward 5,2020-11-06
2020-11-03,38.927527,-77.026709,Ward 1,2020-11-18
2020-11-03,38.868058,-76.980207,Ward 8,2020-11-06
2020-11-03,38.870478,-76.979254,Ward 8,2020-11-06
2020-11-03,38.959022,-77.022730,Ward 4,2020-11-04
2020-11-03,38.955823,-77.020069,Ward 4,2020-11-04
2020-11-03,38.859242,-76.969979,Ward 8,2020-11-24
2020-11-03,38.943112,-77.026125,Ward 4,2020-11-13
2020-11-03,38.940335,-77.026730,Ward 4,2020-11-13
2020-11-03,38.894148,-76.924816,Ward 7,2020-11-13
2020-11-03,38.935255,-77.028752,Ward 1,2020-11-18
2020-11-03,38.933007,-77.028336,Ward 1,2020-11-19
2020-11-03,38.859405,-76.965045,Ward 7,2020-11-05
2020-11-03,38.953785,-77.011779,Ward 4,2020-11-13
2020-11-03,38.910689,-77.027304,Ward 2,2020-11-25
2020-11-03,38.933358,-77.032968,Ward 1,2020-11-19
2020-11-03,38.901972,-76.931934,Ward 7,2020-11-06
2020-11-03,38.889005,-76.953310,Ward 7,2020-11-07
2020-11-03,38.894846,-76.925041,Ward 7,2020-11-05
2020-11-03,38.860306,-76.987675,Ward 8,2020-11-11
2020-11-03,38.860687,-76.986438,Ward 8,2020-11-11
2020-11-03,38.862864,-76.980433,Ward 8,2020-11-05
2020-11-03,38.850644,-76.978221,Ward 8,2020-11-05
2020-11-03,38.850526,-76.979534,Ward 8,2020-11-05
2020-11-03,38.849526,-76.979890,Ward 8,2020-11-11
2020-11-03,38.849165,-76.977958,Ward 8,2020-11-05
2020-11-03,38.903198,-76.981116,Ward 5,2020-11-13
2020-11-03,38.850319,-76.976661,Ward 8,2020-11-05
2020-11-03,38.900409,-76.993572,Ward 6,2020-11-16
2020-11-03,38.894436,-76.918946,Ward 7,2020-11-06
2020-11-04,38.895622,-76.922437,Ward 7,2020-11-18
2020-11-04,38.867674,-76.981914,Ward 8,2020-11-11
2020-11-04,38.901671,-76.932257,Ward 7,2020-11-06
2020-11-04,38.896277,-76.978504,Ward 6,2020-11-30
2020-11-04,38.852823,-76.970817,Ward 8,2020-11-11
2020-11-04,38.873137,-76.967974,Ward 7,2020-11-13
2020-11-04,38.913044,-77.016389,Ward 5,2020-11-05
2020-11-04,38.870386,-76.978765,Ward 8,2020-11-11
2020-11-04,38.905183,-76.932470,Ward 7,2020-11-09
2020-11-04,38.894906,-76.985243,Ward 6,2020-11-05
2020-11-04,38.925778,-76.982152,Ward 5,2020-11-05
2020-11-04,38.912805,-76.973534,Ward 5,2020-11-13
2020-11-04,38.904241,-76.983390,Ward 5,2020-11-05
2020-11-04,38.866689,-76.987178,Ward 8,2021-01-05
2020-11-04,38.885385,-76.959575,Ward 7,2020-11-06
2020-11-04,38.904354,-76.934428,Ward 7,2020-11-10
2020-11-04,38.866817,-76.989677,Ward 8,2020-11-11
2020-11-04,38.934965,-77.028757,Ward 1,2020-11-18
2020-11-04,38.946344,-77.007509,Ward 5,2021-01-05
2020-11-04,38.881073,-76.990815,Ward 6,2020-11-16
2020-11-04,38.868830,-76.979541,Ward 8,2020-11-11
2020-11-04,38.868630,-76.979944,Ward 8,2020-11-11
2020-11-04,38.868731,-76.979742,Ward 8,2020-11-11
2020-11-04,38.912685,-76.987174,Ward 5,2020-11-05
2020-11-04,38.910263,-76.985635,Ward 5,2020-11-13
2020-11-04,38.911541,-76.987471,Ward 5,2020-11-05
2020-11-04,38.912034,-76.985535,Ward 5,2020-11-05
2020-11-04,38.922538,-76.963902,Ward 5,2020-11-05
2020-11-04,38.919870,-77.043001,Ward 1,2020-11-05
2020-11-04,38.922945,-77.039805,Ward 1,2020-11-05
2020-11-05,38.919828,-77.038918,Ward 1,2020-11-19
2020-11-05,38.931320,-77.020308,Ward 1,2020-11-23
2020-11-05,38.898072,-77.051137,Ward 2,2020-11-23
2020-11-05,38.866247,-76.982227,Ward 8,2020-12-22
2020-11-05,38.913044,-77.008084,Ward 5,2020-11-13
2020-11-05,38.845892,-77.004376,Ward 8,2020-11-11
2020-11-05,38.941237,-77.015613,Ward 4,2020-11-13
2020-11-05,38.949413,-77.088400,Ward 3,2020-11-24
2020-11-05,38.935078,-77.026069,Ward 1,2020-11-20
2020-11-05,38.865235,-76.957137,Ward 7,2020-11-13
2020-11-05,38.847345,-76.983538,Ward 8,2020-11-06
2020-11-05,38.833238,-76.998110,Ward 8,2020-11-11
2020-11-05,38.887792,-76.992129,Ward 6,2020-11-06
2020-11-05,38.952897,-77.075199,Ward 3,2020-11-10
2020-11-05,38.925583,-77.033768,Ward 1,2020-11-18
2020-11-05,38.928383,-77.030737,Ward 1,2020-11-18
2020-11-05,38.914621,-77.009394,Ward 5,2020-11-06
2020-11-05,38.844312,-76.990594,Ward 8,2020-12-29
2020-11-05,38.824199,-77.009583,Ward 8,2020-11-06
2020-11-05,38.914454,-77.009378,Ward 5,2020-11-06
2020-11-05,38.858945,-76.970237,Ward 8,2020-11-11
2020-11-05,38.870573,-76.978765,Ward 8,2020-11-11
2020-11-05,38.904069,-76.981491,Ward 5,2020-11-18
2020-11-05,38.940907,-76.973128,Ward 5,2020-11-23
2020-11-05,38.904626,-77.018713,Ward 6,2020-11-30
2020-11-05,38.953252,-77.015940,Ward 4,2021-01-11
2020-11-05,38.933082,-77.044064,Ward 1,2020-11-06
2020-11-06,38.924143,-77.029404,Ward 1,2020-11-06
2020-11-06,38.907539,-76.937614,Ward 7,2020-11-13
2020-11-06,38.895647,-76.980986,Ward 6,2020-12-04
2020-11-06,38.928601,-76.965617,Ward 5,2020-11-23
2020-11-06,38.971287,-77.025221,Ward 4,2020-11-21
2020-11-06,38.896922,-76.942110,Ward 7,2020-11-10
2020-11-06,38.906867,-76.986231,Ward 5,2020-11-18
2020-11-06,38.909859,-77.009923,Ward 5,2020-11-20
2020-11-06,38.913929,-77.031545,Ward 2,2020-11-23
2020-11-06,38.906038,-76.986950,Ward 5,2020-11-20
2020-11-06,38.936500,-77.025458,Ward 4,2020-11-16
2020-11-06,38.911918,-77.067363,Ward 2,2020-11-23
2020-11-06,38.953433,-77.036017,Ward 4,2020-11-16
2020-11-06,38.831301,-76.990765,Ward 8,2020-11-09
2020-11-06,38.943112,-77.026125,Ward 4,2020-11-13
2020-11-06,38.925009,-77.030491,Ward 1,2020-11-19
2020-11-06,38.860549,-76.952390,Ward 7,2020-11-13
2020-11-06,38.940500,-77.025453,Ward 4,2020-11-16
2020-11-06,38.913044,-77.008084,Ward 5,2020-11-13
2020-11-06,38.888440,-76.935700,Ward 7,2020-11-09
2020-11-06,38.906341,-76.985137,Ward 5,2020-11-18
2020-11-06,38.894617,-76.985713,Ward 6,2020-11-30
2020-11-06,38.903340,-77.012493,Ward 6,2020-11-13
2020-11-06,38.925009,-77.030491,Ward 1,2020-11-19
2020-11-06,38.898330,-76.986987,Ward 6,2020-12-04
2020-11-06,38.906476,-76.985413,Ward 5,2020-11-18
2020-11-06,38.865836,-76.981717,Ward 8,2020-11-11
2020-11-06,38.951738,-76.994198,Ward 5,2020-11-23
2020-11-07,38.894646,-76.997588,Ward 6,2020-11-16
2020-11-07,38.912430,-77.027337,Ward 2,2020-11-23
2020-11-07,38.979588,-77.023789,Ward 4,2020-11-16
2020-11-07,38.914102,-77.000589,Ward 5,2021-01-07
2020-11-07,38.930215,-76.995614,Ward 5,2020-11-23
2020-11-07,38.896821,-76.981462,Ward 6,2020-11-30
2020-11-07,38.928817,-77.042158,Ward 1,2020-11-30
2020-11-07,38.894617,-76.985713,Ward 6,2020-11-30
2020-11-07,38.950602,-77.022262,Ward 4,2020-11-16
2020-11-07,38.906837,-76.985427,Ward 5,2020-11-18
2020-11-08,38.959153,-77.022442,Ward 4,2021-01-11
2020-11-08,38.944891,-77.027050,Ward 4,2020-11-16
2020-11-08,38.895927,-76.981944,Ward 6,2020-11-16
2020-11-08,38.905228,-77.000794,Ward 6,2020-11-13
2020-11-08,38.917938,-77.000129,Ward 5,2020-11-25
2020-11-08,38.881267,-77.027666,Ward 6,2020-11-19
2020-11-08,38.917392,-77.003699,Ward 5,2020-11-23
2020-11-08,38.920625,-77.003193,Ward 5,2020-11-23
2020-11-08,38.897337,-76.925611,Ward 7,2020-11-09
2020-11-08,38.887773,-76.979676,Ward 6,2020-12-04
2020-11-08,38.922202,-77.041685,Ward 1,2020-11-23
2020-11-08,38.899517,-76.991750,Ward 6,2020-11-16
2020-11-08,38.866471,-76.989840,Ward 8,2020-11-11
2020-11-09,38.920879,-76.983449,Ward 5,2020-11-20
2020-11-09,38.921445,-76.984112,Ward 5,2020-11-23
2020-11-09,38.902725,-76.980243,Ward 5,2020-11-10
2020-11-09,38.916673,-77.002411,Ward 5,2020-11-18
2020-11-09,38.994206,-77.039443,Ward 4,2020-11-10
2020-11-09,38.992285,-77.041498,Ward 4,2020-11-10
2020-11-09,38.991967,-77.038802,Ward 4,2020-11-10
2020-11-09,38.992070,-77.041676,Ward 4,2020-11-10
2020-11-09,38.991807,-77.038656,Ward 4,2020-11-10
2020-11-09,38.933835,-77.041035,Ward 1,2020-11-19
2020-11-09,38.912348,-77.004699,Ward 5,2020-11-10
2020-11-09,38.909941,-76.986042,Ward 5,2020-11-18
2020-11-09,38.951990,-77.022968,Ward 4,2021-01-11
2020-11-09,38.939106,-77.036444,Ward 4,2021-02-03
2020-11-09,38.892927,-76.952102,Ward 7,2020-11-13
2020-11-09,38.932867,-76.964566,Ward 5,2021-01-27
2020-11-09,38.939479,-77.032445,Ward 4,2020-11-10
2020-11-09,38.910864,-77.049731,Ward 2,2020-11-24
2020-11-09,38.919631,-77.013331,Ward 5,2020-11-12
2020-11-09,38.906432,-76.977412,Ward 5,2020-11-12
2020-11-09,38.902236,-77.000028,Ward 6,2020-11-13
2020-11-09,38.866681,-76.982431,Ward 8,2020-11-17
2020-11-09,38.910575,-77.020156,Ward 6,2020-11-16
2020-11-09,38.944586,-77.027623,Ward 4,2020-11-16
2020-11-09,38.841322,-76.989840,Ward 8,2020-11-17
2020-11-09,38.903907,-76.995643,Ward 6,2020-12-04
2020-11-09,38.893097,-76.953055,Ward 7,2020-11-25
2020-11-09,38.844512,-76.999134,Ward 8,2020-11-17
2020-11-09,38.949889,-77.093548,Ward 3,2020-12-29
2020-11-09,38.919363,-76.982933,Ward 5,2020-11-23
2020-11-09,38.844512,-76.999134,Ward 8,2020-11-17
2020-11-09,38.844512,-76.999134,Ward 8,2020-11-17
2020-11-09,38.839520,-77.006024,Ward 8,2020-11-17
2020-11-09,38.921164,-77.045531,Ward 1,2020-11-19
2020-11-09,38.933714,-77.024730,Ward 1,2020-11-20
2020-11-09,38.870970,-76.978696,Ward 8,2020-11-17
2020-11-09,38.906868,-77.011125,Ward 5,2020-11-24
2020-11-09,38.904301,-76.981297,Ward 5,2020-11-18
2020-11-09,38.916691,-77.068082,Ward 2,2020-12-04
2020-11-09,38.891460,-76.934637,Ward 7,2020-11-13
2020-11-09,38.905239,-77.067710,Ward 2,2020-11-17
2020-11-09,38.912373,-77.003227,Ward 5,2020-11-18
2020-11-09,38.909816,-77.008363,Ward 5,2020-12-09
2020-11-09,38.906693,-77.008462,Ward 6,2020-12-04
2020-11-09,38.905334,-77.001826,Ward 6,2020-11-16
2020-11-09,38.907961,-77.006283,Ward 6,2020-12-07
2020-11-09,38.911697,-77.039307,Ward 2,2020-11-24
2020-11-09,38.904405,-76.934434,Ward 7,2020-11-13
2020-11-10,38.924508,-77.029932,Ward 1,2020-11-19
2020-11-10,38.913452,-76.968557,Ward 5,2020-12-15
2020-11-10,38.830673,-77.006195,Ward 8,2020-11-17
2020-11-10,38.885205,-76.989975,Ward 6,2020-12-04
2020-11-10,38.933125,-77.028766,Ward 1,2020-11-18
2020-11-10,38.934885,-77.028316,Ward 1,2020-11-18
2020-11-10,38.912311,-77.003922,Ward 5,2020-11-18
2020-11-10,38.912076,-77.015446,Ward 5,2020-11-12
2020-11-10,38.912311,-77.003922,Ward 5,2020-11-18
2020-11-10,38.886920,-76.924052,Ward 7,2020-11-12
2020-11-10,38.865057,-76.984745,Ward 8,2020-11-17
2020-11-10,38.903133,-76.933466,Ward 7,2020-11-13
2020-11-10,38.864179,-76.982275,Ward 8,2020-11-17
2020-11-10,38.906038,-76.986950,Ward 5,2020-11-20
2020-11-10,38.902705,-76.979680,Ward 5,2020-12-31
2020-11-10,38.912859,-77.025277,Ward 6,2020-12-04
2020-11-10,38.892717,-76.909883,Ward 7,2020-11-18
2020-11-10,38.906038,-76.986950,Ward 5,2020-11-20
2020-11-10,38.867744,-76.986871,Ward 8,2020-11-18
2020-11-10,38.895310,-76.919361,Ward 7,2020-12-24
2020-11-10,38.922548,-77.078774,Ward 3,2020-12-30
2020-11-10,38.838398,-77.006090,Ward 8,2020-11-17
2020-11-10,38.951849,-77.023183,Ward 4,2020-11-16
2020-11-10,38.970854,-77.015737,Ward 4,2020-11-16
2020-11-10,38.930395,-76.981197,Ward 5,2020-11-23
2020-11-10,38.822017,-77.000959,Ward 8,2020-11-17
2020-11-10,38.865436,-76.973838,Ward 8,2020-11-17
2020-11-10,38.874546,-76.970968,Ward 7,2020-11-30
2020-11-10,38.832585,-77.006260,Ward 8,2020-11-17
2020-11-10,38.956639,-77.020550,Ward 4,2020-11-16
2020-11-10,38.933007,-77.028336,Ward 1,2020-11-19
2020-11-10,38.906978,-77.065604,Ward 2,2020-11-24
2020-11-10,38.906005,-77.034828,Ward 2,2020-11-17
2020-11-10,38.924510,-77.027240,Ward 1,2020-11-18
2020-11-10,38.876116,-77.010087,Ward 6,2020-12-04
2020-11-11,38.932103,-77.024954,Ward 1,2020-11-23
2020-11-11,38.842556,-76.990526,Ward 8,2020-11-17
2020-11-11,38.926224,-77.025578,Ward 1,2020-11-19
2020-11-11,38.933670,-77.033157,Ward 1,2020-11-19
2020-11-11,38.902938,-76.980280,Ward 5,2020-11-12
2020-11-11,38.903145,-76.992414,Ward 6,2020-12-04
2020-11-11,38.871590,-76.981022,Ward 8,2020-11-18
2020-11-11,38.934312,-77.053450,Ward 3,2020-12-08
2020-11-11,38.901528,-76.984107,Ward 5,2020-11-18
2020-11-11,38.931366,-77.032080,Ward 1,2020-11-19
2020-11-11,38.912311,-77.003922,Ward 5,2020-11-18
2020-11-11,38.884681,-76.945595,Ward 7,2020-11-18
2020-11-11,38.822634,-76.999879,Ward 8,2020-11-17
2020-11-11,38.886690,-76.929013,Ward 7,2020-11-12
2020-11-11,38.914457,-77.027255,Ward 1,2020-11-18
2020-11-11,38.951795,-77.023160,Ward 4,2020-11-16
2020-11-11,38.936415,-77.032402,Ward 1,2020-11-12
2020-11-11,38.911725,-77.060794,Ward 2,2020-12-07
2020-11-11,38.902862,-76.987182,Ward 5,2020-11-12
2020-11-11,38.957862,-77.017385,Ward 4,2020-11-16
2020-11-11,38.935543,-77.027790,Ward 1,2020-11-19
2020-11-11,38.917393,-77.004587,Ward 5,2020-11-23
2020-11-11,38.927965,-77.025832,Ward 1,2020-11-19
2020-11-11,38.951811,-77.074024,Ward 3,2020-12-30
2020-11-11,38.955682,-77.010746,Ward 4,2020-11-16
2020-11-11,38.908229,-76.940485,Ward 7,2020-11-13
2020-11-11,38.957105,-77.028357,Ward 4,2020-11-18
2020-11-11,38.939915,-77.027064,Ward 4,2020-11-16
2020-11-11,38.920469,-76.987354,Ward 5,2020-11-12
2020-11-12,38.929075,-77.020249,Ward 1,2020-11-19
2020-11-12,38.894072,-76.926879,Ward 7,2020-11-13
2020-11-12,38.899352,-76.975453,Ward 5,2020-11-20
2020-11-12,38.844515,-77.000312,Ward 8,2020-11-17
2020-11-12,38.913884,-77.008331,Ward 5,2020-12-09
2020-11-12,38.865560,-76.982537,Ward 8,2020-11-18
2020-11-12,38.907925,-76.986305,Ward 5,2020-12-15
2020-11-12,38.894906,-76.985243,Ward 6,2020-12-04
2020-11-12,38.965979,-77.028288,Ward 4,2020-11-21
2020-11-12,38.858045,-76.957664,Ward 7,2020-11-19
2020-11-12,38.919716,-76.982310,Ward 5,2020-12-10
2020-11-12,38.938484,-77.030005,Ward 4,2020-11-16
2020-11-12,38.878228,-76.990699,Ward 6,2020-12-04
2020-11-12,38.877064,-76.963517,Ward 7,2020-12-30
2020-11-12,38.854449,-76.969976,Ward 8,2020-12-29
2020-11-12,38.916166,-77.010055,Ward 5,2020-12-07
2020-11-12,38.903941,-76.981109,Ward 5,2020-12-15
2020-11-12,38.919940,-77.028665,Ward 1,2020-11-17
2020-11-12,38.910825,-77.027263,Ward 2,2020-12-03
2020-11-12,38.953945,-77.013887,Ward 4,2020-11-16
2020-11-12,38.948698,-77.027355,Ward 4,2020-11-16
2020-11-12,38.901723,-76.985606,Ward 5,2020-12-15
2020-11-12,38.906820,-77.015637,Ward 2,2020-12-04
2020-11-12,38.953730,-77.027265,Ward 4,2020-11-16
2020-11-12,38.917192,-77.042836,Ward 1,2020-11-23
2020-11-12,38.901949,-76.988832,Ward 6,2020-12-04
2020-11-12,38.830299,-76.994807,Ward 8,2020-11-17
2020-11-12,38.952595,-77.011254,Ward 4,2020-11-16
2020-11-12,38.912373,-77.003227,Ward 5,2020-11-18
2020-11-13,38.903912,-76.930190,Ward 7,2020-11-28
2020-11-13,38.896920,-76.942046,Ward 7,2020-11-18
2020-11-13,38.945255,-77.028309,Ward 4,2020-11-18
2020-11-13,38.965666,-77.027904,Ward 4,2020-11-21
2020-11-13,38.912311,-77.003922,Ward 5,2020-11-18
2020-11-13,38.880442,-76.928938,Ward 7,2020-11-19
2020-11-13,38.898178,-77.008180,Ward 6,2020-12-04
2020-11-13,38.895743,-77.002260,Ward 6,2020-12-04
2020-11-13,38.936655,-77.032016,Ward 1,2020-11-23
2020-11-13,38.934736,-77.030487,Ward 1,2020-11-23
2020-11-13,38.902264,-76.995631,Ward 6,2020-12-04
2020-11-13,38.822885,-76.999584,Ward 8,2020-11-18
2020-11-13,38.908316,-76.938464,Ward 7,2020-11-20
2020-11-13,38.903294,-76.928525,Ward 7,2020-11-28
2020-11-13,38.863730,-76.983317,Ward 8,2021-01-05
2020-11-13,38.894348,-76.987480,Ward 6,2020-12-04
2020-11-13,38.908056,-77.024499,Ward 2,2020-11-17
2020-11-13,38.873907,-76.975965,Ward 8,2020-11-18
2020-11-13,38.908394,-77.024506,Ward 2,2020-12-03
2020-11-13,38.912600,-77.003510,Ward 5,2020-12-09
2020-11-13,38.928383,-77.030737,Ward 1,2020-11-23
2020-11-13,38.942400,-77.014766,Ward 4,2020-11-21
2020-11-14,38.871850,-76.976813,Ward 8,2020-11-30
2020-11-14,38.915084,-77.019438,Ward 6,2020-12-04
2020-11-14,38.912373,-77.003227,Ward 5,2020-11-18
2020-11-14,38.912601,-77.004371,Ward 5,2020-12-10
2020-11-14,38.912373,-77.003227,Ward 5,2020-11-18
2020-11-14,38.933041,-76.964316,Ward 5,2020-12-16
2020-11-14,38.898028,-76.981288,Ward 6,2020-12-04
2020-11-14,38.918285,-77.037257,Ward 1,2020-11-25
2020-11-14,38.919038,-77.000108,Ward 5,2020-12-09
2020-11-14,38.933674,-77.021668,Ward 1,2020-11-23
2020-11-14,38.907761,-77.010646,Ward 5,2020-12-07
2020-11-14,38.926394,-77.107014,Ward 3,2020-12-29
2020-11-14,38.883957,-76.946578,Ward 7,2020-11-17
2020-11-14,38.918285,-77.037257,Ward 1,2020-11-25
2020-11-14,38.933884,-77.021411,Ward 1,2020-12-08
2020-11-14,38.894597,-76.980434,Ward 6,2020-12-04
2020-11-14,38.918756,-77.025747,Ward 1,2020-11-23
2020-11-14,38.875064,-76.967970,Ward 7,2020-11-17
2020-11-14,38.933661,-77.021750,Ward 1,2020-11-24
2020-11-15,38.912608,-76.990138,Ward 5,2020-12-31
2020-11-15,38.942200,-77.026137,Ward 4,2020-11-18
2020-11-15,38.873957,-76.974187,Ward 7,2020-11-17
2020-11-15,38.912373,-77.003227,Ward 5,2020-12-15
2020-11-15,38.917388,-77.005274,Ward 5,2020-12-10
2020-11-15,38.909455,-77.038726,Ward 2,2020-11-24
2020-11-15,38.912311,-77.003922,Ward 5,2020-11-18
2020-11-15,38.915384,-77.009597,Ward 5,2020-12-07
2020-11-15,38.922083,-76.981707,Ward 5,2021-01-02
2020-11-15,38.899097,-76.988932,Ward 6,2020-11-28
2020-11-15,38.931233,-77.019393,Ward 1,2020-11-23
2020-11-15,38.915139,-77.012392,Ward 5,2020-12-07
2020-11-15,38.890743,-76.995705,Ward 6,2020-11-28
2020-11-15,38.890769,-76.995430,Ward 6,2020-11-28
2020-11-15,38.981747,-77.027208,Ward 4,2021-01-13
2020-11-15,38.930096,-76.996479,Ward 5,2020-12-16
2020-11-15,38.910242,-77.014855,Ward 5,2020-12-07
2020-11-15,38.924416,-77.026187,Ward 1,2020-11-23
2020-11-15,38.942189,-77.025333,Ward 4,2020-11-17
2020-11-15,38.912012,-77.003690,Ward 5,2020-12-10
2020-11-15,38.912373,-77.003227,Ward 5,2020-12-15
2020-11-15,38.910909,-77.025993,Ward 2,2020-12-08
2020-11-15,38.844527,-76.998848,Ward 8,2020-11-18
2020-11-15,38.844526,-76.998967,Ward 8,2020-11-18
2020-11-15,38.879150,-76.987592,Ward 6,2020-11-19
2020-11-15,38.863586,-76.974775,Ward 8,2020-11-18
2020-11-15,38.864517,-76.975586,Ward 8,2020-11-19
2020-11-15,38.943130,-77.034183,Ward 4,2020-11-21
2020-11-16,38.906833,-76.977850,Ward 5,2020-12-30
2020-11-16,38.853864,-76.982901,Ward 8,2020-11-18
2020-11-16,38.834388,-76.997173,Ward 8,2020-11-16
2020-11-16,38.861981,-76.982021,Ward 8,2020-11-19
2020-11-16,38.903790,-77.068637,Ward 2,2020-11-24
2020-11-16,38.903790,-77.068637,Ward 2,2020-11-24
2020-11-16,38.903499,-77.001170,Ward 6,2020-11-28
2020-11-16,38.969963,-77.068898,Ward 4,2020-11-21
2020-11-16,38.933798,-77.022532,Ward 1,2020-11-23
2020-11-16,38.911649,-77.008652,Ward 5,2020-12-10
2020-11-16,38.899712,-76.995927,Ward 6,2020-11-28
2020-11-16,38.923334,-77.033040,Ward 1,2020-11-23
2020-11-16,38.918242,-77.017575,Ward 1,2020-11-23
2020-11-16,38.912450,-76.987126,Ward 5,2020-12-29
2020-11-16,38.912442,-77.022218,Ward 6,2020-11-19
2020-11-16,38.861881,-76.982505,Ward 8,2020-11-17
2020-11-16,38.951096,-77.012601,Ward 4,2020-11-21
2020-11-16,38.846808,-76.983573,Ward 8,2020-11-19
2020-11-16,38.915328,-77.033306,Ward 2,2020-11-24
2020-11-16,38.949537,-77.016121,Ward 4,2020-11-21
2020-11-16,38.827621,-77.012314,Ward 8,2020-11-19
2020-11-16,38.827439,-77.012315,Ward 8,2020-11-19
2020-11-16,38.898334,-76.980080,Ward 6,2020-11-28
2020-11-16,38.944979,-77.073525,Ward 3,2020-12-08
2020-11-16,38.945120,-77.072672,Ward 3,2020-12-08
2020-11-16,38.908762,-76.935536,Ward 7,2020-11-28
2020-11-16,38.900421,-77.053920,Ward 2,2020-11-24
2020-11-16,38.873599,-76.975282,Ward 8,2020-11-19
2020-11-16,38.904705,-77.000344,Ward 6,2020-11-24
2020-11-16,38.896744,-76.930090,Ward 7,2020-11-23
2020-11-16,38.907418,-77.068805,Ward 2,2020-11-24
2020-11-16,38.887983,-76.983374,Ward 6,2020-11-19
2020-11-16,38.940550,-77.034066,Ward 4,2020-11-21
2020-11-16,38.894959,-76.956285,Ward 7,2020-11-24
2020-11-16,38.867058,-76.981614,Ward 8,2020-11-17
2020-11-16,38.867058,-76.981614,Ward 8,2020-11-18
2020-11-16,38.905483,-77.020107,Ward 6,2020-11-30
2020-11-16,38.919005,-77.014291,Ward 5,2020-12-07
2020-11-16,38.827616,-77.009260,Ward 8,2020-11-19
2020-11-16,38.827622,-77.011007,Ward 8,2020-11-19
2020-11-16,38.866851,-76.983519,Ward 8,2020-11-17
2020-11-16,38.853549,-76.970354,Ward 8,2020-11-17
2020-11-16,38.827938,-77.008258,Ward 8,2020-11-19
2020-11-16,38.893751,-76.991831,Ward 6,2020-11-28
2020-11-16,38.830420,-77.001722,Ward 8,2020-11-30
2020-11-16,38.935830,-77.032466,Ward 1,2020-11-23
2020-11-16,38.904406,-76.937621,Ward 7,2020-12-30
2020-11-16,38.856623,-76.967943,Ward 8,2020-11-30
2020-11-16,38.896748,-76.975554,Ward 7,2020-11-24
2020-11-16,38.904013,-76.993509,Ward 6,2020-11-28
2020-11-16,38.894646,-76.997588,Ward 6,2020-11-28
2020-11-16,38.917164,-77.003699,Ward 5,2020-12-09
2020-11-16,38.916988,-77.003163,Ward 5,2020-12-09
2020-11-16,38.942070,-77.087946,Ward 3,2020-12-09
2020-11-16,38.917556,-77.003510,Ward 5,2020-12-30
2020-11-17,38.894345,-76.987538,Ward 6,2020-11-28
2020-11-17,38.910575,-77.020156,Ward 6,2020-11-28
2020-11-17,38.920393,-76.985611,Ward 5,2020-12-10
2020-11-17,38.957583,-77.030101,Ward 4,2020-11-21
2020-11-17,38.858187,-76.954645,Ward 7,2020-11-30
2020-11-17,38.912311,-77.003922,Ward 5,2020-12-09
2020-11-17,38.936211,-77.027494,Ward 4,2020-11-21
2020-11-17,38.890156,-76.938109,Ward 7,2020-11-28
2020-11-17,38.906433,-76.976955,Ward 5,2020-12-31
2020-11-17,38.915777,-77.030285,Ward 1,2021-03-22
2020-11-17,38.906151,-76.976954,Ward 5,2020-12-31
2020-11-17,38.903243,-76.989192,Ward 5,2020-12-08
2020-11-17,38.903543,-76.978806,Ward 5,2020-12-07
2020-11-17,38.850890,-76.965607,Ward 8,2020-11-30
2020-11-17,38.955550,-77.020474,Ward 4,2020-11-21
2020-11-17,38.969501,-77.055501,Ward 4,2020-11-21
2020-11-17,38.955682,-77.010746,Ward 4,2020-11-21
2020-11-17,38.871242,-76.982033,Ward 8,2020-11-30
2020-11-17,38.892082,-76.949167,Ward 7,2020-11-20
2020-11-17,38.834256,-77.004466,Ward 8,2020-11-30
2020-11-17,38.924508,-77.029932,Ward 1,2020-11-23
2020-11-17,38.898944,-76.975397,Ward 5,2020-12-11
2020-11-17,38.879010,-76.931457,Ward 7,2020-11-20
2020-11-17,38.904370,-77.060313,Ward 2,2020-12-03
2020-11-17,38.919716,-77.001429,Ward 5,2020-12-24
2020-11-17,38.912459,-76.985740,Ward 5,2020-12-08
2020-11-17,38.908877,-76.930203,Ward 7,2020-12-07
2020-11-17,38.860687,-76.986438,Ward 8,2020-11-18
2020-11-17,38.861793,-76.985997,Ward 8,2020-11-18
2020-11-17,38.861067,-76.985847,Ward 8,2020-11-18
2020-11-17,38.852256,-76.972431,Ward 8,2020-11-30
2020-11-17,38.957574,-77.028974,Ward 4,2020-11-21
2020-11-17,38.852824,-76.971989,Ward 8,2020-11-30
2020-11-17,38.909450,-76.986596,Ward 5,2020-12-11
2020-11-18,38.924203,-77.000850,Ward 5,2020-12-10
2020-11-18,38.881430,-77.000809,Ward 6,2020-11-19
2020-11-18,38.896729,-76.975448,Ward 7,2020-11-24
2020-11-18,38.905123,-77.000338,Ward 6,2020-11-20
2020-11-18,38.828469,-76.995766,Ward 8,2020-11-30
2020-11-18,38.828469,-76.995766,Ward 8,2020-11-30
2020-11-18,38.941982,-77.014849,Ward 4,2020-11-21
2020-11-18,38.904730,-76.998699,Ward 6,2020-11-20
2020-11-18,38.907745,-76.938906,Ward 7,2020-12-30
2020-11-18,38.902756,-76.993088,Ward 6,2020-11-28
2020-11-18,38.893087,-77.001525,Ward 6,2020-11-28
2020-11-18,38.906229,-76.938455,Ward 7,2020-11-19
2020-11-18,38.942478,-77.088055,Ward 3,2020-12-09
2020-11-18,38.908762,-76.935536,Ward 7,2020-11-28
2020-11-18,38.887951,-76.986452,Ward 6,2020-11-28
2020-11-18,38.845204,-76.984223,Ward 8,2020-11-30
2020-11-18,38.892334,-76.929580,Ward 7,2020-11-19
2020-11-18,38.928812,-77.037121,Ward 1,2020-11-23
2020-11-18,38.953397,-77.033145,Ward 4,2020-11-21
2020-11-18,38.953397,-77.033145,Ward 4,2020-11-21
2020-11-18,38.960199,-77.012326,Ward 4,2021-01-13
2020-11-18,38.962499,-77.002334,Ward 4,2020-11-21
2020-11-18,38.942074,-77.024604,Ward 4,2020-11-21
2020-11-18,38.899911,-77.053673,Ward 2,2020-11-23
2020-11-18,38.852256,-76.972431,Ward 8,2020-11-30
2020-11-18,38.852824,-76.971989,Ward 8,2020-11-30
2020-11-18,38.904013,-76.993509,Ward 6,2020-11-28
2020-11-18,38.903943,-76.993431,Ward 6,2020-11-19
2020-11-18,38.903912,-76.930190,Ward 7,2020-11-28
2020-11-18,38.830420,-77.001722,Ward 8,2020-11-30
2020-11-18,38.827938,-77.008258,Ward 8,2020-11-19
2020-11-18,38.827622,-77.011007,Ward 8,2020-11-19
2020-11-18,38.827622,-77.011007,Ward 8,2020-11-19
2020-11-18,38.827616,-77.009260,Ward 8,2020-11-19
2020-11-18,38.824955,-77.008012,Ward 8,2020-11-28
2020-11-18,38.831886,-76.992840,Ward 8,2020-11-30
2020-11-18,38.902029,-76.929771,Ward 7,2020-12-11
2020-11-18,38.936106,-77.032488,Ward 1,2020-11-23
2020-11-19,38.875576,-76.968393,Ward 7,2020-11-20
2020-11-19,38.906820,-77.015637,Ward 2,2020-11-28
2020-11-19,38.844663,-77.002025,Ward 8,2021-01-05
2020-11-19,38.898022,-76.978266,Ward 6,2020-11-28
2020-11-19,38.940689,-77.022100,Ward 4,2020-12-08
2020-11-19,38.834124,-76.987358,Ward 8,2020-11-28
2020-11-19,38.834124,-76.987358,Ward 8,2020-11-28
2020-11-19,38.829889,-76.997339,Ward 8,2020-11-28
2020-11-19,38.898494,-76.981860,Ward 7,2021-02-04
2020-11-19,38.829865,-76.996168,Ward 8,2020-11-30
2020-11-19,38.829865,-76.994997,Ward 8,2020-12-04
2020-11-19,38.905070,-76.998243,Ward 6,2020-11-28
2020-11-19,38.957063,-77.024288,Ward 4,2020-12-02
2020-11-19,38.938483,-77.029937,Ward 4,2020-12-02
2020-11-19,38.894950,-76.984651,Ward 6,2020-11-28
2020-11-19,38.905117,-76.997616,Ward 6,2020-11-20
2020-11-19,38.987246,-77.041154,Ward 4,2020-11-24
2020-11-19,38.944447,-76.980651,Ward 5,2020-12-16
2020-11-19,38.858797,-76.965475,Ward 7,2020-11-20
2020-11-19,38.951657,-77.010118,Ward 4,2020-12-02
2020-11-19,38.952046,-77.010591,Ward 4,2020-12-02
2020-11-19,38.910352,-77.026764,Ward 6,2020-12-04
2020-11-19,38.910461,-77.026519,Ward 6,2020-12-04
2020-11-19,38.910615,-77.026175,Ward 6,2020-12-04
2020-11-19,38.910337,-77.026215,Ward 6,2020-11-23
2020-11-19,38.909452,-77.025729,Ward 2,2020-11-23
2020-11-19,38.899106,-77.001501,Ward 6,2020-12-04
2020-11-19,38.899088,-76.987890,Ward 6,2020-11-20
2020-11-20,38.869475,-76.974959,Ward 8,2020-12-22
2020-11-20,38.891044,-76.946476,Ward 7,2020-12-07
2020-11-20,38.905123,-77.000338,Ward 6,2020-11-20
2020-11-20,38.917757,-77.017437,Ward 1,2020-12-03
2020-11-20,38.867827,-76.970716,Ward 8,2020-11-24
2020-11-20,38.911649,-77.008652,Ward 5,2020-12-10
2020-11-20,38.924724,-77.040872,Ward 1,2020-12-03
2020-11-20,38.903914,-76.980601,Ward 5,2020-12-07
2020-11-20,38.903875,-76.979989,Ward 5,2020-12-30
2020-11-20,38.839209,-76.995765,Ward 8,2020-12-07
2020-11-20,38.933661,-77.021750,Ward 1,2020-12-03
2020-11-20,38.841562,-77.003723,Ward 8,2020-12-05
2020-11-20,38.933980,-77.032440,Ward 1,2020-12-05
2020-11-20,38.864883,-76.968675,Ward 7,2020-12-07
2020-11-20,38.953822,-77.016203,Ward 4,2020-12-03
2020-11-20,38.924095,-77.025038,Ward 1,2020-12-03
2020-11-20,38.918285,-77.037257,Ward 1,2020-12-03
2020-11-20,38.905415,-76.975354,Ward 5,2020-12-30
2020-11-20,38.938872,-77.027268,Ward 4,2020-12-08
2020-11-20,38.916637,-77.016629,Ward 1,2020-12-03
2020-11-20,38.914648,-77.011575,Ward 5,2020-12-07
2020-11-20,38.901343,-76.928122,Ward 7,2020-12-30
2020-11-21,38.869475,-76.974959,Ward 8,2020-12-22
2020-11-21,38.897337,-76.925611,Ward 7,2020-12-09
2020-11-21,38.887041,-76.994681,Ward 6,2020-11-28
2020-11-21,38.934481,-77.030048,Ward 1,2020-12-03
2020-11-21,38.936619,-77.020369,Ward 1,2020-11-23
2020-11-21,38.893337,-77.000865,Ward 6,2020-12-24
2020-11-21,38.894422,-76.980508,Ward 6,2020-11-28
2020-11-21,38.894617,-76.985713,Ward 6,2020-11-23
2020-11-21,38.896610,-76.939827,Ward 7,2020-12-30
2020-11-21,38.903758,-76.984696,Ward 5,2020-12-08
2020-11-21,38.892838,-76.981995,Ward 6,2020-11-23
2020-11-21,38.886245,-76.925591,Ward 7,2020-11-24
2020-11-21,38.964519,-77.001339,Ward 4,2020-12-03
2020-11-21,38.840871,-76.998089,Ward 8,2020-12-05
2020-11-21,38.940219,-77.035671,Ward 4,2020-12-03
2020-11-21,38.860325,-76.996303,Ward 8,2020-11-24
2020-11-21,38.918882,-77.014936,Ward 1,2020-12-03
2020-11-22,38.893067,-76.982213,Ward 7,2021-01-08
2020-11-22,38.933036,-76.964973,Ward 5,2020-12-08
2020-11-22,38.902260,-76.999147,Ward 6,2020-12-04
2020-11-22,38.894617,-76.985713,Ward 6,2020-11-23
2020-11-22,38.942200,-77.026137,Ward 4,2020-11-24
2020-11-22,38.913607,-77.008412,Ward 5,2020-12-24
2020-11-22,38.909859,-77.009923,Ward 5,2020-12-07
2020-11-22,38.961493,-77.015100,Ward 4,2020-12-02
2020-11-22,38.931594,-77.023853,Ward 1,2020-12-07
2020-11-22,38.845309,-77.002942,Ward 8,2020-12-04
2020-11-22,38.835910,-77.000052,Ward 8,2020-12-04
2020-11-22,38.841665,-76.998015,Ward 8,2020-12-04
2020-11-22,38.905070,-76.998243,Ward 6,2020-11-28
2020-11-22,38.839450,-76.998213,Ward 8,2020-12-04
2020-11-22,38.924508,-77.029932,Ward 1,2020-11-23
2020-11-22,38.917392,-77.003699,Ward 5,2020-12-30
2020-11-22,38.917711,-77.004969,Ward 5,2020-12-10
2020-11-23,38.862855,-76.994737,Ward 8,2020-12-07
2020-11-23,38.917938,-77.000129,Ward 5,2020-12-09
2020-11-23,38.922529,-76.974462,Ward 5,2020-12-10
2020-11-23,38.908978,-76.931816,Ward 7,2020-11-25
2020-11-23,38.939590,-77.032416,Ward 4,2020-12-03
2020-11-23,38.904050,-76.992786,Ward 5,2020-12-09
2020-11-23,38.898779,-76.919682,Ward 7,2020-12-11
2020-11-23,38.903448,-76.999783,Ward 6,2020-11-24
2020-11-23,38.928601,-76.965617,Ward 5,2021-01-05
2020-11-23,38.864664,-76.977529,Ward 8,2021-01-05
2020-11-23,38.924799,-77.035390,Ward 1,2020-12-21
2020-11-23,38.898908,-76.991527,Ward 6,2021-01-08
2020-11-23,38.901307,-76.983001,Ward 5,2021-01-02
2020-11-23,38.908342,-76.940024,Ward 7,2020-12-24
2020-11-23,38.904118,-76.988501,Ward 5,2021-01-02
2020-11-23,38.903659,-76.988865,Ward 5,2020-12-08
2020-11-23,38.934896,-76.965837,Ward 5,2021-01-05
2020-11-23,38.912832,-77.004987,Ward 5,2020-12-09
2020-11-23,38.913782,-77.041475,Ward 2,2020-12-04
2020-11-23,38.934896,-76.965837,Ward 5,2021-01-05
2020-11-23,38.928816,-77.022673,Ward 1,2020-12-03
2020-11-23,38.979129,-77.023528,Ward 4,2020-12-02
2020-11-23,38.917212,-77.016159,Ward 1,2020-11-24
2020-11-23,38.846758,-77.003628,Ward 8,2020-11-24
2020-11-23,38.915777,-77.030285,Ward 1,2020-12-03
2020-11-23,38.877221,-76.930924,Ward 7,2020-11-25
2020-11-23,38.904723,-76.975729,Ward 5,2021-01-05
2020-11-23,38.845594,-76.996156,Ward 8,2020-12-03
2020-11-23,38.835910,-77.000052,Ward 8,2020-12-04
2020-11-23,38.957602,-77.027205,Ward 4,2020-12-02
2020-11-23,38.912758,-77.014032,Ward 5,2020-12-07
2020-11-23,38.935210,-77.028259,Ward 1,2020-12-07
2020-11-23,38.931234,-77.019216,Ward 1,2020-12-03
2020-11-23,38.930231,-77.032749,Ward 1,2020-12-22
2020-11-24,38.888218,-76.983392,Ward 6,2021-04-02
2020-11-24,38.827424,-77.008029,Ward 8,2020-12-05
2020-11-24,38.887792,-76.992129,Ward 6,2020-12-30
2020-11-24,38.905117,-76.997616,Ward 6,2020-12-24
2020-11-24,38.876729,-77.021673,Ward 6,2020-12-07
2020-11-24,38.901991,-76.925889,Ward 7,2020-12-24
2020-11-24,38.901809,-76.995937,Ward 6,2020-12-24
2020-11-24,38.870557,-76.975726,Ward 8,2020-12-07
2020-11-24,38.834488,-77.007344,Ward 8,2020-12-07
2020-11-24,38.845701,-76.999444,Ward 8,2020-12-07
2020-11-24,38.932554,-77.028617,Ward 1,2020-12-03
2020-11-24,38.911541,-76.987471,Ward 5,2021-01-05
2020-11-24,38.833449,-76.988401,Ward 8,2020-12-07
2020-11-24,38.834619,-76.987470,Ward 8,2020-12-07
2020-11-24,38.870014,-76.979254,Ward 8,2020-12-07
2020-11-24,38.871183,-76.940067,Ward 7,2020-11-25
2020-11-24,38.833366,-76.989925,Ward 8,2020-11-30
2020-11-24,38.942804,-77.017392,Ward 4,2020-12-03
2020-11-24,38.869901,-76.974712,Ward 8,2020-12-07
2020-11-24,38.871070,-76.940543,Ward 7,2020-12-08
2020-11-24,38.907761,-77.010594,Ward 5,2020-12-07
2020-11-24,38.915147,-77.018786,Ward 1,2020-12-03
2020-11-24,38.941364,-77.024772,Ward 4,2020-12-03
2020-11-24,38.902099,-76.986348,Ward 5,2020-12-08
2020-11-24,38.965942,-77.031343,Ward 4,2020-12-03
2020-11-24,38.846635,-76.996618,Ward 8,2020-12-05
2020-11-24,38.839450,-76.998213,Ward 8,2020-12-04
2020-11-24,38.955692,-77.026778,Ward 4,2020-11-25
2020-11-24,38.833556,-76.990215,Ward 8,2020-12-07
2020-11-24,38.930890,-77.026905,Ward 1,2020-12-03
2020-11-24,38.914539,-77.020769,Ward 6,2020-12-24
2020-11-24,38.838277,-77.005415,Ward 8,2020-12-05
2020-11-24,38.943017,-77.016098,Ward 4,2020-12-03
2020-11-24,38.914279,-77.018610,Ward 6,2020-12-24
2020-11-24,38.967116,-77.021782,Ward 4,2020-12-08
2020-11-24,38.928816,-77.022673,Ward 1,2020-12-03
2020-11-24,38.903448,-76.999783,Ward 6,2020-12-07
2020-11-24,38.920661,-77.071431,Ward 3,2020-12-09
2020-11-24,38.905833,-76.975410,Ward 5,2020-12-31
2020-11-25,38.898309,-76.987047,Ward 6,2020-12-09
2020-11-25,38.903904,-76.994626,Ward 6,2020-12-24
2020-11-25,38.920471,-77.076162,Ward 3,2020-12-09
2020-11-25,38.953118,-77.011479,Ward 4,2020-12-14
2020-11-25,38.953283,-77.008077,Ward 5,2020-12-16
2020-11-25,38.896282,-76.988487,Ward 6,2020-12-09
2020-11-25,38.924799,-77.035390,Ward 1,2020-12-21
2020-11-25,38.955009,-76.989609,Ward 5,2020-12-16
2020-11-25,38.916150,-77.031294,Ward 1,2020-12-29
2020-11-25,38.892825,-76.909758,Ward 7,2020-12-11
2020-11-25,38.961493,-77.015100,Ward 4,2020-12-02
2020-11-25,38.924508,-77.029932,Ward 1,2020-12-08
2020-11-25,38.912014,-77.037822,Ward 2,2020-12-21
2020-11-25,38.890477,-76.985766,Ward 6,2020-12-30
2020-11-25,38.949580,-77.015526,Ward 4,2020-12-14
2020-11-25,38.956458,-77.032130,Ward 4,2020-12-09
2020-11-25,38.934736,-77.030487,Ward 1,2020-12-29
2020-11-25,38.832927,-76.988204,Ward 8,2020-12-11
2020-11-25,38.850386,-76.967636,Ward 8,2020-12-11
2020-11-25,38.833450,-76.987066,Ward 8,2020-12-11
2020-11-25,38.902237,-76.999709,Ward 6,2020-12-07
2020-11-25,38.957464,-77.031901,Ward 4,2020-12-09
2020-11-26,38.932128,-76.970430,Ward 5,2021-01-05
2020-11-26,38.883869,-76.997217,Ward 6,2021-01-06
2020-11-26,38.908542,-76.985364,Ward 5,2021-01-02
2020-11-26,38.946991,-77.016704,Ward 4,2020-12-09
2020-11-26,38.888851,-76.978426,Ward 6,2020-12-07
2020-11-26,38.900651,-76.975973,Ward 5,2020-12-31
2020-11-26,38.944172,-77.026796,Ward 4,2021-01-11
2020-11-26,38.898535,-76.918500,Ward 7,2020-12-18
2020-11-26,38.903993,-76.993503,Ward 6,2020-12-08
2020-11-27,38.896495,-76.939470,Ward 7,2020-12-30
2020-11-27,38.905117,-76.997616,Ward 6,2020-12-24
2020-11-27,38.916890,-76.979176,Ward 5,2021-01-21
2020-11-27,38.968821,-77.024842,Ward 4,2020-12-30
2020-11-27,38.895632,-76.915269,Ward 7,2020-12-24
2020-11-27,38.862939,-76.952428,Ward 7,2020-12-09
2020-11-27,38.930394,-77.031347,Ward 1,2020-12-29
2020-11-27,38.899192,-76.975985,Ward 5,2020-12-31
2020-11-27,38.935477,-77.031009,Ward 1,2020-12-29
2020-11-27,38.932119,-76.970747,Ward 5,2021-01-27
2020-11-27,38.932128,-76.970430,Ward 5,2021-01-05
2020-11-27,38.892687,-76.952796,Ward 7,2020-12-11
2020-11-27,38.907759,-77.009909,Ward 5,2020-12-07
2020-11-27,38.903542,-76.993565,Ward 6,2020-12-08
2020-11-27,38.896096,-76.954803,Ward 7,2020-12-30
2020-11-27,38.942567,-77.013207,Ward 4,2020-12-09
2020-11-27,38.914090,-77.027035,Null,2021-01-08
2020-11-27,38.884668,-77.003516,Ward 6,2021-02-04
2020-11-27,38.842405,-77.002063,Ward 8,2020-12-11
2020-11-27,38.929845,-77.021436,Ward 1,2020-12-29
2020-11-27,38.914507,-77.011895,Ward 5,2020-12-07
2020-11-27,38.949443,-77.014870,Ward 4,2020-12-14
2020-11-27,38.902016,-76.935404,Ward 7,2020-12-30
2020-11-27,38.914042,-77.007859,Ward 5,2020-12-10
2020-11-28,38.940487,-77.026617,Ward 4,2020-12-14
2020-11-28,38.940177,-77.026830,Ward 4,2020-12-14
2020-11-28,38.912875,-77.037390,Ward 2,2020-12-21
2020-11-28,38.930526,-76.988340,Ward 5,2020-12-09
2020-11-28,38.906837,-76.980313,Ward 5,2021-01-04
2020-11-28,38.935012,-77.029463,Ward 1,2020-12-29
2020-11-28,38.893747,-76.988123,Ward 6,2020-12-09
2020-11-28,38.920524,-76.986131,Ward 5,2021-01-05
2020-11-28,38.907435,-77.025195,Ward 2,2020-12-21
2020-11-28,38.933674,-77.033224,Ward 1,2020-12-29
2020-11-28,38.885054,-76.945572,Ward 7,2020-12-11
2020-11-28,38.883967,-76.945398,Ward 7,2020-12-08
2020-11-28,38.904013,-76.993509,Ward 6,2020-12-08
2020-11-28,38.899926,-76.933028,Ward 7,2020-12-30
2020-11-28,38.966304,-77.029027,Ward 4,2020-12-30
2020-11-28,38.903284,-76.993051,Ward 6,2020-12-31
2020-11-28,38.910220,-77.026216,Ward 6,2020-12-07
2020-11-28,38.849914,-76.984893,Ward 8,2020-12-11
2020-11-28,38.916998,-77.031951,Null,2020-12-22
2020-11-28,38.910071,-77.026198,Ward 6,2020-12-07
2020-11-28,38.849767,-76.984483,Ward 8,2020-12-11
2020-11-28,38.894611,-76.948025,Ward 7,2020-12-30
2020-11-28,38.917945,-77.003701,Ward 5,2020-12-09
2020-11-28,38.934737,-77.030350,Ward 1,2020-12-29
2020-11-28,38.862336,-76.978999,Ward 8,2020-12-11
2020-11-28,38.931797,-77.023873,Ward 1,2020-12-30
2020-11-29,38.963953,-77.026533,Ward 4,2020-12-30
2020-11-29,38.883928,-76.982063,Ward 6,2020-12-07
2020-11-29,38.939161,-76.973351,Ward 5,2021-01-05
2020-11-29,38.934319,-77.027428,Ward 1,2020-12-29
2020-11-29,38.936062,-77.027778,Ward 4,2020-12-09
2020-11-29,38.991967,-77.038802,Ward 4,2020-12-09
2020-11-29,38.992285,-77.041498,Ward 4,2020-12-09
2020-11-29,38.994206,-77.039443,Ward 4,2021-01-21
2020-11-29,38.905483,-77.020107,Ward 6,2020-12-07
2020-11-29,38.934981,-77.028273,Ward 1,2021-01-05
2020-11-29,38.903207,-76.990136,Ward 5,2020-12-15
2020-11-29,38.934357,-77.042014,Ward 1,2020-12-29
2020-11-29,38.915726,-77.021240,Ward 1,2020-12-08
2020-11-29,38.905470,-76.999289,Ward 6,2020-12-07
2020-11-29,38.936582,-76.965546,Ward 5,2020-12-16
2020-11-29,38.926224,-77.025578,Ward 1,2020-12-08
2020-11-29,38.942945,-77.073991,Ward 3,2020-12-08
2020-11-29,38.928629,-77.041982,Ward 1,2020-12-29
2020-11-29,38.903807,-76.986683,Ward 5,2021-01-02
2020-11-29,38.894937,-76.994428,Ward 6,2020-12-31
2020-11-29,38.838857,-77.004567,Ward 8,2020-12-17
2020-11-29,38.912050,-77.038954,Ward 2,2020-12-21
2020-11-29,38.940653,-77.019373,Ward 4,2020-12-30
2020-11-30,38.902938,-76.980280,Ward 5,2021-01-04
2020-11-30,38.922663,-77.030049,Ward 1,2020-12-18
2020-11-30,38.865061,-76.976700,Ward 8,2020-12-11
2020-11-30,38.887798,-76.980287,Ward 6,2020-12-07
2020-11-30,38.919357,-77.078591,Ward 3,2020-12-09
2020-11-30,38.956661,-77.019077,Ward 4,2020-12-30
2020-11-30,38.910619,-77.024882,Ward 6,2020-12-07
2020-11-30,38.865256,-76.977079,Ward 8,2020-12-11
2020-11-30,38.926906,-77.040926,Ward 1,2020-12-29
2020-11-30,38.924259,-77.030065,Ward 1,2020-12-21
2020-11-30,38.910915,-77.065975,Ward 2,2020-12-21
2020-11-30,38.931264,-77.039315,Ward 1,2020-12-29
2020-11-30,38.972544,-77.025919,Ward 4,2020-12-30
2020-11-30,38.904360,-76.990781,Ward 5,2021-01-02
2020-11-30,38.938308,-77.021698,Ward 4,2020-12-30
2020-11-30,38.913565,-77.069009,Ward 2,2020-12-21
2020-11-30,38.896523,-76.982910,Ward 6,2020-12-31
2020-11-30,38.935394,-77.028288,Ward 1,2020-12-29
2020-11-30,38.933358,-77.032968,Ward 1,2020-12-29
2020-11-30,38.924102,-77.044274,Ward 1,2020-12-29
2020-12-01,38.887611,-76.984769,Ward 6,2021-01-08
2020-12-01,38.908441,-76.986467,Ward 5,2021-01-08
2020-12-01,38.915771,-77.030733,Ward 1,2020-12-30
2020-12-01,38.877534,-76.995579,Ward 6,2021-01-08
2020-12-01,38.933944,-77.021838,Ward 1,2020-12-08
2020-12-01,38.927598,-76.995516,Ward 5,2020-12-09
2020-12-01,38.895299,-76.956292,Ward 7,2020-12-30
2020-12-01,38.918768,-77.028301,Ward 1,2020-12-30
2020-12-01,38.912770,-77.027239,Ward 2,2020-12-21
2020-12-01,38.911815,-77.027322,Ward 2,2020-12-21
2020-12-01,38.924703,-77.007777,Ward 5,2021-01-05
2020-12-01,38.909472,-77.059661,Ward 2,2020-12-21
2020-12-01,38.903464,-76.935137,Ward 7,2020-12-30
2020-12-01,38.901096,-76.990021,Ward 6,2020-12-08
2020-12-01,38.970504,-77.029399,Ward 4,2020-12-24
2020-12-01,38.919339,-77.033423,Ward 1,2020-12-30
2020-12-01,38.917386,-77.040485,Ward 1,2020-12-08
2020-12-01,38.912957,-77.013637,Ward 5,2020-12-07
2020-12-01,38.942477,-76.989041,Ward 5,2021-01-06
2020-12-01,38.895134,-76.919373,Ward 7,2020-12-30
2020-12-01,38.923124,-77.030012,Ward 1,2020-12-30
2020-12-01,38.899066,-76.920617,Ward 7,2021-01-07
2020-12-01,38.943164,-77.092620,Ward 3,2020-12-09
2020-12-01,38.899066,-76.920617,Ward 7,2021-01-07
2020-12-01,38.891702,-76.946387,Ward 7,2020-12-09
2020-12-01,38.902517,-77.012947,Ward 6,2021-01-08
2020-12-01,38.958362,-77.021224,Ward 4,2020-12-30
2020-12-02,38.960144,-77.082689,Ward 3,2020-12-09
2020-12-02,38.889172,-76.981991,Ward 6,2021-01-14
2020-12-02,38.900695,-76.976784,Ward 5,2021-01-04
2020-12-02,38.937408,-77.030335,Ward 4,2020-12-14
2020-12-02,38.936921,-77.035647,Ward 1,2020-12-08
2020-12-02,38.946317,-77.025879,Ward 4,2020-12-30
2020-12-02,38.953433,-77.036017,Ward 4,2020-12-24
2020-12-02,38.969470,-77.037403,Ward 4,2020-12-24
2020-12-02,38.930600,-77.021306,Ward 1,2020-12-30
2020-12-02,38.921268,-77.030943,Ward 1,2020-12-18
2020-12-02,38.912050,-77.038954,Ward 2,2020-12-21
2020-12-02,38.907105,-76.999665,Ward 5,2020-12-09
2020-12-02,38.945061,-77.026337,Ward 4,2021-01-13
2020-12-02,38.895664,-76.941278,Ward 7,2020-12-30
2020-12-02,38.921234,-77.081793,Ward 3,2020-12-09
2020-12-02,38.893522,-76.982846,Ward 6,2020-12-08
2020-12-02,38.899480,-76.987186,Ward 6,2020-12-08
2020-12-02,38.895060,-76.912527,Ward 7,2020-12-11
2020-12-02,38.904829,-76.978301,Ward 5,2021-01-02
2020-12-02,38.911696,-77.009644,Ward 5,2020-12-07
2020-12-02,38.841513,-76.975612,Ward 8,2020-12-17
2020-12-02,38.891810,-77.000758,Ward 6,2020-12-31
2020-12-02,38.929231,-76.988194,Ward 5,2021-01-27
2020-12-02,38.864617,-76.983886,Ward 8,2020-12-11
2020-12-02,38.936595,-77.030864,Null,2020-12-22
2020-12-02,38.827835,-77.003417,Ward 8,2020-12-17
2020-12-02,38.910638,-77.008234,Ward 5,2020-12-09
2020-12-02,38.930583,-77.031040,Ward 1,2021-01-05
2020-12-02,38.900900,-76.986414,Ward 6,2020-12-31
2020-12-02,38.936663,-77.021117,Ward 1,2021-01-04
2020-12-02,38.966903,-77.027115,Ward 4,2020-12-09
2020-12-02,38.929420,-77.030725,Ward 1,2020-12-21
2020-12-03,38.949003,-77.015167,Ward 4,2020-12-14
2020-12-03,38.917323,-77.031187,Ward 1,2021-01-05
2020-12-03,38.873998,-76.975437,Ward 8,2020-12-11
2020-12-03,38.932863,-76.970393,Ward 5,2021-01-05
2020-12-03,38.894345,-76.921884,Ward 7,2020-12-30
2020-12-03,38.891699,-76.929009,Ward 7,2020-12-09
2020-12-03,38.852369,-76.966003,Ward 8,2020-12-29
2020-12-03,38.873296,-76.972826,Ward 7,2020-12-11
2020-12-03,38.895927,-76.981588,Ward 6,2020-12-31
2020-12-03,38.896281,-76.982050,Ward 6,2020-12-31
2020-12-03,38.914692,-77.008714,Ward 5,2020-12-09
2020-12-03,38.931606,-77.032958,Ward 1,2020-12-30
2020-12-03,38.848081,-76.980996,Ward 8,2020-12-09
2020-12-03,38.918386,-77.000297,Ward 5,2021-01-05
2020-12-03,38.870195,-76.966005,Ward 7,2020-12-11
2020-12-03,38.931239,-77.043035,Ward 1,2021-01-05
2020-12-03,38.925361,-77.025439,Ward 1,2020-12-30
2020-12-03,38.919371,-77.009294,Ward 5,2020-12-07
2020-12-03,38.910695,-77.021100,Ward 6,2020-12-07
2020-12-03,38.896825,-76.982098,Ward 6,2020-12-31
2020-12-03,38.899577,-76.923657,Ward 7,2020-12-30
2020-12-03,38.922953,-77.031687,Ward 1,2020-12-30
2020-12-03,38.897831,-76.981605,Ward 6,2020-12-31
2020-12-03,38.898302,-76.980765,Ward 6,2021-02-04
2020-12-03,38.896253,-76.980276,Ward 6,2020-12-31
2020-12-03,38.877772,-77.001406,Ward 6,2021-01-22
2020-12-03,38.949338,-77.080648,Ward 3,2020-12-30
2020-12-03,38.893901,-76.985793,Ward 6,2020-12-08
2020-12-03,38.947672,-77.016702,Ward 4,2020-12-30
2020-12-03,38.903808,-76.926081,Ward 7,2020-12-30
2020-12-03,38.876369,-76.966720,Ward 7,2020-12-24
2020-12-03,38.834737,-76.997495,Ward 8,2020-12-17
2020-12-03,38.897535,-76.935991,Ward 7,2020-12-30
2020-12-03,38.929928,-77.039094,Ward 1,2020-12-30
2020-12-03,38.899117,-76.981496,Ward 6,2020-12-31
2020-12-03,38.962534,-77.029393,Ward 4,2020-12-09
2020-12-03,38.948220,-77.015940,Ward 4,2020-12-14
2020-12-03,38.895275,-76.982957,Ward 6,2020-12-31
2020-12-03,38.901509,-76.994322,Ward 6,2021-01-04
2020-12-03,38.911116,-77.009051,Ward 5,2020-12-10
2020-12-03,38.929813,-77.110250,Ward 3,2020-12-09
2020-12-03,38.934890,-76.966236,Ward 5,2021-01-11
2020-12-03,38.892368,-76.915379,Ward 7,2020-12-11
2020-12-03,38.845647,-76.970851,Ward 8,2020-12-11
2020-12-03,38.930562,-77.037276,Ward 1,2020-12-30
2020-12-03,38.955682,-77.010746,Ward 4,2020-12-30
2020-12-04,38.858576,-76.988886,Ward 8,2020-12-17
2020-12-04,38.930001,-77.018381,Ward 1,2021-01-05
2020-12-04,38.873957,-76.974187,Ward 7,2020-12-08
2020-12-04,38.915726,-77.021240,Ward 1,2020-12-08
2020-12-04,38.894434,-76.948552,Ward 7,2020-12-11
2020-12-04,38.834167,-77.004603,Ward 8,2020-12-10
2020-12-04,38.894391,-76.991270,Ward 6,2020-12-08
2020-12-04,38.904323,-76.948571,Ward 7,2020-12-30
2020-12-04,38.914225,-77.008717,Ward 5,2020-12-09
2020-12-04,38.914294,-77.008458,Ward 5,2020-12-09
2020-12-04,38.910244,-77.039748,Ward 2,2020-12-21
2020-12-04,38.868947,-76.980238,Ward 8,2020-12-11
2020-12-04,38.907571,-76.984005,Ward 5,2021-01-02
2020-12-04,38.871382,-76.979007,Ward 8,2021-01-06
2020-12-04,38.867453,-76.979248,Ward 8,2020-12-11
2020-12-04,38.912323,-76.987108,Ward 5,2021-01-05
2020-12-04,38.901519,-76.994193,Ward 6,2021-01-04
2020-12-04,38.965979,-77.028288,Ward 4,2020-12-09
2020-12-04,38.906298,-77.012978,Ward 5,2020-12-11
2020-12-04,38.827222,-76.998717,Ward 8,2020-12-09
2020-12-04,38.894184,-76.926274,Ward 7,2020-12-30
2020-12-04,38.901924,-77.031699,Ward 2,2020-12-21
2020-12-04,38.945970,-77.026799,Ward 4,2021-01-21
2020-12-04,38.913181,-77.009702,Ward 5,2020-12-07
2020-12-04,38.848068,-77.003444,Ward 8,2020-12-11
2020-12-04,38.877723,-76.987738,Ward 6,2021-01-14
2020-12-04,38.957489,-77.030887,Ward 4,2020-12-09
2020-12-04,38.903912,-77.002651,Ward 6,2021-01-04
2020-12-04,38.932866,-76.966616,Ward 5,2021-01-22
2020-12-04,38.906714,-77.086806,Ward 3,2020-12-09
2020-12-04,38.931027,-77.018398,Null,2020-12-22
2020-12-05,38.931807,-77.024077,Ward 1,2020-12-30
2020-12-05,38.953433,-77.036017,Ward 4,2020-12-24
2020-12-05,38.933835,-77.041035,Ward 1,2020-12-30
2020-12-05,38.936336,-76.975977,Ward 5,2021-01-05
2020-12-05,38.930592,-77.031135,Ward 1,2020-12-30
2020-12-05,38.931606,-77.032958,Ward 1,2020-12-30
2020-12-05,38.917461,-77.024731,Ward 1,2021-03-18
2020-12-05,38.914225,-77.008717,Ward 5,2020-12-09
2020-12-05,38.927363,-76.992203,Ward 5,2020-12-10
2020-12-05,38.897148,-77.050134,Ward 2,2021-01-08
2020-12-05,38.923156,-77.033845,Ward 1,2021-01-04
2020-12-05,38.908393,-77.024444,Ward 2,2020-12-21
2020-12-05,38.930515,-77.038603,Ward 1,2020-12-08
2020-12-05,38.895356,-76.992873,Ward 6,2021-01-04
2020-12-05,38.931606,-77.032958,Ward 1,2020-12-30
2020-12-05,38.928629,-77.041982,Ward 1,2020-12-30
2020-12-05,38.930098,-77.018381,Ward 1,2021-01-06
2020-12-05,38.928812,-77.037121,Ward 1,2020-12-30
2020-12-05,38.899096,-77.002674,Ward 6,2021-01-04
2020-12-05,38.899786,-76.989992,Ward 6,2021-01-04
2020-12-05,38.916333,-77.015576,Ward 1,2021-01-05
2020-12-05,38.913784,-77.015466,Ward 5,2020-12-07
2020-12-05,38.905269,-77.048812,Ward 2,2021-01-08
2020-12-05,38.895282,-76.983197,Ward 6,2021-01-04
2020-12-05,38.931062,-77.018637,Ward 1,2020-12-21
2020-12-05,38.914853,-77.023723,Ward 1,2021-02-05
2020-12-05,38.907421,-77.011972,Ward 5,2020-12-07
2020-12-05,38.940046,-77.023811,Ward 4,2020-12-14
2020-12-05,38.933908,-77.033155,Ward 1,2021-01-05
2020-12-05,38.940036,-76.992871,Ward 5,2021-01-06
2020-12-05,38.917386,-77.040485,Ward 1,2020-12-08
2020-12-05,38.916161,-77.007277,Ward 5,2021-01-05
2020-12-05,38.981001,-77.026943,Ward 4,2020-12-09
2020-12-05,38.894425,-76.979215,Ward 6,2021-01-04
2020-12-05,38.876755,-77.041377,Ward 2,2020-12-21
2020-12-05,38.924049,-77.077840,Ward 3,2020-12-30
2020-12-05,38.964679,-77.030763,Ward 4,2020-12-24
2020-12-06,38.881523,-76.997087,Ward 6,2021-01-14
2020-12-06,38.919715,-77.080031,Ward 3,2020-12-30
2020-12-06,38.913174,-77.009599,Ward 5,2020-12-07
2020-12-06,38.940092,-76.992871,Ward 5,2021-01-05
2020-12-06,38.957223,-77.020667,Ward 4,2020-12-30
2020-12-06,38.957913,-77.021637,Ward 4,2020-12-30
2020-12-06,38.958347,-77.020697,Ward 4,2020-12-30
2020-12-06,38.899178,-76.981474,Ward 6,2021-01-04
2020-12-06,38.885352,-76.981491,Ward 6,2021-01-08
2020-12-06,38.904231,-76.982012,Ward 5,2021-01-02
2020-12-06,38.899935,-76.933572,Ward 7,2020-12-30
2020-12-06,38.933964,-77.024834,Ward 1,2021-01-05
2020-12-06,38.933951,-77.024968,Ward 1,2021-01-05
2020-12-07,38.907450,-77.046460,Ward 2,2020-12-21
2020-12-07,38.907452,-77.035046,Ward 2,2020-12-21
2020-12-07,38.930544,-77.038287,Ward 1,2021-01-05
2020-12-07,38.905472,-77.019628,Ward 6,2020-12-07
2020-12-07,38.892694,-76.914267,Ward 7,2020-12-11
2020-12-07,38.879865,-77.001837,Ward 6,2020-12-07
2020-12-07,38.893571,-76.910588,Ward 7,2020-12-30
2020-12-07,38.930770,-77.018576,Ward 1,2020-12-21
2020-12-07,38.877529,-77.002043,Ward 6,2021-01-08
2020-12-07,38.965239,-77.030737,Ward 4,2020-12-24
2020-12-07,38.916773,-77.040027,Ward 2,2020-12-21
2020-12-07,38.952252,-77.009296,Ward 4,2020-12-30
2020-12-07,38.833220,-77.006172,Ward 8,2020-12-11
2020-12-07,38.909456,-77.011519,Ward 5,2021-01-08
2020-12-07,38.887761,-76.986728,Ward 6,2021-01-06
2020-12-07,38.910915,-77.065975,Ward 2,2020-12-21
2020-12-07,38.879904,-76.941220,Ward 7,2020-12-09
2020-12-07,38.892717,-76.909883,Ward 7,2020-12-30
2020-12-07,38.899676,-76.988843,Ward 6,2020-12-10
2020-12-07,38.927297,-77.024810,Ward 1,2021-01-05
2020-12-07,38.884735,-77.032423,Ward 2,2020-12-21
2020-12-07,38.956457,-77.032203,Ward 4,2020-12-09
2020-12-07,38.887240,-76.939935,Ward 7,2020-12-11
2020-12-07,38.920134,-76.982404,Ward 5,2021-01-04
2020-12-07,38.945659,-77.021162,Ward 4,2020-12-24
2020-12-07,38.947431,-77.024471,Ward 4,2021-01-21
2020-12-07,38.916765,-77.040148,Ward 2,2020-12-21
2020-12-07,38.939982,-77.022791,Ward 4,2020-12-14
2020-12-07,38.924555,-77.104574,Ward 3,2020-12-09
2020-12-07,38.910139,-77.020201,Ward 6,2021-01-05
2020-12-07,38.932863,-76.970393,Ward 5,2021-01-05
2020-12-07,38.896271,-76.978840,Ward 6,2021-01-05
2020-12-07,38.940805,-77.029704,Ward 4,2021-01-21
2020-12-07,38.900699,-76.976449,Ward 5,2021-01-04
2020-12-07,38.904826,-76.976894,Ward 5,2021-01-02
2020-12-07,38.904825,-76.977176,Ward 5,2021-01-02
2020-12-07,38.912207,-77.013682,Ward 5,2020-12-11
2020-12-07,38.901831,-76.983038,Ward 5,2021-01-02
2020-12-07,38.865244,-76.991321,Ward 8,2020-12-29
2020-12-07,38.910695,-77.021100,Ward 6,2021-01-05
2020-12-07,38.906433,-76.976955,Ward 5,2021-01-04
2020-12-07,38.877339,-76.995456,Ward 6,2021-01-14
2020-12-07,38.931027,-77.018398,Null,2020-12-22
2020-12-08,38.844517,-76.999536,Ward 8,2020-12-09
2020-12-08,38.904441,-76.995212,Ward 6,2021-01-05
2020-12-08,38.904497,-76.995948,Ward 6,2021-01-05
2020-12-08,38.894974,-76.978706,Ward 6,2020-12-10
2020-12-08,38.889172,-76.981991,Ward 6,2021-01-22
2020-12-08,38.932792,-77.035576,Ward 1,2021-01-05
2020-12-08,38.932664,-77.034159,Ward 1,2021-01-05
2020-12-08,38.915748,-77.003210,Ward 5,2020-12-09
2020-12-08,38.925459,-76.955626,Ward 5,2021-01-05
2020-12-08,38.932128,-76.970430,Ward 5,2021-01-05
2020-12-08,38.937714,-76.993964,Ward 5,2020-12-09
2020-12-08,38.859834,-76.996261,Ward 8,2020-12-17
2020-12-08,38.904891,-76.981882,Ward 5,2021-01-02
2020-12-08,38.913565,-77.069009,Ward 2,2020-12-21
2020-12-08,38.936244,-77.023949,Ward 1,2021-01-05
2020-12-08,38.936244,-77.023949,Ward 1,2021-02-02
2020-12-08,38.936244,-77.023949,Ward 1,2021-01-05
2020-12-08,38.936244,-77.023949,Ward 1,2021-01-05
2020-12-08,38.965962,-77.021793,Ward 4,2020-12-30
2020-12-08,38.936244,-77.023949,Ward 1,2021-01-05
2020-12-08,38.917972,-77.031509,Ward 1,2021-01-08
2020-12-08,38.922399,-77.034382,Ward 1,2021-01-05
2020-12-08,38.910219,-77.038779,Ward 2,2020-12-21
2020-12-08,38.908761,-76.984840,Ward 5,2020-12-09
2020-12-08,38.907307,-76.989017,Ward 5,2021-01-02
2020-12-08,38.929914,-77.099720,Ward 3,2021-01-08
2020-12-08,38.905797,-76.981473,Ward 5,2021-01-02
2020-12-08,38.913558,-76.986199,Ward 5,2021-01-02
2020-12-08,38.911505,-76.985576,Ward 5,2021-01-02
2020-12-08,38.906333,-76.980668,Ward 5,2021-01-04
2020-12-08,38.936244,-77.023949,Ward 1,2021-01-05
2020-12-08,38.940092,-76.992871,Ward 5,2021-01-05
2020-12-08,38.928390,-77.028279,Ward 1,2021-01-05
2020-12-08,38.864883,-76.976316,Ward 8,2020-12-11
2020-12-08,38.878899,-76.991772,Ward 6,2020-12-11
2020-12-08,38.865439,-76.981852,Ward 8,2020-12-11
2020-12-08,38.899969,-76.988695,Ward 6,2020-12-10
2020-12-08,38.940353,-77.017227,Ward 4,2020-12-30
2020-12-08,38.896277,-76.978504,Ward 6,2020-12-10
2020-12-08,38.897831,-76.981605,Ward 6,2020-12-31
2020-12-08,38.947319,-77.016468,Ward 4,2020-12-30
2020-12-08,38.875478,-76.966213,Ward 7,2020-12-09
2020-12-08,38.893811,-76.911232,Ward 7,2020-12-29
2020-12-08,38.892259,-76.915313,Ward 7,2020-12-11
2020-12-08,38.898318,-76.981716,Ward 6,2021-01-05
2020-12-08,38.932119,-76.970747,Ward 5,2021-01-19
2020-12-08,38.908607,-77.062377,Ward 2,2020-12-21
2020-12-08,38.897419,-76.935370,Ward 7,2020-12-11
2020-12-08,38.878513,-76.940642,Ward 7,2020-12-11
2020-12-08,38.916765,-77.040148,Ward 2,2020-12-21
2020-12-08,38.890923,-76.953829,Ward 7,2020-12-11
2020-12-08,38.847726,-77.003625,Ward 8,2020-12-11
2020-12-08,38.821402,-77.005559,Ward 8,2020-12-11
2020-12-08,38.898238,-76.981790,Ward 6,2021-01-05
2020-12-08,38.898556,-76.979821,Ward 6,2020-12-10
2020-12-08,38.928879,-77.031251,Ward 1,2020-12-21
2020-12-08,38.892827,-76.981015,Ward 6,2021-01-05
2020-12-08,38.914704,-77.035155,Ward 2,2020-12-21
2020-12-08,38.903243,-76.989192,Ward 5,2021-01-02
2020-12-08,38.936338,-76.966027,Ward 5,2021-01-05
2020-12-08,38.904644,-76.989656,Ward 5,2021-01-02
2020-12-08,38.904216,-76.979394,Ward 5,2021-01-02
2020-12-08,38.933879,-76.965117,Ward 5,2021-01-05
2020-12-08,38.940930,-76.973460,Ward 5,2021-01-05
2020-12-08,38.936469,-76.975968,Ward 5,2021-01-05
2020-12-08,38.942945,-77.073991,Ward 3,2020-12-09
2020-12-08,38.953624,-76.989614,Ward 5,2020-12-09
2020-12-08,38.925636,-77.023159,Ward 1,2020-12-21
2020-12-08,38.835001,-76.988173,Ward 8,2020-12-11
2020-12-08,38.836315,-77.003783,Ward 8,2020-12-17
2020-12-08,38.865188,-76.982497,Ward 8,2020-12-11
2020-12-08,38.903993,-76.993503,Ward 6,2020-12-10
2020-12-08,38.873599,-76.975282,Ward 8,2021-03-23
2020-12-08,38.903543,-76.978806,Ward 5,2021-01-05
2020-12-08,38.953624,-76.989614,Ward 5,2020-12-09
2020-12-08,38.883921,-76.978717,Ward 6,2020-12-10
2020-12-08,38.955744,-76.990027,Ward 5,2021-01-05
2020-12-09,38.926224,-77.025578,Ward 1,2021-01-06
2020-12-09,38.931012,-77.028463,Ward 1,2021-01-05
2020-12-09,38.917081,-77.003164,Ward 5,2021-01-05
2020-12-09,38.901232,-76.983426,Ward 5,2021-01-02
2020-12-09,38.912833,-77.004917,Ward 5,2021-01-19
2020-12-09,38.912359,-77.005615,Ward 5,2021-01-08
2020-12-09,38.921164,-77.045531,Ward 1,2021-01-08
2020-12-09,38.933674,-77.033224,Ward 1,2021-01-08
2020-12-09,38.891810,-77.000758,Ward 6,2021-01-22
2020-12-09,38.933944,-77.021838,Ward 1,2021-01-11
2020-12-09,38.876707,-76.931926,Ward 7,2021-01-07
2020-12-09,38.892589,-76.982599,Ward 6,2020-12-10
2020-12-09,38.894408,-76.918243,Ward 7,2021-01-07
2020-12-09,38.909458,-77.025803,Ward 2,2020-12-21
2020-12-09,38.906375,-76.980638,Ward 5,2021-01-08
2020-12-09,38.952623,-77.008286,Ward 5,2021-01-05
2020-12-09,38.878183,-76.964990,Ward 7,2021-01-07
2020-12-09,38.912330,-76.986888,Ward 5,2021-01-08
2020-12-09,38.896932,-76.976778,Ward 7,2021-01-07
2020-12-09,38.893278,-76.910253,Ward 7,2021-01-07
2020-12-09,38.894650,-76.978576,Ward 6,2020-12-10
2020-12-09,38.894558,-76.922438,Ward 7,2021-01-07
2020-12-09,38.862660,-76.963594,Ward 7,2021-01-07
2020-12-09,38.918285,-77.037257,Ward 1,2021-01-05
2020-12-09,38.931320,-77.020308,Ward 1,2021-01-22
2020-12-09,38.894625,-76.978793,Ward 6,2020-12-10
2020-12-09,38.939375,-76.993066,Ward 5,2021-01-11
2020-12-09,38.908914,-76.985173,Ward 5,2021-01-08
2020-12-09,38.902442,-76.983434,Ward 5,2021-01-08
2020-12-09,38.906251,-76.981184,Ward 5,2021-01-08
2020-12-09,38.907150,-76.979665,Ward 5,2021-01-11
2020-12-09,38.943119,-77.025604,Ward 4,2021-01-11
2020-12-09,38.868069,-76.970902,Ward 8,2021-01-12
2020-12-09,38.896282,-76.988487,Ward 6,2021-01-22
2020-12-09,38.907175,-77.036530,Ward 2,2021-01-21
2020-12-09,38.861373,-76.984667,Ward 8,2021-01-14
2020-12-09,38.904056,-76.981430,Ward 5,2021-01-08
2020-12-09,38.894625,-76.978793,Ward 6,2020-12-10
2020-12-09,38.900900,-76.986414,Ward 6,2021-01-22
2020-12-09,38.902023,-76.941927,Ward 7,2021-01-07
2020-12-09,38.910220,-77.013004,Ward 5,2021-01-08
2020-12-09,38.904401,-77.001828,Ward 6,2021-01-22
2020-12-09,38.917275,-77.008755,Ward 5,2021-01-21
2020-12-09,38.894620,-77.002880,Ward 6,2020-12-10
2020-12-09,38.933835,-77.041035,Ward 1,2021-01-25
2020-12-09,38.924525,-77.029997,Ward 1,2020-12-18
2020-12-10,38.824199,-77.009583,Ward 8,2020-12-10
2020-12-10,38.915748,-77.003210,Ward 5,2021-01-05
2020-12-10,38.892368,-76.915379,Ward 7,2021-01-07
2020-12-10,38.892705,-76.915866,Ward 7,2021-01-07
2020-12-10,38.893969,-76.988086,Ward 6,2021-01-22
2020-12-10,38.907105,-77.018682,Ward 6,2021-01-22
2020-12-10,38.950415,-76.990245,Ward 5,2021-01-06
2020-12-10,38.925787,-77.023926,Ward 1,2021-01-11
2020-12-10,38.947493,-77.016511,Ward 4,2021-01-13
2020-12-10,38.900537,-76.937940,Ward 7,2021-01-07
2020-12-10,38.904826,-76.979628,Ward 5,2021-01-07
2020-12-10,38.895560,-76.992891,Ward 6,2021-01-22
2020-12-10,38.891255,-76.923570,Ward 7,2021-01-07
2020-12-10,38.891284,-76.923748,Ward 7,2021-01-07
2020-12-10,38.929708,-77.018462,Ward 1,2021-01-05
2020-12-10,38.898279,-76.981755,Ward 6,2021-01-22
2020-12-10,38.893208,-76.972321,Ward 7,2020-12-21
2020-12-10,38.877675,-76.988142,Ward 6,2020-12-11
2020-12-10,38.919363,-77.013069,Ward 5,2021-01-07
2020-12-10,38.862835,-76.987041,Ward 8,2021-01-14
2020-12-10,38.830697,-77.007353,Ward 8,2021-01-14
2020-12-10,38.944492,-77.070391,Ward 3,2021-01-08
2020-12-10,38.856177,-76.983843,Ward 8,2021-01-19
2020-12-10,38.923766,-77.029711,Ward 1,2020-12-22
2020-12-10,38.904558,-76.982007,Ward 5,2020-12-11
2020-12-10,38.905472,-77.019628,Ward 6,2020-12-11
2020-12-10,38.834224,-77.004511,Ward 8,2021-01-16
2020-12-10,38.891255,-76.923570,Ward 7,2021-01-07
2020-12-10,38.835096,-76.987954,Ward 8,2021-01-11
2020-12-10,38.824990,-77.007535,Ward 8,2021-01-14
2020-12-10,38.855369,-76.969313,Ward 8,2021-01-14
2020-12-10,38.906298,-77.012978,Ward 5,2020-12-17
2020-12-10,38.894591,-76.976353,Ward 7,2021-01-07
2020-12-10,38.896155,-76.971509,Ward 7,2021-01-07
2020-12-10,38.931320,-77.020308,Ward 1,2021-01-22
2020-12-10,38.895377,-76.939440,Ward 7,2021-01-07
2020-12-10,38.902029,-76.929771,Ward 7,2021-01-07
2020-12-10,38.907571,-76.984005,Ward 5,2021-01-06
2020-12-10,38.853246,-76.970664,Ward 8,2021-01-14
2020-12-10,38.853246,-76.970664,Ward 8,2021-01-14
2020-12-11,38.853246,-76.970664,Ward 8,2021-01-14
2020-12-11,38.835966,-77.005624,Ward 8,2021-01-14
2020-12-11,38.953433,-77.036017,Ward 4,2021-01-21
2020-12-11,38.956514,-77.027876,Ward 4,2021-01-11
2020-12-11,38.867295,-76.986805,Ward 8,2021-01-14
2020-12-11,38.903179,-76.931841,Ward 7,2021-01-07
2020-12-11,38.907759,-77.009702,Ward 5,2021-01-07
2020-12-11,38.907759,-77.009702,Ward 5,2021-01-07
2020-12-11,38.923497,-77.037171,Ward 1,2021-01-11
2020-12-11,38.927593,-77.024963,Ward 1,2021-01-11
2020-12-11,38.905061,-76.975987,Ward 5,2021-01-11
2020-12-11,38.932898,-76.970639,Ward 5,2021-01-19
2020-12-11,38.940510,-77.017051,Ward 4,2021-01-21
2020-12-11,38.923039,-77.010681,Ward 5,2021-01-07
2020-12-11,38.938310,-77.017175,Ward 4,2021-01-08
2020-12-11,38.955409,-77.029429,Ward 4,2021-01-08
2020-12-11,38.910697,-77.009366,Ward 5,2021-01-11
2020-12-11,38.925798,-77.023847,Ward 1,2021-01-11
2020-12-11,38.939975,-77.030634,Ward 4,2021-01-11
2020-12-11,38.938483,-77.030077,Ward 4,2021-01-11
2020-12-11,38.939050,-77.018581,Ward 4,2021-01-11
2020-12-11,38.938318,-77.016877,Null,2021-01-12
2020-12-11,38.902094,-76.929001,Ward 7,2021-01-16
2020-12-11,38.925726,-77.000357,Ward 5,2021-01-08
2020-12-11,38.917146,-77.042892,Ward 1,2021-01-11
2020-12-11,38.938246,-77.017190,Ward 4,2021-01-11
2020-12-11,38.881845,-76.982522,Ward 7,2020-12-14
2020-12-11,38.947711,-77.022693,Ward 4,2021-01-11
2020-12-11,38.873599,-76.975282,Ward 8,2021-03-23
2020-12-11,38.873854,-76.934487,Ward 7,2021-01-07
2020-12-11,38.873998,-76.975437,Ward 8,2021-01-11
2020-12-11,38.893268,-76.916637,Ward 7,2020-12-18
2020-12-11,38.931320,-77.020308,Ward 1,2021-01-22
2020-12-11,38.919371,-77.009294,Ward 5,2021-01-08
2020-12-11,38.935346,-77.028288,Ward 1,2021-01-11
2020-12-11,38.833556,-76.990215,Ward 8,2021-01-11
2020-12-11,38.902971,-76.992413,Ward 6,2021-01-25
2020-12-11,38.951096,-77.012601,Ward 4,2021-01-11
2020-12-11,38.918380,-76.999839,Ward 5,2021-01-21
2020-12-11,38.927203,-77.022721,Ward 1,2021-01-05
2020-12-11,38.876766,-77.010912,Ward 6,2020-12-14
2020-12-11,38.896739,-76.991000,Ward 6,2021-01-22
2020-12-11,38.841546,-77.005025,Ward 8,2021-01-16
2020-12-11,38.910892,-77.017175,Ward 6,2020-12-14
2020-12-11,38.921728,-76.982104,Ward 5,2021-01-08
2020-12-11,38.965983,-77.027904,Ward 4,2021-01-11
2020-12-11,38.945255,-77.033710,Ward 4,2021-01-11
2020-12-11,38.905826,-77.024153,Ward 2,2020-12-21
2020-12-11,38.900082,-76.952341,Ward 7,2020-12-21
2020-12-12,38.906433,-76.976955,Ward 5,2021-01-04
2020-12-12,38.868069,-76.970902,Ward 8,2021-01-12
2020-12-12,38.920153,-76.986885,Ward 5,2021-01-27
2020-12-12,38.901744,-76.984664,Ward 5,2021-01-08
2020-12-12,38.917868,-77.005273,Ward 5,2021-01-08
2020-12-12,38.841855,-76.988505,Ward 8,2021-01-19
2020-12-12,38.842406,-77.003081,Ward 8,2021-01-11
2020-12-12,38.867412,-76.984341,Ward 8,2021-01-14
2020-12-12,38.832790,-77.000344,Ward 8,2021-01-14
2020-12-12,38.914276,-77.024137,Ward 1,2021-02-02
2020-12-12,38.830775,-77.000799,Ward 8,2021-01-14
2020-12-12,38.940345,-77.016819,Ward 4,2021-01-08
2020-12-12,38.914915,-77.019115,Ward 6,2020-12-14
2020-12-12,38.892175,-76.986591,Ward 6,2021-01-22
2020-12-12,38.879810,-76.940949,Ward 7,2020-12-24
2020-12-12,38.935013,-76.985388,Ward 5,2021-01-11
2020-12-12,38.839450,-76.998213,Ward 8,2021-01-11
2020-12-12,38.905251,-77.001827,Ward 6,2020-12-14
2020-12-12,38.959933,-77.082275,Ward 3,2021-01-06
2020-12-12,38.929399,-77.031605,Ward 1,2021-01-05
2020-12-12,38.901169,-76.985065,Ward 5,2021-01-07
2020-12-12,38.923709,-76.973315,Ward 5,2021-01-08
2020-12-12,38.898601,-76.983212,Ward 6,2020-12-14
2020-12-12,38.922555,-77.001396,Ward 5,2021-01-08
2020-12-13,38.913884,-77.008331,Ward 5,2021-01-07
2020-12-13,38.904168,-76.990318,Ward 5,2021-01-11
2020-12-13,38.880016,-76.998259,Ward 6,2020-12-14
2020-12-13,38.904492,-76.998727,Ward 6,2021-01-22
2020-12-13,38.927884,-77.035623,Ward 1,2021-01-11
2020-12-13,38.927579,-77.035458,Ward 1,2021-01-25
2020-12-13,38.930057,-77.025366,Ward 1,2021-01-08
2020-12-13,38.901777,-76.999734,Ward 6,2021-01-22
2020-12-13,38.906631,-76.986603,Ward 5,2021-01-14
2020-12-13,38.957068,-77.031596,Ward 4,2020-12-15
2020-12-13,38.833155,-76.989546,Ward 8,2021-01-11
2020-12-13,38.930266,-76.993316,Ward 5,2021-01-21
2020-12-13,38.934627,-77.034185,Ward 1,2021-01-11
2020-12-13,38.899772,-76.998244,Ward 6,2020-12-14
2020-12-14,38.938318,-77.016877,Null,2021-01-12
2020-12-14,38.871590,-76.981022,Ward 8,2021-01-16
2020-12-14,38.926224,-77.025578,Ward 1,2021-01-04
2020-12-14,38.895396,-76.993499,Ward 6,2021-01-22
2020-12-14,38.891109,-76.948802,Ward 7,2021-01-07
2020-12-14,38.903014,-76.992405,Ward 6,2021-01-25
2020-12-14,38.917164,-77.003699,Ward 5,2021-01-05
2020-12-14,38.965132,-77.027977,Ward 4,2021-01-11
2020-12-14,38.903868,-76.980667,Ward 5,2020-12-16
2020-12-14,38.912330,-76.986888,Ward 5,2021-01-08
2020-12-14,38.904712,-76.991609,Ward 5,2021-01-08
2020-12-14,38.863797,-76.987015,Ward 8,2020-12-15
2020-12-14,38.909193,-77.038889,Ward 2,2020-12-21
2020-12-14,38.957489,-77.030887,Ward 4,2020-12-15
2020-12-14,38.937714,-76.993964,Ward 5,2021-01-21
2020-12-14,38.901894,-76.943928,Ward 7,2021-01-07
2020-12-14,38.896812,-76.922699,Ward 7,2020-12-24
2020-12-14,38.937714,-76.993964,Ward 5,2021-01-21
2020-12-14,38.878823,-76.975420,Ward 6,2020-12-15
2020-12-14,38.878823,-76.975420,Ward 6,2020-12-15
2020-12-14,38.861260,-76.964025,Ward 7,2021-01-07
2020-12-14,38.866851,-76.947624,Ward 7,2020-12-24
2020-12-14,38.894576,-76.989998,Ward 6,2020-12-15
2020-12-14,38.917164,-77.003699,Ward 5,2021-01-05
2020-12-14,38.865141,-76.967948,Ward 7,2021-01-07
2020-12-14,38.906038,-76.986950,Ward 5,2021-01-14
2020-12-14,38.868426,-76.979346,Ward 8,2021-01-16
2020-12-14,38.865437,-76.981785,Ward 8,2021-01-12
2020-12-14,38.932065,-77.020503,Ward 1,2021-01-11
2020-12-14,38.865836,-76.981717,Ward 8,2021-01-16
2020-12-14,38.870934,-76.981410,Ward 8,2021-01-11
2020-12-14,38.911649,-77.008652,Ward 5,2021-01-05
2020-12-14,38.834568,-76.990170,Ward 8,2021-01-16
2020-12-14,38.958954,-77.018783,Ward 4,2021-01-21
2020-12-14,38.965616,-77.029905,Ward 4,2021-01-08
2020-12-14,38.876766,-77.010912,Ward 6,2020-12-15
2020-12-15,38.892316,-76.910443,Ward 7,2021-01-07
2020-12-15,38.907761,-77.010646,Ward 5,2021-01-07
2020-12-15,38.897384,-76.926258,Ward 7,2021-01-07
2020-12-15,38.902892,-76.992836,Ward 6,2021-01-22
2020-12-15,38.954165,-77.004214,Ward 5,2021-02-03
2020-12-15,38.899074,-76.974390,Ward 5,2020-12-16
2020-12-15,38.956398,-77.006005,Ward 4,2021-01-11
2020-12-15,38.915330,-77.039229,Ward 2,2020-12-21
2020-12-15,38.902025,-76.927488,Ward 7,2021-01-07
2020-12-15,38.938552,-77.021828,Ward 4,2021-01-11
2020-12-15,38.833540,-77.004683,Ward 8,2021-01-19
2020-12-15,38.895560,-76.992891,Ward 6,2021-01-22
2020-12-15,38.901567,-76.987411,Null,2021-01-19
2020-12-15,38.898745,-77.030478,Ward 2,2020-12-21
2020-12-15,38.903875,-76.979989,Ward 5,2021-01-11
2020-12-15,38.955817,-77.022057,Ward 4,2021-01-08
2020-12-15,38.965132,-77.027977,Ward 4,2021-01-11
2020-12-15,38.968529,-77.012176,Ward 4,2021-01-21
2020-12-15,38.901324,-77.000578,Ward 6,2021-01-19
2020-12-15,38.968323,-77.024421,Ward 4,2020-12-15
2020-12-15,38.966304,-77.029027,Ward 4,2021-01-11
2020-12-15,38.959452,-77.029409,Ward 4,2020-12-15
2020-12-15,38.960001,-77.011868,Ward 4,2021-01-11
2020-12-15,38.937154,-77.025516,Ward 4,2021-01-08
2020-12-15,38.935012,-77.029463,Ward 1,2021-01-11
2020-12-15,38.941087,-77.022182,Ward 4,2020-12-15
2020-12-15,38.949591,-77.014754,Ward 4,2021-01-11
2020-12-15,38.956126,-77.017549,Ward 4,2021-01-08
2020-12-15,38.894065,-76.919787,Ward 7,2021-01-07
2020-12-15,38.855707,-76.968942,Ward 8,2020-12-15
2020-12-15,38.865560,-76.982537,Ward 8,2021-01-12
2020-12-15,38.855707,-76.968942,Ward 8,2020-12-15
2020-12-15,38.948775,-77.016765,Ward 4,2021-01-11
2020-12-15,38.895224,-76.919148,Ward 7,2021-01-21
2020-12-15,38.949818,-77.016857,Ward 4,2021-01-11
2020-12-15,38.936693,-77.032150,Ward 1,2021-01-11
2020-12-15,38.840269,-76.993037,Ward 8,2021-01-11
2020-12-15,38.911389,-77.008638,Ward 5,2021-01-05
2020-12-15,38.973815,-77.023263,Ward 4,2021-01-11
2020-12-15,38.956195,-77.021766,Ward 4,2021-01-11
2020-12-15,38.953007,-77.014299,Ward 4,2021-01-11
2020-12-15,38.948861,-77.017230,Ward 4,2021-01-08
2020-12-15,38.940610,-77.024374,Ward 4,2021-01-11
2020-12-15,38.879741,-77.000576,Ward 6,2021-01-22
2020-12-15,38.877127,-76.966999,Ward 7,2021-01-07
2020-12-15,38.960645,-77.026232,Ward 4,2021-01-11
2020-12-15,38.925309,-77.023439,Ward 1,2021-01-05
2020-12-15,38.921579,-77.045472,Ward 1,2021-01-11
2020-12-15,38.899929,-76.940109,Ward 7,2021-01-07
2020-12-15,38.895453,-76.915269,Ward 7,2020-12-18
2020-12-15,38.956614,-77.020946,Ward 4,2021-01-11
2020-12-15,38.902777,-77.001103,Ward 6,2020-12-16
2020-12-15,38.906511,-76.980548,Ward 5,2021-01-08
2020-12-15,38.894642,-76.919122,Ward 7,2021-01-06
2020-12-15,38.895140,-76.913669,Ward 7,2021-01-06
2020-12-15,38.910685,-77.020183,Ward 6,2021-01-25
2020-12-15,38.871070,-76.940543,Ward 7,2021-01-07
2020-12-15,38.960655,-77.004002,Ward 4,2021-01-21
2020-12-15,38.881723,-77.001781,Ward 6,2021-01-22
2020-12-15,38.908210,-77.024680,Ward 2,2020-12-21
2020-12-15,38.868069,-76.970902,Ward 8,2021-01-12
2020-12-15,38.910733,-77.020167,Ward 6,2021-01-25
2020-12-15,38.922083,-76.981707,Ward 5,2021-01-21
2020-12-16,38.832771,-76.988429,Ward 8,2021-01-05
2020-12-16,38.833853,-76.990081,Ward 8,2021-01-05
2020-12-16,38.834030,-76.986622,Ward 8,2021-01-05
2020-12-16,38.870137,-76.977917,Ward 8,2021-01-11
2020-12-16,38.964653,-77.030377,Ward 4,2021-01-08
2020-12-16,38.949443,-77.014870,Ward 4,2021-01-11
2020-12-16,38.965210,-77.028361,Ward 4,2021-01-08
2020-12-16,38.938318,-77.016877,Null,2021-01-12
2020-12-16,38.905483,-77.020107,Ward 6,2021-01-22
2020-12-16,38.851936,-76.986846,Ward 8,2021-02-04
2020-12-16,38.849914,-76.984893,Ward 8,2021-01-27
2020-12-16,38.879722,-76.941199,Ward 7,2020-12-21
2020-12-16,38.879257,-76.935971,Ward 7,2021-01-07
2020-12-16,38.926224,-77.025578,Ward 1,2021-01-04
2020-12-16,38.948643,-77.019704,Ward 4,2021-01-11
2020-12-16,38.964653,-77.030377,Ward 4,2021-01-08
2020-12-16,38.968829,-77.024661,Ward 4,2021-01-11
2020-12-16,38.921598,-77.045598,Ward 1,2021-01-11
2020-12-16,38.936592,-77.021548,Ward 1,2021-01-22
2020-12-16,38.874306,-76.967091,Ward 7,2020-12-17
2020-12-16,38.955426,-77.024630,Ward 4,2021-01-11
2020-12-16,38.935351,-77.029499,Ward 1,2021-01-05
2020-12-16,38.829413,-76.999999,Ward 8,2021-01-16
2020-12-16,38.905061,-76.975987,Ward 5,2021-01-08
2020-12-16,38.911413,-77.083319,Ward 3,2021-01-08
2020-12-16,38.905833,-76.975410,Ward 5,2021-01-07
2020-12-16,38.906433,-76.976955,Ward 5,2021-01-11
2020-12-16,38.906244,-76.977412,Ward 5,2021-01-11
2020-12-16,38.932033,-76.970557,Ward 5,2021-01-19
2020-12-16,38.906833,-76.977850,Ward 5,2021-01-19
2020-12-16,38.907437,-76.988551,Ward 5,2021-01-06
2020-12-17,38.929398,-77.031713,Ward 1,2021-01-05
2020-12-17,38.913174,-77.009599,Ward 5,2021-01-07
2020-12-17,38.866277,-76.947005,Ward 7,2020-12-24
2020-12-17,38.843846,-76.999923,Ward 8,2021-01-16
2020-12-17,38.842406,-77.003081,Ward 8,2021-01-11
2020-12-17,38.909835,-77.036066,Ward 2,2020-12-21
2020-12-17,38.902438,-76.943840,Ward 7,2021-01-06
2020-12-17,38.893158,-77.001347,Ward 6,2021-01-22
2020-12-17,38.919584,-76.982305,Ward 5,2021-01-07
2020-12-17,38.876306,-76.987157,Ward 6,2021-01-22
2020-12-17,38.881076,-76.993025,Ward 6,2020-12-18
2020-12-17,38.967116,-77.021782,Ward 4,2021-01-11
2020-12-17,38.894634,-76.984226,Ward 6,2021-01-22
2020-12-17,38.876306,-76.987157,Ward 6,2021-01-22
2020-12-17,38.878391,-76.935329,Ward 7,2020-12-24
2020-12-17,38.876154,-76.984658,Ward 6,2021-01-22
2020-12-17,38.862178,-76.995229,Ward 8,2021-01-16
2020-12-17,38.950107,-77.012647,Ward 4,2021-01-19
2020-12-17,38.943013,-77.003226,Ward 5,2021-01-06
2020-12-17,38.956266,-77.018775,Ward 4,2021-01-11
2020-12-17,38.927309,-77.021375,Ward 1,2021-01-11
2020-12-17,38.912297,-77.017615,Ward 6,2021-01-22
2020-12-17,38.925018,-77.027703,Ward 1,2020-12-18
2020-12-17,38.833017,-76.999717,Ward 8,2021-01-05
2020-12-17,38.899257,-76.981453,Ward 6,2021-01-22
2020-12-17,38.899021,-76.981516,Ward 6,2021-01-22
2020-12-17,38.899021,-76.981516,Ward 6,2021-01-22
2020-12-17,38.858385,-76.966120,Ward 7,2021-01-07
2020-12-17,38.910776,-77.020168,Ward 6,2021-01-26
2020-12-17,38.883021,-76.979826,Ward 6,2021-01-22
2020-12-17,38.900908,-76.926698,Ward 7,2021-01-07
2020-12-17,38.830771,-76.995309,Ward 8,2021-01-12
2020-12-17,38.928879,-77.031251,Ward 1,2020-12-21
2020-12-17,38.903909,-76.982186,Ward 5,2021-01-11
2020-12-17,38.911322,-77.038910,Ward 2,2020-12-21
2020-12-17,38.938552,-77.021828,Ward 4,2021-01-11
2020-12-17,38.930821,-77.024318,Ward 1,2021-01-11
2020-12-17,38.929949,-77.026586,Ward 1,2021-01-05
2020-12-17,38.930098,-77.018381,Ward 1,2021-01-05
2020-12-17,38.928884,-77.030844,Ward 1,2020-12-21
2020-12-18,38.901894,-76.943928,Ward 7,2021-01-07
2020-12-18,38.924400,-77.025575,Ward 1,2020-12-21
2020-12-18,38.930382,-77.042578,Ward 1,2021-01-11
2020-12-18,38.919909,-77.079501,Ward 3,2021-01-05
2020-12-18,38.903035,-76.994272,Ward 6,2021-01-22
2020-12-18,38.887798,-76.980287,Ward 6,2021-01-22
2020-12-18,38.916374,-77.012431,Ward 5,2021-01-07
2020-12-18,38.931038,-77.020476,Ward 1,2021-01-22
2020-12-18,38.925798,-77.023847,Ward 1,2021-01-08
2020-12-18,38.868890,-76.951972,Ward 7,2020-12-21
2020-12-18,38.903072,-76.923699,Ward 7,2021-01-16
2020-12-18,38.930905,-77.026729,Ward 1,2021-01-08
2020-12-18,38.858870,-76.965583,Ward 7,2020-12-24
2020-12-18,38.860306,-76.987675,Ward 8,2020-12-22
2020-12-18,38.822885,-76.999584,Ward 8,2021-01-12
2020-12-18,38.828028,-77.010563,Ward 8,2021-01-16
2020-12-18,38.869169,-76.980515,Ward 8,2021-01-16
2020-12-18,38.921840,-77.012147,Null,2021-02-02
2020-12-18,38.926268,-77.025584,Ward 1,2021-01-08
2020-12-18,38.931251,-77.020077,Ward 1,2021-03-16
2020-12-18,38.901894,-76.943928,Ward 7,2021-01-07
2020-12-18,38.862542,-76.987186,Ward 8,2020-12-23
2020-12-18,38.917143,-77.011964,Ward 5,2021-01-21
2020-12-18,38.917201,-77.017675,Ward 1,2021-02-02
2020-12-18,38.909139,-77.025181,Ward 2,2020-12-21
2020-12-18,38.907417,-77.011592,Ward 5,2021-01-21
2020-12-18,38.894941,-76.994689,Ward 6,2021-01-22
2020-12-19,38.896467,-76.973381,Ward 7,2021-01-21
2020-12-19,38.881693,-76.993505,Ward 6,2021-01-22
2020-12-19,38.903899,-76.981217,Ward 5,2021-01-21
2020-12-19,38.842691,-77.002728,Ward 8,2021-01-16
2020-12-19,38.909139,-77.025181,Ward 2,2020-12-21
2020-12-19,38.924614,-77.040203,Ward 1,2021-01-08
2020-12-19,38.909458,-77.025803,Ward 2,2020-12-21
2020-12-19,38.902341,-76.978737,Ward 5,2021-01-21
2020-12-19,38.933674,-77.021668,Ward 1,2021-01-08
2020-12-19,38.894040,-76.978763,Ward 6,2021-01-22
2020-12-19,38.908393,-77.024444,Ward 2,2020-12-21
2020-12-19,38.900430,-76.995840,Ward 6,2020-12-28
2020-12-19,38.912836,-77.005270,Ward 5,2021-01-26
2020-12-19,38.919171,-77.009042,Ward 5,2021-01-08
2020-12-19,38.917945,-77.003701,Ward 5,2021-01-05
2020-12-19,38.917164,-77.003699,Ward 5,2021-01-05
2020-12-19,38.915956,-77.003759,Ward 5,2021-01-05
2020-12-19,38.916673,-77.003160,Ward 5,2021-01-05
2020-12-19,38.916570,-77.002419,Ward 5,2021-01-07
2020-12-19,38.917027,-76.955032,Ward 5,2021-01-21
2020-12-19,38.900613,-76.991291,Ward 6,2021-01-22
2020-12-19,38.910341,-77.021126,Ward 6,2021-01-25
2020-12-19,38.947431,-77.024471,Ward 4,2021-01-21
2020-12-19,38.916661,-77.010157,Ward 5,2021-01-08
2020-12-19,38.953822,-77.016203,Ward 4,2021-01-21
2020-12-19,38.903284,-76.993051,Ward 6,2021-01-22
2020-12-19,38.909325,-77.088302,Ward 3,2021-01-27
2020-12-19,38.903533,-76.997436,Ward 6,2021-01-22
2020-12-19,38.903064,-76.989704,Ward 5,2021-01-21
2020-12-19,38.903064,-76.989704,Ward 5,2021-01-21
2020-12-19,38.933934,-77.027017,Ward 1,2021-01-08
2020-12-20,38.862346,-76.987063,Ward 8,2021-01-19
2020-12-20,38.955744,-76.990027,Ward 5,2021-01-11
2020-12-20,38.922230,-77.011896,Ward 5,2021-01-07
2020-12-20,38.909325,-77.088302,Ward 3,2021-01-27
2020-12-20,38.895647,-76.980986,Ward 6,2021-01-22
2020-12-20,38.899117,-76.981496,Ward 6,2021-01-22
2020-12-20,38.926224,-77.025578,Ward 1,2021-01-08
2020-12-20,38.896872,-77.001383,Ward 6,2021-01-22
2020-12-20,38.936526,-77.033237,Ward 1,2021-01-11
2020-12-20,38.860345,-76.992948,Ward 8,2021-01-16
2020-12-20,38.920879,-76.983449,Ward 5,2021-01-07
2020-12-20,38.931594,-77.023853,Ward 1,2021-01-08
2020-12-20,38.924525,-77.029997,Ward 1,2021-01-08
2020-12-20,38.921148,-76.984517,Ward 5,2021-01-21
2020-12-20,38.883920,-77.004714,Ward 6,2021-01-08
2020-12-20,38.915862,-76.979155,Ward 5,2021-01-21
2020-12-20,38.923577,-77.001795,Ward 5,2021-01-08
2020-12-20,38.843790,-76.999377,Ward 8,2021-01-16
2020-12-21,38.910524,-77.014462,Ward 5,2021-01-21
2020-12-21,38.913031,-77.001744,Ward 5,2021-01-07
2020-12-21,38.896860,-77.007778,Ward 6,2021-02-03
2020-12-21,38.934319,-77.027428,Ward 1,2021-01-08
2020-12-21,38.935414,-77.026986,Ward 1,2021-01-08
2020-12-21,38.923517,-77.029948,Ward 1,2021-01-08
2020-12-21,38.845555,-76.997623,Ward 8,2021-01-16
2020-12-21,38.915328,-77.001740,Ward 5,2021-01-07
2020-12-21,38.916112,-77.004051,Ward 5,2021-01-21
2020-12-21,38.915375,-77.010521,Ward 5,2021-01-08
2020-12-21,38.845640,-76.997802,Ward 8,2021-01-16
2020-12-21,38.916284,-77.012155,Ward 5,2021-01-07
2020-12-21,38.903183,-76.994356,Ward 6,2021-01-08
2020-12-21,38.850890,-76.965607,Ward 8,2021-01-13
2020-12-21,38.916453,-77.012747,Ward 5,2021-01-07
2020-12-21,38.906868,-77.027292,Ward 2,2021-01-06
2020-12-21,38.905287,-76.980835,Ward 5,2021-01-21
2020-12-21,38.909245,-77.025654,Ward 2,2021-01-04
2020-12-21,38.906645,-76.988366,Ward 5,2021-01-21
2020-12-21,38.888005,-76.992421,Ward 6,2020-12-28
2020-12-21,38.914955,-77.013143,Ward 5,2021-01-07
2020-12-21,38.871590,-76.981022,Ward 8,2021-01-13
2020-12-21,38.834229,-76.997453,Ward 8,2021-01-13
2020-12-21,38.888158,-76.920557,Ward 7,2020-12-24
2020-12-21,38.908754,-77.045859,Ward 2,2021-01-04
2020-12-21,38.886314,-76.940843,Ward 7,2020-12-30
2020-12-21,38.906075,-76.983390,Ward 5,2021-01-21
2020-12-21,38.906081,-76.987052,Ward 5,2021-01-21
2020-12-21,38.906038,-76.986950,Ward 5,2021-01-21
2020-12-21,38.887590,-76.957513,Ward 7,2021-01-27
2020-12-21,38.863662,-76.980219,Ward 8,2021-01-13
2020-12-21,38.851759,-76.971997,Ward 8,2021-01-13
2020-12-21,38.832888,-76.989203,Ward 8,2021-01-13
2020-12-21,38.868419,-76.986671,Ward 8,2021-01-13
2020-12-21,38.924599,-77.035173,Ward 1,2021-01-08
2020-12-21,38.902699,-76.922206,Ward 7,2021-01-21
2020-12-21,38.901256,-76.933018,Ward 7,2021-01-16
2020-12-21,38.867671,-76.975283,Ward 8,2021-01-13
2020-12-21,38.867660,-76.975853,Ward 8,2021-01-13
2020-12-21,38.918693,-77.001402,Ward 5,2021-01-21
2020-12-21,38.835309,-76.990249,Ward 8,2020-12-29
2020-12-21,38.886733,-76.924644,Ward 7,2020-12-23
2020-12-21,38.903428,-76.993544,Ward 6,2021-01-22
2020-12-21,38.903428,-76.993544,Ward 6,2021-01-22
2020-12-21,38.915190,-77.003207,Ward 5,2021-01-05
2020-12-21,38.915348,-77.003070,Ward 5,2021-01-07
2020-12-21,38.895280,-76.983336,Ward 6,2021-01-04
2020-12-21,38.904699,-77.014983,Ward 6,2021-01-22
2020-12-22,38.830388,-76.993417,Ward 8,2021-02-04
2020-12-22,38.926991,-77.028520,Ward 1,2021-01-08
2020-12-22,38.850280,-76.965364,Ward 8,2021-01-13
2020-12-22,38.902925,-76.929915,Ward 7,2021-01-16
2020-12-22,38.828241,-77.003373,Ward 8,2021-01-13
2020-12-22,38.928812,-77.037121,Ward 1,2021-01-08
2020-12-22,38.906859,-76.987572,Ward 5,2021-01-21
2020-12-22,38.914986,-77.009596,Ward 5,2021-03-06
2020-12-22,38.863129,-76.972451,Ward 8,2021-01-13
2020-12-22,38.899893,-77.007443,Ward 6,2021-01-22
2020-12-22,38.885557,-76.978352,Ward 6,2021-01-06
2020-12-22,38.943314,-77.032315,Ward 4,2021-01-11
2020-12-22,38.900414,-76.996344,Ward 6,2021-01-04
2020-12-22,38.934117,-77.021933,Ward 1,2021-02-02
2020-12-22,38.855836,-76.995006,Ward 8,2021-01-13
2020-12-22,38.827553,-77.003456,Ward 8,2021-01-13
2020-12-22,38.931906,-77.023912,Ward 1,2021-01-08
2020-12-22,38.931906,-77.023912,Ward 1,2020-12-22
2020-12-22,38.906038,-76.986950,Ward 5,2021-01-21
2020-12-22,38.944072,-77.023450,Ward 4,2021-01-12
2020-12-22,38.923517,-77.029948,Ward 1,2021-01-08
2020-12-22,38.924005,-77.030012,Ward 1,2021-01-08
2020-12-22,38.833366,-76.989925,Ward 8,2021-01-13
2020-12-22,38.855441,-76.995106,Ward 8,2021-01-13
2020-12-22,38.914513,-77.030470,Ward 1,2021-02-05
2020-12-22,38.921933,-76.995059,Ward 5,2021-01-08
2020-12-22,38.925266,-77.029390,Ward 1,2021-01-11
2020-12-22,38.898262,-76.981296,Ward 6,2021-01-22
2020-12-22,38.849081,-76.973471,Ward 8,2021-01-13
2020-12-22,38.854507,-76.990370,Ward 8,2021-01-13
2020-12-22,38.921151,-77.008690,Ward 5,2021-01-07
2020-12-22,38.887783,-76.991705,Ward 6,2021-01-06
2020-12-22,38.930174,-77.037603,Ward 1,2021-01-08
2020-12-22,38.841758,-76.992592,Ward 8,2021-01-13
2020-12-22,38.843582,-77.000313,Ward 8,2021-01-12
2020-12-22,38.890116,-76.987671,Ward 6,2021-01-22
2020-12-22,38.908726,-76.986283,Ward 5,2021-01-21
2020-12-22,38.917984,-77.034823,Ward 1,2021-01-11
2020-12-22,38.875868,-76.959281,Ward 7,2021-01-27
2020-12-22,38.854909,-76.978788,Ward 8,2021-01-12
2020-12-23,38.896288,-76.988778,Ward 6,2021-01-04
2020-12-23,38.875652,-77.004877,Ward 6,2021-01-06
2020-12-23,38.886201,-76.997344,Ward 6,2021-01-06
2020-12-23,38.876306,-76.987157,Ward 6,2021-01-04
2020-12-23,38.955744,-76.990027,Ward 5,2021-01-11
2020-12-23,38.923990,-77.030197,Ward 1,2021-01-22
2020-12-23,38.822478,-77.010224,Ward 8,2021-01-12
2020-12-23,38.907761,-77.010646,Ward 5,2021-01-08
2020-12-23,38.926680,-76.996884,Ward 5,2021-01-13
2020-12-23,38.887744,-77.000764,Ward 6,2021-01-22
2020-12-23,38.956126,-77.017549,Ward 4,2021-01-21
2020-12-23,38.907761,-77.010382,Ward 5,2021-01-08
2020-12-23,38.912311,-77.003922,Ward 5,2021-01-21
2020-12-23,38.907761,-77.010488,Ward 5,2021-01-07
2020-12-23,38.936619,-77.020369,Ward 1,2021-01-11
2020-12-23,38.911322,-77.038910,Ward 2,2020-12-29
2020-12-23,38.924766,-77.036484,Ward 1,2021-02-11
2020-12-23,38.864069,-76.987168,Ward 8,2021-01-12
2020-12-23,38.871070,-76.940543,Ward 7,2020-12-30
2020-12-23,38.848209,-77.000349,Ward 8,2021-01-12
2020-12-23,38.938856,-77.024306,Ward 4,2021-01-21
2020-12-23,38.928489,-77.027733,Ward 1,2021-01-11
2020-12-23,38.916617,-77.020319,Ward 1,2021-02-25
2020-12-23,38.909458,-77.025803,Ward 2,2020-12-29
2020-12-23,38.933670,-77.033157,Ward 1,2021-01-11
2020-12-23,38.931887,-76.970796,Ward 5,2021-01-19
2020-12-23,38.842406,-77.003081,Ward 8,2020-12-29
2020-12-23,38.905699,-77.032094,Ward 2,2021-01-08
2020-12-23,38.955660,-77.024264,Ward 4,2021-01-11
2020-12-23,38.932863,-76.970393,Ward 5,2021-01-21
2020-12-23,38.902438,-76.943840,Ward 7,2021-01-05
2020-12-23,38.909458,-77.025803,Ward 2,2020-12-29
2020-12-23,38.861964,-76.991608,Ward 8,2021-01-12
2020-12-23,38.906486,-77.033164,Ward 2,2020-12-29
2020-12-23,38.933110,-76.970480,Ward 5,2021-01-19
2020-12-23,38.862056,-76.990815,Ward 8,2021-01-12
2020-12-23,38.905952,-77.061922,Ward 2,2021-02-09
2020-12-23,38.922837,-77.033350,Ward 1,2021-01-11
2020-12-23,38.943164,-77.092620,Ward 3,2021-01-05
2020-12-24,38.938493,-77.023843,Ward 4,2021-01-21
2020-12-24,38.904712,-76.981255,Ward 5,2021-01-21
2020-12-24,38.895340,-76.996387,Ward 6,2021-01-25
2020-12-24,38.922976,-77.039173,Ward 1,2021-01-11
2020-12-24,38.924347,-77.077465,Ward 3,2021-01-04
2020-12-24,38.924464,-77.078697,Ward 3,2021-01-04
2020-12-24,38.939849,-76.978065,Ward 5,2021-01-07
2020-12-24,38.903583,-76.996409,Ward 6,2021-01-22
2020-12-24,38.924650,-77.034837,Ward 1,2021-01-11
2020-12-24,38.898556,-76.979821,Ward 6,2021-01-13
2020-12-24,38.935012,-77.029463,Ward 1,2021-01-11
2020-12-24,38.903075,-76.924488,Ward 7,2021-01-21
2020-12-24,38.905948,-76.987308,Ward 5,2021-01-21
2020-12-24,38.971646,-77.026068,Ward 4,2021-01-21
2020-12-24,38.943042,-77.004625,Ward 5,2021-01-06
2020-12-24,38.893573,-76.941349,Ward 7,2021-01-21
2020-12-24,38.912135,-76.986666,Ward 5,2021-01-21
2020-12-24,38.894576,-76.989998,Ward 6,2021-01-04
2020-12-24,38.894785,-76.988311,Ward 6,2021-01-08
2020-12-24,38.904608,-76.995186,Ward 6,2021-01-22
2020-12-24,38.870062,-76.967525,Ward 7,2021-01-05
2020-12-25,38.894036,-76.919658,Ward 7,2021-01-16
2020-12-25,38.917202,-77.040250,Ward 1,2021-02-16
2020-12-25,38.952095,-77.013731,Ward 4,2021-01-21
2020-12-25,38.893447,-76.910138,Ward 7,2021-01-05
2020-12-26,38.942279,-77.031143,Ward 4,2021-01-21
2020-12-26,38.936432,-77.026634,Ward 4,2021-01-25
2020-12-26,38.940991,-77.030282,Ward 4,2021-01-25
2020-12-26,38.833853,-76.990081,Ward 8,2021-01-22
2020-12-26,38.936232,-77.030413,Ward 1,2021-01-22
2020-12-26,38.940066,-76.993339,Ward 5,2021-01-06
2020-12-26,38.898028,-76.981288,Ward 6,2021-01-22
2020-12-26,38.895226,-76.996391,Ward 6,2021-01-25
2020-12-26,38.822885,-76.999584,Ward 8,2021-01-12
2020-12-26,38.917397,-76.999842,Ward 5,2021-01-07
2020-12-26,38.918238,-77.000335,Ward 5,2021-01-21
2020-12-26,38.917945,-77.003701,Ward 5,2021-01-21
2020-12-26,38.826816,-77.009756,Ward 8,2021-01-12
2020-12-26,38.930776,-77.039443,Ward 1,2021-01-11
2020-12-26,38.885664,-76.945824,Ward 7,2021-01-29
2020-12-26,38.954283,-77.028090,Ward 4,2021-01-21
2020-12-26,38.935302,-76.973566,Ward 5,2021-01-21
2020-12-26,38.949682,-77.078743,Ward 3,2021-01-05
2020-12-27,38.914927,-77.004328,Ward 5,2021-01-21
2020-12-27,38.893571,-76.910588,Ward 7,2021-01-16
2020-12-27,38.923906,-76.988505,Ward 5,2021-01-21
2020-12-27,38.897136,-76.985703,Ward 6,2021-01-14
2020-12-27,38.906432,-76.977412,Ward 5,2021-01-21
2020-12-27,38.841694,-76.983586,Ward 8,2021-01-12
2020-12-27,38.953433,-77.036017,Ward 4,2021-01-21
2020-12-28,38.915363,-77.009701,Ward 5,2021-01-08
2020-12-28,38.912095,-76.987104,Ward 5,2021-01-21
2020-12-28,38.926597,-77.034359,Ward 1,2021-01-26
2020-12-28,38.913607,-77.008412,Ward 5,2021-01-07
2020-12-28,38.919431,-77.014535,Ward 5,2021-02-05
2020-12-28,38.952457,-77.013206,Ward 4,2021-01-25
2020-12-28,38.916453,-77.012747,Ward 5,2021-01-08
2020-12-28,38.900963,-76.995907,Ward 6,2021-01-25
2020-12-28,38.924999,-77.028583,Ward 1,2021-01-25
2020-12-28,38.852421,-76.965166,Ward 8,2021-01-12
2020-12-28,38.976423,-77.055766,Ward 4,2021-01-25
2020-12-28,38.898195,-76.981799,Ward 6,2021-01-25
2020-12-28,38.898494,-76.981860,Ward 6,2021-01-22
2020-12-28,38.932765,-77.028163,Ward 1,2021-01-25
2020-12-28,38.924088,-76.968995,Ward 5,2021-01-25
2020-12-28,38.899257,-76.981453,Ward 6,2021-01-25
2020-12-28,38.904237,-76.996679,Ward 6,2021-01-26
2020-12-28,38.912330,-76.986888,Ward 5,2021-01-26
2020-12-28,38.907437,-76.988551,Ward 5,2021-01-06
2020-12-28,38.911692,-77.017900,Ward 6,2021-01-25
2020-12-28,38.924721,-76.966934,Ward 5,2021-01-25
2020-12-28,38.927217,-77.023668,Ward 1,2021-01-26
2020-12-28,38.965165,-77.018875,Ward 4,2021-01-13
2020-12-28,38.885411,-77.002313,Ward 6,2021-01-06
2020-12-28,38.943767,-77.020880,Ward 4,2021-01-11
2020-12-28,38.892175,-76.986591,Ward 6,2021-01-26
2020-12-28,38.929398,-77.031713,Ward 1,2021-01-25
2020-12-28,38.959211,-77.012721,Ward 4,2021-01-11
2020-12-28,38.928607,-77.041849,Ward 1,2021-01-25
2020-12-28,38.891847,-76.996646,Ward 6,2021-01-26
2020-12-28,38.899066,-76.920617,Ward 7,2021-01-05
2020-12-28,38.929874,-77.021003,Ward 1,2021-01-25
2020-12-28,38.899935,-76.933572,Ward 7,2021-01-21
2020-12-28,38.865519,-76.949329,Ward 7,2021-01-05
2020-12-28,38.888366,-76.987554,Ward 6,2021-01-25
2020-12-28,38.925670,-77.026144,Ward 1,2021-01-25
2020-12-28,38.930248,-77.019597,Ward 1,2021-01-27
2020-12-28,38.911320,-77.018074,Ward 6,2021-01-26
2020-12-28,38.957144,-77.026938,Ward 4,2021-01-25
2020-12-28,38.916117,-77.012420,Ward 5,2021-01-07
2020-12-28,38.910615,-77.026175,Ward 6,2021-01-25
2020-12-28,38.924608,-76.996625,Ward 5,2021-01-26
2020-12-28,38.849664,-76.984840,Ward 8,2021-02-05
2020-12-28,38.904507,-76.978749,Ward 5,2021-01-26
2020-12-28,38.904625,-76.985821,Ward 5,2021-01-06
2020-12-29,38.961020,-77.080091,Ward 3,2021-01-21
2020-12-29,38.909862,-76.985476,Ward 5,2021-01-25
2020-12-29,38.829416,-76.997218,Ward 8,2021-01-12
2020-12-29,38.886186,-76.998268,Ward 6,2021-01-06
2020-12-29,38.891119,-76.982922,Ward 6,2021-01-26
2020-12-29,38.898564,-76.978615,Ward 7,2021-01-19
2020-12-29,38.924926,-76.996986,Ward 5,2021-01-25
2020-12-29,38.961020,-77.080091,Ward 3,2021-01-21
2020-12-29,38.914915,-77.019115,Ward 6,2021-02-05
2020-12-29,38.893278,-76.910253,Ward 7,2021-01-21
2020-12-29,38.923517,-77.029948,Ward 1,2021-01-25
2020-12-29,38.923833,-77.023977,Ward 1,2021-01-26
2020-12-29,38.902140,-76.921231,Ward 7,2021-01-05
2020-12-29,38.925740,-77.026002,Ward 1,2021-01-11
2020-12-29,38.924972,-77.026214,Ward 1,2021-01-11
2020-12-29,38.923766,-77.029711,Ward 1,2021-02-11
2020-12-29,38.909898,-76.933989,Ward 7,2021-01-21
2020-12-29,38.957706,-77.002301,Ward 4,2021-01-07
2020-12-29,38.957346,-77.019270,Ward 4,2021-01-07
2020-12-29,38.892283,-76.983429,Ward 6,2021-01-05
2020-12-29,38.893300,-76.978127,Ward 6,2021-01-08
2020-12-29,38.851013,-76.963542,Ward 8,2021-01-12
2020-12-29,38.849977,-76.964803,Ward 8,2020-12-30
2020-12-29,38.939519,-77.026092,Ward 4,2021-01-25
2020-12-29,38.870745,-76.979010,Ward 8,2021-01-19
2020-12-29,38.956583,-77.029974,Ward 4,2021-01-25
2020-12-29,38.905172,-76.927180,Ward 7,2021-01-21
2020-12-29,38.885662,-76.921269,Ward 7,2021-01-27
2020-12-29,38.928183,-77.019556,Ward 1,2021-01-25
2020-12-29,38.834388,-76.997173,Ward 8,2021-01-12
2020-12-29,38.915385,-77.007596,Ward 5,2021-01-26
2020-12-29,38.912289,-77.019158,Ward 6,2021-01-11
2020-12-29,38.899898,-76.938969,Ward 7,2021-01-21
2020-12-29,38.830314,-77.003364,Ward 8,2021-01-12
2020-12-29,38.928204,-77.025869,Ward 1,2021-01-26
2020-12-29,38.899969,-76.988695,Ward 6,2021-01-26
2020-12-29,38.879579,-77.000790,Ward 6,2021-01-26
2020-12-29,38.880992,-77.001179,Ward 6,2021-01-06
2020-12-29,38.849881,-76.974697,Ward 8,2021-01-12
2020-12-29,38.894617,-76.985713,Ward 6,2021-01-05
2020-12-29,38.954737,-77.017486,Ward 4,2021-01-07
2020-12-29,38.843752,-76.999515,Ward 8,2021-01-12
2020-12-29,38.955771,-77.007235,Ward 4,2021-01-25
2020-12-29,38.871732,-76.981022,Ward 8,2021-01-12
2020-12-29,38.929273,-77.021678,Ward 1,2021-01-25
2020-12-29,38.866269,-76.979272,Ward 8,2021-01-12
2020-12-29,38.944072,-77.023450,Ward 4,2021-03-12
2020-12-30,38.903742,-76.986527,Ward 5,2021-01-26
2020-12-30,38.926483,-77.041083,Ward 1,2021-01-26
2020-12-30,38.891139,-76.981968,Ward 6,2021-03-23
2020-12-30,38.889172,-76.981991,Ward 6,2021-01-26
2020-12-30,38.913044,-77.008084,Ward 5,2021-01-26
2020-12-30,38.910933,-77.018359,Ward 6,2021-01-26
2020-12-30,38.854914,-76.967067,Ward 8,2021-01-12
2020-12-30,38.926224,-77.025578,Ward 1,2021-01-11
2020-12-30,38.949573,-77.013343,Ward 4,2021-01-26
2020-12-30,38.850670,-76.982079,Ward 8,2021-01-12
2020-12-30,38.912822,-77.006198,Ward 5,2021-01-26
2020-12-30,38.912369,-77.006140,Ward 5,2021-01-26
2020-12-30,38.940907,-76.973128,Ward 5,2021-01-07
2020-12-30,38.956266,-77.018775,Ward 4,2021-01-25
2020-12-30,38.951560,-77.022748,Ward 4,2021-01-25
2020-12-30,38.897443,-76.980602,Ward 6,2021-01-26
2020-12-30,38.893905,-76.952317,Ward 7,2021-01-22
2020-12-30,38.871853,-76.978421,Ward 8,2021-01-12
2020-12-30,38.852784,-76.965959,Ward 8,2021-01-12
2020-12-30,38.955894,-77.022054,Ward 4,2021-01-25
2020-12-30,38.956195,-77.021766,Ward 4,2021-01-25
2020-12-30,38.901127,-77.006849,Ward 6,2021-01-26
2020-12-30,38.902023,-77.008441,Ward 6,2021-01-26
2020-12-30,38.903378,-76.998698,Ward 6,2021-01-26
2020-12-30,38.906333,-76.980668,Ward 5,2021-01-25
2020-12-30,38.902232,-77.001571,Ward 6,2021-01-11
2020-12-30,38.907555,-77.006179,Ward 6,2021-01-26
2020-12-30,38.823284,-76.999363,Ward 8,2021-01-12
2020-12-30,38.905008,-76.937716,Ward 7,2021-01-19
2020-12-30,38.822885,-76.999584,Ward 8,2021-01-12
2020-12-30,38.855441,-76.995106,Ward 8,2021-01-22
2020-12-30,38.926224,-77.025578,Ward 1,2021-01-11
2020-12-30,38.955271,-77.082564,Ward 3,2021-01-07
2020-12-30,38.925740,-77.026002,Ward 1,2021-01-11
2020-12-30,38.896506,-76.979522,Ward 6,2021-01-26
2020-12-30,38.835687,-77.007744,Ward 8,2021-01-19
2020-12-30,38.896320,-76.998932,Ward 6,2021-01-11
2020-12-30,38.926268,-77.025584,Ward 1,2021-01-26
2020-12-30,38.843232,-77.003240,Ward 8,2021-01-12
2020-12-30,38.924189,-77.029403,Ward 1,2021-01-11
2020-12-30,38.915113,-77.018747,Ward 1,2021-01-11
2020-12-30,38.902390,-76.975654,Ward 5,2021-01-26
2020-12-30,38.898943,-76.975337,Ward 5,2021-01-26
2020-12-30,38.877498,-76.938126,Ward 7,2021-01-07
2020-12-30,38.873230,-76.971948,Ward 7,2021-01-21
2020-12-30,38.932613,-76.970603,Ward 5,2021-01-19
2020-12-30,38.926224,-77.025578,Ward 1,2021-01-11
2020-12-30,38.850077,-76.967427,Ward 8,2021-01-12
2020-12-30,38.852784,-76.965959,Ward 8,2021-01-12
2020-12-30,38.886351,-76.983881,Ward 6,2021-01-06
2020-12-30,38.832700,-76.987958,Ward 8,2021-01-12
2020-12-30,38.834619,-76.987470,Ward 8,2021-01-22
2020-12-31,38.922932,-77.033824,Ward 1,2021-01-26
2020-12-31,38.893514,-76.910507,Ward 7,2021-01-21
2020-12-31,38.925686,-77.025994,Ward 1,2021-01-26
2020-12-31,38.891827,-76.986183,Ward 6,2021-01-05
2020-12-31,38.889172,-76.981991,Ward 6,2021-01-26
2020-12-31,38.889172,-76.981991,Ward 6,2021-01-26
2020-12-31,38.908926,-77.087334,Ward 3,2021-01-05
2020-12-31,38.955245,-76.989953,Ward 5,2021-01-05
2020-12-31,38.955744,-76.990027,Ward 5,2021-01-11
2020-12-31,38.923354,-76.991313,Ward 5,2021-01-08
2020-12-31,38.932309,-76.971170,Ward 5,2021-01-26
2020-12-31,38.892482,-76.949064,Ward 7,2021-01-30
2020-12-31,38.916745,-77.018821,Ward 1,2021-01-11
2020-12-31,38.940200,-77.016013,Ward 4,2021-01-11
2020-12-31,38.907376,-77.003270,Ward 6,2021-01-11
2020-12-31,38.904906,-76.998745,Ward 6,2021-01-26
2020-12-31,38.897052,-76.978105,Ward 7,2021-01-27
2020-12-31,38.903907,-76.995473,Ward 6,2021-01-26
2020-12-31,38.898279,-76.981755,Ward 6,2021-01-26
2020-12-31,38.916890,-76.979176,Ward 5,2021-01-05
2020-12-31,38.902883,-76.990884,Ward 6,2021-01-26
2020-12-31,38.941032,-77.017509,Ward 4,2021-01-22
2020-12-31,38.894957,-76.993162,Ward 6,2021-03-23
2020-12-31,38.928869,-77.032427,Ward 1,2021-01-11
2020-12-31,38.853688,-76.973434,Ward 8,2021-01-14
2020-12-31,38.905483,-77.020107,Ward 6,2021-01-26
2020-12-31,38.895931,-76.980990,Ward 6,2021-01-26
2020-12-31,38.904527,-76.932517,Ward 7,2021-01-21
2020-12-31,38.942048,-77.025275,Ward 4,2021-01-11
2020-12-31,38.955409,-77.029429,Ward 4,2021-01-25
2020-12-31,38.900873,-76.976223,Ward 5,2021-01-19
2020-12-31,38.917382,-77.018334,Ward 1,2021-01-11
2020-12-31,38.909868,-77.021195,Ward 2,2021-02-08
2020-12-31,38.906375,-76.980638,Ward 5,2021-01-26
2020-12-31,38.887897,-77.000358,Ward 6,2021-01-26
2020-12-31,38.910441,-77.023198,Ward 6,2021-01-26
2020-12-31,38.910421,-77.026207,Ward 6,2021-01-11
