2022-01-01,38.927904,-77.027057,Ward 1,2022-01-26
2022-01-01,38.937776,-77.027385,Ward 4,2022-02-15
2022-01-01,38.928823,-77.026232,Ward 1,2022-01-31
2022-01-01,38.832815,-77.003503,Ward 8,2022-01-20
2022-01-01,38.931090,-77.039095,Ward 1,2022-01-26
2022-01-01,38.914189,-77.014442,Ward 5,2022-01-30
2022-01-01,38.964519,-77.001339,Ward 4,2022-02-17
2022-01-01,38.925001,-77.040532,Ward 1,2022-01-26
2022-01-01,38.880709,-76.983847,Ward 6,2022-02-09
2022-01-01,38.894345,-76.921884,Ward 7,2022-01-19
2022-01-02,38.942293,-77.025622,Ward 4,2022-02-14
2022-01-02,38.894625,-76.978793,Ward 6,2022-01-02
2022-01-02,38.899112,-76.933445,Ward 7,2022-01-19
2022-01-02,38.854525,-76.982559,Ward 8,2022-01-11
2022-01-02,38.907749,-77.025771,Ward 2,2022-01-21
2022-01-02,38.897389,-76.916178,Ward 7,2022-01-19
2022-01-02,38.898098,-76.917591,Ward 7,2022-01-19
2022-01-02,38.901928,-76.942609,Ward 7,2022-01-12
2022-01-02,38.911155,-76.933099,Ward 7,2022-03-02
2022-01-02,38.929245,-77.019735,Ward 1,2022-01-11
2022-01-02,38.902257,-76.996346,Ward 6,2022-02-14
2022-01-02,38.900131,-76.983442,Null,2022-02-16
2022-01-02,38.861901,-76.990457,Ward 8,2022-01-20
2022-01-02,38.894040,-76.978763,Ward 6,2022-02-11
2022-01-02,38.893589,-76.978293,Ward 6,2022-02-10
2022-01-02,38.918308,-77.006688,Ward 5,2022-01-30
2022-01-02,38.919325,-77.049057,Null,2022-02-18
2022-01-02,38.964215,-77.001083,Ward 4,2022-02-22
2022-01-02,38.964519,-77.001339,Ward 4,2022-02-17
2022-01-02,38.907936,-77.011641,Ward 5,2022-01-31
2022-01-02,38.944152,-77.015737,Ward 4,2022-02-15
2022-01-02,38.932987,-77.039734,Ward 1,2022-02-18
2022-01-02,38.924259,-77.030065,Ward 1,2022-01-11
2022-01-02,38.924525,-77.029997,Ward 1,2022-01-11
2022-01-03,38.899333,-76.975395,Ward 5,2022-02-08
2022-01-03,38.919244,-77.002031,Ward 5,2022-02-07
2022-01-03,38.956341,-77.016552,Ward 4,2022-02-14
2022-01-03,38.928306,-77.027149,Ward 1,2022-01-11
2022-01-03,38.975043,-77.022795,Ward 4,2022-02-10
2022-01-03,38.899150,-76.998240,Ward 6,2022-02-17
2022-01-03,38.943341,-77.003460,Ward 5,2022-02-10
2022-01-03,38.928248,-77.026848,Ward 1,2022-01-11
2022-01-03,38.910882,-76.933529,Ward 7,2022-02-03
2022-01-03,38.936042,-77.025181,Ward 4,2022-02-16
2022-01-03,38.910516,-77.013085,Ward 5,2022-01-19
2022-01-03,38.868650,-76.986597,Ward 8,2022-01-20
2022-01-03,38.944603,-77.070954,Ward 3,2022-01-13
2022-01-03,38.951034,-77.082036,Ward 3,2022-02-03
2022-01-03,38.903874,-76.981768,Ward 5,2022-02-11
2022-01-03,38.901116,-76.995274,Ward 6,2022-02-17
2022-01-03,38.926145,-77.050959,Ward 3,2022-01-21
2022-01-03,38.905684,-77.031952,Ward 2,2022-02-05
2022-01-03,38.861511,-76.990663,Ward 8,2022-01-20
2022-01-03,38.936781,-77.028148,Ward 4,2022-02-16
2022-01-04,38.913693,-77.015250,Ward 5,2022-02-10
2022-01-04,38.904837,-76.938094,Ward 7,2022-01-19
2022-01-04,38.888018,-76.922674,Ward 7,2022-02-01
2022-01-04,38.926327,-76.997720,Ward 5,2022-02-08
2022-01-04,38.904814,-76.997005,Ward 6,2022-02-14
2022-01-04,38.844236,-77.000152,Ward 8,2022-01-20
2022-01-04,38.878850,-76.934971,Ward 7,2022-01-20
2022-01-04,38.890225,-76.914521,Ward 7,2022-03-08
2022-01-04,38.931014,-77.023300,Ward 1,2022-01-11
2022-01-04,38.909454,-77.014967,Ward 5,2022-02-08
2022-01-05,38.920626,-77.003257,Ward 5,2022-02-04
2022-01-05,38.920021,-77.003205,Ward 5,2022-02-04
2022-01-05,38.870958,-76.976642,Ward 8,2022-01-20
2022-01-05,38.943307,-77.003408,Ward 5,2022-02-10
2022-01-05,38.929245,-77.019735,Ward 1,2022-01-11
2022-01-05,38.826339,-77.007147,Ward 8,2022-01-20
2022-01-05,38.911685,-77.044252,Ward 2,2022-01-21
2022-01-05,38.925740,-77.026002,Ward 1,2022-01-11
2022-01-05,38.889841,-76.964695,Ward 7,2022-02-17
2022-01-05,38.951676,-77.028696,Ward 4,2022-02-17
2022-01-05,38.899086,-76.977523,Null,2022-02-16
2022-01-05,38.905425,-76.975986,Ward 5,2022-02-08
2022-01-05,38.883036,-77.003243,Ward 6,2022-02-11
2022-01-05,38.861559,-76.982553,Ward 8,2022-01-20
2022-01-05,38.924508,-77.029932,Ward 1,2022-01-19
2022-01-06,38.920851,-77.073338,Ward 3,2022-01-10
2022-01-06,38.928789,-77.024705,Ward 1,2022-01-19
2022-01-06,38.888051,-76.918499,Ward 7,2022-01-20
2022-01-06,38.883235,-77.003519,Ward 6,2022-02-07
2022-01-06,38.963452,-77.032426,Ward 4,2022-02-14
2022-01-06,38.929709,-77.018518,Ward 1,2022-01-31
2022-01-06,38.911388,-77.009477,Ward 5,2022-02-16
2022-01-06,38.925740,-77.026002,Ward 1,2022-01-11
2022-01-06,38.962319,-77.028971,Ward 4,2022-01-26
2022-01-06,38.912450,-76.987126,Ward 5,2022-02-07
2022-01-06,38.908981,-76.985478,Ward 5,2022-02-17
2022-01-06,38.962385,-77.028287,Ward 4,2022-02-17
2022-01-06,38.939995,-77.022390,Ward 4,2022-02-17
2022-01-06,38.934250,-77.030019,Ward 1,2022-01-31
2022-01-06,38.912791,-77.031099,Ward 2,2022-01-21
2022-01-06,38.930786,-77.024386,Ward 1,2022-01-11
2022-01-06,38.926495,-77.035616,Ward 1,2022-02-04
2022-01-06,38.882452,-77.005151,Ward 6,2022-02-07
2022-01-06,38.896111,-76.972752,Ward 7,2022-02-03
2022-01-07,38.893821,-76.978351,Ward 6,2022-02-11
2022-01-07,38.901211,-76.985939,Ward 5,2022-02-22
2022-01-07,38.928612,-77.073162,Ward 3,2022-01-21
2022-01-07,38.910548,-77.009719,Ward 5,2022-01-31
2022-01-07,38.910621,-77.049582,Ward 2,2022-01-21
2022-01-07,38.928422,-77.030519,Ward 1,2022-01-31
2022-01-07,38.900205,-77.000571,Ward 6,2022-02-14
2022-01-07,38.939752,-77.019342,Ward 4,2022-02-15
2022-01-07,38.876606,-76.966801,Ward 7,2022-01-20
2022-01-07,38.892562,-76.994736,Ward 6,2022-02-07
2022-01-07,38.929245,-77.019735,Ward 1,2022-01-11
2022-01-07,38.961474,-77.043249,Ward 4,2022-02-16
2022-01-07,38.918915,-77.002266,Ward 5,2022-02-04
2022-01-07,38.918915,-77.002266,Ward 5,2022-02-04
2022-01-07,38.945063,-77.033620,Ward 4,2022-02-16
2022-01-07,38.949488,-77.015522,Ward 4,2022-02-17
2022-01-07,38.902995,-76.935566,Ward 7,2022-01-19
2022-01-07,38.923487,-77.044695,Ward 1,2022-01-31
2022-01-07,38.915570,-77.021395,Ward 1,2022-01-11
2022-01-07,38.912918,-77.014444,Ward 5,2022-01-30
2022-01-07,38.930362,-77.018568,Ward 1,2022-01-19
2022-01-07,38.899088,-76.988565,Ward 6,2022-02-14
2022-01-08,38.931906,-77.023912,Ward 1,2022-01-19
2022-01-08,38.918915,-77.002266,Ward 5,2022-02-04
2022-01-08,38.913472,-77.012428,Ward 5,2022-01-24
2022-01-08,38.913862,-77.015071,Ward 5,2022-01-30
2022-01-08,38.957069,-77.031948,Ward 4,2022-02-17
2022-01-08,38.886201,-76.997344,Ward 6,2022-02-07
2022-01-08,38.918853,-77.040110,Ward 1,2022-01-14
2022-01-08,38.941639,-77.030299,Ward 4,2022-02-16
2022-01-08,38.900448,-76.994399,Ward 6,2022-02-14
2022-01-08,38.904241,-76.983390,Ward 5,2022-02-07
2022-01-08,38.878557,-76.989398,Ward 6,2022-02-07
2022-01-08,38.901526,-76.994131,Ward 6,2022-02-14
2022-01-08,38.904241,-76.983390,Ward 5,2022-02-07
2022-01-08,38.904241,-76.983390,Ward 5,2022-02-07
2022-01-09,38.961259,-77.028010,Ward 4,2022-02-14
2022-01-09,38.895929,-76.989020,Ward 6,2022-02-14
2022-01-09,38.903557,-77.039588,Ward 2,2022-01-11
2022-01-09,38.937321,-77.033002,Ward 4,2022-02-17
2022-01-09,38.919244,-77.002031,Ward 5,2022-02-04
2022-01-09,38.940606,-77.033044,Ward 4,2022-02-14
2022-01-09,38.884220,-76.960820,Ward 7,2022-02-10
2022-01-09,38.937748,-77.033363,Ward 4,2022-02-17
2022-01-09,38.944434,-77.018601,Ward 4,2022-02-16
2022-01-09,38.948529,-77.080550,Ward 3,2022-01-10
2022-01-09,38.927901,-77.027956,Ward 1,2022-01-19
2022-01-09,38.854414,-76.983024,Ward 8,2022-01-20
2022-01-09,38.907936,-77.011641,Ward 5,2022-01-31
2022-01-09,38.878596,-76.983175,Ward 6,2022-02-11
2022-01-09,38.931569,-77.028421,Ward 1,2022-01-19
2022-01-09,38.904827,-76.995949,Ward 6,2022-02-17
2022-01-09,38.974507,-77.021647,Ward 4,2022-02-11
2022-01-09,38.831284,-76.992650,Ward 8,2022-01-20
2022-01-09,38.827938,-77.008258,Ward 8,2022-01-20
2022-01-09,38.836756,-76.998931,Ward 8,2022-01-20
2022-01-09,38.871853,-76.976747,Ward 8,2022-01-20
2022-01-10,38.871850,-76.976813,Ward 8,2022-01-20
2022-01-10,38.920580,-77.027878,Ward 1,2022-01-19
2022-01-10,38.896971,-76.985250,Ward 6,2022-02-11
2022-01-10,38.955301,-77.033171,Ward 4,2022-02-11
2022-01-10,38.916125,-77.040836,Ward 2,2022-01-21
2022-01-10,38.886091,-76.980338,Ward 7,2022-02-07
2022-01-10,38.902857,-76.950226,Ward 7,2022-02-03
2022-01-10,38.965286,-77.028758,Ward 4,2022-02-10
2022-01-10,38.944506,-77.015706,Ward 4,2022-02-16
2022-01-10,38.841524,-77.001805,Ward 8,2022-01-20
2022-01-10,38.912450,-76.987126,Ward 5,2022-02-07
2022-01-10,38.900365,-76.930150,Ward 7,2022-02-03
2022-01-10,38.934341,-77.029988,Ward 1,2022-01-19
2022-01-10,38.920442,-77.012710,Ward 5,2022-02-10
2022-01-10,38.884220,-76.961115,Ward 7,2022-02-15
2022-01-10,38.916090,-77.015058,Ward 1,2022-01-19
2022-01-10,38.898143,-76.978813,Ward 6,2022-02-11
2022-01-10,38.836756,-76.998931,Ward 8,2022-01-20
2022-01-10,38.926327,-76.997720,Ward 5,2022-02-07
2022-01-10,38.897382,-76.917446,Ward 7,2022-01-19
2022-01-10,38.925740,-77.026002,Ward 1,2022-01-11
2022-01-10,38.892082,-76.945392,Ward 7,2022-01-19
2022-01-10,38.879700,-76.933832,Ward 7,2022-01-20
2022-01-10,38.911894,-77.019165,Ward 6,2022-02-15
2022-01-10,38.932636,-77.036856,Ward 1,2022-01-14
2022-01-10,38.972094,-77.036006,Ward 4,2022-02-10
2022-01-10,38.929831,-77.039131,Ward 1,2022-01-19
2022-01-10,38.925431,-77.027364,Ward 1,2022-01-12
2022-01-10,38.899150,-76.998240,Ward 6,2022-02-14
2022-01-10,38.938484,-77.030005,Ward 4,2022-02-16
2022-01-10,38.901555,-76.984170,Ward 5,2022-02-08
2022-01-10,38.929273,-77.021678,Ward 1,2022-01-19
2022-01-10,38.927757,-77.025332,Ward 1,2022-01-12
2022-01-10,38.948529,-77.080550,Ward 3,2022-01-21
2022-01-10,38.981626,-77.037477,Ward 4,2022-02-09
2022-01-10,38.912421,-77.019701,Ward 6,2022-02-15
2022-01-10,38.912932,-77.023526,Ward 2,2022-02-15
2022-01-10,38.865950,-76.947078,Ward 7,2022-02-16
2022-01-10,38.878221,-76.987872,Ward 6,2022-02-14
2022-01-10,38.912780,-77.014124,Ward 5,2022-02-10
2022-01-10,38.910976,-77.027848,Ward 2,2022-01-21
2022-01-10,38.911325,-77.027326,Ward 2,2022-01-12
2022-01-10,38.837682,-76.998760,Ward 8,2022-01-20
2022-01-11,38.976889,-77.019201,Ward 4,2022-02-16
2022-01-11,38.905408,-77.001105,Ward 6,2022-02-16
2022-01-11,38.931267,-77.019012,Ward 1,2022-01-19
2022-01-11,38.917920,-77.001163,Ward 5,2022-02-03
2022-01-11,38.922529,-76.974462,Ward 5,2022-02-14
2022-01-11,38.904097,-76.981523,Ward 5,2022-02-09
2022-01-11,38.903874,-76.981768,Ward 5,2022-02-23
2022-01-11,38.897170,-76.926088,Ward 7,2022-01-19
2022-01-11,38.909982,-76.998156,Ward 5,2022-02-14
2022-01-11,38.905871,-77.017337,Ward 6,2022-02-15
2022-01-11,38.924902,-77.008703,Ward 5,2022-02-14
2022-01-11,38.821300,-77.006571,Ward 8,2022-01-11
2022-01-11,38.877721,-76.987596,Ward 6,2022-02-11
2022-01-11,38.905269,-77.048812,Ward 2,2022-01-13
2022-01-11,38.902380,-76.984222,Ward 5,2022-02-18
2022-01-11,38.924895,-77.026772,Ward 1,2022-01-12
2022-01-11,38.927446,-77.028392,Ward 1,2022-01-19
2022-01-11,38.955916,-77.035922,Ward 4,2022-02-11
2022-01-11,38.891649,-76.946102,Ward 7,2022-01-19
2022-01-11,38.905975,-76.985593,Ward 5,2022-02-23
2022-01-11,38.891039,-76.946748,Ward 7,2022-01-19
2022-01-11,38.891413,-76.946992,Ward 7,2022-01-19
2022-01-11,38.910535,-77.007988,Ward 5,2022-02-10
2022-01-11,38.930732,-77.019738,Ward 1,2022-01-12
2022-01-11,38.903312,-76.929182,Ward 7,2022-01-19
2022-01-11,38.910521,-76.986688,Ward 5,2022-02-07
2022-01-11,38.897397,-76.970181,Ward 7,2022-02-03
2022-01-11,38.891328,-76.927742,Ward 7,2022-01-19
2022-01-11,38.930584,-77.030029,Ward 1,2022-01-19
2022-01-11,38.901211,-76.985939,Ward 5,2022-02-22
2022-01-11,38.928611,-77.033025,Ward 1,2022-01-14
2022-01-11,38.826820,-77.012360,Ward 8,2022-01-20
2022-01-11,38.978197,-77.027676,Ward 4,2022-02-10
2022-01-11,38.824520,-77.007791,Ward 8,2022-01-27
2022-01-11,38.958135,-77.026977,Ward 4,2022-02-10
2022-01-11,38.824960,-77.008269,Ward 8,2022-01-20
2022-01-11,38.825023,-77.010695,Ward 8,2022-01-20
2022-01-11,38.906442,-76.985132,Ward 5,2022-02-08
2022-01-11,38.827611,-77.010579,Ward 8,2022-01-20
2022-01-11,38.853808,-76.966272,Ward 8,2022-01-20
2022-01-11,38.926154,-77.033650,Ward 1,2022-02-04
2022-01-11,38.938318,-77.016877,Null,2022-02-16
2022-01-11,38.893989,-76.920638,Ward 7,2022-01-19
2022-01-11,38.901508,-76.994450,Ward 6,2022-02-22
2022-01-11,38.907438,-77.040274,Ward 2,2022-01-21
2022-01-11,38.928606,-77.040979,Ward 1,2022-01-25
2022-01-11,38.934199,-77.025560,Ward 1,2022-02-05
2022-01-11,38.887267,-76.920952,Ward 7,2022-01-13
2022-01-11,38.946878,-77.030661,Ward 4,2022-02-16
2022-01-11,38.928390,-77.030619,Ward 1,2022-01-31
2022-01-11,38.925663,-77.026212,Ward 1,2022-01-19
2022-01-11,38.904081,-76.989919,Ward 5,2022-02-09
2022-01-11,38.903639,-76.989559,Ward 5,2022-02-09
2022-01-11,38.854469,-76.966496,Ward 8,2022-01-14
2022-01-11,38.853227,-76.968847,Ward 8,2022-01-20
2022-01-12,38.933173,-77.022347,Ward 1,2022-01-19
2022-01-12,38.924614,-77.035595,Ward 1,2022-01-19
2022-01-12,38.928499,-77.027674,Ward 1,2022-01-19
2022-01-12,38.903035,-76.994272,Ward 6,2022-02-14
2022-01-12,38.864351,-76.968980,Ward 7,2022-03-03
2022-01-12,38.876790,-76.967236,Ward 7,2022-01-13
2022-01-12,38.900996,-76.927929,Ward 7,2022-02-03
2022-01-12,38.930329,-77.040315,Ward 1,2022-01-31
2022-01-12,38.925431,-77.027364,Ward 1,2022-01-26
2022-01-12,38.930266,-77.017428,Ward 5,2022-02-10
2022-01-12,38.929427,-77.030957,Ward 1,2022-01-14
2022-01-12,38.912313,-77.020130,Ward 6,2022-02-15
2022-01-12,38.896948,-76.980818,Ward 6,2022-02-14
2022-01-12,38.906431,-76.980600,Ward 5,2022-02-08
2022-01-12,38.904113,-76.992662,Ward 5,2022-02-22
2022-01-12,38.867305,-76.975215,Ward 8,2022-01-20
2022-01-12,38.856047,-76.967507,Ward 8,2022-01-20
2022-01-12,38.842174,-76.995426,Ward 8,2022-01-20
2022-01-12,38.933570,-76.986215,Ward 5,2022-02-14
2022-01-12,38.919764,-77.034556,Ward 1,2022-02-05
2022-01-12,38.878221,-76.987872,Ward 6,2022-02-14
2022-01-12,38.910914,-77.013181,Ward 5,2022-02-10
2022-01-12,38.910877,-77.037253,Ward 2,2022-02-04
2022-01-12,38.878850,-76.934971,Ward 7,2022-01-20
2022-01-12,38.879475,-76.933840,Ward 7,2022-01-24
2022-01-12,38.933674,-77.033224,Ward 1,2022-01-31
2022-01-12,38.962872,-76.999683,Ward 4,2022-02-14
2022-01-12,38.944539,-77.027580,Ward 4,2022-02-16
2022-01-12,38.906460,-77.014414,Ward 6,2022-02-08
2022-01-12,38.913913,-77.041839,Ward 2,2022-01-21
2022-01-12,38.932232,-77.043480,Ward 1,2022-02-11
2022-01-12,38.874553,-76.971871,Ward 7,2022-01-19
2022-01-12,38.876217,-76.959649,Ward 7,2022-01-19
2022-01-12,38.921450,-77.079053,Ward 3,2022-01-21
2022-01-12,38.934470,-77.020674,Ward 1,2022-02-09
2022-01-12,38.881162,-77.008669,Ward 6,2022-02-04
2022-01-12,38.904906,-76.998745,Ward 6,2022-02-17
2022-01-13,38.927727,-77.033995,Ward 1,2022-02-23
2022-01-13,38.915765,-77.020175,Ward 1,2022-01-19
2022-01-13,38.906203,-77.013820,Ward 6,2022-02-08
2022-01-13,38.926815,-77.035649,Ward 1,2022-02-17
2022-01-13,38.913236,-77.029874,Ward 2,2022-01-21
2022-01-13,38.931495,-77.034086,Ward 1,2022-02-17
2022-01-13,38.894568,-76.982067,Ward 6,2022-02-10
2022-01-13,38.965062,-77.035378,Ward 4,2022-02-10
2022-01-13,38.923641,-76.972420,Ward 5,2022-01-30
2022-01-13,38.862966,-76.972001,Ward 8,2022-01-20
2022-01-13,38.931060,-77.041036,Ward 1,2022-02-18
2022-01-13,38.912219,-77.020128,Ward 6,2022-02-15
2022-01-13,38.871138,-76.966958,Ward 7,2022-02-15
2022-01-13,38.975043,-77.022795,Ward 4,2022-02-10
2022-01-13,38.896896,-76.916616,Ward 7,2022-02-04
2022-01-13,38.866627,-76.987005,Ward 8,2022-01-20
2022-01-13,38.926624,-77.007106,Ward 5,2022-02-08
2022-01-13,38.863640,-76.979246,Ward 8,2022-01-20
2022-01-13,38.854256,-76.971971,Ward 8,2022-01-20
2022-01-13,38.865792,-76.977291,Ward 8,2022-01-20
2022-01-13,38.928103,-77.021542,Ward 1,2022-01-19
2022-01-13,38.933964,-77.024834,Ward 1,2022-02-05
2022-01-13,38.910214,-77.010578,Ward 5,2022-02-10
2022-01-13,38.886885,-76.921908,Ward 7,2022-02-17
2022-01-13,38.896285,-76.921594,Ward 7,2022-02-07
2022-01-13,38.826996,-76.998268,Ward 8,2022-01-20
2022-01-13,38.915026,-77.023721,Ward 1,2022-02-05
2022-01-13,38.895291,-76.980986,Ward 6,2022-02-14
2022-01-13,38.919371,-77.009294,Ward 5,2022-02-08
2022-01-13,38.940606,-77.033044,Ward 4,2022-02-14
2022-01-13,38.938471,-77.017184,Ward 4,2022-02-15
2022-01-13,38.954392,-77.009361,Ward 4,2022-02-17
2022-01-13,38.929267,-77.043331,Ward 1,2022-02-05
2022-01-13,38.880724,-77.008527,Ward 6,2022-02-06
2022-01-13,38.957210,-77.022106,Ward 4,2022-02-15
2022-01-13,38.933668,-77.033098,Ward 1,2022-02-28
2022-01-13,38.903213,-76.991735,Ward 6,2022-02-11
2022-01-13,38.904168,-76.990318,Ward 5,2022-02-09
2022-01-13,38.909977,-77.046438,Ward 2,2022-01-21
2022-01-13,38.896862,-76.987757,Ward 6,2022-02-11
2022-01-13,38.909476,-76.931114,Ward 7,2022-02-06
2022-01-13,38.887327,-76.937317,Ward 7,2022-02-24
2022-01-13,38.942868,-77.002971,Ward 5,2022-01-20
2022-01-13,38.895405,-76.977483,Ward 6,2022-02-11
2022-01-13,38.921948,-77.041463,Ward 1,2022-01-25
2022-01-13,38.909046,-76.985513,Ward 5,2022-02-11
2022-01-13,38.938471,-77.017184,Ward 4,2022-02-15
2022-01-13,38.898677,-77.019580,Ward 2,2022-01-13
2022-01-13,38.899194,-76.998241,Ward 6,2022-02-14
2022-01-13,38.887111,-76.981033,Ward 6,2022-02-07
2022-01-13,38.894967,-76.925416,Ward 7,2022-02-04
2022-01-13,38.892009,-76.983644,Ward 6,2022-02-11
2022-01-13,38.921129,-77.001579,Ward 5,2022-02-04
2022-01-13,38.940412,-77.026675,Ward 4,2022-02-16
2022-01-13,38.870792,-77.007387,Ward 6,2022-02-17
2022-01-13,38.901531,-76.994728,Ward 6,2022-02-14
2022-01-13,38.910175,-77.019161,Ward 6,2022-01-16
2022-01-14,38.956474,-77.031911,Ward 4,2022-02-14
2022-01-14,38.904556,-76.989356,Ward 5,2022-02-16
2022-01-14,38.883501,-76.958453,Ward 7,2022-02-18
2022-01-14,38.899932,-76.927040,Ward 7,2022-02-03
2022-01-14,38.841383,-77.001628,Ward 8,2022-01-20
2022-01-14,38.880436,-76.996410,Ward 6,2022-02-16
2022-01-14,38.915054,-77.047038,Ward 2,2022-01-21
2022-01-14,38.836923,-76.999595,Ward 8,2022-01-20
2022-01-14,38.904146,-76.989483,Ward 5,2022-02-16
2022-01-14,38.900267,-76.972125,Ward 5,2022-02-08
2022-01-14,38.902599,-76.970667,Ward 5,2022-02-25
2022-01-14,38.907408,-77.010699,Ward 5,2022-02-08
2022-01-14,38.892288,-76.985759,Ward 6,2022-02-11
2022-01-14,38.946013,-77.017551,Ward 4,2022-02-10
2022-01-14,38.941335,-77.026332,Ward 4,2022-02-15
2022-01-14,38.898768,-76.993993,Ward 6,2022-01-14
2022-01-14,38.889759,-76.915724,Ward 7,2022-02-06
2022-01-14,38.869298,-76.975734,Ward 8,2022-01-20
2022-01-14,38.903227,-76.999754,Ward 6,2022-02-14
2022-01-14,38.871318,-76.977083,Ward 8,2022-01-20
2022-01-14,38.879510,-76.933256,Ward 7,2022-02-03
2022-01-14,38.885984,-76.923729,Ward 7,2022-02-17
2022-01-14,38.898780,-76.977186,Ward 6,2022-02-14
2022-01-14,38.894226,-76.975458,Ward 7,2022-02-03
2022-01-14,38.897241,-76.981022,Ward 6,2022-02-15
2022-01-14,38.954729,-76.994124,Ward 5,2022-02-07
2022-01-14,38.910976,-77.027848,Ward 2,2022-01-21
2022-01-14,38.910907,-77.010008,Ward 5,2022-02-10
2022-01-14,38.884668,-77.003516,Ward 6,2022-02-07
2022-01-14,38.934086,-77.026230,Ward 1,2022-02-05
2022-01-14,38.904518,-76.996498,Ward 6,2022-02-16
2022-01-14,38.927128,-77.034276,Ward 1,2022-02-17
2022-01-14,38.895814,-76.926563,Ward 7,2022-02-03
2022-01-14,38.891838,-76.982954,Ward 6,2022-02-16
2022-01-14,38.868420,-76.968693,Ward 7,2022-02-06
2022-01-14,38.868420,-76.968693,Ward 7,2022-02-06
2022-01-14,38.878011,-76.940902,Ward 7,2022-02-04
2022-01-14,38.883742,-77.003745,Ward 6,2022-02-07
2022-01-14,38.932748,-77.026820,Ward 1,2022-02-05
2022-01-14,38.903207,-76.990136,Ward 5,2022-02-08
2022-01-14,38.944167,-77.015250,Ward 4,2022-02-10
2022-01-14,38.903693,-76.990128,Ward 5,2022-02-09
2022-01-14,38.902999,-76.989774,Ward 5,2022-02-07
2022-01-14,38.924259,-77.030065,Ward 1,2022-02-14
2022-01-14,38.957580,-77.024736,Ward 4,2022-02-03
2022-01-14,38.957580,-77.024736,Ward 4,2022-02-03
2022-01-14,38.924525,-77.030060,Ward 1,2022-02-05
2022-01-14,38.898793,-76.977133,Ward 6,2022-02-14
2022-01-14,38.875096,-76.966103,Ward 7,2022-01-19
2022-01-14,38.907408,-77.010699,Ward 5,2022-02-08
2022-01-15,38.910976,-77.027848,Ward 2,2022-01-21
2022-01-15,38.894592,-76.981871,Ward 6,2022-02-10
2022-01-15,38.934569,-77.027200,Ward 1,2022-01-19
2022-01-15,38.910976,-77.027848,Ward 2,2022-01-21
2022-01-15,38.956184,-77.012576,Ward 4,2022-02-03
2022-01-15,38.957000,-77.009367,Ward 4,2022-02-03
2022-01-15,38.900700,-76.995947,Ward 6,2022-02-22
2022-01-15,38.925740,-77.026002,Ward 1,2022-02-05
2022-01-15,38.933798,-77.022532,Ward 1,2022-01-19
2022-01-15,38.883235,-77.003519,Ward 6,2022-02-07
2022-01-15,38.832413,-76.992247,Ward 8,2022-01-20
2022-01-15,38.944837,-77.015537,Ward 4,2022-02-10
2022-01-15,38.921326,-76.988020,Ward 5,2022-02-10
2022-01-15,38.928263,-77.023344,Ward 1,2022-01-19
2022-01-15,38.913913,-77.041839,Ward 2,2022-01-21
2022-01-15,38.939099,-77.016287,Ward 4,2022-02-10
2022-01-15,38.948012,-76.992076,Ward 5,2022-02-08
2022-01-15,38.933798,-77.022532,Ward 1,2022-01-19
2022-01-15,38.917938,-77.000129,Ward 5,2022-02-16
2022-01-15,38.905002,-76.985275,Ward 5,2022-02-16
2022-01-15,38.918915,-77.002266,Ward 5,2022-02-04
2022-01-16,38.895918,-76.987130,Ward 6,2022-02-10
2022-01-16,38.827795,-77.007675,Ward 8,2022-01-20
2022-01-16,38.927446,-77.028567,Ward 1,2022-02-15
2022-01-16,38.895094,-76.978828,Ward 6,2022-02-11
2022-01-16,38.940907,-76.973128,Ward 5,2022-02-14
2022-01-16,38.870386,-76.978765,Ward 8,2022-01-20
2022-01-16,38.870386,-76.978765,Ward 8,2022-01-20
2022-01-16,38.938246,-77.017190,Ward 4,2022-02-16
2022-01-16,38.932035,-77.027072,Ward 1,2022-01-19
2022-01-16,38.910976,-77.027848,Ward 2,2022-02-06
2022-01-16,38.908356,-76.938125,Ward 7,2022-03-15
2022-01-16,38.897543,-76.970035,Ward 7,2022-02-03
2022-01-16,38.868947,-76.980238,Ward 8,2022-01-20
2022-01-16,38.868947,-76.980238,Ward 8,2022-01-20
2022-01-16,38.822885,-76.999584,Ward 8,2022-01-20
2022-01-16,38.822831,-76.999278,Ward 8,2022-01-20
2022-01-16,38.913181,-77.013223,Ward 5,2022-02-10
2022-01-16,38.912780,-77.012749,Ward 5,2022-02-10
2022-01-16,38.912781,-77.012961,Ward 5,2022-02-10
2022-01-16,38.912781,-77.012820,Ward 5,2022-02-10
2022-01-16,38.913004,-77.012368,Ward 5,2022-02-08
2022-01-16,38.927591,-77.021406,Ward 1,2022-02-05
2022-01-16,38.944625,-77.015270,Ward 4,2022-02-17
2022-01-16,38.920409,-77.031171,Ward 1,2022-02-18
2022-01-16,38.881162,-77.008669,Ward 6,2022-02-04
2022-01-16,38.874684,-76.971399,Ward 7,2022-02-18
2022-01-16,38.903250,-77.054465,Ward 2,2022-01-19
2022-01-16,38.926695,-76.997529,Ward 5,2022-02-04
2022-01-16,38.892979,-76.941577,Ward 7,2022-02-03
2022-01-16,38.962385,-77.028287,Ward 4,2022-02-03
2022-01-16,38.964990,-77.030058,Ward 4,2022-02-03
2022-01-16,38.914637,-76.975557,Ward 5,2022-02-25
2022-01-16,38.893185,-76.992855,Ward 6,2022-02-11
2022-01-17,38.952451,-77.025083,Ward 4,2022-02-03
2022-01-17,38.938471,-77.017184,Ward 4,2022-02-15
2022-01-17,38.913031,-77.001744,Ward 5,2022-02-04
2022-01-17,38.861168,-76.989304,Ward 8,2022-01-20
2022-01-17,38.895647,-76.980986,Ward 6,2022-02-14
2022-01-17,38.865950,-76.947078,Ward 7,2022-01-24
2022-01-17,38.902380,-76.984222,Ward 5,2022-02-16
2022-01-17,38.910873,-77.037400,Ward 2,2022-02-05
2022-01-17,38.921680,-77.047278,Ward 1,2022-02-08
2022-01-17,38.897717,-76.941861,Ward 7,2022-02-03
2022-01-17,38.880100,-76.932303,Ward 7,2022-01-20
2022-01-17,38.911321,-77.021299,Ward 6,2022-02-15
2022-01-17,38.913472,-77.012428,Ward 5,2022-02-11
2022-01-17,38.916858,-77.012415,Ward 5,2022-02-11
2022-01-17,38.931864,-77.030675,Ward 1,2022-02-14
2022-01-17,38.910976,-77.027848,Ward 2,2022-02-06
2022-01-17,38.891162,-76.996946,Ward 6,2022-02-07
2022-01-17,38.884647,-77.008766,Ward 6,2022-02-04
2022-01-17,38.951061,-77.029425,Ward 4,2022-02-03
2022-01-18,38.919244,-77.002031,Ward 5,2022-02-04
2022-01-18,38.939228,-76.973483,Ward 5,2022-02-16
2022-01-18,38.909456,-77.011519,Ward 5,2022-02-10
2022-01-18,38.930427,-77.026696,Ward 1,2022-01-19
2022-01-18,38.938471,-77.017184,Ward 4,2022-02-15
2022-01-18,38.911126,-77.028082,Ward 2,2022-02-04
2022-01-18,38.951581,-77.072222,Ward 3,2022-01-21
2022-01-18,38.954918,-77.066619,Ward 3,2022-01-21
2022-01-18,38.955596,-77.019255,Ward 4,2022-02-03
2022-01-18,38.892879,-76.992954,Ward 6,2022-02-11
2022-01-18,38.898041,-77.002261,Ward 6,2022-02-16
2022-01-18,38.896738,-77.001137,Ward 6,2022-02-16
2022-01-18,38.873034,-76.977359,Ward 8,2022-01-27
2022-01-18,38.934478,-77.037240,Ward 1,2022-01-19
2022-01-18,38.893736,-76.919094,Ward 7,2022-02-06
2022-01-18,38.875059,-76.965804,Ward 7,2022-01-19
2022-01-18,38.921123,-77.001326,Ward 5,2022-02-08
2022-01-18,38.936378,-76.988913,Ward 5,2022-01-27
2022-01-18,38.873109,-76.973258,Ward 8,2022-01-27
2022-01-18,38.936684,-77.025506,Ward 4,2022-02-17
2022-01-18,38.967124,-77.023128,Ward 4,2022-02-17
2022-01-18,38.899785,-77.045604,Ward 2,2022-01-19
2022-01-18,38.899893,-77.007443,Ward 6,2022-02-16
2022-01-18,38.920755,-77.038710,Ward 1,2022-01-25
2022-01-18,38.845621,-77.000911,Ward 8,2022-01-27
2022-01-18,38.925740,-77.026002,Ward 1,2022-02-05
2022-01-18,38.919714,-76.986910,Ward 5,2022-02-16
2022-01-18,38.923640,-77.034975,Ward 1,2022-01-20
2022-01-18,38.917881,-77.036122,Ward 1,2022-02-23
2022-01-18,38.917881,-77.036122,Ward 1,2022-02-23
2022-01-18,38.910089,-76.933278,Ward 7,2022-02-04
2022-01-18,38.862432,-76.986244,Ward 8,2022-01-27
2022-01-18,38.860473,-76.964128,Ward 7,2022-02-16
2022-01-18,38.869002,-76.984940,Ward 8,2022-01-27
2022-01-18,38.903123,-76.990557,Ward 5,2022-02-22
2022-01-18,38.827191,-76.998700,Ward 8,2022-02-03
2022-01-18,38.827196,-76.998716,Ward 8,2022-02-03
2022-01-18,38.910380,-77.012163,Ward 5,2022-02-10
2022-01-18,38.826958,-76.998266,Ward 8,2022-01-27
2022-01-18,38.921267,-77.030495,Ward 1,2022-02-14
2022-01-18,38.899069,-76.979668,Ward 6,2022-02-24
2022-01-18,38.837738,-76.997179,Ward 8,2022-01-27
2022-01-18,38.832812,-76.991877,Ward 8,2022-01-27
2022-01-18,38.831964,-76.992411,Ward 8,2022-01-27
2022-01-18,38.883977,-77.006472,Ward 6,2022-02-04
2022-01-18,38.896277,-76.978504,Ward 6,2022-02-14
2022-01-18,38.958055,-77.027218,Ward 4,2022-02-10
2022-01-18,38.904793,-77.031677,Ward 2,2022-01-20
2022-01-18,38.962385,-77.028287,Ward 4,2022-02-03
2022-01-18,38.965275,-77.004137,Ward 4,2022-02-17
2022-01-18,38.901003,-76.975974,Ward 5,2022-01-31
2022-01-18,38.904572,-76.989509,Ward 5,2022-02-16
2022-01-18,38.940437,-76.977686,Ward 5,2022-01-31
2022-01-18,38.920594,-76.965369,Ward 5,2022-01-31
2022-01-18,38.921299,-76.976222,Ward 5,2022-01-30
2022-01-18,38.938366,-77.017178,Ward 4,2022-02-10
2022-01-18,38.930838,-77.021159,Ward 1,2022-02-18
2022-01-18,38.933454,-77.029419,Ward 1,2022-02-09
2022-01-18,38.872621,-76.977150,Ward 8,2022-01-27
2022-01-18,38.901758,-76.948637,Ward 7,2022-02-06
2022-01-18,38.872979,-76.972971,Ward 8,2022-01-27
2022-01-18,38.918554,-76.955383,Ward 5,2022-02-16
2022-01-18,38.926945,-77.022694,Ward 1,2022-01-19
2022-01-18,38.919040,-76.949886,Null,2022-03-08
2022-01-18,38.906001,-76.987911,Ward 5,2022-02-16
2022-01-18,38.959826,-77.007746,Ward 4,2022-02-22
2022-01-18,38.929273,-77.021678,Ward 1,2022-02-14
2022-01-19,38.862432,-76.986244,Ward 8,2022-01-27
2022-01-19,38.860042,-76.991044,Ward 8,2022-02-07
2022-01-19,38.939806,-77.015529,Ward 4,2022-02-10
2022-01-19,38.939095,-77.016363,Ward 4,2022-02-10
2022-01-19,38.917170,-77.044270,Ward 1,2022-02-08
2022-01-19,38.886733,-76.924644,Ward 7,2022-02-18
2022-01-19,38.916212,-77.009942,Ward 5,2022-02-11
2022-01-19,38.929706,-77.018633,Ward 1,2022-02-05
2022-01-19,38.885984,-76.923729,Ward 7,2022-02-17
2022-01-19,38.913868,-77.014754,Ward 5,2022-02-16
2022-01-19,38.893013,-76.988110,Ward 6,2022-02-14
2022-01-19,38.936378,-76.988913,Ward 5,2022-02-17
2022-01-19,38.935164,-77.028739,Ward 1,2022-02-05
2022-01-19,38.909444,-77.006921,Ward 5,2022-02-10
2022-01-19,38.940204,-76.996787,Ward 5,2022-02-08
2022-01-19,38.929267,-77.043331,Ward 1,2022-02-04
2022-01-19,38.893170,-76.952982,Ward 7,2022-02-05
2022-01-19,38.869002,-76.984940,Ward 8,2022-01-27
2022-01-19,38.904146,-76.989483,Ward 5,2022-02-16
2022-01-19,38.904572,-76.989509,Ward 5,2022-02-16
2022-01-19,38.926612,-77.034284,Ward 1,2022-02-04
2022-01-19,38.869002,-76.984874,Ward 8,2022-01-27
2022-01-19,38.898768,-76.993993,Ward 6,2022-02-10
2022-01-19,38.902178,-76.987253,Ward 5,2022-02-16
2022-01-19,38.933737,-77.026226,Ward 1,2022-02-04
2022-01-19,38.927579,-77.035458,Ward 1,2022-02-04
2022-01-19,38.902695,-76.984959,Ward 5,2022-02-09
2022-01-19,38.908914,-76.985173,Ward 5,2022-02-23
2022-01-19,38.908320,-76.984838,Ward 5,2022-02-17
2022-01-19,38.912606,-77.022945,Ward 6,2022-02-15
2022-01-19,38.948822,-77.078603,Ward 3,2022-02-23
2022-01-19,38.894940,-76.983902,Ward 6,2022-02-10
2022-01-19,38.958495,-77.023158,Ward 4,2022-02-10
2022-01-19,38.927278,-76.993040,Ward 5,2022-02-07
2022-01-19,38.953194,-77.026557,Ward 4,2022-02-17
2022-01-19,38.931042,-77.034872,Ward 1,2022-02-04
2022-01-19,38.934032,-77.031302,Ward 1,2022-02-18
2022-01-19,38.920875,-77.077635,Ward 3,2022-01-24
2022-01-19,38.900481,-76.974433,Ward 5,2022-02-08
2022-01-19,38.927628,-77.035481,Ward 1,2022-02-04
2022-01-19,38.918573,-76.986481,Ward 5,2022-02-10
2022-01-19,38.900738,-76.975973,Ward 5,2022-02-11
2022-01-19,38.958540,-76.993633,Ward 4,2022-02-22
2022-01-19,38.936393,-77.031023,Ward 1,2022-02-14
2022-01-19,38.893425,-76.951095,Ward 7,2022-02-06
2022-01-19,38.930768,-77.041774,Ward 1,2022-02-04
2022-01-19,38.873030,-76.976935,Ward 8,2022-01-27
2022-01-19,38.903543,-76.977781,Ward 5,2022-02-08
2022-01-19,38.903999,-76.923599,Ward 7,2022-02-15
2022-01-19,38.931234,-77.019216,Ward 1,2022-02-14
2022-01-19,38.936470,-76.989404,Ward 5,2022-02-08
2022-01-19,38.900378,-76.978281,Ward 5,2022-02-08
2022-01-19,38.931771,-77.019219,Ward 1,2022-02-14
2022-01-19,38.882452,-77.005151,Ward 6,2022-02-07
2022-01-19,38.908372,-77.010085,Ward 5,2022-02-08
2022-01-19,38.949877,-77.081500,Ward 3,2022-01-21
2022-01-19,38.925670,-77.026144,Ward 1,2022-02-18
2022-01-19,38.963839,-77.032000,Ward 4,2022-02-22
2022-01-19,38.929714,-77.018585,Ward 1,2022-02-14
2022-01-19,38.934357,-77.042014,Ward 1,2022-02-17
2022-01-19,38.941482,-77.091345,Ward 3,2022-02-03
2022-01-20,38.933660,-77.025284,Ward 1,2022-02-05
2022-01-20,38.899246,-76.993813,Ward 6,2022-02-10
2022-01-20,38.854193,-76.965943,Ward 8,2022-01-25
2022-01-20,38.893245,-76.952909,Ward 7,2022-02-05
2022-01-20,38.904063,-76.990992,Ward 5,2022-02-09
2022-01-20,38.906868,-77.027292,Ward 2,2022-02-04
2022-01-20,38.889872,-76.972943,Ward 7,2022-02-06
2022-01-20,38.903449,-76.935360,Ward 7,2022-02-06
2022-01-20,38.925755,-77.027040,Ward 1,2022-02-08
2022-01-20,38.920443,-77.000844,Ward 5,2022-02-07
2022-01-20,38.916742,-77.022524,Ward 1,2022-02-14
2022-01-20,38.933816,-77.057843,Ward 3,2022-02-03
2022-01-20,38.912096,-77.011678,Ward 5,2022-02-10
2022-01-20,38.922104,-77.031379,Ward 1,2022-02-14
2022-01-20,38.893900,-76.991778,Ward 6,2022-02-11
2022-01-20,38.940373,-77.032471,Ward 4,2022-02-17
2022-01-20,38.897772,-76.995874,Ward 6,2022-02-15
2022-01-20,38.895003,-77.031353,Ward 2,2022-01-27
2022-01-20,38.910665,-77.059137,Ward 2,2022-02-05
2022-01-20,38.903689,-76.982854,Ward 5,2022-02-02
2022-01-20,38.912394,-77.011458,Ward 5,2022-02-08
2022-01-20,38.936793,-77.027959,Ward 4,2022-02-17
2022-01-20,38.936652,-76.989808,Ward 5,2022-02-08
2022-01-20,38.919839,-77.028679,Ward 1,2022-02-14
2022-01-20,38.944330,-77.011540,Null,2022-02-16
2022-01-20,38.909343,-77.032850,Ward 2,2022-01-31
2022-01-20,38.902266,-77.003217,Ward 6,2022-02-14
2022-01-20,38.930356,-77.034605,Ward 1,2022-02-08
2022-01-20,38.876250,-76.959302,Ward 7,2022-02-24
2022-01-20,38.845271,-76.999295,Ward 8,2022-01-27
2022-01-20,38.845966,-76.996133,Ward 8,2022-01-27
2022-01-20,38.861916,-76.989575,Ward 8,2022-02-01
2022-01-20,38.868718,-76.982003,Ward 8,2022-02-01
2022-01-20,38.881258,-76.942732,Ward 7,2022-02-04
2022-01-20,38.884424,-76.959800,Ward 7,2022-02-16
2022-01-20,38.876790,-76.967236,Ward 7,2022-02-04
2022-01-20,38.839990,-77.004838,Ward 8,2022-02-02
2022-01-20,38.920443,-77.000844,Ward 5,2022-02-07
2022-01-20,38.896281,-76.982050,Ward 6,2022-02-14
2022-01-20,38.910520,-77.065340,Ward 2,2022-02-05
2022-01-20,38.933094,-77.095722,Ward 3,2022-01-25
2022-01-20,38.925251,-77.022281,Ward 1,2022-02-10
2022-01-20,38.952080,-77.030458,Ward 4,2022-02-17
2022-01-21,38.915383,-77.021469,Ward 1,2022-02-08
2022-01-21,38.899805,-77.000794,Ward 6,2022-02-14
2022-01-21,38.876369,-76.966720,Ward 7,2022-02-16
2022-01-21,38.878803,-76.965595,Ward 7,2022-02-16
2022-01-21,38.893447,-76.910138,Ward 7,2022-02-06
2022-01-21,38.938471,-77.017184,Ward 4,2022-02-08
2022-01-21,38.895003,-77.031353,Ward 2,2022-01-27
2022-01-21,38.903951,-77.069761,Ward 2,2022-02-05
2022-01-21,38.869292,-76.973417,Ward 8,2022-02-01
2022-01-21,38.867970,-76.968970,Ward 7,2022-02-16
2022-01-21,38.926327,-76.997720,Ward 5,2022-02-06
2022-01-21,38.938680,-77.017821,Ward 4,2022-02-17
2022-01-21,38.975188,-77.024712,Ward 4,2022-02-08
2022-01-21,38.933819,-77.026588,Ward 1,2022-02-11
2022-01-21,38.912769,-77.011682,Ward 5,2022-02-02
2022-01-21,38.935670,-77.031082,Ward 1,2022-02-09
2022-01-21,38.884629,-76.930802,Ward 7,2022-02-18
2022-01-21,38.973398,-77.023240,Ward 4,2022-02-14
2022-01-21,38.963429,-77.075080,Ward 3,2022-01-25
2022-01-21,38.900424,-77.015831,Ward 6,2022-02-22
2022-01-21,38.963269,-77.074969,Ward 3,2022-01-25
2022-01-21,38.901648,-77.053048,Ward 2,2022-02-05
2022-01-21,38.905654,-76.985693,Ward 5,2022-02-22
2022-01-21,38.905663,-76.985531,Ward 5,2022-02-22
2022-01-21,38.845274,-77.000882,Ward 8,2022-02-01
2022-01-21,38.901935,-76.924366,Ward 7,2022-02-06
2022-01-21,38.870925,-76.972506,Ward 8,2022-02-01
2022-01-21,38.884259,-76.931575,Ward 7,2022-02-18
2022-01-21,38.870056,-76.978765,Ward 8,2022-02-01
2022-01-21,38.921598,-77.011893,Ward 5,2022-02-08
2022-01-21,38.935775,-77.035391,Ward 1,2022-02-07
2022-01-21,38.927565,-77.025415,Ward 1,2022-02-14
2022-01-21,38.935026,-77.028272,Ward 1,2022-02-14
2022-01-21,38.824449,-77.007873,Ward 8,2022-02-01
2022-01-21,38.844069,-76.984831,Ward 8,2022-02-01
2022-01-21,38.930859,-77.035093,Ward 1,2022-02-18
2022-01-22,38.900630,-76.996415,Ward 6,2022-02-14
2022-01-22,38.879208,-76.962866,Ward 7,2022-02-24
2022-01-22,38.934748,-77.027819,Ward 1,2022-02-14
2022-01-22,38.925236,-77.043206,Ward 1,2022-02-04
2022-01-22,38.927677,-77.035498,Ward 1,2022-02-28
2022-01-22,38.921595,-77.045807,Ward 1,2022-01-25
2022-01-22,38.913530,-77.002507,Ward 5,2022-02-16
2022-01-22,38.891699,-76.948209,Ward 7,2022-02-16
2022-01-22,38.936526,-77.033237,Ward 1,2022-02-11
2022-01-22,38.853722,-76.983194,Ward 8,2022-02-01
2022-01-22,38.866665,-76.978736,Ward 8,2022-02-01
2022-01-22,38.856296,-76.967658,Ward 8,2022-02-01
2022-01-22,38.902760,-76.994649,Ward 6,2022-02-14
2022-01-22,38.839955,-76.977581,Ward 8,2022-02-01
2022-01-22,38.925150,-77.007444,Ward 5,2022-02-16
2022-01-22,38.880724,-77.008527,Ward 6,2022-02-06
2022-01-22,38.900430,-76.995840,Ward 6,2022-02-14
2022-01-22,38.930067,-77.025413,Ward 1,2022-02-14
2022-01-22,38.872360,-77.008527,Ward 6,2022-02-04
2022-01-22,38.874826,-76.970349,Ward 7,2022-02-16
2022-01-22,38.906431,-76.980600,Ward 5,2022-02-08
2022-01-22,38.906375,-76.980638,Ward 5,2022-02-14
2022-01-22,38.902531,-76.984572,Ward 5,2022-02-23
2022-01-22,38.903359,-76.983327,Ward 5,2022-02-08
2022-01-22,38.868806,-76.946297,Ward 7,2022-02-18
2022-01-22,38.842368,-76.992300,Ward 8,2022-02-02
2022-01-22,38.938480,-76.979458,Ward 5,2022-02-16
2022-01-23,38.887891,-76.994960,Ward 6,2022-02-07
2022-01-23,38.906170,-77.025402,Ward 2,2022-01-27
2022-01-23,38.918718,-77.002282,Ward 5,2022-02-04
2022-01-23,38.901940,-76.984002,Ward 5,2022-02-08
2022-01-23,38.929285,-77.021756,Ward 1,2022-02-14
2022-01-23,38.877701,-76.984270,Ward 6,2022-02-07
2022-01-23,38.907046,-77.025457,Ward 2,2022-01-27
2022-01-23,38.888046,-76.986781,Ward 6,2022-02-07
2022-01-23,38.958827,-77.083166,Ward 3,2022-01-25
2022-01-23,38.890766,-76.919597,Ward 7,2022-02-06
2022-01-23,38.874684,-76.971399,Ward 7,2022-02-07
2022-01-23,38.905104,-76.996697,Ward 6,2022-02-14
2022-01-23,38.839782,-77.003738,Ward 8,2022-03-07
2022-01-23,38.905497,-77.056451,Ward 2,2022-01-27
2022-01-23,38.902790,-76.974178,Ward 5,2022-02-08
2022-01-23,38.930803,-77.035021,Ward 1,2022-02-08
2022-01-23,38.924546,-77.058837,Ward 3,2022-02-08
2022-01-23,38.879111,-77.000202,Ward 8,2022-02-07
2022-01-23,38.936975,-77.025122,Ward 4,2022-02-17
2022-01-23,38.900158,-76.922135,Ward 7,2022-02-06
2022-01-23,38.929252,-77.021815,Ward 1,2022-02-14
2022-01-23,38.940373,-77.032471,Ward 4,2022-02-17
2022-01-23,38.879623,-76.932051,Ward 7,2022-02-23
2022-01-23,38.873957,-76.974187,Ward 7,2022-02-18
2022-01-23,38.874126,-76.972746,Ward 7,2022-02-16
2022-01-23,38.949989,-76.991921,Ward 5,2022-02-22
2022-01-23,38.844798,-76.979328,Ward 8,2022-02-01
2022-01-23,38.844798,-76.979328,Ward 8,2022-02-01
2022-01-24,38.957651,-77.022559,Ward 4,2022-02-10
2022-01-24,38.925740,-77.026002,Ward 1,2022-02-18
2022-01-24,38.888133,-76.983897,Ward 6,2022-02-07
2022-01-24,38.908809,-76.984951,Ward 5,2022-02-17
2022-01-24,38.894043,-76.984763,Ward 6,2022-02-11
2022-01-24,38.903555,-76.977731,Ward 5,2022-02-08
2022-01-24,38.935015,-77.028739,Ward 1,2022-02-09
2022-01-24,38.930222,-77.021417,Ward 1,2022-02-14
2022-01-24,38.934406,-76.964243,Ward 5,2022-02-23
2022-01-24,38.935255,-77.028752,Ward 1,2022-02-09
2022-01-24,38.962385,-77.028287,Ward 4,2022-02-17
2022-01-24,38.961014,-77.028031,Ward 4,2022-02-14
2022-01-24,38.910229,-77.009902,Ward 5,2022-02-10
2022-01-24,38.930600,-77.021306,Ward 1,2022-02-09
2022-01-24,38.927595,-77.021354,Ward 1,2022-02-14
2022-01-24,38.911304,-76.934340,Ward 7,2022-02-06
2022-01-24,38.844900,-76.995527,Ward 8,2022-02-23
2022-01-24,38.957582,-77.024670,Ward 4,2022-02-10
2022-01-24,38.925876,-77.040313,Ward 1,2022-02-18
2022-01-24,38.925593,-77.040857,Ward 1,2022-02-10
2022-01-24,38.924293,-77.042804,Ward 1,2022-02-10
2022-01-24,38.925464,-77.043667,Ward 1,2022-02-11
2022-01-24,38.868769,-76.980560,Ward 8,2022-02-08
2022-01-24,38.915395,-77.068627,Ward 2,2022-01-27
2022-01-24,38.852727,-76.972422,Ward 8,2022-02-07
2022-01-24,38.879746,-76.963353,Ward 7,2022-03-03
2022-01-24,38.956514,-77.025053,Ward 4,2022-02-10
2022-01-24,38.947473,-77.065926,Ward 3,2022-02-08
2022-01-24,38.846270,-76.974360,Ward 8,2022-02-24
2022-01-24,38.925165,-77.025033,Ward 1,2022-02-14
2022-01-24,38.914643,-77.002683,Ward 5,2022-02-04
2022-01-24,38.913558,-76.986199,Ward 5,2022-02-07
2022-01-24,38.896606,-76.974684,Ward 7,2022-02-06
2022-01-24,38.947711,-77.022693,Ward 4,2022-02-15
2022-01-24,38.885422,-76.923018,Ward 7,2022-02-16
2022-01-24,38.876790,-76.967236,Ward 7,2022-02-04
2022-01-24,38.895480,-77.001802,Ward 6,2022-02-16
2022-01-24,38.924577,-77.029418,Ward 1,2022-02-14
2022-01-24,38.903905,-76.997644,Ward 6,2022-02-14
2022-01-24,38.897223,-76.980967,Ward 6,2022-02-22
2022-01-24,38.822885,-76.999584,Ward 8,2022-03-04
2022-01-24,38.901962,-76.935384,Ward 7,2022-02-06
2022-01-24,38.902479,-76.987368,Ward 5,2022-02-16
2022-01-24,38.937090,-77.032031,Ward 4,2022-02-17
2022-01-24,38.890874,-76.989695,Ward 6,2022-02-07
2022-01-24,38.933708,-77.027101,Ward 1,2022-02-09
2022-01-24,38.917402,-77.003766,Ward 5,2022-02-07
2022-01-24,38.912549,-76.984327,Ward 5,2022-02-07
2022-01-24,38.908608,-77.031567,Ward 2,2022-01-31
2022-01-24,38.960849,-77.033745,Ward 4,2022-02-14
2022-01-24,38.824635,-77.008356,Ward 8,2022-02-05
2022-01-24,38.825330,-77.007223,Ward 8,2022-02-23
2022-01-24,38.909837,-77.013542,Ward 5,2022-02-10
2022-01-24,38.940006,-77.015090,Null,2022-02-16
2022-01-25,38.911793,-77.022747,Ward 6,2022-02-15
2022-01-25,38.914277,-77.022756,Ward 1,2022-02-14
2022-01-25,38.921251,-77.078528,Ward 3,2022-02-08
2022-01-25,38.916456,-77.011899,Ward 5,2022-02-08
2022-01-25,38.943472,-76.984881,Ward 5,2022-02-08
2022-01-25,38.853144,-76.964825,Ward 8,2022-02-24
2022-01-25,38.900024,-76.985886,Ward 6,2022-02-11
2022-01-25,38.832791,-76.999476,Ward 8,2022-02-08
2022-01-25,38.950195,-77.086803,Ward 3,2022-02-03
2022-01-25,38.900712,-76.985841,Ward 6,2022-02-11
2022-01-25,38.943055,-77.044547,Ward 4,2022-02-16
2022-01-25,38.903303,-77.018698,Ward 6,2022-02-16
2022-01-25,38.932791,-77.028488,Ward 1,2022-02-09
2022-01-25,38.936286,-77.032150,Ward 1,2022-02-09
2022-01-25,38.856296,-76.967658,Ward 8,2022-02-01
2022-01-25,38.899924,-76.995985,Ward 6,2022-02-14
2022-01-25,38.842196,-76.990202,Ward 8,2022-02-08
2022-01-25,38.889112,-76.937982,Ward 7,2022-02-24
2022-01-25,38.912763,-77.032228,Ward 2,2022-02-05
2022-01-25,38.917270,-77.000858,Ward 5,2022-02-04
2022-01-25,38.912330,-76.986888,Ward 5,2022-02-07
2022-01-25,38.928117,-77.021483,Ward 1,2022-02-14
2022-01-25,38.958131,-77.023921,Ward 4,2022-02-15
2022-01-25,38.846808,-76.983573,Ward 8,2022-02-11
2022-01-25,38.846808,-76.983573,Ward 8,2022-02-11
2022-01-25,38.904827,-76.995949,Ward 6,2022-02-17
2022-01-25,38.917974,-77.073719,Ward 3,2022-02-11
2022-01-25,38.887806,-76.938242,Ward 7,2022-02-24
2022-01-25,38.918243,-77.073873,Ward 3,2022-02-08
2022-01-25,38.870557,-76.975726,Ward 8,2022-02-09
2022-01-25,38.911507,-77.021113,Ward 6,2022-02-22
2022-01-25,38.915749,-77.037384,Ward 2,2022-01-31
2022-01-25,38.904146,-76.989483,Ward 5,2022-02-08
2022-01-25,38.892825,-76.909758,Ward 7,2022-02-16
2022-01-25,38.935211,-77.022655,Ward 1,2022-02-18
2022-01-25,38.874131,-76.975733,Ward 8,2022-02-09
2022-01-25,38.917131,-76.999840,Ward 5,2022-02-04
2022-01-25,38.854469,-76.966496,Ward 8,2022-02-08
2022-01-25,38.850045,-76.966477,Ward 8,2022-02-07
2022-01-25,38.857453,-76.972217,Ward 8,2022-02-08
2022-01-25,38.945827,-77.033018,Ward 4,2022-02-08
2022-01-25,38.840695,-77.000247,Ward 8,2022-03-04
2022-01-25,38.829019,-76.999981,Ward 8,2022-02-04
2022-01-25,38.957973,-77.033736,Ward 4,2022-02-08
2022-01-25,38.827978,-76.996150,Ward 8,2022-02-09
2022-01-25,38.834734,-76.988289,Ward 8,2022-02-05
2022-01-25,38.834068,-76.988024,Ward 8,2022-02-04
2022-01-25,38.868769,-76.980560,Ward 8,2022-02-08
2022-01-25,38.877127,-76.966999,Ward 7,2022-02-18
2022-01-25,38.985974,-77.036852,Ward 4,2022-02-08
2022-01-25,38.844190,-76.999518,Ward 8,2022-02-09
2022-01-25,38.930820,-77.018577,Ward 1,2022-02-28
2022-01-25,38.944532,-77.024974,Ward 4,2022-02-07
2022-01-25,38.931950,-76.993833,Ward 5,2022-02-08
2022-01-25,38.928248,-77.026848,Ward 1,2022-02-09
2022-01-25,38.905803,-76.977550,Ward 5,2022-02-10
2022-01-25,38.956467,-77.024444,Ward 4,2022-02-10
2022-01-25,38.901916,-76.934518,Ward 7,2022-02-16
2022-01-25,38.925464,-77.043667,Ward 1,2022-02-11
2022-01-25,38.855417,-76.969703,Ward 8,2022-02-08
2022-01-25,38.911671,-77.008568,Ward 5,2022-02-07
2022-01-25,38.893762,-76.990900,Ward 6,2022-02-10
2022-01-25,38.912609,-77.051277,Ward 2,2022-01-31
2022-01-25,38.917230,-77.042072,Ward 1,2022-02-08
2022-01-25,38.896570,-76.992856,Ward 6,2022-02-16
2022-01-25,38.906452,-76.977822,Ward 5,2022-02-11
2022-01-25,38.874579,-76.973734,Ward 7,2022-02-18
2022-01-25,38.912042,-77.008384,Ward 5,2022-02-07
2022-01-26,38.901552,-77.007180,Ward 6,2022-02-14
2022-01-26,38.894604,-76.918454,Ward 7,2022-02-16
2022-01-26,38.915765,-77.020175,Ward 1,2022-02-14
2022-01-26,38.834330,-77.009897,Ward 8,2022-02-04
2022-01-26,38.884273,-77.003516,Ward 6,2022-02-07
2022-01-26,38.920817,-77.013313,Ward 5,2022-02-10
2022-01-26,38.943825,-77.026293,Ward 4,2022-02-17
2022-01-26,38.917233,-76.977786,Ward 5,2022-02-16
2022-01-26,38.873599,-76.975282,Ward 8,2022-02-24
2022-01-26,38.934363,-77.041467,Ward 1,2022-02-11
2022-01-26,38.901552,-77.007180,Ward 6,2022-02-14
2022-01-26,38.916446,-77.007706,Ward 5,2022-02-09
2022-01-26,38.905877,-77.004160,Ward 6,2022-02-18
2022-01-26,38.912165,-77.036910,Ward 2,2022-01-31
2022-01-26,38.878593,-76.986060,Ward 6,2022-02-16
2022-01-26,38.899371,-77.001253,Ward 6,2022-02-16
2022-01-26,38.928606,-77.040979,Ward 1,2022-02-23
2022-01-26,38.894617,-76.985713,Ward 6,2022-02-10
2022-01-26,38.955561,-76.990303,Ward 5,2022-02-08
2022-01-26,38.832178,-76.989186,Ward 8,2022-02-05
2022-01-26,38.965838,-77.028300,Ward 4,2022-02-17
2022-01-26,38.930960,-76.973552,Ward 5,2022-02-14
2022-01-26,38.892352,-76.938946,Ward 7,2022-02-16
2022-01-26,38.902560,-76.937458,Ward 7,2022-02-16
2022-01-26,38.880113,-76.981612,Ward 6,2022-02-14
2022-01-26,38.957266,-77.022680,Ward 4,2022-02-10
2022-01-26,38.862223,-76.951912,Ward 7,2022-02-24
2022-01-26,38.898912,-76.999509,Ward 6,2022-02-22
2022-01-26,38.936835,-77.021567,Ward 1,2022-02-28
2022-01-26,38.905442,-77.030342,Ward 2,2022-01-31
2022-01-26,38.906871,-77.013824,Ward 6,2022-02-08
2022-01-26,38.912797,-77.034830,Ward 2,2022-02-04
2022-01-26,38.852262,-76.969210,Ward 8,2022-02-08
2022-01-26,38.934972,-77.041495,Ward 1,2022-02-08
2022-01-26,38.947135,-77.042270,Ward 4,2022-02-16
2022-01-27,38.867417,-76.988626,Ward 8,2022-02-08
2022-01-27,38.918969,-77.001405,Ward 5,2022-02-16
2022-01-27,38.928879,-77.031312,Ward 1,2022-02-14
2022-01-27,38.928879,-77.031312,Ward 1,2022-02-14
2022-01-27,38.942717,-77.045341,Ward 4,2022-02-10
2022-01-27,38.913264,-77.041991,Ward 2,2022-02-05
2022-01-27,38.893425,-77.001189,Ward 6,2022-02-15
2022-01-27,38.909489,-77.009340,Ward 5,2022-02-10
2022-01-27,38.912266,-77.020130,Ward 6,2022-02-15
2022-01-27,38.943263,-77.003980,Ward 5,2022-02-08
2022-01-27,38.930057,-77.025366,Ward 1,2022-02-23
2022-01-27,38.901809,-76.995937,Ward 6,2022-02-16
2022-01-27,38.899805,-77.000794,Ward 6,2022-02-14
2022-01-27,38.868672,-76.941381,Ward 7,2022-02-24
2022-01-27,38.894957,-76.979119,Ward 6,2022-02-10
2022-01-27,38.929714,-77.018585,Ward 1,2022-02-14
2022-01-27,38.928900,-77.031371,Ward 1,2022-02-14
2022-01-27,38.902582,-76.984298,Ward 5,2022-02-16
2022-01-27,38.862496,-76.951795,Ward 7,2022-02-24
2022-01-27,38.932791,-77.028488,Ward 1,2022-02-09
2022-01-27,38.897724,-76.998211,Ward 6,2022-02-16
2022-01-27,38.907482,-77.009316,Ward 5,2022-02-10
2022-01-27,38.894592,-76.981514,Ward 6,2022-02-10
2022-01-27,38.836679,-77.005126,Ward 8,2022-02-23
2022-01-27,38.916957,-76.980002,Ward 5,2022-03-07
2022-01-27,38.886616,-76.921804,Ward 7,2022-02-17
2022-01-27,38.943036,-77.003601,Ward 5,2022-02-10
2022-01-27,38.867124,-76.987056,Ward 8,2022-02-08
2022-01-27,38.938894,-77.070408,Ward 3,2022-02-10
2022-01-27,38.889078,-76.938836,Ward 7,2022-02-24
2022-01-27,38.893271,-76.984358,Ward 6,2022-02-11
2022-01-27,38.889872,-76.972943,Ward 7,2022-02-17
2022-01-27,38.870201,-77.011838,Ward 6,2022-02-16
2022-01-27,38.928419,-77.031859,Ward 1,2022-02-14
2022-01-27,38.965984,-77.035967,Ward 4,2022-02-08
2022-01-28,38.913528,-77.012751,Ward 5,2022-02-10
2022-01-28,38.954422,-77.015997,Ward 4,2022-02-16
2022-01-28,38.878214,-76.984723,Ward 6,2022-02-17
2022-01-28,38.930346,-77.018630,Ward 1,2022-02-14
2022-01-28,38.889534,-76.981802,Ward 6,2022-02-14
2022-01-28,38.928210,-76.995258,Ward 5,2022-02-06
2022-01-28,38.955426,-77.025960,Ward 4,2022-02-08
2022-01-28,38.945474,-77.017056,Ward 4,2022-02-07
2022-01-28,38.870558,-76.980535,Ward 8,2022-02-08
2022-01-28,38.957266,-77.022680,Ward 4,2022-02-10
2022-01-28,38.864437,-76.983571,Ward 8,2022-03-04
2022-01-28,38.901500,-76.999727,Ward 6,2022-02-16
2022-01-28,38.873189,-76.975747,Ward 8,2022-02-08
2022-01-28,38.894617,-76.985713,Ward 6,2022-02-10
2022-01-28,38.898240,-76.979403,Ward 6,2022-02-14
2022-01-28,38.943762,-77.080907,Ward 3,2022-02-08
2022-01-28,38.919764,-77.034556,Ward 1,2022-02-23
2022-01-28,38.935875,-77.029083,Ward 1,2022-02-14
2022-01-28,38.899739,-77.053130,Ward 2,2022-02-05
2022-01-28,38.923676,-77.044240,Ward 1,2022-02-10
2022-01-28,38.869303,-76.971519,Ward 8,2022-02-09
2022-01-28,38.874126,-76.972746,Ward 7,2022-02-16
2022-01-28,38.904579,-76.989387,Ward 5,2022-02-16
2022-01-28,38.864036,-76.979022,Ward 8,2022-02-09
2022-01-28,38.893452,-76.992427,Ward 6,2022-02-11
2022-01-28,38.878557,-76.989398,Ward 6,2022-02-15
2022-01-28,38.896948,-76.980818,Ward 6,2022-02-10
2022-01-28,38.864437,-76.983571,Ward 8,2022-03-04
2022-01-28,38.935496,-77.038369,Ward 1,2022-02-23
2022-01-28,38.930278,-77.083995,Ward 3,2022-02-08
2022-01-28,38.899535,-76.995221,Ward 6,2022-02-15
2022-01-28,38.902568,-76.937247,Ward 7,2022-02-15
2022-01-28,38.920092,-76.988203,Ward 5,2022-02-16
2022-01-28,38.899893,-77.007443,Ward 6,2022-02-14
2022-01-28,38.921128,-77.001518,Ward 5,2022-02-04
2022-01-28,38.941639,-77.030299,Ward 4,2022-02-15
2022-01-28,38.893579,-76.994964,Ward 6,2022-02-16
2022-01-28,38.952301,-77.018522,Ward 4,2022-02-10
2022-01-28,38.937359,-77.030002,Ward 4,2022-02-07
2022-01-28,38.955938,-77.010387,Ward 4,2022-02-08
2022-01-28,38.896101,-76.919151,Ward 7,2022-02-15
2022-01-29,38.925369,-77.042881,Ward 1,2022-02-14
2022-01-29,38.861695,-76.991306,Ward 8,2022-02-08
2022-01-29,38.912330,-76.986888,Ward 5,2022-02-07
2022-01-29,38.884533,-76.931141,Ward 7,2022-03-10
2022-01-29,38.918915,-77.002266,Ward 5,2022-02-04
2022-01-29,38.844515,-77.001904,Ward 8,2022-02-04
2022-01-29,38.936935,-77.020642,Ward 1,2022-02-14
2022-01-29,38.961234,-77.026247,Ward 4,2022-02-09
2022-01-29,38.928463,-77.026476,Ward 1,2022-02-14
2022-01-29,38.895928,-76.988556,Ward 6,2022-02-14
2022-01-29,38.910520,-77.010573,Ward 5,2022-02-10
2022-01-29,38.834304,-76.995038,Ward 8,2022-02-23
2022-01-29,38.920910,-77.034728,Ward 1,2022-02-18
2022-01-29,38.899117,-76.981496,Ward 6,2022-02-22
2022-01-29,38.912991,-77.013691,Ward 5,2022-02-10
2022-01-29,38.919244,-77.002031,Ward 5,2022-02-04
2022-01-29,38.913120,-77.022704,Ward 6,2022-02-15
2022-01-29,38.914881,-77.026828,Ward 1,2022-02-14
2022-01-29,38.849956,-76.984853,Ward 8,2022-02-08
2022-01-30,38.947570,-77.034791,Ward 4,2022-02-08
2022-01-30,38.908283,-77.054986,Ward 2,2022-02-05
2022-01-30,38.868407,-76.983992,Ward 8,2022-02-08
2022-01-30,38.928120,-77.021329,Ward 1,2022-02-23
2022-01-30,38.887790,-76.994385,Ward 6,2022-02-14
2022-01-30,38.912788,-77.016473,Ward 5,2022-02-10
2022-01-30,38.912796,-77.014728,Ward 5,2022-02-10
2022-01-30,38.912777,-77.014610,Ward 5,2022-02-10
2022-01-30,38.912780,-77.014124,Ward 5,2022-02-10
2022-01-30,38.910903,-77.014466,Ward 5,2022-02-10
2022-01-30,38.920625,-77.027361,Ward 1,2022-02-14
2022-01-30,38.926154,-77.033650,Ward 1,2022-02-14
2022-01-30,38.936915,-77.025120,Ward 4,2022-02-09
2022-01-31,38.933240,-77.022783,Ward 1,2022-02-08
2022-01-31,38.886639,-76.989235,Ward 6,2022-02-14
2022-01-31,38.919312,-77.000171,Ward 5,2022-02-10
2022-01-31,38.901132,-76.990967,Ward 6,2022-02-14
2022-01-31,38.938234,-77.024349,Ward 4,2022-02-17
2022-01-31,38.895003,-77.031353,Ward 2,2022-01-31
2022-01-31,38.827189,-77.010000,Ward 8,2022-02-04
2022-01-31,38.919547,-76.987396,Ward 5,2022-02-16
2022-01-31,38.913031,-77.001744,Ward 5,2022-02-04
2022-01-31,38.906479,-77.055970,Ward 2,2022-02-05
2022-01-31,38.942163,-76.994003,Ward 5,2022-02-10
2022-01-31,38.889172,-76.981991,Ward 6,2022-02-17
2022-01-31,38.868400,-76.984379,Ward 8,2022-02-08
2022-01-31,38.882642,-76.986975,Ward 6,2022-02-14
2022-01-31,38.902195,-76.930698,Ward 7,2022-02-15
2022-01-31,38.892176,-76.989996,Ward 6,2022-02-11
2022-01-31,38.822885,-76.999584,Ward 8,2022-02-22
2022-01-31,38.954533,-77.017474,Ward 4,2022-02-08
2022-01-31,38.891090,-77.003272,Ward 6,2022-02-14
2022-01-31,38.949260,-77.077784,Ward 3,2022-01-31
2022-01-31,38.949260,-77.077784,Ward 3,2022-02-09
2022-01-31,38.940335,-77.026730,Ward 4,2022-02-10
2022-01-31,38.916052,-77.020726,Ward 1,2022-02-14
2022-01-31,38.893299,-76.979869,Ward 6,2022-02-10
2022-01-31,38.936526,-77.033237,Ward 1,2022-02-11
2022-01-31,38.924102,-77.044274,Ward 1,2022-02-10
2022-01-31,38.919543,-77.028679,Ward 1,2022-02-23
2022-01-31,38.935965,-77.030581,Ward 1,2022-02-23
2022-01-31,38.885876,-77.000876,Ward 6,2022-02-14
2022-01-31,38.926113,-77.026764,Ward 1,2022-02-14
2022-01-31,38.894769,-76.957040,Ward 7,2022-03-03
2022-01-31,38.936286,-77.032150,Ward 1,2022-02-09
2022-01-31,38.868769,-76.980560,Ward 8,2022-02-08
2022-02-01,38.898174,-76.979049,Ward 6,2022-02-14
2022-02-01,38.926559,-77.032423,Ward 1,2022-02-07
2022-02-01,38.910866,-77.037614,Ward 2,2022-02-05
2022-02-01,38.885199,-76.982833,Ward 6,2022-02-22
2022-02-01,38.949488,-77.015522,Ward 4,2022-02-07
2022-02-01,38.906693,-77.008462,Ward 6,2022-02-25
2022-02-01,38.910922,-77.011812,Ward 5,2022-02-10
2022-02-01,38.910893,-77.010986,Ward 5,2022-02-10
2022-02-01,38.910924,-77.010493,Ward 5,2022-02-10
2022-02-01,38.910909,-77.010156,Ward 5,2022-02-10
2022-02-01,38.844344,-77.002052,Ward 8,2022-02-04
2022-02-01,38.905334,-76.985042,Ward 5,2022-02-16
2022-02-01,38.918298,-77.009589,Ward 5,2022-02-10
2022-02-01,38.925759,-76.984613,Ward 5,2022-02-16
2022-02-01,38.897835,-76.980121,Ward 7,2022-03-15
2022-02-01,38.896948,-76.980818,Ward 6,2022-02-14
2022-02-01,38.939917,-77.026683,Ward 4,2022-02-15
2022-02-01,38.831160,-77.002951,Ward 8,2022-02-08
2022-02-01,38.910196,-77.028738,Ward 2,2022-02-03
2022-02-01,38.917193,-77.028313,Ward 1,2022-02-23
2022-02-01,38.920933,-77.008697,Ward 5,2022-02-16
2022-02-01,38.903689,-76.982854,Ward 5,2022-02-06
2022-02-01,38.940959,-77.033041,Ward 4,2022-02-14
2022-02-01,38.912789,-77.033356,Ward 2,2022-02-05
2022-02-01,38.937776,-77.027385,Ward 4,2022-02-15
2022-02-01,38.937781,-77.027813,Ward 4,2022-02-15
2022-02-01,38.919496,-76.982931,Ward 5,2022-02-03
2022-02-01,38.955526,-76.999488,Ward 5,2022-02-08
2022-02-01,38.847340,-76.982974,Ward 8,2022-02-08
2022-02-01,38.961014,-77.028031,Ward 4,2022-02-14
2022-02-01,38.828468,-76.998135,Ward 8,2022-02-11
2022-02-01,38.834513,-76.995345,Ward 8,2022-02-11
2022-02-01,38.834734,-76.988289,Ward 8,2022-02-05
2022-02-01,38.912439,-77.019651,Ward 6,2022-02-15
2022-02-01,38.935205,-77.034818,Ward 1,2022-02-23
2022-02-01,38.856661,-76.992929,Ward 8,2022-02-10
2022-02-02,38.906203,-77.013820,Ward 6,2022-02-07
2022-02-02,38.940907,-76.973128,Ward 5,2022-02-14
2022-02-02,38.906020,-77.038867,Ward 2,2022-02-05
2022-02-02,38.906927,-77.016367,Ward 6,2022-02-15
2022-02-02,38.943825,-77.026293,Ward 4,2022-02-17
2022-02-02,38.942918,-77.076358,Ward 3,2022-02-08
2022-02-02,38.944281,-77.027316,Ward 4,2022-02-16
2022-02-02,38.945466,-76.986753,Ward 5,2022-02-08
2022-02-02,38.894608,-76.979163,Ward 6,2022-02-14
2022-02-02,38.895954,-76.984787,Ward 6,2022-02-15
2022-02-02,38.953209,-77.010335,Ward 4,2022-02-04
2022-02-02,38.934748,-77.027819,Ward 1,2022-02-23
2022-02-02,38.914224,-77.014724,Ward 5,2022-02-10
2022-02-02,38.873599,-76.975282,Ward 8,2022-02-09
2022-02-02,38.933311,-77.088416,Ward 3,2022-02-08
2022-02-02,38.924102,-77.044274,Ward 1,2022-02-10
2022-02-02,38.921251,-77.078528,Ward 3,2022-02-08
2022-02-02,38.901512,-76.989223,Ward 6,2022-02-11
2022-02-02,38.923733,-76.998275,Ward 5,2022-02-14
2022-02-02,38.902779,-77.000024,Ward 6,2022-02-14
2022-02-02,38.903166,-77.000352,Ward 6,2022-02-14
2022-02-02,38.892927,-76.952102,Ward 7,2022-02-10
2022-02-02,38.928388,-77.031414,Ward 1,2022-02-14
2022-02-02,38.904997,-77.002252,Ward 6,2022-02-15
2022-02-02,38.917131,-76.999840,Ward 5,2022-02-04
2022-02-02,38.899281,-76.998241,Ward 6,2022-02-15
2022-02-02,38.895647,-76.982040,Ward 6,2022-02-14
2022-02-02,38.880671,-76.998675,Ward 6,2022-02-14
2022-02-02,38.909818,-77.007908,Ward 5,2022-02-10
2022-02-02,38.899695,-77.013240,Ward 6,2022-02-16
2022-02-02,38.894785,-76.992645,Ward 6,2022-02-14
2022-02-02,38.916101,-77.023735,Ward 1,2022-02-23
2022-02-02,38.897148,-77.050134,Ward 2,2022-02-04
2022-02-02,38.930678,-77.030919,Ward 1,2022-02-14
2022-02-02,38.871851,-76.978096,Ward 8,2022-02-09
2022-02-02,38.872767,-76.970684,Ward 7,2022-03-03
2022-02-02,38.878543,-76.961137,Ward 7,2022-02-15
2022-02-02,38.913227,-77.041874,Ward 2,2022-02-04
2022-02-02,38.902296,-76.986416,Ward 5,2022-02-16
2022-02-02,38.916455,-77.004895,Ward 5,2022-02-07
2022-02-02,38.907459,-76.984703,Ward 5,2022-02-09
2022-02-02,38.968924,-77.006985,Ward 4,2022-02-17
2022-02-02,38.914929,-77.043157,Ward 2,2022-02-04
2022-02-02,38.939106,-77.036444,Ward 4,2022-02-16
2022-02-02,38.900378,-76.978281,Ward 5,2022-02-10
2022-02-02,38.912439,-77.019466,Ward 6,2022-02-15
2022-02-02,38.912781,-77.016835,Ward 5,2022-02-10
2022-02-02,38.913107,-77.014960,Ward 5,2022-02-10
2022-02-02,38.927621,-76.995196,Ward 5,2022-02-06
2022-02-03,38.957903,-77.024369,Ward 4,2022-02-14
2022-02-03,38.924102,-77.044274,Ward 1,2022-02-10
2022-02-03,38.854469,-76.966496,Ward 8,2022-02-08
2022-02-03,38.882656,-76.981336,Ward 6,2022-02-24
2022-02-03,38.961167,-77.016878,Ward 4,2022-02-14
2022-02-03,38.905104,-76.977305,Ward 5,2022-02-10
2022-02-03,38.894906,-76.985243,Ward 6,2022-02-16
2022-02-03,38.886933,-76.989741,Ward 6,2022-02-24
2022-02-03,38.898757,-76.982557,Ward 6,2022-02-16
2022-02-03,38.887757,-76.985141,Ward 6,2022-02-11
2022-02-03,38.905449,-76.998626,Ward 6,2022-02-15
2022-02-03,38.882650,-76.945524,Ward 7,2022-02-24
2022-02-03,38.864036,-76.979022,Ward 8,2022-02-09
2022-02-03,38.969205,-77.031405,Ward 4,2022-02-17
2022-02-03,38.927421,-76.996177,Ward 5,2022-02-04
2022-02-03,38.907925,-76.986305,Ward 5,2022-02-07
2022-02-03,38.943106,-77.002714,Ward 5,2022-02-10
2022-02-03,38.905470,-76.999289,Ward 6,2022-02-14
2022-02-03,38.930444,-77.023651,Ward 1,2022-02-15
2022-02-03,38.916448,-77.008264,Ward 5,2022-02-10
2022-02-03,38.902582,-76.984298,Ward 5,2022-02-10
2022-02-03,38.909972,-77.034247,Ward 2,2022-02-05
2022-02-03,38.933383,-77.033669,Ward 1,2022-02-14
2022-02-03,38.933922,-76.964941,Ward 5,2022-02-10
2022-02-03,38.880173,-76.932028,Ward 7,2022-02-17
2022-02-03,38.868947,-76.980238,Ward 8,2022-02-08
2022-02-03,38.879059,-76.931383,Ward 7,2022-02-16
2022-02-03,38.895995,-77.044918,Ward 2,2022-02-04
2022-02-03,38.888985,-76.925644,Ward 7,2022-02-24
2022-02-03,38.930743,-77.057046,Ward 3,2022-02-11
2022-02-03,38.902140,-76.921231,Ward 7,2022-02-10
2022-02-03,38.900763,-76.993756,Ward 6,2022-02-11
2022-02-04,38.900365,-76.930150,Ward 7,2022-02-10
2022-02-04,38.934972,-77.041495,Ward 1,2022-02-08
2022-02-04,38.942915,-76.998215,Ward 5,2022-02-10
2022-02-04,38.949935,-76.991910,Ward 5,2022-02-10
2022-02-04,38.943825,-77.026293,Ward 4,2022-02-17
2022-02-04,38.873957,-76.974187,Ward 7,2022-02-18
2022-02-04,38.907076,-77.021624,Ward 6,2022-02-15
2022-02-04,38.947764,-77.023380,Ward 4,2022-02-09
2022-02-04,38.928109,-77.029430,Ward 1,2022-02-09
2022-02-04,38.844663,-77.002025,Ward 8,2022-02-08
2022-02-04,38.935851,-77.030010,Ward 1,2022-02-09
2022-02-04,38.925192,-77.024645,Ward 1,2022-02-14
2022-02-04,38.924414,-77.025888,Ward 1,2022-02-14
2022-02-04,38.903471,-76.934934,Ward 7,2022-03-03
2022-02-04,38.930838,-77.021159,Ward 1,2022-02-23
2022-02-04,38.930765,-77.021168,Ward 1,2022-02-23
2022-02-04,38.930964,-77.021498,Ward 1,2022-02-14
2022-02-04,38.887394,-76.995373,Ward 6,2022-02-17
2022-02-04,38.868947,-76.980238,Ward 8,2022-02-08
2022-02-04,38.940335,-77.026730,Ward 4,2022-02-10
2022-02-04,38.950999,-77.026756,Ward 4,2022-02-17
2022-02-04,38.909645,-77.027036,Ward 2,2022-02-05
2022-02-04,38.861091,-76.989225,Ward 8,2022-02-08
2022-02-04,38.860047,-76.991819,Ward 8,2022-02-08
2022-02-04,38.866291,-76.977507,Ward 8,2022-02-08
2022-02-04,38.870940,-76.971133,Ward 8,2022-02-10
2022-02-04,38.871848,-76.976060,Ward 8,2022-02-09
2022-02-04,38.907416,-77.011657,Ward 5,2022-02-16
2022-02-04,38.920933,-77.008697,Ward 5,2022-02-16
2022-02-04,38.909345,-77.027370,Ward 2,2022-02-11
2022-02-04,38.933057,-76.961975,Ward 5,2022-02-14
2022-02-04,38.933359,-76.962301,Ward 5,2022-02-14
2022-02-04,38.826659,-77.012336,Ward 8,2022-02-05
2022-02-04,38.933913,-76.964625,Ward 5,2022-02-14
2022-02-04,38.945261,-77.026003,Ward 4,2022-02-04
2022-02-04,38.936199,-77.030290,Ward 1,2022-02-24
2022-02-04,38.826998,-77.012587,Ward 8,2022-02-05
2022-02-04,38.912608,-76.990138,Ward 5,2022-02-23
2022-02-04,38.923632,-76.979894,Ward 5,2022-02-16
2022-02-04,38.842941,-77.003507,Ward 8,2022-02-07
2022-02-04,38.843005,-77.003724,Ward 8,2022-02-11
2022-02-04,38.845701,-76.999444,Ward 8,2022-02-05
2022-02-04,38.845384,-76.999720,Ward 8,2022-02-11
2022-02-04,38.846372,-76.997284,Ward 8,2022-02-05
2022-02-04,38.924019,-77.026073,Ward 1,2022-02-15
2022-02-04,38.830280,-76.996223,Ward 8,2022-02-05
2022-02-04,38.829421,-76.998952,Ward 8,2022-02-05
2022-02-04,38.924102,-77.044274,Ward 1,2022-02-10
2022-02-04,38.940758,-77.068083,Ward 3,2022-02-11
2022-02-04,38.874690,-76.969713,Ward 7,2022-03-04
2022-02-04,38.931251,-77.020077,Ward 1,2022-02-14
2022-02-04,38.876679,-76.966064,Ward 7,2022-02-10
2022-02-04,38.924019,-77.026073,Ward 1,2022-02-15
2022-02-04,38.894019,-76.994618,Ward 6,2022-02-22
2022-02-05,38.845480,-76.997443,Ward 8,2022-02-10
2022-02-05,38.875892,-77.010429,Ward 6,2022-02-17
2022-02-05,38.933057,-76.961975,Ward 5,2022-02-14
2022-02-05,38.925369,-77.042881,Ward 1,2022-02-23
2022-02-05,38.923844,-77.043862,Ward 1,2022-02-10
2022-02-05,38.912430,-77.016503,Ward 5,2022-02-16
2022-02-05,38.912774,-77.022596,Ward 6,2022-02-22
2022-02-05,38.958886,-76.994067,Ward 4,2022-02-17
2022-02-05,38.940005,-77.022004,Ward 4,2022-02-10
2022-02-05,38.893323,-76.918692,Ward 7,2022-02-11
2022-02-05,38.894036,-76.919658,Ward 7,2022-02-10
2022-02-05,38.907240,-77.031951,Ward 2,2022-02-08
2022-02-05,38.895927,-76.981349,Ward 6,2022-02-24
2022-02-05,38.880277,-76.993762,Ward 6,2022-02-22
2022-02-05,38.882335,-76.998663,Ward 6,2022-02-17
2022-02-05,38.914249,-77.026652,Ward 1,2022-02-23
2022-02-05,38.892903,-76.917778,Ward 7,2022-02-11
2022-02-05,38.936975,-77.025122,Ward 4,2022-02-09
2022-02-05,38.890082,-76.925856,Ward 7,2022-03-02
2022-02-05,38.916120,-77.008384,Ward 5,2022-02-16
2022-02-05,38.912789,-77.033356,Ward 2,2022-02-11
2022-02-06,38.892384,-76.989946,Ward 6,2022-02-22
2022-02-06,38.900384,-76.940699,Ward 7,2022-02-11
2022-02-06,38.869652,-76.977858,Ward 8,2022-02-08
2022-02-06,38.911793,-77.022747,Ward 6,2022-02-17
2022-02-06,38.900561,-77.002993,Ward 6,2022-02-22
2022-02-06,38.916815,-77.004569,Ward 5,2022-02-16
2022-02-06,38.898757,-76.982557,Ward 6,2022-02-22
2022-02-06,38.906337,-77.013797,Ward 6,2022-02-24
2022-02-06,38.877773,-76.988540,Ward 6,2022-02-17
2022-02-06,38.906464,-77.013653,Null,2022-02-17
2022-02-06,38.914560,-77.029894,Ward 1,2022-02-23
2022-02-06,38.910572,-77.015428,Ward 5,2022-02-16
2022-02-06,38.886471,-77.000577,Ward 6,2022-02-17
2022-02-06,38.909454,-77.059450,Ward 2,2022-02-08
2022-02-06,38.915731,-77.004578,Ward 5,2022-02-16
2022-02-06,38.899580,-76.995932,Ward 6,2022-02-17
2022-02-06,38.906810,-76.978271,Ward 5,2022-02-23
2022-02-06,38.912608,-76.990138,Ward 5,2022-02-23
2022-02-06,38.925045,-76.992683,Ward 5,2022-02-14
2022-02-06,38.921751,-77.039861,Ward 1,2022-02-08
2022-02-06,38.949556,-77.017263,Ward 4,2022-02-09
2022-02-06,38.927264,-77.109912,Ward 3,2022-03-03
2022-02-06,38.929144,-77.019907,Ward 1,2022-02-14
2022-02-06,38.935990,-77.032231,Ward 1,2022-02-28
2022-02-06,38.934884,-77.027400,Ward 1,2022-02-14
2022-02-06,38.884768,-76.994533,Ward 6,2022-02-22
2022-02-06,38.918716,-77.001789,Ward 5,2022-02-16
2022-02-06,38.933623,-76.994366,Ward 5,2022-02-25
2022-02-07,38.936170,-76.990982,Ward 5,2022-02-22
2022-02-07,38.896112,-76.984996,Ward 6,2022-02-11
2022-02-07,38.877987,-76.965958,Ward 7,2022-02-10
2022-02-07,38.904572,-76.989509,Ward 5,2022-02-23
2022-02-07,38.904081,-76.989919,Ward 5,2022-02-16
2022-02-07,38.936852,-77.025116,Ward 4,2022-02-09
2022-02-07,38.920157,-77.027854,Ward 1,2022-02-14
2022-02-07,38.922104,-77.030254,Ward 1,2022-02-14
2022-02-07,38.903471,-76.934934,Ward 7,2022-02-11
2022-02-07,38.903471,-76.934934,Ward 7,2022-02-11
2022-02-07,38.902850,-76.928666,Ward 7,2022-02-11
2022-02-07,38.899222,-76.941400,Ward 7,2022-02-17
2022-02-07,38.895927,-76.981477,Ward 6,2022-02-18
2022-02-07,38.870201,-77.011838,Ward 6,2022-02-22
2022-02-07,38.870575,-77.013470,Ward 6,2022-02-22
2022-02-07,38.953194,-77.026557,Ward 4,2022-02-17
2022-02-07,38.958370,-77.020985,Ward 4,2022-02-15
2022-02-07,38.872621,-76.977150,Ward 8,2022-02-11
2022-02-07,38.904819,-76.990072,Ward 5,2022-02-16
2022-02-07,38.848330,-77.001296,Ward 8,2022-02-11
2022-02-07,38.904231,-76.982012,Ward 5,2022-02-23
2022-02-07,38.936286,-77.032150,Ward 1,2022-02-15
2022-02-07,38.876790,-76.967236,Ward 7,2022-02-24
2022-02-07,38.903689,-76.982854,Ward 5,2022-02-23
2022-02-07,38.895099,-76.934224,Ward 7,2022-02-11
2022-02-07,38.908377,-77.049022,Ward 2,2022-02-11
2022-02-07,38.845703,-77.001903,Ward 8,2022-02-08
2022-02-07,38.876790,-76.967236,Ward 7,2022-02-24
2022-02-07,38.940204,-76.996787,Ward 5,2022-02-15
2022-02-07,38.943702,-77.026722,Ward 4,2022-02-16
2022-02-07,38.937321,-77.033002,Ward 4,2022-02-17
2022-02-07,38.930356,-77.034605,Ward 1,2022-02-14
2022-02-07,38.930356,-77.034605,Ward 1,2022-02-14
2022-02-07,38.913347,-77.029622,Ward 2,2022-02-11
2022-02-07,38.888511,-76.985751,Ward 6,2022-02-22
2022-02-07,38.931060,-77.041036,Ward 1,2022-02-23
2022-02-07,38.921691,-77.034856,Ward 1,2022-02-23
2022-02-07,38.947711,-77.022693,Ward 4,2022-02-15
2022-02-07,38.886202,-76.947674,Ward 7,2022-03-01
2022-02-07,38.859059,-76.984514,Ward 8,2022-02-14
2022-02-07,38.940234,-77.027490,Ward 4,2022-02-16
2022-02-07,38.921710,-77.034739,Ward 1,2022-02-23
2022-02-07,38.921712,-77.034619,Ward 1,2022-02-23
2022-02-07,38.921712,-77.034619,Ward 1,2022-02-23
2022-02-07,38.905445,-76.997238,Ward 6,2022-02-22
2022-02-07,38.921712,-77.034619,Ward 1,2022-02-23
2022-02-07,38.936428,-77.037263,Ward 1,2022-02-23
2022-02-07,38.888223,-76.987227,Ward 6,2022-02-17
2022-02-07,38.931636,-76.964964,Ward 5,2022-02-14
2022-02-07,38.914102,-77.000589,Ward 5,2022-02-14
2022-02-07,38.935477,-77.031009,Ward 1,2022-02-23
2022-02-07,38.856864,-76.958917,Ward 7,2022-03-04
2022-02-07,38.902695,-76.984959,Ward 5,2022-02-16
2022-02-07,38.912510,-76.986836,Ward 5,2022-02-22
2022-02-07,38.832684,-76.988975,Ward 8,2022-03-07
2022-02-07,38.906523,-76.943194,Ward 7,2022-02-17
2022-02-07,38.892081,-76.946402,Ward 7,2022-02-15
2022-02-07,38.833202,-76.993417,Ward 8,2022-03-04
2022-02-07,38.845701,-76.999444,Ward 8,2022-02-11
2022-02-07,38.854469,-76.966496,Ward 8,2022-02-08
2022-02-07,38.942164,-77.015408,Ward 4,2022-02-10
2022-02-07,38.921267,-77.030495,Ward 1,2022-02-23
2022-02-08,38.943434,-77.014887,Ward 4,2022-02-15
2022-02-08,38.943439,-77.014750,Ward 4,2022-02-15
2022-02-08,38.948058,-77.027564,Ward 4,2022-02-24
2022-02-08,38.927446,-77.028567,Ward 1,2022-02-23
2022-02-08,38.924019,-77.026073,Ward 1,2022-02-15
2022-02-08,38.956818,-77.022575,Ward 4,2022-03-11
2022-02-08,38.908569,-77.044449,Ward 2,2022-02-15
2022-02-08,38.907576,-77.055521,Ward 2,2022-03-03
2022-02-08,38.903262,-76.979233,Ward 5,2022-02-28
2022-02-08,38.940907,-76.973128,Ward 5,2022-02-14
2022-02-08,38.868424,-76.986884,Ward 8,2022-02-14
2022-02-08,38.936128,-77.030086,Ward 1,2022-02-28
2022-02-08,38.930278,-77.038623,Ward 1,2022-02-28
2022-02-08,38.830563,-77.007354,Ward 8,2022-02-14
2022-02-08,38.822885,-76.999584,Ward 8,2022-02-14
2022-02-08,38.925740,-77.026002,Ward 1,2022-02-14
2022-02-08,38.890701,-76.948031,Ward 7,2022-02-15
2022-02-08,38.912561,-77.057223,Ward 2,2022-02-10
2022-02-08,38.891252,-76.983378,Ward 7,2022-02-22
2022-02-08,38.885128,-76.976590,Ward 7,2022-03-10
2022-02-08,38.949981,-76.994716,Ward 5,2022-02-11
2022-02-08,38.922665,-77.027256,Ward 1,2022-02-23
2022-02-08,38.933705,-77.022869,Ward 1,2022-02-28
2022-02-08,38.908542,-76.985364,Ward 5,2022-02-17
2022-02-08,38.910338,-76.985382,Ward 5,2022-03-03
2022-02-08,38.873599,-76.975282,Ward 8,2022-02-14
2022-02-08,38.883415,-77.010009,Ward 6,2022-02-17
2022-02-08,38.917193,-77.005360,Ward 5,2022-02-16
2022-02-08,38.949989,-76.991921,Ward 5,2022-02-11
2022-02-08,38.881162,-77.008669,Ward 6,2022-02-17
2022-02-08,38.843565,-76.993522,Ward 8,2022-02-09
2022-02-08,38.881475,-76.930777,Ward 7,2022-03-04
2022-02-08,38.924019,-77.026073,Ward 1,2022-02-15
2022-02-08,38.862273,-76.991223,Ward 8,2022-02-11
2022-02-08,38.830646,-77.011394,Ward 8,2022-02-11
2022-02-08,38.862056,-76.990815,Ward 8,2022-03-07
2022-02-08,38.833343,-76.999518,Ward 8,2022-02-14
2022-02-08,38.831464,-76.988151,Ward 8,2022-02-11
2022-02-08,38.845089,-77.001551,Ward 8,2022-02-11
2022-02-08,38.831587,-76.989946,Ward 8,2022-02-11
2022-02-08,38.846850,-77.003760,Ward 8,2022-02-14
2022-02-08,38.847561,-77.004301,Ward 8,2022-02-14
2022-02-08,38.835966,-77.005624,Ward 8,2022-02-14
2022-02-08,38.843378,-76.992987,Ward 8,2022-02-14
2022-02-08,38.920879,-76.983449,Ward 5,2022-02-16
2022-02-08,38.920158,-76.985792,Ward 5,2022-02-17
2022-02-08,38.910548,-77.009719,Ward 5,2022-02-10
2022-02-08,38.912403,-77.011045,Ward 5,2022-02-10
2022-02-08,38.912407,-77.011982,Ward 5,2022-02-11
2022-02-08,38.904427,-77.001489,Ward 6,2022-02-22
2022-02-08,38.900866,-76.989007,Ward 6,2022-02-18
2022-02-08,38.875892,-77.010429,Ward 6,2022-02-17
2022-02-08,38.935903,-77.029962,Ward 1,2022-02-23
2022-02-08,38.925740,-77.026002,Ward 1,2022-02-14
2022-02-08,38.938507,-76.994676,Ward 5,2022-02-17
2022-02-09,38.912774,-77.022596,Ward 6,2022-02-22
2022-02-09,38.888175,-76.983393,Ward 7,2022-02-17
2022-02-09,38.928877,-76.964525,Ward 5,2022-02-14
2022-02-09,38.950999,-77.026756,Ward 4,2022-02-17
2022-02-09,38.952046,-77.010591,Ward 4,2022-02-14
2022-02-09,38.983279,-77.026566,Ward 4,2022-02-14
2022-02-09,38.949243,-77.018509,Ward 4,2022-02-14
2022-02-09,38.944700,-77.030541,Ward 4,2022-02-14
2022-02-09,38.943996,-77.032726,Ward 4,2022-02-14
2022-02-09,38.945261,-77.026003,Ward 4,2022-02-14
2022-02-09,38.882060,-76.981972,Ward 6,2022-02-22
2022-02-09,38.908874,-76.986645,Ward 5,2022-02-28
2022-02-09,38.902450,-76.984628,Ward 5,2022-02-22
2022-02-09,38.979190,-77.026186,Ward 4,2022-02-18
2022-02-09,38.979190,-77.026186,Ward 4,2022-02-18
2022-02-09,38.979190,-77.026186,Ward 4,2022-02-18
2022-02-09,38.979190,-77.026186,Ward 4,2022-02-18
2022-02-09,38.873455,-76.972056,Ward 7,2022-03-04
2022-02-09,38.845797,-76.995122,Ward 8,2022-02-11
2022-02-09,38.966903,-77.027115,Ward 4,2022-02-24
2022-02-09,38.955972,-77.019622,Ward 4,2022-02-22
2022-02-09,38.914832,-77.043426,Ward 2,2022-02-14
2022-02-09,38.930917,-76.978070,Ward 5,2022-02-23
2022-02-09,38.922428,-77.027036,Ward 1,2022-02-23
2022-02-09,38.903054,-76.935259,Ward 7,2022-03-09
2022-02-09,38.903449,-76.935360,Ward 7,2022-02-14
2022-02-09,38.846944,-77.002300,Ward 8,2022-02-23
2022-02-09,38.839042,-77.005600,Ward 8,2022-02-22
2022-02-09,38.848098,-77.005307,Ward 8,2022-02-22
2022-02-09,38.847916,-77.001525,Ward 8,2022-02-23
2022-02-09,38.847458,-77.001604,Ward 8,2022-02-23
2022-02-09,38.847333,-77.001360,Ward 8,2022-02-23
2022-02-09,38.845334,-76.997525,Ward 8,2022-03-04
2022-02-09,38.842901,-77.003237,Ward 8,2022-02-23
2022-02-09,38.843006,-77.002868,Ward 8,2022-02-23
2022-02-09,38.844526,-76.998967,Ward 8,2022-02-23
2022-02-09,38.932554,-77.028617,Ward 1,2022-02-17
2022-02-09,38.887806,-76.938242,Ward 7,2022-02-24
2022-02-09,38.916808,-77.004192,Ward 5,2022-02-23
2022-02-09,38.948550,-76.992954,Ward 5,2022-02-15
2022-02-09,38.848019,-76.970885,Ward 8,2022-02-11
2022-02-09,38.931641,-77.018790,Ward 1,2022-02-15
2022-02-09,38.868457,-76.989608,Ward 8,2022-03-07
2022-02-09,38.869374,-76.990805,Ward 8,2022-02-14
2022-02-09,38.922177,-77.011343,Ward 5,2022-02-25
2022-02-09,38.882385,-76.981189,Ward 6,2022-02-17
2022-02-09,38.877431,-76.962345,Ward 7,2022-03-08
2022-02-09,38.905246,-77.068251,Ward 2,2022-03-03
2022-02-09,38.944281,-77.027316,Ward 4,2022-03-01
2022-02-10,38.947764,-77.023380,Ward 4,2022-02-22
2022-02-10,38.928029,-77.025596,Ward 1,2022-02-15
2022-02-10,38.931855,-77.022951,Ward 1,2022-02-23
2022-02-10,38.917920,-77.010111,Ward 5,2022-02-15
2022-02-10,38.872983,-76.970588,Ward 7,2022-03-08
2022-02-10,38.908930,-76.983221,Ward 5,2022-02-23
2022-02-10,38.927651,-77.024157,Ward 1,2022-02-14
2022-02-10,38.953687,-77.026196,Ward 4,2022-02-18
2022-02-10,38.920921,-76.985003,Ward 5,2022-02-25
2022-02-10,38.920964,-76.984904,Ward 5,2022-02-25
2022-02-10,38.927849,-77.021305,Ward 1,2022-02-22
2022-02-10,38.943560,-77.007166,Ward 5,2022-02-28
2022-02-10,38.928217,-76.975923,Ward 5,2022-02-17
2022-02-10,38.952906,-77.027572,Ward 4,2022-02-18
2022-02-10,38.949498,-76.991686,Ward 5,2022-02-17
2022-02-10,38.933057,-76.961975,Ward 5,2022-02-17
2022-02-10,38.909824,-77.013600,Ward 5,2022-02-17
2022-02-10,38.911860,-77.005563,Ward 5,2022-02-17
2022-02-10,38.916799,-77.001087,Ward 5,2022-02-17
2022-02-10,38.848580,-77.000653,Ward 8,2022-02-23
2022-02-10,38.920393,-76.985611,Ward 5,2022-02-17
2022-02-10,38.882648,-76.982059,Ward 7,2022-02-22
2022-02-10,38.874468,-77.010323,Ward 6,2022-02-17
2022-02-10,38.913868,-77.014754,Ward 5,2022-02-17
2022-02-10,38.927446,-77.028567,Ward 1,2022-02-23
2022-02-10,38.958542,-77.030653,Ward 4,2022-02-17
2022-02-10,38.958542,-77.030653,Ward 4,2022-02-17
2022-02-10,38.913523,-77.029999,Ward 2,2022-02-12
2022-02-10,38.944281,-77.027316,Ward 4,2022-03-01
2022-02-10,38.955526,-76.999488,Ward 5,2022-02-16
2022-02-10,38.918303,-77.001560,Ward 5,2022-02-17
2022-02-10,38.907759,-77.009702,Ward 5,2022-03-03
2022-02-10,38.908424,-77.032191,Ward 2,2022-03-03
2022-02-10,38.962319,-77.028971,Ward 4,2022-02-18
2022-02-10,38.825863,-77.011793,Ward 8,2022-02-11
2022-02-10,38.931060,-77.041036,Ward 1,2022-02-15
2022-02-10,38.827936,-77.011291,Ward 8,2022-02-11
2022-02-10,38.852784,-76.965959,Ward 8,2022-03-04
2022-02-10,38.966903,-77.027115,Ward 4,2022-02-24
2022-02-10,38.893308,-76.927695,Ward 7,2022-02-17
2022-02-10,38.905175,-76.985486,Ward 5,2022-02-28
2022-02-10,38.969723,-77.013145,Ward 4,2022-02-22
2022-02-10,38.934569,-77.027200,Ward 1,2022-02-22
2022-02-10,38.912025,-77.010758,Ward 5,2022-02-23
2022-02-10,38.912407,-77.011982,Ward 5,2022-02-11
2022-02-10,38.936040,-77.022737,Ward 1,2022-02-22
2022-02-10,38.931394,-77.000559,Ward 5,2022-02-23
2022-02-10,38.831991,-77.011032,Ward 8,2022-02-22
2022-02-10,38.833795,-77.004283,Ward 8,2022-02-23
2022-02-10,38.834824,-77.004639,Ward 8,2022-02-23
2022-02-10,38.832093,-77.010959,Ward 8,2022-02-22
2022-02-10,38.845576,-76.995027,Ward 8,2022-02-22
2022-02-10,38.827196,-76.998716,Ward 8,2022-02-22
2022-02-10,38.925740,-77.026002,Ward 1,2022-02-14
2022-02-10,38.868055,-76.972673,Ward 8,2022-03-04
2022-02-10,38.906973,-76.988143,Ward 5,2022-02-23
2022-02-10,38.940412,-77.026675,Ward 4,2022-02-18
2022-02-10,38.892556,-76.952429,Ward 7,2022-02-11
2022-02-10,38.927446,-77.028567,Ward 1,2022-02-22
2022-02-10,38.923340,-77.039125,Ward 1,2022-02-22
2022-02-10,38.944779,-77.069848,Ward 3,2022-03-02
2022-02-10,38.913620,-76.990280,Ward 5,2022-02-23
2022-02-10,38.928477,-76.978954,Ward 5,2022-02-17
2022-02-10,38.978197,-77.026881,Ward 4,2022-02-17
2022-02-10,38.894906,-76.985243,Ward 6,2022-03-08
2022-02-10,38.925663,-77.026212,Ward 1,2022-02-22
2022-02-10,38.914566,-77.026350,Ward 1,2022-02-22
2022-02-10,38.893762,-76.990999,Ward 6,2022-02-22
2022-02-10,38.917195,-77.005424,Ward 5,2022-02-23
2022-02-10,38.855718,-76.967558,Ward 8,2022-02-11
2022-02-10,38.878243,-76.928499,Ward 7,2022-02-24
2022-02-10,38.904591,-76.988675,Ward 5,2022-02-25
2022-02-10,38.854304,-76.965924,Ward 8,2022-02-11
2022-02-10,38.965410,-77.020399,Ward 4,2022-02-22
2022-02-10,38.914560,-77.029894,Ward 1,2022-02-23
2022-02-10,38.868425,-76.987885,Ward 8,2022-03-04
2022-02-10,38.875096,-76.966103,Ward 7,2022-03-03
2022-02-11,38.932537,-76.990998,Ward 5,2022-02-15
2022-02-11,38.962519,-77.022634,Ward 4,2022-02-17
2022-02-11,38.895266,-76.919381,Ward 7,2022-02-17
2022-02-11,38.878557,-77.014950,Ward 6,2022-02-17
2022-02-11,38.933212,-77.021459,Ward 1,2022-03-10
2022-02-11,38.908006,-76.986249,Ward 5,2022-02-25
2022-02-11,38.904910,-76.981929,Ward 5,2022-02-23
2022-02-11,38.904591,-76.988675,Ward 5,2022-02-25
2022-02-11,38.932791,-77.028488,Ward 1,2022-02-22
2022-02-11,38.915536,-77.019768,Ward 1,2022-02-23
2022-02-11,38.961486,-76.999572,Ward 4,2022-02-17
2022-02-11,38.908375,-77.011235,Ward 5,2022-02-23
2022-02-11,38.950792,-77.020693,Ward 4,2022-02-23
2022-02-11,38.906876,-76.979839,Ward 5,2022-02-23
2022-02-11,38.903122,-77.002040,Ward 6,2022-02-22
2022-02-11,38.906486,-77.033164,Ward 2,2022-02-17
2022-02-11,38.894178,-76.985507,Ward 6,2022-02-23
2022-02-11,38.913449,-77.015761,Ward 5,2022-02-23
2022-02-11,38.944265,-77.011928,Ward 4,2022-02-24
2022-02-11,38.904208,-76.980038,Ward 5,2022-02-23
2022-02-11,38.930288,-76.961405,Ward 5,2022-03-03
2022-02-11,38.825863,-77.011793,Ward 8,2022-02-23
2022-02-11,38.827051,-77.006422,Ward 8,2022-02-23
2022-02-11,38.826807,-77.006362,Ward 8,2022-03-07
2022-02-11,38.826231,-77.006169,Ward 8,2022-02-23
2022-02-11,38.826816,-77.009536,Ward 8,2022-02-23
2022-02-11,38.826242,-77.009599,Ward 8,2022-03-04
2022-02-11,38.824187,-77.009282,Ward 8,2022-02-23
2022-02-11,38.824211,-77.008981,Ward 8,2022-02-23
2022-02-11,38.932867,-76.964566,Ward 5,2022-02-22
2022-02-11,38.872876,-76.948680,Ward 7,2022-03-04
2022-02-11,38.908016,-77.026230,Ward 2,2022-03-03
2022-02-11,38.918643,-77.013539,Ward 5,2022-03-08
2022-02-11,38.894558,-76.922438,Ward 7,2022-02-18
2022-02-11,38.923025,-77.037991,Ward 1,2022-02-28
2022-02-11,38.856296,-76.967658,Ward 8,2022-02-24
2022-02-11,38.922097,-77.044049,Ward 1,2022-02-23
2022-02-11,38.921550,-77.044489,Ward 1,2022-02-23
2022-02-11,38.829429,-76.996968,Ward 8,2022-03-07
2022-02-11,38.831571,-77.010943,Ward 8,2022-02-22
2022-02-11,38.867353,-76.946584,Ward 7,2022-03-04
2022-02-11,38.871752,-77.011970,Ward 6,2022-02-22
2022-02-11,38.894593,-76.989312,Ward 6,2022-02-22
2022-02-11,38.866263,-76.946086,Ward 7,2022-03-08
2022-02-11,38.954068,-77.008665,Ward 5,2022-02-16
2022-02-11,38.871752,-77.011970,Ward 6,2022-02-22
2022-02-11,38.870201,-77.011838,Ward 6,2022-02-22
2022-02-11,38.942419,-76.993793,Ward 5,2022-02-15
2022-02-11,38.906997,-76.929804,Ward 7,2022-02-17
2022-02-11,38.933674,-77.021668,Ward 1,2022-02-15
2022-02-11,38.822236,-77.001604,Ward 8,2022-02-23
2022-02-11,38.929714,-77.018585,Ward 1,2022-02-22
2022-02-11,38.948861,-77.017230,Ward 4,2022-02-24
2022-02-11,38.903075,-76.924488,Ward 7,2022-02-17
2022-02-12,38.895133,-76.949160,Ward 7,2022-02-17
2022-02-12,38.863198,-76.989664,Ward 8,2022-03-04
2022-02-12,38.899052,-77.025986,Ward 2,2022-02-17
2022-02-12,38.876833,-76.967344,Ward 7,2022-02-24
2022-02-12,38.965628,-77.054747,Ward 4,2022-03-01
2022-02-12,38.881855,-77.002210,Ward 6,2022-02-22
2022-02-12,38.949668,-77.038157,Ward 4,2022-03-01
2022-02-12,38.905358,-76.985920,Ward 5,2022-02-23
2022-02-12,38.927420,-77.029472,Ward 1,2022-02-22
2022-02-12,38.908263,-77.024163,Ward 2,2022-03-03
2022-02-12,38.914454,-77.009378,Ward 5,2022-02-23
2022-02-12,38.930710,-77.025419,Ward 1,2022-02-22
2022-02-12,38.970504,-77.029399,Ward 4,2022-02-24
2022-02-12,38.903871,-76.995202,Ward 6,2022-02-18
2022-02-12,38.940728,-76.995627,Ward 5,2022-03-07
2022-02-12,38.927832,-77.040571,Ward 1,2022-02-18
2022-02-12,38.913275,-76.985908,Ward 5,2022-02-22
2022-02-12,38.930320,-77.040252,Ward 1,2022-03-17
2022-02-12,38.899562,-76.943958,Ward 7,2022-02-17
2022-02-12,38.905090,-77.031568,Ward 2,2022-03-03
2022-02-12,38.952410,-76.989257,Ward 5,2022-02-23
2022-02-12,38.903755,-76.924962,Ward 7,2022-02-17
2022-02-13,38.878583,-76.928130,Ward 7,2022-03-04
2022-02-13,38.887583,-76.928140,Ward 7,2022-03-04
2022-02-13,38.888209,-76.927538,Ward 7,2022-03-08
2022-02-13,38.881803,-76.924027,Ward 7,2022-03-08
2022-02-13,38.894345,-76.985243,Ward 6,2022-02-23
2022-02-13,38.929084,-77.107979,Ward 3,2022-03-02
2022-02-13,38.864461,-76.986389,Ward 8,2022-02-14
2022-02-13,38.878557,-76.989398,Ward 6,2022-02-22
2022-02-13,38.920409,-77.031171,Ward 1,2022-02-22
2022-02-13,38.931090,-77.019916,Ward 1,2022-02-15
2022-02-13,38.944302,-77.024441,Ward 4,2022-02-24
2022-02-13,38.957862,-77.007455,Ward 4,2022-02-24
2022-02-13,38.878583,-76.928130,Ward 7,2022-03-04
2022-02-13,38.871687,-76.947041,Ward 7,2022-03-04
2022-02-13,38.909712,-76.985570,Ward 5,2022-02-25
2022-02-13,38.920172,-77.073186,Ward 3,2022-02-15
2022-02-13,38.902133,-76.943103,Ward 7,2022-02-17
2022-02-13,38.925740,-77.026002,Ward 1,2022-02-14
2022-02-13,38.900106,-76.936824,Ward 7,2022-02-14
2022-02-13,38.892236,-76.975955,Ward 6,2022-02-22
2022-02-13,38.892236,-76.975955,Ward 6,2022-02-22
2022-02-13,38.912349,-77.028381,Ward 2,2022-03-03
2022-02-14,38.945062,-77.032726,Ward 4,2022-02-23
2022-02-14,38.868424,-76.986884,Ward 8,2022-03-04
2022-02-14,38.907571,-76.984005,Ward 5,2022-02-22
2022-02-14,38.979662,-77.025921,Ward 4,2022-02-18
2022-02-14,38.906719,-76.979941,Ward 5,2022-02-23
2022-02-14,38.884259,-76.931575,Ward 7,2022-02-17
2022-02-14,38.923228,-76.974931,Ward 5,2022-02-18
2022-02-14,38.914156,-77.015372,Ward 5,2022-02-23
2022-02-14,38.918108,-77.006948,Ward 5,2022-02-18
2022-02-14,38.943715,-77.014475,Ward 4,2022-02-17
2022-02-14,38.929089,-76.984988,Ward 5,2022-02-18
2022-02-14,38.862056,-76.990815,Ward 8,2022-03-04
2022-02-14,38.862612,-76.990719,Ward 8,2022-03-04
2022-02-14,38.925756,-77.068634,Ward 3,2022-03-03
2022-02-14,38.909775,-76.978365,Ward 5,2022-02-22
2022-02-14,38.881463,-76.980959,Ward 6,2022-02-22
2022-02-14,38.966185,-77.006467,Ward 4,2022-02-22
2022-02-14,38.912510,-76.986836,Ward 5,2022-02-22
2022-02-14,38.903096,-76.995209,Ward 6,2022-02-22
2022-02-14,38.893271,-76.984358,Ward 6,2022-02-22
2022-02-14,38.913017,-76.986458,Ward 5,2022-02-23
2022-02-14,38.964497,-77.011548,Ward 4,2022-02-17
2022-02-14,38.930803,-77.021184,Ward 1,2022-02-25
2022-02-14,38.964952,-77.028153,Ward 4,2022-02-25
2022-02-14,38.904171,-76.982802,Ward 5,2022-02-16
2022-02-14,38.886098,-76.924844,Ward 7,2022-03-04
2022-02-14,38.912459,-76.985740,Ward 5,2022-02-22
2022-02-14,38.904591,-76.988675,Ward 5,2022-02-25
2022-02-14,38.909379,-76.984360,Ward 5,2022-02-23
2022-02-14,38.922373,-77.009043,Ward 5,2022-02-25
2022-02-14,38.840942,-77.004940,Ward 8,2022-03-04
2022-02-14,38.894467,-76.985732,Ward 6,2022-02-18
2022-02-14,38.840828,-77.004611,Ward 8,2022-03-04
2022-02-14,38.841893,-77.001616,Ward 8,2022-02-24
2022-02-14,38.841184,-77.000290,Ward 8,2022-02-22
2022-02-14,38.838512,-77.001362,Ward 8,2022-02-23
2022-02-14,38.838149,-77.003024,Ward 8,2022-03-04
2022-02-14,38.837789,-77.003042,Ward 8,2022-02-23
2022-02-14,38.903329,-77.011931,Ward 6,2022-02-22
2022-02-14,38.838141,-77.003744,Ward 8,2022-02-18
2022-02-14,38.834485,-77.006376,Ward 8,2022-02-22
2022-02-14,38.832787,-77.007393,Ward 8,2022-02-22
2022-02-14,38.917183,-77.006429,Ward 5,2022-02-17
2022-02-14,38.824552,-77.010545,Ward 8,2022-02-22
2022-02-14,38.920447,-77.003754,Ward 5,2022-02-17
2022-02-14,38.824558,-77.009974,Ward 8,2022-02-22
2022-02-14,38.914372,-77.028866,Ward 1,2022-02-22
2022-02-14,38.896117,-76.982214,Ward 7,2022-02-22
2022-02-14,38.846128,-77.000590,Ward 8,2022-02-15
2022-02-14,38.902140,-76.921231,Ward 7,2022-02-17
2022-02-14,38.905860,-76.987102,Ward 5,2022-02-23
2022-02-14,38.908981,-76.985478,Ward 5,2022-02-17
2022-02-14,38.931607,-77.028437,Ward 1,2022-02-23
2022-02-14,38.901636,-77.052437,Ward 2,2022-03-03
2022-02-14,38.934406,-76.964243,Ward 5,2022-02-15
2022-02-14,38.913862,-77.015071,Ward 5,2022-02-23
2022-02-14,38.901636,-77.052437,Ward 2,2022-03-03
2022-02-14,38.907137,-76.987772,Ward 5,2022-02-28
2022-02-14,38.890557,-76.995214,Ward 6,2022-02-24
2022-02-14,38.911603,-77.031658,Ward 2,2022-02-17
2022-02-14,38.902871,-76.922608,Ward 7,2022-02-17
2022-02-14,38.928877,-76.964525,Ward 5,2022-02-18
2022-02-14,38.887111,-76.981033,Ward 6,2022-02-24
2022-02-15,38.854583,-76.966878,Ward 8,2022-03-04
2022-02-15,38.911859,-77.010254,Ward 5,2022-03-07
2022-02-15,38.892499,-76.937559,Ward 7,2022-02-17
2022-02-15,38.923228,-76.974931,Ward 5,2022-02-18
2022-02-15,38.853208,-76.964889,Ward 8,2022-02-24
2022-02-15,38.907453,-76.988855,Ward 5,2022-02-23
2022-02-15,38.880341,-76.993534,Ward 6,2022-02-22
2022-02-15,38.880563,-76.993530,Ward 6,2022-02-24
2022-02-15,38.935805,-77.030009,Ward 1,2022-02-23
2022-02-15,38.944285,-77.078103,Ward 3,2022-02-15
2022-02-15,38.947711,-77.022693,Ward 4,2022-02-17
2022-02-15,38.930441,-77.002448,Ward 5,2022-02-25
2022-02-15,38.929635,-77.037394,Ward 1,2022-02-18
2022-02-15,38.957662,-77.016165,Ward 4,2022-02-17
2022-02-15,38.944285,-77.078103,Ward 3,2022-03-02
2022-02-15,38.968809,-77.031224,Ward 4,2022-02-17
2022-02-15,38.913338,-77.002036,Ward 5,2022-02-23
2022-02-15,38.937343,-77.032730,Ward 4,2022-02-17
2022-02-15,38.942456,-77.032994,Ward 4,2022-02-17
2022-02-15,38.942126,-77.033002,Ward 4,2022-02-17
2022-02-15,38.964769,-77.022062,Ward 4,2022-02-17
2022-02-15,38.922718,-76.982686,Ward 5,2022-02-23
2022-02-15,38.920893,-76.987270,Ward 5,2022-02-25
2022-02-15,38.912450,-76.987126,Ward 5,2022-02-22
2022-02-15,38.926872,-76.995237,Ward 5,2022-02-16
2022-02-15,38.934447,-77.022740,Ward 1,2022-02-18
2022-02-15,38.896748,-76.975554,Ward 7,2022-02-24
2022-02-15,38.937829,-77.023912,Ward 4,2022-02-25
2022-02-15,38.926154,-77.024277,Ward 1,2022-02-23
2022-02-15,38.925299,-77.023501,Ward 1,2022-02-22
2022-02-15,38.925946,-77.023425,Ward 1,2022-02-28
2022-02-15,38.926236,-77.023069,Ward 1,2022-02-28
2022-02-15,38.917233,-76.977786,Ward 5,2022-02-25
2022-02-15,38.926667,-77.009044,Ward 5,2022-02-15
2022-02-15,38.916995,-77.000569,Ward 5,2022-02-23
2022-02-15,38.933674,-77.033224,Ward 1,2022-02-23
2022-02-15,38.929365,-77.019581,Ward 1,2022-02-22
2022-02-15,38.913885,-77.011283,Ward 5,2022-02-23
2022-02-15,38.913885,-77.011283,Ward 5,2022-02-23
2022-02-15,38.881435,-77.027482,Ward 6,2022-03-10
2022-02-15,38.938267,-77.019272,Ward 4,2022-02-24
2022-02-15,38.932635,-77.077970,Ward 3,2022-03-02
2022-02-15,38.851789,-76.981932,Ward 8,2022-02-16
2022-02-15,38.824635,-77.008356,Ward 8,2022-02-22
2022-02-15,38.923767,-77.027038,Ward 1,2022-02-23
2022-02-15,38.824973,-77.009107,Ward 8,2022-02-22
2022-02-15,38.850172,-76.974197,Ward 8,2022-03-04
2022-02-15,38.852267,-76.963470,Ward 8,2022-02-24
2022-02-15,38.845363,-76.983573,Ward 8,2022-02-24
2022-02-15,38.858711,-76.993956,Ward 8,2022-03-04
2022-02-15,38.896354,-76.942310,Ward 7,2022-02-25
2022-02-15,38.910214,-77.011069,Ward 5,2022-02-23
2022-02-15,38.909642,-77.015185,Ward 5,2022-02-23
2022-02-15,38.911120,-77.016499,Ward 5,2022-02-23
2022-02-15,38.911785,-77.011902,Ward 5,2022-02-28
2022-02-15,38.915003,-77.002624,Ward 5,2022-02-23
2022-02-15,38.915877,-76.999868,Ward 5,2022-02-23
2022-02-15,38.919344,-76.984413,Ward 5,2022-02-23
2022-02-15,38.845274,-77.000882,Ward 8,2022-02-16
2022-02-15,38.931293,-76.986247,Ward 5,2022-02-23
2022-02-15,38.916280,-77.005819,Ward 5,2022-02-23
2022-02-15,38.929033,-76.976222,Ward 5,2022-02-23
2022-02-15,38.924506,-76.965656,Ward 5,2022-02-25
2022-02-15,38.926667,-77.009044,Ward 5,2022-02-25
2022-02-15,38.885559,-76.925781,Ward 7,2022-03-08
2022-02-15,38.921598,-77.011893,Ward 5,2022-02-16
2022-02-15,38.920157,-76.990306,Ward 5,2022-02-25
2022-02-15,38.912032,-77.006368,Ward 5,2022-02-23
2022-02-15,38.956980,-77.022590,Ward 4,2022-02-17
2022-02-15,38.922858,-76.962214,Ward 5,2022-02-23
2022-02-15,38.918617,-77.014430,Ward 5,2022-02-24
2022-02-15,38.921306,-77.009042,Ward 5,2022-02-25
2022-02-15,38.927679,-77.013752,Ward 5,2022-02-25
2022-02-15,38.943216,-77.022452,Ward 4,2022-02-17
2022-02-15,38.962186,-77.001054,Ward 4,2022-02-22
2022-02-15,38.907416,-77.011719,Ward 5,2022-02-23
2022-02-15,38.949591,-77.014754,Ward 4,2022-02-17
2022-02-15,38.935965,-77.030581,Ward 1,2022-02-18
2022-02-15,38.955628,-77.010334,Ward 4,2022-02-17
2022-02-15,38.949003,-77.017237,Ward 4,2022-02-17
2022-02-15,38.935104,-77.023306,Ward 1,2022-02-23
2022-02-15,38.921826,-77.026747,Ward 1,2022-03-01
2022-02-15,38.919325,-77.049057,Null,2022-02-18
2022-02-15,38.934434,-77.022871,Ward 1,2022-02-18
2022-02-15,38.927628,-77.035481,Ward 1,2022-02-28
2022-02-15,38.907689,-76.988166,Ward 5,2022-02-28
2022-02-15,38.868947,-76.980238,Ward 8,2022-02-23
2022-02-15,38.943216,-77.022452,Ward 4,2022-02-17
2022-02-15,38.910497,-77.041893,Ward 2,2022-03-03
2022-02-16,38.915825,-77.040533,Ward 2,2022-02-17
2022-02-16,38.888837,-76.927539,Ward 7,2022-02-24
2022-02-16,38.905409,-76.944409,Ward 7,2022-02-23
2022-02-16,38.967369,-77.032011,Ward 4,2022-02-22
2022-02-16,38.885076,-76.947945,Ward 7,2022-03-08
2022-02-16,38.920625,-77.027361,Ward 1,2022-02-23
2022-02-16,38.954729,-76.994124,Ward 5,2022-02-24
2022-02-16,38.932458,-77.018909,Ward 1,2022-02-23
2022-02-16,38.919025,-77.026451,Ward 1,2022-02-23
2022-02-16,38.919839,-77.028679,Ward 1,2022-02-23
2022-02-16,38.919543,-77.028679,Ward 1,2022-02-28
2022-02-16,38.929277,-77.021602,Ward 1,2022-03-01
2022-02-16,38.933705,-77.022869,Ward 1,2022-02-23
2022-02-16,38.931506,-77.023316,Ward 1,2022-02-22
2022-02-16,38.931420,-77.022967,Ward 1,2022-02-22
2022-02-16,38.934470,-77.030213,Ward 1,2022-02-22
2022-02-16,38.890637,-76.958239,Ward 7,2022-02-23
2022-02-16,38.934025,-77.031375,Ward 1,2022-02-22
2022-02-16,38.897724,-76.998211,Ward 6,2022-02-22
2022-02-16,38.935472,-77.031785,Ward 1,2022-03-01
2022-02-16,38.899532,-76.944498,Ward 7,2022-02-24
2022-02-16,38.894169,-76.981983,Ward 7,2022-03-03
2022-02-16,38.936101,-77.029561,Ward 1,2022-02-28
2022-02-16,38.845308,-77.002159,Ward 8,2022-02-23
2022-02-16,38.845089,-77.001551,Ward 8,2022-02-23
2022-02-16,38.865950,-76.947078,Ward 7,2022-03-08
2022-02-16,38.845258,-76.999488,Ward 8,2022-02-23
2022-02-16,38.905422,-76.973408,Ward 5,2022-02-28
2022-02-16,38.913862,-77.015071,Ward 5,2022-02-23
2022-02-16,38.930380,-77.020071,Ward 1,2022-03-01
2022-02-16,38.885511,-76.922245,Ward 7,2022-02-18
2022-02-16,38.876016,-76.936662,Ward 7,2022-03-03
2022-02-16,38.880466,-76.929212,Ward 7,2022-03-14
2022-02-16,38.853808,-76.966272,Ward 8,2022-02-17
2022-02-16,38.904446,-76.988159,Ward 5,2022-02-28
2022-02-16,38.838278,-77.006253,Ward 8,2022-02-22
2022-02-16,38.844086,-76.996408,Ward 8,2022-02-22
2022-02-16,38.844197,-76.989867,Ward 8,2022-02-22
2022-02-16,38.842113,-76.988204,Ward 8,2022-02-23
2022-02-16,38.850462,-76.975063,Ward 8,2022-03-04
2022-02-16,38.856976,-76.972193,Ward 8,2022-03-04
2022-02-16,38.853864,-76.982901,Ward 8,2022-02-24
2022-02-16,38.953822,-77.016203,Ward 4,2022-02-17
2022-02-16,38.962307,-77.015916,Ward 4,2022-02-22
2022-02-16,38.922826,-77.026593,Ward 1,2022-03-01
2022-02-16,38.914249,-77.026652,Ward 1,2022-02-23
2022-02-16,38.906040,-77.013885,Ward 6,2022-02-22
2022-02-16,38.913044,-77.008084,Ward 5,2022-02-25
2022-02-16,38.912597,-77.005460,Ward 5,2022-02-23
2022-02-16,38.914479,-77.027035,Ward 1,2022-02-23
2022-02-16,38.930805,-77.038423,Ward 1,2022-03-01
2022-02-16,38.954077,-77.021060,Ward 4,2022-02-22
2022-02-16,38.948055,-77.033892,Ward 4,2022-02-22
2022-02-16,38.951882,-77.020229,Ward 4,2022-02-22
2022-02-16,38.940387,-77.027427,Ward 4,2022-02-22
2022-02-16,38.937151,-77.032170,Ward 4,2022-02-22
2022-02-16,38.937734,-77.033606,Ward 4,2022-02-22
2022-02-16,38.966903,-77.027115,Ward 4,2022-02-22
2022-02-16,38.956216,-77.028029,Ward 4,2022-02-22
2022-02-16,38.963727,-77.009694,Ward 4,2022-02-22
2022-02-16,38.943216,-77.022452,Ward 4,2022-02-17
2022-02-16,38.943245,-77.021211,Ward 4,2022-02-24
2022-02-16,38.892057,-76.929828,Ward 7,2022-02-25
2022-02-16,38.922428,-77.027036,Ward 1,2022-03-01
2022-02-16,38.882628,-76.934394,Ward 7,2022-02-18
2022-02-16,38.887942,-76.915698,Ward 7,2022-02-18
2022-02-16,38.902832,-76.929656,Ward 7,2022-02-28
2022-02-16,38.902029,-76.929771,Ward 7,2022-02-28
2022-02-16,38.844167,-76.990289,Ward 8,2022-02-18
2022-02-16,38.851061,-76.976013,Ward 8,2022-02-18
2022-02-16,38.891581,-76.985213,Ward 6,2022-02-24
2022-02-16,38.877380,-76.938048,Ward 7,2022-03-03
2022-02-17,38.933650,-77.032959,Ward 1,2022-02-23
2022-02-17,38.868424,-76.986884,Ward 8,2022-03-04
2022-02-17,38.895643,-76.981573,Ward 6,2022-02-24
2022-02-17,38.915731,-77.004578,Ward 5,2022-02-28
2022-02-17,38.937090,-77.028032,Ward 4,2022-02-23
2022-02-17,38.913832,-77.028453,Ward 2,2022-03-02
2022-02-17,38.967369,-77.032011,Ward 4,2022-02-22
2022-02-17,38.904472,-76.999758,Ward 6,2022-02-24
2022-02-17,38.910081,-77.016455,Null,2022-03-01
2022-02-17,38.910629,-77.041375,Ward 2,2022-03-02
2022-02-17,38.936006,-77.031029,Ward 1,2022-03-01
2022-02-17,38.930583,-77.031040,Ward 1,2022-03-01
2022-02-17,38.922712,-77.031285,Ward 1,2022-03-02
2022-02-17,38.935685,-77.030571,Ward 1,2022-03-01
2022-02-17,38.877584,-76.931262,Ward 7,2022-02-23
2022-02-17,38.925566,-77.004406,Ward 5,2022-02-23
2022-02-17,38.884936,-76.932004,Ward 7,2022-02-18
2022-02-17,38.935875,-77.029083,Ward 1,2022-02-24
2022-02-17,38.933240,-77.022783,Ward 1,2022-03-01
2022-02-17,38.907438,-77.040274,Ward 2,2022-02-17
2022-02-17,38.885322,-76.921314,Ward 7,2022-03-03
2022-02-17,38.935495,-77.019449,Ward 1,2022-03-01
2022-02-17,38.873957,-76.974187,Ward 7,2022-02-18
2022-02-17,38.926564,-77.025268,Ward 1,2022-03-01
2022-02-17,38.959276,-77.010447,Ward 4,2022-02-24
2022-02-17,38.850045,-76.966477,Ward 8,2022-02-24
2022-02-17,38.927872,-77.027602,Ward 1,2022-03-01
2022-02-17,38.899971,-76.994692,Ward 6,2022-02-25
2022-02-17,38.935351,-77.029499,Ward 1,2022-02-28
2022-02-17,38.943996,-77.026063,Ward 4,2022-02-24
2022-02-17,38.943996,-77.026063,Ward 4,2022-02-24
2022-02-17,38.933454,-77.029419,Ward 1,2022-02-28
2022-02-17,38.924019,-77.026073,Ward 1,2022-03-01
2022-02-17,38.894234,-76.935914,Ward 7,2022-02-24
2022-02-17,38.894234,-76.935914,Ward 7,2022-03-03
2022-02-17,38.917685,-77.043099,Ward 1,2022-02-24
2022-02-17,38.929124,-77.025135,Ward 1,2022-02-22
2022-02-17,38.830957,-77.002784,Ward 8,2022-02-18
2022-02-17,38.906913,-76.998379,Ward 5,2022-02-23
2022-02-17,38.908914,-76.985173,Ward 5,2022-03-01
2022-02-17,38.914253,-77.028347,Ward 1,2022-03-01
2022-02-17,38.899257,-76.981453,Ward 6,2022-03-13
2022-02-17,38.875267,-76.961431,Ward 7,2022-02-23
2022-02-17,38.953285,-77.021062,Ward 4,2022-02-23
2022-02-17,38.906898,-76.984754,Ward 5,2022-02-23
2022-02-17,38.932856,-77.034524,Ward 1,2022-02-24
2022-02-17,38.938935,-77.030413,Ward 4,2022-02-24
2022-02-17,38.904863,-76.988449,Ward 5,2022-02-23
2022-02-17,38.862496,-76.951795,Ward 7,2022-02-23
2022-02-17,38.903742,-76.986527,Ward 5,2022-02-28
2022-02-17,38.904086,-76.985911,Ward 5,2022-02-23
2022-02-17,38.845535,-77.000392,Ward 8,2022-02-24
2022-02-17,38.862729,-76.951891,Ward 7,2022-02-24
2022-02-17,38.905243,-76.985648,Ward 5,2022-03-03
2022-02-17,38.845833,-76.999297,Ward 8,2022-02-24
2022-02-17,38.906898,-76.984754,Ward 5,2022-02-23
2022-02-17,38.845312,-77.001461,Ward 8,2022-02-24
2022-02-17,38.845443,-76.996803,Ward 8,2022-02-22
2022-02-17,38.842793,-77.003358,Ward 8,2022-02-23
2022-02-17,38.906732,-76.985915,Ward 5,2022-02-28
2022-02-17,38.871848,-76.976060,Ward 8,2022-03-04
2022-02-17,38.847486,-76.982490,Ward 8,2022-03-04
2022-02-17,38.843861,-76.992008,Ward 8,2022-03-04
2022-02-17,38.873031,-76.971155,Ward 8,2022-03-04
2022-02-17,38.866276,-76.970213,Null,2022-03-11
2022-02-17,38.914295,-77.042560,Ward 2,2022-03-03
2022-02-17,38.903718,-76.986468,Ward 5,2022-03-14
2022-02-17,38.910104,-76.985856,Ward 5,2022-02-28
2022-02-17,38.907438,-77.040274,Ward 2,2022-03-03
2022-02-17,38.909578,-76.983963,Ward 5,2022-03-01
2022-02-17,38.908027,-76.986747,Ward 5,2022-02-28
2022-02-17,38.904022,-76.989573,Ward 5,2022-02-28
2022-02-17,38.907064,-77.014813,Ward 6,2022-02-22
2022-02-17,38.910242,-77.011935,Ward 5,2022-02-24
2022-02-17,38.915842,-77.002332,Ward 5,2022-02-23
2022-02-17,38.904972,-76.982768,Ward 5,2022-02-28
2022-02-17,38.917923,-77.002685,Ward 5,2022-02-23
2022-02-17,38.856296,-76.967658,Ward 8,2022-03-07
2022-02-17,38.914374,-77.031583,Ward 1,2022-02-23
2022-02-17,38.904658,-76.981713,Ward 5,2022-02-28
2022-02-17,38.891352,-76.924322,Ward 7,2022-02-24
2022-02-17,38.905797,-76.981473,Ward 5,2022-02-28
2022-02-17,38.872009,-76.964768,Ward 7,2022-02-23
2022-02-17,38.921310,-77.004220,Ward 5,2022-02-25
2022-02-17,38.902744,-76.983437,Ward 5,2022-02-28
2022-02-17,38.876751,-76.961042,Ward 7,2022-02-24
2022-02-17,38.926336,-77.006290,Ward 5,2022-02-23
2022-02-17,38.915837,-77.028263,Ward 1,2022-02-23
2022-02-17,38.920670,-77.012446,Ward 5,2022-02-24
2022-02-17,38.917186,-77.014334,Ward 5,2022-02-23
2022-02-17,38.909834,-77.015405,Ward 5,2022-02-23
2022-02-17,38.908981,-77.015425,Ward 5,2022-02-24
2022-02-17,38.909419,-77.013886,Ward 5,2022-02-23
2022-02-17,38.901232,-76.983426,Ward 5,2022-02-28
2022-02-17,38.913150,-77.006792,Ward 5,2022-02-28
2022-02-17,38.910136,-77.015966,Ward 5,2022-02-24
2022-02-17,38.920987,-77.012852,Ward 5,2022-02-25
2022-02-17,38.943020,-77.014871,Ward 4,2022-02-24
2022-02-17,38.861033,-76.963944,Ward 7,2022-02-24
2022-02-17,38.955580,-77.018034,Ward 4,2022-02-22
2022-02-17,38.936500,-77.025458,Ward 4,2022-02-22
2022-02-17,38.951614,-77.010080,Ward 4,2022-02-24
2022-02-17,38.950251,-77.025699,Ward 4,2022-02-22
2022-02-17,38.847345,-76.983538,Ward 8,2022-03-04
2022-02-17,38.867188,-76.962010,Ward 7,2022-03-09
2022-02-17,38.916456,-77.011899,Ward 5,2022-02-28
2022-02-17,38.937276,-77.024210,Ward 4,2022-02-24
2022-02-17,38.882385,-76.981189,Ward 6,2022-02-24
2022-02-17,38.936942,-77.024172,Ward 4,2022-02-24
2022-02-17,38.909986,-76.985389,Ward 5,2022-02-28
2022-02-17,38.906248,-77.013057,Ward 5,2022-02-25
2022-02-17,38.885624,-77.003819,Ward 6,2022-02-24
2022-02-18,38.910659,-77.011912,Ward 5,2022-02-28
2022-02-18,38.886201,-76.997344,Ward 6,2022-02-24
2022-02-18,38.923985,-77.026504,Ward 1,2022-03-02
2022-02-18,38.828446,-77.011733,Ward 8,2022-03-04
2022-02-18,38.922177,-77.026761,Ward 1,2022-03-02
2022-02-18,38.893620,-76.922928,Ward 7,2022-02-28
2022-02-18,38.890506,-76.981036,Ward 6,2022-02-23
2022-02-18,38.925309,-77.023439,Ward 1,2022-03-02
2022-02-18,38.903359,-76.983327,Ward 5,2022-03-02
2022-02-18,38.935888,-77.034510,Ward 1,2022-02-23
2022-02-18,38.947432,-77.018421,Ward 4,2022-02-24
2022-02-18,38.912025,-77.010758,Ward 5,2022-02-25
2022-02-18,38.892865,-76.944782,Ward 7,2022-03-08
2022-02-18,38.908357,-76.987008,Ward 5,2022-03-01
2022-02-18,38.916833,-77.007075,Ward 5,2022-02-23
2022-02-18,38.916052,-77.020726,Ward 1,2022-03-02
2022-02-18,38.878583,-76.928130,Ward 7,2022-03-04
2022-02-18,38.888209,-76.927538,Ward 7,2022-03-08
2022-02-18,38.887583,-76.928140,Ward 7,2022-03-04
2022-02-18,38.893575,-76.985509,Ward 6,2022-02-28
2022-02-18,38.876859,-76.929932,Ward 7,2022-03-03
2022-02-18,38.845361,-76.971301,Ward 8,2022-03-04
2022-02-18,38.880396,-76.983915,Ward 6,2022-02-24
2022-02-18,38.877628,-76.930975,Ward 7,2022-03-14
2022-02-18,38.919900,-77.025800,Ward 1,2022-03-02
2022-02-18,38.920921,-76.985003,Ward 5,2022-02-25
2022-02-18,38.942124,-77.023909,Ward 4,2022-02-24
2022-02-18,38.934718,-77.028100,Ward 1,2022-03-04
2022-02-18,38.868242,-76.976159,Ward 8,2022-03-04
2022-02-18,38.852784,-76.965959,Ward 8,2022-03-04
2022-02-18,38.854216,-76.965683,Ward 8,2022-03-04
2022-02-18,38.839203,-76.996333,Ward 8,2022-03-04
2022-02-18,38.828452,-77.012333,Ward 8,2022-03-04
2022-02-18,38.830413,-77.012962,Ward 8,2022-03-04
2022-02-18,38.933857,-77.022053,Ward 1,2022-03-02
2022-02-18,38.895933,-76.982058,Ward 6,2022-03-08
2022-02-18,38.922045,-77.079508,Ward 3,2022-02-28
2022-02-18,38.900086,-76.939458,Ward 7,2022-02-23
2022-02-18,38.899340,-76.975001,Ward 5,2022-03-01
2022-02-18,38.876332,-76.967111,Ward 7,2022-03-08
2022-02-18,38.899340,-76.975001,Ward 5,2022-03-01
2022-02-18,38.899677,-76.977702,Ward 5,2022-02-28
2022-02-18,38.910972,-76.987853,Ward 5,2022-03-01
2022-02-18,38.912773,-76.986601,Ward 5,2022-03-03
2022-02-18,38.907234,-77.012912,Ward 5,2022-02-23
2022-02-18,38.909809,-76.987802,Ward 5,2022-02-23
2022-02-18,38.915356,-77.010755,Ward 5,2022-02-23
2022-02-18,38.927922,-76.981026,Ward 5,2022-02-23
2022-02-18,38.929305,-76.977519,Ward 5,2022-02-23
2022-02-18,38.922877,-76.972585,Ward 5,2022-02-23
2022-02-18,38.884295,-76.988816,Ward 6,2022-03-03
2022-02-18,38.878127,-76.943238,Ward 7,2022-03-09
2022-02-18,38.925962,-77.023340,Ward 1,2022-03-02
2022-02-18,38.902585,-76.935482,Ward 7,2022-02-24
2022-02-18,38.960033,-77.032826,Ward 4,2022-02-24
2022-02-18,38.912549,-76.989925,Ward 5,2022-03-07
2022-02-18,38.898973,-76.920725,Ward 7,2022-03-30
2022-02-19,38.898434,-76.994730,Ward 6,2022-02-24
2022-02-19,38.949999,-77.023926,Ward 4,2022-02-24
2022-02-19,38.899986,-76.974823,Ward 5,2022-03-08
2022-02-19,38.843861,-76.992008,Ward 8,2022-03-04
2022-02-19,38.919324,-77.032259,Ward 1,2022-03-02
2022-02-19,38.830925,-77.008024,Ward 8,2022-03-08
2022-02-19,38.940959,-77.033041,Ward 4,2022-02-24
2022-02-19,38.940959,-77.033041,Ward 4,2022-02-24
2022-02-19,38.907636,-76.931411,Ward 7,2022-02-24
2022-02-19,38.910168,-76.987663,Ward 5,2022-03-03
2022-02-19,38.894617,-76.985713,Ward 6,2022-02-24
2022-02-19,38.880451,-76.962107,Ward 7,2022-03-04
2022-02-19,38.906298,-77.012978,Ward 5,2022-02-22
2022-02-19,38.912025,-77.010758,Ward 5,2022-02-25
2022-02-19,38.933352,-77.025095,Ward 1,2022-03-04
2022-02-19,38.896822,-76.981195,Ward 6,2022-02-24
2022-02-19,38.917972,-77.031509,Ward 1,2022-03-04
2022-02-19,38.918380,-76.999839,Ward 5,2022-02-28
2022-02-19,38.914555,-77.027863,Ward 1,2022-02-28
2022-02-19,38.929356,-77.043455,Ward 1,2022-02-24
2022-02-19,38.895275,-76.977487,Ward 6,2022-03-08
2022-02-19,38.925874,-77.023650,Ward 1,2022-03-02
2022-02-19,38.913862,-77.015071,Ward 5,2022-02-23
2022-02-19,38.822885,-76.999584,Ward 8,2022-03-04
2022-02-19,38.924525,-77.030060,Ward 1,2022-03-02
2022-02-19,38.905650,-77.031950,Ward 2,2022-03-03
2022-02-20,38.917230,-77.042072,Ward 1,2022-02-24
2022-02-20,38.834568,-76.990170,Ward 8,2022-03-04
2022-02-20,38.895933,-76.982058,Ward 6,2022-03-08
2022-02-20,38.879457,-76.931644,Ward 7,2022-03-14
2022-02-20,38.906346,-76.988316,Ward 5,2022-03-02
2022-02-20,38.912095,-76.987104,Ward 5,2022-03-03
2022-02-20,38.913862,-77.015071,Ward 5,2022-02-28
2022-02-20,38.916504,-77.015818,Ward 1,2022-02-23
2022-02-20,38.945235,-77.026725,Ward 4,2022-02-24
2022-02-20,38.916996,-77.014501,Null,2022-03-10
2022-02-20,38.845311,-77.003107,Ward 8,2022-03-04
2022-02-20,38.975016,-77.019660,Ward 4,2022-02-24
2022-02-20,38.922428,-77.027036,Ward 1,2022-03-02
2022-02-20,38.906930,-77.067984,Ward 2,2022-03-03
2022-02-20,38.915274,-77.018251,Ward 1,2022-03-02
2022-02-20,38.907761,-77.010646,Ward 5,2022-03-03
2022-02-21,38.895266,-76.919381,Ward 7,2022-02-24
2022-02-21,38.905894,-77.025125,Ward 2,2022-03-03
2022-02-21,38.943055,-77.044547,Ward 4,2022-03-01
2022-02-21,38.906719,-76.979941,Ward 5,2022-03-10
2022-02-21,38.854469,-76.966496,Ward 8,2022-03-04
2022-02-21,38.854469,-76.966496,Ward 8,2022-03-04
2022-02-21,38.906333,-76.980668,Ward 5,2022-03-09
2022-02-21,38.978868,-77.026203,Ward 4,2022-03-01
2022-02-21,38.939519,-77.030401,Ward 4,2022-02-24
2022-02-21,38.927448,-77.028509,Ward 1,2022-03-02
2022-02-21,38.873377,-76.976511,Ward 8,2022-03-04
2022-02-21,38.845316,-77.001528,Ward 8,2022-03-04
2022-02-21,38.850073,-76.965725,Ward 8,2022-03-04
2022-02-21,38.931340,-76.976833,Ward 5,2022-02-22
2022-02-21,38.882653,-76.946050,Ward 7,2022-03-08
2022-02-21,38.913862,-77.015071,Ward 5,2022-02-28
2022-02-21,38.949809,-77.017172,Ward 4,2022-02-24
2022-02-21,38.937670,-77.034647,Ward 4,2022-02-25
2022-02-21,38.918148,-77.015819,Ward 1,2022-02-25
2022-02-21,38.869000,-76.986049,Ward 8,2022-03-04
2022-02-21,38.944909,-77.026574,Ward 4,2022-02-24
2022-02-21,38.915260,-77.018602,Ward 1,2022-03-02
2022-02-21,38.912983,-77.013759,Ward 5,2022-02-28
2022-02-22,38.978182,-77.028971,Ward 4,2022-02-24
2022-02-22,38.894962,-76.992062,Ward 6,2022-02-28
2022-02-22,38.929635,-77.037394,Ward 1,2022-02-23
2022-02-22,38.843790,-76.999377,Ward 8,2022-03-04
2022-02-22,38.890055,-76.936485,Ward 7,2022-03-17
2022-02-22,38.900404,-77.011389,Ward 6,2022-03-08
2022-02-22,38.934941,-77.019730,Ward 1,2022-03-02
2022-02-22,38.939462,-76.995608,Ward 5,2022-02-28
2022-02-22,38.943048,-77.005403,Ward 5,2022-03-03
2022-02-22,38.960693,-77.001190,Ward 4,2022-02-24
2022-02-22,38.927585,-77.021466,Ward 1,2022-03-02
2022-02-22,38.959997,-77.002518,Ward 4,2022-02-24
2022-02-22,38.868586,-76.978786,Ward 8,2022-03-04
2022-02-22,38.961140,-77.026246,Ward 4,2022-02-24
2022-02-22,38.954140,-76.997381,Ward 5,2022-03-03
2022-02-22,38.962503,-77.000891,Ward 4,2022-02-24
2022-02-22,38.971296,-77.034343,Ward 4,2022-02-24
2022-02-22,38.972799,-77.025842,Ward 4,2022-02-24
2022-02-22,38.935063,-76.983856,Ward 5,2022-02-28
2022-02-22,38.892820,-76.985253,Ward 6,2022-03-03
2022-02-22,38.877134,-76.962915,Ward 7,2022-03-08
2022-02-22,38.965098,-77.029298,Ward 4,2022-03-01
2022-02-22,38.858163,-76.960471,Ward 7,2022-03-08
2022-02-22,38.956797,-77.014281,Ward 4,2022-02-25
2022-02-22,38.933896,-77.026107,Ward 1,2022-03-02
2022-02-22,38.907707,-77.063846,Ward 2,2022-02-24
2022-02-22,38.907697,-77.063907,Ward 2,2022-02-24
2022-02-22,38.965165,-77.018733,Ward 4,2022-02-24
2022-02-22,38.910478,-76.987851,Ward 5,2022-03-10
2022-02-22,38.910478,-76.987851,Ward 5,2022-03-01
2022-02-22,38.909599,-76.987609,Ward 5,2022-02-22
2022-02-22,38.954856,-77.034799,Ward 4,2022-02-24
2022-02-22,38.909568,-76.984947,Ward 5,2022-03-07
2022-02-22,38.930594,-77.027099,Ward 1,2022-03-02
2022-02-22,38.856296,-76.967658,Ward 8,2022-03-07
2022-02-22,38.959917,-77.001714,Ward 4,2022-02-24
2022-02-22,38.949752,-77.038048,Ward 4,2022-03-01
2022-02-22,38.933947,-76.971926,Ward 5,2022-03-04
2022-02-22,38.910171,-76.985781,Ward 5,2022-03-01
2022-02-22,38.909379,-76.986307,Ward 5,2022-03-08
2022-02-22,38.830180,-77.009282,Ward 8,2022-03-04
2022-02-22,38.906898,-76.984754,Ward 5,2022-02-23
2022-02-22,38.934532,-77.035967,Ward 1,2022-02-28
2022-02-22,38.832291,-77.010802,Ward 8,2022-03-04
2022-02-22,38.873472,-76.977476,Ward 8,2022-03-04
2022-02-22,38.876790,-76.967236,Ward 7,2022-02-23
2022-02-22,38.910919,-77.045928,Ward 2,2022-02-24
2022-02-22,38.869169,-76.980515,Ward 8,2022-03-04
2022-02-22,38.869924,-76.980108,Ward 8,2022-03-04
2022-02-22,38.830180,-77.009282,Ward 8,2022-03-04
2022-02-22,38.912058,-77.006851,Ward 5,2022-02-23
2022-02-22,38.914550,-77.026177,Ward 1,2022-03-04
2022-02-22,38.845311,-77.003107,Ward 8,2022-03-04
2022-02-22,38.919917,-77.013371,Ward 5,2022-03-08
2022-02-22,38.931716,-76.983707,Ward 5,2022-03-03
2022-02-22,38.899988,-76.975213,Ward 5,2022-02-28
2022-02-22,38.931251,-77.020077,Ward 1,2022-03-02
2022-02-22,38.892403,-76.953691,Ward 7,2022-03-03
2022-02-22,38.895695,-76.973603,Ward 7,2022-02-23
2022-02-22,38.930067,-77.025413,Ward 1,2022-03-04
2022-02-22,38.908742,-76.987389,Ward 5,2022-03-01
2022-02-22,38.908315,-76.986548,Ward 5,2022-03-02
2022-02-22,38.901112,-76.985369,Ward 5,2022-03-02
2022-02-23,38.901112,-76.985369,Ward 5,2022-03-02
2022-02-23,38.919917,-77.013371,Ward 5,2022-03-08
2022-02-23,38.913528,-77.012751,Ward 5,2022-03-08
2022-02-23,38.853728,-76.995045,Ward 8,2022-03-04
2022-02-23,38.931138,-77.019913,Ward 1,2022-03-02
2022-02-23,38.930919,-77.021724,Ward 1,2022-03-02
2022-02-23,38.830033,-76.993871,Ward 8,2022-02-23
2022-02-23,38.861443,-76.990336,Ward 8,2022-03-04
2022-02-23,38.958092,-77.022645,Ward 4,2022-02-24
2022-02-23,38.895238,-76.955843,Ward 7,2022-03-02
2022-02-23,38.953723,-77.019758,Ward 4,2022-02-24
2022-02-23,38.926327,-76.997720,Ward 5,2022-03-03
2022-02-23,38.939912,-77.019097,Ward 4,2022-02-24
2022-02-23,38.939917,-77.026683,Ward 4,2022-02-24
2022-02-23,38.937801,-77.025287,Ward 4,2022-02-24
2022-02-23,38.938483,-77.029937,Ward 4,2022-02-24
2022-02-23,38.949109,-77.016501,Ward 4,2022-02-24
2022-02-23,38.951614,-77.010080,Ward 4,2022-02-24
2022-02-23,38.884633,-76.960718,Ward 7,2022-03-03
2022-02-23,38.857834,-76.959158,Ward 7,2022-03-03
2022-02-23,38.877768,-76.943296,Ward 7,2022-03-03
2022-02-23,38.946878,-77.030661,Ward 4,2022-02-24
2022-02-23,38.942950,-77.072198,Ward 3,2022-02-28
2022-02-23,38.895927,-76.981477,Ward 6,2022-03-08
2022-02-23,38.893811,-76.911232,Ward 7,2022-03-10
2022-02-23,38.885966,-76.985255,Ward 6,2022-03-08
2022-02-23,38.906675,-76.986711,Ward 5,2022-03-09
2022-02-23,38.885037,-76.960455,Ward 7,2022-03-08
2022-02-23,38.928931,-77.036830,Ward 1,2022-02-28
2022-02-23,38.906420,-77.010965,Ward 6,2022-03-07
2022-02-23,38.926495,-77.035616,Ward 1,2022-03-02
2022-02-23,38.877594,-76.988269,Ward 6,2022-03-08
2022-02-23,38.879625,-76.963731,Ward 7,2022-03-03
2022-02-23,38.867361,-76.988859,Ward 8,2022-03-04
2022-02-23,38.887697,-76.931715,Ward 7,2022-02-23
2022-02-23,38.879739,-76.931152,Ward 7,2022-03-14
2022-02-23,38.917942,-77.011668,Ward 5,2022-02-28
2022-02-23,38.909277,-76.986566,Ward 5,2022-03-08
2022-02-23,38.910057,-77.015962,Ward 5,2022-02-28
2022-02-23,38.916778,-77.000286,Ward 5,2022-02-28
2022-02-23,38.931144,-76.982968,Ward 5,2022-03-03
2022-02-23,38.943106,-77.002714,Ward 5,2022-03-03
2022-02-23,38.927917,-76.979947,Ward 5,2022-03-03
2022-02-23,38.927945,-76.980517,Ward 5,2022-02-28
2022-02-23,38.927172,-76.979507,Ward 5,2022-02-28
2022-02-23,38.914657,-77.009701,Ward 5,2022-03-03
2022-02-23,38.857751,-76.961210,Ward 7,2022-02-24
2022-02-23,38.932554,-77.028617,Ward 1,2022-03-02
2022-02-23,38.845703,-77.001903,Ward 8,2022-03-04
2022-02-23,38.847795,-77.002143,Ward 8,2022-03-04
2022-02-23,38.847267,-77.001670,Ward 8,2022-03-04
2022-02-23,38.900523,-76.942596,Ward 7,2022-03-08
2022-02-23,38.913394,-77.016960,Ward 5,2022-03-08
2022-02-23,38.914254,-77.022639,Ward 1,2022-02-25
2022-02-23,38.899340,-76.975059,Ward 5,2022-03-01
2022-02-23,38.847859,-76.998919,Ward 8,2022-03-04
2022-02-23,38.906452,-76.977822,Ward 5,2022-03-07
2022-02-23,38.848175,-76.999457,Ward 8,2022-03-04
2022-02-23,38.848554,-77.001684,Ward 8,2022-03-04
2022-02-23,38.844510,-76.999861,Ward 8,2022-03-04
2022-02-23,38.830536,-77.002283,Ward 8,2022-03-04
2022-02-23,38.909357,-76.984312,Ward 5,2022-03-07
2022-02-23,38.830710,-77.009062,Ward 8,2022-03-07
2022-02-23,38.907065,-77.029913,Ward 2,2022-03-03
2022-02-23,38.831144,-77.002325,Ward 8,2022-02-25
2022-02-23,38.831167,-77.002222,Ward 8,2022-02-25
2022-02-23,38.908808,-76.987315,Ward 5,2022-03-01
2022-02-23,38.908449,-76.987717,Ward 5,2022-03-01
2022-02-23,38.903123,-76.990557,Ward 5,2022-03-08
2022-02-23,38.905185,-76.986372,Ward 5,2022-03-02
2022-02-23,38.906412,-76.988905,Ward 5,2022-03-02
2022-02-23,38.906707,-76.989185,Ward 5,2022-03-02
2022-02-23,38.904409,-76.982909,Ward 5,2022-03-08
2022-02-23,38.910923,-77.008063,Ward 5,2022-02-24
2022-02-23,38.881012,-76.926456,Ward 7,2022-03-04
2022-02-23,38.864582,-76.960706,Ward 7,2022-03-03
2022-02-23,38.884625,-76.959467,Ward 7,2022-03-03
2022-02-23,38.930584,-77.030029,Ward 1,2022-02-25
2022-02-23,38.895738,-76.973591,Ward 7,2022-03-03
2022-02-23,38.930975,-77.028239,Ward 1,2022-02-25
2022-02-23,38.925045,-76.992683,Ward 5,2022-02-28
2022-02-23,38.913872,-77.014614,Ward 5,2022-02-28
2022-02-23,38.911286,-77.011241,Ward 5,2022-02-24
2022-02-23,38.906898,-76.984754,Ward 5,2022-03-07
2022-02-24,38.910924,-77.010702,Ward 5,2022-02-24
2022-02-24,38.929714,-77.018585,Ward 1,2022-03-02
2022-02-24,38.924765,-77.027039,Ward 1,2022-03-02
2022-02-24,38.925299,-77.023501,Ward 1,2022-03-02
2022-02-24,38.925308,-77.023731,Ward 1,2022-03-02
2022-02-24,38.920402,-77.028304,Ward 1,2022-02-28
2022-02-24,38.925309,-77.023439,Ward 1,2022-03-02
2022-02-24,38.937869,-77.029414,Ward 4,2022-03-01
2022-02-24,38.966994,-77.025731,Ward 4,2022-03-01
2022-02-24,38.951001,-77.028498,Ward 4,2022-03-01
2022-02-24,38.952046,-77.010591,Ward 4,2022-02-25
2022-02-24,38.915381,-77.031549,Ward 1,2022-03-02
2022-02-24,38.959276,-77.010447,Ward 4,2022-02-25
2022-02-24,38.937321,-77.033002,Ward 4,2022-03-01
2022-02-24,38.925855,-77.023126,Ward 1,2022-03-02
2022-02-24,38.943535,-77.025392,Ward 4,2022-02-25
2022-02-24,38.963452,-77.032426,Ward 4,2022-02-25
2022-02-24,38.975125,-77.015375,Ward 4,2022-03-01
2022-02-24,38.963727,-77.009694,Ward 4,2022-03-01
2022-02-24,38.966650,-77.026260,Ward 4,2022-03-02
2022-02-24,38.910974,-77.029154,Ward 2,2022-03-01
2022-02-24,38.927553,-77.022021,Ward 1,2022-02-28
2022-02-24,38.933173,-77.022347,Ward 1,2022-02-28
2022-02-24,38.931138,-77.019913,Ward 1,2022-02-28
2022-02-24,38.927849,-77.021305,Ward 1,2022-02-28
2022-02-24,38.917421,-77.018246,Ward 1,2022-02-28
2022-02-24,38.916101,-77.016242,Ward 1,2022-03-02
2022-02-24,38.917436,-77.018137,Ward 1,2022-02-28
2022-02-24,38.918586,-77.031623,Ward 1,2022-03-02
2022-02-24,38.864739,-76.960704,Ward 7,2022-03-08
2022-02-24,38.952066,-77.028206,Ward 4,2022-03-30
2022-02-24,38.904837,-76.938094,Ward 7,2022-03-21
2022-02-24,38.924331,-76.981505,Ward 5,2022-03-03
2022-02-24,38.925595,-76.983853,Ward 5,2022-02-28
2022-02-24,38.923437,-76.971729,Ward 5,2022-03-03
2022-02-24,38.876705,-76.933387,Ward 7,2022-03-15
2022-02-24,38.920367,-77.000782,Ward 5,2022-02-28
2022-02-24,38.952483,-77.012651,Ward 4,2022-03-01
2022-02-24,38.953954,-77.026326,Ward 4,2022-02-25
2022-02-24,38.952616,-77.009669,Ward 4,2022-02-25
2022-02-24,38.946131,-77.020097,Ward 4,2022-03-02
2022-02-24,38.830779,-77.001281,Ward 8,2022-03-04
2022-02-24,38.830287,-76.998291,Ward 8,2022-03-04
2022-02-24,38.842434,-76.991996,Ward 8,2022-03-04
2022-02-24,38.848619,-77.001784,Ward 8,2022-03-04
2022-02-24,38.910330,-77.053325,Ward 2,2022-03-03
2022-02-24,38.941641,-76.988555,Ward 5,2022-02-24
2022-02-24,38.883496,-76.983076,Ward 6,2022-03-08
2022-02-24,38.866088,-76.977489,Ward 8,2022-03-04
2022-02-24,38.905833,-76.975502,Ward 5,2022-03-09
2022-02-24,38.921072,-76.980291,Ward 5,2022-02-28
2022-02-24,38.902408,-76.984657,Ward 5,2022-02-28
2022-02-24,38.906631,-76.986603,Ward 5,2022-03-08
2022-02-24,38.871621,-76.977667,Ward 8,2022-03-04
2022-02-24,38.918298,-77.001152,Ward 5,2022-02-25
2022-02-25,38.876575,-76.958564,Ward 7,2022-03-08
2022-02-25,38.962515,-77.021801,Ward 4,2022-03-02
2022-02-25,38.929714,-77.018585,Ward 1,2022-03-02
2022-02-25,38.903054,-76.935259,Ward 7,2022-03-02
2022-02-25,38.834485,-77.006376,Ward 8,2022-03-04
2022-02-25,38.933018,-77.028768,Ward 1,2022-02-25
2022-02-25,38.906944,-76.984889,Ward 5,2022-03-07
2022-02-25,38.925962,-77.023340,Ward 1,2022-03-02
2022-02-25,38.892820,-76.985253,Ward 6,2022-03-03
2022-02-25,38.898342,-76.929586,Ward 7,2022-03-02
2022-02-25,38.835966,-77.005624,Ward 8,2022-03-04
2022-02-25,38.913408,-77.017301,Ward 5,2022-03-08
2022-02-25,38.832051,-77.000832,Ward 8,2022-03-04
2022-02-25,38.830275,-76.995949,Ward 8,2022-03-04
2022-02-25,38.901647,-76.924468,Ward 7,2022-03-02
2022-02-25,38.830299,-76.994807,Ward 8,2022-03-04
2022-02-25,38.830349,-76.993789,Ward 8,2022-03-04
2022-02-25,38.898498,-76.991770,Ward 6,2022-03-08
2022-02-25,38.952540,-77.011448,Ward 4,2022-03-02
2022-02-25,38.934456,-77.022669,Ward 1,2022-03-02
2022-02-25,38.907627,-77.012691,Ward 5,2022-03-08
2022-02-25,38.913883,-76.974705,Ward 5,2022-03-01
2022-02-25,38.909847,-77.011976,Ward 5,2022-03-01
2022-02-25,38.914142,-77.015551,Ward 5,2022-03-01
2022-02-25,38.917392,-77.003699,Ward 5,2022-03-03
2022-02-25,38.907235,-77.012170,Ward 5,2022-03-01
2022-02-25,38.926020,-77.026756,Ward 1,2022-03-02
2022-02-25,38.926020,-77.026756,Ward 1,2022-03-02
2022-02-25,38.926599,-77.026797,Ward 1,2022-03-02
2022-02-25,38.926113,-77.026764,Ward 1,2022-03-02
2022-02-25,38.919465,-77.043076,Ward 1,2022-02-28
2022-02-25,38.949641,-76.993918,Ward 5,2022-02-25
2022-02-25,38.962701,-77.028410,Ward 4,2022-03-02
2022-02-25,38.920021,-77.003325,Ward 5,2022-03-03
2022-02-25,38.902450,-76.984628,Ward 5,2022-03-09
2022-02-25,38.906686,-76.989134,Ward 5,2022-03-09
2022-02-25,38.934465,-77.022601,Ward 1,2022-03-02
2022-02-25,38.928698,-77.025782,Ward 1,2022-02-28
2022-02-25,38.900699,-76.976449,Ward 5,2022-03-09
2022-02-26,38.906870,-77.034162,Ward 2,2022-03-03
2022-02-26,38.930544,-77.038287,Ward 1,2022-02-28
2022-02-26,38.914142,-77.015551,Ward 5,2022-03-01
2022-02-26,38.912780,-77.012749,Ward 5,2022-02-28
2022-02-26,38.912685,-76.987174,Ward 5,2022-03-07
2022-02-26,38.924528,-77.030124,Ward 1,2022-03-02
2022-02-26,38.927317,-77.021326,Ward 1,2022-02-28
2022-02-26,38.913862,-77.015071,Ward 5,2022-03-08
2022-02-26,38.910841,-77.032267,Ward 2,2022-03-01
2022-02-26,38.873258,-76.978344,Ward 8,2022-03-04
2022-02-26,38.890927,-76.980764,Ward 6,2022-03-08
2022-02-26,38.943119,-77.025604,Ward 4,2022-03-02
2022-02-26,38.928869,-77.031676,Ward 1,2022-03-01
2022-02-27,38.937670,-77.034647,Ward 4,2022-03-03
2022-02-27,38.879802,-76.926909,Ward 7,2022-03-08
2022-02-27,38.930220,-77.043381,Ward 1,2022-03-01
2022-02-27,38.931667,-77.039948,Ward 1,2022-03-02
2022-02-27,38.911998,-76.987078,Ward 5,2022-03-07
2022-02-27,38.923205,-77.037766,Ward 1,2022-03-02
2022-02-27,38.961014,-77.028031,Ward 4,2022-03-02
2022-02-27,38.897004,-76.984552,Ward 6,2022-03-08
2022-02-27,38.912784,-76.974796,Ward 5,2022-03-08
2022-02-27,38.920865,-77.023099,Ward 1,2022-03-02
2022-02-27,38.964060,-77.035965,Ward 4,2022-03-02
2022-02-27,38.879119,-76.989973,Ward 6,2022-03-04
2022-02-27,38.930147,-77.018392,Ward 1,2022-02-28
2022-02-27,38.956266,-77.018775,Ward 4,2022-03-01
2022-02-27,38.939156,-77.023455,Ward 4,2022-03-02
2022-02-27,38.939094,-77.023448,Ward 4,2022-03-02
2022-02-27,38.932209,-77.093009,Ward 3,2022-02-28
2022-02-27,38.876638,-76.958819,Ward 7,2022-03-08
2022-02-27,38.939539,-77.024096,Ward 4,2022-03-02
2022-02-27,38.859596,-76.959926,Ward 7,2022-03-10
2022-02-28,38.867615,-76.989036,Ward 8,2022-03-07
2022-02-28,38.894009,-76.987836,Ward 6,2022-03-08
2022-02-28,38.892178,-76.975422,Ward 6,2022-03-08
2022-02-28,38.881459,-76.981549,Ward 6,2022-03-08
2022-02-28,38.902390,-76.930133,Ward 7,2022-03-02
2022-02-28,38.835001,-76.988173,Ward 8,2022-03-04
2022-02-28,38.913866,-77.014894,Ward 5,2022-03-08
2022-02-28,38.918696,-77.037357,Ward 1,2022-03-02
2022-02-28,38.867248,-76.978152,Ward 8,2022-03-04
2022-02-28,38.892178,-76.975422,Ward 6,2022-03-08
2022-02-28,38.902583,-76.925996,Ward 7,2022-03-02
2022-02-28,38.880556,-77.000356,Ward 6,2022-03-08
2022-02-28,38.920403,-77.001463,Ward 5,2022-03-07
2022-02-28,38.912878,-77.021515,Ward 2,2022-03-01
2022-02-28,38.910659,-77.011912,Ward 5,2022-03-08
2022-02-28,38.912148,-77.025121,Ward 6,2022-03-08
2022-02-28,38.912973,-77.023192,Ward 6,2022-03-08
2022-02-28,38.931691,-76.972369,Ward 5,2022-03-03
2022-02-28,38.921127,-77.001139,Ward 5,2022-03-03
2022-02-28,38.902568,-76.937247,Ward 7,2022-03-01
2022-02-28,38.911603,-77.031658,Ward 2,2022-03-01
2022-02-28,38.921275,-76.986101,Ward 5,2022-03-08
2022-02-28,38.963564,-77.077498,Ward 3,2022-03-02
2022-02-28,38.883054,-77.013453,Ward 6,2022-03-08
2022-02-28,38.926327,-76.997720,Ward 5,2022-03-03
2022-02-28,38.868947,-76.980238,Ward 8,2022-03-04
2022-02-28,38.845285,-76.999560,Ward 8,2022-03-04
2022-02-28,38.930014,-77.061199,Ward 3,2022-03-02
2022-02-28,38.959813,-77.079615,Ward 3,2022-03-02
2022-02-28,38.879535,-76.963317,Ward 7,2022-03-04
2022-02-28,38.930975,-77.028239,Ward 1,2022-03-02
2022-02-28,38.877579,-76.930969,Ward 7,2022-03-14
2022-02-28,38.862146,-76.987248,Ward 8,2022-03-04
2022-02-28,38.910338,-76.985382,Ward 5,2022-03-07
2022-02-28,38.913341,-77.019711,Ward 6,2022-03-08
2022-02-28,38.906333,-76.980668,Ward 5,2022-03-07
2022-02-28,38.932603,-77.093250,Ward 3,2022-03-02
2022-02-28,38.915003,-77.032811,Ward 2,2022-03-01
2022-02-28,38.934532,-77.035967,Ward 1,2022-03-04
2022-02-28,38.928089,-77.054164,Ward 3,2022-03-02
2022-03-01,38.913870,-77.000856,Ward 5,2022-03-01
2022-03-01,38.915749,-77.037384,Ward 2,2022-03-03
2022-03-01,38.918295,-77.002213,Ward 5,2022-03-03
2022-03-01,38.906876,-76.979839,Ward 5,2022-03-10
2022-03-01,38.939932,-77.025744,Ward 4,2022-03-02
2022-03-01,38.923791,-77.024986,Ward 1,2022-03-04
2022-03-01,38.872009,-76.964768,Ward 7,2022-03-14
2022-03-01,38.939572,-77.027974,Ward 4,2022-03-02
2022-03-01,38.945466,-77.029225,Ward 4,2022-03-02
2022-03-01,38.950675,-77.024802,Ward 4,2022-03-02
2022-03-01,38.933359,-77.025024,Ward 1,2022-03-04
2022-03-01,38.955614,-77.018597,Ward 4,2022-03-02
2022-03-01,38.932982,-77.026011,Ward 1,2022-03-04
2022-03-01,38.964553,-77.035567,Ward 4,2022-03-03
2022-03-01,38.933173,-77.022347,Ward 1,2022-03-09
2022-03-01,38.934718,-77.028100,Ward 1,2022-03-04
2022-03-01,38.936719,-77.023732,Ward 4,2022-03-07
2022-03-01,38.898431,-76.995198,Ward 6,2022-03-08
2022-03-01,38.932823,-77.030552,Ward 1,2022-03-04
2022-03-01,38.949752,-77.038048,Ward 4,2022-03-04
2022-03-01,38.917922,-77.007936,Ward 5,2022-03-03
2022-03-01,38.892717,-76.909883,Ward 7,2022-03-08
2022-03-01,38.945348,-77.079553,Ward 3,2022-03-02
2022-03-01,38.926917,-76.996415,Ward 5,2022-03-15
2022-03-01,38.916916,-77.018906,Ward 1,2022-03-04
2022-03-01,38.882991,-76.940793,Ward 7,2022-03-08
2022-03-01,38.875259,-76.963893,Ward 7,2022-03-08
2022-03-01,38.898915,-77.002772,Ward 6,2022-03-08
2022-03-01,38.845750,-76.974976,Ward 8,2022-03-04
2022-03-01,38.919610,-77.045682,Ward 1,2022-03-02
2022-03-01,38.858379,-76.957312,Ward 7,2022-03-03
2022-03-01,38.947455,-77.026505,Ward 4,2022-03-04
2022-03-01,38.940574,-77.064167,Ward 3,2022-03-03
2022-03-01,38.887806,-76.938242,Ward 7,2022-03-08
2022-03-01,38.906431,-76.980600,Ward 5,2022-03-08
2022-03-01,38.933003,-77.025940,Ward 1,2022-03-04
2022-03-01,38.844595,-76.993772,Ward 8,2022-03-04
2022-03-01,38.827350,-76.998212,Ward 8,2022-03-04
2022-03-01,38.892006,-76.976740,Ward 6,2022-03-09
2022-03-01,38.833524,-76.989132,Ward 8,2022-03-04
2022-03-01,38.851391,-76.963958,Ward 8,2022-03-08
2022-03-01,38.882373,-77.000784,Ward 6,2022-03-09
2022-03-01,38.850444,-76.968217,Ward 8,2022-03-04
2022-03-01,38.872500,-76.976268,Ward 8,2022-03-07
2022-03-01,38.882326,-77.000794,Ward 6,2022-03-09
2022-03-01,38.881460,-76.926526,Ward 7,2022-03-03
2022-03-01,38.915977,-77.096572,Ward 3,2022-03-02
2022-03-01,38.950167,-77.084053,Ward 3,2022-03-02
2022-03-01,38.920157,-76.990306,Ward 5,2022-03-03
2022-03-01,38.921129,-77.003319,Ward 5,2022-03-03
2022-03-01,38.929752,-76.983016,Ward 5,2022-03-03
2022-03-01,38.927507,-76.980992,Ward 5,2022-03-03
2022-03-01,38.914645,-77.014433,Ward 5,2022-03-02
2022-03-01,38.891443,-76.977011,Ward 7,2022-03-08
2022-03-01,38.913037,-77.019901,Ward 6,2022-03-07
2022-03-01,38.945663,-77.029979,Ward 4,2022-03-04
2022-03-01,38.887218,-76.988519,Ward 6,2022-03-09
2022-03-01,38.911331,-77.022215,Ward 2,2022-03-08
2022-03-01,38.942918,-77.076358,Ward 3,2022-03-02
2022-03-01,38.869671,-76.969637,Ward 7,2022-03-14
2022-03-01,38.892427,-76.923333,Ward 7,2022-03-08
2022-03-01,38.939007,-77.019245,Ward 4,2022-03-07
2022-03-01,38.930898,-77.030230,Ward 1,2022-03-04
2022-03-01,38.905479,-77.017339,Ward 2,2022-03-07
2022-03-01,38.934371,-77.039100,Ward 1,2022-03-02
2022-03-01,38.894549,-76.922401,Ward 7,2022-03-08
2022-03-01,38.895275,-76.977487,Ward 6,2022-03-08
2022-03-02,38.915387,-77.007220,Ward 5,2022-03-02
2022-03-02,38.924290,-77.041848,Ward 1,2022-03-02
2022-03-02,38.926991,-77.030487,Ward 1,2022-03-04
2022-03-02,38.951659,-77.022753,Ward 4,2022-03-03
2022-03-02,38.937680,-77.034860,Ward 4,2022-03-03
2022-03-02,38.939982,-77.022791,Ward 4,2022-03-03
2022-03-02,38.939007,-77.019245,Ward 4,2022-03-07
2022-03-02,38.939094,-77.023448,Ward 4,2022-03-02
2022-03-02,38.949580,-77.015526,Ward 4,2022-03-03
2022-03-02,38.937001,-77.031624,Ward 4,2022-03-07
2022-03-02,38.933738,-77.034208,Ward 1,2022-03-02
2022-03-02,38.860227,-76.990749,Ward 8,2022-03-04
2022-03-02,38.905810,-76.999929,Ward 6,2022-03-08
2022-03-02,38.904608,-77.000365,Ward 6,2022-03-07
2022-03-02,38.933016,-77.025815,Ward 1,2022-03-04
2022-03-02,38.933003,-77.025871,Ward 1,2022-03-04
2022-03-02,38.934212,-77.020486,Ward 1,2022-03-04
2022-03-02,38.950733,-76.989309,Ward 5,2022-03-03
2022-03-02,38.918696,-77.037357,Ward 1,2022-03-04
2022-03-02,38.859693,-76.973192,Ward 8,2022-03-02
2022-03-02,38.873472,-76.977476,Ward 8,2022-03-07
2022-03-02,38.906333,-76.980668,Ward 5,2022-03-07
2022-03-02,38.913555,-77.048321,Ward 2,2022-03-08
2022-03-02,38.927849,-77.021305,Ward 1,2022-03-09
2022-03-02,38.957631,-77.022121,Ward 4,2022-03-07
2022-03-02,38.898750,-76.990463,Ward 6,2022-03-16
2022-03-02,38.890424,-76.938338,Ward 7,2022-03-08
2022-03-02,38.870517,-76.972936,Ward 8,2022-03-08
2022-03-02,38.913927,-77.031415,Ward 2,2022-03-17
2022-03-02,38.876993,-76.958784,Ward 7,2022-03-09
2022-03-02,38.937801,-77.025287,Ward 4,2022-03-04
2022-03-02,38.910790,-77.014879,Ward 5,2022-03-08
2022-03-02,38.909476,-77.015478,Ward 5,2022-03-03
2022-03-02,38.911728,-77.016694,Ward 5,2022-03-08
2022-03-02,38.916474,-77.010778,Ward 5,2022-03-07
2022-03-02,38.916264,-77.003129,Ward 5,2022-03-03
2022-03-02,38.917921,-77.008008,Ward 5,2022-03-03
2022-03-02,38.916283,-77.011359,Ward 5,2022-03-07
2022-03-02,38.917200,-77.011320,Ward 5,2022-03-08
2022-03-02,38.920964,-77.013514,Null,2022-03-08
2022-03-02,38.910242,-77.014855,Ward 5,2022-03-09
2022-03-02,38.864631,-76.992140,Ward 8,2022-03-04
2022-03-02,38.914259,-77.015591,Ward 5,2022-03-08
2022-03-02,38.872500,-76.976268,Ward 8,2022-03-07
2022-03-02,38.885802,-76.984820,Ward 6,2022-03-13
2022-03-02,38.931582,-77.026381,Ward 1,2022-03-09
2022-03-02,38.900444,-76.986286,Ward 6,2022-03-10
2022-03-02,38.874900,-76.938814,Ward 7,2022-03-09
2022-03-02,38.933399,-77.019811,Ward 1,2022-03-09
2022-03-02,38.931125,-77.020282,Ward 1,2022-03-09
2022-03-02,38.897193,-76.970268,Ward 7,2022-03-09
2022-03-02,38.904890,-76.925702,Ward 7,2022-03-09
2022-03-02,38.938713,-76.970453,Ward 5,2022-03-14
2022-03-02,38.962501,-77.018600,Ward 4,2022-03-07
2022-03-02,38.905061,-76.975987,Ward 5,2022-03-07
2022-03-02,38.941641,-76.988555,Ward 5,2022-03-07
2022-03-02,38.910562,-76.986030,Ward 5,2022-03-07
2022-03-02,38.940574,-77.064167,Ward 3,2022-03-07
2022-03-02,38.906333,-76.980668,Ward 5,2022-03-07
2022-03-02,38.897831,-76.981605,Ward 6,2022-03-16
2022-03-02,38.914167,-77.015288,Ward 5,2022-03-08
2022-03-02,38.938114,-77.029020,Ward 4,2022-03-07
2022-03-02,38.940420,-77.063350,Ward 3,2022-03-07
2022-03-02,38.832123,-77.009043,Ward 8,2022-03-04
2022-03-03,38.901502,-76.996890,Ward 6,2022-03-08
2022-03-03,38.890506,-76.981036,Ward 6,2022-03-09
2022-03-03,38.902255,-76.996994,Ward 6,2022-03-08
2022-03-03,38.959503,-77.031952,Ward 4,2022-03-04
2022-03-03,38.937081,-77.031967,Ward 4,2022-03-04
2022-03-03,38.968463,-77.022773,Ward 4,2022-03-04
2022-03-03,38.950251,-77.025699,Ward 4,2022-03-04
2022-03-03,38.945061,-77.026337,Ward 4,2022-03-04
2022-03-03,38.958354,-77.021479,Ward 4,2022-03-04
2022-03-03,38.931038,-77.020476,Ward 1,2022-03-09
2022-03-03,38.922004,-77.032361,Ward 1,2022-03-16
2022-03-03,38.930898,-77.030230,Ward 1,2022-03-09
2022-03-03,38.873061,-76.978429,Ward 8,2022-03-08
2022-03-03,38.929899,-77.030014,Ward 1,2022-03-16
2022-03-03,38.924798,-77.025081,Ward 1,2022-03-09
2022-03-03,38.927844,-77.021396,Ward 1,2022-03-09
2022-03-03,38.963576,-77.002265,Ward 4,2022-03-04
2022-03-03,38.912450,-76.987126,Ward 5,2022-03-07
2022-03-03,38.864183,-76.983669,Ward 8,2022-03-08
2022-03-03,38.929895,-77.029947,Ward 1,2022-03-09
2022-03-03,38.833056,-77.003137,Ward 8,2022-03-15
2022-03-03,38.934447,-77.022740,Ward 1,2022-03-07
2022-03-03,38.900343,-76.975498,Ward 5,2022-03-07
2022-03-03,38.900489,-76.974911,Ward 5,2022-03-07
2022-03-03,38.900699,-76.976449,Ward 5,2022-03-09
2022-03-03,38.898917,-76.981539,Ward 6,2022-03-16
2022-03-03,38.873414,-76.977659,Ward 8,2022-03-08
2022-03-03,38.872500,-76.976268,Ward 8,2022-03-07
2022-03-03,38.901809,-76.995937,Ward 6,2022-03-08
2022-03-03,38.862614,-76.953591,Ward 7,2022-03-09
2022-03-03,38.964336,-77.007901,Ward 4,2022-03-10
2022-03-03,38.897706,-76.940410,Ward 7,2022-03-09
2022-03-03,38.883569,-76.926564,Ward 7,2022-03-10
2022-03-03,38.875318,-76.962279,Ward 7,2022-03-28
2022-03-03,38.913524,-77.013614,Ward 5,2022-03-13
2022-03-03,38.925796,-76.971691,Ward 5,2022-03-07
2022-03-03,38.982537,-77.027557,Ward 4,2022-03-10
2022-03-03,38.919752,-77.013360,Ward 5,2022-03-13
2022-03-03,38.944230,-77.023665,Ward 4,2022-03-04
2022-03-03,38.936411,-77.031089,Ward 1,2022-03-04
2022-03-03,38.932975,-77.031007,Ward 1,2022-03-04
2022-03-03,38.934391,-77.031720,Ward 1,2022-03-04
2022-03-03,38.889515,-76.982813,Ward 6,2022-03-09
2022-03-03,38.925922,-77.050815,Ward 3,2022-03-07
2022-03-03,38.925047,-76.988073,Ward 5,2022-03-09
2022-03-03,38.841357,-76.991649,Ward 8,2022-03-08
2022-03-03,38.911671,-77.008568,Ward 5,2022-03-09
2022-03-03,38.917938,-77.000129,Ward 5,2022-03-09
2022-03-03,38.927567,-76.995928,Ward 5,2022-03-09
2022-03-03,38.942163,-76.994003,Ward 5,2022-03-14
2022-03-03,38.966911,-77.077467,Ward 3,2022-03-07
2022-03-03,38.964679,-77.078154,Ward 3,2022-03-10
2022-03-03,38.964666,-77.078062,Ward 3,2022-03-07
2022-03-03,38.911572,-77.042093,Ward 2,2022-03-17
2022-03-03,38.894591,-76.982366,Ward 6,2022-03-10
2022-03-03,38.930092,-76.995924,Ward 5,2022-03-07
2022-03-03,38.934756,-77.023286,Ward 1,2022-03-07
2022-03-04,38.886201,-76.997344,Ward 6,2022-03-08
2022-03-04,38.961501,-77.025968,Ward 4,2022-03-07
2022-03-04,38.854193,-76.965943,Ward 8,2022-03-08
2022-03-04,38.913620,-76.990280,Ward 5,2022-03-10
2022-03-04,38.912608,-76.990138,Ward 5,2022-03-07
2022-03-04,38.885805,-76.996872,Ward 6,2022-03-09
2022-03-04,38.889761,-76.932056,Ward 7,2022-03-10
2022-03-04,38.836370,-76.987526,Ward 8,2022-03-11
2022-03-04,38.903554,-76.979519,Ward 5,2022-03-08
2022-03-04,38.931320,-77.020308,Ward 1,2022-03-09
2022-03-04,38.956328,-77.013019,Ward 4,2022-03-07
2022-03-04,38.955685,-77.011048,Ward 4,2022-03-07
2022-03-04,38.959465,-77.012874,Ward 4,2022-03-10
2022-03-04,38.961259,-77.028010,Ward 4,2022-03-07
2022-03-04,38.949913,-77.014496,Ward 4,2022-03-07
2022-03-04,38.939572,-77.027974,Ward 4,2022-03-07
2022-03-04,38.904627,-76.982148,Ward 5,2022-03-09
2022-03-04,38.921706,-77.034681,Ward 1,2022-03-09
2022-03-04,38.924993,-77.030226,Ward 1,2022-03-09
2022-03-04,38.894780,-77.002461,Ward 6,2022-03-08
2022-03-04,38.949459,-77.017788,Ward 4,2022-03-08
2022-03-04,38.892160,-76.975954,Ward 6,2022-03-13
2022-03-04,38.914982,-77.029922,Ward 1,2022-03-08
2022-03-04,38.895152,-76.940443,Ward 7,2022-03-09
2022-03-04,38.923250,-77.001376,Ward 5,2022-03-13
2022-03-04,38.915159,-77.020151,Ward 6,2022-03-10
2022-03-04,38.904607,-76.995963,Ward 6,2022-03-10
2022-03-04,38.906675,-76.986711,Ward 5,2022-03-14
2022-03-04,38.924348,-76.980489,Ward 5,2022-03-09
2022-03-04,38.902705,-76.979444,Ward 5,2022-03-08
2022-03-04,38.894470,-76.986685,Ward 6,2022-03-16
2022-03-04,38.903109,-76.980062,Ward 5,2022-03-08
2022-03-04,38.822885,-76.999584,Ward 8,2022-03-11
2022-03-04,38.921303,-76.988698,Ward 5,2022-03-09
2022-03-04,38.921303,-76.988698,Ward 5,2022-03-09
2022-03-04,38.929657,-77.029709,Ward 1,2022-03-16
2022-03-04,38.876275,-76.936735,Ward 7,2022-03-08
2022-03-04,38.876706,-76.931862,Ward 7,2022-03-07
2022-03-04,38.870933,-76.981529,Ward 8,2022-03-08
2022-03-04,38.855358,-76.978040,Ward 8,2022-03-11
2022-03-04,38.886664,-76.988603,Ward 6,2022-03-13
2022-03-04,38.910413,-76.986208,Ward 5,2022-03-10
2022-03-04,38.920675,-76.984595,Ward 5,2022-03-09
2022-03-04,38.876790,-76.967236,Ward 7,2022-03-15
2022-03-04,38.876575,-76.958564,Ward 7,2022-03-07
2022-03-04,38.927264,-77.109912,Ward 3,2022-03-22
2022-03-04,38.933507,-77.055290,Ward 3,2022-03-18
2022-03-04,38.880451,-76.962107,Ward 7,2022-03-10
2022-03-04,38.880451,-76.962107,Ward 7,2022-03-09
2022-03-04,38.915840,-77.012615,Ward 5,2022-03-09
2022-03-04,38.841694,-76.983586,Ward 8,2022-03-15
2022-03-04,38.917984,-77.034823,Ward 1,2022-03-09
2022-03-04,38.911267,-77.022691,Ward 6,2022-03-10
2022-03-04,38.917552,-77.007669,Ward 5,2022-03-09
2022-03-04,38.830081,-76.999534,Ward 8,2022-03-11
2022-03-04,38.933772,-77.041546,Ward 1,2022-03-07
2022-03-04,38.933594,-77.022196,Ward 1,2022-03-08
2022-03-04,38.906586,-76.986500,Ward 5,2022-03-07
2022-03-04,38.909868,-77.013760,Ward 5,2022-03-09
2022-03-04,38.925199,-77.024779,Ward 1,2022-03-16
2022-03-04,38.890049,-76.984030,Ward 6,2022-03-08
2022-03-04,38.921303,-76.988253,Ward 5,2022-03-09
2022-03-04,38.910551,-77.041414,Ward 2,2022-03-08
2022-03-04,38.921304,-76.988134,Ward 5,2022-03-09
2022-03-05,38.899216,-76.980510,Ward 7,2022-03-16
2022-03-05,38.960033,-77.032826,Ward 4,2022-03-10
2022-03-05,38.908272,-76.985665,Ward 5,2022-03-09
2022-03-05,38.888511,-76.985751,Ward 6,2022-03-13
2022-03-05,38.894634,-76.985919,Ward 6,2022-03-11
2022-03-05,38.907582,-76.986289,Ward 5,2022-03-09
2022-03-05,38.872186,-77.011856,Ward 6,2022-03-10
2022-03-05,38.916207,-77.034807,Ward 2,2022-03-08
2022-03-05,38.836370,-76.987526,Ward 8,2022-03-11
2022-03-05,38.835741,-76.986958,Ward 8,2022-03-11
2022-03-05,38.892160,-76.975954,Ward 6,2022-03-13
2022-03-05,38.881467,-76.981445,Ward 6,2022-03-13
2022-03-05,38.921151,-77.008690,Ward 5,2022-03-09
2022-03-05,38.957952,-77.074851,Ward 3,2022-03-17
2022-03-05,38.902815,-77.056331,Ward 2,2022-03-08
2022-03-05,38.929245,-77.019735,Ward 1,2022-03-09
2022-03-05,38.909808,-76.986191,Ward 5,2022-03-07
2022-03-05,38.917233,-76.977786,Ward 5,2022-03-09
2022-03-05,38.924529,-77.030316,Ward 1,2022-03-09
2022-03-05,38.945663,-77.029979,Ward 4,2022-03-10
2022-03-05,38.924993,-77.030291,Ward 1,2022-03-09
2022-03-05,38.925009,-77.030491,Ward 1,2022-03-09
2022-03-05,38.924996,-77.030018,Ward 1,2022-03-08
2022-03-06,38.895010,-76.986236,Ward 6,2022-03-11
2022-03-06,38.912382,-77.022536,Ward 6,2022-03-09
2022-03-06,38.918380,-76.999839,Ward 5,2022-03-09
2022-03-06,38.934231,-77.032451,Ward 1,2022-03-08
2022-03-06,38.895968,-76.975337,Ward 7,2022-03-07
2022-03-06,38.914167,-77.015288,Ward 5,2022-03-08
2022-03-06,38.929895,-77.029947,Ward 1,2022-03-09
2022-03-06,38.974970,-77.018078,Ward 4,2022-03-10
2022-03-06,38.899047,-76.990492,Ward 6,2022-03-18
2022-03-06,38.927830,-77.030455,Ward 1,2022-03-08
2022-03-06,38.898035,-76.998204,Ward 6,2022-03-11
2022-03-06,38.888531,-76.998214,Ward 6,2022-03-08
2022-03-06,38.877544,-76.992746,Ward 6,2022-03-09
2022-03-06,38.911283,-77.011969,Ward 5,2022-03-09
2022-03-06,38.912812,-77.015392,Ward 5,2022-03-09
2022-03-06,38.953138,-77.031803,Ward 4,2022-03-10
2022-03-06,38.903905,-77.000318,Ward 6,2022-03-10
2022-03-06,38.867519,-76.988911,Ward 8,2022-03-11
2022-03-06,38.933066,-76.965739,Ward 5,2022-03-14
2022-03-06,38.828226,-76.995960,Ward 8,2022-03-08
2022-03-06,38.865213,-76.962139,Ward 7,2022-03-23
2022-03-06,38.892787,-76.988310,Ward 6,2022-03-16
2022-03-06,38.957597,-77.024283,Ward 4,2022-03-10
2022-03-07,38.936393,-77.031023,Ward 1,2022-03-08
2022-03-07,38.939098,-77.016439,Ward 4,2022-03-08
2022-03-07,38.901636,-77.052437,Ward 2,2022-03-08
2022-03-07,38.920202,-77.027793,Ward 1,2022-03-16
2022-03-07,38.922068,-76.948676,Ward 5,2022-03-08
2022-03-07,38.953609,-77.016192,Ward 4,2022-03-10
2022-03-07,38.954624,-77.009047,Null,2022-03-21
2022-03-07,38.897820,-76.976481,Ward 7,2022-03-09
2022-03-07,38.873201,-76.958452,Ward 7,2022-03-23
2022-03-07,38.917392,-77.003699,Ward 5,2022-03-14
2022-03-07,38.942419,-76.993793,Ward 5,2022-03-14
2022-03-07,38.929942,-77.026738,Ward 1,2022-03-08
2022-03-07,38.915904,-77.007258,Ward 5,2022-03-15
2022-03-07,38.917150,-77.007470,Ward 5,2022-03-09
2022-03-07,38.910610,-77.014880,Ward 5,2022-03-09
2022-03-07,38.899893,-77.007443,Ward 6,2022-03-11
2022-03-07,38.879803,-76.988072,Ward 6,2022-03-16
2022-03-07,38.894960,-76.986724,Ward 6,2022-03-08
2022-03-07,38.871028,-76.982225,Ward 8,2022-03-13
2022-03-07,38.863552,-76.983351,Ward 8,2022-03-10
2022-03-07,38.899973,-77.000750,Ward 6,2022-03-17
2022-03-07,38.886949,-76.956897,Ward 7,2022-03-25
2022-03-07,38.946991,-77.035321,Ward 4,2022-03-10
2022-03-07,38.902664,-76.975974,Ward 5,2022-03-09
2022-03-07,38.891290,-77.002277,Ward 6,2022-03-10
2022-03-07,38.925459,-76.955626,Ward 5,2022-03-09
2022-03-07,38.892101,-77.044938,Ward 2,2022-03-11
2022-03-07,38.933548,-76.966326,Ward 5,2022-03-15
2022-03-07,38.909210,-76.983966,Ward 5,2022-03-14
2022-03-07,38.844515,-77.001314,Ward 8,2022-03-11
2022-03-07,38.907086,-77.046139,Ward 2,2022-03-08
2022-03-07,38.910129,-76.996111,Ward 5,2022-03-10
2022-03-07,38.910923,-77.008063,Ward 5,2022-03-09
2022-03-07,38.953194,-77.026557,Ward 4,2022-03-10
2022-03-07,38.867243,-76.947294,Ward 7,2022-03-29
2022-03-07,38.924292,-77.023137,Ward 1,2022-03-08
2022-03-07,38.908579,-76.985441,Ward 5,2022-03-09
2022-03-07,38.864437,-76.983571,Ward 8,2022-03-11
2022-03-07,38.902408,-76.984657,Ward 5,2022-03-14
2022-03-07,38.911303,-77.007901,Ward 5,2022-03-08
2022-03-07,38.893147,-76.986294,Ward 6,2022-03-10
2022-03-07,38.931162,-77.019849,Ward 1,2022-03-09
2022-03-07,38.895550,-76.984552,Ward 6,2022-03-10
2022-03-07,38.870923,-76.980948,Ward 8,2022-03-08
2022-03-07,38.885213,-76.989407,Ward 6,2022-03-08
2022-03-07,38.861144,-76.961744,Ward 7,2022-03-14
2022-03-07,38.897278,-76.977112,Ward 6,2022-03-08
2022-03-07,38.916831,-77.031395,Ward 1,2022-03-09
2022-03-07,38.890812,-76.989082,Ward 6,2022-03-10
2022-03-07,38.921326,-76.988020,Ward 5,2022-03-09
2022-03-07,38.915554,-77.019830,Ward 1,2022-03-09
2022-03-07,38.933521,-76.979879,Ward 5,2022-03-09
2022-03-07,38.909309,-77.010317,Ward 5,2022-03-09
2022-03-07,38.911671,-77.008251,Ward 5,2022-03-09
2022-03-07,38.933057,-76.985189,Ward 5,2022-03-09
2022-03-07,38.909831,-77.010937,Ward 5,2022-03-07
2022-03-07,38.910214,-77.010640,Ward 5,2022-03-13
2022-03-07,38.911323,-77.011977,Ward 5,2022-03-09
2022-03-07,38.910926,-77.010397,Ward 5,2022-03-10
2022-03-07,38.841357,-76.991649,Ward 8,2022-03-08
2022-03-07,38.835001,-76.988173,Ward 8,2022-03-08
2022-03-07,38.957127,-77.029433,Ward 4,2022-03-09
2022-03-07,38.919038,-77.000108,Ward 5,2022-03-08
2022-03-07,38.906750,-76.989281,Ward 5,2022-03-09
2022-03-07,38.909421,-76.984463,Ward 5,2022-03-09
2022-03-07,38.918932,-76.955953,Ward 5,2022-03-09
2022-03-07,38.921241,-76.983046,Ward 5,2022-03-09
2022-03-07,38.885522,-76.985197,Ward 6,2022-03-11
2022-03-07,38.953535,-77.023656,Ward 4,2022-03-10
2022-03-07,38.912042,-77.008439,Ward 5,2022-03-09
2022-03-07,38.893738,-76.987673,Ward 6,2022-03-10
2022-03-07,38.912042,-77.008384,Ward 5,2022-03-09
2022-03-07,38.820823,-77.007013,Ward 8,2022-03-10
2022-03-07,38.956263,-77.018895,Ward 4,2022-03-10
2022-03-07,38.906944,-76.984889,Ward 5,2022-03-10
2022-03-07,38.916805,-77.005462,Ward 5,2022-03-09
2022-03-07,38.880260,-76.926384,Ward 7,2022-04-08
2022-03-07,38.894281,-76.980098,Ward 7,2022-03-15
2022-03-07,38.956263,-77.018895,Ward 4,2022-03-10
2022-03-07,38.854469,-76.966496,Ward 8,2022-03-11
2022-03-07,38.874607,-76.952923,Ward 7,2022-03-28
2022-03-07,38.907408,-77.010699,Ward 5,2022-03-09
2022-03-07,38.907666,-77.011909,Ward 5,2022-03-09
2022-03-07,38.907408,-77.010699,Ward 5,2022-03-09
2022-03-07,38.899341,-76.974948,Ward 5,2022-03-14
2022-03-07,38.907421,-77.011972,Ward 5,2022-03-09
2022-03-07,38.947244,-77.008342,Ward 5,2022-03-15
2022-03-08,38.969213,-77.033046,Ward 4,2022-03-09
2022-03-08,38.860715,-76.985419,Ward 8,2022-03-11
2022-03-08,38.888011,-76.930059,Ward 7,2022-03-23
2022-03-08,38.881433,-76.926597,Ward 7,2022-03-23
2022-03-08,38.902783,-77.008703,Ward 6,2022-03-15
2022-03-08,38.961846,-77.000595,Ward 4,2022-03-16
2022-03-08,38.987526,-77.037074,Ward 4,2022-03-10
2022-03-08,38.951673,-77.022343,Ward 4,2022-03-10
2022-03-08,38.945433,-77.020051,Ward 4,2022-03-10
2022-03-08,38.960779,-77.080483,Ward 3,2022-03-16
2022-03-08,38.934195,-77.030599,Ward 1,2022-03-17
2022-03-08,38.934447,-77.022740,Ward 1,2022-03-17
2022-03-08,38.918823,-76.982428,Ward 5,2022-03-13
2022-03-08,38.899893,-77.007443,Ward 6,2022-03-11
2022-03-08,38.925946,-77.023425,Ward 1,2022-03-17
2022-03-08,38.929174,-77.025950,Ward 1,2022-03-17
2022-03-08,38.957069,-77.031948,Ward 4,2022-03-10
2022-03-08,38.907674,-76.987384,Ward 5,2022-03-14
2022-03-08,38.939063,-77.018650,Ward 4,2022-03-10
2022-03-08,38.939063,-77.018650,Ward 4,2022-03-10
2022-03-08,38.897136,-76.985703,Ward 6,2022-03-10
2022-03-08,38.914249,-77.026652,Ward 1,2022-03-09
2022-03-08,38.905148,-76.926044,Ward 7,2022-03-14
2022-03-08,38.935440,-77.028271,Ward 1,2022-03-17
2022-03-08,38.917682,-77.001810,Ward 5,2022-03-15
2022-03-08,38.885418,-76.953337,Ward 7,2022-03-10
2022-03-08,38.910976,-77.027848,Ward 2,2022-03-15
2022-03-08,38.927382,-77.051918,Ward 3,2022-03-09
2022-03-08,38.841699,-76.998806,Ward 8,2022-03-11
2022-03-08,38.900404,-76.986224,Ward 6,2022-03-10
2022-03-08,38.885988,-76.984761,Ward 6,2022-03-11
2022-03-08,38.875621,-76.936567,Ward 7,2022-03-30
2022-03-08,38.877486,-76.930242,Ward 7,2022-03-27
2022-03-08,38.912359,-77.005346,Ward 5,2022-03-09
2022-03-08,38.950885,-77.016492,Ward 4,2022-03-10
2022-03-08,38.959973,-77.020234,Ward 4,2022-03-16
2022-03-08,38.930218,-77.037100,Ward 1,2022-03-09
2022-03-08,38.934907,-76.976850,Ward 5,2022-03-13
2022-03-08,38.904406,-76.937621,Ward 7,2022-03-14
2022-03-08,38.930288,-76.961405,Ward 5,2022-03-10
2022-03-08,38.950185,-77.089569,Ward 3,2022-03-16
2022-03-08,38.887676,-76.930133,Ward 7,2022-03-10
2022-03-08,38.950539,-77.089217,Ward 3,2022-03-16
2022-03-08,38.949889,-77.093548,Ward 3,2022-03-16
2022-03-08,38.949510,-77.093355,Ward 3,2022-03-16
2022-03-08,38.949498,-77.093620,Ward 3,2022-03-16
2022-03-08,38.870923,-76.972945,Ward 8,2022-03-11
2022-03-08,38.942970,-77.077412,Ward 3,2022-03-17
2022-03-08,38.883046,-76.941190,Ward 7,2022-03-10
2022-03-08,38.827051,-77.006422,Ward 8,2022-03-10
2022-03-08,38.836370,-76.987526,Ward 8,2022-03-11
2022-03-08,38.941742,-76.997061,Ward 5,2022-03-14
2022-03-08,38.835420,-76.986910,Ward 8,2022-03-10
2022-03-08,38.831640,-77.009939,Ward 8,2022-03-10
2022-03-08,38.880411,-76.962044,Ward 7,2022-04-07
2022-03-08,38.867033,-76.943972,Ward 7,2022-03-10
2022-03-08,38.923532,-77.029232,Ward 1,2022-03-17
2022-03-08,38.904208,-76.980038,Ward 5,2022-03-13
2022-03-08,38.925018,-77.041710,Ward 1,2022-03-17
2022-03-08,38.839476,-77.005272,Ward 8,2022-03-09
2022-03-08,38.942028,-77.020068,Ward 4,2022-03-10
2022-03-08,38.888322,-76.985824,Ward 6,2022-03-11
2022-03-08,38.958337,-77.022713,Ward 4,2022-03-10
2022-03-08,38.906926,-76.978235,Ward 5,2022-03-14
2022-03-08,38.936393,-77.031023,Ward 1,2022-03-17
2022-03-09,38.874409,-76.938400,Ward 7,2022-03-23
2022-03-09,38.876263,-76.938996,Ward 7,2022-03-23
2022-03-09,38.839476,-77.005272,Ward 8,2022-03-09
2022-03-09,38.876091,-76.939303,Ward 7,2022-03-23
2022-03-09,38.889514,-76.982756,Ward 6,2022-03-16
2022-03-09,38.897914,-76.976895,Ward 6,2022-04-04
2022-03-09,38.923664,-76.950250,Ward 5,2022-03-15
2022-03-09,38.904114,-76.937670,Ward 7,2022-03-16
2022-03-09,38.917430,-77.024223,Ward 1,2022-03-09
2022-03-09,38.888486,-76.998229,Ward 6,2022-03-11
2022-03-09,38.876790,-76.967236,Ward 7,2022-03-15
2022-03-09,38.919331,-76.983640,Ward 5,2022-03-15
2022-03-09,38.926123,-76.995868,Ward 5,2022-03-14
2022-03-09,38.907424,-77.010579,Ward 5,2022-03-14
2022-03-09,38.918573,-76.986481,Ward 5,2022-03-14
2022-03-09,38.880796,-76.932668,Ward 7,2022-03-30
2022-03-09,38.879610,-77.000972,Ward 8,2022-03-15
2022-03-09,38.921498,-77.008431,Ward 5,2022-03-14
2022-03-09,38.892168,-76.998265,Ward 6,2022-03-11
2022-03-09,38.922877,-76.972585,Ward 5,2022-03-14
2022-03-09,38.831887,-77.000891,Ward 8,2022-03-15
2022-03-09,38.920174,-76.988336,Ward 5,2022-03-14
2022-03-09,38.921023,-76.989720,Ward 5,2022-03-15
2022-03-09,38.921023,-76.989720,Ward 5,2022-03-14
2022-03-09,38.919670,-76.987557,Ward 5,2022-03-14
2022-03-09,38.920158,-76.985792,Ward 5,2022-03-14
2022-03-09,38.906709,-77.010130,Ward 6,2022-03-11
2022-03-09,38.920161,-76.984606,Ward 5,2022-03-14
2022-03-09,38.904814,-76.997005,Ward 6,2022-03-16
2022-03-09,38.845535,-77.000392,Ward 8,2022-03-11
2022-03-09,38.955350,-77.028477,Ward 4,2022-03-16
2022-03-09,38.919835,-77.024660,Ward 1,2022-03-17
2022-03-09,38.944920,-77.023976,Ward 4,2022-03-16
2022-03-09,38.898116,-76.931503,Ward 7,2022-03-14
2022-03-09,38.944174,-77.031697,Ward 4,2022-03-14
2022-03-09,38.967034,-77.032056,Ward 4,2022-03-16
2022-03-09,38.910629,-77.041375,Ward 2,2022-03-11
2022-03-09,38.926449,-77.030815,Ward 1,2022-03-17
2022-03-09,38.875476,-76.961717,Ward 7,2022-03-28
2022-03-09,38.947680,-77.094130,Ward 3,2022-03-16
2022-03-09,38.906126,-76.987153,Ward 5,2022-03-10
2022-03-09,38.910695,-77.021100,Ward 6,2022-03-18
2022-03-09,38.911328,-77.031327,Ward 2,2022-03-15
2022-03-09,38.847042,-77.001668,Ward 8,2022-03-11
2022-03-09,38.906103,-76.980812,Ward 5,2022-03-14
2022-03-10,38.912812,-77.015392,Ward 5,2022-03-14
2022-03-10,38.906103,-76.980812,Ward 5,2022-03-14
2022-03-10,38.953844,-77.016724,Ward 4,2022-03-16
2022-03-10,38.906510,-77.025419,Ward 2,2022-03-11
2022-03-10,38.935116,-77.028749,Ward 1,2022-03-10
2022-03-10,38.928688,-77.036477,Ward 1,2022-03-17
2022-03-10,38.934159,-77.029985,Ward 1,2022-03-17
2022-03-10,38.906410,-77.024551,Ward 2,2022-03-11
2022-03-10,38.919895,-76.979006,Ward 5,2022-03-14
2022-03-10,38.902351,-76.987049,Ward 5,2022-03-14
2022-03-10,38.906229,-77.016393,Ward 2,2022-03-17
2022-03-10,38.844663,-77.002025,Ward 8,2022-03-11
2022-03-10,38.899226,-76.979929,Ward 6,2022-04-07
2022-03-10,38.936312,-77.030653,Ward 1,2022-03-17
2022-03-10,38.876790,-76.967236,Ward 7,2022-03-11
2022-03-10,38.935838,-77.081871,Ward 3,2022-03-22
2022-03-10,38.934170,-77.042738,Ward 1,2022-03-14
2022-03-10,38.887767,-76.921505,Ward 7,2022-03-23
2022-03-10,38.880651,-76.993523,Ward 6,2022-03-28
2022-03-10,38.832265,-76.988535,Ward 8,2022-03-15
2022-03-10,38.842509,-76.991544,Ward 8,2022-03-14
2022-03-10,38.915877,-76.999868,Ward 5,2022-03-24
2022-03-10,38.894957,-76.979119,Ward 6,2022-04-07
2022-03-10,38.908375,-77.011385,Ward 5,2022-03-14
2022-03-10,38.850060,-76.984717,Ward 8,2022-03-15
2022-03-10,38.919188,-77.058444,Ward 3,2022-03-15
2022-03-10,38.910138,-77.021136,Ward 2,2022-03-24
2022-03-10,38.919318,-77.024013,Ward 1,2022-03-14
2022-03-10,38.918754,-76.988847,Ward 5,2022-03-14
2022-03-10,38.898914,-76.944818,Ward 7,2022-03-24
2022-03-10,38.957127,-77.029433,Ward 4,2022-03-16
2022-03-10,38.912423,-77.015749,Ward 5,2022-03-14
2022-03-10,38.911670,-77.016358,Ward 5,2022-03-14
2022-03-10,38.925583,-76.997309,Ward 5,2022-03-14
2022-03-10,38.925376,-76.978479,Ward 5,2022-03-14
2022-03-10,38.921002,-76.982937,Ward 5,2022-03-14
2022-03-10,38.916083,-77.014396,Null,2022-03-17
2022-03-10,38.935164,-77.028739,Ward 1,2022-03-11
2022-03-10,38.946919,-77.075788,Ward 3,2022-03-18
2022-03-10,38.923438,-76.963697,Ward 5,2022-03-15
2022-03-10,38.879355,-76.934726,Ward 7,2022-03-15
2022-03-10,38.884628,-76.959082,Ward 7,2022-03-29
2022-03-10,38.902582,-76.951087,Ward 7,2022-03-24
2022-03-10,38.877221,-76.930924,Ward 7,2022-03-14
2022-03-10,38.885042,-76.958888,Ward 7,2022-03-14
2022-03-10,38.873464,-76.970648,Ward 7,2022-03-15
2022-03-10,38.879259,-76.934928,Ward 7,2022-03-14
2022-03-10,38.904812,-76.983843,Ward 5,2022-03-14
2022-03-10,38.839476,-77.005272,Ward 8,2022-03-14
2022-03-10,38.858350,-76.966597,Ward 7,2022-03-15
2022-03-10,38.915877,-76.999868,Ward 5,2022-03-24
2022-03-10,38.929156,-77.043116,Ward 1,2022-03-17
2022-03-11,38.906324,-76.978046,Ward 5,2022-03-17
2022-03-11,38.906588,-77.014679,Ward 5,2022-03-29
2022-03-11,38.927727,-77.033995,Ward 1,2022-03-17
2022-03-11,38.941306,-76.985891,Ward 5,2022-03-15
2022-03-11,38.917276,-77.005091,Ward 5,2022-03-15
2022-03-11,38.899226,-76.979929,Ward 6,2022-04-07
2022-03-11,38.876705,-76.933605,Ward 7,2022-03-31
2022-03-11,38.917230,-77.042072,Ward 1,2022-03-17
2022-03-11,38.945663,-77.029979,Ward 4,2022-03-17
2022-03-11,38.920025,-77.013119,Ward 5,2022-03-14
2022-03-11,38.929979,-76.975672,Ward 5,2022-03-14
2022-03-11,38.902850,-77.009333,Ward 6,2022-03-16
2022-03-11,38.874004,-76.972490,Ward 7,2022-03-15
2022-03-11,38.910841,-77.009565,Ward 5,2022-03-16
2022-03-11,38.911456,-77.021082,Ward 6,2022-03-24
2022-03-11,38.897820,-76.976481,Ward 7,2022-03-25
2022-03-11,38.878411,-76.930585,Ward 7,2022-03-23
2022-03-11,38.913858,-77.014965,Ward 5,2022-03-15
2022-03-11,38.913858,-77.014965,Ward 5,2022-03-15
2022-03-11,38.829439,-76.997471,Ward 8,2022-03-14
2022-03-11,38.829430,-76.998823,Ward 8,2022-03-15
2022-03-11,38.906652,-77.010322,Ward 6,2022-03-16
2022-03-11,38.919341,-76.987936,Ward 5,2022-03-15
2022-03-11,38.873189,-76.975747,Ward 8,2022-03-15
2022-03-11,38.833705,-77.006159,Ward 8,2022-03-14
2022-03-11,38.897123,-77.024733,Ward 2,2022-03-18
2022-03-11,38.922932,-77.033824,Ward 1,2022-03-14
2022-03-11,38.875162,-76.957195,Ward 7,2022-04-01
2022-03-11,38.867353,-76.946584,Ward 7,2022-04-01
2022-03-11,38.905826,-76.975622,Ward 5,2022-03-14
2022-03-11,38.936285,-77.033449,Ward 1,2022-03-17
2022-03-11,38.933964,-77.024834,Ward 1,2022-03-17
2022-03-11,38.982655,-77.026828,Ward 4,2022-03-16
2022-03-11,38.960046,-77.033165,Ward 4,2022-03-16
2022-03-11,38.905803,-76.977612,Ward 5,2022-03-17
2022-03-11,38.888882,-76.984875,Ward 6,2022-03-23
2022-03-11,38.906282,-77.014012,Ward 6,2022-03-29
2022-03-11,38.893319,-76.952837,Ward 7,2022-03-25
2022-03-11,38.905477,-77.029204,Ward 2,2022-03-18
2022-03-12,38.925774,-76.997700,Ward 5,2022-03-15
2022-03-12,38.927911,-77.028557,Ward 1,2022-03-14
2022-03-12,38.953535,-77.023656,Ward 4,2022-03-14
2022-03-12,38.950154,-77.020114,Ward 4,2022-03-16
2022-03-12,38.909345,-77.027370,Ward 2,2022-03-18
2022-03-12,38.909506,-77.027387,Ward 2,2022-03-18
2022-03-12,38.951643,-77.026275,Ward 4,2022-03-16
2022-03-12,38.891926,-76.952977,Ward 7,2022-03-25
2022-03-12,38.895280,-76.983336,Ward 6,2022-04-04
2022-03-12,38.923990,-77.030197,Ward 1,2022-03-17
2022-03-12,38.918380,-76.999839,Ward 5,2022-03-15
2022-03-12,38.903912,-77.002651,Ward 6,2022-03-16
2022-03-13,38.883928,-76.981994,Ward 6,2022-04-04
2022-03-13,38.863574,-76.983437,Ward 8,2022-03-15
2022-03-13,38.902902,-76.981106,Ward 5,2022-03-14
2022-03-13,38.924608,-76.996625,Ward 5,2022-03-15
2022-03-13,38.944281,-77.027316,Ward 4,2022-03-17
2022-03-13,38.833551,-77.005626,Ward 8,2022-03-16
2022-03-13,38.907582,-76.986289,Ward 5,2022-03-15
2022-03-13,38.894608,-76.979163,Ward 6,2022-04-07
2022-03-13,38.893736,-76.919094,Ward 7,2022-03-24
2022-03-13,38.933668,-77.033098,Ward 1,2022-03-17
2022-03-13,38.933668,-77.033098,Ward 1,2022-03-17
2022-03-13,38.934447,-77.022740,Ward 1,2022-03-17
2022-03-13,38.927567,-76.995928,Ward 5,2022-03-15
2022-03-13,38.892787,-76.988310,Ward 6,2022-03-16
2022-03-13,38.906133,-76.977841,Ward 5,2022-03-22
2022-03-13,38.910551,-77.041414,Ward 2,2022-03-17
2022-03-14,38.923347,-77.034414,Ward 1,2022-03-14
2022-03-14,38.913472,-77.012428,Ward 5,2022-03-16
2022-03-14,38.969737,-77.034960,Ward 4,2022-03-14
2022-03-14,38.889762,-76.953086,Ward 7,2022-04-08
2022-03-14,38.902092,-77.000770,Ward 6,2022-03-16
2022-03-14,38.880279,-77.017124,Ward 6,2022-03-18
2022-03-14,38.929356,-77.043455,Ward 1,2022-03-17
2022-03-14,38.934263,-77.035737,Ward 1,2022-03-17
2022-03-14,38.933908,-77.033155,Ward 1,2022-03-17
2022-03-14,38.934250,-77.030019,Ward 1,2022-03-17
2022-03-14,38.920393,-77.002216,Ward 5,2022-03-15
2022-03-14,38.925582,-76.988114,Ward 5,2022-03-15
2022-03-14,38.924070,-76.963961,Ward 5,2022-03-15
2022-03-14,38.912415,-77.027683,Ward 2,2022-03-17
2022-03-14,38.941950,-76.988569,Ward 5,2022-03-17
2022-03-14,38.906783,-76.984109,Ward 5,2022-03-17
2022-03-14,38.917393,-76.988114,Ward 5,2022-03-15
2022-03-14,38.873189,-76.975747,Ward 8,2022-03-15
2022-03-14,38.905500,-77.001090,Ward 6,2022-03-16
2022-03-14,38.929012,-77.061338,Ward 3,2022-03-16
2022-03-14,38.919341,-76.987936,Ward 5,2022-03-15
2022-03-14,38.908459,-76.999212,Ward 5,2022-03-18
2022-03-14,38.904664,-76.981285,Ward 5,2022-03-16
2022-03-14,38.843008,-76.993339,Ward 8,2022-03-15
2022-03-14,38.842558,-76.993704,Ward 8,2022-03-16
2022-03-14,38.846446,-76.998131,Ward 8,2022-03-15
2022-03-14,38.848580,-77.000653,Ward 8,2022-03-15
2022-03-14,38.825399,-77.009400,Ward 8,2022-03-15
2022-03-14,38.825380,-77.008612,Ward 8,2022-03-15
2022-03-14,38.824689,-77.008257,Ward 8,2022-03-15
2022-03-14,38.939568,-77.027903,Ward 4,2022-03-16
2022-03-14,38.939572,-77.027974,Ward 4,2022-03-16
2022-03-14,38.951677,-77.028806,Ward 4,2022-03-16
2022-03-14,38.965911,-77.025229,Ward 4,2022-03-16
2022-03-14,38.952762,-77.026263,Ward 4,2022-03-16
2022-03-14,38.952908,-77.031561,Ward 4,2022-03-16
2022-03-14,38.945652,-77.019624,Ward 4,2022-03-16
2022-03-14,38.881244,-77.027094,Ward 6,2022-03-16
2022-03-14,38.905967,-76.943642,Ward 7,2022-03-25
2022-03-14,38.935087,-76.977995,Ward 5,2022-03-15
2022-03-14,38.919518,-77.002471,Ward 5,2022-03-15
2022-03-14,38.901946,-76.922588,Ward 7,2022-03-24
2022-03-14,38.906443,-77.016177,Ward 6,2022-03-28
2022-03-14,38.885855,-76.990850,Ward 6,2022-03-23
2022-03-14,38.904497,-76.995948,Ward 6,2022-03-16
2022-03-14,38.879355,-76.934726,Ward 7,2022-03-15
2022-03-14,38.877380,-76.938048,Ward 7,2022-03-15
2022-03-14,38.839476,-77.005272,Ward 8,2022-03-16
2022-03-14,38.929174,-77.025950,Ward 1,2022-03-15
2022-03-14,38.915730,-77.023657,Ward 1,2022-03-17
2022-03-14,38.924077,-76.976709,Ward 5,2022-03-15
2022-03-14,38.857112,-76.960476,Ward 7,2022-03-15
2022-03-14,38.906320,-76.983794,Ward 5,2022-03-15
2022-03-14,38.874690,-76.969713,Ward 7,2022-03-15
2022-03-14,38.906178,-76.941290,Ward 7,2022-03-25
2022-03-14,38.872621,-76.977150,Ward 8,2022-03-16
2022-03-14,38.904812,-76.983843,Ward 5,2022-03-14
2022-03-14,38.924511,-77.025915,Ward 1,2022-03-17
2022-03-14,38.867614,-76.947641,Ward 7,2022-03-29
2022-03-14,38.930321,-77.040740,Ward 1,2022-03-17
2022-03-14,38.909296,-76.934715,Ward 7,2022-03-23
2022-03-14,38.898455,-76.975212,Ward 7,2022-03-24
2022-03-14,38.899257,-76.981453,Ward 6,2022-04-07
2022-03-14,38.855163,-76.982941,Ward 8,2022-03-16
2022-03-14,38.916858,-77.012415,Ward 5,2022-03-16
2022-03-14,38.897594,-76.981491,Ward 6,2022-04-08
2022-03-14,38.917552,-77.007669,Ward 5,2022-03-15
2022-03-14,38.890147,-77.030296,Ward 2,2022-03-16
2022-03-14,38.891407,-76.951625,Ward 7,2022-03-24
2022-03-15,38.956862,-77.002318,Null,2022-03-30
2022-03-15,38.928870,-77.021364,Ward 1,2022-03-17
2022-03-15,38.915730,-77.023657,Ward 1,2022-03-17
2022-03-15,38.912788,-77.013269,Ward 5,2022-03-16
2022-03-15,38.872674,-76.998283,Ward 6,2022-04-07
2022-03-15,38.930937,-77.021658,Ward 1,2022-03-17
2022-03-15,38.936752,-77.021557,Ward 1,2022-03-15
2022-03-15,38.935161,-77.034776,Ward 1,2022-03-17
2022-03-15,38.934318,-77.040553,Ward 1,2022-03-15
2022-03-15,38.924990,-77.025933,Ward 1,2022-03-15
2022-03-15,38.934078,-77.022665,Ward 1,2022-03-17
2022-03-15,38.934388,-77.031886,Ward 1,2022-03-17
2022-03-15,38.927084,-77.029418,Ward 1,2022-03-17
2022-03-15,38.925668,-77.039788,Ward 1,2022-03-17
2022-03-15,38.929213,-77.024446,Ward 1,2022-03-15
2022-03-15,38.924890,-77.023221,Ward 1,2022-03-15
2022-03-15,38.831742,-77.011935,Ward 8,2022-03-16
2022-03-15,38.839476,-77.005272,Ward 8,2022-03-16
2022-03-15,38.920029,-77.009747,Ward 5,2022-03-16
2022-03-15,38.917972,-77.031509,Ward 1,2022-03-17
2022-03-15,38.898145,-76.939732,Ward 7,2022-03-23
2022-03-15,38.923640,-77.034975,Ward 1,2022-03-16
2022-03-15,38.902694,-76.987845,Ward 5,2022-03-22
2022-03-15,38.824187,-77.009282,Ward 8,2022-03-16
2022-03-15,38.824211,-77.008981,Ward 8,2022-03-16
2022-03-15,38.825030,-77.011002,Ward 8,2022-03-18
2022-03-15,38.924036,-77.026165,Ward 1,2022-03-16
2022-03-15,38.955518,-77.029429,Ward 4,2022-03-17
2022-03-15,38.905802,-76.978481,Ward 5,2022-03-18
2022-03-15,38.920879,-76.983449,Ward 5,2022-03-17
2022-03-15,38.920879,-76.983449,Ward 5,2022-03-17
2022-03-15,38.906152,-76.977412,Ward 5,2022-03-22
2022-03-15,38.906640,-76.977822,Ward 5,2022-03-22
2022-03-15,38.906339,-76.976954,Ward 5,2022-03-18
2022-03-15,38.895568,-76.974536,Ward 7,2022-03-22
2022-03-15,38.888491,-76.997986,Ward 6,2022-04-04
2022-03-15,38.827353,-76.994618,Ward 8,2022-03-17
2022-03-15,38.905804,-76.998633,Ward 6,2022-03-31
2022-03-15,38.921198,-77.045088,Ward 1,2022-03-17
2022-03-15,38.905408,-77.001105,Ward 6,2022-03-30
2022-03-15,38.919025,-77.026363,Ward 1,2022-03-17
2022-03-15,38.896619,-76.937155,Ward 7,2022-03-24
2022-03-15,38.824566,-77.009688,Ward 8,2022-03-18
2022-03-15,38.905415,-76.975354,Ward 5,2022-03-18
2022-03-15,38.863953,-76.970925,Ward 8,2022-03-17
2022-03-15,38.839280,-77.005426,Ward 8,2022-03-16
2022-03-15,38.866549,-76.979273,Ward 8,2022-03-18
2022-03-15,38.904556,-76.989356,Ward 5,2022-03-22
2022-03-15,38.928855,-76.988146,Ward 5,2022-03-16
2022-03-15,38.930922,-77.021792,Ward 1,2022-03-17
2022-03-15,38.935624,-77.019679,Ward 1,2022-03-16
2022-03-15,38.909782,-77.012412,Ward 5,2022-03-16
2022-03-15,38.909784,-77.008716,Ward 5,2022-03-16
2022-03-15,38.913044,-77.008084,Ward 5,2022-03-16
2022-03-15,38.864578,-76.992346,Ward 8,2022-03-18
2022-03-15,38.931267,-77.019012,Ward 1,2022-03-15
2022-03-15,38.920054,-77.014368,Ward 5,2022-03-16
2022-03-15,38.926991,-77.104150,Ward 3,2022-03-18
2022-03-15,38.951438,-77.092832,Ward 3,2022-03-17
2022-03-15,38.950567,-77.089933,Ward 3,2022-03-18
2022-03-15,38.948977,-77.087684,Ward 3,2022-03-17
2022-03-15,38.940574,-77.064167,Ward 3,2022-03-22
2022-03-15,38.940546,-76.980801,Ward 5,2022-04-13
2022-03-15,38.910604,-77.021142,Ward 6,2022-03-28
2022-03-15,38.899341,-76.974948,Ward 5,2022-03-22
2022-03-15,38.914915,-77.019115,Ward 6,2022-03-24
2022-03-15,38.830280,-76.996223,Ward 8,2022-03-18
2022-03-15,38.915128,-77.019580,Ward 2,2022-03-24
2022-03-15,38.889172,-76.981991,Ward 6,2022-04-05
2022-03-16,38.906635,-77.024842,Ward 2,2022-03-17
2022-03-16,38.901492,-76.922282,Ward 7,2022-03-24
2022-03-16,38.857646,-76.978302,Ward 8,2022-03-23
2022-03-16,38.904170,-76.981038,Ward 5,2022-03-23
2022-03-16,38.855807,-76.993102,Ward 8,2022-03-17
2022-03-16,38.927346,-77.024156,Ward 1,2022-03-17
2022-03-16,38.900695,-76.976784,Ward 5,2022-03-24
2022-03-16,38.923664,-76.950250,Ward 5,2022-03-25
2022-03-16,38.893742,-76.985225,Ward 6,2022-04-07
2022-03-16,38.934295,-77.029980,Ward 1,2022-03-17
2022-03-16,38.906126,-76.987153,Ward 5,2022-03-17
2022-03-16,38.900695,-76.976784,Ward 5,2022-03-24
2022-03-16,38.905225,-76.975383,Ward 5,2022-03-17
2022-03-16,38.927207,-76.995609,Ward 5,2022-03-18
2022-03-16,38.925155,-77.004080,Ward 5,2022-03-23
2022-03-16,38.941537,-77.020746,Ward 4,2022-03-23
2022-03-16,38.872817,-76.975203,Ward 8,2022-03-18
2022-03-16,38.910963,-77.009431,Ward 5,2022-03-18
2022-03-16,38.905123,-77.000338,Ward 6,2022-04-07
2022-03-16,38.904816,-76.997056,Ward 6,2022-03-30
2022-03-16,38.939943,-77.026103,Ward 4,2022-03-18
2022-03-16,38.878469,-76.932195,Ward 7,2022-03-31
2022-03-16,38.905886,-77.017266,Ward 6,2022-03-25
2022-03-16,38.982517,-77.026851,Ward 4,2022-03-18
2022-03-16,38.935094,-77.027202,Ward 1,2022-03-23
2022-03-16,38.894348,-76.987480,Ward 6,2022-03-23
2022-03-16,38.820393,-77.005559,Ward 8,2022-03-17
2022-03-16,38.910422,-77.080869,Ward 3,2022-03-22
2022-03-16,38.919577,-77.079054,Ward 3,2022-03-18
2022-03-16,38.939943,-77.026103,Ward 4,2022-03-18
2022-03-16,38.893832,-76.919517,Ward 7,2022-03-24
2022-03-16,38.876859,-76.929932,Ward 7,2022-03-17
2022-03-16,38.834330,-77.009897,Ward 8,2022-03-18
2022-03-16,38.830275,-76.995949,Ward 8,2022-03-18
2022-03-16,38.883569,-76.926564,Ward 7,2022-03-17
2022-03-16,38.920092,-76.988203,Ward 5,2022-03-17
2022-03-16,38.905618,-76.989086,Ward 5,2022-03-18
2022-03-16,38.930242,-77.018430,Ward 1,2022-03-22
2022-03-16,38.851369,-76.965385,Ward 8,2022-03-18
2022-03-16,38.958855,-76.994025,Ward 4,2022-03-18
2022-03-16,38.961234,-77.026247,Ward 4,2022-03-18
2022-03-16,38.957256,-77.022881,Ward 4,2022-03-18
2022-03-16,38.940177,-77.026830,Ward 4,2022-03-18
2022-03-16,38.959062,-77.031206,Ward 4,2022-03-18
2022-03-16,38.831305,-77.012631,Ward 8,2022-03-17
2022-03-16,38.936199,-77.030290,Ward 1,2022-03-22
2022-03-16,38.905609,-76.937328,Ward 7,2022-03-24
2022-03-16,38.822841,-76.999624,Ward 8,2022-03-18
2022-03-16,38.822885,-76.999584,Ward 8,2022-03-18
2022-03-16,38.943224,-77.026129,Ward 4,2022-03-18
2022-03-16,38.905854,-76.936067,Ward 7,2022-03-24
2022-03-16,38.893300,-76.976225,Ward 7,2022-04-01
2022-03-16,38.908817,-77.019147,Ward 6,2022-03-24
2022-03-16,38.919992,-77.006127,Ward 5,2022-03-17
2022-03-16,38.921275,-76.986101,Ward 5,2022-03-17
2022-03-16,38.917552,-77.007669,Ward 5,2022-03-17
2022-03-16,38.907926,-76.939326,Ward 7,2022-03-24
2022-03-16,38.886733,-76.924644,Ward 7,2022-03-18
2022-03-16,38.888158,-76.920557,Ward 7,2022-03-17
2022-03-16,38.878732,-76.980710,Ward 6,2022-03-23
2022-03-16,38.903724,-76.929066,Ward 7,2022-03-24
2022-03-16,38.912033,-77.009759,Ward 5,2022-03-18
2022-03-16,38.931936,-76.973362,Ward 5,2022-03-23
2022-03-16,38.898741,-76.990547,Ward 6,2022-03-31
2022-03-16,38.831166,-77.001200,Ward 8,2022-03-23
2022-03-16,38.919048,-77.041828,Ward 1,2022-03-17
2022-03-17,38.901744,-77.000347,Ward 6,2022-03-23
2022-03-17,38.898743,-76.994231,Ward 6,2022-03-23
2022-03-17,38.901731,-76.999748,Ward 6,2022-03-23
2022-03-17,38.904612,-77.020138,Ward 2,2022-03-24
2022-03-17,38.906337,-77.016483,Ward 2,2022-03-28
2022-03-17,38.923746,-77.037523,Ward 1,2022-03-18
2022-03-17,38.903603,-76.983439,Ward 5,2022-03-18
2022-03-17,38.895614,-76.996400,Ward 6,2022-03-23
2022-03-17,38.915380,-77.025742,Ward 1,2022-03-18
2022-03-17,38.896934,-77.003234,Ward 6,2022-03-31
2022-03-17,38.920588,-77.043931,Ward 1,2022-03-23
2022-03-17,38.935964,-77.023895,Ward 1,2022-03-23
2022-03-17,38.916801,-77.010738,Ward 5,2022-03-23
2022-03-17,38.913524,-77.013614,Ward 5,2022-03-18
2022-03-17,38.873296,-76.972826,Ward 7,2022-03-24
2022-03-17,38.868586,-76.978786,Ward 8,2022-03-18
2022-03-17,38.855827,-76.968815,Ward 8,2022-03-23
2022-03-17,38.868830,-76.979541,Ward 8,2022-03-18
2022-03-17,38.924608,-76.996625,Ward 5,2022-03-25
2022-03-17,38.920625,-77.027361,Ward 1,2022-03-18
2022-03-17,38.894019,-76.920365,Ward 7,2022-03-28
2022-03-17,38.860234,-76.989834,Ward 8,2022-03-23
2022-03-17,38.945663,-77.029979,Ward 4,2022-03-23
2022-03-17,38.911127,-77.029621,Ward 2,2022-03-18
2022-03-17,38.890968,-76.936561,Ward 7,2022-03-24
2022-03-17,38.827170,-77.013051,Ward 8,2022-03-23
2022-03-17,38.859890,-76.990426,Ward 8,2022-03-23
2022-03-17,38.907245,-76.979594,Ward 5,2022-03-24
2022-03-17,38.906994,-76.979767,Ward 5,2022-03-24
2022-03-17,38.906797,-76.979891,Ward 5,2022-03-24
2022-03-17,38.936913,-77.030003,Ward 4,2022-03-23
2022-03-17,38.913347,-77.029622,Ward 2,2022-03-18
2022-03-17,38.867865,-76.970199,Ward 7,2022-03-25
2022-03-17,38.868376,-76.942321,Ward 7,2022-04-08
2022-03-17,38.841562,-77.003723,Ward 8,2022-03-23
2022-03-17,38.826958,-76.998266,Ward 8,2022-03-18
2022-03-17,38.936312,-77.030653,Ward 1,2022-03-22
2022-03-17,38.945348,-77.075203,Ward 3,2022-03-22
2022-03-17,38.952078,-77.032638,Ward 4,2022-03-23
2022-03-17,38.834256,-77.004466,Ward 8,2022-03-23
2022-03-17,38.953765,-77.022434,Ward 4,2022-03-23
2022-03-17,38.935403,-77.022642,Ward 1,2022-03-23
2022-03-17,38.867266,-76.987842,Ward 8,2022-03-23
2022-03-17,38.963850,-77.032161,Ward 4,2022-03-23
2022-03-17,38.929238,-77.061656,Ward 3,2022-03-22
2022-03-18,38.906898,-76.984754,Ward 5,2022-03-23
2022-03-18,38.919035,-77.049263,Ward 2,2022-03-18
2022-03-18,38.903359,-76.983327,Ward 5,2022-03-24
2022-03-18,38.905650,-76.981056,Ward 5,2022-03-24
2022-03-18,38.906337,-77.016483,Ward 2,2022-03-27
2022-03-18,38.965838,-77.028300,Ward 4,2022-03-23
2022-03-18,38.875651,-76.961165,Ward 7,2022-03-28
2022-03-18,38.907751,-77.048214,Ward 2,2022-03-22
2022-03-18,38.875072,-76.962348,Ward 7,2022-03-28
2022-03-18,38.913345,-77.073146,Ward 2,2022-03-30
2022-03-18,38.895152,-76.940443,Ward 7,2022-03-31
2022-03-18,38.877809,-76.962018,Ward 7,2022-03-29
2022-03-18,38.946314,-77.026023,Ward 4,2022-03-23
2022-03-18,38.915554,-77.019830,Ward 1,2022-03-24
2022-03-18,38.910548,-77.009719,Ward 5,2022-03-24
2022-03-18,38.912375,-77.009602,Ward 5,2022-03-23
2022-03-18,38.912405,-77.010169,Ward 5,2022-03-23
2022-03-18,38.927207,-76.995609,Ward 5,2022-03-18
2022-03-18,38.925348,-76.996495,Ward 5,2022-03-23
2022-03-18,38.933674,-77.033224,Ward 1,2022-03-23
2022-03-18,38.912608,-76.990138,Ward 5,2022-04-11
2022-03-18,38.869672,-76.980436,Ward 8,2022-03-27
2022-03-18,38.902260,-76.992924,Ward 6,2022-03-23
2022-03-18,38.905500,-77.001090,Ward 6,2022-03-23
2022-03-18,38.936632,-77.033511,Ward 1,2022-03-23
2022-03-18,38.867615,-76.989036,Ward 8,2022-03-28
2022-03-18,38.871355,-76.971753,Ward 8,2022-03-23
2022-03-18,38.875096,-76.966103,Ward 7,2022-03-28
2022-03-18,38.915004,-77.021068,Ward 1,2022-03-30
2022-03-18,38.906913,-76.998379,Ward 5,2022-03-24
2022-03-18,38.903882,-76.978806,Ward 5,2022-04-13
2022-03-18,38.903166,-76.977854,Ward 5,2022-04-14
2022-03-18,38.945952,-77.030444,Ward 4,2022-03-23
2022-03-18,38.965827,-77.027911,Ward 4,2022-03-23
2022-03-18,38.955848,-77.018044,Ward 4,2022-03-23
2022-03-18,38.960582,-77.024463,Ward 4,2022-03-23
2022-03-18,38.952513,-77.022370,Ward 4,2022-03-23
2022-03-18,38.925690,-76.983179,Ward 5,2022-03-23
2022-03-18,38.936632,-77.033511,Ward 1,2022-03-23
2022-03-18,38.940420,-77.063350,Ward 3,2022-03-22
2022-03-18,38.863574,-76.983437,Ward 8,2022-03-23
2022-03-18,38.956862,-77.002318,Null,2022-03-30
2022-03-18,38.919272,-77.081794,Ward 3,2022-03-22
2022-03-18,38.932068,-77.107380,Ward 3,2022-03-22
2022-03-18,38.904906,-76.998745,Ward 6,2022-03-31
2022-03-18,38.888467,-76.995695,Ward 6,2022-04-04
2022-03-18,38.940862,-76.995172,Ward 5,2022-03-25
2022-03-18,38.910877,-77.037253,Ward 2,2022-03-24
2022-03-18,38.926986,-77.024434,Ward 1,2022-03-29
2022-03-18,38.925756,-76.988687,Ward 5,2022-03-23
2022-03-18,38.928270,-76.981466,Ward 5,2022-03-23
2022-03-18,38.919371,-77.009294,Ward 5,2022-03-23
2022-03-18,38.933670,-77.033157,Ward 1,2022-03-23
2022-03-18,38.935519,-77.035525,Ward 1,2022-03-22
2022-03-18,38.935186,-77.026503,Ward 1,2022-03-23
2022-03-18,38.933908,-77.033155,Ward 1,2022-03-22
2022-03-18,38.926236,-77.023069,Ward 1,2022-03-22
2022-03-18,38.845703,-77.001903,Ward 8,2022-03-29
2022-03-18,38.845204,-76.984223,Ward 8,2022-03-29
2022-03-18,38.903659,-76.988865,Ward 5,2022-04-11
2022-03-18,38.880279,-77.017124,Ward 6,2022-04-04
2022-03-18,38.923178,-76.975528,Ward 5,2022-03-23
2022-03-18,38.904922,-76.995693,Ward 6,2022-03-31
2022-03-18,38.906337,-77.016483,Ward 2,2022-03-28
2022-03-18,38.909986,-76.985389,Ward 5,2022-03-22
2022-03-18,38.863931,-76.988165,Ward 8,2022-03-28
2022-03-18,38.922104,-77.031379,Ward 1,2022-03-21
2022-03-18,38.913488,-76.985321,Ward 5,2022-03-24
2022-03-19,38.955621,-77.018359,Ward 4,2022-03-23
2022-03-19,38.968953,-77.024468,Ward 4,2022-03-23
2022-03-19,38.888020,-76.981017,Ward 6,2022-04-04
2022-03-19,38.934893,-76.966896,Ward 5,2022-03-25
2022-03-19,38.892464,-76.925868,Ward 7,2022-03-24
2022-03-19,38.900389,-76.987284,Ward 6,2022-04-11
2022-03-19,38.905474,-77.019098,Ward 6,2022-03-24
2022-03-19,38.929787,-77.038334,Ward 1,2022-03-21
2022-03-19,38.833648,-76.992270,Ward 8,2022-03-27
2022-03-19,38.910950,-77.017774,Ward 6,2022-03-24
2022-03-19,38.893746,-76.997174,Ward 6,2022-04-07
2022-03-19,38.898036,-76.981513,Ward 6,2022-04-08
2022-03-19,38.919947,-77.029348,Ward 1,2022-03-28
2022-03-19,38.895614,-76.920320,Ward 7,2022-03-24
2022-03-19,38.903006,-76.999773,Ward 6,2022-04-04
2022-03-19,38.841669,-77.004920,Ward 8,2022-03-29
2022-03-19,38.896306,-76.972462,Ward 7,2022-03-25
2022-03-19,38.903452,-76.983033,Ward 5,2022-03-23
2022-03-19,38.941015,-77.025774,Ward 4,2022-03-23
2022-03-20,38.898556,-76.994219,Ward 6,2022-04-07
2022-03-20,38.913940,-77.008714,Ward 5,2022-03-25
2022-03-20,38.926251,-77.025378,Ward 1,2022-03-25
2022-03-20,38.926822,-76.979512,Ward 5,2022-03-25
2022-03-20,38.910078,-76.985291,Ward 5,2022-03-21
2022-03-20,38.927849,-77.021305,Ward 1,2022-03-23
2022-03-20,38.832815,-77.003503,Ward 8,2022-03-29
2022-03-20,38.908723,-76.982409,Ward 5,2022-03-23
2022-03-20,38.864095,-76.984369,Ward 8,2022-03-27
2022-03-20,38.931230,-77.041986,Ward 1,2022-03-23
2022-03-20,38.935416,-77.039730,Ward 1,2022-03-21
2022-03-20,38.961687,-77.010143,Ward 4,2022-03-23
2022-03-20,38.845599,-76.970754,Ward 8,2022-03-27
2022-03-20,38.892156,-76.983395,Ward 6,2022-04-04
2022-03-20,38.924707,-76.997783,Ward 5,2022-03-23
2022-03-20,38.843174,-76.993857,Ward 8,2022-03-29
2022-03-20,38.919001,-77.041901,Ward 1,2022-03-21
2022-03-20,38.845361,-76.971301,Ward 8,2022-03-21
2022-03-20,38.933964,-77.024834,Ward 1,2022-03-28
2022-03-20,38.907822,-76.931399,Ward 7,2022-03-24
2022-03-20,38.933371,-77.023554,Ward 1,2022-03-24
2022-03-20,38.881460,-76.926526,Ward 7,2022-04-07
2022-03-20,38.887942,-76.915698,Ward 7,2022-03-31
2022-03-20,38.930923,-77.038012,Ward 1,2022-03-22
2022-03-20,38.906810,-76.978271,Ward 5,2022-04-13
2022-03-20,38.890059,-76.956066,Ward 7,2022-03-24
2022-03-21,38.906833,-76.977850,Ward 5,2022-04-13
2022-03-21,38.931607,-77.028437,Ward 1,2022-03-25
2022-03-21,38.930737,-77.039043,Ward 1,2022-03-22
2022-03-21,38.871810,-77.013461,Ward 6,2022-04-04
2022-03-21,38.910893,-77.010986,Ward 5,2022-03-23
2022-03-21,38.933668,-77.033098,Ward 1,2022-03-23
2022-03-21,38.845616,-76.994482,Ward 8,2022-03-28
2022-03-21,38.906827,-77.005465,Ward 6,2022-04-04
2022-03-21,38.908906,-77.003542,Ward 5,2022-03-24
2022-03-21,38.867634,-76.989643,Ward 8,2022-03-28
2022-03-21,38.849820,-76.979936,Ward 8,2022-03-29
2022-03-21,38.915909,-77.017332,Ward 1,2022-03-24
2022-03-21,38.926327,-76.997720,Ward 5,2022-03-23
2022-03-21,38.906926,-77.010954,Ward 5,2022-03-23
2022-03-21,38.925165,-77.025033,Ward 1,2022-03-28
2022-03-21,38.936663,-77.021117,Ward 1,2022-03-22
2022-03-21,38.931267,-77.019012,Ward 1,2022-03-22
2022-03-21,38.906229,-77.016393,Ward 2,2022-03-28
2022-03-21,38.930776,-77.024480,Ward 1,2022-03-28
2022-03-21,38.908330,-76.941977,Ward 7,2022-03-22
2022-03-21,38.902237,-76.999709,Ward 6,2022-04-04
2022-03-21,38.923988,-76.998431,Ward 5,2022-03-24
2022-03-21,38.896841,-76.981054,Ward 6,2022-04-11
2022-03-21,38.905474,-77.000277,Ward 6,2022-03-30
2022-03-21,38.906898,-76.984754,Ward 5,2022-03-23
2022-03-21,38.875104,-76.966288,Ward 7,2022-03-29
2022-03-21,38.907105,-76.986062,Ward 5,2022-03-24
2022-03-21,38.886344,-76.925567,Ward 7,2022-03-31
2022-03-21,38.825023,-77.010695,Ward 8,2022-03-30
2022-03-21,38.829896,-76.998884,Ward 8,2022-03-28
2022-03-21,38.829896,-76.998884,Ward 8,2022-03-28
2022-03-21,38.834469,-76.988969,Ward 8,2022-03-22
2022-03-21,38.910974,-77.036912,Ward 2,2022-03-24
2022-03-21,38.899591,-76.918944,Ward 7,2022-03-24
2022-03-21,38.906541,-76.986396,Ward 5,2022-03-24
2022-03-21,38.927825,-77.021433,Ward 1,2022-03-22
2022-03-21,38.908579,-76.985441,Ward 5,2022-03-23
2022-03-21,38.907463,-77.009464,Ward 5,2022-04-21
2022-03-21,38.873933,-77.017095,Ward 6,2022-04-04
2022-03-21,38.900028,-77.019329,Ward 2,2022-03-24
2022-03-21,38.901509,-76.994322,Ward 6,2022-03-31
2022-03-21,38.895931,-76.990778,Ward 6,2022-03-29
2022-03-21,38.952014,-77.010555,Ward 4,2022-03-23
2022-03-21,38.952395,-77.029996,Ward 4,2022-03-23
2022-03-21,38.958621,-77.025064,Ward 4,2022-03-23
2022-03-21,38.909835,-77.020475,Ward 6,2022-03-24
2022-03-21,38.822885,-76.999584,Ward 8,2022-03-27
2022-03-21,38.822841,-76.999624,Ward 8,2022-03-27
2022-03-21,38.903465,-76.924085,Ward 7,2022-03-24
2022-03-21,38.904556,-76.989356,Ward 5,2022-04-13
2022-03-21,38.925591,-77.000570,Ward 5,2022-03-24
2022-03-21,38.937950,-77.067012,Ward 3,2022-03-23
2022-03-21,38.855441,-76.995106,Ward 8,2022-03-30
2022-03-21,38.918969,-77.001405,Ward 5,2022-03-24
2022-03-21,38.919466,-77.000568,Ward 5,2022-03-24
2022-03-21,38.919695,-76.978796,Ward 5,2022-03-24
2022-03-21,38.925047,-76.988073,Ward 5,2022-03-24
2022-03-21,38.923900,-76.997498,Ward 5,2022-03-24
2022-03-21,38.923655,-77.002538,Ward 5,2022-03-25
2022-03-21,38.916504,-77.011926,Ward 5,2022-03-24
2022-03-21,38.921522,-77.011506,Ward 5,2022-03-25
2022-03-21,38.944533,-77.013616,Ward 4,2022-03-23
2022-03-21,38.937321,-77.033002,Ward 4,2022-03-23
2022-03-21,38.921863,-77.032746,Ward 1,2022-03-28
2022-03-21,38.940420,-77.063350,Ward 3,2022-03-22
2022-03-21,38.893930,-76.923077,Ward 7,2022-03-27
2022-03-21,38.940574,-77.064167,Ward 3,2022-03-30
2022-03-21,38.900431,-76.990460,Ward 6,2022-04-04
2022-03-21,38.893588,-76.979172,Ward 6,2022-04-07
2022-03-21,38.944134,-77.014782,Ward 4,2022-03-23
2022-03-21,38.929294,-77.018210,Ward 1,2022-03-23
2022-03-21,38.875816,-76.932053,Ward 7,2022-03-31
2022-03-21,38.913880,-77.018185,Ward 6,2022-03-25
2022-03-21,38.854914,-76.967067,Ward 8,2022-03-30
2022-03-21,38.936285,-77.033449,Ward 1,2022-03-23
2022-03-21,38.936285,-77.033449,Ward 1,2022-03-23
2022-03-22,38.908056,-77.024499,Ward 2,2022-03-29
2022-03-22,38.915125,-77.034793,Ward 2,2022-03-29
2022-03-22,38.945924,-77.027252,Ward 4,2022-03-23
2022-03-22,38.945464,-77.026752,Ward 4,2022-03-23
2022-03-22,38.895000,-76.978614,Ward 6,2022-04-04
2022-03-22,38.905331,-76.981778,Ward 5,2022-03-24
2022-03-22,38.904242,-76.982538,Ward 5,2022-04-13
2022-03-22,38.935506,-76.981009,Ward 5,2022-03-22
2022-03-22,38.879399,-76.933506,Ward 7,2022-03-30
2022-03-22,38.952483,-77.012651,Ward 4,2022-03-28
2022-03-22,38.952483,-77.012651,Ward 4,2022-03-28
2022-03-22,38.933674,-77.033224,Ward 1,2022-03-23
2022-03-22,38.877862,-77.001149,Ward 6,2022-04-07
2022-03-22,38.904810,-77.027807,Ward 2,2022-03-24
2022-03-22,38.910974,-77.029154,Ward 2,2022-03-24
2022-03-22,38.915351,-77.032826,Ward 2,2022-03-29
2022-03-22,38.898302,-76.980765,Ward 6,2022-04-07
2022-03-22,38.904323,-76.985189,Ward 5,2022-04-14
2022-03-22,38.917552,-77.007669,Ward 5,2022-03-24
2022-03-22,38.898562,-76.943479,Ward 7,2022-03-29
2022-03-22,38.893736,-76.919094,Ward 7,2022-03-31
2022-03-22,38.957074,-76.993221,Ward 5,2022-04-06
2022-03-22,38.917497,-77.012400,Ward 5,2022-03-23
2022-03-22,38.897693,-76.929845,Ward 7,2022-03-27
2022-03-22,38.915857,-77.020207,Ward 1,2022-03-28
2022-03-22,38.941683,-77.004620,Ward 5,2022-03-31
2022-03-22,38.887608,-76.923635,Ward 7,2022-03-29
2022-03-22,38.933674,-77.033224,Ward 1,2022-03-23
2022-03-22,38.923870,-77.034337,Ward 1,2022-03-23
2022-03-22,38.898366,-76.930203,Ward 7,2022-03-28
2022-03-22,38.939943,-77.025985,Ward 4,2022-03-28
2022-03-22,38.939944,-77.025927,Ward 4,2022-03-28
2022-03-22,38.903284,-76.993051,Ward 6,2022-04-04
2022-03-22,38.896827,-76.983222,Ward 6,2022-03-31
2022-03-22,38.905399,-76.974786,Ward 5,2022-04-13
2022-03-22,38.917207,-77.012807,Ward 5,2022-03-24
2022-03-22,38.914279,-77.028608,Ward 1,2022-03-29
2022-03-22,38.915711,-77.011542,Ward 5,2022-03-24
2022-03-22,38.925741,-76.972168,Ward 5,2022-03-24
2022-03-22,38.907449,-77.009525,Ward 5,2022-03-25
2022-03-22,38.931691,-76.972369,Ward 5,2022-03-24
2022-03-22,38.931320,-77.020308,Ward 1,2022-03-24
2022-03-22,38.830772,-76.998710,Ward 8,2022-03-27
2022-03-22,38.918566,-77.000846,Ward 5,2022-03-24
2022-03-22,38.948611,-77.087927,Ward 3,2022-03-30
2022-03-22,38.906133,-76.977841,Ward 5,2022-03-25
2022-03-22,38.904787,-76.983789,Ward 5,2022-04-13
2022-03-22,38.904100,-76.990082,Ward 5,2022-03-24
2022-03-22,38.906298,-76.989759,Ward 5,2022-03-24
2022-03-22,38.931691,-76.972369,Ward 5,2022-03-24
2022-03-22,38.949619,-77.013447,Ward 4,2022-03-28
2022-03-22,38.950258,-77.016590,Ward 4,2022-03-23
2022-03-22,38.945684,-77.017690,Ward 4,2022-03-28
2022-03-22,38.903096,-76.988706,Ward 5,2022-04-11
2022-03-22,38.928047,-77.022516,Ward 1,2022-03-24
2022-03-22,38.875602,-76.963732,Ward 7,2022-03-29
2022-03-22,38.906229,-77.016393,Ward 2,2022-03-28
2022-03-22,38.927849,-77.021305,Ward 1,2022-03-23
2022-03-22,38.841096,-77.006114,Ward 8,2022-03-30
2022-03-22,38.869217,-76.967532,Ward 7,2022-03-29
2022-03-23,38.906298,-77.012978,Ward 5,2022-03-25
2022-03-23,38.906298,-77.012978,Ward 5,2022-03-25
2022-03-23,38.936526,-77.033237,Ward 1,2022-03-29
2022-03-23,38.933063,-77.025271,Ward 1,2022-03-28
2022-03-23,38.930824,-76.993734,Ward 5,2022-03-24
2022-03-23,38.906298,-77.012978,Ward 5,2022-03-25
2022-03-23,38.927553,-77.022021,Ward 1,2022-03-28
2022-03-23,38.927555,-77.021968,Ward 1,2022-03-28
2022-03-23,38.927802,-77.021877,Ward 1,2022-03-28
2022-03-23,38.927600,-77.021292,Ward 1,2022-03-28
2022-03-23,38.936427,-77.021505,Ward 1,2022-03-28
2022-03-23,38.931267,-77.019012,Ward 1,2022-03-28
2022-03-23,38.931252,-77.019330,Ward 1,2022-03-28
2022-03-23,38.931245,-77.019147,Ward 1,2022-03-28
2022-03-23,38.918782,-77.002651,Ward 5,2022-03-25
2022-03-23,38.940420,-77.063350,Ward 3,2022-03-30
2022-03-23,38.917569,-77.032515,Ward 1,2022-03-25
2022-03-23,38.913448,-77.032367,Ward 2,2022-03-24
2022-03-23,38.909847,-77.011976,Ward 5,2022-03-25
2022-03-23,38.900444,-76.986286,Ward 6,2022-04-06
2022-03-23,38.904608,-77.000365,Ward 6,2022-03-30
2022-03-23,38.910808,-77.054436,Ward 2,2022-03-29
2022-03-23,38.951291,-77.016583,Ward 4,2022-03-28
2022-03-23,38.890936,-77.002043,Ward 6,2022-03-30
2022-03-23,38.906734,-76.978271,Ward 5,2022-04-13
2022-03-23,38.874896,-76.962707,Ward 7,2022-03-29
2022-03-23,38.863830,-76.979956,Ward 8,2022-03-27
2022-03-23,38.907038,-77.014291,Ward 6,2022-03-30
2022-03-23,38.847892,-77.001036,Ward 8,2022-03-27
2022-03-23,38.910795,-77.009051,Ward 5,2022-03-28
2022-03-23,38.940177,-77.026830,Ward 4,2022-03-28
2022-03-23,38.921067,-77.011022,Ward 5,2022-03-25
2022-03-23,38.940487,-77.026617,Ward 4,2022-03-28
2022-03-23,38.884550,-76.921496,Ward 7,2022-03-28
2022-03-23,38.946937,-77.096490,Ward 3,2022-03-28
2022-03-23,38.949772,-77.013974,Ward 4,2022-03-28
2022-03-23,38.954394,-77.024187,Ward 4,2022-03-28
2022-03-23,38.930348,-77.074943,Ward 3,2022-03-28
2022-03-23,38.917555,-77.012152,Ward 5,2022-03-24
2022-03-23,38.922678,-77.000570,Ward 5,2022-03-24
2022-03-23,38.923178,-76.975528,Ward 5,2022-03-25
2022-03-23,38.920224,-76.976303,Ward 5,2022-03-25
2022-03-23,38.920892,-76.985052,Ward 5,2022-03-24
2022-03-23,38.917425,-76.979972,Ward 5,2022-03-24
2022-03-23,38.917430,-77.024223,Ward 1,2022-03-30
2022-03-23,38.842543,-76.995386,Ward 8,2022-03-27
2022-03-23,38.904355,-76.990728,Ward 5,2022-03-25
2022-03-23,38.905185,-76.981897,Ward 5,2022-03-25
2022-03-23,38.905331,-76.981778,Ward 5,2022-03-24
2022-03-23,38.899552,-76.976466,Ward 5,2022-03-25
2022-03-23,38.985283,-77.036887,Ward 4,2022-03-28
2022-03-23,38.904971,-76.977602,Ward 5,2022-03-25
2022-03-23,38.830033,-76.993871,Ward 8,2022-03-27
2022-03-23,38.890874,-76.936057,Ward 7,2022-03-28
2022-03-23,38.881364,-76.924198,Ward 7,2022-03-31
2022-03-23,38.906052,-77.012784,Null,2022-03-29
2022-03-23,38.954931,-77.011822,Ward 4,2022-03-28
2022-03-23,38.954931,-77.011822,Ward 4,2022-03-28
2022-03-23,38.894414,-76.985721,Ward 6,2022-04-04
2022-03-23,38.860082,-76.986685,Ward 8,2022-03-27
2022-03-23,38.893729,-76.986376,Ward 6,2022-04-04
2022-03-24,38.918286,-77.002983,Ward 5,2022-03-25
2022-03-24,38.904564,-76.999759,Ward 6,2022-03-30
2022-03-24,38.910974,-77.036912,Ward 2,2022-03-30
2022-03-24,38.885199,-76.987234,Ward 6,2022-04-04
2022-03-24,38.910841,-77.009565,Ward 5,2022-03-30
2022-03-24,38.829388,-76.993517,Ward 8,2022-03-29
2022-03-24,38.906298,-77.012978,Ward 5,2022-03-25
2022-03-24,38.911322,-77.009898,Ward 5,2022-03-30
2022-03-24,38.919925,-76.986547,Ward 5,2022-03-30
2022-03-24,38.895631,-76.920072,Ward 7,2022-03-31
2022-03-24,38.938637,-76.993963,Ward 5,2022-03-28
2022-03-24,38.897773,-76.973436,Ward 7,2022-03-31
2022-03-24,38.869306,-76.970710,Ward 7,2022-03-25
2022-03-24,38.891111,-76.948088,Ward 7,2022-03-31
2022-03-24,38.876790,-76.967236,Ward 7,2022-03-25
2022-03-24,38.926667,-77.009044,Ward 5,2022-03-25
2022-03-24,38.919038,-77.000108,Ward 5,2022-03-30
2022-03-24,38.921514,-77.032176,Ward 1,2022-04-01
2022-03-24,38.851369,-76.965385,Ward 8,2022-03-31
2022-03-24,38.966427,-77.025715,Ward 4,2022-03-29
2022-03-24,38.965210,-77.028361,Ward 4,2022-03-29
2022-03-24,38.949923,-77.026553,Ward 4,2022-03-29
2022-03-24,38.959277,-76.994685,Ward 4,2022-03-29
2022-03-24,38.928975,-77.054315,Ward 3,2022-03-28
2022-03-24,38.859405,-76.965045,Ward 7,2022-03-28
2022-03-24,38.950214,-77.027465,Ward 4,2022-03-29
2022-03-24,38.937321,-77.033002,Ward 4,2022-03-29
2022-03-24,38.910472,-77.011911,Ward 5,2022-03-25
2022-03-24,38.967016,-77.004448,Ward 4,2022-03-29
2022-03-24,38.906594,-77.011966,Ward 5,2022-03-30
2022-03-24,38.845433,-76.994197,Ward 8,2022-03-31
2022-03-24,38.830789,-77.007353,Ward 8,2022-03-30
2022-03-24,38.927318,-77.073586,Ward 3,2022-03-28
2022-03-24,38.978824,-77.026202,Ward 4,2022-03-29
2022-03-24,38.905684,-77.031952,Ward 2,2022-03-25
2022-03-24,38.930569,-77.038438,Ward 1,2022-03-28
2022-03-24,38.958135,-77.026977,Ward 4,2022-03-29
2022-03-24,38.910841,-77.032267,Ward 2,2022-03-25
2022-03-24,38.900028,-77.019329,Ward 2,2022-03-29
2022-03-24,38.906190,-77.013091,Ward 5,2022-03-30
2022-03-24,38.833366,-76.989925,Ward 8,2022-03-30
2022-03-24,38.917836,-77.011933,Ward 5,2022-03-30
2022-03-24,38.914142,-77.015551,Ward 5,2022-03-30
2022-03-24,38.905645,-77.018932,Ward 6,2022-03-30
2022-03-25,38.857740,-76.960460,Ward 7,2022-04-19
2022-03-25,38.907033,-76.979738,Ward 5,2022-03-28
2022-03-25,38.927595,-77.021354,Ward 1,2022-03-30
2022-03-25,38.906229,-77.016393,Ward 2,2022-03-28
2022-03-25,38.906414,-76.981078,Ward 5,2022-03-28
2022-03-25,38.909986,-76.985389,Ward 5,2022-03-28
2022-03-25,38.909231,-76.984016,Ward 5,2022-03-28
2022-03-25,38.919001,-77.041901,Ward 1,2022-03-28
2022-03-25,38.895719,-76.993484,Ward 6,2022-04-07
2022-03-25,38.833705,-77.006159,Ward 8,2022-03-30
2022-03-25,38.917195,-77.005424,Ward 5,2022-03-30
2022-03-25,38.912781,-77.012961,Ward 5,2022-03-30
2022-03-25,38.832815,-77.003503,Ward 8,2022-03-30
2022-03-25,38.866924,-76.948247,Ward 7,2022-04-19
2022-03-25,38.911504,-76.984813,Ward 5,2022-04-11
2022-03-25,38.895076,-76.920263,Ward 7,2022-03-31
2022-03-25,38.910247,-76.986995,Ward 5,2022-04-11
2022-03-25,38.902529,-77.053306,Ward 2,2022-03-30
2022-03-25,38.905368,-77.015430,Ward 6,2022-03-29
2022-03-25,38.907214,-76.941876,Ward 7,2022-03-31
2022-03-25,38.915857,-77.020207,Ward 1,2022-03-28
2022-03-25,38.886681,-76.920781,Ward 7,2022-03-31
2022-03-25,38.916003,-77.020236,Ward 1,2022-03-29
2022-03-25,38.948313,-77.015944,Ward 4,2022-03-29
2022-03-25,38.941639,-77.030299,Ward 4,2022-03-29
2022-03-25,38.959912,-77.001246,Ward 4,2022-03-29
2022-03-25,38.875848,-76.960756,Ward 7,2022-04-19
2022-03-25,38.885832,-76.992866,Ward 6,2022-04-08
2022-03-25,38.931691,-76.972369,Ward 5,2022-03-28
2022-03-25,38.885036,-76.919780,Ward 7,2022-04-12
2022-03-25,38.918953,-77.074991,Ward 3,2022-03-28
2022-03-25,38.917552,-77.007669,Ward 5,2022-03-30
2022-03-25,38.927740,-77.025386,Ward 1,2022-04-04
2022-03-25,38.968905,-77.037137,Ward 4,2022-03-28
2022-03-25,38.903035,-76.982024,Ward 5,2022-04-13
2022-03-25,38.888202,-76.987173,Ward 6,2022-04-04
2022-03-25,38.935888,-77.034510,Ward 1,2022-03-30
2022-03-25,38.898713,-76.993992,Ward 6,2022-04-04
2022-03-25,38.964067,-77.019896,Ward 4,2022-03-29
2022-03-25,38.910201,-76.984992,Ward 5,2022-04-11
2022-03-25,38.891407,-76.951625,Ward 7,2022-03-31
2022-03-26,38.900430,-76.995840,Ward 6,2022-03-31
2022-03-26,38.894529,-76.985248,Ward 6,2022-03-31
2022-03-26,38.906507,-77.015986,Ward 2,2022-03-29
2022-03-26,38.957822,-77.006010,Ward 4,2022-03-29
2022-03-26,38.943744,-77.026293,Ward 4,2022-03-29
2022-03-26,38.928023,-77.030040,Ward 1,2022-03-30
2022-03-26,38.838278,-77.006253,Ward 8,2022-03-29
2022-03-26,38.896954,-76.985752,Ward 6,2022-04-04
2022-03-26,38.928248,-77.026848,Ward 1,2022-03-29
2022-03-26,38.862056,-76.990815,Ward 8,2022-03-31
2022-03-26,38.863453,-76.988655,Ward 8,2022-03-31
2022-03-26,38.862273,-76.991223,Ward 8,2022-03-31
2022-03-26,38.873905,-76.976029,Ward 8,2022-03-31
2022-03-26,38.956449,-77.019887,Ward 4,2022-03-28
2022-03-26,38.976320,-77.019651,Ward 4,2022-03-29
2022-03-26,38.896816,-76.985752,Ward 6,2022-03-31
2022-03-26,38.886344,-76.925567,Ward 7,2022-03-31
2022-03-26,38.894950,-76.979239,Ward 6,2022-04-06
2022-03-27,38.902871,-76.999180,Ward 6,2022-04-04
2022-03-27,38.913220,-77.011899,Ward 5,2022-03-28
2022-03-27,38.902760,-76.994649,Ward 6,2022-04-04
2022-03-27,38.875114,-76.968740,Ward 7,2022-03-31
2022-03-27,38.838278,-77.006253,Ward 8,2022-03-29
2022-03-27,38.831830,-77.004206,Ward 8,2022-03-30
2022-03-27,38.915807,-77.012733,Ward 5,2022-03-30
2022-03-27,38.887177,-76.936703,Ward 7,2022-04-14
2022-03-27,38.884693,-76.997229,Ward 6,2022-04-13
2022-03-27,38.896128,-77.018926,Ward 2,2022-03-30
2022-03-27,38.864036,-76.979022,Ward 8,2022-03-31
2022-03-27,38.923097,-77.027037,Ward 1,2022-03-30
2022-03-27,38.872265,-76.979216,Ward 8,2022-04-04
2022-03-27,38.872265,-76.979216,Ward 8,2022-03-30
2022-03-27,38.872265,-76.979216,Ward 8,2022-04-04
2022-03-27,38.872265,-76.979216,Ward 8,2022-04-04
2022-03-27,38.872265,-76.979216,Ward 8,2022-03-31
2022-03-27,38.872265,-76.979216,Ward 8,2022-04-04
2022-03-27,38.872265,-76.979216,Ward 8,2022-04-04
2022-03-27,38.872265,-76.979216,Ward 8,2022-04-01
2022-03-27,38.872265,-76.979216,Ward 8,2022-04-04
2022-03-27,38.915765,-77.020175,Ward 1,2022-03-29
2022-03-27,38.919615,-77.013731,Ward 5,2022-03-30
2022-03-27,38.902408,-76.984657,Ward 5,2022-04-13
2022-03-27,38.846850,-77.003760,Ward 8,2022-03-30
2022-03-28,38.822885,-76.999584,Ward 8,2022-03-29
2022-03-28,38.928023,-77.030040,Ward 1,2022-03-30
2022-03-28,38.931234,-77.019216,Ward 1,2022-04-06
2022-03-28,38.912006,-77.020707,Ward 6,2022-03-29
2022-03-28,38.898743,-76.994231,Ward 6,2022-04-08
2022-03-28,38.930471,-77.030033,Ward 1,2022-03-29
2022-03-28,38.901181,-76.991732,Ward 6,2022-03-31
2022-03-28,38.906269,-77.012160,Null,2022-04-01
2022-03-28,38.896314,-76.920749,Ward 7,2022-03-31
2022-03-28,38.912918,-77.001410,Ward 5,2022-03-29
2022-03-28,38.929006,-76.982399,Ward 5,2022-03-30
2022-03-28,38.896246,-76.977015,Ward 7,2022-03-31
2022-03-28,38.907426,-77.010639,Ward 5,2022-03-30
2022-03-28,38.910449,-76.985125,Ward 5,2022-04-11
2022-03-28,38.939677,-77.086055,Ward 3,2022-03-30
2022-03-28,38.937835,-77.022566,Ward 4,2022-04-01
2022-03-28,38.937470,-77.022725,Ward 4,2022-04-01
2022-03-28,38.888751,-76.914976,Ward 7,2022-04-14
2022-03-28,38.917592,-77.042992,Ward 1,2022-04-06
2022-03-28,38.918274,-77.029082,Ward 1,2022-03-30
2022-03-28,38.937801,-77.025375,Ward 4,2022-04-01
2022-03-28,38.823095,-76.999233,Ward 8,2022-03-31
2022-03-28,38.906452,-76.977822,Ward 5,2022-04-13
2022-03-28,38.918491,-77.038070,Ward 1,2022-04-06
2022-03-28,38.938230,-77.028947,Ward 4,2022-04-01
2022-03-28,38.925616,-77.033981,Ward 1,2022-03-30
2022-03-28,38.901664,-76.998682,Ward 6,2022-04-04
2022-03-28,38.929882,-77.040499,Ward 1,2022-03-30
2022-03-28,38.928844,-77.036828,Ward 1,2022-03-30
2022-03-28,38.930544,-77.038287,Ward 1,2022-03-30
2022-03-28,38.935876,-77.034433,Ward 1,2022-03-30
2022-03-28,38.912148,-77.004815,Ward 5,2022-03-30
2022-03-28,38.919551,-76.998942,Ward 5,2022-03-30
2022-03-28,38.911110,-77.007800,Ward 5,2022-03-30
2022-03-28,38.896791,-76.996394,Ward 6,2022-04-04
2022-03-28,38.924322,-77.008199,Ward 5,2022-03-30
2022-03-28,38.926311,-76.991703,Ward 5,2022-03-30
2022-03-28,38.937512,-77.060112,Ward 3,2022-03-30
2022-03-28,38.917416,-77.001823,Ward 5,2022-03-30
2022-03-28,38.916766,-77.002411,Ward 5,2022-03-30
2022-03-28,38.907407,-77.009783,Ward 5,2022-03-30
2022-03-28,38.852262,-76.969210,Ward 8,2022-03-31
2022-03-28,38.963352,-77.012724,Ward 4,2022-04-01
2022-03-28,38.901990,-76.989970,Ward 6,2022-04-08
2022-03-28,38.934741,-77.029290,Ward 1,2022-03-29
2022-03-28,38.897249,-76.981072,Ward 7,2022-04-19
2022-03-29,38.938480,-76.979458,Ward 5,2022-04-18
2022-03-29,38.908856,-76.985062,Ward 5,2022-04-19
2022-03-29,38.906827,-76.989565,Ward 5,2022-04-18
2022-03-29,38.909868,-77.021195,Ward 2,2022-04-01
2022-03-29,38.828226,-76.995960,Ward 8,2022-03-31
2022-03-29,38.832815,-77.003503,Ward 8,2022-03-30
2022-03-29,38.913765,-77.017780,Null,2022-04-01
2022-03-29,38.851100,-76.967346,Ward 8,2022-03-31
2022-03-29,38.903550,-76.976829,Ward 5,2022-04-13
2022-03-29,38.891417,-76.924771,Ward 7,2022-03-31
2022-03-29,38.925257,-77.026784,Ward 1,2022-03-31
2022-03-29,38.906244,-76.931217,Ward 7,2022-03-31
2022-03-29,38.936632,-77.033511,Ward 1,2022-03-31
2022-03-29,38.897698,-76.937819,Ward 7,2022-03-31
2022-03-29,38.910026,-77.027732,Ward 2,2022-04-01
2022-03-29,38.906520,-76.989572,Ward 5,2022-04-19
2022-03-29,38.833540,-77.004683,Ward 8,2022-03-31
2022-03-29,38.833479,-77.004846,Ward 8,2022-03-30
2022-03-29,38.846842,-77.002940,Ward 8,2022-03-30
2022-03-29,38.830335,-77.012741,Ward 8,2022-03-30
2022-03-29,38.825803,-76.997428,Ward 8,2022-03-30
2022-03-29,38.952544,-77.009356,Ward 4,2022-04-04
2022-03-29,38.850106,-76.983437,Ward 8,2022-03-31
2022-03-29,38.838398,-77.006090,Ward 8,2022-03-31
2022-03-29,38.851391,-76.963958,Ward 8,2022-04-01
2022-03-29,38.873854,-76.934487,Ward 7,2022-04-19
2022-03-29,38.853808,-76.966272,Ward 8,2022-04-01
2022-03-29,38.850077,-76.975289,Ward 8,2022-03-30
2022-03-29,38.850143,-76.976060,Ward 8,2022-03-30
2022-03-29,38.927394,-76.991004,Ward 5,2022-04-01
2022-03-29,38.909679,-76.937124,Ward 7,2022-03-31
2022-03-29,38.926415,-77.033945,Ward 1,2022-04-01
2022-03-29,38.907046,-77.025457,Ward 2,2022-04-01
2022-03-29,38.862709,-76.979503,Ward 8,2022-04-01
2022-03-29,38.920893,-76.987270,Ward 5,2022-03-30
2022-03-29,38.919423,-77.014070,Ward 5,2022-04-01
2022-03-29,38.912325,-76.995606,Ward 5,2022-04-01
2022-03-29,38.899281,-76.998241,Ward 6,2022-04-18
2022-03-29,38.845295,-76.998820,Ward 8,2022-04-01
2022-03-29,38.950846,-77.087119,Ward 3,2022-03-30
2022-03-29,38.961603,-77.052683,Null,2022-04-07
2022-03-29,38.906095,-77.019575,Ward 2,2022-04-08
2022-03-29,38.902302,-76.931231,Ward 7,2022-03-30
2022-03-29,38.869299,-76.976158,Ward 8,2022-03-31
2022-03-29,38.892900,-76.918189,Ward 7,2022-03-31
2022-03-29,38.889760,-76.913668,Ward 7,2022-03-31
2022-03-30,38.871377,-76.957762,Ward 7,2022-04-11
2022-03-30,38.867880,-76.988680,Ward 8,2022-03-31
2022-03-30,38.925431,-77.027364,Ward 1,2022-03-31
2022-03-30,38.932554,-77.028617,Ward 1,2022-04-01
2022-03-30,38.903284,-76.993051,Ward 6,2022-04-11
2022-03-30,38.917295,-77.015674,Ward 1,2022-04-06
2022-03-30,38.917357,-77.015346,Ward 1,2022-04-01
2022-03-30,38.900028,-77.019329,Ward 2,2022-03-31
2022-03-30,38.900028,-77.019329,Ward 2,2022-03-31
2022-03-30,38.900028,-77.019329,Ward 2,2022-03-31
2022-03-30,38.876073,-76.967385,Ward 7,2022-04-19
2022-03-30,38.928342,-77.043139,Ward 1,2022-04-01
2022-03-30,38.824960,-77.008269,Ward 8,2022-04-01
2022-03-30,38.895647,-76.980986,Ward 6,2022-04-04
2022-03-30,38.833163,-76.990247,Ward 8,2022-04-01
2022-03-30,38.869299,-76.976158,Ward 8,2022-03-31
2022-03-30,38.898821,-76.977265,Ward 6,2022-04-11
2022-03-30,38.909911,-77.020786,Ward 6,2022-04-05
2022-03-30,38.966949,-77.025731,Ward 4,2022-04-04
2022-03-30,38.897497,-76.992473,Ward 6,2022-04-04
2022-03-30,38.865413,-76.979434,Ward 8,2022-04-01
2022-03-30,38.897543,-76.970035,Ward 7,2022-04-04
2022-03-30,38.942444,-76.999259,Ward 5,2022-03-31
2022-03-30,38.898962,-76.981542,Ward 6,2022-04-08
2022-03-30,38.911046,-77.054078,Ward 2,2022-04-01
2022-03-30,38.845295,-76.998820,Ward 8,2022-04-04
2022-03-30,38.933581,-77.032730,Ward 1,2022-04-01
2022-03-30,38.878071,-76.959681,Ward 7,2022-04-27
2022-03-30,38.888206,-76.979203,Ward 7,2022-04-08
2022-03-30,38.927916,-76.996178,Ward 5,2022-04-01
2022-03-30,38.925752,-76.999977,Ward 5,2022-04-01
2022-03-30,38.933377,-77.110249,Ward 3,2022-04-05
2022-03-30,38.886500,-76.925249,Ward 7,2022-04-14
2022-03-30,38.870913,-76.967142,Ward 7,2022-04-27
2022-03-30,38.896717,-76.919412,Ward 7,2022-04-04
2022-03-30,38.909679,-76.937124,Ward 7,2022-03-31
2022-03-30,38.878735,-76.981618,Ward 6,2022-04-04
2022-03-30,38.858545,-76.961782,Ward 7,2022-04-08
2022-03-30,38.894779,-76.978995,Ward 6,2022-04-11
2022-03-30,38.917934,-77.010635,Ward 5,2022-03-31
2022-03-31,38.907407,-77.009783,Ward 5,2022-04-01
2022-03-31,38.853285,-76.965439,Ward 8,2022-04-01
2022-03-31,38.917569,-77.032515,Ward 1,2022-04-01
2022-03-31,38.952195,-77.010161,Ward 4,2022-04-04
2022-03-31,38.952544,-77.009356,Ward 4,2022-04-04
2022-03-31,38.928938,-77.026439,Ward 1,2022-04-01
2022-03-31,38.869298,-76.975734,Ward 8,2022-04-01
2022-03-31,38.949690,-77.014033,Ward 4,2022-04-01
2022-03-31,38.955675,-77.027711,Ward 4,2022-04-01
2022-03-31,38.917193,-77.028313,Ward 1,2022-04-01
2022-03-31,38.923746,-77.037523,Ward 1,2022-04-11
2022-03-31,38.943744,-77.026293,Ward 4,2022-04-05
2022-03-31,38.936632,-77.033511,Ward 1,2022-04-01
2022-03-31,38.942569,-77.032992,Ward 4,2022-04-04
2022-03-31,38.936252,-77.033384,Ward 1,2022-04-11
2022-03-31,38.924632,-77.026285,Ward 1,2022-04-11
2022-03-31,38.931125,-77.020282,Ward 1,2022-04-11
2022-03-31,38.937321,-77.033002,Ward 4,2022-04-04
2022-03-31,38.927830,-77.024606,Ward 1,2022-04-11
2022-03-31,38.925613,-77.026555,Ward 1,2022-04-11
2022-03-31,38.929290,-77.021423,Ward 1,2022-04-11
2022-03-31,38.897880,-77.051488,Ward 2,2022-04-01
2022-03-31,38.899125,-77.008111,Ward 6,2022-04-11
2022-03-31,38.882936,-77.014429,Ward 6,2022-03-31
2022-03-31,38.912438,-77.038909,Ward 2,2022-04-05
2022-03-31,38.901993,-76.976632,Ward 5,2022-05-02
2022-03-31,38.960582,-77.024463,Ward 4,2022-04-04
2022-03-31,38.962897,-77.068818,Ward 3,2022-04-05
2022-03-31,38.925591,-77.000570,Ward 5,2022-04-01
2022-03-31,38.907058,-77.018703,Ward 2,2022-04-08
2022-03-31,38.906150,-77.016399,Ward 6,2022-04-08
2022-03-31,38.918743,-77.027859,Ward 1,2022-04-05
2022-03-31,38.898601,-76.983212,Ward 6,2022-04-04
2022-03-31,38.848291,-76.969258,Ward 8,2022-04-04
2022-03-31,38.909853,-77.014316,Ward 5,2022-04-01
2022-03-31,38.915726,-77.012155,Ward 5,2022-04-01
2022-03-31,38.916994,-77.002033,Ward 5,2022-04-01
2022-03-31,38.921072,-76.980291,Ward 5,2022-04-01
2022-03-31,38.917180,-77.001319,Ward 5,2022-04-01
2022-03-31,38.943165,-77.040714,Ward 4,2022-04-05
2022-03-31,38.896285,-76.921594,Ward 7,2022-04-14
2022-03-31,38.902344,-76.931985,Ward 7,2022-04-04
2022-03-31,38.841669,-77.004920,Ward 8,2022-04-01
2022-03-31,38.834568,-76.990170,Ward 8,2022-04-01
2022-03-31,38.883402,-77.004253,Ward 6,2022-04-08
2022-03-31,38.870226,-76.979656,Ward 8,2022-04-04
2022-03-31,38.903729,-76.996165,Ward 6,2022-04-18
2022-03-31,38.981537,-77.031983,Ward 4,2022-04-04
2022-03-31,38.875797,-76.985599,Ward 6,2022-04-07
2022-03-31,38.940005,-77.022004,Ward 4,2022-04-04
2022-03-31,38.921550,-77.044489,Ward 1,2022-04-01
2022-03-31,38.906210,-76.986347,Ward 5,2022-04-28
2022-03-31,38.927849,-77.021305,Ward 1,2022-04-05
2022-03-31,38.868947,-76.980238,Ward 8,2022-04-04
2022-04-01,38.930224,-77.021209,Ward 1,2022-04-05
2022-04-01,38.935853,-77.030609,Ward 1,2022-04-05
2022-04-01,38.936312,-77.030653,Ward 1,2022-04-05
2022-04-01,38.918935,-77.034272,Ward 1,2022-04-05
2022-04-01,38.921979,-77.038440,Ward 1,2022-04-05
2022-04-01,38.898917,-76.935152,Ward 7,2022-04-14
2022-04-01,38.957912,-77.021794,Ward 4,2022-04-06
2022-04-01,38.958352,-77.021544,Ward 4,2022-04-06
2022-04-01,38.830299,-76.994807,Ward 8,2022-04-06
2022-04-01,38.851694,-76.965107,Ward 8,2022-04-05
2022-04-01,38.924508,-77.029932,Ward 1,2022-04-03
2022-04-01,38.953217,-77.027990,Ward 4,2022-04-06
2022-04-01,38.912016,-77.030486,Ward 2,2022-04-11
2022-04-01,38.890136,-76.939503,Ward 7,2022-04-13
2022-04-01,38.905474,-77.019098,Ward 6,2022-04-07
2022-04-01,38.830287,-76.998291,Ward 8,2022-04-04
2022-04-01,38.970783,-77.023996,Ward 4,2022-04-06
2022-04-01,38.850524,-76.975728,Ward 8,2022-04-04
2022-04-01,38.918705,-77.034278,Ward 1,2022-04-18
2022-04-01,38.962702,-77.025967,Ward 4,2022-04-07
2022-04-01,38.884933,-76.993292,Ward 6,2022-04-05
2022-04-01,38.884299,-76.992837,Ward 6,2022-04-07
2022-04-01,38.917193,-77.028313,Ward 1,2022-04-05
2022-04-01,38.887494,-76.934607,Ward 7,2022-04-27
2022-04-01,38.917193,-77.028313,Ward 1,2022-04-05
2022-04-01,38.819953,-77.005572,Ward 8,2022-04-04
2022-04-01,38.886584,-76.980999,Ward 7,2022-04-05
2022-04-01,38.925802,-76.995299,Ward 5,2022-04-04
2022-04-01,38.884245,-76.992864,Ward 6,2022-04-07
2022-04-01,38.937781,-77.027743,Ward 4,2022-04-05
2022-04-01,38.895888,-76.937982,Ward 7,2022-04-14
2022-04-01,38.834619,-76.987470,Ward 8,2022-04-06
2022-04-01,38.904406,-76.937621,Ward 7,2022-04-14
2022-04-01,38.912029,-77.011403,Ward 5,2022-04-04
2022-04-01,38.967050,-77.035132,Ward 4,2022-04-04
2022-04-01,38.908574,-77.015908,Null,2022-04-07
2022-04-01,38.915547,-76.993740,Ward 5,2022-04-04
2022-04-01,38.967393,-77.033731,Ward 4,2022-04-04
2022-04-01,38.966327,-77.034532,Ward 4,2022-04-04
2022-04-01,38.903566,-76.980717,Ward 5,2022-04-26
2022-04-02,38.917163,-77.004591,Ward 5,2022-04-05
2022-04-02,38.935840,-76.990746,Ward 5,2022-04-20
2022-04-02,38.837738,-76.997179,Ward 8,2022-04-06
2022-04-02,38.927162,-77.042418,Ward 1,2022-04-05
2022-04-02,38.903266,-76.992846,Ward 6,2022-04-07
2022-04-02,38.902760,-76.994735,Ward 6,2022-04-08
2022-04-02,38.887240,-76.994699,Ward 6,2022-04-05
2022-04-02,38.890363,-76.951581,Ward 7,2022-04-14
2022-04-02,38.958138,-76.993563,Ward 4,2022-04-06
2022-04-02,38.911322,-77.009898,Ward 5,2022-04-05
2022-04-02,38.894636,-76.986549,Ward 6,2022-04-07
2022-04-02,38.867718,-77.010213,Ward 6,2022-04-05
2022-04-02,38.923340,-77.039125,Ward 1,2022-04-04
2022-04-02,38.901339,-77.031963,Ward 2,2022-04-08
2022-04-02,38.906880,-77.014881,Ward 6,2022-04-11
2022-04-02,38.968796,-77.030803,Ward 4,2022-04-06
2022-04-03,38.925008,-77.030557,Ward 1,2022-04-11
2022-04-03,38.924456,-77.030609,Ward 1,2022-04-11
2022-04-03,38.883631,-76.957496,Ward 7,2022-04-27
2022-04-03,38.857927,-76.966431,Ward 7,2022-04-22
2022-04-03,38.931320,-77.020308,Ward 1,2022-04-11
2022-04-03,38.869672,-76.979956,Ward 8,2022-04-06
2022-04-03,38.918277,-77.030830,Ward 1,2022-04-11
2022-04-03,38.961504,-77.007353,Ward 4,2022-04-06
2022-04-03,38.910115,-76.985372,Ward 5,2022-04-28
2022-04-03,38.827978,-76.996150,Ward 8,2022-04-04
2022-04-03,38.854469,-76.966496,Ward 8,2022-04-06
2022-04-03,38.905863,-77.018752,Ward 6,2022-04-07
2022-04-03,38.905863,-77.018752,Ward 6,2022-04-07
2022-04-03,38.928342,-77.043139,Ward 1,2022-04-05
2022-04-03,38.929356,-77.043455,Ward 1,2022-04-04
2022-04-03,38.893399,-77.003039,Ward 6,2022-04-08
2022-04-03,38.915569,-77.031956,Null,2022-04-26
2022-04-03,38.903871,-76.995202,Ward 6,2022-04-11
2022-04-03,38.874561,-76.969044,Ward 7,2022-04-22
2022-04-03,38.926808,-76.971261,Ward 5,2022-04-04
2022-04-03,38.905415,-76.972993,Ward 5,2022-04-26
2022-04-03,38.921002,-77.043490,Ward 1,2022-04-04
2022-04-03,38.932364,-77.029718,Ward 1,2022-04-05
2022-04-03,38.873189,-76.975747,Ward 8,2022-04-06
2022-04-03,38.932050,-77.026956,Ward 1,2022-04-05
2022-04-03,38.906970,-77.016369,Ward 2,2022-04-07
2022-04-03,38.872322,-77.018184,Ward 6,2022-04-05
2022-04-04,38.911361,-77.023171,Ward 6,2022-04-05
2022-04-04,38.831243,-77.002767,Ward 8,2022-04-06
2022-04-04,38.888502,-76.979166,Ward 6,2022-04-07
2022-04-04,38.904114,-76.937670,Ward 7,2022-04-14
2022-04-04,38.949602,-77.024754,Ward 4,2022-04-06
2022-04-04,38.923695,-76.974426,Ward 5,2022-04-04
2022-04-04,38.905645,-77.018932,Ward 6,2022-04-08
2022-04-04,38.902944,-77.054502,Ward 2,2022-04-05
2022-04-04,38.889048,-76.987506,Ward 6,2022-04-05
2022-04-04,38.862546,-76.991698,Ward 8,2022-04-06
2022-04-04,38.883868,-76.977533,Ward 6,2022-04-05
2022-04-04,38.954701,-77.082632,Ward 3,2022-04-07
2022-04-04,38.973393,-77.025250,Ward 4,2022-04-06
2022-04-04,38.896857,-77.001802,Ward 6,2022-04-18
2022-04-04,38.899227,-76.937762,Ward 7,2022-05-04
2022-04-04,38.933486,-77.086217,Ward 3,2022-04-07
2022-04-04,38.888412,-76.950285,Ward 7,2022-04-27
2022-04-04,38.868947,-76.980238,Ward 8,2022-04-04
2022-04-04,38.897196,-76.980804,Ward 7,2022-04-18
2022-04-04,38.853548,-76.965284,Ward 8,2022-04-08
2022-04-04,38.920021,-77.003205,Ward 5,2022-04-05
2022-04-04,38.904644,-76.989656,Ward 5,2022-04-28
2022-04-04,38.901440,-76.977499,Ward 5,2022-04-26
2022-04-04,38.943744,-77.026293,Ward 4,2022-04-05
2022-04-04,38.888474,-76.982865,Ward 6,2022-04-08
2022-04-04,38.905474,-77.019098,Ward 6,2022-04-07
2022-04-04,38.939288,-77.018771,Ward 4,2022-04-06
2022-04-04,38.905827,-77.025700,Ward 2,2022-04-05
2022-04-04,38.873998,-76.975437,Ward 8,2022-04-06
2022-04-04,38.954949,-77.082443,Ward 3,2022-04-07
2022-04-04,38.927198,-76.996415,Ward 5,2022-04-05
2022-04-04,38.925802,-76.995299,Ward 5,2022-04-05
2022-04-04,38.938193,-76.995083,Ward 5,2022-04-19
2022-04-04,38.893712,-76.952520,Ward 7,2022-04-14
2022-04-04,38.820774,-77.005570,Ward 8,2022-04-06
2022-04-04,38.907853,-76.986931,Ward 5,2022-04-28
2022-04-04,38.868726,-76.983124,Ward 8,2022-04-06
2022-04-04,38.896278,-76.973225,Ward 7,2022-04-14
2022-04-04,38.934363,-77.041467,Ward 1,2022-04-05
2022-04-04,38.934405,-77.029435,Ward 1,2022-04-11
2022-04-04,38.898601,-76.983212,Ward 6,2022-04-11
2022-04-04,38.913949,-77.060676,Ward 2,2022-04-05
2022-04-04,38.913558,-76.986199,Ward 5,2022-04-26
2022-04-04,38.885521,-76.984742,Ward 6,2022-04-06
2022-04-04,38.905449,-76.973679,Ward 5,2022-04-29
2022-04-04,38.933037,-77.038593,Ward 1,2022-04-11
2022-04-04,38.910399,-77.082229,Ward 3,2022-04-05
2022-04-04,38.954408,-77.022914,Ward 4,2022-04-05
2022-04-04,38.904891,-76.981882,Ward 5,2022-04-27
2022-04-04,38.854914,-76.967067,Ward 8,2022-04-06
2022-04-05,38.909835,-77.020475,Ward 6,2022-04-06
2022-04-05,38.891536,-76.977010,Ward 6,2022-04-11
2022-04-05,38.923664,-76.950250,Ward 5,2022-04-19
2022-04-05,38.969225,-77.034731,Ward 4,2022-04-06
2022-04-05,38.943744,-77.026293,Ward 4,2022-04-05
2022-04-05,38.957070,-77.030469,Ward 4,2022-04-06
2022-04-05,38.905425,-77.018038,Ward 6,2022-04-06
2022-04-05,38.903547,-76.995379,Ward 6,2022-04-11
2022-04-05,38.903921,-76.995417,Ward 6,2022-04-11
2022-04-05,38.891122,-76.995208,Ward 6,2022-04-07
2022-04-05,38.958333,-77.022159,Ward 4,2022-04-06
2022-04-05,38.960331,-77.011358,Ward 4,2022-04-07
2022-04-05,38.915409,-77.026804,Ward 1,2022-04-11
2022-04-05,38.900430,-76.995840,Ward 6,2022-04-08
2022-04-05,38.868730,-76.983239,Ward 8,2022-04-07
2022-04-05,38.913520,-77.012996,Ward 5,2022-04-06
2022-04-05,38.896379,-76.998691,Ward 6,2022-04-08
2022-04-05,38.954979,-77.028065,Ward 4,2022-04-18
2022-04-05,38.833664,-76.988047,Ward 8,2022-04-07
2022-04-05,38.834124,-76.987358,Ward 8,2022-04-07
2022-04-05,38.833229,-76.988640,Ward 8,2022-04-07
2022-04-05,38.922761,-76.962076,Ward 5,2022-04-26
2022-04-05,38.924327,-77.029402,Ward 1,2022-04-05
2022-04-05,38.894779,-76.978995,Ward 6,2022-04-13
2022-04-05,38.924239,-77.029395,Ward 1,2022-04-07
2022-04-05,38.900655,-76.988646,Ward 6,2022-04-07
2022-04-05,38.897831,-76.981605,Ward 6,2022-04-11
2022-04-05,38.913771,-77.016465,Ward 5,2022-04-06
2022-04-05,38.913795,-77.016096,Ward 5,2022-04-06
2022-04-05,38.910968,-77.015607,Ward 5,2022-04-06
2022-04-05,38.854525,-76.982559,Ward 8,2022-04-08
2022-04-05,38.914458,-77.011898,Ward 5,2022-04-06
2022-04-05,38.915846,-77.010983,Ward 5,2022-04-06
2022-04-05,38.916781,-77.007107,Ward 5,2022-04-07
2022-04-05,38.912814,-77.011359,Ward 5,2022-04-06
2022-04-05,38.909357,-76.984312,Ward 5,2022-04-07
2022-04-05,38.896586,-76.987927,Ward 6,2022-04-11
2022-04-05,38.910483,-77.009354,Ward 5,2022-04-07
2022-04-05,38.841550,-76.994330,Ward 8,2022-04-07
2022-04-05,38.895923,-76.979804,Ward 6,2022-04-11
2022-04-05,38.895450,-76.979687,Ward 7,2022-04-19
2022-04-05,38.894088,-76.978773,Ward 7,2022-04-07
2022-04-05,38.903274,-77.014513,Ward 6,2022-04-08
2022-04-05,38.885597,-76.998454,Ward 6,2022-04-08
2022-04-05,38.954979,-77.028065,Ward 4,2022-04-18
2022-04-05,38.907245,-76.979594,Ward 5,2022-04-28
2022-04-05,38.934405,-77.029435,Ward 1,2022-04-11
2022-04-05,38.889172,-76.981991,Ward 6,2022-04-13
2022-04-05,38.909838,-77.012599,Ward 5,2022-04-07
2022-04-05,38.914142,-77.015551,Ward 5,2022-04-11
2022-04-05,38.867634,-76.989643,Ward 8,2022-04-07
2022-04-05,38.925741,-76.976763,Ward 5,2022-04-09
2022-04-05,38.906713,-77.015600,Ward 2,2022-04-11
2022-04-06,38.915910,-76.993246,Ward 5,2022-04-06
2022-04-06,38.910935,-77.039638,Ward 2,2022-04-11
2022-04-06,38.898381,-76.978376,Ward 7,2022-04-11
2022-04-06,38.931125,-77.020282,Ward 1,2022-04-19
2022-04-06,38.879296,-77.021922,Ward 6,2022-04-11
2022-04-06,38.871138,-76.966958,Ward 7,2022-04-06
2022-04-06,38.956176,-77.016302,Ward 4,2022-04-14
2022-04-06,38.885577,-77.001817,Ward 6,2022-04-11
2022-04-06,38.871138,-76.966958,Ward 7,2022-05-05
2022-04-06,38.890805,-76.989958,Ward 6,2022-04-11
2022-04-06,38.876091,-76.939303,Ward 7,2022-05-04
2022-04-06,38.842239,-76.987940,Ward 8,2022-04-07
2022-04-06,38.859240,-76.961186,Ward 7,2022-04-26
2022-04-06,38.920756,-76.971213,Ward 5,2022-04-09
2022-04-06,38.895647,-76.980986,Ward 6,2022-04-18
2022-04-06,38.898600,-77.000780,Ward 6,2022-04-08
2022-04-06,38.925504,-77.027644,Ward 1,2022-04-13
2022-04-06,38.874413,-76.953325,Ward 7,2022-04-27
2022-04-06,38.961296,-77.079571,Ward 3,2022-04-07
2022-04-06,38.920021,-76.970681,Ward 5,2022-04-09
2022-04-06,38.905261,-77.051408,Ward 2,2022-04-13
2022-04-06,38.910198,-77.014887,Ward 5,2022-04-07
2022-04-06,38.911388,-77.009477,Ward 5,2022-04-07
2022-04-06,38.915749,-77.002332,Ward 5,2022-04-07
2022-04-06,38.850018,-76.975431,Ward 8,2022-04-11
2022-04-06,38.920888,-76.986567,Ward 5,2022-04-07
2022-04-06,38.926430,-77.077806,Ward 3,2022-04-26
2022-04-06,38.909877,-77.038966,Ward 2,2022-04-13
2022-04-06,38.926371,-77.077366,Ward 3,2022-04-07
2022-04-06,38.920851,-77.079055,Ward 3,2022-04-07
2022-04-06,38.881634,-76.930545,Ward 7,2022-04-27
2022-04-06,38.919390,-77.000002,Ward 5,2022-04-09
2022-04-06,38.904387,-77.000798,Ward 6,2022-04-13
2022-04-06,38.899505,-76.984189,Ward 6,2022-04-08
2022-04-06,38.865950,-76.947078,Ward 7,2022-04-27
2022-04-06,38.905190,-77.012409,Ward 6,2022-04-08
2022-04-06,38.890156,-76.938109,Ward 7,2022-04-13
2022-04-06,38.904242,-76.982538,Ward 5,2022-04-11
2022-04-06,38.943055,-77.044547,Ward 4,2022-04-19
2022-04-06,38.901113,-76.977717,Ward 5,2022-04-26
2022-04-06,38.874690,-76.969713,Ward 7,2022-04-27
2022-04-07,38.901142,-76.994262,Ward 6,2022-04-08
2022-04-07,38.900829,-76.937224,Ward 7,2022-04-14
2022-04-07,38.915438,-77.021659,Ward 1,2022-04-13
2022-04-07,38.918743,-77.027859,Ward 1,2022-04-13
2022-04-07,38.929635,-77.037394,Ward 1,2022-04-13
2022-04-07,38.896281,-76.982050,Ward 6,2022-04-13
2022-04-07,38.895638,-76.982431,Ward 6,2022-04-13
2022-04-07,38.896253,-76.980276,Ward 6,2022-04-13
2022-04-07,38.904552,-76.995950,Ward 6,2022-04-13
2022-04-07,38.903355,-77.008404,Ward 6,2022-04-13
2022-04-07,38.887785,-76.987298,Ward 6,2022-04-08
2022-04-07,38.875039,-76.968023,Ward 7,2022-04-27
2022-04-07,38.907919,-76.987974,Ward 5,2022-04-11
2022-04-07,38.933040,-76.965436,Ward 5,2022-05-04
2022-04-07,38.952754,-77.026576,Ward 4,2022-04-14
2022-04-07,38.925176,-77.030019,Ward 1,2022-04-11
2022-04-07,38.925015,-77.029268,Ward 1,2022-04-07
2022-04-07,38.947433,-77.024409,Ward 4,2022-04-14
2022-04-07,38.949807,-76.986451,Ward 5,2022-04-18
2022-04-07,38.904021,-76.984478,Ward 5,2022-05-02
2022-04-07,38.902010,-76.987098,Ward 5,2022-04-13
2022-04-07,38.903877,-76.938060,Ward 7,2022-05-24
2022-04-07,38.842239,-76.987940,Ward 8,2022-04-07
2022-04-07,38.879778,-76.963710,Ward 7,2022-04-08
2022-04-07,38.964660,-77.073172,Ward 3,2022-04-22
2022-04-07,38.868419,-76.981577,Ward 8,2022-04-14
2022-04-07,38.876833,-76.967344,Ward 7,2022-04-19
2022-04-07,38.874832,-76.963104,Ward 7,2022-04-08
2022-04-07,38.896948,-76.980818,Ward 6,2022-04-13
2022-04-07,38.906460,-77.014414,Ward 6,2022-04-08
2022-04-07,38.923695,-76.974426,Ward 5,2022-04-11
2022-04-07,38.916388,-76.993752,Ward 5,2022-04-11
2022-04-07,38.899257,-76.981453,Ward 6,2022-04-21
2022-04-07,38.918990,-77.011286,Ward 5,2022-04-11
2022-04-07,38.918987,-77.009831,Ward 5,2022-04-11
2022-04-07,38.925922,-77.050815,Ward 3,2022-04-22
2022-04-07,38.906998,-77.025369,Ward 2,2022-04-12
2022-04-07,38.879211,-76.929284,Ward 7,2022-04-08
2022-04-07,38.875651,-76.961165,Ward 7,2022-04-27
2022-04-07,38.911574,-76.984742,Ward 5,2022-04-11
2022-04-07,38.862835,-76.987041,Ward 8,2022-04-14
2022-04-07,38.900404,-76.986224,Ward 6,2022-04-13
2022-04-07,38.924440,-77.067224,Ward 3,2022-04-22
2022-04-07,38.897397,-76.970181,Ward 7,2022-04-14
2022-04-07,38.903353,-76.924153,Ward 7,2022-04-13
2022-04-07,38.902471,-76.931970,Ward 7,2022-04-10
2022-04-07,38.921438,-77.041454,Ward 1,2022-04-11
2022-04-07,38.901526,-76.994131,Ward 6,2022-04-13
2022-04-07,38.890055,-76.956166,Ward 7,2022-04-14
2022-04-08,38.917756,-77.005597,Ward 5,2022-04-13
2022-04-08,38.963772,-77.027804,Ward 4,2022-04-14
2022-04-08,38.905460,-77.016677,Ward 6,2022-04-13
2022-04-08,38.913607,-77.008412,Ward 5,2022-04-13
2022-04-08,38.930966,-77.018631,Ward 1,2022-04-11
2022-04-08,38.904559,-76.996732,Ward 6,2022-04-19
2022-04-08,38.925740,-77.026002,Ward 1,2022-04-18
2022-04-08,38.905432,-76.980780,Ward 5,2022-04-09
2022-04-08,38.890143,-76.936790,Ward 7,2022-04-14
2022-04-08,38.908654,-76.982662,Ward 5,2022-04-09
2022-04-08,38.899993,-76.976878,Ward 5,2022-04-19
2022-04-08,38.868848,-76.952643,Ward 7,2022-04-27
2022-04-08,38.941255,-76.973935,Ward 5,2022-05-02
2022-04-08,38.943224,-77.026129,Ward 4,2022-04-14
2022-04-08,38.864179,-76.960710,Ward 7,2022-04-19
2022-04-08,38.955943,-77.012630,Ward 4,2022-04-14
2022-04-08,38.830386,-77.006964,Ward 8,2022-04-14
2022-04-08,38.911863,-77.061320,Ward 2,2022-04-13
2022-04-08,38.925497,-77.028229,Ward 1,2022-04-14
2022-04-08,38.937734,-77.033606,Ward 4,2022-04-14
2022-04-08,38.919272,-77.081794,Ward 3,2022-04-22
2022-04-08,38.925176,-77.030019,Ward 1,2022-04-11
2022-04-08,38.862352,-76.985555,Ward 8,2022-04-14
2022-04-08,38.948723,-77.017781,Ward 4,2022-04-19
2022-04-08,38.939572,-77.027974,Ward 4,2022-04-14
2022-04-08,38.908654,-76.982662,Ward 5,2022-04-13
2022-04-08,38.869478,-76.979793,Ward 8,2022-04-09
2022-04-08,38.925740,-77.026002,Ward 1,2022-04-18
2022-04-08,38.965628,-77.054747,Ward 4,2022-04-14
2022-04-08,38.927757,-77.025332,Ward 1,2022-04-14
2022-04-08,38.894946,-76.977406,Ward 6,2022-04-18
2022-04-08,38.940959,-77.033041,Ward 4,2022-04-12
2022-04-08,38.901141,-77.000099,Ward 6,2022-04-12
2022-04-08,38.907745,-76.938906,Ward 7,2022-04-26
2022-04-08,38.908316,-76.938464,Ward 7,2022-04-14
2022-04-08,38.936312,-77.030653,Ward 1,2022-04-12
2022-04-08,38.939356,-77.022998,Ward 4,2022-04-14
2022-04-08,38.891474,-76.917391,Ward 7,2022-04-13
2022-04-08,38.891474,-76.917391,Ward 7,2022-04-13
2022-04-08,38.962856,-77.023962,Ward 4,2022-04-12
2022-04-08,38.969721,-77.024538,Ward 4,2022-04-14
2022-04-09,38.899192,-76.986513,Ward 6,2022-04-13
2022-04-09,38.960953,-77.016435,Ward 4,2022-04-14
2022-04-09,38.933944,-77.021838,Ward 1,2022-04-11
2022-04-09,38.920223,-77.000232,Ward 5,2022-04-13
2022-04-09,38.926945,-77.022694,Ward 1,2022-04-11
2022-04-09,38.917938,-77.000129,Ward 5,2022-04-13
2022-04-09,38.896402,-76.920757,Ward 7,2022-04-14
2022-04-09,38.941244,-77.065835,Ward 3,2022-04-12
2022-04-09,38.914239,-77.020164,Ward 6,2022-04-14
2022-04-09,38.921438,-77.041454,Ward 1,2022-04-11
2022-04-09,38.905424,-76.972860,Ward 5,2022-04-26
2022-04-09,38.897136,-76.985703,Ward 6,2022-04-12
2022-04-09,38.901500,-76.999727,Ward 6,2022-04-18
2022-04-09,38.890437,-77.002344,Ward 6,2022-04-18
2022-04-09,38.912349,-77.028381,Ward 2,2022-04-13
2022-04-09,38.905415,-76.972993,Ward 5,2022-04-26
2022-04-10,38.892740,-76.975424,Ward 6,2022-04-12
2022-04-10,38.835706,-76.990019,Ward 8,2022-04-11
2022-04-10,38.932050,-77.026956,Ward 1,2022-04-12
2022-04-10,38.906150,-77.016399,Ward 6,2022-04-18
2022-04-10,38.841470,-77.001525,Ward 8,2022-04-14
2022-04-10,38.876558,-76.967647,Ward 7,2022-04-27
2022-04-10,38.900404,-76.986224,Ward 6,2022-04-13
2022-04-10,38.928248,-77.026848,Ward 1,2022-04-12
2022-04-10,38.857988,-76.954147,Ward 7,2022-04-27
2022-04-10,38.905819,-77.016344,Ward 6,2022-04-18
2022-04-10,38.919374,-77.034019,Ward 1,2022-04-13
2022-04-10,38.907748,-76.987581,Ward 5,2022-04-28
2022-04-10,38.865712,-76.985057,Ward 8,2022-04-14
2022-04-10,38.937673,-77.035140,Ward 4,2022-04-14
2022-04-10,38.887494,-76.934607,Ward 7,2022-04-27
2022-04-10,38.909679,-76.937124,Ward 7,2022-04-14
2022-04-10,38.925666,-77.026797,Ward 1,2022-04-11
2022-04-10,38.972075,-77.011491,Ward 4,2022-04-14
2022-04-10,38.949272,-76.996336,Ward 5,2022-04-19
2022-04-10,38.943795,-77.040706,Ward 4,2022-04-14
2022-04-10,38.932050,-77.026956,Ward 1,2022-04-12
2022-04-11,38.906241,-76.987995,Ward 5,2022-04-28
2022-04-11,38.907410,-76.984599,Ward 5,2022-04-28
2022-04-11,38.907919,-76.987974,Ward 5,2022-04-11
2022-04-11,38.903251,-76.998711,Ward 6,2022-04-18
2022-04-11,38.931284,-77.043766,Ward 1,2022-04-11
2022-04-11,38.927714,-77.034203,Ward 1,2022-04-11
2022-04-11,38.920064,-77.031941,Ward 1,2022-04-19
2022-04-11,38.897927,-76.991274,Ward 6,2022-04-12
2022-04-11,38.928896,-77.031425,Ward 1,2022-04-13
2022-04-11,38.905880,-76.984677,Ward 5,2022-04-13
2022-04-11,38.901633,-76.987030,Ward 5,2022-04-13
2022-04-11,38.957216,-77.011913,Ward 4,2022-04-14
2022-04-11,38.943517,-77.012809,Ward 4,2022-04-19
2022-04-11,38.915769,-77.011233,Ward 5,2022-04-13
2022-04-11,38.917604,-77.006053,Ward 5,2022-04-13
2022-04-11,38.917340,-77.006759,Ward 5,2022-04-13
2022-04-11,38.916934,-76.999736,Ward 5,2022-04-13
2022-04-11,38.904302,-76.992327,Ward 5,2022-04-13
2022-04-11,38.895285,-76.991760,Ward 6,2022-04-18
2022-04-11,38.897853,-76.996368,Ward 6,2022-04-18
2022-04-11,38.891677,-76.957335,Ward 7,2022-04-13
2022-04-11,38.904021,-76.984478,Ward 5,2022-05-02
2022-04-11,38.901500,-76.999727,Ward 6,2022-04-18
2022-04-11,38.841893,-77.001616,Ward 8,2022-04-14
2022-04-11,38.936042,-77.025181,Ward 4,2022-04-19
2022-04-11,38.866549,-76.979273,Ward 8,2022-04-14
2022-04-11,38.902944,-77.054502,Ward 2,2022-04-18
2022-04-11,38.914489,-77.034789,Ward 2,2022-04-18
2022-04-11,38.919039,-77.001813,Ward 5,2022-04-13
2022-04-11,38.926501,-76.994963,Ward 5,2022-04-13
2022-04-11,38.921304,-76.988134,Ward 5,2022-04-13
2022-04-11,38.936300,-77.024971,Ward 4,2022-04-12
2022-04-11,38.920893,-76.987270,Ward 5,2022-04-13
2022-04-11,38.954713,-76.994445,Ward 5,2022-04-13
2022-04-11,38.971737,-77.011010,Ward 4,2022-04-14
2022-04-11,38.899011,-76.975554,Ward 5,2022-05-02
2022-04-11,38.926387,-77.074000,Ward 3,2022-04-22
2022-04-11,38.889484,-76.918894,Ward 7,2022-04-27
2022-04-11,38.910168,-76.987663,Ward 5,2022-04-13
2022-04-11,38.909211,-76.987560,Ward 5,2022-04-13
2022-04-11,38.885871,-77.005258,Ward 6,2022-04-13
2022-04-11,38.913721,-76.984756,Ward 5,2022-04-13
2022-04-11,38.908622,-77.030591,Ward 2,2022-04-18
2022-04-11,38.827978,-76.996150,Ward 8,2022-04-14
2022-04-11,38.888966,-76.985238,Ward 6,2022-04-12
2022-04-11,38.915745,-77.031573,Ward 1,2022-04-19
2022-04-11,38.896004,-76.920269,Ward 7,2022-04-14
2022-04-11,38.901526,-76.994131,Ward 6,2022-04-13
2022-04-11,38.906103,-76.980812,Ward 5,2022-05-02
2022-04-11,38.939949,-77.034392,Ward 4,2022-04-14
2022-04-11,38.892483,-76.948102,Ward 7,2022-04-14
2022-04-11,38.888511,-76.985751,Ward 6,2022-04-18
2022-04-11,38.892460,-76.975430,Ward 6,2022-04-12
2022-04-11,38.912998,-77.016389,Ward 5,2022-04-21
2022-04-11,38.912780,-77.014124,Ward 5,2022-04-21
2022-04-11,38.901030,-76.927895,Ward 7,2022-04-21
2022-04-11,38.896247,-76.976848,Ward 7,2022-04-14
2022-04-12,38.940263,-77.041497,Ward 4,2022-04-12
2022-04-12,38.902760,-76.995623,Ward 6,2022-04-18
2022-04-12,38.939949,-77.034392,Ward 4,2022-04-14
2022-04-12,38.928379,-77.028749,Ward 1,2022-04-18
2022-04-12,38.937841,-76.991300,Ward 5,2022-04-18
2022-04-12,38.937841,-76.991300,Ward 5,2022-04-19
2022-04-12,38.940545,-76.994556,Ward 5,2022-04-19
2022-04-12,38.905474,-77.019098,Ward 6,2022-04-18
2022-04-12,38.904017,-77.020189,Ward 6,2022-04-18
2022-04-12,38.896285,-76.921594,Ward 7,2022-04-14
2022-04-12,38.898118,-77.009559,Ward 6,2022-04-18
2022-04-12,38.888713,-76.925586,Ward 7,2022-04-27
2022-04-12,38.888511,-76.985751,Ward 6,2022-04-18
2022-04-12,38.865055,-76.977244,Ward 8,2022-04-14
2022-04-12,38.908579,-76.985441,Ward 5,2022-04-19
2022-04-12,38.902815,-77.056331,Ward 2,2022-04-14
2022-04-12,38.951815,-77.013146,Ward 4,2022-04-14
2022-04-12,38.923353,-76.992192,Ward 5,2022-04-19
2022-04-12,38.913638,-77.074310,Ward 2,2022-04-14
2022-04-12,38.883358,-76.931627,Ward 7,2022-04-19
2022-04-12,38.842047,-77.000831,Ward 8,2022-04-19
2022-04-12,38.837737,-77.005648,Ward 8,2022-04-19
2022-04-12,38.903123,-76.990557,Ward 5,2022-04-26
2022-04-12,38.889484,-76.918894,Ward 7,2022-04-27
2022-04-12,38.837760,-77.005361,Ward 8,2022-04-19
2022-04-12,38.897806,-76.981465,Ward 6,2022-04-21
2022-04-12,38.919637,-77.062473,Ward 3,2022-04-22
2022-04-12,38.907745,-76.938906,Ward 7,2022-04-26
2022-04-12,38.870893,-77.011839,Ward 6,2022-04-18
2022-04-12,38.920695,-76.979708,Ward 5,2022-05-04
2022-04-12,38.915391,-77.030296,Ward 1,2022-04-18
2022-04-12,38.900695,-76.976784,Ward 5,2022-04-19
2022-04-12,38.900699,-76.976449,Ward 5,2022-04-19
2022-04-12,38.893740,-76.958312,Ward 7,2022-04-13
2022-04-12,38.903316,-76.999768,Ward 6,2022-04-14
2022-04-12,38.901841,-76.998680,Ward 6,2022-04-14
2022-04-12,38.971737,-77.011010,Ward 4,2022-04-14
2022-04-13,38.910042,-76.934588,Ward 7,2022-04-14
2022-04-13,38.922538,-77.002212,Ward 5,2022-04-19
2022-04-13,38.924994,-77.030356,Ward 1,2022-04-14
2022-04-13,38.958572,-77.013883,Ward 4,2022-04-13
2022-04-13,38.902982,-77.008728,Ward 6,2022-04-18
2022-04-13,38.940487,-77.026617,Ward 4,2022-04-14
2022-04-13,38.930710,-77.041032,Ward 1,2022-04-18
2022-04-13,38.932827,-77.041293,Ward 1,2022-04-18
2022-04-13,38.971673,-77.011322,Ward 4,2022-04-19
2022-04-13,38.902264,-76.995163,Ward 6,2022-04-18
2022-04-13,38.906386,-76.988420,Ward 5,2022-05-04
2022-04-13,38.917923,-77.002685,Ward 5,2022-04-21
2022-04-13,38.905887,-77.019560,Ward 6,2022-04-20
2022-04-13,38.912415,-77.043677,Ward 2,2022-04-22
2022-04-13,38.897525,-77.009891,Ward 6,2022-04-22
2022-04-13,38.931691,-76.972369,Ward 5,2022-04-21
2022-04-13,38.862352,-76.985555,Ward 8,2022-04-14
2022-04-13,38.864042,-76.982325,Ward 8,2022-04-19
2022-04-13,38.911895,-76.986072,Ward 5,2022-04-28
2022-04-13,38.971737,-77.011010,Ward 4,2022-04-14
2022-04-13,38.972133,-77.011142,Ward 4,2022-04-21
2022-04-13,38.905684,-77.031952,Ward 2,2022-04-22
2022-04-13,38.878022,-76.966066,Ward 7,2022-04-27
2022-04-13,38.877824,-76.937722,Ward 7,2022-04-27
2022-04-13,38.896101,-76.919151,Ward 7,2022-04-26
2022-04-13,38.937792,-77.031711,Ward 4,2022-04-18
2022-04-13,38.897107,-76.985294,Ward 6,2022-04-18
2022-04-13,38.870940,-76.971133,Ward 8,2022-04-19
2022-04-13,38.865644,-76.983187,Ward 8,2022-04-19
2022-04-13,38.904551,-76.996848,Ward 6,2022-04-18
2022-04-13,38.905645,-77.018932,Ward 6,2022-04-20
2022-04-13,38.862432,-76.986244,Ward 8,2022-04-19
2022-04-13,38.912423,-77.010403,Ward 5,2022-04-19
2022-04-13,38.879324,-76.930395,Ward 7,2022-04-28
2022-04-13,38.912375,-77.009602,Ward 5,2022-04-19
2022-04-13,38.865047,-76.968299,Ward 7,2022-04-29
2022-04-13,38.896954,-76.985752,Ward 6,2022-04-18
2022-04-13,38.903693,-76.990128,Ward 5,2022-04-14
2022-04-13,38.926387,-77.074000,Ward 3,2022-04-22
2022-04-13,38.885617,-76.928857,Ward 7,2022-04-14
2022-04-13,38.878142,-76.935214,Ward 7,2022-04-19
2022-04-13,38.883327,-76.924992,Ward 7,2022-04-14
2022-04-13,38.917160,-77.004014,Ward 5,2022-04-19
2022-04-13,38.829866,-76.993717,Ward 8,2022-04-14
2022-04-13,38.933377,-77.110249,Ward 3,2022-04-22
2022-04-13,38.948392,-77.099732,Ward 3,2022-04-26
2022-04-13,38.863232,-76.993932,Ward 8,2022-04-19
2022-04-13,38.896585,-76.940549,Ward 7,2022-04-28
2022-04-13,38.919325,-77.049057,Null,2022-04-29
2022-04-14,38.921244,-77.078123,Ward 3,2022-04-19
2022-04-14,38.904972,-76.981422,Ward 5,2022-04-27
2022-04-14,38.891362,-76.983872,Ward 6,2022-04-18
2022-04-14,38.878972,-76.983879,Ward 6,2022-04-22
2022-04-14,38.985787,-77.031989,Ward 4,2022-04-21
2022-04-14,38.919733,-77.081530,Ward 3,2022-04-18
2022-04-14,38.930444,-77.023651,Ward 1,2022-04-19
2022-04-14,38.862753,-76.986897,Ward 8,2022-04-21
2022-04-14,38.881072,-76.998073,Ward 6,2022-04-22
2022-04-14,38.934294,-76.972938,Ward 5,2022-05-06
2022-04-14,38.859600,-76.961773,Ward 7,2022-04-29
2022-04-14,38.872232,-76.965104,Ward 7,2022-04-29
2022-04-14,38.850521,-76.964124,Ward 8,2022-04-21
2022-04-14,38.873519,-76.977349,Ward 8,2022-04-21
2022-04-14,38.906562,-76.984701,Ward 5,2022-04-28
2022-04-14,38.972130,-77.011251,Ward 4,2022-04-19
2022-04-14,38.891086,-76.981145,Ward 6,2022-04-22
2022-04-14,38.898801,-76.975865,Null,2022-04-26
2022-04-14,38.909052,-77.027397,Ward 2,2022-04-20
2022-04-14,38.829866,-76.993717,Ward 8,2022-04-20
2022-04-14,38.896081,-76.983414,Ward 6,2022-04-20
2022-04-14,38.900434,-77.054126,Ward 2,2022-04-22
2022-04-14,38.894594,-76.933143,Ward 7,2022-05-10
2022-04-14,38.903211,-76.923577,Ward 7,2022-04-28
2022-04-14,38.874931,-76.965014,Ward 7,2022-04-29
2022-04-14,38.900829,-76.937224,Ward 7,2022-04-27
2022-04-14,38.933945,-77.021953,Ward 1,2022-04-19
2022-04-14,38.924254,-76.954968,Ward 5,2022-05-02
2022-04-14,38.910964,-77.027536,Ward 2,2022-04-22
2022-04-14,38.890923,-76.953829,Ward 7,2022-04-27
2022-04-14,38.934051,-77.021929,Ward 1,2022-04-19
2022-04-14,38.901027,-76.994680,Ward 6,2022-04-21
2022-04-14,38.912332,-77.018765,Ward 2,2022-04-20
2022-04-14,38.933549,-77.020908,Ward 1,2022-04-19
2022-04-14,38.899569,-76.936101,Ward 7,2022-04-27
2022-04-14,38.924994,-77.030356,Ward 1,2022-04-19
2022-04-15,38.898650,-77.006987,Ward 6,2022-04-20
2022-04-15,38.916833,-77.007075,Ward 5,2022-04-21
2022-04-15,38.898178,-77.008180,Ward 6,2022-04-27
2022-04-15,38.904551,-76.996848,Ward 6,2022-04-18
2022-04-15,38.900435,-76.938465,Ward 7,2022-04-26
2022-04-15,38.904319,-76.981711,Ward 5,2022-05-04
2022-04-15,38.869924,-76.980535,Ward 8,2022-04-21
2022-04-15,38.875096,-76.966103,Ward 7,2022-05-03
2022-04-15,38.917984,-77.034823,Ward 1,2022-04-19
2022-04-15,38.928026,-77.037497,Ward 1,2022-04-21
2022-04-15,38.849439,-76.980094,Ward 8,2022-04-21
2022-04-15,38.936248,-77.032021,Ward 1,2022-04-18
2022-04-15,38.901638,-77.052705,Ward 2,2022-04-25
2022-04-15,38.898917,-76.981539,Ward 6,2022-04-21
2022-04-15,38.875266,-76.965015,Ward 7,2022-04-29
2022-04-15,38.958114,-77.032041,Ward 4,2022-04-18
2022-04-15,38.894625,-76.978793,Ward 6,2022-04-20
2022-04-15,38.909868,-77.021195,Ward 2,2022-04-25
2022-04-15,38.920893,-76.987270,Ward 5,2022-04-21
2022-04-15,38.938979,-76.974177,Ward 5,2022-05-06
2022-04-15,38.869937,-76.975732,Ward 8,2022-04-21
2022-04-15,38.888955,-76.925048,Ward 7,2022-05-02
2022-04-15,38.943297,-77.012406,Null,2022-05-09
2022-04-15,38.928248,-77.026848,Ward 1,2022-04-19
2022-04-15,38.928463,-77.026476,Ward 1,2022-04-18
2022-04-16,38.921840,-77.012147,Null,2022-04-18
2022-04-16,38.933705,-77.022869,Ward 1,2022-04-19
2022-04-16,38.934051,-77.021929,Ward 1,2022-04-19
2022-04-16,38.933650,-77.032959,Ward 1,2022-04-19
2022-04-16,38.912325,-76.995606,Ward 5,2022-04-21
2022-04-16,38.868424,-76.986884,Ward 8,2022-04-21
2022-04-16,38.947303,-77.002581,Ward 5,2022-04-20
2022-04-16,38.905474,-77.019098,Ward 6,2022-04-18
2022-04-16,38.889751,-76.919396,Ward 7,2022-05-02
2022-04-16,38.896247,-76.976848,Ward 7,2022-04-26
2022-04-16,38.902264,-76.995163,Ward 6,2022-04-18
2022-04-16,38.970878,-77.024415,Ward 4,2022-04-19
2022-04-16,38.929620,-77.032212,Ward 1,2022-04-19
2022-04-16,38.933942,-77.019934,Ward 1,2022-04-18
2022-04-16,38.953883,-77.016694,Ward 4,2022-04-21
2022-04-16,38.926945,-77.022694,Ward 1,2022-04-19
2022-04-16,38.917093,-77.002418,Ward 5,2022-04-21
2022-04-17,38.905368,-77.015430,Ward 6,2022-04-22
2022-04-17,38.930356,-77.034605,Ward 1,2022-04-21
2022-04-17,38.878739,-76.965363,Ward 7,2022-04-27
2022-04-17,38.953195,-77.026660,Ward 4,2022-04-19
2022-04-17,38.919035,-77.049263,Ward 2,2022-04-20
2022-04-17,38.908104,-76.987187,Ward 5,2022-05-02
2022-04-17,38.943535,-77.025392,Ward 4,2022-04-19
2022-04-17,38.907604,-76.987946,Ward 5,2022-04-28
2022-04-17,38.907408,-76.987530,Ward 5,2022-04-28
2022-04-17,38.908654,-76.982662,Ward 5,2022-04-21
2022-04-17,38.909916,-77.084981,Ward 3,2022-04-19
2022-04-17,38.864871,-76.983791,Ward 8,2022-04-21
2022-04-17,38.864095,-76.984369,Ward 8,2022-04-21
2022-04-17,38.873928,-77.017344,Ward 6,2022-04-22
2022-04-17,38.888889,-76.984049,Ward 6,2022-04-20
2022-04-17,38.874413,-76.953325,Ward 7,2022-04-29
2022-04-18,38.934625,-77.033021,Ward 1,2022-04-19
2022-04-18,38.912812,-77.015392,Ward 5,2022-04-20
2022-04-18,38.908809,-76.984951,Ward 5,2022-04-21
2022-04-18,38.905228,-76.996374,Ward 6,2022-04-20
2022-04-18,38.953575,-77.012680,Ward 4,2022-04-19
2022-04-18,38.917210,-77.040310,Ward 1,2022-04-19
2022-04-18,38.928918,-77.037902,Ward 1,2022-04-19
2022-04-18,38.919174,-77.078774,Ward 3,2022-04-19
2022-04-18,38.910861,-77.024206,Ward 2,2022-04-20
2022-04-18,38.927264,-77.109912,Ward 3,2022-04-22
2022-04-18,38.869462,-76.981499,Ward 8,2022-04-21
2022-04-18,38.861443,-76.990336,Ward 8,2022-04-21
2022-04-18,38.933806,-77.022022,Ward 1,2022-04-21
2022-04-18,38.900503,-77.008606,Ward 6,2022-04-27
2022-04-18,38.939288,-77.018771,Ward 4,2022-04-21
2022-04-18,38.898387,-77.007187,Ward 6,2022-04-22
2022-04-18,38.881081,-76.931371,Ward 7,2022-05-04
2022-04-18,38.881244,-76.931563,Ward 7,2022-05-04
2022-04-18,38.900881,-76.990806,Ward 6,2022-04-20
2022-04-18,38.943052,-77.032249,Ward 4,2022-04-19
2022-04-18,38.855323,-76.967015,Ward 8,2022-04-21
2022-04-18,38.855563,-76.967177,Ward 8,2022-04-21
2022-04-18,38.904730,-76.998699,Ward 6,2022-04-22
2022-04-18,38.909868,-77.021195,Ward 2,2022-04-25
2022-04-18,38.846331,-76.983163,Ward 8,2022-04-21
2022-04-18,38.846888,-76.982985,Ward 8,2022-04-21
2022-04-18,38.927665,-77.023761,Ward 1,2022-04-21
2022-04-18,38.916358,-77.026222,Ward 1,2022-04-21
2022-04-18,38.959319,-77.004332,Ward 4,2022-04-21
2022-04-18,38.910381,-76.984896,Ward 5,2022-04-28
2022-04-18,38.907561,-76.987847,Ward 5,2022-04-28
2022-04-18,38.933549,-77.020908,Ward 1,2022-04-19
2022-04-18,38.884633,-76.960718,Ward 7,2022-04-29
2022-04-18,38.913397,-77.020170,Ward 6,2022-04-20
2022-04-18,38.900430,-76.995840,Ward 6,2022-04-21
2022-04-18,38.889241,-76.918486,Ward 7,2022-04-27
2022-04-18,38.933110,-76.970480,Ward 5,2022-04-19
2022-04-18,38.902760,-76.995623,Ward 6,2022-04-21
2022-04-18,38.883893,-76.926642,Ward 7,2022-04-19
2022-04-18,38.904665,-76.926280,Ward 7,2022-04-26
2022-04-18,38.912312,-77.027318,Ward 2,2022-04-22
2022-04-18,38.911451,-77.059982,Ward 2,2022-04-22
2022-04-18,38.960457,-77.070715,Ward 3,2022-04-22
2022-04-18,38.905709,-77.059396,Ward 2,2022-04-20
2022-04-18,38.908929,-77.024150,Ward 2,2022-04-20
2022-04-18,38.898494,-76.981860,Ward 7,2022-05-02
2022-04-18,38.912848,-77.013387,Ward 5,2022-04-20
2022-04-18,38.883742,-77.003745,Ward 6,2022-04-22
2022-04-19,38.859763,-76.961749,Ward 7,2022-04-29
2022-04-19,38.832347,-77.007933,Ward 8,2022-04-21
2022-04-19,38.939035,-76.993769,Ward 5,2022-05-02
2022-04-19,38.850698,-76.965565,Ward 8,2022-04-21
2022-04-19,38.922428,-77.032010,Ward 1,2022-04-22
2022-04-19,38.909955,-77.085725,Ward 3,2022-04-22
2022-04-19,38.893591,-76.982045,Ward 6,2022-04-27
2022-04-19,38.897300,-76.937296,Ward 7,2022-04-27
2022-04-19,38.914374,-77.031583,Ward 1,2022-04-20
2022-04-19,38.949272,-76.996336,Ward 5,2022-05-06
2022-04-19,38.859240,-76.961186,Ward 7,2022-04-29
2022-04-19,38.901999,-76.931215,Ward 7,2022-04-27
2022-04-19,38.859600,-76.961773,Ward 7,2022-04-29
2022-04-19,38.908424,-77.032191,Ward 2,2022-04-20
2022-04-19,38.949480,-77.094584,Ward 3,2022-04-22
2022-04-19,38.950311,-77.096524,Ward 3,2022-04-26
2022-04-19,38.949498,-77.093620,Ward 3,2022-04-22
2022-04-19,38.859763,-76.961749,Ward 7,2022-04-29
2022-04-19,38.908386,-77.046085,Ward 2,2022-04-25
2022-04-19,38.918582,-77.012416,Ward 5,2022-04-20
2022-04-19,38.913205,-77.003235,Ward 5,2022-04-20
2022-04-19,38.923591,-77.000247,Ward 5,2022-04-20
2022-04-19,38.919416,-76.978309,Ward 5,2022-04-20
2022-04-19,38.891853,-76.989183,Ward 6,2022-04-28
2022-04-19,38.899973,-77.000750,Ward 6,2022-05-02
2022-04-19,38.924419,-77.029430,Ward 1,2022-04-20
2022-04-19,38.877586,-76.928999,Ward 7,2022-05-02
2022-04-19,38.924760,-77.024449,Ward 1,2022-04-21
2022-04-19,38.910967,-77.024216,Ward 6,2022-04-22
2022-04-19,38.885800,-76.958367,Ward 7,2022-05-05
2022-04-19,38.879045,-77.005629,Ward 6,2022-04-20
2022-04-19,38.938471,-77.027442,Ward 4,2022-04-22
2022-04-19,38.930600,-77.021306,Ward 1,2022-04-21
2022-04-19,38.928916,-77.027115,Ward 1,2022-04-22
2022-04-19,38.918962,-77.078537,Ward 3,2022-04-22
2022-04-20,38.914910,-77.029337,Ward 1,2022-04-21
2022-04-20,38.927591,-77.021406,Ward 1,2022-04-22
2022-04-20,38.908704,-77.031678,Ward 2,2022-04-25
2022-04-20,38.881078,-76.998232,Ward 6,2022-04-21
2022-04-20,38.953059,-77.015352,Ward 4,2022-04-26
2022-04-20,38.873763,-77.017293,Ward 6,2022-04-25
2022-04-20,38.827120,-76.998213,Ward 8,2022-04-22
2022-04-20,38.838398,-77.006090,Ward 8,2022-04-22
2022-04-20,38.819523,-77.010617,Ward 8,2022-04-22
2022-04-20,38.931590,-76.966206,Ward 5,2022-04-26
2022-04-20,38.890805,-76.989958,Ward 6,2022-04-22
2022-04-20,38.931271,-77.041492,Ward 1,2022-04-22
2022-04-20,38.931060,-77.041036,Ward 1,2022-04-25
2022-04-20,38.925774,-76.997700,Ward 5,2022-04-25
2022-04-20,38.899011,-76.975554,Ward 5,2022-05-02
2022-04-20,38.931678,-77.041815,Ward 1,2022-04-25
2022-04-20,38.931232,-77.041903,Ward 1,2022-04-25
2022-04-20,38.929403,-77.037296,Ward 1,2022-04-25
2022-04-20,38.910821,-76.985912,Ward 5,2022-05-02
2022-04-20,38.929130,-77.037748,Ward 1,2022-04-25
2022-04-20,38.930515,-77.038603,Ward 1,2022-04-22
2022-04-20,38.885064,-77.003517,Ward 6,2022-04-28
2022-04-20,38.960786,-76.998093,Ward 4,2022-04-22
2022-04-20,38.906476,-76.985413,Ward 5,2022-04-28
2022-04-20,38.952062,-77.014128,Ward 4,2022-04-22
2022-04-20,38.881072,-76.998073,Ward 6,2022-04-25
2022-04-20,38.885923,-76.981631,Ward 6,2022-04-25
2022-04-20,38.903581,-77.048333,Ward 2,2022-04-22
2022-04-20,38.898801,-76.975865,Null,2022-05-17
2022-04-20,38.898036,-76.981513,Ward 6,2022-05-03
2022-04-20,38.868947,-76.980238,Ward 8,2022-04-26
2022-04-20,38.876706,-76.933822,Ward 7,2022-05-04
2022-04-20,38.934516,-76.991158,Ward 5,2022-04-21
2022-04-20,38.915391,-77.030296,Ward 1,2022-04-22
2022-04-20,38.908352,-76.983906,Ward 5,2022-05-04
2022-04-20,38.983533,-77.029422,Ward 4,2022-04-22
2022-04-20,38.927423,-76.995568,Ward 5,2022-05-03
2022-04-20,38.864703,-76.983699,Ward 8,2022-04-22
2022-04-20,38.911694,-76.985366,Ward 5,2022-05-12
2022-04-20,38.912581,-76.983907,Ward 5,2022-05-12
2022-04-20,38.848485,-77.000875,Ward 8,2022-04-22
2022-04-20,38.908743,-77.046091,Ward 2,2022-04-22
2022-04-20,38.888504,-76.979425,Ward 7,2022-04-28
2022-04-20,38.893469,-76.937229,Ward 7,2022-04-27
2022-04-20,38.859763,-76.961749,Ward 7,2022-04-29
2022-04-20,38.915745,-77.031573,Ward 1,2022-04-22
2022-04-20,38.915769,-77.031177,Ward 1,2022-04-21
2022-04-20,38.900652,-76.999238,Ward 6,2022-04-28
2022-04-20,38.883021,-76.984005,Ward 6,2022-04-28
2022-04-21,38.886201,-76.997344,Ward 6,2022-04-28
2022-04-21,38.938893,-77.030618,Ward 4,2022-04-26
2022-04-21,38.928893,-77.031544,Ward 1,2022-04-22
2022-04-21,38.957069,-77.031104,Ward 4,2022-04-22
2022-04-21,38.905396,-76.971953,Ward 5,2022-04-26
2022-04-21,38.883802,-76.957736,Ward 7,2022-04-29
2022-04-21,38.899078,-76.986778,Ward 6,2022-04-26
2022-04-21,38.891900,-76.945267,Ward 7,2022-04-26
2022-04-21,38.887752,-76.986400,Ward 6,2022-04-28
2022-04-21,38.928601,-76.965617,Ward 5,2022-05-12
2022-04-21,38.909957,-77.065604,Ward 2,2022-04-22
2022-04-21,38.903918,-76.981737,Ward 5,2022-05-04
2022-04-21,38.903112,-76.990154,Ward 5,2022-05-12
2022-04-21,38.957069,-77.031104,Ward 4,2022-04-22
2022-04-21,38.901552,-77.007180,Ward 6,2022-04-27
2022-04-21,38.910976,-77.027848,Ward 2,2022-04-29
2022-04-21,38.903183,-76.994356,Ward 6,2022-04-28
2022-04-21,38.909122,-76.985456,Ward 5,2022-05-10
2022-04-21,38.912330,-76.986888,Ward 5,2022-05-16
2022-04-21,38.904828,-76.935083,Ward 7,2022-04-27
2022-04-21,38.953287,-77.019508,Ward 4,2022-04-25
2022-04-21,38.895560,-76.992891,Ward 6,2022-04-29
2022-04-21,38.899893,-77.007443,Ward 6,2022-04-27
2022-04-21,38.917944,-77.004083,Ward 5,2022-04-22
2022-04-21,38.877064,-76.963517,Ward 7,2022-04-29
2022-04-21,38.893495,-76.935541,Ward 7,2022-04-27
2022-04-21,38.908929,-77.024150,Ward 2,2022-04-22
2022-04-21,38.945987,-77.034268,Ward 4,2022-04-26
2022-04-21,38.904406,-76.937621,Ward 7,2022-04-28
2022-04-21,38.896280,-77.019692,Ward 2,2022-04-29
2022-04-21,38.910689,-77.027304,Ward 2,2022-04-22
2022-04-21,38.892578,-76.949381,Ward 7,2022-04-28
2022-04-21,38.893746,-76.987863,Ward 6,2022-04-27
2022-04-21,38.946128,-77.034517,Ward 4,2022-04-26
2022-04-21,38.945062,-77.032726,Ward 4,2022-04-26
2022-04-21,38.906314,-76.936704,Ward 7,2022-04-28
2022-04-21,38.912812,-77.015392,Ward 5,2022-04-25
2022-04-21,38.899963,-76.987381,Ward 6,2022-04-28
2022-04-21,38.958926,-77.012409,Ward 4,2022-04-26
2022-04-21,38.865177,-76.958431,Ward 7,2022-04-29
2022-04-21,38.924015,-77.030965,Ward 1,2022-04-25
2022-04-21,38.910479,-77.041393,Ward 2,2022-04-25
2022-04-21,38.941301,-77.020231,Ward 4,2022-05-03
2022-04-22,38.905419,-76.972325,Ward 5,2022-04-26
2022-04-22,38.972102,-77.017268,Ward 4,2022-04-26
2022-04-22,38.963774,-77.029737,Ward 4,2022-04-27
2022-04-22,38.910534,-77.014213,Ward 5,2022-04-25
2022-04-22,38.903249,-76.993970,Ward 6,2022-04-28
2022-04-22,38.901889,-76.930684,Ward 7,2022-04-27
2022-04-22,38.931027,-77.037405,Ward 1,2022-04-26
2022-04-22,38.892496,-76.946533,Ward 7,2022-04-28
2022-04-22,38.904114,-76.937670,Ward 7,2022-05-13
2022-04-22,38.862962,-76.988644,Ward 8,2022-04-27
2022-04-22,38.914086,-77.023968,Null,2022-04-29
2022-04-22,38.916342,-77.020543,Ward 1,2022-04-22
2022-04-22,38.916297,-77.021591,Ward 1,2022-04-25
2022-04-22,38.898188,-76.939472,Ward 7,2022-05-13
2022-04-22,38.914680,-77.003250,Ward 5,2022-04-25
2022-04-22,38.890185,-77.000384,Ward 6,2022-04-28
2022-04-22,38.903123,-76.990557,Ward 5,2022-05-10
2022-04-22,38.926763,-77.025400,Ward 1,2022-04-25
2022-04-22,38.906569,-76.930842,Ward 7,2022-04-26
2022-04-22,38.889484,-76.933182,Ward 7,2022-05-03
2022-04-22,38.889283,-76.914944,Ward 7,2022-05-03
2022-04-22,38.868230,-76.981247,Ward 8,2022-04-26
2022-04-22,38.931264,-77.039315,Ward 1,2022-04-26
2022-04-22,38.898973,-76.920725,Ward 7,2022-04-26
2022-04-22,38.885908,-77.002231,Ward 6,2022-04-25
2022-04-22,38.890961,-76.957937,Ward 7,2022-04-26
2022-04-22,38.881791,-76.923893,Ward 7,2022-05-05
2022-04-22,38.915278,-77.067726,Ward 2,2022-04-29
2022-04-22,38.911277,-77.024285,Ward 6,2022-04-27
2022-04-22,38.927605,-77.024856,Ward 1,2022-04-25
2022-04-22,38.927605,-77.024856,Ward 1,2022-04-25
2022-04-22,38.918341,-77.026727,Ward 1,2022-04-29
2022-04-22,38.933964,-77.024834,Ward 1,2022-04-29
2022-04-22,38.933951,-77.024968,Ward 1,2022-04-29
2022-04-22,38.869661,-76.950930,Ward 7,2022-04-26
2022-04-22,38.915347,-77.007074,Ward 5,2022-04-25
2022-04-22,38.917925,-77.003334,Ward 5,2022-04-25
2022-04-22,38.889397,-76.931366,Ward 7,2022-04-27
2022-04-22,38.868769,-76.980560,Ward 8,2022-04-26
2022-04-22,38.830386,-77.006964,Ward 8,2022-04-27
2022-04-22,38.928975,-77.054315,Ward 3,2022-04-25
2022-04-22,38.941577,-77.024430,Ward 4,2022-04-25
2022-04-22,38.873189,-76.975747,Ward 8,2022-04-27
2022-04-22,38.889101,-76.928402,Ward 7,2022-05-02
2022-04-22,38.875096,-76.966103,Ward 7,2022-05-03
2022-04-22,38.924277,-76.980122,Ward 5,2022-04-26
2022-04-22,38.877747,-76.985774,Ward 6,2022-04-28
2022-04-23,38.889753,-76.918722,Ward 7,2022-04-27
2022-04-23,38.923756,-76.972419,Ward 5,2022-04-26
2022-04-23,38.885060,-76.998034,Ward 6,2022-04-25
2022-04-23,38.911723,-77.011674,Ward 5,2022-04-26
2022-04-23,38.923510,-77.030309,Ward 1,2022-04-29
2022-04-23,38.944892,-77.019557,Ward 4,2022-04-26
2022-04-23,38.942478,-77.088055,Ward 3,2022-04-25
2022-04-23,38.931278,-77.018943,Ward 1,2022-04-29
2022-04-23,38.904129,-76.985134,Ward 5,2022-05-10
2022-04-23,38.894749,-76.923474,Ward 7,2022-04-26
2022-04-23,38.924023,-77.031214,Ward 1,2022-04-29
2022-04-23,38.903133,-76.923678,Ward 7,2022-04-26
2022-04-23,38.904005,-76.933983,Ward 7,2022-04-25
2022-04-24,38.902551,-76.987484,Ward 5,2022-05-12
2022-04-24,38.933594,-77.022196,Ward 1,2022-04-30
2022-04-24,38.899150,-76.998240,Ward 6,2022-04-27
2022-04-24,38.899281,-76.998241,Ward 6,2022-04-27
2022-04-24,38.910976,-77.027848,Ward 2,2022-04-29
2022-04-24,38.920205,-77.032164,Ward 1,2022-04-25
2022-04-24,38.888502,-76.979166,Ward 6,2022-04-28
2022-04-24,38.888478,-76.980187,Ward 6,2022-04-28
2022-04-24,38.912791,-77.031099,Ward 2,2022-05-02
2022-04-24,38.901928,-76.988784,Ward 6,2022-04-26
2022-04-24,38.941367,-77.020203,Ward 4,2022-04-26
2022-04-24,38.903972,-77.000361,Ward 6,2022-04-27
2022-04-24,38.928355,-77.102309,Ward 3,2022-04-26
2022-04-24,38.930681,-77.037578,Ward 1,2022-04-29
2022-04-24,38.936233,-77.025408,Ward 4,2022-05-03
2022-04-24,38.913494,-77.025617,Ward 2,2022-04-27
2022-04-24,38.890185,-77.000384,Ward 6,2022-04-28
2022-04-24,38.939503,-77.031746,Ward 4,2022-04-26
2022-04-24,38.893778,-76.955153,Ward 7,2022-04-26
2022-04-24,38.890961,-76.957937,Ward 7,2022-04-26
2022-04-24,38.891498,-76.957523,Ward 7,2022-04-26
2022-04-24,38.892965,-76.955965,Ward 7,2022-04-26
2022-04-24,38.883552,-76.923823,Ward 7,2022-05-04
2022-04-24,38.905396,-76.971953,Ward 5,2022-04-26
2022-04-24,38.914327,-77.008284,Ward 5,2022-04-25
2022-04-24,38.902755,-76.992808,Ward 6,2022-04-27
2022-04-24,38.898370,-76.939190,Ward 7,2022-04-26
2022-04-24,38.873211,-76.972627,Ward 7,2022-05-05
2022-04-24,38.899257,-76.981453,Ward 6,2022-04-28
2022-04-24,38.915225,-77.019031,Ward 1,2022-04-29
2022-04-25,38.906258,-77.030848,Ward 2,2022-05-02
2022-04-25,38.864075,-76.986094,Ward 8,2022-04-27
2022-04-25,38.901801,-76.930600,Ward 7,2022-04-26
2022-04-25,38.896247,-76.976848,Ward 7,2022-04-26
2022-04-25,38.905396,-76.971953,Ward 5,2022-04-26
2022-04-25,38.903897,-76.979903,Ward 5,2022-05-10
2022-04-25,38.943744,-77.026293,Ward 4,2022-04-27
2022-04-25,38.908929,-77.024150,Ward 2,2022-04-29
2022-04-25,38.890033,-76.933128,Ward 7,2022-05-02
2022-04-25,38.902760,-76.994649,Ward 6,2022-04-28
2022-04-25,38.913883,-77.030331,Ward 2,2022-04-29
2022-04-25,38.867674,-76.943973,Ward 7,2022-05-12
2022-04-25,38.936817,-77.027391,Ward 4,2022-05-03
2022-04-25,38.942208,-77.024225,Ward 4,2022-05-03
2022-04-25,38.846808,-76.983573,Ward 8,2022-04-27
2022-04-25,38.967610,-77.028042,Ward 4,2022-05-03
2022-04-25,38.942208,-77.024225,Ward 4,2022-05-03
2022-04-25,38.915745,-77.033070,Ward 2,2022-04-29
2022-04-25,38.876790,-76.967236,Ward 7,2022-05-03
2022-04-25,38.895435,-76.955027,Ward 7,2022-04-28
2022-04-25,38.864075,-76.986094,Ward 8,2022-04-27
2022-04-25,38.871237,-76.973427,Ward 8,2022-04-27
2022-04-25,38.909859,-77.009923,Ward 5,2022-04-26
2022-04-25,38.919584,-76.982305,Ward 5,2022-04-28
2022-04-25,38.919452,-76.982935,Ward 5,2022-04-28
2022-04-25,38.929409,-76.988207,Ward 5,2022-04-26
2022-04-25,38.907416,-77.011782,Ward 5,2022-04-26
2022-04-25,38.880113,-76.981542,Ward 6,2022-04-28
2022-04-25,38.905032,-76.972129,Ward 5,2022-05-10
2022-04-25,38.912417,-77.030202,Ward 2,2022-05-02
2022-04-25,38.867658,-76.967777,Ward 7,2022-04-29
2022-04-25,38.895954,-76.974428,Ward 7,2022-04-27
2022-04-25,38.895991,-76.942600,Ward 7,2022-04-27
2022-04-25,38.920309,-76.983517,Ward 5,2022-04-26
2022-04-25,38.937242,-76.987334,Ward 5,2022-04-28
2022-04-25,38.903323,-76.992833,Ward 6,2022-04-26
2022-04-25,38.936491,-77.029456,Ward 4,2022-05-03
2022-04-26,38.892740,-76.975424,Ward 6,2022-04-28
2022-04-26,38.914725,-77.017821,Ward 1,2022-04-27
2022-04-26,38.914743,-77.017880,Ward 1,2022-04-27
2022-04-26,38.914444,-77.017225,Ward 1,2022-04-29
2022-04-26,38.930732,-77.019738,Ward 1,2022-04-29
2022-04-26,38.877517,-76.986899,Ward 6,2022-04-28
2022-04-26,38.884921,-76.945240,Ward 7,2022-05-13
2022-04-26,38.897107,-76.985294,Ward 6,2022-04-27
2022-04-26,38.946684,-77.007228,Ward 5,2022-04-28
2022-04-26,38.868947,-76.980238,Ward 8,2022-05-03
2022-04-26,38.897527,-76.985010,Ward 6,2022-04-28
2022-04-26,38.927221,-77.029391,Ward 1,2022-04-29
2022-04-26,38.914325,-77.012415,Ward 5,2022-04-27
2022-04-26,38.934052,-77.019348,Ward 1,2022-04-27
2022-04-26,38.879447,-76.995981,Ward 6,2022-04-28
2022-04-26,38.903014,-76.994306,Ward 6,2022-04-28
2022-04-26,38.914235,-77.023181,Ward 1,2022-04-29
2022-04-26,38.894470,-76.986685,Ward 6,2022-04-28
2022-04-26,38.951364,-77.009766,Ward 4,2022-05-03
2022-04-26,38.885677,-76.948889,Ward 7,2022-04-29
2022-04-26,38.918693,-77.001402,Ward 5,2022-04-28
2022-04-26,38.904891,-76.981882,Ward 5,2022-05-10
2022-04-26,38.919087,-77.073626,Ward 3,2022-05-05
2022-04-26,38.918561,-77.074064,Ward 3,2022-05-05
2022-04-26,38.903249,-76.993970,Ward 6,2022-04-28
2022-04-26,38.918962,-77.078537,Ward 3,2022-05-05
2022-04-26,38.928142,-77.076746,Ward 3,2022-05-05
2022-04-26,38.952632,-77.018274,Ward 4,2022-04-28
2022-04-26,38.927945,-76.980517,Ward 5,2022-04-28
2022-04-26,38.898194,-76.938969,Ward 7,2022-05-03
2022-04-26,38.905396,-76.971953,Ward 5,2022-04-26
2022-04-26,38.905862,-76.937538,Ward 7,2022-05-09
2022-04-26,38.905396,-76.971953,Ward 5,2022-05-02
2022-04-26,38.894784,-76.991530,Ward 6,2022-04-27
2022-04-26,38.930444,-77.023651,Ward 1,2022-05-02
2022-04-26,38.886481,-77.003283,Ward 6,2022-04-28
2022-04-26,38.949923,-77.034069,Ward 4,2022-05-03
2022-04-26,38.926872,-76.995237,Ward 5,2022-04-28
2022-04-26,38.901508,-76.994450,Ward 6,2022-04-27
2022-04-26,38.941219,-77.088651,Ward 3,2022-05-05
2022-04-26,38.891575,-76.954541,Ward 7,2022-05-26
2022-04-26,38.886099,-76.927585,Ward 7,2022-05-04
2022-04-27,38.827501,-77.008032,Ward 8,2022-05-03
2022-04-27,38.864075,-76.986094,Ward 8,2022-04-27
2022-04-27,38.865126,-76.981992,Ward 8,2022-05-03
2022-04-27,38.829372,-77.000261,Ward 8,2022-04-28
2022-04-27,38.943825,-77.026293,Ward 4,2022-05-03
2022-04-27,38.934493,-77.022259,Ward 1,2022-04-28
2022-04-27,38.909455,-77.014704,Ward 5,2022-05-02
2022-04-27,38.902982,-77.008728,Ward 6,2022-05-02
2022-04-27,38.931622,-77.035763,Ward 1,2022-04-27
2022-04-27,38.904814,-76.997005,Ward 6,2022-05-02
2022-04-27,38.958121,-77.070633,Ward 3,2022-04-28
2022-04-27,38.911862,-76.987063,Ward 5,2022-05-17
2022-04-27,38.916112,-77.004540,Ward 5,2022-04-28
2022-04-27,38.903877,-76.938060,Ward 7,2022-05-05
2022-04-27,38.888490,-76.981585,Ward 6,2022-04-28
2022-04-27,38.922220,-76.977970,Ward 5,2022-04-28
2022-04-27,38.918887,-77.072355,Ward 3,2022-05-05
2022-04-27,38.884220,-76.959148,Ward 7,2022-05-03
2022-04-27,38.903296,-76.992433,Ward 6,2022-05-02
2022-04-27,38.868411,-76.983468,Ward 8,2022-05-03
2022-04-27,38.952345,-76.993957,Ward 5,2022-04-29
2022-04-27,38.919356,-77.013127,Ward 5,2022-04-28
2022-04-27,38.920755,-77.013518,Ward 5,2022-04-28
2022-04-27,38.918732,-76.991583,Ward 5,2022-04-28
2022-04-27,38.925308,-77.023731,Ward 1,2022-05-02
2022-04-27,38.909013,-76.935112,Ward 7,2022-05-03
2022-04-27,38.864004,-76.987188,Ward 8,2022-05-03
2022-04-27,38.880020,-76.962684,Ward 7,2022-05-03
2022-04-27,38.893746,-76.987863,Ward 6,2022-04-29
2022-04-27,38.933703,-77.028809,Ward 1,2022-05-02
2022-04-27,38.934387,-77.023350,Ward 1,2022-05-02
2022-04-27,38.896327,-76.991734,Ward 6,2022-04-28
2022-04-27,38.920254,-77.032108,Ward 1,2022-04-28
2022-04-28,38.903183,-76.994356,Ward 6,2022-05-02
2022-04-28,38.903074,-76.994249,Ward 6,2022-05-02
2022-04-28,38.891443,-76.977011,Ward 7,2022-05-02
2022-04-28,38.864095,-76.984369,Ward 8,2022-05-03
2022-04-28,38.937642,-76.975430,Ward 5,2022-05-12
2022-04-28,38.868393,-76.983792,Ward 8,2022-05-03
2022-04-28,38.876440,-76.966411,Ward 7,2022-05-03
2022-04-28,38.875222,-76.966726,Ward 7,2022-05-03
2022-04-28,38.894391,-76.991270,Ward 6,2022-04-29
2022-04-28,38.892865,-76.985253,Ward 6,2022-04-29
2022-04-28,38.875544,-76.964492,Ward 7,2022-05-03
2022-04-28,38.854650,-76.969638,Ward 8,2022-05-03
2022-04-28,38.855827,-76.968815,Ward 8,2022-05-03
2022-04-28,38.884385,-76.941782,Ward 7,2022-05-03
2022-04-28,38.927092,-77.024837,Ward 1,2022-05-02
2022-04-28,38.866476,-76.980520,Ward 8,2022-05-03
2022-04-28,38.955352,-77.090616,Ward 3,2022-05-05
2022-04-28,38.924508,-76.973172,Ward 5,2022-05-02
2022-04-28,38.914358,-77.014437,Ward 5,2022-05-06
2022-04-28,38.903355,-77.008404,Ward 6,2022-05-02
2022-04-28,38.943944,-77.021242,Ward 4,2022-05-05
2022-04-28,38.907416,-77.011657,Ward 5,2022-05-06
2022-04-28,38.897132,-76.996758,Ward 6,2022-04-29
2022-04-28,38.922980,-77.046497,Ward 1,2022-05-05
2022-04-28,38.906722,-77.011614,Ward 5,2022-05-04
2022-04-28,38.943613,-77.021452,Ward 4,2022-05-03
2022-04-28,38.898190,-76.995888,Ward 6,2022-04-29
2022-04-28,38.898190,-76.995888,Ward 6,2022-05-02
2022-04-28,38.898190,-76.995888,Ward 6,2022-05-02
2022-04-28,38.898190,-76.995888,Ward 6,2022-05-02
2022-04-28,38.898190,-76.995888,Ward 6,2022-05-02
2022-04-28,38.898190,-76.995888,Ward 6,2022-05-02
2022-04-28,38.898190,-76.995888,Ward 6,2022-05-02
2022-04-28,38.898190,-76.995888,Ward 6,2022-05-02
2022-04-28,38.898190,-76.995888,Ward 6,2022-05-02
2022-04-28,38.898190,-76.995888,Ward 6,2022-05-02
2022-04-28,38.898190,-76.995888,Ward 6,2022-05-02
2022-04-28,38.898190,-76.995888,Ward 6,2022-05-02
2022-04-28,38.898190,-76.995888,Ward 6,2022-05-02
2022-04-28,38.898190,-76.995888,Ward 6,2022-05-04
2022-04-28,38.898190,-76.995888,Ward 6,2022-05-03
2022-04-28,38.898190,-76.995888,Ward 6,2022-05-02
2022-04-28,38.898190,-76.995888,Ward 6,2022-05-03
2022-04-28,38.898190,-76.995888,Ward 6,2022-05-02
2022-04-28,38.898190,-76.995888,Ward 6,2022-05-03
2022-04-28,38.898190,-76.995888,Ward 6,2022-05-02
2022-04-28,38.898190,-76.995888,Ward 6,2022-05-03
2022-04-28,38.898190,-76.995888,Ward 6,2022-05-02
2022-04-28,38.898190,-76.995888,Ward 6,2022-05-03
2022-04-28,38.898190,-76.995888,Ward 6,2022-05-03
2022-04-28,38.898190,-76.995888,Ward 6,2022-05-03
2022-04-28,38.898190,-76.995888,Ward 6,2022-05-03
2022-04-28,38.898190,-76.995888,Ward 6,2022-05-02
2022-04-28,38.898190,-76.995888,Ward 6,2022-05-02
2022-04-28,38.898190,-76.995888,Ward 6,2022-05-02
2022-04-28,38.898190,-76.995888,Ward 6,2022-05-02
2022-04-28,38.898190,-76.995888,Ward 6,2022-05-03
2022-04-28,38.898190,-76.995888,Ward 6,2022-05-03
2022-04-28,38.898190,-76.995888,Ward 6,2022-05-03
2022-04-28,38.898190,-76.995888,Ward 6,2022-05-02
2022-04-28,38.898190,-76.995888,Ward 6,2022-05-02
2022-04-28,38.898190,-76.995888,Ward 6,2022-05-02
2022-04-28,38.898190,-76.995888,Ward 6,2022-05-02
2022-04-28,38.898190,-76.995888,Ward 6,2022-05-03
2022-04-28,38.898190,-76.995888,Ward 6,2022-05-03
2022-04-28,38.898190,-76.995888,Ward 6,2022-05-03
2022-04-28,38.898190,-76.995888,Ward 6,2022-05-03
2022-04-28,38.898190,-76.995888,Ward 6,2022-05-03
2022-04-28,38.898190,-76.995888,Ward 6,2022-05-02
2022-04-28,38.898190,-76.995888,Ward 6,2022-05-03
2022-04-28,38.898190,-76.995888,Ward 6,2022-05-03
2022-04-28,38.898190,-76.995888,Ward 6,2022-05-03
2022-04-28,38.898190,-76.995888,Ward 6,2022-05-03
2022-04-28,38.898190,-76.995888,Ward 6,2022-05-03
2022-04-28,38.898190,-76.995888,Ward 6,2022-05-03
2022-04-28,38.898190,-76.995888,Ward 6,2022-05-03
2022-04-28,38.898190,-76.995888,Ward 6,2022-05-03
2022-04-28,38.898190,-76.995888,Ward 6,2022-07-08
2022-04-28,38.898190,-76.995888,Ward 6,2022-07-08
2022-04-28,38.898190,-76.995888,Ward 6,2022-07-08
2022-04-28,38.898190,-76.995888,Ward 6,2022-07-08
2022-04-28,38.898190,-76.995888,Ward 6,2022-07-08
2022-04-28,38.898190,-76.995888,Ward 6,2022-07-08
2022-04-28,38.898190,-76.995888,Ward 6,2022-07-08
2022-04-28,38.898190,-76.995888,Ward 6,2022-07-08
2022-04-28,38.898190,-76.995888,Ward 6,2022-07-08
2022-04-28,38.898190,-76.995888,Ward 6,2022-07-08
2022-04-28,38.898190,-76.995888,Ward 6,2022-07-08
2022-04-28,38.898190,-76.995888,Ward 6,2022-07-08
2022-04-28,38.898190,-76.995888,Ward 6,2022-07-08
2022-04-28,38.898190,-76.995888,Ward 6,2022-07-08
2022-04-28,38.898190,-76.995888,Ward 6,2022-07-08
2022-04-28,38.898190,-76.995888,Ward 6,2022-07-08
2022-04-28,38.898190,-76.995888,Ward 6,2022-07-08
2022-04-28,38.898190,-76.995888,Ward 6,2022-07-08
2022-04-28,38.898190,-76.995888,Ward 6,2022-07-08
2022-04-28,38.898190,-76.995888,Ward 6,2022-07-08
2022-04-28,38.898190,-76.995888,Ward 6,2022-07-08
2022-04-28,38.898190,-76.995888,Ward 6,2022-07-08
2022-04-28,38.898190,-76.995888,Ward 6,2022-07-08
2022-04-28,38.898190,-76.995888,Ward 6,2022-07-08
2022-04-28,38.898190,-76.995888,Ward 6,2022-07-08
2022-04-28,38.898190,-76.995888,Ward 6,2022-07-08
2022-04-28,38.898190,-76.995888,Ward 6,2022-07-11
2022-04-28,38.898190,-76.995888,Ward 6,2022-07-08
2022-04-28,38.898190,-76.995888,Ward 6,2022-07-08
2022-04-28,38.898190,-76.995888,Ward 6,2022-07-08
2022-04-28,38.898190,-76.995888,Ward 6,2022-07-08
2022-04-28,38.898190,-76.995888,Ward 6,2022-07-08
2022-04-28,38.898190,-76.995888,Ward 6,2022-07-08
2022-04-28,38.898190,-76.995888,Ward 6,2022-07-08
2022-04-28,38.898190,-76.995888,Ward 6,2022-07-08
2022-04-28,38.898190,-76.995888,Ward 6,2022-07-08
2022-04-28,38.898190,-76.995888,Ward 6,2022-07-08
2022-04-28,38.898190,-76.995888,Ward 6,2022-07-11
2022-04-28,38.898190,-76.995888,Ward 6,2022-07-08
2022-04-28,38.898190,-76.995888,Ward 6,2022-07-08
2022-04-28,38.898190,-76.995888,Ward 6,2022-07-08
2022-04-28,38.898190,-76.995888,Ward 6,2022-07-08
2022-04-28,38.898190,-76.995888,Ward 6,2022-07-08
2022-04-28,38.898190,-76.995888,Ward 6,2022-07-08
2022-04-28,38.921718,-77.079958,Ward 3,2022-05-05
2022-04-28,38.921202,-77.079051,Ward 3,2022-05-05
2022-04-28,38.887760,-77.001384,Ward 6,2022-04-28
2022-04-28,38.958121,-77.070633,Ward 3,2022-05-05
2022-04-28,38.905385,-77.018199,Ward 6,2022-05-03
2022-04-28,38.890055,-76.956166,Ward 7,2022-05-05
2022-04-28,38.909456,-77.014893,Ward 5,2022-05-11
2022-04-29,38.888882,-76.984875,Ward 6,2022-05-06
2022-04-29,38.854946,-76.967457,Ward 8,2022-05-13
2022-04-29,38.889791,-76.971895,Ward 7,2022-05-03
2022-04-29,38.893929,-76.975053,Ward 7,2022-05-03
2022-04-29,38.901411,-77.049466,Ward 2,2022-05-04
2022-04-29,38.926824,-77.024745,Ward 1,2022-05-05
2022-04-29,38.890929,-76.983649,Ward 6,2022-05-02
2022-04-29,38.909916,-77.084981,Ward 3,2022-05-02
2022-04-29,38.883794,-76.977737,Ward 6,2022-05-05
2022-04-29,38.911868,-77.031949,Ward 2,2022-05-04
2022-04-29,38.854909,-76.958110,Ward 7,2022-05-04
2022-04-29,38.930259,-76.980539,Ward 5,2022-05-02
2022-04-29,38.866425,-76.948003,Ward 7,2022-05-05
2022-04-29,38.919361,-77.077755,Ward 3,2022-05-05
2022-04-29,38.919357,-77.078591,Ward 3,2022-05-05
2022-04-29,38.951399,-77.014540,Ward 4,2022-05-03
2022-04-29,38.869672,-76.980436,Ward 8,2022-05-05
2022-04-29,38.903500,-76.992434,Ward 6,2022-05-02
2022-04-29,38.953904,-77.026645,Ward 4,2022-05-05
2022-04-29,38.894549,-76.922401,Ward 7,2022-05-05
2022-04-29,38.904026,-77.006567,Ward 6,2022-05-02
2022-04-29,38.857939,-76.964655,Ward 7,2022-05-05
2022-04-29,38.876478,-76.931184,Ward 7,2022-05-04
2022-04-29,38.936825,-77.059243,Ward 3,2022-05-05
2022-04-29,38.916786,-77.024853,Ward 1,2022-05-09
2022-04-29,38.969279,-77.025737,Ward 4,2022-05-02
2022-04-29,38.871877,-76.973186,Ward 8,2022-05-05
2022-04-29,38.933623,-76.994366,Ward 5,2022-05-16
2022-04-30,38.854469,-76.966496,Ward 8,2022-05-10
2022-04-30,38.854643,-76.967287,Ward 8,2022-05-13
2022-04-30,38.903296,-76.992433,Ward 6,2022-05-02
2022-04-30,38.928866,-76.965250,Ward 5,2022-05-19
2022-04-30,38.913210,-77.032284,Ward 2,2022-05-05
2022-04-30,38.870415,-76.975741,Ward 8,2022-05-05
2022-04-30,38.921863,-77.032746,Ward 1,2022-05-09
2022-04-30,38.902871,-76.922608,Ward 7,2022-05-05
2022-04-30,38.942196,-77.022115,Ward 4,2022-05-05
2022-04-30,38.958542,-77.015041,Ward 4,2022-05-05
2022-04-30,38.943341,-77.003460,Ward 5,2022-05-06
2022-04-30,38.842650,-77.001008,Ward 8,2022-05-05
2022-04-30,38.914256,-77.018347,Ward 6,2022-05-05
2022-04-30,38.907827,-77.029880,Ward 2,2022-05-10
2022-04-30,38.944370,-77.019498,Ward 4,2022-05-03
2022-04-30,38.933944,-77.021838,Ward 1,2022-05-02
2022-05-01,38.933336,-77.031858,Ward 1,2022-05-05
2022-05-01,38.915395,-77.068627,Ward 2,2022-05-04
2022-05-01,38.904659,-76.999786,Ward 6,2022-05-05
2022-05-01,38.928873,-77.018527,Ward 1,2022-05-10
2022-05-01,38.933305,-77.025865,Ward 1,2022-05-05
2022-05-01,38.918760,-77.036926,Ward 1,2022-05-02
2022-05-01,38.956536,-76.996378,Ward 5,2022-05-04
2022-05-01,38.881036,-77.016149,Ward 6,2022-05-03
2022-05-01,38.908926,-77.022224,Ward 2,2022-05-03
2022-05-01,38.892855,-76.983399,Ward 6,2022-05-02
2022-05-01,38.893140,-76.982808,Ward 6,2022-05-02
2022-05-01,38.912890,-76.987349,Ward 5,2022-05-04
2022-05-01,38.913558,-76.986199,Ward 5,2022-05-04
2022-05-01,38.898729,-76.994466,Ward 6,2022-05-05
2022-05-01,38.889019,-76.989305,Ward 6,2022-05-03
2022-05-01,38.941762,-77.017336,Ward 4,2022-05-03
2022-05-01,38.890787,-76.983415,Ward 6,2022-05-02
2022-05-01,38.929245,-77.019735,Ward 1,2022-05-02
2022-05-01,38.943795,-77.040706,Ward 4,2022-05-05
2022-05-01,38.911949,-76.987063,Ward 5,2022-05-06
2022-05-01,38.870725,-76.963123,Ward 7,2022-05-04
2022-05-01,38.925740,-77.026002,Ward 1,2022-05-02
2022-05-01,38.912608,-76.990138,Ward 5,2022-05-13
2022-05-01,38.878989,-76.930857,Ward 7,2022-05-04
2022-05-02,38.924525,-77.029997,Ward 1,2022-05-05
2022-05-02,38.879579,-77.000790,Ward 6,2022-05-03
2022-05-02,38.912779,-77.012678,Ward 5,2022-05-06
2022-05-02,38.913070,-77.013795,Ward 5,2022-05-02
2022-05-02,38.913004,-77.012368,Ward 5,2022-05-06
2022-05-02,38.913137,-77.012981,Ward 5,2022-05-06
2022-05-02,38.860020,-76.953959,Ward 7,2022-05-04
2022-05-02,38.873957,-76.974187,Ward 7,2022-05-12
2022-05-02,38.957579,-77.025116,Ward 4,2022-05-05
2022-05-02,38.923611,-77.034310,Ward 1,2022-05-06
2022-05-02,38.917894,-77.072690,Ward 3,2022-05-05
2022-05-02,38.877516,-76.984595,Ward 6,2022-05-12
2022-05-02,38.903074,-76.994249,Ward 6,2022-05-02
2022-05-02,38.903574,-76.993757,Ward 6,2022-05-03
2022-05-02,38.906229,-77.016393,Ward 2,2022-05-05
2022-05-02,38.901676,-76.935072,Ward 7,2022-05-05
2022-05-02,38.930589,-76.995575,Ward 5,2022-05-03
2022-05-02,38.929174,-77.025950,Ward 1,2022-05-06
2022-05-02,38.912330,-76.986888,Ward 5,2022-05-11
2022-05-02,38.900377,-76.978047,Ward 5,2022-05-13
2022-05-02,38.935965,-77.030581,Ward 1,2022-05-03
2022-05-02,38.851565,-76.965003,Ward 8,2022-05-12
2022-05-02,38.902454,-76.974520,Ward 5,2022-05-12
2022-05-02,38.899408,-76.926821,Ward 7,2022-05-05
2022-05-02,38.898053,-76.978461,Ward 6,2022-05-02
2022-05-02,38.901232,-76.983426,Ward 5,2022-05-17
2022-05-02,38.924714,-77.025008,Ward 1,2022-05-03
2022-05-02,38.950886,-77.016429,Ward 4,2022-05-05
2022-05-02,38.887111,-76.981033,Ward 6,2022-05-09
2022-05-02,38.970414,-77.026907,Ward 4,2022-05-05
2022-05-02,38.905832,-77.015414,Ward 6,2022-05-05
2022-05-02,38.907118,-76.983906,Ward 5,2022-05-16
2022-05-02,38.897724,-76.998211,Ward 6,2022-05-05
2022-05-02,38.903064,-76.989704,Ward 5,2022-05-12
2022-05-02,38.918998,-77.010383,Ward 5,2022-05-06
2022-05-02,38.926473,-77.008337,Ward 5,2022-05-06
2022-05-02,38.927387,-77.023867,Ward 1,2022-05-03
2022-05-02,38.912606,-77.018925,Ward 6,2022-05-05
2022-05-02,38.912173,-77.018708,Ward 6,2022-05-05
2022-05-02,38.911998,-76.987078,Ward 5,2022-05-04
2022-05-02,38.920370,-77.001816,Ward 5,2022-05-06
2022-05-02,38.919806,-76.985642,Ward 5,2022-05-06
2022-05-02,38.914565,-77.092507,Ward 3,2022-05-04
2022-05-02,38.963091,-77.069979,Ward 3,2022-05-05
2022-05-02,38.897511,-77.003091,Ward 6,2022-05-03
2022-05-02,38.917947,-77.037179,Ward 1,2022-05-04
2022-05-02,38.916224,-77.042376,Ward 2,2022-05-04
2022-05-02,38.918733,-77.072681,Ward 3,2022-05-05
2022-05-02,38.918114,-77.029620,Ward 1,2022-05-03
2022-05-02,38.822885,-76.999584,Ward 8,2022-05-05
2022-05-02,38.905380,-77.013351,Ward 6,2022-05-09
2022-05-02,38.943245,-77.021211,Ward 4,2022-05-03
2022-05-02,38.928752,-77.024999,Ward 1,2022-05-10
2022-05-03,38.901676,-76.935072,Ward 7,2022-05-05
2022-05-03,38.895851,-76.976058,Ward 7,2022-05-05
2022-05-03,38.894091,-76.976448,Ward 7,2022-05-05
2022-05-03,38.865080,-76.987287,Ward 8,2022-05-05
2022-05-03,38.945442,-77.019768,Ward 4,2022-05-03
2022-05-03,38.923340,-77.039125,Ward 1,2022-05-05
2022-05-03,38.927092,-77.024837,Ward 1,2022-05-10
2022-05-03,38.930444,-77.023651,Ward 1,2022-05-05
2022-05-03,38.923205,-77.037766,Ward 1,2022-05-10
2022-05-03,38.890144,-77.000386,Ward 6,2022-05-11
2022-05-03,38.901552,-76.923401,Ward 7,2022-05-05
2022-05-03,38.898757,-76.976972,Ward 6,2022-05-04
2022-05-03,38.936339,-76.966449,Ward 5,2022-05-06
2022-05-03,38.864421,-76.947024,Ward 7,2022-05-12
2022-05-03,38.872735,-76.976276,Ward 8,2022-05-10
2022-05-03,38.830218,-77.005886,Ward 8,2022-05-05
2022-05-03,38.912973,-77.023192,Ward 6,2022-05-11
2022-05-03,38.829437,-77.006379,Ward 8,2022-05-04
2022-05-03,38.898368,-76.988518,Ward 6,2022-05-03
2022-05-03,38.923340,-77.039125,Ward 1,2022-05-05
2022-05-03,38.953118,-77.034673,Ward 4,2022-07-07
2022-05-03,38.919676,-77.040900,Ward 1,2022-05-10
2022-05-03,38.905975,-76.988963,Ward 5,2022-05-12
2022-05-03,38.832364,-77.006552,Ward 8,2022-05-04
2022-05-03,38.947090,-76.991244,Ward 5,2022-05-13
2022-05-03,38.901655,-76.931227,Ward 7,2022-05-05
2022-05-03,38.824851,-77.013226,Ward 8,2022-05-04
2022-05-03,38.829437,-77.006379,Ward 8,2022-05-04
2022-05-03,38.821375,-77.007441,Ward 8,2022-05-05
2022-05-03,38.909206,-76.998692,Ward 5,2022-05-11
2022-05-03,38.899973,-77.000750,Ward 6,2022-05-11
2022-05-03,38.912880,-77.039284,Ward 2,2022-05-10
2022-05-03,38.883346,-76.991239,Ward 6,2022-05-04
2022-05-03,38.917267,-77.031600,Ward 1,2022-05-04
2022-05-03,38.910680,-77.015975,Ward 5,2022-05-06
2022-05-03,38.928149,-77.025859,Ward 1,2022-05-04
2022-05-03,38.921295,-77.000569,Ward 5,2022-05-06
2022-05-03,38.866212,-76.949342,Ward 7,2022-05-12
2022-05-03,38.927364,-76.991140,Ward 5,2022-05-06
2022-05-03,38.934030,-76.993899,Ward 5,2022-05-06
2022-05-03,38.913816,-77.016568,Ward 5,2022-05-04
2022-05-03,38.912135,-76.986666,Ward 5,2022-05-04
2022-05-03,38.911541,-76.987471,Ward 5,2022-05-16
2022-05-03,38.899411,-76.979296,Null,2022-05-09
2022-05-03,38.897645,-77.024857,Ward 2,2022-05-12
2022-05-03,38.923347,-77.034414,Ward 1,2022-05-10
2022-05-03,38.889019,-76.989305,Ward 6,2022-05-04
2022-05-03,38.898505,-76.988123,Ward 6,2022-05-04
2022-05-03,38.893405,-76.986870,Ward 6,2022-05-04
2022-05-03,38.903986,-76.980862,Ward 5,2022-05-17
2022-05-03,38.931230,-77.041986,Ward 1,2022-05-04
2022-05-03,38.936285,-77.033449,Ward 1,2022-05-04
2022-05-03,38.876696,-76.938126,Ward 7,2022-05-19
2022-05-03,38.875485,-76.937882,Ward 7,2022-05-26
2022-05-03,38.876294,-76.937933,Ward 7,2022-05-26
2022-05-03,38.903431,-76.992830,Ward 6,2022-05-04
2022-05-03,38.876294,-76.937933,Ward 7,2022-05-26
2022-05-03,38.926246,-77.025316,Ward 1,2022-05-10
2022-05-03,38.894997,-77.003511,Ward 6,2022-05-04
2022-05-03,38.953609,-77.016192,Ward 4,2022-05-05
2022-05-03,38.923262,-77.038753,Ward 1,2022-05-10
2022-05-03,38.903296,-76.992433,Ward 6,2022-05-11
2022-05-03,38.923025,-77.037991,Ward 1,2022-05-10
2022-05-03,38.909413,-77.014642,Ward 5,2022-05-11
2022-05-03,38.935114,-77.026986,Ward 1,2022-05-10
2022-05-03,38.928896,-77.031425,Ward 1,2022-05-10
2022-05-04,38.888306,-76.993221,Ward 6,2022-05-11
2022-05-04,38.923205,-77.037766,Ward 1,2022-05-10
2022-05-04,38.902257,-76.990687,Ward 6,2022-05-05
2022-05-04,38.867478,-76.942845,Ward 7,2022-06-09
2022-05-04,38.872472,-76.966422,Ward 7,2022-05-19
2022-05-04,38.881072,-76.998743,Ward 6,2022-05-11
2022-05-04,38.936764,-77.028521,Ward 4,2022-05-06
2022-05-04,38.948055,-77.033823,Ward 4,2022-05-09
2022-05-04,38.907408,-77.010699,Ward 5,2022-05-11
2022-05-04,38.907421,-77.011972,Ward 5,2022-05-11
2022-05-04,38.952838,-77.023214,Ward 4,2022-05-05
2022-05-04,38.952181,-77.023124,Ward 4,2022-05-05
2022-05-04,38.935071,-77.026985,Ward 1,2022-05-10
2022-05-04,38.914758,-77.068256,Ward 2,2022-05-10
2022-05-04,38.837398,-77.004657,Ward 8,2022-05-10
2022-05-04,38.910893,-77.010986,Ward 5,2022-05-11
2022-05-04,38.919390,-77.000002,Ward 5,2022-05-11
2022-05-04,38.890374,-76.994686,Ward 6,2022-05-11
2022-05-04,38.911277,-77.017377,Ward 6,2022-05-11
2022-05-04,38.856047,-76.980051,Ward 8,2022-05-10
2022-05-04,38.903905,-77.000318,Ward 6,2022-05-05
2022-05-04,38.947984,-77.019714,Ward 4,2022-05-09
2022-05-04,38.915776,-77.023425,Ward 1,2022-05-10
2022-05-04,38.954700,-77.082329,Ward 3,2022-05-09
2022-05-04,38.913470,-77.008728,Ward 5,2022-05-11
2022-05-04,38.905488,-77.012431,Ward 6,2022-05-11
2022-05-04,38.930029,-77.109284,Ward 3,2022-05-09
2022-05-04,38.912830,-77.005541,Ward 5,2022-05-11
2022-05-04,38.921275,-76.986101,Ward 5,2022-05-06
2022-05-04,38.934748,-77.027819,Ward 1,2022-05-11
2022-05-04,38.912581,-76.983907,Ward 5,2022-05-10
2022-05-04,38.913341,-77.038774,Ward 2,2022-05-05
2022-05-04,38.892471,-76.915039,Ward 7,2022-05-26
2022-05-04,38.912892,-76.987045,Ward 5,2022-05-17
2022-05-04,38.917200,-77.011205,Ward 5,2022-05-11
2022-05-04,38.917199,-77.009888,Ward 5,2022-05-11
2022-05-04,38.911955,-76.984614,Ward 5,2022-05-10
2022-05-04,38.914254,-77.022639,Ward 1,2022-05-10
2022-05-05,38.903222,-76.981006,Ward 5,2022-05-16
2022-05-05,38.903544,-76.992464,Ward 6,2022-05-05
2022-05-05,38.870725,-76.963123,Ward 7,2022-05-11
2022-05-05,38.926227,-77.039878,Ward 1,2022-05-06
2022-05-05,38.909155,-77.014892,Ward 5,2022-05-06
2022-05-05,38.903543,-76.997888,Ward 6,2022-05-06
2022-05-05,38.943825,-77.026293,Ward 4,2022-05-09
2022-05-05,38.925856,-77.036817,Ward 1,2022-05-10
2022-05-05,38.842650,-77.001008,Ward 8,2022-05-05
2022-05-05,38.822366,-77.000379,Ward 8,2022-05-10
2022-05-05,38.902160,-76.976460,Ward 5,2022-05-12
2022-05-05,38.915564,-77.005090,Ward 5,2022-05-12
2022-05-05,38.913174,-76.975124,Ward 5,2022-05-10
2022-05-05,38.942992,-77.092853,Ward 3,2022-05-10
2022-05-05,38.925299,-77.023501,Ward 1,2022-05-09
2022-05-05,38.847736,-76.982451,Ward 8,2022-05-10
2022-05-05,38.849145,-77.004793,Ward 8,2022-05-10
2022-05-05,38.923280,-76.973770,Ward 5,2022-05-12
2022-05-05,38.830778,-77.001047,Ward 8,2022-05-10
2022-05-05,38.914513,-77.030470,Ward 1,2022-05-10
2022-05-05,38.920629,-76.971112,Ward 5,2022-05-10
2022-05-05,38.933007,-77.028336,Ward 1,2022-05-10
2022-05-05,38.910893,-77.010986,Ward 5,2022-05-11
2022-05-05,38.927160,-76.992672,Ward 5,2022-05-10
2022-05-05,38.863953,-76.970925,Ward 8,2022-05-11
2022-05-05,38.957464,-77.010937,Ward 4,2022-05-06
2022-05-05,38.912033,-77.009759,Ward 5,2022-05-12
2022-05-05,38.861690,-76.989317,Ward 8,2022-05-10
2022-05-05,38.923326,-77.026788,Ward 1,2022-05-09
2022-05-05,38.909789,-76.940820,Ward 7,2022-05-09
2022-05-05,38.913872,-77.009760,Ward 5,2022-05-12
2022-05-05,38.921148,-76.984517,Ward 5,2022-05-12
2022-05-05,38.921344,-76.984226,Ward 5,2022-05-12
2022-05-05,38.919342,-76.985537,Ward 5,2022-05-12
2022-05-05,38.908936,-77.015450,Ward 5,2022-05-12
2022-05-05,38.913116,-77.011894,Ward 5,2022-05-12
2022-05-05,38.888490,-76.982693,Ward 7,2022-05-11
2022-05-05,38.931525,-77.035514,Ward 1,2022-05-10
2022-05-05,38.866578,-76.949768,Ward 7,2022-05-26
2022-05-05,38.929188,-77.022630,Ward 1,2022-05-06
2022-05-05,38.911725,-77.060794,Ward 2,2022-05-12
2022-05-05,38.901809,-76.995937,Ward 6,2022-05-11
2022-05-05,38.906586,-76.986500,Ward 5,2022-05-12
2022-05-05,38.904457,-77.000356,Ward 6,2022-05-06
2022-05-06,38.901526,-76.994131,Ward 6,2022-05-06
2022-05-06,38.896609,-76.941300,Ward 7,2022-05-10
2022-05-06,38.953487,-77.084631,Ward 3,2022-05-12
2022-05-06,38.831234,-76.990968,Ward 8,2022-05-11
2022-05-06,38.933096,-77.028097,Ward 1,2022-05-10
2022-05-06,38.864338,-76.987674,Ward 8,2022-05-10
2022-05-06,38.926493,-77.025620,Ward 1,2022-05-10
2022-05-06,38.857986,-76.965189,Ward 7,2022-05-26
2022-05-06,38.897140,-76.989511,Ward 6,2022-05-12
2022-05-06,38.909337,-77.014911,Ward 5,2022-05-12
2022-05-06,38.894178,-76.985507,Ward 6,2022-05-16
2022-05-06,38.930517,-77.079498,Ward 3,2022-05-09
2022-05-06,38.914281,-77.003245,Ward 5,2022-05-10
2022-05-06,38.849688,-76.983101,Ward 8,2022-05-11
2022-05-06,38.854643,-76.967287,Ward 8,2022-05-12
2022-05-06,38.880237,-76.963937,Ward 7,2022-05-26
2022-05-06,38.961706,-77.013898,Ward 4,2022-05-09
2022-05-06,38.897681,-76.986330,Ward 6,2022-05-12
2022-05-06,38.898645,-76.986367,Ward 6,2022-05-09
2022-05-06,38.899191,-76.986579,Ward 6,2022-05-09
2022-05-06,38.913168,-77.011554,Ward 5,2022-05-12
2022-05-06,38.930240,-76.988267,Ward 5,2022-05-10
2022-05-06,38.964757,-77.027178,Ward 4,2022-05-10
2022-05-06,38.933085,-77.028158,Ward 1,2022-05-11
2022-05-06,38.918380,-76.999839,Ward 5,2022-05-12
2022-05-06,38.924414,-77.025888,Ward 1,2022-05-10
2022-05-06,38.890185,-77.000384,Ward 6,2022-05-12
2022-05-06,38.914758,-77.068256,Ward 2,2022-05-10
2022-05-06,38.894715,-76.952862,Ward 7,2022-05-10
2022-05-06,38.907500,-77.033097,Ward 2,2022-05-12
2022-05-06,38.920650,-77.029917,Ward 1,2022-05-11
2022-05-06,38.921863,-77.032746,Ward 1,2022-05-11
2022-05-06,38.922427,-77.029705,Ward 1,2022-05-11
2022-05-06,38.901040,-76.977253,Ward 5,2022-05-16
2022-05-06,38.915125,-77.093243,Ward 3,2022-05-09
2022-05-06,38.913671,-77.015192,Ward 5,2022-05-12
2022-05-06,38.871237,-76.973427,Ward 8,2022-05-12
2022-05-06,38.901525,-76.994381,Ward 6,2022-05-09
2022-05-06,38.854964,-76.980400,Ward 8,2022-05-11
2022-05-06,38.900430,-76.995840,Ward 6,2022-05-09
2022-05-07,38.910973,-77.012363,Ward 5,2022-05-10
2022-05-07,38.922676,-77.029954,Ward 1,2022-05-11
2022-05-07,38.936037,-77.033756,Ward 1,2022-05-11
2022-05-07,38.905441,-77.026187,Ward 2,2022-05-12
2022-05-07,38.915754,-77.005315,Ward 5,2022-05-12
2022-05-07,38.824960,-77.008269,Ward 8,2022-05-10
2022-05-07,38.961486,-76.999572,Ward 4,2022-05-12
2022-05-07,38.904021,-76.984478,Ward 5,2022-05-17
2022-05-07,38.904162,-76.931378,Ward 7,2022-05-10
2022-05-07,38.924760,-77.024449,Ward 1,2022-05-12
2022-05-07,38.926268,-77.025584,Ward 1,2022-05-11
2022-05-07,38.889026,-76.934133,Ward 7,2022-06-01
2022-05-07,38.903742,-76.986527,Ward 5,2022-05-17
2022-05-08,38.872469,-76.978788,Ward 8,2022-05-11
2022-05-08,38.926612,-77.034284,Ward 1,2022-05-10
2022-05-08,38.826995,-76.996936,Ward 8,2022-05-11
2022-05-08,38.936244,-77.023949,Ward 1,2022-05-11
2022-05-08,38.928870,-77.021364,Ward 1,2022-05-11
2022-05-08,38.903642,-76.925620,Ward 7,2022-05-10
2022-05-08,38.921691,-77.003747,Ward 5,2022-05-12
2022-05-08,38.977494,-77.023691,Ward 4,2022-05-10
2022-05-08,38.903296,-76.992433,Ward 6,2022-05-11
2022-05-08,38.907235,-77.012170,Ward 5,2022-05-12
2022-05-08,38.909859,-77.009923,Ward 5,2022-05-12
2022-05-08,38.926945,-77.022694,Ward 1,2022-05-10
2022-05-08,38.887111,-76.981033,Ward 6,2022-05-09
2022-05-08,38.924259,-77.030065,Ward 1,2022-05-11
2022-05-08,38.943386,-77.006239,Ward 5,2022-05-16
2022-05-09,38.938724,-77.068883,Ward 3,2022-05-09
2022-05-09,38.939498,-77.015854,Ward 4,2022-05-10
2022-05-09,38.895438,-76.988310,Ward 6,2022-05-12
2022-05-09,38.910689,-77.027304,Ward 2,2022-05-16
2022-05-09,38.914647,-77.011166,Ward 5,2022-05-10
2022-05-09,38.899069,-76.979668,Ward 6,2022-05-12
2022-05-09,38.900430,-76.995840,Ward 6,2022-05-09
2022-05-09,38.941031,-76.996762,Ward 5,2022-05-12
2022-05-09,38.921691,-77.003747,Ward 5,2022-05-12
2022-05-09,38.910471,-77.014866,Ward 5,2022-05-12
2022-05-09,38.896113,-76.978989,Ward 7,2022-05-12
2022-05-09,38.897355,-76.976190,Ward 7,2022-05-13
2022-05-09,38.931797,-77.023873,Ward 1,2022-05-10
2022-05-09,38.895275,-76.977487,Ward 6,2022-05-12
2022-05-09,38.919582,-77.033332,Ward 1,2022-05-12
2022-05-09,38.904021,-76.984478,Ward 5,2022-05-17
2022-05-09,38.910240,-76.987604,Ward 5,2022-05-10
2022-05-09,38.896948,-76.980818,Ward 6,2022-05-10
2022-05-09,38.930171,-77.024218,Ward 1,2022-05-11
2022-05-09,38.908402,-77.046173,Ward 2,2022-05-12
2022-05-09,38.869297,-76.981021,Ward 8,2022-05-10
2022-05-09,38.897492,-76.992378,Ward 6,2022-05-09
2022-05-09,38.907761,-77.010646,Ward 5,2022-05-12
2022-05-09,38.912918,-77.001410,Ward 5,2022-05-10
2022-05-09,38.889393,-76.983887,Ward 6,2022-05-16
2022-05-09,38.831836,-77.009348,Ward 8,2022-05-13
2022-05-09,38.905303,-76.938423,Ward 7,2022-05-11
2022-05-09,38.905879,-77.008061,Ward 6,2022-05-10
2022-05-09,38.926493,-77.025620,Ward 1,2022-05-10
2022-05-09,38.889772,-76.937543,Ward 7,2022-05-11
2022-05-09,38.971114,-77.033417,Ward 4,2022-05-10
2022-05-09,38.888526,-76.936632,Ward 7,2022-05-26
2022-05-09,38.908212,-77.083993,Ward 3,2022-05-10
2022-05-09,38.926493,-77.025620,Ward 1,2022-05-10
2022-05-09,38.880802,-76.926615,Ward 7,2022-05-27
2022-05-09,38.915525,-77.067803,Ward 2,2022-05-16
2022-05-09,38.913044,-77.008084,Ward 5,2022-05-17
2022-05-09,38.895647,-76.980986,Ward 6,2022-05-10
2022-05-09,38.895931,-76.980990,Ward 6,2022-05-10
2022-05-09,38.926000,-77.025543,Ward 1,2022-05-11
2022-05-10,38.920666,-77.040042,Ward 1,2022-05-11
2022-05-10,38.943393,-77.016609,Ward 4,2022-05-11
2022-05-10,38.912437,-77.010641,Ward 5,2022-05-12
2022-05-10,38.912991,-77.013691,Ward 5,2022-05-12
2022-05-10,38.912041,-77.008011,Ward 5,2022-05-12
2022-05-10,38.907051,-77.028493,Ward 2,2022-05-16
2022-05-10,38.936825,-77.059243,Ward 3,2022-05-13
2022-05-10,38.896755,-76.984794,Ward 6,2022-05-10
2022-05-10,38.906081,-76.987052,Ward 5,2022-05-11
2022-05-10,38.909486,-77.009450,Ward 5,2022-05-16
2022-05-10,38.902013,-77.008454,Ward 6,2022-05-11
2022-05-10,38.932558,-76.981396,Ward 5,2022-05-12
2022-05-10,38.907243,-76.987313,Ward 5,2022-05-12
2022-05-10,38.906853,-76.987055,Ward 5,2022-05-12
2022-05-10,38.905957,-76.986266,Ward 5,2022-05-12
2022-05-10,38.908272,-76.985665,Ward 5,2022-05-12
2022-05-10,38.906114,-76.980547,Ward 5,2022-05-12
2022-05-10,38.901040,-76.977315,Ward 5,2022-05-16
2022-05-10,38.901701,-76.976858,Ward 5,2022-05-12
2022-05-10,38.901589,-76.976634,Ward 5,2022-05-12
2022-05-10,38.926290,-77.006883,Ward 5,2022-05-12
2022-05-10,38.909170,-76.986912,Ward 5,2022-05-13
2022-05-10,38.945364,-77.084891,Ward 3,2022-05-12
2022-05-10,38.945004,-77.085312,Ward 3,2022-05-12
2022-05-10,38.947687,-77.085959,Ward 3,2022-05-12
2022-05-10,38.953609,-77.016192,Ward 4,2022-05-17
2022-05-10,38.951212,-77.084718,Ward 3,2022-05-12
2022-05-10,38.950147,-77.085933,Ward 3,2022-05-12
2022-05-10,38.895638,-76.982431,Ward 6,2022-05-16
2022-05-10,38.904844,-77.013190,Ward 6,2022-05-24
2022-05-10,38.949389,-77.080071,Ward 3,2022-05-12
2022-05-10,38.895414,-76.913950,Ward 7,2022-05-13
2022-05-10,38.917392,-77.003699,Ward 5,2022-05-16
2022-05-10,38.931838,-77.024273,Ward 1,2022-05-12
2022-05-11,38.912581,-76.983907,Ward 5,2022-05-12
2022-05-11,38.825377,-77.008429,Ward 8,2022-05-13
2022-05-11,38.850073,-76.965725,Ward 8,2022-05-13
2022-05-11,38.953486,-77.023654,Ward 4,2022-05-13
2022-05-11,38.910752,-77.015975,Ward 5,2022-05-17
2022-05-11,38.922839,-76.973947,Ward 5,2022-05-11
2022-05-11,38.917093,-77.002418,Ward 5,2022-05-17
2022-05-11,38.941956,-76.988028,Ward 5,2022-05-12
2022-05-11,38.904910,-76.981929,Ward 5,2022-05-16
2022-05-11,38.905073,-77.008244,Ward 6,2022-05-19
2022-05-11,38.874670,-76.938361,Ward 7,2022-05-24
2022-05-11,38.917112,-77.067293,Ward 2,2022-05-12
2022-05-11,38.858870,-76.965583,Ward 7,2022-05-13
2022-05-11,38.946869,-77.019437,Ward 4,2022-05-17
2022-05-11,38.893137,-76.986632,Ward 6,2022-05-12
2022-05-11,38.910042,-76.934588,Ward 7,2022-05-26
2022-05-11,38.883483,-76.960204,Ward 7,2022-05-13
2022-05-11,38.903123,-76.990557,Ward 5,2022-05-16
2022-05-11,38.966352,-77.032569,Ward 4,2022-05-12
2022-05-11,38.909818,-77.020807,Ward 6,2022-05-23
2022-05-11,38.910915,-77.065975,Ward 2,2022-05-16
2022-05-11,38.894552,-76.986604,Ward 6,2022-05-16
2022-05-11,38.876286,-76.933228,Ward 7,2022-05-24
2022-05-11,38.918998,-77.010383,Ward 5,2022-05-16
2022-05-11,38.905833,-76.975410,Ward 5,2022-05-16
2022-05-11,38.950069,-77.027472,Ward 4,2022-05-17
2022-05-11,38.951252,-77.085428,Ward 3,2022-05-16
2022-05-11,38.925561,-77.040910,Ward 1,2022-05-17
2022-05-11,38.853208,-76.964889,Ward 8,2022-05-17
2022-05-11,38.836005,-77.002596,Ward 8,2022-05-13
2022-05-11,38.914667,-77.017305,Ward 1,2022-05-16
2022-05-11,38.905823,-76.944337,Ward 7,2022-05-26
2022-05-11,38.957597,-77.024283,Ward 4,2022-05-17
2022-05-11,38.894783,-76.987204,Ward 6,2022-05-16
2022-05-11,38.910937,-77.015746,Ward 5,2022-05-16
2022-05-11,38.909847,-77.011976,Ward 5,2022-05-16
2022-05-11,38.910926,-77.010397,Ward 5,2022-05-16
2022-05-11,38.922581,-76.992786,Ward 5,2022-05-16
2022-05-11,38.923156,-76.972342,Ward 5,2022-05-16
2022-05-11,38.924114,-76.954435,Ward 5,2022-05-16
2022-05-11,38.933039,-76.964803,Ward 5,2022-05-17
2022-05-11,38.916993,-76.978404,Ward 5,2022-05-16
2022-05-11,38.957464,-77.010937,Ward 4,2022-05-13
2022-05-11,38.833449,-76.988401,Ward 8,2022-05-17
2022-05-11,38.834118,-76.988942,Ward 8,2022-05-13
2022-05-11,38.845311,-77.003107,Ward 8,2022-05-17
2022-05-11,38.832684,-76.988975,Ward 8,2022-05-17
2022-05-11,38.825385,-77.008916,Ward 8,2022-05-13
2022-05-11,38.941727,-77.024537,Ward 4,2022-05-13
2022-05-11,38.942135,-77.024155,Ward 4,2022-05-13
2022-05-11,38.912042,-77.008497,Ward 5,2022-05-16
2022-05-11,38.880020,-76.962684,Ward 7,2022-05-24
2022-05-12,38.923040,-76.950366,Ward 5,2022-05-16
2022-05-12,38.912054,-77.020722,Ward 2,2022-05-23
2022-05-12,38.925699,-76.985799,Ward 5,2022-05-16
2022-05-12,38.855404,-76.980529,Ward 8,2022-05-13
2022-05-12,38.908110,-77.066290,Ward 2,2022-05-23
2022-05-12,38.912401,-77.009819,Ward 5,2022-05-18
2022-05-12,38.889026,-76.934133,Ward 7,2022-06-01
2022-05-12,38.915466,-76.992389,Ward 5,2022-05-18
2022-05-12,38.907442,-77.047665,Ward 2,2022-05-19
2022-05-12,38.875156,-76.966822,Ward 7,2022-05-27
2022-05-12,38.897134,-77.003087,Ward 6,2022-05-17
2022-05-12,38.906082,-77.006299,Ward 6,2022-05-17
2022-05-12,38.918546,-77.043174,Ward 1,2022-05-18
2022-05-12,38.909832,-77.026551,Ward 6,2022-05-23
2022-05-12,38.949187,-77.026427,Ward 4,2022-06-15
2022-05-12,38.912475,-76.983752,Ward 5,2022-05-17
2022-05-12,38.902319,-76.984268,Ward 5,2022-05-16
2022-05-12,38.919089,-77.014973,Ward 1,2022-05-17
2022-05-12,38.901352,-76.983700,Ward 5,2022-05-16
2022-05-12,38.912438,-77.038840,Ward 2,2022-05-19
2022-05-12,38.882936,-77.014429,Ward 6,2022-05-13
2022-05-12,38.933015,-77.033034,Ward 1,2022-05-15
2022-05-12,38.914910,-77.029337,Ward 1,2022-05-17
2022-05-12,38.904497,-76.995948,Ward 6,2022-05-18
2022-05-12,38.914008,-77.065665,Ward 2,2022-05-19
2022-05-12,38.891443,-76.977011,Ward 7,2022-05-17
2022-05-12,38.912812,-77.015392,Ward 5,2022-05-18
2022-05-12,38.903566,-76.995230,Ward 6,2022-05-17
2022-05-12,38.909868,-77.021195,Ward 2,2022-05-19
2022-05-12,38.941974,-77.004622,Ward 5,2022-05-23
2022-05-13,38.915724,-77.021299,Ward 1,2022-05-16
2022-05-13,38.919363,-77.013069,Ward 5,2022-05-16
2022-05-13,38.919356,-77.013127,Ward 5,2022-05-18
2022-05-13,38.922861,-76.974409,Ward 5,2022-05-18
2022-05-13,38.927032,-77.025507,Ward 1,2022-05-17
2022-05-13,38.962511,-77.018868,Ward 4,2022-06-09
2022-05-13,38.934205,-77.029981,Ward 1,2022-05-18
2022-05-13,38.933172,-77.030866,Ward 1,2022-05-17
2022-05-13,38.888952,-76.982001,Ward 6,2022-05-18
2022-05-13,38.962535,-77.001798,Ward 4,2022-05-16
2022-05-13,38.834314,-77.006856,Ward 8,2022-05-26
2022-05-13,38.965979,-77.028288,Ward 4,2022-05-16
2022-05-13,38.905317,-76.999738,Ward 6,2022-05-18
2022-05-13,38.888181,-76.987118,Ward 6,2022-05-18
2022-05-13,38.927743,-76.973468,Ward 5,2022-05-18
2022-05-13,38.912773,-76.986601,Ward 5,2022-05-23
2022-05-13,38.929714,-77.018585,Ward 1,2022-05-18
2022-05-13,38.933715,-77.023392,Ward 1,2022-05-18
2022-05-13,38.942702,-77.013546,Ward 4,2022-06-09
2022-05-13,38.935838,-77.081871,Ward 3,2022-05-18
2022-05-13,38.873189,-76.975747,Ward 8,2022-05-26
2022-05-13,38.922202,-76.967820,Ward 5,2022-05-16
2022-05-13,38.912807,-77.026202,Ward 6,2022-05-23
2022-05-13,38.915385,-77.024884,Ward 1,2022-05-16
2022-05-13,38.915367,-77.025016,Ward 1,2022-05-17
2022-05-13,38.903869,-76.995947,Ward 6,2022-05-18
2022-05-13,38.891443,-76.977011,Ward 7,2022-05-17
2022-05-14,38.841470,-77.001525,Ward 8,2022-05-17
2022-05-14,38.946742,-77.025545,Ward 4,2022-06-15
2022-05-14,38.902815,-77.056331,Ward 2,2022-05-19
2022-05-14,38.903905,-77.000318,Ward 6,2022-05-18
2022-05-14,38.934452,-77.027435,Ward 1,2022-05-16
2022-05-14,38.931261,-77.033425,Ward 1,2022-05-17
2022-05-14,38.896630,-76.976723,Ward 7,2022-05-26
2022-05-14,38.898722,-76.986097,Ward 6,2022-05-17
2022-05-14,38.909847,-77.011976,Ward 5,2022-05-16
2022-05-14,38.933944,-77.021838,Ward 1,2022-05-18
2022-05-14,38.924525,-77.029997,Ward 1,2022-05-18
2022-05-14,38.924525,-77.030186,Ward 1,2022-05-18
2022-05-14,38.935201,-77.022722,Ward 1,2022-05-17
2022-05-14,38.924283,-77.029392,Ward 1,2022-05-17
2022-05-15,38.924259,-77.030065,Ward 1,2022-05-18
2022-05-15,38.952571,-77.010997,Ward 4,2022-05-16
2022-05-15,38.923981,-77.026556,Ward 1,2022-05-18
2022-05-15,38.957657,-77.022619,Ward 4,2022-06-09
2022-05-15,38.955667,-77.025480,Ward 4,2022-06-09
2022-05-15,38.965613,-77.027915,Ward 4,2022-05-16
2022-05-15,38.937429,-77.027017,Ward 4,2022-06-09
2022-05-15,38.943820,-77.026773,Ward 4,2022-05-16
2022-05-15,38.942951,-77.018294,Ward 4,2022-05-16
2022-05-15,38.885568,-76.981630,Ward 6,2022-05-18
2022-05-15,38.860635,-76.988826,Ward 8,2022-05-26
2022-05-15,38.885875,-77.004860,Ward 6,2022-05-19
2022-05-15,38.868650,-76.986597,Ward 8,2022-05-26
2022-05-15,38.903558,-76.993422,Ward 6,2022-05-18
2022-05-15,38.899192,-76.986513,Ward 6,2022-05-18
2022-05-15,38.900652,-76.999238,Ward 6,2022-05-18
2022-05-15,38.887370,-77.002764,Ward 6,2022-05-18
2022-05-16,38.922787,-76.973935,Ward 5,2022-05-16
2022-05-16,38.951849,-77.023183,Ward 4,2022-05-16
2022-05-16,38.841513,-76.975612,Ward 8,2022-05-26
2022-05-16,38.904330,-76.999752,Ward 6,2022-05-18
2022-05-16,38.883851,-76.931430,Ward 7,2022-05-26
2022-05-16,38.883083,-76.931278,Ward 7,2022-06-09
2022-05-16,38.912892,-76.987045,Ward 5,2022-05-17
2022-05-16,38.910923,-76.993699,Ward 5,2022-05-18
2022-05-16,38.902013,-77.008454,Ward 6,2022-05-19
2022-05-16,38.905269,-77.048812,Ward 2,2022-05-19
2022-05-16,38.895118,-76.986149,Ward 6,2022-05-23
2022-05-16,38.930394,-77.031347,Ward 1,2022-05-17
2022-05-16,38.912603,-77.012733,Ward 5,2022-05-18
2022-05-16,38.888874,-76.981563,Ward 6,2022-05-19
2022-05-16,38.877019,-76.966768,Ward 7,2022-05-24
2022-05-16,38.903905,-77.000318,Ward 6,2022-05-18
2022-05-16,38.892632,-76.953464,Ward 7,2022-05-26
2022-05-16,38.867424,-76.971997,Ward 8,2022-05-26
2022-05-16,38.834068,-76.988024,Ward 8,2022-05-26
2022-05-16,38.833594,-76.988885,Ward 8,2022-05-18
2022-05-16,38.907773,-77.088188,Ward 3,2022-05-23
2022-05-16,38.922138,-76.974731,Ward 5,2022-05-24
2022-05-16,38.824990,-77.007535,Ward 8,2022-05-26
2022-05-16,38.955350,-77.028477,Ward 4,2022-06-15
2022-05-16,38.910972,-77.029366,Ward 2,2022-05-19
2022-05-16,38.903408,-76.985847,Ward 5,2022-05-23
2022-05-16,38.903905,-77.000318,Ward 6,2022-05-18
2022-05-16,38.876218,-76.961514,Ward 7,2022-05-23
2022-05-16,38.876790,-76.967236,Ward 7,2022-05-23
2022-05-16,38.908492,-77.084358,Ward 3,2022-05-19
2022-05-16,38.908041,-77.084706,Ward 3,2022-05-19
2022-05-16,38.907874,-77.083205,Ward 3,2022-05-19
2022-05-16,38.902498,-76.986490,Ward 5,2022-05-23
2022-05-16,38.883044,-76.990907,Ward 6,2022-05-16
2022-05-16,38.883066,-76.990844,Ward 6,2022-05-23
2022-05-16,38.901552,-77.007180,Ward 6,2022-05-17
2022-05-16,38.909190,-77.024232,Ward 2,2022-05-18
2022-05-16,38.938879,-77.025949,Ward 4,2022-06-15
2022-05-16,38.917392,-77.003699,Ward 5,2022-05-17
2022-05-16,38.919653,-76.999520,Ward 5,2022-05-18
2022-05-16,38.907470,-77.009407,Ward 5,2022-05-18
2022-05-16,38.920849,-76.990858,Ward 5,2022-05-18
2022-05-16,38.872044,-76.972114,Ward 8,2022-05-26
2022-05-16,38.910565,-77.008028,Ward 5,2022-05-24
2022-05-16,38.909868,-77.021195,Ward 2,2022-05-19
2022-05-16,38.943825,-77.026293,Ward 4,2022-05-17
2022-05-16,38.944539,-77.027580,Ward 4,2022-05-17
2022-05-16,38.912955,-77.020934,Ward 6,2022-05-19
2022-05-16,38.903579,-77.000306,Ward 6,2022-05-19
2022-05-16,38.943325,-77.018319,Ward 4,2022-05-17
2022-05-17,38.877090,-76.992404,Ward 6,2022-05-17
2022-05-17,38.897066,-76.961824,Ward 7,2022-05-17
2022-05-17,38.906190,-77.013091,Ward 5,2022-05-27
2022-05-17,38.906384,-77.025227,Ward 2,2022-05-18
2022-05-17,38.906501,-77.024223,Ward 2,2022-05-18
2022-05-17,38.908898,-77.013226,Ward 5,2022-05-23
2022-05-17,38.896299,-76.986631,Ward 6,2022-05-17
2022-05-17,38.930098,-77.018381,Ward 1,2022-05-17
2022-05-17,38.876434,-76.940723,Ward 7,2022-05-24
2022-05-17,38.931261,-77.033425,Ward 1,2022-05-17
2022-05-17,38.903882,-77.000825,Ward 6,2022-05-19
2022-05-17,38.900405,-77.011502,Ward 6,2022-05-24
2022-05-17,38.889177,-76.936676,Ward 7,2022-05-27
2022-05-17,38.904031,-76.983164,Ward 5,2022-05-23
2022-05-17,38.950754,-76.995166,Ward 5,2022-05-19
2022-05-17,38.904051,-76.930908,Ward 7,2022-05-26
2022-05-17,38.897534,-76.984470,Ward 6,2022-05-23
2022-05-17,38.929247,-77.018189,Ward 1,2022-05-19
2022-05-17,38.928873,-77.018527,Ward 1,2022-05-19
2022-05-17,38.930751,-77.058247,Ward 3,2022-05-19
2022-05-17,38.916997,-77.003509,Ward 5,2022-05-23
2022-05-17,38.883825,-76.960808,Ward 7,2022-05-23
2022-05-17,38.930768,-77.041571,Ward 1,2022-05-23
2022-05-17,38.931277,-77.041764,Ward 1,2022-05-23
2022-05-17,38.889173,-76.985258,Ward 6,2022-05-23
2022-05-17,38.924745,-76.975960,Ward 5,2022-05-20
2022-05-17,38.886199,-76.988500,Ward 6,2022-05-19
2022-05-17,38.896538,-76.957495,Ward 7,2022-05-26
2022-05-17,38.915877,-76.999868,Ward 5,2022-05-20
2022-05-17,38.926327,-76.997720,Ward 5,2022-06-03
2022-05-17,38.916765,-77.001756,Ward 5,2022-05-20
2022-05-17,38.910168,-76.987663,Ward 5,2022-05-23
2022-05-17,38.913513,-77.014819,Ward 5,2022-05-23
2022-05-17,38.913513,-77.014819,Ward 5,2022-05-23
2022-05-17,38.913232,-77.014366,Ward 5,2022-05-23
2022-05-17,38.915341,-77.002264,Ward 5,2022-05-20
2022-05-17,38.905227,-76.999757,Ward 6,2022-05-19
2022-05-17,38.834068,-76.988024,Ward 8,2022-05-26
2022-05-17,38.834124,-76.987358,Ward 8,2022-05-26
2022-05-17,38.861396,-76.993251,Ward 8,2022-05-26
2022-05-17,38.834771,-76.987721,Ward 8,2022-05-26
2022-05-17,38.871868,-76.977141,Ward 8,2022-05-26
2022-05-17,38.871868,-76.977141,Ward 8,2022-05-26
2022-05-17,38.953486,-77.023654,Ward 4,2022-06-16
2022-05-18,38.927823,-77.021478,Ward 1,2022-05-23
2022-05-18,38.949211,-77.019546,Ward 4,2022-06-15
2022-05-18,38.926255,-77.026774,Ward 1,2022-05-19
2022-05-18,38.911439,-77.019130,Ward 2,2022-05-18
2022-05-18,38.905483,-77.020107,Ward 6,2022-05-26
2022-05-18,38.931125,-77.020282,Ward 1,2022-05-23
2022-05-18,38.841893,-77.001616,Ward 8,2022-05-19
2022-05-18,38.913805,-77.016860,Ward 5,2022-05-23
2022-05-18,38.880870,-76.945772,Ward 7,2022-05-24
2022-05-18,38.907719,-77.029879,Ward 2,2022-05-20
2022-05-18,38.936817,-77.027391,Ward 4,2022-06-15
2022-05-18,38.957358,-77.018583,Ward 4,2022-06-15
2022-05-18,38.957711,-77.018670,Ward 4,2022-06-15
2022-05-18,38.891648,-76.999262,Ward 6,2022-05-25
2022-05-18,38.906995,-77.007694,Ward 6,2022-05-25
2022-05-18,38.892924,-76.917136,Ward 7,2022-05-26
2022-05-18,38.918974,-77.001140,Ward 5,2022-06-03
2022-05-18,38.935628,-77.028279,Ward 1,2022-05-23
2022-05-18,38.912923,-77.033093,Ward 2,2022-05-23
2022-05-18,38.910980,-77.014853,Ward 5,2022-05-31
2022-05-18,38.903348,-76.929234,Ward 7,2022-05-26
2022-05-18,38.824189,-77.010006,Ward 8,2022-05-19
2022-05-18,38.946875,-77.006724,Ward 5,2022-06-02
2022-05-18,38.847163,-76.982514,Ward 8,2022-05-26
2022-05-18,38.927617,-76.981001,Ward 5,2022-06-03
2022-05-18,38.879399,-76.933506,Ward 7,2022-05-27
2022-05-18,38.896285,-76.921594,Ward 7,2022-05-26
2022-05-18,38.937680,-77.034860,Ward 4,2022-06-16
2022-05-18,38.943813,-77.034005,Ward 4,2022-06-16
2022-05-18,38.924259,-77.030065,Ward 1,2022-05-20
2022-05-18,38.961090,-77.008116,Ward 4,2022-06-09
2022-05-18,38.894158,-77.002607,Ward 6,2022-05-24
2022-05-18,38.928752,-77.024999,Ward 1,2022-05-20
2022-05-18,38.895552,-76.984743,Ward 6,2022-05-25
2022-05-18,38.926596,-76.995236,Ward 5,2022-06-03
2022-05-18,38.940915,-76.972771,Ward 5,2022-06-15
2022-05-18,38.863833,-76.983033,Ward 8,2022-05-23
2022-05-18,38.918696,-77.037357,Ward 1,2022-05-23
2022-05-19,38.939982,-77.022791,Ward 4,2022-08-26
2022-05-19,38.976320,-77.019651,Ward 4,2022-06-09
2022-05-19,38.967535,-77.027477,Ward 4,2022-05-20
2022-05-19,38.924707,-77.035160,Ward 1,2022-05-23
2022-05-19,38.893757,-76.990739,Ward 6,2022-05-24
2022-05-19,38.903905,-77.000318,Ward 6,2022-05-25
2022-05-19,38.956277,-77.013645,Ward 4,2022-06-09
2022-05-19,38.929033,-76.976222,Ward 5,2022-06-03
2022-05-19,38.923643,-76.975306,Ward 5,2022-06-03
2022-05-19,38.861373,-76.984667,Ward 8,2022-05-26
2022-05-19,38.969035,-77.034160,Ward 4,2022-06-09
2022-05-19,38.932497,-77.018952,Ward 1,2022-05-20
2022-05-19,38.908350,-77.030067,Ward 2,2022-05-23
2022-05-19,38.905488,-77.012431,Ward 6,2022-05-26
2022-05-19,38.846582,-76.983818,Ward 8,2022-05-26
2022-05-19,38.886199,-76.988500,Ward 6,2022-05-24
2022-05-19,38.930444,-77.023651,Ward 1,2022-05-23
2022-05-19,38.955321,-77.070602,Ward 3,2022-05-23
2022-05-19,38.927246,-77.056176,Ward 3,2022-05-20
2022-05-19,38.931069,-77.031646,Ward 1,2022-05-24
2022-05-19,38.935619,-77.019453,Ward 1,2022-05-23
2022-05-19,38.912330,-76.986888,Ward 5,2022-05-19
2022-05-19,38.932813,-77.019280,Ward 1,2022-05-23
2022-05-19,38.897073,-76.975803,Ward 7,2022-05-26
2022-05-19,38.927907,-76.972382,Ward 5,2022-06-13
2022-05-19,38.910082,-77.020167,Ward 6,2022-05-26
2022-05-19,38.961370,-77.026247,Ward 4,2022-06-09
2022-05-19,38.944586,-77.027623,Ward 4,2022-06-09
2022-05-19,38.933015,-77.033034,Ward 1,2022-05-24
2022-05-19,38.908855,-77.011960,Ward 5,2022-06-03
2022-05-19,38.960167,-77.014431,Ward 4,2022-06-09
2022-05-19,38.913639,-77.016383,Ward 5,2022-06-03
2022-05-19,38.930438,-77.033732,Ward 1,2022-05-23
2022-05-19,38.946919,-77.075788,Ward 3,2022-05-23
2022-05-19,38.915391,-77.030296,Ward 1,2022-05-23
2022-05-19,38.896454,-76.918683,Ward 7,2022-05-26
2022-05-19,38.956714,-77.016392,Ward 4,2022-06-09
2022-05-19,38.868407,-76.983924,Ward 8,2022-05-19
2022-05-19,38.868708,-76.984042,Ward 8,2022-05-26
2022-05-19,38.895297,-76.985249,Ward 6,2022-05-24
2022-05-19,38.898487,-76.995194,Ward 6,2022-05-24
2022-05-19,38.897581,-76.988505,Ward 6,2022-05-25
2022-05-19,38.931320,-77.020308,Ward 1,2022-05-23
2022-05-19,38.844515,-77.001314,Ward 8,2022-05-26
2022-05-19,38.844517,-77.001491,Ward 8,2022-05-23
2022-05-20,38.941361,-76.996933,Ward 5,2022-05-23
2022-05-20,38.916579,-77.017595,Ward 1,2022-05-24
2022-05-20,38.940098,-77.062563,Ward 3,2022-05-20
2022-05-20,38.904032,-77.039735,Ward 2,2022-05-20
2022-05-20,38.899069,-76.979668,Ward 6,2022-05-25
2022-05-20,38.959826,-77.007746,Ward 4,2022-06-09
2022-05-20,38.858144,-76.965572,Ward 7,2022-05-26
2022-05-20,38.933365,-77.025170,Ward 1,2022-05-24
2022-05-20,38.876245,-76.967821,Ward 7,2022-05-26
2022-05-20,38.870478,-76.979254,Ward 8,2022-05-26
2022-05-20,38.915395,-77.068627,Ward 2,2022-05-25
2022-05-20,38.908272,-77.030102,Ward 2,2022-05-26
2022-05-20,38.873201,-76.958452,Ward 7,2022-06-14
2022-05-20,38.892212,-76.980102,Ward 6,2022-05-24
2022-05-20,38.913026,-77.027339,Ward 2,2022-05-26
2022-05-20,38.951001,-77.028498,Ward 4,2022-06-09
2022-05-20,38.929172,-77.023900,Ward 1,2022-05-25
2022-05-20,38.868688,-76.982487,Ward 8,2022-05-26
2022-05-20,38.950359,-77.025706,Ward 4,2022-06-13
2022-05-20,38.831313,-77.004985,Ward 8,2022-05-24
2022-05-20,38.886662,-76.949299,Ward 7,2022-05-27
2022-05-20,38.890751,-76.983272,Ward 6,2022-05-24
2022-05-20,38.870014,-76.979254,Ward 8,2022-05-26
2022-05-20,38.849312,-76.980073,Ward 8,2022-05-24
2022-05-20,38.937608,-77.027202,Ward 4,2022-05-23
2022-05-20,38.957649,-77.023497,Ward 4,2022-06-09
2022-05-20,38.893900,-76.991778,Ward 6,2022-05-24
2022-05-20,38.943634,-77.024920,Ward 4,2022-05-23
2022-05-20,38.910329,-77.021595,Ward 6,2022-05-26
2022-05-20,38.956661,-77.019077,Ward 4,2022-05-23
2022-05-20,38.858582,-76.988792,Ward 8,2022-05-27
2022-05-20,38.903547,-76.995379,Ward 6,2022-05-24
2022-05-21,38.866033,-76.948999,Ward 7,2022-06-15
2022-05-21,38.880090,-76.942998,Ward 7,2022-06-09
2022-05-21,38.924122,-77.059257,Ward 3,2022-05-25
2022-05-21,38.917938,-77.000129,Ward 5,2022-06-03
2022-05-21,38.822885,-76.999584,Ward 8,2022-05-26
2022-05-21,38.933172,-77.020357,Ward 1,2022-05-24
2022-05-21,38.932813,-77.019280,Ward 1,2022-05-23
2022-05-21,38.822885,-76.999584,Ward 8,2022-05-26
2022-05-21,38.912424,-77.038985,Ward 2,2022-05-25
2022-05-21,38.917392,-77.003699,Ward 5,2022-06-03
2022-05-21,38.905826,-77.017795,Ward 6,2022-05-26
2022-05-21,38.924259,-77.030065,Ward 1,2022-05-26
2022-05-21,38.925009,-77.030491,Ward 1,2022-05-25
2022-05-21,38.905399,-76.974920,Ward 5,2022-06-14
2022-05-21,38.890929,-76.983649,Ward 6,2022-05-25
2022-05-21,38.890113,-76.999198,Ward 6,2022-05-25
2022-05-22,38.906190,-77.013091,Ward 5,2022-06-02
2022-05-22,38.919386,-77.071110,Ward 3,2022-05-25
2022-05-22,38.929714,-77.018585,Ward 1,2022-05-25
2022-05-22,38.892010,-76.980762,Ward 7,2022-05-24
2022-05-22,38.908743,-77.046091,Ward 2,2022-05-26
2022-05-22,38.893140,-76.982808,Ward 6,2022-05-24
2022-05-22,38.957840,-77.014428,Ward 4,2022-06-09
2022-05-22,38.986721,-77.034886,Ward 4,2022-05-24
2022-05-22,38.925613,-77.026555,Ward 1,2022-05-24
2022-05-22,38.890787,-76.983415,Ward 6,2022-05-25
2022-05-22,38.941713,-77.014070,Ward 4,2022-06-09
2022-05-22,38.923025,-77.037991,Ward 1,2022-05-25
2022-05-22,38.895158,-76.992406,Ward 6,2022-05-25
2022-05-23,38.878214,-76.984723,Ward 6,2022-05-23
2022-05-23,38.942651,-76.989525,Ward 5,2022-06-03
2022-05-23,38.912781,-76.974388,Ward 5,2022-06-14
2022-05-23,38.904891,-76.981882,Ward 5,2022-06-24
2022-05-23,38.956999,-77.016623,Ward 4,2022-06-09
2022-05-23,38.907129,-76.935637,Ward 7,2022-05-26
2022-05-23,38.891139,-76.982038,Ward 6,2022-06-02
2022-05-23,38.897107,-76.985294,Ward 6,2022-05-24
2022-05-23,38.906368,-77.024826,Ward 2,2022-05-25
2022-05-23,38.930592,-77.031135,Ward 1,2022-05-24
2022-05-23,38.902183,-77.005586,Ward 6,2022-05-25
2022-05-23,38.849688,-76.978693,Ward 8,2022-05-27
2022-05-23,38.858291,-76.965064,Ward 7,2022-05-24
2022-05-23,38.878767,-76.930193,Ward 7,2022-06-09
2022-05-23,38.986721,-77.034886,Ward 4,2022-05-24
2022-05-23,38.905311,-77.027834,Ward 2,2022-05-26
2022-05-23,38.957240,-76.999320,Ward 4,2022-06-15
2022-05-23,38.937429,-77.027017,Ward 4,2022-06-09
2022-05-23,38.875096,-76.966103,Ward 7,2022-05-27
2022-05-23,38.901827,-77.051652,Ward 2,2022-05-27
2022-05-23,38.897581,-76.988505,Ward 6,2022-05-25
2022-05-23,38.948840,-77.019530,Ward 4,2022-06-09
2022-05-23,38.955321,-77.070602,Ward 3,2022-05-26
2022-05-23,38.896538,-76.957495,Ward 7,2022-05-26
2022-05-23,38.857997,-76.986352,Ward 8,2022-05-26
2022-05-23,38.910078,-76.985291,Ward 5,2022-06-09
2022-05-23,38.922174,-77.011557,Ward 5,2022-06-03
2022-05-23,38.919025,-76.960504,Ward 5,2022-06-15
2022-05-23,38.900600,-76.992874,Ward 6,2022-05-25
2022-05-23,38.969457,-77.014898,Ward 4,2022-06-09
2022-05-23,38.909986,-76.985389,Ward 5,2022-06-09
2022-05-23,38.903026,-76.982548,Ward 5,2022-06-23
2022-05-23,38.905419,-77.028756,Ward 2,2022-05-27
2022-05-23,38.897690,-76.937509,Ward 7,2022-05-26
2022-05-23,38.894955,-76.985252,Ward 6,2022-05-24
2022-05-23,38.935192,-77.022792,Ward 1,2022-05-27
2022-05-23,38.953321,-77.029423,Ward 4,2022-06-09
2022-05-23,38.915391,-77.030296,Ward 1,2022-05-25
2022-05-23,38.904910,-76.981929,Ward 5,2022-05-27
2022-05-23,38.915412,-77.020389,Ward 6,2022-06-02
2022-05-23,38.918521,-77.026214,Ward 1,2022-05-25
2022-05-23,38.943078,-77.026060,Ward 4,2022-06-15
2022-05-23,38.889489,-76.928650,Ward 7,2022-06-01
2022-05-24,38.955682,-77.010746,Ward 4,2022-06-09
2022-05-24,38.902195,-76.930698,Ward 7,2022-05-26
2022-05-24,38.941727,-77.024537,Ward 4,2022-05-24
2022-05-24,38.925747,-77.028375,Ward 1,2022-05-25
2022-05-24,38.930442,-77.028871,Ward 1,2022-05-26
2022-05-24,38.931855,-77.022951,Ward 1,2022-05-26
2022-05-24,38.929600,-77.027445,Ward 1,2022-05-27
2022-05-24,38.905483,-77.020107,Ward 6,2022-06-02
2022-05-24,38.904791,-77.019149,Ward 6,2022-06-02
2022-05-24,38.874126,-76.972746,Ward 7,2022-06-15
2022-05-24,38.956389,-77.015880,Ward 4,2022-05-26
2022-05-24,38.956341,-77.016552,Ward 4,2022-06-09
2022-05-24,38.955022,-77.023743,Ward 4,2022-05-25
2022-05-24,38.954928,-77.024318,Ward 4,2022-06-09
2022-05-24,38.950041,-77.023028,Ward 4,2022-05-25
2022-05-24,38.866171,-76.980482,Ward 8,2022-06-02
2022-05-24,38.878989,-76.930857,Ward 7,2022-06-01
2022-05-24,38.919318,-77.024013,Ward 1,2022-05-27
2022-05-24,38.959597,-77.000853,Ward 4,2022-06-15
2022-05-24,38.929145,-77.037183,Ward 1,2022-05-26
2022-05-24,38.890092,-76.982741,Ward 6,2022-06-02
2022-05-24,38.944786,-77.091614,Ward 3,2022-05-26
2022-05-24,38.915745,-77.007327,Ward 5,2022-06-03
2022-05-24,38.943089,-77.013786,Ward 4,2022-05-25
2022-05-24,38.943089,-77.013786,Ward 4,2022-05-25
2022-05-24,38.910665,-77.059137,Ward 2,2022-05-26
2022-05-24,38.906402,-77.026774,Ward 2,2022-05-27
2022-05-24,38.907367,-77.065407,Ward 2,2022-06-06
2022-05-24,38.833043,-77.005886,Ward 8,2022-05-26
2022-05-24,38.902261,-77.002407,Ward 6,2022-06-02
2022-05-24,38.922063,-77.039273,Ward 1,2022-05-25
2022-05-24,38.921926,-77.039974,Ward 1,2022-05-25
2022-05-24,38.953822,-77.016203,Ward 4,2022-06-09
2022-05-25,38.953415,-77.016494,Ward 4,2022-06-09
2022-05-25,38.899238,-76.998241,Ward 6,2022-06-02
2022-05-25,38.854469,-76.966496,Ward 8,2022-05-27
2022-05-25,38.820780,-77.010722,Ward 8,2022-05-26
2022-05-25,38.822885,-76.999584,Ward 8,2022-05-26
2022-05-25,38.845253,-76.996207,Ward 8,2022-05-26
2022-05-25,38.824612,-77.008550,Ward 8,2022-05-26
2022-05-25,38.927425,-77.022733,Ward 1,2022-05-27
2022-05-25,38.831995,-77.008576,Ward 8,2022-05-27
2022-05-25,38.846539,-76.974114,Ward 8,2022-06-02
2022-05-25,38.850030,-76.972684,Ward 8,2022-05-27
2022-05-25,38.940487,-77.026617,Ward 4,2022-06-09
2022-05-25,38.908809,-76.984951,Ward 5,2022-05-27
2022-05-25,38.904612,-77.020138,Ward 2,2022-06-02
2022-05-25,38.941840,-77.021388,Ward 4,2022-05-26
2022-05-25,38.952692,-77.027226,Ward 4,2022-06-09
2022-05-25,38.881452,-76.995640,Ward 6,2022-06-06
2022-05-25,38.915771,-77.023309,Ward 1,2022-06-02
2022-05-25,38.901552,-77.007180,Ward 6,2022-06-02
2022-05-25,38.932980,-77.031640,Ward 1,2022-06-06
2022-05-25,38.909256,-76.984960,Ward 5,2022-05-27
2022-05-25,38.907526,-76.983903,Ward 5,2022-06-09
2022-05-25,38.880064,-76.964286,Ward 7,2022-06-22
2022-05-25,38.926124,-77.034828,Ward 1,2022-05-31
2022-05-25,38.909839,-77.026620,Ward 6,2022-06-02
2022-05-25,38.914758,-77.068256,Ward 2,2022-06-01
2022-05-25,38.955894,-77.022054,Ward 4,2022-05-26
2022-05-25,38.854525,-76.982559,Ward 8,2022-06-09
2022-05-25,38.869000,-76.986049,Ward 8,2022-06-02
2022-05-25,38.863958,-76.980737,Ward 8,2022-06-02
2022-05-25,38.884414,-76.999315,Ward 6,2022-06-02
2022-05-25,38.873599,-76.975282,Ward 8,2022-05-27
2022-05-25,38.923159,-77.038996,Ward 1,2022-05-27
2022-05-25,38.929114,-77.018264,Ward 1,2022-06-02
2022-05-25,38.949024,-77.089311,Ward 3,2022-05-25
2022-05-25,38.896004,-76.920269,Ward 7,2022-06-09
2022-05-25,38.910421,-77.026207,Ward 6,2022-06-02
2022-05-25,38.912781,-77.016835,Ward 5,2022-06-06
2022-05-25,38.912161,-77.027802,Ward 2,2022-06-06
2022-05-26,38.928957,-77.024728,Ward 1,2022-05-27
2022-05-26,38.909122,-77.014893,Ward 5,2022-05-31
2022-05-26,38.939943,-77.026395,Ward 4,2022-06-09
2022-05-26,38.856047,-76.980051,Ward 8,2022-06-02
2022-05-26,38.939697,-77.019311,Ward 4,2022-05-27
2022-05-26,38.911681,-77.017389,Ward 6,2022-06-02
2022-05-26,38.903112,-76.990154,Ward 5,2022-06-14
2022-05-26,38.909822,-77.007656,Ward 5,2022-06-06
2022-05-26,38.905425,-77.026390,Ward 2,2022-06-02
2022-05-26,38.863278,-76.993837,Ward 8,2022-05-31
2022-05-26,38.844677,-76.999873,Ward 8,2022-06-09
2022-05-26,38.844515,-77.001904,Ward 8,2022-05-31
2022-05-26,38.863459,-76.982449,Ward 8,2022-06-02
2022-05-26,38.915407,-77.031367,Ward 1,2022-06-02
2022-05-26,38.935416,-77.039730,Ward 1,2022-05-27
2022-05-26,38.927246,-77.056176,Ward 3,2022-05-27
2022-05-26,38.860473,-76.964128,Ward 7,2022-06-09
2022-05-26,38.895450,-76.979687,Ward 7,2022-06-15
2022-05-26,38.930576,-77.037698,Ward 1,2022-05-27
2022-05-26,38.832277,-76.988030,Ward 8,2022-06-02
2022-05-26,38.844515,-77.001904,Ward 8,2022-05-31
2022-05-26,38.910139,-77.020201,Ward 6,2022-06-02
2022-05-26,38.946281,-77.007046,Ward 5,2022-06-02
2022-05-26,38.872038,-76.980786,Ward 8,2022-06-02
2022-05-26,38.920021,-77.003205,Ward 5,2022-06-06
2022-05-26,38.857861,-76.984587,Ward 8,2022-06-02
2022-05-26,38.933213,-77.037559,Ward 1,2022-06-03
2022-05-26,38.902749,-76.985374,Ward 5,2022-06-10
2022-05-26,38.921926,-77.039974,Ward 1,2022-05-27
2022-05-27,38.930320,-77.040252,Ward 1,2022-05-31
2022-05-27,38.898505,-76.988123,Ward 6,2022-06-06
2022-05-27,38.900387,-77.053513,Ward 2,2022-06-01
2022-05-27,38.902264,-76.995631,Ward 6,2022-05-31
2022-05-27,38.955287,-77.011332,Ward 4,2022-06-01
2022-05-27,38.901552,-77.007180,Ward 6,2022-06-02
2022-05-27,38.848019,-76.969872,Ward 8,2022-06-01
2022-05-27,38.880830,-76.998232,Ward 6,2022-06-06
2022-05-27,38.907925,-76.986305,Ward 5,2022-06-14
2022-05-27,38.964499,-77.066126,Ward 4,2022-06-02
2022-05-27,38.907376,-77.003270,Ward 6,2022-06-07
2022-05-27,38.905863,-76.934599,Ward 7,2022-06-15
2022-05-27,38.886441,-76.925546,Ward 7,2022-06-09
2022-05-27,38.871671,-76.971649,Ward 8,2022-06-02
2022-05-27,38.886261,-76.926011,Ward 7,2022-06-09
2022-05-27,38.908843,-77.082238,Ward 3,2022-06-06
2022-05-27,38.886198,-76.926029,Ward 7,2022-06-15
2022-05-27,38.916393,-77.002413,Ward 5,2022-06-06
2022-05-27,38.925977,-77.029421,Ward 1,2022-06-03
2022-05-27,38.889784,-76.947244,Ward 7,2022-06-09
2022-05-27,38.873094,-76.936881,Ward 7,2022-06-16
2022-05-27,38.946875,-77.006724,Ward 5,2022-06-06
2022-05-27,38.912395,-77.018656,Ward 6,2022-06-14
2022-05-27,38.921521,-77.044426,Ward 1,2022-05-31
2022-05-27,38.887533,-76.927559,Ward 7,2022-06-01
2022-05-27,38.889180,-76.930095,Ward 7,2022-06-01
2022-05-27,38.885875,-77.000997,Ward 6,2022-05-31
2022-05-27,38.910449,-76.985125,Ward 5,2022-06-09
2022-05-27,38.908238,-76.985578,Ward 5,2022-06-09
2022-05-27,38.912279,-77.032355,Ward 2,2022-06-06
2022-05-27,38.932458,-77.018909,Ward 1,2022-06-01
2022-05-27,38.907106,-77.010343,Ward 5,2022-06-07
2022-05-27,38.897476,-76.977834,Ward 6,2022-06-07
2022-05-27,38.888855,-76.986758,Ward 6,2022-06-06
2022-05-27,38.836577,-76.992772,Ward 8,2022-06-01
2022-05-28,38.908763,-77.027905,Ward 2,2022-06-01
2022-05-28,38.903742,-76.986527,Ward 5,2022-06-10
2022-05-28,38.911563,-77.023341,Ward 6,2022-06-14
2022-05-28,38.933964,-77.024834,Ward 1,2022-06-03
2022-05-28,38.917203,-77.039410,Ward 1,2022-05-31
2022-05-28,38.822885,-76.999584,Ward 8,2022-06-02
2022-05-28,38.876256,-76.932184,Ward 7,2022-06-15
2022-05-28,38.966683,-77.005735,Ward 4,2022-06-01
2022-05-28,38.937608,-77.027202,Ward 4,2022-06-09
2022-05-28,38.936301,-77.027189,Ward 4,2022-06-09
2022-05-28,38.912821,-77.004710,Ward 5,2022-06-06
2022-05-28,38.901807,-76.995234,Ward 6,2022-05-31
2022-05-28,38.898398,-76.978485,Ward 7,2022-06-06
2022-05-29,38.905199,-77.028300,Ward 2,2022-06-06
2022-05-29,38.911523,-77.043734,Ward 2,2022-06-01
2022-05-29,38.907385,-77.027899,Ward 2,2022-06-06
2022-05-29,38.959826,-77.007746,Ward 4,2022-06-09
2022-05-29,38.900362,-76.977325,Ward 5,2022-06-15
2022-05-29,38.900695,-76.976784,Ward 5,2022-06-15
2022-05-29,38.870199,-76.979253,Ward 8,2022-06-01
2022-05-29,38.870572,-76.979252,Ward 8,2022-06-01
2022-05-29,38.951975,-77.010507,Ward 4,2022-06-09
2022-05-29,38.930199,-77.028098,Ward 1,2022-06-03
2022-05-29,38.913884,-77.008331,Ward 5,2022-06-06
2022-05-29,38.906849,-77.013653,Ward 5,2022-06-03
2022-05-29,38.905859,-77.065904,Ward 2,2022-06-06
2022-05-29,38.892190,-76.992482,Ward 6,2022-06-06
2022-05-29,38.868947,-76.980238,Ward 8,2022-06-02
2022-05-30,38.952253,-76.990863,Ward 5,2022-06-07
2022-05-30,38.918566,-77.043786,Ward 1,2022-05-31
2022-05-30,38.903758,-76.984696,Ward 5,2022-06-10
2022-05-30,38.902195,-76.930698,Ward 7,2022-06-15
2022-05-30,38.833199,-77.005150,Ward 8,2022-06-02
2022-05-30,38.961846,-77.000595,Ward 4,2022-06-01
2022-05-30,38.930047,-77.018772,Ward 1,2022-06-03
2022-05-30,38.932458,-77.018909,Ward 1,2022-06-01
2022-05-30,38.906065,-77.065932,Ward 2,2022-06-06
2022-05-30,38.940005,-77.022004,Ward 4,2022-05-31
2022-05-30,38.902797,-76.998917,Ward 6,2022-06-06
2022-05-30,38.911469,-77.043736,Ward 2,2022-06-01
2022-05-30,38.921304,-76.987895,Ward 5,2022-06-06
2022-05-30,38.913182,-76.986519,Ward 5,2022-06-14
2022-05-30,38.913199,-76.986190,Ward 5,2022-06-15
2022-05-30,38.955572,-77.025455,Ward 4,2022-05-31
2022-05-30,38.914620,-77.014478,Ward 5,2022-05-31
2022-05-30,38.944365,-77.042094,Ward 4,2022-06-15
2022-05-30,38.920227,-77.002029,Ward 5,2022-06-06
2022-05-30,38.902264,-76.994332,Ward 6,2022-06-06
2022-05-30,38.927670,-77.026540,Ward 1,2022-05-31
2022-05-30,38.927854,-77.027033,Ward 1,2022-05-31
2022-05-30,38.935822,-76.979561,Ward 5,2022-06-06
2022-05-30,38.912812,-77.015392,Ward 5,2022-06-06
2022-05-30,38.912153,-77.023467,Ward 6,2022-06-14
2022-05-30,38.901474,-76.949898,Ward 7,2022-06-15
2022-05-30,38.925499,-77.030969,Ward 1,2022-06-08
2022-05-31,38.918681,-77.012419,Ward 5,2022-06-06
2022-05-31,38.916756,-77.012412,Ward 5,2022-06-06
2022-05-31,38.915246,-77.012627,Ward 5,2022-06-06
2022-05-31,38.915269,-77.012389,Ward 5,2022-06-06
2022-05-31,38.961120,-77.019313,Ward 4,2022-06-09
2022-05-31,38.863354,-76.982436,Ward 8,2022-06-02
2022-05-31,38.905900,-77.004966,Ward 6,2022-06-06
2022-05-31,38.858711,-76.993956,Ward 8,2022-06-07
2022-05-31,38.928626,-77.027194,Ward 1,2022-06-03
2022-05-31,38.905900,-77.004966,Ward 6,2022-06-06
2022-05-31,38.863451,-76.980857,Ward 8,2022-06-01
2022-05-31,38.936432,-77.026634,Ward 4,2022-06-06
2022-05-31,38.909986,-76.985389,Ward 5,2022-06-09
2022-05-31,38.846068,-76.997505,Ward 8,2022-06-02
2022-05-31,38.903905,-77.000318,Ward 6,2022-06-06
2022-05-31,38.906413,-76.999278,Ward 6,2022-06-06
2022-05-31,38.917392,-77.003699,Ward 5,2022-06-06
2022-05-31,38.838278,-77.006253,Ward 8,2022-06-02
2022-05-31,38.901127,-77.006849,Ward 6,2022-06-06
2022-05-31,38.957053,-77.011338,Ward 4,2022-06-02
2022-05-31,38.905753,-77.013648,Null,2022-07-08
2022-05-31,38.891839,-76.986461,Ward 6,2022-06-09
2022-05-31,38.945261,-77.026003,Ward 4,2022-06-09
2022-05-31,38.903123,-76.990557,Ward 5,2022-06-15
2022-05-31,38.912401,-77.009819,Ward 5,2022-06-06
2022-05-31,38.857048,-76.984418,Ward 8,2022-06-16
2022-05-31,38.860630,-76.989840,Ward 8,2022-06-16
2022-05-31,38.902781,-77.048997,Ward 2,2022-06-02
2022-05-31,38.912812,-77.015666,Ward 5,2022-06-06
2022-05-31,38.965192,-77.029220,Ward 4,2022-06-01
2022-05-31,38.902260,-77.010484,Ward 6,2022-06-14
2022-05-31,38.864817,-76.957865,Ward 7,2022-06-16
2022-05-31,38.937117,-77.027401,Ward 4,2022-06-09
2022-05-31,38.922946,-76.980972,Ward 5,2022-06-06
2022-05-31,38.910968,-77.015607,Ward 5,2022-06-06
2022-05-31,38.911320,-77.006721,Ward 5,2022-06-06
2022-05-31,38.927575,-77.025080,Ward 1,2022-05-31
2022-05-31,38.924233,-77.000261,Ward 5,2022-06-06
2022-05-31,38.920849,-76.990858,Ward 5,2022-06-07
2022-05-31,38.925332,-76.993551,Ward 5,2022-06-06
2022-05-31,38.920158,-76.985792,Ward 5,2022-06-06
2022-05-31,38.928916,-77.027115,Ward 1,2022-06-02
2022-05-31,38.868692,-76.963199,Ward 7,2022-06-09
2022-05-31,38.934748,-77.027819,Ward 1,2022-06-06
2022-05-31,38.926251,-77.025378,Ward 1,2022-06-03
2022-05-31,38.874553,-76.971871,Ward 7,2022-06-15
2022-05-31,38.908402,-77.046173,Ward 2,2022-06-08
2022-05-31,38.938597,-76.995252,Ward 5,2022-06-07
2022-05-31,38.917609,-77.029358,Ward 1,2022-06-03
2022-05-31,38.904491,-76.981769,Ward 5,2022-06-03
2022-05-31,38.899073,-76.995363,Ward 6,2022-06-07
2022-05-31,38.975354,-77.019663,Ward 4,2022-06-02
2022-05-31,38.918993,-77.031125,Ward 1,2022-06-03
2022-05-31,38.964990,-77.030058,Ward 4,2022-06-01
2022-05-31,38.899095,-76.970987,Ward 5,2022-06-10
2022-05-31,38.941864,-77.019825,Ward 4,2022-06-09
2022-06-01,38.868426,-76.979346,Ward 8,2022-06-09
2022-06-01,38.892879,-76.992954,Ward 6,2022-06-06
2022-06-01,38.906586,-76.986500,Ward 5,2022-06-09
2022-06-01,38.910241,-77.039421,Ward 2,2022-06-07
2022-06-01,38.901640,-76.995209,Ward 6,2022-06-09
2022-06-01,38.912424,-77.038985,Ward 2,2022-06-07
2022-06-01,38.844515,-77.001904,Ward 8,2022-06-02
2022-06-01,38.926327,-76.997720,Ward 5,2022-06-06
2022-06-01,38.926695,-76.997529,Ward 5,2022-06-01
2022-06-01,38.906765,-77.013825,Ward 6,2022-06-15
2022-06-01,38.915899,-77.020545,Ward 1,2022-06-01
2022-06-01,38.912804,-77.024728,Ward 6,2022-06-14
2022-06-01,38.905841,-76.987745,Ward 5,2022-06-09
2022-06-01,38.830299,-76.994571,Ward 8,2022-06-09
2022-06-01,38.880830,-76.998232,Ward 6,2022-06-06
2022-06-01,38.927621,-76.995196,Ward 5,2022-06-07
2022-06-01,38.903544,-76.992464,Ward 6,2022-06-06
2022-06-01,38.902963,-76.994442,Ward 6,2022-06-07
2022-06-01,38.900205,-76.996167,Ward 6,2022-06-07
2022-06-01,38.957170,-77.019710,Ward 4,2022-06-09
2022-06-01,38.912394,-77.009762,Ward 5,2022-06-07
2022-06-01,38.964256,-77.007947,Ward 4,2022-06-03
2022-06-01,38.877635,-76.962853,Ward 7,2022-06-15
2022-06-01,38.877635,-76.962853,Ward 7,2022-06-15
2022-06-01,38.886920,-76.936589,Ward 7,2022-06-21
2022-06-01,38.932664,-77.031433,Ward 1,2022-06-03
2022-06-01,38.909343,-77.032850,Ward 2,2022-06-09
2022-06-01,38.885568,-76.981630,Ward 6,2022-06-09
2022-06-01,38.832650,-76.998720,Ward 8,2022-06-09
2022-06-01,38.833987,-76.995276,Ward 8,2022-06-16
2022-06-01,38.826610,-77.000836,Ward 8,2022-06-03
2022-06-01,38.863361,-76.982946,Ward 8,2022-06-06
2022-06-01,38.873464,-76.970648,Ward 7,2022-06-07
2022-06-01,38.910451,-77.028806,Ward 2,2022-06-07
2022-06-01,38.873464,-76.970648,Ward 7,2022-06-15
2022-06-01,38.870054,-76.968050,Ward 7,2022-06-15
2022-06-01,38.882936,-77.014429,Ward 6,2022-06-08
2022-06-01,38.955287,-77.011332,Ward 4,2022-06-09
2022-06-01,38.882936,-77.014429,Ward 6,2022-06-08
2022-06-01,38.928954,-77.019273,Ward 1,2022-06-07
2022-06-01,38.858870,-76.965583,Ward 7,2022-06-15
2022-06-01,38.858385,-76.966120,Ward 7,2022-06-02
2022-06-01,38.922031,-76.992202,Ward 5,2022-06-07
2022-06-01,38.916579,-77.017595,Ward 1,2022-06-07
2022-06-01,38.923521,-77.027571,Ward 1,2022-06-07
2022-06-01,38.929523,-76.981159,Ward 5,2022-06-07
2022-06-01,38.907925,-76.986305,Ward 5,2022-06-14
2022-06-01,38.871622,-76.975765,Ward 8,2022-06-07
2022-06-01,38.907939,-76.985836,Ward 5,2022-06-09
2022-06-01,38.956176,-77.016302,Ward 4,2022-06-03
2022-06-01,38.917143,-77.011964,Ward 5,2022-06-06
2022-06-01,38.919122,-76.972409,Ward 5,2022-06-07
2022-06-01,38.820090,-77.007546,Ward 8,2022-06-03
2022-06-01,38.908144,-77.017703,Ward 6,2022-06-14
2022-06-01,38.917203,-77.039410,Ward 1,2022-06-07
2022-06-01,38.919009,-77.031192,Ward 1,2022-06-03
2022-06-01,38.880830,-76.998232,Ward 6,2022-06-06
2022-06-01,38.888159,-76.987060,Ward 6,2022-06-09
2022-06-01,38.902761,-76.994580,Ward 6,2022-06-07
2022-06-01,38.887339,-76.923575,Ward 7,2022-06-23
2022-06-01,38.823095,-76.999233,Ward 8,2022-06-09
2022-06-01,38.822885,-76.999584,Ward 8,2022-06-02
2022-06-01,38.915586,-77.018875,Ward 1,2022-06-07
2022-06-01,38.908027,-76.986747,Ward 5,2022-06-15
2022-06-02,38.920508,-77.048059,Ward 1,2022-06-07
2022-06-02,38.917372,-77.016164,Ward 1,2022-06-03
2022-06-02,38.961056,-77.004178,Ward 4,2022-06-02
2022-06-02,38.895927,-76.981349,Ward 6,2022-06-09
2022-06-02,38.915038,-77.039716,Ward 2,2022-06-10
2022-06-02,38.906108,-77.013654,Null,2022-06-15
2022-06-02,38.913819,-77.016937,Ward 5,2022-06-02
2022-06-02,38.913816,-77.016811,Ward 5,2022-06-02
2022-06-02,38.929635,-77.037394,Ward 1,2022-06-03
2022-06-02,38.927531,-76.968474,Ward 5,2022-06-14
2022-06-02,38.965192,-77.029220,Ward 4,2022-06-03
2022-06-02,38.940915,-76.972771,Ward 5,2022-06-15
2022-06-02,38.902749,-76.985374,Ward 5,2022-06-02
2022-06-02,38.944881,-77.026979,Ward 4,2022-06-09
2022-06-02,38.926763,-77.025400,Ward 1,2022-06-07
2022-06-02,38.828642,-76.995001,Ward 8,2022-06-16
2022-06-02,38.873637,-76.938108,Ward 7,2022-06-21
2022-06-02,38.876443,-76.930466,Ward 7,2022-06-28
2022-06-02,38.908220,-77.024164,Ward 2,2022-06-07
2022-06-02,38.907287,-76.984286,Ward 5,2022-06-09
2022-06-02,38.913907,-77.009600,Ward 5,2022-06-07
2022-06-02,38.909277,-76.986566,Ward 5,2022-06-10
2022-06-02,38.913558,-76.986199,Ward 5,2022-06-09
2022-06-02,38.874684,-76.971399,Ward 7,2022-06-15
2022-06-02,38.886201,-76.997344,Ward 6,2022-06-09
2022-06-02,38.905032,-76.972129,Ward 5,2022-06-14
2022-06-02,38.955440,-77.007200,Ward 4,2022-06-09
2022-06-02,38.905396,-76.971953,Ward 5,2022-06-15
2022-06-02,38.910926,-77.010330,Ward 5,2022-06-07
2022-06-02,38.925690,-76.983179,Ward 5,2022-06-03
2022-06-02,38.921113,-77.007648,Ward 5,2022-06-07
2022-06-02,38.862774,-76.989018,Ward 8,2022-06-16
2022-06-02,38.833226,-76.998314,Ward 8,2022-06-09
2022-06-02,38.833210,-76.997502,Ward 8,2022-06-09
2022-06-02,38.925616,-77.033981,Ward 1,2022-06-06
2022-06-02,38.882360,-76.945988,Ward 7,2022-06-14
2022-06-02,38.901116,-76.995274,Ward 6,2022-06-06
2022-06-02,38.897581,-76.981325,Ward 6,2022-06-06
2022-06-02,38.906464,-77.013653,Null,2022-07-08
2022-06-02,38.914294,-77.008458,Ward 5,2022-06-07
2022-06-02,38.917945,-77.003701,Ward 5,2022-06-07
2022-06-02,38.917938,-77.000129,Ward 5,2022-06-07
2022-06-02,38.918642,-77.000569,Ward 5,2022-06-07
2022-06-02,38.921275,-76.986101,Ward 5,2022-06-07
2022-06-02,38.926822,-76.979512,Ward 5,2022-06-07
2022-06-02,38.844677,-76.999873,Ward 8,2022-06-06
2022-06-02,38.920609,-76.978414,Ward 5,2022-06-07
2022-06-02,38.923767,-77.027038,Ward 1,2022-06-07
2022-06-02,38.927651,-77.024157,Ward 1,2022-06-06
2022-06-02,38.920591,-77.034810,Ward 1,2022-06-07
2022-06-02,38.872118,-76.972125,Ward 8,2022-06-16
2022-06-02,38.872223,-77.012357,Ward 6,2022-06-09
2022-06-02,38.932408,-77.020784,Ward 1,2022-06-07
2022-06-02,38.895925,-77.001335,Ward 6,2022-06-15
2022-06-03,38.917203,-77.039353,Ward 1,2022-06-06
2022-06-03,38.927492,-77.036857,Ward 1,2022-06-07
2022-06-03,38.897141,-76.987937,Ward 6,2022-06-07
2022-06-03,38.941699,-77.024359,Ward 4,2022-06-09
2022-06-03,38.951975,-77.010507,Ward 4,2022-06-09
2022-06-03,38.908402,-77.046173,Ward 2,2022-06-07
2022-06-03,38.902488,-76.930990,Ward 7,2022-06-15
2022-06-03,38.906252,-76.930495,Ward 7,2022-06-15
2022-06-03,38.936478,-77.071480,Ward 3,2022-06-09
2022-06-03,38.904730,-76.998699,Ward 6,2022-06-06
2022-06-03,38.917329,-76.972439,Ward 5,2022-06-09
2022-06-03,38.961014,-77.028031,Ward 4,2022-06-09
2022-06-03,38.953822,-77.016203,Ward 4,2022-06-09
2022-06-03,38.895929,-76.981227,Ward 7,2022-06-09
2022-06-03,38.905209,-77.000310,Ward 6,2022-06-06
2022-06-03,38.910916,-77.013082,Ward 5,2022-06-09
2022-06-03,38.928640,-77.025941,Ward 1,2022-06-09
2022-06-03,38.956341,-77.016552,Ward 4,2022-06-09
2022-06-03,38.936942,-77.024172,Ward 4,2022-06-06
2022-06-03,38.931225,-77.042545,Ward 1,2022-06-09
2022-06-03,38.921290,-76.979950,Ward 5,2022-06-06
2022-06-03,38.904409,-77.051048,Ward 2,2022-06-10
2022-06-03,38.919244,-77.002031,Ward 5,2022-06-09
2022-06-03,38.948113,-77.020975,Ward 4,2022-06-09
2022-06-03,38.906151,-76.976488,Ward 5,2022-06-15
2022-06-03,38.887038,-77.001105,Ward 6,2022-06-07
2022-06-03,38.885852,-76.995402,Ward 6,2022-06-07
2022-06-03,38.905841,-76.987745,Ward 5,2022-06-09
2022-06-03,38.901929,-77.003277,Ward 6,2022-06-06
2022-06-03,38.972086,-77.034906,Ward 4,2022-06-06
2022-06-03,38.832791,-76.999419,Ward 8,2022-06-16
2022-06-03,38.900843,-76.990998,Ward 6,2022-06-07
2022-06-03,38.905395,-76.982772,Ward 5,2022-06-15
2022-06-03,38.937244,-77.021193,Ward 4,2022-06-09
2022-06-03,38.917392,-77.003699,Ward 5,2022-06-06
2022-06-03,38.929427,-77.020569,Ward 1,2022-06-09
2022-06-03,38.929411,-77.020476,Ward 1,2022-06-09
2022-06-03,38.919627,-77.033241,Ward 1,2022-06-07
2022-06-04,38.929403,-77.031254,Ward 1,2022-06-09
2022-06-04,38.901640,-76.995209,Ward 6,2022-06-09
2022-06-04,38.903074,-76.994249,Ward 6,2022-06-09
2022-06-04,38.906693,-77.008462,Ward 6,2022-06-07
2022-06-04,38.907422,-77.008124,Ward 6,2022-06-07
2022-06-04,38.940005,-77.022004,Ward 4,2022-06-06
2022-06-04,38.904219,-76.977473,Ward 5,2022-06-14
2022-06-04,38.907973,-77.028269,Ward 2,2022-06-06
2022-06-04,38.909835,-77.020475,Ward 6,2022-06-14
2022-06-04,38.918286,-77.002983,Ward 5,2022-06-09
2022-06-04,38.932409,-77.080819,Ward 3,2022-06-06
2022-06-04,38.912660,-76.993723,Ward 5,2022-06-08
2022-06-04,38.887127,-76.980496,Ward 6,2022-06-09
2022-06-04,38.867750,-76.963852,Ward 7,2022-06-09
2022-06-04,38.870400,-76.963089,Ward 7,2022-06-09
2022-06-04,38.913223,-77.040444,Ward 2,2022-06-09
2022-06-04,38.944876,-77.033432,Ward 4,2022-06-09
2022-06-04,38.938908,-77.023950,Ward 4,2022-06-09
2022-06-04,38.903758,-76.984696,Ward 5,2022-06-27
2022-06-04,38.953822,-77.016203,Ward 4,2022-06-09
2022-06-04,38.868650,-76.986597,Ward 8,2022-06-06
2022-06-04,38.862660,-76.963594,Ward 7,2022-06-07
2022-06-04,38.879510,-76.933256,Ward 7,2022-06-28
2022-06-05,38.902842,-76.985303,Ward 5,2022-06-27
2022-06-05,38.913880,-77.018185,Ward 6,2022-06-14
2022-06-05,38.908038,-77.047274,Ward 2,2022-06-09
2022-06-05,38.948096,-77.026134,Ward 4,2022-06-09
2022-06-05,38.913488,-76.985321,Ward 5,2022-06-14
2022-06-05,38.939523,-77.025174,Ward 4,2022-06-06
2022-06-05,38.950303,-76.985697,Ward 5,2022-06-07
2022-06-05,38.916523,-77.041375,Ward 2,2022-06-09
2022-06-05,38.917203,-77.039410,Ward 1,2022-06-07
2022-06-05,38.897543,-76.970035,Ward 7,2022-06-09
2022-06-05,38.890742,-76.985947,Ward 6,2022-06-06
2022-06-05,38.891837,-76.986412,Ward 6,2022-06-09
2022-06-06,38.915107,-77.026167,Ward 1,2022-06-08
2022-06-06,38.926945,-77.022694,Ward 1,2022-06-09
2022-06-06,38.879818,-76.943933,Ward 7,2022-06-28
2022-06-06,38.904497,-76.995948,Ward 6,2022-06-09
2022-06-06,38.929273,-77.021678,Ward 1,2022-06-08
2022-06-06,38.924761,-76.979972,Ward 5,2022-06-09
2022-06-06,38.903249,-76.993970,Ward 6,2022-06-07
2022-06-06,38.942008,-76.988571,Ward 5,2022-06-09
2022-06-06,38.868948,-76.957962,Ward 7,2022-06-15
2022-06-06,38.943211,-77.007193,Ward 5,2022-06-13
2022-06-06,38.929635,-77.037394,Ward 1,2022-06-09
2022-06-06,38.903579,-76.993985,Ward 6,2022-06-07
2022-06-06,38.891839,-76.986461,Ward 6,2022-06-14
2022-06-06,38.849439,-76.980094,Ward 8,2022-06-09
2022-06-06,38.914958,-77.032672,Ward 2,2022-06-10
2022-06-06,38.879399,-76.933506,Ward 7,2022-06-23
2022-06-06,38.904612,-77.020138,Ward 2,2022-06-14
2022-06-06,38.904933,-77.020151,Ward 6,2022-06-14
2022-06-06,38.907376,-77.003270,Ward 6,2022-06-07
2022-06-06,38.880063,-76.964571,Ward 7,2022-06-23
2022-06-06,38.874780,-77.009723,Ward 6,2022-06-09
2022-06-06,38.885710,-76.936056,Ward 7,2022-06-24
2022-06-06,38.901897,-77.051074,Ward 2,2022-06-07
2022-06-06,38.842218,-77.001823,Ward 8,2022-06-09
2022-06-06,38.962701,-77.024207,Ward 4,2022-06-09
2022-06-06,38.891018,-76.923138,Ward 7,2022-06-15
2022-06-06,38.940656,-77.027226,Ward 4,2022-06-09
2022-06-06,38.922878,-77.028301,Ward 1,2022-06-09
2022-06-06,38.917203,-77.039410,Ward 1,2022-06-07
2022-06-06,38.955851,-77.026883,Ward 4,2022-06-16
2022-06-06,38.880830,-76.998232,Ward 6,2022-06-07
2022-06-06,38.927422,-77.023253,Ward 1,2022-06-08
2022-06-06,38.903525,-76.982449,Ward 5,2022-06-24
2022-06-06,38.904246,-76.932931,Ward 7,2022-06-15
2022-06-06,38.937090,-77.032031,Ward 4,2022-06-16
2022-06-06,38.885417,-76.991311,Ward 6,2022-06-09
2022-06-06,38.895938,-77.010949,Ward 6,2022-06-14
2022-06-06,38.884208,-76.960377,Ward 7,2022-06-13
2022-06-06,38.913472,-77.012428,Ward 5,2022-06-09
2022-06-06,38.901133,-76.991086,Ward 6,2022-06-09
2022-06-06,38.927256,-77.021936,Ward 1,2022-06-10
2022-06-06,38.924048,-77.033927,Ward 1,2022-06-08
2022-06-06,38.899471,-77.001800,Ward 6,2022-06-09
2022-06-06,38.955660,-77.024264,Ward 4,2022-06-09
2022-06-06,38.902431,-76.975553,Ward 5,2022-06-24
2022-06-06,38.924506,-76.965656,Ward 5,2022-06-21
2022-06-06,38.907750,-77.009509,Ward 5,2022-06-10
2022-06-06,38.910548,-77.009719,Ward 5,2022-06-09
2022-06-06,38.910609,-77.012391,Ward 5,2022-06-09
2022-06-06,38.915357,-77.010169,Ward 5,2022-06-09
2022-06-06,38.906126,-76.987153,Ward 5,2022-06-14
2022-06-06,38.918091,-77.005337,Ward 5,2022-06-09
2022-06-06,38.932954,-76.982720,Ward 5,2022-06-09
2022-06-06,38.933844,-76.980672,Ward 5,2022-06-09
2022-06-06,38.933964,-77.024834,Ward 1,2022-06-08
2022-06-06,38.940805,-77.026725,Ward 4,2022-06-09
2022-06-06,38.830299,-76.994571,Ward 8,2022-06-09
2022-06-06,38.908446,-76.984089,Ward 5,2022-06-10
2022-06-06,38.914142,-77.015551,Ward 5,2022-06-09
2022-06-06,38.896004,-76.920269,Ward 7,2022-06-15
2022-06-06,38.907699,-77.027874,Ward 2,2022-06-09
2022-06-07,38.902264,-76.994332,Ward 6,2022-06-09
2022-06-07,38.912833,-77.005060,Ward 5,2022-06-09
2022-06-07,38.868045,-76.972772,Ward 8,2022-06-09
2022-06-07,38.918566,-77.043786,Ward 1,2022-06-08
2022-06-07,38.918514,-77.043699,Ward 1,2022-06-08
2022-06-07,38.828226,-76.995960,Ward 8,2022-06-07
2022-06-07,38.955452,-77.024178,Ward 4,2022-06-09
2022-06-07,38.883755,-77.007185,Ward 6,2022-06-15
2022-06-07,38.930222,-77.021417,Ward 1,2022-06-14
2022-06-07,38.907306,-76.980009,Ward 5,2022-06-24
2022-06-07,38.900441,-76.994121,Ward 6,2022-06-09
2022-06-07,38.939503,-77.031487,Ward 4,2022-06-16
2022-06-07,38.904567,-76.996410,Ward 6,2022-06-13
2022-06-07,38.915807,-77.012733,Ward 5,2022-06-08
2022-06-07,38.904968,-76.996164,Ward 6,2022-06-13
2022-06-07,38.904560,-76.997023,Ward 6,2022-06-09
2022-06-07,38.910915,-77.065975,Ward 2,2022-06-07
2022-06-07,38.866140,-76.987656,Ward 8,2022-06-09
2022-06-07,38.956333,-77.003489,Ward 4,2022-06-08
2022-06-07,38.967103,-77.021680,Ward 4,2022-06-08
2022-06-07,38.899281,-76.998241,Ward 6,2022-06-09
2022-06-07,38.899238,-76.998241,Ward 6,2022-06-09
2022-06-07,38.914758,-77.068256,Ward 2,2022-06-15
2022-06-07,38.899150,-76.998240,Ward 6,2022-06-09
2022-06-07,38.913275,-76.985908,Ward 5,2022-06-14
2022-06-07,38.870744,-77.012174,Ward 6,2022-06-13
2022-06-07,38.913523,-76.985224,Ward 5,2022-06-14
2022-06-07,38.884100,-76.980766,Ward 6,2022-06-13
2022-06-07,38.949634,-76.987466,Ward 5,2022-06-09
2022-06-07,38.917193,-77.015666,Ward 1,2022-06-14
2022-06-07,38.901640,-76.995209,Ward 6,2022-06-13
2022-06-07,38.909440,-77.032232,Ward 2,2022-06-09
2022-06-07,38.927607,-76.995430,Ward 5,2022-06-08
2022-06-07,38.884100,-76.980766,Ward 6,2022-06-13
2022-06-07,38.935619,-77.027200,Null,2022-07-08
2022-06-07,38.896948,-76.980818,Ward 6,2022-06-13
2022-06-07,38.916699,-77.000836,Ward 5,2022-06-14
2022-06-07,38.916548,-77.000839,Ward 5,2022-06-14
2022-06-07,38.896482,-76.985753,Ward 6,2022-06-09
2022-06-07,38.902483,-76.928315,Ward 7,2022-06-15
2022-06-07,38.902576,-76.937984,Ward 7,2022-06-16
2022-06-07,38.898268,-76.985721,Ward 6,2022-06-09
2022-06-07,38.922877,-76.972585,Ward 5,2022-06-15
2022-06-07,38.895938,-77.010949,Ward 6,2022-06-13
2022-06-07,38.897161,-76.985302,Ward 6,2022-06-09
2022-06-07,38.907741,-77.010068,Ward 5,2022-06-14
2022-06-07,38.907749,-77.009610,Ward 5,2022-06-15
2022-06-07,38.910071,-77.026198,Ward 6,2022-06-13
2022-06-07,38.841893,-77.001616,Ward 8,2022-06-22
2022-06-07,38.886939,-76.982440,Ward 6,2022-06-13
2022-06-07,38.930014,-77.108670,Ward 3,2022-06-09
2022-06-07,38.912352,-77.002362,Ward 5,2022-06-09
2022-06-07,38.927647,-76.993547,Ward 5,2022-06-09
2022-06-07,38.932330,-76.984621,Ward 5,2022-06-09
2022-06-07,38.867194,-76.945427,Ward 7,2022-06-09
2022-06-07,38.919866,-77.042271,Ward 1,2022-06-08
2022-06-07,38.924807,-77.025385,Ward 1,2022-06-08
2022-06-07,38.867209,-76.943523,Ward 7,2022-06-15
2022-06-07,38.938601,-77.020206,Ward 4,2022-06-16
2022-06-07,38.934523,-77.045122,Ward 1,2022-06-08
2022-06-07,38.965098,-77.029298,Ward 4,2022-06-08
2022-06-07,38.904044,-77.039224,Ward 2,2022-06-09
2022-06-07,38.907238,-77.036531,Ward 2,2022-06-09
2022-06-07,38.889772,-76.937543,Ward 7,2022-06-15
2022-06-07,38.929831,-77.021696,Ward 1,2022-06-14
2022-06-07,38.894409,-76.996430,Ward 6,2022-06-13
2022-06-07,38.831274,-77.004599,Ward 8,2022-06-09
2022-06-07,38.831274,-77.004599,Ward 8,2022-06-09
2022-06-07,38.831274,-77.004599,Ward 8,2022-06-09
2022-06-07,38.830314,-77.003364,Ward 8,2022-06-22
2022-06-07,38.830299,-76.994571,Ward 8,2022-06-16
2022-06-07,38.933283,-77.026080,Ward 1,2022-06-14
2022-06-07,38.942444,-76.999259,Ward 5,2022-06-09
2022-06-07,38.941361,-76.996933,Ward 5,2022-06-09
2022-06-07,38.913870,-77.000856,Ward 5,2022-06-08
2022-06-07,38.955094,-77.022615,Ward 4,2022-06-15
2022-06-08,38.834771,-76.987721,Ward 8,2022-06-16
2022-06-08,38.833664,-76.988047,Ward 8,2022-06-16
2022-06-08,38.870551,-76.978462,Ward 8,2022-06-09
2022-06-08,38.864759,-76.982156,Ward 8,2022-06-22
2022-06-08,38.896822,-76.981195,Ward 6,2022-06-13
2022-06-08,38.927084,-77.042213,Ward 1,2022-06-08
2022-06-08,38.927084,-77.042213,Ward 1,2022-06-08
2022-06-08,38.967533,-77.010136,Ward 4,2022-06-15
2022-06-08,38.902064,-76.989153,Ward 6,2022-06-09
2022-06-08,38.930342,-76.978594,Ward 5,2022-06-10
2022-06-08,38.936526,-77.033237,Ward 1,2022-06-10
2022-06-08,38.918566,-77.043786,Ward 1,2022-06-14
2022-06-08,38.904873,-76.981835,Ward 5,2022-06-14
2022-06-08,38.902605,-76.989317,Ward 5,2022-06-14
2022-06-08,38.929403,-77.031195,Ward 1,2022-06-10
2022-06-08,38.886245,-76.925591,Ward 7,2022-06-28
2022-06-08,38.835928,-77.004005,Ward 8,2022-06-22
2022-06-08,38.938589,-77.020713,Ward 4,2022-06-15
2022-06-08,38.919130,-77.034609,Ward 1,2022-06-10
2022-06-08,38.915384,-77.035904,Ward 2,2022-06-09
2022-06-08,38.870565,-77.011987,Ward 6,2022-06-13
2022-06-08,38.903525,-76.982449,Ward 5,2022-06-24
2022-06-08,38.903909,-76.982186,Ward 5,2022-06-23
2022-06-08,38.940685,-77.022811,Ward 4,2022-06-10
2022-06-08,38.903758,-76.984696,Ward 5,2022-06-27
2022-06-08,38.871508,-76.937772,Ward 7,2022-06-15
2022-06-08,38.906229,-77.014652,Ward 6,2022-06-14
2022-06-08,38.914915,-77.019115,Ward 6,2022-06-21
2022-06-08,38.900727,-76.949064,Ward 7,2022-06-15
2022-06-08,38.951345,-77.015613,Ward 4,2022-06-15
2022-06-08,38.930928,-76.978386,Ward 5,2022-06-09
2022-06-08,38.910290,-76.987242,Ward 5,2022-06-10
2022-06-08,38.893577,-76.976405,Ward 7,2022-06-15
2022-06-08,38.904409,-77.051048,Ward 2,2022-06-10
2022-06-08,38.882452,-77.004009,Ward 6,2022-06-21
2022-06-08,38.905350,-77.001489,Ward 6,2022-06-14
2022-06-08,38.937286,-76.980555,Ward 5,2022-06-14
2022-06-08,38.968847,-77.067761,Ward 4,2022-06-15
2022-06-08,38.919003,-76.999729,Ward 5,2022-06-14
2022-06-08,38.916934,-76.999736,Ward 5,2022-06-10
2022-06-08,38.887795,-76.984240,Ward 6,2022-06-14
2022-06-08,38.882936,-77.014429,Ward 6,2022-06-10
2022-06-08,38.914965,-77.019639,Ward 6,2022-06-16
2022-06-08,38.928844,-77.036828,Ward 1,2022-06-14
2022-06-08,38.940656,-77.027226,Ward 4,2022-06-09
2022-06-08,38.872204,-76.936310,Ward 7,2022-06-23
2022-06-09,38.953609,-77.016192,Ward 4,2022-06-10
2022-06-09,38.933247,-77.026922,Ward 1,2022-06-22
2022-06-09,38.933590,-77.022252,Ward 1,2022-06-13
2022-06-09,38.933247,-77.026922,Ward 1,2022-06-22
2022-06-09,38.870565,-77.011987,Ward 6,2022-06-14
2022-06-09,38.947245,-77.017938,Ward 4,2022-06-15
2022-06-09,38.908156,-77.048555,Ward 2,2022-06-14
2022-06-09,38.867295,-76.986805,Ward 8,2022-06-16
2022-06-09,38.866419,-76.987088,Ward 8,2022-06-16
2022-06-09,38.876459,-77.015209,Ward 6,2022-06-14
2022-06-09,38.939226,-76.995513,Ward 5,2022-06-14
2022-06-09,38.907581,-76.984995,Ward 5,2022-06-10
2022-06-09,38.907459,-76.984703,Ward 5,2022-06-10
2022-06-09,38.895649,-76.980479,Ward 6,2022-06-10
2022-06-09,38.905500,-77.001090,Ward 6,2022-06-10
2022-06-09,38.886249,-76.998456,Ward 6,2022-06-14
2022-06-09,38.904294,-77.001482,Ward 6,2022-06-14
2022-06-09,38.895003,-77.031353,Ward 2,2022-06-10
2022-06-09,38.971470,-77.025690,Ward 4,2022-06-15
2022-06-09,38.962874,-77.020966,Ward 4,2022-06-13
2022-06-09,38.872036,-77.012923,Ward 6,2022-06-10
2022-06-09,38.869462,-76.981499,Ward 8,2022-06-10
2022-06-09,38.876790,-76.967236,Ward 7,2022-06-10
2022-06-09,38.939861,-77.015531,Ward 4,2022-06-16
2022-06-09,38.927638,-77.026988,Ward 1,2022-06-13
2022-06-09,38.951345,-77.015613,Ward 4,2022-06-16
2022-06-09,38.907068,-77.017834,Ward 6,2022-06-16
2022-06-09,38.884385,-76.941782,Ward 7,2022-06-15
2022-06-09,38.843601,-76.993434,Ward 8,2022-06-14
2022-06-09,38.962702,-77.025967,Ward 4,2022-06-13
2022-06-09,38.972127,-77.021204,Ward 4,2022-06-13
2022-06-09,38.887733,-76.989953,Ward 6,2022-06-14
2022-06-09,38.909463,-77.011609,Ward 5,2022-06-14
2022-06-09,38.962456,-77.038042,Ward 4,2022-06-15
2022-06-09,38.912833,-77.005060,Ward 5,2022-06-14
2022-06-09,38.910209,-77.013711,Ward 5,2022-06-15
2022-06-09,38.907059,-77.016603,Ward 2,2022-06-23
2022-06-09,38.928884,-77.030607,Ward 1,2022-06-13
2022-06-09,38.911710,-77.018077,Ward 6,2022-06-16
2022-06-09,38.892941,-76.956289,Ward 7,2022-06-16
2022-06-10,38.841444,-76.989341,Ward 8,2022-06-22
2022-06-10,38.926324,-76.997887,Ward 5,2022-06-14
2022-06-10,38.920227,-77.002029,Ward 5,2022-06-14
2022-06-10,38.961365,-77.024723,Ward 4,2022-06-15
2022-06-10,38.961365,-77.024723,Ward 4,2022-06-15
2022-06-10,38.878106,-76.933762,Ward 7,2022-06-22
2022-06-10,38.907376,-77.003270,Ward 6,2022-06-10
2022-06-10,38.908871,-77.081054,Ward 3,2022-06-13
2022-06-10,38.956597,-77.021316,Ward 4,2022-06-13
2022-06-10,38.877968,-76.985802,Ward 6,2022-06-14
2022-06-10,38.933945,-77.021953,Ward 1,2022-06-13
2022-06-10,38.950620,-77.030131,Ward 4,2022-06-14
2022-06-10,38.920007,-76.997544,Ward 5,2022-06-13
2022-06-10,38.906790,-76.998992,Ward 5,2022-06-14
2022-06-10,38.956742,-77.015887,Ward 4,2022-06-13
2022-06-10,38.894769,-76.957503,Ward 7,2022-06-16
2022-06-10,38.901490,-76.930012,Ward 7,2022-06-14
2022-06-10,38.914337,-77.042759,Ward 2,2022-06-14
2022-06-10,38.911597,-77.066291,Ward 2,2022-06-21
2022-06-10,38.918566,-77.043786,Ward 1,2022-06-14
2022-06-10,38.928713,-77.025475,Ward 1,2022-06-22
2022-06-10,38.926872,-76.995237,Ward 5,2022-06-13
2022-06-10,38.961365,-77.024723,Ward 4,2022-06-15
2022-06-10,38.844112,-76.973120,Ward 8,2022-06-14
2022-06-10,38.836402,-76.992264,Ward 8,2022-06-22
2022-06-10,38.904781,-76.998698,Ward 6,2022-06-13
2022-06-10,38.893116,-77.049464,Ward 2,2022-06-21
2022-06-10,38.907858,-77.070099,Ward 2,2022-06-14
2022-06-10,38.901703,-76.935219,Ward 7,2022-06-14
2022-06-10,38.960619,-77.021406,Ward 4,2022-06-15
2022-06-10,38.915877,-76.999868,Ward 5,2022-06-14
2022-06-10,38.940563,-77.023862,Ward 4,2022-06-16
2022-06-10,38.832822,-76.999123,Ward 8,2022-06-22
2022-06-10,38.912912,-77.046407,Ward 2,2022-06-21
2022-06-10,38.934395,-77.023285,Ward 1,2022-06-14
2022-06-10,38.903086,-76.990405,Ward 5,2022-06-24
2022-06-10,38.892168,-76.998265,Ward 6,2022-06-14
2022-06-10,38.957383,-77.038257,Ward 4,2022-06-14
2022-06-10,38.844112,-76.973120,Ward 8,2022-06-14
2022-06-10,38.863414,-76.980646,Ward 8,2022-06-16
2022-06-10,38.895285,-76.991760,Ward 6,2022-06-13
2022-06-10,38.911028,-77.068051,Ward 2,2022-06-14
2022-06-10,38.902849,-77.026357,Ward 2,2022-06-14
2022-06-10,38.941010,-77.024004,Ward 4,2022-06-16
2022-06-10,38.915246,-77.012627,Ward 5,2022-06-21
2022-06-11,38.896494,-76.982044,Ward 6,2022-06-21
2022-06-11,38.940982,-76.988068,Ward 5,2022-06-21
2022-06-11,38.901555,-76.995209,Ward 6,2022-06-13
2022-06-11,38.938958,-77.029996,Ward 4,2022-06-14
2022-06-11,38.913632,-76.985003,Ward 5,2022-06-21
2022-06-11,38.914119,-76.985286,Ward 5,2022-06-21
2022-06-11,38.908417,-77.029947,Ward 2,2022-06-14
2022-06-11,38.822885,-76.999584,Ward 8,2022-06-22
2022-06-11,38.946570,-77.017906,Ward 4,2022-06-16
2022-06-11,38.933800,-77.034368,Ward 1,2022-06-24
2022-06-11,38.884100,-76.980766,Ward 6,2022-06-13
2022-06-11,38.925740,-77.026002,Ward 1,2022-06-22
2022-06-11,38.932827,-77.041293,Ward 1,2022-06-22
2022-06-11,38.940861,-77.023298,Ward 4,2022-06-16
2022-06-11,38.881468,-77.019593,Ward 6,2022-06-14
2022-06-11,38.885768,-76.981981,Ward 7,2022-06-21
2022-06-11,38.866419,-76.987088,Ward 8,2022-06-16
2022-06-11,38.908446,-76.984089,Ward 5,2022-06-15
2022-06-11,38.923993,-77.030254,Ward 1,2022-06-22
2022-06-11,38.915746,-77.037136,Ward 2,2022-06-21
2022-06-12,38.898774,-76.921644,Ward 7,2022-06-16
2022-06-12,38.866026,-76.987190,Ward 8,2022-06-16
2022-06-12,38.940982,-76.988068,Ward 5,2022-06-21
2022-06-12,38.904540,-76.997626,Ward 6,2022-06-13
2022-06-12,38.922905,-77.032786,Ward 1,2022-06-21
2022-06-12,38.905810,-76.999929,Ward 6,2022-06-13
2022-06-12,38.880090,-76.942998,Ward 7,2022-07-01
2022-06-12,38.940625,-77.024095,Ward 4,2022-06-16
2022-06-12,38.913197,-77.024649,Ward 6,2022-06-23
2022-06-12,38.913361,-77.018929,Ward 2,2022-06-21
2022-06-12,38.911314,-77.011910,Ward 5,2022-06-13
2022-06-12,38.888471,-76.997023,Ward 6,2022-06-21
2022-06-12,38.925504,-77.028932,Ward 1,2022-06-22
2022-06-12,38.911538,-77.023170,Ward 6,2022-06-16
2022-06-12,38.910333,-77.087519,Ward 3,2022-06-13
2022-06-12,38.927084,-77.042213,Ward 1,2022-06-22
2022-06-12,38.907766,-77.024239,Ward 2,2022-06-21
2022-06-12,38.862013,-76.987401,Ward 8,2022-06-16
2022-06-12,38.906603,-76.988265,Ward 5,2022-06-24
2022-06-13,38.866857,-76.947054,Ward 7,2022-06-22
2022-06-13,38.947371,-77.025555,Ward 4,2022-06-16
2022-06-13,38.941699,-77.024359,Ward 4,2022-06-14
2022-06-13,38.902832,-77.024893,Ward 2,2022-06-17
2022-06-13,38.905453,-77.019431,Ward 6,2022-06-29
2022-06-13,38.906325,-77.017759,Ward 6,2022-06-29
2022-06-13,38.915685,-77.049111,Ward 2,2022-06-21
2022-06-13,38.913158,-77.018752,Ward 6,2022-06-29
2022-06-13,38.915899,-77.020545,Ward 1,2022-06-14
2022-06-13,38.914995,-77.036203,Ward 2,2022-06-21
2022-06-13,38.873957,-76.974187,Ward 7,2022-06-17
2022-06-13,38.936719,-77.023732,Ward 4,2022-06-16
2022-06-13,38.905193,-76.988751,Ward 5,2022-06-28
2022-06-13,38.869711,-76.958776,Ward 7,2022-06-14
2022-06-13,38.905540,-76.988903,Ward 5,2022-06-24
2022-06-13,38.905303,-76.938423,Ward 7,2022-06-16
2022-06-13,38.940153,-76.975796,Ward 5,2022-06-14
2022-06-13,38.858521,-76.964515,Ward 7,2022-06-23
2022-06-13,38.909868,-77.021195,Ward 2,2022-06-21
2022-06-13,38.895797,-76.934233,Ward 7,2022-06-16
2022-06-13,38.937039,-77.028867,Ward 4,2022-06-16
2022-06-13,38.850836,-76.979955,Ward 8,2022-06-22
2022-06-13,38.932121,-77.020521,Ward 1,2022-06-22
2022-06-13,38.931652,-77.039045,Ward 1,2022-06-14
2022-06-13,38.901115,-77.052329,Ward 2,2022-06-14
2022-06-13,38.910544,-77.010209,Ward 5,2022-06-24
2022-06-13,38.910924,-77.011907,Ward 5,2022-06-24
2022-06-13,38.912033,-77.009702,Ward 5,2022-06-24
2022-06-13,38.918291,-77.013406,Ward 5,2022-06-24
2022-06-13,38.880052,-76.943709,Ward 7,2022-06-22
2022-06-13,38.877000,-76.931470,Ward 7,2022-06-14
2022-06-13,38.918630,-77.012423,Ward 5,2022-06-23
2022-06-13,38.941010,-77.024004,Ward 4,2022-06-16
2022-06-13,38.886295,-77.001803,Ward 6,2022-06-21
2022-06-13,38.966301,-77.021200,Ward 4,2022-06-15
2022-06-13,38.920511,-77.079501,Ward 3,2022-06-21
2022-06-13,38.921718,-77.079958,Ward 3,2022-06-21
2022-06-13,38.975011,-77.019287,Ward 4,2022-06-15
2022-06-13,38.925025,-77.024160,Ward 1,2022-06-22
2022-06-13,38.910993,-77.068050,Ward 2,2022-06-14
2022-06-13,38.910540,-77.084669,Ward 3,2022-06-21
2022-06-13,38.878760,-76.988610,Ward 6,2022-06-16
2022-06-13,38.922548,-77.078774,Ward 3,2022-06-21
2022-06-13,38.903123,-76.990557,Ward 5,2022-06-24
2022-06-13,38.933035,-76.965599,Ward 5,2022-06-23
2022-06-13,38.930224,-77.021209,Ward 1,2022-06-21
2022-06-13,38.930600,-77.021306,Ward 1,2022-06-22
2022-06-13,38.905116,-76.996812,Ward 6,2022-06-14
2022-06-13,38.906244,-76.931217,Ward 7,2022-06-14
2022-06-13,38.910861,-77.067998,Ward 2,2022-06-21
2022-06-13,38.924677,-77.041423,Ward 1,2022-06-22
2022-06-14,38.898143,-76.978813,Ward 6,2022-06-14
2022-06-14,38.896997,-77.024911,Ward 2,2022-06-21
2022-06-14,38.981626,-77.037477,Ward 4,2022-06-21
2022-06-14,38.922712,-77.031285,Ward 1,2022-06-24
2022-06-14,38.878924,-76.996186,Ward 6,2022-06-21
2022-06-14,38.903525,-76.982449,Ward 5,2022-06-24
2022-06-14,38.897080,-76.972245,Ward 7,2022-06-17
2022-06-14,38.958033,-77.018250,Ward 4,2022-06-21
2022-06-14,38.908027,-76.986747,Ward 5,2022-06-24
2022-06-14,38.901116,-76.995274,Ward 6,2022-06-21
2022-06-14,38.901324,-76.985418,Ward 5,2022-06-24
2022-06-14,38.949591,-77.014754,Ward 4,2022-06-21
2022-06-14,38.979614,-77.030013,Ward 4,2022-06-21
2022-06-14,38.893943,-76.979213,Ward 6,2022-06-21
2022-06-14,38.923480,-77.046033,Ward 1,2022-06-22
2022-06-14,38.834589,-76.987734,Ward 8,2022-06-22
2022-06-14,38.939413,-77.028048,Ward 4,2022-06-21
2022-06-14,38.847267,-77.001670,Ward 8,2022-06-22
2022-06-14,38.928276,-76.993313,Ward 5,2022-06-24
2022-06-14,38.869466,-76.962702,Ward 7,2022-06-16
2022-06-14,38.949580,-77.015526,Ward 4,2022-06-21
2022-06-14,38.912224,-77.044599,Ward 2,2022-06-16
2022-06-14,38.890185,-77.000384,Ward 6,2022-06-15
2022-06-14,38.940563,-77.023862,Ward 4,2022-06-16
2022-06-14,38.900441,-76.994121,Ward 6,2022-06-15
2022-06-14,38.902832,-77.024893,Ward 2,2022-06-17
2022-06-14,38.930098,-77.018381,Ward 1,2022-06-22
2022-06-14,38.918304,-77.024111,Ward 1,2022-06-15
2022-06-14,38.903541,-76.977929,Ward 5,2022-06-21
2022-06-14,38.908045,-77.010705,Ward 5,2022-06-27
2022-06-14,38.921275,-76.986101,Ward 5,2022-06-21
2022-06-14,38.929409,-76.965087,Ward 5,2022-06-21
2022-06-14,38.933925,-76.963757,Ward 5,2022-06-21
2022-06-14,38.933042,-76.966689,Ward 5,2022-06-21
2022-06-14,38.872935,-76.967771,Ward 7,2022-06-23
2022-06-14,38.932791,-77.028488,Ward 1,2022-06-15
2022-06-14,38.903190,-76.989873,Ward 5,2022-06-27
2022-06-14,38.933217,-77.077279,Ward 3,2022-06-21
2022-06-14,38.937829,-77.023912,Ward 4,2022-06-16
2022-06-14,38.924030,-77.031148,Ward 1,2022-06-22
2022-06-14,38.830956,-76.998503,Ward 8,2022-06-22
2022-06-14,38.968469,-77.024424,Ward 4,2022-06-21
2022-06-15,38.874084,-76.952466,Ward 7,2022-06-28
2022-06-15,38.878664,-76.931579,Ward 7,2022-06-23
2022-06-15,38.965424,-77.036384,Ward 4,2022-06-23
2022-06-15,38.923746,-77.037523,Ward 1,2022-06-24
2022-06-15,38.928200,-77.073697,Ward 3,2022-06-15
2022-06-15,38.906566,-77.016405,Ward 6,2022-06-29
2022-06-15,38.925869,-77.025803,Ward 1,2022-06-22
2022-06-15,38.827978,-76.996150,Ward 8,2022-06-16
2022-06-15,38.904170,-76.999238,Ward 6,2022-06-21
2022-06-15,38.874021,-76.952312,Ward 7,2022-06-22
2022-06-15,38.948569,-77.091248,Ward 3,2022-06-16
2022-06-15,38.910924,-77.011874,Ward 5,2022-06-24
2022-06-15,38.903249,-76.993970,Ward 6,2022-06-16
2022-06-15,38.907408,-77.010699,Ward 5,2022-06-27
2022-06-15,38.901116,-76.995274,Ward 6,2022-06-21
2022-06-15,38.903904,-76.994626,Ward 6,2022-06-21
2022-06-15,38.882936,-77.014429,Ward 6,2022-06-24
2022-06-15,38.839782,-77.003738,Ward 8,2022-06-22
2022-06-15,38.894150,-76.912097,Ward 7,2022-06-22
2022-06-15,38.957813,-76.993301,Ward 4,2022-06-23
2022-06-15,38.894576,-76.989998,Ward 6,2022-06-16
2022-06-15,38.832650,-76.998720,Ward 8,2022-06-16
2022-06-15,38.926362,-77.025862,Ward 1,2022-06-22
2022-06-15,38.908446,-76.984089,Ward 5,2022-06-24
2022-06-15,38.898428,-76.980617,Ward 6,2022-06-21
2022-06-15,38.931264,-77.039315,Ward 1,2022-06-22
2022-06-15,38.915726,-77.021240,Ward 1,2022-06-22
2022-06-15,38.928648,-76.989526,Ward 5,2022-06-21
2022-06-15,38.900168,-77.022214,Ward 2,2022-06-21
2022-06-15,38.833238,-76.998110,Ward 8,2022-06-16
2022-06-15,38.915278,-77.067726,Ward 2,2022-06-21
2022-06-15,38.845106,-76.984277,Ward 8,2022-06-16
2022-06-15,38.931277,-77.041764,Ward 1,2022-06-16
2022-06-15,38.909492,-76.932602,Ward 7,2022-06-22
2022-06-15,38.873337,-76.949808,Ward 7,2022-06-28
2022-06-15,38.961518,-77.028429,Ward 4,2022-06-21
2022-06-15,38.862419,-76.982434,Ward 8,2022-06-16
2022-06-15,38.910375,-77.030712,Ward 2,2022-06-21
2022-06-15,38.909806,-77.008244,Ward 5,2022-06-21
2022-06-15,38.910968,-77.015607,Ward 5,2022-06-21
2022-06-15,38.920816,-77.012449,Ward 5,2022-06-21
2022-06-15,38.920941,-77.012961,Ward 5,2022-06-21
2022-06-15,38.919031,-77.012416,Ward 5,2022-06-21
2022-06-15,38.933007,-77.028336,Ward 1,2022-06-24
2022-06-15,38.923746,-77.037523,Ward 1,2022-06-24
2022-06-15,38.932615,-77.073831,Ward 3,2022-06-21
2022-06-15,38.926406,-77.076850,Ward 3,2022-06-21
2022-06-15,38.924102,-77.044274,Ward 1,2022-06-24
2022-06-15,38.908579,-76.985441,Ward 5,2022-06-29
2022-06-15,38.890055,-76.956166,Ward 7,2022-06-22
2022-06-15,38.919339,-77.033423,Ward 1,2022-06-21
2022-06-15,38.892178,-76.975422,Ward 6,2022-06-21
2022-06-15,38.903560,-76.994037,Ward 6,2022-06-21
2022-06-16,38.968493,-77.064133,Ward 4,2022-06-22
2022-06-16,38.899712,-76.995927,Ward 6,2022-06-22
2022-06-16,38.902018,-76.930710,Ward 7,2022-06-23
2022-06-16,38.942783,-76.983952,Ward 5,2022-06-22
2022-06-16,38.922529,-76.973980,Ward 5,2022-06-29
2022-06-16,38.910005,-76.935396,Ward 7,2022-06-23
2022-06-16,38.911284,-77.010886,Ward 5,2022-06-27
2022-06-16,38.892178,-76.975422,Ward 6,2022-06-21
2022-06-16,38.901319,-77.012162,Ward 6,2022-06-29
2022-06-16,38.897146,-76.919149,Ward 7,2022-06-23
2022-06-16,38.896948,-76.980818,Ward 6,2022-06-28
2022-06-16,38.894580,-76.957735,Ward 7,2022-06-21
2022-06-16,38.908288,-77.032335,Ward 2,2022-06-21
2022-06-16,38.847517,-76.998334,Ward 8,2022-06-28
2022-06-16,38.908747,-77.046458,Ward 2,2022-06-21
2022-06-16,38.824587,-77.010946,Ward 8,2022-06-21
2022-06-16,38.884471,-76.928217,Ward 7,2022-06-23
2022-06-16,38.936778,-77.033094,Ward 1,2022-06-21
2022-06-16,38.900595,-76.991771,Ward 6,2022-06-21
2022-06-16,38.904409,-77.051048,Ward 2,2022-06-21
2022-06-16,38.909650,-77.029601,Ward 2,2022-06-21
2022-06-16,38.918304,-77.024111,Ward 1,2022-06-28
2022-06-16,38.911028,-77.068051,Ward 2,2022-06-21
2022-06-16,38.888912,-76.987270,Ward 6,2022-06-21
2022-06-16,38.903574,-76.993757,Ward 6,2022-06-21
2022-06-16,38.876488,-76.934574,Ward 7,2022-06-23
2022-06-16,38.862962,-76.988644,Ward 8,2022-06-24
2022-06-16,38.943741,-76.985948,Ward 5,2022-06-22
2022-06-16,38.927727,-76.981010,Ward 5,2022-06-21
2022-06-16,38.917984,-77.034823,Ward 1,2022-06-23
2022-06-16,38.902468,-76.949775,Ward 7,2022-06-21
2022-06-16,38.932735,-76.979974,Ward 5,2022-06-21
2022-06-16,38.926872,-76.995237,Ward 5,2022-06-21
2022-06-16,38.905091,-76.996376,Ward 6,2022-06-21
2022-06-17,38.894942,-76.994623,Ward 6,2022-06-23
2022-06-17,38.891555,-76.982406,Ward 7,2022-06-21
2022-06-17,38.890099,-76.985848,Ward 6,2022-06-21
2022-06-17,38.969924,-77.025406,Ward 4,2022-06-23
2022-06-17,38.919356,-77.013127,Ward 5,2022-06-21
2022-06-17,38.888064,-77.001104,Ward 6,2022-06-28
2022-06-17,38.908934,-76.987142,Ward 5,2022-06-21
2022-06-17,38.930102,-77.025059,Ward 1,2022-06-24
2022-06-17,38.892178,-76.975422,Ward 6,2022-06-21
2022-06-17,38.896746,-76.964067,Ward 7,2022-06-21
2022-06-17,38.896948,-76.980818,Ward 6,2022-06-28
2022-06-17,38.933670,-77.033157,Ward 1,2022-06-24
2022-06-17,38.915863,-77.012551,Ward 5,2022-06-22
2022-06-17,38.933688,-77.033478,Ward 1,2022-06-24
2022-06-17,38.882315,-76.989587,Ward 6,2022-06-22
2022-06-17,38.910585,-77.068293,Ward 2,2022-06-21
2022-06-17,38.900883,-76.994703,Ward 6,2022-06-23
2022-06-17,38.863043,-76.982418,Ward 8,2022-06-23
2022-06-17,38.864933,-76.984148,Ward 8,2022-06-23
2022-06-17,38.907297,-77.066070,Ward 2,2022-06-21
2022-06-17,38.905472,-76.998829,Ward 6,2022-06-21
2022-06-17,38.904560,-76.997023,Ward 6,2022-06-23
2022-06-17,38.930149,-76.988263,Ward 5,2022-06-21
2022-06-17,38.896920,-76.960262,Ward 7,2022-06-21
2022-06-17,38.822885,-76.999584,Ward 8,2022-06-28
2022-06-17,38.908651,-77.065522,Ward 2,2022-06-18
2022-06-17,38.847878,-76.970698,Ward 8,2022-06-23
2022-06-17,38.895462,-76.979199,Ward 6,2022-06-21
2022-06-17,38.914259,-77.015591,Ward 5,2022-06-27
2022-06-17,38.944574,-77.013794,Ward 4,2022-06-23
2022-06-17,38.965098,-77.029298,Ward 4,2022-06-21
2022-06-17,38.868623,-76.960258,Ward 7,2022-06-22
2022-06-17,38.884921,-77.008819,Ward 6,2022-06-24
2022-06-17,38.895649,-76.980479,Ward 6,2022-06-21
2022-06-17,38.910412,-77.021126,Ward 2,2022-06-29
2022-06-18,38.940199,-77.015571,Ward 4,2022-06-23
2022-06-18,38.874889,-76.935754,Ward 7,2022-06-24
2022-06-18,38.847517,-76.998334,Ward 8,2022-06-28
2022-06-18,38.945474,-77.017056,Ward 4,2022-06-22
2022-06-18,38.924874,-77.000824,Ward 5,2022-06-21
2022-06-18,38.899622,-76.995918,Ward 6,2022-06-21
2022-06-18,38.864095,-76.984369,Ward 8,2022-06-23
2022-06-18,38.911971,-77.015982,Ward 5,2022-06-27
2022-06-18,38.903871,-76.995202,Ward 6,2022-06-21
2022-06-18,38.931320,-77.020308,Ward 1,2022-06-21
2022-06-18,38.903440,-77.000352,Ward 6,2022-06-21
2022-06-18,38.892399,-76.976480,Ward 6,2022-06-21
2022-06-18,38.940907,-76.973128,Ward 5,2022-06-21
2022-06-18,38.911481,-77.038241,Ward 2,2022-06-22
2022-06-18,38.914259,-77.015591,Ward 5,2022-06-27
2022-06-18,38.931341,-77.099294,Ward 3,2022-06-20
2022-06-18,38.925943,-77.026489,Ward 1,2022-06-26
2022-06-18,38.940724,-76.989749,Ward 5,2022-06-21
2022-06-18,38.896813,-77.001803,Ward 6,2022-06-21
2022-06-18,38.920277,-77.042139,Ward 1,2022-06-21
2022-06-18,38.900099,-77.016880,Ward 2,2022-06-24
2022-06-19,38.901960,-76.994000,Ward 6,2022-06-23
2022-06-19,38.912134,-77.048345,Ward 2,2022-06-24
2022-06-19,38.890343,-76.960969,Ward 7,2022-06-23
2022-06-19,38.933331,-77.040996,Ward 1,2022-06-24
2022-06-19,38.912096,-77.011678,Ward 5,2022-06-27
2022-06-19,38.952963,-77.025403,Ward 4,2022-06-23
2022-06-19,38.880519,-77.012750,Ward 6,2022-06-23
2022-06-19,38.920671,-77.025220,Ward 1,2022-06-28
2022-06-19,38.903780,-76.991989,Ward 5,2022-06-27
2022-06-19,38.914230,-77.019681,Ward 6,2022-06-29
2022-06-19,38.905835,-77.000394,Ward 6,2022-06-21
2022-06-19,38.904044,-77.039224,Ward 2,2022-06-24
2022-06-19,38.965834,-77.022242,Ward 4,2022-06-21
2022-06-19,38.888502,-76.979166,Ward 6,2022-06-23
2022-06-20,38.934738,-77.034331,Ward 1,2022-06-21
2022-06-20,38.957822,-77.006010,Ward 4,2022-06-21
2022-06-20,38.899549,-76.990529,Ward 6,2022-06-21
2022-06-20,38.901519,-76.994193,Ward 6,2022-06-23
2022-06-20,38.908338,-76.985995,Ward 5,2022-06-27
2022-06-20,38.928248,-77.026848,Ward 1,2022-06-24
2022-06-20,38.929245,-77.019735,Ward 1,2022-06-28
2022-06-20,38.935832,-77.035354,Ward 1,2022-06-24
2022-06-20,38.916159,-77.023690,Ward 1,2022-06-21
2022-06-20,38.954660,-77.023675,Ward 4,2022-06-23
2022-06-20,38.905227,-76.999757,Ward 6,2022-06-23
2022-06-20,38.884100,-76.980766,Ward 6,2022-06-22
2022-06-20,38.888918,-76.978773,Ward 7,2022-06-23
2022-06-20,38.907463,-77.009464,Ward 5,2022-06-27
2022-06-20,38.927829,-77.103879,Ward 3,2022-06-23
2022-06-20,38.902599,-76.970667,Ward 5,2022-06-23
2022-06-20,38.934523,-77.035188,Ward 1,2022-06-24
2022-06-20,38.936392,-76.987225,Ward 5,2022-06-21
2022-06-20,38.897505,-76.992123,Ward 6,2022-06-21
2022-06-20,38.870014,-76.979254,Ward 8,2022-06-23
2022-06-20,38.949923,-77.034909,Ward 4,2022-06-21
2022-06-20,38.913704,-77.020232,Ward 6,2022-06-29
2022-06-20,38.919339,-77.033423,Ward 1,2022-06-21
2022-06-21,38.902316,-76.930473,Ward 7,2022-06-28
2022-06-21,38.919423,-77.014070,Ward 5,2022-06-21
2022-06-21,38.915745,-77.031573,Ward 1,2022-06-21
2022-06-21,38.845969,-76.997284,Ward 8,2022-06-30
2022-06-21,38.905646,-77.016174,Ward 6,2022-06-29
2022-06-21,38.929025,-77.073106,Ward 3,2022-06-23
2022-06-21,38.917329,-76.972439,Ward 5,2022-06-27
2022-06-21,38.902929,-77.024043,Ward 2,2022-06-24
2022-06-21,38.904431,-77.027347,Ward 2,2022-06-24
2022-06-21,38.958162,-77.079535,Ward 3,2022-06-23
2022-06-21,38.914210,-77.068168,Ward 2,2022-06-23
2022-06-21,38.859562,-76.968191,Null,2022-06-29
2022-06-21,38.960794,-77.073761,Ward 3,2022-06-24
2022-06-21,38.870326,-76.967505,Ward 7,2022-06-23
2022-06-21,38.877968,-76.985802,Ward 6,2022-06-22
2022-06-21,38.894617,-76.985713,Ward 6,2022-06-24
2022-06-21,38.891423,-77.002317,Ward 6,2022-06-24
2022-06-21,38.891423,-77.002317,Ward 6,2022-06-24
2022-06-21,38.903912,-77.002651,Ward 6,2022-06-23
2022-06-21,38.941018,-77.033039,Ward 4,2022-06-23
2022-06-21,38.887891,-76.988057,Ward 6,2022-06-24
2022-06-21,38.889787,-76.958056,Ward 7,2022-06-22
2022-06-21,38.889481,-76.917978,Ward 7,2022-06-24
2022-06-21,38.927558,-76.971837,Ward 5,2022-06-27
2022-06-21,38.927925,-76.977085,Ward 5,2022-06-27
2022-06-21,38.907707,-77.083949,Ward 3,2022-06-23
2022-06-21,38.910520,-77.010635,Ward 5,2022-06-28
2022-06-21,38.918773,-77.072768,Ward 3,2022-06-23
2022-06-21,38.907666,-77.011909,Ward 5,2022-06-24
2022-06-21,38.909486,-77.009450,Ward 5,2022-06-24
2022-06-21,38.899667,-76.995250,Ward 6,2022-06-23
2022-06-21,38.901295,-76.928230,Ward 7,2022-06-28
2022-06-21,38.897505,-76.992123,Ward 6,2022-06-23
2022-06-21,38.903544,-76.992464,Ward 6,2022-06-23
2022-06-21,38.903745,-76.990249,Ward 5,2022-06-27
2022-06-22,38.903323,-76.992833,Ward 6,2022-06-23
2022-06-22,38.869711,-76.958776,Ward 7,2022-06-28
2022-06-22,38.854942,-76.980230,Ward 8,2022-06-23
2022-06-22,38.882936,-77.014429,Ward 6,2022-06-22
2022-06-22,38.932690,-77.027364,Ward 1,2022-06-29
2022-06-22,38.915408,-77.030370,Ward 1,2022-06-26
2022-06-22,38.953609,-77.016192,Ward 4,2022-06-27
2022-06-22,38.917392,-77.003699,Ward 5,2022-06-27
2022-06-22,38.851391,-76.963958,Ward 8,2022-06-28
2022-06-22,38.851391,-76.963958,Ward 8,2022-06-28
2022-06-22,38.834147,-76.995892,Ward 8,2022-06-24
2022-06-22,38.834147,-76.995892,Ward 8,2022-06-24
2022-06-22,38.957583,-77.030101,Ward 4,2022-06-28
2022-06-22,38.908743,-77.046091,Ward 2,2022-06-27
2022-06-22,38.914963,-77.035513,Ward 2,2022-06-24
2022-06-22,38.841184,-77.000290,Ward 8,2022-06-28
2022-06-22,38.914411,-77.066756,Ward 2,2022-06-24
2022-06-22,38.861631,-76.959959,Ward 7,2022-06-28
2022-06-22,38.883098,-76.945370,Ward 7,2022-06-24
2022-06-22,38.901690,-76.939872,Ward 7,2022-06-30
2022-06-22,38.919716,-77.001429,Ward 5,2022-06-23
2022-06-22,38.965263,-77.014241,Ward 4,2022-06-23
2022-06-22,38.876834,-76.961040,Ward 7,2022-06-23
2022-06-22,38.899747,-76.925144,Ward 7,2022-06-28
2022-06-22,38.921538,-76.964590,Ward 5,2022-06-27
2022-06-22,38.961799,-77.069956,Ward 3,2022-06-23
2022-06-22,38.935925,-77.033339,Ward 1,2022-06-28
2022-06-22,38.936367,-77.030630,Ward 1,2022-06-28
2022-06-22,38.908887,-77.011417,Ward 5,2022-06-28
2022-06-22,38.874553,-76.971871,Ward 7,2022-06-27
2022-06-22,38.933944,-77.021838,Ward 1,2022-06-26
2022-06-22,38.915043,-77.039419,Ward 2,2022-06-24
2022-06-22,38.896954,-76.988081,Ward 6,2022-06-23
2022-06-22,38.933964,-77.024834,Ward 1,2022-06-28
2022-06-22,38.924019,-77.026073,Ward 1,2022-06-28
2022-06-22,38.933341,-77.025379,Ward 1,2022-06-29
2022-06-22,38.940280,-77.021035,Ward 4,2022-06-28
2022-06-22,38.950526,-77.079058,Ward 3,2022-06-23
2022-06-22,38.951676,-77.028696,Ward 4,2022-06-28
2022-06-22,38.937189,-77.023978,Ward 4,2022-06-27
2022-06-22,38.861373,-76.984667,Ward 8,2022-06-28
2022-06-22,38.935832,-77.035354,Ward 1,2022-06-24
2022-06-22,38.934338,-77.034009,Ward 1,2022-06-26
2022-06-22,38.896247,-76.976960,Ward 7,2022-06-28
2022-06-22,38.909650,-77.029601,Ward 2,2022-06-27
2022-06-22,38.927889,-77.023888,Ward 1,2022-06-26
2022-06-23,38.900676,-76.949622,Ward 7,2022-06-23
2022-06-23,38.902195,-76.930698,Ward 7,2022-06-28
2022-06-23,38.909210,-76.983966,Ward 5,2022-06-27
2022-06-23,38.896004,-76.920269,Ward 7,2022-06-28
2022-06-23,38.927175,-76.963410,Ward 5,2022-06-27
2022-06-23,38.981626,-77.037477,Ward 4,2022-06-28
2022-06-23,38.893409,-76.988055,Ward 6,2022-06-24
2022-06-23,38.905105,-76.987958,Ward 5,2022-06-27
2022-06-23,38.922448,-76.951426,Ward 5,2022-06-23
2022-06-23,38.906693,-77.008462,Ward 6,2022-06-29
2022-06-23,38.920007,-76.997544,Ward 5,2022-06-23
2022-06-23,38.912607,-77.027894,Ward 2,2022-06-27
2022-06-23,38.887798,-76.980287,Ward 6,2022-06-24
2022-06-23,38.913347,-77.036513,Ward 2,2022-06-27
2022-06-23,38.878375,-76.963114,Ward 7,2022-06-27
2022-06-23,38.903949,-77.027050,Ward 2,2022-06-27
2022-06-23,38.893479,-76.982467,Ward 6,2022-06-24
2022-06-23,38.943741,-76.985948,Ward 5,2022-06-28
2022-06-23,38.912844,-77.007728,Ward 5,2022-06-28
2022-06-23,38.954969,-77.027207,Ward 4,2022-06-28
2022-06-23,38.901525,-76.994381,Ward 6,2022-06-24
2022-06-23,38.893722,-77.001622,Ward 6,2022-06-27
2022-06-23,38.911873,-77.066644,Ward 2,2022-06-27
2022-06-23,38.903909,-76.982186,Ward 5,2022-06-27
2022-06-23,38.899267,-76.950897,Ward 7,2022-06-28
2022-06-23,38.888983,-76.938493,Ward 7,2022-07-08
2022-06-23,38.926872,-76.995237,Ward 5,2022-06-27
2022-06-23,38.940685,-77.022811,Ward 4,2022-06-27
2022-06-23,38.899966,-76.987438,Ward 6,2022-06-27
2022-06-23,38.888545,-76.995930,Ward 6,2022-06-29
2022-06-23,38.941699,-77.024359,Ward 4,2022-06-28
2022-06-23,38.888578,-76.930163,Ward 7,2022-06-28
2022-06-23,38.910993,-77.068050,Ward 2,2022-06-27
2022-06-23,38.895978,-76.975221,Ward 7,2022-06-24
2022-06-23,38.931332,-76.965784,Ward 5,2022-06-28
2022-06-23,38.928440,-76.971916,Ward 5,2022-06-24
2022-06-23,38.928311,-76.971932,Ward 5,2022-06-24
2022-06-23,38.927716,-76.971470,Ward 5,2022-06-24
2022-06-23,38.922192,-76.974356,Ward 5,2022-06-24
2022-06-23,38.916638,-77.005090,Ward 5,2022-06-24
2022-06-23,38.942858,-76.983663,Ward 5,2022-06-24
2022-06-23,38.954660,-77.023675,Ward 4,2022-06-27
2022-06-23,38.915365,-77.030900,Ward 1,2022-06-26
2022-06-23,38.909986,-76.985389,Ward 5,2022-06-27
2022-06-23,38.867520,-76.988082,Ward 8,2022-06-24
2022-06-23,38.888322,-76.985824,Ward 6,2022-06-29
2022-06-23,38.933015,-77.033034,Ward 1,2022-06-28
2022-06-23,38.902551,-76.987484,Ward 5,2022-06-29
2022-06-24,38.909598,-76.993582,Ward 5,2022-07-06
2022-06-24,38.912349,-77.028381,Ward 2,2022-06-27
2022-06-24,38.900387,-77.053513,Ward 2,2022-06-24
2022-06-24,38.895462,-76.979199,Ward 6,2022-06-24
2022-06-24,38.932653,-77.031926,Ward 1,2022-06-28
2022-06-24,38.936343,-76.965340,Ward 5,2022-06-27
2022-06-24,38.908524,-77.014694,Ward 5,2022-06-28
2022-06-24,38.902498,-76.986490,Ward 5,2022-06-29
2022-06-24,38.932690,-77.027364,Ward 1,2022-06-29
2022-06-24,38.898845,-76.917781,Ward 7,2022-06-28
2022-06-24,38.931881,-77.039088,Ward 1,2022-06-28
2022-06-24,38.908809,-76.984951,Ward 5,2022-06-29
2022-06-24,38.874408,-76.934127,Ward 7,2022-07-26
2022-06-24,38.882936,-77.014429,Ward 6,2022-06-24
2022-06-24,38.899124,-76.976618,Ward 5,2022-06-29
2022-06-24,38.917233,-76.993764,Ward 5,2022-06-29
2022-06-24,38.864883,-76.968675,Ward 7,2022-07-18
2022-06-24,38.932892,-77.027660,Ward 1,2022-06-27
2022-06-24,38.887779,-76.983367,Ward 6,2022-06-29
2022-06-24,38.870878,-77.012393,Ward 6,2022-06-29
2022-06-24,38.889801,-76.983645,Null,2022-08-09
2022-06-24,38.899069,-76.979668,Ward 6,2022-06-29
2022-06-24,38.918985,-77.002772,Ward 5,2022-06-28
2022-06-24,38.921275,-76.986101,Ward 5,2022-06-28
2022-06-24,38.919657,-76.982069,Ward 5,2022-06-28
2022-06-24,38.906298,-77.012978,Ward 5,2022-06-28
2022-06-24,38.884277,-76.981867,Ward 7,2022-09-07
2022-06-24,38.918285,-77.037257,Ward 1,2022-06-30
2022-06-24,38.905192,-76.975429,Ward 5,2022-06-29
2022-06-24,38.882936,-77.014429,Ward 6,2022-07-15
2022-06-24,38.882936,-77.014429,Ward 6,2022-07-15
2022-06-24,38.922905,-77.032786,Ward 1,2022-06-27
2022-06-24,38.965263,-77.014241,Ward 4,2022-06-27
2022-06-24,38.933702,-76.987603,Ward 5,2022-06-27
2022-06-24,38.929918,-77.030899,Ward 1,2022-06-24
2022-06-24,38.908575,-77.029625,Ward 2,2022-06-29
2022-06-24,38.932481,-77.031800,Ward 1,2022-06-27
2022-06-24,38.917984,-77.034823,Ward 1,2022-06-27
2022-06-24,38.870558,-76.980535,Ward 8,2022-06-30
2022-06-24,38.827941,-77.008536,Ward 8,2022-06-28
2022-06-24,38.915807,-77.012733,Ward 5,2022-07-06
2022-06-25,38.918974,-77.023663,Ward 1,2022-06-28
2022-06-25,38.904284,-76.990579,Ward 5,2022-06-29
2022-06-25,38.860578,-76.973341,Ward 8,2022-06-29
2022-06-25,38.903270,-76.995899,Ward 6,2022-06-27
2022-06-25,38.866118,-76.987485,Ward 8,2022-06-30
2022-06-25,38.912791,-77.031099,Ward 2,2022-06-30
2022-06-25,38.833169,-76.988049,Ward 8,2022-06-30
2022-06-25,38.918586,-77.031623,Ward 1,2022-06-27
2022-06-25,38.884731,-77.001395,Ward 6,2022-06-29
2022-06-25,38.917392,-77.003699,Ward 5,2022-06-27
2022-06-25,38.869298,-76.975734,Ward 8,2022-07-01
2022-06-25,38.915909,-77.007752,Ward 5,2022-06-29
2022-06-25,38.862448,-76.979859,Ward 8,2022-06-29
2022-06-25,38.903542,-76.993565,Ward 6,2022-06-27
2022-06-25,38.903558,-76.993422,Ward 6,2022-06-27
2022-06-25,38.882749,-77.025486,Ward 6,2022-07-01
2022-06-25,38.873936,-76.938405,Ward 7,2022-07-01
2022-06-25,38.877768,-76.943296,Ward 7,2022-06-30
2022-06-25,38.920785,-77.040252,Ward 1,2022-06-28
2022-06-26,38.918341,-77.026727,Ward 1,2022-06-28
2022-06-26,38.910861,-77.067998,Ward 2,2022-06-29
2022-06-26,38.900387,-77.053513,Ward 2,2022-06-30
2022-06-26,38.866445,-76.987393,Ward 8,2022-07-01
2022-06-26,38.866026,-76.987190,Ward 8,2022-07-01
2022-06-26,38.970917,-77.025319,Ward 4,2022-06-27
2022-06-26,38.916406,-77.004893,Ward 5,2022-06-30
2022-06-26,38.832178,-76.989186,Ward 8,2022-06-30
2022-06-26,38.943078,-77.026060,Ward 4,2022-06-27
2022-06-26,38.893029,-76.947488,Ward 7,2022-06-28
2022-06-26,38.903316,-76.931427,Ward 7,2022-06-27
2022-06-26,38.927937,-77.026845,Ward 1,2022-06-29
2022-06-26,38.928248,-77.026848,Ward 1,2022-06-29
2022-06-26,38.864095,-76.984369,Ward 8,2022-06-30
2022-06-26,38.919344,-77.039155,Ward 1,2022-06-29
2022-06-26,38.919344,-77.039155,Ward 1,2022-06-26
2022-06-26,38.913044,-77.008084,Ward 5,2022-07-06
2022-06-26,38.887081,-76.924928,Ward 7,2022-07-01
2022-06-26,38.938483,-77.030077,Ward 4,2022-06-26
2022-06-26,38.938892,-77.030851,Ward 4,2022-06-28
2022-06-26,38.904547,-76.997522,Ward 6,2022-06-29
2022-06-26,38.889172,-76.981991,Ward 6,2022-06-30
2022-06-26,38.906790,-76.998992,Ward 5,2022-06-29
2022-06-26,38.904619,-76.981315,Ward 5,2022-07-07
2022-06-26,38.912850,-77.003248,Ward 5,2022-06-30
2022-06-26,38.917404,-77.008128,Ward 5,2022-06-29
2022-06-26,38.904427,-77.001489,Ward 6,2022-06-27
2022-06-26,38.894502,-76.988076,Ward 6,2022-06-27
2022-06-26,38.885832,-76.926092,Ward 7,2022-07-01
2022-06-27,38.893773,-76.922944,Ward 7,2022-06-28
2022-06-27,38.934918,-76.965334,Ward 5,2022-06-27
2022-06-27,38.943584,-76.983395,Ward 5,2022-07-06
2022-06-27,38.937197,-76.994841,Ward 5,2022-07-06
2022-06-27,38.898305,-76.981463,Ward 6,2022-06-30
2022-06-27,38.927026,-76.971142,Ward 5,2022-07-06
2022-06-27,38.905826,-76.975622,Ward 5,2022-06-29
2022-06-27,38.923205,-76.963015,Ward 5,2022-06-29
2022-06-27,38.899063,-76.940894,Ward 7,2022-07-01
2022-06-27,38.905889,-77.018045,Ward 6,2022-06-29
2022-06-27,38.914625,-77.014562,Ward 5,2022-07-01
2022-06-27,38.907481,-76.987707,Ward 5,2022-06-28
2022-06-27,38.907645,-76.988047,Ward 5,2022-06-28
2022-06-27,38.935965,-77.030581,Ward 1,2022-06-28
2022-06-27,38.898076,-76.980201,Ward 6,2022-06-30
2022-06-27,38.876790,-76.967236,Ward 7,2022-06-30
2022-06-27,38.913323,-77.032386,Ward 2,2022-06-29
2022-06-27,38.876263,-76.938996,Ward 7,2022-07-08
2022-06-27,38.914758,-77.068256,Ward 2,2022-06-29
2022-06-27,38.888983,-76.938493,Ward 7,2022-07-08
2022-06-27,38.875716,-76.938940,Ward 7,2022-07-08
2022-06-27,38.945542,-77.017058,Ward 4,2022-07-01
2022-06-27,38.884022,-77.006516,Ward 6,2022-06-30
2022-06-27,38.939184,-77.025061,Ward 4,2022-06-28
2022-06-27,38.889552,-76.988053,Ward 6,2022-06-30
2022-06-27,38.887267,-76.920952,Ward 7,2022-07-26
2022-06-27,38.903037,-76.995939,Ward 6,2022-06-29
2022-06-27,38.910909,-77.013595,Ward 5,2022-07-06
2022-06-27,38.916756,-77.037897,Ward 2,2022-06-29
2022-06-27,38.921813,-76.986269,Ward 5,2022-07-06
2022-06-27,38.887618,-76.916488,Ward 7,2022-07-26
2022-06-27,38.889534,-76.981802,Ward 6,2022-06-30
2022-06-27,38.926184,-77.077048,Ward 3,2022-06-29
2022-06-27,38.964762,-77.018438,Ward 4,2022-06-28
2022-06-27,38.934831,-77.052684,Ward 3,2022-06-29
2022-06-27,38.935658,-77.032411,Ward 1,2022-06-28
2022-06-27,38.911254,-76.985138,Ward 5,2022-06-28
2022-06-27,38.903397,-77.058215,Ward 2,2022-06-30
2022-06-27,38.936392,-76.987225,Ward 5,2022-06-29
2022-06-27,38.939550,-77.021249,Ward 4,2022-06-28
2022-06-27,38.896299,-76.986631,Ward 6,2022-06-29
2022-06-27,38.891365,-76.985246,Ward 6,2022-06-28
2022-06-28,38.952454,-77.014464,Ward 4,2022-06-28
2022-06-28,38.915335,-77.039608,Ward 2,2022-06-29
2022-06-28,38.958244,-77.018893,Ward 4,2022-06-28
2022-06-28,38.923900,-76.997498,Ward 5,2022-06-29
2022-06-28,38.941699,-77.024359,Ward 4,2022-06-28
2022-06-28,38.898370,-76.939190,Ward 7,2022-07-01
2022-06-28,38.918384,-77.026165,Ward 1,2022-06-28
2022-06-28,38.936354,-76.973137,Ward 5,2022-06-30
2022-06-28,38.934569,-77.027200,Ward 1,2022-06-30
2022-06-28,38.905453,-76.936912,Ward 7,2022-07-06
2022-06-28,38.908411,-77.009376,Ward 5,2022-06-29
2022-06-28,38.935965,-77.030581,Ward 1,2022-06-28
2022-06-28,38.906996,-77.032373,Ward 2,2022-06-30
2022-06-28,38.903298,-77.000803,Ward 6,2022-06-29
2022-06-28,38.933696,-77.020942,Ward 1,2022-06-29
2022-06-28,38.924019,-77.026073,Ward 1,2022-07-06
2022-06-28,38.884559,-76.923650,Ward 7,2022-07-01
2022-06-28,38.956398,-77.006005,Ward 4,2022-07-01
2022-06-28,38.864962,-76.946673,Ward 7,2022-07-01
2022-06-28,38.845701,-76.999444,Ward 8,2022-07-01
2022-06-28,38.909456,-77.014410,Ward 5,2022-07-07
2022-06-28,38.902760,-76.994649,Ward 6,2022-06-30
2022-06-28,38.935925,-77.033339,Ward 1,2022-06-29
2022-06-28,38.933018,-77.028768,Ward 1,2022-07-05
2022-06-28,38.956661,-77.019077,Ward 4,2022-07-01
2022-06-28,38.906258,-77.030848,Ward 2,2022-06-30
2022-06-28,38.902183,-77.005586,Ward 6,2022-07-05
2022-06-28,38.946488,-77.066275,Ward 3,2022-06-29
2022-06-28,38.947486,-77.065037,Ward 3,2022-06-30
2022-06-28,38.944499,-77.063170,Ward 3,2022-06-29
2022-06-28,38.853022,-76.973209,Ward 8,2022-06-29
2022-06-28,38.861329,-76.984548,Ward 8,2022-06-30
2022-06-28,38.943386,-77.015213,Ward 4,2022-07-01
2022-06-28,38.915837,-77.012684,Ward 5,2022-06-30
2022-06-28,38.948123,-77.093035,Ward 3,2022-06-29
2022-06-28,38.876714,-76.964218,Ward 7,2022-06-30
2022-06-28,38.933696,-77.020942,Ward 1,2022-06-29
2022-06-28,38.943398,-77.016399,Ward 4,2022-06-29
2022-06-28,38.903234,-76.992414,Ward 6,2022-06-29
2022-06-28,38.903234,-76.992414,Ward 6,2022-06-29
2022-06-28,38.897835,-76.980121,Ward 7,2022-06-29
2022-06-28,38.921482,-76.963123,Ward 5,2022-06-29
2022-06-28,38.903901,-76.925620,Ward 7,2022-07-22
2022-06-28,38.926872,-76.995237,Ward 5,2022-06-29
2022-06-28,38.933509,-77.024141,Ward 1,2022-06-29
2022-06-28,38.912403,-77.020557,Ward 6,2022-07-05
2022-06-28,38.885222,-76.981013,Ward 6,2022-06-30
2022-06-28,38.956763,-77.006041,Ward 4,2022-07-01
2022-06-28,38.946324,-77.035641,Ward 4,2022-06-29
2022-06-28,38.868947,-76.980238,Ward 8,2022-07-01
2022-06-28,38.924677,-77.041423,Ward 1,2022-06-29
2022-06-29,38.917140,-77.009300,Ward 5,2022-07-01
2022-06-29,38.912042,-77.008439,Ward 5,2022-06-30
2022-06-29,38.914119,-76.985286,Ward 5,2022-07-01
2022-06-29,38.949877,-77.081500,Ward 3,2022-06-29
2022-06-29,38.912117,-77.012157,Ward 5,2022-07-05
2022-06-29,38.890323,-76.950104,Ward 7,2022-07-06
2022-06-29,38.942301,-76.988555,Ward 5,2022-06-30
2022-06-29,38.900868,-77.053685,Ward 2,2022-07-05
2022-06-29,38.903949,-77.027050,Ward 2,2022-07-06
2022-06-29,38.917421,-77.018246,Ward 1,2022-07-05
2022-06-29,38.889787,-76.958056,Ward 7,2022-07-01
2022-06-29,38.945947,-77.026978,Ward 4,2022-07-01
2022-06-29,38.890596,-76.924893,Ward 7,2022-07-06
2022-06-29,38.914948,-77.034899,Ward 2,2022-07-06
2022-06-29,38.891521,-77.002278,Ward 6,2022-07-05
2022-06-29,38.949580,-77.015526,Ward 4,2022-08-02
2022-06-29,38.887267,-76.920952,Ward 7,2022-07-26
2022-06-29,38.840407,-77.004213,Ward 8,2022-07-08
2022-06-29,38.893302,-76.977259,Null,2022-07-01
2022-06-29,38.923350,-77.040086,Ward 1,2022-06-30
2022-06-29,38.935832,-77.035354,Ward 1,2022-07-05
2022-06-29,38.892717,-76.909883,Ward 7,2022-07-01
2022-06-29,38.917984,-77.034823,Ward 1,2022-07-05
2022-06-29,38.895928,-76.988556,Ward 6,2022-06-30
2022-06-29,38.913713,-77.008713,Ward 5,2022-07-05
2022-06-29,38.947687,-77.016217,Ward 4,2022-07-01
2022-06-29,38.844177,-76.992701,Ward 8,2022-07-28
2022-06-29,38.914455,-77.013942,Ward 5,2022-07-05
2022-06-29,38.867295,-76.986805,Ward 8,2022-07-27
2022-06-29,38.921510,-77.008703,Ward 5,2022-07-01
2022-06-29,38.933696,-77.020942,Ward 1,2022-06-30
2022-06-29,38.924483,-77.079009,Ward 3,2022-06-30
2022-06-29,38.913786,-77.038208,Ward 2,2022-07-08
2022-06-29,38.902029,-76.929771,Ward 7,2022-07-06
2022-06-29,38.920386,-77.042727,Ward 1,2022-07-05
2022-06-29,38.910259,-77.030223,Ward 2,2022-07-06
2022-06-29,38.913168,-77.024224,Ward 6,2022-07-01
2022-06-29,38.958677,-77.023252,Ward 4,2022-07-01
2022-06-29,38.923491,-77.034071,Ward 1,2022-07-05
2022-06-29,38.849439,-76.980094,Ward 8,2022-07-28
2022-06-29,38.905192,-76.975429,Ward 5,2022-07-05
2022-06-30,38.951364,-77.009766,Ward 4,2022-07-01
2022-06-30,38.958337,-77.022713,Ward 4,2022-07-01
2022-06-30,38.919003,-77.029876,Ward 1,2022-07-05
2022-06-30,38.935280,-76.974815,Ward 5,2022-07-05
2022-06-30,38.920856,-76.959543,Ward 5,2022-07-05
2022-06-30,38.913884,-77.008331,Ward 5,2022-07-07
2022-06-30,38.913986,-77.007868,Ward 5,2022-07-05
2022-06-30,38.898593,-76.941974,Ward 7,2022-07-26
2022-06-30,38.941190,-77.017728,Ward 4,2022-07-01
2022-06-30,38.881465,-76.986854,Ward 6,2022-06-30
2022-06-30,38.906732,-76.985915,Ward 5,2022-07-14
2022-06-30,38.933018,-77.028768,Ward 1,2022-07-05
2022-06-30,38.943211,-77.007193,Ward 5,2022-07-07
2022-06-30,38.924130,-76.952993,Ward 5,2022-07-07
2022-06-30,38.903035,-76.982024,Ward 5,2022-07-07
2022-06-30,38.925615,-77.034036,Ward 1,2022-07-01
2022-06-30,38.885624,-76.991790,Ward 6,2022-07-05
2022-06-30,38.905653,-77.066267,Ward 2,2022-07-26
2022-06-30,38.899744,-76.927583,Ward 7,2022-07-01
2022-06-30,38.909098,-77.009439,Ward 5,2022-07-05
2022-06-30,38.913474,-77.031600,Ward 2,2022-07-08
2022-06-30,38.868514,-76.948023,Ward 7,2022-07-06
2022-06-30,38.906381,-77.026212,Ward 2,2022-07-06
2022-06-30,38.907673,-77.023231,Ward 2,2022-07-12
2022-06-30,38.912991,-77.013691,Ward 5,2022-08-01
2022-06-30,38.907497,-77.029358,Ward 2,2022-07-13
2022-06-30,38.901485,-77.000350,Ward 6,2022-07-06
2022-06-30,38.961018,-77.059751,Ward 4,2022-07-06
2022-06-30,38.945315,-77.017623,Ward 4,2022-07-01
2022-06-30,38.952122,-77.010684,Ward 4,2022-07-01
2022-06-30,38.832110,-76.988825,Ward 8,2022-07-06
2022-06-30,38.918991,-77.013220,Ward 5,2022-07-07
2022-06-30,38.961335,-77.060108,Ward 4,2022-07-13
2022-06-30,38.940072,-77.020447,Ward 4,2022-08-02
2022-06-30,38.936487,-77.069252,Ward 3,2022-07-05
2022-06-30,38.908843,-77.082238,Ward 3,2022-07-05
2022-06-30,38.925740,-77.026002,Ward 1,2022-07-05
2022-06-30,38.888499,-76.980006,Ward 6,2022-07-12
2022-06-30,38.914667,-77.017305,Ward 1,2022-07-06
2022-06-30,38.898437,-76.985244,Ward 6,2022-07-06
2022-07-01,38.884887,-77.003993,Ward 6,2022-07-05
2022-07-01,38.909783,-77.031452,Ward 2,2022-07-05
2022-07-01,38.905824,-77.066169,Ward 2,2022-07-05
2022-07-01,38.912809,-77.024384,Ward 6,2022-07-12
2022-07-01,38.875797,-76.985599,Ward 6,2022-07-12
2022-07-01,38.907408,-77.010699,Ward 5,2022-07-05
2022-07-01,38.959980,-77.007902,Ward 4,2022-07-12
2022-07-01,38.925037,-77.008136,Ward 5,2022-07-22
2022-07-01,38.887317,-76.983435,Ward 6,2022-07-12
2022-07-01,38.902183,-77.005586,Ward 6,2022-07-05
2022-07-01,38.930712,-77.041573,Ward 1,2022-07-12
2022-07-01,38.936392,-76.987225,Ward 5,2022-07-06
2022-07-01,38.909378,-77.026228,Ward 2,2022-07-06
2022-07-01,38.960784,-77.060165,Ward 4,2022-07-13
2022-07-01,38.940450,-77.025449,Ward 4,2022-07-08
2022-07-01,38.911322,-77.023582,Ward 2,2022-07-08
2022-07-01,38.851220,-76.965250,Ward 8,2022-07-06
2022-07-01,38.934395,-77.031084,Ward 1,2022-07-07
2022-07-01,38.931723,-77.026932,Ward 1,2022-07-06
2022-07-01,38.963443,-77.007083,Ward 4,2022-07-12
2022-07-01,38.906418,-77.030006,Ward 2,2022-07-15
2022-07-01,38.896491,-76.981580,Ward 6,2022-07-05
2022-07-01,38.886197,-76.993037,Ward 6,2022-07-12
2022-07-01,38.843989,-76.993719,Ward 8,2022-07-08
2022-07-01,38.905612,-77.066265,Ward 2,2022-07-08
2022-07-01,38.963608,-77.020094,Ward 4,2022-07-11
2022-07-01,38.893452,-76.992427,Ward 6,2022-07-11
2022-07-01,38.893452,-76.992427,Ward 6,2022-07-06
2022-07-01,38.940627,-77.040243,Ward 4,2022-08-05
2022-07-01,38.921293,-76.964937,Ward 5,2022-12-13
2022-07-01,38.889514,-76.982756,Ward 6,2022-07-12
2022-07-01,38.917382,-77.018334,Ward 1,2022-07-08
2022-07-01,38.918363,-77.006058,Ward 5,2022-07-07
2022-07-01,38.917461,-77.024731,Ward 1,2022-07-08
2022-07-01,38.911840,-77.019616,Ward 6,2022-07-12
2022-07-01,38.925045,-76.992683,Ward 5,2022-07-19
2022-07-01,38.895925,-76.996821,Ward 6,2022-07-05
2022-07-01,38.962179,-77.005676,Ward 4,2022-07-12
2022-07-01,38.912266,-77.020130,Ward 6,2022-07-12
2022-07-01,38.847607,-76.999736,Ward 8,2022-07-06
2022-07-01,38.905351,-77.066269,Ward 2,2022-07-05
2022-07-01,38.934393,-77.031010,Ward 1,2022-07-13
2022-07-01,38.910305,-77.030144,Ward 2,2022-07-08
2022-07-02,38.866026,-76.987190,Ward 8,2022-07-28
2022-07-02,38.933590,-77.022252,Ward 1,2022-07-18
2022-07-02,38.898945,-77.054291,Ward 2,2022-07-05
2022-07-02,38.894937,-76.984476,Ward 6,2022-07-05
2022-07-02,38.941727,-77.024537,Ward 4,2022-08-11
2022-07-02,38.893446,-76.984356,Ward 6,2022-07-12
2022-07-02,38.893733,-76.983842,Ward 6,2022-07-05
2022-07-02,38.901092,-77.001200,Ward 6,2022-07-07
2022-07-02,38.930600,-77.021306,Ward 1,2022-07-15
2022-07-02,38.938483,-77.029937,Ward 4,2022-08-11
2022-07-02,38.932982,-77.026011,Ward 1,2022-07-06
2022-07-02,38.872935,-76.968962,Ward 7,2022-07-08
2022-07-02,38.872935,-76.967771,Ward 7,2022-07-06
2022-07-02,38.972815,-77.013544,Ward 4,2022-07-21
2022-07-02,38.885577,-77.001817,Ward 6,2022-07-12
2022-07-03,38.901479,-76.931209,Ward 7,2022-07-12
2022-07-03,38.957657,-77.022619,Ward 4,2022-08-11
2022-07-03,38.916265,-77.029349,Ward 1,2022-07-06
2022-07-03,38.933443,-76.992706,Ward 5,2022-07-19
2022-07-03,38.932459,-76.992621,Ward 5,2022-07-07
2022-07-03,38.906799,-77.013825,Ward 6,2022-07-06
2022-07-03,38.906282,-77.014012,Ward 6,2022-07-06
2022-07-03,38.974748,-77.018244,Ward 4,2022-08-10
2022-07-03,38.906276,-77.014361,Ward 6,2022-07-12
2022-07-03,38.897504,-76.992185,Ward 6,2022-07-06
2022-07-03,38.934741,-77.029290,Ward 1,2022-07-13
2022-07-03,38.901519,-76.994193,Ward 6,2022-07-06
2022-07-03,38.916011,-77.034807,Ward 2,2022-07-08
2022-07-03,38.935986,-77.033582,Ward 1,2022-07-07
2022-07-04,38.940772,-77.017472,Ward 4,2022-08-02
2022-07-04,38.904168,-76.990318,Ward 5,2022-07-07
2022-07-04,38.875096,-76.966103,Ward 7,2022-07-26
2022-07-04,38.924724,-77.040872,Ward 1,2022-07-07
2022-07-04,38.908272,-76.985665,Ward 5,2022-07-14
2022-07-04,38.900202,-76.993757,Ward 6,2022-07-06
2022-07-04,38.931083,-77.020252,Ward 1,2022-07-06
2022-07-04,38.933670,-77.033157,Ward 1,2022-07-07
2022-07-04,38.909650,-77.029601,Ward 2,2022-07-06
2022-07-04,38.885323,-76.992430,Ward 6,2022-07-12
2022-07-04,38.927638,-77.026988,Ward 1,2022-07-08
2022-07-04,38.912827,-77.024522,Ward 6,2022-07-08
2022-07-04,38.905086,-77.026285,Ward 2,2022-07-15
2022-07-04,38.901627,-77.048556,Ward 2,2022-07-08
2022-07-04,38.902925,-76.929915,Ward 7,2022-07-12
2022-07-04,38.926921,-77.043546,Ward 1,2022-07-12
2022-07-04,38.923492,-77.025699,Ward 1,2022-07-12
2022-07-04,38.906790,-76.998992,Ward 5,2022-07-07
2022-07-04,38.909211,-76.987560,Ward 5,2022-07-18
2022-07-05,38.895841,-76.937982,Ward 7,2022-07-12
2022-07-05,38.899500,-76.938309,Ward 7,2022-07-12
2022-07-05,38.901956,-76.971932,Ward 5,2022-07-15
2022-07-05,38.880914,-76.963260,Ward 7,2022-07-18
2022-07-05,38.926268,-77.025584,Ward 1,2022-07-12
2022-07-05,38.927084,-77.042213,Ward 1,2022-07-12
2022-07-05,38.867423,-76.985303,Ward 8,2022-07-12
2022-07-05,38.912846,-77.007548,Ward 5,2022-07-07
2022-07-05,38.904231,-76.982012,Ward 5,2022-07-14
2022-07-05,38.891729,-76.925904,Ward 7,2022-07-12
2022-07-05,38.904870,-76.984813,Ward 5,2022-07-15
2022-07-05,38.895076,-76.987431,Ward 6,2022-07-06
2022-07-05,38.913516,-77.030333,Ward 2,2022-07-07
2022-07-05,38.906321,-77.016683,Ward 6,2022-07-08
2022-07-05,38.897504,-76.992185,Ward 6,2022-07-06
2022-07-05,38.931751,-77.021024,Ward 1,2022-07-12
2022-07-05,38.910915,-77.065975,Ward 2,2022-07-08
2022-07-05,38.909206,-77.009450,Ward 5,2022-07-21
2022-07-05,38.926947,-77.052516,Ward 3,2022-07-06
2022-07-05,38.915397,-77.030732,Ward 1,2022-07-12
2022-07-05,38.841352,-76.999269,Ward 8,2022-07-08
2022-07-05,38.901394,-77.054294,Ward 2,2022-07-26
2022-07-05,38.934523,-77.035188,Ward 1,2022-07-08
2022-07-05,38.845275,-76.994494,Ward 8,2022-07-28
2022-07-05,38.931248,-77.034816,Ward 1,2022-07-13
2022-07-05,38.916011,-77.037858,Ward 2,2022-07-14
2022-07-05,38.933039,-76.964803,Ward 5,2022-07-21
2022-07-05,38.866165,-76.947946,Ward 7,2022-07-12
2022-07-05,38.919318,-77.024013,Ward 1,2022-07-12
2022-07-05,38.925137,-76.985231,Ward 5,2022-07-06
2022-07-05,38.899095,-76.970987,Ward 5,2022-07-18
2022-07-05,38.903296,-76.992433,Ward 6,2022-07-12
2022-07-05,38.909256,-76.984960,Ward 5,2022-07-14
2022-07-05,38.899022,-77.054343,Ward 2,2022-07-26
2022-07-05,38.924019,-77.026073,Ward 1,2022-07-12
2022-07-05,38.913881,-77.012762,Ward 5,2022-07-08
2022-07-05,38.873518,-77.001096,Ward 6,2022-08-05
2022-07-05,38.929245,-77.019735,Ward 1,2022-07-13
2022-07-05,38.913449,-77.043144,Ward 2,2022-07-14
2022-07-05,38.896585,-76.999231,Ward 6,2022-07-06
2022-07-05,38.904393,-76.982850,Ward 5,2022-07-19
2022-07-05,38.963562,-77.012959,Ward 4,2022-07-12
2022-07-05,38.871322,-76.937420,Ward 7,2022-07-08
2022-07-05,38.924136,-76.991731,Ward 5,2022-07-07
2022-07-05,38.935832,-77.035354,Ward 1,2022-07-12
2022-07-06,38.934300,-77.033663,Ward 1,2022-07-14
2022-07-06,38.885505,-76.988065,Ward 6,2022-08-01
2022-07-06,38.909465,-77.014274,Ward 5,2022-07-07
2022-07-06,38.911134,-77.065927,Ward 2,2022-07-06
2022-07-06,38.938130,-76.974401,Ward 5,2022-07-22
2022-07-06,38.911707,-77.046257,Ward 2,2022-07-12
2022-07-06,38.893943,-76.979213,Ward 6,2022-07-12
2022-07-06,38.942175,-76.990845,Ward 5,2022-07-06
2022-07-06,38.918341,-77.026727,Ward 1,2022-07-06
2022-07-06,38.969744,-77.012365,Ward 4,2022-07-21
2022-07-06,38.905824,-77.066169,Ward 2,2022-07-14
2022-07-06,38.967388,-77.036046,Ward 4,2022-07-13
2022-07-06,38.925162,-77.022664,Ward 1,2022-07-06
2022-07-06,38.892486,-76.926057,Ward 7,2022-08-01
2022-07-06,38.866033,-76.948999,Ward 7,2022-07-27
2022-07-06,38.868394,-76.965982,Ward 7,2022-07-12
2022-07-06,38.921561,-77.044535,Ward 1,2022-07-07
2022-07-06,38.863459,-76.982449,Ward 8,2022-07-11
2022-07-06,38.897831,-76.981605,Ward 6,2022-07-07
2022-07-06,38.931751,-77.020450,Ward 1,2022-07-13
2022-07-06,38.863711,-76.982077,Ward 8,2022-07-11
2022-07-06,38.834068,-76.988024,Ward 8,2022-08-01
2022-07-06,38.955999,-77.030623,Ward 4,2022-07-07
2022-07-06,38.833664,-76.988047,Ward 8,2022-08-01
2022-07-06,38.833922,-76.988412,Ward 8,2022-08-01
2022-07-06,38.853549,-76.970354,Ward 8,2022-07-28
2022-07-06,38.899117,-76.981496,Ward 6,2022-07-07
2022-07-06,38.915842,-77.002332,Ward 5,2022-07-08
2022-07-06,38.871322,-76.937420,Ward 7,2022-07-08
2022-07-06,38.895649,-76.980479,Ward 6,2022-07-07
2022-07-06,38.930067,-77.025413,Ward 1,2022-07-13
2022-07-06,38.933226,-77.021558,Ward 1,2022-07-15
2022-07-06,38.891403,-76.950690,Ward 7,2022-07-12
2022-07-06,38.909986,-76.985389,Ward 5,2022-07-18
2022-07-06,38.901509,-76.994322,Ward 6,2022-07-12
2022-07-06,38.839046,-77.004358,Ward 8,2022-07-28
2022-07-06,38.901525,-76.994381,Ward 6,2022-07-08
2022-07-06,38.870740,-76.975462,Ward 8,2022-07-18
2022-07-06,38.831313,-77.004985,Ward 8,2022-07-08
2022-07-06,38.911304,-76.934340,Ward 7,2022-07-07
2022-07-06,38.927205,-77.030023,Ward 1,2022-07-13
2022-07-06,38.861879,-76.957897,Ward 7,2022-07-27
2022-07-06,38.920418,-77.027768,Ward 1,2022-07-12
2022-07-06,38.826611,-77.006303,Ward 8,2022-07-28
2022-07-06,38.826611,-77.006303,Ward 8,2022-07-28
2022-07-06,38.927205,-77.030023,Ward 1,2022-07-13
2022-07-06,38.910926,-77.010397,Ward 5,2022-07-07
2022-07-06,38.910223,-77.009718,Ward 5,2022-07-07
2022-07-06,38.911323,-77.011977,Ward 5,2022-07-07
2022-07-06,38.924807,-77.025385,Ward 1,2022-07-14
2022-07-06,38.909357,-76.984312,Ward 5,2022-07-07
2022-07-06,38.923340,-77.039125,Ward 1,2022-07-15
2022-07-06,38.892181,-76.999172,Ward 6,2022-07-08
2022-07-06,38.969723,-77.013145,Ward 4,2022-07-12
2022-07-06,38.900046,-76.984355,Ward 6,2022-07-12
2022-07-06,38.932982,-77.026011,Ward 1,2022-07-13
2022-07-06,38.905475,-76.999702,Ward 6,2022-07-11
2022-07-06,38.904827,-76.995949,Ward 6,2022-07-11
2022-07-07,38.918280,-77.037557,Ward 1,2022-07-15
2022-07-07,38.940536,-76.972758,Ward 5,2022-07-22
2022-07-07,38.943360,-77.025378,Ward 4,2022-08-04
2022-07-07,38.914086,-77.023968,Null,2022-07-22
2022-07-07,38.958208,-77.069812,Ward 3,2022-07-20
2022-07-07,38.907105,-76.986062,Ward 5,2022-07-18
2022-07-07,38.909469,-77.028685,Ward 2,2022-07-07
2022-07-07,38.890451,-76.958901,Ward 7,2022-07-08
2022-07-07,38.904360,-76.990781,Ward 5,2022-07-18
2022-07-07,38.901786,-77.000347,Ward 6,2022-07-08
2022-07-07,38.912450,-77.019368,Ward 6,2022-07-12
2022-07-07,38.935676,-77.033775,Ward 1,2022-07-15
2022-07-07,38.937865,-77.021691,Ward 4,2022-08-02
2022-07-07,38.933510,-77.034866,Ward 1,2022-07-12
2022-07-07,38.907761,-77.010646,Ward 5,2022-07-19
2022-07-07,38.925740,-77.026002,Ward 1,2022-07-13
2022-07-07,38.971061,-77.019136,Ward 4,2022-07-11
2022-07-07,38.913516,-77.030333,Ward 2,2022-07-26
2022-07-07,38.961838,-77.015110,Ward 4,2022-07-13
2022-07-07,38.895967,-76.992341,Ward 6,2022-07-12
2022-07-07,38.890031,-76.923995,Ward 7,2022-07-08
2022-07-07,38.881443,-76.940301,Ward 7,2022-07-27
2022-07-07,38.927815,-77.021739,Ward 1,2022-07-14
2022-07-07,38.925740,-77.026002,Ward 1,2022-07-13
2022-07-07,38.903441,-77.063829,Ward 2,2022-07-08
2022-07-07,38.937671,-76.995712,Ward 5,2022-07-08
2022-07-07,38.906081,-76.926258,Ward 7,2022-07-18
2022-07-07,38.918991,-77.013220,Ward 5,2022-07-22
2022-07-07,38.902026,-76.927655,Ward 7,2022-07-21
2022-07-07,38.943141,-77.035444,Ward 4,2022-08-11
2022-07-07,38.864402,-76.962514,Ward 7,2022-07-27
2022-07-07,38.886265,-76.936038,Ward 7,2022-07-27
2022-07-07,38.938231,-77.018765,Ward 4,2022-07-29
2022-07-07,38.899795,-76.991797,Ward 6,2022-07-08
2022-07-07,38.902599,-76.970667,Ward 5,2022-07-18
2022-07-07,38.910604,-77.029370,Ward 2,2022-07-12
2022-07-07,38.962179,-77.005676,Ward 4,2022-07-21
2022-07-07,38.913155,-76.971574,Ward 5,2022-07-18
2022-07-07,38.822366,-77.000379,Ward 8,2022-07-13
2022-07-07,38.916485,-77.003160,Ward 5,2022-07-19
2022-07-07,38.908417,-77.029947,Ward 2,2022-07-12
2022-07-07,38.923851,-77.024576,Ward 1,2022-07-13
2022-07-08,38.940536,-76.972758,Ward 5,2022-07-22
2022-07-08,38.901506,-76.997719,Ward 6,2022-07-08
2022-07-08,38.901506,-76.997719,Ward 6,2022-07-08
2022-07-08,38.911666,-77.034332,Ward 2,2022-07-13
2022-07-08,38.913876,-77.008401,Ward 5,2022-07-13
2022-07-08,38.953822,-77.016203,Ward 4,2022-08-05
2022-07-08,38.950999,-77.026756,Ward 4,2022-08-18
2022-07-08,38.961803,-77.015872,Ward 4,2022-07-12
2022-07-08,38.911666,-77.034332,Ward 2,2022-07-11
2022-07-08,38.868347,-76.966262,Ward 7,2022-08-02
2022-07-08,38.942368,-77.016119,Ward 4,2022-08-18
2022-07-08,38.904902,-77.000366,Ward 6,2022-07-11
2022-07-08,38.887068,-77.002042,Ward 6,2022-07-11
2022-07-08,38.908724,-77.015618,Ward 5,2022-07-13
2022-07-08,38.924522,-76.961911,Ward 5,2022-07-26
2022-07-08,38.964004,-77.016891,Ward 4,2022-07-11
2022-07-08,38.964216,-77.007988,Ward 4,2022-07-12
2022-07-08,38.960582,-77.024463,Ward 4,2022-07-11
2022-07-08,38.872380,-76.954073,Ward 7,2022-07-12
2022-07-08,38.900923,-76.999755,Ward 6,2022-07-11
2022-07-08,38.915792,-77.039129,Ward 2,2022-07-14
2022-07-08,38.868043,-76.972833,Ward 8,2022-07-28
2022-07-08,38.932892,-77.027660,Ward 1,2022-07-13
2022-07-08,38.892537,-76.981013,Ward 6,2022-07-08
2022-07-08,38.939860,-76.972888,Ward 5,2022-07-18
2022-07-08,38.833203,-76.993779,Ward 8,2022-07-13
2022-07-08,38.845551,-76.999232,Ward 8,2022-07-28
2022-07-08,38.921351,-77.038889,Ward 1,2022-07-11
2022-07-08,38.894349,-76.912264,Ward 7,2022-08-01
2022-07-08,38.906742,-76.979087,Ward 5,2022-07-18
2022-07-08,38.910534,-77.009841,Ward 5,2022-07-13
2022-07-08,38.917938,-77.000129,Ward 5,2022-07-13
2022-07-08,38.914963,-77.012425,Ward 5,2022-07-19
2022-07-08,38.911868,-77.031949,Ward 2,2022-07-13
2022-07-08,38.938130,-76.975005,Ward 5,2022-07-11
2022-07-08,38.892884,-76.926309,Ward 7,2022-07-26
2022-07-08,38.911322,-77.023582,Ward 2,2022-07-14
2022-07-08,38.867738,-76.984130,Ward 8,2022-07-28
2022-07-08,38.967917,-77.029424,Ward 4,2022-07-11
2022-07-08,38.938484,-77.030005,Ward 4,2022-08-11
2022-07-08,38.834589,-76.987734,Ward 8,2022-08-01
2022-07-08,38.891018,-76.923138,Ward 7,2022-07-21
2022-07-08,38.906258,-77.030848,Ward 2,2022-07-15
2022-07-08,38.928047,-77.022266,Ward 1,2022-07-13
2022-07-08,38.948675,-77.018831,Ward 4,2022-08-03
2022-07-08,38.881461,-76.987138,Ward 6,2022-07-21
2022-07-08,38.902064,-76.989153,Ward 6,2022-07-11
2022-07-09,38.896954,-76.988081,Ward 6,2022-07-11
2022-07-09,38.883908,-77.025003,Ward 6,2022-07-13
2022-07-09,38.911697,-77.039307,Ward 2,2022-07-13
2022-07-09,38.953144,-77.012903,Ward 4,2022-08-05
2022-07-09,38.908417,-77.029947,Ward 2,2022-07-12
2022-07-09,38.964169,-77.006539,Ward 4,2022-07-11
2022-07-09,38.923446,-77.025694,Ward 1,2022-07-13
2022-07-09,38.862121,-76.979292,Ward 8,2022-07-15
2022-07-09,38.900517,-77.052930,Ward 2,2022-07-15
2022-07-09,38.934300,-77.033663,Ward 1,2022-07-15
2022-07-09,38.893729,-76.986376,Ward 6,2022-07-15
2022-07-09,38.845311,-77.002061,Ward 8,2022-07-28
2022-07-09,38.926854,-77.025939,Ward 1,2022-07-11
2022-07-09,38.910959,-77.033817,Ward 2,2022-07-15
2022-07-09,38.939205,-77.019286,Ward 4,2022-08-01
2022-07-09,38.875899,-77.009443,Ward 6,2022-07-12
2022-07-10,38.924525,-77.029997,Ward 1,2022-07-11
2022-07-10,38.924525,-77.030060,Ward 1,2022-07-13
2022-07-10,38.925009,-77.030491,Ward 1,2022-07-13
2022-07-10,38.873189,-76.975747,Ward 8,2022-07-28
2022-07-10,38.913463,-77.020162,Ward 6,2022-07-21
2022-07-10,38.907600,-76.987034,Ward 5,2022-07-15
2022-07-10,38.902296,-76.994719,Ward 6,2022-07-13
2022-07-10,38.866026,-76.987190,Ward 8,2022-07-28
2022-07-10,38.904781,-76.998698,Ward 6,2022-07-11
2022-07-10,38.906887,-76.934540,Ward 7,2022-07-12
2022-07-10,38.902832,-77.024893,Ward 2,2022-07-13
2022-07-10,38.861577,-76.978489,Ward 8,2022-07-28
2022-07-10,38.925670,-77.026144,Ward 1,2022-07-13
2022-07-10,38.939063,-77.018650,Ward 4,2022-08-04
2022-07-10,38.928463,-77.026476,Ward 1,2022-07-13
2022-07-10,38.902599,-76.970667,Ward 5,2022-07-18
2022-07-10,38.925740,-77.026002,Ward 1,2022-07-13
2022-07-10,38.927414,-76.978635,Ward 5,2022-07-11
2022-07-10,38.910646,-77.015979,Ward 5,2022-07-11
2022-07-10,38.891301,-76.985265,Ward 6,2022-07-15
2022-07-10,38.880916,-76.993529,Ward 6,2022-07-12
2022-07-10,38.913149,-77.016649,Ward 5,2022-07-13
2022-07-10,38.910193,-77.029628,Ward 2,2022-07-15
2022-07-10,38.933240,-77.022783,Ward 1,2022-07-13
2022-07-10,38.889753,-76.918722,Ward 7,2022-08-02
2022-07-10,38.910993,-77.068050,Ward 2,2022-07-11
2022-07-10,38.913169,-77.038225,Ward 2,2022-07-12
2022-07-10,38.910861,-77.067998,Ward 2,2022-07-14
2022-07-10,38.895967,-76.992330,Ward 6,2022-07-12
2022-07-10,38.917198,-77.012413,Ward 5,2022-07-11
2022-07-10,38.911283,-77.011008,Ward 5,2022-07-13
2022-07-10,38.906083,-76.977841,Ward 5,2022-07-19
2022-07-10,38.897838,-76.986706,Ward 6,2022-07-11
2022-07-11,38.921181,-77.039918,Ward 1,2022-07-11
2022-07-11,38.962514,-77.021306,Ward 4,2022-07-11
2022-07-11,38.921751,-77.039861,Ward 1,2022-07-11
2022-07-11,38.905023,-76.995945,Ward 6,2022-07-13
2022-07-11,38.934320,-77.033820,Ward 1,2022-07-13
2022-07-11,38.913338,-77.002036,Ward 5,2022-07-19
2022-07-11,38.905131,-76.988246,Ward 5,2022-07-14
2022-07-11,38.954701,-77.079270,Ward 3,2022-07-12
2022-07-11,38.963253,-77.007740,Ward 4,2022-07-12
2022-07-11,38.892212,-76.985058,Ward 6,2022-07-21
2022-07-11,38.963773,-77.019895,Ward 4,2022-07-12
2022-07-11,38.908446,-76.984089,Ward 5,2022-07-19
2022-07-11,38.911646,-76.985954,Ward 5,2022-07-14
2022-07-11,38.921296,-76.962533,Ward 5,2022-08-03
2022-07-11,38.953206,-77.010523,Ward 4,2022-07-12
2022-07-11,38.822885,-76.999584,Ward 8,2022-08-01
2022-07-11,38.831774,-77.009425,Ward 8,2022-08-02
2022-07-11,38.871908,-76.938219,Ward 7,2022-07-26
2022-07-11,38.893959,-76.984777,Ward 6,2022-07-13
2022-07-11,38.939342,-77.019297,Ward 4,2022-08-01
2022-07-11,38.954244,-77.027503,Ward 4,2022-08-03
2022-07-11,38.897474,-76.980893,Ward 6,2022-07-11
2022-07-11,38.932190,-77.036043,Ward 1,2022-07-12
2022-07-11,38.848661,-77.001330,Ward 8,2022-07-28
2022-07-11,38.961506,-77.015953,Ward 4,2022-07-12
2022-07-11,38.895967,-76.992341,Ward 6,2022-07-12
2022-07-11,38.899975,-76.988500,Ward 6,2022-07-15
2022-07-11,38.915762,-77.095999,Ward 3,2022-07-27
2022-07-11,38.915422,-77.029876,Ward 1,2022-07-13
2022-07-11,38.923446,-77.025694,Ward 1,2022-07-12
2022-07-11,38.906441,-76.982742,Ward 5,2022-07-27
2022-07-11,38.930803,-77.021184,Ward 1,2022-07-14
2022-07-11,38.930224,-77.021209,Ward 1,2022-07-12
2022-07-11,38.846181,-76.983719,Ward 8,2022-07-28
2022-07-11,38.894009,-76.987836,Ward 6,2022-07-19
2022-07-11,38.901828,-77.023688,Ward 2,2022-07-13
2022-07-11,38.860709,-76.984660,Ward 8,2022-08-02
2022-07-12,38.861373,-76.984667,Ward 8,2022-08-02
2022-07-12,38.844906,-76.996777,Ward 8,2022-07-28
2022-07-12,38.892410,-76.975960,Ward 6,2022-07-12
2022-07-12,38.881421,-76.990521,Ward 6,2022-07-18
2022-07-12,38.881494,-76.990030,Ward 6,2022-07-15
2022-07-12,38.904436,-77.027504,Ward 2,2022-07-13
2022-07-12,38.930067,-77.025413,Ward 1,2022-07-15
2022-07-12,38.881421,-76.990521,Ward 6,2022-07-18
2022-07-12,38.881267,-76.990248,Ward 6,2022-07-15
2022-07-12,38.951726,-77.025352,Ward 4,2022-08-01
2022-07-12,38.928870,-77.021364,Ward 1,2022-07-15
2022-07-12,38.961803,-77.015872,Ward 4,2022-07-12
2022-07-12,38.954132,-77.025890,Ward 4,2022-08-01
2022-07-12,38.910342,-76.986290,Ward 5,2022-07-14
2022-07-12,38.906058,-76.977411,Ward 5,2022-07-15
2022-07-12,38.906244,-76.977412,Ward 5,2022-07-15
2022-07-12,38.957223,-77.020667,Ward 4,2022-08-01
2022-07-12,38.957223,-77.020667,Ward 4,2022-08-01
2022-07-12,38.928026,-77.037497,Ward 1,2022-07-15
2022-07-12,38.888064,-77.001104,Ward 6,2022-07-21
2022-07-12,38.927651,-76.979097,Ward 5,2022-07-12
2022-07-12,38.916079,-77.006853,Ward 5,2022-07-15
2022-07-12,38.902599,-76.970667,Ward 5,2022-07-18
2022-07-12,38.876434,-76.940723,Ward 7,2022-08-02
2022-07-12,38.908231,-76.984626,Ward 5,2022-07-19
2022-07-12,38.908874,-76.986645,Ward 5,2022-07-18
2022-07-12,38.983547,-77.026076,Ward 4,2022-07-21
2022-07-12,38.907010,-76.988233,Ward 5,2022-07-14
2022-07-12,38.906475,-76.988620,Ward 5,2022-08-08
2022-07-12,38.902198,-77.016445,Ward 6,2022-07-19
2022-07-12,38.899295,-76.918530,Ward 7,2022-08-01
2022-07-12,38.899254,-76.980216,Ward 6,2022-07-13
2022-07-12,38.909832,-77.026551,Ward 6,2022-07-21
2022-07-12,38.920493,-77.077250,Ward 3,2022-07-15
2022-07-12,38.937440,-77.033381,Ward 4,2022-07-29
2022-07-12,38.910520,-77.012701,Ward 5,2022-07-19
2022-07-12,38.913218,-76.985128,Ward 5,2022-07-18
2022-07-12,38.930221,-76.995698,Ward 5,2022-07-13
2022-07-12,38.901496,-76.926437,Ward 7,2022-07-21
2022-07-12,38.913359,-77.014510,Ward 5,2022-07-15
2022-07-12,38.914287,-77.013508,Ward 5,2022-07-15
2022-07-12,38.904712,-76.981255,Ward 5,2022-08-09
2022-07-12,38.864866,-76.980797,Ward 8,2022-07-28
2022-07-12,38.833499,-77.005633,Ward 8,2022-07-28
2022-07-12,38.833895,-77.004996,Ward 8,2022-08-02
2022-07-12,38.942368,-77.016182,Ward 4,2022-08-02
2022-07-12,38.850474,-76.984243,Ward 8,2022-08-01
2022-07-12,38.970864,-77.012594,Ward 4,2022-07-21
2022-07-12,38.935017,-77.019388,Ward 1,2022-07-15
2022-07-12,38.886957,-76.988961,Ward 6,2022-07-19
2022-07-12,38.868947,-76.980238,Ward 8,2022-07-15
2022-07-12,38.891701,-76.946629,Ward 7,2022-07-26
2022-07-12,38.882051,-76.998651,Ward 6,2022-07-19
2022-07-13,38.931723,-77.044447,Ward 1,2022-07-13
2022-07-13,38.930057,-77.025366,Ward 1,2022-07-14
2022-07-13,38.878221,-76.987872,Ward 6,2022-07-21
2022-07-13,38.935017,-77.019388,Ward 1,2022-07-15
2022-07-13,38.911710,-77.018077,Ward 6,2022-07-19
2022-07-13,38.912015,-77.018023,Ward 2,2022-07-14
2022-07-13,38.933705,-77.021520,Ward 1,2022-07-13
2022-07-13,38.908347,-76.938335,Ward 7,2022-07-13
2022-07-13,38.908498,-76.937743,Ward 7,2022-07-21
2022-07-13,38.850077,-76.967427,Ward 8,2022-08-02
2022-07-13,38.870565,-77.011987,Ward 6,2022-07-19
2022-07-13,38.934981,-77.028273,Ward 1,2022-07-15
2022-07-13,38.866483,-76.984451,Ward 8,2022-07-15
2022-07-13,38.933944,-77.021838,Ward 1,2022-07-13
2022-07-13,38.911718,-77.010752,Ward 5,2022-07-13
2022-07-13,38.910919,-77.028517,Ward 2,2022-07-15
2022-07-13,38.908654,-76.982662,Ward 5,2022-08-09
2022-07-13,38.912117,-77.012157,Ward 5,2022-07-13
2022-07-13,38.914940,-77.017375,Ward 1,2022-07-14
2022-07-13,38.913858,-77.014965,Ward 5,2022-07-18
2022-07-13,38.890100,-77.000865,Ward 6,2022-07-19
2022-07-13,38.954082,-77.027734,Ward 4,2022-08-02
2022-07-13,38.932648,-77.030063,Ward 1,2022-07-18
2022-07-13,38.899676,-76.988843,Ward 6,2022-07-18
2022-07-13,38.942200,-77.026137,Ward 4,2022-07-29
2022-07-13,38.941579,-77.027150,Ward 4,2022-07-29
2022-07-13,38.958685,-77.023074,Ward 4,2022-08-01
2022-07-13,38.965165,-77.018733,Ward 4,2022-07-21
2022-07-13,38.924302,-77.022737,Ward 1,2022-07-14
2022-07-13,38.899976,-77.031213,Ward 2,2022-07-15
2022-07-13,38.928463,-77.026476,Ward 1,2022-07-14
2022-07-13,38.873639,-76.973580,Ward 7,2022-07-14
2022-07-13,38.923090,-77.080854,Ward 3,2022-07-18
2022-07-13,38.950455,-77.022255,Ward 4,2022-08-01
2022-07-13,38.872054,-76.950950,Ward 7,2022-07-14
2022-07-13,38.927766,-77.076197,Ward 3,2022-07-18
2022-07-13,38.954240,-77.027426,Ward 4,2022-08-01
2022-07-13,38.902381,-76.976460,Ward 5,2022-08-01
2022-07-13,38.902381,-76.976460,Ward 5,2022-08-01
2022-07-13,38.902489,-76.922871,Ward 7,2022-07-14
2022-07-13,38.900877,-76.999769,Ward 6,2022-07-15
2022-07-13,38.955640,-76.993790,Ward 5,2022-07-14
2022-07-13,38.908570,-77.012164,Ward 5,2022-07-19
2022-07-13,38.924821,-77.023784,Ward 1,2022-07-14
2022-07-13,38.890100,-77.000865,Ward 6,2022-07-15
2022-07-13,38.935819,-77.033614,Ward 1,2022-07-15
2022-07-13,38.888375,-76.993760,Ward 6,2022-07-19
2022-07-13,38.923746,-77.037523,Ward 1,2022-07-18
2022-07-13,38.913449,-77.043144,Ward 2,2022-07-14
2022-07-13,38.923025,-77.037991,Ward 1,2022-07-18
2022-07-13,38.911305,-77.019174,Ward 6,2022-07-22
2022-07-13,38.895256,-76.974143,Ward 7,2022-07-21
2022-07-13,38.895256,-76.974143,Ward 7,2022-07-14
2022-07-13,38.921793,-77.038680,Ward 1,2022-07-15
2022-07-14,38.901180,-76.994710,Ward 6,2022-07-15
2022-07-14,38.909957,-77.020768,Ward 6,2022-07-21
2022-07-14,38.855353,-76.968309,Ward 8,2022-08-05
2022-07-14,38.855376,-76.968672,Ward 8,2022-08-02
2022-07-14,38.820348,-77.007579,Ward 8,2022-07-18
2022-07-14,38.820861,-77.007441,Ward 8,2022-07-18
2022-07-14,38.913898,-77.024143,Ward 6,2022-07-21
2022-07-14,38.866026,-76.987190,Ward 8,2022-07-28
2022-07-14,38.902133,-76.943103,Ward 7,2022-07-14
2022-07-14,38.936964,-77.030004,Ward 4,2022-07-29
2022-07-14,38.933007,-77.028336,Ward 1,2022-07-14
2022-07-14,38.914783,-77.029293,Ward 1,2022-07-22
2022-07-14,38.909986,-76.985389,Ward 5,2022-07-26
2022-07-14,38.900605,-77.007026,Ward 6,2022-07-18
2022-07-14,38.940959,-77.033041,Ward 4,2022-08-04
2022-07-14,38.901127,-77.006849,Ward 6,2022-07-18
2022-07-14,38.913155,-76.971574,Ward 5,2022-07-27
2022-07-14,38.899893,-77.007443,Ward 6,2022-07-18
2022-07-14,38.921002,-76.982937,Ward 5,2022-07-14
2022-07-14,38.910293,-77.011924,Ward 5,2022-07-14
2022-07-14,38.893196,-76.917778,Ward 7,2022-07-15
2022-07-14,38.913341,-77.019711,Ward 6,2022-07-21
2022-07-14,38.930540,-77.019327,Ward 1,2022-07-18
2022-07-14,38.963875,-77.007365,Ward 4,2022-08-04
2022-07-14,38.928177,-77.019632,Ward 1,2022-07-15
2022-07-14,38.927575,-77.025080,Ward 1,2022-07-15
2022-07-14,38.878934,-77.001147,Ward 6,2022-08-05
2022-07-14,38.892317,-76.975959,Ward 7,2022-07-15
2022-07-14,38.913449,-77.043144,Ward 2,2022-07-14
2022-07-14,38.829413,-76.999929,Ward 8,2022-08-01
2022-07-14,38.909818,-77.020807,Ward 6,2022-07-21
2022-07-14,38.907604,-76.987946,Ward 5,2022-07-28
2022-07-14,38.953822,-77.016203,Ward 4,2022-08-02
2022-07-14,38.913044,-77.008084,Ward 5,2022-07-19
2022-07-14,38.993471,-77.039227,Ward 4,2022-07-21
2022-07-14,38.947268,-77.075553,Ward 3,2022-07-27
2022-07-14,38.955148,-77.090384,Ward 3,2022-07-18
2022-07-14,38.849439,-76.980094,Ward 8,2022-08-02
2022-07-14,38.920471,-76.996072,Ward 5,2022-07-18
2022-07-14,38.893319,-76.952837,Ward 7,2022-08-03
2022-07-14,38.933671,-77.021581,Ward 1,2022-07-15
2022-07-14,38.871708,-77.005857,Ward 6,2022-08-04
2022-07-14,38.936835,-77.021567,Ward 1,2022-07-18
2022-07-14,38.902963,-76.994442,Ward 6,2022-07-15
2022-07-14,38.971287,-77.062631,Ward 4,2022-07-29
2022-07-14,38.912826,-77.065865,Ward 2,2022-07-15
2022-07-14,38.901295,-76.928230,Ward 7,2022-07-21
2022-07-14,38.897979,-76.977989,Ward 6,2022-07-19
2022-07-14,38.912034,-77.007620,Ward 5,2022-07-19
2022-07-14,38.916409,-77.026685,Ward 1,2022-07-19
2022-07-14,38.907385,-77.027899,Ward 2,2022-07-15
2022-07-15,38.905801,-76.978799,Ward 5,2022-07-27
2022-07-15,38.940536,-76.972758,Ward 5,2022-07-20
2022-07-15,38.905801,-76.978799,Ward 5,2022-07-27
2022-07-15,38.906035,-76.978251,Ward 5,2022-07-27
2022-07-15,38.906634,-77.024750,Ward 2,2022-07-16
2022-07-15,38.906501,-77.024223,Ward 2,2022-07-22
2022-07-15,38.906634,-77.024750,Ward 2,2022-07-18
2022-07-15,38.921751,-77.039861,Ward 1,2022-07-20
2022-07-15,38.910967,-77.024216,Ward 6,2022-08-01
2022-07-15,38.940805,-77.026725,Ward 4,2022-07-19
2022-07-15,38.866092,-76.979006,Ward 8,2022-08-02
2022-07-15,38.914809,-77.023721,Ward 1,2022-07-22
2022-07-15,38.933242,-77.028277,Ward 1,2022-07-22
2022-07-15,38.895275,-76.956182,Ward 7,2022-08-03
2022-07-15,38.943535,-77.025392,Ward 4,2022-07-19
2022-07-15,38.940907,-76.973128,Ward 5,2022-07-18
2022-07-15,38.917627,-77.026787,Ward 1,2022-07-19
2022-07-15,38.882051,-76.998651,Ward 6,2022-07-19
2022-07-15,38.890606,-76.999775,Ward 6,2022-07-15
2022-07-15,38.917207,-77.026426,Ward 1,2022-07-20
2022-07-15,38.913365,-77.043431,Ward 2,2022-07-21
2022-07-15,38.872935,-76.968962,Ward 7,2022-08-04
2022-07-15,38.907979,-77.042048,Ward 2,2022-07-26
2022-07-15,38.908286,-77.042228,Ward 2,2022-07-18
2022-07-15,38.935440,-77.028271,Ward 1,2022-07-26
2022-07-15,38.874408,-76.934127,Ward 7,2022-07-26
2022-07-15,38.903123,-76.990557,Ward 5,2022-08-02
2022-07-15,38.942859,-77.007198,Ward 5,2022-08-01
2022-07-15,38.907240,-77.031951,Ward 2,2022-07-26
2022-07-15,38.905488,-77.012431,Ward 6,2022-07-21
2022-07-15,38.911777,-77.018713,Ward 6,2022-07-21
2022-07-15,38.912405,-77.010112,Ward 5,2022-07-18
2022-07-15,38.932957,-77.039554,Ward 1,2022-07-19
2022-07-15,38.950435,-77.084051,Ward 3,2022-07-27
2022-07-15,38.950211,-77.008152,Ward 5,2022-07-26
2022-07-15,38.830909,-76.992750,Ward 8,2022-08-02
2022-07-15,38.825513,-76.997538,Ward 8,2022-08-02
2022-07-15,38.909465,-77.014274,Ward 5,2022-07-19
2022-07-15,38.940627,-77.040243,Ward 4,2022-07-27
2022-07-15,38.949610,-77.014093,Ward 4,2022-07-21
2022-07-15,38.859024,-76.964487,Ward 7,2022-08-02
2022-07-15,38.833664,-76.988047,Ward 8,2022-08-01
2022-07-15,38.916656,-77.014693,Ward 1,2022-07-21
2022-07-15,38.913862,-77.015071,Ward 5,2022-07-19
2022-07-15,38.973617,-77.026887,Ward 4,2022-07-27
2022-07-15,38.843510,-76.996775,Ward 8,2022-08-05
2022-07-15,38.902755,-76.932878,Ward 7,2022-07-26
2022-07-16,38.901482,-76.997968,Ward 6,2022-07-18
2022-07-16,38.913218,-76.985128,Ward 5,2022-07-18
2022-07-16,38.926495,-77.035616,Ward 1,2022-07-22
2022-07-16,38.895600,-76.914752,Ward 7,2022-08-01
2022-07-16,38.878654,-76.935245,Ward 7,2022-08-02
2022-07-16,38.917167,-77.016152,Ward 1,2022-07-21
2022-07-16,38.904114,-76.937670,Ward 7,2022-07-26
2022-07-16,38.925464,-77.043667,Ward 1,2022-07-19
2022-07-16,38.903585,-77.063831,Ward 2,2022-07-18
2022-07-16,38.940732,-76.997903,Ward 5,2022-08-01
2022-07-16,38.900832,-76.938264,Ward 7,2022-07-16
2022-07-16,38.900832,-76.938264,Ward 7,2022-07-26
2022-07-16,38.905415,-76.975354,Ward 5,2022-08-05
2022-07-16,38.927642,-77.024351,Ward 1,2022-07-22
2022-07-16,38.904406,-76.937621,Ward 7,2022-07-26
2022-07-16,38.917830,-77.073157,Ward 3,2022-07-27
2022-07-16,38.958148,-77.022946,Ward 4,2022-07-19
2022-07-16,38.845576,-76.995027,Ward 8,2022-07-21
2022-07-16,38.881462,-76.984200,Ward 6,2022-07-21
2022-07-16,38.920049,-77.013893,Ward 5,2022-07-22
2022-07-16,38.865080,-76.987287,Ward 8,2022-07-18
2022-07-16,38.865080,-76.987287,Ward 8,2022-07-18
2022-07-16,38.933963,-77.019795,Ward 1,2022-07-21
2022-07-17,38.897143,-76.996473,Ward 6,2022-07-18
2022-07-17,38.913523,-77.013368,Ward 5,2022-07-18
2022-07-17,38.928068,-77.022155,Ward 1,2022-07-20
2022-07-17,38.908898,-77.013226,Ward 5,2022-07-19
2022-07-17,38.845384,-76.999720,Ward 8,2022-07-18
2022-07-17,38.949716,-77.020839,Ward 4,2022-07-21
2022-07-17,38.918854,-76.985133,Ward 5,2022-07-19
2022-07-17,38.946261,-77.021832,Ward 4,2022-07-27
2022-07-17,38.919615,-77.080030,Ward 3,2022-07-27
2022-07-17,38.927798,-77.021922,Ward 1,2022-07-19
2022-07-17,38.881455,-76.987313,Ward 6,2022-07-20
2022-07-17,38.913607,-77.008412,Ward 5,2022-07-19
2022-07-17,38.926012,-76.976002,Ward 5,2022-07-18
2022-07-17,38.886413,-76.996468,Ward 6,2022-07-18
2022-07-17,38.913155,-76.971574,Ward 5,2022-07-26
2022-07-17,38.872633,-76.976469,Ward 8,2022-08-05
2022-07-17,38.907560,-77.024944,Ward 2,2022-07-26
2022-07-17,38.933671,-77.021581,Ward 1,2022-07-22
2022-07-17,38.930345,-77.028110,Ward 1,2022-07-19
2022-07-17,38.920921,-77.072861,Ward 3,2022-07-27
2022-07-17,38.919656,-77.001656,Ward 5,2022-07-22
2022-07-17,38.910919,-77.028517,Ward 2,2022-07-22
2022-07-17,38.913031,-77.001744,Ward 5,2022-07-19
2022-07-17,38.903087,-76.933328,Ward 7,2022-08-05
2022-07-17,38.939504,-77.031681,Ward 4,2022-07-19
2022-07-17,38.917723,-77.003699,Ward 5,2022-07-18
2022-07-17,38.898072,-77.051137,Ward 2,2022-07-18
2022-07-18,38.925464,-77.043667,Ward 1,2022-07-19
2022-07-18,38.971160,-77.032085,Ward 4,2022-08-04
2022-07-18,38.897714,-76.986671,Ward 6,2022-07-20
2022-07-18,38.878265,-76.983406,Ward 6,2022-07-19
2022-07-18,38.908704,-76.983655,Ward 5,2022-08-01
2022-07-18,38.936719,-77.023732,Ward 4,2022-07-19
2022-07-18,38.909200,-76.985402,Ward 5,2022-07-27
2022-07-18,38.937397,-77.023846,Ward 4,2022-07-19
2022-07-18,38.938307,-77.027455,Ward 4,2022-07-27
2022-07-18,38.908582,-76.983737,Ward 5,2022-08-05
2022-07-18,38.864338,-76.987674,Ward 8,2022-07-28
2022-07-18,38.920021,-77.003205,Ward 5,2022-08-09
2022-07-18,38.868058,-76.980207,Ward 8,2022-07-28
2022-07-18,38.947271,-77.077266,Ward 3,2022-07-27
2022-07-18,38.939478,-77.019304,Ward 4,2022-07-21
2022-07-18,38.939342,-77.019297,Ward 4,2022-07-19
2022-07-18,38.900195,-76.933757,Ward 7,2022-08-01
2022-07-18,38.921443,-76.982644,Ward 5,2022-07-21
2022-07-18,38.888713,-76.925586,Ward 7,2022-07-18
2022-07-18,38.902871,-76.922608,Ward 7,2022-08-01
2022-07-18,38.838398,-77.006090,Ward 8,2022-07-28
2022-07-18,38.822053,-77.005597,Ward 8,2022-07-19
2022-07-18,38.846808,-76.983573,Ward 8,2022-07-28
2022-07-18,38.827489,-76.996538,Ward 8,2022-08-02
2022-07-18,38.860530,-76.983666,Ward 8,2022-07-28
2022-07-18,38.908007,-76.984108,Ward 5,2022-08-05
2022-07-18,38.833664,-76.988047,Ward 8,2022-08-01
2022-07-18,38.930284,-77.021112,Ward 1,2022-07-20
2022-07-18,38.911467,-77.083796,Ward 3,2022-07-27
2022-07-18,38.920458,-77.072744,Ward 3,2022-07-27
2022-07-18,38.920913,-77.080046,Ward 3,2022-07-27
2022-07-18,38.934915,-77.039128,Ward 1,2022-07-22
2022-07-18,38.927118,-77.105293,Ward 3,2022-07-27
2022-07-18,38.912848,-77.013387,Ward 5,2022-07-22
2022-07-18,38.916011,-77.037858,Ward 2,2022-07-21
2022-07-18,38.845984,-76.971835,Ward 8,2022-07-28
2022-07-18,38.987380,-77.036333,Ward 4,2022-07-27
2022-07-18,38.979589,-77.029242,Ward 4,2022-08-04
2022-07-18,38.986352,-77.032596,Ward 4,2022-07-27
2022-07-18,38.907077,-77.010509,Ward 5,2022-07-22
2022-07-18,38.878972,-76.984530,Ward 6,2022-07-21
2022-07-18,38.887028,-76.933589,Ward 7,2022-08-04
2022-07-18,38.949447,-77.017044,Ward 4,2022-08-02
2022-07-18,38.912407,-77.011982,Ward 5,2022-07-20
2022-07-18,38.910659,-77.011912,Ward 5,2022-08-01
2022-07-18,38.939184,-77.025061,Ward 4,2022-07-20
2022-07-18,38.940536,-76.972758,Ward 5,2022-07-20
2022-07-18,38.925067,-77.007905,Ward 5,2022-07-19
2022-07-18,38.833796,-76.989546,Ward 8,2022-08-01
2022-07-18,38.872032,-77.009085,Null,2022-08-31
2022-07-18,38.909868,-77.021195,Ward 2,2022-07-26
2022-07-18,38.866419,-76.987088,Ward 8,2022-07-28
2022-07-19,38.923916,-77.042426,Ward 1,2022-07-21
2022-07-19,38.912549,-76.989925,Ward 5,2022-08-01
2022-07-19,38.938465,-77.029413,Ward 4,2022-07-25
2022-07-19,38.924496,-77.080049,Ward 3,2022-07-27
2022-07-19,38.881868,-76.998668,Ward 6,2022-07-19
2022-07-19,38.938313,-77.029414,Ward 4,2022-07-25
2022-07-19,38.935325,-77.027415,Ward 1,2022-07-22
2022-07-19,38.907925,-77.024837,Ward 2,2022-07-21
2022-07-19,38.912015,-77.018504,Ward 6,2022-07-22
2022-07-19,38.938879,-77.025949,Ward 4,2022-08-02
2022-07-19,38.915791,-77.041483,Ward 2,2022-07-21
2022-07-19,38.921612,-76.982739,Ward 5,2022-07-21
2022-07-19,38.907376,-77.003270,Ward 6,2022-07-20
2022-07-19,38.845105,-76.971004,Ward 8,2022-07-28
2022-07-19,38.897787,-76.974396,Ward 7,2022-07-19
2022-07-19,38.912286,-77.038270,Ward 2,2022-07-19
2022-07-19,38.903355,-77.008404,Ward 6,2022-07-21
2022-07-19,38.904247,-77.008376,Ward 6,2022-07-21
2022-07-19,38.898217,-77.052111,Ward 2,2022-07-26
2022-07-19,38.925045,-76.992683,Ward 5,2022-08-05
2022-07-19,38.881460,-76.987201,Ward 6,2022-07-21
2022-07-19,38.905380,-77.013351,Ward 6,2022-08-01
2022-07-19,38.913472,-77.012428,Ward 5,2022-07-22
2022-07-19,38.913070,-77.013795,Ward 5,2022-07-22
2022-07-19,38.914622,-77.013949,Ward 5,2022-07-22
2022-07-19,38.913531,-77.011578,Ward 5,2022-07-22
2022-07-19,38.918238,-77.000335,Ward 5,2022-07-21
2022-07-19,38.907306,-76.980009,Ward 5,2022-08-01
2022-07-19,38.929245,-77.019735,Ward 1,2022-07-21
2022-07-19,38.914831,-77.046252,Null,2022-08-09
2022-07-19,38.913194,-77.017960,Ward 6,2022-07-21
2022-07-19,38.905104,-76.996697,Ward 6,2022-07-21
2022-07-19,38.895908,-76.991775,Ward 6,2022-07-21
2022-07-19,38.947085,-77.016634,Ward 4,2022-07-28
2022-07-19,38.913044,-77.008084,Ward 5,2022-07-21
2022-07-19,38.941206,-76.996853,Ward 5,2022-07-27
2022-07-19,38.910944,-77.020497,Ward 6,2022-07-22
2022-07-19,38.940989,-76.984556,Ward 5,2022-08-01
2022-07-19,38.851643,-76.976257,Ward 8,2022-07-28
2022-07-19,38.925362,-76.978343,Ward 5,2022-08-01
2022-07-19,38.832766,-76.994459,Ward 8,2022-07-20
2022-07-19,38.822885,-76.999584,Ward 8,2022-07-20
2022-07-19,38.893166,-76.935736,Ward 7,2022-07-22
2022-07-19,38.833449,-76.988401,Ward 8,2022-07-20
2022-07-19,38.925963,-77.026028,Ward 1,2022-07-21
2022-07-19,38.875338,-77.010436,Ward 6,2022-07-21
2022-07-20,38.925464,-77.043667,Ward 1,2022-07-20
2022-07-20,38.894950,-76.997069,Ward 6,2022-07-21
2022-07-20,38.921948,-77.041463,Ward 1,2022-07-21
2022-07-20,38.894978,-76.973960,Ward 7,2022-07-26
2022-07-20,38.951700,-76.997083,Ward 5,2022-07-26
2022-07-20,38.945711,-77.026865,Ward 4,2022-08-04
2022-07-20,38.899662,-76.936960,Ward 7,2022-07-26
2022-07-20,38.895806,-77.002265,Ward 6,2022-07-21
2022-07-20,38.957526,-77.064366,Ward 3,2022-07-20
2022-07-20,38.901114,-76.933541,Ward 7,2022-07-22
2022-07-20,38.958337,-77.022713,Ward 4,2022-08-04
2022-07-20,38.919676,-77.013336,Ward 5,2022-08-01
2022-07-20,38.959971,-77.003478,Ward 4,2022-07-27
2022-07-20,38.924889,-77.025656,Ward 1,2022-07-21
2022-07-20,38.937090,-77.032031,Ward 4,2022-07-27
2022-07-20,38.971146,-77.010774,Ward 4,2022-07-27
2022-07-20,38.913904,-77.024205,Ward 6,2022-07-21
2022-07-20,38.924225,-77.032774,Ward 1,2022-07-26
2022-07-20,38.912957,-77.013637,Ward 5,2022-07-22
2022-07-20,38.905457,-77.028630,Ward 2,2022-07-26
2022-07-20,38.932982,-77.026011,Ward 1,2022-07-21
2022-07-20,38.897351,-76.990250,Ward 6,2022-07-22
2022-07-20,38.929245,-77.019735,Ward 1,2022-07-21
2022-07-20,38.953489,-77.090894,Ward 3,2022-07-21
2022-07-20,38.861884,-76.987550,Ward 8,2022-07-21
2022-07-20,38.940252,-77.021838,Ward 4,2022-07-27
2022-07-20,38.920577,-76.987532,Ward 5,2022-07-21
2022-07-20,38.925242,-77.025452,Ward 1,2022-07-26
2022-07-20,38.919664,-77.044398,Ward 1,2022-07-21
2022-07-20,38.943996,-77.026063,Ward 4,2022-08-02
2022-07-20,38.822885,-76.999584,Ward 8,2022-07-21
2022-07-20,38.872935,-76.967771,Ward 7,2022-08-04
2022-07-20,38.822777,-76.999707,Ward 8,2022-08-01
2022-07-20,38.894675,-76.998648,Ward 6,2022-07-21
2022-07-20,38.850474,-76.984243,Ward 8,2022-08-01
2022-07-20,38.827978,-76.996150,Ward 8,2022-08-02
2022-07-20,38.903550,-77.027547,Ward 2,2022-08-03
2022-07-21,38.894642,-76.919122,Ward 7,2022-08-01
2022-07-21,38.893729,-76.986376,Ward 6,2022-07-21
2022-07-21,38.899642,-77.023440,Ward 2,2022-07-21
2022-07-21,38.917329,-76.972439,Ward 5,2022-07-22
2022-07-21,38.906742,-76.979087,Ward 5,2022-07-22
2022-07-21,38.905531,-76.982149,Ward 5,2022-08-01
2022-07-21,38.930284,-77.021112,Ward 1,2022-07-26
2022-07-21,38.897880,-77.051488,Ward 2,2022-07-21
2022-07-21,38.897396,-76.981957,Ward 7,2022-08-01
2022-07-21,38.911280,-77.037870,Ward 2,2022-07-22
2022-07-21,38.917180,-77.001319,Ward 5,2022-07-21
2022-07-21,38.866118,-76.987485,Ward 8,2022-07-25
2022-07-21,38.909568,-76.984947,Ward 5,2022-07-22
2022-07-21,38.906693,-77.008462,Ward 6,2022-07-22
2022-07-21,38.845105,-76.971004,Ward 8,2022-07-28
2022-07-21,38.924352,-77.035160,Ward 1,2022-07-26
2022-07-21,38.876016,-76.936662,Ward 7,2022-08-03
2022-07-21,38.943913,-77.022389,Ward 4,2022-08-02
2022-07-21,38.907749,-77.009610,Ward 5,2022-07-29
2022-07-21,38.911598,-77.011914,Ward 5,2022-07-28
2022-07-21,38.915380,-77.007004,Ward 5,2022-07-28
2022-07-21,38.913693,-77.035827,Ward 2,2022-07-22
2022-07-21,38.908845,-77.082001,Ward 3,2022-07-27
2022-07-21,38.928624,-77.040154,Ward 1,2022-07-22
2022-07-21,38.913069,-77.038822,Ward 2,2022-07-26
2022-07-21,38.926972,-77.030024,Ward 1,2022-07-22
2022-07-21,38.928584,-77.026882,Ward 1,2022-07-22
2022-07-21,38.880114,-76.981331,Ward 6,2022-07-22
2022-07-21,38.911297,-77.032288,Ward 2,2022-07-22
2022-07-21,38.961846,-77.000595,Ward 4,2022-07-25
2022-07-21,38.905585,-76.984868,Ward 5,2022-07-27
2022-07-21,38.940572,-76.992848,Ward 5,2022-08-03
2022-07-21,38.928482,-77.021024,Ward 1,2022-07-22
2022-07-22,38.888186,-76.993553,Ward 6,2022-08-01
2022-07-22,38.932882,-77.029369,Ward 1,2022-07-26
2022-07-22,38.943535,-77.025392,Ward 4,2022-07-27
2022-07-22,38.926872,-76.995237,Ward 5,2022-07-22
2022-07-22,38.905666,-76.981563,Ward 5,2022-08-09
2022-07-22,38.905666,-76.981563,Ward 5,2022-08-09
2022-07-22,38.917643,-77.073163,Ward 3,2022-07-27
2022-07-22,38.872907,-76.978192,Ward 8,2022-07-22
2022-07-22,38.878648,-76.985778,Ward 6,2022-07-25
2022-07-22,38.832228,-77.003827,Ward 8,2022-07-25
2022-07-22,38.913659,-77.013881,Ward 5,2022-08-05
2022-07-22,38.905468,-76.934951,Ward 7,2022-08-04
2022-07-22,38.901946,-76.986875,Ward 5,2022-08-09
2022-07-22,38.826217,-77.011998,Ward 8,2022-07-28
2022-07-22,38.928250,-77.074940,Ward 3,2022-07-22
2022-07-22,38.912096,-77.011678,Ward 5,2022-07-25
2022-07-22,38.912407,-77.011982,Ward 5,2022-07-28
2022-07-22,38.890596,-77.017568,Ward 2,2022-08-03
2022-07-22,38.907685,-76.931411,Ward 7,2022-07-26
2022-07-22,38.910936,-77.006852,Ward 5,2022-07-28
2022-07-22,38.934159,-77.028221,Ward 1,2022-07-25
2022-07-22,38.907699,-77.027874,Ward 2,2022-07-25
2022-07-22,38.916408,-77.006328,Ward 5,2022-07-28
2022-07-22,38.912330,-76.986888,Ward 5,2022-07-25
2022-07-22,38.900995,-77.056554,Ward 2,2022-08-03
2022-07-22,38.913523,-77.013368,Ward 5,2022-08-05
2022-07-22,38.908286,-77.042228,Ward 2,2022-08-03
2022-07-22,38.884926,-76.951025,Ward 7,2022-08-08
2022-07-22,38.945948,-77.026912,Ward 4,2022-08-04
2022-07-22,38.923695,-76.993589,Ward 5,2022-08-12
2022-07-22,38.928916,-77.026584,Ward 1,2022-07-29
2022-07-23,38.945920,-77.021590,Ward 4,2022-08-02
2022-07-23,38.881512,-76.924963,Ward 7,2022-08-03
2022-07-23,38.918998,-77.010383,Ward 5,2022-07-25
2022-07-23,38.930732,-77.019738,Ward 1,2022-07-29
2022-07-23,38.902154,-76.984381,Ward 5,2022-08-09
2022-07-23,38.870281,-76.969847,Ward 7,2022-08-10
2022-07-23,38.913175,-77.042813,Ward 2,2022-08-03
2022-07-23,38.895003,-77.031353,Ward 2,2022-07-25
2022-07-23,38.889518,-76.982698,Ward 7,2022-08-01
2022-07-23,38.896247,-76.976397,Ward 7,2022-08-05
2022-07-23,38.917922,-77.036897,Ward 1,2022-07-25
2022-07-23,38.910206,-77.010700,Ward 5,2022-07-28
2022-07-23,38.925320,-77.030033,Ward 1,2022-07-29
2022-07-23,38.925740,-77.026002,Ward 1,2022-07-25
2022-07-23,38.898917,-76.981539,Ward 6,2022-08-01
2022-07-23,38.910002,-77.038747,Ward 2,2022-08-03
2022-07-24,38.844464,-76.988268,Ward 8,2022-08-05
2022-07-24,38.903355,-77.008404,Ward 6,2022-08-01
2022-07-24,38.878732,-76.980710,Ward 6,2022-08-01
2022-07-24,38.939047,-77.018720,Ward 4,2022-07-28
2022-07-24,38.895066,-76.993544,Ward 6,2022-07-25
2022-07-24,38.920637,-76.986049,Ward 5,2022-07-29
2022-07-24,38.937440,-77.033381,Ward 4,2022-07-27
2022-07-24,38.949187,-77.026427,Ward 4,2022-08-02
2022-07-24,38.927423,-76.995568,Ward 5,2022-08-05
2022-07-24,38.913449,-77.043144,Ward 2,2022-08-03
2022-07-24,38.913090,-77.041965,Ward 2,2022-08-03
2022-07-24,38.903487,-76.999282,Ward 6,2022-07-25
2022-07-24,38.930702,-77.025505,Ward 1,2022-07-29
2022-07-25,38.854963,-76.967841,Ward 8,2022-07-27
2022-07-25,38.921061,-76.963291,Ward 5,2022-08-03
2022-07-25,38.894978,-76.973960,Ward 7,2022-07-26
2022-07-25,38.878562,-76.963986,Ward 7,2022-08-04
2022-07-25,38.944330,-77.011540,Null,2022-08-16
2022-07-25,38.908231,-76.930113,Ward 7,2022-07-26
2022-07-25,38.908417,-77.029947,Ward 2,2022-07-25
2022-07-25,38.910034,-77.036879,Ward 2,2022-08-03
2022-07-25,38.929554,-77.027449,Ward 1,2022-07-25
2022-07-25,38.930067,-77.025413,Ward 1,2022-07-29
2022-07-25,38.913044,-77.036163,Ward 2,2022-08-03
2022-07-25,38.965237,-77.026259,Ward 4,2022-07-28
2022-07-25,38.933269,-76.992483,Ward 5,2022-08-09
2022-07-25,38.890760,-76.986974,Ward 6,2022-07-25
2022-07-25,38.893900,-76.991778,Ward 6,2022-08-01
2022-07-25,38.943211,-77.007193,Ward 5,2022-08-05
2022-07-25,38.903638,-76.924660,Ward 7,2022-08-04
2022-07-25,38.910151,-76.985465,Ward 5,2022-08-11
2022-07-25,38.930057,-77.025366,Ward 1,2022-07-29
2022-07-25,38.933964,-77.024834,Ward 1,2022-07-29
2022-07-25,38.947142,-77.056885,Ward 3,2022-07-27
2022-07-25,38.933607,-77.032418,Ward 1,2022-07-29
2022-07-25,38.968493,-77.064133,Ward 4,2022-08-04
2022-07-25,38.881501,-76.943486,Ward 7,2022-08-08
2022-07-25,38.903764,-76.990310,Ward 5,2022-08-11
2022-07-25,38.889141,-76.925080,Ward 7,2022-08-11
2022-07-25,38.913449,-77.043144,Ward 2,2022-07-26
2022-07-25,38.902832,-77.024893,Ward 2,2022-07-26
2022-07-25,38.902169,-76.989321,Ward 6,2022-07-26
2022-07-25,38.970115,-77.024958,Ward 4,2022-08-04
2022-07-25,38.896230,-76.975377,Ward 7,2022-08-03
2022-07-25,38.901929,-76.985959,Ward 5,2022-08-11
2022-07-25,38.914710,-77.035452,Ward 2,2022-07-26
2022-07-25,38.943621,-76.997854,Ward 5,2022-07-29
2022-07-25,38.890088,-76.959371,Ward 7,2022-08-04
2022-07-25,38.923442,-76.999568,Ward 5,2022-07-27
2022-07-25,38.923966,-77.028256,Ward 1,2022-07-26
2022-07-25,38.895129,-76.975108,Ward 7,2022-08-01
2022-07-25,38.918998,-77.010383,Ward 5,2022-08-05
2022-07-25,38.895296,-76.981572,Ward 6,2022-08-02
2022-07-25,38.881473,-76.991981,Ward 6,2022-08-02
2022-07-25,38.895642,-76.981806,Ward 6,2022-08-02
2022-07-25,38.967509,-77.005101,Ward 4,2022-08-04
2022-07-25,38.952613,-77.009797,Ward 4,2022-08-02
2022-07-25,38.920089,-77.012429,Ward 5,2022-08-05
2022-07-25,38.910535,-77.007988,Ward 5,2022-07-29
2022-07-25,38.822777,-76.999707,Ward 8,2022-07-26
2022-07-26,38.905013,-76.935800,Ward 7,2022-08-04
2022-07-26,38.934465,-77.022601,Ward 1,2022-07-26
2022-07-26,38.905488,-77.012431,Ward 6,2022-08-02
2022-07-26,38.934741,-77.029290,Ward 1,2022-07-29
2022-07-26,38.898282,-76.995887,Ward 6,2022-07-26
2022-07-26,38.924522,-77.028230,Ward 1,2022-08-02
2022-07-26,38.864075,-76.986094,Ward 8,2022-07-27
2022-07-26,38.864923,-76.984089,Ward 8,2022-07-27
2022-07-26,38.848111,-76.999340,Ward 8,2022-07-28
2022-07-26,38.907023,-76.984951,Ward 5,2022-07-27
2022-07-26,38.915799,-77.024897,Ward 1,2022-08-02
2022-07-26,38.905531,-76.982149,Ward 5,2022-07-28
2022-07-26,38.913896,-77.024663,Ward 6,2022-07-26
2022-07-26,38.913002,-77.015462,Ward 5,2022-07-29
2022-07-26,38.928703,-77.025517,Ward 1,2022-08-02
2022-07-26,38.906957,-77.006946,Ward 6,2022-08-01
2022-07-26,38.907750,-77.009509,Ward 5,2022-07-29
2022-07-26,38.844663,-77.002025,Ward 8,2022-07-27
2022-07-26,38.867077,-76.981031,Ward 8,2022-07-28
2022-07-26,38.931365,-76.967537,Ward 5,2022-07-29
2022-07-26,38.954931,-76.996936,Ward 5,2022-08-05
2022-07-26,38.908732,-77.015404,Ward 5,2022-08-05
2022-07-26,38.942470,-76.992883,Ward 5,2022-08-05
2022-07-26,38.902902,-76.981106,Ward 5,2022-08-09
2022-07-26,38.909824,-77.013600,Ward 5,2022-08-05
2022-07-26,38.903155,-76.982296,Ward 5,2022-08-31
2022-07-26,38.909244,-77.011940,Ward 5,2022-08-05
2022-07-26,38.917922,-77.036897,Ward 1,2022-08-01
2022-07-26,38.884756,-76.994681,Ward 6,2022-08-02
2022-07-26,38.916448,-77.007889,Ward 5,2022-08-05
2022-07-26,38.917923,-77.002685,Ward 5,2022-08-05
2022-07-26,38.870056,-76.978765,Ward 8,2022-07-28
2022-07-26,38.931155,-77.022112,Ward 1,2022-10-04
2022-07-26,38.894989,-76.933296,Ward 7,2022-08-04
2022-07-26,38.830275,-76.995949,Ward 8,2022-08-01
2022-07-26,38.830299,-76.994807,Ward 8,2022-08-01
2022-07-26,38.829453,-76.996784,Ward 8,2022-07-27
2022-07-26,38.970178,-77.010945,Ward 4,2022-07-26
2022-07-26,38.867006,-76.981029,Ward 8,2022-07-28
2022-07-26,38.885230,-76.924874,Ward 7,2022-08-03
2022-07-26,38.927882,-76.981888,Ward 5,2022-08-17
2022-07-26,38.910331,-77.065018,Ward 2,2022-08-03
2022-07-26,38.931584,-77.018764,Ward 1,2022-07-29
2022-07-26,38.907759,-77.009909,Ward 5,2022-08-05
2022-07-26,38.925884,-77.026714,Ward 1,2022-08-02
2022-07-26,38.942702,-77.013546,Ward 4,2022-07-28
2022-07-26,38.894951,-76.974713,Ward 7,2022-08-01
2022-07-26,38.906120,-76.986139,Ward 5,2022-08-08
2022-07-26,38.913896,-77.024663,Ward 6,2022-08-02
2022-07-26,38.921128,-77.001518,Ward 5,2022-08-05
2022-07-26,38.917248,-77.012412,Ward 5,2022-08-05
2022-07-26,38.925029,-77.035697,Ward 1,2022-09-08
2022-07-26,38.833834,-76.987675,Ward 8,2022-08-01
2022-07-26,38.834397,-76.988225,Ward 8,2022-08-01
2022-07-26,38.846390,-76.996133,Ward 8,2022-08-05
2022-07-27,38.901508,-76.994450,Ward 6,2022-07-27
2022-07-27,38.913052,-77.033405,Ward 2,2022-08-03
2022-07-27,38.938118,-76.973617,Ward 5,2022-07-27
2022-07-27,38.903758,-76.984696,Ward 5,2022-08-31
2022-07-27,38.916448,-77.007889,Ward 5,2022-08-05
2022-07-27,38.848066,-77.000123,Ward 8,2022-07-28
2022-07-27,38.936526,-77.033237,Ward 1,2022-09-08
2022-07-27,38.885352,-76.980765,Ward 6,2022-08-27
2022-07-27,38.901127,-77.006849,Ward 6,2022-08-27
2022-07-27,38.930098,-77.018381,Ward 1,2022-07-29
2022-07-27,38.907925,-77.024837,Ward 2,2022-08-03
2022-07-27,38.899257,-76.981453,Ward 6,2022-08-31
2022-07-27,38.892404,-76.978200,Ward 7,2022-08-03
2022-07-27,38.937670,-77.034647,Ward 4,2022-08-04
2022-07-27,38.934357,-77.042014,Ward 1,2022-08-03
2022-07-27,38.916621,-77.027822,Ward 1,2022-09-08
2022-07-27,38.936037,-77.033756,Ward 1,2022-09-08
2022-07-27,38.874408,-76.934127,Ward 7,2022-08-04
2022-07-27,38.836506,-76.987645,Ward 8,2022-08-03
2022-07-27,38.928489,-77.027733,Ward 1,2022-08-09
2022-07-27,38.867665,-76.943516,Ward 7,2022-08-08
2022-07-27,38.921306,-76.986925,Ward 5,2022-08-05
2022-07-27,38.851369,-76.965385,Ward 8,2022-07-28
2022-07-27,38.853285,-76.965439,Ward 8,2022-08-02
2022-07-27,38.910966,-77.022461,Ward 6,2022-08-27
2022-07-27,38.916120,-77.008384,Ward 5,2022-08-05
2022-07-27,38.895232,-76.913424,Ward 7,2022-08-04
2022-07-27,38.871099,-77.013014,Ward 6,2022-07-28
2022-07-27,38.825381,-77.008677,Ward 8,2022-07-28
2022-07-27,38.824960,-77.008269,Ward 8,2022-07-28
2022-07-27,38.868307,-76.948219,Ward 7,2022-08-11
2022-07-27,38.912330,-76.986888,Ward 5,2022-07-28
2022-07-27,38.927518,-77.035906,Ward 1,2022-09-08
2022-07-27,38.933964,-77.024834,Ward 1,2022-07-29
2022-07-27,38.894617,-76.985713,Ward 6,2022-07-28
2022-07-27,38.895279,-76.989727,Ward 6,2022-08-02
2022-07-27,38.915303,-77.021094,Ward 1,2022-07-28
2022-07-27,38.935489,-77.027615,Ward 1,2022-07-29
2022-07-27,38.920447,-77.013002,Ward 5,2022-08-09
2022-07-27,38.907407,-77.009783,Ward 5,2022-08-09
2022-07-27,38.966300,-77.020664,Ward 4,2022-08-04
2022-07-27,38.929949,-77.026586,Ward 1,2022-07-29
2022-07-27,38.877009,-76.978302,Ward 6,2022-08-27
2022-07-27,38.902528,-76.983640,Ward 5,2022-08-31
2022-07-27,38.904301,-76.981297,Ward 5,2022-08-15
2022-07-27,38.903689,-76.982854,Ward 5,2022-08-05
2022-07-27,38.911905,-76.984673,Ward 5,2022-08-09
2022-07-27,38.912576,-76.984288,Ward 5,2022-08-09
2022-07-27,38.909862,-76.985476,Ward 5,2022-08-04
2022-07-27,38.905509,-77.018731,Ward 6,2022-08-02
2022-07-27,38.888219,-76.978781,Ward 7,2022-08-01
2022-07-27,38.904821,-76.999278,Ward 6,2022-08-27
2022-07-27,38.911297,-77.032288,Ward 2,2022-09-08
2022-07-27,38.924364,-77.025886,Ward 1,2022-07-28
2022-07-27,38.832872,-77.009111,Ward 8,2022-08-02
2022-07-27,38.924316,-77.025872,Ward 1,2022-07-28
2022-07-27,38.928387,-77.030945,Ward 1,2022-07-29
2022-07-27,38.883044,-76.990907,Ward 6,2022-07-28
2022-07-27,38.905963,-76.998226,Ward 6,2022-08-03
2022-07-27,38.917164,-77.024943,Ward 1,2022-07-29
2022-07-28,38.885222,-76.981013,Ward 6,2022-08-08
2022-07-28,38.931334,-77.020772,Ward 1,2022-07-28
2022-07-28,38.886415,-76.922038,Ward 7,2022-08-10
2022-07-28,38.907376,-77.003270,Ward 6,2022-07-28
2022-07-28,38.867722,-76.966693,Ward 7,2022-07-28
2022-07-28,38.895227,-76.974624,Ward 7,2022-08-01
2022-07-28,38.953609,-77.016192,Ward 4,2022-08-05
2022-07-28,38.919730,-77.013722,Ward 5,2022-07-29
2022-07-28,38.916374,-77.036103,Ward 2,2022-07-29
2022-07-28,38.896862,-76.987871,Ward 6,2022-08-27
2022-07-28,38.872932,-76.967096,Ward 7,2022-08-03
2022-07-28,38.919010,-77.030606,Ward 1,2022-07-28
2022-07-28,38.876275,-76.936735,Ward 7,2022-08-08
2022-07-28,38.822831,-76.999278,Ward 8,2022-08-02
2022-07-28,38.822831,-76.999278,Ward 8,2022-08-02
2022-07-28,38.902674,-76.974954,Ward 5,2022-08-15
2022-07-28,38.870569,-76.979754,Ward 8,2022-07-28
2022-07-28,38.916374,-77.036103,Ward 2,2022-07-29
2022-07-28,38.950040,-77.016645,Ward 4,2022-08-11
2022-07-28,38.929949,-77.026586,Ward 1,2022-07-29
2022-07-28,38.943862,-77.021928,Ward 4,2022-08-11
2022-07-28,38.908887,-77.011417,Ward 5,2022-08-09
2022-07-28,38.871930,-76.937716,Ward 7,2022-08-08
2022-07-28,38.911957,-77.018713,Ward 6,2022-08-02
2022-07-28,38.896948,-76.980818,Ward 6,2022-08-31
2022-07-28,38.957566,-77.025240,Ward 4,2022-08-04
2022-07-28,38.953164,-77.078324,Ward 3,2022-07-29
2022-07-28,38.908887,-77.011417,Ward 5,2022-08-09
2022-07-28,38.915842,-77.002332,Ward 5,2022-08-09
2022-07-28,38.876698,-76.934921,Ward 7,2022-08-11
2022-07-28,38.938178,-77.018753,Ward 4,2022-08-01
2022-07-28,38.900973,-76.999225,Ward 6,2022-08-02
2022-07-28,38.898302,-76.980765,Ward 6,2022-07-30
2022-07-28,38.943917,-77.022261,Ward 4,2022-08-18
2022-07-28,38.917859,-77.031680,Ward 1,2022-09-08
2022-07-28,38.907065,-77.029913,Ward 2,2022-08-03
2022-07-28,38.907065,-77.029913,Ward 2,2022-09-08
2022-07-28,38.905396,-76.971953,Ward 5,2022-08-31
2022-07-29,38.915897,-77.027847,Ward 1,2022-07-29
2022-07-29,38.921129,-77.001579,Ward 5,2022-08-09
2022-07-29,38.913438,-77.014598,Ward 5,2022-08-09
2022-07-29,38.892178,-76.975422,Ward 6,2022-08-10
2022-07-29,38.893588,-76.979172,Ward 6,2022-08-01
2022-07-29,38.920591,-77.034810,Ward 1,2022-08-03
2022-07-29,38.930098,-77.018381,Ward 1,2022-07-29
2022-07-29,38.949897,-77.088041,Ward 3,2022-08-03
2022-07-29,38.929722,-77.019975,Ward 1,2022-08-09
2022-07-29,38.872960,-77.010651,Ward 6,2022-08-01
2022-07-29,38.895003,-77.031353,Ward 2,2022-08-02
2022-07-29,38.907385,-77.027899,Ward 2,2022-08-03
2022-07-29,38.961839,-77.032001,Ward 4,2022-08-10
2022-07-29,38.902140,-76.921231,Ward 7,2022-08-08
2022-07-29,38.923438,-76.972164,Ward 5,2022-08-05
2022-07-29,38.907228,-76.980060,Ward 5,2022-08-31
2022-07-29,38.912825,-77.024592,Ward 6,2022-08-27
2022-07-29,38.882163,-76.993516,Ward 6,2022-08-27
2022-07-29,38.928248,-77.026848,Ward 1,2022-08-03
2022-07-29,38.921129,-77.001579,Ward 5,2022-08-09
2022-07-29,38.936393,-77.031023,Ward 1,2022-08-01
2022-07-29,38.936260,-77.030648,Ward 1,2022-08-01
2022-07-29,38.899712,-76.995927,Ward 6,2022-08-02
2022-07-29,38.913090,-77.041965,Ward 2,2022-08-03
2022-07-29,38.963253,-77.007740,Ward 4,2022-08-11
2022-07-29,38.956143,-77.087546,Ward 3,2022-08-10
2022-07-29,38.838716,-77.005170,Ward 8,2022-08-02
2022-07-29,38.913879,-77.026170,Ward 6,2022-08-27
2022-07-29,38.890154,-76.955937,Ward 7,2022-08-05
2022-07-29,38.978868,-77.026203,Ward 4,2022-08-15
2022-07-29,38.960282,-77.064453,Ward 4,2022-08-18
2022-07-29,38.899789,-77.016204,Ward 2,2022-10-04
2022-07-29,38.885352,-76.980765,Ward 6,2022-08-27
2022-07-29,38.954650,-77.015032,Ward 4,2022-08-11
2022-07-29,38.898718,-77.030990,Ward 2,2022-08-03
2022-07-30,38.949772,-77.013974,Ward 4,2022-08-09
2022-07-30,38.894664,-76.985248,Ward 6,2022-08-02
2022-07-30,38.902982,-76.980273,Ward 5,2022-08-31
2022-07-30,38.889515,-76.982813,Ward 6,2022-08-03
2022-07-30,38.928870,-77.021364,Ward 1,2022-08-05
2022-07-30,38.905645,-77.018932,Ward 6,2022-08-01
2022-07-30,38.863923,-76.982258,Ward 8,2022-08-01
2022-07-30,38.863923,-76.982258,Ward 8,2022-08-02
2022-07-30,38.863790,-76.982771,Ward 8,2022-08-01
2022-07-30,38.864703,-76.983699,Ward 8,2022-08-02
2022-07-30,38.934078,-77.022665,Ward 1,2022-08-16
2022-07-30,38.913059,-77.015464,Ward 5,2022-08-05
2022-07-30,38.904118,-76.988501,Ward 5,2022-08-31
2022-07-30,38.961259,-77.028010,Ward 4,2022-08-18
2022-07-30,38.883084,-76.949524,Ward 7,2022-08-04
2022-07-30,38.920226,-77.074587,Ward 3,2022-10-05
2022-07-30,38.905396,-76.971953,Ward 5,2022-08-31
2022-07-30,38.936780,-77.023304,Ward 4,2022-08-02
2022-07-30,38.910966,-77.022461,Ward 6,2022-08-27
2022-07-30,38.937851,-77.022142,Ward 4,2022-08-04
2022-07-30,38.937835,-77.022566,Ward 4,2022-08-04
2022-07-30,38.937244,-77.021193,Ward 4,2022-08-04
2022-07-30,38.904781,-76.998698,Ward 6,2022-08-27
2022-07-30,38.845089,-76.995920,Ward 8,2022-08-01
2022-07-30,38.930278,-77.038623,Ward 1,2022-08-02
2022-07-30,38.929389,-77.031429,Ward 1,2022-09-08
2022-07-30,38.953170,-77.012106,Ward 4,2022-08-09
2022-07-30,38.916691,-77.068082,Ward 2,2022-08-01
2022-07-30,38.909043,-77.011923,Ward 5,2022-08-09
2022-07-31,38.912833,-77.004917,Ward 5,2022-08-09
2022-07-31,38.889760,-76.918251,Ward 7,2022-08-11
2022-07-31,38.913438,-77.014598,Ward 5,2022-08-09
2022-07-31,38.897176,-76.980693,Ward 6,2022-08-31
2022-07-31,38.927084,-77.042213,Ward 1,2022-09-08
2022-07-31,38.910535,-77.007988,Ward 5,2022-08-09
2022-07-31,38.910010,-77.012163,Ward 5,2022-08-01
2022-07-31,38.891365,-76.985246,Ward 6,2022-08-27
2022-07-31,38.910535,-77.007988,Ward 5,2022-08-09
2022-07-31,38.905164,-77.006291,Ward 6,2022-08-02
2022-07-31,38.900030,-76.932531,Ward 7,2022-08-05
2022-07-31,38.898571,-76.984722,Ward 6,2022-08-01
2022-07-31,38.905963,-77.011945,Ward 6,2022-08-03
2022-07-31,38.901552,-77.007180,Ward 6,2022-08-27
2022-07-31,38.862428,-76.979700,Ward 8,2022-08-01
2022-07-31,38.910909,-77.025993,Ward 2,2022-08-27
2022-07-31,38.919130,-77.034609,Ward 1,2022-09-08
2022-07-31,38.906631,-76.986603,Ward 5,2022-08-15
2022-07-31,38.927591,-77.021406,Ward 1,2022-08-09
2022-07-31,38.877771,-76.943279,Ward 7,2022-08-04
2022-07-31,38.924453,-77.027231,Ward 1,2022-10-04
2022-07-31,38.888639,-76.992449,Ward 6,2022-08-03
2022-07-31,38.911402,-77.017312,Ward 6,2022-08-31
2022-07-31,38.970917,-77.025319,Ward 4,2022-08-11
2022-07-31,38.889400,-76.979192,Ward 6,2022-08-01
2022-07-31,38.893323,-76.918692,Ward 7,2022-08-25
2022-07-31,38.940569,-76.979957,Ward 5,2022-08-09
2022-07-31,38.930842,-76.973112,Ward 5,2022-08-02
2022-07-31,38.930710,-77.025419,Ward 1,2022-08-12
2022-07-31,38.920973,-77.072272,Ward 3,2022-08-10
2022-07-31,38.910976,-77.027848,Ward 2,2022-10-04
2022-07-31,38.972127,-77.022660,Ward 4,2022-08-11
2022-07-31,38.904841,-77.013057,Ward 6,2022-08-27
2022-08-01,38.911762,-77.027843,Ward 2,2022-10-04
2022-08-01,38.910548,-77.009719,Ward 5,2022-08-09
2022-08-01,38.921194,-77.078123,Ward 3,2022-10-05
2022-08-01,38.859595,-76.955074,Ward 7,2022-08-05
2022-08-01,38.973380,-77.022471,Ward 4,2022-08-10
2022-08-01,38.946074,-77.021481,Ward 4,2022-08-19
2022-08-01,38.918297,-77.025098,Ward 1,2022-08-13
2022-08-01,38.902963,-76.994442,Ward 6,2022-08-15
2022-08-01,38.910513,-77.007744,Ward 5,2022-08-09
2022-08-01,38.902516,-77.007476,Ward 6,2022-08-03
2022-08-01,38.892206,-76.921227,Ward 7,2022-08-08
2022-08-01,38.902765,-76.990937,Ward 6,2022-08-15
2022-08-01,38.905421,-76.987680,Ward 5,2022-08-13
2022-08-01,38.903851,-76.989600,Ward 5,2022-08-13
2022-08-01,38.891816,-77.002233,Ward 6,2022-08-02
2022-08-01,38.909025,-77.015426,Ward 5,2022-08-01
2022-08-01,38.915194,-77.018910,Ward 1,2022-08-03
2022-08-01,38.885222,-76.981013,Ward 6,2022-08-08
2022-08-01,38.910615,-77.026175,Ward 6,2022-08-15
2022-08-01,38.912465,-77.027611,Ward 2,2022-08-13
2022-08-01,38.906594,-77.011966,Ward 5,2022-08-09
2022-08-01,38.912178,-76.984870,Ward 5,2022-08-09
2022-08-01,38.910976,-77.027848,Ward 2,2022-10-04
2022-08-01,38.910924,-77.007026,Ward 5,2022-08-09
2022-08-01,38.934004,-76.992523,Ward 5,2022-08-03
2022-08-01,38.909808,-76.986191,Ward 5,2022-08-09
2022-08-01,38.907385,-77.027899,Ward 2,2022-08-02
2022-08-01,38.968095,-77.031046,Ward 4,2022-08-03
2022-08-01,38.903555,-76.977731,Ward 5,2022-08-13
2022-08-01,38.928579,-77.026949,Ward 1,2022-08-05
2022-08-01,38.931004,-77.026315,Ward 1,2022-08-03
2022-08-01,38.967289,-77.027501,Ward 4,2022-08-03
2022-08-01,38.900636,-76.994001,Ward 6,2022-08-27
2022-08-01,38.922227,-77.003723,Ward 5,2022-08-09
2022-08-01,38.894060,-76.985286,Ward 6,2022-08-15
2022-08-01,38.894280,-76.978774,Ward 6,2022-08-03
2022-08-01,38.911126,-77.038486,Ward 2,2022-08-02
2022-08-01,38.909847,-77.011976,Ward 5,2022-08-09
2022-08-01,38.920324,-77.034568,Ward 1,2022-08-03
2022-08-01,38.910331,-77.065018,Ward 2,2022-08-13
2022-08-01,38.942028,-77.020068,Ward 4,2022-08-02
2022-08-01,38.936362,-77.035512,Ward 1,2022-08-13
2022-08-01,38.822831,-76.999278,Ward 8,2022-08-02
2022-08-01,38.860009,-76.989562,Ward 8,2022-08-02
2022-08-01,38.930590,-76.995455,Ward 5,2022-08-05
2022-08-01,38.924608,-76.996625,Ward 5,2022-08-02
2022-08-01,38.925855,-77.023721,Ward 1,2022-08-08
2022-08-01,38.895689,-76.972258,Ward 7,2022-08-04
2022-08-01,38.905582,-76.981616,Ward 5,2022-08-15
2022-08-01,38.911312,-77.018337,Ward 6,2022-08-02
2022-08-01,38.936362,-77.035512,Ward 1,2022-08-13
2022-08-01,38.959970,-77.020084,Ward 4,2022-08-15
2022-08-02,38.906745,-76.986831,Ward 5,2022-08-15
2022-08-02,38.949852,-77.013916,Ward 4,2022-08-09
2022-08-02,38.930067,-77.025413,Ward 1,2022-08-12
2022-08-02,38.954265,-76.987833,Ward 5,2022-08-03
2022-08-02,38.937739,-77.017724,Null,2022-08-31
2022-08-02,38.857908,-76.986217,Ward 8,2022-08-02
2022-08-02,38.913169,-77.038225,Ward 2,2022-08-02
2022-08-02,38.928791,-77.036830,Ward 1,2022-08-02
2022-08-02,38.895037,-76.974393,Ward 7,2022-08-04
2022-08-02,38.902183,-77.005586,Ward 6,2022-08-15
2022-08-02,38.898049,-76.981376,Ward 6,2022-08-03
2022-08-02,38.952046,-77.010591,Ward 4,2022-08-05
2022-08-02,38.913523,-76.985224,Ward 5,2022-08-09
2022-08-02,38.912980,-76.985033,Ward 5,2022-08-09
2022-08-02,38.913275,-76.985908,Ward 5,2022-08-09
2022-08-02,38.936362,-77.035512,Ward 1,2022-08-13
2022-08-02,38.912188,-76.986699,Ward 5,2022-08-09
2022-08-02,38.930098,-77.018381,Ward 1,2022-08-09
2022-08-02,38.909773,-76.987525,Ward 5,2022-08-04
2022-08-02,38.910378,-76.987445,Ward 5,2022-08-04
2022-08-02,38.959422,-77.024457,Ward 4,2022-08-03
2022-08-02,38.907385,-77.027899,Ward 2,2022-08-02
2022-08-02,38.893747,-76.984705,Ward 6,2022-08-02
2022-08-02,38.903791,-77.026593,Ward 2,2022-08-03
2022-08-02,38.890185,-77.000384,Ward 6,2022-08-03
2022-08-02,38.931855,-77.022951,Ward 1,2022-08-13
2022-08-02,38.923503,-77.045523,Ward 1,2022-08-13
2022-08-02,38.934741,-77.029290,Ward 1,2022-08-13
2022-08-02,38.905938,-77.018197,Ward 2,2022-08-03
2022-08-02,38.872106,-76.971734,Ward 8,2022-08-05
2022-08-02,38.928633,-76.995161,Ward 5,2022-08-05
2022-08-02,38.872735,-76.976276,Ward 8,2022-08-05
2022-08-02,38.918951,-77.074674,Ward 3,2022-08-15
2022-08-02,38.901512,-76.989223,Ward 6,2022-08-03
2022-08-02,38.888159,-76.987060,Ward 6,2022-08-03
2022-08-02,38.872054,-76.950950,Ward 7,2022-08-10
2022-08-02,38.889419,-76.953345,Ward 7,2022-08-08
2022-08-02,38.932170,-77.030295,Ward 1,2022-08-04
2022-08-02,38.904797,-76.935337,Ward 7,2022-08-05
2022-08-02,38.906070,-76.932188,Ward 7,2022-08-04
2022-08-02,38.868054,-76.984064,Ward 8,2022-08-05
2022-08-02,38.900736,-76.994675,Ward 6,2022-08-15
2022-08-02,38.921730,-77.032943,Ward 1,2022-08-13
2022-08-02,38.926475,-77.035685,Ward 1,2022-08-04
2022-08-02,38.928802,-77.036789,Ward 1,2022-08-13
2022-08-02,38.896951,-76.992855,Ward 6,2022-08-03
2022-08-02,38.864123,-76.991092,Ward 8,2022-08-04
2022-08-02,38.920865,-77.001816,Ward 5,2022-08-09
2022-08-02,38.906995,-77.007694,Ward 6,2022-08-03
2022-08-02,38.908873,-76.986134,Ward 5,2022-08-04
2022-08-02,38.872303,-77.005543,Ward 6,2022-08-04
2022-08-02,38.871708,-77.005857,Ward 6,2022-08-03
2022-08-02,38.908417,-77.029947,Ward 2,2022-08-03
2022-08-03,38.845309,-77.002942,Ward 8,2022-08-03
2022-08-03,38.862320,-76.991966,Ward 8,2022-08-05
2022-08-03,38.862320,-76.991966,Ward 8,2022-08-05
2022-08-03,38.933599,-77.022140,Ward 1,2022-08-13
2022-08-03,38.893624,-76.912290,Ward 7,2022-08-08
2022-08-03,38.934507,-77.034524,Ward 1,2022-08-06
2022-08-03,38.944884,-77.027408,Ward 4,2022-08-23
2022-08-03,38.954931,-76.996936,Ward 5,2022-08-09
2022-08-03,38.921714,-77.034562,Ward 1,2022-08-13
2022-08-03,38.870573,-76.978765,Ward 8,2022-08-05
2022-08-03,38.894190,-76.978463,Ward 6,2022-08-15
2022-08-03,38.871687,-76.947041,Ward 7,2022-08-04
2022-08-03,38.858283,-76.993945,Ward 8,2022-08-04
2022-08-03,38.925299,-77.023501,Ward 1,2022-08-08
2022-08-03,38.925309,-77.023439,Ward 1,2022-08-08
2022-08-03,38.979614,-77.030013,Ward 4,2022-08-15
2022-08-03,38.909455,-77.011972,Ward 5,2022-08-04
2022-08-03,38.894095,-77.003033,Ward 6,2022-08-15
2022-08-03,38.973896,-77.012821,Ward 4,2022-08-23
2022-08-03,38.891533,-76.989965,Ward 6,2022-08-15
2022-08-03,38.906548,-76.930442,Ward 7,2022-08-05
2022-08-03,38.849526,-76.979890,Ward 8,2022-08-04
2022-08-03,38.902972,-76.980763,Ward 5,2022-08-15
2022-08-03,38.916120,-77.008384,Ward 5,2022-08-09
2022-08-03,38.906503,-77.035509,Ward 2,2022-08-13
2022-08-03,38.887315,-76.997174,Ward 6,2022-08-09
2022-08-03,38.908574,-77.015908,Null,2022-08-18
2022-08-03,38.969301,-77.025367,Ward 4,2022-08-10
2022-08-03,38.937664,-76.994867,Ward 5,2022-08-08
2022-08-03,38.896954,-76.938852,Ward 7,2022-08-05
2022-08-03,38.908414,-77.006628,Ward 5,2022-08-04
2022-08-03,38.900363,-76.976760,Ward 5,2022-08-15
2022-08-03,38.895968,-76.975337,Ward 7,2022-08-04
2022-08-03,38.912607,-77.027894,Ward 2,2022-08-08
2022-08-03,38.930228,-77.021277,Ward 1,2022-08-09
2022-08-03,38.897581,-76.981325,Ward 6,2022-08-13
2022-08-03,38.907608,-77.024423,Ward 2,2022-08-04
2022-08-03,38.897223,-76.980967,Ward 6,2022-08-15
2022-08-03,38.924079,-77.027329,Ward 1,2022-08-09
2022-08-03,38.928248,-77.026848,Ward 1,2022-08-13
2022-08-03,38.880039,-77.013036,Ward 6,2022-08-04
2022-08-03,38.895251,-76.980481,Ward 6,2022-08-04
2022-08-03,38.927520,-76.968648,Ward 5,2022-08-04
2022-08-04,38.930732,-77.019738,Ward 1,2022-08-15
2022-08-04,38.898407,-76.980501,Ward 6,2022-08-13
2022-08-04,38.920865,-77.001816,Ward 5,2022-08-09
2022-08-04,38.910700,-77.036975,Ward 2,2022-08-13
2022-08-04,38.931606,-77.032958,Ward 1,2022-08-08
2022-08-04,38.874395,-76.962109,Ward 7,2022-08-05
2022-08-04,38.944169,-77.027037,Ward 4,2022-08-19
2022-08-04,38.969925,-77.027265,Ward 4,2022-08-10
2022-08-04,38.863133,-76.994063,Ward 8,2022-08-05
2022-08-04,38.928574,-77.038898,Ward 1,2022-08-15
2022-08-04,38.960645,-77.026232,Ward 4,2022-08-25
2022-08-04,38.949537,-77.016121,Ward 4,2022-08-11
2022-08-04,38.959050,-77.038679,Ward 4,2022-08-23
2022-08-04,38.885259,-77.004154,Ward 6,2022-08-04
2022-08-04,38.896936,-76.941891,Ward 7,2022-08-10
2022-08-04,38.930199,-77.028098,Ward 1,2022-08-15
2022-08-04,38.887915,-76.986338,Ward 6,2022-08-05
2022-08-04,38.915842,-77.002332,Ward 5,2022-08-09
2022-08-04,38.939504,-77.031681,Ward 4,2022-08-23
2022-08-04,38.921503,-77.042558,Ward 1,2022-08-09
2022-08-04,38.922775,-77.042099,Ward 1,2022-08-10
2022-08-04,38.907039,-76.939428,Ward 7,2022-08-11
2022-08-04,38.918948,-77.041834,Ward 1,2022-08-13
2022-08-04,38.936225,-77.031957,Ward 1,2022-08-15
2022-08-04,38.885259,-77.004154,Ward 6,2022-08-08
2022-08-04,38.933040,-76.965436,Ward 5,2022-08-10
2022-08-04,38.933929,-76.963309,Ward 5,2022-08-10
2022-08-04,38.916161,-77.007277,Ward 5,2022-08-10
2022-08-04,38.926872,-76.995237,Ward 5,2022-08-05
2022-08-04,38.901372,-76.921438,Ward 7,2022-08-08
2022-08-04,38.832277,-76.988030,Ward 8,2022-08-05
2022-08-04,38.888268,-76.978769,Ward 6,2022-08-05
2022-08-04,38.919801,-77.076285,Ward 3,2022-08-09
2022-08-04,38.895908,-76.980530,Ward 6,2022-08-05
2022-08-04,38.895251,-76.980481,Ward 6,2022-08-05
2022-08-04,38.968632,-77.026061,Ward 4,2022-08-10
2022-08-04,38.900363,-76.976760,Ward 5,2022-08-15
2022-08-04,38.914279,-76.974455,Ward 5,2022-08-13
2022-08-04,38.934159,-77.028221,Ward 1,2022-08-12
2022-08-04,38.928274,-77.026849,Ward 1,2022-08-13
2022-08-04,38.952408,-77.015223,Ward 4,2022-08-23
2022-08-04,38.905872,-76.934449,Ward 7,2022-08-11
2022-08-04,38.952849,-77.022864,Ward 4,2022-08-05
2022-08-04,38.920328,-77.039088,Ward 1,2022-08-10
2022-08-04,38.920286,-77.039021,Ward 1,2022-08-15
2022-08-04,38.891127,-76.995468,Ward 6,2022-08-05
2022-08-04,38.920400,-77.038665,Ward 1,2022-08-13
2022-08-04,38.921069,-77.038688,Ward 1,2022-08-10
2022-08-04,38.927206,-76.995257,Ward 5,2022-08-05
2022-08-04,38.952050,-77.029991,Ward 4,2022-08-23
2022-08-04,38.948835,-77.025776,Ward 4,2022-08-23
2022-08-05,38.893778,-76.955153,Ward 7,2022-08-10
2022-08-05,38.907745,-76.938906,Ward 7,2022-08-11
2022-08-05,38.894617,-76.985713,Ward 6,2022-08-05
2022-08-05,38.852724,-76.970048,Ward 8,2022-08-10
2022-08-05,38.891827,-76.987013,Ward 6,2022-08-08
2022-08-05,38.917156,-77.011733,Ward 5,2022-08-15
2022-08-05,38.921718,-77.034501,Ward 1,2022-08-15
2022-08-05,38.893575,-76.985509,Ward 6,2022-08-15
2022-08-05,38.945082,-76.981434,Ward 5,2022-08-10
2022-08-05,38.905396,-76.971953,Ward 5,2022-08-10
2022-08-05,38.914915,-77.019115,Ward 6,2022-08-15
2022-08-05,38.886920,-76.936589,Ward 7,2022-08-08
2022-08-05,38.896948,-76.980818,Ward 6,2022-08-15
2022-08-05,38.930102,-77.025059,Ward 1,2022-08-13
2022-08-05,38.936461,-76.989609,Ward 5,2022-08-13
2022-08-05,38.916779,-77.033724,Ward 2,2022-08-08
2022-08-05,38.933945,-77.021953,Ward 1,2022-08-09
2022-08-05,38.871681,-76.981506,Ward 8,2022-08-05
2022-08-05,38.901519,-76.994193,Ward 6,2022-08-08
2022-08-05,38.917140,-77.011841,Ward 5,2022-08-13
2022-08-05,38.956168,-77.007360,Ward 4,2022-08-08
2022-08-05,38.951395,-77.014920,Ward 4,2022-08-19
2022-08-05,38.895457,-76.973190,Ward 7,2022-08-06
2022-08-05,38.914713,-77.071030,Ward 2,2022-08-13
2022-08-05,38.971146,-77.010774,Ward 4,2022-08-11
2022-08-05,38.841524,-77.001805,Ward 8,2022-08-09
2022-08-05,38.864069,-76.987168,Ward 8,2022-08-10
2022-08-05,38.907814,-76.988468,Ward 5,2022-08-13
2022-08-05,38.920967,-76.984335,Ward 5,2022-08-13
2022-08-05,38.971146,-77.010774,Ward 4,2022-08-11
2022-08-05,38.901519,-76.994193,Ward 6,2022-08-08
2022-08-05,38.951059,-77.012555,Ward 4,2022-08-16
2022-08-05,38.899905,-76.941759,Ward 7,2022-08-11
2022-08-05,38.827729,-76.996352,Ward 8,2022-08-08
2022-08-05,38.940527,-76.975458,Ward 5,2022-08-08
2022-08-05,38.909394,-76.985271,Ward 5,2022-08-11
2022-08-06,38.938535,-76.989497,Ward 5,2022-08-13
2022-08-06,38.914142,-77.015551,Ward 5,2022-08-13
2022-08-06,38.879480,-77.003890,Ward 6,2022-08-08
2022-08-06,38.884646,-76.983068,Ward 7,2022-08-13
2022-08-06,38.943563,-77.095503,Ward 3,2022-08-09
2022-08-06,38.950620,-77.030131,Ward 4,2022-08-19
2022-08-06,38.879299,-76.941610,Ward 7,2022-09-15
2022-08-06,38.893392,-76.955542,Ward 7,2022-08-25
2022-08-06,38.952185,-77.008049,Ward 5,2022-08-31
2022-08-06,38.906126,-76.987153,Ward 5,2022-08-08
2022-08-06,38.903323,-76.992833,Ward 6,2022-08-08
2022-08-06,38.913716,-76.971169,Ward 5,2022-08-09
2022-08-06,38.932690,-77.027364,Ward 1,2022-08-13
2022-08-06,38.924183,-77.022523,Ward 1,2022-08-10
2022-08-06,38.913438,-77.014598,Ward 5,2022-08-09
2022-08-06,38.895931,-76.980990,Ward 6,2022-08-08
2022-08-06,38.951241,-77.023575,Ward 4,2022-08-19
2022-08-06,38.957095,-77.023682,Ward 4,2022-08-17
2022-08-07,38.909843,-77.019468,Ward 6,2022-08-13
2022-08-07,38.920007,-76.997544,Ward 5,2022-08-09
2022-08-07,38.919038,-77.000108,Ward 5,2022-08-09
2022-08-07,38.874684,-76.971399,Ward 7,2022-08-08
2022-08-07,38.901647,-76.931287,Ward 7,2022-08-11
2022-08-07,38.888446,-76.986257,Ward 6,2022-08-15
2022-08-07,38.907859,-77.001463,Ward 5,2022-08-09
2022-08-07,38.948448,-77.026390,Ward 4,2022-08-23
2022-08-07,38.954336,-77.025919,Ward 4,2022-08-16
2022-08-07,38.948448,-77.026390,Ward 4,2022-08-23
2022-08-07,38.903443,-76.999275,Ward 6,2022-08-08
2022-08-07,38.912349,-77.028381,Ward 2,2022-08-13
2022-08-07,38.927217,-77.023668,Ward 1,2022-08-13
2022-08-07,38.906712,-76.939873,Ward 7,2022-08-08
2022-08-07,38.964131,-77.008752,Ward 4,2022-08-11
2022-08-07,38.956425,-77.028501,Ward 4,2022-08-17
2022-08-07,38.934571,-77.029727,Ward 1,2022-08-09
2022-08-07,38.899073,-76.987407,Ward 6,2022-08-08
2022-08-07,38.934006,-77.033600,Ward 1,2022-08-15
2022-08-07,38.933710,-77.033918,Ward 1,2022-08-15
2022-08-07,38.902663,-76.924862,Ward 7,2022-08-09
2022-08-07,38.902085,-76.929143,Ward 7,2022-08-25
2022-08-07,38.930589,-77.021579,Ward 1,2022-08-09
2022-08-07,38.946646,-77.027023,Ward 4,2022-08-16
2022-08-07,38.928870,-77.021364,Ward 1,2022-08-09
2022-08-07,38.899779,-76.998669,Ward 6,2022-08-10
2022-08-07,38.872009,-76.964768,Ward 7,2022-08-11
2022-08-07,38.954856,-77.034799,Ward 4,2022-08-19
2022-08-07,38.911504,-76.984813,Ward 5,2022-08-13
2022-08-07,38.878840,-76.991533,Ward 6,2022-08-08
2022-08-07,38.923764,-77.045115,Ward 1,2022-08-10
2022-08-07,38.913194,-77.017960,Ward 6,2022-08-13
2022-08-08,38.910615,-77.026175,Ward 6,2022-08-13
2022-08-08,38.904712,-76.981255,Ward 5,2022-08-13
2022-08-08,38.961465,-77.026248,Ward 4,2022-08-18
2022-08-08,38.865039,-76.986818,Ward 8,2022-08-08
2022-08-08,38.906229,-77.016393,Ward 2,2022-08-13
2022-08-08,38.950730,-77.078740,Ward 3,2022-08-09
2022-08-08,38.926268,-77.030029,Ward 1,2022-08-15
2022-08-08,38.901519,-76.994193,Ward 6,2022-08-31
2022-08-08,38.940805,-77.026725,Ward 4,2022-08-09
2022-08-08,38.822885,-76.999584,Ward 8,2022-08-11
2022-08-08,38.910202,-77.011254,Ward 5,2022-08-13
2022-08-08,38.927407,-77.038292,Ward 1,2022-08-10
2022-08-08,38.951395,-77.014920,Ward 4,2022-08-19
2022-08-08,38.937225,-77.034078,Ward 1,2022-08-12
2022-08-08,38.889780,-76.955953,Ward 7,2022-08-09
2022-08-08,38.931386,-76.982390,Ward 5,2022-08-09
2022-08-08,38.895003,-77.031353,Ward 2,2022-08-09
2022-08-08,38.915437,-77.019555,Ward 1,2022-08-13
2022-08-08,38.961016,-77.063889,Ward 4,2022-08-11
2022-08-08,38.903550,-77.027547,Ward 2,2022-08-09
2022-08-08,38.933770,-77.033014,Ward 1,2022-08-13
2022-08-08,38.938533,-77.023428,Ward 4,2022-08-19
2022-08-08,38.855506,-76.995194,Ward 8,2022-08-09
2022-08-08,38.905212,-77.001827,Ward 6,2022-08-09
2022-08-08,38.905384,-77.024568,Ward 2,2022-08-09
2022-08-08,38.903533,-77.063709,Ward 2,2022-08-09
2022-08-08,38.842574,-77.001333,Ward 8,2022-08-11
2022-08-08,38.829570,-76.994152,Ward 8,2022-08-11
2022-08-08,38.931859,-77.036045,Ward 1,2022-08-13
2022-08-08,38.924327,-77.029402,Ward 1,2022-08-15
2022-08-08,38.898821,-76.977265,Ward 6,2022-08-09
2022-08-08,38.914304,-77.014431,Ward 5,2022-08-13
2022-08-08,38.894043,-76.984763,Ward 6,2022-08-09
2022-08-08,38.884849,-76.983385,Ward 6,2022-08-09
2022-08-08,38.960331,-77.011358,Ward 4,2022-08-11
2022-08-08,38.905422,-76.976706,Ward 5,2022-08-12
2022-08-08,38.935670,-77.031082,Ward 1,2022-08-15
2022-08-08,38.933670,-77.031009,Ward 1,2022-08-09
2022-08-08,38.920226,-77.074587,Ward 3,2022-08-13
2022-08-09,38.911682,-77.009585,Ward 5,2022-08-13
2022-08-09,38.878154,-76.962893,Ward 7,2022-08-11
2022-08-09,38.905500,-77.001090,Ward 6,2022-08-11
2022-08-09,38.910941,-77.011261,Ward 5,2022-08-13
2022-08-09,38.893778,-76.955153,Ward 7,2022-08-09
2022-08-09,38.937670,-77.034647,Ward 4,2022-08-19
2022-08-09,38.855506,-76.995194,Ward 8,2022-08-09
2022-08-09,38.906229,-77.016393,Ward 2,2022-08-13
2022-08-09,38.954656,-77.014842,Ward 4,2022-08-19
2022-08-09,38.925325,-77.026005,Ward 1,2022-08-15
2022-08-09,38.906443,-77.016177,Ward 2,2022-08-10
2022-08-09,38.906242,-77.013828,Ward 5,2022-08-10
2022-08-09,38.895967,-76.992330,Ward 6,2022-08-15
2022-08-09,38.906909,-77.013824,Ward 6,2022-08-10
2022-08-09,38.924065,-77.074400,Ward 3,2022-08-10
2022-08-09,38.929729,-77.023633,Ward 1,2022-08-09
2022-08-09,38.913275,-76.985908,Ward 5,2022-08-13
2022-08-09,38.891298,-76.983388,Ward 6,2022-08-10
2022-08-09,38.912475,-76.983752,Ward 5,2022-08-11
2022-08-09,38.894976,-76.976530,Ward 7,2022-08-10
2022-08-09,38.913530,-77.002268,Ward 5,2022-08-13
2022-08-09,38.911949,-76.987063,Ward 5,2022-08-13
2022-08-09,38.885878,-76.941457,Ward 7,2022-08-11
2022-08-09,38.879399,-76.933506,Ward 7,2022-08-10
2022-08-09,38.957817,-77.025569,Ward 4,2022-08-19
2022-08-09,38.921874,-77.043077,Ward 1,2022-08-10
2022-08-09,38.868094,-76.963905,Ward 7,2022-08-11
2022-08-09,38.910096,-77.011938,Ward 5,2022-08-13
2022-08-09,38.937670,-77.034647,Ward 4,2022-08-19
2022-08-09,38.920021,-76.970681,Ward 5,2022-08-13
2022-08-09,38.913528,-77.012751,Ward 5,2022-08-13
2022-08-09,38.904115,-77.028317,Ward 2,2022-08-10
2022-08-09,38.912028,-77.008261,Ward 5,2022-08-13
2022-08-09,38.915303,-77.021094,Ward 1,2022-08-13
2022-08-09,38.957675,-77.023845,Ward 4,2022-08-16
2022-08-09,38.915410,-77.021658,Ward 1,2022-08-13
2022-08-09,38.905759,-76.986247,Ward 5,2022-08-13
2022-08-09,38.956633,-77.027382,Ward 4,2022-08-19
2022-08-09,38.900363,-76.976760,Ward 5,2022-08-13
2022-08-09,38.843489,-76.992139,Ward 8,2022-08-11
2022-08-09,38.917213,-77.009770,Ward 5,2022-08-10
2022-08-09,38.943961,-77.021935,Ward 4,2022-08-19
2022-08-09,38.925802,-76.995299,Ward 5,2022-08-13
2022-08-09,38.967145,-77.004752,Ward 4,2022-08-18
2022-08-09,38.903900,-77.066875,Ward 2,2022-08-13
2022-08-09,38.951504,-77.009940,Ward 4,2022-08-16
2022-08-09,38.875478,-76.966213,Ward 7,2022-08-10
2022-08-09,38.855506,-76.995194,Ward 8,2022-08-10
2022-08-09,38.873498,-76.973264,Ward 7,2022-08-10
2022-08-09,38.904243,-76.985793,Ward 5,2022-08-13
2022-08-09,38.837072,-77.006189,Ward 8,2022-08-10
2022-08-09,38.908027,-76.986747,Ward 5,2022-08-13
2022-08-09,38.895462,-76.979199,Ward 6,2022-08-10
2022-08-09,38.890365,-76.936042,Ward 7,2022-08-31
2022-08-09,38.868525,-76.981117,Ward 8,2022-08-10
2022-08-09,38.933320,-77.039024,Ward 1,2022-08-10
2022-08-09,38.869298,-76.975734,Ward 8,2022-08-10
2022-08-09,38.986084,-77.029961,Ward 4,2022-08-12
2022-08-09,38.909458,-77.025803,Ward 2,2022-08-13
2022-08-09,38.903512,-76.928594,Ward 7,2022-08-25
2022-08-09,38.933670,-77.031009,Ward 1,2022-08-13
2022-08-09,38.897661,-76.918048,Ward 7,2022-08-25
2022-08-10,38.908006,-77.037033,Ward 2,2022-08-13
2022-08-10,38.923746,-77.037523,Ward 1,2022-10-04
2022-08-10,38.898036,-76.981513,Ward 6,2022-08-10
2022-08-10,38.869316,-76.962673,Ward 7,2022-08-11
2022-08-10,38.903054,-76.935259,Ward 7,2022-08-25
2022-08-10,38.898372,-76.944590,Ward 7,2022-08-25
2022-08-10,38.849456,-76.981258,Ward 8,2022-08-18
2022-08-10,38.948623,-77.026984,Ward 4,2022-08-23
2022-08-10,38.903720,-76.990186,Ward 5,2022-08-11
2022-08-10,38.906242,-77.013828,Ward 5,2022-08-13
2022-08-10,38.888672,-76.978127,Ward 6,2022-08-11
2022-08-10,38.897529,-76.999317,Ward 6,2022-08-10
2022-08-10,38.901552,-77.007180,Ward 6,2022-08-15
2022-08-10,38.901631,-76.923905,Ward 7,2022-08-25
2022-08-10,38.907758,-77.001063,Ward 5,2022-08-13
2022-08-10,38.911126,-77.028082,Ward 2,2022-08-11
2022-08-10,38.899092,-76.997490,Ward 6,2022-08-11
2022-08-10,38.869466,-76.962702,Ward 7,2022-08-31
2022-08-10,38.922059,-77.043920,Ward 1,2022-08-13
2022-08-10,38.925159,-77.025383,Ward 1,2022-08-12
2022-08-10,38.913898,-77.024143,Ward 6,2022-08-13
2022-08-10,38.917201,-77.040424,Ward 1,2022-08-12
2022-08-10,38.904843,-76.942782,Ward 7,2022-08-25
2022-08-10,38.927407,-77.038292,Ward 1,2022-08-13
2022-08-10,38.967145,-77.004752,Ward 4,2022-08-18
2022-08-10,38.892913,-76.997049,Ward 6,2022-08-15
2022-08-10,38.903461,-76.934427,Ward 7,2022-08-25
2022-08-10,38.870522,-76.977049,Ward 8,2022-08-11
2022-08-10,38.868094,-76.963905,Ward 7,2022-08-11
2022-08-10,38.921950,-77.008730,Ward 5,2022-08-13
2022-08-10,38.930710,-77.025419,Ward 1,2022-08-12
2022-08-10,38.903448,-76.999783,Ward 6,2022-08-15
2022-08-10,38.895003,-77.031353,Ward 2,2022-08-11
2022-08-11,38.955158,-77.020895,Ward 4,2022-08-16
2022-08-11,38.918368,-77.009308,Ward 5,2022-08-13
2022-08-11,38.899056,-76.937890,Ward 7,2022-08-25
2022-08-11,38.890701,-76.949271,Ward 7,2022-08-25
2022-08-11,38.964060,-77.035965,Ward 4,2022-08-19
2022-08-11,38.947524,-77.022840,Ward 4,2022-08-19
2022-08-11,38.880471,-76.981546,Ward 6,2022-08-13
2022-08-11,38.902846,-76.927197,Ward 7,2022-08-13
2022-08-11,38.894190,-76.978463,Ward 6,2022-08-13
2022-08-11,38.875096,-76.966103,Ward 7,2022-08-11
2022-08-11,38.913885,-77.011283,Ward 5,2022-08-13
2022-08-11,38.895003,-77.031353,Ward 2,2022-08-11
2022-08-11,38.894422,-76.980508,Ward 6,2022-08-13
2022-08-11,38.903448,-76.999783,Ward 6,2022-08-11
2022-08-11,38.902183,-77.005586,Ward 6,2022-08-11
2022-08-11,38.927487,-76.963588,Ward 5,2022-08-13
2022-08-11,38.845966,-76.996133,Ward 8,2022-08-18
2022-08-11,38.917193,-77.015666,Ward 1,2022-08-13
2022-08-11,38.913876,-77.008470,Ward 5,2022-08-13
2022-08-11,38.932290,-77.029310,Ward 1,2022-08-17
2022-08-11,38.903720,-76.990186,Ward 5,2022-11-16
2022-08-11,38.944711,-77.027754,Ward 4,2022-08-16
2022-08-11,38.906081,-76.987052,Ward 5,2022-11-28
2022-08-11,38.894364,-76.978320,Ward 7,2022-08-15
2022-08-11,38.900361,-77.019169,Ward 2,2022-08-12
2022-08-11,38.824356,-76.997586,Ward 8,2022-08-18
2022-08-11,38.941272,-77.059414,Ward 3,2022-08-25
2022-08-11,38.961265,-77.002763,Ward 4,2022-08-18
2022-08-11,38.914358,-77.014437,Ward 5,2022-10-04
2022-08-11,38.873230,-76.971948,Ward 7,2022-08-15
2022-08-11,38.830729,-76.992698,Ward 8,2022-08-18
2022-08-11,38.899275,-76.917572,Ward 7,2022-08-25
2022-08-11,38.931251,-77.020077,Ward 1,2022-08-25
2022-08-11,38.904475,-77.016480,Ward 6,2022-08-12
2022-08-11,38.924376,-77.023288,Ward 1,2022-08-16
2022-08-11,38.920463,-77.039049,Ward 1,2022-10-04
2022-08-11,38.944508,-77.027895,Ward 4,2022-08-16
2022-08-12,38.885512,-76.987015,Ward 6,2022-08-27
2022-08-12,38.868947,-76.980238,Ward 8,2022-10-04
2022-08-12,38.961040,-77.002057,Ward 4,2022-08-19
2022-08-12,38.915613,-76.985206,Ward 5,2022-08-15
2022-08-12,38.901809,-76.995937,Ward 6,2022-08-17
2022-08-12,38.904671,-76.934604,Ward 7,2022-08-25
2022-08-12,38.911688,-77.005641,Ward 5,2022-10-04
2022-08-12,38.905903,-77.003572,Ward 6,2022-08-17
2022-08-12,38.906503,-77.035509,Ward 2,2022-10-04
2022-08-12,38.912608,-76.990138,Ward 5,2022-10-04
2022-08-12,38.888880,-77.001241,Ward 6,2022-08-27
2022-08-12,38.916584,-77.020832,Ward 1,2022-08-19
2022-08-12,38.888883,-77.001377,Ward 6,2022-08-27
2022-08-12,38.909459,-77.010784,Ward 5,2022-09-01
2022-08-12,38.868457,-76.989608,Ward 8,2022-08-18
2022-08-12,38.912358,-77.005408,Ward 5,2022-08-27
2022-08-12,38.913742,-77.001762,Ward 5,2022-08-15
2022-08-12,38.899295,-76.918530,Ward 7,2022-08-25
2022-08-12,38.900377,-76.978047,Ward 5,2022-08-23
2022-08-12,38.931751,-77.021024,Ward 1,2022-08-24
2022-08-12,38.895560,-76.992891,Ward 6,2022-08-25
2022-08-12,38.979197,-77.027058,Ward 4,2022-08-19
2022-08-12,38.956163,-77.018057,Ward 4,2022-08-19
2022-08-12,38.880039,-77.013036,Ward 6,2022-08-17
2022-08-12,38.873437,-76.973147,Ward 7,2022-09-15
2022-08-12,38.834124,-76.987358,Ward 8,2022-08-18
2022-08-12,38.928386,-77.029047,Ward 1,2022-08-17
2022-08-12,38.834619,-76.987470,Ward 8,2022-08-18
2022-08-12,38.834124,-76.987358,Ward 8,2022-08-18
2022-08-12,38.923438,-76.968064,Ward 5,2022-10-04
2022-08-12,38.912812,-77.015392,Ward 5,2022-08-15
2022-08-12,38.930870,-77.022410,Ward 1,2022-08-16
2022-08-12,38.929372,-77.027408,Ward 1,2022-08-17
2022-08-12,38.906340,-77.065049,Ward 2,2022-10-04
2022-08-12,38.924259,-77.030065,Ward 1,2022-08-16
2022-08-12,38.891581,-76.985213,Ward 6,2022-08-25
2022-08-13,38.926872,-76.995237,Ward 5,2022-08-17
2022-08-13,38.915416,-77.030019,Ward 1,2022-08-24
2022-08-13,38.905023,-77.070229,Ward 2,2022-10-04
2022-08-13,38.928411,-77.029355,Ward 1,2022-08-17
2022-08-13,38.915397,-77.030732,Ward 1,2022-08-16
2022-08-13,38.877905,-76.999127,Ward 6,2022-08-16
2022-08-13,38.934394,-77.030358,Ward 1,2022-08-23
2022-08-13,38.871122,-76.981975,Ward 8,2022-08-18
2022-08-13,38.844112,-76.973120,Ward 8,2022-08-16
2022-08-13,38.926404,-77.076179,Ward 3,2022-10-05
2022-08-13,38.903487,-76.999282,Ward 6,2022-08-25
2022-08-13,38.928579,-77.026949,Ward 1,2022-08-17
2022-08-13,38.917975,-77.002303,Ward 5,2022-08-15
2022-08-13,38.912034,-76.985535,Ward 5,2022-10-04
2022-08-13,38.906186,-77.027834,Ward 2,2022-10-04
2022-08-13,38.889060,-76.935897,Ward 7,2022-08-15
2022-08-13,38.908913,-77.065900,Ward 2,2022-08-13
2022-08-13,38.910548,-77.009719,Ward 5,2022-10-04
2022-08-13,38.921502,-77.003307,Ward 5,2022-08-24
2022-08-13,38.850685,-76.994729,Ward 8,2022-08-15
2022-08-13,38.887839,-76.993555,Ward 6,2022-08-17
2022-08-13,38.922226,-77.001060,Ward 5,2022-08-24
2022-08-14,38.894483,-76.927042,Ward 7,2022-09-20
2022-08-14,38.941717,-77.024846,Ward 4,2022-08-19
2022-08-14,38.918991,-77.011565,Ward 5,2022-08-24
2022-08-14,38.932190,-77.036043,Ward 1,2022-08-24
2022-08-14,38.933003,-77.025940,Ward 1,2022-08-17
2022-08-14,38.916812,-77.004697,Ward 5,2022-10-04
2022-08-14,38.890451,-76.958901,Ward 7,2022-08-15
2022-08-14,38.964953,-77.018031,Ward 4,2022-08-16
2022-08-14,38.932690,-77.027364,Ward 1,2022-08-17
2022-08-14,38.914741,-77.035053,Ward 2,2022-10-04
2022-08-14,38.845204,-76.984223,Ward 8,2022-08-18
2022-08-14,38.928506,-77.020811,Ward 1,2022-08-18
2022-08-14,38.928430,-77.021710,Ward 1,2022-08-24
2022-08-14,38.882866,-76.993992,Ward 6,2022-08-17
2022-08-14,38.902029,-76.929771,Ward 7,2022-08-25
2022-08-14,38.902264,-76.931666,Ward 7,2022-08-22
2022-08-14,38.912330,-76.986888,Ward 5,2022-08-15
2022-08-14,38.914297,-77.033330,Ward 2,2022-10-04
2022-08-14,38.903745,-76.990249,Ward 5,2022-08-23
2022-08-14,38.903478,-76.927436,Ward 7,2022-08-25
2022-08-14,38.900196,-76.931902,Ward 7,2022-08-25
2022-08-14,38.929600,-77.027445,Ward 1,2022-08-18
2022-08-14,38.904497,-76.995948,Ward 6,2022-08-17
2022-08-14,38.910534,-77.009782,Ward 5,2022-10-04
2022-08-14,38.964907,-77.071594,Ward 3,2022-08-16
2022-08-14,38.964721,-77.071836,Ward 3,2022-10-05
2022-08-14,38.905396,-76.971953,Ward 5,2022-08-15
2022-08-15,38.942455,-77.014338,Ward 4,2022-08-19
2022-08-15,38.923353,-76.992192,Ward 5,2022-08-17
2022-08-15,38.902657,-76.928643,Ward 7,2022-08-25
2022-08-15,38.920328,-77.039088,Ward 1,2022-08-15
2022-08-15,38.921351,-77.038889,Ward 1,2022-08-15
2022-08-15,38.824960,-77.008332,Ward 8,2022-08-18
2022-08-15,38.946125,-77.032725,Ward 4,2022-08-17
2022-08-15,38.929245,-77.019735,Ward 1,2022-08-16
2022-08-15,38.915125,-77.034793,Ward 2,2022-10-04
2022-08-15,38.931320,-77.020308,Ward 1,2022-10-04
2022-08-15,38.940717,-77.061978,Ward 3,2022-08-17
2022-08-15,38.891126,-77.001236,Ward 6,2022-08-16
2022-08-15,38.923851,-77.024576,Ward 1,2022-08-17
2022-08-15,38.906327,-76.987934,Ward 5,2022-08-24
2022-08-15,38.930186,-77.021625,Ward 1,2022-08-24
2022-08-15,38.914952,-77.035154,Ward 2,2022-10-04
2022-08-15,38.840180,-76.998711,Ward 8,2022-08-15
2022-08-15,38.919305,-77.013345,Ward 5,2022-08-17
2022-08-15,38.868769,-76.980560,Ward 8,2022-08-18
2022-08-15,38.929984,-77.042581,Ward 1,2022-08-16
2022-08-15,38.888209,-76.991777,Ward 6,2022-08-17
2022-08-15,38.907860,-77.027286,Ward 2,2022-08-16
2022-08-15,38.968302,-77.022749,Ward 4,2022-08-16
2022-08-15,38.907765,-77.019138,Ward 6,2022-08-16
2022-08-15,38.898915,-77.002772,Ward 6,2022-08-17
2022-08-15,38.958661,-77.024375,Ward 4,2022-08-16
2022-08-15,38.935086,-77.023428,Ward 1,2022-08-24
2022-08-15,38.892591,-76.956967,Ward 7,2022-09-20
2022-08-15,38.922428,-77.032010,Ward 1,2022-08-16
2022-08-15,38.904355,-76.990728,Ward 5,2022-08-17
2022-08-15,38.939846,-76.975473,Ward 5,2022-08-18
2022-08-15,38.919447,-77.013346,Ward 5,2022-08-24
2022-08-15,38.928487,-77.020966,Ward 1,2022-08-22
2022-08-15,38.941944,-76.987498,Ward 5,2022-08-16
2022-08-15,38.951551,-77.009227,Ward 4,2022-08-25
2022-08-15,38.904804,-76.934564,Ward 7,2022-08-25
2022-08-15,38.929245,-77.019735,Ward 1,2022-08-16
2022-08-15,38.941944,-76.987498,Ward 5,2022-08-16
2022-08-15,38.906859,-76.987572,Ward 5,2022-08-17
2022-08-15,38.912173,-77.018708,Ward 6,2022-08-25
2022-08-15,38.911046,-77.054078,Ward 2,2022-08-29
2022-08-15,38.905647,-77.034569,Ward 2,2022-08-16
2022-08-15,38.874684,-76.971399,Ward 7,2022-08-16
2022-08-15,38.951220,-77.009596,Ward 4,2022-08-24
2022-08-15,38.964907,-77.071594,Ward 3,2022-08-16
2022-08-15,38.934029,-77.031081,Ward 1,2022-08-24
2022-08-15,38.912991,-77.013691,Ward 5,2022-08-20
2022-08-15,38.912931,-77.013576,Ward 5,2022-08-24
2022-08-15,38.908972,-77.032232,Ward 2,2022-08-16
2022-08-15,38.936934,-77.022768,Ward 4,2022-08-25
2022-08-15,38.873957,-76.974187,Ward 7,2022-08-16
2022-08-15,38.923815,-77.024854,Ward 1,2022-08-16
2022-08-15,38.920954,-77.074591,Ward 3,2022-08-16
2022-08-16,38.926594,-77.025647,Ward 1,2022-08-16
2022-08-16,38.901636,-77.052437,Ward 2,2022-08-29
2022-08-16,38.855836,-76.995006,Ward 8,2022-08-18
2022-08-16,38.884946,-76.977560,Ward 6,2022-08-16
2022-08-16,38.935010,-77.021376,Ward 1,2022-08-22
2022-08-16,38.896472,-77.049547,Ward 2,2022-08-25
2022-08-16,38.897694,-76.937710,Ward 7,2022-08-25
2022-08-16,38.913067,-77.027303,Ward 2,2022-08-25
2022-08-16,38.937739,-77.017724,Null,2022-10-04
2022-08-16,38.934553,-77.034090,Ward 1,2022-08-24
2022-08-16,38.923284,-77.056079,Ward 3,2022-08-16
2022-08-16,38.898687,-76.985093,Ward 6,2022-08-24
2022-08-16,38.898710,-76.984476,Ward 6,2022-08-27
2022-08-16,38.910822,-77.009460,Ward 5,2022-08-24
2022-08-16,38.930067,-77.025413,Ward 1,2022-08-24
2022-08-16,38.934327,-77.033945,Ward 1,2022-08-24
2022-08-16,38.897808,-76.980032,Ward 6,2022-08-24
2022-08-16,38.907240,-77.031951,Ward 2,2022-08-25
2022-08-16,38.949586,-77.025914,Ward 4,2022-08-23
2022-08-16,38.822885,-76.999584,Ward 8,2022-08-18
2022-08-16,38.916686,-77.038774,Ward 2,2022-08-25
2022-08-16,38.937673,-77.035140,Ward 4,2022-08-30
2022-08-16,38.937670,-77.034647,Ward 4,2022-09-06
2022-08-16,38.901001,-76.923929,Ward 7,2022-08-25
2022-08-16,38.949573,-77.013343,Ward 4,2022-08-24
2022-08-16,38.917203,-77.038983,Ward 1,2022-08-24
2022-08-16,38.916290,-77.041656,Ward 2,2022-08-25
2022-08-16,38.915303,-77.021094,Ward 1,2022-08-19
2022-08-16,38.897136,-76.985703,Ward 6,2022-08-17
2022-08-16,38.909834,-77.015405,Ward 5,2022-08-17
2022-08-16,38.914167,-77.015288,Ward 5,2022-08-24
2022-08-16,38.895923,-76.955757,Ward 7,2022-09-22
2022-08-16,38.953316,-77.080307,Ward 3,2022-08-16
2022-08-16,38.934327,-77.033945,Ward 1,2022-08-24
2022-08-16,38.971933,-77.016086,Ward 4,2022-08-16
2022-08-16,38.969557,-77.026557,Ward 4,2022-08-16
2022-08-16,38.938535,-76.989497,Ward 5,2022-08-18
2022-08-16,38.887127,-76.980496,Ward 6,2022-08-24
2022-08-16,38.932670,-77.031151,Ward 1,2022-08-18
2022-08-16,38.955465,-77.016903,Ward 4,2022-08-25
2022-08-16,38.912608,-76.990138,Ward 5,2022-10-04
2022-08-16,38.896704,-76.974652,Ward 7,2022-08-17
2022-08-16,38.914642,-77.042403,Ward 2,2022-08-25
2022-08-16,38.904804,-76.934564,Ward 7,2022-08-25
2022-08-16,38.914142,-77.015551,Ward 5,2022-08-24
2022-08-16,38.909450,-77.009359,Ward 5,2022-08-24
2022-08-16,38.907845,-77.069567,Ward 2,2022-08-17
2022-08-16,38.922932,-77.040052,Ward 1,2022-08-24
2022-08-16,38.934327,-77.033945,Ward 1,2022-08-24
2022-08-17,38.930574,-77.021638,Ward 1,2022-08-24
2022-08-17,38.891968,-76.913663,Ward 7,2022-09-20
2022-08-17,38.925159,-77.007377,Ward 5,2022-08-24
2022-08-17,38.909781,-77.019666,Ward 6,2022-08-17
2022-08-17,38.914645,-77.014433,Ward 5,2022-08-18
2022-08-17,38.937225,-77.034078,Ward 1,2022-08-19
2022-08-17,38.923988,-76.998431,Ward 5,2022-08-24
2022-08-17,38.853829,-76.971040,Ward 8,2022-08-17
2022-08-17,38.924240,-77.033725,Ward 1,2022-08-19
2022-08-17,38.901589,-77.003289,Ward 6,2022-08-17
2022-08-17,38.910042,-76.934588,Ward 7,2022-09-21
2022-08-17,38.920086,-77.032755,Ward 1,2022-08-24
2022-08-17,38.938483,-77.029937,Ward 4,2022-09-06
2022-08-17,38.916893,-77.003162,Ward 5,2022-08-24
2022-08-17,38.908913,-77.065900,Ward 2,2022-08-25
2022-08-17,38.885035,-76.941057,Ward 7,2022-09-15
2022-08-17,38.849865,-76.979550,Ward 8,2022-08-18
2022-08-17,38.923255,-77.042618,Ward 1,2022-08-19
2022-08-17,38.899100,-76.986683,Ward 6,2022-08-24
2022-08-17,38.875096,-76.966103,Ward 7,2022-08-22
2022-08-17,38.880918,-76.995940,Ward 6,2022-08-24
2022-08-17,38.898157,-76.987276,Ward 6,2022-08-24
2022-08-17,38.922920,-77.100017,Ward 3,2022-08-25
2022-08-17,38.950817,-77.097385,Ward 3,2022-08-25
2022-08-17,38.953252,-77.015940,Ward 4,2022-08-24
2022-08-17,38.870573,-76.978765,Ward 8,2022-08-26
2022-08-17,38.901631,-76.923905,Ward 7,2022-08-25
2022-08-17,38.935965,-77.030581,Ward 1,2022-08-18
2022-08-17,38.890156,-76.938109,Ward 7,2022-09-06
2022-08-17,38.902532,-76.975975,Ward 5,2022-08-19
2022-08-17,38.877639,-76.930266,Ward 7,2022-08-22
2022-08-17,38.906785,-76.987361,Ward 5,2022-08-18
2022-08-17,38.968632,-77.026061,Ward 4,2022-08-23
2022-08-17,38.960167,-77.016166,Ward 4,2022-08-23
2022-08-17,38.849795,-76.981782,Ward 8,2022-08-18
2022-08-17,38.928029,-77.025596,Ward 1,2022-08-18
2022-08-17,38.906859,-76.987572,Ward 5,2022-08-18
2022-08-17,38.894942,-76.994623,Ward 6,2022-08-18
2022-08-17,38.905469,-77.061675,Ward 2,2022-08-25
2022-08-17,38.910914,-77.014177,Ward 5,2022-08-24
2022-08-17,38.920355,-77.043142,Ward 1,2022-08-19
2022-08-17,38.905303,-76.938423,Ward 7,2022-09-26
2022-08-17,38.944625,-77.015270,Ward 4,2022-08-25
2022-08-17,38.829439,-76.993188,Ward 8,2022-08-18
2022-08-17,38.924322,-77.008125,Ward 5,2022-08-24
2022-08-18,38.887790,-76.994385,Ward 6,2022-08-24
2022-08-18,38.926282,-77.012142,Null,2022-08-30
2022-08-18,38.915796,-77.030036,Ward 1,2022-08-19
2022-08-18,38.933856,-77.037911,Ward 1,2022-08-19
2022-08-18,38.912450,-76.987126,Ward 5,2022-08-25
2022-08-18,38.861245,-76.989382,Ward 8,2022-08-26
2022-08-18,38.887784,-76.996754,Ward 6,2022-08-18
2022-08-18,38.907083,-77.013800,Ward 6,2022-08-24
2022-08-18,38.927679,-77.013752,Ward 5,2022-08-23
2022-08-18,38.916916,-77.018906,Ward 1,2022-08-25
2022-08-18,38.851879,-76.994119,Ward 8,2022-09-01
2022-08-18,38.906737,-77.011950,Ward 5,2022-08-25
2022-08-18,38.911692,-77.004824,Ward 5,2022-08-25
2022-08-18,38.911694,-77.005703,Ward 5,2022-08-25
2022-08-18,38.925498,-77.028404,Ward 1,2022-08-25
2022-08-18,38.920681,-76.985361,Ward 5,2022-08-22
2022-08-18,38.943813,-77.034005,Ward 4,2022-09-01
2022-08-18,38.897521,-76.994496,Ward 6,2022-08-19
2022-08-18,38.930545,-77.022056,Ward 1,2022-08-19
2022-08-18,38.888791,-76.989735,Ward 6,2022-08-19
2022-08-18,38.884479,-76.990244,Ward 6,2022-08-19
2022-08-18,38.909986,-76.985389,Ward 5,2022-08-25
2022-08-18,38.876286,-76.933290,Ward 7,2022-09-15
2022-08-18,38.896315,-76.997136,Ward 6,2022-08-24
2022-08-18,38.953056,-77.015698,Ward 4,2022-08-26
2022-08-18,38.864241,-76.987069,Ward 8,2022-08-26
2022-08-18,38.876705,-76.933455,Ward 7,2022-09-15
2022-08-18,38.930371,-76.977386,Ward 5,2022-08-25
2022-08-18,38.842943,-77.000581,Ward 8,2022-08-19
2022-08-18,38.923115,-77.040225,Ward 1,2022-08-25
2022-08-18,38.830300,-76.995512,Ward 8,2022-09-01
2022-08-18,38.950220,-77.033139,Ward 4,2022-09-06
2022-08-18,38.950220,-77.033139,Ward 4,2022-09-06
2022-08-18,38.936777,-77.034038,Ward 1,2022-08-19
2022-08-18,38.909859,-77.009923,Ward 5,2022-08-23
2022-08-18,38.891847,-76.996646,Ward 6,2022-08-19
2022-08-18,38.912777,-77.014610,Ward 5,2022-08-23
2022-08-18,38.925464,-77.043667,Ward 1,2022-08-25
2022-08-18,38.828226,-76.995960,Ward 8,2022-08-26
2022-08-18,38.887404,-76.982736,Ward 6,2022-08-22
2022-08-19,38.924525,-77.029997,Ward 1,2022-08-19
2022-08-19,38.924259,-77.030065,Ward 1,2022-08-29
2022-08-19,38.895929,-76.981819,Ward 6,2022-08-22
2022-08-19,38.896285,-76.981897,Ward 6,2022-08-22
2022-08-19,38.937907,-77.021249,Ward 4,2022-09-06
2022-08-19,38.890059,-76.956066,Ward 7,2022-09-06
2022-08-19,38.845701,-76.999444,Ward 8,2022-08-26
2022-08-19,38.886470,-76.929937,Ward 7,2022-08-23
2022-08-19,38.938498,-77.032335,Ward 4,2022-08-30
2022-08-19,38.929177,-77.022757,Ward 1,2022-08-19
2022-08-19,38.929237,-77.023007,Ward 1,2022-08-19
2022-08-19,38.935496,-77.038369,Ward 1,2022-08-19
2022-08-19,38.951409,-77.015182,Ward 4,2022-09-02
2022-08-19,38.928816,-77.022673,Ward 1,2022-08-25
2022-08-19,38.850386,-76.967636,Ward 8,2022-08-19
2022-08-19,38.863613,-76.983866,Ward 8,2022-08-26
2022-08-19,38.920103,-77.039980,Ward 1,2022-08-19
2022-08-19,38.906325,-77.014680,Ward 5,2022-08-22
2022-08-19,38.902833,-76.929618,Ward 7,2022-09-20
2022-08-19,38.886773,-76.929734,Ward 7,2022-08-23
2022-08-19,38.886508,-76.929233,Ward 7,2022-09-15
2022-08-19,38.864437,-76.983571,Ward 8,2022-08-19
2022-08-19,38.912413,-77.042539,Ward 2,2022-08-22
2022-08-19,38.906367,-76.985993,Ward 5,2022-08-25
2022-08-19,38.951751,-76.996056,Ward 5,2022-08-23
2022-08-19,38.927575,-77.025080,Ward 1,2022-08-22
2022-08-19,38.905299,-76.996163,Null,2022-10-04
2022-08-19,38.844517,-77.001491,Ward 8,2022-08-26
2022-08-19,38.923116,-76.975374,Ward 5,2022-08-22
2022-08-19,38.946312,-77.034239,Ward 4,2022-09-01
2022-08-19,38.940866,-77.016870,Ward 4,2022-09-06
2022-08-19,38.898907,-76.984570,Ward 6,2022-08-25
2022-08-19,38.892604,-76.952067,Ward 7,2022-09-20
2022-08-19,38.879750,-76.986198,Ward 6,2022-08-23
2022-08-19,38.903731,-77.002043,Ward 6,2022-08-22
2022-08-19,38.895649,-76.980479,Ward 6,2022-08-22
2022-08-19,38.925464,-77.043667,Ward 1,2022-08-22
2022-08-19,38.920445,-76.986189,Ward 5,2022-08-22
2022-08-19,38.925813,-77.005175,Ward 5,2022-08-23
2022-08-19,38.925309,-77.023439,Ward 1,2022-08-22
2022-08-19,38.909454,-77.030881,Ward 2,2022-08-22
2022-08-19,38.920286,-77.039021,Ward 1,2022-08-22
2022-08-19,38.901842,-76.983094,Ward 5,2022-11-28
2022-08-19,38.907876,-77.023229,Ward 6,2022-08-22
2022-08-19,38.895977,-76.995244,Ward 6,2022-08-22
2022-08-19,38.887915,-76.986338,Ward 6,2022-08-22
2022-08-20,38.874684,-76.971399,Ward 7,2022-08-22
2022-08-20,38.910822,-77.009460,Ward 5,2022-08-24
2022-08-20,38.878032,-76.930297,Ward 7,2022-09-20
2022-08-20,38.922764,-77.039960,Ward 1,2022-08-22
2022-08-20,38.930960,-77.041036,Ward 1,2022-08-22
2022-08-20,38.943386,-77.006239,Ward 5,2022-08-23
2022-08-20,38.922031,-76.992202,Ward 5,2022-08-22
2022-08-20,38.863640,-76.979246,Ward 8,2022-08-22
2022-08-20,38.926304,-77.005730,Ward 5,2022-08-25
2022-08-20,38.894039,-76.976222,Ward 7,2022-08-22
2022-08-20,38.886181,-76.997908,Ward 6,2022-08-22
2022-08-20,38.936526,-77.033237,Ward 1,2022-08-22
2022-08-20,38.907769,-77.031576,Ward 2,2022-08-22
2022-08-20,38.944281,-77.027316,Ward 4,2022-09-06
2022-08-20,38.890359,-76.958588,Ward 7,2022-08-22
2022-08-20,38.935065,-77.028749,Ward 1,2022-08-22
2022-08-20,38.905478,-77.009787,Ward 6,2022-08-22
2022-08-20,38.946310,-77.033904,Ward 4,2022-09-06
2022-08-20,38.941874,-77.036441,Ward 4,2022-08-23
2022-08-21,38.915101,-77.030187,Ward 1,2022-08-23
2022-08-21,38.933018,-77.028768,Ward 1,2022-08-22
2022-08-21,38.933677,-77.028313,Ward 1,2022-08-22
2022-08-21,38.942702,-77.013546,Ward 4,2022-08-30
2022-08-21,38.938498,-77.032335,Ward 4,2022-08-30
2022-08-21,38.878654,-76.935245,Ward 7,2022-08-22
2022-08-21,38.913134,-77.016858,Ward 5,2022-08-23
2022-08-21,38.898620,-76.950518,Ward 7,2022-08-22
2022-08-21,38.904816,-76.996655,Ward 6,2022-08-22
2022-08-21,38.911729,-77.017657,Ward 6,2022-08-22
2022-08-21,38.928073,-77.025447,Ward 1,2022-08-22
2022-08-21,38.889780,-76.955953,Ward 7,2022-08-29
2022-08-21,38.890715,-76.955072,Ward 7,2022-09-06
2022-08-21,38.920393,-77.002216,Ward 5,2022-08-23
2022-08-21,38.915391,-77.030296,Ward 1,2022-08-23
2022-08-21,38.924307,-77.022941,Ward 1,2022-08-22
2022-08-21,38.929153,-77.019853,Ward 1,2022-08-22
2022-08-21,38.934661,-77.023792,Ward 1,2022-08-22
2022-08-21,38.896182,-77.046965,Ward 2,2022-08-22
2022-08-21,38.895377,-76.939440,Ward 7,2022-09-20
2022-08-21,38.986261,-77.030617,Ward 4,2022-08-24
2022-08-21,38.899580,-76.995233,Ward 6,2022-08-22
2022-08-22,38.892178,-76.975422,Ward 6,2022-08-22
2022-08-22,38.907422,-77.040918,Ward 2,2022-08-22
2022-08-22,38.954660,-77.023675,Ward 4,2022-08-25
2022-08-22,38.912042,-77.008384,Ward 5,2022-08-23
2022-08-22,38.930227,-76.995165,Ward 5,2022-10-04
2022-08-22,38.917329,-76.972439,Ward 5,2022-08-25
2022-08-22,38.904612,-77.020138,Ward 2,2022-08-24
2022-08-22,38.912770,-77.027239,Ward 2,2022-08-25
2022-08-22,38.910233,-77.026760,Ward 6,2022-08-22
2022-08-22,38.941702,-77.033761,Ward 4,2022-09-06
2022-08-22,38.913134,-77.016858,Ward 5,2022-08-23
2022-08-22,38.878684,-76.929301,Ward 7,2022-09-15
2022-08-22,38.941644,-76.973929,Ward 5,2022-08-31
2022-08-22,38.902259,-77.003167,Ward 6,2022-08-24
2022-08-22,38.895000,-76.978614,Ward 6,2022-08-27
2022-08-22,38.892680,-76.950971,Ward 7,2022-09-20
2022-08-22,38.911304,-77.045710,Ward 2,2022-08-25
2022-08-22,38.931429,-77.019714,Ward 1,2022-08-25
2022-08-22,38.881150,-76.943510,Ward 7,2022-09-15
2022-08-22,38.909465,-77.014274,Ward 5,2022-09-01
2022-08-22,38.872565,-76.961101,Ward 7,2022-08-23
2022-08-22,38.876708,-76.932739,Ward 7,2022-09-15
2022-08-22,38.913661,-77.017300,Ward 5,2022-08-31
2022-08-22,38.952632,-77.018274,Ward 4,2022-09-02
2022-08-22,38.936596,-77.032448,Ward 1,2022-08-23
2022-08-22,38.923912,-77.025503,Ward 1,2022-10-04
2022-08-22,38.861493,-76.980218,Ward 8,2022-08-26
2022-08-22,38.924821,-77.023784,Ward 1,2022-08-23
2022-08-22,38.905802,-76.978355,Ward 5,2022-08-23
2022-08-22,38.916781,-77.007107,Ward 5,2022-08-31
2022-08-22,38.917946,-77.004841,Ward 5,2022-08-31
2022-08-22,38.868586,-76.978786,Ward 8,2022-08-26
2022-08-22,38.901537,-76.988116,Ward 6,2022-08-29
2022-08-22,38.822885,-76.999584,Ward 8,2022-08-26
2022-08-22,38.918646,-77.059528,Ward 3,2022-08-23
2022-08-22,38.874567,-77.017297,Ward 6,2022-08-29
2022-08-22,38.899254,-76.989974,Ward 6,2022-08-24
2022-08-22,38.910907,-77.010008,Ward 5,2022-08-31
2022-08-22,38.923834,-77.079128,Ward 3,2022-08-27
2022-08-22,38.906742,-76.979087,Ward 5,2022-08-31
2022-08-22,38.891194,-76.990246,Ward 6,2022-08-24
2022-08-22,38.920013,-76.969009,Ward 5,2022-08-31
2022-08-22,38.861157,-76.969666,Ward 8,2022-08-23
2022-08-22,38.942702,-77.013546,Ward 4,2022-08-30
2022-08-22,38.908372,-77.010085,Ward 5,2022-08-31
2022-08-22,38.897231,-76.970230,Ward 7,2022-08-29
2022-08-23,38.862819,-76.988451,Ward 8,2022-08-26
2022-08-23,38.913721,-76.984756,Ward 5,2022-08-31
2022-08-23,38.938231,-77.018765,Ward 4,2022-09-02
2022-08-23,38.886362,-76.940845,Ward 7,2022-08-23
2022-08-23,38.940585,-77.032291,Ward 4,2022-09-02
2022-08-23,38.893299,-76.975688,Null,2022-08-27
2022-08-23,38.882535,-76.986444,Ward 6,2022-08-24
2022-08-23,38.905622,-76.981863,Ward 5,2022-08-23
2022-08-23,38.909450,-77.009359,Ward 5,2022-08-31
2022-08-23,38.895291,-76.980986,Ward 6,2022-08-27
2022-08-23,38.906407,-76.986078,Ward 5,2022-08-31
2022-08-23,38.897334,-76.985039,Ward 6,2022-08-29
2022-08-23,38.935619,-77.027200,Null,2022-10-04
2022-08-23,38.918244,-77.044658,Ward 1,2022-08-29
2022-08-23,38.954414,-76.998189,Ward 5,2022-08-23
2022-08-23,38.937237,-76.976222,Ward 5,2022-08-31
2022-08-23,38.898531,-76.986646,Ward 6,2022-08-23
2022-08-23,38.897484,-76.985256,Ward 6,2022-08-24
2022-08-23,38.917388,-77.005274,Ward 5,2022-08-31
2022-08-23,38.924695,-76.972382,Ward 5,2022-10-04
2022-08-23,38.909639,-77.009051,Ward 5,2022-10-04
2022-08-23,38.887346,-76.940873,Ward 7,2022-08-24
2022-08-23,38.917859,-77.031680,Ward 1,2022-09-03
2022-08-23,38.895917,-76.972311,Ward 7,2022-08-29
2022-08-23,38.896116,-76.988309,Ward 6,2022-08-29
2022-08-23,38.837737,-77.005648,Ward 8,2022-08-26
2022-08-23,38.915391,-77.030296,Ward 1,2022-08-29
2022-08-23,38.935394,-77.028288,Ward 1,2022-08-29
2022-08-23,38.941786,-77.015627,Ward 4,2022-09-06
2022-08-23,38.937667,-77.034395,Ward 4,2022-09-06
2022-08-23,38.913044,-77.008084,Ward 5,2022-08-31
2022-08-23,38.908372,-77.010085,Ward 5,2022-08-31
2022-08-23,38.965983,-77.027904,Ward 4,2022-08-25
2022-08-23,38.908887,-77.011417,Ward 5,2022-08-31
2022-08-23,38.924322,-77.008199,Ward 5,2022-08-24
2022-08-23,38.913134,-77.016858,Ward 5,2022-08-31
2022-08-23,38.882637,-76.986129,Ward 6,2022-08-24
2022-08-23,38.933594,-77.022196,Ward 1,2022-08-27
2022-08-23,38.922427,-77.029705,Ward 1,2022-08-25
2022-08-23,38.896111,-76.972752,Ward 7,2022-08-29
2022-08-23,38.896111,-76.972752,Ward 7,2022-08-29
2022-08-23,38.832228,-77.003827,Ward 8,2022-08-26
2022-08-23,38.832228,-77.003827,Ward 8,2022-08-26
2022-08-23,38.922819,-77.033618,Ward 1,2022-08-29
2022-08-23,38.883460,-76.999234,Ward 6,2022-08-25
2022-08-23,38.911671,-77.008568,Ward 5,2022-08-31
2022-08-23,38.927449,-77.027611,Ward 1,2022-08-29
2022-08-24,38.929144,-77.019907,Ward 1,2022-08-25
2022-08-24,38.886362,-76.940845,Ward 7,2022-08-24
2022-08-24,38.894897,-77.000811,Ward 6,2022-08-24
2022-08-24,38.861157,-76.969666,Ward 8,2022-08-26
2022-08-24,38.928802,-77.036789,Ward 1,2022-08-29
2022-08-24,38.894000,-76.984766,Ward 6,2022-08-29
2022-08-24,38.923834,-77.079128,Ward 3,2022-08-24
2022-08-24,38.939106,-77.036444,Ward 4,2022-08-27
2022-08-24,38.902133,-76.943103,Ward 7,2022-09-20
2022-08-24,38.877127,-76.966999,Ward 7,2022-09-15
2022-08-24,38.965073,-77.027945,Ward 4,2022-08-25
2022-08-24,38.956917,-77.009047,Ward 4,2022-09-06
2022-08-24,38.927162,-77.042418,Ward 1,2022-08-29
2022-08-24,38.901552,-77.007180,Ward 6,2022-10-05
2022-08-24,38.887642,-76.923174,Ward 7,2022-08-26
2022-08-24,38.969723,-77.013145,Ward 4,2022-09-06
2022-08-24,38.923255,-77.042618,Ward 1,2022-08-29
2022-08-24,38.903250,-77.033818,Ward 2,2022-08-24
2022-08-24,38.884580,-76.947573,Ward 7,2022-08-25
2022-08-24,38.884493,-77.031029,Ward 6,2022-08-26
2022-08-24,38.923499,-77.046098,Ward 1,2022-08-29
2022-08-24,38.908372,-77.010085,Ward 5,2022-08-31
2022-08-24,38.911128,-77.048868,Ward 2,2022-08-25
2022-08-24,38.918206,-77.072021,Ward 3,2022-08-27
2022-08-24,38.911682,-77.007936,Ward 5,2022-08-31
2022-08-24,38.906503,-77.035509,Ward 2,2022-08-29
2022-08-24,38.942702,-77.013546,Ward 4,2022-08-30
2022-08-24,38.887339,-76.923575,Ward 7,2022-08-25
2022-08-24,38.904397,-76.980930,Ward 5,2022-08-25
2022-08-24,38.904287,-76.981243,Ward 5,2022-08-31
2022-08-24,38.923848,-77.024633,Ward 1,2022-08-27
2022-08-24,38.941518,-76.996966,Ward 5,2022-08-26
2022-08-24,38.922764,-77.039960,Ward 1,2022-08-26
2022-08-24,38.931125,-77.020282,Ward 1,2022-08-29
2022-08-24,38.949894,-77.026719,Ward 4,2022-09-19
2022-08-24,38.904003,-77.013617,Ward 6,2022-08-26
2022-08-24,38.856553,-76.956455,Ward 7,2022-08-25
2022-08-24,38.936428,-77.037263,Ward 1,2022-08-26
2022-08-24,38.928844,-77.036828,Ward 1,2022-08-29
2022-08-24,38.878401,-76.988313,Ward 6,2022-08-29
2022-08-24,38.935543,-77.027790,Ward 1,2022-08-29
2022-08-24,38.910907,-77.010008,Ward 5,2022-08-31
2022-08-24,38.915753,-77.010525,Ward 5,2022-08-31
2022-08-24,38.874533,-76.972948,Ward 7,2022-08-29
2022-08-24,38.898505,-76.988123,Ward 6,2022-10-04
2022-08-24,38.893740,-76.987274,Ward 6,2022-10-04
2022-08-24,38.959957,-77.040054,Ward 4,2022-09-06
2022-08-25,38.921498,-77.008431,Ward 5,2022-08-25
2022-08-25,38.961371,-77.059969,Ward 4,2022-09-06
2022-08-25,38.878798,-76.944303,Ward 7,2022-09-15
2022-08-25,38.830300,-76.995512,Ward 8,2022-09-01
2022-08-25,38.904436,-77.027504,Ward 2,2022-08-29
2022-08-25,38.885873,-76.946323,Ward 7,2022-08-25
2022-08-25,38.917935,-77.004969,Ward 5,2022-08-31
2022-08-25,38.910993,-77.068050,Ward 2,2022-08-29
2022-08-25,38.874670,-76.938361,Ward 7,2022-08-26
2022-08-25,38.922031,-76.992202,Ward 5,2022-08-25
2022-08-25,38.897521,-76.994496,Ward 6,2022-10-04
2022-08-25,38.886794,-76.956790,Ward 7,2022-08-29
2022-08-25,38.834011,-77.008661,Ward 8,2022-09-01
2022-08-25,38.911654,-76.985416,Ward 5,2022-08-31
2022-08-25,38.842197,-77.001404,Ward 8,2022-09-01
2022-08-25,38.925591,-77.000570,Ward 5,2022-08-27
2022-08-25,38.944281,-77.027316,Ward 4,2022-09-06
2022-08-25,38.927505,-76.978315,Ward 5,2022-08-31
2022-08-25,38.924063,-76.969545,Ward 5,2022-08-31
2022-08-25,38.909476,-77.015478,Ward 5,2022-08-31
2022-08-25,38.918244,-77.044658,Ward 1,2022-08-29
2022-08-25,38.935628,-77.022270,Ward 1,2022-08-26
2022-08-25,38.875096,-76.966103,Ward 7,2022-09-15
2022-08-25,38.875096,-76.966103,Ward 7,2022-09-15
2022-08-25,38.880870,-76.945772,Ward 7,2022-08-26
2022-08-25,38.901127,-77.006849,Ward 6,2022-08-29
2022-08-25,38.902183,-77.005586,Ward 6,2022-08-26
2022-08-25,38.876943,-76.941230,Ward 7,2022-08-26
2022-08-25,38.982575,-77.024707,Ward 4,2022-09-06
2022-08-25,38.925740,-77.026002,Ward 1,2022-08-26
2022-08-25,38.949094,-77.017024,Ward 4,2022-09-08
2022-08-25,38.917935,-77.004969,Ward 5,2022-08-31
2022-08-25,38.898768,-76.993993,Ward 6,2022-08-29
2022-08-25,38.941954,-77.017347,Ward 4,2022-09-02
2022-08-25,38.862637,-76.988052,Ward 8,2022-08-26
2022-08-25,38.830283,-76.996900,Ward 8,2022-09-01
2022-08-25,38.912017,-77.005350,Ward 5,2022-08-31
2022-08-25,38.929153,-77.019853,Ward 1,2022-08-27
2022-08-25,38.868425,-76.987885,Ward 8,2022-09-01
2022-08-26,38.925080,-77.035114,Ward 1,2022-08-29
2022-08-26,38.913530,-77.002507,Ward 5,2022-08-31
2022-08-26,38.858711,-76.993956,Ward 8,2022-09-01
2022-08-26,38.832228,-77.003827,Ward 8,2022-08-26
2022-08-26,38.918663,-77.037467,Ward 1,2022-08-26
2022-08-26,38.925699,-76.985799,Ward 5,2022-08-27
2022-08-26,38.827795,-77.007675,Ward 8,2022-09-01
2022-08-26,38.906451,-76.986184,Ward 5,2022-08-27
2022-08-26,38.908446,-76.984089,Ward 5,2022-08-27
2022-08-26,38.918297,-77.001448,Ward 5,2022-08-31
2022-08-26,38.917711,-77.004969,Ward 5,2022-08-31
2022-08-26,38.918390,-77.003278,Ward 5,2022-08-31
2022-08-26,38.890701,-76.947967,Ward 7,2022-09-20
2022-08-26,38.958540,-76.993633,Ward 4,2022-08-30
2022-08-26,38.917637,-77.042819,Ward 1,2022-08-27
2022-08-26,38.934908,-77.020135,Ward 1,2022-08-27
2022-08-26,38.914651,-77.013192,Ward 5,2022-08-31
2022-08-26,38.903064,-76.930915,Ward 7,2022-09-22
2022-08-26,38.924728,-76.953156,Ward 5,2022-08-27
2022-08-26,38.910503,-77.066290,Ward 2,2022-09-03
2022-08-26,38.904619,-76.981315,Ward 5,2022-08-27
2022-08-26,38.868196,-76.965982,Ward 7,2022-08-29
2022-08-26,38.924657,-77.026833,Ward 1,2022-08-27
2022-08-26,38.864545,-76.969758,Ward 7,2022-08-31
2022-08-26,38.889498,-76.928951,Ward 7,2022-09-15
2022-08-26,38.886918,-76.991320,Ward 6,2022-09-03
2022-08-26,38.875104,-76.966288,Ward 7,2022-09-15
2022-08-26,38.863887,-76.965786,Ward 7,2022-08-29
2022-08-26,38.928370,-77.036795,Ward 1,2022-08-29
2022-08-26,38.925713,-77.039738,Ward 1,2022-10-04
2022-08-26,38.933626,-77.041529,Ward 1,2022-09-03
2022-08-26,38.906722,-77.011614,Ward 5,2022-08-29
2022-08-26,38.907562,-76.978134,Ward 5,2022-08-30
2022-08-26,38.920179,-77.039083,Ward 1,2022-09-03
2022-08-26,38.854469,-76.966496,Ward 8,2022-09-01
2022-08-26,38.959062,-77.031206,Ward 4,2022-09-01
2022-08-27,38.940111,-77.020184,Ward 4,2022-09-19
2022-08-27,38.915382,-77.008457,Ward 5,2022-08-29
2022-08-27,38.863887,-76.965786,Ward 7,2022-08-29
2022-08-27,38.889762,-76.953086,Ward 7,2022-08-30
2022-08-27,38.850209,-76.975932,Ward 8,2022-09-01
2022-08-27,38.958576,-77.009331,Ward 4,2022-09-01
2022-08-27,38.904879,-77.016180,Ward 6,2022-09-26
2022-08-27,38.961014,-77.028031,Ward 4,2022-09-06
2022-08-27,38.870505,-76.969616,Ward 7,2022-09-15
2022-08-27,38.851369,-76.965385,Ward 8,2022-08-29
2022-08-27,38.916161,-77.007277,Ward 5,2022-08-31
2022-08-27,38.822885,-76.999584,Ward 8,2022-08-29
2022-08-27,38.903316,-76.931427,Ward 7,2022-09-20
2022-08-27,38.907894,-77.009186,Ward 5,2022-08-31
2022-08-27,38.875816,-76.932053,Ward 7,2022-09-15
2022-08-27,38.905474,-77.019098,Ward 6,2022-09-03
2022-08-27,38.923172,-77.050817,Ward 3,2022-08-30
2022-08-27,38.890707,-76.991758,Ward 6,2022-09-03
2022-08-27,38.928802,-77.036789,Ward 1,2022-08-29
2022-08-27,38.899335,-77.001801,Ward 6,2022-09-03
2022-08-27,38.863887,-76.965786,Ward 7,2022-08-29
2022-08-27,38.918064,-77.042423,Ward 1,2022-08-29
2022-08-27,38.835001,-76.988173,Ward 8,2022-09-01
2022-08-27,38.896472,-77.049547,Ward 2,2022-09-03
2022-08-27,38.933106,-77.044507,Ward 1,2022-09-03
2022-08-28,38.905474,-77.019098,Ward 6,2022-09-03
2022-08-28,38.955466,-77.023414,Ward 4,2022-09-01
2022-08-28,38.885524,-76.981394,Ward 6,2022-08-30
2022-08-28,38.906635,-77.024842,Ward 2,2022-08-30
2022-08-28,38.885352,-76.980765,Ward 6,2022-08-30
2022-08-28,38.889504,-76.978408,Ward 7,2022-08-30
2022-08-28,38.933465,-77.030571,Ward 1,2022-09-06
2022-08-28,38.918244,-77.044658,Ward 1,2022-08-29
2022-08-28,38.891759,-76.981004,Ward 7,2022-08-31
2022-08-28,38.947041,-77.020999,Ward 4,2022-09-06
2022-08-28,38.947438,-76.992410,Ward 5,2022-08-29
2022-08-28,38.881458,-77.001853,Ward 6,2022-08-29
2022-08-28,38.884887,-76.952137,Ward 7,2022-08-30
2022-08-28,38.831169,-77.001948,Ward 8,2022-08-29
2022-08-28,38.930732,-77.019738,Ward 1,2022-09-03
2022-08-28,38.917935,-77.004969,Ward 5,2022-08-31
2022-08-28,38.922097,-77.044049,Ward 1,2022-08-30
2022-08-28,38.954922,-77.072107,Ward 3,2022-09-03
2022-08-28,38.914758,-77.068256,Ward 2,2022-08-30
2022-08-28,38.924700,-76.999134,Ward 5,2022-08-29
2022-08-28,38.977051,-77.020516,Ward 4,2022-08-31
2022-08-28,38.897543,-76.977329,Ward 6,2022-09-03
2022-08-28,38.868650,-76.986597,Ward 8,2022-08-29
2022-08-28,38.937006,-77.029217,Ward 4,2022-09-07
2022-08-28,38.895824,-76.971737,Ward 7,2022-08-31
2022-08-29,38.899609,-77.001794,Ward 6,2022-09-03
2022-08-29,38.934914,-76.964530,Ward 5,2022-09-01
2022-08-29,38.927585,-77.021466,Ward 1,2022-09-01
2022-08-29,38.886685,-76.923389,Ward 7,2022-09-15
2022-08-29,38.868650,-76.986597,Ward 8,2022-08-29
2022-08-29,38.901834,-76.929222,Ward 7,2022-08-30
2022-08-29,38.865712,-76.985057,Ward 8,2022-09-01
2022-08-29,38.865712,-76.985057,Ward 8,2022-09-01
2022-08-29,38.883694,-76.930804,Ward 7,2022-08-31
2022-08-29,38.952395,-77.029996,Ward 4,2022-09-06
2022-08-29,38.928688,-77.036477,Ward 1,2022-08-29
2022-08-29,38.958142,-77.032271,Ward 4,2022-09-01
2022-08-29,38.930528,-77.019396,Ward 1,2022-09-03
2022-08-29,38.909344,-77.015433,Ward 5,2022-10-04
2022-08-29,38.962700,-77.022447,Ward 4,2022-09-19
2022-08-29,38.963593,-77.022635,Ward 4,2022-09-06
2022-08-29,38.933103,-77.024770,Ward 1,2022-09-01
2022-08-29,38.933114,-77.024135,Ward 1,2022-10-04
2022-08-29,38.915754,-77.010408,Ward 5,2022-10-04
2022-08-29,38.918436,-77.000279,Ward 5,2022-10-04
2022-08-29,38.917938,-77.000129,Ward 5,2022-10-04
2022-08-29,38.922751,-76.990468,Ward 5,2022-10-04
2022-08-29,38.933038,-76.966069,Ward 5,2022-10-04
2022-08-29,38.905303,-76.938423,Ward 7,2022-09-20
2022-08-29,38.945652,-77.019624,Ward 4,2022-09-19
2022-08-29,38.902129,-77.051674,Ward 2,2022-08-30
2022-08-29,38.900970,-77.051932,Ward 2,2022-08-30
2022-08-29,38.931730,-77.025275,Ward 1,2022-08-30
2022-08-29,38.901115,-77.052200,Ward 2,2022-09-03
2022-08-29,38.930371,-76.977386,Ward 5,2022-09-01
2022-08-29,38.934004,-76.992523,Ward 5,2022-08-30
2022-08-29,38.933247,-77.026922,Ward 1,2022-09-01
2022-08-29,38.933247,-77.026922,Ward 1,2022-09-01
2022-08-29,38.902560,-76.937458,Ward 7,2022-09-20
2022-08-29,38.862273,-76.991223,Ward 8,2022-09-01
2022-08-29,38.862516,-76.990893,Ward 8,2022-09-01
2022-08-29,38.881150,-76.943510,Ward 7,2022-09-15
2022-08-29,38.925431,-77.027364,Ward 1,2022-09-01
2022-08-29,38.896538,-76.979700,Ward 6,2022-08-31
2022-08-29,38.920616,-77.002210,Ward 5,2022-09-01
2022-08-29,38.930228,-77.021277,Ward 1,2022-08-30
2022-08-29,38.939174,-76.994222,Ward 5,2022-09-01
2022-08-29,38.891602,-76.954491,Ward 7,2022-09-06
2022-08-29,38.911436,-77.010092,Ward 5,2022-09-01
2022-08-29,38.909286,-76.987479,Ward 5,2022-08-30
2022-08-29,38.896506,-76.988549,Ward 6,2022-09-03
2022-08-29,38.882503,-76.985764,Ward 6,2022-08-30
2022-08-29,38.888096,-76.923523,Ward 7,2022-09-22
2022-08-29,38.914828,-77.034538,Ward 2,2022-08-30
2022-08-29,38.830621,-77.000325,Ward 8,2022-08-30
2022-08-29,38.827795,-77.007675,Ward 8,2022-09-01
2022-08-29,38.833090,-77.008952,Ward 8,2022-09-07
2022-08-29,38.910993,-77.068050,Ward 2,2022-08-30
2022-08-29,38.924525,-77.029997,Ward 1,2022-09-01
2022-08-29,38.928870,-77.021364,Ward 1,2022-08-30
2022-08-29,38.921151,-77.008690,Ward 5,2022-09-01
2022-08-29,38.857028,-77.013415,Ward 8,2022-08-30
2022-08-29,38.940610,-77.024374,Ward 4,2022-09-19
2022-08-29,38.912439,-77.019651,Ward 6,2022-09-03
2022-08-29,38.905397,-76.978777,Ward 5,2022-08-31
2022-08-29,38.867634,-76.989643,Ward 8,2022-08-30
2022-08-29,38.938956,-77.021670,Ward 4,2022-09-08
2022-08-29,38.906451,-76.986184,Ward 5,2022-09-01
2022-08-29,38.907163,-76.983904,Ward 5,2022-09-01
2022-08-29,38.884258,-76.989877,Ward 6,2022-09-03
2022-08-29,38.933419,-77.026830,Ward 1,2022-09-01
2022-08-29,38.910907,-77.010008,Ward 5,2022-08-31
2022-08-30,38.917180,-77.001319,Ward 5,2022-09-01
2022-08-30,38.899106,-76.991705,Ward 6,2022-09-01
2022-08-30,38.908895,-77.005415,Ward 5,2022-08-31
2022-08-30,38.917467,-77.007134,Ward 5,2022-09-01
2022-08-30,38.881607,-76.943294,Ward 7,2022-09-22
2022-08-30,38.916061,-77.000830,Ward 5,2022-09-01
2022-08-30,38.888177,-76.922186,Ward 7,2022-08-31
2022-08-30,38.875798,-76.933264,Ward 7,2022-09-22
2022-08-30,38.888846,-76.922392,Ward 7,2022-08-31
2022-08-30,38.907616,-76.984113,Ward 5,2022-09-01
2022-08-30,38.938159,-77.028354,Ward 4,2022-09-01
2022-08-30,38.920875,-77.077635,Ward 3,2022-09-03
2022-08-30,38.909986,-76.985389,Ward 5,2022-08-30
2022-08-30,38.896320,-76.998872,Ward 6,2022-08-30
2022-08-30,38.937417,-76.976806,Ward 5,2022-08-31
2022-08-30,38.926599,-77.026797,Ward 1,2022-09-01
2022-08-30,38.923532,-77.029232,Ward 1,2022-09-01
2022-08-30,38.923517,-77.029948,Ward 1,2022-09-01
2022-08-30,38.924528,-77.030124,Ward 1,2022-09-01
2022-08-30,38.925314,-77.029406,Ward 1,2022-09-01
2022-08-30,38.925145,-77.027271,Ward 1,2022-09-01
2022-08-30,38.936369,-77.023338,Ward 1,2022-09-01
2022-08-30,38.933594,-77.022196,Ward 1,2022-09-01
2022-08-30,38.876708,-76.932739,Ward 7,2022-08-31
2022-08-30,38.874277,-76.962798,Ward 7,2022-09-22
2022-08-30,38.902183,-77.005586,Ward 6,2022-08-31
2022-08-30,38.877143,-76.967045,Ward 7,2022-09-22
2022-08-30,38.901088,-77.022673,Ward 2,2022-08-31
2022-08-30,38.917449,-77.038955,Ward 1,2022-09-01
2022-08-30,38.916781,-77.041656,Null,2022-09-01
2022-08-30,38.914758,-77.068256,Ward 2,2022-08-31
2022-08-30,38.878020,-76.935111,Ward 7,2022-09-20
2022-08-30,38.895299,-76.913426,Ward 7,2022-09-20
2022-08-30,38.963772,-77.027804,Ward 4,2022-09-02
2022-08-30,38.956633,-77.027382,Ward 4,2022-09-13
2022-08-30,38.906859,-76.987572,Ward 5,2022-08-30
2022-08-30,38.895197,-76.912373,Ward 7,2022-09-20
2022-08-30,38.921088,-77.077685,Ward 3,2022-09-01
2022-08-30,38.905855,-76.927175,Ward 7,2022-09-28
2022-08-30,38.888331,-76.917428,Ward 7,2022-09-28
2022-08-30,38.888331,-76.917428,Ward 7,2022-09-28
2022-08-30,38.929523,-76.981159,Ward 5,2022-09-03
2022-08-30,38.892389,-76.928049,Ward 7,2022-09-28
2022-08-30,38.899995,-76.977213,Ward 5,2022-09-06
2022-08-30,38.901537,-76.988116,Ward 6,2022-09-03
2022-08-30,38.906814,-76.987611,Ward 5,2022-08-31
2022-08-30,38.910993,-77.068050,Ward 2,2022-09-01
2022-08-30,38.921642,-76.992196,Ward 5,2022-09-03
2022-08-30,38.937225,-77.034078,Ward 1,2022-08-31
2022-08-31,38.912475,-76.983752,Ward 5,2022-08-31
2022-08-31,38.892591,-76.956739,Ward 7,2022-09-20
2022-08-31,38.878803,-76.965595,Ward 7,2022-09-22
2022-08-31,38.889456,-76.955773,Ward 7,2022-09-06
2022-08-31,38.904540,-77.017980,Ward 6,2022-09-01
2022-08-31,38.905903,-77.003572,Ward 6,2022-08-31
2022-08-31,38.896282,-76.988487,Ward 6,2022-09-01
2022-08-31,38.894780,-76.980762,Ward 6,2022-08-31
2022-08-31,38.906631,-76.986603,Ward 5,2022-09-03
2022-08-31,38.917194,-77.042248,Ward 1,2022-09-01
2022-08-31,38.925972,-77.029176,Ward 1,2022-09-01
2022-08-31,38.887279,-76.984736,Ward 6,2022-09-03
2022-08-31,38.893562,-76.957505,Ward 7,2022-09-20
2022-08-31,38.834469,-76.988969,Ward 8,2022-09-01
2022-08-31,38.951687,-77.010155,Ward 4,2022-09-12
2022-08-31,38.888246,-76.981017,Ward 6,2022-09-03
2022-08-31,38.924646,-76.990590,Ward 5,2022-09-03
2022-08-31,38.926309,-76.991865,Ward 5,2022-09-03
2022-08-31,38.906434,-76.986875,Ward 5,2022-09-03
2022-08-31,38.922576,-76.965188,Ward 5,2022-10-04
2022-08-31,38.922553,-76.962745,Ward 5,2022-10-04
2022-08-31,38.923211,-76.962710,Ward 5,2022-09-03
2022-08-31,38.901115,-77.052200,Ward 2,2022-09-03
2022-08-31,38.901320,-76.988310,Ward 6,2022-09-02
2022-08-31,38.931271,-77.024132,Ward 1,2022-09-01
2022-08-31,38.863797,-76.987015,Ward 8,2022-09-20
2022-08-31,38.832972,-77.009036,Ward 8,2022-09-15
2022-08-31,38.915383,-77.021469,Ward 1,2022-09-01
2022-08-31,38.891503,-76.954604,Ward 7,2022-09-06
2022-08-31,38.946603,-77.006138,Ward 5,2022-10-04
2022-08-31,38.915842,-77.002332,Ward 5,2022-09-03
2022-08-31,38.922970,-76.973953,Ward 5,2022-09-03
2022-08-31,38.933929,-76.963146,Ward 5,2022-09-03
2022-08-31,38.957631,-77.026326,Ward 4,2022-09-08
2022-08-31,38.906785,-76.987361,Ward 5,2022-09-01
2022-08-31,38.913623,-77.014366,Ward 5,2022-09-03
2022-08-31,38.894322,-76.984792,Ward 6,2022-09-02
2022-08-31,38.906814,-76.987611,Ward 5,2022-09-01
2022-08-31,38.842917,-77.003197,Ward 8,2022-09-15
2022-08-31,38.863640,-76.986854,Ward 8,2022-09-15
2022-08-31,38.851497,-76.966920,Ward 8,2022-09-01
2022-08-31,38.893220,-76.985215,Ward 6,2022-09-02
2022-08-31,38.839172,-76.995104,Ward 8,2022-09-15
2022-08-31,38.833594,-76.988885,Ward 8,2022-09-01
2022-08-31,38.822810,-76.999667,Ward 8,2022-09-15
2022-08-31,38.834124,-76.987358,Ward 8,2022-09-15
2022-08-31,38.834619,-76.987470,Ward 8,2022-09-15
2022-08-31,38.899893,-77.007443,Ward 6,2022-09-07
2022-08-31,38.959971,-77.018637,Ward 4,2022-09-06
2022-08-31,38.957037,-77.016741,Ward 4,2022-09-19
2022-08-31,38.923211,-76.965204,Ward 5,2022-10-04
2022-08-31,38.926067,-77.025351,Ward 1,2022-09-01
2022-08-31,38.959806,-77.018299,Ward 4,2022-09-06
2022-08-31,38.901325,-76.993755,Ward 6,2022-09-02
2022-08-31,38.923981,-77.008737,Ward 5,2022-09-01
2022-08-31,38.961265,-76.998684,Ward 4,2022-09-01
2022-08-31,38.913002,-77.015462,Ward 5,2022-09-06
2022-08-31,38.934060,-77.039123,Ward 1,2022-09-01
2022-08-31,38.951405,-77.013970,Ward 4,2022-09-06
2022-08-31,38.863290,-76.982137,Ward 8,2022-09-15
2022-08-31,38.912055,-76.985026,Ward 5,2022-09-03
2022-08-31,38.934914,-76.964530,Ward 5,2022-09-01
2022-08-31,38.888739,-76.931672,Ward 7,2022-09-01
2022-08-31,38.933103,-77.024770,Ward 1,2022-09-01
2022-08-31,38.898268,-76.985721,Ward 6,2022-08-31
2022-08-31,38.898437,-76.985755,Ward 6,2022-09-06
2022-09-01,38.942929,-77.017924,Ward 4,2022-09-02
2022-09-01,38.910907,-77.010008,Ward 5,2022-09-03
2022-09-01,38.952080,-77.030370,Ward 4,2022-09-06
2022-09-01,38.916836,-77.043584,Ward 1,2022-09-03
2022-09-01,38.904436,-77.027504,Ward 2,2022-09-03
2022-09-01,38.922970,-76.973953,Ward 5,2022-09-03
2022-09-01,38.930346,-77.018630,Ward 1,2022-09-01
2022-09-01,38.937739,-77.017724,Null,2022-09-01
2022-09-01,38.870281,-76.969847,Ward 7,2022-09-03
2022-09-01,38.870970,-76.978696,Ward 8,2022-09-15
2022-09-01,38.840242,-76.987083,Ward 8,2022-09-01
2022-09-01,38.910342,-76.986290,Ward 5,2022-09-02
2022-09-01,38.914732,-77.019161,Ward 6,2022-09-03
2022-09-01,38.874243,-76.975094,Null,2022-09-16
2022-09-01,38.875789,-76.964161,Ward 7,2022-09-02
2022-09-01,38.951706,-77.013435,Ward 4,2022-09-06
2022-09-01,38.918113,-77.034530,Ward 1,2022-09-03
2022-09-01,38.845310,-77.002333,Ward 8,2022-09-15
2022-09-01,38.914657,-77.009701,Ward 5,2022-09-03
2022-09-01,38.912024,-76.984734,Ward 5,2022-09-03
2022-09-01,38.939188,-77.041945,Ward 4,2022-09-06
2022-09-01,38.912024,-76.984734,Ward 5,2022-09-03
2022-09-01,38.895197,-76.912373,Ward 7,2022-09-26
2022-09-01,38.908228,-77.011921,Ward 5,2022-09-03
2022-09-01,38.910242,-77.011935,Ward 5,2022-09-03
2022-09-01,38.873437,-76.973147,Ward 7,2022-09-02
2022-09-01,38.909838,-77.012599,Ward 5,2022-09-03
2022-09-01,38.913438,-77.014598,Ward 5,2022-09-03
2022-09-01,38.913580,-77.014981,Ward 5,2022-09-03
2022-09-01,38.923643,-76.974888,Ward 5,2022-09-16
2022-09-01,38.924713,-76.974003,Ward 5,2022-09-16
2022-09-01,38.910618,-77.008186,Ward 5,2022-09-03
2022-09-01,38.896474,-76.996396,Ward 6,2022-09-06
2022-09-01,38.907539,-76.937614,Ward 7,2022-09-07
2022-09-01,38.942122,-77.024481,Ward 4,2022-09-06
2022-09-01,38.905855,-76.927175,Ward 7,2022-09-26
2022-09-01,38.910915,-77.065975,Ward 2,2022-09-03
2022-09-01,38.959422,-77.024457,Ward 4,2022-09-06
2022-09-01,38.920906,-77.030448,Ward 1,2022-09-06
2022-09-01,38.868650,-76.986597,Ward 8,2022-09-15
2022-09-01,38.851369,-76.965385,Ward 8,2022-09-15
2022-09-01,38.884100,-76.980766,Ward 6,2022-09-02
2022-09-01,38.890335,-76.985790,Ward 6,2022-09-06
2022-09-01,38.902043,-76.987941,Ward 5,2022-09-02
2022-09-01,38.930067,-77.025413,Ward 1,2022-09-06
2022-09-01,38.908855,-76.999592,Ward 5,2022-10-04
2022-09-01,38.914412,-77.068157,Ward 2,2022-09-03
2022-09-01,38.918077,-77.042212,Ward 1,2022-09-06
2022-09-02,38.930710,-77.025419,Ward 1,2022-09-06
2022-09-02,38.936835,-77.021567,Ward 1,2022-09-03
2022-09-02,38.936719,-77.023732,Ward 4,2022-09-02
2022-09-02,38.912812,-77.015392,Ward 5,2022-09-03
2022-09-02,38.905666,-76.981563,Ward 5,2022-09-06
2022-09-02,38.857257,-76.980798,Ward 8,2022-09-02
2022-09-02,38.898907,-76.944021,Ward 7,2022-09-26
2022-09-02,38.881501,-76.943486,Ward 7,2022-09-26
2022-09-02,38.929697,-77.106977,Ward 3,2022-09-06
2022-09-02,38.909422,-77.014526,Ward 5,2022-09-06
2022-09-02,38.881149,-76.934432,Ward 7,2022-09-06
2022-09-02,38.912027,-77.008135,Ward 5,2022-09-06
2022-09-02,38.912042,-77.008439,Ward 5,2022-09-16
2022-09-02,38.916301,-77.000283,Ward 5,2022-09-06
2022-09-02,38.916391,-77.000295,Ward 5,2022-09-06
2022-09-02,38.941031,-76.996762,Ward 5,2022-10-04
2022-09-02,38.864041,-76.987176,Ward 8,2022-09-15
2022-09-02,38.857257,-76.980798,Ward 8,2022-09-06
2022-09-02,38.912966,-77.003237,Ward 5,2022-09-06
2022-09-02,38.965979,-77.028288,Ward 4,2022-09-06
2022-09-02,38.930625,-77.035098,Ward 1,2022-09-14
2022-09-02,38.927494,-77.041681,Ward 1,2022-09-14
2022-09-02,38.944963,-77.075740,Ward 3,2022-09-12
2022-09-02,38.945344,-77.073528,Ward 3,2022-09-12
2022-09-02,38.945300,-77.072672,Ward 3,2022-09-12
2022-09-02,38.933745,-77.038097,Ward 1,2022-09-06
2022-09-02,38.906996,-77.032373,Ward 2,2022-09-06
2022-09-02,38.890451,-76.958901,Ward 7,2022-09-26
2022-09-02,38.942915,-76.998215,Ward 5,2022-10-04
2022-09-02,38.920909,-77.029944,Ward 1,2022-09-06
2022-09-02,38.960489,-77.028966,Ward 4,2022-09-13
2022-09-02,38.932957,-77.039554,Ward 1,2022-09-07
2022-09-02,38.904207,-76.985825,Ward 5,2022-09-16
2022-09-02,38.940732,-76.997903,Ward 5,2022-09-07
2022-09-02,38.898565,-76.940152,Ward 7,2022-09-20
2022-09-02,38.942113,-77.017125,Ward 4,2022-09-19
2022-09-02,38.903791,-77.026593,Ward 2,2022-09-12
2022-09-02,38.930909,-77.021927,Ward 1,2022-09-14
2022-09-02,38.984675,-77.026618,Ward 4,2022-09-19
2022-09-02,38.909813,-77.008013,Ward 5,2022-09-06
2022-09-02,38.902183,-77.005586,Ward 6,2022-09-07
2022-09-02,38.903949,-77.027050,Ward 2,2022-09-06
2022-09-02,38.949094,-77.017024,Ward 4,2022-09-19
2022-09-02,38.907033,-77.034933,Ward 2,2022-09-06
2022-09-02,38.918266,-77.038867,Ward 1,2022-09-07
2022-09-03,38.913202,-77.038100,Ward 2,2022-09-14
2022-09-03,38.920086,-77.032755,Ward 1,2022-09-07
2022-09-03,38.865538,-76.987110,Ward 8,2022-09-15
2022-09-03,38.897582,-76.993140,Ward 6,2022-09-06
2022-09-03,38.905499,-76.981670,Ward 5,2022-09-09
2022-09-03,38.906044,-76.998245,Ward 6,2022-10-04
2022-09-03,38.906044,-76.998245,Ward 6,2022-10-04
2022-09-03,38.920499,-77.029677,Ward 1,2022-09-06
2022-09-03,38.889780,-76.955953,Ward 7,2022-09-06
2022-09-03,38.873325,-76.975281,Ward 8,2022-09-15
2022-09-03,38.976949,-77.020017,Ward 4,2022-09-19
2022-09-03,38.892624,-76.982556,Ward 6,2022-09-06
2022-09-03,38.892592,-76.976482,Ward 6,2022-09-06
2022-09-03,38.903745,-76.990249,Ward 5,2022-09-09
2022-09-03,38.976528,-77.020544,Ward 4,2022-09-19
2022-09-03,38.894009,-76.987836,Ward 6,2022-09-06
2022-09-03,38.899609,-77.001794,Ward 6,2022-09-16
2022-09-03,38.905905,-76.998238,Ward 6,2022-09-06
2022-09-03,38.915222,-77.023192,Ward 1,2022-09-06
2022-09-03,38.933777,-76.966935,Ward 5,2022-09-16
2022-09-03,38.899471,-77.001800,Ward 6,2022-09-14
2022-09-04,38.865909,-76.987612,Ward 8,2022-09-15
2022-09-04,38.862109,-76.994850,Ward 8,2022-09-15
2022-09-04,38.910336,-77.049320,Ward 2,2022-09-12
2022-09-04,38.931042,-77.034872,Ward 1,2022-09-14
2022-09-04,38.919010,-77.035373,Ward 1,2022-09-14
2022-09-04,38.907395,-77.024511,Ward 2,2022-09-06
2022-09-04,38.925583,-76.994966,Ward 5,2022-09-16
2022-09-04,38.930541,-77.022134,Ward 1,2022-09-06
2022-09-04,38.905838,-77.018469,Ward 6,2022-09-07
2022-09-04,38.930417,-77.020275,Ward 1,2022-09-06
2022-09-04,38.913044,-77.008084,Ward 5,2022-09-16
2022-09-04,38.920499,-77.029677,Ward 1,2022-10-05
2022-09-04,38.924700,-76.999134,Ward 5,2022-09-16
2022-09-04,38.975036,-77.017569,Ward 4,2022-09-06
2022-09-04,38.923334,-77.033040,Ward 1,2022-09-14
2022-09-04,38.919370,-77.000849,Ward 5,2022-09-16
2022-09-04,38.916687,-77.019422,Ward 1,2022-09-06
2022-09-05,38.901078,-77.001820,Ward 6,2022-09-14
2022-09-05,38.886203,-76.993132,Ward 6,2022-09-14
2022-09-05,38.926832,-77.024623,Ward 1,2022-09-06
2022-09-05,38.898552,-76.981353,Ward 6,2022-09-06
2022-09-05,38.941913,-77.012862,Ward 5,2022-09-06
2022-09-05,38.923295,-77.035309,Ward 1,2022-09-14
2022-09-05,38.911125,-77.028754,Ward 2,2022-09-14
2022-09-05,38.871030,-76.981965,Ward 8,2022-09-06
2022-09-05,38.926546,-77.026802,Ward 1,2022-10-05
2022-09-05,38.881911,-76.990564,Ward 6,2022-10-04
2022-09-05,38.863850,-76.979305,Ward 8,2022-09-15
2022-09-05,38.905421,-76.941084,Ward 7,2022-09-20
2022-09-05,38.915426,-77.009359,Ward 5,2022-09-16
2022-09-05,38.906092,-76.987602,Ward 5,2022-09-16
2022-09-05,38.901182,-76.999757,Ward 6,2022-09-06
2022-09-05,38.925464,-77.043667,Ward 1,2022-09-14
2022-09-05,38.938194,-77.032446,Ward 4,2022-09-19
2022-09-05,38.952467,-77.022368,Ward 4,2022-09-15
2022-09-05,38.895611,-76.998222,Ward 6,2022-09-06
2022-09-06,38.885905,-76.985768,Ward 6,2022-09-06
2022-09-06,38.865538,-76.987110,Ward 8,2022-09-15
2022-09-06,38.954068,-77.008665,Ward 5,2022-09-07
2022-09-06,38.924870,-77.052294,Ward 3,2022-09-12
2022-09-06,38.902842,-76.985303,Ward 5,2022-09-09
2022-09-06,38.892366,-76.913422,Ward 7,2022-09-20
2022-09-06,38.901552,-77.007180,Ward 6,2022-09-07
2022-09-06,38.891988,-76.951475,Ward 7,2022-09-20
2022-09-06,38.920418,-77.029333,Ward 1,2022-09-06
2022-09-06,38.939504,-77.031681,Ward 4,2022-09-15
2022-09-06,38.940881,-76.992871,Ward 5,2022-09-07
2022-09-06,38.906693,-77.008462,Ward 6,2022-09-14
2022-09-06,38.895232,-76.913424,Ward 7,2022-09-20
2022-09-06,38.906165,-76.986243,Ward 5,2022-09-16
2022-09-06,38.850327,-76.975658,Ward 8,2022-09-15
2022-09-06,38.914235,-77.023181,Ward 1,2022-09-14
2022-09-06,38.909429,-77.045409,Ward 2,2022-09-09
2022-09-06,38.912473,-76.986424,Ward 5,2022-09-16
2022-09-06,38.912694,-76.986533,Ward 5,2022-09-16
2022-09-06,38.968365,-77.008814,Ward 4,2022-09-19
2022-09-06,38.901115,-77.052200,Ward 2,2022-09-06
2022-09-06,38.910577,-76.986617,Ward 5,2022-09-13
2022-09-06,38.949877,-77.081500,Ward 3,2022-09-06
2022-09-06,38.929423,-76.974862,Ward 5,2022-09-16
2022-09-06,38.941230,-77.026852,Ward 4,2022-09-19
2022-09-06,38.891897,-76.950928,Ward 7,2022-09-20
2022-09-06,38.926663,-77.026721,Ward 1,2022-09-19
2022-09-06,38.885923,-76.981631,Ward 6,2022-09-07
2022-09-06,38.919843,-76.983620,Ward 5,2022-09-16
2022-09-06,38.919188,-76.973004,Ward 5,2022-09-16
2022-09-06,38.925408,-76.980113,Ward 5,2022-09-16
2022-09-06,38.909840,-77.008163,Ward 5,2022-09-17
2022-09-06,38.919575,-76.981159,Ward 5,2022-09-16
2022-09-06,38.919544,-76.982901,Ward 5,2022-09-15
2022-09-06,38.963955,-77.025145,Ward 4,2022-09-07
2022-09-06,38.825199,-77.010164,Ward 8,2022-09-07
2022-09-06,38.870970,-77.013450,Ward 6,2022-09-14
2022-09-06,38.886259,-76.983388,Ward 6,2022-09-07
2022-09-06,38.868424,-76.986884,Ward 8,2022-09-07
2022-09-06,38.893166,-76.935736,Ward 7,2022-09-22
2022-09-06,38.955739,-77.006039,Ward 4,2022-09-07
2022-09-06,38.870014,-76.979254,Ward 8,2022-09-20
2022-09-06,38.825366,-77.007873,Ward 8,2022-09-07
2022-09-06,38.869672,-76.979956,Ward 8,2022-09-20
2022-09-06,38.893725,-76.991901,Ward 6,2022-09-14
2022-09-06,38.873472,-76.977476,Ward 8,2022-09-20
2022-09-06,38.834771,-76.987721,Ward 8,2022-09-20
2022-09-06,38.830778,-77.001047,Ward 8,2022-09-20
2022-09-06,38.866263,-76.946086,Ward 7,2022-09-08
2022-09-06,38.865950,-76.947078,Ward 7,2022-09-08
2022-09-06,38.905151,-76.996366,Ward 6,2022-09-07
2022-09-06,38.971242,-77.033144,Ward 4,2022-09-07
2022-09-06,38.969742,-77.012821,Ward 4,2022-09-19
2022-09-06,38.966295,-77.021521,Ward 4,2022-09-08
2022-09-06,38.844745,-76.997313,Ward 8,2022-09-07
2022-09-06,38.913915,-77.031723,Ward 2,2022-09-07
2022-09-06,38.893725,-76.991901,Ward 6,2022-09-14
2022-09-06,38.907407,-77.009783,Ward 5,2022-09-15
2022-09-06,38.916297,-77.021591,Ward 1,2022-09-07
2022-09-06,38.912058,-77.006851,Ward 5,2022-09-07
2022-09-06,38.855506,-76.995194,Ward 8,2022-09-22
2022-09-06,38.875958,-76.965753,Ward 7,2022-09-08
2022-09-06,38.941140,-77.024730,Ward 4,2022-09-15
2022-09-06,38.913169,-77.038225,Ward 2,2022-09-12
2022-09-06,38.927937,-77.026845,Ward 1,2022-09-14
2022-09-06,38.907815,-76.985536,Ward 5,2022-09-15
2022-09-06,38.921613,-77.039826,Ward 1,2022-09-07
2022-09-06,38.929207,-76.995190,Ward 5,2022-09-07
2022-09-06,38.921922,-77.039693,Ward 1,2022-09-07
2022-09-06,38.919629,-77.011840,Ward 5,2022-09-15
2022-09-06,38.901997,-76.975630,Ward 5,2022-09-20
2022-09-06,38.907837,-76.987785,Ward 5,2022-09-09
2022-09-07,38.910629,-77.041375,Ward 2,2022-09-08
2022-09-07,38.908871,-76.998936,Ward 5,2022-10-04
2022-09-07,38.969742,-77.012821,Ward 4,2022-09-19
2022-09-07,38.907435,-77.025195,Ward 2,2022-09-07
2022-09-07,38.850077,-76.967427,Ward 8,2022-09-26
2022-09-07,38.898031,-76.996369,Ward 6,2022-09-07
2022-09-07,38.942341,-77.020163,Ward 4,2022-09-19
2022-09-07,38.939555,-77.026389,Ward 4,2022-09-15
2022-09-07,38.940219,-77.035671,Ward 4,2022-09-19
2022-09-07,38.862855,-76.994737,Ward 8,2022-09-26
2022-09-07,38.905916,-77.015399,Ward 6,2022-09-14
2022-09-07,38.913890,-77.030470,Ward 2,2022-09-09
2022-09-07,38.868535,-76.987050,Ward 8,2022-09-07
2022-09-07,38.898021,-76.922175,Ward 7,2022-09-22
2022-09-07,38.911870,-77.038484,Ward 2,2022-09-08
2022-09-07,38.891039,-76.946748,Ward 7,2022-09-20
2022-09-07,38.931042,-77.034872,Ward 1,2022-09-14
2022-09-07,38.934032,-77.031302,Ward 1,2022-09-07
2022-09-07,38.969741,-77.013012,Ward 4,2022-09-19
2022-09-07,38.916897,-76.973657,Ward 5,2022-09-26
2022-09-07,38.922701,-76.974392,Ward 5,2022-09-07
2022-09-07,38.875282,-77.010436,Ward 6,2022-09-14
2022-09-07,38.893751,-76.991831,Ward 6,2022-09-14
2022-09-07,38.883643,-76.947583,Ward 7,2022-09-29
2022-09-07,38.904910,-76.981929,Ward 5,2022-09-09
2022-09-07,38.864241,-76.987069,Ward 8,2022-09-07
2022-09-07,38.900362,-76.977378,Ward 5,2022-09-20
2022-09-07,38.927151,-77.034041,Ward 1,2022-09-08
2022-09-07,38.889485,-76.929292,Ward 7,2022-09-20
2022-09-07,38.907464,-77.025537,Ward 2,2022-09-12
2022-09-07,38.917708,-77.002297,Ward 5,2022-09-15
2022-09-07,38.935346,-77.028288,Ward 1,2022-09-14
2022-09-07,38.928876,-77.030267,Ward 1,2022-09-14
2022-09-07,38.906284,-77.017074,Ward 6,2022-09-14
2022-09-07,38.912042,-77.008384,Ward 5,2022-09-15
2022-09-07,38.912830,-77.004770,Ward 5,2022-09-16
2022-09-07,38.918303,-77.001560,Ward 5,2022-09-16
2022-09-07,38.918386,-77.000297,Ward 5,2022-09-16
2022-09-07,38.915754,-77.010588,Ward 5,2022-09-16
2022-09-07,38.886196,-76.993086,Ward 6,2022-09-08
2022-09-07,38.936254,-77.022559,Ward 1,2022-09-14
2022-09-07,38.891833,-76.986879,Ward 6,2022-09-08
2022-09-07,38.891833,-76.986879,Ward 6,2022-09-08
2022-09-07,38.885923,-76.981631,Ward 6,2022-09-08
2022-09-07,38.896872,-76.987646,Ward 6,2022-09-08
2022-09-07,38.916124,-77.040969,Ward 2,2022-09-09
2022-09-07,38.933773,-77.035231,Ward 1,2022-09-08
2022-09-07,38.830752,-76.996309,Ward 8,2022-09-27
2022-09-07,38.906745,-76.986831,Ward 5,2022-09-16
2022-09-07,38.883030,-77.005145,Ward 6,2022-09-14
2022-09-07,38.901113,-76.977717,Ward 5,2022-09-20
2022-09-07,38.878123,-76.995803,Ward 6,2022-09-08
2022-09-07,38.884587,-76.992461,Ward 6,2022-09-14
2022-09-07,38.917167,-77.016152,Ward 1,2022-09-14
2022-09-08,38.831165,-77.000955,Ward 8,2022-09-20
2022-09-08,38.831169,-77.001948,Ward 8,2022-09-08
2022-09-08,38.949094,-77.017024,Ward 4,2022-09-20
2022-09-08,38.883789,-76.960032,Ward 7,2022-09-16
2022-09-08,38.911316,-77.065928,Ward 2,2022-09-08
2022-09-08,38.907539,-76.937614,Ward 7,2022-09-22
2022-09-08,38.902963,-76.994442,Ward 6,2022-09-14
2022-09-08,38.900361,-77.019169,Ward 2,2022-09-09
2022-09-08,38.900361,-77.019169,Ward 2,2022-09-09
2022-09-08,38.934039,-77.027011,Ward 1,2022-09-14
2022-09-08,38.901970,-77.003283,Ward 6,2022-09-08
2022-09-08,38.902183,-77.005586,Ward 6,2022-09-14
2022-09-08,38.843733,-76.995439,Ward 8,2022-09-20
2022-09-08,38.900024,-77.020988,Ward 2,2022-09-12
2022-09-08,38.901127,-77.006849,Ward 6,2022-09-09
2022-09-08,38.913394,-77.016960,Ward 5,2022-09-08
2022-09-08,38.899513,-77.001447,Ward 6,2022-09-16
2022-09-08,38.901178,-76.999250,Ward 6,2022-09-08
2022-09-08,38.913393,-77.016901,Ward 5,2022-09-09
2022-09-08,38.876434,-76.940723,Ward 7,2022-09-09
2022-09-08,38.911298,-77.028949,Ward 2,2022-09-12
2022-09-08,38.935619,-77.027200,Null,2022-10-05
2022-09-08,38.956999,-77.016623,Ward 4,2022-09-19
2022-09-08,38.918945,-77.075060,Ward 3,2022-09-12
2022-09-08,38.901140,-76.989958,Ward 6,2022-09-09
2022-09-08,38.919544,-76.982901,Ward 5,2022-09-15
2022-09-08,38.908686,-77.064226,Ward 2,2022-09-09
2022-09-08,38.891833,-76.986879,Ward 6,2022-09-09
2022-09-08,38.903465,-77.000798,Ward 6,2022-09-16
2022-09-08,38.914642,-77.008105,Ward 5,2022-09-15
2022-09-08,38.959957,-77.040054,Ward 4,2022-09-19
2022-09-08,38.913095,-77.008085,Ward 5,2022-09-15
2022-09-08,38.895880,-76.959703,Ward 7,2022-09-22
2022-09-08,38.905311,-77.027834,Ward 2,2022-09-09
2022-09-08,38.885556,-77.002356,Ward 6,2022-09-14
2022-09-08,38.911316,-77.065928,Ward 2,2022-09-09
2022-09-08,38.925651,-77.039349,Ward 1,2022-09-15
2022-09-08,38.938118,-76.973617,Ward 5,2022-09-15
2022-09-08,38.874608,-76.963547,Ward 7,2022-09-09
2022-09-08,38.900423,-76.925157,Ward 7,2022-09-22
2022-09-08,38.896586,-76.987927,Ward 6,2022-09-14
2022-09-08,38.886202,-76.947674,Ward 7,2022-09-20
2022-09-08,38.863513,-76.979025,Ward 8,2022-09-09
2022-09-08,38.919936,-77.033400,Ward 1,2022-09-14
2022-09-08,38.913002,-77.015462,Ward 5,2022-09-19
2022-09-08,38.945741,-77.034765,Ward 4,2022-09-15
2022-09-09,38.910551,-77.041414,Ward 2,2022-09-16
2022-09-09,38.916808,-77.007640,Ward 5,2022-09-15
2022-09-09,38.903514,-76.931970,Ward 7,2022-09-10
2022-09-09,38.922838,-77.033276,Ward 1,2022-09-09
2022-09-09,38.895929,-76.981819,Ward 6,2022-10-04
2022-09-09,38.962519,-77.014564,Ward 4,2022-09-12
2022-09-09,38.910907,-77.010008,Ward 5,2022-09-15
2022-09-09,38.911385,-77.028916,Ward 2,2022-09-09
2022-09-09,38.956646,-77.018073,Ward 4,2022-09-26
2022-09-09,38.895719,-76.993484,Ward 6,2022-09-09
2022-09-09,38.905441,-77.026187,Ward 2,2022-09-12
2022-09-09,38.906745,-76.986831,Ward 5,2022-09-16
2022-09-09,38.906086,-77.028441,Ward 2,2022-09-12
2022-09-09,38.925499,-77.030969,Ward 1,2022-09-14
2022-09-09,38.903465,-77.000798,Ward 6,2022-09-14
2022-09-09,38.908386,-77.046085,Ward 2,2022-09-19
2022-09-09,38.877127,-76.966999,Ward 7,2022-09-26
2022-09-09,38.844112,-76.973120,Ward 8,2022-09-12
2022-09-09,38.864041,-76.987176,Ward 8,2022-09-20
2022-09-09,38.871230,-76.961415,Ward 7,2022-09-12
2022-09-09,38.930710,-77.025419,Ward 1,2022-09-14
2022-09-09,38.928154,-77.020970,Ward 1,2022-09-09
2022-09-09,38.910212,-77.011623,Ward 5,2022-09-15
2022-09-09,38.910822,-77.009460,Ward 5,2022-09-15
2022-09-09,38.857456,-76.961221,Ward 7,2022-09-12
2022-09-09,38.910290,-77.014835,Ward 5,2022-09-15
2022-09-09,38.910936,-77.012555,Ward 5,2022-09-15
2022-09-09,38.909847,-77.011976,Ward 5,2022-09-15
2022-09-09,38.917868,-77.005273,Ward 5,2022-09-15
2022-09-09,38.903123,-76.990557,Ward 5,2022-09-13
2022-09-09,38.912025,-77.033294,Ward 2,2022-09-16
2022-09-09,38.881791,-76.923893,Ward 7,2022-09-26
2022-09-09,38.929633,-76.993461,Ward 5,2022-09-12
2022-09-09,38.923159,-77.038996,Ward 1,2022-09-15
2022-09-09,38.869711,-76.958776,Ward 7,2022-09-20
2022-09-09,38.912694,-76.986533,Ward 5,2022-09-16
2022-09-09,38.907862,-77.031565,Ward 2,2022-09-16
2022-09-09,38.907801,-77.031574,Ward 2,2022-09-12
2022-09-09,38.908090,-77.031206,Ward 2,2022-09-12
2022-09-09,38.908034,-77.031542,Ward 2,2022-09-12
2022-09-09,38.949923,-77.026553,Ward 4,2022-09-19
2022-09-09,38.917392,-77.003699,Ward 5,2022-09-15
2022-09-09,38.946614,-77.006075,Ward 5,2022-09-15
2022-09-09,38.911316,-77.065928,Ward 2,2022-09-16
2022-09-09,38.882115,-77.005547,Ward 6,2022-09-14
2022-09-09,38.916161,-77.007277,Ward 5,2022-09-12
2022-09-09,38.920048,-77.014074,Ward 5,2022-09-15
2022-09-09,38.936037,-77.033756,Ward 1,2022-09-12
2022-09-09,38.859833,-76.989772,Ward 8,2022-09-20
2022-09-10,38.880451,-76.962107,Ward 7,2022-09-12
2022-09-10,38.864086,-76.984296,Ward 8,2022-09-20
2022-09-10,38.905900,-77.004966,Ward 6,2022-09-12
2022-09-10,38.834619,-76.987470,Ward 8,2022-09-20
2022-09-10,38.896618,-76.985753,Ward 6,2022-09-14
2022-09-10,38.906000,-76.990513,Ward 5,2022-09-13
2022-09-10,38.924990,-77.025933,Ward 1,2022-09-15
2022-09-10,38.924464,-77.025902,Ward 1,2022-09-12
2022-09-10,38.901327,-77.002036,Ward 6,2022-09-13
2022-09-10,38.913523,-76.985224,Ward 5,2022-09-15
2022-09-10,38.912330,-76.986888,Ward 5,2022-09-12
2022-09-10,38.912042,-77.008439,Ward 5,2022-09-19
2022-09-10,38.911491,-77.017361,Ward 6,2022-09-14
2022-09-10,38.909810,-77.022600,Ward 6,2022-09-14
2022-09-10,38.910966,-77.022575,Ward 6,2022-09-14
2022-09-10,38.940743,-77.002983,Ward 5,2022-09-19
2022-09-10,38.930432,-77.019666,Ward 1,2022-09-12
2022-09-10,38.823230,-76.999784,Ward 8,2022-09-26
2022-09-10,38.892178,-76.975422,Ward 6,2022-10-04
2022-09-10,38.822841,-76.999624,Ward 8,2022-09-19
2022-09-10,38.933946,-77.024744,Ward 1,2022-09-12
2022-09-10,38.893325,-76.927154,Ward 7,2022-09-20
2022-09-10,38.912042,-77.008384,Ward 5,2022-09-15
2022-09-10,38.845087,-77.006246,Ward 8,2022-09-27
2022-09-10,38.890451,-76.958901,Ward 7,2022-09-22
2022-09-10,38.901801,-76.930600,Ward 7,2022-09-22
2022-09-10,38.889518,-76.982698,Ward 7,2022-09-16
2022-09-10,38.901753,-76.999234,Ward 6,2022-09-15
2022-09-10,38.917002,-77.034532,Null,2022-09-12
2022-09-11,38.912815,-77.003051,Ward 5,2022-09-15
2022-09-11,38.910080,-77.019157,Ward 6,2022-09-14
2022-09-11,38.913202,-77.038100,Ward 2,2022-09-16
2022-09-11,38.896096,-76.941936,Ward 7,2022-09-22
2022-09-11,38.853400,-76.969548,Ward 8,2022-09-20
2022-09-11,38.907796,-77.048570,Ward 2,2022-09-16
2022-09-11,38.890715,-76.955072,Ward 7,2022-09-22
2022-09-11,38.927154,-77.028068,Ward 1,2022-09-15
2022-09-11,38.910080,-77.019157,Ward 6,2022-09-14
2022-09-11,38.925464,-77.043667,Ward 1,2022-09-15
2022-09-11,38.886733,-76.924644,Ward 7,2022-09-12
2022-09-11,38.924990,-77.025933,Ward 1,2022-09-15
2022-09-11,38.866263,-76.946086,Ward 7,2022-09-12
2022-09-11,38.926729,-77.020372,Ward 1,2022-09-19
2022-09-11,38.901633,-76.929121,Ward 7,2022-09-12
2022-09-11,38.901429,-76.924143,Ward 7,2022-12-11
2022-09-11,38.901647,-76.924468,Ward 7,2022-09-20
2022-09-11,38.940412,-77.026675,Ward 4,2022-09-16
2022-09-11,38.903530,-76.929117,Ward 7,2022-09-20
2022-09-11,38.914272,-77.071899,Ward 2,2022-09-16
2022-09-11,38.940219,-77.035671,Ward 4,2022-09-19
2022-09-11,38.896995,-76.976152,Ward 7,2022-09-20
2022-09-11,38.947017,-77.025561,Ward 4,2022-09-22
2022-09-11,38.913169,-77.038225,Ward 2,2022-09-12
2022-09-11,38.906814,-76.987611,Ward 5,2022-09-14
2022-09-12,38.871646,-76.960280,Ward 7,2022-09-20
2022-09-12,38.913524,-77.030123,Ward 2,2022-09-12
2022-09-12,38.912325,-76.995606,Ward 5,2022-09-15
2022-09-12,38.910889,-76.997925,Ward 5,2022-09-26
2022-09-12,38.911367,-77.028300,Ward 2,2022-09-12
2022-09-12,38.902183,-77.005586,Ward 6,2022-09-14
2022-09-12,38.901552,-77.007180,Ward 6,2022-09-15
2022-09-12,38.913031,-77.001744,Ward 5,2022-09-15
2022-09-12,38.879399,-76.933506,Ward 7,2022-09-28
2022-09-12,38.960774,-77.075919,Ward 3,2022-09-12
2022-09-12,38.914929,-77.043157,Ward 2,2022-09-16
2022-09-12,38.895719,-76.993484,Ward 6,2022-09-13
2022-09-12,38.911270,-77.015461,Ward 5,2022-09-15
2022-09-12,38.844512,-76.999134,Ward 8,2022-09-26
2022-09-12,38.928397,-77.022883,Ward 1,2022-09-12
2022-09-12,38.937741,-77.033961,Ward 4,2022-09-22
2022-09-12,38.949879,-77.015597,Ward 4,2022-09-20
2022-09-12,38.833260,-77.003373,Ward 8,2022-09-12
2022-09-12,38.920616,-77.002210,Ward 5,2022-09-15
2022-09-12,38.895447,-76.974792,Ward 7,2022-09-20
2022-09-12,38.835910,-77.000052,Ward 8,2022-09-12
2022-09-12,38.883069,-76.947841,Ward 7,2022-09-13
2022-09-12,38.890030,-76.923489,Ward 7,2022-09-22
2022-09-12,38.931234,-77.019216,Ward 1,2022-09-15
2022-09-12,38.969723,-77.013145,Ward 4,2022-09-19
2022-09-12,38.868948,-76.941610,Ward 7,2022-09-13
2022-09-12,38.931818,-77.039121,Ward 1,2022-09-15
2022-09-12,38.916575,-77.026740,Ward 1,2022-09-13
2022-09-12,38.965979,-77.028288,Ward 4,2022-09-29
2022-09-12,38.916161,-77.007277,Ward 5,2022-09-15
2022-09-12,38.886201,-76.997344,Ward 6,2022-09-15
2022-09-12,38.906086,-77.028441,Ward 2,2022-09-16
2022-09-12,38.892089,-76.949414,Ward 7,2022-09-22
2022-09-12,38.870970,-76.978696,Ward 8,2022-09-13
2022-09-12,38.868948,-76.941610,Ward 7,2022-09-13
2022-09-12,38.832228,-77.003827,Ward 8,2022-09-26
2022-09-12,38.933922,-76.964941,Ward 5,2022-09-15
2022-09-12,38.915003,-77.009699,Ward 5,2022-09-15
2022-09-12,38.920574,-76.985810,Ward 5,2022-09-15
2022-09-12,38.960774,-77.075919,Ward 3,2022-09-16
2022-09-12,38.962304,-77.078554,Ward 3,2022-09-16
2022-09-12,38.962316,-77.079188,Ward 3,2022-09-16
2022-09-12,38.931606,-76.986086,Ward 5,2022-09-19
2022-09-12,38.868947,-76.980238,Ward 8,2022-09-20
2022-09-12,38.885371,-76.924417,Ward 7,2022-09-13
2022-09-12,38.904114,-76.937670,Ward 7,2022-09-26
2022-09-12,38.865870,-76.975274,Ward 8,2022-09-19
2022-09-12,38.928397,-77.022883,Ward 1,2022-09-13
2022-09-12,38.917984,-77.034823,Ward 1,2022-09-13
2022-09-12,38.870056,-76.978765,Ward 8,2022-09-20
2022-09-12,38.884778,-76.988061,Ward 6,2022-09-16
2022-09-12,38.881091,-76.996826,Ward 6,2022-09-16
2022-09-12,38.900518,-76.940890,Ward 7,2022-09-20
2022-09-12,38.870386,-76.978765,Ward 8,2022-09-20
2022-09-12,38.875967,-76.968278,Ward 7,2022-09-13
2022-09-12,38.871242,-76.980192,Ward 8,2022-09-13
2022-09-12,38.909444,-77.021821,Ward 6,2022-09-13
2022-09-12,38.955702,-77.027415,Ward 4,2022-10-05
2022-09-13,38.913476,-77.030951,Ward 2,2022-09-13
2022-09-13,38.903937,-76.985061,Ward 5,2022-09-24
2022-09-13,38.884926,-76.977508,Ward 7,2022-09-13
2022-09-13,38.892316,-76.910443,Ward 7,2022-09-26
2022-09-13,38.833211,-77.006889,Ward 8,2022-09-13
2022-09-13,38.933688,-77.033478,Ward 1,2022-09-15
2022-09-13,38.933573,-77.026039,Ward 1,2022-09-15
2022-09-13,38.909986,-76.985389,Ward 5,2022-10-04
2022-09-13,38.908986,-76.987468,Ward 5,2022-09-15
2022-09-13,38.924008,-77.025818,Ward 1,2022-09-15
2022-09-13,38.933172,-77.030866,Ward 1,2022-09-15
2022-09-13,38.916691,-77.041464,Ward 2,2022-09-16
2022-09-13,38.905395,-76.928326,Ward 7,2022-09-27
2022-09-13,38.877359,-76.967054,Ward 7,2022-09-14
2022-09-13,38.926753,-77.053769,Ward 3,2022-09-13
2022-09-13,38.947262,-77.078952,Ward 3,2022-09-13
2022-09-13,38.925761,-77.025502,Ward 1,2022-09-15
2022-09-13,38.930732,-77.019738,Ward 1,2022-09-13
2022-09-13,38.881162,-77.008669,Ward 6,2022-09-19
2022-09-13,38.895223,-76.915344,Ward 7,2022-09-26
2022-09-13,38.878022,-76.966066,Ward 7,2022-09-20
2022-09-13,38.906745,-76.986831,Ward 5,2022-09-15
2022-09-13,38.909835,-77.026684,Ward 2,2022-09-14
2022-09-13,38.905117,-76.997393,Ward 6,2022-09-16
2022-09-13,38.907628,-77.023208,Ward 6,2022-10-05
2022-09-13,38.930001,-77.018381,Ward 1,2022-09-15
2022-09-13,38.924228,-77.041018,Ward 1,2022-09-15
2022-09-13,38.880580,-76.992881,Ward 6,2022-09-16
2022-09-13,38.904910,-76.981929,Ward 5,2022-09-19
2022-09-13,38.910982,-77.023708,Ward 6,2022-09-16
2022-09-13,38.874533,-76.972948,Ward 7,2022-09-14
2022-09-13,38.930341,-77.020702,Ward 1,2022-09-19
2022-09-13,38.883566,-76.981029,Ward 6,2022-09-16
2022-09-13,38.910223,-77.009718,Ward 5,2022-09-15
2022-09-13,38.909784,-77.008716,Ward 5,2022-09-15
2022-09-13,38.919452,-76.982935,Ward 5,2022-09-15
2022-09-13,38.889101,-76.928402,Ward 7,2022-09-14
2022-09-13,38.856140,-76.995031,Ward 8,2022-09-22
2022-09-13,38.867615,-76.989036,Ward 8,2022-09-20
2022-09-13,38.868437,-76.977545,Ward 8,2022-09-19
2022-09-13,38.950268,-77.027209,Ward 4,2022-09-14
2022-09-13,38.930110,-77.025019,Ward 1,2022-09-15
2022-09-13,38.908037,-76.988203,Ward 5,2022-09-14
2022-09-13,38.926060,-77.026033,Ward 1,2022-09-15
2022-09-13,38.869256,-76.979596,Ward 8,2022-09-20
2022-09-13,38.915745,-77.033070,Ward 2,2022-09-14
2022-09-13,38.925740,-77.026002,Ward 1,2022-09-15
2022-09-13,38.903785,-76.934465,Ward 7,2022-09-20
2022-09-13,38.873076,-76.972317,Ward 7,2022-09-14
2022-09-13,38.879000,-76.943510,Ward 7,2022-09-14
2022-09-13,38.877365,-77.000787,Ward 6,2022-09-19
2022-09-13,38.910966,-77.022461,Ward 6,2022-10-05
2022-09-13,38.923993,-77.033920,Ward 1,2022-09-16
2022-09-13,38.912793,-76.975338,Ward 5,2022-10-04
2022-09-14,38.895649,-76.980479,Ward 6,2022-09-19
2022-09-14,38.920508,-77.028988,Ward 1,2022-10-05
2022-09-14,38.873655,-76.974266,Ward 8,2022-09-20
2022-09-14,38.823230,-76.999784,Ward 8,2022-09-26
2022-09-14,38.918998,-77.010383,Ward 5,2022-09-14
2022-09-14,38.871414,-77.013278,Ward 6,2022-09-15
2022-09-14,38.950802,-77.027284,Ward 4,2022-09-22
2022-09-14,38.951538,-77.027383,Ward 4,2022-09-22
2022-09-14,38.891832,-76.986777,Ward 6,2022-09-15
2022-09-14,38.876434,-76.940723,Ward 7,2022-09-14
2022-09-14,38.930001,-77.018381,Ward 1,2022-09-15
2022-09-14,38.876434,-76.940723,Ward 7,2022-09-14
2022-09-14,38.876635,-76.950358,Ward 7,2022-09-15
2022-09-14,38.888973,-76.979188,Ward 6,2022-09-16
2022-09-14,38.959037,-76.994574,Ward 4,2022-09-22
2022-09-14,38.925361,-77.022938,Ward 1,2022-09-16
2022-09-14,38.930102,-77.025059,Ward 1,2022-09-16
2022-09-14,38.901154,-76.975459,Ward 5,2022-10-07
2022-09-14,38.928248,-77.026848,Ward 1,2022-09-16
2022-09-14,38.909804,-77.008087,Ward 5,2022-09-19
2022-09-14,38.908654,-76.982662,Ward 5,2022-09-16
2022-09-14,38.933708,-77.027101,Ward 1,2022-09-15
2022-09-14,38.907862,-77.031565,Ward 2,2022-09-14
2022-09-14,38.913607,-77.008412,Ward 5,2022-09-19
2022-09-14,38.919188,-76.973004,Ward 5,2022-09-19
2022-09-14,38.920962,-77.012479,Ward 5,2022-09-19
2022-09-14,38.832277,-76.988030,Ward 8,2022-09-16
2022-09-14,38.903435,-77.006221,Ward 6,2022-09-19
2022-09-14,38.902786,-77.005476,Ward 6,2022-09-19
2022-09-14,38.913402,-77.066015,Ward 2,2022-09-19
2022-09-14,38.920442,-77.029193,Ward 1,2022-09-19
2022-09-14,38.909410,-77.063544,Ward 2,2022-09-15
2022-09-14,38.899963,-76.921175,Ward 7,2022-09-20
2022-09-14,38.937397,-77.023846,Ward 4,2022-09-29
2022-09-14,38.914979,-77.034267,Ward 2,2022-09-15
2022-09-14,38.914091,-77.020384,Ward 6,2022-09-15
2022-09-14,38.830728,-76.996838,Ward 8,2022-09-27
2022-09-14,38.843847,-76.999210,Ward 8,2022-09-19
2022-09-15,38.892178,-76.975422,Ward 6,2022-10-04
2022-09-15,38.924141,-76.966764,Ward 5,2022-09-19
2022-09-15,38.929895,-77.029947,Ward 1,2022-09-16
2022-09-15,38.868243,-76.974249,Ward 8,2022-09-16
2022-09-15,38.906586,-77.018429,Ward 2,2022-09-19
2022-09-15,38.928734,-77.037351,Ward 1,2022-09-19
2022-09-15,38.934569,-77.030868,Ward 1,2022-09-19
2022-09-15,38.901552,-77.007180,Ward 6,2022-09-15
2022-09-15,38.840665,-76.999249,Ward 8,2022-09-16
2022-09-15,38.900827,-76.935569,Ward 7,2022-09-16
2022-09-15,38.932170,-77.030295,Ward 1,2022-09-16
2022-09-15,38.945063,-77.028463,Ward 4,2022-09-26
2022-09-15,38.910909,-77.013595,Ward 5,2022-09-16
2022-09-15,38.885788,-76.987276,Ward 6,2022-09-19
2022-09-15,38.912418,-76.989448,Ward 5,2022-09-16
2022-09-15,38.857324,-76.971626,Ward 8,2022-09-26
2022-09-15,38.910542,-77.013595,Ward 5,2022-09-16
2022-09-15,38.920224,-76.976303,Ward 5,2022-09-21
2022-09-15,38.865650,-76.946545,Ward 7,2022-09-16
2022-09-15,38.865841,-76.974902,Ward 8,2022-09-19
2022-09-15,38.907240,-77.031951,Ward 2,2022-09-19
2022-09-15,38.935547,-77.032428,Ward 1,2022-09-16
2022-09-15,38.912388,-77.005965,Ward 5,2022-09-19
2022-09-15,38.941010,-77.024004,Ward 4,2022-09-22
2022-09-15,38.934053,-77.030608,Ward 1,2022-09-19
2022-09-15,38.934053,-77.030608,Ward 1,2022-09-16
2022-09-15,38.891077,-76.987907,Ward 6,2022-09-20
2022-09-15,38.832228,-77.003827,Ward 8,2022-09-16
2022-09-15,38.896247,-76.976790,Ward 7,2022-09-30
2022-09-15,38.923988,-76.998431,Ward 5,2022-09-16
2022-09-15,38.912579,-76.990032,Ward 5,2022-09-16
2022-09-15,38.875323,-76.937631,Ward 7,2022-09-16
2022-09-15,38.920026,-77.011423,Ward 5,2022-09-16
2022-09-15,38.907769,-77.031576,Ward 2,2022-09-19
2022-09-15,38.881845,-76.982522,Ward 7,2022-09-16
2022-09-15,38.899712,-76.995927,Ward 6,2022-09-19
2022-09-15,38.912608,-76.990138,Ward 5,2022-09-16
2022-09-15,38.958414,-76.994669,Ward 4,2022-09-19
2022-09-15,38.899732,-76.939903,Ward 7,2022-09-30
2022-09-15,38.946880,-77.026358,Ward 4,2022-09-22
2022-09-15,38.916808,-77.007640,Ward 5,2022-09-19
2022-09-15,38.899777,-77.001810,Ward 6,2022-09-16
2022-09-15,38.894549,-76.922401,Ward 7,2022-09-30
2022-09-15,38.917869,-77.036875,Ward 1,2022-09-19
2022-09-15,38.917392,-77.003699,Ward 5,2022-09-19
2022-09-15,38.917972,-77.031509,Ward 1,2022-09-19
2022-09-16,38.920418,-77.029333,Ward 1,2022-09-19
2022-09-16,38.897180,-77.001819,Ward 6,2022-09-19
2022-09-16,38.879170,-76.928714,Ward 7,2022-09-22
2022-09-16,38.892178,-76.975422,Ward 6,2022-10-07
2022-09-16,38.934302,-76.990766,Ward 5,2022-09-19
2022-09-16,38.912607,-77.027894,Ward 2,2022-09-20
2022-09-16,38.907807,-77.056926,Ward 2,2022-12-11
2022-09-16,38.922982,-76.982723,Ward 5,2022-09-19
2022-09-16,38.906723,-77.079513,Ward 3,2022-09-16
2022-09-16,38.949686,-77.069845,Ward 3,2022-09-19
2022-09-16,38.881056,-76.982389,Ward 6,2022-09-20
2022-09-16,38.905363,-76.979975,Ward 5,2022-09-26
2022-09-16,38.903912,-76.984164,Ward 5,2022-09-26
2022-09-16,38.905573,-76.980776,Ward 5,2022-09-20
2022-09-16,38.913662,-77.008421,Ward 5,2022-09-19
2022-09-16,38.936551,-77.006720,Ward 5,2022-09-29
2022-09-16,38.910226,-77.012705,Ward 5,2022-09-19
2022-09-16,38.917942,-77.003118,Ward 5,2022-09-19
2022-09-16,38.918303,-77.001560,Ward 5,2022-09-16
2022-09-16,38.898464,-77.000788,Ward 6,2022-09-19
2022-09-16,38.917975,-77.002303,Ward 5,2022-09-19
2022-09-16,38.921893,-76.981463,Ward 5,2022-10-07
2022-09-16,38.969758,-77.013269,Ward 4,2022-09-22
2022-09-16,38.873599,-76.975282,Ward 8,2022-09-20
2022-09-16,38.902944,-77.054502,Ward 2,2022-09-20
2022-09-16,38.899150,-76.998240,Ward 6,2022-09-19
2022-09-16,38.902008,-77.003284,Ward 6,2022-09-19
2022-09-16,38.930251,-76.993087,Ward 5,2022-10-07
2022-09-16,38.950154,-77.020114,Ward 4,2022-09-26
2022-09-16,38.950804,-77.020255,Ward 4,2022-09-22
2022-09-16,38.937430,-77.027984,Ward 4,2022-09-19
2022-09-16,38.942915,-76.998215,Ward 5,2022-10-07
2022-09-16,38.913530,-77.002741,Ward 5,2022-09-20
2022-09-16,38.914986,-77.009596,Ward 5,2022-09-19
2022-09-16,38.890055,-76.956166,Ward 7,2022-09-26
2022-09-16,38.915726,-77.012155,Ward 5,2022-09-19
2022-09-16,38.893174,-76.986632,Ward 6,2022-09-19
2022-09-16,38.944490,-77.016065,Ward 4,2022-10-11
2022-09-16,38.831170,-77.002124,Ward 8,2022-09-19
2022-09-16,38.859833,-76.989772,Ward 8,2022-09-19
2022-09-16,38.887346,-76.954112,Ward 7,2022-09-19
2022-09-16,38.884220,-76.961234,Ward 7,2022-09-20
2022-09-16,38.878820,-76.965324,Ward 7,2022-09-19
2022-09-16,38.876558,-76.967647,Ward 7,2022-09-19
2022-09-16,38.935208,-76.980351,Ward 5,2022-09-26
2022-09-16,38.931398,-77.019978,Ward 1,2022-09-20
2022-09-16,38.901979,-76.930698,Ward 7,2022-09-26
2022-09-16,38.907867,-77.011920,Ward 5,2022-09-20
2022-09-16,38.949324,-77.015748,Ward 4,2022-09-20
2022-09-16,38.935482,-77.020718,Ward 1,2022-09-20
2022-09-16,38.899204,-76.931945,Ward 7,2022-09-26
2022-09-16,38.897782,-76.931618,Ward 7,2022-09-26
2022-09-16,38.933590,-77.022252,Ward 1,2022-09-26
2022-09-16,38.864411,-76.986003,Ward 8,2022-09-28
2022-09-16,38.908249,-77.030889,Ward 2,2022-09-20
2022-09-16,38.905457,-76.984952,Ward 5,2022-09-26
2022-09-16,38.848495,-76.982150,Ward 8,2022-09-28
2022-09-16,38.913275,-76.985908,Ward 5,2022-10-07
2022-09-17,38.930284,-77.021112,Ward 1,2022-09-19
2022-09-17,38.935670,-77.031082,Ward 1,2022-09-26
2022-09-17,38.874604,-76.961037,Ward 7,2022-09-26
2022-09-17,38.865238,-76.967627,Ward 7,2022-09-26
2022-09-17,38.938364,-76.990697,Ward 5,2022-10-07
2022-09-17,38.887894,-76.917028,Ward 7,2022-09-19
2022-09-17,38.887894,-76.917028,Ward 7,2022-09-19
2022-09-17,38.904406,-76.937621,Ward 7,2022-09-30
2022-09-17,38.900832,-76.938264,Ward 7,2022-09-26
2022-09-17,38.949447,-77.039577,Ward 4,2022-09-22
2022-09-17,38.903400,-76.939556,Ward 7,2022-09-26
2022-09-17,38.952539,-77.085972,Ward 3,2022-09-20
2022-09-17,38.924183,-77.022523,Ward 1,2022-09-19
2022-09-17,38.929373,-77.018537,Ward 1,2022-09-19
2022-09-17,38.929245,-77.019735,Ward 1,2022-09-20
2022-09-17,38.897263,-76.970204,Ward 7,2022-09-28
2022-09-17,38.900226,-77.052678,Ward 2,2022-09-20
2022-09-17,38.899836,-76.984862,Ward 6,2022-09-19
2022-09-17,38.882709,-77.003839,Ward 6,2022-09-20
2022-09-17,38.894928,-76.991772,Ward 6,2022-09-19
2022-09-17,38.913182,-77.049746,Ward 2,2022-09-19
2022-09-17,38.897558,-76.970339,Ward 7,2022-09-28
2022-09-17,38.902959,-77.069592,Ward 2,2022-09-19
2022-09-17,38.962510,-77.020078,Ward 4,2022-09-22
2022-09-17,38.917711,-77.004969,Ward 5,2022-09-20
2022-09-17,38.945235,-77.026725,Ward 4,2022-09-22
2022-09-17,38.926546,-77.026802,Ward 1,2022-09-19
2022-09-18,38.908249,-77.030889,Ward 2,2022-09-20
2022-09-18,38.905376,-77.000798,Ward 6,2022-09-20
2022-09-18,38.845797,-76.995122,Ward 8,2022-09-26
2022-09-18,38.933136,-77.024707,Ward 1,2022-09-26
2022-09-18,38.881535,-76.924685,Ward 7,2022-09-19
2022-09-18,38.913662,-77.008421,Ward 5,2022-09-19
2022-09-18,38.930199,-77.028098,Ward 1,2022-09-20
2022-09-18,38.933341,-77.025379,Ward 1,2022-09-26
2022-09-18,38.920193,-77.041094,Ward 1,2022-10-11
2022-09-18,38.855032,-76.970547,Ward 8,2022-09-20
2022-09-18,38.900766,-76.996168,Ward 6,2022-10-11
2022-09-18,38.924206,-77.034025,Ward 1,2022-09-26
2022-09-18,38.906846,-77.015312,Ward 6,2022-10-11
2022-09-18,38.905436,-76.972459,Ward 5,2022-10-07
2022-09-18,38.942315,-77.017330,Ward 4,2022-09-26
2022-09-18,38.863790,-76.982771,Ward 8,2022-09-20
2022-09-18,38.946822,-77.034773,Ward 4,2022-10-11
2022-09-18,38.907421,-77.011972,Ward 5,2022-09-20
2022-09-18,38.855395,-76.980038,Ward 8,2022-09-20
2022-09-18,38.942999,-77.074347,Ward 3,2022-09-20
2022-09-18,38.951271,-77.074482,Ward 3,2022-09-20
2022-09-19,38.933390,-77.019215,Ward 1,2022-09-26
2022-09-19,38.922714,-77.028811,Ward 1,2022-09-26
2022-09-19,38.892011,-76.989751,Ward 6,2022-09-26
2022-09-19,38.884893,-76.977088,Ward 7,2022-09-29
2022-09-19,38.944849,-76.977518,Ward 5,2022-11-04
2022-09-19,38.958422,-76.998945,Ward 4,2022-09-29
2022-09-19,38.930284,-77.021112,Ward 1,2022-09-19
2022-09-19,38.933366,-77.024187,Ward 1,2022-10-11
2022-09-19,38.936807,-77.023617,Ward 4,2022-09-26
2022-09-19,38.884746,-76.991290,Ward 6,2022-09-20
2022-09-19,38.962179,-77.005676,Ward 4,2022-10-11
2022-09-19,38.899413,-77.007999,Ward 6,2022-10-25
2022-09-19,38.909403,-77.025103,Ward 2,2022-10-12
2022-09-19,38.909173,-77.045964,Ward 2,2022-10-13
2022-09-19,38.936252,-77.033384,Ward 1,2022-09-27
2022-09-19,38.864374,-76.979325,Ward 8,2022-09-26
2022-09-19,38.921275,-76.986101,Ward 5,2022-10-13
2022-09-19,38.901809,-76.995937,Ward 6,2022-09-26
2022-09-19,38.885699,-76.921432,Ward 7,2022-09-26
2022-09-19,38.923941,-76.999105,Ward 5,2022-09-26
2022-09-19,38.872481,-76.975720,Ward 8,2022-09-19
2022-09-19,38.913946,-77.026775,Ward 6,2022-10-25
2022-09-19,38.907862,-77.031565,Ward 2,2022-09-26
2022-09-19,38.907862,-77.031565,Ward 2,2022-09-26
2022-09-19,38.896978,-76.952137,Ward 7,2022-10-24
2022-09-19,38.895802,-76.955150,Ward 7,2022-09-28
2022-09-19,38.890666,-76.958207,Ward 7,2022-09-30
2022-09-19,38.895544,-76.955498,Ward 7,2022-09-28
2022-09-19,38.893706,-76.957251,Ward 7,2022-10-06
2022-09-19,38.921922,-77.039693,Ward 1,2022-09-26
2022-09-19,38.913927,-77.030132,Ward 2,2022-09-26
2022-09-19,38.867572,-76.948864,Ward 7,2022-09-28
2022-09-19,38.906511,-76.980548,Ward 5,2022-10-13
2022-09-19,38.953767,-77.083540,Ward 3,2022-10-12
2022-09-19,38.953502,-77.084474,Ward 3,2022-10-12
2022-09-19,38.943167,-77.074605,Ward 3,2022-09-26
2022-09-19,38.953488,-77.084316,Ward 3,2022-10-12
2022-09-19,38.953488,-77.084159,Ward 3,2022-10-12
2022-09-19,38.885568,-76.981630,Ward 6,2022-09-26
2022-09-19,38.874131,-76.974568,Ward 7,2022-09-26
2022-09-19,38.860162,-76.960446,Ward 7,2022-09-22
2022-09-19,38.879412,-76.980989,Ward 6,2022-10-25
2022-09-19,38.871313,-76.982215,Ward 8,2022-09-26
2022-09-19,38.925752,-77.041348,Ward 1,2022-09-26
2022-09-19,38.950984,-77.038218,Ward 4,2022-09-26
2022-09-19,38.949452,-77.016919,Ward 4,2022-09-26
2022-09-19,38.898233,-76.991083,Ward 6,2022-09-26
2022-09-19,38.898374,-76.990611,Ward 6,2022-09-26
2022-09-19,38.909220,-77.045964,Ward 2,2022-10-13
2022-09-19,38.935414,-77.026986,Ward 1,2022-09-26
2022-09-19,38.929628,-77.018938,Ward 1,2022-09-27
2022-09-19,38.863850,-76.979305,Ward 8,2022-09-28
2022-09-19,38.915842,-77.002332,Ward 5,2022-10-13
2022-09-19,38.918303,-77.001560,Ward 5,2022-10-13
2022-09-19,38.920367,-77.000782,Ward 5,2022-10-13
2022-09-19,38.884421,-76.957518,Ward 7,2022-09-26
2022-09-20,38.865437,-76.981785,Ward 8,2022-09-29
2022-09-20,38.893575,-76.985509,Ward 6,2022-09-26
2022-09-20,38.924657,-77.026833,Ward 1,2022-09-27
2022-09-20,38.946281,-77.007046,Ward 5,2022-10-13
2022-09-20,38.936695,-77.023508,Ward 4,2022-09-26
2022-09-20,38.903112,-76.990154,Ward 5,2022-09-26
2022-09-20,38.938197,-77.021712,Ward 4,2022-09-29
2022-09-20,38.895199,-76.954562,Ward 7,2022-09-29
2022-09-20,38.916798,-77.010801,Ward 5,2022-09-26
2022-09-20,38.893323,-76.984796,Ward 6,2022-09-26
2022-09-20,38.863152,-76.983603,Ward 8,2022-09-28
2022-09-20,38.922093,-76.983385,Ward 5,2022-10-14
2022-09-20,38.947489,-77.006109,Ward 5,2022-09-26
2022-09-20,38.901500,-76.999727,Ward 6,2022-10-25
2022-09-20,38.945453,-76.979641,Ward 5,2022-10-14
2022-09-20,38.892874,-76.994713,Ward 6,2022-10-25
2022-09-20,38.987549,-77.036727,Ward 4,2022-09-29
2022-09-20,38.916805,-77.005462,Ward 5,2022-10-14
2022-09-20,38.924433,-77.080630,Ward 3,2022-10-12
2022-09-20,38.922071,-77.078124,Ward 3,2022-10-12
2022-09-20,38.921142,-77.078123,Ward 3,2022-10-12
2022-09-20,38.919272,-77.081794,Ward 3,2022-10-12
2022-09-20,38.902560,-76.937458,Ward 7,2022-09-29
2022-09-20,38.912793,-76.975338,Ward 5,2022-10-14
2022-09-20,38.924508,-77.029932,Ward 1,2022-10-11
2022-09-20,38.925272,-77.038125,Ward 1,2022-09-21
2022-09-20,38.875931,-76.964431,Ward 7,2022-09-28
2022-09-20,38.929276,-76.976830,Ward 5,2022-10-04
2022-09-20,38.868122,-76.945079,Ward 7,2022-09-26
2022-09-20,38.906785,-76.987361,Ward 5,2022-09-21
2022-09-20,38.892198,-76.977060,Ward 6,2022-09-26
2022-09-20,38.922476,-77.044428,Ward 1,2022-09-26
2022-09-20,38.894391,-76.991270,Ward 6,2022-10-25
2022-09-20,38.873115,-77.012381,Ward 6,2022-10-25
2022-09-20,38.872223,-77.012357,Ward 6,2022-09-26
2022-09-20,38.873115,-77.012381,Ward 6,2022-10-25
2022-09-20,38.934384,-77.031968,Ward 1,2022-09-26
2022-09-20,38.845576,-76.995027,Ward 8,2022-09-26
2022-09-20,38.961835,-77.006357,Ward 4,2022-10-11
2022-09-20,38.978196,-77.027278,Ward 4,2022-09-26
2022-09-20,38.892160,-76.975954,Ward 6,2022-09-26
2022-09-20,38.890506,-76.999194,Ward 6,2022-10-25
2022-09-20,38.904183,-76.932922,Ward 7,2022-09-30
2022-09-20,38.920569,-76.984786,Ward 5,2022-10-14
2022-09-20,38.902944,-77.054502,Ward 2,2022-10-12
2022-09-20,38.843005,-77.003724,Ward 8,2022-09-29
2022-09-20,38.907497,-77.029358,Ward 2,2022-09-26
2022-09-20,38.895903,-77.000760,Ward 6,2022-09-27
2022-09-20,38.869000,-76.984479,Ward 8,2022-09-29
2022-09-20,38.913044,-77.008084,Ward 5,2022-10-14
2022-09-20,38.930495,-77.022622,Ward 1,2022-09-26
2022-09-20,38.933680,-77.025216,Ward 1,2022-09-26
2022-09-20,38.896960,-76.938580,Ward 7,2022-09-28
2022-09-20,38.924019,-77.026073,Ward 1,2022-09-26
2022-09-20,38.937990,-76.994864,Ward 5,2022-10-14
2022-09-21,38.928584,-76.977182,Ward 5,2022-10-04
2022-09-21,38.905303,-76.938423,Ward 7,2022-10-06
2022-09-21,38.952906,-77.027572,Ward 4,2022-09-29
2022-09-21,38.931320,-77.020308,Ward 1,2022-09-26
2022-09-21,38.902995,-76.935566,Ward 7,2022-09-28
2022-09-21,38.957634,-77.028652,Ward 4,2022-09-26
2022-09-21,38.913421,-77.026704,Ward 6,2022-09-26
2022-09-21,38.919370,-77.032706,Ward 1,2022-09-26
2022-09-21,38.831169,-77.001948,Ward 8,2022-09-26
2022-09-21,38.916342,-77.020543,Ward 1,2022-09-27
2022-09-21,38.909840,-77.008163,Ward 5,2022-10-14
2022-09-21,38.938314,-76.981588,Ward 5,2022-09-26
2022-09-21,38.910523,-77.010505,Ward 5,2022-09-26
2022-09-21,38.951427,-76.996245,Ward 5,2022-10-13
2022-09-21,38.889784,-76.947244,Ward 7,2022-09-28
2022-09-21,38.882227,-76.936086,Ward 7,2022-09-26
2022-09-21,38.912874,-77.019150,Ward 6,2022-10-25
2022-09-21,38.922968,-77.045799,Ward 1,2022-10-11
2022-09-21,38.926378,-77.078342,Ward 3,2022-09-26
2022-09-21,38.876705,-76.932523,Ward 7,2022-09-26
2022-09-21,38.822366,-77.000379,Ward 8,2022-09-29
2022-09-21,38.878766,-76.930505,Ward 7,2022-09-26
2022-09-21,38.912606,-77.013308,Ward 5,2022-10-13
2022-09-21,38.916161,-77.007277,Ward 5,2022-10-13
2022-09-21,38.916994,-77.007267,Ward 5,2022-10-13
2022-09-21,38.918540,-77.003304,Ward 5,2022-10-13
2022-09-21,38.954713,-76.994445,Ward 5,2022-10-13
2022-09-21,38.924419,-77.029430,Ward 1,2022-09-26
2022-09-21,38.924525,-77.029997,Ward 1,2022-09-26
2022-09-21,38.926667,-77.009044,Ward 5,2022-10-04
2022-09-21,38.942712,-76.990514,Ward 5,2022-10-13
2022-09-21,38.930137,-77.024756,Ward 1,2022-09-26
2022-09-21,38.895816,-76.936940,Ward 7,2022-09-28
2022-09-21,38.881214,-76.943997,Ward 7,2022-09-26
2022-09-21,38.948054,-77.033464,Ward 4,2022-09-26
2022-09-21,38.960342,-77.036780,Ward 4,2022-10-11
2022-09-21,38.954531,-77.020029,Ward 4,2022-09-27
2022-09-22,38.894634,-76.984226,Ward 6,2022-10-25
2022-09-22,38.918663,-77.037467,Ward 1,2022-10-11
2022-09-22,38.932035,-77.027072,Ward 1,2022-09-26
2022-09-22,38.909342,-77.045654,Ward 2,2022-10-13
2022-09-22,38.956066,-77.012264,Ward 4,2022-09-29
2022-09-22,38.909033,-77.045963,Ward 2,2022-09-27
2022-09-22,38.926501,-77.029110,Ward 1,2022-09-26
2022-09-22,38.828939,-76.997830,Ward 8,2022-09-29
2022-09-22,38.913337,-77.003504,Ward 5,2022-10-13
2022-09-22,38.889210,-76.936308,Ward 7,2022-09-26
2022-09-22,38.913158,-77.018752,Ward 6,2022-09-26
2022-09-22,38.878143,-76.933755,Ward 7,2022-09-26
2022-09-22,38.912085,-77.017519,Ward 6,2022-09-26
2022-09-22,38.916212,-77.009942,Ward 5,2022-10-13
2022-09-22,38.912793,-76.975338,Ward 5,2022-10-14
2022-09-22,38.918457,-77.039923,Ward 1,2022-09-26
2022-09-22,38.921242,-77.034473,Ward 1,2022-09-26
2022-09-22,38.855700,-76.969709,Ward 8,2022-09-26
2022-09-22,38.903556,-77.000923,Ward 6,2022-10-25
2022-09-22,38.827877,-76.998215,Ward 8,2022-09-29
2022-09-22,38.913558,-76.986199,Ward 5,2022-09-27
2022-09-22,38.828939,-76.997830,Ward 8,2022-09-29
2022-09-22,38.828489,-76.997416,Ward 8,2022-09-29
2022-09-22,38.901517,-76.992478,Ward 6,2022-10-25
2022-09-22,38.924821,-77.023784,Ward 1,2022-09-26
2022-09-22,38.878840,-76.991533,Ward 6,2022-10-25
2022-09-22,38.911681,-77.017389,Ward 6,2022-10-25
2022-09-22,38.896960,-76.938683,Ward 7,2022-09-29
2022-09-22,38.901517,-76.992478,Ward 6,2022-10-25
2022-09-22,38.942645,-76.990499,Ward 5,2022-10-13
2022-09-22,38.911451,-76.933500,Ward 7,2022-09-30
2022-09-22,38.911451,-76.933500,Ward 7,2022-09-28
2022-09-22,38.830299,-76.994807,Ward 8,2022-09-28
2022-09-22,38.942763,-77.024854,Ward 4,2022-10-11
2022-09-22,38.885337,-77.002744,Ward 6,2022-10-25
2022-09-22,38.899815,-76.978884,Ward 5,2022-09-26
2022-09-22,38.917975,-77.002303,Ward 5,2022-10-13
2022-09-23,38.933594,-77.020919,Ward 1,2022-09-26
2022-09-23,38.891443,-76.977011,Ward 7,2022-10-25
2022-09-23,38.926566,-77.025200,Ward 1,2022-09-28
2022-09-23,38.869755,-76.946250,Ward 7,2022-09-23
2022-09-23,38.889255,-76.988097,Ward 6,2022-09-26
2022-09-23,38.944785,-77.026632,Ward 4,2022-10-11
2022-09-23,38.929773,-77.022258,Ward 1,2022-10-11
2022-09-23,38.905938,-77.026402,Ward 2,2022-10-12
2022-09-23,38.915428,-77.015945,Ward 1,2022-09-26
2022-09-23,38.868513,-76.942170,Ward 7,2022-09-28
2022-09-23,38.894607,-76.991760,Ward 6,2022-09-27
2022-09-23,38.877160,-76.962958,Ward 7,2022-09-29
2022-09-23,38.885166,-76.920490,Ward 7,2022-09-26
2022-09-23,38.873931,-76.955681,Ward 7,2022-09-26
2022-09-23,38.930308,-77.023412,Ward 1,2022-09-24
2022-09-23,38.980712,-77.026788,Ward 4,2022-10-24
2022-09-23,38.826996,-76.998268,Ward 8,2022-10-25
2022-09-23,38.826996,-76.998268,Ward 8,2022-10-25
2022-09-23,38.914277,-77.022756,Ward 1,2022-09-26
2022-09-23,38.899938,-76.985956,Ward 6,2022-10-25
2022-09-23,38.894965,-77.001466,Ward 6,2022-09-27
2022-09-23,38.952466,-77.014022,Ward 4,2022-09-26
2022-09-23,38.877160,-76.962958,Ward 7,2022-09-26
2022-09-23,38.863170,-76.982967,Ward 8,2022-09-26
2022-09-23,38.932549,-77.097092,Ward 3,2022-09-26
2022-09-23,38.935489,-77.027615,Ward 1,2022-09-26
2022-09-23,38.927872,-77.027602,Ward 1,2022-09-27
2022-09-23,38.830082,-76.996177,Ward 8,2022-09-28
2022-09-23,38.872417,-76.952166,Ward 7,2022-09-26
2022-09-23,38.822885,-76.999584,Ward 8,2022-10-25
2022-09-23,38.900267,-76.972125,Ward 5,2022-09-26
2022-09-23,38.909504,-77.032243,Ward 2,2022-09-24
2022-09-23,38.916369,-77.020481,Ward 1,2022-09-26
2022-09-23,38.868103,-76.965586,Ward 7,2022-09-26
2022-09-23,38.906325,-77.014680,Ward 5,2022-10-25
2022-09-23,38.930224,-77.021209,Ward 1,2022-09-27
2022-09-23,38.902079,-76.994714,Ward 6,2022-09-26
2022-09-23,38.927153,-77.034658,Ward 1,2022-09-26
2022-09-23,38.918341,-77.026727,Ward 1,2022-09-26
2022-09-23,38.895623,-76.942602,Ward 7,2022-09-29
2022-09-24,38.920005,-77.028987,Ward 1,2022-09-26
2022-09-24,38.937535,-77.021005,Ward 4,2022-09-26
2022-09-24,38.916485,-77.003160,Ward 5,2022-09-26
2022-09-24,38.903323,-76.992833,Ward 6,2022-09-26
2022-09-24,38.960377,-77.016440,Ward 4,2022-09-27
2022-09-24,38.934468,-77.029967,Ward 1,2022-09-26
2022-09-24,38.953088,-77.025938,Ward 4,2022-09-27
2022-09-24,38.916342,-77.020543,Ward 1,2022-09-26
2022-09-24,38.903966,-76.932946,Ward 7,2022-09-29
2022-09-24,38.902515,-77.004728,Ward 6,2022-09-27
2022-09-24,38.885100,-76.943681,Ward 7,2022-09-28
2022-09-24,38.963953,-77.026533,Ward 4,2022-09-27
2022-09-24,38.911412,-77.020778,Ward 6,2022-10-25
2022-09-25,38.907562,-76.978134,Ward 5,2022-09-26
2022-09-25,38.845258,-76.999488,Ward 8,2022-10-31
2022-09-25,38.838149,-77.003024,Ward 8,2022-10-25
2022-09-25,38.900680,-76.974909,Ward 5,2022-09-26
2022-09-25,38.884861,-76.943736,Ward 7,2022-10-06
2022-09-25,38.909640,-77.046196,Ward 2,2022-09-26
2022-09-25,38.905436,-76.972459,Ward 5,2022-09-27
2022-09-25,38.918303,-77.001560,Ward 5,2022-09-26
2022-09-25,38.919782,-77.032537,Ward 1,2022-09-26
2022-09-25,38.885337,-77.002744,Ward 6,2022-10-25
2022-09-25,38.916241,-77.022610,Ward 1,2022-09-26
2022-09-25,38.916262,-77.021893,Ward 1,2022-09-26
2022-09-25,38.918108,-77.006948,Ward 5,2022-10-13
2022-09-25,38.925197,-77.025450,Ward 1,2022-09-26
2022-09-25,38.933114,-77.024135,Ward 1,2022-09-26
2022-09-25,38.891362,-76.983872,Ward 6,2022-09-26
2022-09-26,38.904535,-77.000798,Ward 6,2022-09-26
2022-09-26,38.894970,-76.978784,Ward 6,2022-10-25
2022-09-26,38.914673,-77.038165,Ward 2,2022-10-12
2022-09-26,38.901526,-76.994131,Ward 6,2022-10-25
2022-09-26,38.884107,-76.940787,Ward 7,2022-10-06
2022-09-26,38.830279,-76.996688,Ward 8,2022-09-29
2022-09-26,38.932634,-77.029450,Ward 1,2022-10-11
2022-09-26,38.935784,-77.030867,Ward 1,2022-10-11
2022-09-26,38.894436,-76.994707,Ward 6,2022-10-25
2022-09-26,38.895245,-76.954569,Ward 7,2022-09-30
2022-09-26,38.895756,-76.955174,Ward 7,2022-09-30
2022-09-26,38.931942,-77.027233,Ward 1,2022-09-26
2022-09-26,38.890081,-76.960783,Ward 7,2022-09-30
2022-09-26,38.960377,-77.016440,Ward 4,2022-09-27
2022-09-26,38.919866,-77.042271,Ward 1,2022-09-26
2022-09-26,38.913908,-77.030265,Ward 2,2022-09-26
2022-09-26,38.926717,-77.025695,Ward 1,2022-10-11
2022-09-26,38.832228,-77.003827,Ward 8,2022-09-26
2022-09-26,38.898375,-76.981733,Ward 6,2022-10-25
2022-09-26,38.898858,-76.981552,Ward 6,2022-10-25
2022-09-26,38.899254,-76.980216,Ward 6,2022-10-25
2022-09-26,38.921502,-77.003307,Ward 5,2022-10-13
2022-09-26,38.924043,-76.966100,Ward 5,2022-09-28
2022-09-26,38.901506,-76.997719,Ward 6,2022-09-27
2022-09-26,38.910040,-76.985928,Ward 5,2022-09-27
2022-09-26,38.961269,-77.001013,Ward 4,2022-10-11
2022-09-26,38.902842,-76.985303,Ward 5,2022-09-28
2022-09-26,38.904551,-76.996673,Ward 6,2022-09-27
2022-09-26,38.950630,-77.013361,Ward 4,2022-09-26
2022-09-26,38.938956,-77.021670,Ward 4,2022-10-11
2022-09-26,38.927666,-77.034882,Ward 1,2022-10-11
2022-09-26,38.909810,-77.022600,Ward 6,2022-09-27
2022-09-26,38.949060,-77.070127,Ward 3,2022-10-12
2022-09-26,38.918267,-77.037196,Ward 1,2022-10-11
2022-09-26,38.938197,-77.021712,Ward 4,2022-10-11
2022-09-26,38.919089,-77.014973,Ward 1,2022-09-27
2022-09-26,38.903987,-76.983558,Ward 5,2022-10-13
2022-09-26,38.936504,-77.059439,Ward 3,2022-09-27
2022-09-26,38.873261,-76.973472,Ward 8,2022-09-29
2022-09-26,38.907147,-76.983507,Ward 5,2022-09-28
2022-09-26,38.937225,-77.034078,Ward 1,2022-09-27
2022-09-26,38.916113,-77.007880,Ward 5,2022-10-13
2022-09-26,38.885102,-76.943620,Ward 7,2022-09-29
2022-09-26,38.918994,-77.010106,Ward 5,2022-10-13
2022-09-26,38.927217,-77.023668,Ward 1,2022-10-11
2022-09-26,38.869549,-76.939699,Ward 7,2022-09-27
2022-09-26,38.932364,-77.029718,Ward 1,2022-09-27
2022-09-26,38.879248,-76.984847,Ward 6,2022-10-25
2022-09-26,38.897649,-76.977780,Ward 6,2022-09-29
2022-09-26,38.885100,-76.943681,Ward 7,2022-09-28
2022-09-27,38.884654,-76.946968,Ward 7,2022-09-29
2022-09-27,38.907032,-77.033001,Ward 2,2022-10-12
2022-09-27,38.904970,-77.001094,Ward 6,2022-09-29
2022-09-27,38.947489,-77.006109,Ward 5,2022-09-28
2022-09-27,38.956155,-76.995360,Ward 5,2022-09-28
2022-09-27,38.905414,-77.027408,Ward 2,2022-10-12
2022-09-27,38.864277,-76.987214,Ward 8,2022-09-28
2022-09-27,38.934226,-77.024638,Ward 1,2022-09-27
2022-09-27,38.934480,-77.028811,Ward 1,2022-10-11
2022-09-27,38.900202,-76.992645,Ward 6,2022-10-26
2022-09-27,38.902183,-77.005586,Ward 6,2022-09-29
2022-09-27,38.936695,-77.023508,Ward 4,2022-09-29
2022-09-27,38.907860,-77.027286,Ward 2,2022-09-28
2022-09-27,38.949448,-77.070099,Ward 3,2022-10-12
2022-09-27,38.901597,-76.995209,Ward 6,2022-10-25
2022-09-27,38.903465,-76.924085,Ward 7,2022-09-30
2022-09-27,38.903097,-76.924199,Ward 7,2022-09-27
2022-09-27,38.855383,-76.995904,Ward 8,2022-09-30
2022-09-27,38.879485,-76.935470,Ward 7,2022-09-28
2022-09-27,38.915329,-77.029875,Ward 1,2022-09-28
2022-09-27,38.934007,-77.019522,Ward 1,2022-09-28
2022-09-27,38.833090,-77.008952,Ward 8,2022-09-30
2022-09-27,38.933635,-77.019429,Ward 1,2022-09-28
2022-09-27,38.905880,-76.984677,Ward 5,2022-10-13
2022-09-27,38.936915,-77.025120,Ward 4,2022-10-11
2022-09-27,38.903693,-76.990128,Ward 5,2022-10-13
2022-09-27,38.866520,-76.979008,Ward 8,2022-11-03
2022-09-27,38.863613,-76.983866,Ward 8,2022-09-29
2022-09-27,38.928075,-76.985421,Ward 5,2022-09-28
2022-09-27,38.889172,-76.981991,Ward 6,2022-09-29
2022-09-27,38.854583,-76.966878,Ward 8,2022-11-03
2022-09-27,38.894408,-76.984378,Ward 6,2022-10-25
2022-09-27,38.900035,-76.992851,Ward 6,2022-10-25
2022-09-27,38.930916,-76.977858,Ward 5,2022-10-13
2022-09-27,38.936835,-77.021567,Ward 1,2022-10-11
2022-09-28,38.913816,-77.016811,Ward 5,2022-10-13
2022-09-28,38.893585,-76.978687,Ward 6,2022-10-25
2022-09-28,38.927399,-77.023692,Ward 1,2022-10-11
2022-09-28,38.928488,-76.956872,Ward 5,2022-10-13
2022-09-28,38.839747,-77.005852,Ward 8,2022-10-25
2022-09-28,38.925697,-76.958149,Ward 5,2022-10-13
2022-09-28,38.919272,-77.081794,Ward 3,2022-10-12
2022-09-28,38.876635,-76.950358,Ward 7,2022-09-29
2022-09-28,38.904855,-77.019643,Ward 2,2022-10-25
2022-09-28,38.906165,-76.986243,Ward 5,2022-09-30
2022-09-28,38.939643,-77.020916,Ward 4,2022-10-11
2022-09-28,38.906367,-76.985993,Ward 5,2022-09-30
2022-09-28,38.938693,-77.016459,Null,2022-10-14
2022-09-28,38.890927,-76.923246,Ward 7,2022-10-06
2022-09-28,38.933594,-77.022196,Ward 1,2022-10-11
2022-09-28,38.925282,-77.001320,Ward 5,2022-10-13
2022-09-28,38.914692,-77.008714,Ward 5,2022-10-13
2022-09-28,38.914993,-77.008101,Ward 5,2022-10-13
2022-09-28,38.925259,-76.974481,Ward 5,2022-10-03
2022-09-28,38.914420,-77.026161,Ward 1,2022-10-11
2022-09-28,38.873420,-76.973494,Null,2022-09-29
2022-09-28,38.924799,-76.986390,Ward 5,2022-10-25
2022-09-28,38.953110,-77.065992,Ward 3,2022-10-12
2022-09-28,38.898263,-76.977561,Ward 6,2022-09-29
2022-09-28,38.920906,-77.030448,Ward 1,2022-10-11
2022-09-28,38.885923,-76.981631,Ward 6,2022-09-29
2022-09-28,38.842787,-77.000256,Ward 8,2022-09-30
2022-09-28,38.864241,-76.987069,Ward 8,2022-10-25
2022-09-28,38.895297,-76.985249,Ward 6,2022-10-25
2022-09-28,38.928392,-77.022336,Ward 1,2022-10-11
2022-09-28,38.925459,-76.955626,Ward 5,2022-10-13
2022-09-28,38.928368,-77.022425,Ward 1,2022-10-11
2022-09-28,38.949923,-77.034069,Ward 4,2022-10-03
2022-09-28,38.913059,-77.015464,Ward 5,2022-10-13
2022-09-28,38.848019,-76.969872,Ward 8,2022-10-25
2022-09-29,38.936835,-77.021567,Ward 1,2022-10-11
2022-09-29,38.931135,-77.034338,Ward 1,2022-10-11
2022-09-29,38.853911,-76.973928,Ward 8,2022-10-26
2022-09-29,38.960476,-77.016440,Ward 4,2022-09-29
2022-09-29,38.913558,-76.986199,Ward 5,2022-10-13
2022-09-29,38.934676,-77.021992,Ward 1,2022-10-11
2022-09-29,38.916807,-77.011975,Ward 5,2022-10-13
2022-09-29,38.829040,-76.997403,Ward 8,2022-09-30
2022-09-29,38.885662,-76.921269,Ward 7,2022-09-30
2022-09-29,38.925459,-76.955626,Ward 5,2022-10-13
2022-09-29,38.893323,-76.918692,Ward 7,2022-10-06
2022-09-29,38.939980,-77.031997,Ward 4,2022-10-11
2022-09-29,38.909801,-77.008297,Ward 5,2022-10-14
2022-09-29,38.904089,-77.002248,Ward 6,2022-09-30
2022-09-29,38.878011,-76.940902,Ward 7,2022-10-06
2022-09-29,38.942918,-77.076358,Ward 3,2022-09-30
2022-09-29,38.891138,-76.999280,Ward 6,2022-10-26
2022-09-29,38.822045,-77.000281,Ward 8,2022-10-26
2022-09-29,38.918282,-77.030722,Ward 1,2022-10-11
2022-09-29,38.896426,-76.914337,Ward 7,2022-09-30
2022-09-29,38.934382,-77.042300,Ward 1,2022-10-11
2022-09-29,38.940443,-76.996011,Ward 5,2022-09-30
2022-09-29,38.899041,-76.998219,Ward 6,2022-10-03
2022-09-29,38.918282,-77.030722,Ward 1,2022-10-11
2022-09-30,38.907043,-76.939288,Ward 7,2022-10-06
2022-09-30,38.894962,-76.987016,Ward 6,2022-10-03
2022-09-30,38.927651,-77.024299,Ward 1,2022-09-30
2022-09-30,38.926448,-77.039494,Ward 1,2022-10-11
2022-09-30,38.923637,-76.965827,Ward 5,2022-11-16
2022-09-30,38.958579,-77.068558,Ward 3,2022-09-30
2022-09-30,38.881587,-76.941701,Ward 7,2022-10-03
2022-09-30,38.863790,-76.982771,Ward 8,2022-10-26
2022-09-30,38.861993,-76.950849,Ward 7,2022-10-03
2022-09-30,38.910990,-77.020118,Ward 6,2022-10-25
2022-09-30,38.968209,-77.006046,Ward 4,2022-10-11
2022-09-30,38.896314,-77.000772,Ward 6,2022-10-03
2022-09-30,38.929245,-77.019735,Ward 1,2022-10-11
2022-09-30,38.938678,-77.031217,Ward 4,2022-10-11
2022-09-30,38.912735,-76.984446,Ward 5,2022-10-03
2022-09-30,38.878022,-76.940753,Ward 7,2022-10-03
2022-09-30,38.881620,-76.994004,Ward 6,2022-10-03
2022-09-30,38.951380,-77.014857,Ward 4,2022-10-11
2022-09-30,38.888461,-76.977572,Ward 6,2022-10-03
2022-09-30,38.969742,-77.012821,Ward 4,2022-10-11
2022-09-30,38.933280,-76.980216,Ward 5,2022-10-04
2022-09-30,38.939980,-77.031997,Ward 4,2022-10-11
2022-09-30,38.940959,-77.033041,Ward 4,2022-10-11
2022-09-30,38.915959,-77.010705,Ward 5,2022-10-13
2022-09-30,38.920873,-76.988640,Ward 5,2022-10-03
2022-09-30,38.878074,-76.941750,Ward 7,2022-10-06
2022-09-30,38.913895,-77.030189,Ward 2,2022-10-03
2022-09-30,38.887067,-76.921954,Ward 7,2022-10-03
2022-09-30,38.894897,-77.000811,Ward 6,2022-10-03
2022-10-01,38.894789,-77.000577,Ward 6,2022-10-21
2022-10-01,38.919318,-77.024013,Ward 1,2022-10-03
2022-10-01,38.862163,-76.971950,Ward 8,2022-10-03
2022-10-01,38.863129,-76.972451,Ward 8,2022-10-25
2022-10-01,38.891114,-76.982983,Ward 6,2022-10-21
2022-10-01,38.877941,-76.941404,Ward 7,2022-10-04
2022-10-01,38.878022,-76.940753,Ward 7,2022-10-03
2022-10-01,38.958352,-77.068028,Ward 3,2022-10-03
2022-10-01,38.929153,-77.019853,Ward 1,2022-10-11
2022-10-01,38.891838,-76.982954,Ward 6,2022-10-03
2022-10-01,38.937321,-77.033002,Ward 4,2022-10-11
2022-10-01,38.944196,-77.025889,Ward 4,2022-10-05
2022-10-01,38.902298,-76.994102,Ward 6,2022-10-04
2022-10-02,38.873957,-76.974187,Ward 7,2022-10-03
2022-10-02,38.903715,-76.977149,Ward 5,2022-10-03
2022-10-02,38.922948,-77.008738,Ward 5,2022-10-13
2022-10-02,38.915754,-77.010408,Ward 5,2022-10-03
2022-10-02,38.927666,-77.034882,Ward 1,2022-10-03
2022-10-02,38.943177,-77.045817,Ward 4,2022-10-11
2022-10-02,38.925197,-77.025450,Ward 1,2022-10-03
2022-10-02,38.926564,-77.025268,Ward 1,2022-10-03
2022-10-02,38.894502,-76.988076,Ward 6,2022-10-21
2022-10-02,38.917774,-77.001815,Ward 5,2022-10-03
2022-10-02,38.924525,-77.029997,Ward 1,2022-10-03
2022-10-03,38.911856,-77.066322,Ward 2,2022-10-03
2022-10-03,38.923523,-77.029172,Ward 1,2022-10-11
2022-10-03,38.895604,-76.995896,Ward 6,2022-10-21
2022-10-03,38.878235,-76.989122,Ward 6,2022-10-21
2022-10-03,38.936943,-77.019694,Ward 1,2022-10-11
2022-10-03,38.859574,-76.986610,Ward 8,2022-10-25
2022-10-03,38.875062,-77.010082,Ward 6,2022-10-11
2022-10-03,38.907060,-77.017201,Ward 2,2022-10-21
2022-10-03,38.923834,-77.079128,Ward 3,2022-10-12
2022-10-03,38.923868,-76.999256,Ward 5,2022-10-06
2022-10-03,38.910972,-76.987853,Ward 5,2022-10-05
2022-10-03,38.894897,-77.000811,Ward 6,2022-10-03
2022-10-03,38.912801,-77.014853,Ward 5,2022-10-03
2022-10-03,38.907438,-77.040274,Ward 2,2022-10-05
2022-10-03,38.873803,-76.974320,Null,2022-10-04
2022-10-03,38.930158,-77.024024,Ward 1,2022-10-11
2022-10-03,38.936695,-77.023508,Ward 4,2022-10-05
2022-10-03,38.966199,-77.005622,Ward 4,2022-10-11
2022-10-03,38.936943,-77.019694,Ward 1,2022-10-11
2022-10-03,38.898223,-76.979294,Ward 6,2022-10-21
2022-10-03,38.912735,-76.984446,Ward 5,2022-10-04
2022-10-03,38.966191,-77.005337,Ward 4,2022-10-11
2022-10-03,38.835889,-76.990583,Ward 8,2022-10-31
2022-10-03,38.902341,-76.977187,Ward 5,2022-10-25
2022-10-03,38.958650,-77.067762,Ward 3,2022-10-12
2022-10-03,38.928397,-77.022883,Ward 1,2022-10-04
2022-10-03,38.867478,-76.942845,Ward 7,2022-10-04
2022-10-03,38.931061,-77.041567,Ward 1,2022-10-11
2022-10-03,38.930768,-77.041774,Ward 1,2022-10-04
2022-10-03,38.884259,-76.931575,Ward 7,2022-10-04
2022-10-03,38.910551,-77.041414,Ward 2,2022-10-04
2022-10-03,38.958352,-77.068028,Ward 3,2022-10-19
2022-10-03,38.926409,-77.030031,Ward 1,2022-10-04
2022-10-03,38.969732,-77.031626,Ward 4,2022-10-24
2022-10-03,38.833211,-77.006889,Ward 8,2022-10-04
2022-10-03,38.839649,-77.005096,Ward 8,2022-10-26
2022-10-03,38.929182,-77.022693,Ward 1,2022-10-04
2022-10-04,38.902853,-76.928777,Ward 7,2022-10-24
2022-10-04,38.926723,-77.025703,Ward 1,2022-10-11
2022-10-04,38.929245,-77.019735,Ward 1,2022-10-11
2022-10-04,38.903451,-76.934729,Ward 7,2022-10-06
2022-10-04,38.902692,-76.934552,Ward 7,2022-10-06
2022-10-04,38.925162,-76.987745,Ward 5,2022-10-13
2022-10-04,38.914341,-77.036879,Ward 2,2022-10-12
2022-10-04,38.890132,-76.958959,Ward 7,2022-10-24
2022-10-04,38.924414,-77.025888,Ward 1,2022-10-11
2022-10-04,38.904431,-77.027347,Ward 2,2022-10-12
2022-10-04,38.957563,-77.027456,Ward 4,2022-10-04
2022-10-04,38.951903,-77.010420,Ward 4,2022-10-11
2022-10-04,38.947524,-77.022840,Ward 4,2022-10-11
2022-10-04,38.925697,-76.958149,Ward 5,2022-10-13
2022-10-04,38.929070,-77.037740,Ward 1,2022-10-13
2022-10-04,38.919272,-77.081794,Ward 3,2022-10-12
2022-10-04,38.945620,-77.005113,Ward 5,2022-10-05
2022-10-04,38.916803,-77.011558,Ward 5,2022-10-13
2022-10-04,38.891167,-76.959977,Ward 7,2022-10-06
2022-10-04,38.956758,-77.011136,Ward 4,2022-10-11
2022-10-04,38.895134,-76.924016,Ward 7,2022-10-05
2022-10-04,38.936393,-77.031023,Ward 1,2022-10-04
2022-10-04,38.860383,-77.001209,Ward 8,2022-10-04
2022-10-04,38.926367,-77.078527,Ward 3,2022-10-12
2022-10-04,38.929920,-77.037822,Ward 1,2022-10-13
2022-10-04,38.955759,-77.022030,Ward 4,2022-10-11
2022-10-04,38.897877,-76.972509,Ward 7,2022-10-06
2022-10-04,38.898374,-76.990611,Ward 6,2022-10-05
2022-10-04,38.826464,-77.006249,Ward 8,2022-10-26
2022-10-04,38.889804,-76.993757,Ward 6,2022-10-05
2022-10-04,38.896948,-76.980818,Ward 6,2022-10-24
2022-10-04,38.908316,-76.938464,Ward 7,2022-10-06
2022-10-04,38.921966,-77.043044,Ward 1,2022-10-13
2022-10-04,38.908045,-77.009704,Ward 5,2022-10-14
2022-10-04,38.845308,-76.999617,Ward 8,2022-10-26
2022-10-04,38.902108,-76.989161,Ward 6,2022-10-21
2022-10-04,38.848286,-77.005331,Ward 8,2022-10-26
2022-10-04,38.847372,-77.002227,Ward 8,2022-10-26
2022-10-04,38.845337,-76.999666,Ward 8,2022-10-26
2022-10-04,38.834488,-77.007344,Ward 8,2022-10-26
2022-10-04,38.833408,-77.007389,Ward 8,2022-10-26
2022-10-04,38.833834,-76.987675,Ward 8,2022-10-26
2022-10-04,38.869253,-76.980503,Ward 8,2022-10-05
2022-10-04,38.870572,-76.979252,Ward 8,2022-10-05
2022-10-04,38.871853,-76.978421,Ward 8,2022-10-26
2022-10-04,38.911650,-77.006726,Ward 5,2022-10-13
2022-10-04,38.960208,-77.029200,Ward 4,2022-10-19
2022-10-04,38.892613,-76.953508,Ward 7,2022-10-05
2022-10-04,38.866276,-76.970213,Null,2022-10-12
2022-10-04,38.896344,-76.916166,Ward 7,2022-10-06
2022-10-04,38.955423,-77.023759,Ward 4,2022-10-13
2022-10-04,38.938483,-77.029937,Ward 4,2022-10-11
2022-10-04,38.872106,-76.971734,Ward 8,2022-10-05
2022-10-04,38.830314,-77.003364,Ward 8,2022-10-26
2022-10-04,38.907759,-77.009702,Ward 5,2022-10-13
2022-10-04,38.893589,-76.978293,Ward 6,2022-10-21
2022-10-04,38.884259,-76.931782,Ward 7,2022-10-06
2022-10-04,38.930199,-77.028098,Ward 1,2022-10-13
2022-10-05,38.913530,-77.002507,Ward 5,2022-10-14
2022-10-05,38.929411,-77.020476,Ward 1,2022-10-13
2022-10-05,38.915145,-76.986557,Ward 5,2022-10-11
2022-10-05,38.845308,-76.999617,Ward 8,2022-10-05
2022-10-05,38.930320,-77.040007,Ward 1,2022-10-13
2022-10-05,38.951756,-77.010244,Ward 4,2022-10-11
2022-10-05,38.928884,-77.030607,Ward 1,2022-10-13
2022-10-05,38.922047,-77.018289,Ward 1,2022-10-13
2022-10-05,38.925583,-76.994302,Ward 5,2022-10-14
2022-10-05,38.960618,-77.033426,Ward 4,2022-10-11
2022-10-05,38.924724,-77.040872,Ward 1,2022-10-13
2022-10-05,38.955138,-77.022022,Ward 4,2022-10-11
2022-10-05,38.831847,-76.988000,Ward 8,2022-10-26
2022-10-05,38.832246,-76.990380,Ward 8,2022-10-26
2022-10-05,38.832038,-76.992878,Ward 8,2022-10-26
2022-10-05,38.830275,-76.995949,Ward 8,2022-10-27
2022-10-05,38.829570,-76.994152,Ward 8,2022-10-26
2022-10-05,38.832830,-76.992294,Ward 8,2022-10-26
2022-10-05,38.845285,-76.999560,Ward 8,2022-10-26
2022-10-05,38.890132,-76.958959,Ward 7,2022-10-24
2022-10-05,38.911298,-77.028949,Ward 2,2022-10-12
2022-10-05,38.897877,-76.972509,Ward 7,2022-10-06
2022-10-05,38.899786,-76.989992,Ward 6,2022-10-21
2022-10-05,38.939893,-77.032428,Ward 4,2022-10-12
2022-10-05,38.934774,-77.032066,Ward 1,2022-10-13
2022-10-05,38.935116,-77.031011,Ward 1,2022-10-13
2022-10-05,38.924721,-76.966934,Ward 5,2022-10-19
2022-10-05,38.925049,-76.968282,Ward 5,2022-10-19
2022-10-05,38.922581,-76.992786,Ward 5,2022-10-19
2022-10-05,38.894933,-76.923727,Ward 7,2022-10-24
2022-10-05,38.884730,-76.994118,Ward 6,2022-10-13
2022-10-05,38.895007,-76.925832,Ward 7,2022-10-24
2022-10-05,38.901519,-76.989287,Ward 6,2022-10-11
2022-10-05,38.936695,-77.023508,Ward 4,2022-10-07
2022-10-05,38.903076,-76.987555,Ward 5,2022-10-13
2022-10-05,38.921194,-77.078123,Ward 3,2022-10-12
2022-10-05,38.956444,-77.031693,Ward 4,2022-10-11
2022-10-05,38.873599,-76.975282,Ward 8,2022-10-26
2022-10-05,38.902431,-76.975553,Ward 5,2022-10-21
2022-10-05,38.833202,-76.992934,Ward 8,2022-10-26
2022-10-05,38.893991,-76.978773,Ward 6,2022-10-21
2022-10-05,38.902079,-76.994714,Ward 6,2022-10-06
2022-10-05,38.888660,-76.937448,Ward 7,2022-10-24
2022-10-05,38.897223,-76.980967,Ward 6,2022-10-24
2022-10-05,38.876128,-76.960496,Ward 7,2022-10-06
2022-10-05,38.911650,-77.006726,Ward 5,2022-10-13
2022-10-05,38.867272,-76.943994,Ward 7,2022-10-06
2022-10-05,38.912709,-76.988126,Ward 5,2022-10-13
2022-10-05,38.918643,-77.013539,Ward 5,2022-10-06
2022-10-06,38.949716,-77.020839,Ward 4,2022-10-07
2022-10-06,38.919039,-77.001813,Ward 5,2022-10-11
2022-10-06,38.935116,-77.031011,Ward 1,2022-10-13
2022-10-06,38.912714,-76.988013,Ward 5,2022-10-13
2022-10-06,38.930710,-77.041032,Ward 1,2022-10-13
2022-10-06,38.929773,-77.022258,Ward 1,2022-10-11
2022-10-06,38.956514,-77.025053,Ward 4,2022-10-11
2022-10-06,38.895353,-76.980486,Ward 6,2022-10-24
2022-10-06,38.944193,-77.027266,Ward 4,2022-10-18
2022-10-06,38.930555,-77.031027,Ward 1,2022-10-07
2022-10-06,38.920785,-77.040252,Ward 1,2022-10-11
2022-10-06,38.875806,-76.932753,Ward 7,2022-10-07
2022-10-06,38.914185,-77.015142,Ward 5,2022-10-19
2022-10-06,38.913143,-77.003237,Ward 5,2022-10-11
2022-10-06,38.865560,-76.982537,Ward 8,2022-10-26
2022-10-06,38.839858,-76.994443,Ward 8,2022-10-26
2022-10-06,38.827489,-76.996538,Ward 8,2022-10-26
2022-10-06,38.824116,-76.998251,Ward 8,2022-10-26
2022-10-06,38.820584,-77.005570,Ward 8,2022-10-26
2022-10-06,38.829443,-76.992971,Ward 8,2022-10-26
2022-10-06,38.820755,-77.007009,Ward 8,2022-10-26
2022-10-06,38.821482,-77.007014,Ward 8,2022-10-26
2022-10-06,38.936285,-77.033449,Ward 1,2022-10-13
2022-10-06,38.927666,-77.034882,Ward 1,2022-10-13
2022-10-06,38.913118,-77.016767,Ward 5,2022-10-19
2022-10-06,38.913394,-77.016960,Ward 5,2022-10-14
2022-10-06,38.961491,-77.000336,Ward 4,2022-10-11
2022-10-06,38.934092,-77.022474,Ward 1,2022-10-19
2022-10-06,38.915145,-76.986557,Ward 5,2022-10-11
2022-10-06,38.911658,-77.006222,Ward 5,2022-10-18
2022-10-06,38.915145,-76.986557,Ward 5,2022-10-11
2022-10-06,38.950820,-77.026390,Ward 4,2022-10-12
2022-10-06,38.913194,-76.988435,Ward 5,2022-10-20
2022-10-06,38.938483,-77.029937,Ward 4,2022-10-11
2022-10-06,38.910174,-76.984197,Ward 5,2022-10-13
2022-10-06,38.927581,-77.021519,Ward 1,2022-10-07
2022-10-06,38.883015,-76.982053,Ward 6,2022-10-07
2022-10-06,38.915736,-77.021730,Ward 1,2022-10-07
2022-10-06,38.915755,-77.001782,Ward 5,2022-10-19
2022-10-06,38.894897,-77.000811,Ward 6,2022-10-18
2022-10-06,38.927628,-77.035481,Ward 1,2022-10-07
2022-10-06,38.926991,-77.030487,Ward 1,2022-10-07
2022-10-06,38.951873,-77.022343,Ward 4,2022-10-11
2022-10-06,38.882870,-77.003767,Ward 6,2022-10-20
2022-10-06,38.873957,-76.974187,Ward 7,2022-10-07
2022-10-06,38.873076,-76.972317,Ward 7,2022-10-07
2022-10-07,38.928601,-76.965617,Ward 5,2022-10-12
2022-10-07,38.873472,-76.977476,Ward 8,2022-10-26
2022-10-07,38.834090,-76.987307,Ward 8,2022-10-17
2022-10-07,38.845703,-77.001903,Ward 8,2022-10-28
2022-10-07,38.915572,-77.022946,Ward 1,2022-10-07
2022-10-07,38.824689,-77.008257,Ward 8,2022-10-27
2022-10-07,38.827942,-77.010568,Ward 8,2022-10-27
2022-10-07,38.952574,-77.010871,Ward 4,2022-10-17
2022-10-07,38.902209,-76.977507,Ward 5,2022-10-13
2022-10-07,38.891114,-76.982983,Ward 6,2022-10-24
2022-10-07,38.912367,-77.008388,Ward 5,2022-10-11
2022-10-07,38.837789,-77.003042,Ward 8,2022-10-27
2022-10-07,38.906035,-76.978251,Ward 5,2022-10-07
2022-10-07,38.883614,-76.961731,Ward 7,2022-10-11
2022-10-07,38.896122,-77.002036,Ward 6,2022-10-12
2022-10-07,38.840056,-76.992058,Ward 8,2022-10-27
2022-10-07,38.942717,-77.045341,Ward 4,2022-10-24
2022-10-07,38.931398,-77.019978,Ward 1,2022-10-11
2022-10-07,38.888240,-76.933410,Ward 7,2022-11-09
2022-10-07,38.895452,-76.999512,Ward 6,2022-10-12
2022-10-07,38.880195,-77.003770,Ward 8,2022-10-27
2022-10-07,38.904839,-77.012799,Ward 6,2022-10-21
2022-10-07,38.916485,-77.003160,Ward 5,2022-10-11
2022-10-07,38.915925,-77.015744,Ward 1,2022-10-12
2022-10-07,38.930329,-77.040315,Ward 1,2022-10-11
2022-10-07,38.897200,-76.931071,Ward 7,2022-10-24
2022-10-07,38.863936,-76.980621,Ward 8,2022-10-27
2022-10-07,38.957216,-77.011913,Ward 4,2022-11-03
2022-10-07,38.891184,-76.999279,Ward 6,2022-10-08
2022-10-07,38.902745,-76.974772,Ward 5,2022-10-19
2022-10-07,38.952751,-77.026639,Ward 4,2022-10-24
2022-10-07,38.924508,-77.029932,Ward 1,2022-10-19
2022-10-07,38.913168,-77.011476,Ward 5,2022-10-18
2022-10-07,38.913530,-77.002507,Ward 5,2022-10-14
2022-10-07,38.910520,-77.012701,Ward 5,2022-10-18
2022-10-07,38.917167,-77.016152,Ward 1,2022-10-19
2022-10-07,38.944196,-77.025889,Ward 4,2022-10-18
2022-10-07,38.884556,-76.977260,Ward 7,2022-10-12
2022-10-07,38.927005,-77.030373,Ward 1,2022-10-11
2022-10-07,38.912709,-76.988126,Ward 5,2022-10-13
2022-10-07,38.906375,-77.025705,Ward 2,2022-10-11
2022-10-07,38.906375,-76.980638,Ward 5,2022-10-20
2022-10-07,38.863315,-76.990564,Ward 8,2022-10-27
2022-10-07,38.863059,-76.990003,Ward 8,2022-10-26
2022-10-07,38.966628,-77.005096,Ward 4,2022-10-24
2022-10-07,38.832364,-77.006552,Ward 8,2022-10-27
2022-10-07,38.912709,-76.988126,Ward 5,2022-10-13
2022-10-08,38.826217,-77.011998,Ward 8,2022-10-28
2022-10-08,38.905351,-77.064392,Ward 2,2022-10-11
2022-10-08,38.909399,-76.934668,Ward 7,2022-10-24
2022-10-08,38.901318,-76.989277,Ward 6,2022-10-11
2022-10-08,38.891114,-76.982983,Ward 6,2022-10-24
2022-10-08,38.917946,-77.001555,Ward 5,2022-10-18
2022-10-08,38.901153,-76.999930,Ward 6,2022-10-18
2022-10-08,38.919447,-77.013346,Ward 5,2022-10-18
2022-10-08,38.934363,-77.041467,Ward 1,2022-10-25
2022-10-08,38.839990,-77.005680,Ward 8,2022-10-28
2022-10-08,38.929592,-77.037972,Ward 1,2022-10-18
2022-10-08,38.899150,-76.998240,Ward 6,2022-10-12
2022-10-08,38.878391,-76.935329,Ward 7,2022-10-11
2022-10-08,38.925774,-76.997700,Ward 5,2022-10-18
2022-10-08,38.913044,-77.008084,Ward 5,2022-10-18
2022-10-08,38.882894,-77.010325,Ward 6,2022-10-11
2022-10-08,38.947607,-77.079947,Ward 3,2022-10-19
2022-10-09,38.889772,-76.937543,Ward 7,2022-10-24
2022-10-09,38.859562,-76.968191,Null,2022-10-12
2022-10-09,38.895003,-77.031353,Ward 2,2022-10-11
2022-10-09,38.936835,-77.021567,Ward 1,2022-10-11
2022-10-09,38.915190,-77.003207,Ward 5,2022-10-11
2022-10-09,38.908313,-77.026743,Ward 2,2022-10-19
2022-10-09,38.936526,-77.033237,Ward 1,2022-10-18
2022-10-09,38.866083,-76.969345,Ward 7,2022-10-11
2022-10-09,38.883016,-76.981994,Ward 6,2022-10-12
2022-10-09,38.948448,-77.026390,Ward 4,2022-11-03
2022-10-09,38.916794,-77.007940,Ward 5,2022-10-18
2022-10-09,38.915407,-77.031426,Ward 1,2022-10-19
2022-10-09,38.915335,-77.032353,Ward 2,2022-10-25
2022-10-09,38.933942,-77.019934,Ward 1,2022-10-18
2022-10-09,38.917309,-77.023119,Ward 1,2022-10-11
2022-10-09,38.892187,-76.991224,Ward 6,2022-10-11
2022-10-09,38.912607,-77.027894,Ward 2,2022-10-11
2022-10-09,38.917868,-77.005273,Ward 5,2022-10-18
2022-10-10,38.922384,-77.024288,Ward 1,2022-10-12
2022-10-10,38.928471,-76.956178,Ward 5,2022-10-18
2022-10-10,38.940533,-76.996049,Ward 5,2022-10-18
2022-10-10,38.902262,-76.994494,Ward 6,2022-10-21
2022-10-10,38.924165,-76.961772,Ward 5,2022-10-19
2022-10-10,38.897717,-76.941861,Ward 7,2022-10-24
2022-10-10,38.876833,-76.967344,Ward 7,2022-10-11
2022-10-10,38.929778,-77.019948,Ward 1,2022-10-11
2022-10-10,38.925331,-77.080284,Ward 3,2022-10-19
2022-10-10,38.909465,-77.014274,Ward 5,2022-10-18
2022-10-10,38.933003,-77.025871,Ward 1,2022-10-20
2022-10-10,38.901555,-76.995209,Ward 6,2022-10-11
2022-10-10,38.910527,-77.012867,Ward 5,2022-10-18
2022-10-10,38.899096,-77.001101,Ward 6,2022-10-12
2022-10-10,38.898374,-76.990611,Ward 6,2022-10-11
2022-10-10,38.961491,-77.000336,Ward 4,2022-10-11
2022-10-10,38.879623,-76.932051,Ward 7,2022-11-03
2022-10-10,38.944957,-77.020715,Ward 4,2022-11-03
2022-10-10,38.940101,-77.032999,Ward 4,2022-10-12
2022-10-10,38.899986,-76.974934,Ward 5,2022-10-21
2022-10-10,38.827275,-76.997648,Ward 8,2022-10-17
2022-10-10,38.827275,-76.997648,Ward 8,2022-10-17
2022-10-10,38.829040,-76.997403,Ward 8,2022-10-13
2022-10-10,38.820755,-77.007009,Ward 8,2022-10-13
2022-10-10,38.830386,-77.006964,Ward 8,2022-10-31
2022-10-10,38.842318,-77.002303,Ward 8,2022-10-13
2022-10-10,38.884220,-76.961115,Ward 7,2022-10-11
2022-10-10,38.889515,-76.982813,Ward 6,2022-10-12
2022-10-10,38.953822,-77.016203,Ward 4,2022-10-19
2022-10-10,38.905344,-76.980788,Ward 5,2022-10-20
2022-10-10,38.874999,-76.969462,Ward 7,2022-10-11
2022-10-10,38.924019,-77.026073,Ward 1,2022-10-11
2022-10-10,38.903177,-76.932066,Ward 7,2022-10-24
2022-10-11,38.933594,-77.022196,Ward 1,2022-10-12
2022-10-11,38.895841,-76.937982,Ward 7,2022-10-11
2022-10-11,38.912606,-77.023968,Ward 2,2022-10-21
2022-10-11,38.863346,-76.993676,Ward 8,2022-10-28
2022-10-11,38.909977,-76.985454,Ward 5,2022-10-18
2022-10-11,38.957466,-77.013830,Ward 4,2022-10-24
2022-10-11,38.899069,-76.979668,Ward 6,2022-10-21
2022-10-11,38.952860,-77.024123,Ward 4,2022-10-13
2022-10-11,38.910026,-77.027732,Ward 2,2022-10-11
2022-10-11,38.951726,-77.025352,Ward 4,2022-10-13
2022-10-11,38.895003,-77.031353,Ward 2,2022-10-12
2022-10-11,38.908050,-76.984210,Ward 5,2022-10-18
2022-10-11,38.895003,-77.031353,Ward 2,2022-10-12
2022-10-11,38.907060,-77.024643,Ward 2,2022-10-19
2022-10-11,38.904757,-76.982695,Ward 5,2022-10-19
2022-10-11,38.907692,-77.026751,Ward 2,2022-10-25
2022-10-11,38.901519,-76.994193,Ward 6,2022-10-21
2022-10-11,38.923635,-76.965298,Ward 5,2022-10-11
2022-10-11,38.877346,-76.932885,Ward 7,2022-11-03
2022-10-11,38.934594,-77.038378,Ward 1,2022-10-19
2022-10-11,38.915736,-77.021730,Ward 1,2022-10-25
2022-10-11,38.927328,-77.024477,Ward 1,2022-10-18
2022-10-11,38.875806,-76.932753,Ward 7,2022-10-12
2022-10-11,38.952395,-77.029996,Ward 4,2022-10-25
2022-10-11,38.911298,-77.028949,Ward 2,2022-10-25
2022-10-11,38.830314,-77.003364,Ward 8,2022-10-28
2022-10-11,38.938489,-77.024027,Ward 4,2022-10-24
2022-10-11,38.973406,-77.025411,Ward 4,2022-10-24
2022-10-11,38.844909,-76.996535,Ward 8,2022-10-27
2022-10-11,38.911628,-77.010615,Ward 5,2022-10-18
2022-10-11,38.929294,-77.024075,Ward 1,2022-11-03
2022-10-11,38.939252,-76.994657,Ward 5,2022-10-20
2022-10-11,38.865446,-76.981931,Ward 8,2022-10-17
2022-10-11,38.961269,-77.001013,Ward 4,2022-10-24
2022-10-11,38.920161,-76.984487,Ward 5,2022-10-18
2022-10-11,38.904455,-76.983020,Ward 5,2022-10-18
2022-10-11,38.926367,-77.078527,Ward 3,2022-11-03
2022-10-11,38.892180,-76.999239,Ward 6,2022-10-12
2022-10-11,38.911859,-77.006546,Ward 5,2022-10-18
2022-10-11,38.907437,-76.988551,Ward 5,2022-10-20
2022-10-11,38.867267,-76.980777,Ward 8,2022-10-27
2022-10-11,38.899341,-76.974948,Ward 5,2022-10-21
2022-10-11,38.930051,-77.025450,Ward 1,2022-10-18
2022-10-11,38.905110,-76.978805,Ward 5,2022-10-20
2022-10-11,38.905441,-77.026187,Ward 2,2022-10-12
2022-10-11,38.891168,-76.986131,Ward 6,2022-10-12
2022-10-11,38.900711,-76.991296,Ward 6,2022-10-26
2022-10-11,38.903067,-76.922792,Ward 7,2022-10-24
2022-10-11,38.897694,-76.937710,Ward 7,2022-11-03
2022-10-11,38.849664,-76.984840,Ward 8,2022-10-26
2022-10-12,38.912918,-77.001410,Ward 5,2022-10-12
2022-10-12,38.927553,-77.025471,Ward 1,2022-10-18
2022-10-12,38.854503,-76.982842,Ward 8,2022-10-28
2022-10-12,38.915431,-77.031733,Ward 1,2022-10-12
2022-10-12,38.909986,-76.985389,Ward 5,2022-10-18
2022-10-12,38.929106,-77.036829,Ward 1,2022-10-25
2022-10-12,38.907484,-77.032303,Ward 2,2022-10-20
2022-10-12,38.917160,-77.028535,Ward 1,2022-10-12
2022-10-12,38.969034,-77.035266,Ward 4,2022-10-21
2022-10-12,38.911385,-77.028916,Ward 2,2022-10-20
2022-10-12,38.862855,-76.994737,Ward 8,2022-10-26
2022-10-12,38.902668,-76.930669,Ward 7,2022-10-14
2022-10-12,38.965185,-77.027953,Ward 4,2022-10-24
2022-10-12,38.929863,-77.041508,Ward 1,2022-10-12
2022-10-12,38.972126,-77.020119,Ward 4,2022-10-25
2022-10-12,38.972348,-77.021417,Ward 4,2022-10-12
2022-10-12,38.909458,-77.025803,Ward 2,2022-10-19
2022-10-12,38.927428,-77.028928,Ward 1,2022-11-03
2022-10-12,38.927397,-77.029040,Ward 1,2022-11-03
2022-10-12,38.931751,-77.021024,Ward 1,2022-11-03
2022-10-12,38.873237,-76.978062,Ward 8,2022-10-27
2022-10-12,38.904891,-76.981882,Ward 5,2022-10-18
2022-10-12,38.897832,-76.980898,Ward 6,2022-10-21
2022-10-12,38.901676,-76.935072,Ward 7,2022-10-24
2022-10-12,38.943494,-77.033004,Ward 4,2022-10-24
2022-10-12,38.895547,-76.934590,Ward 7,2022-11-03
2022-10-12,38.960211,-77.029694,Ward 4,2022-10-21
2022-10-12,38.879248,-76.984799,Ward 6,2022-10-21
2022-10-12,38.930353,-76.977913,Ward 5,2022-10-18
2022-10-12,38.900369,-76.942960,Ward 7,2022-10-24
2022-10-12,38.931140,-76.977845,Ward 5,2022-10-18
2022-10-12,38.928896,-77.031425,Ward 1,2022-10-18
2022-10-12,38.906785,-76.987361,Ward 5,2022-10-13
2022-10-12,38.909437,-77.014089,Ward 5,2022-10-18
2022-10-12,38.908725,-77.028337,Ward 2,2022-10-14
2022-10-12,38.925561,-77.040910,Ward 1,2022-10-13
2022-10-12,38.931230,-77.041986,Ward 1,2022-10-13
2022-10-12,38.931250,-77.034659,Ward 1,2022-10-18
2022-10-12,38.887124,-76.983653,Ward 6,2022-10-13
2022-10-12,38.949452,-77.016919,Ward 4,2022-10-24
2022-10-12,38.953487,-77.084631,Ward 3,2022-10-19
2022-10-12,38.952835,-77.085717,Ward 3,2022-10-19
2022-10-12,38.912862,-77.073867,Ward 2,2022-10-13
2022-10-12,38.911120,-77.016827,Null,2022-11-03
2022-10-12,38.911701,-77.056618,Ward 2,2022-10-19
2022-10-12,38.930067,-77.025413,Ward 1,2022-10-18
2022-10-12,38.936426,-77.096127,Ward 3,2022-10-19
2022-10-12,38.884209,-76.994121,Ward 6,2022-10-17
2022-10-12,38.889514,-76.982756,Ward 6,2022-10-21
2022-10-12,38.924019,-77.026073,Ward 1,2022-10-18
2022-10-12,38.896833,-76.980931,Ward 6,2022-10-21
2022-10-12,38.915223,-77.019453,Null,2022-12-13
2022-10-12,38.920689,-76.965122,Ward 5,2022-10-18
2022-10-12,38.844782,-76.996178,Ward 8,2022-10-27
2022-10-12,38.873444,-76.977953,Ward 8,2022-10-27
2022-10-12,38.924525,-77.029997,Ward 1,2022-10-13
2022-10-12,38.924994,-77.030356,Ward 1,2022-10-20
2022-10-12,38.972145,-77.021617,Ward 4,2022-10-24
2022-10-13,38.887583,-76.928140,Ward 7,2022-10-13
2022-10-13,38.912404,-77.020618,Ward 6,2022-10-21
2022-10-13,38.889791,-76.971895,Ward 7,2022-10-13
2022-10-13,38.845295,-76.998820,Ward 8,2022-10-13
2022-10-13,38.972145,-77.021617,Ward 4,2022-10-24
2022-10-13,38.901474,-76.949898,Ward 7,2022-10-24
2022-10-13,38.933115,-76.974179,Ward 5,2022-10-20
2022-10-13,38.891114,-76.982983,Ward 6,2022-10-14
2022-10-13,38.931846,-77.021444,Ward 1,2022-10-13
2022-10-13,38.881404,-76.928817,Ward 7,2022-10-13
2022-10-13,38.890663,-76.952438,Ward 7,2022-10-24
2022-10-13,38.910226,-77.012705,Ward 5,2022-10-18
2022-10-13,38.899550,-76.989273,Ward 6,2022-10-14
2022-10-13,38.843625,-77.000314,Ward 8,2022-10-26
2022-10-13,38.917576,-77.042255,Ward 1,2022-10-13
2022-10-13,38.872265,-76.979216,Ward 8,2022-10-27
2022-10-13,38.873218,-76.978017,Ward 8,2022-10-27
2022-10-13,38.896247,-76.976960,Ward 7,2022-10-24
2022-10-13,38.843582,-77.000313,Ward 8,2022-10-26
2022-10-13,38.906420,-77.010965,Ward 6,2022-10-24
2022-10-13,38.909458,-77.025803,Ward 2,2022-10-19
2022-10-13,38.913610,-77.019675,Ward 6,2022-10-17
2022-10-13,38.910953,-77.020236,Ward 6,2022-10-24
2022-10-13,38.912809,-77.004415,Ward 5,2022-10-18
2022-10-13,38.912336,-77.005543,Ward 5,2022-10-18
2022-10-13,38.845308,-76.999617,Ward 8,2022-10-17
2022-10-13,38.906245,-76.976955,Ward 5,2022-10-20
2022-10-13,38.827489,-76.996538,Ward 8,2022-10-26
2022-10-13,38.832012,-76.999767,Ward 8,2022-10-27
2022-10-13,38.836005,-77.002596,Ward 8,2022-10-26
2022-10-13,38.845488,-76.984030,Ward 8,2022-10-27
2022-10-13,38.831165,-77.001024,Ward 8,2022-10-27
2022-10-13,38.845295,-76.998820,Ward 8,2022-10-27
2022-10-13,38.934886,-77.020192,Ward 1,2022-10-14
2022-10-13,38.824116,-76.998251,Ward 8,2022-10-27
2022-10-13,38.871646,-76.960280,Ward 7,2022-10-14
2022-10-13,38.849064,-76.965598,Ward 8,2022-10-27
2022-10-13,38.925369,-77.042881,Ward 1,2022-11-03
2022-10-13,38.895125,-76.980763,Ward 6,2022-11-01
2022-10-13,38.882793,-76.991530,Ward 6,2022-10-17
2022-10-13,38.915407,-77.031367,Ward 1,2022-10-18
2022-10-13,38.972126,-77.020119,Ward 4,2022-10-25
2022-10-13,38.902995,-76.935566,Ward 7,2022-10-24
2022-10-13,38.877160,-76.962958,Ward 7,2022-11-03
2022-10-13,38.927428,-77.028928,Ward 1,2022-11-03
2022-10-14,38.899411,-76.979296,Null,2022-10-31
2022-10-14,38.902760,-76.994735,Ward 6,2022-10-14
2022-10-14,38.909842,-77.008510,Ward 5,2022-10-18
2022-10-14,38.876462,-76.939395,Ward 7,2022-10-14
2022-10-14,38.899069,-76.979668,Ward 6,2022-10-21
2022-10-14,38.918286,-77.002983,Ward 5,2022-10-18
2022-10-14,38.901279,-76.927519,Ward 7,2022-10-24
2022-10-14,38.934568,-77.029112,Ward 1,2022-10-18
2022-10-14,38.920161,-76.984487,Ward 5,2022-10-18
2022-10-14,38.903234,-76.992414,Ward 6,2022-10-24
2022-10-14,38.914608,-77.036117,Ward 2,2022-10-25
2022-10-14,38.910520,-77.012701,Ward 5,2022-10-18
2022-10-14,38.905641,-77.005885,Ward 6,2022-10-17
2022-10-14,38.905644,-77.004473,Ward 6,2022-10-20
2022-10-14,38.927017,-77.021634,Ward 1,2022-10-20
2022-10-14,38.902904,-77.026727,Ward 2,2022-10-17
2022-10-14,38.933944,-77.037574,Ward 1,2022-10-17
2022-10-14,38.913118,-77.016767,Ward 5,2022-10-19
2022-10-14,38.913394,-77.016960,Ward 5,2022-10-19
2022-10-14,38.912029,-77.010933,Ward 5,2022-10-19
2022-10-14,38.915387,-77.007462,Ward 5,2022-10-15
2022-10-14,38.832235,-77.004745,Ward 8,2022-10-27
2022-10-14,38.922877,-77.040855,Ward 1,2022-10-20
2022-10-14,38.832154,-76.993401,Ward 8,2022-10-27
2022-10-14,38.834513,-76.995345,Ward 8,2022-10-27
2022-10-14,38.834397,-76.988225,Ward 8,2022-10-26
2022-10-14,38.933327,-77.038597,Ward 1,2022-10-17
2022-10-14,38.883674,-76.931556,Ward 7,2022-10-17
2022-10-14,38.926585,-77.040687,Ward 1,2022-10-17
2022-10-14,38.927172,-76.979507,Ward 5,2022-10-18
2022-10-14,38.893800,-76.980102,Ward 6,2022-11-03
2022-10-14,38.873258,-76.978344,Ward 8,2022-10-27
2022-10-14,38.894605,-76.980962,Ward 6,2022-11-03
2022-10-14,38.914167,-77.015288,Ward 5,2022-10-20
2022-10-14,38.919983,-76.984888,Ward 5,2022-10-20
2022-10-14,38.868650,-76.986597,Ward 8,2022-10-28
2022-10-14,38.867744,-76.986871,Ward 8,2022-10-27
2022-10-14,38.893959,-76.984777,Ward 6,2022-10-24
2022-10-14,38.891765,-76.987236,Ward 6,2022-10-18
2022-10-14,38.868947,-76.980238,Ward 8,2022-10-27
2022-10-15,38.924525,-77.029997,Ward 1,2022-10-17
2022-10-15,38.867582,-76.987024,Ward 8,2022-10-27
2022-10-15,38.899107,-76.995660,Ward 6,2022-10-18
2022-10-15,38.894190,-76.978463,Ward 6,2022-11-03
2022-10-15,38.893821,-76.978351,Ward 6,2022-11-03
2022-10-15,38.921922,-77.039693,Ward 1,2022-10-17
2022-10-15,38.967487,-77.008817,Ward 4,2022-10-24
2022-10-15,38.968367,-77.009280,Ward 4,2022-10-24
2022-10-15,38.912330,-76.986888,Ward 5,2022-10-20
2022-10-15,38.907801,-77.031574,Ward 2,2022-10-17
2022-10-15,38.941679,-77.021889,Ward 4,2022-10-24
2022-10-15,38.906407,-76.986078,Ward 5,2022-10-20
2022-10-15,38.867016,-76.982719,Ward 8,2022-10-27
2022-10-15,38.930922,-77.021863,Ward 1,2022-10-20
2022-10-15,38.908897,-77.004593,Null,2022-11-08
2022-10-15,38.916655,-76.980471,Ward 5,2022-10-20
2022-10-15,38.928526,-77.034409,Ward 1,2022-10-17
2022-10-15,38.901801,-76.930600,Ward 7,2022-10-24
2022-10-15,38.967339,-77.009048,Ward 4,2022-10-24
2022-10-15,38.849914,-76.984893,Ward 8,2022-10-28
2022-10-15,38.882223,-76.984295,Ward 6,2022-10-20
2022-10-15,38.926268,-77.025584,Ward 1,2022-10-20
2022-10-15,38.867615,-76.989036,Ward 8,2022-10-27
2022-10-15,38.869652,-76.977858,Ward 8,2022-10-27
2022-10-15,38.897220,-76.977129,Ward 6,2022-11-08
2022-10-15,38.891078,-76.983360,Ward 7,2022-11-03
2022-10-16,38.923566,-76.953061,Ward 5,2022-10-20
2022-10-16,38.912385,-77.011578,Ward 5,2022-10-20
2022-10-16,38.950620,-77.030131,Ward 4,2022-10-27
2022-10-16,38.905480,-76.980536,Ward 5,2022-10-18
2022-10-16,38.918460,-77.038139,Ward 1,2022-11-23
2022-10-16,38.934405,-77.029435,Ward 1,2022-10-20
2022-10-16,38.900796,-76.941725,Ward 7,2022-10-24
2022-10-16,38.903568,-76.993087,Ward 6,2022-10-24
2022-10-16,38.867114,-76.980541,Ward 8,2022-10-27
2022-10-16,38.933003,-77.025871,Ward 1,2022-11-16
2022-10-16,38.871732,-76.981022,Ward 8,2022-10-27
2022-10-16,38.872519,-76.979225,Ward 8,2022-10-27
2022-10-16,38.873237,-76.978062,Ward 8,2022-10-27
2022-10-16,38.951866,-76.996990,Ward 5,2022-10-20
2022-10-16,38.926971,-77.022266,Ward 1,2022-11-23
2022-10-16,38.966309,-77.023434,Ward 4,2022-11-03
2022-10-16,38.940876,-77.067852,Ward 3,2022-10-17
2022-10-16,38.902923,-76.923131,Ward 7,2022-11-09
2022-10-16,38.918460,-77.038139,Ward 1,2022-10-20
2022-10-16,38.937090,-77.032031,Ward 4,2022-10-25
2022-10-16,38.914667,-77.017305,Ward 1,2022-10-25
2022-10-16,38.936590,-77.035776,Ward 1,2022-10-20
2022-10-16,38.895933,-76.999975,Ward 6,2022-10-24
2022-10-16,38.897780,-76.984743,Ward 6,2022-10-18
2022-10-17,38.901340,-76.930592,Ward 7,2022-11-09
2022-10-17,38.890794,-76.999942,Ward 6,2022-10-24
2022-10-17,38.931846,-77.021444,Ward 1,2022-10-17
2022-10-17,38.892178,-76.975422,Ward 6,2022-10-24
2022-10-17,38.921613,-77.039826,Ward 1,2022-10-17
2022-10-17,38.902390,-76.930133,Ward 7,2022-10-17
2022-10-17,38.884317,-76.977520,Ward 6,2022-10-18
2022-10-17,38.903478,-76.927436,Ward 7,2022-10-24
2022-10-17,38.981747,-77.027208,Ward 4,2022-10-24
2022-10-17,38.830710,-77.009062,Ward 8,2022-10-28
2022-10-17,38.901519,-76.994193,Ward 6,2022-10-18
2022-10-17,38.905650,-76.981056,Ward 5,2022-10-20
2022-10-17,38.937867,-77.096324,Ward 3,2022-10-31
2022-10-17,38.936526,-77.033237,Ward 1,2022-10-20
2022-10-17,38.836315,-77.003783,Ward 8,2022-10-18
2022-10-17,38.845285,-76.999560,Ward 8,2022-10-26
2022-10-17,38.842874,-77.001925,Ward 8,2022-10-27
2022-10-17,38.837789,-77.003042,Ward 8,2022-10-27
2022-10-17,38.934452,-77.027435,Ward 1,2022-10-20
2022-10-17,38.835928,-77.004268,Ward 8,2022-10-26
2022-10-17,38.835928,-77.003838,Ward 8,2022-10-26
2022-10-17,38.837737,-77.005648,Ward 8,2022-10-27
2022-10-17,38.835022,-76.988115,Ward 8,2022-10-26
2022-10-17,38.907464,-77.025537,Ward 2,2022-10-20
2022-10-17,38.876558,-76.967647,Ward 7,2022-11-10
2022-10-17,38.927762,-77.104942,Ward 3,2022-10-21
2022-10-17,38.940717,-77.061978,Ward 3,2022-10-20
2022-10-17,38.958192,-77.069720,Ward 3,2022-10-21
2022-10-17,38.892243,-76.980027,Ward 6,2022-11-03
2022-10-17,38.931961,-77.022226,Ward 1,2022-10-18
2022-10-17,38.902838,-76.928522,Ward 7,2022-11-09
2022-10-17,38.956263,-77.018895,Ward 4,2022-10-19
2022-10-17,38.884425,-76.960613,Ward 7,2022-10-19
2022-10-17,38.897504,-76.992185,Ward 6,2022-10-18
2022-10-17,38.959421,-76.997569,Ward 4,2022-10-24
2022-10-17,38.918460,-77.038139,Ward 1,2022-10-20
2022-10-17,38.933247,-77.026922,Ward 1,2022-10-20
2022-10-17,38.927397,-77.029040,Ward 1,2022-11-03
2022-10-17,38.907526,-76.983903,Ward 5,2022-10-19
2022-10-17,38.931234,-77.019216,Ward 1,2022-10-24
2022-10-17,38.972544,-77.026487,Ward 4,2022-10-18
2022-10-17,38.882837,-76.981493,Ward 6,2022-10-19
2022-10-17,38.883016,-76.981994,Ward 6,2022-10-19
2022-10-17,38.910528,-77.040073,Ward 2,2022-10-21
2022-10-17,38.940053,-77.020650,Ward 4,2022-10-20
2022-10-17,38.905645,-77.018932,Ward 6,2022-10-18
2022-10-17,38.937428,-77.026756,Ward 4,2022-10-20
2022-10-17,38.954703,-77.080305,Ward 3,2022-10-20
2022-10-17,38.899341,-76.974948,Ward 5,2022-10-21
2022-10-17,38.867354,-76.984900,Ward 8,2022-10-27
2022-10-18,38.913063,-77.026234,Ward 6,2022-10-24
2022-10-18,38.894945,-76.980997,Ward 6,2022-10-24
2022-10-18,38.894605,-76.980962,Ward 6,2022-11-03
2022-10-18,38.883475,-76.958599,Ward 7,2022-11-09
2022-10-18,38.924016,-77.035559,Ward 1,2022-10-20
2022-10-18,38.902828,-76.929758,Ward 7,2022-11-09
2022-10-18,38.902828,-76.929758,Ward 7,2022-10-19
2022-10-18,38.958236,-77.023533,Ward 4,2022-10-21
2022-10-18,38.890892,-76.988995,Ward 6,2022-11-02
2022-10-18,38.931261,-77.033425,Ward 1,2022-10-21
2022-10-18,38.934571,-77.029727,Ward 1,2022-10-20
2022-10-18,38.918091,-77.005337,Ward 5,2022-10-20
2022-10-18,38.918306,-76.998812,Ward 5,2022-10-19
2022-10-18,38.912467,-77.034818,Ward 2,2022-10-20
2022-10-18,38.934569,-77.027200,Ward 1,2022-10-20
2022-10-18,38.914758,-77.068256,Ward 2,2022-10-19
2022-10-18,38.920785,-77.040252,Ward 1,2022-10-20
2022-10-18,38.898762,-76.983893,Ward 6,2022-10-24
2022-10-18,38.833201,-77.004424,Ward 8,2022-10-27
2022-10-18,38.925774,-76.997700,Ward 5,2022-10-20
2022-10-18,38.918523,-77.038473,Ward 1,2022-10-20
2022-10-18,38.953448,-76.987135,Ward 5,2022-10-20
2022-10-18,38.830052,-76.993493,Ward 8,2022-10-26
2022-10-18,38.905946,-76.980410,Ward 5,2022-10-20
2022-10-18,38.907699,-77.027874,Ward 2,2022-10-20
2022-10-18,38.903563,-77.050613,Ward 2,2022-10-20
2022-10-18,38.920499,-77.029677,Ward 1,2022-10-19
2022-10-18,38.867802,-76.980503,Ward 8,2022-10-19
2022-10-18,38.873237,-76.978062,Ward 8,2022-10-19
2022-10-18,38.903295,-76.993118,Ward 6,2022-10-25
2022-10-18,38.919715,-77.080031,Ward 3,2022-10-31
2022-10-18,38.893299,-77.020501,Ward 2,2022-10-19
2022-10-18,38.907667,-76.986507,Ward 5,2022-10-20
2022-10-18,38.883016,-76.981994,Ward 6,2022-10-19
2022-10-18,38.960033,-77.032826,Ward 4,2022-10-24
2022-10-18,38.960033,-77.032826,Ward 4,2022-10-24
2022-10-18,38.869669,-76.968743,Ward 7,2022-10-19
2022-10-18,38.958139,-77.026801,Ward 4,2022-11-03
2022-10-18,38.952838,-77.023214,Ward 4,2022-10-25
2022-10-18,38.906296,-76.987450,Ward 5,2022-10-20
2022-10-18,38.893732,-76.984908,Ward 6,2022-10-24
2022-10-18,38.955894,-77.022054,Ward 4,2022-11-16
2022-10-18,38.894945,-76.980997,Ward 6,2022-10-24
2022-10-18,38.885256,-77.002591,Ward 6,2022-10-31
2022-10-18,38.885256,-77.002591,Ward 6,2022-10-31
2022-10-18,38.878429,-76.940899,Ward 7,2022-11-09
2022-10-18,38.916029,-77.026269,Ward 1,2022-10-24
2022-10-18,38.895297,-76.985249,Ward 6,2022-10-24
2022-10-18,38.832404,-77.008723,Ward 8,2022-10-27
2022-10-18,38.916988,-77.003163,Ward 5,2022-10-20
2022-10-18,38.827489,-76.996538,Ward 8,2022-10-26
2022-10-18,38.856140,-76.995031,Ward 8,2022-10-26
2022-10-18,38.927638,-77.026988,Ward 1,2022-10-19
2022-10-18,38.896750,-76.974642,Ward 7,2022-11-09
2022-10-18,38.901542,-76.930760,Ward 7,2022-11-09
2022-10-18,38.901692,-76.932895,Ward 7,2022-11-09
2022-10-19,38.959507,-77.031255,Ward 4,2022-10-27
2022-10-19,38.913169,-77.038225,Ward 2,2022-10-25
2022-10-19,38.920161,-76.984487,Ward 5,2022-10-20
2022-10-19,38.906996,-77.032373,Ward 2,2022-10-21
2022-10-19,38.895972,-77.000762,Ward 6,2022-10-21
2022-10-19,38.957890,-77.010104,Ward 4,2022-10-24
2022-10-19,38.920442,-77.029193,Ward 1,2022-10-20
2022-10-19,38.930386,-76.968330,Ward 5,2022-10-21
2022-10-19,38.880976,-76.999011,Ward 6,2022-10-20
2022-10-19,38.888714,-76.991303,Ward 6,2022-10-24
2022-10-19,38.924525,-77.029997,Ward 1,2022-10-20
2022-10-19,38.967339,-77.009048,Ward 4,2022-10-24
2022-10-19,38.968217,-77.009047,Ward 4,2022-10-24
2022-10-19,38.907086,-77.046139,Ward 2,2022-12-11
2022-10-19,38.956796,-77.027492,Ward 4,2022-11-03
2022-10-19,38.933038,-76.966069,Ward 5,2022-10-24
2022-10-19,38.930356,-77.034605,Ward 1,2022-10-20
2022-10-19,38.932561,-76.963781,Ward 5,2022-10-21
2022-10-19,38.933930,-76.962167,Ward 5,2022-10-21
2022-10-19,38.842027,-77.000325,Ward 8,2022-10-27
2022-10-19,38.894945,-76.980997,Ward 6,2022-10-24
2022-10-19,38.913308,-77.018170,Ward 6,2022-10-25
2022-10-19,38.863911,-76.987192,Ward 8,2022-10-26
2022-10-19,38.919130,-77.034609,Ward 1,2022-10-24
2022-10-19,38.930231,-77.032749,Ward 1,2022-10-24
2022-10-19,38.894605,-76.980962,Ward 6,2022-10-21
2022-10-19,38.900607,-77.000823,Ward 6,2022-10-24
2022-10-19,38.882487,-76.983899,Ward 6,2022-10-24
2022-10-19,38.824558,-77.010827,Ward 8,2022-10-21
2022-10-19,38.847593,-76.982478,Ward 8,2022-10-27
2022-10-19,38.948446,-77.027585,Ward 4,2022-10-27
2022-10-19,38.951756,-77.010244,Ward 4,2022-11-03
2022-10-19,38.950069,-77.027472,Ward 4,2022-11-03
2022-10-19,38.834589,-76.987734,Ward 8,2022-10-26
2022-10-19,38.882487,-76.983899,Ward 6,2022-10-24
2022-10-19,38.876706,-76.931653,Ward 7,2022-11-16
2022-10-19,38.922641,-77.027685,Ward 1,2022-10-20
2022-10-19,38.895611,-76.998222,Ward 6,2022-10-21
2022-10-19,38.918434,-77.038253,Ward 1,2022-10-31
2022-10-19,38.912043,-77.005662,Ward 5,2022-10-20
2022-10-19,38.902264,-76.995163,Ward 6,2022-10-20
2022-10-19,38.885923,-76.981631,Ward 6,2022-10-25
2022-10-19,38.901894,-76.943928,Ward 7,2022-10-24
2022-10-20,38.875967,-76.968278,Ward 7,2022-11-16
2022-10-20,38.931584,-77.018764,Ward 1,2022-10-20
2022-10-20,38.867744,-76.986871,Ward 8,2022-10-27
2022-10-20,38.869011,-76.986376,Ward 8,2022-10-27
2022-10-20,38.873551,-76.977297,Ward 8,2022-10-20
2022-10-20,38.944534,-77.026581,Ward 4,2022-10-25
2022-10-20,38.901801,-76.930600,Ward 7,2022-10-24
2022-10-20,38.918529,-77.037904,Ward 1,2022-10-24
2022-10-20,38.903451,-76.934729,Ward 7,2022-11-09
2022-10-20,38.893734,-76.985699,Ward 6,2022-10-25
2022-10-20,38.908935,-76.937555,Ward 7,2022-11-09
2022-10-20,38.910882,-76.933529,Ward 7,2022-10-24
2022-10-20,38.893299,-77.020501,Ward 2,2022-10-24
2022-10-20,38.902183,-77.005586,Ward 6,2022-10-24
2022-10-20,38.913251,-76.988208,Ward 5,2022-11-11
2022-10-20,38.859562,-76.968191,Null,2022-10-25
2022-10-20,38.885083,-76.923748,Ward 7,2022-10-25
2022-10-20,38.933738,-77.034208,Ward 1,2022-10-24
2022-10-20,38.912443,-77.019276,Ward 6,2022-11-03
2022-10-20,38.895398,-76.936572,Ward 7,2022-11-09
2022-10-20,38.930768,-77.041774,Ward 1,2022-10-24
2022-10-20,38.893134,-76.917032,Ward 7,2022-11-09
2022-10-20,38.960774,-77.075919,Ward 3,2022-10-21
2022-10-20,38.901546,-77.044419,Ward 2,2022-10-24
2022-10-20,38.841812,-77.004779,Ward 8,2022-10-21
2022-10-20,38.885037,-76.960455,Ward 7,2022-10-25
2022-10-20,38.907463,-77.009464,Ward 5,2022-11-03
2022-10-20,38.921461,-76.975805,Ward 5,2022-10-25
2022-10-20,38.934887,-77.029502,Ward 1,2022-10-24
2022-10-20,38.933352,-77.025095,Ward 1,2022-11-27
2022-10-20,38.927651,-77.024157,Ward 1,2022-10-21
2022-10-20,38.847486,-76.982490,Ward 8,2022-10-27
2022-10-20,38.876228,-77.011641,Ward 6,2022-10-21
2022-10-20,38.917093,-77.002418,Ward 5,2022-10-24
2022-10-20,38.920616,-77.002279,Ward 5,2022-10-25
2022-10-20,38.924228,-77.041018,Ward 1,2022-10-21
2022-10-20,38.859212,-76.965249,Ward 7,2022-10-25
2022-10-20,38.900763,-76.990242,Ward 6,2022-10-25
2022-10-20,38.894409,-76.996430,Ward 6,2022-10-24
2022-10-20,38.895028,-76.942047,Ward 7,2022-11-09
2022-10-20,38.890509,-77.001796,Ward 6,2022-10-21
2022-10-20,38.918274,-77.002454,Ward 5,2022-10-24
2022-10-20,38.913169,-77.038225,Ward 2,2022-10-25
2022-10-20,38.927638,-77.026988,Ward 1,2022-10-24
2022-10-20,38.873957,-76.974187,Ward 7,2022-10-25
2022-10-20,38.876480,-77.000581,Ward 6,2022-10-24
2022-10-20,38.914437,-77.023194,Ward 1,2022-10-24
2022-10-21,38.919752,-77.013360,Ward 5,2022-10-25
2022-10-21,38.937321,-77.033002,Ward 4,2022-11-03
2022-10-21,38.855808,-76.993013,Ward 8,2022-11-01
2022-10-21,38.855720,-76.992101,Ward 8,2022-11-01
2022-10-21,38.855750,-76.992490,Ward 8,2022-10-26
2022-10-21,38.909819,-77.007780,Ward 5,2022-10-25
2022-10-21,38.897161,-76.993497,Ward 6,2022-10-25
2022-10-21,38.964131,-77.008752,Ward 4,2022-11-03
2022-10-21,38.941515,-76.980268,Ward 5,2022-10-25
2022-10-21,38.909082,-77.065902,Ward 2,2022-10-24
2022-10-21,38.916029,-77.024600,Ward 1,2022-10-25
2022-10-21,38.913914,-77.031245,Ward 2,2022-12-11
2022-10-21,38.895220,-76.919381,Ward 7,2022-11-09
2022-10-21,38.916854,-77.034966,Ward 2,2022-10-31
2022-10-21,38.927651,-77.024157,Ward 1,2022-10-24
2022-10-21,38.939042,-76.995435,Ward 5,2022-10-25
2022-10-21,38.904183,-76.932922,Ward 7,2022-11-09
2022-10-21,38.895003,-77.031353,Ward 2,2022-10-25
2022-10-21,38.895003,-77.031353,Ward 2,2022-10-24
2022-10-21,38.876795,-77.001298,Ward 6,2022-10-24
2022-10-21,38.953649,-77.022180,Ward 4,2022-10-25
2022-10-21,38.903912,-76.992297,Ward 5,2022-10-25
2022-10-21,38.941056,-76.989522,Ward 5,2022-10-25
2022-10-21,38.867744,-76.986871,Ward 8,2022-10-27
2022-10-21,38.927651,-77.024157,Ward 1,2022-10-24
2022-10-21,38.969027,-77.013887,Ward 4,2022-11-03
2022-10-21,38.915367,-77.009817,Ward 5,2022-10-25
2022-10-21,38.915422,-77.011843,Ward 5,2022-10-25
2022-10-21,38.886807,-76.988055,Ward 6,2022-11-03
2022-10-21,38.830909,-76.992750,Ward 8,2022-10-24
2022-10-21,38.933044,-76.963742,Ward 5,2022-10-25
2022-10-21,38.900042,-76.984554,Ward 6,2022-10-25
2022-10-21,38.900699,-76.976449,Ward 5,2022-11-03
2022-10-21,38.855203,-76.989731,Ward 8,2022-10-26
2022-10-21,38.887604,-76.973297,Ward 7,2022-10-24
2022-10-21,38.897001,-76.999272,Ward 6,2022-11-03
2022-10-21,38.938296,-77.023427,Ward 4,2022-11-01
2022-10-21,38.908840,-77.015419,Ward 5,2022-10-24
2022-10-21,38.934887,-77.029502,Ward 1,2022-10-25
2022-10-22,38.905801,-76.978799,Ward 5,2022-10-28
2022-10-22,38.934053,-77.030608,Ward 1,2022-10-31
2022-10-22,38.871732,-76.981022,Ward 8,2022-10-27
2022-10-22,38.955394,-77.025311,Ward 4,2022-10-25
2022-10-22,38.912812,-77.002282,Ward 5,2022-10-25
2022-10-22,38.923919,-77.078283,Ward 3,2022-10-31
2022-10-22,38.912029,-77.011109,Ward 5,2022-10-25
2022-10-22,38.932858,-76.995159,Ward 5,2022-10-25
2022-10-22,38.903296,-76.992433,Ward 6,2022-10-25
2022-10-22,38.900664,-76.991294,Ward 6,2022-11-03
2022-10-22,38.913189,-77.041102,Ward 2,2022-10-25
2022-10-22,38.930356,-77.034605,Ward 1,2022-10-31
2022-10-22,38.953716,-77.011041,Ward 4,2022-10-28
2022-10-22,38.941579,-77.027150,Ward 4,2022-10-26
2022-10-22,38.943494,-77.033004,Ward 4,2022-10-24
2022-10-22,38.875298,-76.966572,Ward 7,2022-10-25
2022-10-22,38.871370,-76.971542,Ward 8,2022-10-26
2022-10-22,38.912948,-77.002290,Ward 5,2022-10-25
2022-10-22,38.900849,-76.991296,Ward 6,2022-11-03
2022-10-23,38.924657,-77.026833,Ward 1,2022-10-31
2022-10-23,38.868650,-76.986597,Ward 8,2022-10-27
2022-10-23,38.961486,-76.999572,Ward 4,2022-11-03
2022-10-23,38.935456,-77.023591,Ward 1,2022-10-25
2022-10-23,38.915164,-77.018852,Ward 1,2022-10-25
2022-10-23,38.925369,-77.042881,Ward 1,2022-10-31
2022-10-23,38.910549,-77.010883,Ward 5,2022-10-25
2022-10-23,38.925319,-77.035424,Ward 1,2022-10-31
2022-10-23,38.934738,-77.034331,Ward 1,2022-10-31
2022-10-23,38.858213,-76.985414,Ward 8,2022-10-26
2022-10-23,38.894502,-76.988076,Ward 6,2022-10-25
2022-10-23,38.957273,-76.994186,Null,2022-10-27
2022-10-23,38.905091,-76.996376,Ward 6,2022-11-03
2022-10-23,38.902599,-76.970667,Ward 5,2022-11-01
2022-10-23,38.905415,-76.975354,Ward 5,2022-10-28
2022-10-23,38.903871,-76.995202,Ward 6,2022-11-08
2022-10-23,38.891617,-76.990566,Ward 6,2022-10-25
2022-10-23,38.845535,-77.000392,Ward 8,2022-10-26
2022-10-23,38.903566,-76.995525,Ward 6,2022-11-03
2022-10-23,38.894736,-76.947625,Ward 7,2022-11-09
2022-10-24,38.862305,-76.992768,Ward 8,2022-11-16
2022-10-24,38.940502,-77.066041,Ward 3,2022-10-31
2022-10-24,38.825377,-77.008429,Ward 8,2022-10-26
2022-10-24,38.934964,-77.029488,Ward 1,2022-10-25
2022-10-24,38.917200,-77.000299,Ward 5,2022-11-04
2022-10-24,38.927666,-77.034882,Ward 1,2022-10-31
2022-10-24,38.896260,-76.972470,Ward 7,2022-11-09
2022-10-24,38.900001,-76.977975,Ward 5,2022-11-04
2022-10-24,38.922050,-77.041045,Ward 1,2022-10-31
2022-10-24,38.924851,-77.023442,Ward 1,2022-10-31
2022-10-24,38.925291,-77.023558,Ward 1,2022-10-31
2022-10-24,38.917984,-77.034823,Ward 1,2022-10-31
2022-10-24,38.938489,-77.032041,Ward 4,2022-11-03
2022-10-24,38.931264,-77.039315,Ward 1,2022-10-31
2022-10-24,38.932360,-77.021949,Ward 1,2022-10-25
2022-10-24,38.904972,-76.982768,Ward 5,2022-10-25
2022-10-24,38.942202,-77.022225,Ward 4,2022-10-27
2022-10-24,38.876608,-76.961916,Ward 7,2022-10-25
2022-10-24,38.901568,-76.985702,Ward 5,2022-10-25
2022-10-24,38.896016,-76.913415,Ward 7,2022-11-09
2022-10-24,38.890756,-76.960929,Ward 7,2022-11-09
2022-10-24,38.851838,-76.974836,Ward 8,2022-11-01
2022-10-24,38.833201,-77.004424,Ward 8,2022-10-25
2022-10-24,38.933848,-77.030568,Ward 1,2022-10-31
2022-10-24,38.925946,-77.023425,Ward 1,2022-11-01
2022-10-24,38.854737,-76.979395,Ward 8,2022-10-25
2022-10-24,38.904935,-77.019150,Ward 2,2022-11-03
2022-10-24,38.929974,-77.020664,Ward 1,2022-11-01
2022-10-24,38.901809,-76.995937,Ward 6,2022-11-03
2022-10-24,38.834242,-77.005614,Ward 8,2022-11-01
2022-10-24,38.921613,-77.039826,Ward 1,2022-10-26
2022-10-24,38.931398,-77.019978,Ward 1,2022-11-01
2022-10-24,38.893299,-76.979869,Ward 6,2022-11-04
2022-10-24,38.888240,-76.933410,Ward 7,2022-11-09
2022-10-24,38.903316,-76.999768,Ward 6,2022-10-27
2022-10-24,38.945564,-77.026779,Ward 4,2022-11-03
2022-10-24,38.956214,-77.021830,Ward 4,2022-11-16
2022-10-24,38.908802,-77.028378,Ward 2,2022-10-31
2022-10-24,38.904712,-76.981255,Ward 5,2022-11-11
2022-10-24,38.927487,-77.025782,Ward 1,2022-10-25
2022-10-24,38.918295,-77.002213,Ward 5,2022-11-03
2022-10-24,38.902316,-76.930473,Ward 7,2022-11-09
2022-10-24,38.902275,-77.010801,Ward 6,2022-11-08
2022-10-24,38.907582,-76.986289,Ward 5,2022-11-08
2022-10-25,38.909122,-77.014893,Ward 5,2022-11-03
2022-10-25,38.915385,-77.007596,Ward 5,2022-10-25
2022-10-25,38.921895,-77.008712,Ward 5,2022-11-03
2022-10-25,38.904302,-76.992327,Ward 5,2022-11-08
2022-10-25,38.878739,-76.965363,Ward 7,2022-11-10
2022-10-25,38.878739,-76.965363,Ward 7,2022-11-10
2022-10-25,38.930710,-77.025419,Ward 1,2022-10-26
2022-10-25,38.857103,-76.961221,Ward 7,2022-10-26
2022-10-25,38.906016,-77.005492,Ward 6,2022-11-03
2022-10-25,38.894615,-76.987202,Ward 6,2022-11-03
2022-10-25,38.898458,-76.984376,Ward 6,2022-11-03
2022-10-25,38.893749,-77.021230,Ward 2,2022-10-26
2022-10-25,38.854414,-76.983024,Ward 8,2022-10-28
2022-10-25,38.925824,-77.024112,Ward 1,2022-11-01
2022-10-25,38.902783,-77.008703,Ward 6,2022-11-03
2022-10-25,38.934231,-77.020369,Ward 1,2022-10-26
2022-10-25,38.834011,-77.008661,Ward 8,2022-10-26
2022-10-25,38.871708,-77.005857,Ward 6,2022-10-26
2022-10-25,38.902834,-76.929587,Ward 7,2022-11-08
2022-10-25,38.931214,-77.019521,Ward 1,2022-11-01
2022-10-25,38.892884,-76.983435,Ward 7,2022-10-26
2022-10-25,38.921918,-77.043055,Ward 1,2022-11-01
2022-10-25,38.921968,-77.042115,Ward 1,2022-10-26
2022-10-25,38.907935,-77.066511,Ward 2,2022-10-27
2022-10-25,38.904181,-76.994702,Ward 6,2022-11-03
2022-10-25,38.894780,-76.980762,Ward 6,2022-10-26
2022-10-25,38.930266,-77.017428,Ward 5,2022-11-04
2022-10-25,38.847971,-77.001614,Ward 8,2022-10-28
2022-10-25,38.842239,-76.987940,Ward 8,2022-10-28
2022-10-25,38.841247,-76.990211,Ward 8,2022-11-16
2022-10-25,38.830299,-76.994807,Ward 8,2022-11-16
2022-10-25,38.831814,-76.993295,Ward 8,2022-11-16
2022-10-25,38.952838,-77.023214,Ward 4,2022-11-03
2022-10-25,38.913863,-77.018254,Ward 6,2022-10-26
2022-10-25,38.894502,-76.988076,Ward 6,2022-10-27
2022-10-25,38.949895,-77.081425,Ward 3,2022-10-31
2022-10-25,38.899913,-76.984732,Ward 6,2022-11-03
2022-10-25,38.905437,-76.973945,Ward 5,2022-11-03
2022-10-25,38.968217,-77.009047,Ward 4,2022-11-03
2022-10-25,38.828939,-76.997830,Ward 8,2022-10-28
2022-10-25,38.943546,-77.021911,Ward 4,2022-10-28
2022-10-25,38.907048,-77.047044,Ward 2,2022-10-31
2022-10-25,38.957631,-77.026326,Ward 4,2022-11-03
2022-10-25,38.960809,-77.065943,Ward 4,2022-10-26
2022-10-25,38.900870,-77.021911,Ward 2,2022-10-27
2022-10-25,38.898614,-76.974824,Null,2022-12-11
2022-10-25,38.927026,-76.971142,Ward 5,2022-11-04
2022-10-25,38.913927,-77.031174,Ward 2,2022-10-31
2022-10-25,38.956685,-77.027727,Ward 4,2022-11-03
2022-10-25,38.916553,-77.004910,Ward 5,2022-11-04
2022-10-25,38.913205,-77.003235,Ward 5,2022-11-04
2022-10-25,38.909231,-76.984016,Ward 5,2022-11-16
2022-10-25,38.919829,-77.071571,Ward 3,2022-10-26
2022-10-25,38.891116,-76.934652,Ward 7,2022-11-08
2022-10-25,38.886033,-76.998454,Ward 6,2022-10-27
2022-10-26,38.855398,-76.981754,Ward 8,2022-11-03
2022-10-26,38.949935,-77.027462,Ward 4,2022-11-03
2022-10-26,38.913251,-76.988208,Ward 5,2022-11-11
2022-10-26,38.913002,-77.015462,Ward 5,2022-11-04
2022-10-26,38.921730,-77.032943,Ward 1,2022-10-26
2022-10-26,38.902029,-76.929771,Ward 7,2022-11-08
2022-10-26,38.954240,-77.027426,Ward 4,2022-10-28
2022-10-26,38.890133,-76.935093,Ward 7,2022-11-08
2022-10-26,38.969336,-77.020942,Ward 4,2022-11-16
2022-10-26,38.923833,-77.023977,Ward 1,2022-11-03
2022-10-26,38.922192,-76.974356,Ward 5,2022-11-04
2022-10-26,38.915411,-77.012389,Ward 5,2022-11-03
2022-10-26,38.887961,-77.000352,Ward 6,2022-10-27
2022-10-26,38.886741,-76.988083,Ward 6,2022-11-03
2022-10-26,38.927757,-77.025332,Ward 1,2022-11-03
2022-10-26,38.951364,-77.009766,Ward 4,2022-10-28
2022-10-26,38.899069,-76.979668,Ward 6,2022-11-03
2022-10-26,38.905412,-76.974663,Ward 5,2022-10-28
2022-10-26,38.905397,-76.978777,Ward 5,2022-10-28
2022-10-26,38.938597,-76.995252,Ward 5,2022-11-03
2022-10-26,38.937994,-77.060387,Ward 3,2022-10-31
2022-10-26,38.919352,-77.029098,Ward 1,2022-11-01
2022-10-26,38.834011,-77.008661,Ward 8,2022-11-26
2022-10-26,38.895635,-76.982338,Ward 6,2022-11-03
2022-10-26,38.844517,-77.000158,Ward 8,2022-11-03
2022-10-26,38.952586,-77.018309,Ward 4,2022-11-27
2022-10-26,38.899508,-76.937388,Ward 7,2022-11-08
2022-10-26,38.908039,-77.010019,Ward 5,2022-11-04
2022-10-26,38.890936,-76.998450,Ward 6,2022-11-03
2022-10-26,38.868586,-76.978786,Ward 8,2022-10-27
2022-10-26,38.943224,-77.026129,Ward 4,2022-11-01
2022-10-26,38.930932,-77.027529,Ward 1,2022-10-27
2022-10-26,38.922192,-76.974356,Ward 5,2022-11-04
2022-10-26,38.891388,-76.987136,Ward 6,2022-11-03
2022-10-26,38.949713,-77.020977,Ward 4,2022-11-03
2022-10-26,38.912812,-77.015392,Ward 5,2022-11-03
2022-10-26,38.925159,-77.007377,Ward 5,2022-10-28
2022-10-26,38.895377,-76.939440,Ward 7,2022-11-08
2022-10-26,38.929496,-77.026639,Ward 1,2022-10-27
2022-10-26,38.916079,-77.006853,Ward 5,2022-11-03
2022-10-26,38.912609,-77.034550,Ward 2,2022-10-27
2022-10-26,38.944422,-76.997655,Ward 5,2022-11-04
2022-10-26,38.876317,-76.966124,Ward 7,2022-10-27
2022-10-26,38.903758,-76.984696,Ward 5,2022-11-11
2022-10-27,38.931398,-77.019978,Ward 1,2022-10-27
2022-10-27,38.939535,-77.032149,Ward 4,2022-11-07
2022-10-27,38.891338,-76.985086,Ward 6,2022-11-08
2022-10-27,38.895596,-76.922110,Ward 7,2022-11-08
2022-10-27,38.959356,-77.025056,Ward 4,2022-10-27
2022-10-27,38.902390,-76.930133,Ward 7,2022-11-08
2022-10-27,38.943112,-77.026125,Ward 4,2022-11-02
2022-10-27,38.893279,-76.988074,Ward 6,2022-10-28
2022-10-27,38.954981,-77.081696,Ward 3,2022-11-01
2022-10-27,38.923990,-77.030197,Ward 1,2022-10-30
2022-10-27,38.901479,-76.931209,Ward 7,2022-11-07
2022-10-27,38.903445,-76.970233,Ward 5,2022-11-08
2022-10-27,38.872876,-76.948680,Ward 7,2022-11-09
2022-10-27,38.949452,-77.016919,Ward 4,2022-11-01
2022-10-27,38.965478,-77.024467,Ward 4,2022-11-27
2022-10-27,38.917285,-77.000323,Ward 5,2022-10-28
2022-10-27,38.908887,-77.011417,Ward 5,2022-10-28
2022-10-27,38.966134,-77.025966,Ward 4,2022-11-03
2022-10-27,38.929019,-77.077052,Ward 3,2022-10-31
2022-10-27,38.926667,-77.009044,Ward 5,2022-10-28
2022-10-27,38.902243,-77.018411,Ward 6,2022-11-16
2022-10-27,38.885923,-76.981631,Ward 6,2022-10-31
2022-10-27,38.902925,-76.929915,Ward 7,2022-11-08
2022-10-27,38.907745,-76.938906,Ward 7,2022-11-07
2022-10-27,38.935172,-77.022934,Ward 1,2022-11-01
2022-10-27,38.908763,-77.027905,Ward 2,2022-10-28
2022-10-27,38.919716,-77.032778,Ward 1,2022-10-28
2022-10-27,38.959358,-77.024993,Ward 4,2022-11-03
2022-10-27,38.956100,-77.070803,Ward 3,2022-11-03
2022-10-27,38.950620,-77.030306,Ward 4,2022-11-27
2022-10-27,38.963291,-77.068543,Ward 3,2022-11-03
2022-10-27,38.846071,-77.002443,Ward 8,2022-11-03
2022-10-27,38.843489,-76.996943,Ward 8,2022-11-03
2022-10-27,38.901801,-76.930600,Ward 7,2022-11-07
2022-10-27,38.902482,-76.990242,Ward 6,2022-10-28
2022-10-27,38.907240,-77.031951,Ward 2,2022-10-28
2022-10-27,38.968028,-77.008816,Ward 4,2022-11-04
2022-10-28,38.878890,-76.986073,Ward 6,2022-11-03
2022-10-28,38.896954,-76.938852,Ward 7,2022-10-31
2022-10-28,38.879399,-76.933506,Ward 7,2022-11-08
2022-10-28,38.920897,-77.030110,Ward 1,2022-11-01
2022-10-28,38.905396,-76.971953,Ward 5,2022-10-28
2022-10-28,38.895466,-76.982211,Ward 6,2022-11-04
2022-10-28,38.855838,-76.995070,Ward 8,2022-11-03
2022-10-28,38.920013,-76.969009,Ward 5,2022-11-04
2022-10-28,38.889799,-76.977257,Null,2022-11-08
2022-10-28,38.899853,-76.984793,Ward 6,2022-11-03
2022-10-28,38.933258,-77.040177,Ward 1,2022-11-01
2022-10-28,38.918619,-77.002283,Ward 5,2022-11-04
2022-10-28,38.843139,-77.003448,Ward 8,2022-11-03
2022-10-28,38.917955,-77.039985,Ward 1,2022-11-01
2022-10-28,38.902242,-76.990471,Ward 6,2022-11-04
2022-10-28,38.935444,-77.023667,Ward 1,2022-11-03
2022-10-28,38.905091,-76.996376,Ward 6,2022-11-04
2022-10-28,38.911129,-77.031952,Ward 2,2022-10-31
2022-10-28,38.921613,-77.039826,Ward 1,2022-10-31
2022-10-28,38.869286,-76.962224,Ward 7,2022-10-31
2022-10-28,38.900344,-76.928525,Ward 7,2022-11-07
2022-10-28,38.893746,-76.987990,Ward 6,2022-10-31
2022-10-28,38.911501,-77.048790,Ward 2,2022-11-01
2022-10-28,38.954560,-77.018311,Ward 4,2022-11-17
2022-10-28,38.914645,-77.011108,Ward 5,2022-10-31
2022-10-28,38.905396,-76.971953,Ward 5,2022-11-14
2022-10-28,38.899236,-76.924391,Ward 7,2022-10-31
2022-10-28,38.920925,-77.031084,Ward 1,2022-10-31
2022-10-28,38.917700,-76.973439,Ward 5,2022-11-02
2022-10-28,38.842941,-77.003832,Ward 8,2022-11-03
2022-10-28,38.875096,-76.966103,Ward 7,2022-10-31
2022-10-28,38.908730,-77.046977,Ward 2,2022-11-01
2022-10-28,38.896115,-76.985508,Ward 6,2022-10-31
2022-10-28,38.847806,-76.999222,Ward 8,2022-11-03
2022-10-28,38.959358,-77.024993,Ward 4,2022-11-01
2022-10-28,38.864446,-76.983931,Ward 8,2022-11-03
2022-10-28,38.846628,-76.983699,Ward 8,2022-11-26
2022-10-28,38.905623,-76.974771,Ward 5,2022-10-31
2022-10-29,38.933594,-77.022196,Ward 1,2022-11-03
2022-10-29,38.897857,-76.980308,Ward 6,2022-11-04
2022-10-29,38.918286,-77.002688,Ward 5,2022-10-31
2022-10-29,38.917230,-77.042072,Ward 1,2022-10-31
2022-10-29,38.925020,-77.029944,Ward 1,2022-10-31
2022-10-29,38.936915,-77.025120,Ward 4,2022-11-27
2022-10-29,38.952539,-77.085972,Ward 3,2022-11-03
2022-10-29,38.866471,-76.989840,Ward 8,2022-10-31
2022-10-29,38.867097,-76.985699,Ward 8,2022-11-03
2022-10-29,38.927904,-77.027057,Ward 1,2022-10-31
2022-10-29,38.897694,-76.969492,Null,2022-12-11
2022-10-29,38.950119,-76.989837,Ward 5,2022-10-31
2022-10-30,38.848070,-76.999233,Ward 8,2022-11-03
2022-10-30,38.873599,-76.975282,Ward 8,2022-11-03
2022-10-30,38.929986,-77.025846,Ward 1,2022-11-01
2022-10-30,38.910263,-76.985635,Ward 5,2022-11-04
2022-10-30,38.902796,-76.998602,Ward 6,2022-11-04
2022-10-30,38.928870,-77.021364,Ward 1,2022-11-03
2022-10-30,38.917192,-77.042836,Ward 1,2022-10-31
2022-10-30,38.953009,-77.079795,Ward 3,2022-11-01
2022-10-30,38.938143,-76.976482,Ward 5,2022-11-03
2022-10-30,38.902513,-76.929478,Ward 7,2022-11-01
2022-10-30,38.897500,-76.981117,Ward 6,2022-11-04
2022-10-30,38.897594,-76.981491,Ward 6,2022-11-04
2022-10-30,38.951551,-77.009227,Ward 4,2022-11-16
2022-10-30,38.927651,-77.024157,Ward 1,2022-11-01
2022-10-30,38.959610,-77.012396,Ward 4,2022-11-04
2022-10-30,38.939519,-77.030401,Ward 4,2022-11-07
2022-10-30,38.878892,-76.986275,Ward 6,2022-11-04
2022-10-30,38.833201,-77.004424,Ward 8,2022-10-31
2022-10-30,38.895345,-76.921609,Ward 7,2022-11-08
2022-10-30,38.905879,-76.935182,Ward 7,2022-11-07
2022-10-30,38.907241,-77.035398,Ward 2,2022-11-01
2022-10-30,38.892574,-76.977032,Ward 6,2022-11-04
2022-10-30,38.924400,-76.990350,Ward 5,2022-11-03
2022-10-30,38.915773,-77.013893,Ward 5,2022-10-31
2022-10-30,38.828468,-76.998135,Ward 8,2022-11-26
2022-10-30,38.919543,-77.024826,Ward 1,2022-11-03
2022-10-31,38.905425,-76.972725,Ward 5,2022-10-31
2022-10-31,38.905436,-76.972459,Ward 5,2022-10-31
2022-10-31,38.865495,-76.963438,Ward 7,2022-10-31
2022-10-31,38.898458,-76.984376,Ward 6,2022-11-02
2022-10-31,38.902029,-76.929771,Ward 7,2022-11-01
2022-10-31,38.907236,-77.005887,Ward 6,2022-10-31
2022-10-31,38.935444,-77.023667,Ward 1,2022-11-03
2022-10-31,38.902472,-76.929895,Ward 7,2022-11-09
2022-10-31,38.911388,-77.009477,Ward 5,2022-11-04
2022-10-31,38.908012,-77.003291,Ward 6,2022-10-31
2022-10-31,38.904247,-77.008376,Ward 6,2022-10-31
2022-10-31,38.924114,-76.954564,Ward 5,2022-11-04
2022-10-31,38.911451,-76.933500,Ward 7,2022-11-09
2022-10-31,38.905797,-76.997768,Ward 6,2022-10-31
2022-10-31,38.969979,-77.013389,Ward 4,2022-11-11
2022-10-31,38.946614,-77.006075,Ward 5,2022-11-08
2022-10-31,38.923599,-77.040420,Ward 1,2022-11-03
2022-10-31,38.915738,-77.022612,Ward 1,2022-11-01
2022-10-31,38.833479,-77.004846,Ward 8,2022-11-26
2022-10-31,38.829421,-76.997725,Ward 8,2022-11-26
2022-10-31,38.841789,-76.989564,Ward 8,2022-11-26
2022-10-31,38.898762,-76.983893,Ward 6,2022-11-02
2022-10-31,38.922428,-77.032010,Ward 1,2022-11-03
2022-10-31,38.914948,-77.034899,Ward 2,2022-11-02
2022-10-31,38.924444,-77.079728,Ward 3,2022-11-01
2022-10-31,38.916029,-77.026269,Ward 1,2022-11-03
2022-10-31,38.949483,-77.073125,Ward 3,2022-11-03
2022-10-31,38.914142,-77.015551,Ward 5,2022-11-04
2022-10-31,38.931012,-77.037043,Ward 1,2022-11-01
2022-10-31,38.867097,-76.985699,Ward 8,2022-11-03
2022-10-31,38.885037,-76.960455,Ward 7,2022-11-01
2022-10-31,38.930768,-77.041571,Ward 1,2022-11-03
2022-10-31,38.928013,-77.027614,Ward 1,2022-11-03
2022-10-31,38.907407,-77.009783,Ward 5,2022-11-04
2022-10-31,38.973609,-77.022766,Ward 4,2022-11-11
2022-10-31,38.892259,-76.915313,Ward 7,2022-11-28
2022-10-31,38.909479,-77.011689,Ward 5,2022-11-01
2022-10-31,38.905011,-76.975986,Ward 5,2022-11-08
2022-10-31,38.909463,-77.011609,Ward 5,2022-11-01
2022-10-31,38.929245,-77.019735,Ward 1,2022-11-03
2022-10-31,38.904406,-76.937621,Ward 7,2022-11-26
2022-10-31,38.912788,-77.030538,Ward 2,2022-11-02
2022-10-31,38.908654,-76.982662,Ward 5,2022-11-01
2022-10-31,38.906564,-76.946293,Ward 7,2022-11-26
2022-10-31,38.925459,-76.955626,Ward 5,2022-11-08
2022-10-31,38.890431,-76.982008,Ward 6,2022-11-04
2022-11-01,38.921148,-77.009375,Ward 5,2022-11-03
2022-11-01,38.913820,-76.982556,Ward 5,2022-11-02
2022-11-01,38.904114,-76.937670,Ward 7,2022-11-16
2022-11-01,38.930455,-77.029144,Ward 1,2022-11-03
2022-11-01,38.893995,-76.958311,Ward 7,2022-11-10
2022-11-01,38.915685,-77.049111,Ward 2,2022-11-02
2022-11-01,38.927651,-77.024157,Ward 1,2022-11-03
2022-11-01,38.903532,-77.002270,Ward 6,2022-11-08
2022-11-01,38.906400,-76.944687,Ward 7,2022-11-16
2022-11-01,38.882254,-76.990910,Ward 6,2022-11-02
2022-11-01,38.909042,-76.940547,Ward 7,2022-11-16
2022-11-01,38.960331,-77.011358,Ward 4,2022-11-02
2022-11-01,38.830314,-77.003364,Ward 8,2022-11-16
2022-11-01,38.907745,-76.938906,Ward 7,2022-11-07
2022-11-01,38.890258,-76.913432,Ward 7,2022-11-16
2022-11-01,38.896954,-76.985752,Ward 6,2022-11-02
2022-11-01,38.892589,-76.982599,Ward 6,2022-11-04
2022-11-01,38.899259,-76.976958,Ward 5,2022-11-08
2022-11-01,38.894013,-76.984378,Ward 6,2022-11-08
2022-11-01,38.829388,-76.993517,Ward 8,2022-11-15
2022-11-01,38.917955,-77.039985,Ward 1,2022-11-03
2022-11-01,38.924392,-77.078398,Ward 3,2022-11-01
2022-11-01,38.904117,-77.002777,Ward 6,2022-11-16
2022-11-01,38.901802,-76.986523,Ward 5,2022-11-08
2022-11-01,38.963278,-76.999706,Ward 4,2022-11-11
2022-11-01,38.905371,-77.012867,Ward 6,2022-11-03
2022-11-01,38.844515,-77.000900,Ward 8,2022-11-02
2022-11-01,38.907832,-76.983688,Ward 5,2022-11-02
2022-11-01,38.907963,-76.984004,Ward 5,2022-11-08
2022-11-01,38.863345,-76.987280,Ward 8,2022-11-03
2022-11-01,38.894409,-76.996430,Ward 6,2022-11-03
2022-11-01,38.912095,-76.987104,Ward 5,2022-11-08
2022-11-01,38.952875,-77.013218,Ward 4,2022-11-16
2022-11-01,38.834634,-76.988543,Ward 8,2022-11-16
2022-11-01,38.912134,-77.048345,Ward 2,2022-11-02
2022-11-01,38.931027,-77.018398,Null,2022-11-02
2022-11-01,38.870929,-76.972154,Ward 8,2022-11-03
2022-11-01,38.971392,-77.028732,Ward 4,2022-11-27
2022-11-01,38.934889,-77.020429,Ward 1,2022-11-02
2022-11-01,38.902599,-76.970667,Ward 5,2022-11-08
2022-11-01,38.899095,-76.970987,Ward 5,2022-11-08
2022-11-01,38.876608,-76.961916,Ward 7,2022-11-14
2022-11-01,38.866636,-76.981009,Ward 8,2022-11-03
2022-11-01,38.864086,-76.984296,Ward 8,2022-11-03
2022-11-01,38.867308,-76.975343,Ward 8,2022-11-02
2022-11-01,38.873187,-76.975855,Ward 8,2022-11-16
2022-11-01,38.914511,-77.002313,Ward 5,2022-11-02
2022-11-01,38.916553,-77.004910,Ward 5,2022-11-04
2022-11-01,38.914091,-77.019898,Ward 6,2022-11-02
2022-11-01,38.934381,-77.021380,Ward 1,2022-11-02
2022-11-01,38.910531,-77.040652,Ward 2,2022-11-02
2022-11-02,38.913400,-76.988290,Ward 5,2022-11-11
2022-11-02,38.876833,-76.967344,Ward 7,2022-11-02
2022-11-02,38.930500,-77.029397,Ward 1,2022-11-03
2022-11-02,38.903731,-76.928942,Ward 7,2022-11-10
2022-11-02,38.917167,-77.016152,Ward 1,2022-11-02
2022-11-02,38.922427,-77.029705,Ward 1,2022-11-03
2022-11-02,38.912313,-77.020130,Ward 6,2022-11-03
2022-11-02,38.870732,-76.958981,Ward 7,2022-11-02
2022-11-02,38.926327,-76.997720,Ward 5,2022-11-04
2022-11-02,38.892653,-76.977258,Ward 6,2022-11-08
2022-11-02,38.893301,-76.977693,Ward 7,2022-11-16
2022-11-02,38.893299,-76.979869,Ward 6,2022-11-08
2022-11-02,38.922819,-77.033618,Ward 1,2022-11-03
2022-11-02,38.878766,-76.930505,Ward 7,2022-11-14
2022-11-02,38.878022,-76.932273,Ward 7,2022-11-14
2022-11-02,38.866790,-76.959230,Ward 7,2022-11-14
2022-11-02,38.915391,-77.010637,Ward 5,2022-11-04
2022-11-02,38.890059,-76.956066,Ward 7,2022-11-14
2022-11-02,38.911468,-77.082087,Ward 3,2022-11-14
2022-11-02,38.897724,-76.998211,Ward 6,2022-11-08
2022-11-02,38.939246,-77.016486,Ward 4,2022-11-16
2022-11-02,38.839955,-76.977581,Ward 8,2022-11-03
2022-11-02,38.868709,-76.967536,Ward 7,2022-11-14
2022-11-02,38.876505,-76.967982,Ward 7,2022-11-14
2022-11-02,38.892178,-76.975422,Ward 6,2022-11-08
2022-11-02,38.866471,-76.989840,Ward 8,2022-11-03
2022-11-02,38.845361,-76.971301,Ward 8,2022-11-16
2022-11-02,38.845401,-76.971327,Ward 8,2022-11-16
2022-11-02,38.847739,-77.000293,Ward 8,2022-11-16
2022-11-02,38.889215,-76.981985,Ward 6,2022-11-16
2022-11-02,38.927767,-77.025220,Ward 1,2022-11-08
2022-11-02,38.980859,-77.036351,Ward 4,2022-11-04
2022-11-02,38.954247,-77.027919,Ward 4,2022-11-16
2022-11-02,38.902028,-76.983941,Ward 5,2022-11-21
2022-11-02,38.932405,-76.993691,Ward 5,2022-11-08
2022-11-02,38.932405,-76.993691,Ward 5,2022-11-08
2022-11-02,38.938471,-77.017184,Ward 4,2022-11-21
2022-11-02,38.938193,-76.995083,Ward 5,2022-11-09
2022-11-02,38.925970,-77.026195,Ward 1,2022-11-08
2022-11-02,38.900615,-76.927643,Ward 7,2022-11-14
2022-11-02,38.832038,-76.992878,Ward 8,2022-11-10
2022-11-02,38.899533,-76.944075,Ward 7,2022-11-14
2022-11-02,38.913927,-77.030132,Ward 2,2022-11-03
2022-11-02,38.932834,-77.035772,Ward 1,2022-11-03
2022-11-02,38.914713,-77.071030,Ward 2,2022-11-08
2022-11-02,38.907241,-77.035398,Ward 2,2022-11-08
2022-11-02,38.920670,-77.012446,Ward 5,2022-11-04
2022-11-02,38.884712,-76.941352,Ward 7,2022-11-14
2022-11-02,38.863406,-76.987264,Ward 8,2022-11-03
2022-11-02,38.922970,-76.973953,Ward 5,2022-11-03
2022-11-03,38.887341,-76.930209,Ward 7,2022-11-14
2022-11-03,38.896725,-77.000797,Ward 6,2022-11-03
2022-11-03,38.954082,-77.027734,Ward 4,2022-11-16
2022-11-03,38.894309,-76.984365,Ward 6,2022-11-16
2022-11-03,38.912095,-76.987104,Ward 5,2022-11-08
2022-11-03,38.928453,-77.021375,Ward 1,2022-11-03
2022-11-03,38.927132,-77.024393,Ward 1,2022-11-03
2022-11-03,38.907776,-77.041850,Ward 2,2022-11-08
2022-11-03,38.839782,-77.003738,Ward 8,2022-11-10
2022-11-03,38.925670,-77.026144,Ward 1,2022-11-08
2022-11-03,38.912918,-77.001410,Ward 5,2022-11-03
2022-11-03,38.827489,-76.996538,Ward 8,2022-11-10
2022-11-03,38.941579,-77.027150,Ward 4,2022-11-27
2022-11-03,38.924525,-77.029997,Ward 1,2022-11-03
2022-11-03,38.893712,-76.952520,Ward 7,2022-11-14
2022-11-03,38.900885,-77.050499,Ward 2,2022-11-08
2022-11-03,38.934893,-77.020371,Ward 1,2022-11-09
2022-11-03,38.948127,-77.015935,Ward 4,2022-11-16
2022-11-03,38.947877,-77.016019,Ward 4,2022-11-16
2022-11-03,38.908446,-76.984089,Ward 5,2022-11-07
2022-11-03,38.904011,-77.009573,Ward 6,2022-11-16
2022-11-03,38.865177,-76.958431,Ward 7,2022-11-14
2022-11-03,38.900068,-76.937570,Ward 7,2022-11-14
2022-11-03,38.908986,-76.987468,Ward 5,2022-11-08
2022-11-03,38.931863,-77.029499,Ward 1,2022-11-08
2022-11-03,38.924152,-77.024622,Ward 1,2022-11-27
2022-11-03,38.911776,-77.051193,Ward 2,2022-11-08
2022-11-03,38.866471,-76.989840,Ward 8,2022-11-10
2022-11-03,38.953765,-77.022434,Ward 4,2022-11-21
2022-11-03,38.955221,-77.018341,Ward 4,2022-11-16
2022-11-03,38.865214,-76.958670,Ward 7,2022-11-14
2022-11-03,38.885869,-76.941362,Ward 7,2022-11-16
2022-11-03,38.883635,-76.949735,Ward 7,2022-11-14
2022-11-03,38.883635,-76.949735,Ward 7,2022-11-14
2022-11-03,38.883687,-76.951271,Ward 7,2022-11-14
2022-11-03,38.902029,-76.929771,Ward 7,2022-11-14
2022-11-03,38.906275,-76.931062,Ward 7,2022-11-14
2022-11-03,38.913031,-77.001744,Ward 5,2022-11-11
2022-11-03,38.926724,-76.969896,Ward 5,2022-11-23
2022-11-03,38.930542,-77.021992,Ward 1,2022-11-14
2022-11-03,38.972802,-77.025351,Ward 4,2022-11-16
2022-11-03,38.923139,-76.992193,Ward 5,2022-11-11
2022-11-03,38.944191,-77.024995,Ward 4,2022-11-16
2022-11-03,38.938143,-76.976482,Ward 5,2022-11-04
2022-11-04,38.899069,-76.979668,Ward 6,2022-11-16
2022-11-04,38.913927,-77.030132,Ward 2,2022-11-04
2022-11-04,38.930932,-77.027529,Ward 1,2022-11-07
2022-11-04,38.955596,-77.019255,Ward 4,2022-11-16
2022-11-04,38.924985,-77.028645,Ward 1,2022-11-14
2022-11-04,38.924165,-76.961772,Ward 5,2022-11-16
2022-11-04,38.925696,-77.073606,Ward 3,2022-11-07
2022-11-04,38.877346,-76.932885,Ward 7,2022-11-14
2022-11-04,38.926448,-77.030945,Ward 1,2022-11-07
2022-11-04,38.919561,-77.025772,Ward 1,2022-11-08
2022-11-04,38.870983,-76.981964,Ward 8,2022-11-10
2022-11-04,38.949619,-77.013447,Ward 4,2022-11-16
2022-11-04,38.956466,-77.076487,Ward 3,2022-11-04
2022-11-04,38.915874,-77.033372,Ward 2,2022-11-09
2022-11-04,38.922786,-76.989390,Ward 5,2022-11-16
2022-11-04,38.868844,-76.987050,Ward 8,2022-11-10
2022-11-04,38.886733,-76.924644,Ward 7,2022-11-14
2022-11-04,38.838805,-76.993563,Ward 8,2022-11-10
2022-11-04,38.868657,-76.985298,Ward 8,2022-11-10
2022-11-04,38.819953,-77.005572,Ward 8,2022-11-15
2022-11-04,38.924724,-77.040872,Ward 1,2022-11-08
2022-11-04,38.822053,-77.005597,Ward 8,2022-11-10
2022-11-04,38.911871,-77.034552,Ward 2,2022-11-08
2022-11-04,38.965328,-77.018460,Ward 4,2022-11-21
2022-11-04,38.938095,-76.980626,Ward 5,2022-11-11
2022-11-04,38.925283,-77.000915,Ward 5,2022-11-11
2022-11-04,38.926564,-77.025268,Ward 1,2022-11-08
2022-11-05,38.901809,-76.995937,Ward 6,2022-11-11
2022-11-05,38.898650,-77.006987,Ward 6,2022-11-16
2022-11-05,38.933103,-77.024770,Ward 1,2022-11-27
2022-11-05,38.885868,-76.933210,Ward 7,2022-11-14
2022-11-05,38.879623,-76.932051,Ward 7,2022-11-14
2022-11-05,38.910936,-76.933486,Ward 7,2022-11-17
2022-11-05,38.910936,-76.933486,Ward 7,2022-11-17
2022-11-05,38.860132,-76.993302,Ward 8,2022-11-07
2022-11-05,38.902390,-76.975654,Ward 5,2022-11-08
2022-11-05,38.907241,-77.035398,Ward 2,2022-11-08
2022-11-05,38.930768,-77.041571,Ward 1,2022-11-08
2022-11-05,38.917935,-77.004969,Ward 5,2022-12-06
2022-11-05,38.939184,-77.025061,Ward 4,2022-11-21
2022-11-05,38.898503,-76.933567,Ward 7,2022-11-09
2022-11-05,38.913816,-77.016568,Ward 5,2022-11-11
2022-11-05,38.927156,-77.025758,Ward 1,2022-11-08
2022-11-05,38.915732,-77.004840,Ward 5,2022-11-11
2022-11-05,38.967452,-77.023282,Ward 4,2022-11-27
2022-11-05,38.910203,-77.054387,Ward 2,2022-11-08
2022-11-06,38.958141,-77.030744,Ward 4,2022-11-27
2022-11-06,38.877207,-76.933412,Ward 7,2022-11-14
2022-11-06,38.890132,-76.958959,Ward 7,2022-11-17
2022-11-06,38.916847,-77.006329,Ward 5,2022-11-11
2022-11-06,38.883062,-76.960041,Ward 7,2022-11-17
2022-11-06,38.893014,-76.980557,Ward 6,2022-11-11
2022-11-06,38.908034,-77.031542,Ward 2,2022-11-08
2022-11-06,38.968420,-77.027778,Ward 4,2022-11-27
2022-11-06,38.907940,-77.021596,Ward 2,2022-11-08
2022-11-06,38.927591,-77.021406,Ward 1,2022-11-08
2022-11-06,38.955702,-77.027415,Ward 4,2022-11-27
2022-11-06,38.848275,-76.996453,Ward 8,2022-11-07
2022-11-06,38.915431,-77.031733,Ward 1,2022-11-09
2022-11-06,38.931320,-77.020308,Ward 1,2022-11-27
2022-11-06,38.902007,-76.929877,Ward 7,2022-11-17
2022-11-06,38.900381,-76.998651,Ward 6,2022-11-09
2022-11-06,38.925503,-77.094202,Ward 3,2022-11-14
2022-11-06,38.942200,-77.026137,Ward 4,2022-11-27
2022-11-07,38.927651,-77.024157,Ward 1,2022-11-07
2022-11-07,38.898443,-76.983889,Ward 6,2022-11-21
2022-11-07,38.907241,-77.035398,Ward 2,2022-11-08
2022-11-07,38.930067,-77.025413,Ward 1,2022-11-14
2022-11-07,38.898009,-76.978173,Ward 7,2022-11-11
2022-11-07,38.931584,-77.018764,Ward 1,2022-11-08
2022-11-07,38.931923,-77.027277,Ward 1,2022-11-14
2022-11-07,38.910923,-77.008234,Ward 5,2022-11-11
2022-11-07,38.970801,-77.011934,Ward 4,2022-11-27
2022-11-07,38.959539,-77.081004,Ward 3,2022-11-14
2022-11-07,38.884640,-76.986275,Ward 6,2022-12-05
2022-11-07,38.936273,-77.023741,Ward 1,2022-11-08
2022-11-07,38.912795,-77.008671,Ward 5,2022-11-11
2022-11-07,38.896920,-76.942046,Ward 7,2022-11-17
2022-11-07,38.952382,-77.091321,Ward 3,2022-11-14
2022-11-07,38.909286,-76.987479,Ward 5,2022-11-09
2022-11-07,38.868412,-76.981373,Ward 8,2022-11-18
2022-11-07,38.829413,-76.999929,Ward 8,2022-11-18
2022-11-07,38.952052,-76.994738,Ward 5,2022-11-09
2022-11-07,38.921730,-77.032943,Ward 1,2022-11-27
2022-11-07,38.924292,-77.023137,Ward 1,2022-11-14
2022-11-07,38.893705,-76.957734,Ward 7,2022-11-17
2022-11-07,38.893995,-76.958311,Ward 7,2022-11-17
2022-11-07,38.857387,-76.969069,Ward 8,2022-11-18
2022-11-07,38.940291,-77.029970,Ward 4,2022-11-22
2022-11-07,38.907431,-76.983600,Ward 5,2022-11-21
2022-11-07,38.929524,-77.027246,Ward 1,2022-11-27
2022-11-07,38.848275,-76.996453,Ward 8,2022-11-18
2022-11-07,38.908808,-76.987315,Ward 5,2022-11-11
2022-11-07,38.900205,-77.000571,Ward 6,2022-11-09
2022-11-07,38.889063,-76.916467,Ward 7,2022-11-17
2022-11-07,38.889165,-76.916450,Ward 7,2022-11-17
2022-11-07,38.914142,-77.015551,Ward 5,2022-11-11
2022-11-07,38.955138,-77.021601,Ward 4,2022-11-27
2022-11-07,38.867812,-76.967550,Ward 7,2022-11-17
2022-11-07,38.876558,-76.967647,Ward 7,2022-11-17
2022-11-07,38.961486,-76.999572,Ward 4,2022-11-22
2022-11-07,38.930921,-76.999960,Ward 5,2022-11-11
2022-11-07,38.879483,-76.992842,Ward 6,2022-12-06
2022-11-07,38.898712,-76.998624,Ward 6,2022-11-11
2022-11-07,38.898411,-76.995912,Ward 6,2022-11-09
2022-11-08,38.928612,-77.073162,Ward 3,2022-11-09
2022-11-08,38.873076,-76.972317,Ward 7,2022-11-17
2022-11-08,38.873498,-76.973264,Ward 7,2022-11-10
2022-11-08,38.873994,-76.973253,Ward 7,2022-11-10
2022-11-08,38.895608,-76.973625,Ward 7,2022-11-17
2022-11-08,38.960331,-77.011358,Ward 4,2022-12-02
2022-11-08,38.945222,-77.033015,Ward 4,2022-11-27
2022-11-08,38.894223,-76.933432,Ward 7,2022-11-17
2022-11-08,38.897186,-76.979937,Ward 6,2022-11-08
2022-11-08,38.821965,-77.002187,Ward 8,2022-11-09
2022-11-08,38.961316,-77.019894,Ward 4,2022-11-28
2022-11-08,38.961269,-77.001013,Ward 4,2022-11-22
2022-11-08,38.960523,-77.001046,Ward 4,2022-11-22
2022-11-08,38.918005,-77.043433,Ward 1,2022-11-14
2022-11-08,38.896710,-76.975338,Ward 7,2022-11-17
2022-11-08,38.837764,-77.005188,Ward 8,2022-11-18
2022-11-08,38.906921,-76.983333,Ward 5,2022-11-15
2022-11-08,38.924512,-77.042629,Ward 1,2022-11-14
2022-11-08,38.967017,-77.009286,Ward 4,2022-11-28
2022-11-08,38.873970,-76.951366,Ward 7,2022-11-14
2022-11-08,38.871687,-76.947041,Ward 7,2022-11-17
2022-11-08,38.880375,-76.935804,Ward 7,2022-11-14
2022-11-08,38.931320,-77.020308,Ward 1,2022-11-27
2022-11-08,38.903543,-76.978806,Ward 5,2022-11-21
2022-11-08,38.874690,-76.969713,Ward 7,2022-11-17
2022-11-08,38.893937,-77.048848,Ward 2,2022-11-09
2022-11-08,38.961316,-77.016165,Ward 4,2022-11-28
2022-11-08,38.961278,-77.011519,Ward 4,2022-12-02
2022-11-08,38.902941,-76.944651,Ward 7,2022-11-16
2022-11-08,38.915737,-77.022499,Ward 1,2022-11-14
2022-11-08,38.926662,-77.024189,Ward 1,2022-11-14
2022-11-08,38.900049,-76.994431,Ward 6,2022-11-22
2022-11-08,38.892697,-76.982418,Ward 6,2022-11-11
2022-11-08,38.949982,-77.018543,Ward 4,2022-11-28
2022-11-08,38.955751,-77.019622,Ward 4,2022-11-28
2022-11-08,38.859762,-76.995355,Ward 8,2022-11-18
2022-11-08,38.991360,-77.039807,Ward 4,2022-11-28
2022-11-08,38.930073,-77.025161,Ward 1,2022-11-14
2022-11-08,38.900699,-76.976449,Ward 5,2022-11-11
2022-11-08,38.884921,-76.945240,Ward 7,2022-11-17
2022-11-08,38.913721,-76.984756,Ward 5,2022-11-11
2022-11-08,38.912188,-76.986699,Ward 5,2022-11-11
2022-11-08,38.910378,-76.987445,Ward 5,2022-11-09
2022-11-08,38.951389,-77.023582,Ward 4,2022-12-02
2022-11-08,38.898911,-76.998448,Ward 6,2022-11-11
2022-11-08,38.945346,-77.024496,Ward 4,2022-11-28
2022-11-08,38.906719,-76.979941,Ward 5,2022-11-27
2022-11-08,38.953659,-77.007923,Ward 5,2022-11-11
2022-11-08,38.903544,-76.992464,Ward 6,2022-11-11
2022-11-08,38.900696,-76.976564,Ward 5,2022-11-11
2022-11-08,38.900699,-76.976449,Ward 5,2022-11-11
2022-11-09,38.936615,-77.033444,Ward 1,2022-11-14
2022-11-09,38.924323,-77.066353,Ward 3,2022-11-09
2022-11-09,38.908446,-76.984089,Ward 5,2022-11-11
2022-11-09,38.924752,-77.025377,Ward 1,2022-11-14
2022-11-09,38.913972,-77.015774,Ward 5,2022-11-21
2022-11-09,38.891421,-76.988593,Ward 6,2022-11-10
2022-11-09,38.876558,-76.967647,Ward 7,2022-11-17
2022-11-09,38.924343,-77.027234,Ward 1,2022-11-14
2022-11-09,38.891421,-76.988593,Ward 6,2022-11-10
2022-11-09,38.944139,-77.091050,Ward 3,2022-11-18
2022-11-09,38.930556,-77.018277,Null,2022-12-02
2022-11-09,38.910279,-77.055779,Ward 2,2022-11-15
2022-11-09,38.888306,-76.915557,Ward 7,2022-11-17
2022-11-09,38.929862,-77.034756,Ward 1,2022-11-14
2022-11-09,38.831590,-76.992209,Ward 8,2022-11-18
2022-11-09,38.930215,-77.030025,Ward 1,2022-11-10
2022-11-09,38.827073,-76.998717,Ward 8,2022-11-18
2022-11-09,38.885802,-76.984820,Ward 6,2022-11-30
2022-11-09,38.858652,-76.987028,Ward 8,2022-11-18
2022-11-09,38.851391,-76.963958,Ward 8,2022-11-18
2022-11-09,38.870970,-76.978696,Ward 8,2022-11-18
2022-11-09,38.880100,-76.932303,Ward 7,2022-11-17
2022-11-09,38.834589,-76.987734,Ward 8,2022-11-18
2022-11-09,38.911264,-77.020145,Ward 6,2022-11-15
2022-11-09,38.943184,-77.023605,Ward 4,2022-11-28
2022-11-09,38.867148,-76.945428,Ward 7,2022-11-17
2022-11-09,38.915607,-77.074410,Ward 2,2022-11-15
2022-11-09,38.948058,-77.027564,Ward 4,2022-11-27
2022-11-09,38.895199,-76.954562,Ward 7,2022-11-17
2022-11-09,38.961278,-77.011519,Ward 4,2022-12-02
2022-11-09,38.933772,-77.041546,Ward 1,2022-11-14
2022-11-09,38.870385,-76.979253,Ward 8,2022-11-18
2022-11-09,38.905032,-76.972129,Ward 5,2022-11-21
2022-11-09,38.911747,-77.032475,Ward 2,2022-11-18
2022-11-09,38.923258,-77.095153,Ward 3,2022-11-18
2022-11-09,38.926564,-77.025268,Ward 1,2022-11-14
2022-11-09,38.857883,-76.964670,Ward 7,2022-11-14
2022-11-09,38.903696,-77.066884,Ward 2,2022-11-22
2022-11-09,38.887785,-77.000935,Ward 6,2022-11-30
2022-11-09,38.944920,-77.023976,Ward 4,2022-11-28
2022-11-09,38.904625,-76.985821,Ward 5,2022-11-22
2022-11-09,38.925582,-76.988114,Ward 5,2022-11-17
2022-11-09,38.930218,-76.958994,Ward 5,2022-11-17
2022-11-10,38.877584,-76.931262,Ward 7,2022-11-21
2022-11-10,38.888816,-76.980995,Ward 6,2022-11-21
2022-11-10,38.909013,-76.935112,Ward 7,2022-11-17
2022-11-10,38.901801,-76.930600,Ward 7,2022-11-21
2022-11-10,38.873296,-76.972826,Ward 7,2022-11-16
2022-11-10,38.907406,-77.009719,Ward 5,2022-12-11
2022-11-10,38.909468,-77.028492,Ward 2,2022-11-15
2022-11-10,38.917711,-77.004969,Ward 5,2022-11-18
2022-11-10,38.950359,-77.052981,Ward 3,2022-11-14
2022-11-10,38.905879,-76.934872,Ward 7,2022-11-21
2022-11-10,38.965979,-77.028288,Ward 4,2022-12-02
2022-11-10,38.912918,-77.001410,Ward 5,2022-11-18
2022-11-10,38.936179,-77.022912,Ward 1,2022-11-14
2022-11-10,38.911769,-77.032256,Ward 2,2022-11-18
2022-11-10,38.912025,-77.045760,Ward 2,2022-11-18
2022-11-10,38.892187,-76.991224,Ward 6,2022-11-21
2022-11-10,38.944658,-77.033029,Ward 4,2022-11-30
2022-11-10,38.890086,-76.983045,Ward 7,2022-11-21
2022-11-10,38.898142,-76.944336,Ward 7,2022-11-21
2022-11-10,38.887773,-77.033688,Ward 2,2022-11-15
2022-11-10,38.890703,-76.949528,Ward 7,2022-11-21
2022-11-10,38.832777,-76.998548,Ward 8,2022-11-18
2022-11-10,38.900460,-77.000399,Ward 6,2022-11-21
2022-11-10,38.882640,-76.978893,Ward 6,2022-12-11
2022-11-10,38.965576,-77.075430,Ward 3,2022-11-18
2022-11-10,38.896606,-76.996799,Ward 6,2022-12-05
2022-11-10,38.906073,-76.935299,Ward 7,2022-11-21
2022-11-10,38.899394,-76.999264,Ward 6,2022-11-15
2022-11-10,38.924525,-77.030060,Ward 1,2022-11-18
2022-11-10,38.923990,-77.030197,Ward 1,2022-11-14
2022-11-10,38.924996,-77.030018,Ward 1,2022-11-14
2022-11-10,38.935402,-77.072515,Ward 3,2022-11-14
2022-11-10,38.950119,-76.989837,Ward 5,2022-11-17
2022-11-10,38.923025,-77.037991,Ward 1,2022-11-18
2022-11-10,38.913093,-77.020416,Ward 6,2022-11-15
2022-11-10,38.895970,-76.992409,Ward 6,2022-11-15
2022-11-10,38.847163,-76.982514,Ward 8,2022-11-18
2022-11-10,38.944658,-77.033029,Ward 4,2022-11-30
2022-11-10,38.924827,-76.988302,Ward 5,2022-11-21
2022-11-11,38.876706,-76.931862,Ward 7,2022-11-16
2022-11-11,38.932060,-77.026018,Ward 1,2022-11-18
2022-11-11,38.901183,-76.996491,Ward 6,2022-12-05
2022-11-11,38.921926,-77.039269,Ward 1,2022-11-18
2022-11-11,38.933944,-77.021838,Ward 1,2022-11-18
2022-11-11,38.902133,-76.943103,Ward 7,2022-11-21
2022-11-11,38.877331,-76.998380,Ward 6,2022-11-21
2022-11-11,38.925286,-77.025439,Ward 1,2022-11-18
2022-11-11,38.876250,-76.959302,Ward 7,2022-11-26
2022-11-11,38.937090,-77.032031,Ward 4,2022-12-08
2022-11-11,38.898098,-76.917308,Ward 7,2022-11-21
2022-11-11,38.903070,-76.940372,Ward 7,2022-11-21
2022-11-11,38.893067,-76.982213,Ward 7,2022-11-27
2022-11-11,38.892838,-76.981995,Ward 6,2022-11-27
2022-11-11,38.956778,-77.022087,Ward 4,2022-11-28
2022-11-11,38.904625,-76.985821,Ward 5,2022-11-22
2022-11-11,38.905262,-76.988175,Ward 5,2022-11-21
2022-11-11,38.927852,-77.029182,Ward 1,2022-11-18
2022-11-11,38.939800,-77.016226,Ward 4,2022-11-30
2022-11-11,38.878142,-76.932341,Ward 7,2022-11-21
2022-11-11,38.884601,-77.008760,Ward 6,2022-12-11
2022-11-12,38.924259,-77.030065,Ward 1,2022-11-18
2022-11-12,38.892409,-76.914052,Ward 7,2022-11-21
2022-11-12,38.885879,-76.944224,Ward 7,2022-11-26
2022-11-12,38.930508,-77.022410,Ward 1,2022-11-18
2022-11-12,38.956212,-77.036398,Ward 4,2022-12-09
2022-11-12,38.887627,-76.934013,Ward 7,2022-11-21
2022-11-12,38.939184,-77.025061,Ward 4,2022-11-28
2022-11-12,38.894945,-76.980997,Ward 6,2022-11-21
2022-11-12,38.869657,-76.969279,Ward 7,2022-11-26
2022-11-12,38.919017,-77.014548,Ward 5,2022-11-21
2022-11-12,38.918380,-76.999839,Ward 5,2022-11-18
2022-11-12,38.891707,-76.950064,Ward 7,2022-11-21
2022-11-12,38.936915,-77.025120,Ward 4,2022-12-09
2022-11-12,38.956328,-77.013019,Ward 4,2022-11-18
2022-11-12,38.900664,-76.991294,Ward 6,2022-12-11
2022-11-12,38.909664,-76.987614,Ward 5,2022-11-14
2022-11-12,38.920224,-76.976303,Ward 5,2022-11-21
2022-11-12,38.915164,-77.018852,Ward 1,2022-11-18
2022-11-12,38.897808,-76.980032,Ward 6,2022-11-22
2022-11-12,38.930508,-77.022410,Ward 1,2022-11-18
2022-11-12,38.890885,-76.948799,Ward 7,2022-11-21
2022-11-13,38.966863,-77.024430,Ward 4,2022-11-28
2022-11-13,38.854963,-76.967841,Ward 8,2022-11-18
2022-11-13,38.905243,-76.980895,Ward 5,2022-11-21
2022-11-13,38.893140,-76.982808,Ward 6,2022-11-21
2022-11-13,38.915928,-77.012378,Ward 5,2022-11-14
2022-11-13,38.935773,-77.034106,Ward 1,2022-11-18
2022-11-13,38.895079,-76.919511,Ward 7,2022-11-16
2022-11-13,38.905396,-76.971953,Ward 5,2022-11-21
2022-11-13,38.845647,-76.970851,Ward 8,2022-11-15
2022-11-13,38.929150,-77.036825,Ward 1,2022-11-18
2022-11-13,38.917868,-77.005273,Ward 5,2022-11-17
2022-11-13,38.905442,-76.974423,Ward 5,2022-11-27
2022-11-13,38.929342,-76.984403,Ward 5,2022-11-17
2022-11-13,38.903061,-77.001735,Ward 6,2022-11-21
2022-11-13,38.894159,-76.935122,Ward 7,2022-11-21
2022-11-14,38.910223,-77.013496,Ward 5,2022-12-03
2022-11-14,38.910534,-77.014213,Ward 5,2022-11-27
2022-11-14,38.906833,-76.977850,Ward 5,2022-11-21
2022-11-14,38.924814,-77.043094,Ward 1,2022-11-18
2022-11-14,38.924963,-77.028817,Ward 1,2022-11-18
2022-11-14,38.922970,-76.973953,Ward 5,2022-11-17
2022-11-14,38.929635,-77.037394,Ward 1,2022-11-18
2022-11-14,38.907608,-77.024423,Ward 2,2022-11-15
2022-11-14,38.940205,-77.021761,Ward 4,2022-12-09
2022-11-14,38.936781,-77.028148,Ward 4,2022-12-09
2022-11-14,38.937897,-77.033408,Ward 4,2022-11-30
2022-11-14,38.929592,-77.037972,Ward 1,2022-11-18
2022-11-14,38.933599,-77.022140,Ward 1,2022-11-18
2022-11-14,38.905217,-76.998252,Ward 6,2022-11-21
2022-11-14,38.881791,-76.923893,Ward 7,2022-11-21
2022-11-14,38.882407,-76.923118,Ward 7,2022-11-21
2022-11-14,38.827016,-76.998731,Ward 8,2022-11-18
2022-11-14,38.911270,-77.015461,Ward 5,2022-11-27
2022-11-14,38.905919,-77.057205,Ward 2,2022-11-18
2022-11-14,38.948801,-76.981405,Ward 5,2022-11-17
2022-11-14,38.913240,-77.018464,Ward 6,2022-11-15
2022-11-14,38.880279,-77.017124,Ward 6,2022-12-09
2022-11-14,38.905023,-76.995945,Ward 6,2022-11-22
2022-11-14,38.935541,-77.022895,Ward 1,2022-11-18
2022-11-14,38.894642,-76.919122,Ward 7,2022-11-17
2022-11-14,38.896354,-76.959611,Ward 7,2022-11-21
2022-11-14,38.819953,-77.005572,Ward 8,2022-11-15
2022-11-14,38.928844,-77.036828,Ward 1,2022-11-18
2022-11-14,38.851936,-76.986846,Ward 8,2022-11-18
2022-11-14,38.908446,-76.984089,Ward 5,2022-11-21
2022-11-14,38.895099,-76.934224,Ward 7,2022-11-21
2022-11-14,38.943421,-77.026443,Ward 4,2022-12-01
2022-11-14,38.895245,-76.954569,Ward 7,2022-11-21
2022-11-14,38.900102,-76.927377,Ward 7,2022-11-21
2022-11-14,38.877207,-76.933412,Ward 7,2022-11-21
2022-11-14,38.895900,-76.936310,Ward 7,2022-11-21
2022-11-14,38.924048,-76.966538,Ward 5,2022-11-21
2022-11-14,38.963081,-77.009209,Ward 4,2022-11-28
2022-11-14,38.906375,-76.980638,Ward 5,2022-11-21
2022-11-14,38.879864,-77.001822,Ward 6,2022-11-21
2022-11-14,38.988086,-77.043877,Ward 4,2022-12-08
2022-11-14,38.912607,-77.027894,Ward 2,2022-11-22
2022-11-14,38.902092,-77.000770,Ward 6,2022-11-21
2022-11-15,38.895294,-76.978725,Ward 7,2022-11-21
2022-11-15,38.893186,-76.910139,Ward 7,2022-11-21
2022-11-15,38.894436,-76.918946,Ward 7,2022-11-23
2022-11-15,38.920510,-77.039060,Ward 1,2022-11-18
2022-11-15,38.902789,-76.977856,Ward 5,2022-11-21
2022-11-15,38.894218,-76.916961,Ward 7,2022-11-23
2022-11-15,38.944884,-77.027408,Ward 4,2022-12-09
2022-11-15,38.944281,-77.027316,Ward 4,2022-12-08
2022-11-15,38.891115,-76.915662,Ward 7,2022-11-23
2022-11-15,38.890633,-76.996403,Ward 6,2022-12-01
2022-11-15,38.912669,-76.990602,Ward 5,2022-11-22
2022-11-15,38.904891,-76.981882,Ward 5,2022-11-27
2022-11-15,38.885818,-76.922035,Ward 7,2022-11-18
2022-11-15,38.943237,-77.021497,Ward 4,2022-12-01
2022-11-15,38.867658,-76.967777,Ward 7,2022-11-16
2022-11-15,38.867658,-76.967777,Ward 7,2022-11-26
2022-11-15,38.914539,-77.020769,Ward 6,2022-11-22
2022-11-15,38.933018,-77.028768,Ward 1,2022-11-15
2022-11-15,38.918710,-77.012720,Ward 5,2022-11-21
2022-11-15,38.888767,-76.926596,Ward 7,2022-11-18
2022-11-15,38.928870,-77.021364,Ward 1,2022-11-15
2022-11-15,38.919718,-76.970859,Ward 5,2022-11-22
2022-11-15,38.898650,-77.006987,Ward 6,2022-11-21
2022-11-15,38.922550,-76.962441,Ward 5,2022-11-17
2022-11-15,38.886625,-76.922705,Ward 7,2022-11-16
2022-11-15,38.923613,-76.966306,Ward 5,2022-11-21
2022-11-15,38.938599,-76.988915,Ward 5,2022-11-17
2022-11-15,38.895908,-76.934238,Ward 7,2022-11-23
2022-11-15,38.867812,-76.967550,Ward 7,2022-11-26
2022-11-15,38.869817,-76.966503,Ward 7,2022-11-26
2022-11-15,38.867398,-76.946837,Ward 7,2022-11-16
2022-11-15,38.956266,-77.018775,Ward 4,2022-12-01
2022-11-15,38.888464,-76.977891,Ward 7,2022-11-21
2022-11-15,38.956477,-77.018850,Ward 4,2022-12-01
2022-11-15,38.906926,-76.978235,Ward 5,2022-11-21
2022-11-15,38.885768,-76.981981,Ward 7,2022-11-22
2022-11-15,38.926736,-76.990850,Ward 5,2022-11-21
2022-11-15,38.926060,-77.026033,Ward 1,2022-11-17
2022-11-15,38.879672,-76.981011,Ward 6,2022-12-09
2022-11-15,38.891602,-76.954491,Ward 7,2022-11-23
2022-11-15,38.917614,-77.016359,Ward 1,2022-11-18
2022-11-15,38.904540,-77.017980,Ward 6,2022-11-22
2022-11-15,38.907195,-76.986273,Ward 5,2022-11-27
2022-11-15,38.899125,-77.008111,Ward 6,2022-12-05
2022-11-15,38.849500,-76.976361,Ward 8,2022-11-18
2022-11-15,38.832238,-76.996852,Ward 8,2022-11-23
2022-11-15,38.896016,-76.913415,Ward 7,2022-11-23
2022-11-15,38.833017,-76.999717,Ward 8,2022-11-18
2022-11-15,38.931991,-77.043936,Ward 1,2022-11-18
2022-11-15,38.907571,-76.984005,Ward 5,2022-11-27
2022-11-15,38.884647,-76.920231,Ward 7,2022-11-23
2022-11-15,38.926336,-76.993171,Ward 5,2022-11-17
2022-11-15,38.910227,-77.010086,Ward 5,2022-12-13
2022-11-15,38.889211,-76.983913,Ward 6,2022-12-12
2022-11-15,38.933945,-77.021953,Ward 1,2022-11-18
2022-11-15,38.928870,-77.021364,Ward 1,2022-11-17
2022-11-15,38.929708,-77.018462,Ward 1,2022-11-21
2022-11-15,38.853554,-76.973208,Ward 8,2022-11-18
2022-11-15,38.956692,-77.029974,Ward 4,2022-12-09
2022-11-15,38.872106,-76.971734,Ward 8,2022-11-18
2022-11-15,38.905919,-77.057205,Ward 2,2022-11-18
2022-11-15,38.834634,-76.988543,Ward 8,2022-11-16
2022-11-15,38.834771,-76.987721,Ward 8,2022-11-16
2022-11-15,38.852992,-76.965425,Ward 8,2022-11-18
2022-11-15,38.852918,-76.965963,Ward 8,2022-11-18
2022-11-15,38.851479,-76.964080,Ward 8,2022-11-16
2022-11-15,38.851391,-76.963958,Ward 8,2022-11-18
2022-11-15,38.852262,-76.969210,Ward 8,2022-11-18
2022-11-16,38.868425,-76.979225,Ward 8,2022-11-18
2022-11-16,38.924528,-77.030124,Ward 1,2022-11-18
2022-11-16,38.935503,-77.023243,Ward 1,2022-11-18
2022-11-16,38.912033,-77.009702,Ward 5,2022-12-03
2022-11-16,38.902760,-76.995623,Ward 6,2022-12-06
2022-11-16,38.915733,-77.007798,Ward 5,2022-11-22
2022-11-16,38.947607,-77.079947,Ward 3,2022-11-17
2022-11-16,38.918740,-77.043169,Ward 1,2022-11-27
2022-11-16,38.929709,-77.018518,Ward 1,2022-11-21
2022-11-16,38.930280,-77.019040,Ward 1,2022-11-21
2022-11-16,38.929706,-77.018633,Ward 1,2022-11-18
2022-11-16,38.884479,-76.990244,Ward 6,2022-12-11
2022-11-16,38.905396,-76.971953,Ward 5,2022-11-21
2022-11-16,38.935013,-77.025606,Ward 1,2022-11-17
2022-11-16,38.931259,-77.029126,Ward 1,2022-11-18
2022-11-16,38.935805,-77.030009,Ward 1,2022-11-18
2022-11-16,38.922983,-76.988669,Ward 5,2022-12-12
2022-11-16,38.950684,-77.023246,Ward 4,2022-12-02
2022-11-16,38.951347,-77.024087,Ward 4,2022-12-09
2022-11-16,38.930216,-76.995446,Ward 5,2022-11-22
2022-11-16,38.905428,-76.974530,Ward 5,2022-11-27
2022-11-16,38.930442,-77.027686,Ward 1,2022-11-18
2022-11-16,38.900669,-77.027444,Ward 2,2022-11-18
2022-11-16,38.898502,-76.991303,Ward 6,2022-11-18
2022-11-16,38.909454,-77.014967,Ward 5,2022-11-23
2022-11-16,38.906126,-76.987153,Ward 5,2022-11-22
2022-11-16,38.912833,-77.037997,Ward 2,2022-11-22
2022-11-16,38.961055,-77.003199,Ward 4,2022-12-05
2022-11-16,38.935522,-77.023103,Ward 1,2022-11-18
2022-11-16,38.914695,-77.032871,Ward 2,2022-11-18
2022-11-16,38.905061,-76.975987,Ward 5,2022-11-22
2022-11-16,38.896547,-77.019388,Ward 2,2022-11-18
2022-11-16,38.935156,-77.032392,Ward 1,2022-11-17
2022-11-17,38.901508,-76.994450,Ward 6,2022-12-05
2022-11-17,38.931488,-76.974441,Ward 5,2022-11-23
2022-11-17,38.924525,-77.029997,Ward 1,2022-11-18
2022-11-17,38.908249,-77.030889,Ward 2,2022-11-18
2022-11-17,38.906296,-77.013938,Ward 5,2022-12-11
2022-11-17,38.911280,-77.037870,Ward 2,2022-11-18
2022-11-17,38.933594,-77.022196,Ward 1,2022-11-21
2022-11-17,38.918264,-77.012382,Ward 5,2022-12-03
2022-11-17,38.916374,-77.046960,Ward 2,2022-11-18
2022-11-17,38.889215,-76.981985,Ward 6,2022-11-21
2022-11-17,38.950186,-77.089744,Ward 3,2022-11-28
2022-11-17,38.899742,-76.927109,Ward 7,2022-11-23
2022-11-17,38.827073,-76.998717,Ward 8,2022-11-26
2022-11-17,38.905262,-76.928873,Ward 7,2022-11-23
2022-11-17,38.915736,-77.021730,Ward 1,2022-11-29
2022-11-17,38.949716,-77.020839,Ward 4,2022-12-06
2022-11-17,38.852871,-76.965412,Ward 8,2022-11-21
2022-11-17,38.905383,-76.980785,Ward 5,2022-11-27
2022-11-17,38.872216,-76.971760,Ward 8,2022-11-26
2022-11-17,38.958138,-76.993563,Ward 4,2022-12-05
2022-11-17,38.935229,-77.022517,Ward 1,2022-11-21
2022-11-17,38.935346,-77.028288,Ward 1,2022-11-21
2022-11-17,38.915385,-77.007596,Ward 5,2022-11-22
2022-11-17,38.915385,-77.007596,Ward 5,2022-11-22
2022-11-17,38.905061,-76.975987,Ward 5,2022-11-21
2022-11-17,38.924821,-77.023784,Ward 1,2022-11-28
2022-11-17,38.895969,-76.975562,Ward 7,2022-11-23
2022-11-17,38.895891,-76.974890,Ward 7,2022-11-23
2022-11-17,38.909835,-77.020475,Ward 6,2022-11-18
2022-11-17,38.901508,-76.994450,Ward 6,2022-12-05
2022-11-17,38.944281,-77.027316,Ward 4,2022-12-08
2022-11-17,38.878240,-76.986085,Ward 6,2022-12-08
2022-11-17,38.878097,-76.932331,Ward 7,2022-11-23
2022-11-18,38.878097,-76.932331,Ward 7,2022-11-23
2022-11-18,38.907238,-77.036530,Ward 2,2022-11-23
2022-11-18,38.915386,-77.007402,Ward 5,2022-11-22
2022-11-18,38.913866,-77.014894,Ward 5,2022-12-03
2022-11-18,38.912751,-77.063240,Ward 2,2022-11-18
2022-11-18,38.853461,-76.973998,Ward 8,2022-11-26
2022-11-18,38.892666,-76.982466,Ward 6,2022-11-21
2022-11-18,38.920161,-76.984606,Ward 5,2024-01-25
2022-11-18,38.839782,-77.003738,Ward 8,2022-11-22
2022-11-18,38.892775,-76.982929,Ward 6,2022-11-21
2022-11-18,38.922062,-77.046586,Ward 1,2022-11-27
2022-11-18,38.880474,-76.935998,Ward 7,2022-11-23
2022-11-18,38.963564,-77.013435,Ward 4,2022-12-06
2022-11-18,38.929714,-77.018585,Ward 1,2022-11-27
2022-11-18,38.930280,-77.019040,Ward 1,2022-11-21
2022-11-18,38.877602,-76.934552,Ward 7,2022-11-23
2022-11-18,38.919810,-76.984805,Ward 5,2022-12-03
2022-11-18,38.933594,-77.022196,Ward 1,2022-11-21
2022-11-18,38.920082,-76.982906,Ward 5,2022-12-03
2022-11-18,38.920253,-76.980592,Ward 5,2022-12-03
2022-11-18,38.933599,-77.022140,Ward 1,2022-11-28
2022-11-18,38.963208,-77.010949,Ward 4,2022-12-05
2022-11-18,38.962893,-77.081276,Ward 3,2022-11-28
2022-11-18,38.820437,-77.006665,Ward 8,2022-11-29
2022-11-18,38.895224,-76.919148,Ward 7,2022-11-26
2022-11-18,38.897107,-76.985294,Ward 6,2022-12-09
2022-11-18,38.896040,-76.936164,Ward 7,2022-11-23
2022-11-18,38.889112,-76.937982,Ward 7,2022-11-21
2022-11-18,38.869672,-76.980074,Ward 8,2022-11-21
2022-11-18,38.869714,-76.978663,Ward 8,2022-11-26
2022-11-18,38.822885,-76.999584,Ward 8,2022-11-26
2022-11-18,38.909804,-77.008087,Ward 5,2022-11-22
2022-11-18,38.968096,-77.023433,Ward 4,2022-12-10
2022-11-18,38.873296,-76.972826,Ward 7,2022-11-26
2022-11-18,38.912076,-77.015446,Ward 5,2022-12-03
2022-11-18,38.905032,-76.972129,Ward 5,2022-11-27
2022-11-18,38.926377,-77.078216,Ward 3,2022-11-21
2022-11-18,38.926378,-77.078342,Ward 3,2022-11-21
2022-11-18,38.939519,-77.030401,Ward 4,2022-12-06
2022-11-18,38.921409,-77.032921,Ward 1,2022-11-27
2022-11-19,38.839520,-77.006024,Ward 8,2022-11-26
2022-11-19,38.820437,-77.006665,Ward 8,2022-11-29
2022-11-19,38.931328,-76.974775,Ward 5,2022-11-27
2022-11-19,38.897128,-76.998636,Ward 6,2022-12-28
2022-11-19,38.907925,-76.986305,Ward 5,2022-11-27
2022-11-19,38.867034,-76.982481,Ward 8,2022-11-29
2022-11-19,38.911722,-76.985342,Ward 5,2022-11-27
2022-11-19,38.857939,-76.964655,Ward 7,2022-11-29
2022-11-19,38.940554,-77.020834,Ward 4,2022-12-06
2022-11-19,38.924390,-77.042684,Ward 1,2022-11-27
2022-11-19,38.908762,-77.026595,Ward 2,2022-11-22
2022-11-19,38.857883,-76.964670,Ward 7,2022-11-29
2022-11-19,38.907405,-76.939946,Ward 7,2022-11-23
2022-11-19,38.894037,-76.977912,Ward 6,2022-11-27
2022-11-19,38.903915,-76.998034,Ward 6,2022-12-11
2022-11-19,38.900363,-76.976478,Ward 5,2022-11-27
2022-11-19,38.899913,-76.984732,Ward 6,2022-12-16
2022-11-19,38.918285,-77.037257,Ward 1,2022-11-27
2022-11-19,38.909456,-77.014356,Ward 5,2022-11-27
2022-11-19,38.930394,-77.031347,Ward 1,2022-11-27
2022-11-19,38.902925,-76.929915,Ward 7,2022-11-23
2022-11-19,38.915563,-77.007680,Ward 5,2022-11-22
2022-11-19,38.912420,-77.028473,Ward 2,2022-11-22
2022-11-19,38.881845,-76.982522,Ward 7,2022-11-27
2022-11-19,38.915385,-77.007596,Ward 5,2022-11-22
2022-11-20,38.911759,-76.985294,Ward 5,2022-11-21
2022-11-20,38.953170,-77.012106,Ward 4,2022-12-06
2022-11-20,38.947041,-76.990476,Ward 5,2022-12-03
2022-11-20,38.926224,-77.025578,Ward 1,2022-11-21
2022-11-20,38.844439,-76.998331,Ward 8,2022-11-21
2022-11-20,38.929870,-77.021295,Ward 1,2022-11-29
2022-11-20,38.953444,-76.989435,Ward 5,2022-11-27
2022-11-20,38.903871,-76.995202,Ward 6,2022-12-06
2022-11-20,38.854469,-76.966496,Ward 8,2022-11-26
2022-11-20,38.876708,-76.932591,Ward 7,2022-11-23
2022-11-20,38.854643,-76.967287,Ward 8,2022-11-21
2022-11-20,38.922227,-77.003723,Ward 5,2022-11-27
2022-11-20,38.930710,-77.025419,Ward 1,2022-11-29
2022-11-20,38.943294,-77.026651,Ward 4,2022-12-09
2022-11-20,38.934341,-77.029988,Ward 1,2022-11-27
2022-11-20,38.919715,-77.014020,Ward 5,2022-12-03
2022-11-20,38.916483,-77.043321,Ward 1,2022-11-27
2022-11-20,38.915888,-77.043436,Null,2022-11-23
2022-11-20,38.905684,-77.031952,Ward 2,2022-11-22
2022-11-20,38.915385,-77.007596,Ward 5,2022-11-22
2022-11-21,38.931251,-77.020077,Ward 1,2022-11-27
2022-11-21,38.902739,-77.001602,Ward 6,2022-12-06
2022-11-21,38.897808,-76.980032,Ward 6,2022-11-27
2022-11-21,38.910548,-77.009719,Ward 5,2022-12-03
2022-11-21,38.892404,-76.983127,Ward 6,2022-11-27
2022-11-21,38.929411,-77.020476,Ward 1,2022-11-27
2022-11-21,38.951997,-76.995986,Ward 5,2022-11-23
2022-11-21,38.935301,-77.028214,Ward 1,2022-11-21
2022-11-21,38.892259,-76.915313,Ward 7,2022-11-30
2022-11-21,38.923024,-77.046999,Ward 1,2022-11-27
2022-11-21,38.906799,-77.013825,Ward 6,2022-12-11
2022-11-21,38.932176,-77.028556,Ward 1,2022-11-27
2022-11-21,38.874778,-77.010437,Ward 6,2022-12-19
2022-11-21,38.905118,-76.997670,Ward 6,2022-12-11
2022-11-21,38.863844,-76.983120,Ward 8,2022-11-26
2022-11-21,38.930710,-77.025419,Ward 1,2024-01-25
2022-11-21,38.929301,-77.032984,Ward 1,2022-11-27
2022-11-21,38.934341,-77.029988,Ward 1,2024-01-25
2022-11-21,38.945222,-77.033015,Ward 4,2022-12-06
2022-11-21,38.983145,-77.027223,Ward 4,2022-12-06
2022-11-21,38.945231,-77.030383,Ward 4,2022-12-09
2022-11-21,38.935970,-77.058539,Ward 3,2022-11-29
2022-11-21,38.962488,-77.013848,Ward 4,2022-12-06
2022-11-21,38.876705,-76.933455,Ward 7,2022-11-26
2022-11-21,38.904804,-76.934564,Ward 7,2022-11-26
2022-11-21,38.841893,-77.001616,Ward 8,2022-11-26
2022-11-21,38.928385,-77.028690,Ward 1,2022-11-27
2022-11-21,38.965098,-77.029298,Ward 4,2022-12-06
2022-11-21,38.921361,-77.018182,Ward 1,2022-11-27
2022-11-21,38.906572,-77.017318,Ward 2,2022-11-22
2022-11-21,38.906806,-77.015927,Ward 2,2022-11-22
2022-11-21,38.940959,-77.033041,Ward 4,2022-12-09
2022-11-21,38.941218,-77.026050,Ward 4,2022-12-11
2022-11-21,38.949891,-77.015133,Ward 4,2022-12-07
2022-11-21,38.914801,-76.984225,Ward 5,2022-11-22
2022-11-21,38.906745,-76.986831,Ward 5,2022-11-27
2022-11-21,38.906407,-76.986078,Ward 5,2022-11-27
2022-11-21,38.905425,-76.975986,Ward 5,2022-11-27
2022-11-21,38.920560,-76.965035,Ward 5,2022-11-27
2022-11-21,38.937994,-77.060387,Ward 3,2022-11-28
2022-11-21,38.918914,-77.029876,Ward 1,2024-01-25
2022-11-21,38.901718,-76.990537,Ward 6,2022-12-28
2022-11-21,38.916458,-77.029842,Ward 1,2024-01-25
2022-11-21,38.928459,-77.061706,Ward 3,2022-11-29
2022-11-21,38.895294,-76.978725,Ward 7,2022-11-27
2022-11-21,38.912475,-76.983752,Ward 5,2022-11-27
2022-11-22,38.923465,-77.038042,Ward 1,2022-11-27
2022-11-22,38.909456,-77.014410,Ward 5,2022-12-05
2022-11-22,38.904302,-76.992327,Ward 5,2022-11-27
2022-11-22,38.901508,-76.994450,Ward 6,2022-12-11
2022-11-22,38.943307,-76.996783,Ward 5,2022-11-29
2022-11-22,38.933945,-77.021953,Ward 1,2022-11-27
2022-11-22,38.885257,-77.004085,Ward 6,2022-12-02
2022-11-22,38.913858,-77.014965,Ward 5,2022-12-03
2022-11-22,38.933945,-77.021953,Ward 1,2022-11-27
2022-11-22,38.911759,-76.985294,Ward 5,2022-11-27
2022-11-22,38.908446,-76.984089,Ward 5,2022-11-27
2022-11-22,38.947139,-76.990481,Ward 5,2022-12-09
2022-11-22,38.868650,-76.986597,Ward 8,2022-11-26
2022-11-22,38.991967,-77.038802,Ward 4,2022-12-11
2022-11-22,38.895079,-76.937020,Ward 7,2022-11-26
2022-11-22,38.910936,-76.933486,Ward 7,2022-11-26
2022-11-22,38.992285,-77.041498,Ward 4,2022-12-11
2022-11-22,38.994206,-77.039443,Ward 4,2022-12-11
2022-11-22,38.909459,-77.010840,Ward 5,2022-12-02
2022-11-22,38.910214,-77.010578,Ward 5,2022-12-05
2022-11-22,38.917021,-77.046066,Ward 1,2024-01-25
2022-11-22,38.936560,-77.061313,Ward 3,2022-12-02
2022-11-22,38.907402,-77.010105,Ward 5,2022-12-05
2022-11-22,38.855442,-76.967096,Ward 8,2022-11-26
2022-11-22,38.913204,-77.020227,Ward 6,2022-11-23
2022-11-22,38.940420,-77.063350,Ward 3,2022-12-02
2022-11-22,38.940420,-77.063350,Ward 3,2022-11-28
2022-11-22,38.941213,-77.066978,Ward 3,2022-11-28
2022-11-22,38.858188,-76.964585,Ward 7,2022-11-30
2022-11-22,38.952400,-77.081779,Ward 3,2022-11-28
2022-11-22,38.920601,-77.031840,Ward 1,2022-11-29
2022-11-22,38.938455,-77.028131,Ward 4,2022-12-07
2022-11-22,38.912735,-76.984446,Ward 5,2022-12-03
2022-11-22,38.923438,-76.974175,Ward 5,2022-12-05
2022-11-22,38.845494,-76.999135,Ward 8,2022-12-02
2022-11-22,38.858214,-76.989383,Ward 8,2022-11-29
2022-11-22,38.906769,-76.986888,Ward 5,2022-12-03
2022-11-22,38.906407,-76.986078,Ward 5,2022-11-27
2022-11-22,38.907408,-76.987530,Ward 5,2022-12-03
2022-11-22,38.911773,-77.020722,Ward 6,2022-11-23
2022-11-22,38.960842,-77.000782,Ward 4,2022-12-11
2022-11-22,38.874126,-76.972746,Ward 7,2022-11-26
2022-11-22,38.913613,-77.046800,Ward 2,2022-11-23
2022-11-22,38.831165,-77.001024,Ward 8,2022-12-02
2022-11-22,38.895003,-77.031353,Ward 2,2022-11-23
2022-11-22,38.898882,-77.021190,Ward 2,2022-11-23
2022-11-22,38.843358,-76.999540,Ward 8,2022-12-02
2022-11-22,38.913275,-76.985908,Ward 5,2022-12-03
2022-11-22,38.911759,-76.985294,Ward 5,2022-11-27
2022-11-22,38.920897,-77.002736,Ward 5,2022-11-29
2022-11-22,38.947604,-77.027159,Ward 4,2022-12-07
2022-11-22,38.922819,-77.033618,Ward 1,2022-11-27
2022-11-22,38.906636,-76.928587,Ward 7,2022-11-27
2022-11-22,38.923438,-76.968064,Ward 5,2022-12-12
2022-11-22,38.860430,-76.964641,Ward 7,2022-11-30
2022-11-22,38.918340,-77.072297,Ward 3,2022-11-28
2022-11-22,38.931328,-76.974775,Ward 5,2022-11-27
2022-11-22,38.930930,-76.975057,Ward 5,2022-12-01
2022-11-22,38.930921,-76.999960,Ward 5,2022-11-29
2022-11-22,38.925752,-76.999977,Ward 5,2022-11-29
2022-11-23,38.911759,-76.985294,Ward 5,2022-11-27
2022-11-23,38.906250,-76.980718,Ward 5,2022-11-28
2022-11-23,38.917021,-77.046066,Ward 1,2022-11-23
2022-11-23,38.913044,-77.008084,Ward 5,2022-12-03
2022-11-23,38.897493,-76.935800,Ward 7,2022-11-29
2022-11-23,38.906900,-77.038773,Ward 2,2022-11-29
2022-11-23,38.902531,-76.984572,Ward 5,2022-11-23
2022-11-23,38.908343,-76.938641,Ward 7,2022-11-29
2022-11-23,38.918534,-77.042992,Ward 1,2022-12-02
2022-11-23,38.932418,-77.020619,Ward 1,2022-11-23
2022-11-23,38.925614,-77.040818,Ward 1,2022-11-23
2022-11-23,38.911671,-77.008251,Ward 5,2022-12-03
2022-11-23,38.941727,-77.024537,Ward 4,2022-12-07
2022-11-23,38.939563,-77.018765,Ward 4,2022-12-09
2022-11-23,38.934756,-77.028925,Ward 1,2022-12-01
2022-11-23,38.933034,-76.981176,Ward 5,2022-12-01
2022-11-23,38.912769,-77.011682,Ward 5,2022-12-03
2022-11-23,38.895978,-76.975221,Ward 7,2022-11-29
2022-11-23,38.895968,-76.975449,Ward 7,2022-11-29
2022-11-23,38.880114,-76.981048,Ward 6,2022-12-28
2022-11-23,38.898915,-77.002772,Ward 6,2022-12-09
2022-11-23,38.877316,-77.011838,Ward 6,2022-12-19
2022-11-23,38.879018,-76.986671,Ward 6,2022-12-28
2022-11-24,38.903932,-76.998815,Ward 6,2022-12-06
2022-11-24,38.888482,-76.932118,Ward 7,2022-11-29
2022-11-24,38.918540,-77.003304,Ward 5,2022-12-03
2022-11-24,38.896232,-76.977076,Ward 7,2022-11-29
2022-11-25,38.912803,-77.016009,Ward 5,2022-12-03
2022-11-25,38.893962,-76.984368,Ward 6,2022-12-28
2022-11-25,38.906434,-76.986875,Ward 5,2022-12-03
2022-11-25,38.924885,-77.023278,Ward 1,2022-12-01
2022-11-25,38.885112,-76.940454,Ward 7,2022-11-29
2022-11-25,38.938151,-76.981817,Ward 5,2022-12-09
2022-11-25,38.905023,-76.995945,Ward 6,2022-12-11
2022-11-25,38.868141,-76.968718,Ward 7,2022-11-29
2022-11-25,38.867964,-76.968086,Ward 7,2022-11-29
2022-11-25,38.917206,-77.006988,Ward 5,2022-12-03
2022-11-25,38.920393,-77.002539,Ward 5,2022-11-29
2022-11-25,38.862950,-76.957396,Ward 7,2022-11-29
2022-11-25,38.902958,-76.989791,Ward 5,2022-12-03
2022-11-25,38.912422,-77.015874,Ward 5,2022-11-29
2022-11-25,38.913765,-77.017780,Null,2022-12-13
2022-11-25,38.916299,-77.028303,Ward 1,2022-11-29
2022-11-25,38.930067,-77.025413,Ward 1,2022-11-29
2022-11-25,38.928499,-76.986771,Ward 5,2022-12-03
2022-11-25,38.925725,-76.999254,Ward 5,2022-12-02
2022-11-25,38.924189,-77.029403,Ward 1,2022-12-01
2022-11-26,38.884479,-76.990244,Ward 6,2022-12-11
2022-11-26,38.884358,-76.989997,Ward 6,2022-12-11
2022-11-26,38.912025,-77.005541,Ward 5,2022-12-03
2022-11-26,38.893588,-76.979172,Ward 6,2022-12-02
2022-11-26,38.893588,-76.979172,Ward 6,2022-12-02
2022-11-26,38.898669,-76.983428,Ward 6,2022-12-02
2022-11-26,38.846586,-77.004947,Ward 8,2022-12-02
2022-11-26,38.873803,-76.974320,Null,2023-01-28
2022-11-26,38.884104,-76.990245,Ward 6,2022-12-28
2022-11-26,38.946736,-77.023344,Ward 4,2022-12-11
2022-11-26,38.895003,-77.031353,Ward 2,2022-11-29
2022-11-26,38.907499,-76.943324,Ward 7,2022-11-29
2022-11-26,38.949087,-77.079184,Ward 3,2022-12-02
2022-11-26,38.916848,-77.037038,Ward 2,2022-11-29
2022-11-26,38.926227,-77.039878,Ward 1,2022-12-01
2022-11-26,38.930660,-77.032964,Ward 1,2022-12-01
2022-11-26,38.888783,-76.932069,Ward 7,2022-11-29
2022-11-26,38.960669,-77.027724,Ward 4,2022-12-07
2022-11-26,38.906731,-77.013825,Ward 6,2022-12-11
2022-11-26,38.902070,-76.931297,Ward 7,2022-11-29
2022-11-26,38.901983,-76.930046,Ward 7,2022-11-29
2022-11-26,38.911365,-77.020131,Ward 2,2022-11-29
2022-11-26,38.906734,-76.978271,Ward 5,2022-12-03
2022-11-27,38.935156,-77.032392,Ward 1,2022-11-28
2022-11-27,38.904743,-76.981155,Ward 5,2022-12-05
2022-11-27,38.891092,-76.980960,Ward 6,2022-12-02
2022-11-27,38.927651,-77.024157,Ward 1,2022-12-01
2022-11-27,38.933594,-77.022196,Ward 1,2022-12-02
2022-11-27,38.903451,-76.934729,Ward 7,2022-11-29
2022-11-27,38.870573,-76.978765,Ward 8,2022-12-02
2022-11-27,38.933964,-77.024834,Ward 1,2022-12-01
2022-11-27,38.892247,-76.985761,Ward 6,2022-12-19
2022-11-27,38.895285,-76.991760,Ward 6,2022-12-28
2022-11-27,38.901508,-76.994450,Ward 6,2022-12-11
2022-11-28,38.865836,-76.981717,Ward 8,2022-12-02
2022-11-28,38.907241,-77.035398,Ward 2,2022-11-30
2022-11-28,38.907241,-77.035398,Ward 2,2022-11-30
2022-11-28,38.904827,-76.995949,Ward 6,2022-12-11
2022-11-28,38.953643,-77.019524,Ward 4,2022-12-07
2022-11-28,38.903693,-76.990128,Ward 5,2022-12-03
2022-11-28,38.909986,-76.985389,Ward 5,2022-12-03
2022-11-28,38.870754,-76.939905,Ward 7,2022-12-03
2022-11-28,38.894605,-76.956344,Ward 7,2022-12-03
2022-11-28,38.893299,-76.980316,Ward 7,2022-12-05
2022-11-28,38.912404,-77.010055,Ward 5,2022-12-01
2022-11-28,38.917641,-76.978816,Ward 5,2022-12-08
2022-11-28,38.935210,-77.036830,Ward 1,2022-12-02
2022-11-28,38.863360,-76.987276,Ward 8,2022-12-02
2022-11-28,38.926327,-76.997720,Ward 5,2022-12-05
2022-11-28,38.827594,-77.008930,Ward 8,2022-12-02
2022-11-28,38.963564,-77.013435,Ward 4,2022-12-11
2022-11-28,38.947397,-77.035101,Ward 4,2022-12-11
2022-11-28,38.925309,-77.023439,Ward 1,2022-12-02
2022-11-28,38.881066,-76.997865,Ward 6,2022-12-08
2022-11-28,38.910022,-76.998116,Ward 5,2022-12-09
2022-11-28,38.934045,-77.034143,Ward 1,2022-12-02
2022-11-28,38.903296,-76.992433,Ward 6,2022-12-12
2022-11-28,38.897690,-76.937049,Ward 7,2022-12-03
2022-11-28,38.893447,-76.993980,Ward 6,2022-12-12
2022-11-28,38.881261,-76.986663,Ward 6,2022-12-08
2022-11-28,38.898508,-77.051197,Ward 2,2022-11-29
2022-11-28,38.910471,-77.014866,Ward 5,2022-12-09
2022-11-28,38.866100,-76.948351,Ward 7,2022-12-03
2022-11-28,38.917711,-77.004969,Ward 5,2022-12-05
2022-11-28,38.936143,-76.993694,Ward 5,2022-12-07
2022-11-28,38.884534,-76.990516,Ward 6,2022-12-28
2022-11-28,38.948591,-76.981432,Ward 5,2022-12-01
2022-11-28,38.949924,-77.026483,Ward 4,2022-12-08
2022-11-28,38.896993,-76.982073,Ward 7,2022-12-05
2022-11-28,38.904644,-76.989656,Ward 5,2022-12-11
2022-11-28,38.981861,-77.025626,Ward 4,2022-11-29
2022-11-28,38.899368,-76.998683,Ward 6,2022-12-19
2022-11-28,38.917148,-77.031725,Ward 1,2022-12-02
2022-11-28,38.924414,-77.025888,Ward 1,2022-12-02
2022-11-28,38.940574,-77.064167,Ward 3,2022-12-02
2022-11-28,38.892638,-76.991287,Ward 6,2022-12-19
2022-11-28,38.895611,-76.998222,Ward 6,2022-12-19
2022-11-29,38.902599,-76.970667,Ward 5,2022-12-09
2022-11-29,38.933003,-77.025871,Ward 1,2022-11-29
2022-11-29,38.962510,-77.001270,Ward 4,2023-02-21
2022-11-29,38.944557,-77.076422,Ward 3,2022-11-29
2022-11-29,38.953822,-77.016203,Ward 4,2022-12-11
2022-11-29,38.899411,-76.979296,Null,2023-04-04
2022-11-29,38.901508,-76.994450,Ward 6,2022-12-07
2022-11-29,38.972546,-77.026339,Ward 4,2022-12-08
2022-11-29,38.917394,-77.004970,Ward 5,2022-12-05
2022-11-29,38.891086,-76.981145,Ward 6,2022-12-05
2022-11-29,38.920685,-77.000881,Ward 5,2022-12-09
2022-11-29,38.921125,-77.001454,Ward 5,2022-12-02
2022-11-29,38.912828,-77.024453,Ward 6,2022-11-30
2022-11-29,38.918853,-77.040110,Ward 1,2022-12-02
2022-11-29,38.895631,-76.913403,Ward 7,2022-11-30
2022-11-29,38.920241,-76.987012,Ward 5,2022-12-02
2022-11-29,38.921307,-76.986313,Ward 5,2022-12-08
2022-11-29,38.903892,-76.942640,Ward 7,2022-12-03
2022-11-29,38.906547,-76.978271,Ward 5,2022-12-05
2022-11-29,38.919342,-76.985537,Ward 5,2022-12-08
2022-11-29,38.899976,-77.031213,Ward 2,2022-11-30
2022-11-29,38.906736,-76.977797,Ward 5,2022-12-05
2022-11-29,38.933003,-77.025871,Ward 1,2022-12-02
2022-11-29,38.927487,-76.963588,Ward 5,2022-12-08
2022-11-29,38.877436,-76.930235,Ward 7,2022-12-03
2022-11-29,38.845689,-77.004710,Ward 8,2023-01-06
2022-11-29,38.905938,-77.026402,Ward 2,2022-11-30
2022-11-29,38.887547,-76.961952,Ward 7,2022-12-03
2022-11-29,38.927651,-77.024157,Ward 1,2022-12-01
2022-11-29,38.867634,-76.989643,Ward 8,2023-01-04
2022-11-29,38.868230,-76.941328,Ward 7,2022-12-03
2022-11-29,38.898557,-76.943879,Ward 7,2022-12-03
2022-11-29,38.883277,-76.929657,Ward 7,2022-12-03
2022-11-29,38.905105,-76.977249,Ward 5,2022-12-08
2022-11-29,38.831165,-77.001024,Ward 8,2023-01-04
2022-11-29,38.886182,-76.983992,Ward 6,2022-12-28
2022-11-29,38.919496,-76.982295,Ward 5,2022-12-12
2022-11-29,38.875104,-76.966288,Ward 7,2022-12-03
2022-11-29,38.909337,-76.984263,Ward 5,2022-12-08
2022-11-29,38.892211,-76.993581,Ward 6,2022-12-28
2022-11-29,38.912839,-77.007804,Ward 5,2022-12-05
2022-11-29,38.965616,-77.029905,Ward 4,2022-12-13
2022-11-29,38.897690,-76.936707,Ward 7,2022-12-03
2022-11-29,38.897690,-76.937454,Ward 7,2022-12-03
2022-11-29,38.930164,-77.021905,Ward 1,2022-12-01
2022-11-29,38.898006,-76.939445,Ward 7,2022-12-03
2022-11-29,38.897700,-76.939970,Ward 7,2022-12-03
2022-11-29,38.901525,-76.994381,Ward 6,2022-12-07
2022-11-29,38.928204,-77.025869,Ward 1,2022-12-02
2022-11-29,38.878902,-76.935730,Ward 7,2022-12-03
2022-11-29,38.982096,-77.025157,Ward 4,2022-12-13
2022-11-29,38.943789,-77.080072,Ward 3,2022-12-02
2022-11-29,38.925869,-77.023565,Ward 1,2022-12-02
2022-11-29,38.904223,-76.998681,Ward 6,2022-12-07
2022-11-29,38.890088,-76.998694,Ward 6,2022-12-19
2022-11-29,38.903739,-77.036539,Ward 2,2022-11-30
2022-11-29,38.888671,-76.978995,Ward 6,2022-12-05
2022-11-29,38.864052,-76.955969,Ward 7,2022-12-03
2022-11-29,38.909210,-76.983966,Ward 5,2022-12-12
2022-11-29,38.911650,-77.006726,Ward 5,2022-12-02
2022-11-29,38.913043,-76.988058,Ward 5,2022-12-08
2022-11-29,38.905214,-76.989991,Ward 5,2022-12-19
2022-11-29,38.914608,-77.036117,Ward 2,2022-11-30
2022-11-30,38.876833,-76.967344,Ward 7,2022-12-03
2022-11-30,38.913936,-77.022302,Ward 2,2022-11-30
2022-11-30,38.917574,-77.016761,Ward 1,2022-12-02
2022-11-30,38.910976,-77.027848,Ward 2,2022-11-30
2022-11-30,38.912398,-77.017639,Ward 6,2022-11-30
2022-11-30,38.914458,-77.014460,Ward 5,2022-12-02
2022-11-30,38.885022,-76.932319,Ward 7,2022-12-03
2022-11-30,38.882984,-77.003243,Ward 6,2022-12-28
2022-11-30,38.880432,-76.981158,Ward 6,2022-12-29
2022-11-30,38.902183,-77.005586,Ward 6,2022-12-08
2022-11-30,38.928385,-77.028690,Ward 1,2022-12-05
2022-11-30,38.884534,-76.990516,Ward 6,2022-12-28
2022-11-30,38.912803,-77.016009,Ward 5,2022-12-02
2022-11-30,38.930067,-77.025413,Ward 1,2022-12-06
2022-11-30,38.895631,-76.982663,Ward 7,2022-12-05
2022-11-30,38.924657,-77.026833,Ward 1,2022-12-05
2022-11-30,38.929001,-77.037225,Ward 1,2022-12-05
2022-11-30,38.942402,-77.015648,Ward 4,2022-12-16
2022-11-30,38.905976,-77.025806,Ward 2,2022-12-01
2022-11-30,38.892010,-76.991533,Ward 6,2022-12-19
2022-11-30,38.973418,-77.018898,Ward 4,2022-12-13
2022-11-30,38.923870,-77.041444,Ward 1,2022-12-02
2022-11-30,38.911289,-77.021426,Ward 6,2022-12-01
2022-11-30,38.897104,-76.977163,Ward 7,2022-12-05
2022-11-30,38.921416,-76.984150,Ward 5,2022-12-06
2022-11-30,38.942374,-77.015996,Ward 4,2022-12-13
2022-11-30,38.944884,-77.027408,Ward 4,2022-12-09
2022-11-30,38.877797,-76.965200,Ward 7,2022-12-03
2022-11-30,38.910089,-77.031054,Ward 2,2022-12-01
2022-11-30,38.847442,-76.983431,Ward 8,2022-12-22
2022-11-30,38.898455,-76.975212,Ward 7,2022-12-03
2022-11-30,38.918948,-77.042819,Ward 1,2022-12-01
2022-11-30,38.933793,-77.028798,Ward 1,2022-12-05
2022-11-30,38.936979,-77.047361,Null,2022-12-18
2022-12-01,38.957602,-77.027205,Ward 4,2022-12-14
2022-12-01,38.917169,-77.069434,Null,2023-01-04
2022-12-01,38.917942,-77.000246,Ward 5,2022-12-02
2022-12-01,38.924525,-77.029997,Ward 1,2022-12-01
2022-12-01,38.903949,-77.027050,Ward 2,2022-12-02
2022-12-01,38.892012,-76.990246,Ward 6,2022-12-28
2022-12-01,38.892086,-77.028137,Ward 2,2022-12-02
2022-12-01,38.913936,-77.022302,Ward 2,2022-12-02
2022-12-01,38.929176,-77.030046,Ward 1,2022-12-02
2022-12-01,38.912076,-77.015446,Ward 5,2022-12-08
2022-12-01,38.917614,-77.016359,Ward 1,2022-12-05
2022-12-01,38.923981,-77.026556,Ward 1,2022-12-05
2022-12-01,38.905878,-76.927977,Ward 7,2022-12-06
2022-12-01,38.904810,-76.995439,Ward 6,2022-12-08
2022-12-01,38.936355,-77.032395,Ward 1,2022-12-05
2022-12-01,38.903849,-76.990490,Ward 5,2022-12-08
2022-12-01,38.896920,-76.960262,Ward 7,2022-12-06
2022-12-01,38.896495,-76.939470,Ward 7,2022-12-06
2022-12-01,38.893883,-76.977464,Ward 7,2022-12-06
2022-12-01,38.935402,-77.072515,Ward 3,2022-12-11
2022-12-01,38.894606,-76.989086,Ward 6,2022-12-19
2022-12-01,38.917923,-77.002685,Ward 5,2022-12-09
2022-12-01,38.894265,-76.917593,Ward 7,2022-12-06
2022-12-01,38.927875,-77.028488,Ward 1,2022-12-05
2022-12-01,38.896495,-76.939470,Ward 7,2022-12-06
2022-12-01,38.936273,-77.023741,Ward 1,2022-12-05
2022-12-01,38.929904,-77.031048,Ward 1,2022-12-05
2022-12-01,38.940807,-77.032728,Ward 4,2022-12-09
2022-12-01,38.940803,-77.031216,Ward 4,2022-12-09
2022-12-01,38.912423,-77.015749,Ward 5,2022-12-12
2022-12-01,38.941574,-77.028769,Ward 4,2022-12-14
2022-12-01,38.934756,-77.028925,Ward 1,2022-12-05
2022-12-01,38.956463,-77.026833,Ward 4,2022-12-14
2022-12-01,38.900863,-76.989746,Ward 6,2022-12-28
2022-12-01,38.898297,-76.979834,Ward 6,2022-12-06
2022-12-01,38.903296,-76.992433,Ward 6,2022-12-12
2022-12-02,38.903558,-76.995321,Ward 6,2022-12-04
2022-12-02,38.912831,-77.005194,Ward 5,2022-12-09
2022-12-02,38.929202,-77.065757,Ward 3,2022-12-02
2022-12-02,38.944191,-77.024995,Ward 4,2022-12-13
2022-12-02,38.891165,-76.983387,Ward 7,2022-12-08
2022-12-02,38.845384,-76.999720,Ward 8,2022-12-22
2022-12-02,38.913041,-76.992643,Ward 5,2022-12-09
2022-12-02,38.910909,-77.025993,Ward 2,2022-12-07
2022-12-02,38.937151,-77.032170,Ward 4,2022-12-14
2022-12-02,38.850018,-76.975431,Ward 8,2023-01-04
2022-12-02,38.877460,-76.937462,Ward 7,2022-12-07
2022-12-02,38.906547,-76.978271,Ward 5,2022-12-05
2022-12-02,38.935210,-77.036830,Ward 1,2022-12-02
2022-12-02,38.917682,-77.007317,Ward 5,2022-12-09
2022-12-02,38.953499,-77.061830,Ward 3,2022-12-08
2022-12-02,38.933793,-77.028798,Ward 1,2022-12-05
2022-12-02,38.930171,-77.024218,Ward 1,2022-12-12
2022-12-02,38.898000,-76.978098,Ward 6,2022-12-08
2022-12-02,38.896641,-76.992800,Ward 6,2022-12-29
2022-12-02,38.834327,-76.988399,Ward 8,2022-12-22
2022-12-02,38.953144,-77.012903,Ward 4,2022-12-14
2022-12-02,38.896539,-77.001794,Ward 6,2022-12-31
2022-12-02,38.924019,-77.026073,Ward 1,2022-12-08
2022-12-02,38.910223,-77.009718,Ward 5,2022-12-06
2022-12-02,38.910223,-77.009718,Ward 5,2022-12-12
2022-12-02,38.920959,-77.041782,Ward 1,2022-12-06
2022-12-02,38.920595,-77.041679,Ward 1,2022-12-06
2022-12-02,38.919592,-77.041323,Ward 1,2022-12-06
2022-12-02,38.941727,-77.024537,Ward 4,2022-12-13
2022-12-02,38.904962,-76.938404,Ward 7,2022-12-07
2022-12-03,38.931371,-77.020321,Ward 1,2022-12-06
2022-12-03,38.873596,-76.974772,Ward 8,2022-12-27
2022-12-03,38.907010,-76.930986,Ward 7,2022-12-07
2022-12-03,38.862912,-76.979608,Ward 8,2022-12-22
2022-12-03,38.958917,-77.006503,Ward 4,2022-12-15
2022-12-03,38.891837,-76.988920,Ward 6,2022-12-19
2022-12-03,38.864685,-76.957002,Ward 7,2022-12-07
2022-12-03,38.935210,-77.036830,Ward 1,2022-12-06
2022-12-03,38.949809,-77.017172,Ward 4,2022-12-13
2022-12-03,38.897555,-76.984892,Ward 6,2022-12-19
2022-12-03,38.861363,-76.982582,Ward 8,2022-12-22
2022-12-03,38.902261,-77.002898,Ward 6,2022-12-06
2022-12-03,38.918284,-77.037318,Ward 1,2022-12-08
2022-12-03,38.892586,-76.958206,Ward 7,2022-12-07
2022-12-03,38.901509,-76.997624,Ward 6,2022-12-07
2022-12-03,38.899087,-76.986878,Ward 6,2022-12-15
2022-12-03,38.895134,-76.919373,Ward 7,2022-12-07
2022-12-03,38.893134,-76.917032,Ward 7,2022-12-07
2022-12-03,38.864883,-76.968675,Ward 7,2022-12-07
2022-12-03,38.904827,-76.995949,Ward 6,2022-12-11
2022-12-03,38.944172,-77.026796,Ward 4,2022-12-14
2022-12-03,38.954471,-77.070343,Ward 3,2022-12-11
2022-12-03,38.922966,-77.045273,Ward 1,2022-12-06
2022-12-03,38.934250,-77.030019,Ward 1,2022-12-06
2022-12-03,38.877712,-76.987389,Ward 6,2022-12-11
2022-12-04,38.944172,-77.026796,Ward 4,2022-12-14
2022-12-04,38.934524,-77.019391,Ward 1,2022-12-06
2022-12-04,38.915755,-77.001782,Ward 5,2022-12-12
2022-12-04,38.901517,-77.025039,Ward 2,2022-12-08
2022-12-04,38.918107,-76.999522,Ward 5,2022-12-09
2022-12-04,38.896717,-76.919412,Ward 7,2022-12-07
2022-12-04,38.896626,-76.918779,Ward 7,2022-12-07
2022-12-04,38.893323,-76.918692,Ward 7,2022-12-07
2022-12-04,38.893504,-76.918633,Ward 7,2022-12-09
2022-12-04,38.962357,-77.010713,Ward 4,2022-12-14
2022-12-04,38.890059,-76.956066,Ward 7,2022-12-09
2022-12-04,38.932621,-77.025250,Ward 1,2022-12-06
2022-12-04,38.905865,-76.982893,Ward 5,2022-12-09
2022-12-04,38.929237,-77.023007,Ward 1,2022-12-06
2022-12-04,38.936526,-77.033237,Ward 1,2022-12-08
2022-12-04,38.873171,-76.974252,Ward 8,2022-12-28
2022-12-04,38.873957,-76.974187,Ward 7,2022-12-09
2022-12-04,38.868947,-76.980238,Ward 8,2022-12-27
2022-12-04,38.933757,-77.034255,Ward 1,2022-12-06
2022-12-04,38.894191,-76.954565,Ward 7,2022-12-09
2022-12-04,38.886212,-76.992002,Ward 6,2022-12-31
2022-12-04,38.912600,-77.003510,Ward 5,2022-12-09
2022-12-04,38.914915,-77.019115,Ward 6,2022-12-08
2022-12-04,38.934755,-77.028977,Ward 1,2022-12-08
2022-12-04,38.939969,-77.030519,Ward 4,2022-12-13
2022-12-04,38.893750,-76.990534,Ward 6,2022-12-15
2022-12-04,38.933674,-77.033224,Ward 1,2022-12-06
2022-12-04,38.934045,-77.034143,Ward 1,2022-12-06
2022-12-04,38.948255,-76.981081,Ward 5,2022-12-12
2022-12-05,38.894978,-76.980501,Ward 6,2022-12-08
2022-12-05,38.904542,-76.997682,Ward 6,2022-12-31
2022-12-05,38.873747,-76.976662,Ward 8,2022-12-28
2022-12-05,38.895290,-76.982350,Ward 6,2022-12-08
2022-12-05,38.945920,-77.021590,Ward 4,2022-12-14
2022-12-05,38.935444,-77.023667,Ward 1,2022-12-06
2022-12-05,38.910575,-77.020156,Ward 6,2022-12-07
2022-12-05,38.884259,-76.931575,Ward 7,2022-12-09
2022-12-05,38.893646,-76.938437,Ward 7,2022-12-09
2022-12-05,38.885910,-76.996358,Ward 6,2022-12-08
2022-12-05,38.924525,-77.029997,Ward 1,2022-12-06
2022-12-05,38.907228,-76.980060,Ward 5,2022-12-09
2022-12-05,38.960199,-77.012326,Ward 4,2022-12-14
2022-12-05,38.960331,-77.011358,Ward 4,2022-12-14
2022-12-05,38.864086,-76.984296,Ward 8,2022-12-22
2022-12-05,38.910877,-77.037253,Ward 2,2022-12-07
2022-12-05,38.934740,-77.029102,Ward 1,2022-12-08
2022-12-05,38.863521,-76.983149,Ward 8,2023-01-05
2022-12-05,38.863414,-76.980646,Ward 8,2022-12-22
2022-12-05,38.934419,-77.026975,Ward 1,2022-12-08
2022-12-05,38.925752,-76.999977,Ward 5,2022-12-09
2022-12-05,38.906306,-77.036949,Ward 2,2022-12-07
2022-12-05,38.893822,-76.981014,Ward 6,2022-12-08
2022-12-05,38.942915,-76.998215,Ward 5,2022-12-11
2022-12-05,38.933599,-77.022140,Ward 1,2022-12-08
2022-12-05,38.943208,-77.016319,Ward 4,2022-12-14
2022-12-05,38.958142,-77.034595,Ward 4,2022-12-14
2022-12-05,38.890756,-76.960929,Ward 7,2022-12-11
2022-12-05,38.865302,-76.949931,Ward 7,2022-12-11
2022-12-05,38.884479,-76.990244,Ward 6,2022-12-11
2022-12-05,38.892367,-76.991328,Ward 6,2023-01-04
2022-12-05,38.888808,-76.991220,Ward 6,2022-12-31
2022-12-05,38.914695,-77.032871,Ward 2,2022-12-07
2022-12-05,38.949619,-77.013447,Ward 4,2022-12-27
2022-12-05,38.916975,-77.043887,Ward 1,2022-12-08
2022-12-05,38.832218,-76.992900,Ward 8,2022-12-22
2022-12-05,38.906120,-76.986139,Ward 5,2022-12-09
2022-12-05,38.909839,-77.068006,Ward 2,2022-12-08
2022-12-05,38.905780,-76.982681,Ward 5,2022-12-09
2022-12-06,38.901801,-76.930600,Ward 7,2022-12-11
2022-12-06,38.919168,-77.040530,Ward 1,2022-12-08
2022-12-06,38.907660,-76.984217,Ward 5,2022-12-09
2022-12-06,38.932867,-76.964566,Ward 5,2022-12-09
2022-12-06,38.904400,-76.994701,Ward 6,2022-12-06
2022-12-06,38.890701,-76.949271,Ward 7,2022-12-13
2022-12-06,38.951935,-77.017791,Ward 4,2022-12-15
2022-12-06,38.904489,-76.994700,Ward 6,2022-12-06
2022-12-06,38.904456,-76.991919,Ward 5,2022-12-09
2022-12-06,38.959207,-77.074838,Ward 3,2022-12-08
2022-12-06,38.927585,-77.021466,Ward 1,2022-12-08
2022-12-06,38.910290,-77.014835,Ward 5,2022-12-11
2022-12-06,38.936526,-77.033237,Ward 1,2022-12-07
2022-12-06,38.905337,-76.943172,Ward 7,2022-12-11
2022-12-06,38.935348,-77.028775,Ward 1,2022-12-12
2022-12-06,38.930224,-77.021209,Ward 1,2023-02-23
2022-12-06,38.940204,-76.996787,Ward 5,2022-12-11
2022-12-06,38.945235,-77.026725,Ward 4,2022-12-16
2022-12-06,38.932933,-77.038579,Ward 1,2022-12-08
2022-12-06,38.903500,-76.992434,Ward 6,2022-12-11
2022-12-06,38.912894,-77.029007,Ward 2,2022-12-07
2022-12-06,38.893995,-76.958594,Ward 7,2022-12-11
2022-12-06,38.908446,-76.984089,Ward 5,2022-12-19
2022-12-06,38.890587,-76.924019,Ward 7,2022-12-11
2022-12-06,38.885589,-76.919036,Ward 7,2022-12-11
2022-12-06,38.883894,-76.921282,Ward 7,2022-12-11
2022-12-06,38.882407,-76.923118,Ward 7,2022-12-11
2022-12-06,38.883097,-76.922886,Ward 7,2022-12-11
2022-12-06,38.882426,-76.923257,Ward 7,2022-12-11
2022-12-06,38.882460,-76.923609,Ward 7,2022-12-11
2022-12-06,38.881836,-76.924287,Ward 7,2022-12-11
2022-12-06,38.881512,-76.924963,Ward 7,2022-12-11
2022-12-06,38.907463,-77.009464,Ward 5,2022-12-19
2022-12-06,38.881512,-76.924963,Ward 7,2022-12-11
2022-12-06,38.967462,-77.022919,Ward 4,2022-12-14
2022-12-06,38.876707,-76.932146,Ward 7,2022-12-11
2022-12-06,38.876670,-76.933092,Ward 7,2022-12-11
2022-12-06,38.881428,-76.929021,Ward 7,2022-12-11
2022-12-06,38.881428,-76.929021,Ward 7,2022-12-11
2022-12-06,38.962874,-77.020966,Ward 4,2022-12-14
2022-12-06,38.965098,-77.029298,Ward 4,2022-12-18
2022-12-06,38.907703,-76.984320,Ward 5,2022-12-11
2022-12-06,38.908856,-76.985062,Ward 5,2022-12-19
2022-12-06,38.914029,-77.014971,Ward 5,2022-12-21
2022-12-06,38.916617,-77.020319,Ward 1,2023-02-23
2022-12-06,38.896827,-76.983222,Ward 6,2022-12-08
2022-12-06,38.835928,-77.004005,Ward 8,2022-12-27
2022-12-06,38.916990,-77.023955,Ward 1,2023-02-23
2022-12-06,38.933944,-77.021838,Ward 1,2022-12-13
2022-12-07,38.876833,-76.967344,Ward 7,2022-12-11
2022-12-07,38.893127,-76.916892,Ward 7,2022-12-11
2022-12-07,38.913333,-77.032945,Ward 2,2022-12-08
2022-12-07,38.971704,-77.011165,Ward 4,2022-12-16
2022-12-07,38.936106,-77.032488,Ward 1,2022-12-12
2022-12-07,38.910471,-77.014866,Ward 5,2022-12-12
2022-12-07,38.912048,-77.027352,Ward 2,2022-12-08
2022-12-07,38.887417,-76.978759,Ward 6,2022-12-11
2022-12-07,38.898171,-76.984400,Ward 6,2022-12-31
2022-12-07,38.935962,-77.029963,Ward 1,2022-12-12
2022-12-07,38.924525,-77.029997,Ward 1,2022-12-13
2022-12-07,38.912951,-77.027381,Ward 2,2022-12-08
2022-12-07,38.925299,-77.023501,Ward 1,2022-12-13
2022-12-07,38.925497,-77.028289,Ward 1,2023-02-27
2022-12-07,38.910089,-77.031054,Ward 2,2022-12-08
2022-12-07,38.901508,-76.994450,Ward 6,2022-12-11
2022-12-07,38.923675,-77.034314,Ward 1,2022-12-14
2022-12-07,38.881462,-76.984612,Ward 6,2022-12-11
2022-12-07,38.908392,-77.034889,Ward 2,2022-12-08
2022-12-07,38.930444,-77.023651,Ward 1,2023-02-23
2022-12-07,38.882911,-77.003754,Ward 6,2022-12-19
2022-12-07,38.910204,-77.034925,Ward 2,2022-12-08
2022-12-07,38.951004,-76.986797,Ward 5,2022-12-12
2022-12-07,38.872634,-76.948910,Ward 7,2022-12-11
2022-12-07,38.909835,-77.036066,Ward 2,2022-12-08
2022-12-07,38.871535,-76.946346,Ward 7,2022-12-11
2022-12-07,38.850497,-76.980023,Ward 8,2023-01-05
2022-12-07,38.901508,-76.994450,Ward 6,2022-12-11
2022-12-07,38.850497,-76.980023,Ward 8,2023-01-05
2022-12-07,38.904063,-76.998444,Ward 6,2023-01-04
2022-12-07,38.907241,-77.035398,Ward 2,2022-12-08
2022-12-07,38.893976,-76.916166,Ward 7,2022-12-11
2022-12-07,38.894601,-76.983035,Ward 6,2022-12-11
2022-12-07,38.879802,-76.926909,Ward 7,2022-12-11
2022-12-07,38.901801,-76.930600,Ward 7,2022-12-11
2022-12-07,38.934235,-77.037904,Ward 1,2022-12-11
2022-12-08,38.854469,-76.966496,Ward 8,2023-01-10
2022-12-08,38.903742,-76.986527,Ward 5,2022-12-19
2022-12-08,38.893712,-76.952520,Ward 7,2022-12-11
2022-12-08,38.916120,-77.008384,Ward 5,2022-12-13
2022-12-08,38.990538,-77.035342,Ward 4,2022-12-16
2022-12-08,38.896890,-76.982593,Ward 7,2022-12-11
2022-12-08,38.869419,-76.958178,Ward 7,2022-12-11
2022-12-08,38.868816,-76.958319,Ward 7,2022-12-11
2022-12-08,38.949999,-77.023926,Ward 4,2022-12-15
2022-12-08,38.930067,-77.025413,Ward 1,2022-12-13
2022-12-08,38.867267,-76.980777,Ward 8,2022-12-30
2022-12-08,38.870732,-76.958981,Ward 7,2022-12-11
2022-12-08,38.924985,-77.028645,Ward 1,2022-12-12
2022-12-08,38.898503,-76.933567,Ward 7,2022-12-11
2022-12-08,38.921182,-77.045785,Ward 1,2022-12-11
2022-12-08,38.946115,-77.020032,Ward 4,2022-12-16
2022-12-08,38.905023,-76.995945,Ward 6,2022-12-31
2022-12-08,38.925977,-77.029421,Ward 1,2023-02-27
2022-12-08,38.904552,-76.995195,Ward 6,2022-12-15
2022-12-08,38.960705,-77.001347,Ward 4,2022-12-15
2022-12-08,38.920761,-77.000569,Ward 5,2022-12-13
2022-12-08,38.832037,-76.992212,Ward 8,2022-12-22
2022-12-08,38.894543,-76.917777,Ward 7,2023-02-28
2022-12-08,38.929411,-77.020476,Ward 1,2023-02-27
2022-12-08,38.950886,-77.016429,Ward 4,2022-12-16
2022-12-08,38.933467,-77.041004,Ward 1,2024-01-25
2022-12-08,38.902705,-76.979444,Ward 5,2022-12-19
2022-12-08,38.960331,-77.011358,Ward 4,2022-12-14
2022-12-08,38.942769,-76.997517,Ward 5,2022-12-16
2022-12-08,38.929411,-77.020476,Ward 1,2023-02-27
2022-12-08,38.929079,-77.026565,Ward 1,2023-02-23
2022-12-08,38.913169,-77.038225,Ward 2,2022-12-13
2022-12-08,38.955291,-77.015307,Ward 4,2022-12-16
2022-12-08,38.924410,-77.040499,Ward 1,2023-02-23
2022-12-08,38.881428,-76.929021,Ward 7,2022-12-11
2022-12-08,38.915755,-77.001087,Ward 5,2022-12-13
2022-12-08,38.965119,-77.028351,Ward 4,2022-12-18
2022-12-08,38.927887,-76.969103,Ward 5,2022-12-19
2022-12-08,38.853298,-76.983303,Ward 8,2023-01-10
2022-12-08,38.927487,-76.963588,Ward 5,2022-12-19
2022-12-09,38.930029,-77.027540,Ward 1,2022-12-12
2022-12-09,38.904287,-76.981243,Ward 5,2022-12-20
2022-12-09,38.899150,-76.998240,Ward 6,2022-12-31
2022-12-09,38.927433,-77.030241,Ward 1,2022-12-12
2022-12-09,38.911739,-77.037903,Ward 2,2022-12-13
2022-12-09,38.884623,-76.958199,Ward 7,2023-02-28
2022-12-09,38.939532,-77.032078,Ward 4,2022-12-31
2022-12-09,38.930386,-76.968330,Ward 5,2022-12-19
2022-12-09,38.903568,-76.993087,Ward 6,2022-12-31
2022-12-09,38.911298,-77.028949,Ward 2,2022-12-14
2022-12-09,38.864685,-76.957002,Ward 7,2023-02-28
2022-12-09,38.934666,-77.029504,Ward 1,2022-12-21
2022-12-09,38.926283,-77.025073,Ward 1,2023-01-05
2022-12-09,38.949292,-76.982334,Ward 5,2022-12-19
2022-12-09,38.867981,-76.981735,Ward 8,2022-12-22
2022-12-09,38.891825,-76.953980,Ward 7,2023-02-28
2022-12-09,38.934351,-77.043144,Ward 1,2022-12-13
2022-12-09,38.924713,-77.051758,Ward 3,2022-12-13
2022-12-09,38.952303,-77.017377,Ward 4,2022-12-15
2022-12-09,38.866517,-76.982437,Ward 8,2022-12-22
2022-12-09,38.930719,-76.991565,Ward 5,2022-12-19
2022-12-09,38.929837,-76.989125,Ward 5,2022-12-16
2022-12-09,38.909792,-77.061926,Ward 2,2022-12-13
2022-12-09,38.933945,-77.021953,Ward 1,2022-12-21
2022-12-09,38.896547,-77.019388,Ward 2,2022-12-20
2022-12-09,38.930135,-77.026090,Ward 1,2022-12-13
2022-12-09,38.935496,-77.027423,Ward 1,2022-12-13
2022-12-09,38.935086,-77.023428,Ward 1,2022-12-13
2022-12-09,38.905666,-76.981563,Ward 5,2022-12-16
2022-12-09,38.907145,-76.983170,Ward 5,2022-12-12
2022-12-09,38.931682,-77.039549,Ward 1,2022-12-31
2022-12-09,38.898407,-76.980501,Ward 6,2022-12-19
2022-12-09,38.933599,-77.022140,Ward 1,2022-12-27
2022-12-09,38.890098,-76.960018,Ward 7,2022-12-15
2022-12-09,38.957913,-77.021637,Ward 4,2023-01-16
2022-12-09,38.949573,-77.013343,Ward 4,2022-12-27
2022-12-09,38.941160,-77.026067,Ward 4,2022-12-29
2022-12-09,38.940656,-77.027226,Ward 4,2022-12-29
2022-12-09,38.893712,-76.952520,Ward 7,2022-12-11
2022-12-09,38.930284,-77.021112,Ward 1,2022-12-29
2022-12-09,38.903123,-76.990557,Ward 5,2022-12-12
2022-12-09,38.942866,-77.020536,Ward 4,2023-01-12
2022-12-10,38.898553,-76.926271,Ward 7,2022-12-15
2022-12-10,38.906118,-76.999738,Ward 6,2022-12-29
2022-12-10,38.925929,-76.994735,Ward 5,2022-12-16
2022-12-10,38.896231,-76.975186,Ward 7,2022-12-15
2022-12-10,38.924525,-77.029997,Ward 1,2022-12-13
2022-12-10,38.883407,-77.004692,Ward 6,2022-12-16
2022-12-10,38.924189,-77.029403,Ward 1,2022-12-31
2022-12-10,38.907751,-77.048214,Ward 2,2022-12-13
2022-12-10,38.884655,-76.942473,Ward 7,2022-12-15
2022-12-10,38.884580,-76.947573,Ward 7,2022-12-15
2022-12-10,38.884654,-76.946968,Ward 7,2022-12-15
2022-12-10,38.877828,-76.942242,Ward 7,2022-12-15
2022-12-10,38.877855,-76.942097,Ward 7,2022-12-15
2022-12-10,38.876087,-76.938343,Ward 7,2022-12-15
2022-12-10,38.882360,-76.945988,Ward 7,2022-12-15
2022-12-10,38.897128,-76.998636,Ward 6,2022-12-19
2022-12-10,38.876289,-76.967928,Ward 7,2022-12-15
2022-12-10,38.876833,-76.967344,Ward 7,2022-12-11
2022-12-10,38.922428,-77.027036,Ward 1,2022-12-13
2022-12-10,38.893388,-76.914801,Ward 7,2022-12-15
2022-12-10,38.846080,-76.998516,Ward 8,2022-12-27
2022-12-10,38.855838,-76.995070,Ward 8,2023-01-05
2022-12-10,38.896291,-76.988846,Ward 6,2023-01-06
2022-12-10,38.870018,-76.980108,Ward 8,2022-12-19
2022-12-10,38.940723,-76.994904,Ward 5,2022-12-19
2022-12-10,38.914547,-77.003227,Ward 5,2022-12-19
2022-12-10,38.915426,-77.009359,Ward 5,2022-12-16
2022-12-10,38.869151,-76.958898,Ward 7,2022-12-15
2022-12-10,38.928904,-77.031132,Ward 1,2022-12-31
2022-12-10,38.907406,-77.009719,Ward 5,2022-12-13
2022-12-10,38.898178,-76.937831,Ward 7,2022-12-15
2022-12-10,38.922436,-76.992415,Ward 5,2022-12-16
2022-12-10,38.923397,-77.025025,Ward 1,2022-12-12
2022-12-10,38.906193,-76.988004,Ward 5,2022-12-12
2022-12-10,38.917167,-77.016152,Ward 1,2022-12-21
2022-12-10,38.917390,-77.046169,Ward 1,2022-12-13
2022-12-10,38.902255,-76.996994,Ward 6,2023-01-04
2022-12-10,38.902599,-76.970667,Ward 5,2022-12-13
2022-12-11,38.893740,-76.987274,Ward 6,2022-12-31
2022-12-11,38.873655,-76.974266,Ward 8,2023-01-10
2022-12-11,38.902599,-76.970667,Ward 5,2022-12-13
2022-12-11,38.896281,-76.982050,Ward 6,2022-12-19
2022-12-11,38.950267,-76.990554,Ward 5,2022-12-16
2022-12-11,38.900698,-76.976681,Ward 5,2022-12-13
2022-12-11,38.903357,-76.972299,Ward 5,2022-12-13
2022-12-11,38.901091,-76.975975,Ward 5,2022-12-16
2022-12-11,38.878981,-76.984893,Ward 6,2022-12-29
2022-12-11,38.928047,-77.022266,Ward 1,2022-12-13
2022-12-11,38.903069,-76.980264,Ward 5,2022-12-20
2022-12-11,38.914680,-77.003250,Ward 5,2022-12-16
2022-12-11,38.901627,-76.929382,Ward 7,2022-12-15
2022-12-11,38.902828,-76.929758,Ward 7,2022-12-18
2022-12-11,38.902029,-76.929771,Ward 7,2022-12-15
2022-12-11,38.909853,-77.014316,Ward 5,2022-12-19
2022-12-11,38.898521,-76.923297,Ward 7,2022-12-18
2022-12-11,38.896789,-76.919391,Ward 7,2022-12-18
2022-12-11,38.933128,-77.019149,Ward 1,2022-12-31
2022-12-11,38.948048,-77.039094,Ward 4,2022-12-28
2022-12-11,38.932103,-77.024954,Ward 1,2022-12-21
2022-12-12,38.933057,-76.961975,Ward 5,2022-12-13
2022-12-12,38.923988,-77.030134,Ward 1,2022-12-31
2022-12-12,38.927491,-77.041569,Ward 1,2022-12-13
2022-12-12,38.943164,-77.082043,Ward 3,2022-12-21
2022-12-12,38.905093,-77.071507,Ward 2,2022-12-13
2022-12-12,38.907925,-76.986305,Ward 5,2022-12-20
2022-12-12,38.896283,-76.938158,Ward 7,2022-12-18
2022-12-12,38.892010,-76.980762,Ward 7,2022-12-22
2022-12-12,38.896096,-76.954803,Ward 7,2022-12-16
2022-12-12,38.934395,-77.023285,Ward 1,2022-12-27
2022-12-12,38.907597,-76.986340,Ward 5,2022-12-16
2022-12-12,38.907394,-77.053417,Ward 2,2022-12-13
2022-12-12,38.906070,-76.936736,Ward 7,2022-12-18
2022-12-12,38.900280,-77.052554,Ward 2,2022-12-13
2022-12-12,38.945947,-77.026978,Ward 4,2023-01-12
2022-12-12,38.901507,-76.997819,Ward 6,2023-01-05
2022-12-12,38.935663,-77.023693,Ward 1,2022-12-27
2022-12-12,38.933266,-77.037708,Ward 1,2022-12-14
2022-12-12,38.934210,-77.038334,Ward 1,2022-12-31
2022-12-12,38.906233,-76.978251,Ward 5,2022-12-16
2022-12-12,38.828078,-77.013360,Ward 8,2022-12-30
2022-12-12,38.908163,-77.007478,Ward 5,2022-12-26
2022-12-12,38.911739,-77.037903,Ward 2,2022-12-13
2022-12-12,38.858818,-76.961240,Ward 7,2022-12-18
2022-12-12,38.926000,-77.025543,Ward 1,2022-12-31
2022-12-12,38.907437,-76.988551,Ward 5,2022-12-20
2022-12-12,38.893134,-76.917032,Ward 7,2022-12-18
2022-12-12,38.903808,-76.926081,Ward 7,2022-12-16
2022-12-12,38.887240,-76.994699,Ward 6,2022-12-29
2022-12-12,38.934115,-77.019983,Ward 1,2022-12-13
2022-12-12,38.942456,-77.032994,Ward 4,2023-01-12
2022-12-12,38.908140,-76.987512,Ward 5,2022-12-20
2022-12-12,38.942444,-76.999259,Ward 5,2022-12-24
2022-12-12,38.914273,-77.002870,Ward 5,2022-12-16
2022-12-12,38.823095,-76.999233,Ward 8,2022-12-27
2022-12-12,38.960331,-77.011358,Ward 4,2023-01-16
2022-12-12,38.902093,-76.945728,Ward 7,2022-12-16
2022-12-12,38.970364,-77.026902,Ward 4,2022-12-18
2022-12-12,38.900253,-77.052583,Ward 2,2022-12-12
2022-12-12,38.897223,-76.980967,Ward 6,2022-12-22
2022-12-12,38.897555,-76.984892,Ward 6,2022-12-29
2022-12-12,38.903547,-76.995379,Ward 6,2022-12-22
2022-12-12,38.829605,-77.013618,Ward 8,2022-12-27
2022-12-12,38.896920,-76.942046,Ward 7,2022-12-16
2022-12-12,38.944380,-77.070326,Ward 3,2022-12-21
2022-12-12,38.965192,-77.029220,Ward 4,2022-12-20
2022-12-12,38.900253,-77.052583,Ward 2,2022-12-13
2022-12-12,38.929885,-77.020837,Ward 1,2023-01-04
2022-12-12,38.933018,-77.028768,Ward 1,2022-12-27
2022-12-12,38.910631,-77.020149,Ward 6,2022-12-20
2022-12-12,38.894605,-76.956344,Ward 7,2022-12-18
2022-12-13,38.822885,-76.999584,Ward 8,2022-12-27
2022-12-13,38.935108,-77.023245,Ward 1,2022-12-21
2022-12-13,38.965240,-77.030578,Ward 4,2023-01-16
2022-12-13,38.888839,-76.978299,Ward 6,2022-12-22
2022-12-13,38.894945,-76.980997,Ward 6,2022-12-22
2022-12-13,38.902032,-76.928673,Ward 7,2022-12-14
2022-12-13,38.905023,-76.995945,Ward 6,2022-12-16
2022-12-13,38.943686,-76.985948,Ward 5,2022-12-16
2022-12-13,38.933650,-77.032959,Ward 1,2022-12-27
2022-12-13,38.832277,-76.988030,Ward 8,2023-01-21
2022-12-13,38.861493,-76.980218,Ward 8,2023-01-05
2022-12-13,38.887777,-76.937891,Ward 7,2022-12-18
2022-12-13,38.832240,-77.006128,Ward 8,2023-01-21
2022-12-13,38.934117,-77.021933,Ward 1,2022-12-21
2022-12-13,38.877796,-77.013831,Ward 6,2022-12-16
2022-12-13,38.905663,-76.987512,Ward 5,2022-12-16
2022-12-13,38.920158,-76.985792,Ward 5,2022-12-14
2022-12-13,38.946123,-77.096483,Ward 3,2022-12-14
2022-12-13,38.931091,-77.057421,Ward 3,2022-12-14
2022-12-13,38.895714,-76.941842,Ward 7,2022-12-18
2022-12-13,38.936978,-77.031517,Ward 4,2023-01-12
2022-12-13,38.863797,-76.987015,Ward 8,2023-01-19
2022-12-13,38.939974,-77.031688,Ward 4,2023-01-12
2022-12-13,38.872072,-76.967197,Ward 7,2022-12-30
2022-12-13,38.911650,-77.006726,Ward 5,2022-12-19
2022-12-13,38.911648,-77.007182,Ward 5,2022-12-16
2022-12-13,38.911292,-77.008393,Ward 5,2022-12-16
2022-12-13,38.949113,-77.016377,Ward 4,2023-01-16
2022-12-13,38.896496,-76.985278,Ward 6,2023-01-05
2022-12-13,38.858283,-76.993945,Ward 8,2022-12-20
2022-12-13,38.841166,-76.986687,Ward 8,2022-12-16
2022-12-13,38.908856,-76.985062,Ward 5,2022-12-24
2022-12-13,38.897383,-76.917257,Ward 7,2022-12-18
2022-12-13,38.958191,-77.016553,Ward 4,2023-01-16
2022-12-13,38.905756,-76.987791,Ward 5,2022-12-16
2022-12-13,38.903693,-76.990128,Ward 5,2022-12-24
2022-12-13,38.869027,-77.006110,Ward 6,2023-01-04
2022-12-13,38.858283,-76.993945,Ward 8,2022-12-20
2022-12-13,38.932449,-77.024054,Ward 1,2022-12-14
2022-12-13,38.903182,-76.929893,Ward 7,2022-12-16
2022-12-13,38.903316,-76.931427,Ward 7,2022-12-16
2022-12-13,38.906233,-76.978251,Ward 5,2022-12-16
2022-12-13,38.934045,-77.034143,Ward 1,2022-12-21
2022-12-13,38.894601,-76.983155,Ward 6,2022-12-22
2022-12-13,38.931427,-77.022897,Ward 1,2022-12-27
2022-12-14,38.886327,-76.941152,Ward 7,2022-12-16
2022-12-14,38.875676,-76.957541,Ward 7,2022-12-16
2022-12-14,38.950489,-76.995802,Ward 5,2022-12-16
2022-12-14,38.903316,-76.931427,Ward 7,2022-12-16
2022-12-14,38.927685,-77.024006,Ward 1,2022-12-21
2022-12-14,38.933944,-77.021838,Ward 1,2022-12-21
2022-12-14,38.897195,-77.002276,Ward 6,2023-01-04
2022-12-14,38.896286,-76.981744,Ward 6,2022-12-22
2022-12-14,38.876819,-76.960588,Ward 7,2022-12-18
2022-12-14,38.942540,-76.999349,Ward 5,2022-12-26
2022-12-14,38.907407,-77.009909,Ward 5,2022-12-24
2022-12-14,38.847039,-77.002462,Ward 8,2023-01-19
2022-12-14,38.909307,-77.049160,Ward 2,2022-12-27
2022-12-14,38.898041,-76.991810,Ward 6,2023-01-06
2022-12-14,38.947135,-77.042270,Ward 4,2023-01-09
2022-12-14,38.947135,-77.042270,Ward 4,2023-01-09
2022-12-14,38.889073,-76.987569,Ward 6,2023-01-04
2022-12-14,38.965979,-77.028288,Ward 4,2023-01-12
2022-12-14,38.900631,-76.940773,Ward 7,2022-12-16
2022-12-14,38.909412,-77.014581,Ward 5,2023-01-06
2022-12-14,38.920660,-77.000869,Ward 5,2022-12-24
2022-12-14,38.934158,-77.034454,Ward 1,2023-01-05
2022-12-14,38.934183,-77.034514,Ward 1,2023-01-05
2022-12-14,38.952187,-77.035979,Ward 4,2023-01-09
2022-12-14,38.933057,-76.961975,Ward 5,2022-12-29
2022-12-14,38.873655,-76.974266,Ward 8,2023-01-10
2022-12-14,38.957470,-77.012859,Ward 4,2023-01-13
2022-12-14,38.925320,-77.030033,Ward 1,2022-12-21
2022-12-14,38.925004,-77.030997,Ward 1,2022-12-21
2022-12-14,38.918284,-77.037378,Ward 1,2022-12-21
2022-12-14,38.924993,-77.030291,Ward 1,2022-12-27
2022-12-14,38.865302,-76.949931,Ward 7,2022-12-20
2022-12-14,38.916403,-77.000839,Ward 5,2022-12-20
2022-12-14,38.936307,-77.058369,Ward 3,2022-12-19
2022-12-14,38.956649,-77.020083,Ward 4,2023-01-13
2022-12-14,38.904553,-77.020155,Ward 6,2022-12-20
2022-12-14,38.955967,-77.026954,Ward 4,2023-01-13
2022-12-14,38.890099,-76.960482,Ward 7,2022-12-19
2022-12-14,38.926661,-76.980753,Ward 5,2022-12-26
2022-12-14,38.889809,-76.999518,Ward 6,2023-01-07
2022-12-14,38.922162,-76.962365,Ward 5,2022-12-26
2022-12-14,38.874778,-77.010437,Ward 6,2022-12-22
2022-12-14,38.835928,-77.004005,Ward 8,2023-01-19
2022-12-14,38.833169,-76.988049,Ward 8,2023-01-22
2022-12-14,38.912411,-77.032289,Ward 2,2022-12-20
2022-12-15,38.871752,-77.011970,Ward 6,2022-12-16
2022-12-15,38.898595,-76.993167,Ward 6,2022-12-16
2022-12-15,38.890059,-76.956066,Ward 7,2022-12-19
2022-12-15,38.895933,-76.982058,Ward 6,2022-12-22
2022-12-15,38.895635,-76.982338,Ward 6,2022-12-16
2022-12-15,38.924993,-77.030226,Ward 1,2022-12-27
2022-12-15,38.899089,-76.990816,Ward 6,2022-12-15
2022-12-15,38.921267,-77.030495,Ward 1,2023-01-05
2022-12-15,38.935444,-77.023667,Ward 1,2023-01-05
2022-12-15,38.899089,-76.990816,Ward 6,2022-12-15
2022-12-15,38.906037,-77.025807,Ward 2,2022-12-20
2022-12-15,38.906642,-77.042783,Ward 2,2022-12-20
2022-12-15,38.927358,-76.980471,Ward 5,2023-01-11
2022-12-15,38.934793,-77.057648,Ward 3,2022-12-19
2022-12-15,38.916999,-77.029621,Ward 1,2023-01-06
2022-12-15,38.910621,-77.049582,Ward 2,2022-12-20
2022-12-15,38.919466,-77.042631,Ward 1,2022-12-27
2022-12-15,38.909599,-76.987609,Ward 5,2022-12-26
2022-12-15,38.909847,-77.011976,Ward 5,2022-12-26
2022-12-15,38.884211,-76.959285,Ward 7,2022-12-20
2022-12-15,38.894601,-76.983155,Ward 6,2022-12-22
2022-12-15,38.893574,-76.987110,Ward 6,2023-01-10
2022-12-15,38.937151,-77.032170,Ward 4,2023-01-19
2022-12-15,38.914185,-77.015142,Ward 5,2022-12-24
2022-12-15,38.870526,-76.970137,Ward 7,2022-12-20
2022-12-15,38.869277,-76.969997,Ward 7,2022-12-20
2022-12-15,38.825837,-77.008497,Ward 8,2023-01-21
2022-12-15,38.931263,-77.040741,Ward 1,2023-01-06
2022-12-16,38.925583,-76.994966,Ward 5,2022-12-26
2022-12-16,38.942712,-76.990514,Ward 5,2022-12-26
2022-12-16,38.931743,-77.023866,Ward 1,2022-12-21
2022-12-16,38.931743,-77.023866,Ward 1,2022-12-21
2022-12-16,38.931743,-77.023866,Ward 1,2022-12-21
2022-12-16,38.919576,-77.028985,Ward 1,2022-12-29
2022-12-16,38.923040,-76.950366,Ward 5,2022-12-26
2022-12-16,38.916799,-77.001087,Ward 5,2022-12-24
2022-12-16,38.905118,-76.997339,Ward 6,2023-01-05
2022-12-16,38.903871,-76.995202,Ward 6,2023-01-09
2022-12-16,38.966419,-77.009047,Ward 4,2023-01-16
2022-12-16,38.893992,-76.980102,Ward 6,2022-12-22
2022-12-16,38.878739,-76.965363,Ward 7,2022-12-20
2022-12-16,38.905396,-76.971953,Ward 5,2022-12-26
2022-12-16,38.870572,-76.979252,Ward 8,2023-01-10
2022-12-16,38.904552,-76.995195,Ward 6,2023-01-09
2022-12-16,38.903461,-76.934427,Ward 7,2022-12-20
2022-12-16,38.951935,-77.017791,Ward 4,2023-01-16
2022-12-16,38.910631,-77.020149,Ward 6,2022-12-20
2022-12-16,38.917184,-77.024894,Ward 1,2023-01-05
2022-12-16,38.931234,-77.019216,Ward 1,2022-12-21
2022-12-16,38.911776,-77.051193,Ward 2,2022-12-20
2022-12-16,38.903156,-76.986029,Ward 5,2022-12-24
2022-12-16,38.898105,-76.977635,Ward 6,2022-12-24
2022-12-16,38.901090,-77.051888,Ward 2,2022-12-20
2022-12-16,38.830283,-76.996900,Ward 8,2023-01-21
2022-12-16,38.932646,-77.040260,Ward 1,2022-12-27
2022-12-16,38.922194,-76.974976,Ward 5,2022-12-19
2022-12-16,38.921481,-76.962925,Ward 5,2022-12-26
2022-12-16,38.922109,-76.975389,Ward 5,2022-12-26
2022-12-16,38.974486,-77.018021,Ward 4,2023-01-16
2022-12-16,38.956589,-77.021784,Ward 4,2023-01-16
2022-12-16,38.973806,-77.019615,Ward 4,2023-01-16
2022-12-16,38.873189,-76.975747,Ward 8,2023-01-20
2022-12-16,38.906586,-76.986500,Ward 5,2022-12-24
2022-12-16,38.906035,-76.977840,Ward 5,2022-12-26
2022-12-16,38.903311,-77.030016,Ward 2,2022-12-20
2022-12-16,38.925627,-77.025486,Ward 1,2022-12-19
2022-12-17,38.924525,-77.029997,Ward 1,2022-12-18
2022-12-17,38.900418,-76.985968,Ward 6,2023-01-10
2022-12-17,38.854469,-76.966496,Ward 8,2023-01-10
2022-12-17,38.933596,-76.961395,Ward 5,2022-12-29
2022-12-17,38.914592,-77.092173,Ward 3,2022-12-19
2022-12-17,38.874826,-76.970349,Ward 7,2022-12-27
2022-12-17,38.924985,-77.028645,Ward 1,2023-01-05
2022-12-17,38.944323,-77.027359,Ward 4,2023-01-16
2022-12-17,38.843284,-76.989384,Ward 8,2023-01-21
2022-12-17,38.913083,-77.003237,Ward 5,2022-12-24
2022-12-17,38.892368,-76.915379,Ward 7,2022-12-20
2022-12-17,38.900404,-76.997387,Ward 6,2023-01-06
2022-12-17,38.902087,-76.928754,Ward 7,2022-12-20
2022-12-17,38.927186,-76.981361,Ward 5,2022-12-26
2022-12-17,38.899238,-76.998241,Ward 6,2023-01-09
2022-12-17,38.909456,-77.014410,Ward 5,2022-12-24
2022-12-17,38.929680,-77.018695,Ward 1,2022-12-27
2022-12-17,38.904360,-76.990781,Ward 5,2022-12-26
2022-12-17,38.949307,-77.015504,Ward 4,2023-01-22
2022-12-17,38.830349,-76.993789,Ward 8,2023-01-28
2022-12-17,38.886194,-76.997697,Ward 6,2023-01-10
2022-12-17,38.974192,-77.018324,Ward 4,2023-01-22
2022-12-17,38.913143,-77.003237,Ward 5,2022-12-24
2022-12-17,38.913143,-77.003237,Ward 5,2022-12-24
2022-12-18,38.912404,-77.010055,Ward 5,2022-12-24
2022-12-18,38.909797,-77.026234,Ward 6,2022-12-20
2022-12-18,38.909790,-77.027850,Ward 2,2022-12-27
2022-12-18,38.875053,-76.986638,Ward 6,2023-01-27
2022-12-18,38.926854,-77.024312,Ward 1,2022-12-29
2022-12-18,38.903284,-76.993051,Ward 6,2023-01-06
2022-12-18,38.938474,-77.031571,Ward 4,2023-01-16
2022-12-18,38.871138,-76.966958,Ward 7,2022-12-27
2022-12-18,38.900192,-76.946946,Ward 7,2022-12-20
2022-12-18,38.876035,-76.957273,Ward 7,2022-12-27
2022-12-18,38.888495,-76.997581,Ward 6,2023-01-04
2022-12-18,38.915385,-77.007596,Ward 5,2022-12-24
2022-12-18,38.902695,-76.984959,Ward 5,2022-12-24
2022-12-18,38.902955,-76.984752,Ward 5,2022-12-20
2022-12-18,38.924985,-77.028645,Ward 1,2023-01-05
2022-12-18,38.950694,-77.009162,Ward 4,2023-01-16
2022-12-18,38.950694,-77.009162,Ward 4,2023-01-16
2022-12-18,38.950797,-77.009170,Ward 4,2023-01-16
2022-12-18,38.951044,-77.009380,Ward 4,2023-01-18
2022-12-18,38.951504,-77.009940,Ward 4,2023-01-22
2022-12-18,38.951545,-77.009984,Ward 4,2023-01-22
2022-12-18,38.951687,-77.010155,Ward 4,2023-01-22
2022-12-18,38.951975,-77.010507,Ward 4,2023-01-22
2022-12-18,38.927814,-77.041543,Ward 1,2022-12-19
2022-12-18,38.952014,-77.010555,Ward 4,2023-01-22
2022-12-18,38.831167,-77.001131,Ward 8,2023-01-23
2022-12-18,38.949087,-77.079184,Ward 3,2022-12-29
2022-12-18,38.927264,-77.109912,Ward 3,2022-12-19
2022-12-18,38.949999,-77.023926,Ward 4,2023-01-18
2022-12-18,38.872017,-76.989653,Ward 6,2023-01-19
2022-12-18,38.903039,-76.993048,Ward 6,2023-01-09
2022-12-18,38.912159,-76.934723,Ward 7,2022-12-27
2022-12-18,38.971452,-77.032061,Ward 4,2023-01-19
2022-12-18,38.902705,-76.979560,Ward 5,2022-12-24
2022-12-18,38.911663,-77.046042,Ward 2,2022-12-20
2022-12-18,38.932867,-76.963334,Ward 5,2022-12-24
2022-12-19,38.901801,-76.930600,Ward 7,2022-12-20
2022-12-19,38.902070,-76.931297,Ward 7,2022-12-20
2022-12-19,38.901972,-76.931934,Ward 7,2022-12-19
2022-12-19,38.917937,-77.004463,Ward 5,2022-12-24
2022-12-19,38.931371,-77.020526,Ward 1,2022-12-29
2022-12-19,38.903477,-76.944296,Ward 7,2022-12-20
2022-12-19,38.897555,-76.984892,Ward 6,2023-01-09
2022-12-19,38.936695,-77.023508,Ward 4,2023-01-19
2022-12-19,38.917935,-77.004969,Ward 5,2022-12-24
2022-12-19,38.889456,-76.956373,Ward 7,2022-12-20
2022-12-19,38.954379,-77.033739,Ward 4,2023-01-18
2022-12-19,38.878117,-76.983855,Ward 6,2023-01-04
2022-12-19,38.900384,-76.940699,Ward 7,2022-12-20
2022-12-19,38.871846,-76.976417,Ward 8,2023-01-19
2022-12-19,38.900384,-76.940699,Ward 7,2022-12-20
2022-12-19,38.906026,-76.984021,Ward 5,2022-12-24
2022-12-19,38.899557,-76.940454,Ward 7,2022-12-20
2022-12-19,38.903487,-77.013339,Ward 6,2023-01-10
2022-12-19,38.908654,-76.982662,Ward 5,2022-12-20
2022-12-19,38.898560,-76.988029,Ward 6,2023-01-09
2022-12-19,38.897683,-76.980766,Ward 6,2022-12-24
2022-12-19,38.906660,-77.006314,Ward 6,2023-01-05
2022-12-19,38.956013,-77.029422,Ward 4,2023-01-12
2022-12-19,38.925276,-77.023846,Ward 1,2023-01-05
2022-12-19,38.868049,-76.983797,Ward 8,2023-01-19
2022-12-19,38.829248,-77.013345,Ward 8,2023-01-23
2022-12-19,38.899557,-76.940454,Ward 7,2022-12-20
2022-12-19,38.899150,-76.998240,Ward 6,2023-01-10
2022-12-19,38.871846,-76.976473,Ward 8,2023-01-19
2022-12-19,38.956393,-77.008310,Ward 4,2023-02-06
2022-12-19,38.898208,-76.984714,Ward 6,2023-01-10
2022-12-19,38.893323,-76.918692,Ward 7,2022-12-27
2022-12-19,38.924259,-77.030065,Ward 1,2023-01-05
2022-12-19,38.928392,-77.022336,Ward 1,2023-01-05
2022-12-19,38.920478,-77.027817,Ward 1,2022-12-24
2022-12-19,38.905090,-77.031568,Ward 2,2023-01-04
2022-12-20,38.915377,-77.007521,Ward 5,2022-12-24
2022-12-20,38.913142,-76.987423,Ward 5,2022-12-24
2022-12-20,38.898034,-76.977645,Ward 6,2022-12-24
2022-12-20,38.903084,-76.934640,Ward 7,2022-12-30
2022-12-20,38.909646,-77.028083,Ward 2,2022-12-27
2022-12-20,38.988457,-77.033810,Ward 4,2023-01-24
2022-12-20,38.873171,-76.974252,Ward 8,2023-01-20
2022-12-20,38.916814,-77.004000,Ward 5,2024-01-25
2022-12-20,38.873957,-76.974187,Ward 7,2022-12-30
2022-12-20,38.891837,-76.984438,Ward 6,2022-12-20
2022-12-20,38.921142,-77.078123,Ward 3,2022-12-21
2022-12-20,38.859405,-76.965045,Ward 7,2022-12-27
2022-12-20,38.900873,-76.989805,Ward 6,2023-01-12
2022-12-20,38.879427,-76.942231,Ward 7,2022-12-27
2022-12-20,38.920292,-77.027857,Ward 1,2023-01-05
2022-12-20,38.879427,-76.942231,Ward 7,2022-12-27
2022-12-20,38.878852,-76.940831,Ward 7,2022-12-27
2022-12-20,38.957563,-77.027456,Ward 4,2023-01-28
2022-12-20,38.930710,-77.025419,Ward 1,2023-01-10
2022-12-20,38.903125,-76.950560,Ward 7,2022-12-27
2022-12-20,38.933007,-77.028336,Ward 1,2023-01-09
2022-12-20,38.920418,-77.027768,Ward 1,2023-01-09
2022-12-20,38.910217,-77.009839,Ward 5,2023-01-06
2022-12-20,38.904891,-76.981882,Ward 5,2022-12-21
2022-12-20,38.914958,-77.003228,Ward 5,2023-01-06
2022-12-20,38.914391,-77.001759,Ward 5,2023-01-12
2022-12-20,38.935965,-77.030581,Ward 1,2023-01-05
2022-12-20,38.904355,-76.990728,Ward 5,2022-12-26
2022-12-20,38.913338,-77.002036,Ward 5,2023-01-06
2022-12-20,38.872705,-76.949148,Ward 7,2022-12-27
2022-12-20,38.850836,-76.979955,Ward 8,2023-01-28
2022-12-20,38.946314,-77.025036,Ward 4,2023-01-19
2022-12-20,38.937674,-77.022275,Ward 4,2023-01-19
2022-12-20,38.937140,-77.021776,Ward 4,2023-01-22
2022-12-20,38.921642,-76.992196,Ward 5,2023-01-13
2022-12-20,38.870958,-76.976642,Ward 8,2023-01-23
2022-12-20,38.930171,-77.024218,Ward 1,2023-01-09
2022-12-20,38.955384,-77.026106,Ward 4,2023-01-23
2022-12-21,38.922428,-77.032010,Ward 1,2022-12-22
2022-12-21,38.915573,-77.037884,Ward 2,2022-12-22
2022-12-21,38.897804,-77.055065,Ward 2,2022-12-27
2022-12-21,38.897804,-77.055065,Ward 2,2022-12-27
2022-12-21,38.897804,-77.055065,Ward 2,2022-12-27
2022-12-21,38.897804,-77.055065,Ward 2,2022-12-27
2022-12-21,38.897804,-77.055065,Ward 2,2022-12-27
2022-12-21,38.897804,-77.055065,Ward 2,2022-12-27
2022-12-21,38.913036,-77.043706,Ward 2,2022-12-27
2022-12-21,38.947708,-77.023393,Ward 4,2023-01-13
2022-12-21,38.941675,-77.034507,Ward 4,2023-01-18
2022-12-21,38.937090,-77.032031,Ward 4,2023-01-22
2022-12-21,38.889515,-76.982813,Ward 6,2022-12-29
2022-12-21,38.917711,-77.004969,Ward 5,2023-01-12
2022-12-21,38.904813,-76.981194,Ward 5,2022-12-24
2022-12-21,38.934432,-77.038420,Ward 1,2023-01-09
2022-12-21,38.928807,-77.032641,Ward 1,2023-01-09
2022-12-21,38.902265,-76.989997,Ward 6,2023-01-09
2022-12-21,38.936199,-77.030290,Ward 1,2023-01-06
2022-12-21,38.841855,-76.988505,Ward 8,2023-01-22
2022-12-21,38.874126,-76.972746,Ward 7,2022-12-30
2022-12-21,38.942008,-76.988571,Ward 5,2023-01-13
2022-12-21,38.928204,-77.025869,Ward 1,2023-01-04
2022-12-21,38.916454,-77.016097,Ward 1,2023-01-06
2022-12-21,38.896354,-76.959611,Ward 7,2022-12-27
2022-12-21,38.895403,-76.953310,Ward 7,2022-12-27
2022-12-21,38.895435,-76.955027,Ward 7,2022-12-27
2022-12-21,38.896600,-76.921362,Ward 7,2022-12-23
2022-12-21,38.924314,-77.026812,Ward 1,2023-01-06
2022-12-21,38.897382,-76.917571,Ward 7,2022-12-27
2022-12-21,38.899523,-76.940002,Ward 7,2022-12-27
2022-12-21,38.949535,-77.035386,Ward 4,2023-01-18
2022-12-21,38.915424,-77.036947,Ward 2,2022-12-27
2022-12-21,38.955894,-77.022054,Ward 4,2023-01-30
2022-12-21,38.868408,-76.985453,Ward 8,2023-01-22
2022-12-21,38.941018,-77.033039,Ward 4,2023-01-16
2022-12-21,38.940959,-77.033041,Ward 4,2023-01-16
2022-12-21,38.912096,-77.011678,Ward 5,2023-01-10
2022-12-21,38.841206,-76.976025,Ward 8,2023-01-25
2022-12-22,38.932712,-77.023313,Ward 1,2023-01-06
2022-12-22,38.897804,-77.055065,Ward 2,2022-12-27
2022-12-22,38.895933,-76.982058,Ward 6,2022-12-29
2022-12-22,38.868586,-76.978786,Ward 8,2023-01-23
2022-12-22,38.911298,-77.028949,Ward 2,2022-12-27
2022-12-22,38.936632,-77.033511,Ward 1,2023-01-06
2022-12-22,38.831165,-77.001024,Ward 8,2023-01-23
2022-12-22,38.902408,-76.928713,Ward 7,2022-12-27
2022-12-22,38.902502,-76.926947,Ward 7,2022-12-27
2022-12-22,38.906169,-76.988069,Ward 5,2022-12-26
2022-12-22,38.904081,-76.989919,Ward 5,2022-12-26
2022-12-22,38.904355,-76.990728,Ward 5,2022-12-26
2022-12-22,38.903247,-76.927203,Ward 7,2022-12-27
2022-12-22,38.902838,-76.928522,Ward 7,2022-12-27
2022-12-22,38.903076,-76.987555,Ward 5,2022-12-26
2022-12-22,38.902862,-76.987182,Ward 5,2022-12-26
2022-12-22,38.935093,-77.023372,Ward 1,2023-01-06
2022-12-22,38.902702,-76.986344,Ward 5,2022-12-26
2022-12-22,38.902239,-76.986658,Ward 5,2022-12-26
2022-12-22,38.903731,-76.983729,Ward 5,2022-12-26
2022-12-22,38.904558,-76.982007,Ward 5,2023-01-12
2022-12-22,38.905666,-76.981563,Ward 5,2023-01-15
2022-12-22,38.923217,-76.966801,Ward 5,2023-01-12
2022-12-22,38.920021,-76.970681,Ward 5,2023-01-11
2022-12-22,38.910889,-76.997925,Ward 5,2023-01-12
2022-12-22,38.902705,-76.979444,Ward 5,2023-01-12
2022-12-22,38.887768,-76.980443,Ward 6,2022-12-29
2022-12-22,38.905894,-77.025125,Ward 2,2022-12-27
2022-12-22,38.935523,-77.023912,Ward 1,2023-01-05
2022-12-22,38.943240,-77.033071,Ward 4,2023-01-18
2022-12-22,38.914287,-77.002672,Ward 5,2023-01-06
2022-12-22,38.934768,-77.019388,Ward 1,2023-01-05
2022-12-22,38.895199,-76.954562,Ward 7,2022-12-30
2022-12-22,38.958135,-77.026977,Ward 4,2023-01-28
2022-12-22,38.905095,-76.937443,Ward 7,2022-12-30
2022-12-23,38.877999,-76.969913,Ward 7,2023-01-25
2022-12-23,38.935663,-77.023693,Ward 1,2023-01-05
2022-12-23,38.873655,-76.974266,Ward 8,2023-01-28
2022-12-23,38.931771,-77.019219,Ward 1,2023-01-05
2022-12-23,38.924522,-76.961911,Ward 5,2023-03-14
2022-12-23,38.907763,-76.983380,Ward 5,2023-01-09
2022-12-23,38.912957,-77.013637,Ward 5,2023-01-10
2022-12-23,38.846959,-77.002359,Ward 8,2023-01-28
2022-12-23,38.915385,-77.007596,Ward 5,2022-12-24
2022-12-23,38.870926,-76.976284,Ward 8,2023-01-25
2022-12-23,38.913044,-77.008084,Ward 5,2023-01-10
2022-12-23,38.924985,-77.028645,Ward 1,2023-01-06
2022-12-23,38.900193,-76.974173,Ward 5,2023-01-10
2022-12-23,38.896426,-76.914337,Ward 7,2022-12-30
2022-12-23,38.922131,-76.992693,Ward 5,2023-01-13
2022-12-23,38.885788,-76.987276,Ward 6,2023-01-10
2022-12-23,38.957803,-77.019952,Ward 4,2023-01-24
2022-12-23,38.903039,-76.993048,Ward 6,2023-01-09
2022-12-23,38.873608,-76.936795,Ward 7,2022-12-30
2022-12-24,38.871765,-76.975976,Ward 8,2023-01-25
2022-12-24,38.910939,-77.012668,Ward 5,2023-01-06
2022-12-24,38.901801,-76.930600,Ward 7,2022-12-30
2022-12-24,38.902832,-76.929656,Ward 7,2022-12-30
2022-12-24,38.894593,-76.976419,Ward 7,2022-12-27
2022-12-24,38.873296,-76.972826,Ward 7,2022-12-30
2022-12-24,38.880443,-76.961227,Ward 7,2022-12-30
2022-12-24,38.924985,-77.028645,Ward 1,2023-01-06
2022-12-24,38.862992,-76.989355,Ward 8,2023-01-23
2022-12-24,38.865712,-76.985057,Ward 8,2023-01-23
2022-12-25,38.927186,-76.981361,Ward 5,2023-01-13
2022-12-25,38.953598,-77.010607,Ward 4,2023-01-24
2022-12-25,38.896997,-77.024911,Ward 2,2022-12-27
2022-12-25,38.930841,-77.110941,Ward 3,2022-12-27
2022-12-25,38.907837,-76.987785,Ward 5,2023-01-12
2022-12-25,38.873296,-76.991315,Ward 6,2023-01-10
2022-12-25,38.893355,-76.985693,Ward 6,2023-01-09
2022-12-26,38.902261,-77.002407,Ward 6,2023-01-12
2022-12-26,38.897465,-76.918919,Ward 7,2022-12-30
2022-12-26,38.918932,-76.955953,Ward 5,2023-01-11
2022-12-26,38.938151,-76.981817,Ward 5,2023-01-13
2022-12-26,38.889030,-76.985766,Ward 6,2023-01-10
2022-12-26,38.956066,-77.029422,Ward 4,2023-01-24
2022-12-26,38.963768,-77.061209,Ward 4,2023-01-24
2022-12-26,38.894470,-76.986685,Ward 6,2023-01-10
2022-12-26,38.870573,-76.978765,Ward 8,2023-01-28
2022-12-26,38.930710,-77.025419,Ward 1,2023-01-10
2022-12-26,38.930710,-77.025419,Ward 1,2023-01-10
2022-12-26,38.913523,-76.985224,Ward 5,2023-01-13
2022-12-26,38.913043,-76.988058,Ward 5,2023-01-09
2022-12-26,38.912325,-76.995606,Ward 5,2023-01-10
2022-12-27,38.901666,-76.931173,Ward 7,2022-12-30
2022-12-27,38.902369,-76.930214,Ward 7,2022-12-30
2022-12-27,38.924189,-77.029403,Ward 1,2023-01-05
2022-12-27,38.924525,-77.030186,Ward 1,2023-01-06
2022-12-27,38.826078,-76.996120,Ward 8,2023-01-23
2022-12-27,38.917975,-77.002303,Ward 5,2023-01-10
2022-12-27,38.934589,-77.039110,Ward 1,2023-01-09
2022-12-27,38.900699,-76.976449,Ward 5,2023-01-13
2022-12-27,38.897845,-77.054027,Ward 2,2022-12-28
2022-12-27,38.901091,-76.975975,Ward 5,2023-01-12
2022-12-27,38.901985,-76.928673,Ward 7,2022-12-30
2022-12-27,38.904219,-76.977473,Ward 5,2023-01-09
2022-12-27,38.899557,-76.940454,Ward 7,2022-12-30
2022-12-27,38.911894,-77.065901,Ward 2,2022-12-28
2022-12-27,38.904910,-76.981929,Ward 5,2023-01-09
2022-12-27,38.848042,-77.002553,Ward 8,2023-01-28
2022-12-27,38.908343,-76.938641,Ward 7,2023-01-05
2022-12-27,38.910535,-77.007988,Ward 5,2023-01-06
2022-12-27,38.904247,-77.008376,Ward 6,2023-01-12
2022-12-27,38.937667,-77.034395,Ward 4,2023-03-01
2022-12-27,38.910247,-77.012402,Ward 5,2023-01-05
2022-12-27,38.895224,-76.919148,Ward 7,2023-01-05
2022-12-27,38.886329,-76.942429,Ward 7,2023-01-06
2022-12-27,38.954465,-77.089045,Ward 3,2022-12-28
2022-12-27,38.954254,-77.016280,Ward 4,2023-01-28
2022-12-27,38.953072,-77.014775,Ward 4,2023-01-28
2022-12-27,38.948529,-77.080550,Ward 3,2022-12-31
2022-12-27,38.843064,-76.990947,Ward 8,2023-01-05
2022-12-27,38.908286,-77.042228,Ward 2,2022-12-28
2022-12-27,38.953793,-76.990730,Ward 5,2023-01-11
2022-12-27,38.902892,-76.992836,Ward 6,2023-01-06
2022-12-27,38.892366,-76.913422,Ward 7,2023-01-05
2022-12-27,38.922911,-76.980764,Ward 5,2023-01-12
2022-12-27,38.931751,-77.021024,Ward 1,2023-01-06
2022-12-27,38.902029,-76.929771,Ward 7,2023-01-05
2022-12-27,38.864086,-76.984296,Ward 8,2023-01-24
2022-12-27,38.862432,-76.986244,Ward 8,2023-01-24
2022-12-27,38.914294,-77.015530,Ward 5,2023-01-10
2022-12-27,38.951720,-77.024933,Ward 4,2023-01-24
2022-12-28,38.961846,-77.000595,Ward 4,2023-01-19
2022-12-28,38.902850,-76.928666,Ward 7,2023-01-10
2022-12-28,38.907837,-76.987785,Ward 5,2023-01-12
2022-12-28,38.931148,-77.023793,Ward 1,2023-01-05
2022-12-28,38.931687,-77.023879,Ward 1,2023-01-04
2022-12-28,38.848485,-77.000875,Ward 8,2023-01-28
2022-12-28,38.914292,-77.026508,Ward 1,2022-12-28
2022-12-28,38.865314,-76.987756,Ward 8,2023-01-24
2022-12-28,38.867478,-76.942845,Ward 7,2023-01-10
2022-12-28,38.857960,-76.967919,Null,2023-01-17
2022-12-28,38.894634,-76.985919,Ward 6,2023-01-10
2022-12-28,38.864826,-76.976212,Ward 8,2023-01-24
2022-12-28,38.925003,-77.028708,Ward 1,2023-01-06
2022-12-28,38.906595,-77.042544,Ward 2,2023-01-03
2022-12-28,38.921188,-76.982330,Ward 5,2023-01-15
2022-12-28,38.875651,-76.961165,Ward 7,2023-01-05
2022-12-28,38.914637,-77.019148,Ward 6,2023-01-03
2022-12-28,38.961014,-77.028031,Ward 4,2023-01-19
2022-12-28,38.893134,-76.917032,Ward 7,2023-01-05
2022-12-28,38.850073,-76.965725,Ward 8,2023-01-25
2022-12-28,38.854469,-76.966496,Ward 8,2023-01-28
2022-12-28,38.943163,-77.077029,Ward 3,2023-01-03
2022-12-28,38.871025,-76.977962,Ward 8,2023-01-24
2022-12-28,38.940720,-76.979707,Ward 5,2023-01-12
2022-12-28,38.931320,-77.020308,Ward 1,2023-01-06
2022-12-28,38.924776,-76.962249,Ward 5,2023-01-12
2022-12-28,38.843219,-76.989733,Ward 8,2023-01-24
2022-12-28,38.956463,-77.026833,Ward 4,2023-01-28
2022-12-28,38.930814,-77.023775,Ward 1,2023-01-05
2022-12-28,38.936597,-77.025095,Ward 4,2023-01-22
2022-12-28,38.925015,-77.030805,Ward 1,2023-01-06
2022-12-28,38.924259,-77.030065,Ward 1,2023-01-06
2022-12-28,38.892178,-76.975422,Ward 6,2023-01-04
2022-12-28,38.936592,-77.021548,Ward 1,2023-01-05
2022-12-28,38.915190,-77.003207,Ward 5,2023-01-10
2022-12-28,38.914680,-77.003250,Ward 5,2023-01-10
2022-12-29,38.930047,-77.018772,Ward 1,2023-01-05
2022-12-29,38.929955,-77.018369,Ward 1,2023-01-05
2022-12-29,38.959292,-77.029392,Ward 4,2023-01-24
2022-12-29,38.957657,-77.022619,Ward 4,2023-01-20
2022-12-29,38.899613,-77.015902,Ward 2,2023-01-18
2022-12-29,38.924133,-77.031498,Ward 1,2023-01-05
2022-12-29,38.907010,-76.930986,Ward 7,2023-01-06
2022-12-29,38.913143,-77.003237,Ward 5,2023-01-06
2022-12-29,38.935965,-77.030581,Ward 1,2023-01-04
2022-12-29,38.894449,-76.940344,Ward 7,2023-01-05
2022-12-29,38.855847,-76.995529,Ward 8,2023-02-01
2022-12-29,38.961501,-77.013890,Ward 4,2023-01-20
2022-12-29,38.870522,-76.977049,Ward 8,2023-01-24
2022-12-29,38.896828,-76.982985,Ward 7,2023-01-04
2022-12-29,38.923349,-77.041236,Ward 1,2023-01-05
2022-12-29,38.955394,-77.025311,Ward 4,2023-01-24
2022-12-29,38.971655,-77.030130,Ward 4,2023-01-22
2022-12-29,38.909831,-77.010937,Ward 5,2023-01-06
2022-12-29,38.936199,-77.030290,Ward 1,2023-01-04
2022-12-29,38.945255,-77.033710,Ward 4,2023-01-24
2022-12-29,38.887395,-76.989644,Ward 6,2023-01-27
2022-12-29,38.918298,-77.001152,Ward 5,2023-01-06
2022-12-29,38.868426,-76.982003,Ward 8,2023-01-25
2022-12-29,38.925276,-77.023846,Ward 1,2023-01-05
2022-12-29,38.950616,-77.031047,Ward 4,2023-01-31
2022-12-29,38.908969,-76.986580,Ward 5,2023-01-09
2022-12-29,38.909581,-76.986446,Ward 5,2023-01-09
2022-12-29,38.921488,-77.043834,Ward 1,2023-01-06
2022-12-29,38.893223,-76.918520,Ward 7,2023-01-05
2022-12-29,38.941012,-76.970878,Ward 5,2023-01-15
2022-12-29,38.892903,-76.917778,Ward 7,2023-01-05
2022-12-29,38.952928,-77.026599,Ward 4,2023-01-24
2022-12-29,38.896272,-76.973866,Ward 7,2023-01-10
2022-12-29,38.901207,-76.934034,Ward 7,2023-01-10
2022-12-29,38.899739,-77.053130,Ward 2,2023-01-04
2022-12-29,38.913819,-77.016937,Ward 5,2023-01-10
2022-12-29,38.931234,-77.019216,Ward 1,2023-01-06
2022-12-29,38.939943,-77.025805,Ward 4,2023-01-30
2022-12-29,38.834590,-76.985941,Ward 8,2023-01-24
2022-12-29,38.934231,-77.032451,Ward 1,2023-01-09
2022-12-29,38.842269,-77.000779,Ward 8,2023-01-24
2022-12-29,38.930468,-77.023229,Ward 1,2023-01-05
2022-12-29,38.869292,-76.981689,Ward 8,2023-01-11
2022-12-29,38.923438,-76.972164,Ward 5,2023-01-11
2022-12-29,38.854469,-76.966496,Ward 8,2023-01-28
2022-12-29,38.894642,-76.919122,Ward 7,2023-01-10
2022-12-29,38.936232,-77.030413,Ward 1,2023-01-04
2022-12-29,38.931059,-77.019793,Ward 1,2023-01-06
2022-12-29,38.877143,-76.967045,Ward 7,2023-01-10
2022-12-29,38.903378,-76.992828,Ward 6,2023-01-05
2022-12-29,38.952603,-77.010175,Ward 4,2023-01-24
2022-12-30,38.924561,-76.990130,Ward 5,2023-01-13
2022-12-30,38.966036,-77.077530,Ward 3,2023-01-03
2022-12-30,38.908377,-77.011682,Ward 5,2023-01-06
2022-12-30,38.894593,-76.976419,Ward 7,2023-01-03
2022-12-30,38.902779,-77.000024,Ward 6,2023-01-27
2022-12-30,38.895217,-76.921886,Ward 7,2023-01-10
2022-12-30,38.895224,-76.919148,Ward 7,2023-01-10
2022-12-30,38.892892,-76.912983,Ward 7,2023-01-10
2022-12-30,38.893473,-76.931231,Ward 7,2023-01-03
2022-12-30,38.892696,-76.916402,Ward 7,2023-01-10
2022-12-30,38.928447,-77.034606,Ward 1,2023-01-09
2022-12-30,38.928610,-77.040537,Ward 1,2023-01-06
2022-12-30,38.865519,-76.949329,Ward 7,2023-01-10
2022-12-30,38.927600,-77.021292,Ward 1,2023-01-09
2022-12-30,38.950933,-77.009245,Ward 4,2023-01-28
2022-12-30,38.955550,-77.021735,Ward 4,2023-01-30
2022-12-30,38.858283,-76.993945,Ward 8,2023-01-28
2022-12-30,38.873596,-76.974772,Ward 8,2023-01-28
2022-12-30,38.898262,-76.981296,Ward 6,2023-01-04
2022-12-30,38.904712,-76.981255,Ward 5,2023-01-09
2022-12-30,38.826807,-77.006362,Ward 8,2023-01-28
2022-12-30,38.941401,-77.005873,Ward 5,2023-01-15
2022-12-30,38.897581,-76.981325,Ward 6,2023-01-05
2022-12-30,38.959821,-77.029406,Ward 4,2023-01-24
2022-12-30,38.953879,-77.028368,Ward 4,2023-04-06
2022-12-30,38.915570,-77.023968,Ward 1,2023-01-06
2022-12-30,38.878543,-76.961137,Ward 7,2023-01-10
2022-12-30,38.885175,-76.989085,Ward 6,2023-01-17
2022-12-30,38.921936,-77.000833,Ward 5,2023-01-06
2022-12-30,38.896296,-76.988120,Ward 6,2023-01-18
2022-12-30,38.900830,-76.937629,Ward 7,2023-01-10
2022-12-30,38.940000,-77.039302,Ward 4,2023-01-31
2022-12-30,38.895224,-76.919148,Ward 7,2023-01-10
2022-12-30,38.921898,-77.003747,Ward 5,2023-01-10
2022-12-30,38.895635,-76.982338,Ward 6,2023-01-03
2022-12-30,38.955138,-77.021601,Ward 4,2023-01-24
2022-12-30,38.951469,-77.009899,Ward 4,2023-01-28
2022-12-30,38.951945,-77.010470,Ward 4,2023-01-28
2022-12-30,38.903284,-76.993051,Ward 6,2023-01-18
2022-12-31,38.927651,-77.024157,Ward 1,2023-01-04
2022-12-31,38.858232,-76.993040,Ward 8,2023-01-28
2022-12-31,38.919001,-77.030477,Ward 1,2023-01-09
2022-12-31,38.901169,-76.985065,Ward 5,2023-01-12
2022-12-31,38.876226,-76.968288,Ward 7,2023-01-09
2022-12-31,38.876833,-76.967344,Ward 7,2023-01-09
2022-12-31,38.930222,-77.021417,Ward 1,2023-01-04
2022-12-31,38.927805,-77.052706,Ward 3,2023-01-03
2022-12-31,38.892971,-76.958653,Ward 7,2023-01-10
2022-12-31,38.892924,-76.959228,Ward 7,2023-01-10
2022-12-31,38.930556,-77.018277,Null,2023-03-02
2022-12-31,38.904496,-76.995195,Ward 6,2023-01-09
2022-12-31,38.916086,-77.006898,Ward 5,2023-01-06
2022-12-31,38.921763,-77.033150,Ward 1,2023-01-03
2022-12-31,38.841684,-77.000840,Ward 8,2023-01-28
2022-12-31,38.842048,-77.000743,Ward 8,2023-01-24
2022-12-31,38.920026,-77.011354,Ward 5,2023-01-05
2022-12-31,38.904870,-76.972507,Ward 5,2023-01-09
2022-12-31,38.892259,-76.915313,Ward 7,2023-01-10
2022-12-31,38.834485,-77.006376,Ward 8,2023-01-28
2022-12-31,38.834594,-77.005620,Ward 8,2023-01-24
2022-12-31,38.936526,-77.033237,Ward 1,2023-01-06
2022-12-31,38.930387,-77.018377,Ward 1,2023-01-06
2022-12-31,38.887785,-76.987298,Ward 6,2023-01-19
2022-12-31,38.841879,-77.000572,Ward 8,2023-02-03
2022-12-31,38.950600,-77.028524,Ward 4,2023-01-24
2022-12-31,38.934045,-77.034143,Ward 1,2023-01-06
2022-12-31,38.934246,-77.025529,Ward 1,2023-01-05
2022-12-31,38.933727,-77.032420,Ward 1,2023-01-09
2022-12-31,38.873957,-76.974187,Ward 7,2023-01-10
2022-12-31,38.903544,-76.977561,Ward 5,2023-01-13
2023-01-01,38.896283,-76.938158,Ward 7,2023-01-10
2023-01-01,38.911292,-77.008393,Ward 5,2023-01-06
