2023-01-01,38.910376,-77.052159,Ward 2,2023-01-04
2023-01-01,38.910331,-77.061354,Ward 2,2023-01-04
2023-01-01,38.942604,-77.082391,Ward 3,2023-01-03
2023-01-01,38.910626,-77.061180,Ward 2,2023-01-04
2023-01-01,38.910376,-77.052159,Ward 2,2023-01-04
2023-01-01,38.908725,-77.028337,Ward 2,2023-01-03
2023-01-01,38.929749,-77.074736,Ward 3,2023-01-04
2023-01-01,38.917061,-77.056855,Ward 2,2023-01-04
2023-01-02,38.957839,-77.009382,Ward 4,2023-01-04
2023-01-02,38.908859,-77.028351,Ward 2,2023-01-04
2023-01-02,38.829570,-76.994152,Ward 8,2023-01-05
2023-01-02,38.927972,-76.987315,Ward 5,2023-01-03
2023-01-02,38.901694,-76.980818,Ward 5,2023-01-03
2023-01-02,38.887089,-77.049323,Ward 2,2023-01-03
2023-01-02,38.900200,-76.991526,Ward 6,2023-01-03
2023-01-02,38.986208,-77.041006,Ward 4,2023-01-03
2023-01-02,38.961935,-77.036043,Ward 4,2023-01-03
2023-01-02,38.926861,-77.073444,Ward 3,2023-01-04
2023-01-02,38.922226,-77.090048,Ward 3,2023-01-03
2023-01-03,38.909667,-77.059425,Ward 2,2023-01-04
2023-01-03,38.907055,-77.001563,Ward 6,2023-01-03
2023-01-03,38.960783,-76.996507,Ward 4,2023-01-04
2023-01-03,38.961256,-76.997117,Ward 4,2023-01-04
2023-01-03,38.961175,-77.036393,Ward 4,2023-01-04
2023-01-03,38.876462,-77.017606,Ward 6,2023-01-04
2023-01-03,38.931900,-76.992800,Ward 5,2023-01-05
2023-01-03,38.910475,-76.985773,Ward 5,2023-01-09
2023-01-03,38.907594,-76.979601,Ward 5,2023-01-04
2023-01-03,38.890067,-76.948458,Ward 7,2023-01-06
2023-01-03,38.904405,-76.980585,Ward 5,2023-01-04
2023-01-03,38.954446,-77.021975,Ward 4,2023-01-06
2023-01-03,38.883306,-76.924875,Ward 7,2023-01-06
2023-01-03,38.913158,-77.018752,Ward 6,2023-01-04
2023-01-03,38.927176,-77.027461,Ward 1,2023-01-04
2023-01-03,38.919886,-77.027332,Ward 1,2023-01-04
2023-01-03,38.914123,-77.090992,Ward 3,2023-01-04
2023-01-03,38.909307,-77.049160,Ward 2,2023-01-10
2023-01-03,38.981536,-77.035729,Ward 4,2023-01-06
2023-01-03,38.910957,-77.017430,Ward 2,2023-01-04
2023-01-03,38.891649,-76.946102,Ward 7,2023-01-06
2023-01-03,38.876459,-77.015209,Ward 6,2023-01-04
2023-01-03,38.902264,-76.995163,Ward 6,2023-01-06
2023-01-03,38.876458,-77.012176,Ward 6,2023-01-04
2023-01-03,38.951417,-77.036026,Ward 4,2023-01-04
2023-01-03,38.876458,-77.013865,Ward 6,2023-01-04
2023-01-03,38.961808,-77.036052,Ward 4,2023-01-04
2023-01-03,38.961672,-77.036056,Ward 4,2023-01-04
2023-01-04,38.821189,-77.001784,Ward 8,2023-01-05
2023-01-04,38.925630,-77.039840,Ward 1,2023-01-04
2023-01-04,38.890039,-77.052044,Ward 2,2023-01-05
2023-01-04,38.954042,-77.022017,Ward 4,2023-01-05
2023-01-04,38.928504,-76.986925,Ward 5,2023-01-05
2023-01-04,38.961935,-77.036043,Ward 4,2023-01-04
2023-01-04,38.871696,-76.960679,Ward 7,2023-01-06
2023-01-04,38.918111,-77.027036,Ward 1,2023-01-05
2023-01-04,38.954703,-77.092611,Ward 3,2023-01-05
2023-01-04,38.942437,-77.020092,Ward 4,2023-01-05
2023-01-04,38.856003,-76.995458,Ward 8,2023-01-05
2023-01-04,38.943358,-77.017930,Ward 4,2023-01-05
2023-01-04,38.943401,-77.016327,Ward 4,2023-01-05
2023-01-04,38.946988,-77.008047,Ward 5,2023-01-06
2023-01-04,38.967804,-77.061509,Ward 4,2023-01-05
2023-01-04,38.961515,-77.036393,Ward 4,2023-01-05
2023-01-04,38.885633,-77.019626,Ward 6,2023-01-05
2023-01-04,38.932891,-77.029997,Ward 1,2023-01-06
2023-01-05,38.961020,-77.083761,Ward 3,2023-01-05
2023-01-05,38.865712,-76.985057,Ward 8,2023-01-05
2023-01-05,38.862606,-76.982399,Ward 8,2023-01-05
2023-01-05,38.983975,-77.026287,Ward 4,2023-01-06
2023-01-05,38.815035,-77.017169,Ward 8,2023-01-05
2023-01-05,38.928755,-77.076828,Ward 3,2023-01-06
2023-01-05,38.908763,-77.027905,Ward 2,2023-01-06
2023-01-05,38.870743,-76.970012,Ward 7,2023-01-06
2023-01-05,38.952862,-77.000236,Ward 5,2023-01-06
2023-01-05,38.920925,-77.031157,Ward 1,2023-01-08
2023-01-05,38.928411,-77.019589,Ward 1,2023-01-06
2023-01-05,38.921473,-77.000755,Ward 5,2023-01-06
2023-01-05,38.946784,-77.097465,Ward 3,2023-01-06
2023-01-05,38.885982,-76.935916,Ward 7,2023-01-06
2023-01-05,38.885982,-76.935916,Ward 7,2023-01-06
2023-01-05,38.952658,-77.012529,Ward 4,2023-01-06
2023-01-05,38.861099,-76.993191,Ward 8,2023-01-10
2023-01-05,38.934976,-77.024971,Ward 1,2023-01-06
2023-01-06,38.892032,-77.014022,Ward 2,2023-01-07
2023-01-06,38.960316,-77.086089,Ward 3,2023-01-09
2023-01-06,38.956712,-77.058066,Null,2023-01-12
2023-01-06,38.904735,-77.026701,Ward 2,2023-01-10
2023-01-06,38.863712,-76.955554,Ward 7,2023-01-09
2023-01-06,38.957738,-77.057373,Ward 4,2023-01-12
2023-01-06,38.892081,-76.949529,Ward 7,2023-01-09
2023-01-06,38.863225,-76.982451,Ward 8,2023-01-11
2023-01-06,38.895963,-77.015652,Ward 2,2023-01-13
2023-01-06,38.895316,-77.046682,Ward 2,2023-01-10
2023-01-07,38.895316,-77.046682,Ward 2,2023-01-10
2023-01-07,38.901828,-76.945415,Ward 7,2023-01-09
2023-01-07,38.961287,-77.078299,Ward 3,2023-01-09
2023-01-07,38.934895,-76.965590,Ward 5,2023-01-09
2023-01-07,38.899096,-76.991827,Ward 6,2023-01-10
2023-01-07,38.887589,-76.977256,Null,2023-01-09
2023-01-08,38.908763,-77.027905,Ward 2,2023-01-10
2023-01-08,38.913620,-76.990280,Ward 5,2023-01-09
2023-01-08,38.961603,-77.052683,Null,2023-01-09
2023-01-08,38.943162,-77.082914,Ward 3,2023-01-12
2023-01-08,38.914114,-77.069303,Ward 2,2023-01-09
2023-01-08,38.915019,-77.069346,Ward 2,2023-01-09
2023-01-08,38.916034,-77.069387,Ward 2,2023-01-10
2023-01-08,38.894300,-76.999723,Ward 6,2023-01-09
2023-01-08,38.831960,-77.015489,Ward 8,2023-01-09
2023-01-08,38.907055,-77.001563,Ward 6,2023-01-18
2023-01-08,38.974164,-77.015631,Ward 4,2023-01-09
2023-01-08,38.863152,-76.983603,Ward 8,2023-01-09
2023-01-09,38.949686,-77.074972,Ward 3,2023-01-09
2023-01-09,38.949688,-77.075578,Ward 3,2023-01-09
2023-01-09,38.949678,-77.062283,Ward 3,2023-01-09
2023-01-09,38.946693,-77.030759,Ward 4,2023-01-12
2023-01-09,38.941869,-77.035191,Ward 4,2023-01-10
2023-01-09,38.942092,-77.053860,Ward 3,2023-01-17
2023-01-09,38.940848,-77.053608,Ward 3,2023-01-17
2023-01-09,38.940942,-77.056326,Ward 3,2023-01-17
2023-01-09,38.940967,-77.058167,Ward 3,2023-01-12
2023-01-09,38.940965,-77.060143,Ward 3,2023-01-12
2023-01-09,38.931091,-77.022716,Ward 1,2023-01-13
2023-01-09,38.910910,-77.041103,Ward 2,2023-01-10
2023-01-09,38.940670,-77.022691,Ward 4,2023-01-12
2023-01-09,38.930660,-77.004450,Ward 5,2023-01-10
2023-01-09,38.910902,-77.056958,Ward 2,2023-01-13
2023-01-09,38.905110,-77.066041,Ward 2,2023-01-09
2023-01-09,38.905110,-77.066041,Ward 2,2023-01-09
2023-01-09,38.929718,-77.074148,Ward 3,2023-01-09
2023-01-09,38.867880,-76.988680,Ward 8,2023-01-10
2023-01-09,38.965967,-77.013294,Ward 4,2023-01-12
2023-01-09,38.905527,-77.053817,Ward 2,2023-01-13
2023-01-09,38.959917,-77.051686,Ward 3,2023-01-12
2023-01-09,38.927237,-77.022104,Ward 1,2023-01-13
2023-01-09,38.886265,-76.936038,Ward 7,2023-01-17
2023-01-09,38.957811,-77.089143,Ward 3,2023-01-12
2023-01-09,38.947690,-77.098813,Ward 3,2023-01-12
2023-01-09,38.910330,-77.061478,Ward 2,2023-01-13
2023-01-09,38.865712,-76.985057,Ward 8,2023-01-10
2023-01-09,38.879286,-77.009058,Ward 6,2023-01-11
2023-01-10,38.885863,-76.994759,Ward 6,2023-01-11
2023-01-10,38.873297,-77.017297,Ward 6,2023-01-10
2023-01-10,38.831274,-77.004599,Ward 8,2023-01-10
2023-01-10,38.904026,-77.006567,Ward 6,2023-01-11
2023-01-10,38.876459,-77.015209,Ward 6,2023-01-11
2023-01-10,38.862414,-76.991794,Ward 8,2023-01-11
2023-01-10,38.922897,-77.000826,Ward 5,2023-01-11
2023-01-10,38.974493,-77.014592,Ward 4,2023-01-12
2023-01-10,38.892860,-77.044249,Ward 2,2023-01-12
2023-01-11,38.942771,-76.981401,Ward 5,2023-01-13
2023-01-11,38.884085,-77.000166,Ward 6,2023-01-11
2023-01-11,38.883570,-76.994704,Ward 6,2023-01-11
2023-01-11,38.885360,-76.999227,Ward 6,2023-01-11
2023-01-11,38.889762,-76.933550,Ward 7,2023-01-11
2023-01-11,38.910718,-76.987050,Ward 5,2023-01-13
2023-01-11,38.901972,-76.979869,Ward 5,2023-01-13
2023-01-11,38.901231,-76.956838,Ward 7,2023-01-12
2023-01-11,38.910330,-77.053325,Ward 2,2023-01-13
2023-01-11,38.910330,-77.053325,Ward 2,2023-01-13
2023-01-11,38.910913,-77.010564,Ward 5,2023-01-13
2023-01-11,38.936945,-77.033002,Ward 1,2023-01-13
2023-01-12,38.964733,-77.076769,Ward 3,2023-01-12
2023-01-12,38.853017,-76.972708,Ward 8,2023-01-17
2023-01-12,38.876459,-77.015209,Ward 6,2023-01-18
2023-01-12,38.861711,-76.978702,Ward 8,2023-01-17
2023-01-12,38.880139,-76.985073,Ward 6,2023-01-13
2023-01-12,38.887577,-76.936600,Ward 7,2023-01-17
2023-01-12,38.889293,-77.050579,Ward 2,2023-01-12
2023-01-12,38.904688,-77.012174,Ward 6,2023-01-13
2023-01-12,38.973743,-77.016056,Ward 4,2023-01-12
2023-01-12,38.885785,-76.919822,Ward 7,2023-01-17
2023-01-12,38.955396,-77.013881,Ward 4,2023-01-19
2023-01-12,38.906438,-77.002039,Ward 6,2023-01-18
2023-01-12,38.955562,-77.013619,Ward 4,2023-01-19
2023-01-12,38.944120,-77.064405,Ward 3,2023-01-14
2023-01-13,38.858711,-76.993956,Ward 8,2023-01-25
2023-01-13,38.955699,-77.013885,Ward 4,2023-01-19
2023-01-13,38.891636,-76.938657,Ward 7,2023-01-14
2023-01-13,38.906559,-77.034568,Ward 2,2023-01-14
2023-01-13,38.886049,-77.013655,Ward 6,2023-01-17
2023-01-13,38.904015,-77.053690,Ward 2,2023-01-16
2023-01-13,38.927277,-77.090533,Ward 3,2023-01-17
2023-01-13,38.885954,-76.930797,Ward 7,2023-01-17
2023-01-13,38.890106,-76.988125,Ward 6,2023-01-17
2023-01-13,38.908779,-77.025806,Ward 2,2023-01-17
2023-01-14,38.909862,-76.996991,Ward 5,2023-01-17
2023-01-14,38.945880,-77.071018,Ward 3,2023-01-17
2023-01-14,38.946593,-77.071728,Ward 3,2023-01-17
2023-01-14,38.869481,-76.987551,Ward 8,2023-01-18
2023-01-14,38.955909,-77.013875,Ward 4,2023-01-19
2023-01-14,38.883415,-77.010009,Ward 6,2023-01-18
2023-01-14,38.882292,-77.005610,Ward 6,2023-01-17
2023-01-14,38.882457,-77.005603,Ward 6,2023-01-17
2023-01-14,38.929439,-77.106335,Ward 3,2023-01-18
2023-01-14,38.935738,-77.109038,Ward 3,2023-01-17
2023-01-14,38.885511,-76.988921,Ward 6,2023-01-17
2023-01-14,38.887416,-76.985717,Ward 6,2023-01-17
2023-01-14,38.927350,-77.074196,Ward 3,2023-01-20
2023-01-14,38.943405,-77.016187,Ward 4,2023-01-19
2023-01-14,38.942973,-77.017784,Ward 4,2023-01-17
2023-01-14,38.925757,-77.024324,Ward 1,2023-01-17
2023-01-14,38.959799,-77.008184,Ward 4,2023-01-17
2023-01-14,38.930000,-77.103923,Ward 3,2023-01-20
2023-01-14,38.916613,-77.068960,Ward 2,2023-01-17
2023-01-14,38.925066,-77.050527,Ward 3,2023-01-20
2023-01-14,38.924389,-77.050023,Ward 3,2023-01-20
2023-01-14,38.909105,-77.012162,Ward 5,2023-01-17
2023-01-15,38.909139,-77.061667,Ward 2,2023-01-17
2023-01-15,38.909063,-77.062092,Ward 2,2023-01-17
2023-01-15,38.889432,-76.931896,Ward 7,2023-01-17
2023-01-15,38.880765,-76.983435,Ward 6,2023-01-17
2023-01-15,38.933271,-77.071120,Ward 3,2023-01-20
2023-01-16,38.909639,-77.009051,Ward 5,2023-01-18
2023-01-16,38.909639,-77.009051,Ward 5,2023-01-17
2023-01-16,38.961784,-77.056532,Ward 4,2023-01-20
2023-01-16,38.893738,-76.988893,Ward 6,2023-01-17
2023-01-16,38.906592,-77.002389,Ward 6,2023-01-18
2023-01-17,38.890092,-76.934042,Ward 7,2023-01-18
2023-01-17,38.821414,-77.007015,Ward 8,2023-01-19
2023-01-17,38.910929,-77.020553,Ward 6,2023-01-20
2023-01-17,38.933319,-77.072032,Ward 3,2023-01-20
2023-01-17,38.948915,-77.006681,Ward 5,2023-01-20
2023-01-17,38.903740,-77.051414,Ward 2,2023-01-23
2023-01-17,38.946593,-77.071728,Ward 3,2023-01-23
2023-01-17,38.886861,-76.935931,Ward 7,2023-01-19
2023-01-17,38.910475,-76.985773,Ward 5,2023-01-20
2023-01-18,38.908763,-77.027905,Ward 2,2023-01-19
2023-01-18,38.908725,-77.028337,Ward 2,2023-01-19
2023-01-18,38.954926,-77.092829,Ward 3,2023-01-20
2023-01-18,38.943016,-77.016309,Ward 4,2023-01-19
2023-01-18,38.876799,-76.930343,Ward 7,2023-01-19
2023-01-18,38.923024,-77.046999,Ward 1,2023-01-19
2023-01-18,38.887238,-76.930807,Ward 7,2023-01-19
2023-01-18,38.964420,-77.056581,Ward 4,2023-01-20
2023-01-18,38.903764,-76.990310,Ward 5,2023-01-19
2023-01-18,38.915544,-76.984806,Ward 5,2023-01-19
2023-01-18,38.908576,-77.028087,Ward 2,2023-01-19
2023-01-18,38.895376,-76.977030,Ward 7,2023-01-19
2023-01-18,38.927308,-77.090803,Ward 3,2023-01-20
2023-01-19,38.962098,-77.066763,Null,2023-01-20
2023-01-19,38.942258,-76.983909,Ward 5,2023-01-23
2023-01-19,38.848988,-76.974441,Ward 8,2023-01-23
2023-01-19,38.849309,-76.974757,Ward 8,2023-01-23
2023-01-19,38.905107,-76.938521,Ward 7,2023-01-20
2023-01-19,38.931360,-77.006902,Ward 5,2023-01-21
2023-01-19,38.874021,-76.952312,Ward 7,2023-01-23
2023-01-19,38.897935,-76.980759,Ward 6,2023-01-23
2023-01-19,38.943470,-77.062635,Ward 3,2023-01-23
2023-01-19,38.865619,-76.985175,Ward 8,2023-01-23
2023-01-19,38.887238,-76.930807,Ward 7,2023-01-22
2023-01-19,38.919010,-77.098496,Ward 3,2023-01-21
2023-01-20,38.903587,-77.047983,Ward 2,2023-01-23
2023-01-20,38.934134,-76.962081,Ward 5,2023-01-20
2023-01-20,38.848844,-76.973834,Ward 8,2023-01-23
2023-01-20,38.957024,-77.083817,Ward 3,2023-01-23
2023-01-20,38.942930,-77.016920,Ward 4,2023-01-23
2023-01-20,38.877377,-76.960596,Ward 7,2023-01-23
2023-01-20,38.864350,-76.955605,Ward 7,2023-01-23
2023-01-20,38.878406,-77.004859,Null,2023-01-23
2023-01-20,38.925332,-77.078567,Ward 3,2023-01-24
2023-01-20,38.859658,-76.965078,Ward 7,2023-01-23
2023-01-20,38.912389,-76.989342,Ward 5,2023-01-23
2023-01-20,38.847941,-76.978537,Ward 8,2023-01-23
2023-01-20,38.851659,-76.971354,Ward 8,2023-01-23
2023-01-21,38.884266,-77.033343,Ward 2,2023-01-23
2023-01-21,38.856296,-76.967658,Ward 8,2023-01-23
2023-01-21,38.924003,-77.026306,Ward 1,2023-01-23
2023-01-21,38.883369,-76.928028,Ward 7,2023-01-24
2023-01-21,38.885982,-76.935916,Ward 7,2023-01-23
2023-01-21,38.942164,-77.006706,Ward 5,2023-01-23
2023-01-21,38.853298,-76.983303,Ward 8,2023-01-23
2023-01-21,38.845779,-76.970117,Ward 8,2023-01-23
2023-01-21,38.831988,-76.996959,Ward 8,2023-01-23
2023-01-21,38.928669,-77.043108,Ward 1,2023-01-23
2023-01-21,38.929416,-77.043510,Ward 1,2023-01-23
2023-01-21,38.887220,-76.977257,Ward 7,2023-01-23
2023-01-21,38.912607,-77.024979,Ward 6,2023-01-23
2023-01-21,38.914297,-77.027542,Ward 1,2023-01-23
2023-01-22,38.955138,-77.058441,Ward 3,2023-01-23
2023-01-22,38.957738,-77.057373,Ward 4,2023-01-23
2023-01-22,38.901336,-77.043461,Ward 2,2023-01-23
2023-01-23,38.920040,-77.014663,Ward 5,2023-01-24
2023-01-23,38.942518,-77.081968,Ward 3,2023-01-24
2023-01-23,38.956757,-77.090888,Ward 3,2023-01-24
2023-01-23,38.925962,-77.023340,Ward 1,2023-01-24
2023-01-23,38.956554,-77.090748,Ward 3,2023-01-24
2023-01-23,38.950768,-77.083551,Ward 3,2023-01-24
2023-01-23,38.909473,-77.048524,Ward 2,2023-01-24
2023-01-23,38.954926,-77.092829,Ward 3,2023-01-24
2023-01-23,38.890597,-76.993976,Ward 6,2023-01-24
2023-01-23,38.893427,-76.997354,Ward 6,2023-01-24
2023-01-23,38.904004,-77.053514,Ward 2,2023-01-24
2023-01-23,38.928628,-77.041149,Ward 1,2023-01-25
2023-01-23,38.943020,-77.016168,Ward 4,2023-01-25
2023-01-24,38.889289,-76.930686,Ward 7,2023-01-25
2023-01-24,38.853376,-76.965093,Ward 8,2023-01-25
2023-01-24,38.961013,-77.070831,Ward 3,2023-01-26
2023-01-24,38.880139,-76.985073,Ward 6,2023-01-25
2023-01-24,38.931849,-77.075002,Ward 3,2023-01-26
2023-01-24,38.961316,-77.019894,Ward 4,2023-01-26
2023-01-24,38.833043,-77.005886,Ward 8,2023-01-25
2023-01-24,38.899411,-76.979296,Null,2023-01-26
2023-01-25,38.943162,-77.082914,Ward 3,2023-01-26
2023-01-25,38.904759,-77.053545,Ward 2,2023-01-26
2023-01-25,38.960818,-77.070461,Ward 3,2023-01-26
2023-01-25,38.961236,-77.072351,Ward 3,2023-01-26
2023-01-25,38.858711,-76.993956,Ward 8,2023-01-25
2023-01-25,38.825444,-77.012114,Ward 8,2023-01-26
2023-01-25,38.858054,-76.969981,Ward 8,2023-01-27
2023-01-25,38.912723,-77.067037,Ward 2,2023-01-26
2023-01-25,38.950028,-77.088633,Ward 3,2023-01-26
2023-01-25,38.951575,-77.088634,Ward 3,2023-01-26
2023-01-25,38.948351,-77.088635,Ward 3,2023-01-26
2023-01-25,38.938226,-77.085634,Ward 3,2023-01-26
2023-01-25,38.889074,-76.985256,Ward 6,2023-01-30
2023-01-25,38.966702,-77.078165,Ward 3,2023-01-26
2023-01-25,38.850749,-76.981012,Ward 8,2023-01-26
2023-01-25,38.869798,-76.968745,Ward 7,2023-01-27
2023-01-25,38.820433,-77.018471,Ward 8,2023-01-27
2023-01-26,38.910907,-77.010008,Ward 5,2023-01-26
2023-01-26,38.921973,-76.968663,Ward 5,2023-01-27
2023-01-26,38.886733,-76.935868,Ward 7,2023-01-26
2023-01-26,38.955054,-77.093060,Ward 3,2023-01-27
2023-01-26,38.856866,-76.969972,Ward 8,2023-01-27
2023-01-26,38.950270,-76.991689,Ward 5,2023-01-27
2023-01-26,38.899250,-76.978409,Null,2023-01-26
2023-01-26,38.900351,-76.981100,Ward 5,2023-01-27
2023-01-26,38.898094,-76.923405,Ward 7,2023-01-27
2023-01-26,38.898985,-76.950981,Ward 7,2023-01-27
2023-01-26,38.901758,-76.948637,Ward 7,2023-01-27
2023-01-26,38.837547,-77.006113,Ward 8,2023-02-01
2023-01-26,38.909483,-77.048363,Ward 2,2023-01-27
2023-01-26,38.958518,-77.022414,Ward 4,2023-01-27
2023-01-27,38.915206,-77.012396,Ward 5,2023-01-30
2023-01-27,38.844083,-76.984763,Ward 8,2023-01-31
2023-01-27,38.889215,-77.050161,Ward 2,2023-01-27
2023-01-27,38.925921,-77.100031,Ward 3,2023-01-31
2023-01-27,38.914631,-77.010211,Ward 5,2023-01-31
2023-01-27,38.905643,-77.020908,Ward 6,2023-01-30
2023-01-27,38.955441,-76.997221,Ward 5,2023-01-30
2023-01-27,38.960201,-77.085157,Ward 3,2023-01-31
2023-01-27,38.963771,-77.024203,Ward 4,2023-01-31
2023-01-27,38.926991,-77.104150,Ward 3,2023-01-31
2023-01-27,38.857281,-76.961509,Ward 7,2023-02-01
2023-01-27,38.827473,-76.998213,Ward 8,2023-01-31
2023-01-27,38.904168,-76.990318,Ward 5,2023-01-30
2023-01-27,38.934345,-77.058414,Ward 3,2023-02-01
2023-01-28,38.926535,-77.034918,Ward 1,2023-01-30
2023-01-28,38.926533,-77.034992,Ward 1,2023-01-30
2023-01-28,38.886265,-76.936038,Ward 7,2023-01-31
2023-01-28,38.858054,-76.969981,Ward 8,2023-01-31
2023-01-28,38.885718,-76.988059,Ward 6,2023-01-30
2023-01-28,38.942902,-77.082337,Ward 3,2023-02-02
2023-01-28,38.961966,-77.083210,Ward 3,2023-01-30
2023-01-28,38.861503,-76.993796,Ward 8,2023-02-01
2023-01-29,38.926239,-77.033436,Ward 1,2023-01-30
2023-01-29,38.894279,-76.980511,Ward 6,2023-01-31
2023-01-29,38.939529,-77.029353,Ward 4,2023-01-30
2023-01-29,38.924057,-77.092097,Ward 3,2023-01-30
2023-01-29,38.836945,-76.981137,Ward 8,2023-01-31
2023-01-29,38.923719,-77.026028,Ward 1,2023-01-30
2023-01-29,38.958057,-77.088862,Ward 3,2023-01-30
2023-01-29,38.926991,-77.104150,Ward 3,2023-01-31
2023-01-29,38.926991,-77.104150,Ward 3,2023-01-31
2023-01-29,38.925964,-77.074005,Ward 3,2023-01-30
2023-01-29,38.930028,-77.103571,Ward 3,2023-01-30
2023-01-30,38.892418,-76.992864,Ward 6,2023-01-31
2023-01-30,38.912427,-77.085047,Ward 3,2023-01-31
2023-01-30,38.888454,-76.989982,Ward 6,2023-01-31
2023-01-30,38.888101,-76.995278,Ward 6,2023-01-31
2023-01-30,38.874611,-76.967768,Ward 7,2023-01-31
2023-01-30,38.914655,-77.011516,Ward 5,2023-01-31
2023-01-30,38.897539,-77.006179,Ward 6,2023-02-01
2023-01-30,38.947334,-77.098254,Ward 3,2023-02-01
2023-01-30,38.942604,-77.082391,Ward 3,2023-01-31
2023-01-30,38.902844,-77.060621,Ward 2,2023-01-31
2023-01-30,38.928598,-77.040475,Ward 1,2023-02-01
2023-01-30,38.973252,-77.069294,Ward 4,2023-02-01
2023-01-30,38.975607,-77.066752,Ward 4,2023-02-01
2023-01-30,38.971095,-77.072147,Ward 3,2023-02-01
2023-01-30,38.880941,-76.985738,Ward 6,2023-02-01
2023-01-30,38.899041,-76.983406,Ward 6,2023-02-01
2023-01-30,38.934378,-77.030626,Ward 1,2023-02-01
2023-01-30,38.970997,-77.072279,Ward 3,2023-02-01
2023-01-31,38.900177,-77.016198,Null,2023-02-01
2023-01-31,38.837302,-76.990768,Ward 8,2023-02-01
2023-01-31,38.936572,-77.020754,Ward 1,2023-02-01
2023-01-31,38.912440,-77.028669,Ward 2,2023-02-01
2023-01-31,38.982585,-77.031354,Ward 4,2023-02-01
2023-01-31,38.934569,-77.030868,Ward 1,2023-02-02
2023-01-31,38.935463,-77.030593,Ward 1,2023-02-02
2023-01-31,38.948352,-77.090611,Ward 3,2023-02-02
2023-02-01,38.985403,-77.043130,Ward 4,2023-02-02
2023-02-01,38.826350,-77.006734,Ward 8,2023-02-02
2023-02-01,38.951212,-77.097036,Ward 3,2023-02-02
2023-02-01,38.827473,-76.998213,Ward 8,2023-02-02
2023-02-01,38.948423,-77.090398,Ward 3,2023-02-02
2023-02-01,38.898603,-77.009434,Ward 6,2023-02-03
2023-02-01,38.872450,-76.964494,Ward 7,2023-02-02
2023-02-01,38.871696,-76.960679,Ward 7,2023-02-02
2023-02-01,38.945235,-77.030608,Ward 4,2023-02-02
2023-02-01,38.885633,-77.019626,Ward 6,2023-02-02
2023-02-01,38.931891,-77.075564,Ward 3,2023-02-06
2023-02-01,38.917563,-77.014187,Ward 5,2023-02-03
2023-02-01,38.857879,-76.969070,Ward 8,2023-02-03
2023-02-01,38.929708,-77.082937,Ward 3,2023-02-06
2023-02-01,38.885315,-77.023354,Ward 6,2023-02-03
2023-02-02,38.964901,-77.070233,Ward 3,2023-02-06
2023-02-02,38.965788,-77.070474,Ward 3,2023-02-06
2023-02-02,38.830788,-77.016627,Ward 8,2023-02-03
2023-02-02,38.871479,-77.009477,Ward 6,2023-02-03
2023-02-02,38.950984,-77.038218,Ward 4,2023-02-06
2023-02-02,38.870296,-76.943665,Ward 7,2023-02-03
2023-02-02,38.885156,-76.941419,Ward 7,2023-02-07
2023-02-02,38.918984,-76.971828,Ward 5,2023-02-07
2023-02-02,38.899125,-77.008111,Ward 6,2023-02-06
2023-02-02,38.898318,-77.032800,Ward 2,2023-02-06
2023-02-02,38.910247,-76.986995,Ward 5,2023-02-08
2023-02-02,38.899288,-77.010026,Ward 6,2023-02-06
2023-02-02,38.885206,-77.021142,Ward 6,2023-02-06
2023-02-02,38.849570,-76.977606,Ward 8,2023-02-06
2023-02-03,38.950718,-77.090851,Ward 3,2023-02-06
2023-02-03,38.873036,-76.951018,Ward 7,2023-02-09
2023-02-03,38.854220,-76.970266,Ward 8,2023-02-07
2023-02-03,38.896124,-77.013659,Ward 6,2023-02-06
2023-02-03,38.929708,-77.082937,Ward 3,2023-02-06
2023-02-03,38.938111,-77.023407,Ward 4,2023-02-06
2023-02-03,38.831866,-76.996560,Ward 8,2023-02-06
2023-02-04,38.929708,-77.082937,Ward 3,2023-02-06
2023-02-04,38.943024,-77.016028,Ward 4,2023-02-08
2023-02-04,38.943050,-77.014114,Ward 4,2023-02-07
2023-02-04,38.914298,-77.027259,Ward 1,2023-02-07
2023-02-04,38.909123,-77.058447,Ward 2,2023-02-07
2023-02-04,38.868389,-76.969189,Ward 7,2023-02-07
2023-02-04,38.963094,-77.072934,Ward 3,2023-02-07
2023-02-05,38.968260,-77.015903,Ward 4,2023-02-07
2023-02-05,38.867658,-76.967777,Ward 7,2023-02-07
2023-02-05,38.902238,-77.000388,Ward 6,2023-02-08
2023-02-06,38.956009,-77.031924,Ward 4,2023-02-07
2023-02-06,38.927734,-77.052355,Ward 3,2023-02-07
2023-02-06,38.905806,-77.047649,Ward 2,2023-02-07
2023-02-06,38.905806,-77.047649,Ward 2,2023-02-07
2023-02-06,38.922256,-77.017985,Ward 1,2023-02-07
2023-02-06,38.936882,-77.099003,Ward 3,2023-02-08
2023-02-06,38.932822,-76.997862,Ward 5,2023-02-08
2023-02-06,38.838455,-77.009882,Ward 8,2023-02-08
2023-02-06,38.947544,-76.989697,Ward 5,2023-02-08
2023-02-06,38.896920,-76.960262,Ward 7,2023-02-08
2023-02-06,38.910475,-76.985773,Ward 5,2023-02-07
2023-02-06,38.948616,-77.100025,Ward 3,2023-02-08
2023-02-06,38.900016,-76.950642,Ward 7,2023-02-10
2023-02-06,38.910188,-77.028990,Ward 2,2023-02-07
2023-02-06,38.956855,-77.019675,Ward 4,2023-02-08
2023-02-07,38.952703,-77.028804,Ward 4,2023-02-08
2023-02-07,38.873055,-76.950024,Ward 7,2023-02-09
2023-02-07,38.884735,-77.032423,Ward 2,2023-02-08
2023-02-07,38.891153,-77.050160,Ward 2,2023-02-08
2023-02-07,38.863712,-76.955554,Ward 7,2023-02-10
2023-02-07,38.945403,-76.989997,Ward 5,2023-02-08
2023-02-07,38.899756,-76.931667,Ward 7,2023-02-10
2023-02-07,38.867870,-76.979244,Ward 8,2023-02-08
2023-02-07,38.932819,-76.985401,Ward 5,2023-02-08
2023-02-07,38.932712,-76.987523,Ward 5,2023-02-08
2023-02-07,38.877614,-77.017160,Ward 6,2023-02-09
2023-02-07,38.829708,-77.005885,Ward 8,2023-02-09
2023-02-07,38.942590,-77.018614,Ward 4,2023-02-09
2023-02-07,38.960671,-77.085326,Ward 3,2023-02-10
2023-02-08,38.877160,-77.009555,Ward 6,2023-02-11
2023-02-08,38.911878,-77.068017,Ward 2,2023-02-09
2023-02-08,38.955771,-77.007235,Ward 4,2023-02-10
2023-02-08,38.875967,-76.957133,Ward 7,2023-02-10
2023-02-08,38.922256,-77.017985,Ward 1,2023-02-09
2023-02-08,38.921265,-77.031186,Ward 1,2023-02-09
2023-02-08,38.957353,-77.036396,Ward 4,2023-02-10
2023-02-08,38.902973,-76.994376,Ward 6,2023-02-09
2023-02-08,38.946771,-77.072449,Ward 3,2023-02-10
2023-02-08,38.853475,-76.985397,Ward 8,2023-02-09
2023-02-08,38.861609,-76.997782,Ward 8,2023-02-09
2023-02-08,38.879904,-76.995279,Ward 6,2023-02-09
2023-02-08,38.900619,-76.931667,Ward 7,2023-02-10
2023-02-08,38.937951,-77.066926,Ward 3,2023-02-09
2023-02-08,38.900177,-77.016198,Null,2023-02-10
2023-02-08,38.929084,-77.107979,Ward 3,2023-02-10
2023-02-08,38.906091,-77.036181,Ward 2,2023-02-11
2023-02-08,38.983145,-77.027223,Ward 4,2023-02-10
2023-02-08,38.896023,-76.956204,Ward 7,2023-02-12
2023-02-08,38.921675,-77.099390,Ward 3,2023-02-10
2023-02-08,38.962766,-77.082441,Ward 3,2023-02-10
2023-02-08,38.948509,-77.058480,Ward 3,2023-02-10
2023-02-09,38.949939,-77.091206,Ward 3,2023-02-10
2023-02-09,38.952771,-77.011730,Ward 4,2023-02-10
2023-02-09,38.843420,-76.997587,Ward 8,2023-02-10
2023-02-09,38.919010,-77.098496,Ward 3,2023-02-11
2023-02-09,38.950984,-77.038218,Ward 4,2023-02-10
2023-02-09,38.902252,-76.997628,Ward 6,2023-02-10
2023-02-09,38.915356,-77.010755,Ward 5,2023-02-10
2023-02-09,38.901942,-76.988290,Null,2023-02-12
2023-02-09,38.904516,-76.994328,Null,2023-02-11
2023-02-09,38.893664,-76.945620,Ward 7,2023-02-12
2023-02-09,38.915887,-77.014374,Null,2023-02-13
2023-02-09,38.910279,-77.055779,Ward 2,2023-02-13
2023-02-09,38.910188,-77.062936,Ward 2,2023-02-13
2023-02-09,38.948072,-77.096500,Ward 3,2023-02-14
2023-02-09,38.944851,-77.096013,Ward 3,2023-02-14
2023-02-09,38.951765,-77.096496,Ward 3,2023-02-14
2023-02-09,38.951355,-77.096508,Ward 3,2023-02-14
2023-02-09,38.954620,-77.093616,Ward 3,2023-02-14
2023-02-09,38.902892,-77.047666,Ward 2,2023-02-11
2023-02-09,38.872634,-76.948910,Ward 7,2023-02-13
2023-02-09,38.877033,-76.959777,Ward 7,2023-02-13
2023-02-09,38.876035,-76.957273,Ward 7,2023-02-10
2023-02-10,38.849439,-76.974418,Ward 8,2023-02-10
2023-02-10,38.907703,-77.070343,Ward 2,2023-02-13
2023-02-10,38.907677,-77.071609,Ward 2,2023-02-13
2023-02-10,38.897958,-76.950310,Ward 7,2023-02-13
2023-02-10,38.900391,-77.056092,Ward 2,2023-02-13
2023-02-10,38.903987,-77.019550,Ward 6,2023-02-12
2023-02-10,38.861333,-76.963107,Ward 7,2023-02-13
2023-02-10,38.861426,-76.952499,Ward 7,2023-02-13
2023-02-10,38.977602,-77.056749,Ward 4,2023-02-14
2023-02-10,38.970271,-77.070278,Ward 4,2023-02-14
2023-02-10,38.918998,-77.031060,Ward 1,2023-02-13
2023-02-10,38.948529,-77.080550,Ward 3,2023-02-16
2023-02-10,38.881280,-77.021906,Ward 6,2023-02-13
2023-02-10,38.941174,-77.055192,Ward 3,2023-02-14
2023-02-10,38.941797,-76.988303,Ward 5,2023-02-14
2023-02-10,38.909446,-77.046405,Ward 2,2023-02-16
2023-02-10,38.909446,-77.045648,Ward 2,2023-02-16
2023-02-11,38.833358,-76.985726,Ward 8,2023-02-14
2023-02-11,38.956021,-77.035607,Ward 4,2023-02-14
2023-02-11,38.954285,-77.072490,Ward 3,2023-02-14
2023-02-11,38.934649,-76.979509,Ward 5,2023-02-14
2023-02-11,38.943477,-77.021447,Ward 4,2023-02-16
2023-02-11,38.914713,-77.092601,Ward 3,2023-02-14
2023-02-12,38.909942,-77.009361,Ward 5,2023-02-13
2023-02-12,38.861333,-76.963107,Ward 7,2023-02-13
2023-02-12,38.933438,-77.109940,Ward 3,2023-02-13
2023-02-12,38.964974,-77.080372,Ward 3,2023-02-14
2023-02-12,38.944372,-77.083789,Ward 3,2023-02-14
2023-02-12,38.943562,-77.083787,Ward 3,2023-02-14
2023-02-12,38.916283,-77.095401,Ward 3,2023-02-13
2023-02-12,38.914148,-77.090044,Ward 3,2023-02-14
2023-02-12,38.913285,-77.087611,Ward 3,2023-02-14
2023-02-12,38.909214,-77.069102,Ward 2,2023-02-17
2023-02-12,38.905659,-77.057035,Ward 2,2023-02-17
2023-02-12,38.899112,-76.933445,Ward 7,2023-02-15
2023-02-12,38.914107,-77.078688,Ward 2,2023-02-14
2023-02-12,38.941675,-77.034507,Ward 4,2023-02-21
2023-02-13,38.923356,-76.999151,Ward 5,2023-02-14
2023-02-13,38.900520,-77.030670,Ward 2,2023-02-21
2023-02-13,38.964639,-77.001539,Ward 4,2023-02-16
2023-02-13,38.871897,-76.970936,Null,2023-02-14
2023-02-13,38.905093,-77.071507,Ward 2,2023-02-15
2023-02-13,38.918627,-77.063093,Ward 3,2023-02-21
2023-02-13,38.860160,-76.961190,Ward 7,2023-02-14
2023-02-13,38.896693,-77.026650,Ward 2,2023-02-23
2023-02-13,38.852157,-76.984694,Ward 8,2023-02-14
2023-02-13,38.851612,-76.982476,Ward 8,2023-02-14
2023-02-13,38.909483,-77.023650,Ward 6,2023-02-17
2023-02-13,38.938879,-77.025949,Ward 4,2023-02-14
2023-02-13,38.957678,-77.037144,Ward 4,2023-02-14
2023-02-13,38.919386,-77.011325,Ward 5,2023-02-14
2023-02-13,38.941795,-76.987681,Ward 5,2023-02-16
2023-02-13,38.954153,-77.071710,Ward 3,2023-02-15
2023-02-13,38.955054,-77.093060,Ward 3,2023-02-16
2023-02-13,38.900574,-77.024256,Ward 2,2023-02-21
2023-02-14,38.900307,-76.981194,Ward 5,2023-02-15
2023-02-14,38.893743,-76.994385,Ward 6,2023-02-15
2023-02-14,38.975633,-77.061111,Ward 4,2023-02-16
2023-02-14,38.837072,-77.006189,Ward 8,2023-02-15
2023-02-14,38.943165,-77.083786,Ward 3,2023-02-16
2023-02-14,38.924516,-77.072247,Ward 3,2023-02-17
2023-02-14,38.905218,-77.001496,Ward 6,2023-02-15
2023-02-14,38.898037,-76.992411,Ward 6,2023-02-15
2023-02-14,38.958681,-77.061629,Ward 4,2023-02-16
2023-02-14,38.906279,-77.002474,Ward 6,2023-02-16
2023-02-14,38.896445,-77.045801,Ward 2,2023-02-21
2023-02-14,38.902781,-77.054379,Ward 2,2023-02-16
2023-02-15,38.847878,-76.970698,Ward 8,2023-02-16
2023-02-15,38.957353,-77.036396,Ward 4,2023-02-16
2023-02-15,38.952897,-77.075199,Ward 3,2023-02-16
2023-02-15,38.929522,-76.971891,Ward 5,2023-02-16
2023-02-15,38.897819,-76.947848,Ward 7,2023-02-16
2023-02-15,38.961703,-76.997656,Ward 4,2023-02-22
2023-02-15,38.960371,-77.009596,Ward 4,2023-02-16
2023-02-15,38.957839,-77.009382,Ward 4,2023-02-27
2023-02-15,38.914643,-77.023193,Ward 1,2023-02-15
2023-02-15,38.927440,-76.990016,Ward 5,2023-02-16
2023-02-15,38.940848,-77.053608,Ward 3,2023-02-17
2023-02-15,38.936738,-77.084293,Ward 3,2023-02-18
2023-02-15,38.922256,-77.017985,Ward 1,2023-02-16
2023-02-15,38.865177,-76.958431,Ward 7,2023-02-16
2023-02-15,38.900208,-77.009063,Ward 6,2023-02-16
2023-02-15,38.844016,-76.991077,Ward 8,2023-02-21
2023-02-15,38.826504,-77.012337,Ward 8,2023-02-22
2023-02-15,38.927688,-77.028491,Ward 1,2023-02-21
2023-02-15,38.854841,-76.965708,Null,2023-02-17
2023-02-15,38.840601,-76.976451,Ward 8,2023-02-17
2023-02-15,38.845673,-76.969948,Ward 8,2023-02-17
2023-02-15,38.890106,-76.997856,Ward 6,2023-02-17
2023-02-15,38.929416,-77.043510,Ward 1,2023-02-17
2023-02-15,38.932538,-77.046487,Ward 1,2023-02-23
2023-02-15,38.820535,-77.016081,Ward 8,2023-02-22
2023-02-15,38.901839,-76.925628,Ward 7,2023-02-17
2023-02-16,38.899734,-77.005723,Ward 6,2023-02-18
2023-02-16,38.900414,-76.996344,Ward 6,2023-02-16
2023-02-16,38.864263,-76.985642,Ward 8,2023-02-21
2023-02-16,38.959215,-77.070646,Ward 3,2023-02-16
2023-02-16,38.883286,-77.028512,Ward 6,2023-02-17
2023-02-16,38.858711,-76.993956,Ward 8,2023-02-18
2023-02-16,38.919344,-76.981006,Ward 5,2023-02-21
2023-02-16,38.898526,-76.931163,Ward 7,2023-02-17
2023-02-16,38.931196,-77.021597,Ward 1,2023-02-17
2023-02-16,38.841104,-76.990760,Ward 8,2023-02-21
2023-02-16,38.915358,-77.010049,Ward 5,2023-02-17
2023-02-16,38.933399,-77.019811,Ward 1,2023-02-22
2023-02-16,38.970307,-77.011943,Ward 4,2023-02-22
2023-02-16,38.895019,-77.028096,Ward 2,2023-02-18
2023-02-16,38.912415,-77.078505,Ward 2,2023-02-21
2023-02-16,38.913897,-77.025084,Ward 6,2023-02-21
2023-02-17,38.906279,-77.002474,Ward 6,2023-02-23
2023-02-17,38.879279,-76.989278,Ward 6,2023-02-21
2023-02-17,38.873100,-76.972813,Null,2023-02-21
2023-02-17,38.854841,-76.965708,Null,2023-02-23
2023-02-17,38.924003,-76.990519,Ward 5,2023-02-21
2023-02-17,38.961287,-77.078299,Ward 3,2023-02-21
2023-02-17,38.860630,-76.989840,Ward 8,2023-02-21
2023-02-17,38.951208,-77.092875,Ward 3,2023-02-21
2023-02-17,38.951208,-77.092875,Ward 3,2023-02-21
2023-02-18,38.912313,-77.021919,Ward 6,2023-02-18
2023-02-18,38.944917,-77.010976,Ward 4,2023-02-24
2023-02-18,38.852267,-76.963470,Ward 8,2023-02-23
2023-02-18,38.932857,-76.989093,Ward 5,2023-02-23
2023-02-18,38.941360,-77.056331,Ward 3,2023-02-22
2023-02-18,38.945032,-76.988856,Ward 5,2023-02-23
2023-02-18,38.925379,-76.990763,Ward 5,2023-02-23
2023-02-18,38.932639,-76.985251,Ward 5,2023-02-23
2023-02-18,38.941675,-77.035150,Ward 4,2023-02-21
2023-02-18,38.951880,-77.059891,Ward 3,2023-02-22
2023-02-18,38.887567,-77.025991,Null,2023-02-22
2023-02-18,38.962700,-77.019896,Ward 4,2023-02-22
2023-02-19,38.895207,-77.003510,Ward 6,2023-02-22
2023-02-19,38.946684,-77.074603,Ward 3,2023-02-22
2023-02-19,38.947494,-77.074603,Ward 3,2023-02-22
2023-02-19,38.943569,-77.074606,Ward 3,2023-02-22
2023-02-19,38.944377,-77.074607,Ward 3,2023-02-22
2023-02-19,38.945157,-77.074605,Ward 3,2023-02-22
2023-02-19,38.940848,-77.053608,Ward 3,2023-02-22
2023-02-19,38.955192,-77.057563,Ward 3,2023-02-22
2023-02-19,38.957872,-77.061396,Null,2023-02-22
2023-02-19,38.953742,-77.056296,Ward 3,2023-02-22
2023-02-19,38.964697,-77.077627,Ward 3,2023-02-24
2023-02-19,38.952109,-77.082036,Ward 3,2023-02-24
2023-02-19,38.905644,-77.019417,Ward 2,2023-02-23
2023-02-19,38.964303,-77.003075,Ward 4,2023-02-21
2023-02-19,38.927732,-77.027273,Ward 1,2023-02-21
2023-02-19,38.935732,-77.025108,Ward 4,2023-02-24
2023-02-19,38.935308,-77.025436,Ward 4,2023-02-24
2023-02-19,38.932659,-77.048917,Null,2023-02-23
2023-02-19,38.909483,-77.023650,Ward 6,2023-02-23
2023-02-19,38.928893,-77.031544,Ward 1,2023-02-23
2023-02-20,38.955028,-77.086209,Ward 3,2023-02-24
2023-02-20,38.964072,-77.056951,Ward 4,2023-02-22
2023-02-20,38.940972,-77.061654,Ward 3,2023-02-21
2023-02-20,38.822440,-77.018104,Ward 8,2023-02-27
2023-02-20,38.917955,-77.051683,Ward 2,2023-02-23
2023-02-20,38.853133,-76.964041,Null,2023-02-23
2023-02-20,38.935678,-77.025154,Ward 4,2023-02-24
2023-02-21,38.919755,-77.000569,Ward 5,2023-02-22
2023-02-21,38.820433,-77.018471,Ward 8,2023-02-23
2023-02-21,38.853298,-76.983303,Ward 8,2023-02-22
2023-02-21,38.912984,-77.085224,Ward 3,2023-02-24
2023-02-21,38.874896,-76.962707,Ward 7,2023-02-23
2023-02-21,38.895133,-76.949160,Ward 7,2023-02-23
2023-02-21,38.938911,-77.104038,Ward 3,2023-02-24
2023-02-21,38.892691,-76.915504,Ward 7,2023-02-23
2023-02-21,38.940311,-77.054800,Ward 3,2023-02-22
2023-02-21,38.952897,-77.075199,Ward 3,2023-02-24
2023-02-21,38.829764,-77.000808,Ward 8,2023-02-22
2023-02-21,38.940932,-76.986620,Ward 5,2023-02-23
2023-02-22,38.899089,-76.990931,Ward 6,2023-02-23
2023-02-22,38.959026,-77.071074,Ward 3,2023-02-22
2023-02-22,38.951953,-77.024296,Ward 4,2023-02-23
2023-02-22,38.848158,-76.970084,Ward 8,2023-02-23
2023-02-22,38.921265,-77.031186,Ward 1,2023-02-23
2023-02-22,38.940848,-77.053608,Ward 3,2023-02-22
2023-02-22,38.887130,-76.979247,Ward 6,2023-02-23
2023-02-22,38.951037,-77.083525,Ward 3,2023-02-24
2023-02-22,38.955954,-77.083270,Ward 3,2023-02-23
2023-02-22,38.891153,-77.050160,Ward 2,2023-02-24
2023-02-22,38.927284,-77.021542,Ward 1,2023-02-27
2023-02-22,38.910235,-77.048200,Ward 2,2023-02-28
2023-02-22,38.946285,-77.082050,Ward 3,2023-02-24
2023-02-22,38.944290,-77.083501,Ward 3,2023-02-24
2023-02-22,38.929322,-77.057883,Ward 3,2023-02-24
2023-02-22,38.941240,-77.058824,Ward 3,2023-02-27
2023-02-22,38.861333,-76.963107,Ward 7,2023-02-27
2023-02-22,38.884735,-77.032423,Ward 2,2023-02-24
2023-02-23,38.909483,-77.023650,Ward 6,2023-02-23
2023-02-23,38.894622,-76.957720,Ward 7,2023-02-23
2023-02-23,38.935117,-77.025198,Ward 1,2023-03-02
2023-02-23,38.822440,-77.018104,Ward 8,2023-02-27
2023-02-23,38.935117,-77.025198,Ward 1,2023-03-02
2023-02-23,38.900460,-77.000399,Ward 6,2023-02-24
2023-02-23,38.940311,-77.054800,Ward 3,2023-02-23
2023-02-23,38.967958,-77.016172,Ward 4,2023-03-01
2023-02-23,38.942189,-76.985825,Ward 5,2023-02-27
2023-02-23,38.965868,-77.013296,Ward 4,2023-02-27
2023-02-23,38.904585,-77.045381,Ward 2,2023-02-28
2023-02-23,38.931734,-77.111313,Ward 3,2023-02-24
2023-02-23,38.945921,-77.071666,Ward 3,2023-02-27
2023-02-23,38.947281,-77.072713,Ward 3,2023-02-27
2023-02-23,38.831872,-76.996467,Ward 8,2023-02-27
2023-02-23,38.832674,-76.994463,Ward 8,2023-02-24
2023-02-23,38.889772,-76.937543,Ward 7,2023-02-25
2023-02-23,38.892827,-76.988037,Ward 6,2023-02-27
2023-02-23,38.893239,-77.054539,Ward 2,2023-02-24
2023-02-24,38.884868,-77.034559,Ward 2,2023-02-24
2023-02-24,38.926854,-77.067508,Ward 3,2023-02-27
2023-02-24,38.893746,-76.994242,Ward 6,2023-02-27
2023-02-24,38.881357,-76.988062,Ward 6,2023-02-27
2023-02-24,38.959050,-77.023780,Ward 4,2023-03-01
2023-02-24,38.897562,-76.997145,Ward 6,2023-02-27
2023-02-24,38.918170,-76.954820,Ward 5,2023-02-27
2023-02-24,38.892192,-77.060302,Ward 2,2023-02-27
2023-02-24,38.950732,-77.074944,Ward 3,2023-02-27
2023-02-24,38.909822,-77.036182,Ward 2,2023-02-27
2023-02-24,38.898494,-76.981860,Ward 6,2023-02-28
2023-02-25,38.956039,-77.028202,Ward 4,2023-02-28
2023-02-25,38.923764,-77.045115,Ward 1,2023-02-28
2023-02-25,38.926803,-77.042814,Ward 1,2023-02-28
2023-02-25,38.828186,-77.017757,Ward 8,2023-03-02
2023-02-25,38.822440,-77.018104,Ward 8,2023-02-27
2023-02-25,38.980559,-77.030943,Ward 4,2023-02-28
2023-02-25,38.896959,-76.921267,Ward 7,2023-02-28
2023-02-25,38.828078,-77.013360,Ward 8,2023-03-01
2023-02-25,38.937397,-77.023846,Ward 4,2023-03-01
2023-02-25,38.951222,-77.074204,Ward 3,2023-02-27
2023-02-25,38.866191,-76.981916,Ward 8,2023-02-28
2023-02-25,38.934045,-77.057470,Ward 3,2023-02-27
2023-02-26,38.884608,-77.003713,Ward 6,2023-02-28
2023-02-26,38.917089,-77.073132,Ward 3,2023-02-28
2023-02-26,38.967793,-77.015900,Ward 4,2023-03-01
2023-02-26,38.898113,-77.033088,Ward 2,2023-02-28
2023-02-26,38.952925,-77.020489,Ward 4,2023-02-28
2023-02-26,38.883153,-77.024287,Ward 6,2023-02-27
2023-02-26,38.961015,-77.057472,Ward 4,2023-02-28
2023-02-26,38.868418,-76.971230,Ward 8,2023-02-28
2023-02-27,38.937116,-77.066914,Ward 3,2023-02-28
2023-02-27,38.952151,-77.073729,Ward 3,2023-02-28
2023-02-27,38.930095,-77.038138,Ward 1,2023-02-28
2023-02-27,38.820855,-77.008876,Ward 8,2023-03-03
2023-02-27,38.820470,-77.007231,Ward 8,2023-03-01
2023-02-27,38.926687,-77.035505,Ward 1,2023-03-02
2023-02-27,38.889910,-76.950089,Ward 7,2023-03-01
2023-02-27,38.911131,-77.048745,Ward 2,2023-02-28
2023-02-27,38.887454,-76.952969,Ward 7,2023-02-28
2023-02-27,38.901469,-77.019918,Null,2023-02-28
2023-02-27,38.958417,-77.025861,Ward 4,2023-02-28
2023-02-27,38.833387,-76.986071,Ward 8,2023-03-03
2023-02-27,38.939491,-77.051231,Ward 4,2023-03-01
2023-02-27,38.853728,-76.995045,Ward 8,2023-03-03
2023-02-27,38.866345,-76.981812,Ward 8,2023-02-28
2023-02-27,38.889754,-76.922885,Ward 7,2023-02-28
2023-02-27,38.844346,-76.989137,Ward 8,2023-03-01
2023-02-28,38.980038,-77.030449,Ward 4,2023-03-01
2023-02-28,38.853728,-76.995045,Ward 8,2023-02-28
2023-02-28,38.852157,-76.984694,Ward 8,2023-03-03
2023-02-28,38.910483,-77.023213,Ward 6,2023-03-03
2023-02-28,38.915568,-77.003507,Ward 5,2023-03-01
2023-02-28,38.917945,-77.052598,Ward 2,2023-03-02
2023-02-28,38.944900,-77.061836,Ward 3,2023-03-01
2023-02-28,38.963150,-77.030094,Ward 4,2023-03-01
2023-02-28,38.942906,-77.083387,Ward 3,2023-03-01
2023-02-28,38.947690,-77.098813,Ward 3,2023-03-01
2023-02-28,38.958530,-77.079201,Ward 3,2023-03-02
2023-02-28,38.959026,-77.071074,Ward 3,2023-03-08
2023-02-28,38.965641,-77.070102,Ward 3,2023-03-03
2023-02-28,38.941444,-77.092348,Ward 3,2023-03-02
2023-02-28,38.940020,-77.101610,Ward 3,2023-03-02
2023-03-01,38.928708,-77.025951,Ward 1,2023-03-02
2023-03-01,38.936987,-77.023808,Ward 4,2023-03-01
2023-03-01,38.965544,-77.013646,Ward 4,2023-03-02
2023-03-01,38.893738,-76.988893,Ward 6,2023-03-03
2023-03-01,38.889454,-76.954088,Ward 7,2023-03-01
2023-03-01,38.924255,-76.965877,Ward 5,2023-03-02
2023-03-01,38.924255,-76.965877,Ward 5,2023-03-02
2023-03-01,38.931803,-76.992792,Ward 5,2023-03-02
2023-03-01,38.900051,-76.919350,Ward 7,2023-03-02
2023-03-01,38.956860,-77.088841,Ward 3,2023-03-06
2023-03-01,38.955770,-77.088268,Ward 3,2023-03-06
2023-03-01,38.859417,-76.995731,Ward 8,2023-03-03
2023-03-02,38.889524,-76.951835,Ward 7,2023-03-03
2023-03-02,38.898576,-77.053778,Ward 2,2023-03-03
2023-03-02,38.899151,-77.053232,Ward 2,2023-03-03
2023-03-02,38.951733,-77.073775,Ward 3,2023-03-06
2023-03-02,38.916435,-77.019950,Ward 1,2023-03-03
2023-03-02,38.929465,-77.043554,Ward 1,2023-03-03
2023-03-02,38.935691,-77.111588,Ward 3,2023-03-03
2023-03-02,38.895504,-77.013297,Ward 6,2023-03-06
2023-03-02,38.917552,-77.007669,Ward 5,2023-03-03
2023-03-02,38.933596,-76.961395,Ward 5,2023-03-03
2023-03-02,38.941711,-77.036755,Ward 4,2023-03-03
2023-03-02,38.950632,-77.036074,Ward 4,2023-03-03
2023-03-02,38.859619,-76.952047,Ward 7,2023-03-03
2023-03-02,38.895623,-76.950564,Ward 7,2023-03-04
2023-03-02,38.927680,-77.107088,Ward 3,2023-03-06
2023-03-02,38.944189,-77.003535,Ward 5,2023-03-06
2023-03-02,38.904895,-77.049063,Ward 2,2023-03-06
2023-03-02,38.842649,-77.000782,Ward 8,2023-03-06
2023-03-03,38.900605,-77.007026,Ward 6,2023-03-06
2023-03-03,38.890211,-77.050161,Ward 2,2023-03-04
2023-03-03,38.889289,-76.930686,Ward 7,2023-03-04
2023-03-03,38.907807,-77.004559,Ward 6,2023-03-03
2023-03-03,38.952925,-77.020489,Ward 4,2023-03-06
2023-03-03,38.936623,-77.059480,Ward 3,2023-03-04
2023-03-03,38.836945,-76.981137,Ward 8,2023-03-06
2023-03-03,38.853298,-76.983303,Ward 8,2023-03-04
2023-03-04,38.965501,-77.013966,Ward 4,2023-03-07
2023-03-04,38.950269,-76.989528,Ward 5,2023-03-07
2023-03-04,38.852157,-76.984694,Ward 8,2023-03-08
2023-03-04,38.871134,-76.968967,Ward 7,2023-03-08
2023-03-04,38.887614,-77.003519,Ward 6,2023-03-06
2023-03-04,38.882099,-76.942606,Ward 7,2023-03-08
2023-03-04,38.951290,-77.083878,Ward 3,2023-03-07
2023-03-04,38.896538,-76.957495,Ward 7,2023-03-06
2023-03-04,38.897694,-76.969492,Null,2023-03-06
2023-03-04,38.820424,-77.009056,Ward 8,2023-03-08
2023-03-05,38.903061,-77.001735,Ward 6,2023-03-10
2023-03-05,38.916435,-77.019950,Ward 1,2023-03-07
2023-03-05,38.956493,-77.088629,Ward 3,2023-03-06
2023-03-05,38.956143,-77.088114,Ward 3,2023-03-06
2023-03-06,38.961017,-77.067707,Ward 3,2023-03-07
2023-03-06,38.962042,-77.033425,Ward 4,2023-03-06
2023-03-06,38.896129,-77.015186,Ward 6,2023-03-07
2023-03-06,38.900216,-77.029634,Ward 2,2023-03-08
2023-03-06,38.878958,-76.984230,Ward 6,2023-03-07
2023-03-06,38.967062,-77.008816,Ward 4,2023-03-07
2023-03-06,38.981140,-77.030066,Ward 4,2023-03-07
2023-03-06,38.967062,-77.008816,Ward 4,2023-03-07
2023-03-06,38.884941,-76.991039,Ward 6,2023-03-07
2023-03-06,38.878846,-76.991818,Ward 6,2023-03-07
2023-03-06,38.921579,-77.047479,Ward 1,2023-03-08
2023-03-06,38.878555,-76.991335,Ward 6,2023-03-08
2023-03-06,38.951037,-77.083525,Ward 3,2023-03-07
2023-03-06,38.901916,-76.934518,Ward 7,2023-03-08
2023-03-06,38.905438,-77.044676,Ward 2,2023-03-08
2023-03-06,38.889786,-76.947754,Ward 7,2023-03-08
2023-03-06,38.970685,-77.011666,Ward 4,2023-03-10
2023-03-06,38.937425,-77.028788,Ward 4,2023-03-08
2023-03-06,38.921031,-76.994814,Ward 5,2023-03-08
2023-03-06,38.936971,-77.061206,Ward 3,2023-03-08
2023-03-07,38.896382,-77.047501,Ward 2,2023-03-08
2023-03-07,38.964777,-77.057034,Ward 4,2023-03-08
2023-03-07,38.927795,-77.106987,Ward 3,2023-03-07
2023-03-07,38.910795,-77.009051,Ward 5,2023-03-08
2023-03-07,38.921560,-77.047232,Ward 1,2023-03-08
2023-03-07,38.886926,-77.039488,Ward 2,2023-03-07
2023-03-07,38.909456,-77.036999,Ward 2,2023-03-08
2023-03-07,38.967645,-77.036029,Ward 4,2023-03-08
2023-03-07,38.975313,-77.036151,Ward 4,2023-03-08
2023-03-07,38.879026,-76.983878,Ward 6,2023-03-08
2023-03-07,38.910201,-76.984992,Ward 5,2023-03-08
2023-03-07,38.905881,-77.007852,Ward 6,2023-03-08
2023-03-07,38.918594,-76.947139,Ward 5,2023-03-10
2023-03-07,38.920223,-77.000232,Ward 5,2023-03-08
2023-03-07,38.931971,-77.031512,Ward 1,2023-03-10
2023-03-07,38.886531,-76.987233,Ward 6,2023-03-09
2023-03-07,38.888587,-76.988552,Ward 6,2023-03-10
2023-03-07,38.940660,-77.055010,Ward 3,2023-03-10
2023-03-07,38.947601,-76.990200,Ward 5,2023-03-09
2023-03-07,38.896256,-76.975529,Ward 7,2023-03-09
2023-03-07,38.887096,-76.982832,Ward 7,2023-03-10
2023-03-07,38.871473,-76.977083,Ward 8,2023-03-09
2023-03-07,38.917027,-76.955032,Ward 5,2023-03-08
2023-03-07,38.870275,-76.969226,Ward 7,2023-03-09
2023-03-08,38.937405,-77.031348,Ward 4,2023-03-10
2023-03-08,38.887366,-77.028539,Ward 6,2023-03-08
2023-03-08,38.886926,-77.039488,Ward 2,2023-03-08
2023-03-08,38.886926,-77.039488,Ward 2,2023-03-08
2023-03-08,38.887366,-77.028539,Ward 6,2023-03-08
2023-03-08,38.890018,-77.048849,Ward 2,2023-03-08
2023-03-08,38.928743,-77.025947,Ward 1,2023-03-13
2023-03-08,38.948463,-77.032473,Ward 4,2023-03-10
2023-03-08,38.923146,-76.988353,Ward 5,2023-03-09
2023-03-08,38.910889,-76.997925,Ward 5,2023-03-10
2023-03-08,38.904895,-77.049063,Ward 2,2023-03-13
2023-03-08,38.912520,-76.989819,Ward 5,2023-03-10
2023-03-08,38.914705,-76.971556,Ward 5,2023-03-09
2023-03-08,38.960553,-77.057214,Ward 4,2023-03-10
2023-03-08,38.972113,-77.019313,Ward 4,2023-03-10
2023-03-08,38.844904,-76.996859,Ward 8,2023-03-09
2023-03-08,38.953376,-77.056613,Ward 3,2023-03-10
2023-03-09,38.967917,-77.061539,Ward 4,2023-03-10
2023-03-09,38.959515,-76.997677,Ward 4,2023-03-10
2023-03-09,38.912418,-76.989448,Ward 5,2023-03-10
2023-03-09,38.923766,-77.029711,Ward 1,2023-03-13
2023-03-09,38.911280,-77.037870,Ward 2,2023-03-13
2023-03-09,38.951880,-77.059891,Ward 3,2023-03-10
2023-03-09,38.970715,-77.072592,Ward 3,2023-03-10
2023-03-09,38.953649,-77.022180,Ward 4,2023-03-10
2023-03-09,38.852398,-76.970266,Ward 8,2023-03-10
2023-03-09,38.938226,-77.085634,Ward 3,2023-03-10
2023-03-09,38.946923,-77.078205,Ward 3,2023-03-10
2023-03-09,38.853298,-76.983303,Ward 8,2023-03-10
2023-03-09,38.920536,-76.969310,Ward 5,2023-03-13
2023-03-10,38.971619,-77.026771,Ward 4,2023-03-10
2023-03-10,38.927877,-77.028203,Ward 1,2023-03-13
2023-03-10,38.879206,-76.981974,Ward 6,2023-03-13
2023-03-10,38.917329,-76.972439,Ward 5,2023-03-13
2023-03-10,38.919170,-76.985128,Ward 5,2023-03-13
2023-03-10,38.886404,-77.001807,Ward 6,2023-03-13
2023-03-10,38.948376,-77.088929,Ward 3,2023-03-15
2023-03-10,38.952710,-77.080308,Ward 3,2023-03-10
2023-03-11,38.912290,-77.008802,Ward 5,2023-03-14
2023-03-11,38.917503,-77.073157,Ward 3,2023-03-15
2023-03-11,38.932694,-76.983412,Ward 5,2023-03-14
2023-03-11,38.843085,-76.998974,Ward 8,2023-03-16
2023-03-11,38.930921,-76.999960,Ward 5,2023-03-16
2023-03-12,38.931318,-76.998567,Ward 5,2023-03-16
2023-03-12,38.933112,-77.018910,Null,2023-03-14
2023-03-12,38.965897,-77.026390,Ward 4,2023-03-15
2023-03-12,38.869714,-76.978663,Ward 8,2023-03-16
2023-03-12,38.898381,-76.946583,Ward 7,2023-03-13
2023-03-12,38.862369,-76.997739,Ward 8,2023-03-14
2023-03-12,38.883674,-76.986327,Ward 6,2023-03-14
2023-03-12,38.907055,-77.001563,Ward 6,2023-03-14
2023-03-12,38.946888,-76.989611,Ward 5,2023-03-13
2023-03-12,38.958094,-77.002070,Ward 4,2023-03-15
2023-03-12,38.919052,-77.044781,Ward 1,2023-03-14
2023-03-12,38.942942,-77.082849,Ward 3,2023-03-15
2023-03-12,38.943164,-77.082043,Ward 3,2023-03-15
2023-03-12,38.952811,-77.055588,Ward 3,2023-03-14
2023-03-13,38.923883,-77.033928,Ward 1,2023-03-14
2023-03-13,38.902513,-76.998444,Ward 6,2023-03-14
2023-03-13,38.853961,-76.984712,Ward 8,2023-03-16
2023-03-13,38.850797,-76.981666,Ward 8,2023-03-16
2023-03-13,38.905519,-77.049151,Ward 2,2023-03-14
2023-03-13,38.886429,-76.922647,Ward 7,2023-03-16
2023-03-13,38.897542,-77.000026,Ward 6,2023-03-14
2023-03-13,38.841847,-77.003459,Ward 8,2023-03-16
2023-03-13,38.941505,-77.004381,Ward 5,2023-03-14
2023-03-13,38.905068,-76.990117,Ward 5,2023-03-14
2023-03-13,38.865373,-76.990642,Ward 8,2023-03-16
2023-03-13,38.885790,-77.005567,Ward 6,2023-03-17
2023-03-13,38.897539,-77.006179,Ward 6,2023-03-15
2023-03-13,38.943397,-77.016470,Ward 4,2023-03-17
2023-03-13,38.956118,-77.006516,Ward 4,2023-03-15
2023-03-13,38.924070,-76.963961,Ward 5,2023-03-15
2023-03-13,38.891811,-76.996914,Ward 6,2023-03-20
2023-03-13,38.843085,-76.998974,Ward 8,2023-03-16
2023-03-13,38.838723,-77.005491,Ward 8,2023-03-16
2023-03-13,38.913041,-76.992643,Ward 5,2023-03-14
2023-03-13,38.911054,-76.998318,Ward 5,2023-03-14
2023-03-13,38.930749,-76.957756,Ward 5,2023-03-17
2023-03-13,38.952234,-76.988869,Ward 5,2023-03-16
2023-03-14,38.885790,-77.005567,Ward 6,2023-03-17
2023-03-14,38.919370,-77.000849,Ward 5,2023-03-14
2023-03-14,38.870574,-76.938429,Ward 7,2023-03-16
2023-03-14,38.922226,-77.090048,Ward 3,2023-03-15
2023-03-14,38.889872,-76.972943,Ward 7,2023-03-15
2023-03-14,38.895894,-77.026806,Ward 2,2023-03-15
2023-03-14,38.931533,-77.031576,Ward 1,2023-03-23
2023-03-14,38.884868,-77.034559,Ward 2,2023-03-14
2023-03-14,38.933530,-77.081831,Ward 3,2023-03-15
2023-03-14,38.946751,-77.021210,Ward 4,2023-03-16
2023-03-14,38.910903,-77.013770,Ward 5,2023-03-20
2023-03-14,38.943122,-77.025393,Ward 4,2023-03-16
2023-03-15,38.946999,-77.006281,Ward 5,2023-03-16
2023-03-15,38.889872,-76.972943,Ward 7,2023-03-15
2023-03-15,38.927969,-77.043368,Ward 1,2023-03-16
2023-03-15,38.969968,-77.060522,Ward 4,2023-03-16
2023-03-15,38.901124,-76.971478,Ward 5,2023-03-16
2023-03-15,38.915422,-77.029965,Ward 1,2023-03-16
2023-03-15,38.959917,-77.051686,Ward 3,2023-03-16
2023-03-15,38.929887,-77.044072,Ward 1,2023-03-16
2023-03-15,38.975906,-77.066327,Ward 4,2023-03-17
2023-03-16,38.936746,-77.083106,Ward 3,2023-03-16
2023-03-16,38.962695,-76.999113,Ward 4,2023-03-17
2023-03-16,38.958352,-77.028235,Ward 4,2023-03-16
2023-03-16,38.885220,-76.975574,Ward 7,2023-03-17
2023-03-16,38.931062,-77.018637,Ward 1,2023-03-22
2023-03-16,38.933115,-77.046218,Ward 1,2023-03-22
2023-03-16,38.871473,-76.977083,Ward 8,2023-03-17
2023-03-16,38.871473,-76.977083,Ward 8,2023-03-17
2023-03-16,38.969968,-77.060522,Ward 4,2023-03-16
2023-03-16,38.859417,-76.995731,Ward 8,2023-03-21
2023-03-16,38.936847,-77.057550,Ward 3,2023-03-20
2023-03-16,38.959362,-77.087583,Ward 3,2023-03-20
2023-03-17,38.902241,-76.998618,Ward 6,2023-03-20
2023-03-17,38.922348,-77.079375,Ward 3,2023-03-20
2023-03-17,38.900192,-76.946946,Ward 7,2023-03-20
2023-03-17,38.961649,-77.084632,Ward 3,2023-03-20
2023-03-17,38.931533,-77.031576,Ward 1,2023-03-23
2023-03-17,38.951813,-77.086494,Ward 3,2023-03-20
2023-03-17,38.946285,-77.082050,Ward 3,2023-03-20
2023-03-17,38.947467,-77.099568,Ward 3,2023-03-22
2023-03-17,38.868623,-76.960258,Ward 7,2023-03-20
2023-03-18,38.947444,-76.989980,Ward 5,2023-03-20
2023-03-18,38.929301,-77.032984,Ward 1,2023-03-22
2023-03-18,38.928809,-77.066150,Ward 3,2023-03-21
2023-03-18,38.936719,-77.023732,Ward 4,2023-03-21
2023-03-18,38.940504,-77.024705,Ward 4,2023-03-21
2023-03-18,38.842005,-77.009358,Ward 8,2023-03-21
2023-03-19,38.828078,-77.013360,Ward 8,2023-03-21
2023-03-19,38.956014,-77.034665,Ward 4,2023-03-21
2023-03-19,38.948862,-77.100866,Ward 3,2023-03-21
2023-03-19,38.903764,-76.985586,Ward 5,2023-03-21
2023-03-19,38.890363,-76.994106,Ward 6,2023-03-21
2023-03-20,38.931169,-76.995680,Ward 5,2023-03-21
2023-03-20,38.911501,-77.048790,Ward 2,2023-03-20
2023-03-20,38.824652,-77.018098,Ward 8,2023-03-27
2023-03-20,38.927734,-77.098560,Ward 3,2023-03-21
2023-03-20,38.912014,-77.075304,Ward 2,2023-03-22
2023-03-20,38.900026,-77.038197,Ward 2,2023-03-22
2023-03-20,38.888283,-76.994963,Ward 6,2023-03-21
2023-03-20,38.888283,-76.994963,Ward 6,2023-03-21
2023-03-20,38.913148,-77.049035,Ward 2,2023-03-22
2023-03-20,38.863655,-76.947341,Ward 7,2023-03-22
2023-03-20,38.892102,-77.048849,Ward 2,2023-03-21
2023-03-20,38.934115,-77.019983,Ward 1,2023-03-22
2023-03-20,38.964688,-77.073735,Ward 3,2023-03-22
2023-03-20,38.883290,-76.948851,Ward 7,2023-03-22
2023-03-21,38.931385,-76.994965,Ward 5,2023-03-22
2023-03-21,38.947070,-77.098442,Ward 3,2023-03-22
2023-03-21,38.966133,-77.027603,Ward 4,2023-03-22
2023-03-21,38.934908,-76.965455,Ward 5,2023-03-23
2023-03-21,38.928299,-76.975496,Ward 5,2023-03-23
2023-03-22,38.960818,-77.070461,Ward 3,2023-03-23
2023-03-22,38.929010,-77.066384,Ward 3,2023-03-23
2023-03-22,38.965141,-77.063211,Ward 4,2023-03-23
2023-03-22,38.964706,-77.066603,Ward 4,2023-03-23
2023-03-22,38.964705,-77.066894,Ward 4,2023-03-23
2023-03-22,38.964905,-77.068007,Null,2023-03-23
2023-03-22,38.931935,-76.968184,Ward 5,2023-03-24
2023-03-22,38.966685,-77.060934,Ward 4,2023-03-23
2023-03-22,38.913765,-77.017780,Null,2023-03-23
2023-03-23,38.952114,-77.011146,Ward 4,2023-03-28
2023-03-23,38.876575,-76.958564,Ward 7,2023-03-24
2023-03-23,38.914093,-77.036509,Ward 2,2023-03-24
2023-03-23,38.966304,-77.029410,Ward 4,2023-03-28
2023-03-23,38.943397,-77.016470,Ward 4,2023-03-24
2023-03-23,38.841694,-76.983586,Ward 8,2023-03-24
2023-03-23,38.840242,-76.987083,Ward 8,2023-03-24
2023-03-23,38.964945,-77.001496,Ward 4,2023-03-28
2023-03-23,38.927178,-77.034524,Ward 1,2023-03-29
2023-03-23,38.979224,-77.020586,Ward 4,2023-03-28
2023-03-23,38.940177,-77.026830,Ward 4,2023-03-28
2023-03-24,38.927731,-76.964656,Ward 5,2023-03-27
2023-03-24,38.969141,-77.007189,Ward 4,2023-03-28
2023-03-24,38.895997,-76.956624,Ward 7,2023-03-27
2023-03-24,38.941738,-76.986373,Ward 5,2023-03-27
2023-03-24,38.936518,-77.086602,Ward 3,2023-03-27
2023-03-24,38.907909,-77.067972,Ward 2,2023-03-29
2023-03-24,38.945051,-77.094893,Ward 3,2023-03-28
2023-03-25,38.920609,-77.021621,Ward 1,2023-03-27
2023-03-25,38.884429,-77.024364,Ward 6,2023-03-27
2023-03-25,38.907454,-77.061802,Ward 2,2023-03-29
2023-03-25,38.923510,-77.046775,Ward 1,2023-03-29
2023-03-25,38.952114,-77.011146,Ward 4,2023-03-28
2023-03-25,38.967645,-77.036713,Ward 4,2023-03-27
2023-03-26,38.894606,-77.002036,Ward 6,2023-03-28
2023-03-26,38.895207,-77.003510,Ward 6,2023-03-28
2023-03-26,38.904935,-77.019150,Ward 2,2023-03-28
2023-03-26,38.905483,-77.056874,Ward 2,2023-03-29
2023-03-26,38.961440,-77.031504,Ward 4,2023-03-29
2023-03-26,38.943397,-77.016470,Ward 4,2023-03-28
2023-03-26,38.909483,-77.048363,Ward 2,2023-03-29
2023-03-26,38.931806,-77.027572,Ward 1,2023-03-29
2023-03-27,38.942907,-77.097236,Ward 3,2023-03-28
2023-03-27,38.881442,-76.992822,Ward 6,2023-03-28
2023-03-27,38.957881,-77.071123,Ward 3,2023-03-29
2023-03-27,38.928031,-77.107468,Ward 3,2023-03-27
2023-03-27,38.943082,-77.015687,Ward 4,2023-03-28
2023-03-27,38.905316,-77.033436,Ward 2,2023-03-29
2023-03-27,38.913402,-77.015178,Ward 5,2023-03-29
2023-03-27,38.965071,-77.071007,Ward 3,2023-03-27
2023-03-27,38.905438,-77.044676,Ward 2,2023-03-29
2023-03-27,38.931863,-77.031860,Ward 1,2023-03-27
2023-03-27,38.919641,-77.033088,Ward 1,2023-03-29
2023-03-27,38.909635,-77.048797,Ward 2,2023-03-29
2023-03-27,38.964905,-77.070913,Ward 3,2023-03-28
2023-03-27,38.954462,-77.081546,Ward 3,2023-03-29
2023-03-27,38.945044,-77.070266,Ward 3,2023-03-29
2023-03-27,38.948175,-77.080823,Ward 3,2023-03-29
2023-03-27,38.892798,-76.994962,Ward 6,2023-03-29
2023-03-27,38.900344,-77.022947,Ward 2,2023-03-30
2023-03-27,38.928005,-76.990869,Ward 5,2023-03-30
2023-03-27,38.952560,-77.011314,Ward 4,2023-03-29
2023-03-27,38.920805,-76.969620,Ward 5,2023-04-03
2023-03-27,38.903943,-76.993431,Ward 6,2023-03-29
2023-03-28,38.913282,-77.041873,Ward 2,2023-03-29
2023-03-28,38.961345,-77.031172,Ward 4,2023-03-29
2023-03-28,38.902151,-77.035659,Ward 2,2023-03-29
2023-03-28,38.922226,-77.090048,Ward 3,2023-03-29
2023-03-28,38.952560,-77.011314,Ward 4,2023-03-29
2023-03-28,38.881423,-77.026893,Ward 6,2023-03-30
2023-03-28,38.964738,-77.070759,Ward 3,2023-03-28
2023-03-28,38.870296,-76.943665,Ward 7,2023-03-29
2023-03-28,38.893772,-77.002272,Ward 6,2023-03-29
2023-03-28,38.967679,-77.015900,Ward 4,2023-03-29
2023-03-28,38.968380,-77.015903,Ward 4,2023-03-29
2023-03-28,38.872477,-76.948999,Ward 7,2023-03-29
2023-03-28,38.892939,-76.942611,Ward 7,2023-03-29
2023-03-28,38.907892,-77.062523,Ward 2,2023-03-29
2023-03-28,38.928031,-77.107468,Ward 3,2023-03-30
2023-03-28,38.956477,-77.091247,Ward 3,2023-03-30
2023-03-28,38.920064,-77.031941,Ward 1,2023-03-30
2023-03-29,38.911878,-77.076928,Ward 2,2023-03-30
2023-03-29,38.920185,-77.030270,Ward 1,2023-03-30
2023-03-29,38.951868,-77.027429,Ward 4,2023-03-30
2023-03-29,38.909434,-77.048564,Ward 2,2023-03-30
2023-03-29,38.962858,-77.072103,Ward 3,2023-03-31
2023-03-29,38.935081,-76.965234,Ward 5,2023-03-30
2023-03-29,38.936167,-76.974176,Ward 5,2023-03-30
2023-03-29,38.908891,-77.057311,Ward 2,2023-03-30
2023-03-29,38.934318,-77.019385,Ward 1,2023-03-30
2023-03-29,38.904560,-76.988920,Ward 5,2023-03-30
2023-03-29,38.832558,-76.990258,Ward 8,2023-03-30
2023-03-29,38.840845,-76.985306,Ward 8,2023-03-30
2023-03-29,38.935397,-77.100234,Ward 3,2023-03-31
2023-03-29,38.866191,-76.981916,Ward 8,2023-03-30
2023-03-29,38.894797,-77.023972,Ward 2,2023-03-30
2023-03-29,38.874021,-76.952312,Ward 7,2023-03-30
2023-03-29,38.935071,-77.019393,Ward 1,2023-03-30
2023-03-29,38.919170,-76.985128,Ward 5,2023-03-30
2023-03-29,38.850749,-76.981012,Ward 8,2023-03-30
2023-03-29,38.955171,-77.007282,Null,2023-03-31
2023-03-29,38.896096,-76.954803,Ward 7,2023-03-31
2023-03-29,38.866191,-76.981916,Ward 8,2023-03-30
2023-03-29,38.821278,-77.006997,Ward 8,2023-04-04
2023-03-29,38.912418,-76.989448,Ward 5,2023-03-31
2023-03-29,38.898315,-77.018931,Ward 2,2023-04-03
2023-03-30,38.877968,-77.010649,Ward 6,2023-04-03
2023-03-30,38.904026,-77.006567,Ward 6,2023-03-31
2023-03-30,38.832238,-76.996852,Ward 8,2023-03-30
2023-03-30,38.855353,-76.968309,Ward 8,2023-03-31
2023-03-30,38.878666,-77.011182,Ward 6,2023-04-03
2023-03-30,38.961020,-77.083761,Ward 3,2023-03-31
2023-03-30,38.965864,-77.003056,Ward 4,2023-03-31
2023-03-30,38.921922,-77.074603,Ward 3,2023-03-31
2023-03-30,38.944250,-76.985581,Ward 5,2023-03-31
2023-03-30,38.926282,-77.012142,Null,2023-04-03
2023-03-30,38.892102,-77.048849,Ward 2,2023-04-01
2023-03-30,38.907419,-76.930817,Ward 7,2023-04-03
2023-03-31,38.920601,-77.022284,Ward 1,2023-03-31
2023-03-31,38.928031,-77.107468,Ward 3,2023-04-04
2023-03-31,38.943133,-76.980750,Ward 5,2023-04-03
2023-03-31,38.953028,-76.986621,Ward 5,2023-04-04
2023-03-31,38.945079,-76.988870,Ward 5,2023-04-04
2023-03-31,38.931106,-76.983697,Ward 5,2023-04-03
2023-03-31,38.927540,-76.982564,Ward 5,2023-04-03
2023-03-31,38.923120,-76.967619,Ward 5,2023-04-03
2023-03-31,38.964906,-77.069120,Ward 3,2023-04-03
2023-03-31,38.937040,-77.034109,Ward 1,2023-04-03
2023-03-31,38.890556,-76.989200,Ward 6,2023-04-03
2023-03-31,38.953308,-77.068825,Ward 3,2023-04-04
2023-03-31,38.910336,-77.057406,Ward 2,2023-04-03
2023-03-31,38.905637,-77.057199,Ward 2,2023-04-03
2023-03-31,38.909465,-77.045140,Ward 2,2023-04-03
2023-03-31,38.976582,-77.028850,Ward 4,2023-04-03
2023-03-31,38.964738,-77.070759,Ward 3,2023-04-04
2023-03-31,38.916404,-77.020331,Ward 1,2023-04-04
2023-03-31,38.854970,-76.969008,Ward 8,2023-04-05
2023-03-31,38.931334,-76.984583,Ward 5,2023-04-07
2023-04-01,38.901231,-76.956838,Ward 7,2023-04-03
2023-04-01,38.970109,-77.027546,Ward 4,2023-04-03
2023-04-01,38.972354,-77.027024,Ward 4,2023-04-03
2023-04-01,38.855163,-76.969130,Ward 8,2023-04-05
2023-04-02,38.926186,-76.966245,Ward 5,2023-04-04
2023-04-02,38.917435,-77.006500,Ward 5,2023-04-03
2023-04-03,38.842931,-76.997615,Ward 8,2023-04-08
2023-04-03,38.932694,-76.983412,Ward 5,2023-04-07
2023-04-03,38.870965,-76.942563,Ward 7,2023-04-05
2023-04-03,38.962172,-76.998254,Ward 4,2023-04-04
2023-04-03,38.912419,-77.011804,Ward 5,2023-04-12
2023-04-03,38.907903,-77.030631,Ward 2,2023-04-04
2023-04-03,38.918966,-77.031570,Ward 1,2023-04-04
2023-04-03,38.897355,-77.043468,Ward 2,2023-04-04
2023-04-03,38.938148,-77.024583,Ward 4,2023-04-04
2023-04-03,38.900177,-77.016198,Null,2023-04-04
2023-04-03,38.939208,-77.046502,Ward 4,2023-04-04
2023-04-03,38.913700,-77.085293,Ward 3,2023-04-07
2023-04-03,38.909890,-77.065921,Ward 2,2023-04-05
2023-04-03,38.926893,-77.082063,Ward 3,2023-04-07
2023-04-03,38.841013,-77.003085,Ward 8,2023-04-14
2023-04-04,38.877335,-77.004869,Ward 6,2023-04-11
2023-04-04,38.897041,-76.975811,Ward 7,2023-04-05
2023-04-04,38.887137,-77.050177,Ward 2,2023-04-04
2023-04-04,38.920536,-76.969310,Ward 5,2023-04-07
2023-04-04,38.870800,-76.960570,Ward 7,2023-04-05
2023-04-04,38.884272,-76.985964,Ward 6,2023-04-11
2023-04-04,38.935863,-77.001349,Ward 5,2023-04-07
2023-04-04,38.959577,-76.994989,Ward 4,2023-04-07
2023-04-04,38.906878,-76.987110,Ward 5,2023-04-05
2023-04-04,38.896583,-77.025797,Ward 2,2023-04-05
2023-04-04,38.950712,-76.986565,Ward 5,2023-04-07
2023-04-04,38.970891,-77.035991,Ward 4,2023-04-07
2023-04-04,38.921726,-76.992679,Ward 5,2023-04-05
2023-04-04,38.933602,-77.030579,Ward 1,2023-04-05
2023-04-04,38.952366,-77.002382,Ward 5,2023-04-07
2023-04-04,38.942687,-77.069089,Ward 3,2023-04-07
2023-04-04,38.946503,-77.072243,Ward 3,2023-04-07
2023-04-04,38.961252,-77.074823,Ward 3,2023-04-07
2023-04-04,38.959209,-77.077715,Ward 3,2023-04-07
2023-04-04,38.908074,-76.981136,Ward 5,2023-04-07
2023-04-05,38.922861,-76.974409,Ward 5,2023-04-07
2023-04-05,38.901633,-76.987030,Ward 5,2023-04-07
2023-04-05,38.929554,-77.027449,Ward 1,2023-04-07
2023-04-05,38.925400,-76.998999,Ward 5,2023-04-12
2023-04-05,38.918635,-77.003086,Ward 5,2023-04-07
2023-04-05,38.859953,-76.956340,Ward 7,2023-04-12
2023-04-05,38.910702,-77.058060,Ward 2,2023-04-07
2023-04-05,38.910666,-77.059018,Ward 2,2023-04-07
2023-04-05,38.936744,-76.965752,Ward 5,2023-04-07
2023-04-05,38.928088,-77.025329,Ward 1,2023-04-07
2023-04-05,38.964738,-77.070759,Ward 3,2023-04-07
2023-04-05,38.917027,-76.955032,Ward 5,2023-04-07
2023-04-05,38.932012,-77.031298,Ward 1,2023-04-11
2023-04-05,38.931987,-77.031442,Ward 1,2023-04-11
2023-04-05,38.906819,-76.986999,Ward 5,2023-04-05
2023-04-05,38.885132,-76.998200,Ward 6,2023-04-07
2023-04-05,38.880919,-77.026389,Ward 6,2023-04-11
2023-04-05,38.931971,-77.031512,Ward 1,2023-04-11
2023-04-05,38.821278,-77.006997,Ward 8,2023-04-07
2023-04-05,38.935353,-76.991218,Ward 5,2023-04-07
2023-04-05,38.939209,-76.990233,Ward 5,2023-04-11
2023-04-05,38.909481,-77.062316,Ward 2,2023-04-07
2023-04-06,38.877525,-77.005208,Ward 6,2023-04-11
2023-04-06,38.927408,-77.026945,Ward 1,2023-04-07
2023-04-06,38.904118,-76.988501,Ward 5,2023-04-11
2023-04-06,38.889872,-76.972943,Ward 7,2023-04-21
2023-04-06,38.961301,-76.997444,Ward 4,2023-04-07
2023-04-06,38.890366,-76.931902,Ward 7,2023-04-14
2023-04-06,38.909097,-77.062514,Ward 2,2023-04-07
2023-04-06,38.857277,-76.955523,Ward 7,2023-04-12
2023-04-06,38.895888,-76.998620,Ward 6,2023-04-12
2023-04-06,38.942318,-77.091325,Ward 3,2023-04-07
2023-04-06,38.823989,-76.999169,Ward 8,2023-04-11
2023-04-06,38.891293,-77.047695,Ward 2,2023-04-08
2023-04-07,38.930624,-77.106727,Ward 3,2023-04-07
2023-04-07,38.940452,-76.990509,Ward 5,2023-04-11
2023-04-07,38.943299,-77.013217,Ward 4,2023-04-11
2023-04-07,38.961507,-77.029694,Ward 4,2023-04-10
2023-04-07,38.969731,-77.030356,Ward 4,2023-04-11
2023-04-07,38.971655,-77.029325,Ward 4,2023-04-11
2023-04-07,38.934874,-76.991509,Ward 5,2023-04-11
2023-04-07,38.821414,-77.007015,Ward 8,2023-04-11
2023-04-07,38.876483,-77.007460,Ward 6,2023-04-12
2023-04-07,38.945975,-77.039881,Ward 4,2023-04-11
2023-04-07,38.981843,-77.023451,Ward 4,2023-04-11
2023-04-08,38.923928,-77.031891,Ward 1,2023-04-12
2023-04-08,38.922226,-77.090048,Ward 3,2023-04-08
2023-04-08,38.903329,-76.992042,Ward 6,2023-04-11
2023-04-08,38.873036,-76.951018,Ward 7,2023-04-12
2023-04-08,38.874021,-76.952312,Ward 7,2023-04-12
2023-04-08,38.912950,-76.976291,Ward 5,2023-04-12
2023-04-08,38.913599,-77.046137,Ward 2,2023-04-10
2023-04-09,38.979049,-77.058752,Ward 4,2023-04-11
2023-04-09,38.909136,-77.060257,Ward 2,2023-04-12
2023-04-09,38.909483,-77.048363,Ward 2,2023-04-12
2023-04-09,38.832109,-76.987326,Ward 8,2023-04-11
2023-04-09,38.909136,-77.060257,Ward 2,2023-04-12
2023-04-09,38.960822,-77.082272,Ward 3,2023-04-11
2023-04-09,38.947607,-77.079947,Ward 3,2023-04-10
2023-04-10,38.984561,-77.029125,Ward 4,2023-04-11
2023-04-10,38.925536,-77.052680,Ward 3,2023-04-10
2023-04-10,38.840941,-76.976543,Ward 8,2023-04-11
2023-04-10,38.943507,-77.013160,Ward 4,2023-04-11
2023-04-10,38.922226,-77.090048,Ward 3,2023-04-11
2023-04-10,38.898735,-77.033207,Ward 2,2023-04-12
2023-04-10,38.974140,-77.021160,Ward 4,2023-04-11
2023-04-10,38.908093,-76.999475,Ward 5,2023-04-11
2023-04-10,38.890367,-76.985506,Ward 6,2023-04-12
2023-04-10,38.890370,-76.994967,Ward 6,2023-04-12
2023-04-11,38.906881,-76.981050,Ward 5,2023-04-12
2023-04-11,38.878994,-77.003719,Ward 8,2023-04-12
2023-04-11,38.891615,-77.015785,Null,2023-04-14
2023-04-11,38.921832,-76.963703,Ward 5,2023-04-12
2023-04-11,38.972038,-77.027658,Ward 4,2023-04-13
2023-04-11,38.972126,-77.028223,Ward 4,2023-04-13
2023-04-11,38.923965,-77.028333,Ward 1,2023-04-13
2023-04-12,38.949985,-77.053210,Ward 3,2023-04-13
2023-04-12,38.891175,-76.994744,Ward 6,2023-04-18
2023-04-12,38.960684,-77.019643,Ward 4,2023-04-13
2023-04-12,38.902774,-76.995307,Ward 6,2023-04-18
2023-04-12,38.932026,-77.030148,Ward 1,2023-04-13
2023-04-12,38.902526,-77.046649,Ward 2,2023-04-13
2023-04-12,38.968998,-77.075215,Ward 3,2023-04-13
2023-04-12,38.903642,-76.925620,Ward 7,2023-04-20
2023-04-12,38.902515,-77.004728,Ward 6,2023-04-18
2023-04-12,38.961020,-77.083761,Ward 3,2023-04-13
2023-04-12,38.905333,-77.072827,Ward 2,2023-04-14
2023-04-12,38.853298,-76.983303,Ward 8,2023-04-14
2023-04-12,38.883971,-77.025535,Ward 6,2023-04-18
2023-04-12,38.922836,-77.089212,Ward 3,2023-04-13
2023-04-12,38.903966,-77.050630,Ward 2,2023-04-18
2023-04-12,38.883971,-77.025535,Ward 6,2023-04-18
2023-04-12,38.902525,-77.044897,Ward 2,2023-04-14
2023-04-13,38.933043,-76.963150,Ward 5,2023-04-18
2023-04-13,38.831297,-76.989958,Ward 8,2023-04-14
2023-04-13,38.910106,-77.008089,Ward 5,2023-04-14
2023-04-13,38.831398,-77.007677,Ward 8,2023-04-14
2023-04-13,38.921089,-76.964290,Ward 5,2023-04-18
2023-04-13,38.916059,-77.021740,Ward 1,2023-04-14
2023-04-13,38.951135,-77.015836,Ward 4,2023-04-18
2023-04-13,38.900721,-77.026730,Ward 2,2023-04-18
2023-04-14,38.902167,-77.032409,Ward 2,2023-04-14
2023-04-14,38.941113,-77.092399,Ward 3,2023-04-18
2023-04-14,38.924068,-76.990069,Ward 5,2023-04-18
2023-04-14,38.881217,-77.028052,Ward 6,2023-04-21
2023-04-14,38.925380,-76.978178,Ward 5,2023-04-18
2023-04-14,38.861373,-76.984667,Ward 8,2023-04-21
2023-04-14,38.903684,-77.009418,Ward 6,2023-04-18
2023-04-14,38.917774,-77.001815,Ward 5,2023-04-15
2023-04-15,38.932063,-76.967872,Ward 5,2023-04-20
2023-04-15,38.927594,-77.052883,Ward 3,2023-04-18
2023-04-15,38.909957,-77.007493,Ward 5,2023-04-17
2023-04-16,38.917481,-77.040894,Ward 1,2023-04-18
2023-04-16,38.910879,-77.008683,Ward 5,2023-04-17
2023-04-16,38.924689,-77.013434,Ward 1,2023-04-19
2023-04-16,38.961671,-77.015911,Ward 4,2023-04-18
2023-04-16,38.964754,-77.018268,Ward 4,2023-04-16
2023-04-16,38.915280,-77.044020,Ward 2,2023-04-18
2023-04-16,38.911280,-77.037870,Ward 2,2023-04-19
2023-04-16,38.900987,-76.933503,Ward 7,2023-04-20
2023-04-17,38.927594,-77.052883,Ward 3,2023-04-18
2023-04-17,38.905967,-76.985788,Ward 5,2023-04-20
2023-04-17,38.961020,-77.083761,Ward 3,2023-04-20
2023-04-17,38.913509,-77.087591,Ward 3,2023-04-18
2023-04-17,38.896583,-77.025797,Ward 2,2023-04-18
2023-04-17,38.882351,-76.984057,Ward 6,2023-04-20
2023-04-17,38.890133,-76.912899,Ward 7,2023-04-18
2023-04-17,38.914539,-77.034280,Ward 2,2023-04-18
2023-04-18,38.863742,-76.946759,Ward 7,2023-04-19
2023-04-18,38.890133,-76.912899,Ward 7,2023-04-18
2023-04-18,38.940972,-77.061654,Ward 3,2023-04-19
2023-04-18,38.923021,-76.987821,Ward 5,2023-04-22
2023-04-18,38.906592,-77.002389,Ward 6,2023-04-21
2023-04-18,38.910273,-77.062432,Ward 2,2023-04-19
2023-04-18,38.953072,-76.987121,Ward 5,2023-04-18
2023-04-18,38.887474,-76.925550,Ward 7,2023-04-20
2023-04-18,38.927535,-77.022075,Ward 1,2023-04-19
2023-04-18,38.961843,-77.023387,Ward 4,2023-04-20
2023-04-18,38.906442,-77.019900,Ward 2,2023-04-19
2023-04-18,38.961020,-77.083761,Ward 3,2023-04-20
2023-04-18,38.911556,-77.057164,Ward 2,2023-04-19
2023-04-18,38.952924,-77.020545,Ward 4,2023-04-18
2023-04-18,38.830821,-76.988977,Ward 8,2023-04-21
2023-04-18,38.906932,-76.999955,Null,2023-04-20
2023-04-18,38.952204,-77.015891,Ward 4,2023-04-20
2023-04-18,38.911127,-77.034556,Ward 2,2023-04-20
2023-04-19,38.923421,-76.987707,Ward 5,2023-04-22
2023-04-19,38.928635,-77.029708,Ward 1,2023-04-20
2023-04-19,38.912562,-77.085914,Ward 3,2023-04-20
2023-04-19,38.952366,-77.002382,Ward 5,2023-04-21
2023-04-19,38.940967,-77.058631,Ward 3,2023-04-21
2023-04-19,38.918932,-76.955953,Ward 5,2023-04-22
2023-04-19,38.974816,-77.021768,Ward 4,2023-04-21
2023-04-20,38.918594,-76.947139,Ward 5,2023-04-22
2023-04-20,38.888696,-76.936674,Ward 7,2023-04-21
2023-04-20,38.914713,-77.092601,Ward 3,2023-04-21
2023-04-20,38.959577,-76.994989,Ward 4,2023-04-21
2023-04-20,38.959577,-76.994989,Ward 4,2023-04-21
2023-04-20,38.860845,-76.990368,Ward 8,2023-04-24
2023-04-20,38.960236,-77.083507,Ward 3,2023-04-21
2023-04-20,38.826562,-77.005855,Ward 8,2023-04-24
2023-04-20,38.928305,-77.021230,Ward 1,2023-04-24
2023-04-21,38.827353,-76.994618,Ward 8,2023-04-26
2023-04-21,38.986227,-77.040674,Ward 4,2023-04-24
2023-04-21,38.900205,-76.998442,Ward 6,2023-04-24
2023-04-21,38.919755,-77.000569,Ward 5,2023-04-24
2023-04-21,38.884756,-76.994753,Ward 6,2023-04-24
2023-04-21,38.941738,-76.986373,Ward 5,2023-04-24
2023-04-21,38.902910,-76.986459,Ward 5,2023-04-24
2023-04-21,38.988086,-77.043877,Ward 4,2023-04-24
2023-04-21,38.909473,-77.048524,Ward 2,2023-04-24
2023-04-22,38.900505,-77.009728,Ward 6,2023-04-25
2023-04-22,38.941558,-77.026593,Ward 4,2023-04-24
2023-04-22,38.915223,-77.019453,Null,2023-04-24
2023-04-22,38.915001,-77.018928,Null,2023-04-26
2023-04-23,38.974864,-77.036364,Ward 4,2023-04-26
2023-04-23,38.957056,-77.086175,Ward 3,2023-04-25
2023-04-23,38.928417,-77.029486,Ward 1,2023-04-24
2023-04-23,38.934186,-77.068944,Ward 3,2023-04-24
2023-04-23,38.921077,-77.011562,Ward 5,2023-04-24
2023-04-23,38.927594,-77.052883,Ward 3,2023-04-26
2023-04-23,38.927594,-77.052883,Ward 3,2023-04-26
2023-04-23,38.894990,-76.975684,Ward 7,2023-04-26
2023-04-24,38.882529,-76.993136,Ward 6,2023-04-26
2023-04-24,38.929718,-77.074148,Ward 3,2023-04-26
2023-04-24,38.878396,-76.983656,Ward 6,2023-04-24
2023-04-24,38.928417,-77.029486,Ward 1,2023-04-24
2023-04-24,38.934115,-77.019983,Ward 1,2023-04-25
2023-04-24,38.904607,-77.032222,Ward 2,2023-04-25
2023-04-24,38.927832,-77.093376,Ward 3,2023-04-27
2023-04-25,38.953146,-77.080476,Ward 3,2023-04-25
2023-04-25,38.887977,-76.950927,Ward 7,2023-04-26
2023-04-25,38.878396,-76.983656,Ward 6,2023-04-26
2023-04-25,38.898178,-77.008180,Ward 6,2023-04-27
2023-04-25,38.915223,-77.019453,Null,2023-04-26
2023-04-25,38.885053,-77.025440,Ward 6,2023-04-26
2023-04-25,38.907243,-77.057220,Ward 2,2023-04-27
2023-04-25,38.925779,-76.964779,Ward 5,2023-04-26
2023-04-25,38.850662,-76.979847,Ward 8,2023-04-28
2023-04-25,38.912389,-76.989342,Ward 5,2023-04-28
2023-04-26,38.928208,-77.053343,Ward 3,2023-04-26
2023-04-26,38.952117,-77.025786,Ward 4,2023-04-27
2023-04-26,38.897349,-77.031963,Ward 2,2023-04-27
2023-04-26,38.906058,-76.990137,Ward 5,2023-05-01
2023-04-26,38.932128,-76.967559,Ward 5,2023-05-01
2023-04-26,38.952710,-77.080308,Ward 3,2023-04-27
2023-04-26,38.909142,-77.063969,Ward 2,2023-04-27
2023-04-26,38.920503,-76.989211,Ward 5,2023-05-01
2023-04-26,38.972264,-77.033416,Ward 4,2023-05-01
2023-04-26,38.893036,-76.981096,Ward 7,2023-04-28
2023-04-27,38.941133,-77.021038,Ward 4,2023-05-01
2023-04-27,38.850749,-76.981012,Ward 8,2023-04-28
2023-04-27,38.886740,-77.004688,Ward 6,2023-05-02
2023-04-27,38.867417,-76.988626,Ward 8,2023-05-01
2023-04-28,38.900099,-77.016880,Ward 2,2023-05-01
2023-04-28,38.928417,-77.029486,Ward 1,2023-05-01
2023-04-28,38.886933,-76.989796,Ward 6,2023-05-01
2023-04-28,38.918256,-76.992579,Ward 5,2023-05-02
2023-04-28,38.912660,-76.993723,Ward 5,2023-05-02
2023-04-29,38.904001,-76.993135,Null,2023-05-02
2023-04-29,38.920652,-76.957704,Ward 5,2023-05-03
2023-04-29,38.968341,-77.020156,Ward 4,2023-05-02
2023-04-29,38.930387,-77.018377,Ward 1,2023-05-02
2023-04-29,38.930556,-77.018277,Null,2023-05-03
2023-04-29,38.830951,-77.012615,Ward 8,2023-05-03
2023-04-29,38.974816,-77.021768,Ward 4,2023-05-02
2023-04-29,38.935398,-77.034944,Ward 1,2023-05-02
2023-04-29,38.927955,-77.105132,Ward 3,2023-05-02
2023-04-29,38.932589,-77.109079,Ward 3,2023-05-02
2023-04-29,38.927473,-77.104579,Ward 3,2023-05-02
2023-04-29,38.886740,-77.004688,Ward 6,2023-05-02
2023-04-29,38.941791,-76.978312,Ward 5,2023-05-02
2023-04-30,38.906906,-76.978678,Ward 5,2023-05-02
2023-04-30,38.928417,-77.029486,Ward 1,2023-05-01
2023-04-30,38.941342,-77.005574,Ward 5,2023-05-02
2023-04-30,38.933930,-76.962167,Ward 5,2023-05-02
2023-04-30,38.828955,-77.007413,Ward 8,2023-05-03
2023-04-30,38.929084,-77.107979,Ward 3,2023-05-02
2023-04-30,38.916740,-76.977502,Ward 5,2023-05-02
2023-04-30,38.909457,-77.006454,Ward 5,2023-05-02
2023-04-30,38.930721,-77.018564,Ward 1,2023-05-02
2023-04-30,38.908705,-77.056914,Ward 2,2023-05-02
2023-05-01,38.884906,-77.039457,Ward 2,2023-05-01
2023-05-01,38.893514,-77.043474,Ward 2,2023-05-02
2023-05-01,38.913902,-77.010696,Ward 5,2023-05-02
2023-05-01,38.887744,-77.049139,Ward 2,2023-05-01
2023-05-01,38.948976,-77.091503,Ward 3,2023-05-02
2023-05-01,38.974790,-77.021416,Ward 4,2023-05-04
2023-05-01,38.916518,-77.072856,Null,2023-05-04
2023-05-01,38.902515,-77.005887,Ward 6,2023-05-03
2023-05-01,38.967343,-77.027826,Ward 4,2023-05-04
2023-05-02,38.885710,-76.918566,Ward 7,2023-05-03
2023-05-02,38.830821,-76.988977,Ward 8,2023-05-04
2023-05-02,38.890133,-76.912899,Ward 7,2023-05-03
2023-05-02,38.890514,-76.912407,Ward 7,2023-05-04
2023-05-02,38.910270,-77.033957,Ward 2,2023-05-04
2023-05-02,38.850073,-76.965725,Ward 8,2023-05-03
2023-05-02,38.831126,-76.988959,Ward 8,2023-05-04
2023-05-02,38.902201,-77.027835,Ward 2,2023-05-03
2023-05-02,38.905885,-77.024320,Ward 2,2023-05-04
2023-05-02,38.890440,-76.999765,Ward 6,2023-05-04
2023-05-02,38.934180,-77.023973,Ward 1,2023-05-03
2023-05-02,38.896130,-77.027041,Ward 2,2023-05-04
2023-05-03,38.911333,-77.020529,Ward 6,2023-05-04
2023-05-03,38.977517,-77.019109,Ward 4,2023-05-04
2023-05-03,38.839326,-77.010140,Ward 8,2023-05-09
2023-05-03,38.966131,-77.016168,Ward 4,2023-05-04
2023-05-03,38.889772,-76.937543,Ward 7,2023-05-05
2023-05-03,38.961301,-76.997444,Ward 4,2023-05-04
2023-05-03,38.889762,-76.953086,Ward 7,2023-05-05
2023-05-03,38.895316,-77.046682,Ward 2,2023-05-03
2023-05-03,38.970262,-77.020148,Ward 4,2023-05-04
2023-05-03,38.930149,-77.075817,Ward 3,2023-05-05
2023-05-03,38.946695,-77.097341,Ward 3,2023-05-05
2023-05-03,38.888178,-76.954246,Ward 7,2023-05-05
2023-05-03,38.960729,-77.028687,Ward 4,2023-05-05
2023-05-03,38.908923,-77.069348,Ward 2,2023-05-05
2023-05-03,38.927387,-77.104697,Ward 3,2023-05-05
2023-05-03,38.985809,-77.035971,Ward 4,2023-05-05
2023-05-03,38.938795,-77.055282,Ward 3,2023-05-05
2023-05-04,38.912426,-77.047093,Ward 2,2023-05-05
2023-05-04,38.902515,-77.003569,Ward 6,2023-05-05
2023-05-04,38.916839,-77.010060,Ward 5,2023-05-05
2023-05-04,38.889419,-76.953345,Ward 7,2023-05-05
2023-05-04,38.900829,-76.978994,Ward 5,2023-05-05
2023-05-04,38.890062,-76.949385,Ward 7,2023-05-05
2023-05-04,38.889368,-76.974057,Ward 7,2023-05-09
2023-05-04,38.853298,-76.983303,Ward 8,2023-05-05
2023-05-04,38.831126,-76.988959,Ward 8,2023-05-04
2023-05-04,38.888106,-76.952152,Ward 7,2023-05-05
2023-05-04,38.964953,-77.018031,Ward 4,2023-05-09
2023-05-04,38.902850,-77.046166,Ward 2,2023-05-05
2023-05-05,38.928009,-77.109183,Ward 3,2023-05-09
2023-05-05,38.935846,-77.025005,Ward 4,2023-05-09
2023-05-05,38.961649,-77.084632,Ward 3,2023-05-09
2023-05-05,38.964060,-77.035965,Ward 4,2023-05-06
2023-05-05,38.915802,-77.072577,Ward 2,2023-05-09
2023-05-05,38.904107,-77.038752,Ward 2,2023-05-09
2023-05-05,38.925464,-77.043667,Ward 1,2023-05-09
2023-05-06,38.863290,-76.982137,Ward 8,2023-05-09
2023-05-06,38.964905,-77.070913,Ward 3,2023-05-09
2023-05-06,38.904042,-76.978990,Ward 5,2023-05-09
2023-05-06,38.906188,-76.978984,Ward 5,2023-05-09
2023-05-06,38.912782,-77.046976,Ward 2,2023-05-09
2023-05-06,38.897179,-76.960676,Ward 7,2023-05-08
2023-05-06,38.964547,-77.017779,Ward 4,2023-05-09
2023-05-06,38.903110,-76.978990,Ward 5,2023-05-09
2023-05-07,38.951274,-77.027990,Ward 4,2023-05-09
2023-05-07,38.903321,-76.993547,Ward 6,2023-05-09
2023-05-07,38.867417,-76.988626,Ward 8,2023-05-09
2023-05-07,38.915830,-76.977070,Ward 5,2023-05-09
2023-05-07,38.919928,-77.029984,Ward 1,2023-05-08
2023-05-08,38.820433,-77.018471,Ward 8,2023-05-09
2023-05-08,38.909158,-76.983763,Ward 5,2023-05-10
2023-05-08,38.961449,-77.084363,Ward 3,2023-05-09
2023-05-08,38.906660,-77.006314,Ward 6,2023-05-09
2023-05-08,38.965424,-77.036384,Ward 4,2023-05-08
2023-05-08,38.925876,-77.043708,Ward 1,2023-05-09
2023-05-08,38.918929,-76.967303,Ward 5,2023-05-09
2023-05-08,38.962007,-77.019893,Ward 4,2023-05-09
2023-05-08,38.964754,-77.018268,Ward 4,2023-05-08
2023-05-08,38.941508,-77.068443,Ward 3,2023-05-10
2023-05-08,38.955352,-77.090616,Ward 3,2023-05-10
2023-05-08,38.943767,-77.069906,Ward 3,2023-05-10
2023-05-08,38.943379,-77.069694,Ward 3,2023-05-10
2023-05-08,38.822745,-77.016594,Ward 8,2023-05-09
2023-05-08,38.944777,-77.070310,Ward 3,2023-05-10
2023-05-08,38.913314,-77.047124,Ward 2,2023-05-09
2023-05-08,38.957903,-77.024369,Ward 4,2023-05-10
2023-05-08,38.926469,-76.987290,Ward 5,2023-05-09
2023-05-09,38.904371,-76.978990,Ward 5,2023-05-09
2023-05-09,38.931881,-77.039088,Ward 1,2023-05-10
2023-05-09,38.955277,-77.085924,Ward 3,2023-05-10
2023-05-09,38.945817,-77.071558,Ward 3,2023-05-10
2023-05-09,38.945817,-77.071558,Ward 3,2023-05-10
2023-05-09,38.926710,-76.987041,Ward 5,2023-05-09
2023-05-09,38.961649,-77.084632,Ward 3,2023-05-11
2023-05-09,38.959983,-77.010974,Ward 4,2023-05-11
2023-05-09,38.900131,-76.983442,Null,2023-05-12
2023-05-09,38.933945,-77.068203,Ward 3,2023-05-11
2023-05-09,38.976338,-77.065333,Ward 4,2023-05-11
2023-05-09,38.874478,-77.004775,Ward 6,2023-05-10
2023-05-09,38.902201,-77.027835,Ward 2,2023-05-10
2023-05-09,38.964953,-77.018031,Ward 4,2023-05-10
2023-05-09,38.904780,-77.025723,Ward 2,2023-05-11
2023-05-10,38.899120,-76.978913,Ward 7,2023-05-12
2023-05-10,38.919566,-76.979122,Ward 5,2023-05-11
2023-05-10,38.899813,-77.021914,Ward 2,2023-05-11
2023-05-10,38.936288,-77.066386,Ward 3,2023-05-11
2023-05-10,38.890100,-76.935669,Ward 7,2023-05-11
2023-05-10,38.855822,-76.969972,Ward 8,2023-05-11
2023-05-10,38.889216,-76.992437,Ward 6,2023-05-11
2023-05-10,38.956781,-77.033081,Ward 4,2023-05-12
2023-05-10,38.930921,-76.999960,Ward 5,2023-05-15
2023-05-10,38.926903,-76.987368,Ward 5,2023-05-15
2023-05-10,38.956039,-77.028202,Ward 4,2023-05-12
2023-05-11,38.892251,-77.018075,Ward 2,2023-05-12
2023-05-11,38.955138,-77.058441,Ward 3,2023-05-15
2023-05-11,38.892110,-77.017565,Ward 2,2023-05-12
2023-05-11,38.874885,-76.934829,Ward 7,2023-05-12
2023-05-11,38.851194,-76.972827,Ward 8,2023-05-12
2023-05-11,38.919307,-77.073184,Ward 3,2023-05-12
2023-05-11,38.826659,-77.012336,Ward 8,2023-05-15
2023-05-12,38.932638,-76.996747,Ward 5,2023-05-15
2023-05-12,38.964754,-77.018268,Ward 4,2023-05-12
2023-05-12,38.904837,-76.995505,Ward 6,2023-05-12
2023-05-12,38.830821,-76.988977,Ward 8,2023-05-12
2023-05-12,38.917984,-77.034823,Ward 1,2023-05-15
2023-05-12,38.944031,-77.069823,Ward 3,2023-05-15
2023-05-12,38.901326,-76.994961,Ward 6,2023-05-15
2023-05-12,38.964754,-77.018268,Ward 4,2023-05-15
2023-05-12,38.927721,-77.038507,Ward 1,2023-05-16
2023-05-12,38.899895,-77.047198,Ward 2,2023-05-16
2023-05-13,38.892468,-77.000785,Ward 6,2023-05-16
2023-05-13,38.890277,-76.999747,Ward 6,2023-05-16
2023-05-13,38.957738,-77.057373,Ward 4,2023-05-17
2023-05-13,38.921151,-77.008690,Ward 5,2023-05-15
2023-05-13,38.907758,-77.001063,Ward 5,2023-05-15
2023-05-14,38.907846,-77.028344,Ward 2,2023-05-16
2023-05-14,38.936759,-76.965441,Ward 5,2023-05-16
2023-05-14,38.945562,-77.070996,Ward 3,2023-05-16
2023-05-14,38.965328,-77.018460,Ward 4,2023-05-15
2023-05-14,38.965618,-77.031166,Ward 4,2023-05-17
2023-05-14,38.882510,-76.979740,Ward 6,2023-05-16
2023-05-14,38.959824,-77.053119,Ward 3,2023-05-16
2023-05-14,38.902064,-76.989153,Ward 6,2023-05-15
2023-05-14,38.984025,-77.027151,Ward 4,2023-05-17
2023-05-15,38.924196,-77.094713,Ward 3,2023-05-16
2023-05-15,38.905642,-77.007474,Ward 6,2023-05-16
2023-05-15,38.902745,-76.937828,Ward 7,2023-05-16
2023-05-15,38.894429,-77.023506,Ward 2,2023-05-17
2023-05-15,38.924299,-77.101209,Ward 3,2023-05-17
2023-05-15,38.929630,-76.975708,Ward 5,2023-05-15
2023-05-15,38.919364,-77.008726,Ward 5,2023-05-17
2023-05-15,38.880280,-77.021901,Ward 6,2023-05-16
2023-05-15,38.912290,-77.008802,Ward 5,2023-05-17
2023-05-15,38.955747,-77.083641,Ward 3,2023-05-17
2023-05-15,38.925921,-77.100031,Ward 3,2023-05-17
2023-05-15,38.898845,-76.917781,Ward 7,2023-05-17
2023-05-15,38.901076,-76.995267,Ward 6,2023-05-17
2023-05-15,38.898778,-76.918975,Ward 7,2023-05-17
2023-05-16,38.904837,-76.995505,Ward 6,2023-05-17
2023-05-16,38.953742,-77.056296,Ward 3,2023-05-17
2023-05-16,38.906386,-76.978717,Ward 5,2023-05-19
2023-05-16,38.945693,-77.070805,Ward 3,2023-05-17
2023-05-16,38.934426,-76.979962,Ward 5,2023-05-17
2023-05-16,38.914637,-76.973248,Ward 5,2023-05-17
2023-05-16,38.964953,-77.018031,Ward 4,2023-05-16
2023-05-16,38.910610,-77.011913,Ward 5,2023-05-17
2023-05-16,38.977433,-77.026240,Ward 4,2023-05-17
2023-05-16,38.896445,-77.045801,Ward 2,2023-05-17
2023-05-16,38.912226,-77.058443,Ward 2,2023-05-17
2023-05-16,38.925876,-77.043708,Ward 1,2023-05-19
2023-05-16,38.947910,-77.079674,Ward 3,2023-05-17
2023-05-16,38.910995,-77.057353,Ward 2,2023-05-19
2023-05-16,38.899813,-77.021914,Ward 2,2023-05-17
2023-05-17,38.900414,-76.996344,Ward 6,2023-05-17
2023-05-17,38.902259,-76.996782,Ward 6,2023-05-18
2023-05-17,38.928305,-77.021230,Ward 1,2023-05-22
2023-05-17,38.900205,-77.001305,Ward 6,2023-05-18
2023-05-17,38.943462,-77.076713,Ward 3,2023-05-18
2023-05-17,38.955956,-77.084739,Ward 3,2023-05-19
2023-05-18,38.886210,-76.990637,Ward 6,2023-05-19
2023-05-18,38.953117,-77.084396,Ward 3,2023-05-19
2023-05-18,38.927233,-77.071283,Ward 3,2023-05-19
2023-05-18,38.977286,-77.026499,Ward 4,2023-05-19
2023-05-18,38.913884,-77.010521,Ward 5,2023-05-19
2023-05-18,38.953135,-77.084257,Ward 3,2023-05-19
2023-05-18,38.954923,-77.006638,Ward 5,2023-05-19
2023-05-18,38.939491,-77.051231,Ward 4,2023-05-19
2023-05-18,38.900581,-77.037572,Ward 2,2023-05-19
2023-05-19,38.898620,-76.950518,Ward 7,2023-05-22
2023-05-19,38.853959,-76.963832,Ward 7,2023-05-22
2023-05-19,38.926903,-76.987368,Ward 5,2023-05-19
2023-05-19,38.868919,-76.959476,Ward 7,2023-05-19
2023-05-19,38.861982,-76.961244,Ward 7,2023-05-22
2023-05-19,38.964697,-77.077627,Ward 3,2023-05-22
2023-05-19,38.945992,-77.071110,Ward 3,2023-05-22
2023-05-19,38.906386,-76.978717,Ward 5,2023-05-22
2023-05-20,38.948749,-76.991355,Ward 5,2023-05-23
2023-05-20,38.895003,-77.031353,Ward 2,2023-05-22
2023-05-21,38.935370,-77.044937,Ward 1,2023-05-22
2023-05-21,38.921734,-76.959286,Ward 5,2023-05-22
2023-05-21,38.931868,-77.034124,Ward 1,2023-05-23
2023-05-21,38.935370,-77.044937,Ward 1,2023-05-22
2023-05-22,38.936348,-77.060802,Ward 3,2023-05-23
2023-05-22,38.869005,-76.975371,Ward 8,2023-05-23
2023-05-22,38.932386,-76.967775,Ward 5,2023-05-23
2023-05-22,38.916108,-77.034807,Ward 2,2023-05-23
2023-05-22,38.927481,-76.993057,Ward 5,2023-05-23
2023-05-22,38.960203,-77.070120,Ward 3,2023-05-23
2023-05-22,38.942958,-77.093586,Ward 3,2023-05-24
2023-05-22,38.886047,-77.015202,Ward 6,2023-05-24
2023-05-23,38.984905,-77.042799,Ward 4,2023-05-24
2023-05-23,38.963094,-77.072934,Ward 3,2023-05-24
2023-05-23,38.874232,-77.010818,Ward 6,2023-05-24
2023-05-23,38.928704,-77.018673,Ward 1,2023-05-23
2023-05-23,38.868668,-76.958419,Ward 7,2023-05-24
2023-05-23,38.853298,-76.983303,Ward 8,2023-05-26
2023-05-23,38.952519,-77.023618,Ward 4,2023-05-24
2023-05-23,38.952562,-77.023620,Ward 4,2023-05-24
2023-05-23,38.959983,-77.010974,Ward 4,2023-05-24
2023-05-23,38.953216,-77.023140,Ward 4,2023-05-24
2023-05-23,38.953213,-77.023250,Ward 4,2023-05-24
2023-05-23,38.904327,-77.020139,Ward 6,2023-05-24
2023-05-23,38.915830,-76.977070,Ward 5,2023-05-25
2023-05-23,38.925045,-76.995826,Ward 5,2023-05-24
2023-05-23,38.960817,-77.083518,Ward 3,2023-05-25
2023-05-23,38.957883,-77.078574,Ward 3,2023-05-25
2023-05-23,38.957493,-77.078587,Ward 3,2023-05-25
2023-05-23,38.957201,-77.074335,Ward 3,2023-05-25
2023-05-23,38.889872,-76.972943,Ward 7,2023-05-25
2023-05-23,38.945713,-77.071915,Ward 3,2023-05-25
2023-05-23,38.945376,-77.072151,Ward 3,2023-05-25
2023-05-24,38.974358,-77.065277,Ward 4,2023-05-25
2023-05-24,38.931868,-77.034124,Ward 1,2023-05-25
2023-05-24,38.918314,-77.059084,Null,2023-05-25
2023-05-24,38.936993,-76.994075,Ward 5,2023-05-25
2023-05-24,38.944253,-77.006910,Ward 5,2023-05-26
2023-05-24,38.886358,-76.921485,Ward 7,2023-05-29
2023-05-24,38.941711,-77.036755,Ward 4,2023-05-26
2023-05-25,38.845311,-77.003107,Ward 8,2023-05-26
2023-05-25,38.858678,-76.993149,Ward 8,2023-05-26
2023-05-25,38.820535,-77.016081,Ward 8,2023-05-26
2023-05-25,38.941360,-77.056331,Ward 3,2023-05-30
2023-05-25,38.853298,-76.983303,Ward 8,2023-05-26
2023-05-25,38.851586,-76.971925,Ward 8,2023-05-26
2023-05-25,38.885347,-76.919513,Ward 7,2023-05-26
2023-05-26,38.855807,-76.993102,Ward 8,2023-05-26
2023-05-26,38.871351,-76.966958,Ward 7,2023-05-30
2023-05-26,38.898614,-76.931662,Ward 7,2023-05-29
2023-05-26,38.933788,-77.072064,Ward 3,2023-05-30
2023-05-26,38.943832,-77.006907,Ward 5,2023-05-26
2023-05-26,38.943832,-77.006907,Ward 5,2023-05-30
2023-05-26,38.906569,-76.989863,Ward 5,2023-05-30
2023-05-27,38.935215,-77.019193,Null,2023-05-30
2023-05-27,38.940311,-77.054800,Ward 3,2023-05-30
2023-05-28,38.958934,-77.008840,Ward 4,2023-05-30
2023-05-28,38.903945,-77.043039,Ward 2,2023-05-31
2023-05-29,38.885315,-77.023354,Ward 6,2023-05-30
2023-05-29,38.862081,-76.959512,Ward 7,2023-05-30
2023-05-29,38.903045,-76.988602,Ward 5,2023-05-30
2023-05-29,38.931420,-76.971279,Ward 5,2023-05-30
2023-05-30,38.907235,-77.001410,Ward 6,2023-05-31
2023-05-30,38.914327,-77.008284,Ward 5,2023-05-31
2023-05-30,38.884052,-76.994758,Ward 6,2023-06-01
2023-05-30,38.948392,-77.099732,Ward 3,2023-06-02
2023-05-30,38.944322,-77.094129,Ward 3,2023-06-02
2023-05-30,38.892080,-77.023962,Ward 2,2023-05-31
2023-05-30,38.932540,-76.967084,Ward 5,2023-05-31
2023-05-30,38.922348,-77.101365,Ward 3,2023-05-31
2023-05-30,38.910976,-77.027848,Ward 2,2023-05-31
2023-05-30,38.951328,-77.092373,Ward 3,2023-06-02
2023-05-30,38.954465,-77.089045,Ward 3,2023-06-02
2023-05-31,38.932931,-76.975418,Ward 5,2023-06-02
2023-05-31,38.925045,-76.995826,Ward 5,2023-06-02
2023-05-31,38.826078,-76.996120,Ward 8,2023-06-02
2023-05-31,38.922356,-77.075794,Ward 3,2023-06-02
2023-06-01,38.957223,-77.071107,Ward 3,2023-06-02
2023-06-01,38.910170,-77.007114,Ward 5,2023-06-01
2023-06-01,38.935339,-77.025363,Ward 4,2023-06-02
2023-06-01,38.900414,-76.996344,Ward 6,2023-06-02
2023-06-01,38.892686,-77.021922,Ward 2,2023-06-02
2023-06-01,38.898006,-76.939445,Ward 7,2023-06-02
2023-06-01,38.909955,-77.085725,Ward 3,2023-06-05
2023-06-01,38.937631,-76.970793,Ward 5,2023-06-05
2023-06-02,38.904001,-76.993135,Null,2023-06-05
2023-06-02,38.977465,-77.023154,Ward 4,2023-06-05
2023-06-02,38.850848,-76.974696,Ward 8,2023-06-05
2023-06-02,38.943360,-77.017851,Ward 4,2023-06-05
2023-06-02,38.815035,-77.017169,Ward 8,2023-06-05
2023-06-02,38.846538,-76.981553,Ward 8,2023-06-06
2023-06-03,38.851813,-76.981055,Ward 8,2023-06-06
2023-06-03,38.916374,-77.046960,Ward 2,2023-06-05
2023-06-03,38.897354,-77.041705,Ward 2,2023-06-06
2023-06-03,38.916422,-77.019144,Ward 1,2023-06-06
2023-06-04,38.892207,-77.000749,Ward 6,2023-06-06
2023-06-04,38.929267,-77.043331,Ward 1,2023-06-06
2023-06-04,38.826616,-76.994360,Ward 8,2023-06-06
2023-06-04,38.951052,-77.024957,Ward 4,2023-06-05
2023-06-04,38.912690,-77.078569,Null,2023-06-06
2023-06-04,38.914254,-77.017562,Ward 5,2023-06-05
2023-06-05,38.916247,-77.028319,Ward 1,2023-06-06
2023-06-05,38.929525,-77.043610,Ward 1,2023-06-06
2023-06-05,38.940531,-77.052214,Ward 3,2023-06-06
2023-06-05,38.935722,-77.024747,Null,2023-06-06
2023-06-05,38.916999,-77.029621,Ward 1,2023-06-07
2023-06-05,38.909482,-77.069403,Ward 2,2023-06-06
2023-06-05,38.906344,-77.067808,Ward 2,2023-06-06
2023-06-05,38.850749,-76.981012,Ward 8,2023-06-07
2023-06-06,38.906386,-76.978717,Ward 5,2023-06-07
2023-06-06,38.910975,-77.024502,Ward 6,2023-06-07
2023-06-06,38.916750,-77.022564,Ward 1,2023-06-09
2023-06-06,38.920544,-77.025510,Ward 1,2023-06-07
2023-06-06,38.861818,-76.960334,Ward 7,2023-06-07
2023-06-06,38.954909,-77.013344,Ward 4,2023-06-09
2023-06-06,38.979885,-77.031008,Ward 4,2023-06-12
2023-06-06,38.876470,-77.009098,Ward 6,2023-06-09
2023-06-07,38.941596,-76.977644,Ward 5,2023-06-12
2023-06-07,38.927823,-77.021478,Ward 1,2023-06-09
2023-06-07,38.951203,-77.088361,Ward 3,2023-06-12
2023-06-07,38.900338,-77.023967,Ward 2,2023-06-12
2023-06-07,38.890790,-76.999751,Ward 6,2023-06-12
2023-06-07,38.899469,-77.029363,Ward 2,2023-06-12
2023-06-07,38.973252,-77.069294,Ward 4,2023-06-12
2023-06-07,38.973546,-77.068899,Ward 4,2023-06-12
2023-06-07,38.973452,-77.069060,Ward 4,2023-06-12
2023-06-07,38.963781,-77.056592,Ward 4,2023-06-12
2023-06-08,38.941757,-77.022333,Ward 4,2023-06-12
2023-06-08,38.907055,-77.001563,Ward 6,2023-06-13
2023-06-08,38.884184,-76.994966,Ward 6,2023-06-09
2023-06-09,38.972579,-77.070272,Ward 4,2023-06-12
2023-06-09,38.900177,-77.016198,Null,2023-06-09
2023-06-09,38.895133,-76.949160,Ward 7,2023-06-14
2023-06-09,38.951181,-77.027727,Ward 4,2023-06-13
2023-06-09,38.933432,-77.079765,Ward 3,2023-06-14
2023-06-09,38.943013,-77.003226,Ward 5,2023-06-12
2023-06-09,38.821278,-77.006997,Ward 8,2023-06-14
2023-06-10,38.923305,-77.042278,Ward 1,2023-06-13
2023-06-11,38.936462,-77.020250,Ward 1,2023-06-13
2023-06-11,38.886876,-76.925467,Ward 7,2023-06-14
2023-06-11,38.890491,-76.934606,Ward 7,2023-06-14
2023-06-11,38.943773,-77.076419,Ward 3,2023-06-13
2023-06-11,38.883640,-76.994537,Ward 6,2023-06-14
2023-06-11,38.916260,-76.982011,Ward 5,2023-06-14
2023-06-12,38.977555,-77.062364,Ward 4,2023-06-13
2023-06-12,38.927955,-77.105132,Ward 3,2023-06-14
2023-06-12,38.904806,-76.982389,Ward 5,2023-06-12
2023-06-12,38.873071,-77.015966,Ward 6,2023-06-14
2023-06-12,38.896331,-77.003319,Ward 6,2023-06-13
2023-06-12,38.919390,-77.000746,Ward 5,2023-06-13
2023-06-12,38.944521,-77.014588,Ward 4,2023-06-13
2023-06-12,38.931584,-77.107918,Ward 3,2023-06-14
2023-06-12,38.968022,-77.015901,Ward 4,2023-06-14
2023-06-13,38.928134,-77.021157,Ward 1,2023-06-13
2023-06-13,38.874885,-76.934829,Ward 7,2023-06-13
2023-06-13,38.891866,-76.996331,Ward 6,2023-06-15
2023-06-14,38.891460,-76.934637,Ward 7,2023-06-15
2023-06-14,38.957460,-77.015920,Ward 4,2023-06-20
2023-06-15,38.905656,-77.043449,Ward 2,2023-06-22
2023-06-15,38.921541,-77.075431,Ward 3,2023-06-20
2023-06-15,38.928739,-77.019566,Ward 1,2023-06-20
2023-06-15,38.928355,-77.102309,Ward 3,2023-06-20
2023-06-15,38.941405,-77.025892,Ward 4,2023-06-20
2023-06-15,38.912140,-76.988586,Ward 5,2023-06-20
2023-06-16,38.861206,-76.989343,Ward 8,2023-06-20
2023-06-16,38.883640,-76.994537,Ward 6,2023-06-20
2023-06-16,38.873055,-76.950024,Ward 7,2023-06-20
2023-06-16,38.960582,-77.024463,Ward 4,2023-06-20
2023-06-16,38.883796,-76.961243,Ward 7,2023-06-20
2023-06-17,38.916759,-77.040482,Ward 2,2023-06-22
2023-06-17,38.862502,-76.990181,Ward 8,2023-06-20
2023-06-18,38.864563,-76.952009,Ward 7,2023-06-20
2023-06-18,38.944016,-76.990479,Ward 5,2023-06-20
2023-06-18,38.951873,-77.033426,Ward 4,2023-06-20
2023-06-18,38.919355,-77.075266,Ward 3,2023-06-20
2023-06-18,38.918931,-77.074223,Ward 3,2023-06-20
2023-06-19,38.904192,-77.053012,Ward 2,2023-06-22
2023-06-19,38.971865,-77.016499,Ward 4,2023-06-23
2023-06-20,38.904835,-77.029623,Ward 2,2023-06-23
2023-06-20,38.850685,-76.994729,Ward 8,2023-06-26
2023-06-20,38.919175,-77.076034,Ward 3,2023-06-22
2023-06-20,38.921230,-77.032150,Ward 1,2023-06-22
2023-06-20,38.901916,-76.934518,Ward 7,2023-06-26
2023-06-20,38.905963,-77.002373,Ward 6,2023-06-20
2023-06-20,38.909831,-77.048597,Ward 2,2023-06-22
2023-06-20,38.909831,-77.048597,Ward 2,2023-06-22
2023-06-20,38.909831,-77.048597,Ward 2,2023-06-22
2023-06-20,38.909831,-77.048597,Ward 2,2023-06-22
2023-06-20,38.896358,-77.024775,Ward 2,2023-06-22
2023-06-21,38.898178,-77.008180,Ward 6,2023-06-26
2023-06-21,38.909473,-77.048524,Ward 2,2023-06-22
2023-06-21,38.941405,-77.025892,Ward 4,2023-06-23
2023-06-21,38.856979,-76.996129,Ward 8,2023-06-22
2023-06-21,38.927929,-77.023427,Ward 1,2023-06-23
2023-06-22,38.942200,-77.026137,Ward 4,2023-06-23
2023-06-22,38.821213,-77.006136,Ward 8,2023-06-23
2023-06-22,38.916493,-77.069630,Ward 2,2023-06-26
2023-06-23,38.826078,-76.996120,Ward 8,2023-06-23
2023-06-23,38.951997,-76.995986,Ward 5,2023-06-27
2023-06-23,38.926116,-76.988155,Ward 5,2023-06-26
2023-06-23,38.917986,-77.036903,Ward 1,2023-06-27
2023-06-23,38.850749,-76.981012,Ward 8,2023-06-26
2023-06-23,38.910554,-77.005436,Ward 5,2023-06-26
2023-06-23,38.911954,-77.001581,Ward 5,2023-06-26
2023-06-24,38.895316,-77.046682,Ward 2,2023-06-26
2023-06-24,38.959495,-77.007432,Ward 4,2023-06-27
2023-06-24,38.903459,-77.051168,Ward 2,2023-06-26
2023-06-24,38.960938,-77.028558,Ward 4,2023-06-27
2023-06-24,38.844909,-76.981022,Ward 8,2023-06-26
2023-06-24,38.893578,-76.993759,Ward 6,2023-06-26
2023-06-25,38.865173,-76.951562,Ward 7,2023-06-27
2023-06-25,38.865212,-76.951654,Ward 7,2023-06-27
2023-06-26,38.889549,-76.991782,Ward 6,2023-06-27
2023-06-26,38.865595,-76.951324,Ward 7,2023-06-27
2023-06-26,38.918566,-77.000846,Ward 5,2023-06-27
2023-06-26,38.927591,-77.021406,Ward 1,2023-06-27
2023-06-26,38.927251,-76.985667,Ward 5,2023-06-27
2023-06-27,38.887302,-77.019540,Ward 6,2023-06-27
2023-06-27,38.895961,-77.026807,Ward 2,2023-06-28
2023-06-27,38.981539,-77.034186,Ward 4,2023-06-29
2023-06-27,38.919342,-77.074111,Ward 3,2023-06-29
2023-06-27,38.908933,-77.008287,Ward 5,2023-06-28
2023-06-27,38.957060,-76.996591,Ward 5,2023-06-28
2023-06-27,38.885023,-76.985962,Ward 6,2023-06-28
2023-06-27,38.902520,-77.016176,Ward 6,2023-06-30
2023-06-27,38.874243,-76.975094,Null,2023-06-29
2023-06-28,38.933167,-77.022405,Ward 1,2023-06-29
2023-06-28,38.958738,-77.085146,Ward 3,2023-07-03
2023-06-28,38.958625,-77.086521,Ward 3,2023-06-29
2023-06-28,38.952513,-77.022370,Ward 4,2023-06-29
2023-06-28,38.873998,-76.975437,Ward 8,2023-06-29
2023-06-28,38.919348,-77.074238,Ward 3,2023-06-29
2023-06-28,38.900073,-77.043804,Ward 2,2023-06-30
2023-06-28,38.900992,-77.044684,Ward 2,2023-06-30
2023-06-28,38.887572,-77.017547,Ward 6,2023-06-30
2023-06-28,38.928070,-77.021959,Ward 1,2023-06-29
2023-06-29,38.922735,-77.075020,Ward 3,2023-06-30
2023-06-29,38.828704,-77.002075,Ward 8,2023-07-07
2023-06-29,38.907665,-77.059203,Ward 2,2023-06-30
2023-06-29,38.910698,-77.019171,Ward 6,2023-07-03
2023-06-29,38.894747,-77.016179,Ward 6,2023-07-07
2023-06-29,38.966685,-77.060934,Ward 4,2023-07-03
2023-06-30,38.887302,-77.019540,Ward 6,2023-06-30
2023-06-30,38.899707,-76.928697,Ward 7,2023-07-08
2023-06-30,38.898996,-76.923874,Ward 7,2023-07-05
2023-06-30,38.912164,-77.029843,Ward 2,2023-07-06
2023-06-30,38.894788,-77.003511,Ward 6,2023-07-08
2023-07-01,38.914361,-77.041489,Ward 2,2023-07-06
2023-07-01,38.887765,-77.001813,Ward 6,2023-07-03
2023-07-01,38.892080,-77.011084,Ward 6,2023-07-08
2023-07-01,38.903459,-77.051168,Ward 2,2023-07-06
2023-07-02,38.832059,-76.999252,Ward 8,2023-07-07
2023-07-02,38.967208,-77.033721,Ward 4,2023-07-05
2023-07-02,38.964225,-77.068437,Ward 3,2023-07-05
2023-07-02,38.904658,-76.981713,Ward 5,2023-07-05
2023-07-02,38.965111,-77.069823,Ward 3,2023-07-05
2023-07-02,38.902592,-77.059609,Ward 2,2023-07-03
2023-07-02,38.956438,-77.035563,Ward 4,2023-07-05
2023-07-02,38.909483,-77.048363,Ward 2,2023-07-06
2023-07-03,38.952967,-77.013223,Ward 4,2023-07-05
2023-07-03,38.928146,-77.021035,Ward 1,2023-07-05
2023-07-04,38.890289,-76.932241,Ward 7,2023-07-07
2023-07-05,38.903906,-76.993938,Ward 6,2023-07-08
2023-07-05,38.901630,-76.988497,Ward 6,2023-07-08
2023-07-05,38.904020,-76.992716,Ward 5,2023-07-07
2023-07-05,38.909877,-76.986806,Ward 5,2023-07-08
2023-07-05,38.905833,-76.998933,Ward 6,2023-07-08
2023-07-05,38.907306,-76.980009,Ward 5,2023-07-08
2023-07-05,38.908881,-76.987240,Ward 5,2023-07-08
2023-07-05,38.903076,-76.987555,Ward 5,2023-07-08
2023-07-05,38.898814,-77.039460,Ward 2,2023-07-07
2023-07-05,38.898903,-76.976456,Null,2023-07-07
2023-07-05,38.920888,-76.986208,Ward 5,2023-07-06
2023-07-05,38.906621,-77.006905,Ward 6,2023-07-08
2023-07-05,38.898903,-76.976456,Null,2023-07-07
2023-07-06,38.920064,-77.031941,Ward 1,2023-07-07
2023-07-06,38.883805,-76.928486,Ward 7,2023-07-07
2023-07-06,38.926750,-77.027046,Ward 1,2023-07-07
2023-07-06,38.960781,-77.076763,Ward 3,2023-07-07
2023-07-06,38.926750,-77.027046,Ward 1,2023-07-07
2023-07-06,38.928053,-77.022431,Ward 1,2023-07-07
2023-07-06,38.897066,-76.961824,Ward 7,2023-07-08
2023-07-07,38.931755,-77.027751,Ward 1,2023-07-10
2023-07-07,38.913897,-77.025084,Ward 6,2023-07-10
2023-07-07,38.914250,-77.023568,Ward 1,2023-07-10
2023-07-07,38.923993,-77.033920,Ward 1,2023-07-10
2023-07-07,38.903563,-76.992811,Ward 6,2023-07-08
2023-07-07,38.913866,-77.014894,Ward 5,2023-07-08
2023-07-07,38.910413,-76.986208,Ward 5,2023-07-08
2023-07-07,38.814795,-77.018500,Ward 8,2023-07-11
2023-07-07,38.930980,-76.999605,Ward 5,2023-07-10
2023-07-07,38.946421,-77.008248,Ward 5,2023-07-10
2023-07-08,38.946766,-77.074359,Ward 3,2023-07-11
2023-07-08,38.946486,-77.074356,Ward 3,2023-07-11
2023-07-08,38.886310,-76.987994,Ward 6,2023-07-10
2023-07-08,38.926385,-76.979245,Ward 5,2023-07-10
2023-07-08,38.925368,-76.978769,Ward 5,2023-07-10
2023-07-08,38.901782,-76.988527,Ward 6,2023-07-08
2023-07-08,38.901470,-76.987603,Ward 6,2023-07-10
2023-07-08,38.900580,-76.985718,Ward 6,2023-07-10
2023-07-08,38.908808,-76.987315,Ward 5,2023-07-08
2023-07-08,38.909688,-76.985035,Ward 5,2023-07-10
2023-07-08,38.909031,-76.987062,Ward 5,2023-07-11
2023-07-08,38.900518,-76.985717,Ward 6,2023-07-10
2023-07-08,38.903076,-76.987555,Ward 5,2023-07-10
2023-07-09,38.972269,-77.036371,Ward 4,2023-07-10
2023-07-09,38.976581,-77.059857,Ward 4,2023-07-11
2023-07-10,38.948862,-77.100866,Ward 3,2023-07-11
2023-07-10,38.908062,-77.047951,Ward 2,2023-07-11
2023-07-10,38.823178,-76.999274,Ward 8,2023-07-11
2023-07-10,38.916998,-77.031951,Null,2023-07-13
2023-07-11,38.970123,-77.029238,Ward 4,2023-07-14
2023-07-11,38.859099,-76.984467,Ward 8,2023-07-13
2023-07-11,38.962203,-77.036034,Ward 4,2023-07-14
2023-07-11,38.935811,-77.026433,Ward 4,2023-07-12
2023-07-11,38.963947,-77.020091,Ward 4,2023-07-13
2023-07-12,38.870684,-76.938755,Ward 7,2023-07-13
2023-07-12,38.904084,-77.044497,Ward 2,2023-07-13
2023-07-12,38.859099,-76.984467,Ward 8,2023-07-13
2023-07-12,38.901517,-76.992478,Ward 6,2023-07-13
2023-07-12,38.930236,-77.111741,Ward 3,2023-07-14
2023-07-12,38.926065,-77.099859,Ward 3,2023-07-13
2023-07-12,38.919349,-76.987053,Ward 5,2023-07-13
2023-07-12,38.860722,-77.001992,Ward 8,2023-07-14
2023-07-13,38.953870,-77.057627,Ward 3,2023-07-14
2023-07-13,38.913037,-77.019901,Ward 6,2023-07-14
2023-07-13,38.934250,-77.055289,Ward 3,2023-07-14
2023-07-13,38.915003,-77.010227,Ward 5,2023-07-14
2023-07-13,38.897091,-77.046954,Ward 2,2023-07-17
2023-07-14,38.908892,-77.003827,Ward 5,2023-07-14
2023-07-14,38.979585,-77.027284,Ward 4,2023-07-17
2023-07-14,38.882123,-77.005619,Ward 6,2023-07-17
2023-07-14,38.924470,-77.079318,Ward 3,2023-07-17
2023-07-14,38.953135,-77.084257,Ward 3,2023-07-18
2023-07-14,38.965170,-77.013445,Ward 4,2023-07-18
2023-07-14,38.905446,-76.974362,Ward 5,2023-07-18
2023-07-14,38.916262,-77.021893,Ward 1,2023-07-17
2023-07-15,38.955665,-77.068497,Ward 3,2023-07-18
2023-07-15,38.925169,-76.965162,Ward 5,2023-07-17
2023-07-15,38.952925,-77.020489,Ward 4,2023-07-18
2023-07-15,38.952921,-77.020656,Ward 4,2023-07-18
2023-07-15,38.952895,-77.021501,Ward 4,2023-07-18
2023-07-15,38.952891,-77.021615,Ward 4,2023-07-18
2023-07-15,38.936924,-77.031466,Ward 4,2023-07-21
2023-07-16,38.935759,-77.025063,Ward 4,2023-07-18
2023-07-17,38.945435,-77.103471,Ward 3,2023-07-24
2023-07-17,38.925169,-76.965162,Ward 5,2023-07-17
2023-07-17,38.953135,-77.084257,Ward 3,2023-07-18
2023-07-17,38.978501,-77.030986,Ward 4,2023-07-18
2023-07-17,38.946311,-77.078785,Ward 3,2023-07-19
2023-07-17,38.932622,-77.056798,Ward 3,2023-07-18
2023-07-17,38.951961,-77.054471,Ward 3,2023-07-18
2023-07-17,38.865595,-76.951324,Ward 7,2023-07-19
2023-07-18,38.928305,-77.021230,Ward 1,2023-07-18
2023-07-18,38.886413,-76.996468,Ward 6,2023-07-19
2023-07-18,38.929371,-76.979611,Ward 5,2023-07-19
2023-07-19,38.901323,-76.998977,Ward 6,2023-07-20
2023-07-19,38.917706,-77.056077,Ward 2,2023-07-21
2023-07-19,38.949324,-77.027409,Ward 4,2023-07-20
2023-07-19,38.957738,-77.057373,Ward 4,2023-07-21
2023-07-19,38.894797,-77.023972,Ward 2,2023-07-21
2023-07-19,38.933155,-77.022524,Ward 1,2023-07-21
2023-07-19,38.928305,-77.021230,Ward 1,2023-07-22
2023-07-19,38.955627,-76.995044,Ward 5,2023-07-21
2023-07-20,38.901174,-76.995269,Ward 6,2023-07-21
2023-07-20,38.899382,-77.030440,Ward 2,2023-07-21
2023-07-20,38.932603,-77.046815,Ward 1,2023-07-21
2023-07-21,38.923993,-77.033920,Ward 1,2023-07-25
2023-07-21,38.917061,-77.056855,Ward 2,2023-07-25
2023-07-21,38.949734,-77.027135,Ward 4,2023-07-22
2023-07-21,38.933112,-76.979614,Ward 5,2023-07-25
2023-07-21,38.933142,-77.050164,Ward 1,2023-07-25
2023-07-21,38.897557,-76.997564,Ward 6,2023-07-25
2023-07-22,38.941711,-77.036755,Ward 4,2023-07-25
2023-07-22,38.940311,-77.036090,Ward 4,2023-07-25
2023-07-22,38.972269,-77.036371,Ward 4,2023-07-25
2023-07-22,38.932921,-76.979251,Ward 5,2023-07-25
2023-07-22,38.917706,-77.056077,Ward 2,2023-07-25
2023-07-22,38.933113,-76.977919,Ward 5,2023-07-25
2023-07-23,38.834540,-77.013024,Ward 8,2023-07-25
2023-07-23,38.944423,-77.006915,Ward 5,2023-07-25
2023-07-24,38.949935,-77.027462,Ward 4,2023-07-25
2023-07-24,38.932708,-77.022746,Ward 1,2023-07-25
2023-07-24,38.962701,-77.024022,Ward 4,2023-07-25
2023-07-24,38.915791,-77.041483,Ward 2,2023-07-25
2023-07-24,38.917706,-77.056077,Ward 2,2023-07-25
2023-07-24,38.895316,-77.046682,Ward 2,2023-07-26
2023-07-25,38.975048,-77.054887,Ward 4,2023-07-26
2023-07-25,38.948733,-76.991736,Ward 5,2023-07-30
2023-07-25,38.905898,-77.068981,Ward 2,2023-07-26
2023-07-25,38.917447,-77.015228,Ward 1,2023-07-26
2023-07-25,38.933034,-76.981176,Ward 5,2023-07-26
2023-07-25,38.879470,-77.020908,Ward 6,2023-07-26
2023-07-26,38.886767,-77.031954,Null,2023-07-28
2023-07-26,38.832885,-76.991596,Ward 8,2023-07-26
2023-07-26,38.832504,-76.994637,Ward 8,2023-07-27
2023-07-26,38.925169,-76.965162,Ward 5,2023-07-30
2023-07-26,38.937071,-76.976478,Ward 5,2023-08-03
2023-07-26,38.974864,-77.036364,Ward 4,2023-07-30
2023-07-26,38.815914,-77.013947,Ward 8,2023-07-27
2023-07-26,38.859141,-76.965626,Ward 7,2023-08-04
2023-07-26,38.901172,-77.033917,Ward 2,2023-07-27
2023-07-26,38.964827,-77.036384,Ward 4,2023-07-30
2023-07-26,38.907033,-77.033569,Ward 2,2023-08-01
2023-07-27,38.842649,-77.000782,Ward 8,2023-08-04
2023-07-27,38.975048,-77.054887,Ward 4,2023-07-28
2023-07-27,38.897153,-76.995384,Ward 6,2023-07-28
2023-07-27,38.917770,-77.055720,Ward 2,2023-07-28
2023-07-27,38.917060,-77.057355,Ward 2,2023-07-28
2023-07-27,38.886040,-77.019906,Ward 6,2023-07-31
2023-07-27,38.856338,-76.970512,Ward 8,2023-08-04
2023-07-28,38.910476,-77.061950,Ward 2,2023-07-31
2023-07-28,38.934116,-77.026511,Ward 1,2023-07-31
2023-07-28,38.903961,-77.055074,Ward 2,2023-08-01
2023-07-29,38.933168,-77.022463,Ward 1,2023-08-01
2023-07-29,38.905069,-77.068794,Ward 2,2023-08-02
2023-07-30,38.908897,-77.004593,Null,2023-08-03
2023-07-31,38.940587,-77.067980,Ward 3,2023-08-01
2023-07-31,38.889538,-77.022077,Ward 2,2023-07-31
2023-07-31,38.925317,-77.025437,Ward 1,2023-08-01
2023-07-31,38.896305,-76.956152,Ward 7,2023-08-04
2023-07-31,38.903969,-76.947206,Ward 7,2023-08-03
2023-07-31,38.924454,-77.087056,Ward 3,2023-08-02
2023-07-31,38.971457,-77.065534,Ward 4,2023-08-01
2023-07-31,38.971435,-77.066057,Ward 4,2023-08-01
2023-07-31,38.950675,-77.024802,Ward 4,2023-08-04
2023-07-31,38.933168,-77.022463,Ward 1,2023-08-01
2023-08-01,38.870201,-77.011838,Ward 6,2023-08-04
2023-08-01,38.897120,-76.989636,Ward 6,2023-08-03
2023-08-01,38.898258,-76.985228,Ward 6,2023-08-04
2023-08-01,38.950857,-77.037780,Ward 4,2023-08-02
2023-08-01,38.924771,-77.042215,Ward 1,2023-08-02
2023-08-01,38.959039,-76.999916,Ward 4,2023-08-02
2023-08-01,38.946933,-77.087956,Ward 3,2023-08-04
2023-08-02,38.884735,-77.032423,Ward 2,2023-08-04
2023-08-02,38.961301,-76.997444,Ward 4,2023-08-04
2023-08-02,38.905369,-77.034060,Ward 2,2023-08-04
2023-08-02,38.908425,-77.023736,Ward 2,2023-08-04
2023-08-02,38.902191,-77.027332,Ward 2,2023-08-03
2023-08-03,38.912520,-76.985590,Ward 5,2023-08-04
2023-08-03,38.907033,-77.034933,Ward 2,2023-08-04
2023-08-03,38.946504,-77.078888,Ward 3,2023-08-04
2023-08-03,38.950271,-77.083532,Ward 3,2023-08-04
2023-08-04,38.902191,-77.027332,Ward 2,2023-08-04
2023-08-04,38.909812,-77.033495,Ward 2,2023-08-04
2023-08-04,38.816039,-77.018137,Ward 8,2023-08-07
2023-08-04,38.952925,-77.020489,Ward 4,2023-08-07
2023-08-04,38.925069,-76.985749,Ward 5,2023-08-09
2023-08-04,38.942216,-77.076507,Ward 3,2023-08-08
2023-08-04,38.950768,-77.083551,Ward 3,2023-08-08
2023-08-04,38.964827,-77.036384,Ward 4,2023-08-08
2023-08-05,38.830750,-76.998056,Ward 8,2023-08-08
2023-08-05,38.918641,-77.099353,Ward 3,2023-08-08
2023-08-05,38.961256,-76.997117,Ward 4,2023-08-08
2023-08-05,38.926755,-77.011695,Ward 5,2023-08-09
2023-08-06,38.899420,-76.976466,Ward 5,2023-08-08
2023-08-06,38.942658,-76.977079,Ward 5,2023-08-09
2023-08-07,38.950675,-77.024802,Ward 4,2023-08-07
2023-08-07,38.918993,-77.100523,Ward 3,2023-08-08
2023-08-07,38.918993,-77.100523,Ward 3,2023-08-08
2023-08-07,38.918993,-77.100523,Ward 3,2023-08-08
2023-08-07,38.901576,-77.034827,Ward 2,2023-08-08
2023-08-07,38.930357,-76.992240,Ward 5,2023-08-09
2023-08-08,38.933962,-77.037630,Ward 1,2023-08-08
2023-08-08,38.899594,-77.041705,Ward 2,2023-08-09
2023-08-08,38.972563,-77.025246,Ward 4,2023-08-09
2023-08-08,38.944871,-77.036800,Ward 4,2023-08-10
2023-08-09,38.917869,-77.036875,Ward 1,2023-08-10
2023-08-09,38.980803,-77.059700,Ward 4,2023-08-10
2023-08-09,38.834589,-76.987734,Ward 8,2023-08-10
2023-08-09,38.910516,-77.009354,Ward 5,2023-08-10
2023-08-10,38.914254,-77.017562,Ward 5,2023-08-10
2023-08-10,38.903219,-77.042113,Ward 2,2023-08-14
2023-08-10,38.885954,-76.930797,Ward 7,2023-08-15
2023-08-10,38.853298,-76.983303,Ward 8,2023-08-14
2023-08-10,38.936884,-77.060185,Ward 3,2023-08-14
2023-08-11,38.918662,-77.070533,Ward 3,2023-08-14
2023-08-11,38.932808,-76.997038,Ward 5,2023-08-16
2023-08-11,38.975650,-77.062694,Ward 4,2023-08-14
2023-08-11,38.870556,-76.967049,Ward 7,2023-08-18
2023-08-11,38.884906,-77.039457,Ward 2,2023-08-14
2023-08-11,38.836324,-76.987170,Ward 8,2023-08-18
2023-08-11,38.924390,-77.042684,Ward 1,2023-08-15
2023-08-12,38.912690,-77.078569,Null,2023-08-15
2023-08-12,38.907759,-76.998153,Ward 5,2023-08-16
2023-08-12,38.877999,-77.004327,Ward 6,2023-08-16
2023-08-12,38.925964,-77.074005,Ward 3,2023-08-15
2023-08-12,38.928809,-77.023417,Ward 1,2023-08-15
2023-08-13,38.912117,-77.012157,Ward 5,2023-08-17
2023-08-13,38.966711,-77.019896,Ward 4,2023-08-15
2023-08-13,38.940264,-76.980402,Ward 5,2023-08-16
2023-08-14,38.933930,-76.967550,Ward 5,2023-08-16
2023-08-14,38.912117,-77.012157,Ward 5,2023-08-17
2023-08-14,38.831206,-77.005885,Ward 8,2023-08-18
2023-08-14,38.829969,-77.005612,Ward 8,2023-08-17
2023-08-14,38.928089,-77.054164,Ward 3,2023-08-17
2023-08-15,38.905968,-77.034968,Ward 2,2023-08-16
2023-08-15,38.832504,-76.994637,Ward 8,2023-08-16
2023-08-15,38.952353,-77.007367,Ward 5,2023-08-15
2023-08-15,38.952291,-77.012944,Ward 4,2023-08-16
2023-08-15,38.906791,-77.001005,Ward 6,2023-08-16
2023-08-15,38.849029,-76.978042,Ward 8,2023-08-18
2023-08-15,38.926514,-76.964051,Ward 5,2023-08-16
2023-08-15,38.924507,-76.976118,Ward 5,2023-08-17
2023-08-15,38.930008,-77.076806,Ward 3,2023-08-17
2023-08-15,38.950846,-77.086400,Ward 3,2023-08-17
2023-08-15,38.926282,-77.012142,Null,2023-08-18
2023-08-16,38.902125,-77.045239,Ward 2,2023-08-18
2023-08-16,38.902468,-76.928144,Ward 7,2023-08-18
2023-08-16,38.860573,-76.990289,Ward 8,2023-08-16
2023-08-16,38.840248,-77.004333,Ward 8,2023-08-18
2023-08-16,38.924507,-76.976118,Ward 5,2023-08-17
2023-08-16,38.930008,-77.076806,Ward 3,2023-08-17
2023-08-16,38.863152,-76.983603,Ward 8,2023-08-18
2023-08-16,38.960829,-77.061098,Ward 4,2023-08-17
2023-08-16,38.910896,-77.050193,Ward 2,2023-08-17
2023-08-16,38.912292,-77.047553,Ward 2,2023-08-18
2023-08-16,38.907105,-77.034303,Ward 2,2023-08-18
2023-08-17,38.913763,-77.046221,Ward 2,2023-08-21
2023-08-17,38.880986,-77.025768,Ward 6,2023-08-18
2023-08-17,38.901319,-77.013309,Ward 6,2023-08-22
2023-08-17,38.910896,-77.050193,Ward 2,2023-08-18
2023-08-17,38.887137,-77.050177,Ward 2,2023-08-21
2023-08-18,38.949985,-77.053210,Ward 3,2023-08-22
2023-08-18,38.900208,-77.039448,Ward 2,2023-08-21
2023-08-18,38.870800,-76.960570,Ward 7,2023-08-18
2023-08-18,38.884836,-77.028773,Ward 6,2023-08-21
2023-08-18,38.933505,-77.020896,Ward 1,2023-08-22
2023-08-18,38.910896,-77.050193,Ward 2,2023-08-21
2023-08-19,38.884906,-77.039457,Ward 2,2023-08-21
2023-08-19,38.908189,-76.999384,Ward 5,2023-08-22
2023-08-20,38.924836,-77.067272,Ward 3,2023-08-22
2023-08-21,38.920393,-77.002539,Ward 5,2023-08-22
2023-08-21,38.948266,-77.020449,Ward 4,2023-08-22
2023-08-21,38.912286,-77.048073,Ward 2,2023-08-22
2023-08-21,38.918114,-77.036500,Ward 1,2023-08-22
2023-08-21,38.927735,-76.979641,Ward 5,2023-08-22
2023-08-21,38.928583,-76.975496,Ward 5,2023-08-22
2023-08-21,38.954462,-77.091988,Ward 3,2023-08-22
2023-08-21,38.947690,-77.098813,Ward 3,2023-08-23
2023-08-21,38.917165,-77.034793,Ward 1,2023-08-22
2023-08-21,38.923265,-77.050828,Ward 3,2023-08-23
2023-08-22,38.949549,-77.028559,Ward 4,2023-08-23
2023-08-22,38.945817,-77.071558,Ward 3,2023-08-23
2023-08-22,38.901335,-77.027036,Ward 2,2023-08-22
2023-08-22,38.869344,-76.979004,Ward 8,2023-08-24
2023-08-22,38.897914,-76.970831,Null,2023-08-24
2023-08-22,38.884735,-77.032423,Ward 2,2023-08-22
2023-08-22,38.923044,-77.045084,Ward 1,2023-08-23
2023-08-22,38.917397,-77.034808,Ward 1,2023-08-22
2023-08-22,38.930591,-77.077049,Ward 3,2023-08-24
2023-08-23,38.870684,-76.938755,Ward 7,2023-08-24
2023-08-23,38.915894,-77.057270,Ward 2,2023-08-28
2023-08-23,38.903550,-77.027547,Ward 2,2023-08-24
2023-08-23,38.910691,-76.932583,Ward 7,2023-08-24
2023-08-23,38.847878,-76.970698,Ward 8,2023-08-24
2023-08-23,38.904847,-77.053574,Ward 2,2023-08-28
2023-08-23,38.910691,-76.932583,Ward 7,2023-08-24
2023-08-23,38.902774,-77.026736,Ward 2,2023-08-24
2023-08-24,38.898526,-76.931163,Ward 7,2023-08-25
2023-08-24,38.882594,-77.031787,Ward 6,2023-08-24
2023-08-24,38.884868,-77.034559,Ward 2,2023-08-24
2023-08-24,38.902827,-76.927680,Ward 7,2023-08-25
2023-08-24,38.884730,-77.028127,Ward 6,2023-08-25
2023-08-24,38.902783,-77.008703,Ward 6,2023-08-26
2023-08-24,38.916493,-77.069630,Ward 2,2023-08-28
2023-08-24,38.880674,-76.929316,Ward 7,2023-08-25
2023-08-24,38.940248,-76.986049,Ward 5,2023-08-25
2023-08-24,38.919478,-77.043417,Ward 1,2023-08-28
2023-08-24,38.957910,-77.013405,Ward 4,2023-08-28
2023-08-25,38.939315,-76.985920,Ward 5,2023-08-29
2023-08-25,38.892192,-77.060302,Ward 2,2023-08-28
2023-08-25,38.892192,-77.060302,Ward 2,2023-08-28
2023-08-25,38.892192,-77.060302,Ward 2,2023-08-28
2023-08-25,38.892192,-77.060302,Ward 2,2023-08-28
2023-08-25,38.894536,-77.000789,Ward 6,2023-08-29
2023-08-26,38.948495,-76.991425,Ward 5,2023-08-28
2023-08-27,38.869794,-76.951321,Ward 7,2023-08-29
2023-08-27,38.901319,-77.013309,Ward 6,2023-08-30
2023-08-28,38.871696,-76.960679,Ward 7,2023-08-30
2023-08-28,38.946533,-76.988707,Ward 5,2023-08-29
2023-08-28,38.845105,-76.971004,Ward 8,2023-08-29
2023-08-28,38.884906,-77.039457,Ward 2,2023-08-29
2023-08-28,38.948460,-77.030216,Ward 4,2023-08-30
2023-08-29,38.925982,-77.029490,Ward 1,2023-08-30
2023-08-29,38.918450,-77.029369,Ward 1,2023-08-30
2023-08-29,38.905881,-77.065022,Ward 2,2023-08-30
2023-08-29,38.902522,-77.025987,Ward 2,2023-08-30
2023-08-29,38.929387,-77.078679,Ward 3,2023-08-30
2023-08-29,38.955037,-77.033752,Ward 4,2023-08-30
2023-08-29,38.907011,-77.020441,Ward 6,2023-08-31
2023-08-29,38.925748,-77.029711,Ward 1,2023-08-31
2023-08-30,38.864489,-77.014630,Ward 6,2023-08-31
2023-08-30,38.881217,-77.028052,Ward 6,2023-09-05
2023-08-30,38.901781,-77.002294,Ward 6,2023-08-31
2023-08-30,38.946925,-77.087626,Ward 3,2023-08-30
2023-08-30,38.926051,-77.030040,Ward 1,2023-08-30
2023-08-30,38.947265,-77.088090,Ward 3,2023-08-30
2023-08-30,38.947265,-77.088090,Ward 3,2023-08-30
2023-08-30,38.947265,-77.088090,Ward 3,2023-08-30
2023-08-30,38.881420,-76.981998,Ward 6,2023-08-31
2023-08-30,38.947265,-77.088090,Ward 3,2023-08-30
2023-08-30,38.947265,-77.088090,Ward 3,2023-09-05
2023-08-30,38.899813,-77.021914,Ward 2,2023-09-01
2023-08-30,38.899813,-77.021914,Ward 2,2023-09-01
2023-08-30,38.894266,-76.986206,Ward 6,2023-09-01
2023-08-30,38.913223,-77.032935,Ward 2,2023-09-05
2023-08-31,38.919329,-77.031662,Ward 1,2023-09-05
2023-08-31,38.913282,-77.041873,Ward 2,2023-09-05
2023-08-31,38.884906,-77.039457,Ward 2,2023-09-01
2023-08-31,38.947495,-77.077031,Ward 3,2023-09-05
2023-08-31,38.957021,-77.074592,Ward 3,2023-09-05
2023-08-31,38.900839,-77.053086,Ward 2,2023-09-05
2023-09-01,38.946933,-77.087956,Ward 3,2023-09-05
2023-09-01,38.851789,-76.981932,Ward 8,2023-09-05
2023-09-01,38.851789,-76.981932,Ward 8,2023-09-05
2023-09-02,38.947099,-77.088629,Ward 3,2023-09-06
2023-09-02,38.986925,-77.029637,Ward 4,2023-09-07
2023-09-02,38.923530,-77.051513,Ward 3,2023-09-05
2023-09-02,38.931029,-77.015634,Ward 5,2023-09-07
2023-09-02,38.923817,-76.988011,Ward 5,2023-09-05
2023-09-02,38.914592,-77.092173,Ward 3,2023-09-06
2023-09-03,38.907011,-77.020441,Ward 6,2023-09-07
2023-09-03,38.954431,-77.093267,Ward 3,2023-09-06
2023-09-04,38.974569,-77.019598,Ward 4,2023-09-08
2023-09-04,38.882594,-77.031787,Ward 6,2023-09-07
2023-09-04,38.905753,-76.994885,Ward 5,2023-09-05
2023-09-04,38.974792,-77.019894,Ward 4,2023-09-05
2023-09-04,38.961285,-77.070564,Ward 3,2023-09-07
2023-09-05,38.837302,-76.990768,Ward 8,2023-09-07
2023-09-05,38.904066,-77.000365,Ward 6,2023-09-07
2023-09-05,38.974792,-77.019894,Ward 4,2023-09-08
2023-09-06,38.901318,-77.046653,Ward 2,2023-09-08
2023-09-06,38.913816,-77.016811,Ward 5,2023-09-06
2023-09-06,38.947094,-77.086211,Ward 3,2023-09-07
2023-09-06,38.895003,-77.031353,Ward 2,2023-09-07
2023-09-06,38.912690,-77.078569,Null,2023-09-08
2023-09-06,38.912472,-77.044570,Ward 2,2023-09-08
2023-09-07,38.884735,-77.032423,Ward 2,2023-09-08
2023-09-07,38.911870,-77.044882,Ward 2,2023-09-07
2023-09-07,38.881217,-77.028052,Ward 6,2023-09-12
2023-09-07,38.936847,-77.057550,Ward 3,2023-09-08
2023-09-07,38.932751,-77.066593,Ward 3,2023-09-08
2023-09-07,38.944062,-76.990237,Ward 5,2023-09-08
2023-09-07,38.897904,-77.033175,Ward 2,2023-09-08
2023-09-07,38.908309,-77.048577,Ward 2,2023-09-12
2023-09-07,38.903353,-77.026696,Ward 2,2023-09-08
2023-09-08,38.882594,-77.031787,Ward 6,2023-09-12
2023-09-08,38.947281,-77.072713,Ward 3,2023-09-12
2023-09-08,38.902231,-77.042088,Ward 2,2023-09-12
2023-09-09,38.908565,-77.048797,Ward 2,2023-09-11
2023-09-09,38.947090,-77.072347,Ward 3,2023-09-12
2023-09-09,38.863387,-76.979222,Ward 8,2023-09-12
2023-09-09,38.896650,-76.934261,Ward 7,2023-09-12
2023-09-10,38.845105,-76.971004,Ward 8,2023-09-12
2023-09-10,38.902775,-76.991275,Ward 6,2023-09-11
2023-09-10,38.843642,-76.995682,Ward 8,2023-09-12
2023-09-11,38.874126,-76.972746,Ward 7,2023-09-12
2023-09-11,38.874126,-76.972746,Ward 7,2023-09-12
2023-09-11,38.920894,-77.073536,Ward 3,2023-09-12
2023-09-11,38.922043,-76.988578,Ward 5,2023-09-12
2023-09-11,38.901339,-77.031963,Ward 2,2023-09-13
2023-09-11,38.820424,-77.009056,Ward 8,2023-09-13
2023-09-12,38.844096,-76.972845,Ward 8,2023-09-13
2023-09-12,38.886290,-77.044324,Ward 2,2023-09-13
2023-09-12,38.901492,-76.922282,Ward 7,2023-09-13
2023-09-12,38.958899,-76.999661,Ward 4,2023-09-13
2023-09-12,38.920033,-76.970255,Ward 5,2023-09-15
2023-09-13,38.952084,-77.032363,Ward 4,2023-09-15
2023-09-13,38.901474,-77.041945,Ward 2,2023-09-15
2023-09-13,38.899635,-77.021481,Ward 2,2023-09-14
2023-09-13,38.880676,-77.025863,Ward 6,2023-09-15
2023-09-13,38.900669,-77.027444,Ward 2,2023-09-15
2023-09-13,38.906005,-77.034828,Ward 2,2023-09-15
2023-09-13,38.946084,-77.072610,Ward 3,2023-09-15
2023-09-13,38.899756,-76.931667,Ward 7,2023-09-15
2023-09-14,38.923631,-76.980141,Ward 5,2023-09-15
2023-09-14,38.960787,-77.066690,Ward 3,2023-09-15
2023-09-14,38.964906,-77.079188,Ward 3,2023-09-18
2023-09-14,38.856773,-76.967785,Ward 8,2023-09-15
2023-09-14,38.939918,-76.974176,Ward 5,2023-09-15
2023-09-14,38.956389,-77.015880,Ward 4,2023-09-15
2023-09-15,38.884735,-77.032423,Ward 2,2023-09-18
2023-09-15,38.892101,-77.044938,Ward 2,2023-09-18
2023-09-15,38.933166,-77.032731,Ward 1,2023-09-18
2023-09-15,38.932907,-77.033014,Ward 1,2023-09-18
2023-09-15,38.902089,-77.023989,Ward 2,2023-09-20
2023-09-15,38.910691,-76.932583,Ward 7,2023-09-18
2023-09-15,38.934447,-77.068918,Ward 3,2023-09-18
2023-09-15,38.898103,-76.930334,Ward 7,2023-09-18
2023-09-15,38.950728,-77.069845,Ward 3,2023-09-19
2023-09-16,38.923434,-77.035309,Ward 1,2023-09-19
2023-09-16,38.869476,-76.972134,Ward 8,2023-09-19
2023-09-16,38.899944,-76.997388,Ward 6,2023-09-20
2023-09-17,38.869476,-76.972134,Ward 8,2023-09-19
2023-09-18,38.935006,-77.001458,Ward 5,2023-09-19
2023-09-18,38.909649,-77.034557,Ward 2,2023-09-19
2023-09-18,38.982190,-77.023878,Ward 4,2023-09-19
2023-09-18,38.900669,-77.027444,Ward 2,2023-09-19
2023-09-18,38.830925,-77.008024,Ward 8,2023-09-19
2023-09-19,38.965716,-77.004934,Ward 4,2023-09-20
2023-09-19,38.916555,-77.010545,Ward 5,2023-09-20
2023-09-19,38.936159,-77.108829,Ward 3,2023-09-20
2023-09-19,38.940724,-76.990235,Ward 5,2023-09-22
2023-09-20,38.898947,-77.029306,Ward 2,2023-09-25
2023-09-20,38.942293,-77.025622,Ward 4,2023-09-22
2023-09-20,38.922980,-77.046497,Ward 1,2023-09-25
2023-09-20,38.977593,-77.061054,Ward 4,2023-09-25
2023-09-20,38.919849,-77.042365,Ward 1,2023-09-25
2023-09-20,38.882594,-77.031787,Ward 6,2023-09-22
2023-09-20,38.938903,-77.023479,Ward 4,2023-09-22
2023-09-20,38.979246,-77.026159,Ward 4,2023-09-21
2023-09-20,38.967624,-77.056360,Ward 4,2023-09-25
2023-09-20,38.884906,-77.039457,Ward 2,2023-09-20
2023-09-20,38.942860,-76.980379,Ward 5,2023-09-22
2023-09-20,38.914994,-77.018263,Ward 1,2023-09-25
2023-09-21,38.885506,-76.991051,Ward 6,2023-09-25
2023-09-21,38.859040,-76.966415,Ward 7,2023-09-25
2023-09-21,38.884064,-77.033310,Ward 2,2023-09-22
2023-09-21,38.894939,-76.983957,Ward 6,2023-09-25
2023-09-21,38.901326,-77.029623,Ward 2,2023-09-23
2023-09-21,38.903709,-76.936442,Ward 7,2023-09-22
2023-09-21,38.972618,-77.060530,Ward 4,2023-09-27
2023-09-21,38.896004,-76.920269,Ward 7,2023-09-25
2023-09-21,38.910766,-77.023708,Ward 6,2023-09-26
2023-09-22,38.926498,-77.036154,Ward 1,2023-09-22
2023-09-22,38.894364,-76.978320,Ward 7,2023-09-22
2023-09-22,38.923696,-76.999615,Ward 5,2023-09-22
2023-09-22,38.916555,-77.010545,Ward 5,2023-09-22
2023-09-22,38.918237,-77.011867,Ward 5,2023-09-25
2023-09-22,38.913282,-77.041873,Ward 2,2023-09-27
2023-09-22,38.952124,-77.012049,Ward 4,2023-09-27
2023-09-23,38.945872,-77.078205,Ward 3,2023-09-25
2023-09-23,38.830729,-76.992698,Ward 8,2023-09-26
2023-09-24,38.903408,-76.985847,Ward 5,2023-09-26
2023-09-24,38.945397,-77.090862,Ward 3,2023-09-25
2023-09-24,38.901736,-76.982321,Ward 5,2023-09-26
2023-09-24,38.893239,-77.054539,Ward 2,2023-09-25
2023-09-24,38.884735,-77.032423,Ward 2,2023-09-26
2023-09-25,38.923636,-77.032132,Ward 1,2023-09-26
2023-09-25,38.921589,-77.031670,Ward 1,2023-09-26
2023-09-25,38.917726,-77.069383,Null,2023-09-26
2023-09-25,38.882831,-77.028104,Ward 6,2023-09-26
2023-09-25,38.845667,-76.970293,Ward 8,2023-09-26
2023-09-25,38.934665,-77.086181,Ward 3,2023-09-27
2023-09-25,38.923801,-77.050224,Ward 3,2023-09-26
2023-09-25,38.846865,-76.968798,Ward 8,2023-09-26
2023-09-25,38.879777,-76.932525,Ward 7,2023-09-27
2023-09-25,38.886928,-77.036649,Ward 2,2023-09-27
2023-09-25,38.845673,-76.969948,Ward 8,2023-09-26
2023-09-25,38.882590,-77.021895,Ward 6,2023-09-26
2023-09-25,38.900995,-77.056554,Ward 2,2023-09-29
2023-09-25,38.880466,-76.929212,Ward 7,2023-09-27
2023-09-26,38.962698,-77.004712,Ward 4,2023-09-26
2023-09-26,38.963794,-77.003897,Ward 4,2023-09-26
2023-09-26,38.900995,-77.056554,Ward 2,2023-09-29
2023-09-26,38.906803,-77.000198,Ward 6,2023-09-26
2023-09-26,38.976489,-77.020062,Ward 4,2023-09-27
2023-09-26,38.902815,-77.056331,Ward 2,2023-09-27
2023-09-26,38.925677,-77.070633,Ward 3,2023-09-29
2023-09-26,38.921135,-77.059310,Ward 3,2023-09-29
2023-09-26,38.905585,-76.984868,Ward 5,2023-09-27
2023-09-26,38.905241,-76.987270,Ward 5,2023-09-28
2023-09-26,38.898179,-76.920221,Ward 7,2023-09-28
2023-09-26,38.900391,-77.056092,Ward 2,2023-09-29
2023-09-27,38.886865,-77.022949,Ward 6,2023-09-28
2023-09-27,38.894653,-76.999762,Ward 6,2023-09-27
2023-09-27,38.971435,-77.066057,Ward 4,2023-09-29
2023-09-27,38.913282,-77.041873,Ward 2,2023-09-28
2023-09-27,38.967388,-77.036046,Ward 4,2023-09-28
2023-09-27,38.979195,-77.028339,Ward 4,2023-09-30
2023-09-27,38.884735,-77.032423,Ward 2,2023-09-29
2023-09-28,38.908096,-77.055661,Ward 2,2023-09-29
2023-09-28,38.896746,-76.964067,Ward 7,2023-09-28
2023-09-28,38.924697,-76.993363,Ward 5,2023-09-29
2023-09-28,38.976548,-77.026579,Ward 4,2023-09-28
2023-09-28,38.959362,-77.087583,Ward 3,2023-09-30
2023-09-28,38.922226,-77.090048,Ward 3,2023-09-29
2023-09-28,38.954400,-77.009719,Ward 4,2023-09-29
2023-09-28,38.905921,-77.042360,Ward 2,2023-09-29
2023-09-28,38.862890,-76.964785,Ward 7,2023-09-29
2023-09-28,38.905846,-77.042501,Ward 2,2023-09-29
2023-09-28,38.889215,-77.050161,Ward 2,2023-09-29
2023-09-28,38.831013,-76.989577,Ward 8,2023-09-29
2023-09-28,38.831013,-76.989577,Ward 8,2023-09-29
2023-09-29,38.859316,-76.995485,Ward 8,2023-09-29
2023-09-29,38.877355,-76.994202,Ward 8,2023-10-02
2023-09-29,38.954141,-77.082793,Ward 3,2023-09-30
2023-09-29,38.882433,-76.942933,Ward 7,2023-10-02
2023-09-29,38.946311,-77.078785,Ward 3,2023-10-02
2023-09-29,38.903179,-77.049035,Ward 2,2023-09-30
2023-09-29,38.910972,-77.029366,Ward 2,2023-10-03
2023-09-29,38.920261,-76.969740,Ward 5,2023-10-02
2023-09-30,38.910927,-77.006734,Ward 5,2023-10-02
2023-10-01,38.890433,-76.932913,Ward 7,2023-10-03
2023-10-01,38.901736,-76.982321,Ward 5,2023-10-03
2023-10-01,38.910990,-77.020118,Ward 6,2023-10-03
2023-10-02,38.940724,-76.990235,Ward 5,2023-10-03
2023-10-02,38.932095,-77.065485,Ward 3,2023-10-03
2023-10-02,38.979190,-77.028553,Ward 4,2023-10-03
2023-10-02,38.916188,-77.055639,Ward 2,2023-10-03
2023-10-03,38.961848,-77.023571,Ward 4,2023-10-04
2023-10-03,38.948862,-77.100866,Ward 3,2023-10-04
2023-10-03,38.884012,-77.025635,Ward 6,2023-10-03
2023-10-03,38.886926,-77.039488,Ward 2,2023-10-03
2023-10-03,38.918314,-77.059084,Null,2023-10-03
2023-10-03,38.880969,-76.939479,Ward 7,2023-10-04
2023-10-03,38.891853,-76.995990,Ward 6,2023-10-04
2023-10-03,38.961848,-77.023571,Ward 4,2023-10-04
2023-10-03,38.891622,-76.977013,Ward 6,2023-10-05
2023-10-03,38.962505,-77.000251,Ward 4,2023-10-05
2023-10-04,38.849396,-76.981258,Ward 8,2023-10-05
2023-10-04,38.917061,-77.056855,Ward 2,2023-10-05
2023-10-04,38.946421,-77.008248,Ward 5,2023-10-06
2023-10-04,38.953075,-77.001522,Ward 5,2023-10-05
2023-10-04,38.962438,-76.998626,Ward 4,2023-10-05
2023-10-04,38.865095,-76.979875,Ward 8,2023-10-05
2023-10-04,38.928883,-77.043742,Ward 1,2023-10-06
2023-10-05,38.975268,-77.024462,Ward 4,2023-10-06
2023-10-05,38.832246,-76.990380,Ward 8,2023-10-06
2023-10-05,38.966702,-77.078165,Ward 3,2023-10-06
2023-10-05,38.976919,-77.065085,Ward 4,2023-10-10
2023-10-05,38.922226,-77.090048,Ward 3,2023-10-06
2023-10-05,38.831013,-76.989577,Ward 8,2023-10-06
2023-10-05,38.836298,-76.984069,Ward 8,2023-10-10
2023-10-05,38.902929,-77.024043,Ward 2,2023-10-09
2023-10-06,38.935741,-77.106481,Ward 3,2023-10-10
2023-10-06,38.946080,-77.072176,Ward 3,2023-10-10
2023-10-06,38.916493,-77.069630,Ward 2,2023-10-10
2023-10-07,38.902142,-77.046027,Ward 2,2023-10-11
2023-10-07,38.956712,-77.058066,Null,2023-10-11
2023-10-08,38.936614,-77.061313,Ward 3,2023-10-10
2023-10-09,38.906808,-77.011299,Ward 5,2023-10-10
2023-10-09,38.909207,-77.056398,Ward 2,2023-10-10
2023-10-09,38.913282,-77.041873,Ward 2,2023-10-11
2023-10-09,38.933273,-76.968513,Ward 5,2023-10-10
2023-10-09,38.885142,-77.024690,Ward 6,2023-10-10
2023-10-09,38.885142,-77.024690,Ward 6,2023-10-10
2023-10-09,38.884768,-77.023620,Ward 6,2023-10-10
2023-10-09,38.881151,-77.026796,Ward 6,2023-10-11
2023-10-09,38.884021,-77.027507,Ward 6,2023-10-10
2023-10-10,38.912937,-77.019469,Ward 6,2023-10-10
2023-10-10,38.933288,-76.971323,Ward 5,2023-10-11
2023-10-10,38.905091,-76.996376,Ward 6,2023-10-11
2023-10-10,38.904237,-76.996679,Ward 6,2023-10-10
2023-10-10,38.881619,-76.942346,Ward 7,2023-10-11
2023-10-11,38.899744,-76.983358,Ward 6,2023-10-12
2023-10-11,38.946960,-76.989658,Ward 5,2023-10-11
2023-10-11,38.894923,-77.019210,Ward 2,2023-10-12
2023-10-12,38.948686,-77.079752,Ward 3,2023-10-13
2023-10-12,38.881619,-76.942346,Ward 7,2023-10-13
2023-10-12,38.905921,-77.042360,Ward 2,2023-10-13
2023-10-13,38.964974,-77.080372,Ward 3,2023-10-19
2023-10-13,38.958343,-77.088867,Ward 3,2023-10-19
2023-10-13,38.909916,-77.084981,Ward 3,2023-10-16
2023-10-14,38.878204,-76.942135,Ward 7,2023-10-20
2023-10-15,38.950285,-77.079002,Ward 3,2023-10-19
2023-10-16,38.932455,-77.044491,Ward 1,2023-10-19
2023-10-16,38.941174,-77.055192,Ward 3,2023-10-19
2023-10-16,38.941360,-77.056331,Ward 3,2023-10-19
2023-10-16,38.941308,-77.056925,Ward 3,2023-10-19
2023-10-16,38.952771,-77.011730,Ward 4,2023-10-20
2023-10-17,38.914513,-77.030470,Ward 1,2023-10-19
2023-10-17,38.958180,-77.079119,Ward 3,2023-10-19
2023-10-17,38.888639,-76.992449,Ward 6,2023-10-18
2023-10-17,38.899114,-76.987191,Ward 6,2023-10-17
2023-10-17,38.865548,-76.949782,Ward 7,2023-10-20
2023-10-18,38.864128,-76.951061,Ward 7,2023-10-20
2023-10-19,38.927679,-77.013752,Ward 5,2023-10-23
2023-10-20,38.905921,-77.042360,Ward 2,2023-10-20
2023-10-20,38.922043,-76.988578,Ward 5,2023-10-23
2023-10-20,38.922043,-76.988578,Ward 5,2023-10-23
2023-10-20,38.923434,-77.035309,Ward 1,2023-10-24
2023-10-21,38.932393,-77.043922,Ward 1,2023-10-23
2023-10-22,38.935513,-77.108801,Ward 3,2023-10-23
2023-10-22,38.938911,-77.104038,Ward 3,2023-10-24
2023-10-22,38.948862,-77.100866,Ward 3,2023-10-24
2023-10-23,38.906116,-77.065063,Ward 2,2023-10-23
2023-10-23,38.932129,-76.976221,Ward 5,2023-10-25
2023-10-23,38.910928,-77.020676,Ward 6,2023-10-24
2023-10-23,38.906621,-77.006905,Ward 6,2023-10-24
2023-10-23,38.909579,-77.059422,Ward 2,2023-10-24
2023-10-23,38.928628,-77.041149,Ward 1,2023-10-25
2023-10-23,38.922751,-76.990468,Ward 5,2023-10-25
2023-10-24,38.902826,-76.928204,Ward 7,2023-10-25
2023-10-24,38.884129,-76.928294,Ward 7,2023-10-26
2023-10-24,38.861372,-76.957564,Ward 7,2023-10-25
2023-10-24,38.891171,-76.926280,Ward 7,2023-10-25
2023-10-25,38.905955,-77.079171,Ward 3,2023-10-25
2023-10-25,38.927679,-77.013752,Ward 5,2023-10-26
2023-10-25,38.866956,-77.012936,Ward 6,2023-10-30
2023-10-25,38.938531,-77.050674,Ward 4,2023-10-26
2023-10-26,38.857446,-76.961764,Ward 7,2023-10-26
2023-10-26,38.961021,-77.077142,Ward 3,2023-10-30
2023-10-26,38.936921,-77.097709,Ward 3,2023-10-30
2023-10-26,38.927937,-77.054467,Ward 3,2023-10-26
2023-10-26,38.841846,-76.987145,Ward 8,2023-10-31
2023-10-27,38.908712,-77.045154,Ward 2,2023-10-27
2023-10-27,38.884979,-76.929639,Ward 7,2023-10-30
2023-10-27,38.885954,-76.930797,Ward 7,2023-10-27
2023-10-27,38.904139,-76.945206,Ward 7,2023-10-27
2023-10-27,38.898405,-76.973623,Null,2023-11-07
2023-10-27,38.955138,-77.058441,Ward 3,2023-10-30
2023-10-27,38.866109,-76.985495,Ward 8,2023-10-31
2023-10-28,38.951656,-77.025777,Ward 4,2023-10-30
2023-10-29,38.908181,-77.042209,Ward 2,2023-11-02
2023-10-29,38.859080,-76.967712,Ward 7,2023-10-30
2023-10-30,38.930660,-77.004450,Ward 5,2023-10-30
2023-10-30,38.969477,-77.057978,Ward 4,2023-10-31
2023-10-30,38.920805,-76.969620,Ward 5,2023-10-31
2023-10-30,38.914276,-77.019490,Ward 2,2023-10-31
2023-10-30,38.914253,-77.022466,Ward 1,2023-10-31
2023-10-31,38.922962,-77.065459,Ward 3,2023-11-01
2023-10-31,38.926539,-77.006397,Ward 5,2023-11-01
2023-10-31,38.958918,-77.067240,Ward 3,2023-11-02
2023-10-31,38.885674,-76.997706,Ward 6,2023-11-01
2023-10-31,38.921051,-76.989241,Ward 5,2023-10-31
2023-11-01,38.900374,-76.985708,Ward 6,2023-11-08
2023-11-01,38.928869,-77.032427,Ward 1,2023-11-02
2023-11-01,38.950359,-77.052981,Ward 3,2023-11-02
2023-11-01,38.941174,-77.055192,Ward 3,2023-11-02
2023-11-02,38.958199,-77.057866,Ward 4,2023-11-03
2023-11-02,38.955138,-77.058441,Ward 3,2023-11-03
2023-11-02,38.914379,-77.046166,Null,2023-11-08
2023-11-02,38.902550,-77.058046,Ward 2,2023-11-03
2023-11-02,38.955138,-77.058441,Ward 3,2023-11-03
2023-11-02,38.933057,-76.995682,Ward 5,2023-11-03
2023-11-02,38.903796,-76.990367,Ward 5,2023-11-03
2023-11-02,38.890055,-76.932202,Ward 7,2023-11-03
2023-11-03,38.932638,-76.996747,Ward 5,2023-11-06
2023-11-03,38.907482,-77.009316,Ward 5,2023-11-06
2023-11-03,38.901650,-77.029160,Ward 2,2023-11-06
2023-11-03,38.965546,-77.076457,Ward 3,2023-11-08
2023-11-03,38.870792,-77.007387,Ward 6,2023-11-06
2023-11-04,38.902739,-76.990183,Null,2023-11-08
2023-11-06,38.942258,-76.983909,Ward 5,2023-11-09
2023-11-06,38.961021,-77.077142,Ward 3,2023-11-08
2023-11-06,38.943971,-77.018937,Ward 4,2023-11-09
2023-11-06,38.945893,-77.033027,Ward 4,2023-11-09
2023-11-06,38.953376,-77.056613,Ward 3,2023-11-13
2023-11-07,38.933288,-76.971323,Ward 5,2023-11-08
2023-11-07,38.831274,-77.004599,Ward 8,2023-11-09
2023-11-07,38.924141,-77.077934,Ward 3,2023-11-13
2023-11-07,38.896465,-77.011919,Ward 6,2023-11-09
2023-11-07,38.928628,-77.041149,Ward 1,2023-11-09
2023-11-07,38.939208,-77.046502,Ward 4,2023-11-09
2023-11-07,38.946064,-77.078250,Ward 3,2023-11-09
2023-11-07,38.886691,-76.988084,Ward 6,2023-11-09
2023-11-07,38.885774,-76.987935,Ward 6,2023-11-09
2023-11-07,38.958827,-77.071087,Ward 3,2023-11-09
2023-11-07,38.879741,-77.000576,Ward 6,2023-11-09
2023-11-07,38.941874,-77.036441,Ward 4,2023-11-09
2023-11-07,38.872983,-76.970588,Ward 7,2023-11-09
2023-11-08,38.932638,-76.996747,Ward 5,2023-11-09
2023-11-08,38.898661,-76.925281,Ward 7,2023-11-09
2023-11-08,38.902216,-77.033242,Ward 2,2023-11-09
2023-11-08,38.905847,-77.042433,Ward 2,2023-11-09
2023-11-08,38.905371,-77.012867,Ward 6,2023-11-09
2023-11-09,38.881348,-76.931913,Ward 7,2023-11-14
2023-11-09,38.914296,-77.027894,Ward 1,2023-11-14
2023-11-09,38.906695,-77.041255,Ward 2,2023-11-15
2023-11-09,38.979392,-77.028778,Ward 4,2023-11-14
2023-11-09,38.955138,-77.058441,Ward 3,2023-11-14
2023-11-10,38.837302,-76.990768,Ward 8,2023-11-14
2023-11-10,38.845089,-76.997389,Ward 8,2023-11-14
2023-11-10,38.858907,-76.968195,Null,2023-11-14
2023-11-10,38.879653,-76.939630,Ward 7,2023-11-14
2023-11-10,38.901627,-77.048556,Ward 2,2023-11-15
2023-11-11,38.956447,-77.090862,Ward 3,2023-11-14
2023-11-11,38.902739,-76.990183,Null,2023-11-14
2023-11-12,38.957178,-77.036730,Ward 4,2023-11-15
2023-11-12,38.937935,-77.066623,Ward 3,2023-11-14
2023-11-13,38.889513,-76.985055,Ward 6,2023-11-14
2023-11-13,38.889509,-76.984182,Ward 6,2023-11-14
2023-11-13,38.926744,-77.052403,Ward 3,2023-11-15
2023-11-13,38.927150,-77.052620,Ward 3,2023-11-15
2023-11-13,38.927594,-77.052883,Ward 3,2023-11-15
2023-11-13,38.862606,-76.982399,Ward 8,2023-11-15
2023-11-13,38.904893,-76.995632,Ward 6,2023-11-15
2023-11-13,38.926802,-77.100527,Ward 3,2023-11-15
2023-11-14,38.910990,-77.020118,Ward 6,2023-11-15
2023-11-14,38.958493,-77.084950,Ward 3,2023-11-15
2023-11-14,38.895706,-77.047426,Ward 2,2023-11-20
2023-11-14,38.953742,-77.056296,Ward 3,2023-11-16
2023-11-15,38.912048,-77.027352,Ward 2,2023-11-16
2023-11-15,38.955138,-77.058441,Ward 3,2023-11-16
2023-11-15,38.892209,-76.990701,Ward 6,2023-11-16
2023-11-15,38.885511,-76.988921,Ward 6,2023-11-16
2023-11-15,38.918334,-77.095965,Ward 3,2023-11-17
2023-11-15,38.959028,-77.054101,Ward 3,2023-11-16
2023-11-15,38.988086,-77.043877,Ward 4,2023-11-17
2023-11-16,38.956277,-77.013645,Ward 4,2023-11-17
2023-11-16,38.920988,-77.001804,Ward 5,2023-11-16
2023-11-16,38.941100,-77.110636,Ward 3,2023-11-17
2023-11-17,38.956212,-77.036398,Ward 4,2023-11-21
2023-11-18,38.953974,-77.036041,Ward 4,2023-11-24
2023-11-20,38.917003,-77.036492,Null,2023-11-27
2023-11-20,38.874126,-76.972746,Ward 7,2023-11-27
2023-11-20,38.906629,-76.998658,Ward 5,2023-11-28
2023-11-20,38.914348,-77.091475,Ward 3,2023-11-27
2023-11-20,38.913637,-77.089161,Ward 3,2023-11-27
2023-11-21,38.909077,-77.030323,Ward 2,2023-11-27
2023-11-21,38.888152,-77.037436,Ward 2,2023-11-24
2023-11-21,38.845251,-76.996725,Ward 8,2023-11-27
2023-11-21,38.843721,-76.972451,Ward 8,2023-11-27
2023-11-21,38.919146,-77.036496,Ward 1,2023-11-28
2023-11-21,38.914209,-77.087337,Ward 3,2023-11-27
2023-11-21,38.912427,-77.085047,Ward 3,2023-11-27
2023-11-22,38.919166,-77.088746,Ward 3,2023-11-27
2023-11-22,38.922226,-77.090048,Ward 3,2023-11-27
2023-11-22,38.920878,-77.089044,Ward 3,2023-11-27
2023-11-22,38.917569,-77.088334,Ward 3,2023-11-27
2023-11-22,38.863532,-76.947327,Ward 7,2023-11-27
2023-11-22,38.917321,-77.088417,Ward 3,2023-11-27
2023-11-22,38.864530,-76.948719,Ward 7,2023-11-28
2023-11-22,38.880683,-76.939728,Ward 7,2023-11-27
2023-11-22,38.940294,-77.027444,Ward 4,2023-11-28
2023-11-23,38.933332,-76.969926,Ward 5,2023-11-29
2023-11-24,38.900995,-77.056554,Ward 2,2023-11-28
2023-11-24,38.863742,-76.946759,Ward 7,2023-11-28
2023-11-24,38.937559,-76.969277,Ward 5,2023-11-29
2023-11-26,38.845090,-76.996655,Ward 8,2023-11-27
2023-11-27,38.903716,-76.986174,Ward 5,2023-11-29
2023-11-28,38.891052,-76.943848,Ward 7,2023-11-29
2023-11-28,38.912585,-77.066520,Ward 2,2023-11-29
2023-11-29,38.933288,-76.971323,Ward 5,2023-12-01
2023-11-29,38.904759,-76.994898,Null,2023-11-30
2023-11-29,38.942756,-76.982590,Ward 5,2023-11-30
2023-11-29,38.826767,-77.026352,Ward 8,2023-11-30
2023-11-29,38.907064,-77.014813,Ward 6,2023-11-30
2023-11-29,38.902520,-77.016176,Ward 6,2023-12-01
2023-11-30,38.984096,-77.030687,Ward 4,2023-12-01
2023-11-30,38.917321,-77.088417,Ward 3,2023-12-01
2023-11-30,38.982213,-77.023929,Ward 4,2023-12-01
2023-11-30,38.869027,-77.006110,Ward 6,2023-12-01
2023-11-30,38.912550,-77.067045,Ward 2,2023-12-04
2023-12-01,38.947903,-77.041419,Ward 4,2023-12-04
2023-12-01,38.848019,-76.970885,Ward 8,2023-12-05
2023-12-02,38.902198,-77.016445,Ward 6,2023-12-05
2023-12-02,38.964770,-77.026348,Ward 4,2023-12-04
2023-12-03,38.937484,-77.066166,Ward 3,2023-12-04
2023-12-03,38.949982,-77.036766,Ward 4,2023-12-04
2023-12-03,38.882554,-76.991831,Ward 6,2023-12-05
2023-12-04,38.919302,-77.000739,Ward 5,2023-12-05
2023-12-04,38.885143,-76.998278,Ward 6,2023-12-06
2023-12-04,38.960783,-77.085733,Ward 3,2023-12-06
2023-12-04,38.937527,-77.066944,Ward 3,2023-12-05
2023-12-04,38.831570,-76.989616,Ward 8,2023-12-05
2023-12-04,38.945530,-77.071699,Ward 3,2023-12-08
2023-12-04,38.904839,-76.938862,Ward 7,2023-12-07
2023-12-04,38.969440,-77.069165,Ward 4,2023-12-08
2023-12-05,38.834752,-77.007601,Ward 8,2023-12-07
2023-12-05,38.888186,-76.993553,Ward 6,2023-12-13
2023-12-05,38.916999,-77.029621,Ward 1,2023-12-08
2023-12-06,38.834752,-77.007601,Ward 8,2023-12-07
2023-12-06,38.953375,-77.018450,Ward 4,2023-12-14
2023-12-06,38.861733,-76.981490,Ward 8,2023-12-07
2023-12-06,38.960784,-77.077396,Ward 3,2023-12-12
2023-12-06,38.961020,-77.078616,Ward 3,2023-12-12
2023-12-06,38.961019,-77.075868,Ward 3,2023-12-08
2023-12-06,38.960759,-77.077671,Ward 3,2023-12-12
2023-12-06,38.932582,-77.042066,Ward 1,2023-12-08
2023-12-06,38.910239,-76.985707,Ward 5,2023-12-08
2023-12-06,38.900007,-76.985703,Ward 6,2023-12-18
2023-12-07,38.952911,-77.020994,Ward 4,2023-12-12
2023-12-07,38.952895,-77.021501,Ward 4,2023-12-12
2023-12-07,38.953236,-77.022464,Ward 4,2023-12-12
2023-12-07,38.953234,-77.022520,Ward 4,2023-12-12
2023-12-07,38.953233,-77.022577,Ward 4,2023-12-12
2023-12-07,38.953240,-77.023028,Ward 4,2023-12-12
2023-12-07,38.953211,-77.023309,Ward 4,2023-12-12
2023-12-07,38.953206,-77.023478,Ward 4,2023-12-12
2023-12-07,38.953200,-77.023706,Ward 4,2023-12-12
2023-12-07,38.906621,-77.006905,Ward 6,2023-12-08
2023-12-07,38.950515,-77.029959,Ward 4,2023-12-08
2023-12-07,38.835687,-77.007744,Ward 8,2023-12-13
2023-12-07,38.964001,-77.070111,Ward 3,2023-12-08
2023-12-07,38.869027,-77.006110,Ward 6,2023-12-08
2023-12-07,38.925356,-76.996374,Ward 5,2023-12-08
2023-12-07,38.970262,-77.031159,Ward 4,2023-12-12
2023-12-07,38.942164,-77.015408,Ward 4,2023-12-12
2023-12-08,38.961243,-77.072810,Ward 3,2023-12-12
2023-12-08,38.961241,-77.067183,Ward 3,2023-12-12
2023-12-08,38.933288,-76.971323,Ward 5,2023-12-08
2023-12-08,38.932604,-76.986134,Ward 5,2023-12-15
2023-12-10,38.953373,-77.018512,Ward 4,2023-12-14
2023-12-11,38.895007,-77.003838,Ward 6,2023-12-15
2023-12-11,38.862679,-76.982934,Ward 8,2023-12-14
2023-12-11,38.935805,-77.030009,Ward 1,2023-12-14
2023-12-11,38.902888,-76.926427,Ward 7,2023-12-13
2023-12-11,38.950802,-77.029699,Ward 4,2023-12-18
2023-12-12,38.870976,-76.969326,Ward 7,2023-12-13
2023-12-12,38.870976,-76.969326,Ward 7,2023-12-13
2023-12-12,38.925956,-77.074079,Ward 3,2023-12-18
2023-12-12,38.948862,-77.100866,Ward 3,2023-12-15
2023-12-12,38.833647,-77.008411,Ward 8,2023-12-13
2023-12-12,38.854675,-77.006771,Ward 8,2023-12-21
2023-12-12,38.895945,-77.002595,Ward 6,2023-12-15
2023-12-13,38.921247,-77.017542,Ward 1,2023-12-18
2023-12-13,38.873464,-76.970648,Ward 7,2023-12-21
2023-12-13,38.933422,-77.020883,Ward 1,2023-12-26
2023-12-13,38.888971,-76.936307,Ward 7,2023-12-14
2023-12-13,38.933288,-76.971323,Ward 5,2024-01-02
2023-12-13,38.912667,-77.053824,Ward 2,2023-12-21
2023-12-13,38.910284,-77.009379,Ward 5,2023-12-18
2023-12-13,38.829417,-76.996502,Ward 8,2023-12-14
2023-12-13,38.883971,-77.025535,Ward 6,2023-12-19
2023-12-13,38.979392,-77.029682,Ward 4,2023-12-18
2023-12-14,38.964502,-77.020154,Ward 4,2023-12-18
2023-12-14,38.922225,-77.025705,Ward 1,2023-12-18
2023-12-14,38.853728,-76.995045,Ward 8,2023-12-14
2023-12-14,38.844085,-76.990768,Ward 8,2023-12-21
2023-12-15,38.910159,-76.983445,Ward 5,2023-12-19
2023-12-15,38.941451,-77.072141,Ward 3,2023-12-18
2023-12-15,38.930519,-76.958059,Ward 5,2023-12-19
2023-12-15,38.874407,-77.015879,Ward 6,2023-12-22
2023-12-15,38.945063,-77.033620,Ward 4,2023-12-18
2023-12-15,38.895403,-76.953310,Ward 7,2023-12-20
2023-12-15,38.914713,-77.092601,Ward 3,2023-12-18
2023-12-15,38.904118,-76.988501,Ward 5,2023-12-22
2023-12-15,38.949937,-77.032432,Ward 4,2023-12-20
2023-12-15,38.917774,-77.001815,Ward 5,2023-12-19
2023-12-16,38.905269,-77.048812,Ward 2,2023-12-20
2023-12-16,38.927277,-77.090533,Ward 3,2023-12-20
2023-12-16,38.921247,-77.017542,Ward 1,2023-12-18
2023-12-16,38.922047,-77.018289,Ward 1,2023-12-19
2023-12-16,38.911494,-77.027319,Ward 2,2023-12-20
2023-12-17,38.880564,-77.025708,Ward 6,2023-12-21
2023-12-17,38.921071,-76.959058,Ward 5,2023-12-20
2023-12-17,38.920228,-77.029359,Ward 1,2023-12-19
2023-12-18,38.924645,-76.964812,Ward 5,2023-12-20
2023-12-18,38.910475,-76.985773,Ward 5,2023-12-20
2023-12-18,38.956712,-77.058066,Null,2023-12-29
2023-12-18,38.939491,-77.051231,Ward 4,2023-12-20
2023-12-18,38.931394,-77.000559,Ward 5,2023-12-19
2023-12-18,38.942867,-76.988305,Ward 5,2023-12-19
2023-12-18,38.816273,-77.016609,Ward 8,2023-12-21
2023-12-18,38.940805,-77.026725,Ward 4,2023-12-20
2023-12-18,38.940322,-77.094339,Ward 3,2023-12-20
2023-12-18,38.919841,-77.029618,Ward 1,2023-12-19
2023-12-18,38.919182,-77.029619,Ward 1,2023-12-26
2023-12-18,38.909601,-76.984570,Ward 5,2023-12-19
2023-12-18,38.957178,-77.036730,Ward 4,2023-12-20
2023-12-18,38.906257,-77.000982,Ward 6,2023-12-19
2023-12-18,38.871242,-76.982033,Ward 8,2023-12-21
2023-12-19,38.942164,-77.015408,Ward 4,2023-12-29
2023-12-19,38.901685,-77.015895,Ward 6,2023-12-21
2023-12-19,38.863405,-76.964352,Ward 7,2023-12-21
2023-12-19,38.949496,-76.993312,Ward 5,2023-12-21
2023-12-19,38.844312,-76.990594,Ward 8,2023-12-21
2023-12-19,38.923044,-77.045084,Ward 1,2023-12-29
2023-12-19,38.906827,-77.005465,Ward 6,2023-12-22
2023-12-19,38.909837,-77.007468,Ward 5,2023-12-20
2023-12-19,38.906629,-76.998658,Ward 5,2023-12-20
2023-12-19,38.870976,-76.969326,Ward 7,2023-12-21
2023-12-19,38.901685,-77.015895,Ward 6,2023-12-21
2023-12-19,38.923544,-77.031106,Ward 1,2023-12-26
2023-12-20,38.913986,-77.007868,Ward 5,2023-12-22
2023-12-20,38.936953,-77.033204,Ward 1,2023-12-26
2023-12-20,38.960776,-77.076138,Ward 3,2023-12-26
2023-12-20,38.941870,-77.027821,Ward 4,2023-12-22
2023-12-20,38.923419,-77.047021,Ward 1,2023-12-29
2023-12-20,38.961019,-77.075868,Ward 3,2023-12-26
2023-12-20,38.927118,-77.105293,Ward 3,2023-12-26
2023-12-20,38.855690,-76.968307,Ward 8,2023-12-21
2023-12-20,38.956712,-77.058066,Null,2023-12-29
2023-12-20,38.913903,-77.016718,Ward 5,2023-12-21
2023-12-20,38.910921,-77.027283,Ward 2,2023-12-26
2023-12-20,38.903745,-76.990249,Ward 5,2023-12-22
2023-12-20,38.940322,-77.094339,Ward 3,2023-12-26
2023-12-20,38.912786,-77.040148,Ward 2,2023-12-26
2023-12-21,38.910535,-77.007988,Ward 5,2023-12-22
2023-12-21,38.947690,-77.098813,Ward 3,2023-12-22
2023-12-21,38.948177,-77.079419,Ward 3,2023-12-22
2023-12-21,38.896305,-76.956152,Ward 7,2023-12-22
2023-12-21,38.926634,-77.026551,Ward 1,2023-12-26
2023-12-21,38.906044,-77.005884,Ward 6,2023-12-26
2023-12-21,38.902198,-77.016445,Ward 6,2023-12-26
2023-12-22,38.865954,-77.012180,Ward 6,2023-12-26
2023-12-22,38.868586,-76.978786,Ward 8,2023-12-26
2023-12-22,38.961228,-77.077502,Ward 3,2023-12-29
2023-12-22,38.891439,-76.921217,Ward 7,2023-12-26
2023-12-22,38.902201,-77.014452,Ward 6,2023-12-26
2023-12-22,38.953492,-77.080718,Ward 3,2023-12-29
2023-12-23,38.966603,-77.025729,Ward 4,2023-12-29
2023-12-23,38.966899,-77.026259,Ward 4,2023-12-29
2023-12-23,38.913022,-76.975955,Ward 5,2023-12-29
2023-12-24,38.947883,-76.989576,Ward 5,2023-12-29
2023-12-24,38.920663,-77.029852,Ward 1,2023-12-29
2023-12-24,38.902523,-77.027039,Ward 2,2023-12-29
2023-12-25,38.923869,-77.053221,Ward 3,2023-12-29
2023-12-25,38.845251,-76.996725,Ward 8,2023-12-29
2023-12-26,38.960781,-77.076763,Ward 3,2023-12-26
2023-12-26,38.845251,-76.996725,Ward 8,2023-12-29
2023-12-26,38.907961,-77.006283,Ward 6,2023-12-27
2023-12-26,38.874404,-77.016077,Ward 6,2024-01-05
2023-12-27,38.927350,-77.105227,Ward 3,2023-12-30
2023-12-27,38.917402,-77.004525,Ward 5,2024-01-03
2023-12-27,38.888422,-76.996407,Ward 6,2024-01-04
2023-12-27,38.953213,-77.023250,Ward 4,2023-12-30
2023-12-27,38.953206,-77.023478,Ward 4,2023-12-30
2023-12-27,38.917342,-77.003263,Ward 5,2024-01-03
2023-12-27,38.926498,-77.036154,Ward 1,2023-12-28
2023-12-28,38.923024,-77.046999,Ward 1,2023-12-29
2023-12-28,38.969451,-77.068682,Ward 4,2024-01-04
2023-12-28,38.858554,-77.004021,Ward 8,2024-01-03
2023-12-28,38.858112,-77.004240,Ward 8,2024-01-03
2023-12-28,38.956712,-77.058066,Null,2024-01-03
2023-12-28,38.954210,-77.058275,Ward 3,2023-12-30
2023-12-28,38.913022,-76.975955,Ward 5,2023-12-29
2023-12-28,38.845251,-76.996725,Ward 8,2023-12-29
2023-12-28,38.843721,-76.972451,Ward 8,2024-01-03
2023-12-28,38.909572,-76.977284,Ward 5,2024-01-04
2023-12-28,38.908350,-77.020772,Ward 2,2023-12-30
2023-12-28,38.908333,-77.022578,Ward 6,2024-01-02
2023-12-28,38.925586,-76.998974,Ward 5,2024-01-04
2023-12-28,38.900050,-77.034869,Ward 2,2023-12-29
2023-12-29,38.933892,-77.108255,Ward 3,2023-12-30
2023-12-29,38.969456,-77.007269,Ward 4,2024-01-02
2023-12-29,38.900210,-77.034385,Ward 2,2023-12-29
2023-12-29,38.829040,-76.997403,Ward 8,2024-01-03
2023-12-29,38.935714,-77.030008,Ward 1,2024-01-04
2023-12-29,38.907244,-77.034566,Ward 2,2024-01-03
2023-12-29,38.873047,-76.950213,Ward 7,2024-01-03
2023-12-29,38.850703,-76.963499,Ward 8,2024-01-09
2023-12-29,38.885329,-76.998933,Ward 6,2024-01-05
2023-12-29,38.898457,-76.992426,Ward 6,2024-01-04
2023-12-29,38.937830,-77.066180,Ward 3,2024-01-02
2023-12-29,38.813720,-77.017819,Ward 8,2024-01-03
2023-12-29,38.970590,-77.009047,Ward 4,2024-01-02
2023-12-29,38.928987,-77.043374,Ward 1,2024-01-02
2023-12-29,38.873464,-76.970648,Ward 7,2024-01-03
2023-12-29,38.966908,-77.064127,Ward 4,2024-01-05
2023-12-30,38.986091,-77.042943,Ward 4,2024-01-02
2023-12-30,38.959784,-77.036733,Ward 4,2024-01-02
2023-12-30,38.926947,-77.037570,Ward 1,2024-01-03
2023-12-30,38.925769,-76.996777,Ward 5,2024-01-04
2023-12-30,38.953375,-77.018450,Ward 4,2024-01-02
2023-12-30,38.925769,-76.996839,Ward 5,2024-01-04
2023-12-30,38.873582,-76.970016,Ward 7,2024-01-02
2023-12-30,38.912786,-77.040148,Ward 2,2024-01-02
2023-12-31,38.864046,-76.947535,Ward 7,2024-01-03
2023-12-31,38.901685,-77.015895,Ward 6,2024-01-04
2023-12-31,38.956712,-77.058066,Null,2024-01-02
