2023-01-01,38.949920,-77.069016,Ward 3,2023-01-03
2023-01-02,38.972641,-77.065746,Ward 4,2023-01-03
2023-01-03,38.910923,-77.080962,Ward 3,2023-01-03
2023-01-03,38.926304,-77.005730,Ward 5,2023-01-03
2023-01-03,38.895938,-76.984132,Ward 6,2023-01-03
2023-01-03,38.952606,-77.073652,Ward 3,2023-01-04
2023-01-03,38.987165,-77.031999,Ward 4,2023-01-04
2023-01-03,38.964183,-77.068742,Ward 3,2023-01-04
2023-01-03,38.971064,-77.036028,Ward 4,2023-01-04
2023-01-03,38.964954,-77.027710,Ward 4,2023-01-04
2023-01-03,38.959488,-77.033682,Ward 4,2023-01-04
2023-01-03,38.895995,-77.044918,Ward 2,2023-01-04
2023-01-03,38.895995,-77.044918,Ward 2,2023-01-04
2023-01-04,38.913938,-77.085468,Ward 3,2023-01-04
2023-01-04,38.923939,-77.044095,Ward 1,2023-01-04
2023-01-04,38.948069,-77.028121,Ward 4,2023-01-04
2023-01-04,38.947007,-77.028149,Ward 4,2023-01-04
2023-01-04,38.966336,-77.032337,Ward 4,2023-01-04
2023-01-04,38.904966,-77.039272,Ward 2,2023-01-04
2023-01-04,38.914489,-77.034789,Ward 2,2023-01-04
2023-01-04,38.884274,-76.986646,Ward 6,2023-01-04
2023-01-04,38.966464,-77.056389,Ward 4,2023-01-04
2023-01-04,38.922962,-77.065459,Ward 3,2023-01-04
2023-01-04,38.924361,-77.066793,Ward 3,2023-01-04
2023-01-04,38.902248,-76.998859,Ward 6,2023-01-05
2023-01-04,38.940036,-76.994897,Ward 5,2023-01-05
2023-01-04,38.892153,-76.939914,Ward 7,2023-01-10
2023-01-04,38.898540,-76.988078,Ward 6,2023-01-05
2023-01-04,38.962307,-77.015916,Ward 4,2023-01-05
2023-01-04,38.867321,-76.973215,Ward 8,2023-01-05
2023-01-05,38.894453,-76.927765,Ward 7,2023-01-10
2023-01-05,38.941626,-77.027695,Ward 4,2023-01-05
2023-01-05,38.934148,-77.030593,Ward 1,2023-01-05
2023-01-05,38.942054,-77.019200,Ward 4,2023-01-05
2023-01-05,38.946389,-76.981149,Ward 5,2023-01-06
2023-01-06,38.945606,-77.082813,Ward 3,2023-01-06
2023-01-06,38.932362,-76.969909,Ward 5,2023-01-09
2023-01-06,38.941949,-77.015975,Ward 4,2023-01-06
2023-01-06,38.942386,-77.013948,Ward 4,2023-01-06
2023-01-06,38.897123,-76.996872,Ward 6,2023-01-06
2023-01-06,38.943050,-77.014114,Ward 4,2023-01-06
2023-01-06,38.942887,-77.020789,Ward 4,2023-01-06
2023-01-06,38.929760,-77.106319,Ward 3,2023-01-06
2023-01-06,38.943050,-77.021673,Ward 4,2023-01-06
2023-01-06,38.866006,-76.949476,Ward 7,2023-01-09
2023-01-06,38.927027,-76.985350,Ward 5,2023-01-09
2023-01-06,38.945235,-77.030462,Ward 4,2023-01-06
2023-01-06,38.964756,-77.023644,Ward 4,2023-01-06
2023-01-06,38.969529,-77.061487,Ward 4,2023-01-09
2023-01-06,38.932867,-76.963334,Ward 5,2023-01-09
2023-01-06,38.900696,-76.976564,Ward 5,2023-01-06
2023-01-06,38.932340,-76.977015,Ward 5,2023-01-09
2023-01-06,38.888254,-76.994743,Ward 6,2023-01-09
2023-01-06,38.944841,-77.035560,Ward 4,2023-01-09
2023-01-06,38.944841,-77.035560,Ward 4,2023-01-09
2023-01-07,38.983505,-77.033105,Ward 4,2023-01-09
2023-01-07,38.924536,-77.099548,Ward 3,2023-01-09
2023-01-07,38.924776,-76.962249,Ward 5,2023-01-09
2023-01-07,38.940350,-76.995449,Ward 5,2023-01-09
2023-01-08,38.912325,-76.995606,Ward 5,2023-01-09
2023-01-08,38.945720,-77.071478,Ward 3,2023-01-09
2023-01-09,38.948261,-77.035386,Ward 4,2023-01-09
2023-01-09,38.924717,-77.034534,Ward 1,2023-01-10
2023-01-09,38.877431,-76.962345,Ward 7,2023-01-11
2023-01-10,38.885513,-77.001511,Ward 6,2023-01-10
2023-01-10,38.947251,-76.982125,Ward 5,2023-01-11
2023-01-10,38.826974,-77.005962,Ward 8,2023-01-11
2023-01-10,38.962880,-77.022846,Ward 4,2023-01-10
2023-01-10,38.832830,-76.992294,Ward 8,2023-01-10
2023-01-10,38.929332,-77.032424,Ward 1,2023-01-11
2023-01-10,38.931466,-77.029953,Ward 1,2023-01-11
2023-01-10,38.925893,-76.985585,Ward 5,2023-01-11
2023-01-10,38.891691,-76.936408,Ward 7,2023-01-12
2023-01-10,38.924536,-77.099548,Ward 3,2023-01-11
2023-01-11,38.871600,-76.961141,Ward 7,2023-01-11
2023-01-11,38.914250,-77.032208,Ward 2,2023-01-11
2023-01-11,38.919185,-77.031951,Ward 1,2023-01-11
2023-01-11,38.939208,-77.046502,Ward 4,2023-01-12
2023-01-11,38.943167,-77.074605,Ward 3,2023-01-11
2023-01-11,38.915573,-77.037884,Ward 2,2023-01-11
2023-01-11,38.911574,-77.089704,Ward 3,2023-01-11
2023-01-11,38.932140,-77.042781,Ward 1,2023-01-11
2023-01-11,38.930639,-76.986439,Ward 5,2023-01-11
2023-01-11,38.908570,-77.054777,Ward 2,2023-01-11
2023-01-11,38.907883,-77.086964,Ward 3,2023-01-11
2023-01-11,38.959219,-77.082753,Ward 3,2023-01-11
2023-01-11,38.933038,-77.028277,Ward 1,2023-01-11
2023-01-11,38.827912,-77.003417,Ward 8,2023-01-12
2023-01-11,38.959249,-76.995415,Ward 4,2023-01-12
2023-01-11,38.894631,-77.031964,Ward 2,2023-01-12
2023-01-11,38.963292,-77.060149,Ward 4,2023-01-12
2023-01-12,38.918987,-77.009630,Ward 5,2023-01-12
2023-01-12,38.917711,-77.004778,Ward 5,2023-01-12
2023-01-12,38.888436,-76.988520,Ward 6,2023-01-12
2023-01-12,38.894453,-76.927765,Ward 7,2023-01-19
2023-01-12,38.902912,-77.037675,Ward 2,2023-01-13
2023-01-12,38.895407,-76.995796,Ward 6,2023-01-12
2023-01-12,38.905665,-76.985955,Ward 5,2023-01-13
2023-01-12,38.965837,-77.019899,Ward 4,2023-01-13
2023-01-12,38.944553,-77.025196,Ward 4,2023-01-13
2023-01-12,38.910413,-77.031068,Ward 2,2023-01-17
2023-01-12,38.885726,-76.921539,Ward 7,2023-01-17
2023-01-13,38.927805,-77.052706,Ward 3,2023-01-13
2023-01-13,38.955940,-77.073811,Ward 3,2023-01-13
2023-01-13,38.887554,-76.925256,Ward 7,2023-01-13
2023-01-13,38.867411,-76.961697,Ward 7,2023-01-13
2023-01-13,38.943562,-77.083787,Ward 3,2023-01-17
2023-01-14,38.935529,-77.104527,Ward 3,2023-01-17
2023-01-14,38.927931,-77.026499,Ward 1,2023-01-17
2023-01-16,38.885218,-76.994719,Ward 6,2023-01-17
2023-01-16,38.894137,-76.939197,Ward 7,2023-01-19
2023-01-16,38.867504,-76.946097,Ward 7,2023-01-18
2023-01-16,38.857101,-76.955288,Ward 7,2023-01-18
2023-01-16,38.950882,-76.991367,Ward 5,2023-01-18
2023-01-16,38.916024,-77.056556,Ward 2,2023-01-17
2023-01-16,38.933908,-77.033155,Ward 1,2023-01-17
2023-01-17,38.930375,-77.028120,Ward 1,2023-01-17
2023-01-17,38.909857,-77.013960,Ward 5,2023-01-17
2023-01-17,38.885209,-76.956666,Ward 7,2023-01-19
2023-01-17,38.912793,-77.032387,Ward 2,2023-01-17
2023-01-17,38.947638,-77.007084,Ward 5,2023-01-18
2023-01-17,38.911469,-77.081963,Ward 3,2023-01-18
2023-01-17,38.928834,-76.979276,Ward 5,2023-01-18
2023-01-18,38.942081,-76.974941,Ward 5,2023-01-18
2023-01-18,38.847636,-76.980313,Ward 8,2023-01-19
2023-01-19,38.919895,-76.979006,Ward 5,2023-01-19
2023-01-19,38.944135,-77.084100,Ward 3,2023-01-19
2023-01-19,38.912880,-77.039284,Ward 2,2023-01-19
2023-01-19,38.899191,-76.986579,Ward 6,2023-01-19
2023-01-19,38.897539,-77.006179,Ward 6,2023-01-19
2023-01-19,38.887960,-76.993926,Ward 6,2023-01-19
2023-01-19,38.908621,-77.067289,Ward 2,2023-01-20
2023-01-19,38.848266,-76.988405,Ward 8,2023-01-20
2023-01-20,38.916283,-77.011443,Ward 5,2023-01-20
2023-01-20,38.915574,-77.029621,Ward 1,2023-01-20
2023-01-20,38.938376,-77.059384,Ward 3,2023-01-20
2023-01-20,38.941380,-77.061392,Ward 3,2023-01-20
2023-01-20,38.888883,-77.001377,Ward 6,2023-01-23
2023-01-20,38.873608,-76.936795,Ward 7,2023-01-24
2023-01-20,38.915574,-77.029621,Ward 1,2023-01-20
2023-01-20,38.875807,-76.933094,Ward 7,2023-01-24
2023-01-20,38.958540,-77.015848,Ward 4,2023-01-23
2023-01-21,38.939059,-77.098500,Ward 3,2023-01-23
2023-01-21,38.935888,-77.034510,Ward 1,2023-01-23
2023-01-23,38.913423,-77.015701,Ward 5,2023-01-23
2023-01-23,38.932339,-77.019928,Ward 1,2023-01-23
2023-01-23,38.892595,-76.999771,Ward 6,2023-01-23
2023-01-23,38.910307,-77.057717,Ward 2,2023-01-24
2023-01-24,38.894620,-77.002880,Ward 6,2023-01-24
2023-01-24,38.960809,-77.065943,Ward 4,2023-01-24
2023-01-24,38.928877,-77.055367,Ward 3,2023-01-24
2023-01-24,38.976093,-77.065548,Ward 4,2023-01-24
2023-01-25,38.895386,-76.995903,Ward 6,2023-01-25
2023-01-25,38.961970,-77.035395,Ward 4,2023-01-25
2023-01-25,38.898837,-76.983047,Ward 6,2023-01-26
2023-01-25,38.913423,-77.015701,Ward 5,2023-01-25
2023-01-25,38.959082,-77.032056,Ward 4,2023-01-25
2023-01-25,38.883443,-76.928302,Ward 7,2023-01-25
2023-01-25,38.961970,-77.035395,Ward 4,2023-01-25
2023-01-25,38.904118,-76.988501,Ward 5,2023-01-27
2023-01-25,38.910943,-77.040060,Ward 2,2023-01-26
2023-01-25,38.888990,-76.923509,Ward 7,2023-01-26
2023-01-25,38.916693,-77.068531,Ward 2,2023-01-26
2023-01-25,38.903829,-76.985822,Ward 5,2023-01-26
2023-01-26,38.849893,-76.979244,Ward 8,2023-01-26
2023-01-26,38.896469,-76.994713,Ward 6,2023-01-26
2023-01-26,38.902597,-76.987654,Ward 5,2023-01-30
2023-01-26,38.951577,-76.991961,Ward 5,2023-01-26
2023-01-26,38.920590,-76.981384,Ward 5,2023-02-14
2023-01-26,38.898646,-76.994696,Ward 6,2023-01-27
2023-01-26,38.892404,-76.983127,Ward 6,2023-01-31
2023-01-26,38.900618,-77.021218,Ward 2,2023-01-27
2023-01-26,38.901122,-76.994709,Ward 6,2023-01-27
2023-01-27,38.877927,-76.928869,Ward 7,2023-01-27
2023-01-27,38.853298,-76.983303,Ward 8,2023-01-27
2023-01-27,38.938792,-77.064865,Ward 3,2023-01-27
2023-01-27,38.985737,-77.033747,Ward 4,2023-01-27
2023-01-27,38.924379,-77.044318,Ward 1,2023-01-27
2023-01-27,38.932660,-76.964727,Ward 5,2023-01-30
2023-01-28,38.943048,-77.014746,Ward 4,2023-01-30
2023-01-28,38.904167,-77.027047,Ward 2,2023-01-30
2023-01-28,38.905644,-77.025983,Ward 2,2023-01-30
2023-01-28,38.912427,-77.030513,Ward 2,2023-01-30
2023-01-28,38.943319,-76.984677,Ward 5,2023-01-30
2023-01-28,38.943358,-77.017930,Ward 4,2023-01-30
2023-01-28,38.913865,-77.089673,Ward 3,2023-01-30
2023-01-29,38.901327,-77.002036,Ward 6,2023-01-30
2023-01-29,38.907017,-77.030707,Ward 2,2023-01-30
2023-01-29,38.959421,-76.997569,Ward 4,2023-01-30
2023-01-29,38.919642,-77.034294,Ward 1,2023-01-30
2023-01-30,38.948469,-77.025695,Ward 4,2023-01-30
2023-01-30,38.971545,-77.066122,Ward 4,2023-01-30
2023-01-30,38.935852,-77.028921,Ward 1,2023-01-30
2023-01-30,38.947709,-77.087720,Ward 3,2023-01-31
2023-01-30,38.864548,-76.974152,Ward 8,2023-01-30
2023-01-30,38.912472,-77.043694,Ward 2,2023-01-31
2023-01-30,38.947607,-77.079947,Ward 3,2023-01-31
2023-01-30,38.934718,-77.027886,Ward 1,2023-01-31
2023-01-31,38.928868,-77.030132,Ward 1,2023-01-31
2023-01-31,38.909077,-77.030541,Ward 2,2023-01-31
2023-01-31,38.892934,-76.981760,Ward 6,2023-02-01
2023-01-31,38.925814,-77.037317,Ward 1,2023-01-31
2023-01-31,38.843378,-77.002616,Ward 8,2023-02-01
2023-01-31,38.893355,-76.985181,Ward 6,2023-01-31
2023-01-31,38.964165,-77.070942,Ward 3,2023-01-31
2023-01-31,38.892679,-76.992878,Ward 6,2023-01-31
2023-01-31,38.923213,-77.057718,Ward 3,2023-01-31
2023-01-31,38.959972,-76.999883,Ward 4,2023-02-01
2023-02-01,38.991051,-77.043540,Ward 4,2023-02-01
2023-02-01,38.928544,-77.038337,Ward 1,2023-02-01
2023-02-01,38.902167,-77.032409,Ward 2,2023-02-01
2023-02-01,38.905684,-77.031952,Ward 2,2023-02-01
2023-02-02,38.954867,-77.062573,Ward 3,2023-02-02
2023-02-02,38.934632,-77.044324,Ward 1,2023-02-02
2023-02-02,38.939318,-77.076455,Ward 3,2023-02-02
2023-02-02,38.939318,-77.076455,Ward 3,2023-02-02
2023-02-02,38.898567,-77.046143,Ward 2,2023-02-02
2023-02-02,38.919011,-77.030031,Ward 1,2023-02-02
2023-02-02,38.972094,-77.036006,Ward 4,2023-02-02
2023-02-02,38.954445,-77.089173,Ward 3,2023-02-03
2023-02-02,38.864127,-76.951549,Ward 7,2023-02-03
2023-02-02,38.941617,-76.992022,Ward 5,2023-02-03
2023-02-02,38.906667,-77.036971,Ward 2,2023-02-06
2023-02-02,38.926871,-77.023173,Ward 1,2023-02-03
2023-02-03,38.864548,-76.974152,Ward 8,2023-02-03
2023-02-03,38.931648,-77.030630,Ward 1,2023-02-03
2023-02-03,38.934858,-76.969550,Ward 5,2023-02-06
2023-02-03,38.946111,-77.070101,Ward 3,2023-02-06
2023-02-03,38.896111,-76.972752,Ward 7,2023-02-06
2023-02-03,38.890794,-76.999942,Ward 6,2023-02-06
2023-02-04,38.850685,-76.994729,Ward 8,2023-02-07
2023-02-04,38.878226,-76.985712,Ward 6,2023-02-06
2023-02-05,38.953938,-77.020000,Ward 4,2023-02-06
2023-02-05,38.920965,-77.036489,Ward 1,2023-02-06
2023-02-05,38.952576,-77.010934,Ward 4,2023-02-06
2023-02-06,38.921927,-77.042734,Ward 1,2023-02-06
2023-02-06,38.842783,-76.981196,Ward 8,2023-02-08
2023-02-06,38.905929,-77.057982,Ward 2,2023-02-07
2023-02-06,38.912660,-76.993723,Ward 5,2023-02-06
2023-02-06,38.958710,-77.024377,Ward 4,2023-02-06
2023-02-06,38.929553,-76.995208,Ward 5,2023-02-06
2023-02-06,38.887764,-76.996502,Ward 6,2023-02-07
2023-02-07,38.891647,-77.000335,Ward 6,2023-02-07
2023-02-07,38.931497,-76.966477,Ward 5,2023-02-07
2023-02-07,38.891530,-76.986740,Ward 6,2023-02-07
2023-02-07,38.968927,-77.064123,Ward 4,2023-02-07
2023-02-07,38.959876,-77.001811,Ward 4,2023-02-07
2023-02-07,38.939276,-76.993911,Ward 5,2023-02-07
2023-02-07,38.978197,-77.026678,Ward 4,2023-02-08
2023-02-08,38.864548,-76.974152,Ward 8,2023-02-08
2023-02-08,38.906385,-77.040272,Ward 2,2023-02-08
2023-02-08,38.932378,-77.068404,Ward 3,2023-02-08
2023-02-08,38.896532,-77.032539,Ward 2,2023-02-08
2023-02-08,38.858521,-76.964515,Ward 7,2023-02-09
2023-02-08,38.924363,-77.036101,Ward 1,2023-02-08
2023-02-08,38.876113,-77.017361,Ward 6,2023-02-09
2023-02-08,38.949890,-76.997784,Ward 5,2023-02-09
2023-02-08,38.943769,-77.082734,Ward 3,2023-02-09
2023-02-08,38.864871,-76.964368,Ward 7,2023-02-10
2023-02-08,38.872217,-76.977979,Ward 8,2023-02-10
2023-02-08,38.919185,-77.031951,Ward 1,2023-02-09
2023-02-09,38.943756,-77.066236,Ward 3,2023-02-09
2023-02-09,38.943833,-77.092352,Ward 3,2023-02-09
2023-02-09,38.914091,-77.038480,Ward 2,2023-02-09
2023-02-09,38.922255,-77.038944,Ward 1,2023-02-09
2023-02-09,38.943767,-77.035480,Ward 4,2023-02-09
2023-02-09,38.836695,-77.003059,Ward 8,2023-02-10
2023-02-09,38.943767,-77.035397,Ward 4,2023-02-09
2023-02-09,38.874821,-76.964770,Ward 7,2023-02-10
2023-02-09,38.925421,-77.040260,Ward 1,2023-02-09
2023-02-09,38.920392,-77.002344,Ward 5,2023-02-10
2023-02-09,38.888482,-76.999252,Ward 6,2023-02-09
2023-02-09,38.904210,-76.990424,Ward 5,2023-02-09
2023-02-09,38.895166,-77.022204,Ward 2,2023-02-10
2023-02-09,38.894554,-77.020742,Ward 2,2023-02-10
2023-02-09,38.984280,-77.026598,Ward 4,2023-02-10
2023-02-09,38.970257,-77.014293,Ward 4,2023-02-10
2023-02-09,38.947093,-77.083782,Ward 3,2023-02-10
2023-02-09,38.945082,-77.083517,Ward 3,2023-02-10
2023-02-09,38.943767,-77.035397,Ward 4,2023-02-10
2023-02-10,38.924070,-76.963961,Ward 5,2023-02-10
2023-02-10,38.953981,-77.020002,Ward 4,2023-02-10
2023-02-10,38.898314,-77.028849,Ward 2,2023-02-10
2023-02-10,38.912182,-77.047657,Ward 2,2023-02-10
2023-02-10,38.942689,-76.974447,Ward 5,2023-02-13
2023-02-10,38.890682,-76.953736,Ward 7,2023-02-13
2023-02-10,38.924353,-77.040143,Ward 1,2023-02-10
2023-02-10,38.894921,-76.955071,Ward 7,2023-02-13
2023-02-10,38.929501,-77.080215,Ward 3,2023-02-13
2023-02-10,38.909816,-77.031174,Ward 2,2023-02-13
2023-02-10,38.920941,-76.984952,Ward 5,2023-02-13
2023-02-10,38.971828,-77.067524,Ward 4,2023-02-13
2023-02-11,38.865339,-76.983316,Ward 8,2023-02-13
2023-02-11,38.888042,-76.998238,Ward 6,2023-02-13
2023-02-11,38.926550,-77.090114,Ward 3,2023-02-13
2023-02-11,38.934262,-76.964124,Ward 5,2023-02-13
2023-02-13,38.945043,-76.976865,Ward 5,2023-02-13
2023-02-13,38.909843,-77.014079,Ward 5,2023-02-13
2023-02-13,38.886285,-76.944050,Ward 7,2023-02-13
2023-02-13,38.941179,-76.996054,Ward 5,2023-02-14
2023-02-13,38.899579,-77.044905,Ward 2,2023-02-14
2023-02-13,38.890081,-77.002676,Ward 6,2023-02-14
2023-02-13,38.935027,-77.026985,Ward 1,2023-02-14
2023-02-14,38.901149,-77.044430,Ward 2,2023-02-15
2023-02-14,38.881475,-77.021195,Ward 6,2023-02-14
2023-02-14,38.909659,-77.053542,Ward 2,2023-02-14
2023-02-14,38.978454,-77.025807,Ward 4,2023-02-14
2023-02-14,38.897038,-77.021509,Ward 2,2023-02-15
2023-02-14,38.950688,-77.024243,Ward 4,2023-02-15
2023-02-14,38.919177,-77.013541,Ward 5,2023-02-15
2023-02-14,38.919444,-77.011842,Ward 5,2023-02-15
2023-02-14,38.919371,-77.012824,Ward 5,2023-02-15
2023-02-14,38.927731,-77.075584,Ward 3,2023-02-15
2023-02-15,38.923510,-77.046775,Ward 1,2023-02-15
2023-02-15,38.903744,-77.027044,Ward 2,2023-02-16
2023-02-15,38.896425,-77.021726,Ward 2,2023-02-15
2023-02-15,38.904596,-77.067561,Ward 2,2023-02-15
2023-02-15,38.943739,-77.004239,Ward 5,2023-02-15
2023-02-15,38.902116,-77.025279,Ward 2,2023-02-16
2023-02-15,38.871536,-76.975638,Ward 8,2023-02-16
2023-02-15,38.919295,-77.072201,Ward 3,2023-02-17
2023-02-15,38.917468,-77.029340,Ward 1,2023-02-16
2023-02-15,38.902511,-76.992643,Ward 6,2023-02-16
2023-02-16,38.878123,-76.995803,Ward 6,2023-02-16
2023-02-16,38.894095,-77.003033,Ward 6,2023-02-16
2023-02-16,38.893581,-77.002038,Ward 6,2023-02-16
2023-02-16,38.915095,-77.069552,Ward 2,2023-02-16
2023-02-16,38.886762,-76.994001,Ward 6,2023-02-16
2023-02-16,38.909835,-77.020475,Ward 6,2023-02-17
2023-02-16,38.906434,-77.065048,Ward 2,2023-02-16
2023-02-16,38.882015,-77.017825,Ward 6,2023-02-16
2023-02-16,38.846903,-76.980308,Ward 8,2023-02-16
2023-02-16,38.869652,-76.966557,Ward 7,2023-02-16
2023-02-16,38.883768,-76.955152,Ward 7,2023-02-17
2023-02-17,38.912609,-77.034550,Ward 2,2023-02-17
2023-02-17,38.897131,-76.988125,Ward 6,2023-02-17
2023-02-17,38.912524,-77.067671,Ward 2,2023-02-17
2023-02-17,38.960412,-77.079480,Ward 3,2023-02-17
2023-02-17,38.910413,-77.031068,Ward 2,2023-02-17
2023-02-17,38.897666,-76.998211,Ward 6,2023-02-17
2023-02-17,38.895604,-76.995896,Ward 6,2023-02-21
2023-02-17,38.885146,-76.981704,Ward 6,2023-02-17
2023-02-17,38.957145,-77.024676,Ward 4,2023-02-17
2023-02-17,38.881597,-76.927004,Ward 7,2023-02-21
2023-02-17,38.964067,-77.019646,Ward 4,2023-02-21
2023-02-17,38.904666,-77.029963,Ward 2,2023-02-21
2023-02-17,38.902515,-77.009064,Ward 6,2023-02-21
2023-02-17,38.958530,-77.069424,Ward 3,2023-02-21
2023-02-17,38.867228,-76.963010,Ward 7,2023-02-20
2023-02-17,38.947431,-77.024471,Ward 4,2023-02-21
2023-02-17,38.932202,-77.086978,Ward 3,2023-02-21
2023-02-17,38.904666,-77.029963,Ward 2,2023-02-21
2023-02-17,38.944187,-77.085389,Ward 3,2023-02-21
2023-02-18,38.913268,-77.052769,Ward 2,2023-02-21
2023-02-18,38.919185,-77.031951,Ward 1,2023-02-21
2023-02-18,38.899352,-77.032922,Ward 2,2023-02-21
2023-02-18,38.933635,-77.074842,Ward 3,2023-02-21
2023-02-18,38.890444,-76.958962,Ward 7,2023-02-21
2023-02-18,38.928418,-77.103118,Ward 3,2023-02-21
2023-02-18,38.909617,-76.941937,Ward 7,2023-02-20
2023-02-18,38.945291,-77.044234,Ward 4,2023-02-21
2023-02-18,38.945291,-77.044234,Ward 4,2023-02-21
2023-02-19,38.886719,-76.999068,Ward 6,2023-02-21
2023-02-19,38.891840,-76.982538,Ward 7,2023-02-22
2023-02-19,38.919363,-77.028559,Ward 1,2023-02-21
2023-02-19,38.892249,-76.996989,Ward 6,2023-02-21
2023-02-19,38.885165,-76.996562,Ward 6,2023-02-21
2023-02-19,38.933635,-77.074842,Ward 3,2023-02-21
2023-02-19,38.931653,-77.036460,Ward 1,2023-02-21
2023-02-20,38.907659,-77.016084,Ward 6,2023-02-21
2023-02-20,38.908574,-77.015908,Null,2023-02-21
2023-02-20,38.911126,-77.035537,Ward 2,2023-02-21
2023-02-20,38.911122,-77.018923,Ward 6,2023-02-21
2023-02-20,38.917141,-77.023594,Ward 1,2023-02-21
2023-02-20,38.865548,-76.949782,Ward 7,2023-02-21
2023-02-20,38.935295,-76.964944,Ward 5,2023-02-21
2023-02-20,38.902316,-76.930473,Ward 7,2023-02-22
2023-02-20,38.832832,-76.992884,Ward 8,2023-02-21
2023-02-20,38.886650,-76.987267,Ward 6,2023-02-21
2023-02-20,38.829890,-76.997498,Ward 8,2023-02-22
2023-02-21,38.915762,-77.067795,Ward 2,2023-02-21
2023-02-21,38.903586,-76.998699,Ward 6,2023-02-21
2023-02-21,38.957642,-77.023263,Ward 4,2023-02-21
2023-02-21,38.938456,-77.084956,Ward 3,2023-02-21
2023-02-21,38.924308,-77.068665,Ward 3,2023-02-21
2023-02-21,38.933123,-77.038312,Ward 1,2023-02-22
2023-02-21,38.897535,-76.981224,Ward 6,2023-02-23
2023-02-21,38.925579,-76.970143,Ward 5,2023-02-22
2023-02-21,38.932061,-77.072911,Ward 3,2023-02-22
2023-02-21,38.909544,-77.057961,Ward 2,2023-02-22
2023-02-21,38.923510,-77.046775,Ward 1,2023-02-22
2023-02-21,38.953864,-76.995684,Ward 5,2023-02-22
2023-02-21,38.911656,-77.038807,Ward 2,2023-02-22
2023-02-21,38.929831,-77.039131,Ward 1,2023-02-22
2023-02-21,38.904791,-77.019149,Ward 6,2023-02-22
2023-02-22,38.829890,-76.997592,Ward 8,2023-02-23
2023-02-22,38.914919,-77.019250,Ward 6,2023-02-23
2023-02-22,38.902638,-76.989942,Null,2023-02-24
2023-02-22,38.868699,-76.991706,Ward 8,2023-02-27
2023-02-22,38.909642,-77.015185,Ward 5,2023-02-23
2023-02-22,38.927690,-76.960935,Ward 5,2023-02-23
2023-02-22,38.864548,-76.974152,Ward 8,2023-02-27
2023-02-22,38.891289,-77.000794,Ward 6,2023-02-23
2023-02-22,38.833632,-77.005555,Ward 8,2023-02-23
2023-02-23,38.914919,-77.019250,Ward 6,2023-02-23
2023-02-23,38.915766,-77.020337,Ward 1,2023-02-24
2023-02-23,38.953864,-76.995684,Ward 5,2023-02-23
2023-02-23,38.907854,-76.928947,Ward 7,2023-02-24
2023-02-24,38.899959,-77.022146,Ward 2,2023-02-24
2023-02-24,38.894797,-77.023972,Ward 2,2023-02-24
2023-02-24,38.959370,-77.057724,Ward 4,2023-02-24
2023-02-24,38.825145,-77.006747,Ward 8,2023-02-27
2023-02-25,38.851194,-76.972827,Ward 8,2023-02-27
2023-02-25,38.947245,-77.069088,Ward 3,2023-02-27
2023-02-25,38.946848,-77.069309,Ward 3,2023-02-27
2023-02-25,38.948150,-77.076331,Ward 3,2023-02-27
2023-02-27,38.901009,-77.029252,Ward 2,2023-02-27
2023-02-27,38.923188,-76.979419,Ward 5,2023-02-27
2023-02-27,38.904659,-77.048578,Ward 2,2023-02-27
2023-02-27,38.872781,-76.968969,Ward 7,2023-02-27
2023-02-27,38.934262,-76.964124,Ward 5,2023-02-28
2023-02-28,38.971314,-77.071861,Ward 3,2023-02-28
2023-02-28,38.970208,-77.073294,Ward 3,2023-02-28
2023-02-28,38.930376,-77.039521,Ward 1,2023-02-28
2023-02-28,38.969224,-77.030811,Ward 4,2023-02-28
2023-02-28,38.904520,-76.989192,Ward 5,2023-03-01
2023-02-28,38.888181,-76.987118,Ward 6,2023-02-28
2023-02-28,38.954371,-76.991331,Ward 5,2023-03-01
2023-03-01,38.904976,-77.027800,Ward 2,2023-03-01
2023-03-01,38.907267,-77.008918,Ward 6,2023-03-02
2023-03-01,38.906441,-76.982742,Ward 5,2023-03-01
2023-03-01,38.939395,-77.074000,Ward 3,2023-03-02
2023-03-01,38.933235,-77.069606,Ward 3,2023-03-01
2023-03-01,38.934699,-77.111268,Ward 3,2023-03-02
2023-03-01,38.969963,-77.068898,Ward 4,2023-03-02
2023-03-01,38.895989,-76.998701,Ward 6,2023-03-02
2023-03-02,38.901928,-76.942609,Ward 7,2023-03-03
2023-03-02,38.894782,-76.985504,Ward 6,2023-03-02
2023-03-02,38.948073,-77.078101,Ward 3,2023-03-02
2023-03-02,38.881475,-77.021059,Ward 6,2023-03-03
2023-03-02,38.902874,-77.054143,Ward 2,2023-03-03
2023-03-02,38.977346,-77.035971,Ward 4,2023-03-02
2023-03-02,38.949455,-77.087436,Ward 3,2023-03-03
2023-03-02,38.969963,-77.068898,Ward 4,2023-03-02
2023-03-02,38.958135,-77.026977,Ward 4,2023-03-03
2023-03-03,38.908039,-77.031950,Ward 2,2023-03-03
2023-03-03,38.908102,-77.043776,Ward 2,2023-03-03
2023-03-03,38.957667,-76.992508,Ward 4,2023-03-03
2023-03-03,38.946086,-77.072757,Ward 3,2023-03-03
2023-03-03,38.966342,-77.015176,Ward 4,2023-03-03
2023-03-03,38.915760,-77.010093,Ward 5,2023-03-07
2023-03-03,38.915370,-77.010405,Ward 5,2023-03-07
2023-03-03,38.958414,-76.994669,Ward 4,2023-03-06
2023-03-03,38.897825,-77.019898,Ward 2,2023-03-06
2023-03-03,38.873739,-76.935018,Ward 7,2023-03-06
2023-03-03,38.881475,-77.021059,Ward 6,2023-03-06
2023-03-04,38.943382,-77.083278,Ward 3,2023-03-06
2023-03-04,38.943382,-77.083278,Ward 3,2023-03-06
2023-03-04,38.909886,-77.018117,Ward 6,2023-03-06
2023-03-04,38.947505,-77.020956,Ward 4,2023-03-06
2023-03-05,38.937467,-77.024207,Ward 4,2023-03-06
2023-03-06,38.909886,-77.018117,Ward 6,2023-03-07
2023-03-06,38.893072,-76.985757,Ward 6,2023-03-06
2023-03-06,38.899538,-76.938913,Ward 7,2023-03-13
2023-03-06,38.906594,-77.011966,Ward 5,2023-03-07
2023-03-06,38.985504,-77.043487,Ward 4,2023-03-07
2023-03-06,38.930743,-77.057046,Ward 3,2023-03-07
2023-03-06,38.852964,-77.001155,Ward 8,2023-03-08
2023-03-06,38.929184,-76.983019,Ward 5,2023-03-07
2023-03-06,38.922047,-77.018289,Ward 1,2023-03-06
2023-03-06,38.907499,-76.943324,Ward 7,2023-03-07
2023-03-07,38.931946,-77.106502,Ward 3,2023-03-07
2023-03-07,38.877229,-76.992652,Ward 8,2023-03-07
2023-03-07,38.929752,-77.091394,Ward 3,2023-03-07
2023-03-07,38.935536,-77.104033,Ward 3,2023-03-07
2023-03-07,38.896220,-76.971129,Ward 7,2023-03-07
2023-03-07,38.987284,-77.034868,Ward 4,2023-03-07
2023-03-07,38.931088,-77.091417,Ward 3,2023-03-07
2023-03-07,38.923412,-77.041075,Ward 1,2023-03-08
2023-03-07,38.923465,-77.038042,Ward 1,2023-03-08
2023-03-07,38.885954,-76.930797,Ward 7,2023-03-07
2023-03-07,38.889066,-77.019642,Ward 2,2023-03-08
2023-03-07,38.940847,-77.097013,Ward 3,2023-03-08
2023-03-07,38.966342,-77.015176,Ward 4,2023-03-08
2023-03-07,38.887019,-76.999782,Ward 6,2023-03-08
2023-03-08,38.841124,-77.005340,Ward 8,2023-03-08
2023-03-08,38.890901,-76.977256,Ward 6,2023-03-08
2023-03-08,38.883599,-77.007109,Ward 6,2023-03-08
2023-03-08,38.855538,-76.967707,Ward 8,2023-03-08
2023-03-08,38.837738,-76.997179,Ward 8,2023-03-08
2023-03-08,38.932897,-77.108918,Ward 3,2023-03-08
2023-03-08,38.940186,-77.021104,Ward 4,2023-03-08
2023-03-08,38.950938,-77.069571,Ward 3,2023-03-08
2023-03-08,38.897223,-76.980967,Ward 6,2023-03-10
2023-03-08,38.906386,-76.990078,Ward 5,2023-03-09
2023-03-08,38.912025,-77.033226,Ward 2,2023-03-09
2023-03-09,38.949761,-77.019381,Ward 4,2023-03-09
2023-03-09,38.883653,-76.921205,Ward 7,2023-03-10
2023-03-09,38.901686,-76.939662,Ward 7,2023-03-09
2023-03-09,38.926942,-77.084914,Ward 3,2023-03-10
2023-03-09,38.956236,-77.090539,Ward 3,2023-03-10
2023-03-09,38.929065,-77.041503,Ward 1,2023-03-10
2023-03-10,38.899453,-76.984299,Ward 6,2023-03-10
2023-03-10,38.892082,-76.945392,Ward 7,2023-03-10
2023-03-10,38.897812,-76.979134,Ward 7,2023-03-10
2023-03-10,38.956425,-77.028993,Ward 4,2023-03-13
2023-03-10,38.920889,-76.985848,Ward 5,2023-03-13
2023-03-11,38.922355,-77.075349,Ward 3,2023-03-13
2023-03-11,38.894633,-77.001346,Ward 6,2023-03-13
2023-03-11,38.927679,-77.013752,Ward 5,2023-03-13
2023-03-13,38.953793,-77.071819,Ward 3,2023-03-13
2023-03-13,38.906187,-77.057936,Ward 2,2023-03-15
2023-03-13,38.855539,-76.979239,Ward 8,2023-03-13
2023-03-13,38.874808,-77.007985,Ward 8,2023-03-13
2023-03-13,38.861810,-76.993250,Ward 8,2023-03-14
2023-03-13,38.864529,-76.985562,Ward 8,2023-03-14
2023-03-13,38.944933,-77.072158,Ward 3,2023-03-13
2023-03-13,38.907769,-77.062950,Ward 2,2023-03-15
2023-03-13,38.913816,-77.016811,Ward 5,2023-03-14
2023-03-13,38.939205,-77.019286,Ward 4,2023-03-14
2023-03-13,38.898761,-77.035117,Ward 2,2023-03-14
2023-03-14,38.981307,-77.028541,Ward 4,2023-03-14
2023-03-14,38.854650,-76.969638,Ward 8,2023-03-14
2023-03-14,38.898909,-76.988302,Ward 6,2023-03-14
2023-03-14,38.890641,-76.943027,Ward 7,2023-03-14
2023-03-14,38.936989,-77.020223,Ward 1,2023-03-14
2023-03-14,38.927731,-77.075240,Ward 3,2023-03-14
2023-03-14,38.927457,-77.040842,Ward 1,2023-03-14
2023-03-14,38.940306,-76.973941,Ward 5,2023-03-14
2023-03-14,38.892073,-76.931377,Ward 7,2023-03-16
2023-03-14,38.869820,-76.960450,Ward 7,2023-03-15
2023-03-14,38.949269,-76.996667,Ward 5,2023-03-16
2023-03-14,38.933635,-77.074842,Ward 3,2023-03-15
2023-03-14,38.943366,-77.049572,Ward 4,2023-03-15
2023-03-14,38.926371,-77.077366,Ward 3,2023-03-15
2023-03-15,38.929341,-77.104405,Ward 3,2023-03-15
2023-03-15,38.919112,-77.040822,Ward 1,2023-03-15
2023-03-15,38.894590,-76.958253,Ward 7,2023-03-16
2023-03-15,38.920188,-77.045546,Ward 1,2023-03-15
2023-03-15,38.894590,-76.958253,Ward 7,2023-03-16
2023-03-15,38.878468,-76.939114,Ward 7,2023-03-16
2023-03-15,38.915357,-77.011049,Ward 5,2023-03-16
2023-03-15,38.889751,-76.920049,Ward 7,2023-03-16
2023-03-15,38.895851,-77.002236,Ward 6,2023-03-16
2023-03-15,38.881459,-76.981338,Ward 6,2023-03-16
2023-03-15,38.882582,-76.992843,Ward 6,2023-03-16
2023-03-15,38.962177,-76.998622,Ward 4,2023-03-16
2023-03-15,38.908282,-77.069307,Ward 2,2023-03-16
2023-03-16,38.928248,-77.076074,Ward 3,2023-03-16
2023-03-16,38.892697,-76.982418,Ward 6,2023-03-16
2023-03-16,38.897762,-76.989967,Ward 6,2023-03-17
2023-03-16,38.912042,-77.008384,Ward 5,2023-03-16
2023-03-16,38.845797,-76.995122,Ward 8,2023-03-17
2023-03-16,38.894590,-76.958253,Ward 7,2023-03-16
2023-03-16,38.881501,-76.943486,Ward 7,2023-03-17
2023-03-16,38.908726,-77.019695,Ward 6,2023-03-17
2023-03-16,38.881763,-76.942803,Ward 7,2023-03-17
2023-03-16,38.903361,-77.045414,Ward 2,2023-03-17
2023-03-17,38.939205,-77.019286,Ward 4,2023-03-22
2023-03-17,38.878997,-76.964522,Ward 7,2023-03-17
2023-03-17,38.861222,-76.956588,Ward 7,2023-03-17
2023-03-17,38.943382,-77.083278,Ward 3,2023-03-17
2023-03-17,38.979714,-77.032206,Ward 4,2023-03-17
2023-03-17,38.881044,-76.981967,Ward 6,2023-03-17
2023-03-17,38.882302,-77.002034,Ward 6,2023-03-17
2023-03-17,38.882123,-77.005619,Ward 6,2023-03-17
2023-03-17,38.954309,-76.995500,Ward 5,2023-03-20
2023-03-17,38.939205,-77.019286,Ward 4,2023-03-20
2023-03-17,38.887016,-76.977430,Ward 6,2023-03-20
2023-03-18,38.885171,-76.984984,Ward 6,2023-03-20
2023-03-18,38.964667,-77.060782,Ward 4,2023-03-20
2023-03-18,38.885356,-76.985511,Ward 6,2023-03-20
2023-03-18,38.913899,-77.040806,Ward 2,2023-03-20
2023-03-19,38.895575,-76.989386,Ward 6,2023-03-20
2023-03-19,38.886539,-76.982218,Ward 6,2023-03-20
2023-03-19,38.895958,-77.000082,Ward 6,2023-03-20
2023-03-19,38.955687,-77.074880,Ward 3,2023-03-20
2023-03-20,38.882628,-76.934394,Ward 7,2023-03-20
2023-03-20,38.955304,-77.074869,Ward 3,2023-03-20
2023-03-20,38.892013,-76.985510,Ward 6,2023-03-21
2023-03-20,38.870077,-76.946931,Ward 7,2023-03-21
2023-03-20,38.860132,-76.993302,Ward 8,2023-03-21
2023-03-20,38.904314,-76.987830,Ward 5,2023-03-21
2023-03-21,38.872036,-77.014410,Ward 6,2023-03-21
2023-03-21,38.884617,-76.921762,Ward 7,2023-03-22
2023-03-21,38.953669,-77.022430,Ward 4,2023-03-22
2023-03-21,38.940036,-76.994897,Ward 5,2023-03-22
2023-03-22,38.918503,-76.965833,Ward 5,2023-03-23
2023-03-22,38.826064,-77.007336,Ward 8,2023-03-23
2023-03-22,38.910631,-77.020149,Ward 6,2023-03-23
2023-03-22,38.927515,-76.977338,Ward 5,2023-03-22
2023-03-22,38.870941,-76.971793,Ward 8,2023-03-22
2023-03-22,38.913349,-77.091400,Ward 3,2023-03-22
2023-03-22,38.963600,-77.070358,Ward 3,2023-03-23
2023-03-22,38.927515,-76.977338,Ward 5,2023-03-22
2023-03-22,38.927313,-77.060695,Ward 3,2023-03-22
2023-03-22,38.963600,-77.070358,Ward 3,2023-03-23
2023-03-22,38.914606,-77.017485,Ward 1,2023-03-23
2023-03-22,38.892404,-76.983127,Ward 6,2023-03-22
2023-03-22,38.912388,-77.008045,Ward 5,2023-03-23
2023-03-22,38.933692,-77.058213,Ward 3,2023-03-23
2023-03-22,38.926724,-76.969896,Ward 5,2023-03-23
2023-03-22,38.934969,-76.986093,Ward 5,2023-03-23
2023-03-22,38.920889,-76.985848,Ward 5,2023-03-23
2023-03-23,38.919240,-76.965378,Ward 5,2023-03-23
2023-03-23,38.918503,-76.965833,Ward 5,2023-03-23
2023-03-23,38.907980,-77.008030,Ward 5,2023-03-24
2023-03-23,38.953137,-77.019729,Ward 4,2023-03-23
2023-03-23,38.914500,-77.023722,Ward 1,2023-03-23
2023-03-23,38.856420,-76.995799,Ward 8,2023-03-24
2023-03-23,38.953863,-77.019535,Ward 4,2023-03-23
2023-03-23,38.895713,-76.974498,Ward 7,2023-03-27
2023-03-23,38.940982,-76.982202,Ward 5,2023-03-24
2023-03-23,38.842133,-76.989875,Ward 8,2023-03-24
2023-03-23,38.935970,-76.989170,Ward 5,2023-03-23
2023-03-23,38.886508,-76.942794,Ward 7,2023-03-24
2023-03-23,38.905641,-76.987875,Ward 5,2023-03-24
2023-03-23,38.945356,-76.997490,Ward 5,2023-03-24
2023-03-23,38.861222,-76.956588,Ward 7,2023-03-24
2023-03-23,38.902088,-77.048831,Ward 2,2023-03-24
2023-03-23,38.908754,-77.045859,Ward 2,2023-03-24
2023-03-23,38.912606,-77.013308,Ward 5,2023-03-24
2023-03-23,38.912403,-77.047991,Ward 2,2023-03-24
2023-03-23,38.912352,-77.048027,Ward 2,2023-03-24
2023-03-24,38.914958,-77.032746,Ward 2,2023-03-24
2023-03-24,38.879411,-76.933429,Ward 7,2023-03-24
2023-03-24,38.901154,-76.975459,Ward 5,2023-03-24
2023-03-24,38.893140,-76.982808,Ward 6,2023-03-27
2023-03-24,38.916564,-77.012422,Ward 5,2023-03-24
2023-03-24,38.939205,-77.019286,Ward 4,2023-03-24
2023-03-24,38.899133,-76.922128,Ward 7,2023-03-27
2023-03-24,38.908023,-77.044604,Ward 2,2023-03-27
2023-03-24,38.911769,-77.041857,Ward 2,2023-03-27
2023-03-24,38.956143,-77.088045,Ward 3,2023-03-27
2023-03-24,38.865100,-76.975834,Ward 8,2023-03-27
2023-03-24,38.916490,-77.051841,Ward 2,2023-03-27
2023-03-25,38.906987,-77.058335,Ward 2,2023-03-27
2023-03-25,38.891820,-76.982809,Ward 6,2023-03-25
2023-03-25,38.892006,-76.982930,Ward 6,2023-03-28
2023-03-25,38.892090,-77.033653,Ward 2,2023-03-27
2023-03-26,38.941471,-76.987591,Ward 5,2023-03-27
2023-03-26,38.927935,-77.035643,Ward 1,2023-03-27
2023-03-26,38.902267,-77.001239,Ward 6,2023-03-27
2023-03-26,38.914672,-77.073897,Ward 2,2023-03-27
2023-03-26,38.891836,-76.984227,Ward 6,2023-03-27
2023-03-26,38.893871,-76.959943,Ward 7,2023-03-27
2023-03-26,38.914275,-77.009364,Ward 5,2023-03-27
2023-03-26,38.901169,-76.985065,Ward 5,2023-03-27
2023-03-26,38.974774,-77.060202,Ward 4,2023-03-27
2023-03-26,38.928103,-77.026435,Ward 1,2023-03-27
2023-03-27,38.931090,-77.039095,Ward 1,2023-03-27
2023-03-27,38.896438,-77.024337,Ward 2,2023-03-27
2023-03-27,38.883017,-76.983404,Ward 7,2023-03-27
2023-03-27,38.869144,-76.966476,Ward 7,2023-03-27
2023-03-27,38.926003,-77.029046,Ward 1,2023-03-27
2023-03-27,38.924874,-77.000824,Ward 5,2023-03-28
2023-03-27,38.889122,-76.999298,Ward 6,2023-03-27
2023-03-27,38.898729,-76.998872,Ward 6,2023-03-27
2023-03-27,38.929901,-77.030303,Ward 1,2023-03-27
2023-03-27,38.911703,-77.045624,Ward 2,2023-03-28
2023-03-27,38.934135,-77.076787,Ward 3,2023-03-28
2023-03-27,38.958530,-77.069424,Ward 3,2023-03-28
2023-03-27,38.939205,-77.019286,Ward 4,2023-03-29
2023-03-27,38.881464,-76.999311,Ward 6,2023-03-28
2023-03-28,38.888684,-76.988551,Ward 6,2023-03-28
2023-03-28,38.941832,-76.995644,Ward 5,2023-03-30
2023-03-28,38.869661,-76.950930,Ward 7,2023-03-29
2023-03-28,38.942205,-76.975433,Ward 5,2023-03-28
2023-03-28,38.913755,-77.040005,Ward 2,2023-03-28
2023-03-28,38.955168,-77.089844,Ward 3,2023-03-28
2023-03-28,38.955627,-76.995044,Ward 5,2023-03-29
2023-03-28,38.886717,-77.030035,Ward 6,2023-03-29
2023-03-28,38.932431,-77.035504,Ward 1,2023-03-29
2023-03-28,38.954771,-77.015785,Ward 4,2023-03-29
2023-03-29,38.960911,-76.999074,Ward 4,2023-03-29
2023-03-29,38.902267,-77.001239,Ward 6,2023-03-29
2023-03-29,38.864231,-76.979336,Ward 8,2023-03-29
2023-03-29,38.962657,-77.065089,Ward 4,2023-03-29
2023-03-29,38.957456,-77.033833,Ward 4,2023-03-29
2023-03-29,38.866296,-76.989359,Ward 8,2023-03-30
2023-03-29,38.922367,-77.002034,Ward 5,2023-03-30
2023-03-29,38.933503,-76.978456,Ward 5,2023-03-30
2023-03-30,38.959979,-77.001719,Ward 4,2023-03-30
2023-03-30,38.891275,-77.028187,Ward 2,2023-03-30
2023-03-30,38.905410,-77.029014,Ward 2,2023-03-30
2023-03-30,38.899813,-77.021914,Ward 2,2023-03-30
2023-03-30,38.921181,-77.045342,Ward 1,2023-03-30
2023-03-30,38.845746,-76.999561,Ward 8,2023-03-30
2023-03-30,38.939652,-76.974177,Ward 5,2023-03-31
2023-03-30,38.964230,-77.078488,Ward 3,2023-03-30
2023-03-30,38.972097,-77.034442,Ward 4,2023-03-31
2023-03-30,38.966663,-77.031094,Ward 4,2023-03-31
2023-03-30,38.951707,-76.990259,Ward 5,2023-03-31
2023-03-30,38.899369,-76.975958,Ward 5,2023-03-31
2023-03-31,38.888488,-76.978695,Ward 6,2023-03-31
2023-03-31,38.917402,-77.004525,Ward 5,2023-03-31
2023-03-31,38.856630,-76.962794,Ward 7,2023-04-03
2023-03-31,38.891190,-76.986081,Ward 6,2023-03-31
2023-03-31,38.904076,-76.929866,Ward 7,2023-03-31
2023-03-31,38.891190,-76.986081,Ward 6,2023-03-31
2023-03-31,38.929785,-77.109665,Ward 3,2023-04-03
2023-03-31,38.957024,-77.083817,Ward 3,2023-04-02
2023-03-31,38.947581,-77.036079,Ward 4,2023-04-02
2023-03-31,38.915422,-77.011843,Ward 5,2023-04-02
2023-03-31,38.942397,-77.032727,Ward 4,2023-04-02
2023-03-31,38.942249,-77.033283,Ward 4,2023-04-02
2023-04-01,38.942144,-77.033365,Ward 4,2023-04-02
2023-04-01,38.886699,-76.985509,Ward 6,2023-04-02
2023-04-01,38.886186,-76.989967,Ward 6,2023-04-02
2023-04-01,38.965282,-77.003977,Ward 4,2023-04-02
2023-04-01,38.951652,-77.030451,Ward 4,2023-04-02
2023-04-01,38.891676,-76.943952,Ward 7,2023-04-02
2023-04-01,38.901766,-76.993516,Ward 6,2023-04-01
2023-04-01,38.886699,-76.985509,Ward 6,2023-04-02
2023-04-01,38.885873,-76.990026,Ward 6,2023-04-02
2023-04-01,38.897204,-77.008388,Ward 6,2023-04-02
2023-04-01,38.899674,-76.989814,Ward 6,2023-04-02
2023-04-01,38.869036,-76.952329,Ward 7,2023-04-02
2023-04-02,38.908127,-76.985246,Ward 5,2023-04-02
2023-04-02,38.932331,-77.043728,Ward 1,2023-04-02
2023-04-02,38.869000,-76.983982,Ward 8,2023-04-02
2023-04-02,38.915563,-77.007680,Ward 5,2023-04-02
2023-04-02,38.904549,-76.983244,Ward 5,2023-04-02
2023-04-02,38.950334,-77.013019,Ward 4,2023-04-02
2023-04-02,38.905856,-76.943666,Ward 7,2023-04-02
2023-04-02,38.867083,-76.942476,Ward 7,2023-04-02
2023-04-02,38.890513,-76.995937,Ward 6,2023-04-02
2023-04-02,38.946893,-77.076421,Ward 3,2023-04-02
2023-04-02,38.926371,-77.077366,Ward 3,2023-04-02
2023-04-02,38.931965,-76.974434,Ward 5,2023-04-02
2023-04-02,38.843957,-76.991407,Ward 8,2023-04-02
2023-04-02,38.907565,-77.057350,Ward 2,2023-04-02
2023-04-02,38.893572,-76.915301,Ward 7,2023-04-02
2023-04-02,38.910106,-77.036090,Ward 2,2023-04-02
2023-04-02,38.930797,-77.043013,Ward 1,2023-04-02
2023-04-02,38.859307,-76.986978,Ward 8,2023-04-02
2023-04-02,38.941971,-77.005684,Ward 5,2023-04-02
2023-04-02,38.878268,-76.960856,Ward 7,2023-04-02
2023-04-02,38.842756,-77.002335,Ward 8,2023-04-02
2023-04-02,38.907240,-77.028088,Ward 2,2023-04-02
2023-04-02,38.892202,-76.987224,Ward 6,2023-04-02
2023-04-02,38.934653,-77.106734,Ward 3,2023-04-02
2023-04-02,38.907533,-77.042701,Ward 2,2023-04-02
2023-04-02,38.926184,-77.077048,Ward 3,2023-04-02
2023-04-02,38.863040,-76.994586,Ward 8,2023-04-02
2023-04-02,38.902529,-77.053306,Ward 2,2023-04-02
2023-04-02,38.892004,-76.988350,Ward 6,2023-04-02
2023-04-02,38.934162,-77.107538,Ward 3,2023-04-02
2023-04-02,38.965616,-77.069037,Ward 3,2023-04-02
2023-04-02,38.891796,-76.987354,Ward 6,2023-04-02
2023-04-02,38.945126,-77.095782,Ward 3,2023-04-02
2023-04-02,38.890513,-76.995937,Ward 6,2023-04-02
2023-04-02,38.863009,-76.993890,Ward 8,2023-04-02
2023-04-02,38.945372,-77.072673,Ward 3,2023-04-02
2023-04-02,38.886645,-76.958644,Ward 7,2023-04-02
2023-04-02,38.934653,-77.106734,Ward 3,2023-04-02
2023-04-02,38.890513,-76.995937,Ward 6,2023-04-02
2023-04-02,38.851458,-76.965951,Ward 8,2023-04-02
2023-04-02,38.847003,-76.997891,Ward 8,2023-04-02
2023-04-02,38.923438,-77.002034,Ward 5,2023-04-02
2023-04-02,38.886645,-76.958704,Ward 7,2023-04-02
2023-04-02,38.926212,-77.107605,Ward 3,2023-04-02
2023-04-02,38.887771,-76.995977,Ward 6,2023-04-02
2023-04-02,38.847859,-76.998919,Ward 8,2023-04-02
2023-04-02,38.887771,-76.995977,Ward 6,2023-04-02
2023-04-02,38.869002,-76.973813,Ward 8,2023-04-02
2023-04-02,38.937213,-77.093312,Ward 3,2023-04-02
2023-04-02,38.851764,-76.965952,Ward 8,2023-04-02
2023-04-02,38.890513,-76.995937,Ward 6,2023-04-02
2023-04-02,38.862881,-76.960988,Ward 7,2023-04-02
2023-04-02,38.927749,-76.991828,Ward 5,2023-04-02
2023-04-02,38.851079,-76.973757,Ward 8,2023-04-03
2023-04-02,38.935626,-76.970138,Ward 5,2023-04-02
2023-04-02,38.919383,-77.039175,Ward 1,2023-04-02
2023-04-02,38.934186,-77.080797,Ward 3,2023-04-02
2023-04-02,38.908251,-77.060059,Ward 2,2023-04-02
2023-04-02,38.921713,-77.096538,Ward 3,2023-04-02
2023-04-02,38.908251,-77.060059,Ward 2,2023-04-02
2023-04-02,38.865255,-76.975283,Ward 8,2023-04-02
2023-04-02,38.840135,-77.004776,Ward 8,2023-04-02
2023-04-02,38.908127,-76.985246,Ward 5,2023-04-02
2023-04-02,38.939591,-77.094997,Ward 3,2023-04-02
2023-04-02,38.934196,-77.106389,Ward 3,2023-04-02
2023-04-02,38.923438,-77.002034,Ward 5,2023-04-02
2023-04-02,38.937727,-77.103172,Ward 3,2023-04-02
2023-04-02,38.909642,-77.016229,Ward 5,2023-04-02
2023-04-02,38.908127,-76.985246,Ward 5,2023-04-02
2023-04-02,38.830957,-76.990334,Ward 8,2023-04-02
2023-04-02,38.952691,-77.025814,Ward 4,2023-04-02
2023-04-02,38.873400,-76.976056,Ward 8,2023-04-02
2023-04-02,38.907379,-76.928908,Ward 7,2023-04-02
2023-04-02,38.884534,-76.990516,Ward 6,2023-04-02
2023-04-02,38.869309,-76.976354,Ward 8,2023-04-02
2023-04-02,38.867722,-76.966693,Ward 7,2023-04-02
2023-04-02,38.928128,-77.039532,Ward 1,2023-04-02
2023-04-02,38.919354,-77.048471,Ward 1,2023-04-02
2023-04-02,38.933074,-77.104655,Ward 3,2023-04-02
2023-04-02,38.903878,-76.977892,Ward 5,2023-04-02
2023-04-02,38.930406,-77.043038,Ward 1,2023-04-02
2023-04-02,38.858672,-76.955783,Ward 7,2023-04-03
2023-04-02,38.920788,-77.047403,Ward 1,2023-04-02
2023-04-02,38.913738,-77.018503,Ward 6,2023-04-03
2023-04-02,38.899094,-76.997014,Ward 6,2023-04-02
2023-04-02,38.908372,-77.020210,Ward 6,2023-04-02
2023-04-02,38.887595,-76.996174,Ward 6,2023-04-02
2023-04-02,38.862880,-76.959178,Ward 7,2023-04-02
2023-04-02,38.863781,-76.988053,Ward 8,2023-04-02
2023-04-02,38.962036,-77.035625,Ward 4,2023-04-03
2023-04-02,38.943462,-77.014250,Ward 4,2023-04-02
2023-04-02,38.927965,-76.992186,Ward 5,2023-04-02
2023-04-02,38.928318,-76.991847,Ward 5,2023-04-02
2023-04-02,38.915925,-77.015744,Ward 1,2023-04-02
2023-04-02,38.930406,-77.043038,Ward 1,2023-04-02
2023-04-02,38.946162,-77.025275,Ward 4,2023-04-02
2023-04-02,38.932245,-77.090803,Ward 3,2023-04-03
2023-04-02,38.841660,-76.997441,Ward 8,2023-04-03
2023-04-02,38.908252,-77.060128,Ward 2,2023-04-03
2023-04-03,38.962036,-77.035625,Ward 4,2023-04-03
2023-04-03,38.942892,-77.092224,Ward 3,2023-04-03
2023-04-03,38.907732,-77.069042,Ward 2,2023-04-03
2023-04-03,38.886256,-76.998278,Ward 6,2023-04-03
2023-04-03,38.924079,-77.050867,Ward 3,2023-04-03
2023-04-03,38.820929,-77.006314,Ward 8,2023-04-03
2023-04-03,38.932202,-77.086978,Ward 3,2023-04-03
2023-04-03,38.953142,-77.081140,Ward 3,2023-04-03
2023-04-03,38.876025,-76.958863,Ward 7,2023-04-03
2023-04-03,38.913184,-76.972950,Ward 5,2023-04-03
2023-04-03,38.875675,-76.958200,Ward 7,2023-04-03
2023-04-03,38.969286,-77.010192,Ward 4,2023-04-03
2023-04-03,38.965616,-77.069037,Ward 3,2023-04-03
2023-04-03,38.895559,-76.979192,Ward 6,2023-04-03
2023-04-03,38.955748,-77.077425,Ward 3,2023-04-03
2023-04-03,38.861375,-76.954493,Ward 7,2023-04-03
2023-04-03,38.875706,-76.936862,Ward 7,2023-04-03
2023-04-03,38.964178,-77.071726,Ward 3,2023-04-03
2023-04-03,38.874917,-77.016003,Ward 6,2023-04-03
2023-04-03,38.898178,-77.008180,Ward 6,2023-04-03
2023-04-03,38.891108,-76.957848,Ward 7,2023-04-03
2023-04-03,38.938106,-76.979309,Ward 5,2023-04-03
2023-04-03,38.932672,-76.967790,Ward 5,2023-04-03
2023-04-03,38.884544,-76.995853,Ward 6,2023-04-03
2023-04-03,38.938106,-76.979309,Ward 5,2023-04-03
2023-04-03,38.895559,-76.979192,Ward 6,2023-04-03
2023-04-03,38.870574,-76.938429,Ward 7,2023-04-03
2023-04-03,38.883236,-76.992644,Ward 6,2023-04-03
2023-04-03,38.946162,-77.025275,Ward 4,2023-04-03
2023-04-03,38.965616,-77.069037,Ward 3,2023-04-03
2023-04-03,38.935483,-76.979535,Ward 5,2023-04-03
2023-04-03,38.950747,-77.092369,Ward 3,2023-04-04
2023-04-03,38.922799,-76.974409,Ward 5,2023-04-03
2023-04-03,38.932368,-77.042791,Ward 1,2023-04-03
2023-04-03,38.894897,-76.992846,Ward 6,2023-04-03
2023-04-03,38.928132,-77.039610,Ward 1,2023-04-03
2023-04-03,38.913312,-77.085006,Ward 3,2023-04-03
2023-04-03,38.855968,-76.979525,Ward 8,2023-04-03
2023-04-03,38.868708,-76.984042,Ward 8,2023-04-03
2023-04-03,38.909325,-77.088302,Ward 3,2023-04-03
2023-04-03,38.886869,-76.987437,Ward 6,2023-04-03
2023-04-03,38.894620,-76.922673,Ward 7,2023-04-03
2023-04-03,38.947226,-76.981572,Ward 5,2023-04-03
2023-04-03,38.887193,-76.999231,Ward 6,2023-04-03
2023-04-03,38.897867,-76.980355,Ward 6,2023-04-03
2023-04-03,38.909429,-76.939935,Ward 7,2023-04-03
2023-04-03,38.963755,-77.077941,Ward 3,2023-04-04
2023-04-03,38.894314,-77.016542,Ward 2,2023-04-04
2023-04-03,38.831247,-77.011820,Ward 8,2023-04-03
2023-04-03,38.885497,-76.945943,Ward 7,2023-04-03
2023-04-03,38.859313,-76.970990,Ward 8,2023-04-04
2023-04-03,38.957297,-77.021303,Ward 4,2023-04-04
2023-04-03,38.986967,-77.041593,Ward 4,2023-04-03
2023-04-03,38.935838,-77.081871,Ward 3,2023-04-04
2023-04-03,38.936312,-77.030653,Ward 1,2023-04-04
2023-04-03,38.960155,-77.004370,Ward 4,2023-04-04
2023-04-03,38.841951,-77.005361,Ward 8,2023-04-04
2023-04-03,38.863652,-76.956330,Ward 7,2023-04-04
2023-04-04,38.905864,-76.936606,Ward 7,2023-04-05
2023-04-04,38.953142,-77.081140,Ward 3,2023-04-04
2023-04-04,38.910975,-77.024502,Ward 6,2023-04-04
2023-04-04,38.949674,-77.022636,Ward 4,2023-04-04
2023-04-04,38.911670,-77.024726,Ward 6,2023-04-04
2023-04-04,38.864314,-76.950105,Ward 7,2023-04-04
2023-04-04,38.950045,-76.996480,Ward 5,2023-04-04
2023-04-04,38.959417,-77.085617,Ward 3,2023-04-04
2023-04-04,38.959219,-77.082753,Ward 3,2023-04-04
2023-04-04,38.902840,-77.040250,Ward 2,2023-04-04
2023-04-04,38.919630,-77.077279,Ward 3,2023-04-04
2023-04-04,38.829775,-77.009906,Ward 8,2023-04-04
2023-04-04,38.904691,-77.057244,Ward 2,2023-04-04
2023-04-04,38.940982,-76.982202,Ward 5,2023-04-05
2023-04-04,38.904435,-76.982972,Ward 5,2023-04-04
2023-04-04,38.846788,-76.971472,Ward 8,2023-04-05
2023-04-04,38.927972,-76.987315,Ward 5,2023-04-05
2023-04-04,38.894365,-76.995939,Ward 6,2023-04-04
2023-04-04,38.931896,-76.989142,Ward 5,2023-04-04
2023-04-04,38.874021,-76.952312,Ward 7,2023-04-05
2023-04-04,38.831297,-76.989958,Ward 8,2023-04-06
2023-04-04,38.933274,-77.086907,Ward 3,2023-04-05
2023-04-04,38.944669,-77.006066,Ward 5,2023-04-05
2023-04-04,38.922697,-76.990744,Ward 5,2023-04-05
2023-04-04,38.899555,-76.994962,Ward 6,2023-04-06
2023-04-04,38.903548,-77.052271,Ward 2,2023-04-06
2023-04-05,38.906248,-76.984419,Ward 5,2023-04-05
2023-04-05,38.886251,-76.998991,Ward 6,2023-04-05
2023-04-05,38.906514,-76.988714,Ward 5,2023-04-05
2023-04-05,38.872288,-77.013464,Ward 6,2023-04-05
2023-04-05,38.939157,-76.987379,Ward 5,2023-04-05
2023-04-05,38.892458,-76.985760,Ward 6,2023-04-05
2023-04-05,38.969971,-77.056987,Ward 4,2023-04-05
2023-04-05,38.896209,-76.934066,Ward 7,2023-04-05
2023-04-05,38.897867,-76.980355,Ward 6,2023-04-06
2023-04-05,38.888497,-76.975512,Ward 7,2023-04-05
2023-04-05,38.907243,-77.045684,Ward 2,2023-04-06
2023-04-05,38.907243,-77.045684,Ward 2,2023-04-07
2023-04-05,38.925401,-76.969328,Ward 5,2023-04-05
2023-04-05,38.867753,-76.954491,Ward 7,2023-04-05
2023-04-05,38.922741,-77.002680,Ward 5,2023-04-05
2023-04-05,38.890724,-76.981283,Ward 6,2023-04-06
2023-04-05,38.897392,-77.053490,Ward 2,2023-04-06
2023-04-05,38.957492,-77.030454,Ward 4,2023-04-06
2023-04-05,38.879917,-76.934327,Ward 7,2023-04-06
2023-04-05,38.939205,-77.019286,Ward 4,2023-04-05
2023-04-05,38.927452,-76.981832,Ward 5,2023-04-06
2023-04-05,38.927518,-77.035906,Ward 1,2023-04-06
2023-04-05,38.891588,-76.998197,Ward 6,2023-04-06
2023-04-05,38.920956,-77.044120,Ward 1,2023-04-06
2023-04-05,38.948509,-77.058480,Ward 3,2023-04-06
2023-04-05,38.857589,-76.998451,Ward 8,2023-04-06
2023-04-06,38.929199,-77.029443,Ward 1,2023-04-06
2023-04-06,38.888497,-76.975512,Ward 7,2023-04-06
2023-04-06,38.891482,-76.925311,Ward 7,2023-04-06
2023-04-06,38.884888,-77.004394,Ward 6,2023-04-06
2023-04-06,38.906996,-77.032373,Ward 2,2023-04-06
2023-04-06,38.911910,-77.020179,Ward 6,2023-04-06
2023-04-06,38.867696,-76.963032,Ward 7,2023-04-06
2023-04-06,38.930724,-76.991803,Ward 5,2023-04-06
2023-04-06,38.926631,-77.108062,Ward 3,2023-04-07
2023-04-06,38.951001,-77.030637,Ward 4,2023-04-07
2023-04-06,38.920906,-77.030281,Ward 1,2023-04-07
2023-04-06,38.835687,-77.007744,Ward 8,2023-04-06
2023-04-06,38.890616,-76.987496,Ward 6,2023-04-07
2023-04-06,38.914831,-77.033245,Ward 2,2023-04-07
2023-04-06,38.955243,-77.018014,Ward 4,2023-04-07
2023-04-06,38.955221,-77.018341,Ward 4,2023-04-07
2023-04-06,38.964282,-77.064100,Ward 4,2023-04-07
2023-04-06,38.922223,-77.001797,Ward 5,2023-04-07
2023-04-06,38.952835,-77.085717,Ward 3,2023-04-07
2023-04-06,38.946460,-77.090873,Ward 3,2023-04-07
2023-04-06,38.948571,-77.093386,Ward 3,2023-04-07
2023-04-06,38.931676,-77.042380,Ward 1,2023-04-07
2023-04-07,38.830315,-77.012693,Ward 8,2023-04-07
2023-04-07,38.831952,-77.012117,Ward 8,2023-04-07
2023-04-07,38.964457,-77.023532,Ward 4,2023-04-07
2023-04-07,38.940909,-77.021570,Ward 4,2023-04-07
2023-04-07,38.910934,-77.007497,Ward 5,2023-04-07
2023-04-07,38.917659,-77.043989,Ward 1,2023-04-07
2023-04-07,38.935194,-77.045002,Ward 1,2023-04-07
2023-04-07,38.913469,-77.011897,Ward 5,2023-04-07
2023-04-07,38.949816,-77.016731,Ward 4,2023-04-10
2023-04-07,38.904329,-77.054358,Ward 2,2023-04-10
2023-04-07,38.882652,-76.988576,Ward 6,2023-04-07
2023-04-07,38.833905,-76.985022,Ward 8,2023-04-10
2023-04-07,38.937117,-77.027401,Ward 4,2023-04-10
2023-04-07,38.900908,-76.938913,Ward 7,2023-04-10
2023-04-07,38.944968,-77.092234,Ward 3,2023-04-10
2023-04-08,38.943724,-77.061248,Ward 3,2023-04-08
2023-04-08,38.908369,-77.010215,Ward 5,2023-04-10
2023-04-08,38.924079,-77.050867,Ward 3,2023-04-10
2023-04-08,38.899240,-76.996386,Ward 6,2023-04-10
2023-04-08,38.892740,-76.975424,Ward 6,2023-04-10
2023-04-08,38.943724,-77.061248,Ward 3,2023-04-10
2023-04-08,38.959170,-76.996150,Ward 4,2023-04-10
2023-04-09,38.922976,-77.101807,Ward 3,2023-04-10
2023-04-09,38.928885,-77.030901,Ward 1,2023-04-09
2023-04-09,38.943724,-77.061248,Ward 3,2023-04-10
2023-04-09,38.883653,-76.998055,Ward 6,2023-04-10
2023-04-09,38.883629,-76.998179,Ward 6,2023-04-10
2023-04-09,38.981002,-77.028321,Ward 4,2023-04-10
2023-04-09,38.961614,-77.065273,Ward 4,2023-04-10
2023-04-09,38.922750,-77.075726,Ward 3,2023-04-10
2023-04-10,38.930284,-77.021112,Ward 1,2023-04-10
2023-04-10,38.928884,-77.030844,Ward 1,2023-04-10
2023-04-10,38.897415,-76.973976,Ward 7,2023-04-11
2023-04-10,38.837826,-77.004141,Ward 8,2023-04-10
2023-04-10,38.837826,-77.004141,Ward 8,2023-04-10
2023-04-10,38.896750,-76.980106,Ward 6,2023-04-10
2023-04-10,38.896955,-76.980267,Ward 6,2023-04-10
2023-04-10,38.915754,-77.010588,Ward 5,2023-04-10
2023-04-10,38.915754,-77.010588,Ward 5,2023-04-10
2023-04-10,38.864452,-76.983288,Ward 8,2023-04-10
2023-04-10,38.931342,-76.979245,Ward 5,2023-04-10
2023-04-10,38.887757,-76.988840,Ward 6,2023-04-10
2023-04-10,38.831325,-76.990684,Ward 8,2023-04-13
2023-04-10,38.952242,-77.021123,Ward 4,2023-04-10
2023-04-10,38.928804,-77.063801,Ward 3,2023-04-10
2023-04-10,38.939205,-77.019286,Ward 4,2023-04-10
2023-04-10,38.936172,-76.988679,Ward 5,2023-04-11
2023-04-10,38.940738,-77.020489,Ward 4,2023-04-11
2023-04-10,38.933449,-77.104974,Ward 3,2023-04-11
2023-04-10,38.921179,-76.980862,Ward 5,2023-04-10
2023-04-10,38.921179,-76.980862,Ward 5,2023-04-10
2023-04-10,38.897145,-76.999320,Ward 6,2023-04-11
2023-04-10,38.960114,-77.076133,Ward 3,2023-04-11
2023-04-10,38.945719,-77.072206,Ward 3,2023-04-11
2023-04-10,38.957471,-77.012747,Ward 4,2023-04-11
2023-04-10,38.872417,-76.952166,Ward 7,2023-04-11
2023-04-10,38.912037,-77.007743,Ward 5,2023-04-11
2023-04-11,38.894339,-76.987593,Ward 6,2023-04-11
2023-04-11,38.887399,-76.988868,Ward 6,2023-04-11
2023-04-11,38.914250,-77.032208,Ward 2,2023-04-11
2023-04-11,38.928849,-76.989097,Ward 5,2023-04-11
2023-04-11,38.928931,-76.971650,Ward 5,2023-04-11
2023-04-11,38.939099,-77.016287,Ward 4,2023-04-12
2023-04-11,38.902795,-76.932273,Ward 7,2023-04-11
2023-04-11,38.951040,-77.090609,Ward 3,2023-04-12
2023-04-11,38.899102,-76.989267,Ward 6,2023-04-12
2023-04-11,38.886691,-76.926767,Ward 7,2023-04-12
2023-04-11,38.906996,-77.032373,Ward 2,2023-04-12
2023-04-11,38.843686,-76.988769,Ward 8,2023-04-12
2023-04-12,38.924141,-77.050890,Ward 3,2023-04-13
2023-04-12,38.929748,-76.990990,Ward 5,2023-04-12
2023-04-12,38.932300,-77.067606,Ward 3,2023-04-13
2023-04-12,38.841878,-76.998981,Ward 8,2023-04-12
2023-04-12,38.894345,-76.987538,Ward 6,2023-04-12
2023-04-12,38.964756,-77.023644,Ward 4,2023-04-12
2023-04-12,38.934658,-77.039696,Ward 1,2023-04-12
2023-04-12,38.927782,-76.992172,Ward 5,2023-04-12
2023-04-12,38.967159,-77.009728,Ward 4,2023-04-12
2023-04-12,38.938497,-76.986229,Ward 5,2023-04-13
2023-04-12,38.945372,-77.072673,Ward 3,2023-04-13
2023-04-12,38.885142,-76.980559,Ward 7,2023-04-13
2023-04-12,38.944448,-77.078342,Ward 3,2023-04-13
2023-04-12,38.879286,-77.017547,Ward 6,2023-04-13
2023-04-12,38.886277,-76.988122,Ward 6,2023-04-13
2023-04-13,38.910172,-77.058424,Ward 2,2023-04-13
2023-04-13,38.930960,-76.973552,Ward 5,2023-04-13
2023-04-13,38.894468,-76.913669,Ward 7,2023-04-13
2023-04-13,38.897810,-77.001804,Ward 6,2023-04-13
2023-04-13,38.898054,-77.001759,Ward 6,2023-04-13
2023-04-13,38.893753,-76.914790,Ward 7,2023-04-14
2023-04-13,38.904986,-77.026275,Ward 2,2023-04-14
2023-04-13,38.927321,-77.076558,Ward 3,2023-04-13
2023-04-13,38.939990,-77.043312,Ward 4,2023-04-13
2023-04-13,38.956432,-77.035048,Ward 4,2023-04-13
2023-04-13,38.892605,-76.949435,Ward 7,2023-04-14
2023-04-13,38.928044,-77.065530,Ward 3,2023-04-14
2023-04-13,38.925591,-77.000570,Ward 5,2023-04-14
2023-04-13,38.901327,-77.002036,Ward 6,2023-04-14
2023-04-13,38.910967,-77.024216,Ward 6,2023-04-14
2023-04-13,38.923111,-76.962602,Ward 5,2023-04-14
2023-04-13,38.886585,-76.997029,Ward 6,2023-04-14
2023-04-14,38.958417,-77.025861,Ward 4,2023-04-14
2023-04-14,38.961471,-77.081768,Ward 3,2023-04-14
2023-04-14,38.962251,-77.081738,Ward 3,2023-04-14
2023-04-14,38.892012,-76.990246,Ward 6,2023-04-14
2023-04-14,38.894634,-76.985919,Ward 6,2023-04-14
2023-04-14,38.941989,-77.096080,Ward 3,2023-04-14
2023-04-14,38.945709,-77.073439,Ward 3,2023-04-14
2023-04-14,38.940336,-76.991085,Ward 5,2023-04-14
2023-04-14,38.955272,-76.994290,Ward 5,2023-04-18
2023-04-14,38.883334,-76.950068,Ward 7,2023-04-18
2023-04-14,38.880113,-76.981542,Ward 6,2023-04-18
2023-04-14,38.919447,-77.042008,Ward 1,2023-04-18
2023-04-14,38.870363,-76.981964,Ward 8,2023-04-18
2023-04-14,38.958189,-77.017647,Ward 4,2023-04-18
2023-04-14,38.898216,-76.992421,Ward 6,2023-04-18
2023-04-14,38.930515,-77.022343,Ward 1,2023-04-18
2023-04-14,38.927526,-77.062298,Ward 3,2023-04-18
2023-04-14,38.927343,-77.062168,Ward 3,2023-04-18
2023-04-15,38.958212,-77.025664,Ward 4,2023-04-18
2023-04-15,38.873170,-76.975273,Ward 8,2023-04-18
2023-04-15,38.957965,-77.026089,Ward 4,2023-04-18
2023-04-15,38.924798,-77.107124,Ward 3,2023-04-18
2023-04-15,38.875489,-76.963492,Ward 7,2023-04-18
2023-04-15,38.878992,-76.989961,Ward 6,2023-04-18
2023-04-16,38.885867,-77.005328,Ward 6,2023-04-18
2023-04-16,38.895575,-76.989386,Ward 6,2023-04-18
2023-04-16,38.905114,-76.978409,Ward 5,2023-04-18
2023-04-16,38.943237,-77.021497,Ward 4,2023-04-18
2023-04-16,38.916742,-77.022524,Ward 1,2023-04-18
2023-04-16,38.903053,-76.992831,Ward 6,2023-04-18
2023-04-16,38.942945,-77.073991,Ward 3,2023-04-18
2023-04-16,38.925525,-77.028164,Ward 1,2023-04-17
2023-04-17,38.959170,-76.996150,Ward 4,2023-04-18
2023-04-17,38.940491,-77.093502,Ward 3,2023-04-17
2023-04-17,38.875665,-77.019399,Ward 6,2023-04-18
2023-04-17,38.940491,-77.093502,Ward 3,2023-04-17
2023-04-17,38.929542,-77.016341,Ward 5,2023-04-18
2023-04-17,38.929427,-77.020569,Ward 1,2023-04-17
2023-04-17,38.986453,-77.039244,Ward 4,2023-04-18
2023-04-17,38.951557,-77.092870,Ward 3,2023-04-18
2023-04-17,38.927165,-76.971990,Ward 5,2023-04-18
2023-04-17,38.958417,-77.025861,Ward 4,2023-04-18
2023-04-17,38.952905,-77.029697,Ward 4,2023-04-18
2023-04-17,38.950045,-76.996480,Ward 5,2023-04-18
2023-04-17,38.917802,-77.060535,Ward 2,2023-04-17
2023-04-17,38.827912,-77.003417,Ward 8,2023-04-18
2023-04-17,38.871191,-77.013449,Ward 6,2023-04-18
2023-04-17,38.930556,-77.018277,Null,2023-04-17
2023-04-17,38.903296,-76.993184,Ward 6,2023-04-18
2023-04-17,38.858287,-76.956227,Ward 7,2023-04-18
2023-04-17,38.943343,-77.036074,Ward 4,2023-04-18
2023-04-17,38.945559,-77.079065,Ward 3,2023-04-18
2023-04-17,38.830325,-77.010956,Ward 8,2023-04-18
2023-04-17,38.955556,-77.021066,Ward 4,2023-04-18
2023-04-17,38.862934,-76.990837,Ward 8,2023-04-18
2023-04-17,38.933536,-77.107827,Ward 3,2023-04-17
2023-04-17,38.937602,-77.076324,Ward 3,2023-04-18
2023-04-17,38.947490,-77.090398,Ward 3,2023-04-18
2023-04-17,38.908771,-77.027832,Ward 2,2023-04-19
2023-04-17,38.951373,-77.013704,Ward 4,2023-04-18
2023-04-17,38.972346,-77.016302,Ward 4,2023-04-18
2023-04-17,38.844181,-76.983581,Ward 8,2023-04-18
2023-04-17,38.946891,-77.073466,Ward 3,2023-04-18
2023-04-17,38.886366,-76.981056,Ward 6,2023-04-18
2023-04-18,38.926936,-77.106962,Ward 3,2023-04-18
2023-04-18,38.875797,-76.985599,Ward 6,2023-04-18
2023-04-18,38.943570,-76.984986,Ward 5,2023-04-18
2023-04-18,38.890459,-76.995926,Ward 6,2023-04-20
2023-04-18,38.910497,-77.041893,Ward 2,2023-04-19
2023-04-18,38.935799,-77.058763,Ward 3,2023-04-18
2023-04-18,38.962700,-77.027889,Ward 4,2023-04-18
2023-04-18,38.902193,-76.938940,Ward 7,2023-04-20
2023-04-18,38.919246,-77.041866,Ward 1,2023-04-19
2023-04-18,38.920673,-77.038707,Ward 1,2023-04-19
2023-04-18,38.938684,-77.068386,Ward 3,2023-04-19
2023-04-18,38.934209,-77.106769,Ward 3,2023-04-19
2023-04-18,38.909343,-77.032850,Ward 2,2023-04-19
2023-04-18,38.929041,-77.023229,Ward 1,2023-04-19
2023-04-18,38.885899,-76.989448,Ward 6,2023-04-20
2023-04-19,38.903163,-76.989659,Ward 5,2023-04-19
2023-04-19,38.961914,-77.080527,Ward 3,2023-04-20
2023-04-19,38.921598,-77.011893,Ward 5,2023-04-19
2023-04-19,38.890596,-76.923724,Ward 7,2023-04-20
2023-04-19,38.913499,-77.029868,Ward 2,2023-04-20
2023-04-19,38.903971,-77.031351,Ward 2,2023-04-20
2023-04-19,38.884096,-76.928008,Ward 7,2023-04-21
2023-04-19,38.899088,-76.988688,Ward 6,2023-04-20
2023-04-19,38.932180,-77.045174,Ward 1,2023-04-19
2023-04-19,38.870346,-76.977625,Ward 8,2023-04-20
2023-04-19,38.927525,-77.070879,Ward 3,2023-04-24
2023-04-19,38.964767,-77.019634,Ward 4,2023-04-19
2023-04-19,38.913637,-77.089161,Ward 3,2023-04-19
2023-04-19,38.915326,-77.034324,Ward 2,2023-04-20
2023-04-19,38.964067,-77.019896,Ward 4,2023-04-19
2023-04-19,38.906413,-76.999278,Ward 6,2023-04-20
2023-04-19,38.903878,-76.977892,Ward 5,2023-04-21
2023-04-19,38.875146,-76.958856,Ward 7,2023-04-20
2023-04-19,38.894960,-76.977136,Ward 7,2023-04-24
2023-04-19,38.921307,-77.012148,Null,2023-04-20
2023-04-19,38.905113,-76.978523,Ward 5,2023-04-20
2023-04-19,38.966864,-77.021144,Ward 4,2023-04-20
2023-04-19,38.899102,-76.989267,Ward 6,2023-04-20
2023-04-19,38.926569,-77.053280,Ward 3,2023-04-20
2023-04-20,38.903500,-77.001235,Ward 6,2023-04-20
2023-04-20,38.899261,-77.031574,Ward 2,2023-04-20
2023-04-20,38.898313,-77.029620,Ward 2,2023-04-20
2023-04-20,38.945256,-77.070062,Ward 3,2023-04-20
2023-04-20,38.889231,-76.990001,Ward 6,2023-04-21
2023-04-20,38.892212,-76.991764,Ward 6,2023-04-20
2023-04-20,38.868097,-76.965999,Ward 7,2023-04-24
2023-04-20,38.979943,-77.033697,Ward 4,2023-04-21
2023-04-20,38.935196,-77.026985,Ward 1,2023-04-21
2023-04-20,38.898279,-76.981755,Ward 6,2023-04-20
2023-04-20,38.878186,-76.989714,Ward 6,2023-04-20
2023-04-20,38.903415,-76.943637,Ward 7,2023-04-21
2023-04-21,38.900177,-77.016198,Null,2023-04-21
2023-04-21,38.898769,-77.015857,Ward 2,2023-04-21
2023-04-21,38.899019,-77.017413,Ward 2,2023-04-21
2023-04-21,38.899509,-77.022150,Ward 2,2023-04-21
2023-04-21,38.921516,-77.038292,Ward 1,2023-04-21
2023-04-21,38.961165,-77.022695,Ward 4,2023-04-21
2023-04-21,38.927343,-77.062168,Ward 3,2023-04-24
2023-04-21,38.945163,-76.997301,Ward 5,2023-04-24
2023-04-21,38.981235,-77.038542,Ward 4,2023-04-24
2023-04-21,38.866857,-76.947054,Ward 7,2023-04-24
2023-04-21,38.964702,-77.067187,Ward 4,2023-04-24
2023-04-21,38.947041,-76.990476,Ward 5,2023-04-24
2023-04-21,38.926921,-77.043546,Ward 1,2023-04-24
2023-04-21,38.972264,-77.034893,Ward 4,2023-04-25
2023-04-21,38.908771,-77.027832,Ward 2,2023-04-24
2023-04-21,38.932863,-76.970393,Ward 5,2023-04-24
2023-04-22,38.926921,-77.043546,Ward 1,2023-04-24
2023-04-22,38.936575,-77.036101,Ward 1,2023-04-24
2023-04-22,38.910602,-77.034827,Ward 2,2023-04-24
2023-04-22,38.936381,-76.981670,Ward 5,2023-04-24
2023-04-22,38.941426,-76.976514,Ward 5,2023-04-24
2023-04-22,38.941367,-76.975953,Ward 5,2023-04-24
2023-04-22,38.945352,-77.075892,Ward 3,2023-04-24
2023-04-22,38.899556,-76.943457,Ward 7,2023-04-23
2023-04-23,38.939794,-77.086200,Ward 3,2023-04-24
2023-04-23,38.965641,-77.032389,Ward 4,2023-04-24
2023-04-23,38.911171,-77.084270,Ward 3,2023-04-24
2023-04-23,38.883014,-76.992087,Ward 6,2023-04-24
2023-04-23,38.883014,-76.992087,Ward 6,2023-04-23
2023-04-23,38.916249,-77.019895,Ward 1,2023-04-24
2023-04-23,38.907369,-77.055961,Ward 2,2023-04-25
2023-04-23,38.841202,-76.990373,Ward 8,2023-04-24
2023-04-23,38.962251,-77.081738,Ward 3,2023-04-24
2023-04-23,38.925705,-76.959970,Ward 5,2023-04-24
2023-04-23,38.956491,-77.060671,Ward 3,2023-04-24
2023-04-23,38.922975,-77.045337,Ward 1,2023-04-24
2023-04-23,38.928251,-76.982093,Ward 5,2023-04-24
2023-04-23,38.894981,-76.975803,Ward 7,2023-04-27
2023-04-24,38.951851,-77.085064,Ward 3,2023-04-24
2023-04-24,38.961165,-77.022695,Ward 4,2023-04-24
2023-04-24,38.921675,-77.099390,Ward 3,2023-04-24
2023-04-24,38.971289,-77.033778,Ward 4,2023-04-25
2023-04-24,38.963825,-77.077462,Ward 3,2023-04-24
2023-04-24,38.956817,-77.065342,Ward 3,2023-04-24
2023-04-24,38.910667,-77.034832,Ward 2,2023-04-24
2023-04-24,38.961106,-77.023009,Ward 4,2023-04-24
2023-04-24,38.961031,-77.022686,Ward 4,2023-04-24
2023-04-24,38.882314,-76.992870,Ward 6,2023-04-24
2023-04-24,38.954933,-77.072303,Ward 3,2023-04-24
2023-04-24,38.890710,-76.949662,Ward 7,2023-04-24
2023-04-24,38.915426,-77.034773,Ward 2,2023-04-24
2023-04-24,38.847421,-77.003108,Ward 8,2023-04-25
2023-04-24,38.866857,-76.947054,Ward 7,2023-04-25
2023-04-24,38.950442,-77.060669,Ward 3,2023-04-25
2023-04-24,38.904684,-76.999506,Ward 6,2023-04-24
2023-04-24,38.958832,-77.072555,Ward 3,2023-04-25
2023-04-24,38.852961,-76.964179,Ward 8,2023-04-25
2023-04-24,38.920149,-76.964880,Ward 5,2023-04-25
2023-04-24,38.946742,-77.019652,Ward 4,2023-04-25
2023-04-24,38.883751,-76.982004,Ward 6,2023-04-25
2023-04-25,38.921620,-77.059424,Ward 3,2023-04-25
2023-04-25,38.890031,-76.923555,Ward 7,2023-04-25
2023-04-25,38.949867,-77.073943,Ward 3,2023-04-25
2023-04-25,38.887866,-76.954168,Ward 7,2023-04-25
2023-04-25,38.846850,-77.003760,Ward 8,2023-04-25
2023-04-25,38.905875,-76.933082,Ward 7,2023-04-25
2023-04-25,38.855071,-76.986702,Ward 8,2023-04-25
2023-04-25,38.927476,-77.039856,Ward 1,2023-04-26
2023-04-25,38.859218,-76.986824,Ward 8,2023-04-25
2023-04-25,38.935616,-77.019745,Ward 1,2023-04-26
2023-04-25,38.895925,-76.996821,Ward 6,2023-04-25
2023-04-25,38.933210,-77.045406,Ward 1,2023-04-26
2023-04-25,38.930968,-77.043453,Ward 1,2023-04-26
2023-04-25,38.971713,-77.034462,Ward 4,2023-04-25
2023-04-25,38.894562,-76.938971,Ward 7,2023-04-25
2023-04-25,38.965120,-77.020400,Ward 4,2023-04-26
2023-04-25,38.914569,-77.069327,Ward 2,2023-04-26
2023-04-25,38.933052,-77.042006,Ward 1,2023-04-26
2023-04-25,38.886831,-76.983826,Ward 6,2023-04-25
2023-04-25,38.909077,-77.030541,Ward 2,2023-04-26
2023-04-25,38.926003,-77.066940,Ward 3,2023-04-26
2023-04-25,38.909077,-77.030541,Ward 2,2023-04-26
2023-04-25,38.935245,-77.067801,Ward 3,2023-04-26
2023-04-25,38.922031,-76.992202,Ward 5,2023-04-26
2023-04-25,38.883346,-76.988084,Ward 6,2023-04-26
2023-04-26,38.929504,-77.041490,Ward 1,2023-04-26
2023-04-26,38.899638,-76.988548,Ward 6,2023-04-26
2023-04-26,38.890937,-76.987456,Ward 6,2023-04-26
2023-04-26,38.922765,-77.041702,Ward 1,2023-04-26
2023-04-26,38.933228,-77.099497,Ward 3,2023-04-26
2023-04-26,38.973108,-77.053521,Ward 4,2023-05-01
2023-04-26,38.960808,-77.074340,Ward 3,2023-04-27
2023-04-26,38.959721,-76.995161,Ward 4,2023-04-27
2023-04-26,38.901686,-76.939662,Ward 7,2023-04-26
2023-04-26,38.894803,-77.018934,Ward 2,2023-04-26
2023-04-26,38.894747,-77.016179,Ward 6,2023-04-27
2023-04-26,38.856631,-76.980463,Ward 8,2023-04-26
2023-04-26,38.894795,-77.015169,Ward 2,2023-04-27
2023-04-26,38.929517,-77.042718,Ward 1,2023-04-27
2023-04-26,38.899999,-76.987930,Ward 6,2023-04-27
2023-04-26,38.891691,-76.936408,Ward 7,2023-04-26
2023-04-26,38.930894,-77.026862,Ward 1,2023-04-27
2023-04-26,38.918011,-77.043363,Ward 1,2023-04-27
2023-04-26,38.970802,-77.011381,Ward 4,2023-04-27
2023-04-26,38.912841,-77.006866,Ward 5,2023-04-27
2023-04-26,38.871618,-76.952878,Ward 7,2023-04-27
2023-04-26,38.925793,-77.025106,Ward 1,2023-04-27
2023-04-26,38.942712,-76.990514,Ward 5,2023-04-27
2023-04-26,38.930375,-77.039112,Ward 1,2023-04-27
2023-04-26,38.950906,-77.072288,Ward 3,2023-04-27
2023-04-26,38.913347,-77.029622,Ward 2,2023-04-27
2023-04-26,38.940972,-77.061654,Ward 3,2023-04-27
2023-04-27,38.941108,-77.020424,Ward 4,2023-04-27
2023-04-27,38.927557,-77.042597,Ward 1,2023-04-27
2023-04-27,38.930375,-77.042272,Ward 1,2023-04-27
2023-04-27,38.935547,-77.032428,Ward 1,2023-04-27
2023-04-27,38.935616,-77.019745,Ward 1,2023-04-27
2023-04-27,38.913920,-77.029845,Ward 2,2023-04-27
2023-04-27,38.827912,-77.003417,Ward 8,2023-04-27
2023-04-27,38.924414,-77.092124,Ward 3,2023-04-27
2023-04-27,38.903971,-77.031351,Ward 2,2023-04-27
2023-04-27,38.839212,-76.992079,Ward 8,2023-04-28
2023-04-27,38.954484,-77.084009,Ward 3,2023-04-27
2023-04-27,38.939538,-77.033980,Ward 4,2023-04-27
2023-04-27,38.867487,-76.971181,Ward 8,2023-04-28
2023-04-27,38.912816,-77.029372,Ward 2,2023-04-27
2023-04-27,38.899661,-76.974881,Ward 5,2023-04-28
2023-04-27,38.933708,-77.064124,Ward 3,2023-04-27
2023-04-27,38.893949,-77.010661,Ward 6,2023-04-28
2023-04-27,38.959098,-77.011350,Ward 4,2023-05-01
2023-04-27,38.902522,-77.025987,Ward 2,2023-05-01
2023-04-27,38.880113,-76.981542,Ward 6,2023-05-01
2023-04-27,38.902089,-77.023989,Ward 2,2023-05-01
2023-04-27,38.950407,-77.012981,Ward 4,2023-04-28
2023-04-27,38.902176,-77.039833,Ward 2,2023-05-01
2023-04-27,38.863279,-76.988327,Ward 8,2023-04-28
2023-04-27,38.859272,-76.968490,Ward 8,2023-04-28
2023-04-27,38.850978,-76.974206,Ward 8,2023-04-28
2023-04-27,38.971643,-77.013855,Ward 4,2023-05-01
2023-04-27,38.907058,-77.017134,Ward 2,2023-05-01
2023-04-27,38.907025,-77.018153,Ward 6,2023-05-01
2023-04-27,38.947100,-76.994102,Ward 5,2023-04-28
2023-04-28,38.892679,-76.914780,Ward 7,2023-04-28
2023-04-28,38.941062,-77.098394,Ward 3,2023-04-28
2023-04-28,38.925946,-77.075129,Ward 3,2023-04-28
2023-04-28,38.902520,-77.016176,Ward 6,2023-04-28
2023-04-28,38.902520,-77.016176,Ward 6,2023-04-28
2023-04-28,38.941260,-77.098931,Ward 3,2023-04-28
2023-04-28,38.891646,-76.998193,Ward 6,2023-04-28
2023-04-28,38.924704,-76.977082,Ward 5,2023-04-28
2023-04-28,38.945346,-77.076081,Ward 3,2023-04-28
2023-04-28,38.910557,-77.031686,Ward 2,2023-05-01
2023-04-28,38.950184,-77.089218,Ward 3,2023-04-28
2023-04-28,38.949490,-77.085205,Ward 3,2023-04-28
2023-04-28,38.949207,-77.085234,Ward 3,2023-04-28
2023-04-28,38.928804,-77.063801,Ward 3,2023-05-01
2023-04-28,38.948998,-77.068727,Ward 3,2023-04-28
2023-04-28,38.892454,-76.985251,Ward 6,2023-05-01
2023-04-28,38.892515,-76.984360,Ward 6,2023-05-01
2023-04-28,38.950539,-77.089217,Ward 3,2023-04-28
2023-04-28,38.921069,-77.038688,Ward 1,2023-05-01
2023-04-28,38.969284,-77.010032,Ward 4,2023-05-01
2023-04-28,38.921675,-77.099390,Ward 3,2023-05-01
2023-04-28,38.948825,-77.066215,Ward 3,2023-05-01
2023-04-28,38.889139,-76.924024,Ward 7,2023-05-01
2023-04-28,38.937336,-77.066387,Ward 3,2023-04-28
2023-04-28,38.862434,-76.949486,Ward 7,2023-05-01
2023-04-28,38.865968,-76.949487,Ward 7,2023-04-29
2023-04-28,38.945354,-77.034261,Ward 4,2023-05-01
2023-04-28,38.943592,-77.098670,Ward 3,2023-05-01
2023-04-28,38.950541,-77.089392,Ward 3,2023-05-01
2023-04-28,38.912019,-77.033559,Ward 2,2023-05-01
2023-04-28,38.925155,-77.061247,Ward 3,2023-05-01
2023-04-28,38.909162,-77.059084,Ward 2,2023-05-02
2023-04-28,38.938585,-77.096410,Ward 3,2023-05-01
2023-04-28,38.978164,-77.030551,Ward 4,2023-05-01
2023-04-28,38.902815,-77.056331,Ward 2,2023-05-02
2023-04-28,38.961019,-77.082896,Ward 3,2023-05-01
2023-04-28,38.918953,-77.075369,Ward 3,2023-05-01
2023-04-28,38.910667,-77.034832,Ward 2,2023-05-01
2023-04-28,38.894502,-76.993454,Ward 6,2023-05-01
2023-04-29,38.983032,-77.029036,Ward 4,2023-05-01
2023-04-29,38.956044,-77.072112,Ward 3,2023-05-01
2023-04-29,38.962251,-77.081738,Ward 3,2023-05-01
2023-04-29,38.926095,-77.038660,Ward 1,2023-05-01
2023-04-29,38.880247,-76.935575,Ward 7,2023-05-01
2023-04-29,38.925162,-77.022664,Ward 1,2023-05-01
2023-04-29,38.891433,-76.987027,Ward 6,2023-05-01
2023-04-29,38.923624,-77.077253,Ward 3,2023-05-01
2023-04-29,38.917386,-77.072664,Ward 3,2023-05-01
2023-04-29,38.851194,-76.972827,Ward 8,2023-04-30
2023-04-29,38.933720,-77.071120,Ward 3,2023-05-01
2023-04-29,38.964738,-77.059037,Ward 4,2023-05-01
2023-04-29,38.882840,-76.985509,Ward 6,2023-05-01
2023-04-29,38.873109,-76.973258,Ward 8,2023-04-30
2023-04-29,38.910667,-77.034832,Ward 2,2023-05-01
2023-04-29,38.879275,-76.992645,Ward 6,2023-05-01
2023-04-29,38.911684,-77.069205,Ward 2,2023-05-01
2023-04-29,38.896496,-76.985278,Ward 6,2023-05-01
2023-04-29,38.925162,-77.022664,Ward 1,2023-05-01
2023-04-29,38.938112,-76.989800,Ward 5,2023-05-01
2023-04-29,38.904470,-76.991089,Ward 5,2023-05-01
2023-04-29,38.926383,-77.069465,Ward 3,2023-05-01
2023-04-29,38.927525,-77.070879,Ward 3,2023-05-01
2023-04-29,38.892090,-77.033653,Ward 2,2023-05-01
2023-04-29,38.886720,-76.994697,Ward 6,2023-05-01
2023-04-29,38.916693,-77.068531,Ward 2,2023-05-02
2023-04-29,38.923624,-77.077253,Ward 3,2023-05-01
2023-04-29,38.985801,-77.044117,Ward 4,2023-05-01
2023-04-30,38.937160,-76.970357,Ward 5,2023-05-01
2023-04-30,38.910979,-77.084442,Ward 3,2023-05-01
2023-04-30,38.966563,-77.022232,Ward 4,2023-05-01
2023-04-30,38.939523,-77.025174,Ward 4,2023-05-01
2023-04-30,38.895753,-76.931046,Ward 7,2023-05-01
2023-04-30,38.925015,-77.064935,Ward 3,2023-05-01
2023-04-30,38.913500,-77.030471,Ward 2,2023-05-01
2023-04-30,38.926181,-77.066382,Ward 3,2023-05-01
2023-04-30,38.943996,-77.026063,Ward 4,2023-05-01
2023-04-30,38.947190,-77.026784,Ward 4,2023-05-01
2023-04-30,38.947190,-77.026784,Ward 4,2023-05-01
2023-04-30,38.947046,-77.026358,Ward 4,2023-05-01
2023-04-30,38.948940,-76.991459,Ward 5,2023-05-01
2023-05-01,38.893312,-76.991341,Ward 6,2023-05-01
2023-05-01,38.907992,-77.041366,Ward 2,2023-05-01
2023-05-01,38.903559,-76.993221,Ward 6,2023-05-01
2023-05-01,38.941558,-76.974946,Ward 5,2023-05-01
2023-05-01,38.951640,-77.018993,Ward 4,2023-05-01
2023-05-01,38.962258,-77.075046,Ward 3,2023-05-01
2023-05-01,38.947021,-77.025843,Ward 4,2023-05-01
2023-05-01,38.946523,-76.992402,Ward 5,2023-05-01
2023-05-01,38.953865,-77.088904,Ward 3,2023-05-01
2023-05-01,38.904368,-76.977604,Ward 5,2023-05-01
2023-05-01,38.915145,-76.986557,Ward 5,2023-05-01
2023-05-01,38.894946,-76.993938,Ward 6,2023-05-02
2023-05-01,38.932475,-77.045174,Ward 1,2023-05-01
2023-05-01,38.898139,-76.937353,Ward 7,2023-05-01
2023-05-01,38.943552,-77.093041,Ward 3,2023-05-01
2023-05-01,38.950350,-77.098675,Ward 3,2023-05-01
2023-05-01,38.880426,-76.960085,Ward 7,2023-05-02
2023-05-01,38.948682,-77.062046,Ward 3,2023-05-01
2023-05-01,38.828601,-76.996818,Ward 8,2023-05-01
2023-05-01,38.985801,-77.044117,Ward 4,2023-05-01
2023-05-01,38.931918,-76.977808,Ward 5,2023-05-01
2023-05-01,38.886658,-76.988733,Ward 6,2023-05-02
2023-05-01,38.950045,-76.996480,Ward 5,2023-05-01
2023-05-01,38.943498,-77.082719,Ward 3,2023-05-01
2023-05-01,38.964394,-77.077450,Ward 3,2023-05-02
2023-05-01,38.892235,-76.957763,Ward 7,2023-05-02
2023-05-01,38.981021,-77.033683,Ward 4,2023-05-02
2023-05-01,38.878620,-76.988957,Ward 6,2023-05-01
2023-05-01,38.912017,-77.034824,Ward 2,2023-05-03
2023-05-01,38.950809,-76.996018,Ward 5,2023-05-02
2023-05-01,38.945894,-77.028971,Ward 4,2023-05-02
2023-05-01,38.891724,-76.992859,Ward 6,2023-05-02
2023-05-01,38.864314,-76.950105,Ward 7,2023-05-02
2023-05-01,38.911301,-77.034346,Ward 2,2023-05-03
2023-05-01,38.943409,-77.072153,Ward 3,2023-05-02
2023-05-01,38.903517,-77.036955,Ward 2,2023-05-03
2023-05-01,38.934755,-77.031578,Ward 1,2023-05-02
2023-05-01,38.955272,-76.994290,Ward 5,2023-05-02
2023-05-01,38.942126,-77.033002,Ward 4,2023-05-02
2023-05-01,38.883023,-76.987028,Ward 6,2023-05-02
2023-05-01,38.972102,-77.017268,Ward 4,2023-05-02
2023-05-01,38.918274,-77.002454,Ward 5,2023-05-02
2023-05-02,38.944766,-77.025987,Ward 4,2023-05-02
2023-05-02,38.943321,-77.026190,Ward 4,2023-05-02
2023-05-02,38.890404,-76.923164,Ward 7,2023-05-02
2023-05-02,38.920021,-77.010017,Ward 5,2023-05-02
2023-05-02,38.955384,-76.991385,Ward 5,2023-05-02
2023-05-02,38.911131,-77.048745,Ward 2,2023-05-02
2023-05-02,38.892235,-76.957763,Ward 7,2023-05-02
2023-05-02,38.968375,-77.011191,Ward 4,2023-05-02
2023-05-02,38.899642,-77.015666,Ward 2,2023-05-03
2023-05-02,38.917935,-77.039239,Ward 1,2023-05-03
2023-05-02,38.920533,-77.001823,Ward 5,2023-05-02
2023-05-02,38.890037,-76.923135,Ward 7,2023-05-02
2023-05-02,38.958000,-77.070140,Ward 3,2023-05-02
2023-05-02,38.900430,-77.010677,Ward 6,2023-05-03
2023-05-02,38.900430,-77.010677,Ward 6,2023-05-03
2023-05-02,38.898118,-77.009559,Ward 6,2023-05-03
2023-05-02,38.962888,-77.006439,Ward 4,2023-05-03
2023-05-02,38.890710,-76.949662,Ward 7,2023-05-04
2023-05-02,38.926385,-77.072233,Ward 3,2023-05-03
2023-05-02,38.869009,-76.965800,Ward 7,2023-05-03
2023-05-02,38.846279,-76.991723,Ward 8,2023-05-02
2023-05-02,38.892458,-76.984368,Ward 6,2023-05-03
2023-05-02,38.942126,-77.033002,Ward 4,2023-05-04
2023-05-02,38.929831,-77.039131,Ward 1,2023-05-03
2023-05-02,38.929884,-77.039656,Ward 1,2023-05-03
2023-05-02,38.929509,-77.040336,Ward 1,2023-05-03
2023-05-02,38.929499,-77.040410,Ward 1,2023-05-03
2023-05-02,38.940588,-77.059159,Ward 3,2023-05-03
2023-05-02,38.903878,-76.977892,Ward 5,2023-05-03
2023-05-02,38.949867,-77.073943,Ward 3,2023-05-03
2023-05-02,38.893029,-76.942192,Ward 7,2023-05-04
2023-05-02,38.925738,-77.068307,Ward 3,2023-05-03
2023-05-03,38.925109,-77.067256,Ward 3,2023-05-03
2023-05-03,38.939523,-77.025174,Ward 4,2023-05-03
2023-05-03,38.924440,-77.067224,Ward 3,2023-05-03
2023-05-03,38.913923,-77.043771,Ward 2,2023-05-03
2023-05-03,38.913631,-77.046950,Ward 2,2023-05-03
2023-05-03,38.914093,-77.036509,Ward 2,2023-05-03
2023-05-03,38.912793,-77.032387,Ward 2,2023-05-03
2023-05-03,38.939532,-77.024033,Ward 4,2023-05-03
2023-05-03,38.924907,-77.070082,Ward 3,2023-05-03
2023-05-03,38.882650,-76.989723,Ward 6,2023-05-04
2023-05-03,38.909842,-77.040674,Ward 2,2023-05-04
2023-05-03,38.925621,-77.074857,Ward 3,2023-05-03
2023-05-03,38.915720,-77.036877,Ward 2,2023-05-04
2023-05-03,38.899618,-77.028442,Ward 2,2023-05-04
2023-05-03,38.921752,-76.966184,Ward 5,2023-05-03
2023-05-03,38.932537,-76.990998,Ward 5,2023-05-03
2023-05-03,38.895851,-77.002236,Ward 6,2023-05-04
2023-05-03,38.959453,-77.033146,Ward 4,2023-05-03
2023-05-03,38.879283,-77.016889,Ward 6,2023-05-03
2023-05-03,38.885442,-76.955922,Ward 7,2023-05-04
2023-05-03,38.871877,-76.958107,Ward 7,2023-05-03
2023-05-03,38.921520,-77.041019,Ward 1,2023-05-04
2023-05-03,38.960770,-77.063757,Ward 4,2023-05-04
2023-05-03,38.918015,-77.043790,Ward 1,2023-05-05
2023-05-04,38.953272,-77.019969,Ward 4,2023-05-04
2023-05-04,38.871518,-76.958466,Ward 7,2023-05-04
2023-05-04,38.947142,-77.056885,Ward 3,2023-05-06
2023-05-04,38.902785,-77.049264,Ward 2,2023-05-04
2023-05-04,38.926386,-76.980480,Ward 5,2023-05-04
2023-05-04,38.899932,-76.927040,Ward 7,2023-05-08
2023-05-04,38.954923,-77.006638,Ward 5,2023-05-04
2023-05-04,38.947468,-76.993829,Ward 5,2023-05-08
2023-05-04,38.961894,-77.068109,Ward 3,2023-05-04
2023-05-04,38.924024,-77.044685,Ward 1,2023-05-04
2023-05-04,38.904791,-77.019149,Ward 6,2023-05-05
2023-05-04,38.881911,-76.990564,Ward 6,2023-05-04
2023-05-04,38.892758,-76.949840,Ward 7,2023-05-05
2023-05-04,38.929887,-77.044072,Ward 1,2023-05-05
2023-05-04,38.926465,-76.986092,Ward 5,2023-05-08
2023-05-04,38.920577,-77.001814,Ward 5,2023-05-05
2023-05-04,38.903517,-77.036955,Ward 2,2023-05-05
2023-05-04,38.921151,-77.003751,Ward 5,2023-05-05
2023-05-05,38.891646,-76.998193,Ward 6,2023-05-05
2023-05-05,38.878917,-77.014926,Ward 6,2023-05-05
2023-05-05,38.916082,-77.051303,Ward 2,2023-05-05
2023-05-05,38.916190,-77.054808,Ward 2,2023-05-05
2023-05-05,38.916190,-77.054808,Ward 2,2023-05-05
2023-05-05,38.916525,-77.055238,Ward 2,2023-05-05
2023-05-05,38.897584,-76.990472,Ward 6,2023-05-05
2023-05-05,38.957942,-77.070164,Ward 3,2023-05-05
2023-05-05,38.956489,-77.074903,Ward 3,2023-05-05
2023-05-05,38.907244,-77.023963,Null,2023-05-05
2023-05-05,38.885395,-76.958861,Ward 7,2023-05-05
2023-05-05,38.935708,-77.099765,Ward 3,2023-05-05
2023-05-05,38.966949,-77.065464,Ward 4,2023-05-08
2023-05-05,38.926231,-77.023438,Ward 1,2023-05-05
2023-05-05,38.919314,-76.982323,Ward 5,2023-05-05
2023-05-05,38.963109,-77.067213,Null,2023-05-08
2023-05-05,38.959632,-77.065180,Ward 4,2023-05-08
2023-05-05,38.848815,-76.976523,Ward 8,2023-05-05
2023-05-05,38.905098,-76.988286,Ward 5,2023-05-08
2023-05-05,38.903076,-76.987555,Ward 5,2023-05-08
2023-05-05,38.927323,-77.076160,Ward 3,2023-05-08
2023-05-05,38.903737,-77.029627,Ward 2,2023-05-08
2023-05-05,38.907769,-77.062950,Ward 2,2023-05-08
2023-05-05,38.944578,-77.080686,Ward 3,2023-05-08
2023-05-05,38.930553,-77.000567,Ward 5,2023-05-08
2023-05-05,38.843315,-76.991723,Ward 8,2023-05-09
2023-05-05,38.931328,-76.974775,Ward 5,2023-05-08
2023-05-05,38.922180,-76.965198,Ward 5,2023-05-08
2023-05-05,38.934147,-77.093134,Ward 3,2023-05-08
2023-05-05,38.910831,-76.998195,Ward 5,2023-05-08
2023-05-05,38.923078,-77.041385,Ward 1,2023-05-08
2023-05-05,38.980379,-77.024180,Ward 4,2023-05-08
2023-05-06,38.906777,-76.986021,Ward 5,2023-05-08
2023-05-06,38.906596,-76.985599,Ward 5,2023-05-08
2023-05-06,38.925501,-77.031147,Ward 1,2023-05-08
2023-05-06,38.864876,-76.983481,Ward 8,2023-05-09
2023-05-06,38.922983,-77.095852,Ward 3,2023-05-08
2023-05-06,38.895714,-76.941842,Ward 7,2023-05-08
2023-05-06,38.930232,-76.980758,Ward 5,2023-05-08
2023-05-06,38.887742,-76.997668,Ward 6,2023-05-08
2023-05-06,38.938114,-77.029020,Ward 4,2023-05-08
2023-05-06,38.937511,-77.021218,Ward 4,2023-05-08
2023-05-07,38.820141,-77.009376,Ward 8,2023-05-07
2023-05-07,38.944578,-77.080686,Ward 3,2023-05-08
2023-05-08,38.954922,-77.028609,Ward 4,2023-05-08
2023-05-08,38.986812,-77.033508,Ward 4,2023-05-08
2023-05-08,38.893944,-76.956817,Ward 7,2023-05-08
2023-05-08,38.893879,-76.994722,Ward 6,2023-05-08
2023-05-08,38.911310,-77.018497,Ward 2,2023-05-08
2023-05-08,38.925738,-77.068307,Ward 3,2023-05-08
2023-05-08,38.911015,-76.941236,Ward 7,2023-05-09
2023-05-08,38.911015,-76.941236,Ward 7,2023-05-09
2023-05-08,38.925589,-77.044202,Ward 1,2023-05-08
2023-05-08,38.951624,-77.097055,Ward 3,2023-05-08
2023-05-08,38.924024,-77.044685,Ward 1,2023-05-08
2023-05-08,38.927880,-76.964484,Ward 5,2023-05-08
2023-05-08,38.878375,-76.963939,Ward 7,2023-05-08
2023-05-08,38.900226,-76.972157,Ward 5,2023-05-09
2023-05-08,38.893821,-76.978351,Ward 6,2023-05-08
2023-05-08,38.956425,-77.029064,Ward 4,2023-05-09
2023-05-08,38.893016,-76.980038,Ward 6,2023-05-08
2023-05-08,38.892820,-76.978360,Ward 7,2023-05-08
2023-05-08,38.947467,-76.991180,Ward 5,2023-05-09
2023-05-08,38.947467,-76.991180,Ward 5,2023-05-09
2023-05-08,38.897123,-76.996872,Ward 6,2023-05-09
2023-05-08,38.924598,-77.050622,Ward 3,2023-05-09
2023-05-08,38.956909,-77.064682,Ward 3,2023-05-09
2023-05-08,38.927468,-77.056186,Ward 3,2023-05-09
2023-05-08,38.871646,-76.960280,Ward 7,2023-05-09
2023-05-08,38.923224,-77.040912,Ward 1,2023-05-09
2023-05-08,38.943089,-77.013786,Ward 4,2023-05-09
2023-05-08,38.888808,-76.991220,Ward 6,2023-05-10
2023-05-08,38.897716,-76.995887,Ward 6,2023-05-10
2023-05-08,38.877688,-76.936510,Ward 7,2023-05-09
2023-05-08,38.828900,-76.996658,Ward 8,2023-05-09
2023-05-08,38.934972,-77.041495,Ward 1,2023-05-09
2023-05-08,38.888478,-76.987749,Ward 6,2023-05-10
2023-05-08,38.888478,-76.987749,Ward 6,2023-05-10
2023-05-08,38.958094,-77.002070,Ward 4,2023-05-10
2023-05-08,38.958094,-77.002070,Ward 4,2023-05-09
2023-05-09,38.899976,-77.031213,Ward 2,2023-05-10
2023-05-09,38.923430,-77.043671,Ward 1,2023-05-09
2023-05-09,38.910741,-77.031615,Ward 2,2023-05-10
2023-05-09,38.933288,-77.036456,Ward 1,2023-05-09
2023-05-09,38.918245,-77.038988,Ward 1,2023-05-09
2023-05-09,38.933978,-77.048433,Ward 1,2023-05-09
2023-05-09,38.891684,-76.946516,Ward 7,2023-05-09
2023-05-09,38.888461,-76.977430,Ward 6,2023-05-09
2023-05-09,38.945446,-76.989603,Ward 5,2023-05-09
2023-05-09,38.906503,-77.035509,Ward 2,2023-05-10
2023-05-09,38.906667,-77.036971,Ward 2,2023-05-10
2023-05-09,38.907235,-77.037660,Ward 2,2023-05-10
2023-05-09,38.893346,-76.955951,Ward 7,2023-05-09
2023-05-09,38.891701,-76.946629,Ward 7,2023-05-09
2023-05-09,38.891701,-76.946629,Ward 7,2023-05-09
2023-05-09,38.923078,-77.041385,Ward 1,2023-05-09
2023-05-09,38.929060,-77.040591,Ward 1,2023-05-09
2023-05-09,38.884560,-76.921435,Ward 7,2023-05-09
2023-05-09,38.881471,-77.001276,Ward 6,2023-05-11
2023-05-09,38.909296,-76.934715,Ward 7,2023-05-09
2023-05-09,38.937944,-77.069693,Ward 3,2023-05-09
2023-05-09,38.980934,-77.025629,Ward 4,2023-05-10
2023-05-09,38.911009,-77.053036,Ward 2,2023-05-09
2023-05-09,38.913728,-77.025771,Ward 6,2023-05-10
2023-05-09,38.947204,-77.020206,Ward 4,2023-05-10
2023-05-09,38.887923,-76.989953,Ward 6,2023-05-10
2023-05-09,38.951236,-77.082884,Ward 3,2023-05-10
2023-05-09,38.886625,-76.958132,Ward 7,2023-05-09
2023-05-09,38.910449,-77.021126,Ward 2,2023-05-10
2023-05-09,38.896314,-76.999304,Ward 6,2023-05-10
2023-05-09,38.948583,-77.021675,Ward 4,2023-05-10
2023-05-09,38.912138,-77.068074,Ward 2,2023-05-11
2023-05-09,38.908611,-77.041402,Ward 2,2023-05-10
2023-05-09,38.979872,-77.025614,Ward 4,2023-05-11
2023-05-09,38.912236,-77.038782,Ward 2,2023-05-10
2023-05-09,38.891413,-76.946992,Ward 7,2023-05-10
2023-05-09,38.840286,-77.005973,Ward 8,2023-05-10
2023-05-09,38.893590,-76.978435,Ward 6,2023-05-10
2023-05-10,38.986353,-77.030285,Ward 4,2023-05-10
2023-05-10,38.891701,-76.946629,Ward 7,2023-05-10
2023-05-10,38.926512,-77.071123,Ward 3,2023-05-10
2023-05-10,38.925275,-77.071150,Ward 3,2023-05-10
2023-05-10,38.891649,-76.946102,Ward 7,2023-05-10
2023-05-10,38.924700,-77.070886,Ward 3,2023-05-10
2023-05-10,38.936008,-77.029344,Ward 1,2023-05-10
2023-05-10,38.925603,-77.069568,Ward 3,2023-05-10
2023-05-10,38.925318,-77.069347,Ward 3,2023-05-10
2023-05-10,38.924752,-77.067880,Ward 3,2023-05-10
2023-05-10,38.917950,-77.041916,Ward 1,2023-05-10
2023-05-10,38.921927,-77.042734,Ward 1,2023-05-10
2023-05-10,38.898279,-76.981755,Ward 6,2023-05-10
2023-05-10,38.891819,-76.957999,Ward 7,2023-05-10
2023-05-10,38.898318,-76.981716,Ward 6,2023-05-10
2023-05-10,38.926801,-76.968772,Ward 5,2023-05-10
2023-05-10,38.949376,-77.058568,Ward 3,2023-05-10
2023-05-10,38.858471,-76.956467,Ward 7,2023-05-10
2023-05-10,38.866806,-76.948936,Ward 7,2023-05-10
2023-05-10,38.951069,-77.071967,Ward 3,2023-05-10
2023-05-10,38.884961,-76.921788,Ward 7,2023-05-10
2023-05-10,38.980379,-77.024180,Ward 4,2023-05-11
2023-05-10,38.949501,-77.083004,Ward 3,2023-05-11
2023-05-10,38.934921,-77.067769,Ward 3,2023-05-11
2023-05-10,38.930357,-76.992240,Ward 5,2023-05-11
2023-05-10,38.881763,-76.942803,Ward 7,2023-05-10
2023-05-10,38.990738,-77.042320,Ward 4,2023-05-11
2023-05-10,38.871633,-76.949469,Ward 7,2023-05-11
2023-05-10,38.930652,-76.992990,Ward 5,2023-05-11
2023-05-10,38.950866,-77.088218,Ward 3,2023-05-11
2023-05-10,38.941843,-77.013941,Ward 4,2023-05-11
2023-05-10,38.914275,-76.972610,Ward 5,2023-05-11
2023-05-10,38.940070,-77.093064,Ward 3,2023-05-11
2023-05-11,38.917771,-77.050842,Ward 2,2023-05-11
2023-05-11,38.917643,-77.050381,Ward 2,2023-05-11
2023-05-11,38.917715,-77.049815,Ward 2,2023-05-11
2023-05-11,38.918419,-77.049846,Ward 2,2023-05-11
2023-05-11,38.918067,-77.048878,Ward 2,2023-05-11
2023-05-11,38.923472,-77.043148,Ward 1,2023-05-12
2023-05-11,38.919536,-77.045000,Ward 1,2023-05-11
2023-05-11,38.919165,-77.046193,Ward 1,2023-05-12
2023-05-11,38.968045,-77.066149,Ward 4,2023-05-11
2023-05-11,38.969225,-77.023943,Ward 4,2023-05-11
2023-05-11,38.891684,-76.946516,Ward 7,2023-05-11
2023-05-11,38.896119,-77.003510,Ward 6,2023-05-12
2023-05-11,38.954484,-77.084009,Ward 3,2023-05-11
2023-05-11,38.959101,-77.036042,Ward 4,2023-05-11
2023-05-11,38.926154,-77.033650,Ward 1,2023-05-12
2023-05-11,38.925509,-77.041164,Ward 1,2023-05-11
2023-05-11,38.924902,-76.966737,Ward 5,2023-05-12
2023-05-11,38.926990,-77.028581,Ward 1,2023-05-12
2023-05-11,38.953278,-77.021291,Ward 4,2023-05-11
2023-05-11,38.934485,-77.102525,Ward 3,2023-05-11
2023-05-11,38.892004,-76.988350,Ward 6,2023-05-11
2023-05-11,38.940070,-77.093064,Ward 3,2023-05-11
2023-05-11,38.986396,-77.033100,Ward 4,2023-05-11
2023-05-11,38.847194,-76.983109,Ward 8,2023-05-11
2023-05-11,38.928370,-77.036795,Ward 1,2023-05-14
2023-05-11,38.909238,-77.055254,Ward 2,2023-05-11
2023-05-11,38.904818,-77.028628,Ward 2,2023-05-12
2023-05-11,38.940070,-77.093064,Ward 3,2023-05-11
2023-05-11,38.914089,-77.029620,Null,2023-05-12
2023-05-11,38.939754,-77.041596,Ward 4,2023-05-12
2023-05-11,38.838513,-76.993912,Ward 8,2023-05-12
2023-05-11,38.937061,-77.059783,Ward 3,2023-05-12
2023-05-11,38.907048,-76.980692,Ward 5,2023-05-12
2023-05-11,38.915753,-77.043129,Ward 2,2023-05-12
2023-05-11,38.958189,-77.017647,Ward 4,2023-05-12
2023-05-12,38.937061,-77.059783,Ward 3,2023-05-12
2023-05-12,38.857589,-76.998451,Ward 8,2023-05-12
2023-05-12,38.910667,-77.034832,Ward 2,2023-05-12
2023-05-12,38.911963,-77.034820,Ward 2,2023-05-15
2023-05-12,38.958533,-77.012380,Ward 4,2023-05-12
2023-05-12,38.918268,-77.027740,Ward 1,2023-05-15
2023-05-12,38.905090,-76.934565,Ward 7,2023-05-12
2023-05-12,38.928632,-77.028606,Ward 1,2023-05-12
2023-05-12,38.948030,-77.025590,Ward 4,2023-05-12
2023-05-12,38.932045,-76.981100,Ward 5,2023-05-12
2023-05-12,38.885222,-76.981013,Ward 6,2023-05-12
2023-05-12,38.894352,-76.987308,Ward 6,2023-05-12
2023-05-12,38.887093,-76.991313,Ward 6,2023-05-15
2023-05-12,38.950207,-76.995481,Ward 5,2023-05-12
2023-05-12,38.888838,-76.978364,Ward 7,2023-05-15
2023-05-12,38.925876,-77.040313,Ward 1,2023-05-14
2023-05-12,38.947467,-76.991180,Ward 5,2023-05-15
2023-05-12,38.904791,-77.019149,Ward 6,2023-05-15
2023-05-12,38.870941,-76.971793,Ward 8,2023-05-12
2023-05-12,38.948493,-77.023401,Ward 4,2023-05-16
2023-05-12,38.914647,-77.013070,Ward 5,2023-05-15
2023-05-13,38.894502,-76.993454,Ward 6,2023-05-15
2023-05-13,38.965143,-77.070865,Ward 3,2023-05-15
2023-05-13,38.984108,-77.030855,Ward 4,2023-05-15
2023-05-13,38.912362,-76.934311,Ward 7,2023-05-15
2023-05-13,38.946299,-77.030309,Ward 4,2023-05-15
2023-05-13,38.955219,-77.081787,Ward 3,2023-05-16
2023-05-13,38.954465,-77.089045,Ward 3,2023-05-15
2023-05-13,38.897002,-76.973655,Ward 7,2023-05-15
2023-05-13,38.932012,-77.031298,Ward 1,2023-05-15
2023-05-13,38.915839,-77.033833,Ward 2,2023-05-15
2023-05-13,38.981162,-77.033718,Ward 4,2023-05-15
2023-05-14,38.876795,-77.001298,Ward 6,2023-05-15
2023-05-14,38.985716,-77.028089,Ward 4,2023-05-15
2023-05-14,38.912368,-77.087688,Ward 3,2023-05-15
2023-05-14,38.928895,-77.083206,Ward 3,2023-05-15
2023-05-14,38.891051,-76.918888,Ward 7,2023-05-15
2023-05-14,38.981162,-77.033718,Ward 4,2023-05-15
2023-05-14,38.945943,-77.023277,Ward 4,2023-05-17
2023-05-14,38.919112,-77.040822,Ward 1,2023-05-15
2023-05-14,38.945063,-77.028463,Ward 4,2023-05-15
2023-05-14,38.958057,-77.088862,Ward 3,2023-05-15
2023-05-15,38.888859,-76.999972,Ward 6,2023-05-15
2023-05-15,38.906435,-76.978719,Ward 5,2023-05-15
2023-05-15,38.920329,-77.039613,Ward 1,2023-05-15
2023-05-15,38.942239,-77.043532,Ward 4,2023-05-15
2023-05-15,38.914672,-77.040103,Ward 2,2023-05-16
2023-05-15,38.924755,-76.992683,Ward 5,2023-05-15
2023-05-15,38.924804,-76.992683,Ward 5,2023-05-15
2023-05-15,38.920021,-77.010017,Ward 5,2023-05-15
2023-05-15,38.943492,-77.017427,Ward 4,2023-05-15
2023-05-15,38.945063,-77.028463,Ward 4,2023-05-15
2023-05-15,38.968809,-77.031083,Ward 4,2023-05-15
2023-05-15,38.953120,-77.034519,Ward 4,2023-05-15
2023-05-15,38.888887,-77.000031,Ward 6,2023-05-15
2023-05-15,38.851954,-76.971320,Ward 8,2023-05-17
2023-05-15,38.868209,-76.944950,Ward 7,2023-05-15
2023-05-15,38.953664,-77.016851,Ward 4,2023-05-16
2023-05-15,38.933036,-76.964493,Ward 5,2023-05-15
2023-05-15,38.966782,-77.060060,Ward 4,2023-05-16
2023-05-15,38.980356,-77.027592,Ward 4,2023-05-16
2023-05-15,38.953664,-77.016851,Ward 4,2023-05-16
2023-05-15,38.949197,-77.020167,Ward 4,2023-05-16
2023-05-15,38.863346,-76.993676,Ward 8,2023-05-16
2023-05-15,38.888505,-76.985049,Ward 6,2023-05-17
2023-05-16,38.953147,-77.032057,Ward 4,2023-05-16
2023-05-16,38.975648,-77.025853,Ward 4,2023-05-16
2023-05-16,38.904587,-77.019151,Ward 6,2023-05-16
2023-05-16,38.980244,-77.027570,Ward 4,2023-05-16
2023-05-16,38.967759,-77.030391,Ward 4,2023-05-16
2023-05-16,38.847421,-77.003108,Ward 8,2023-05-17
2023-05-16,38.965142,-77.027116,Ward 4,2023-05-16
2023-05-16,38.920434,-77.013176,Ward 5,2023-05-17
2023-05-16,38.943117,-77.012736,Ward 4,2023-05-16
2023-05-16,38.887574,-76.952031,Ward 7,2023-05-16
2023-05-16,38.887546,-76.935155,Ward 7,2023-05-16
2023-05-16,38.948989,-77.029701,Ward 4,2023-05-16
2023-05-16,38.936303,-77.019928,Ward 1,2023-05-17
2023-05-16,38.927557,-76.975124,Ward 5,2023-05-16
2023-05-16,38.932244,-76.980919,Ward 5,2023-05-16
2023-05-16,38.943886,-76.978064,Ward 5,2023-05-16
2023-05-16,38.980934,-77.025629,Ward 4,2023-05-16
2023-05-16,38.890786,-76.985228,Ward 6,2023-05-16
2023-05-16,38.929567,-76.969401,Ward 5,2023-05-16
2023-05-16,38.929784,-76.969616,Ward 5,2023-05-16
2023-05-16,38.919357,-77.076860,Ward 3,2023-05-16
2023-05-16,38.928488,-76.956872,Ward 5,2023-05-16
2023-05-16,38.906090,-77.065639,Ward 2,2023-05-17
2023-05-16,38.878139,-76.942586,Ward 7,2023-05-16
2023-05-16,38.932126,-76.972435,Ward 5,2023-05-16
2023-05-16,38.925580,-76.965609,Ward 5,2023-05-16
2023-05-16,38.916429,-77.005889,Ward 5,2023-05-17
2023-05-16,38.892086,-77.015232,Ward 6,2023-05-18
2023-05-16,38.947041,-76.990476,Ward 5,2023-05-17
2023-05-16,38.960687,-77.003441,Ward 4,2023-05-17
2023-05-16,38.888876,-77.000102,Ward 6,2023-05-17
2023-05-16,38.929123,-77.088295,Ward 3,2023-05-17
2023-05-16,38.987836,-77.032603,Ward 4,2023-05-17
2023-05-16,38.890783,-76.929011,Ward 7,2023-05-16
2023-05-16,38.928376,-77.053791,Ward 3,2023-05-17
2023-05-16,38.828900,-76.996658,Ward 8,2023-05-17
2023-05-16,38.963065,-77.004147,Ward 4,2023-05-17
2023-05-16,38.893325,-77.019621,Ward 2,2023-05-19
2023-05-16,38.955176,-77.088003,Ward 3,2023-05-17
2023-05-17,38.918245,-77.003225,Ward 5,2023-05-18
2023-05-17,38.959656,-77.029409,Ward 4,2023-05-17
2023-05-17,38.963755,-77.077941,Ward 3,2023-05-17
2023-05-17,38.901586,-77.038135,Ward 2,2023-05-17
2023-05-17,38.902057,-77.047611,Ward 2,2023-05-18
2023-05-17,38.903245,-77.051105,Ward 2,2023-05-18
2023-05-17,38.909495,-77.024311,Ward 2,2023-05-17
2023-05-17,38.902978,-77.051416,Ward 2,2023-05-18
2023-05-17,38.904241,-76.945291,Ward 7,2023-05-17
2023-05-17,38.961024,-77.001571,Ward 4,2023-05-17
2023-05-17,38.903800,-77.053781,Ward 2,2023-05-18
2023-05-17,38.904329,-77.054358,Ward 2,2023-05-18
2023-05-17,38.909397,-77.027387,Ward 2,2023-05-17
2023-05-17,38.893821,-76.978351,Ward 6,2023-05-17
2023-05-17,38.893821,-76.978351,Ward 6,2023-05-17
2023-05-17,38.927118,-77.105293,Ward 3,2023-05-17
2023-05-17,38.924077,-76.976709,Ward 5,2023-05-17
2023-05-17,38.943160,-77.081732,Ward 3,2023-05-18
2023-05-17,38.883769,-76.988069,Ward 6,2023-05-17
2023-05-17,38.934274,-76.963450,Ward 5,2023-05-17
2023-05-17,38.896306,-76.985293,Ward 6,2023-05-17
2023-05-17,38.858094,-76.996005,Ward 8,2023-05-18
2023-05-17,38.909397,-77.027387,Ward 2,2023-05-18
2023-05-17,38.922340,-77.022258,Ward 1,2023-05-18
2023-05-17,38.889511,-76.996956,Ward 6,2023-05-18
2023-05-17,38.905835,-76.984694,Ward 5,2023-05-18
2023-05-17,38.926861,-77.073444,Ward 3,2023-05-18
2023-05-17,38.939697,-77.019311,Ward 4,2023-05-18
2023-05-17,38.892193,-76.989547,Ward 6,2023-05-19
2023-05-17,38.912784,-77.003248,Ward 5,2023-05-18
2023-05-17,38.892170,-76.992414,Ward 6,2023-05-18
2023-05-17,38.952386,-77.009833,Ward 4,2023-05-18
2023-05-18,38.879808,-76.939191,Ward 7,2023-05-18
2023-05-18,38.936800,-76.990369,Ward 5,2023-05-18
2023-05-18,38.961077,-77.000798,Ward 4,2023-05-18
2023-05-18,38.920161,-76.984367,Ward 5,2023-05-18
2023-05-18,38.926206,-76.999266,Ward 5,2023-05-18
2023-05-18,38.914378,-77.038710,Ward 2,2023-05-18
2023-05-18,38.956909,-77.064682,Ward 3,2023-05-18
2023-05-18,38.880823,-76.987541,Ward 6,2023-05-18
2023-05-18,38.894425,-76.979215,Ward 6,2023-05-18
2023-05-18,38.882242,-76.996436,Ward 6,2023-05-18
2023-05-18,38.947021,-77.025843,Ward 4,2023-05-19
2023-05-18,38.897888,-76.991256,Ward 6,2023-05-19
2023-05-18,38.989497,-77.033367,Ward 4,2023-05-18
2023-05-18,38.920940,-77.100753,Ward 3,2023-05-19
2023-05-18,38.931519,-77.034152,Ward 1,2023-05-19
2023-05-18,38.893300,-76.976742,Null,2023-06-02
2023-05-18,38.881763,-76.942803,Ward 7,2023-05-19
2023-05-18,38.950225,-77.067571,Ward 3,2023-05-19
2023-05-18,38.986393,-77.035054,Ward 4,2023-05-19
2023-05-18,38.923439,-76.978146,Ward 5,2023-05-19
2023-05-18,38.910980,-77.014853,Ward 5,2023-05-19
2023-05-19,38.972080,-77.028649,Ward 4,2023-05-19
2023-05-19,38.989011,-77.044409,Ward 4,2023-05-19
2023-05-19,38.919659,-77.041704,Ward 1,2023-05-19
2023-05-19,38.916523,-77.041375,Ward 2,2023-05-19
2023-05-19,38.913356,-77.041662,Ward 2,2023-05-19
2023-05-19,38.909853,-77.041468,Ward 2,2023-05-19
2023-05-19,38.906970,-77.041431,Ward 2,2023-05-19
2023-05-19,38.870400,-76.963089,Ward 7,2023-05-19
2023-05-19,38.867750,-76.963852,Ward 7,2023-05-19
2023-05-19,38.936517,-77.031489,Ward 1,2023-05-19
2023-05-19,38.930497,-77.043665,Ward 1,2023-05-19
2023-05-19,38.936432,-77.026634,Ward 4,2023-05-19
2023-05-19,38.913500,-77.025299,Ward 6,2023-05-19
2023-05-19,38.977069,-77.061170,Ward 4,2023-05-19
2023-05-19,38.871811,-76.977098,Ward 8,2023-05-19
2023-05-19,38.913898,-77.024143,Ward 6,2023-05-19
2023-05-19,38.913889,-77.025297,Ward 2,2023-05-19
2023-05-19,38.829372,-77.000261,Ward 8,2023-05-24
2023-05-19,38.918579,-77.027865,Ward 1,2023-05-22
2023-05-19,38.911015,-76.941236,Ward 7,2023-05-19
2023-05-19,38.989011,-77.044409,Ward 4,2023-05-22
2023-05-20,38.869124,-76.978599,Ward 8,2023-05-22
2023-05-20,38.913887,-77.010404,Ward 5,2023-05-22
2023-05-20,38.953865,-77.088904,Ward 3,2023-05-22
2023-05-20,38.888277,-76.923828,Ward 7,2023-05-22
2023-05-20,38.923684,-77.043703,Ward 1,2023-05-22
2023-05-20,38.914664,-77.024263,Ward 1,2023-05-22
2023-05-20,38.904266,-77.001101,Ward 6,2023-05-22
2023-05-21,38.900868,-77.019909,Ward 2,2023-05-22
2023-05-21,38.922104,-77.030254,Ward 1,2023-05-22
2023-05-21,38.963149,-77.023958,Ward 4,2023-05-22
2023-05-21,38.949674,-77.022636,Ward 4,2023-05-22
2023-05-21,38.888489,-76.982017,Ward 6,2023-05-22
2023-05-21,38.925299,-77.023501,Ward 1,2023-05-22
2023-05-21,38.972835,-77.020174,Ward 4,2023-05-22
2023-05-21,38.882999,-76.957625,Ward 7,2023-05-22
2023-05-21,38.936224,-77.098761,Ward 3,2023-05-21
2023-05-21,38.903001,-76.985672,Ward 5,2023-05-22
2023-05-22,38.877741,-76.984399,Ward 6,2023-05-23
2023-05-22,38.936097,-77.063401,Ward 3,2023-05-22
2023-05-22,38.938772,-77.065382,Ward 3,2023-05-22
2023-05-22,38.964901,-77.070233,Ward 3,2023-05-22
2023-05-22,38.910315,-77.031110,Ward 2,2023-05-24
2023-05-22,38.897808,-77.002285,Ward 6,2023-05-22
2023-05-22,38.890927,-76.980764,Ward 6,2023-05-22
2023-05-22,38.867446,-76.943550,Ward 7,2023-05-22
2023-05-22,38.946496,-77.087332,Ward 3,2023-05-22
2023-05-22,38.860125,-76.973692,Ward 8,2023-06-02
2023-05-22,38.921500,-77.043180,Ward 1,2023-05-22
2023-05-22,38.922530,-77.043237,Ward 1,2023-05-22
2023-05-22,38.929465,-77.043554,Ward 1,2023-05-22
2023-05-22,38.857200,-76.964623,Ward 7,2023-05-25
2023-05-22,38.888277,-76.923828,Ward 7,2023-05-23
2023-05-22,38.868948,-76.941610,Ward 7,2023-05-23
2023-05-22,38.960741,-77.018034,Ward 4,2023-05-23
2023-05-22,38.967159,-77.009517,Ward 4,2023-05-23
2023-05-22,38.927873,-76.989294,Ward 5,2023-05-23
2023-05-22,38.919002,-77.047706,Ward 1,2023-05-23
2023-05-22,38.841694,-76.983586,Ward 8,2023-05-24
2023-05-22,38.942902,-77.001434,Ward 5,2023-05-23
2023-05-23,38.941796,-76.989753,Ward 5,2023-05-23
2023-05-23,38.858716,-76.964495,Ward 7,2023-05-25
2023-05-23,38.894012,-76.935148,Ward 7,2023-05-23
2023-05-23,38.898319,-76.936601,Ward 7,2023-05-23
2023-05-23,38.913222,-77.026232,Ward 2,2023-05-24
2023-05-23,38.968872,-77.034606,Ward 4,2023-05-24
2023-05-23,38.885046,-76.957919,Ward 7,2023-05-23
2023-05-23,38.885046,-76.957919,Ward 7,2023-05-23
2023-05-23,38.885046,-76.957919,Ward 7,2023-05-23
2023-05-23,38.882642,-76.945724,Ward 7,2023-05-24
2023-05-23,38.879286,-77.017547,Ward 6,2023-05-24
2023-05-23,38.968468,-77.023376,Ward 4,2023-05-24
2023-05-23,38.867006,-76.981029,Ward 8,2023-05-24
2023-05-23,38.900879,-77.052632,Ward 2,2023-05-25
2023-05-23,38.830792,-76.997346,Ward 8,2023-05-24
2023-05-23,38.881640,-76.996438,Ward 6,2023-05-24
2023-05-23,38.870480,-76.981016,Ward 8,2023-05-24
2023-05-23,38.879728,-76.940606,Ward 7,2023-05-25
2023-05-23,38.868097,-76.965999,Ward 7,2023-05-24
2023-05-23,38.935153,-76.990852,Ward 5,2023-06-02
2023-05-23,38.979637,-77.029916,Ward 4,2023-05-24
2023-05-23,38.942013,-76.992387,Ward 5,2023-05-24
2023-05-23,38.891771,-76.992860,Ward 6,2023-05-24
2023-05-23,38.869669,-76.969888,Ward 7,2023-05-25
2023-05-23,38.919805,-76.985523,Ward 5,2023-05-24
2023-05-23,38.929906,-77.029474,Ward 1,2023-05-24
2023-05-24,38.944865,-77.043549,Ward 4,2023-05-24
2023-05-24,38.865373,-76.990642,Ward 8,2023-05-24
2023-05-24,38.940880,-76.991418,Ward 5,2023-05-24
2023-05-24,38.944198,-77.085972,Ward 3,2023-05-24
2023-05-24,38.972839,-77.064188,Ward 4,2023-05-24
2023-05-24,38.938058,-76.978053,Ward 5,2023-05-24
2023-05-24,38.936884,-76.973945,Ward 5,2023-05-24
2023-05-24,38.964647,-77.072968,Ward 3,2023-05-24
2023-05-24,38.932225,-77.039887,Ward 1,2023-05-24
2023-05-24,38.934556,-76.973921,Ward 5,2023-05-24
2023-05-24,38.977766,-77.057319,Ward 4,2023-05-24
2023-05-24,38.922093,-77.042161,Ward 1,2023-05-25
2023-05-24,38.991967,-77.038802,Ward 4,2023-05-24
2023-05-24,38.942415,-76.987490,Ward 5,2023-05-25
2023-05-24,38.888860,-76.994687,Ward 6,2023-05-25
2023-05-24,38.912421,-77.030753,Ward 2,2023-05-25
2023-05-24,38.945306,-77.034261,Ward 4,2023-05-24
2023-05-24,38.876783,-77.012909,Ward 6,2023-05-26
2023-05-24,38.844419,-76.993251,Ward 8,2023-05-25
2023-05-24,38.908742,-77.027448,Ward 2,2023-05-25
2023-05-24,38.888274,-76.999272,Ward 6,2023-05-25
2023-05-24,38.897336,-76.916660,Ward 7,2023-06-02
2023-05-24,38.930485,-76.961685,Ward 5,2023-05-25
2023-05-24,38.965965,-77.035568,Ward 4,2023-05-25
2023-05-24,38.933395,-77.027243,Ward 1,2023-05-25
2023-05-24,38.933549,-77.027673,Ward 1,2023-05-25
2023-05-24,38.935619,-77.027200,Null,2023-05-25
2023-05-25,38.913755,-77.040005,Ward 2,2023-05-25
2023-05-25,38.916486,-77.042681,Ward 1,2023-05-25
2023-05-25,38.919079,-77.041829,Ward 1,2023-05-25
2023-05-25,38.912923,-77.033093,Ward 2,2023-05-26
2023-05-25,38.963786,-77.071959,Ward 3,2023-05-25
2023-05-25,38.911015,-76.941236,Ward 7,2023-05-26
2023-05-25,38.848158,-76.970084,Ward 8,2023-05-25
2023-05-25,38.912368,-77.087688,Ward 3,2023-05-26
2023-05-25,38.876003,-76.934765,Ward 7,2023-05-26
2023-05-25,38.869600,-76.942340,Ward 7,2023-05-25
2023-05-25,38.938642,-77.019235,Ward 4,2023-05-26
2023-05-25,38.898854,-76.977494,Ward 6,2023-06-02
2023-05-25,38.886625,-76.958132,Ward 7,2023-05-25
2023-05-25,38.888808,-76.991220,Ward 6,2023-05-25
2023-05-25,38.883539,-76.992435,Ward 6,2023-05-26
2023-05-25,38.888672,-76.985511,Ward 6,2023-05-25
2023-05-25,38.958531,-77.075959,Ward 3,2023-05-26
2023-05-25,38.903405,-76.995231,Ward 6,2023-05-26
2023-05-25,38.902804,-76.998854,Ward 6,2023-05-26
2023-05-25,38.939458,-76.986177,Ward 5,2023-05-26
2023-05-25,38.938123,-76.977414,Ward 5,2023-05-26
2023-05-25,38.938156,-76.978056,Ward 5,2023-05-26
2023-05-26,38.951375,-77.014729,Ward 4,2023-05-26
2023-05-26,38.904103,-77.017403,Ward 6,2023-05-26
2023-05-26,38.941826,-77.000541,Ward 5,2023-05-26
2023-05-26,38.886335,-76.943800,Ward 7,2023-05-30
2023-05-26,38.846538,-76.970997,Ward 8,2023-05-26
2023-05-26,38.941619,-76.991201,Ward 5,2023-05-26
2023-05-26,38.875806,-76.932753,Ward 7,2023-05-26
2023-05-26,38.891885,-76.927957,Ward 7,2023-05-26
2023-05-26,38.890780,-76.927964,Ward 7,2023-05-26
2023-05-26,38.927529,-77.088633,Ward 3,2023-05-30
2023-05-26,38.905217,-76.946133,Ward 7,2023-05-31
2023-05-26,38.939691,-77.097012,Ward 3,2023-05-30
2023-05-26,38.893737,-76.934627,Ward 7,2023-05-30
2023-05-26,38.953206,-77.010651,Ward 4,2023-05-30
2023-05-26,38.918579,-77.027865,Ward 1,2023-05-30
2023-05-26,38.917231,-77.018782,Ward 1,2023-05-30
2023-05-26,38.933758,-77.073497,Ward 3,2023-05-30
2023-05-27,38.932027,-77.034494,Ward 1,2023-05-30
2023-05-27,38.899677,-76.988698,Ward 6,2023-05-30
2023-05-27,38.845262,-76.995705,Ward 8,2023-05-31
2023-05-27,38.893753,-76.989659,Ward 6,2023-05-30
2023-05-27,38.930562,-77.037276,Ward 1,2023-05-31
2023-05-27,38.930562,-77.037276,Ward 1,2023-05-31
2023-05-27,38.911300,-77.023786,Ward 6,2023-05-30
2023-05-27,38.910795,-77.015974,Ward 5,2023-05-30
2023-05-27,38.886333,-76.924027,Ward 7,2023-05-30
2023-05-28,38.884606,-76.991283,Ward 6,2023-05-30
2023-05-28,38.843487,-76.999911,Ward 8,2023-05-31
2023-05-28,38.896331,-77.003319,Ward 6,2023-05-30
2023-05-28,38.896331,-77.003319,Ward 6,2023-05-30
2023-05-28,38.934286,-76.977731,Ward 5,2023-05-30
2023-05-29,38.958826,-77.070222,Ward 3,2023-05-30
2023-05-29,38.919314,-76.982323,Ward 5,2023-05-30
2023-05-29,38.941641,-76.988059,Ward 5,2023-05-30
2023-05-29,38.932012,-77.031298,Ward 1,2023-05-30
2023-05-29,38.931074,-76.966508,Ward 5,2023-05-30
2023-05-29,38.913899,-77.049122,Ward 2,2023-05-30
2023-05-29,38.881272,-77.002043,Ward 6,2023-05-30
2023-05-29,38.969512,-77.060674,Ward 4,2023-05-30
2023-05-30,38.968457,-77.025190,Ward 4,2023-05-30
2023-05-30,38.967780,-77.025134,Ward 4,2023-05-30
2023-05-30,38.839190,-77.005498,Ward 8,2023-05-31
2023-05-30,38.959854,-77.017334,Ward 4,2023-05-30
2023-05-30,38.886681,-77.032686,Ward 2,2023-05-30
2023-05-30,38.895635,-76.983023,Ward 6,2023-05-30
2023-05-30,38.882558,-76.995924,Ward 6,2023-05-30
2023-05-30,38.912708,-77.067900,Ward 2,2023-05-30
2023-05-30,38.950486,-76.996281,Ward 5,2023-05-30
2023-05-30,38.917637,-77.014571,Null,2023-05-30
2023-05-30,38.916818,-77.075434,Ward 2,2023-05-31
2023-05-30,38.926523,-76.990519,Ward 5,2023-05-30
2023-05-30,38.936177,-77.034229,Ward 1,2023-05-30
2023-05-30,38.893843,-76.957775,Ward 7,2023-05-30
2023-05-30,38.881076,-76.991142,Ward 6,2023-05-30
2023-05-30,38.935444,-76.975544,Ward 5,2023-05-30
2023-05-30,38.933808,-76.990907,Ward 5,2023-05-30
2023-05-30,38.843711,-76.980884,Ward 8,2023-05-31
2023-05-30,38.939697,-77.019311,Ward 4,2023-05-31
2023-05-30,38.930412,-76.961599,Ward 5,2023-05-30
2023-05-30,38.925656,-77.074395,Ward 3,2023-05-31
2023-05-30,38.935819,-77.033614,Ward 1,2023-05-30
2023-05-30,38.898828,-76.917339,Ward 7,2023-05-31
2023-05-30,38.934513,-77.107878,Ward 3,2023-05-31
2023-05-30,38.941988,-77.005435,Ward 5,2023-05-31
2023-05-30,38.906494,-77.052676,Ward 2,2023-05-31
2023-05-30,38.896140,-76.930966,Ward 7,2023-05-31
2023-05-30,38.909479,-77.082438,Ward 3,2023-05-31
2023-05-30,38.843284,-76.989384,Ward 8,2023-05-31
2023-05-30,38.939150,-77.028274,Ward 4,2023-05-31
2023-05-30,38.944139,-77.014569,Ward 4,2023-05-31
2023-05-30,38.964231,-77.078696,Ward 3,2023-05-31
2023-05-30,38.939534,-77.092940,Ward 3,2023-05-31
2023-05-30,38.895333,-76.941732,Ward 7,2023-05-31
2023-05-30,38.950792,-76.987867,Ward 5,2023-05-31
2023-05-31,38.862765,-76.992245,Ward 8,2023-05-31
2023-05-31,38.911214,-77.062030,Ward 2,2023-05-31
2023-05-31,38.945270,-77.082688,Ward 3,2023-05-31
2023-05-31,38.884952,-77.018470,Ward 6,2023-05-31
2023-05-31,38.905046,-77.016384,Ward 6,2023-05-31
2023-05-31,38.936393,-77.031023,Ward 1,2023-05-31
2023-05-31,38.978889,-77.030223,Ward 4,2023-05-31
2023-05-31,38.878569,-76.965126,Ward 7,2023-05-31
2023-05-31,38.938365,-77.070182,Ward 3,2023-05-31
2023-05-31,38.898828,-76.917339,Ward 7,2023-05-31
2023-05-31,38.932151,-77.042355,Ward 1,2023-05-31
2023-05-31,38.963768,-77.068994,Ward 3,2023-05-31
2023-05-31,38.920872,-77.038239,Ward 1,2023-05-31
2023-05-31,38.863069,-76.955464,Ward 7,2023-05-31
2023-05-31,38.962918,-77.065718,Ward 4,2023-06-01
2023-05-31,38.964231,-77.078696,Ward 3,2023-05-31
2023-05-31,38.833201,-77.004424,Ward 8,2023-06-01
2023-05-31,38.899203,-76.939364,Ward 7,2023-05-31
2023-05-31,38.894606,-76.989086,Ward 6,2023-06-01
2023-05-31,38.935263,-76.973302,Ward 5,2023-06-01
2023-05-31,38.898802,-76.931387,Ward 7,2023-06-01
2023-05-31,38.890830,-76.920133,Ward 7,2023-06-01
2023-05-31,38.942301,-76.988555,Ward 5,2023-06-01
2023-05-31,38.939711,-76.995196,Ward 5,2023-06-01
2023-06-01,38.961581,-77.005245,Ward 4,2023-06-01
2023-06-01,38.861630,-76.989460,Ward 8,2023-06-01
2023-06-01,38.846181,-76.971426,Ward 8,2023-06-01
2023-06-01,38.921896,-77.075121,Ward 3,2023-06-01
2023-06-01,38.823178,-76.999274,Ward 8,2023-06-01
2023-06-01,38.855662,-76.967238,Ward 8,2023-06-01
2023-06-01,38.945494,-77.033026,Ward 4,2023-06-01
2023-06-01,38.922301,-77.076809,Ward 3,2023-06-01
2023-06-01,38.904380,-76.991744,Ward 5,2023-06-02
2023-06-01,38.900481,-77.039742,Ward 2,2023-06-02
2023-06-01,38.945494,-77.033026,Ward 4,2023-06-02
2023-06-01,38.953164,-77.078324,Ward 3,2023-06-05
2023-06-01,38.904380,-76.991744,Ward 5,2023-06-02
2023-06-01,38.904962,-76.995809,Ward 6,2023-06-01
2023-06-01,38.860840,-76.988501,Ward 8,2023-06-01
2023-06-01,38.837047,-77.002814,Ward 8,2023-06-02
2023-06-02,38.941418,-77.094621,Ward 3,2023-06-02
2023-06-02,38.896323,-76.998993,Ward 6,2023-06-02
2023-06-02,38.909036,-77.059395,Ward 2,2023-06-02
2023-06-02,38.898927,-76.942248,Ward 7,2023-06-03
2023-06-02,38.914650,-77.024846,Ward 1,2023-06-02
2023-06-02,38.968839,-77.014675,Ward 4,2023-06-02
2023-06-02,38.943089,-77.013786,Ward 4,2023-06-02
2023-06-02,38.956804,-77.062997,Ward 3,2023-06-05
2023-06-02,38.919809,-77.072471,Ward 3,2023-06-05
2023-06-02,38.911301,-77.034346,Ward 2,2023-06-05
2023-06-02,38.890060,-76.924279,Ward 7,2023-06-05
2023-06-02,38.970928,-77.061992,Ward 4,2023-06-05
2023-06-02,38.970659,-77.022669,Ward 4,2023-06-05
2023-06-02,38.891427,-76.954662,Ward 7,2023-06-05
2023-06-03,38.956114,-77.080515,Ward 3,2023-06-06
2023-06-03,38.905285,-76.987372,Ward 5,2023-06-05
2023-06-03,38.903472,-76.989442,Ward 5,2023-06-05
2023-06-03,38.903472,-76.989442,Ward 5,2023-06-05
2023-06-03,38.906060,-76.987632,Ward 5,2023-06-05
2023-06-03,38.952069,-77.008701,Ward 5,2023-06-13
2023-06-03,38.866775,-76.985128,Ward 8,2023-06-03
2023-06-03,38.895003,-77.031353,Ward 2,2023-06-05
2023-06-03,38.864545,-76.987810,Ward 8,2023-06-29
2023-06-03,38.920426,-77.031055,Ward 1,2023-06-05
2023-06-03,38.897720,-76.988617,Ward 6,2023-06-05
2023-06-03,38.897542,-76.989083,Ward 6,2023-06-05
2023-06-03,38.926528,-76.969234,Ward 5,2023-06-05
2023-06-03,38.891819,-76.958559,Ward 7,2023-06-29
2023-06-03,38.949518,-77.082848,Ward 3,2023-06-05
2023-06-04,38.931667,-77.085118,Ward 3,2023-06-05
2023-06-04,38.886335,-76.943592,Ward 7,2023-06-06
2023-06-04,38.914606,-77.067766,Ward 2,2023-06-05
2023-06-04,38.914705,-77.067764,Ward 2,2023-06-05
2023-06-05,38.894476,-76.915723,Ward 7,2023-06-05
2023-06-05,38.914503,-77.068159,Ward 2,2023-06-05
2023-06-05,38.868713,-76.981633,Ward 8,2023-06-05
2023-06-05,38.940531,-76.986217,Ward 5,2023-06-05
2023-06-05,38.902245,-76.997193,Ward 6,2023-06-05
2023-06-05,38.908320,-77.055988,Ward 2,2023-06-05
2023-06-05,38.930242,-77.044231,Ward 1,2023-06-05
2023-06-05,38.960701,-77.001255,Ward 4,2023-06-05
2023-06-05,38.902526,-77.036542,Ward 2,2023-06-06
2023-06-05,38.879658,-76.941807,Ward 7,2023-06-05
2023-06-05,38.932632,-76.972358,Ward 5,2023-06-05
2023-06-05,38.863622,-76.961219,Ward 7,2023-06-29
2023-06-05,38.867964,-76.968086,Ward 7,2023-06-06
2023-06-05,38.966295,-77.021942,Ward 4,2023-06-05
2023-06-05,38.907234,-77.031019,Ward 2,2023-06-05
2023-06-05,38.865886,-76.947848,Ward 7,2023-06-06
2023-06-05,38.931970,-77.045860,Ward 1,2023-06-05
2023-06-05,38.877652,-76.932215,Ward 7,2023-06-06
2023-06-05,38.861801,-76.955039,Ward 7,2023-06-06
2023-06-05,38.976122,-77.061351,Ward 4,2023-06-05
2023-06-05,38.891409,-76.987089,Ward 6,2023-06-06
2023-06-05,38.930735,-77.107502,Ward 3,2023-06-06
2023-06-05,38.925915,-76.990229,Ward 5,2023-06-06
2023-06-05,38.925525,-76.990440,Ward 5,2023-06-06
2023-06-05,38.924226,-77.071134,Ward 3,2023-06-05
2023-06-05,38.899962,-76.991993,Ward 6,2023-06-06
2023-06-05,38.865068,-76.963377,Ward 7,2023-06-06
2023-06-05,38.895228,-76.986842,Ward 6,2023-06-07
2023-06-05,38.932012,-77.031298,Ward 1,2023-06-06
2023-06-06,38.886414,-76.991795,Ward 6,2023-06-07
2023-06-06,38.909137,-77.059851,Ward 2,2023-06-07
2023-06-06,38.895568,-77.001788,Ward 6,2023-06-06
2023-06-06,38.898927,-76.942197,Ward 7,2023-06-07
2023-06-06,38.890044,-76.985278,Ward 6,2023-06-06
2023-06-06,38.964500,-77.024740,Ward 4,2023-06-06
2023-06-06,38.883919,-76.984521,Ward 6,2023-06-07
2023-06-06,38.963611,-77.021227,Ward 4,2023-06-06
2023-06-06,38.914556,-77.067755,Ward 2,2023-06-07
2023-06-06,38.898828,-76.917339,Ward 7,2023-06-06
2023-06-06,38.927403,-76.990320,Ward 5,2023-06-06
2023-06-06,38.898828,-76.917339,Ward 7,2023-06-06
2023-06-06,38.908292,-77.041443,Ward 2,2023-06-07
2023-06-06,38.936802,-77.036450,Ward 1,2023-06-06
2023-06-06,38.936921,-77.035647,Ward 1,2023-06-06
2023-06-06,38.936590,-77.035776,Ward 1,2023-06-06
2023-06-06,38.902795,-76.932273,Ward 7,2023-06-29
2023-06-06,38.938678,-77.032729,Ward 4,2023-06-06
2023-06-06,38.857740,-76.985972,Ward 8,2023-06-06
2023-06-06,38.940807,-77.032728,Ward 4,2023-06-06
2023-06-06,38.921927,-77.042734,Ward 1,2023-06-07
2023-06-06,38.958540,-77.029953,Ward 4,2023-06-06
2023-06-06,38.940568,-77.031872,Ward 4,2023-06-06
2023-06-06,38.851893,-76.971400,Ward 8,2023-06-07
2023-06-06,38.909509,-77.058613,Ward 2,2023-06-07
2023-06-06,38.895944,-76.999098,Ward 6,2023-06-07
2023-06-06,38.897339,-76.981542,Ward 6,2023-06-09
2023-06-06,38.941309,-77.028474,Ward 4,2023-06-06
2023-06-06,38.956491,-77.060671,Ward 3,2023-06-07
2023-06-06,38.890044,-76.985278,Ward 6,2023-06-07
2023-06-06,38.912670,-77.060120,Ward 2,2023-06-07
2023-06-07,38.864152,-76.976925,Ward 8,2023-06-07
2023-06-07,38.952291,-77.085600,Ward 3,2023-06-07
2023-06-07,38.963770,-77.026885,Ward 4,2023-06-07
2023-06-07,38.917202,-77.039293,Ward 1,2023-06-09
2023-06-07,38.870924,-76.971977,Ward 8,2023-06-07
2023-06-07,38.870448,-76.975188,Ward 8,2023-06-29
2023-06-07,38.903512,-77.042940,Ward 2,2023-06-07
2023-06-07,38.874021,-76.952312,Ward 7,2023-06-07
2023-06-07,38.909455,-77.011972,Ward 5,2023-06-08
2023-06-07,38.884643,-76.960167,Ward 7,2023-06-07
2023-06-07,38.865139,-76.965854,Ward 7,2023-06-07
2023-06-07,38.930882,-76.972991,Ward 5,2023-06-09
2023-06-07,38.926560,-76.981375,Ward 5,2023-06-09
2023-06-07,38.934300,-77.033663,Ward 1,2023-06-09
2023-06-07,38.930655,-77.032430,Ward 1,2023-06-08
2023-06-07,38.929545,-77.035858,Ward 1,2023-06-09
2023-06-07,38.951049,-77.025032,Ward 4,2023-06-09
2023-06-07,38.923719,-77.026028,Ward 1,2023-06-09
2023-06-07,38.877390,-76.929781,Ward 7,2023-06-07
2023-06-07,38.895228,-76.986842,Ward 6,2023-06-09
2023-06-07,38.967436,-77.020334,Ward 4,2023-06-09
2023-06-07,38.905156,-77.038098,Ward 2,2023-06-09
2023-06-07,38.904048,-77.038129,Ward 2,2023-06-09
2023-06-07,38.962524,-77.018280,Ward 4,2023-06-09
2023-06-07,38.905905,-77.046282,Ward 2,2023-06-09
2023-06-07,38.909499,-77.046988,Ward 2,2023-06-09
2023-06-07,38.922436,-76.992415,Ward 5,2023-06-09
2023-06-07,38.913788,-77.072465,Ward 2,2023-06-09
2023-06-08,38.939538,-77.034058,Ward 4,2023-06-09
2023-06-08,38.939966,-77.031337,Ward 4,2023-06-08
2023-06-08,38.939969,-77.030519,Ward 4,2023-06-08
2023-06-08,38.939571,-77.030143,Ward 4,2023-06-08
2023-06-08,38.893949,-76.983899,Ward 6,2023-06-09
2023-06-08,38.881268,-76.992647,Ward 6,2023-06-09
2023-06-08,38.928523,-77.033621,Ward 1,2023-06-08
2023-06-08,38.934934,-76.973940,Ward 5,2023-06-09
2023-06-08,38.941413,-76.989971,Ward 5,2023-06-09
2023-06-08,38.902008,-76.936335,Ward 7,2023-06-09
2023-06-08,38.941644,-77.034941,Ward 4,2023-06-09
2023-06-08,38.896280,-76.999180,Ward 6,2023-06-09
2023-06-08,38.906276,-77.042783,Ward 2,2023-06-09
2023-06-08,38.965098,-77.029298,Ward 4,2023-06-09
2023-06-08,38.970801,-77.011934,Ward 4,2023-06-09
2023-06-09,38.915099,-77.011898,Ward 5,2023-06-09
2023-06-09,38.929515,-77.042066,Ward 1,2023-06-09
2023-06-09,38.942349,-77.043156,Ward 4,2023-06-09
2023-06-09,38.865329,-76.986270,Ward 8,2023-06-29
2023-06-09,38.898828,-76.917339,Ward 7,2023-06-09
2023-06-09,38.898828,-76.917339,Ward 7,2023-06-09
2023-06-09,38.962524,-77.018280,Ward 4,2023-06-09
2023-06-09,38.898828,-76.917339,Ward 7,2023-06-09
2023-06-09,38.966961,-77.006958,Ward 4,2023-06-09
2023-06-09,38.882633,-76.989401,Ward 6,2023-06-09
2023-06-09,38.946072,-77.087685,Ward 3,2023-06-09
2023-06-09,38.972080,-77.028649,Ward 4,2023-06-09
2023-06-09,38.907871,-77.003659,Ward 6,2023-06-14
2023-06-09,38.879448,-77.015438,Ward 6,2023-06-09
2023-06-09,38.902761,-76.988004,Ward 5,2023-06-13
2023-06-09,38.879448,-77.015438,Ward 6,2023-06-09
2023-06-09,38.962338,-77.079351,Ward 3,2023-06-09
2023-06-09,38.911188,-77.069184,Ward 2,2023-06-09
2023-06-09,38.911684,-77.069205,Ward 2,2023-06-09
2023-06-09,38.927518,-77.035906,Ward 1,2023-06-12
2023-06-09,38.850073,-76.965725,Ward 8,2023-06-12
2023-06-09,38.892383,-76.983182,Ward 6,2023-06-10
2023-06-10,38.891362,-76.983872,Ward 6,2023-06-12
2023-06-10,38.930231,-77.032749,Ward 1,2023-06-12
2023-06-10,38.870564,-76.971143,Ward 8,2023-06-10
2023-06-10,38.868949,-76.964506,Ward 7,2023-06-12
2023-06-10,38.906183,-77.058985,Ward 2,2023-06-12
2023-06-11,38.911363,-77.058492,Ward 2,2023-06-14
2023-06-11,38.917816,-77.044255,Ward 1,2023-06-12
2023-06-11,38.912735,-76.984446,Ward 5,2023-06-13
2023-06-11,38.896568,-76.988082,Ward 6,2023-06-12
2023-06-11,38.968956,-77.069499,Ward 4,2023-06-12
2023-06-11,38.884465,-76.997426,Ward 6,2023-06-12
2023-06-11,38.979246,-77.026159,Ward 4,2023-06-12
2023-06-12,38.931271,-77.024132,Ward 1,2023-06-12
2023-06-12,38.905723,-76.987816,Ward 5,2023-06-13
2023-06-12,38.880474,-76.935998,Ward 7,2023-06-12
2023-06-12,38.947633,-77.007195,Ward 5,2023-06-13
2023-06-12,38.905756,-76.987791,Ward 5,2023-06-13
2023-06-12,38.913211,-77.037957,Ward 2,2023-06-13
2023-06-12,38.953244,-77.009356,Ward 4,2023-06-12
2023-06-12,38.954938,-77.068050,Ward 3,2023-06-12
2023-06-12,38.892010,-76.984129,Ward 6,2023-06-13
2023-06-12,38.966654,-77.029931,Ward 4,2023-06-13
2023-06-12,38.946485,-77.089278,Ward 3,2023-06-12
2023-06-12,38.885060,-76.999231,Ward 6,2023-06-12
2023-06-12,38.916222,-77.020312,Ward 1,2023-06-12
2023-06-12,38.950369,-77.086207,Ward 3,2023-06-12
2023-06-12,38.940909,-76.989058,Ward 5,2023-06-13
2023-06-12,38.967122,-77.021517,Ward 4,2023-06-13
2023-06-12,38.918115,-77.038470,Ward 1,2023-06-13
2023-06-12,38.967934,-77.023327,Ward 4,2023-06-13
2023-06-12,38.959175,-77.057222,Ward 4,2023-06-13
2023-06-12,38.895478,-76.992877,Ward 6,2023-06-13
2023-06-12,38.909643,-77.041671,Ward 2,2023-06-13
2023-06-13,38.902881,-76.977859,Ward 5,2023-06-13
2023-06-13,38.960165,-77.016633,Ward 4,2023-06-29
2023-06-13,38.907064,-77.017002,Ward 6,2023-06-13
2023-06-13,38.859303,-76.995190,Ward 8,2023-06-13
2023-06-13,38.896955,-76.980267,Ward 6,2023-06-13
2023-06-13,38.976383,-77.058865,Ward 4,2023-06-13
2023-06-13,38.898327,-76.995912,Ward 6,2023-06-13
2023-06-13,38.965817,-77.009470,Ward 4,2023-06-13
2023-06-13,38.890064,-76.943869,Ward 7,2023-06-13
2023-06-13,38.963727,-77.009694,Ward 4,2023-06-14
2023-06-13,38.909155,-77.058864,Ward 2,2023-06-14
2023-06-13,38.881072,-76.998743,Ward 6,2023-06-14
2023-06-13,38.844083,-76.984763,Ward 8,2023-06-13
2023-06-13,38.964758,-77.008927,Ward 4,2023-06-13
2023-06-13,38.925038,-76.974178,Ward 5,2023-06-14
2023-06-13,38.950747,-77.022678,Ward 4,2023-06-14
2023-06-13,38.885962,-77.021061,Ward 6,2023-06-14
2023-06-13,38.972799,-77.025842,Ward 4,2023-06-14
2023-06-13,38.940115,-76.988035,Ward 5,2023-06-14
2023-06-13,38.889242,-76.994007,Ward 6,2023-06-14
2023-06-13,38.900560,-76.939189,Ward 7,2023-06-14
2023-06-13,38.942672,-76.974948,Ward 5,2023-06-14
2023-06-13,38.892399,-76.976480,Ward 6,2023-06-14
2023-06-13,38.950741,-77.022869,Ward 4,2023-06-14
2023-06-13,38.886239,-76.959515,Ward 7,2023-06-15
2023-06-13,38.960651,-77.002527,Ward 4,2023-06-14
2023-06-14,38.971848,-77.068499,Ward 4,2023-06-15
2023-06-14,38.897133,-76.998275,Ward 6,2023-06-14
2023-06-14,38.897133,-76.998275,Ward 6,2023-06-14
2023-06-14,38.902268,-76.975975,Ward 5,2023-06-15
2023-06-14,38.842162,-76.995488,Ward 8,2023-06-14
2023-06-14,38.941666,-77.034730,Ward 4,2023-06-14
2023-06-14,38.899252,-77.002259,Ward 6,2023-06-14
2023-06-14,38.957481,-77.035193,Ward 4,2023-06-14
2023-06-14,38.918245,-77.038988,Ward 1,2023-06-14
2023-06-14,38.955800,-77.067326,Ward 3,2023-06-14
2023-06-14,38.881076,-76.991142,Ward 6,2023-06-15
2023-06-14,38.951824,-77.092879,Ward 3,2023-06-14
2023-06-14,38.917639,-77.009355,Ward 5,2023-06-15
2023-06-14,38.866172,-76.944504,Ward 7,2023-06-14
2023-06-14,38.866063,-76.944491,Ward 7,2023-06-15
2023-06-14,38.958343,-77.088867,Ward 3,2023-06-16
2023-06-14,38.986812,-77.033508,Ward 4,2023-06-15
2023-06-14,38.906228,-77.059012,Ward 2,2023-06-15
2023-06-14,38.867856,-76.954807,Ward 7,2023-06-14
2023-06-14,38.884957,-76.999240,Ward 6,2023-06-15
2023-06-14,38.907469,-77.052321,Ward 2,2023-06-15
2023-06-14,38.905162,-76.975984,Ward 5,2023-06-15
2023-06-14,38.940527,-77.016376,Ward 4,2023-06-15
2023-06-14,38.920013,-76.958490,Ward 5,2023-06-15
2023-06-14,38.948867,-77.025210,Ward 4,2023-06-15
2023-06-14,38.876701,-76.966108,Ward 7,2023-06-15
2023-06-14,38.919848,-77.040755,Ward 1,2023-06-15
2023-06-14,38.893575,-76.985509,Ward 6,2023-06-15
2023-06-14,38.888510,-76.999726,Ward 6,2023-06-15
2023-06-14,38.953170,-77.012106,Ward 4,2023-06-15
2023-06-15,38.925579,-76.972168,Ward 5,2023-06-15
2023-06-15,38.952862,-77.007479,Ward 5,2023-06-16
2023-06-15,38.932866,-76.966616,Ward 5,2023-06-15
2023-06-15,38.957103,-77.036007,Ward 4,2023-06-15
2023-06-15,38.870993,-76.954347,Ward 7,2023-06-16
2023-06-15,38.885198,-77.022508,Ward 6,2023-06-15
2023-06-15,38.895933,-76.982058,Ward 6,2023-06-15
2023-06-15,38.924244,-76.964299,Ward 5,2023-06-16
2023-06-15,38.920973,-77.039806,Ward 1,2023-06-15
2023-06-15,38.952862,-77.007479,Ward 5,2023-06-15
2023-06-15,38.952862,-77.007479,Ward 5,2023-06-16
2023-06-15,38.933697,-77.064718,Ward 3,2023-06-15
2023-06-15,38.873737,-76.960381,Ward 7,2023-06-16
2023-06-15,38.952862,-77.007479,Ward 5,2023-06-16
2023-06-15,38.868147,-76.965983,Ward 7,2023-06-16
2023-06-15,38.909492,-77.024451,Ward 2,2023-06-16
2023-06-15,38.902071,-77.043910,Ward 2,2023-06-16
2023-06-15,38.897785,-76.988496,Ward 6,2023-06-16
2023-06-15,38.946310,-77.020318,Ward 4,2023-06-16
2023-06-15,38.885740,-76.927116,Ward 7,2023-06-15
2023-06-15,38.917609,-77.029358,Ward 1,2023-06-16
2023-06-15,38.906261,-77.057213,Ward 2,2023-06-16
2023-06-15,38.868704,-76.943951,Ward 7,2023-06-16
2023-06-15,38.904118,-76.988501,Ward 5,2023-06-16
2023-06-15,38.932672,-76.967649,Ward 5,2023-06-16
2023-06-16,38.898580,-76.922965,Ward 7,2023-06-16
2023-06-16,38.930371,-76.977386,Ward 5,2023-06-16
2023-06-16,38.862361,-76.957986,Ward 7,2023-06-16
2023-06-16,38.887594,-76.995928,Ward 6,2023-06-16
2023-06-16,38.954845,-77.062338,Ward 3,2023-06-16
2023-06-16,38.912875,-77.067331,Ward 2,2023-06-16
2023-06-16,38.964163,-77.077431,Ward 3,2023-06-16
2023-06-16,38.906876,-76.979839,Ward 5,2023-06-16
2023-06-16,38.894361,-76.936938,Ward 7,2023-06-16
2023-06-16,38.920884,-77.076418,Ward 3,2023-06-20
2023-06-16,38.903472,-76.989442,Ward 5,2023-06-16
2023-06-16,38.952951,-77.062994,Ward 3,2023-06-20
2023-06-16,38.885268,-76.998631,Ward 6,2023-06-16
2023-06-16,38.894016,-76.939629,Ward 7,2023-06-20
2023-06-16,38.943089,-77.013786,Ward 4,2023-06-20
2023-06-16,38.911962,-77.043713,Ward 2,2023-06-20
2023-06-16,38.963194,-77.012435,Ward 4,2023-06-20
2023-06-16,38.923719,-77.026028,Ward 1,2023-06-21
2023-06-16,38.922741,-77.002212,Ward 5,2023-06-20
2023-06-16,38.963809,-77.079202,Ward 3,2023-06-20
2023-06-17,38.891405,-76.989962,Ward 6,2023-06-20
2023-06-17,38.893586,-76.977465,Ward 6,2023-06-20
2023-06-17,38.961750,-77.077439,Ward 3,2023-06-20
2023-06-17,38.907239,-77.048806,Ward 2,2023-06-20
2023-06-17,38.847191,-76.996323,Ward 8,2023-06-20
2023-06-18,38.920374,-77.011836,Ward 5,2023-06-21
2023-06-18,38.907014,-77.048457,Ward 2,2023-06-20
2023-06-18,38.915768,-77.030986,Ward 1,2023-06-21
2023-06-18,38.922348,-77.079375,Ward 3,2023-06-20
2023-06-18,38.878467,-76.940665,Ward 7,2023-06-20
2023-06-18,38.978643,-77.026697,Ward 4,2023-06-20
2023-06-18,38.978193,-77.028131,Ward 4,2023-06-20
2023-06-19,38.954048,-77.090810,Ward 3,2023-06-20
2023-06-19,38.907425,-77.010279,Ward 5,2023-06-19
2023-06-19,38.898828,-76.917339,Ward 7,2023-06-20
2023-06-19,38.905412,-76.990467,Ward 5,2023-06-21
2023-06-19,38.925129,-77.032280,Ward 1,2023-06-20
2023-06-19,38.891405,-76.989962,Ward 6,2023-06-20
2023-06-19,38.901664,-76.928060,Ward 7,2023-06-21
2023-06-20,38.962456,-77.038042,Ward 4,2023-06-20
2023-06-20,38.919173,-77.077053,Ward 3,2023-06-21
2023-06-20,38.873593,-76.966718,Ward 7,2023-06-20
2023-06-20,38.894962,-76.987016,Ward 6,2023-06-20
2023-06-20,38.927323,-77.076160,Ward 3,2023-06-22
2023-06-20,38.963386,-77.020273,Ward 4,2023-06-20
2023-06-20,38.925794,-76.975078,Ward 5,2023-06-20
2023-06-20,38.942924,-77.094724,Ward 3,2023-06-20
2023-06-20,38.887408,-76.935099,Ward 7,2023-06-20
2023-06-20,38.894339,-76.959096,Ward 7,2023-06-20
2023-06-20,38.831325,-76.990684,Ward 8,2023-06-20
2023-06-20,38.915259,-77.070756,Ward 2,2023-06-22
2023-06-20,38.858766,-76.985491,Ward 8,2023-06-20
2023-06-20,38.832375,-77.010735,Ward 8,2023-06-20
2023-06-20,38.976566,-77.028132,Ward 4,2023-06-20
2023-06-20,38.845779,-76.970117,Ward 8,2023-06-21
2023-06-20,38.920884,-77.076418,Ward 3,2023-06-22
2023-06-20,38.863974,-76.989468,Ward 8,2023-06-21
2023-06-20,38.880477,-76.995239,Ward 6,2023-06-20
2023-06-20,38.905692,-77.068461,Ward 2,2023-06-22
2023-06-20,38.924471,-77.070676,Ward 3,2023-06-21
2023-06-20,38.959873,-77.029406,Ward 4,2023-06-21
2023-06-20,38.958552,-77.029447,Ward 4,2023-06-21
2023-06-20,38.958958,-77.029390,Ward 4,2023-06-21
2023-06-20,38.936393,-77.031023,Ward 1,2023-06-21
2023-06-20,38.830505,-77.009282,Ward 8,2023-06-21
2023-06-20,38.922544,-77.072907,Ward 3,2023-06-21
2023-06-20,38.947468,-76.994289,Ward 5,2023-06-21
2023-06-20,38.920700,-77.091937,Ward 3,2023-06-21
2023-06-21,38.910461,-77.065924,Ward 2,2023-06-22
2023-06-21,38.901160,-76.997795,Ward 6,2023-06-21
2023-06-21,38.960291,-77.066459,Ward 3,2023-06-21
2023-06-21,38.890097,-76.960597,Ward 7,2023-06-21
2023-06-21,38.969124,-77.074640,Ward 3,2023-06-21
2023-06-21,38.887803,-76.997944,Ward 6,2023-06-21
2023-06-21,38.842424,-77.001980,Ward 8,2023-06-21
2023-06-21,38.952254,-77.020558,Ward 4,2023-06-21
2023-06-21,38.843600,-76.989197,Ward 8,2023-06-21
2023-06-21,38.910529,-77.080909,Ward 3,2023-06-21
2023-06-21,38.885052,-76.949640,Ward 7,2023-06-21
2023-06-21,38.937147,-76.966261,Ward 5,2023-06-21
2023-06-21,38.970723,-77.059126,Ward 4,2023-06-21
2023-06-21,38.868730,-76.983239,Ward 8,2023-06-23
2023-06-21,38.941235,-77.003682,Ward 5,2023-06-22
2023-06-21,38.904818,-77.028628,Ward 2,2023-06-22
2023-06-21,38.900274,-76.936317,Ward 7,2023-06-22
2023-06-21,38.926742,-77.029707,Ward 1,2023-06-22
2023-06-21,38.956909,-76.997984,Ward 5,2023-06-22
2023-06-21,38.883947,-76.983447,Ward 6,2023-06-21
2023-06-21,38.963745,-77.003933,Ward 4,2023-06-22
2023-06-21,38.895644,-76.981342,Ward 6,2023-06-22
2023-06-21,38.895644,-76.981342,Ward 6,2023-06-21
2023-06-21,38.894633,-77.001346,Ward 6,2023-06-22
2023-06-21,38.935470,-77.031994,Ward 1,2023-06-22
2023-06-21,38.868847,-76.982221,Ward 8,2023-06-22
2023-06-22,38.875128,-76.961100,Ward 7,2023-06-22
2023-06-22,38.919311,-77.061071,Ward 3,2023-06-22
2023-06-22,38.917658,-77.007380,Ward 5,2023-06-22
2023-06-22,38.927648,-77.099009,Ward 3,2023-06-22
2023-06-22,38.926506,-77.058420,Ward 3,2023-06-22
2023-06-22,38.845586,-76.984388,Ward 8,2023-06-22
2023-06-22,38.844465,-76.983100,Ward 8,2023-06-22
2023-06-22,38.929788,-77.058282,Ward 3,2023-06-22
2023-06-22,38.926464,-77.027558,Ward 1,2023-06-22
2023-06-22,38.893346,-76.955951,Ward 7,2023-06-29
2023-06-22,38.867421,-76.980525,Ward 8,2023-06-23
2023-06-22,38.908333,-77.082518,Ward 3,2023-06-22
2023-06-22,38.904502,-76.991145,Ward 5,2023-06-26
2023-06-22,38.912424,-77.038985,Ward 2,2023-06-23
2023-06-22,38.904207,-76.979338,Ward 5,2023-06-22
2023-06-22,38.950530,-77.087681,Ward 3,2023-06-23
2023-06-22,38.910536,-77.085646,Ward 3,2023-06-23
2023-06-22,38.895275,-76.983075,Ward 6,2023-06-23
2023-06-22,38.918114,-77.036500,Ward 1,2023-06-23
2023-06-22,38.978167,-77.029930,Ward 4,2023-06-23
2023-06-23,38.910102,-77.055106,Ward 2,2023-06-23
2023-06-23,38.886099,-76.985750,Ward 6,2023-06-23
2023-06-23,38.944971,-77.021523,Ward 4,2023-06-23
2023-06-23,38.912015,-77.039926,Ward 2,2023-06-23
2023-06-23,38.952296,-77.090866,Ward 3,2023-06-23
2023-06-23,38.933904,-77.046749,Ward 1,2023-06-23
2023-06-23,38.952296,-77.090866,Ward 3,2023-06-23
2023-06-23,38.879365,-76.942095,Ward 7,2023-06-23
2023-06-23,38.943629,-77.044972,Ward 4,2023-06-23
2023-06-23,38.969215,-77.032551,Ward 4,2023-06-23
2023-06-23,38.918918,-77.014720,Null,2023-06-26
2023-06-23,38.969215,-77.032404,Ward 4,2023-06-23
2023-06-23,38.895762,-76.934597,Ward 7,2023-06-23
2023-06-23,38.930949,-76.967358,Ward 5,2023-06-23
2023-06-23,38.935441,-77.035011,Ward 1,2023-06-23
2023-06-23,38.892326,-76.989954,Ward 6,2023-06-23
2023-06-23,38.895428,-76.934590,Ward 7,2023-06-23
2023-06-23,38.940225,-77.032425,Ward 4,2023-06-23
2023-06-23,38.960486,-77.073889,Ward 3,2023-06-26
2023-06-23,38.957613,-77.068725,Ward 3,2023-06-26
2023-06-23,38.922175,-76.964501,Ward 5,2023-06-26
2023-06-23,38.843711,-76.980884,Ward 8,2023-06-26
2023-06-23,38.890060,-76.924279,Ward 7,2023-06-28
2023-06-23,38.934098,-76.971152,Ward 5,2023-06-27
2023-06-23,38.918998,-77.010383,Ward 5,2023-06-26
2023-06-23,38.907367,-77.065407,Ward 2,2023-06-26
2023-06-23,38.947855,-76.990133,Ward 5,2023-06-26
2023-06-23,38.953742,-77.056296,Ward 3,2023-06-24
2023-06-23,38.957754,-77.052851,Ward 3,2023-06-24
2023-06-23,38.856968,-76.958025,Ward 7,2023-06-23
2023-06-24,38.910974,-77.029154,Ward 2,2023-06-26
2023-06-24,38.963564,-77.077498,Ward 3,2023-06-24
2023-06-24,38.909195,-77.019213,Ward 6,2023-06-26
2023-06-24,38.897954,-76.986329,Ward 6,2023-06-26
2023-06-24,38.956064,-77.074869,Ward 3,2023-06-26
2023-06-24,38.868419,-76.981577,Ward 8,2023-06-26
2023-06-24,38.916391,-77.000295,Ward 5,2023-06-26
2023-06-24,38.895275,-76.983075,Ward 6,2023-06-29
2023-06-24,38.908109,-77.011929,Ward 5,2023-06-26
2023-06-24,38.907051,-77.014968,Ward 6,2023-06-26
2023-06-24,38.939503,-76.968944,Ward 5,2023-06-26
2023-06-24,38.897986,-76.984395,Ward 6,2023-06-26
2023-06-24,38.951682,-77.088328,Ward 3,2023-06-26
2023-06-24,38.876218,-76.961514,Ward 7,2023-06-26
2023-06-24,38.920787,-76.976678,Ward 5,2023-06-26
2023-06-24,38.885939,-76.979963,Ward 6,2023-06-26
2023-06-25,38.963564,-77.077498,Ward 3,2023-06-26
2023-06-25,38.927875,-76.960816,Ward 5,2023-06-26
2023-06-25,38.928609,-77.039817,Ward 1,2023-06-26
2023-06-25,38.897157,-76.998674,Ward 6,2023-06-26
2023-06-25,38.918268,-77.000852,Ward 5,2023-06-26
2023-06-25,38.921477,-77.074355,Ward 3,2023-06-26
2023-06-25,38.884415,-76.920788,Ward 7,2023-06-26
2023-06-26,38.936192,-77.076788,Ward 3,2023-06-26
2023-06-26,38.927267,-77.023486,Ward 1,2023-06-26
2023-06-26,38.882521,-76.984525,Ward 6,2023-06-26
2023-06-26,38.942361,-76.996809,Ward 5,2023-06-26
2023-06-26,38.962241,-77.070057,Ward 3,2023-06-26
2023-06-26,38.952795,-77.092371,Ward 3,2023-06-26
2023-06-26,38.953170,-77.012106,Ward 4,2023-06-26
2023-06-26,38.919089,-77.014973,Ward 1,2023-06-26
2023-06-26,38.898828,-76.917339,Ward 7,2023-06-26
2023-06-26,38.895746,-76.974934,Ward 7,2023-06-29
2023-06-26,38.930441,-77.002448,Ward 5,2023-06-26
2023-06-26,38.904380,-76.991744,Ward 5,2023-06-26
2023-06-26,38.888005,-76.992421,Ward 6,2023-06-26
2023-06-26,38.958169,-76.997277,Ward 4,2023-06-26
2023-06-26,38.944505,-77.094335,Ward 3,2023-06-26
2023-06-26,38.946998,-77.078501,Ward 3,2023-06-26
2023-06-26,38.944505,-77.094335,Ward 3,2023-06-26
2023-06-26,38.897157,-76.998726,Ward 6,2023-06-26
2023-06-26,38.958168,-76.997120,Ward 4,2023-06-26
2023-06-26,38.925808,-76.987270,Ward 5,2023-06-26
2023-06-26,38.905657,-77.044897,Ward 2,2023-06-26
2023-06-26,38.910315,-77.031110,Ward 2,2023-06-26
2023-06-26,38.867582,-76.947678,Ward 7,2023-06-26
2023-06-26,38.867582,-76.947678,Ward 7,2023-06-26
2023-06-26,38.840340,-76.994927,Ward 8,2023-06-26
2023-06-26,38.941413,-76.989971,Ward 5,2023-06-26
2023-06-26,38.907605,-77.018697,Ward 6,2023-06-27
2023-06-26,38.943679,-77.015233,Ward 4,2023-06-26
2023-06-26,38.946122,-77.020353,Ward 4,2023-06-26
2023-06-26,38.867582,-76.947678,Ward 7,2023-06-26
2023-06-26,38.943739,-77.004239,Ward 5,2023-06-27
2023-06-26,38.878230,-76.941932,Ward 7,2023-06-26
2023-06-26,38.956064,-77.074869,Ward 3,2023-06-27
2023-06-26,38.835158,-76.988627,Ward 8,2023-06-26
2023-06-26,38.835063,-76.988871,Ward 8,2023-06-26
2023-06-26,38.930093,-77.107182,Ward 3,2023-06-27
2023-06-26,38.892778,-76.958646,Ward 7,2023-06-26
2023-06-26,38.932068,-77.107380,Ward 3,2023-06-28
2023-06-26,38.959632,-77.065180,Ward 4,2023-06-26
2023-06-26,38.887916,-76.939708,Ward 7,2023-06-26
2023-06-26,38.896303,-76.995630,Ward 6,2023-06-27
2023-06-26,38.912928,-77.032799,Ward 2,2023-06-27
2023-06-26,38.895463,-76.982928,Ward 6,2023-06-26
2023-06-26,38.895463,-76.982928,Ward 6,2023-06-26
2023-06-26,38.895463,-76.982928,Ward 6,2023-06-26
2023-06-26,38.846061,-76.997108,Ward 8,2023-06-26
2023-06-26,38.967566,-77.034493,Ward 4,2023-06-27
2023-06-26,38.937245,-76.989550,Ward 5,2023-06-27
2023-06-26,38.885939,-76.979963,Ward 6,2023-06-27
2023-06-26,38.910823,-77.029226,Ward 2,2023-06-27
2023-06-27,38.907367,-77.065407,Ward 2,2023-06-27
2023-06-27,38.879308,-76.941161,Ward 7,2023-06-27
2023-06-27,38.877714,-76.984160,Ward 6,2023-06-27
2023-06-27,38.897986,-76.984395,Ward 6,2023-06-27
2023-06-27,38.927485,-77.033213,Ward 1,2023-06-27
2023-06-27,38.959918,-77.058504,Ward 4,2023-06-27
2023-06-27,38.894442,-76.990521,Ward 6,2023-06-27
2023-06-27,38.859339,-76.991865,Ward 8,2023-06-27
2023-06-27,38.950441,-76.988880,Ward 5,2023-06-27
2023-06-27,38.915145,-76.986557,Ward 5,2023-06-28
2023-06-27,38.943135,-77.019273,Ward 4,2023-06-27
2023-06-27,38.957485,-77.072639,Ward 3,2023-06-28
2023-06-27,38.984539,-77.031107,Ward 4,2023-06-28
2023-06-27,38.887628,-76.930877,Ward 7,2023-06-27
2023-06-27,38.926867,-77.102225,Ward 3,2023-06-28
2023-06-27,38.913884,-77.024382,Ward 6,2023-06-27
2023-06-27,38.978134,-77.026017,Ward 4,2023-06-27
2023-06-27,38.933803,-77.020965,Ward 1,2023-06-28
2023-06-27,38.839830,-76.988505,Ward 8,2023-06-28
2023-06-27,38.839212,-76.992079,Ward 8,2023-06-28
2023-06-27,38.879365,-76.942095,Ward 7,2023-06-29
2023-06-27,38.905643,-77.019901,Ward 2,2023-06-27
2023-06-27,38.969286,-77.010192,Ward 4,2023-06-28
2023-06-27,38.936470,-77.065436,Ward 3,2023-06-28
2023-06-27,38.941792,-76.974179,Ward 5,2023-06-28
2023-06-27,38.964333,-77.033042,Ward 4,2023-06-28
2023-06-27,38.891464,-76.959517,Ward 7,2023-06-28
2023-06-27,38.904818,-77.028628,Ward 2,2023-06-28
2023-06-27,38.941950,-76.988569,Ward 5,2023-06-28
2023-06-28,38.914828,-77.034538,Ward 2,2023-06-28
2023-06-28,38.914839,-77.048428,Ward 2,2023-06-28
2023-06-28,38.914098,-77.047746,Ward 2,2023-06-28
2023-06-28,38.984328,-77.035969,Ward 4,2023-06-28
2023-06-28,38.902881,-76.977859,Ward 5,2023-06-28
2023-06-28,38.896825,-76.981515,Ward 6,2023-06-28
2023-06-28,38.927504,-77.022527,Ward 1,2023-06-28
2023-06-28,38.864452,-76.983288,Ward 8,2023-06-28
2023-06-28,38.943167,-77.074605,Ward 3,2023-06-28
2023-06-28,38.951661,-77.065452,Ward 3,2023-06-28
2023-06-28,38.972113,-77.032553,Ward 4,2023-06-28
2023-06-28,38.902751,-76.975974,Ward 5,2023-06-28
2023-06-28,38.922104,-77.030254,Ward 1,2023-06-28
2023-06-28,38.877010,-76.960507,Ward 7,2023-06-28
2023-06-28,38.847607,-77.001830,Ward 8,2023-06-28
2023-06-28,38.919908,-76.999143,Ward 5,2023-06-29
2023-06-28,38.927263,-76.979923,Ward 5,2023-06-28
2023-06-28,38.916818,-77.075434,Ward 2,2023-06-28
2023-06-28,38.938112,-76.989800,Ward 5,2023-06-28
2023-06-28,38.896914,-76.976671,Ward 7,2023-06-28
2023-06-28,38.919371,-77.009561,Ward 5,2023-06-28
2023-06-28,38.877358,-76.963669,Ward 7,2023-06-28
2023-06-28,38.951852,-77.065169,Ward 3,2023-06-28
2023-06-28,38.954891,-77.070921,Ward 3,2023-06-29
2023-06-28,38.959261,-77.057731,Ward 4,2023-06-28
2023-06-28,38.918484,-77.044275,Ward 1,2023-06-28
2023-06-28,38.854583,-76.984610,Ward 8,2023-06-29
2023-06-28,38.952513,-77.022370,Ward 4,2023-06-29
2023-06-28,38.940004,-77.087116,Ward 3,2023-06-28
2023-06-28,38.951824,-77.092879,Ward 3,2023-06-29
2023-06-28,38.915602,-77.071053,Ward 2,2023-06-29
2023-06-28,38.908668,-77.060244,Ward 2,2023-06-29
2023-06-28,38.907247,-77.050101,Ward 2,2023-06-29
2023-06-28,38.924048,-77.033927,Ward 1,2023-06-29
2023-06-28,38.906261,-77.057213,Ward 2,2023-06-29
2023-06-28,38.921624,-77.047268,Ward 1,2023-06-29
2023-06-28,38.947884,-77.006171,Ward 5,2023-06-29
2023-06-28,38.846401,-76.973704,Ward 8,2023-06-30
2023-06-28,38.891823,-76.981267,Ward 6,2023-06-29
2023-06-28,38.890863,-76.920307,Ward 7,2023-06-29
2023-06-28,38.863891,-76.947149,Ward 7,2023-06-29
2023-06-28,38.930805,-77.107657,Ward 3,2023-06-29
2023-06-28,38.914463,-77.031551,Ward 1,2023-06-29
2023-06-29,38.868715,-76.954304,Ward 7,2023-06-29
2023-06-29,38.898481,-76.994732,Ward 6,2023-06-29
2023-06-29,38.940877,-76.973872,Ward 5,2023-06-29
2023-06-29,38.904607,-76.996401,Ward 6,2023-06-29
2023-06-29,38.933063,-77.025199,Ward 1,2023-06-29
2023-06-29,38.939821,-76.973576,Ward 5,2023-06-29
2023-06-29,38.858717,-76.994348,Ward 8,2023-06-29
2023-06-29,38.964681,-77.058544,Ward 4,2023-06-30
2023-06-29,38.927412,-77.029342,Ward 1,2023-06-29
2023-06-29,38.927688,-77.028491,Ward 1,2023-06-29
2023-06-29,38.920503,-76.989211,Ward 5,2023-06-29
2023-06-29,38.902116,-77.025279,Ward 2,2023-06-30
2023-06-29,38.954466,-77.081430,Ward 3,2023-06-29
2023-06-29,38.930652,-76.992990,Ward 5,2023-06-30
2023-06-29,38.930928,-76.972926,Ward 5,2023-06-30
2023-06-29,38.937160,-76.970357,Ward 5,2023-06-30
2023-06-29,38.942844,-77.094550,Ward 3,2023-06-30
2023-06-29,38.933686,-76.983264,Ward 5,2023-06-30
2023-06-29,38.943472,-77.038823,Ward 4,2023-06-30
2023-06-29,38.871011,-76.976116,Ward 8,2023-06-30
2023-06-29,38.894585,-76.954576,Ward 7,2023-06-30
2023-06-29,38.904732,-76.996401,Ward 6,2023-06-30
2023-06-29,38.887871,-76.927613,Ward 7,2023-06-30
2023-06-29,38.909635,-77.049341,Ward 2,2023-06-30
2023-06-30,38.918311,-77.006412,Ward 5,2023-06-30
2023-06-30,38.903666,-76.931400,Ward 7,2023-06-30
2023-06-30,38.863379,-76.961759,Ward 7,2023-06-30
2023-06-30,38.951375,-77.014729,Ward 4,2023-06-30
2023-06-30,38.913878,-77.026527,Ward 6,2023-06-30
2023-06-30,38.901607,-77.039830,Ward 2,2023-06-30
2023-06-30,38.936883,-77.021051,Ward 1,2023-06-30
2023-06-30,38.988747,-77.044779,Ward 4,2023-06-30
2023-06-30,38.869279,-76.966938,Ward 7,2023-06-30
2023-06-30,38.893583,-76.980494,Ward 7,2023-06-30
2023-06-30,38.880169,-76.940845,Ward 7,2023-06-30
2023-06-30,38.920389,-77.042113,Ward 1,2023-06-30
2023-06-30,38.848175,-76.999457,Ward 8,2023-06-30
2023-06-30,38.913878,-77.026527,Ward 6,2023-06-30
2023-06-30,38.922373,-77.009043,Ward 5,2023-06-30
2023-06-30,38.920389,-77.042113,Ward 1,2023-06-30
2023-06-30,38.942028,-77.020068,Ward 4,2023-06-30
2023-06-30,38.843984,-76.988285,Ward 8,2023-06-30
2023-06-30,38.962005,-77.018034,Ward 4,2023-06-30
2023-06-30,38.912661,-77.060806,Ward 2,2023-07-03
2023-06-30,38.905953,-77.016386,Ward 6,2023-06-30
2023-06-30,38.933684,-77.065257,Ward 3,2023-07-03
2023-06-30,38.891575,-76.954541,Ward 7,2023-06-30
2023-06-30,38.933702,-77.065439,Ward 3,2023-07-03
2023-06-30,38.911522,-77.058478,Ward 2,2023-07-03
2023-06-30,38.951415,-77.067728,Ward 3,2023-07-03
2023-06-30,38.948568,-77.068010,Ward 3,2023-07-03
2023-06-30,38.890074,-76.991744,Ward 6,2023-07-03
2023-06-30,38.931582,-77.026381,Ward 1,2023-07-03
2023-06-30,38.908336,-77.048165,Ward 2,2023-07-03
2023-06-30,38.845788,-76.970927,Ward 8,2023-07-03
2023-07-01,38.896571,-76.986016,Ward 6,2023-07-03
2023-07-01,38.885698,-76.941058,Ward 7,2023-07-03
2023-07-01,38.890343,-76.960969,Ward 7,2023-07-07
2023-07-01,38.965069,-77.067748,Ward 4,2023-07-03
2023-07-01,38.942900,-77.086631,Ward 3,2023-07-03
2023-07-01,38.944042,-77.017454,Ward 4,2023-07-03
2023-07-01,38.970723,-77.036370,Ward 4,2023-07-03
2023-07-01,38.880278,-77.012588,Ward 6,2023-07-03
2023-07-01,38.943366,-77.049572,Ward 4,2023-07-03
2023-07-02,38.890751,-76.983272,Ward 6,2023-07-03
2023-07-02,38.920876,-77.077237,Ward 3,2023-07-03
2023-07-02,38.937071,-77.061832,Ward 3,2023-07-03
2023-07-02,38.892078,-76.948051,Ward 7,2023-07-03
2023-07-02,38.929074,-77.106937,Ward 3,2023-07-03
2023-07-02,38.941457,-77.091439,Ward 3,2023-07-03
2023-07-02,38.889315,-76.992644,Ward 6,2023-07-03
2023-07-02,38.910104,-77.054624,Ward 2,2023-07-03
2023-07-02,38.917933,-77.009993,Ward 5,2023-07-03
2023-07-02,38.889315,-76.992644,Ward 6,2023-07-03
2023-07-02,38.910575,-77.054963,Ward 2,2023-07-03
2023-07-02,38.892136,-76.941283,Ward 7,2023-07-03
2023-07-03,38.845740,-76.970919,Ward 8,2023-07-03
2023-07-03,38.932307,-76.972945,Ward 5,2023-07-03
2023-07-03,38.861092,-76.960462,Ward 7,2023-07-03
2023-07-03,38.892048,-76.938561,Ward 7,2023-07-06
2023-07-03,38.951238,-77.070354,Ward 3,2023-07-03
2023-07-03,38.898341,-76.994726,Ward 6,2023-07-03
2023-07-03,38.898341,-76.994726,Ward 6,2023-07-03
2023-07-03,38.877986,-76.941107,Ward 7,2023-07-03
2023-07-03,38.877986,-76.941107,Ward 7,2023-07-03
2023-07-03,38.878076,-76.940257,Ward 7,2023-07-03
2023-07-03,38.935438,-77.060434,Ward 3,2023-07-03
2023-07-03,38.918479,-77.012390,Ward 5,2023-07-05
2023-07-03,38.931084,-76.984094,Ward 5,2023-07-05
2023-07-03,38.875806,-76.932753,Ward 7,2023-07-05
2023-07-03,38.883334,-76.922427,Ward 7,2023-07-05
2023-07-03,38.926575,-77.052049,Ward 3,2023-07-05
2023-07-03,38.943122,-77.025393,Ward 4,2023-07-05
2023-07-03,38.886282,-76.985277,Ward 6,2023-07-05
2023-07-04,38.972565,-77.025397,Ward 4,2023-07-05
2023-07-04,38.939491,-77.051231,Ward 4,2023-07-05
2023-07-04,38.901207,-76.974908,Ward 5,2023-07-04
2023-07-04,38.943160,-77.081420,Ward 3,2023-07-05
2023-07-04,38.888213,-76.957221,Ward 7,2023-07-05
2023-07-04,38.901158,-76.974908,Ward 5,2023-07-04
2023-07-04,38.903138,-76.983203,Ward 5,2023-07-04
2023-07-04,38.873369,-77.011767,Ward 6,2023-07-06
2023-07-04,38.944569,-77.063538,Ward 3,2023-07-05
2023-07-04,38.894622,-76.995911,Ward 6,2023-07-04
2023-07-04,38.944252,-77.063559,Ward 3,2023-07-05
2023-07-04,38.894623,-76.995861,Ward 6,2023-07-04
2023-07-04,38.890863,-76.920307,Ward 7,2023-07-05
2023-07-04,38.863305,-76.993752,Ward 8,2023-07-04
2023-07-04,38.863799,-76.992025,Ward 8,2023-07-05
2023-07-04,38.909743,-77.006595,Ward 5,2023-07-05
2023-07-04,38.908833,-77.033033,Ward 2,2023-07-04
2023-07-04,38.922104,-77.031379,Ward 1,2023-07-05
2023-07-05,38.942442,-77.096074,Ward 3,2023-07-05
2023-07-05,38.954935,-77.066064,Ward 3,2023-07-06
2023-07-05,38.935833,-76.991299,Ward 5,2023-07-05
2023-07-05,38.929180,-76.982649,Ward 5,2023-07-05
2023-07-05,38.930652,-76.992990,Ward 5,2023-07-05
2023-07-05,38.902562,-76.938622,Ward 7,2023-07-05
2023-07-05,38.924291,-76.999524,Ward 5,2023-07-06
2023-07-05,38.841444,-76.999743,Ward 8,2023-07-06
2023-07-05,38.961816,-77.001494,Ward 4,2023-07-05
2023-07-05,38.902202,-76.983825,Ward 5,2023-07-05
2023-07-05,38.964163,-77.058980,Ward 4,2023-07-06
2023-07-05,38.903313,-76.943383,Ward 7,2023-07-07
2023-07-05,38.892090,-76.950054,Ward 7,2023-07-06
2023-07-05,38.951925,-77.071171,Ward 3,2023-07-06
2023-07-05,38.904976,-77.027800,Ward 2,2023-07-06
2023-07-05,38.918114,-77.029620,Ward 1,2023-07-06
2023-07-05,38.946980,-77.034790,Ward 4,2023-07-06
2023-07-05,38.952621,-77.033717,Ward 4,2023-07-06
2023-07-05,38.917956,-77.030289,Ward 1,2023-07-06
2023-07-05,38.945447,-76.987909,Ward 5,2023-07-06
2023-07-05,38.939491,-77.051231,Ward 4,2023-07-06
2023-07-05,38.945720,-77.071478,Ward 3,2023-09-10
2023-07-05,38.868393,-76.983792,Ward 8,2023-07-06
2023-07-05,38.940942,-77.056326,Ward 3,2023-07-06
2023-07-06,38.861560,-76.952501,Ward 7,2023-07-06
2023-07-06,38.861560,-76.952501,Ward 7,2023-07-07
2023-07-06,38.910803,-77.016358,Ward 5,2023-07-06
2023-07-06,38.928523,-77.033621,Ward 1,2023-07-06
2023-07-06,38.892965,-76.936590,Ward 7,2023-07-06
2023-07-06,38.955271,-76.994443,Ward 5,2023-07-06
2023-07-06,38.907307,-76.989017,Ward 5,2023-07-06
2023-07-06,38.907307,-76.989017,Ward 5,2023-07-06
2023-07-06,38.955271,-76.994443,Ward 5,2023-07-06
2023-07-06,38.905910,-76.942132,Ward 7,2023-07-06
2023-07-06,38.945447,-76.987909,Ward 5,2023-07-06
2023-07-06,38.891810,-76.959628,Ward 7,2023-07-06
2023-07-06,38.893901,-76.955921,Ward 7,2023-07-06
2023-07-06,38.899980,-76.991928,Ward 6,2023-07-07
2023-07-06,38.919455,-77.081008,Ward 3,2023-07-06
2023-07-06,38.889453,-76.954385,Ward 7,2023-07-06
2023-07-06,38.955609,-77.018777,Ward 4,2023-07-06
2023-07-06,38.955340,-77.027203,Ward 4,2023-07-07
2023-07-06,38.924440,-77.067224,Ward 3,2023-07-07
2023-07-06,38.939721,-77.067350,Ward 3,2023-07-07
2023-07-06,38.955348,-77.026573,Ward 4,2023-07-07
2023-07-06,38.893646,-77.025048,Ward 2,2023-07-06
2023-07-06,38.869001,-76.985544,Ward 8,2023-07-07
2023-07-06,38.893747,-76.997419,Ward 6,2023-07-07
2023-07-06,38.911293,-77.054058,Ward 2,2023-07-07
2023-07-06,38.910967,-77.024216,Ward 6,2023-07-07
2023-07-06,38.902669,-76.984031,Ward 5,2023-07-06
2023-07-06,38.919455,-77.081008,Ward 3,2023-07-07
2023-07-06,38.960663,-77.041812,Ward 4,2023-07-07
2023-07-06,38.951840,-77.021851,Ward 4,2023-07-07
2023-07-06,38.939819,-76.978952,Ward 5,2023-07-07
2023-07-06,38.954692,-77.069630,Ward 3,2023-07-07
2023-07-06,38.937336,-77.066387,Ward 3,2023-07-07
2023-07-06,38.949709,-77.055698,Ward 3,2023-07-07
2023-07-06,38.964175,-77.076712,Ward 3,2023-07-07
2023-07-06,38.963999,-77.075049,Ward 3,2023-07-07
2023-07-06,38.921738,-77.035027,Ward 1,2023-07-07
2023-07-06,38.964903,-77.077143,Ward 3,2023-07-07
2023-07-06,38.965041,-77.076259,Ward 3,2023-07-07
2023-07-07,38.907555,-77.006179,Ward 6,2023-07-07
2023-07-07,38.930008,-77.076806,Ward 3,2023-07-07
2023-07-07,38.887682,-76.934990,Ward 7,2023-07-07
2023-07-07,38.924700,-76.999595,Ward 5,2023-07-10
2023-07-07,38.933745,-77.038097,Ward 1,2023-07-07
2023-07-07,38.973040,-77.058467,Ward 4,2023-07-07
2023-07-07,38.891838,-76.984088,Ward 6,2023-07-10
2023-07-07,38.969705,-77.024681,Ward 4,2023-07-07
2023-07-07,38.907452,-77.035046,Ward 2,2023-07-10
2023-07-07,38.943348,-77.042518,Ward 4,2023-07-10
2023-07-07,38.911938,-77.016741,Ward 5,2023-07-07
2023-07-07,38.929519,-77.059884,Ward 3,2023-07-10
2023-07-07,38.952799,-77.024397,Ward 4,2023-07-10
2023-07-07,38.952797,-77.024523,Ward 4,2023-07-10
2023-07-07,38.973495,-77.058740,Ward 4,2023-07-10
2023-07-07,38.865830,-76.976473,Ward 8,2023-07-08
2023-07-07,38.900857,-76.986290,Ward 6,2023-07-13
2023-07-07,38.885385,-76.959575,Ward 7,2023-07-10
2023-07-07,38.949867,-77.073943,Ward 3,2023-07-10
2023-07-07,38.882607,-76.927620,Ward 7,2023-07-10
2023-07-08,38.938851,-77.041593,Ward 4,2023-07-09
2023-07-08,38.896319,-76.997272,Ward 6,2023-07-10
2023-07-08,38.941949,-77.015975,Ward 4,2023-07-10
2023-07-08,38.908137,-77.057292,Ward 2,2023-07-08
2023-07-08,38.908182,-77.058325,Ward 2,2023-07-10
2023-07-08,38.893003,-76.934664,Ward 7,2023-07-10
2023-07-08,38.899808,-76.981481,Null,2023-07-10
2023-07-08,38.948207,-77.041482,Ward 4,2023-07-08
2023-07-08,38.899498,-76.981439,Ward 6,2023-07-10
2023-07-08,38.906566,-77.017591,Ward 6,2023-07-10
2023-07-08,38.961014,-77.028031,Ward 4,2023-07-12
2023-07-08,38.945062,-77.029703,Ward 4,2023-07-10
2023-07-09,38.894580,-76.993229,Ward 6,2023-07-10
2023-07-09,38.888217,-76.977503,Ward 6,2023-07-12
2023-07-09,38.939110,-77.042293,Ward 4,2023-07-09
2023-07-09,38.922765,-77.041702,Ward 1,2023-07-10
2023-07-09,38.929485,-76.979583,Ward 5,2023-07-10
2023-07-09,38.917659,-77.043989,Ward 1,2023-07-10
2023-07-09,38.914089,-77.043429,Ward 2,2023-07-10
2023-07-09,38.913096,-77.043719,Ward 2,2023-07-10
2023-07-09,38.919728,-77.093510,Ward 3,2023-07-10
2023-07-09,38.905738,-77.069463,Ward 2,2023-07-10
2023-07-09,38.978162,-77.030777,Ward 4,2023-07-10
2023-07-09,38.918314,-77.059084,Null,2023-07-09
2023-07-09,38.918314,-77.059084,Null,2023-07-09
2023-07-09,38.924717,-76.976729,Ward 5,2023-07-10
2023-07-09,38.947892,-77.063046,Ward 3,2023-07-10
2023-07-10,38.968461,-77.024679,Ward 4,2023-07-10
2023-07-10,38.883950,-76.920826,Ward 7,2023-07-10
2023-07-10,38.873510,-76.968042,Ward 7,2023-07-10
2023-07-10,38.920493,-77.077250,Ward 3,2023-07-10
2023-07-10,38.933925,-76.963757,Ward 5,2023-07-10
2023-07-10,38.958029,-76.994850,Ward 4,2023-07-10
2023-07-10,38.896059,-76.947950,Ward 7,2023-07-10
2023-07-10,38.939188,-77.041945,Ward 4,2023-07-10
2023-07-10,38.933745,-77.038097,Ward 1,2023-07-10
2023-07-10,38.939188,-77.041945,Ward 4,2023-07-10
2023-07-10,38.950542,-77.089039,Ward 3,2023-07-10
2023-07-10,38.920893,-76.987270,Ward 5,2023-07-10
2023-07-10,38.873114,-76.975279,Ward 8,2023-07-10
2023-07-10,38.899812,-76.922357,Ward 7,2023-07-10
2023-07-10,38.899812,-76.922357,Ward 7,2023-07-10
2023-07-10,38.899563,-76.935048,Ward 7,2023-07-10
2023-07-10,38.954704,-77.083779,Ward 3,2023-07-10
2023-07-10,38.897857,-76.980308,Ward 6,2023-07-10
2023-07-10,38.947025,-77.025984,Ward 4,2023-07-10
2023-07-10,38.912025,-77.045760,Ward 2,2023-07-11
2023-07-10,38.973495,-77.058740,Ward 4,2023-07-11
2023-07-10,38.919175,-77.079765,Ward 3,2023-07-11
2023-07-10,38.947545,-77.061612,Ward 3,2023-07-10
2023-07-10,38.943990,-77.005120,Ward 5,2023-07-11
2023-07-10,38.943163,-77.080327,Ward 3,2023-07-10
2023-07-10,38.900219,-76.919909,Ward 7,2023-09-10
2023-07-10,38.845551,-77.003175,Ward 8,2023-07-10
2023-07-10,38.930647,-77.064157,Ward 3,2023-07-11
2023-07-10,38.864350,-76.955605,Ward 7,2023-07-10
2023-07-10,38.929371,-76.979611,Ward 5,2023-07-10
2023-07-10,38.927221,-77.029391,Ward 1,2023-07-11
2023-07-10,38.880834,-76.942285,Ward 7,2023-07-10
2023-07-10,38.926655,-76.983613,Ward 5,2023-07-11
2023-07-10,38.912388,-77.008045,Ward 5,2023-07-12
2023-07-10,38.915769,-77.031240,Ward 1,2023-07-11
2023-07-11,38.863074,-76.987351,Ward 8,2023-07-11
2023-07-11,38.949527,-77.081059,Ward 3,2023-07-11
2023-07-11,38.886200,-76.922417,Ward 7,2023-09-10
2023-07-11,38.919357,-77.078591,Ward 3,2023-07-11
2023-07-11,38.849862,-76.974749,Ward 8,2023-07-11
2023-07-11,38.899150,-76.981667,Ward 6,2023-07-11
2023-07-11,38.941016,-77.034014,Ward 4,2023-07-12
2023-07-11,38.967050,-77.029934,Ward 4,2023-07-11
2023-07-11,38.949881,-77.069459,Ward 3,2023-07-11
2023-07-11,38.969284,-77.010032,Ward 4,2023-07-11
2023-07-11,38.874603,-76.933147,Ward 7,2023-07-11
2023-07-11,38.967050,-77.029934,Ward 4,2023-07-11
2023-07-11,38.952069,-77.008701,Ward 5,2023-07-11
2023-07-11,38.952914,-77.020881,Ward 4,2023-07-11
2023-07-11,38.904290,-76.943661,Ward 7,2023-07-11
2023-07-11,38.871430,-76.974344,Ward 8,2023-07-12
2023-07-11,38.942268,-77.016883,Ward 4,2023-07-11
2023-07-11,38.864824,-76.980498,Ward 8,2023-07-11
2023-07-11,38.883046,-77.001422,Ward 6,2023-07-11
2023-07-11,38.830005,-77.006849,Ward 8,2023-07-12
2023-07-11,38.928551,-77.038476,Ward 1,2023-07-12
2023-07-11,38.950634,-77.026899,Ward 4,2023-07-12
2023-07-11,38.842275,-76.992812,Ward 8,2023-07-13
2023-07-11,38.919405,-77.030755,Ward 1,2023-07-12
2023-07-11,38.964795,-77.006035,Ward 4,2023-07-12
2023-07-11,38.909792,-77.061926,Ward 2,2023-07-12
2023-07-11,38.983931,-77.034535,Ward 4,2023-07-12
2023-07-11,38.927564,-76.986853,Ward 5,2023-07-12
2023-07-11,38.899986,-76.974540,Ward 5,2023-07-12
2023-07-12,38.914090,-77.028850,Null,2023-07-12
2023-07-12,38.901499,-76.997555,Ward 6,2023-07-12
2023-07-12,38.901589,-76.976634,Ward 5,2023-09-10
2023-07-12,38.844887,-76.994518,Ward 8,2023-07-13
2023-07-12,38.886285,-76.944050,Ward 7,2023-07-12
2023-07-12,38.942705,-77.068434,Ward 3,2023-07-13
2023-07-12,38.919295,-77.072201,Ward 3,2023-07-14
2023-07-12,38.948809,-77.082040,Ward 3,2023-07-12
2023-07-12,38.905481,-77.020481,Ward 6,2023-07-12
2023-07-12,38.943167,-77.074605,Ward 3,2023-07-13
2023-07-12,38.968473,-77.014831,Ward 4,2023-07-12
2023-07-12,38.905481,-77.020481,Ward 6,2023-07-13
2023-07-12,38.964333,-77.033042,Ward 4,2023-07-13
2023-07-12,38.899094,-76.990761,Ward 6,2023-07-13
2023-07-12,38.908693,-77.038496,Ward 2,2023-07-13
2023-07-12,38.927504,-77.022527,Ward 1,2023-07-13
2023-07-12,38.912769,-77.061872,Ward 2,2023-07-13
2023-07-12,38.872661,-76.978794,Ward 8,2023-07-12
2023-07-13,38.939819,-76.978952,Ward 5,2023-07-13
2023-07-13,38.981562,-77.038555,Ward 4,2023-07-13
2023-07-13,38.899782,-76.974387,Ward 5,2023-07-14
2023-07-13,38.913438,-77.014598,Ward 5,2023-07-13
2023-07-13,38.983931,-77.034535,Ward 4,2023-07-13
2023-07-13,38.959721,-76.995161,Ward 4,2023-07-13
2023-07-13,38.884725,-76.922871,Ward 7,2023-07-14
2023-07-13,38.976093,-77.064899,Ward 4,2023-07-13
2023-07-13,38.902795,-76.932273,Ward 7,2023-07-14
2023-07-13,38.886259,-77.000874,Ward 6,2023-07-13
2023-07-13,38.870077,-76.946931,Ward 7,2023-07-13
2023-07-13,38.896895,-76.974596,Ward 7,2023-07-14
2023-07-13,38.951238,-77.070354,Ward 3,2023-07-14
2023-07-13,38.910551,-77.039510,Ward 2,2023-07-14
2023-07-13,38.913870,-77.033844,Ward 2,2023-07-14
2023-07-13,38.908165,-76.983060,Ward 5,2023-07-14
2023-07-13,38.885735,-76.992909,Ward 6,2023-07-15
2023-07-13,38.911277,-77.064650,Ward 2,2023-07-14
2023-07-13,38.928698,-77.025782,Ward 1,2023-07-14
2023-07-13,38.953135,-77.084678,Ward 3,2023-07-14
2023-07-13,38.972126,-77.020119,Ward 4,2023-07-14
2023-07-14,38.924946,-77.026771,Ward 1,2023-07-14
2023-07-14,38.872317,-76.979217,Ward 8,2023-07-14
2023-07-14,38.901211,-76.985939,Ward 5,2023-07-14
2023-07-14,38.876770,-76.962865,Ward 7,2023-07-14
2023-07-14,38.930303,-76.964725,Ward 5,2023-07-14
2023-07-14,38.930402,-76.965213,Ward 5,2023-07-14
2023-07-14,38.900663,-76.996418,Ward 6,2023-07-14
2023-07-14,38.917345,-77.011894,Ward 5,2023-07-14
2023-07-14,38.930360,-76.974751,Ward 5,2023-07-14
2023-07-14,38.927998,-76.973381,Ward 5,2023-07-14
2023-07-14,38.930485,-76.961685,Ward 5,2023-07-14
2023-07-14,38.887770,-76.998939,Ward 6,2023-07-15
2023-07-14,38.892011,-76.992647,Ward 6,2023-07-15
2023-07-14,38.880426,-76.960085,Ward 7,2023-07-17
2023-07-14,38.892190,-76.992482,Ward 6,2023-07-15
2023-07-14,38.899204,-76.931945,Ward 7,2023-07-15
2023-07-14,38.977559,-77.061592,Ward 4,2023-07-15
2023-07-14,38.977593,-77.061054,Ward 4,2023-07-15
2023-07-14,38.948652,-77.083508,Ward 3,2023-07-17
2023-07-14,38.961020,-77.080307,Ward 3,2023-07-15
2023-07-14,38.914680,-77.033806,Ward 2,2023-07-15
2023-07-14,38.910215,-77.014491,Ward 5,2023-07-15
2023-07-14,38.914828,-77.034538,Ward 2,2023-07-15
2023-07-14,38.914313,-77.034031,Ward 2,2023-07-15
2023-07-14,38.946029,-77.055179,Ward 3,2023-07-15
2023-07-14,38.910226,-77.014431,Ward 5,2023-07-15
2023-07-14,38.910226,-77.014431,Ward 5,2023-07-15
2023-07-14,38.896955,-76.980267,Ward 6,2023-07-15
2023-07-14,38.918113,-77.030786,Ward 1,2023-07-15
2023-07-14,38.894937,-76.994428,Ward 6,2023-07-15
2023-07-14,38.944228,-77.023865,Ward 4,2023-07-15
2023-07-14,38.855538,-76.967707,Ward 8,2023-07-15
2023-07-14,38.842360,-76.982669,Ward 8,2023-07-15
2023-07-14,38.912365,-77.034266,Ward 2,2023-07-15
2023-07-14,38.902264,-76.995163,Ward 6,2023-07-15
2023-07-14,38.847392,-76.972852,Ward 8,2023-07-15
2023-07-14,38.913920,-77.029845,Ward 2,2023-07-15
2023-07-14,38.855941,-76.967443,Ward 8,2023-07-15
2023-07-14,38.886923,-76.984559,Ward 6,2023-07-15
2023-07-14,38.911674,-77.007685,Ward 5,2023-07-15
2023-07-14,38.924225,-77.032774,Ward 1,2023-07-15
2023-07-14,38.890113,-76.999298,Ward 6,2023-07-15
2023-07-14,38.910377,-77.022203,Ward 2,2023-07-15
2023-07-14,38.913920,-77.029845,Ward 2,2023-07-15
2023-07-14,38.864245,-76.965616,Ward 7,2023-07-15
2023-07-14,38.896081,-76.983414,Ward 6,2023-07-15
2023-07-14,38.916222,-77.020312,Ward 1,2023-07-15
2023-07-14,38.947976,-77.025587,Ward 4,2023-07-15
2023-07-14,38.960797,-77.065141,Ward 4,2023-09-10
2023-07-14,38.907604,-76.989028,Ward 5,2023-07-15
2023-07-14,38.877533,-76.994970,Ward 6,2023-07-15
2023-07-14,38.908074,-76.981136,Ward 5,2023-07-15
2023-07-14,38.918630,-76.970409,Ward 5,2023-07-15
2023-07-14,38.855345,-76.967576,Ward 8,2023-07-15
2023-07-14,38.846106,-76.971005,Ward 8,2023-07-15
2023-07-14,38.918341,-77.032928,Ward 1,2023-07-15
2023-07-15,38.925508,-77.058055,Ward 3,2023-07-15
2023-07-15,38.901491,-76.974176,Ward 5,2023-07-15
2023-07-15,38.915574,-77.028082,Ward 1,2023-07-15
2023-07-15,38.915385,-77.024884,Ward 1,2023-07-15
2023-07-15,38.847392,-76.972852,Ward 8,2023-07-15
2023-07-15,38.855776,-76.967869,Ward 8,2023-07-15
2023-07-15,38.914262,-77.020401,Ward 6,2023-07-15
2023-07-15,38.855121,-76.967199,Ward 8,2023-07-15
2023-07-15,38.920368,-77.028988,Ward 1,2023-07-15
2023-07-15,38.841206,-76.976236,Ward 8,2023-07-15
2023-07-15,38.841206,-76.976236,Ward 8,2023-07-15
2023-07-15,38.914089,-77.021916,Null,2023-07-15
2023-07-15,38.884799,-77.003748,Ward 6,2023-07-15
2023-07-15,38.877696,-76.994280,Ward 6,2023-07-15
2023-07-15,38.920763,-77.027036,Ward 1,2023-07-15
2023-07-15,38.899511,-76.977248,Ward 5,2023-07-15
2023-07-15,38.921826,-77.026747,Ward 1,2023-07-15
2023-07-15,38.946634,-77.036059,Ward 4,2023-07-15
2023-07-15,38.911124,-77.021919,Ward 2,2023-07-15
2023-07-15,38.904969,-76.998443,Ward 6,2023-07-15
2023-07-15,38.901491,-76.974176,Ward 5,2023-07-15
2023-07-15,38.922733,-77.036488,Ward 1,2023-07-17
2023-07-15,38.917004,-77.038472,Null,2023-07-15
2023-07-15,38.918113,-77.030786,Ward 1,2023-07-15
2023-07-15,38.914313,-77.034031,Ward 2,2023-07-15
2023-07-15,38.919542,-77.032218,Ward 1,2023-07-15
2023-07-15,38.915416,-77.027735,Ward 1,2023-07-15
2023-07-15,38.914700,-77.032671,Ward 2,2023-07-15
2023-07-15,38.896526,-77.023252,Ward 2,2023-07-15
2023-07-15,38.898108,-76.977820,Ward 6,2023-07-15
2023-07-15,38.927969,-77.043368,Ward 1,2023-07-15
2023-07-15,38.888984,-76.955776,Ward 7,2023-07-15
2023-07-15,38.848291,-76.969258,Ward 8,2023-07-15
2023-07-15,38.927557,-77.042597,Ward 1,2023-07-15
2023-07-15,38.911683,-77.007810,Ward 5,2023-07-15
2023-07-15,38.842521,-76.982845,Ward 8,2023-07-15
2023-07-15,38.902528,-76.983640,Ward 5,2023-07-15
2023-07-15,38.915385,-77.024884,Ward 1,2023-07-15
2023-07-15,38.913662,-77.019142,Ward 6,2023-07-17
2023-07-15,38.959684,-77.069042,Ward 3,2023-07-15
2023-07-15,38.888984,-76.955776,Ward 7,2023-07-15
2023-07-15,38.895023,-76.994487,Ward 6,2023-07-15
2023-07-15,38.848473,-76.975442,Ward 8,2023-07-15
2023-07-15,38.897134,-76.993391,Ward 6,2023-07-15
2023-07-15,38.914312,-77.034106,Ward 2,2023-07-15
2023-07-15,38.916663,-77.020013,Ward 1,2023-07-15
2023-07-15,38.916222,-77.020312,Ward 1,2023-07-15
2023-07-15,38.894785,-76.992645,Ward 6,2023-07-15
2023-07-15,38.910215,-77.014491,Ward 5,2023-07-15
2023-07-15,38.892643,-76.990828,Ward 6,2023-07-15
2023-07-15,38.913612,-77.071114,Ward 2,2023-07-15
2023-07-15,38.957782,-77.081277,Ward 3,2023-07-15
2023-07-15,38.842234,-76.982424,Ward 8,2023-07-15
2023-07-15,38.842320,-76.982249,Ward 8,2023-07-15
2023-07-15,38.908835,-77.010952,Ward 5,2023-07-15
2023-07-15,38.916443,-77.038979,Ward 2,2023-07-15
2023-07-15,38.847636,-76.980313,Ward 8,2023-07-15
2023-07-15,38.917808,-77.073594,Ward 3,2023-07-15
2023-07-15,38.959525,-77.068855,Ward 3,2023-07-15
2023-07-15,38.952110,-77.090608,Ward 3,2023-07-17
2023-07-15,38.933432,-77.079765,Ward 3,2023-07-15
2023-07-15,38.898552,-76.981353,Ward 6,2023-07-15
2023-07-15,38.906871,-77.013824,Ward 6,2023-07-15
2023-07-15,38.920945,-77.016156,Ward 1,2023-07-15
2023-07-15,38.912020,-77.030693,Ward 2,2023-07-15
2023-07-15,38.916675,-77.017041,Ward 1,2023-07-15
2023-07-15,38.891833,-76.986879,Ward 6,2023-07-15
2023-07-15,38.857179,-76.958293,Ward 7,2023-07-15
2023-07-15,38.925593,-77.044492,Ward 1,2023-07-15
2023-07-15,38.926560,-77.036074,Ward 1,2023-07-15
2023-07-15,38.858710,-76.965766,Ward 7,2023-07-15
2023-07-15,38.926273,-77.036489,Ward 1,2023-07-15
2023-07-15,38.896313,-76.999118,Ward 6,2023-07-15
2023-07-15,38.925007,-77.027937,Ward 1,2023-07-18
2023-07-15,38.889356,-76.992065,Ward 6,2023-07-15
2023-07-15,38.920906,-77.030448,Ward 1,2023-07-18
2023-07-15,38.945568,-77.041946,Ward 4,2023-07-17
2023-07-15,38.926276,-77.058266,Ward 3,2023-07-18
2023-07-15,38.924650,-77.087980,Ward 3,2023-07-17
2023-07-15,38.965612,-77.062218,Ward 4,2023-07-17
2023-07-15,38.961603,-77.052683,Null,2023-07-17
2023-07-15,38.906561,-76.984206,Ward 5,2023-07-16
2023-07-15,38.898427,-76.982502,Ward 7,2023-07-17
2023-07-15,38.965628,-77.054747,Ward 4,2023-07-16
2023-07-15,38.915761,-77.041945,Ward 2,2023-07-17
2023-07-15,38.911673,-77.007999,Ward 5,2023-07-16
2023-07-15,38.849566,-76.975492,Ward 8,2023-07-17
2023-07-15,38.950670,-77.024944,Ward 4,2023-07-17
2023-07-16,38.957871,-77.072454,Ward 3,2023-07-17
2023-07-16,38.885878,-76.993375,Ward 6,2023-07-17
2023-07-16,38.929891,-77.028586,Ward 1,2023-07-18
2023-07-16,38.912750,-77.019147,Ward 6,2023-07-17
2023-07-16,38.906776,-77.027810,Ward 2,2023-07-17
2023-07-16,38.940687,-77.022881,Ward 4,2023-07-17
2023-07-16,38.918017,-77.015480,Ward 1,2023-07-18
2023-07-16,38.898907,-76.990243,Ward 6,2023-07-17
2023-07-16,38.933482,-77.073978,Ward 3,2023-07-17
2023-07-16,38.833628,-76.993069,Ward 8,2023-07-16
2023-07-16,38.940687,-77.022950,Ward 4,2023-07-17
2023-07-16,38.915387,-77.028326,Ward 1,2023-07-16
2023-07-16,38.926389,-77.071790,Ward 3,2023-07-24
2023-07-16,38.903292,-76.993324,Ward 6,2023-07-17
2023-07-16,38.856523,-76.968077,Ward 8,2023-07-17
2023-07-16,38.924934,-77.041121,Ward 1,2023-07-17
2023-07-16,38.907903,-77.022944,Ward 6,2023-07-17
2023-07-16,38.948866,-77.075371,Ward 3,2023-07-17
2023-07-16,38.918114,-77.033241,Ward 1,2023-07-18
2023-07-16,38.919028,-77.028745,Ward 1,2023-07-17
2023-07-16,38.944290,-77.021524,Ward 4,2023-07-17
2023-07-16,38.897820,-76.976481,Ward 7,2023-07-17
2023-07-16,38.914344,-77.025800,Ward 1,2023-07-17
2023-07-17,38.925729,-77.060515,Ward 3,2023-07-18
2023-07-17,38.908732,-77.015484,Ward 5,2023-07-18
2023-07-17,38.871667,-76.973828,Ward 8,2023-07-17
2023-07-17,38.942478,-77.088055,Ward 3,2023-07-17
2023-07-17,38.914289,-77.071965,Ward 2,2023-07-17
2023-07-17,38.915412,-77.013716,Ward 5,2023-07-17
2023-07-17,38.913781,-77.071874,Ward 2,2023-07-17
2023-07-17,38.901011,-77.008435,Ward 6,2023-07-17
2023-07-17,38.848155,-76.975832,Ward 8,2023-07-17
2023-07-17,38.944194,-77.045029,Ward 4,2023-07-17
2023-07-17,38.940541,-76.995479,Ward 5,2023-07-17
2023-07-17,38.833463,-76.989484,Ward 8,2023-07-17
2023-07-17,38.888838,-76.978364,Ward 7,2023-07-17
2023-07-17,38.907307,-76.989017,Ward 5,2023-07-19
2023-07-17,38.950840,-77.084661,Ward 3,2023-07-17
2023-07-17,38.888212,-76.955796,Ward 7,2023-07-17
2023-07-17,38.897542,-76.999790,Ward 6,2023-07-17
2023-07-17,38.976484,-77.024216,Ward 4,2023-07-17
2023-07-17,38.885903,-76.993518,Ward 6,2023-07-17
2023-07-17,38.918582,-77.035462,Ward 1,2023-07-18
2023-07-17,38.856523,-76.968077,Ward 8,2023-07-17
2023-07-17,38.920468,-77.027327,Ward 1,2023-07-18
2023-07-17,38.911288,-77.023674,Ward 2,2023-07-17
2023-07-17,38.897345,-76.919921,Ward 7,2023-09-10
2023-07-17,38.865255,-76.975283,Ward 8,2023-07-17
2023-07-17,38.925192,-77.041051,Ward 1,2023-07-18
2023-07-17,38.914281,-77.026177,Ward 1,2023-07-18
2023-07-17,38.953776,-77.034561,Ward 4,2023-07-18
2023-07-17,38.922281,-76.981221,Ward 5,2023-07-17
2023-07-17,38.922281,-76.981221,Ward 5,2023-07-17
2023-07-17,38.904032,-77.039735,Ward 2,2023-07-18
2023-07-17,38.938123,-76.977414,Ward 5,2023-07-18
2023-07-17,38.898085,-76.922105,Ward 7,2023-07-18
2023-07-17,38.943162,-77.078035,Ward 3,2023-07-17
2023-07-17,38.918193,-77.022451,Ward 1,2023-07-18
2023-07-17,38.883000,-76.937879,Ward 7,2023-07-18
2023-07-17,38.946122,-77.020353,Ward 4,2023-07-18
2023-07-17,38.886678,-76.989797,Ward 6,2023-07-17
2023-07-17,38.866022,-76.976868,Ward 8,2023-07-18
2023-07-17,38.888835,-76.989770,Ward 6,2023-07-18
2023-07-17,38.907414,-77.028662,Ward 2,2023-07-18
2023-07-17,38.905648,-76.989219,Ward 5,2023-07-18
2023-07-17,38.879838,-77.002943,Ward 6,2023-07-18
2023-07-17,38.929372,-77.027408,Ward 1,2023-07-18
2023-07-17,38.890929,-76.960456,Ward 7,2023-07-18
2023-07-17,38.916184,-77.029888,Ward 1,2023-07-18
2023-07-17,38.896850,-76.990689,Ward 6,2023-07-18
2023-07-17,38.904118,-76.988501,Ward 5,2023-07-18
2023-07-17,38.913908,-77.046982,Ward 2,2023-07-18
2023-07-17,38.915328,-77.014106,Ward 5,2023-07-18
2023-07-17,38.901109,-77.018091,Ward 6,2023-09-10
2023-07-17,38.922704,-77.022583,Ward 1,2023-07-18
2023-07-17,38.900162,-76.933998,Ward 7,2023-07-18
2023-07-18,38.929916,-77.028403,Ward 1,2023-07-18
2023-07-18,38.909499,-77.046988,Ward 2,2023-07-21
2023-07-18,38.889354,-76.934418,Ward 7,2023-07-18
2023-07-18,38.889354,-76.934418,Ward 7,2023-07-18
2023-07-18,38.899559,-76.943744,Ward 7,2023-07-18
2023-07-18,38.926560,-77.036074,Ward 1,2023-07-18
2023-07-18,38.932209,-77.100873,Ward 3,2023-07-18
2023-07-18,38.883902,-76.984049,Ward 6,2023-07-18
2023-07-18,38.915169,-77.005887,Ward 5,2023-07-19
2023-07-18,38.897335,-76.999510,Ward 6,2023-07-18
2023-07-18,38.842275,-76.992812,Ward 8,2023-07-19
2023-07-18,38.935325,-77.027415,Ward 1,2023-07-18
2023-07-18,38.904103,-77.017403,Ward 6,2023-07-18
2023-07-18,38.933677,-77.028313,Ward 1,2023-07-18
2023-07-18,38.871497,-76.981021,Ward 8,2023-07-18
2023-07-18,38.876701,-76.966108,Ward 7,2023-07-18
2023-07-18,38.895568,-77.001788,Ward 6,2023-07-18
2023-07-18,38.961222,-77.080528,Ward 3,2023-07-18
2023-07-18,38.959986,-77.032562,Ward 4,2023-07-19
2023-07-18,38.879885,-77.020116,Ward 6,2023-07-18
2023-07-18,38.857740,-76.985972,Ward 8,2023-07-18
2023-07-18,38.894339,-76.987593,Ward 6,2023-07-18
2023-07-18,38.891724,-76.992859,Ward 6,2023-07-18
2023-07-18,38.916111,-77.001150,Ward 5,2023-07-19
2023-07-18,38.926273,-77.036489,Ward 1,2023-07-18
2023-07-18,38.928519,-77.037913,Ward 1,2023-07-18
2023-07-18,38.884172,-76.920920,Ward 7,2023-07-18
2023-07-18,38.888843,-76.980563,Ward 6,2023-07-19
2023-07-18,38.883238,-77.021906,Ward 6,2023-07-20
2023-07-18,38.874021,-76.952312,Ward 7,2023-07-18
2023-07-18,38.905609,-76.937328,Ward 7,2023-07-19
2023-07-18,38.859242,-76.958619,Ward 7,2023-07-19
2023-07-18,38.971613,-77.031901,Ward 4,2023-07-19
2023-07-18,38.939145,-77.092849,Ward 3,2023-07-18
2023-07-18,38.909678,-76.987029,Ward 5,2023-07-18
2023-07-18,38.906306,-77.027319,Ward 2,2023-07-19
2023-07-18,38.907101,-77.027300,Ward 2,2023-07-19
2023-07-18,38.886691,-76.926767,Ward 7,2023-07-19
2023-07-18,38.846389,-77.001402,Ward 8,2023-07-19
2023-07-18,38.911121,-77.027038,Ward 2,2023-07-19
2023-07-18,38.916111,-77.001150,Ward 5,2023-07-19
2023-07-19,38.918372,-77.047067,Ward 1,2023-07-19
2023-07-19,38.948998,-77.068727,Ward 3,2023-07-19
2023-07-19,38.920872,-77.038239,Ward 1,2023-07-19
2023-07-19,38.888089,-76.999744,Ward 6,2023-07-19
2023-07-19,38.954701,-77.082632,Ward 3,2023-07-19
2023-07-19,38.948998,-77.068727,Ward 3,2023-07-19
2023-07-19,38.939242,-77.067497,Ward 3,2023-07-19
2023-07-19,38.903924,-76.978377,Ward 5,2023-07-19
2023-07-19,38.868548,-76.946676,Ward 7,2023-07-19
2023-07-19,38.988562,-77.042561,Ward 4,2023-07-19
2023-07-19,38.928626,-76.995613,Ward 5,2023-07-20
2023-07-19,38.921660,-77.031930,Ward 1,2023-07-19
2023-07-19,38.912606,-77.023968,Ward 2,2023-07-19
2023-07-19,38.927452,-77.027442,Ward 1,2023-07-19
2023-07-19,38.903096,-76.988706,Ward 5,2023-07-19
2023-07-19,38.903464,-76.935137,Ward 7,2023-07-19
2023-07-19,38.942444,-76.999259,Ward 5,2023-07-20
2023-07-19,38.978196,-77.027278,Ward 4,2023-07-20
2023-07-19,38.931112,-77.087846,Ward 3,2023-07-19
2023-07-19,38.893124,-76.936781,Ward 7,2023-07-20
2023-07-19,38.942645,-77.015660,Ward 4,2023-07-19
2023-07-19,38.885083,-76.923748,Ward 7,2023-07-19
2023-07-19,38.929678,-77.084095,Ward 3,2023-07-19
2023-07-19,38.897334,-76.993761,Ward 6,2023-07-19
2023-07-19,38.917184,-77.010607,Ward 5,2023-07-20
2023-07-19,38.959416,-77.067015,Ward 3,2023-07-20
2023-07-19,38.945349,-76.997245,Ward 5,2023-07-19
2023-07-19,38.888843,-76.980509,Ward 6,2023-07-20
2023-07-19,38.856580,-76.964531,Ward 7,2023-07-19
2023-07-19,38.929926,-76.975051,Ward 5,2023-07-20
2023-07-19,38.916570,-77.070236,Null,2023-07-20
2023-07-19,38.879494,-76.961713,Ward 7,2023-07-20
2023-07-19,38.901106,-76.928509,Ward 7,2023-07-20
2023-07-19,38.901541,-76.927843,Ward 7,2023-07-20
2023-07-19,38.902528,-76.983640,Ward 5,2023-07-20
2023-07-19,38.902040,-76.986813,Ward 5,2023-07-20
2023-07-19,38.920763,-77.027036,Ward 1,2023-07-20
2023-07-19,38.920763,-77.027036,Ward 1,2023-07-20
2023-07-19,38.891697,-76.949573,Ward 7,2023-07-20
2023-07-19,38.901324,-76.998446,Ward 6,2023-07-20
2023-07-19,38.924322,-77.008125,Ward 5,2023-07-20
2023-07-19,38.924511,-76.979880,Ward 5,2023-07-20
2023-07-19,38.897121,-76.989824,Ward 6,2023-07-20
2023-07-19,38.924747,-76.980113,Ward 5,2023-07-20
2023-07-19,38.878566,-76.990553,Ward 6,2023-07-20
2023-07-19,38.917984,-77.034823,Ward 1,2023-07-20
2023-07-19,38.896941,-76.993981,Ward 6,2023-07-20
2023-07-19,38.918372,-77.047067,Ward 1,2023-07-20
2023-07-19,38.830292,-77.012637,Ward 8,2023-07-21
2023-07-19,38.889231,-76.990236,Ward 6,2023-07-20
2023-07-19,38.929476,-77.107387,Ward 3,2023-07-20
2023-07-20,38.924747,-76.980113,Ward 5,2023-07-20
2023-07-20,38.850073,-76.965725,Ward 8,2023-07-20
2023-07-20,38.961313,-77.014291,Ward 4,2023-07-20
2023-07-20,38.942900,-77.086631,Ward 3,2023-07-20
2023-07-20,38.905784,-76.998225,Ward 6,2023-07-20
2023-07-20,38.852369,-76.966003,Ward 8,2023-07-20
2023-07-20,38.954704,-77.083779,Ward 3,2023-07-20
2023-07-20,38.929584,-77.076722,Ward 3,2023-07-20
2023-07-20,38.867891,-76.948583,Ward 7,2023-07-20
2023-07-20,38.885178,-76.985799,Ward 6,2023-07-20
2023-07-20,38.942752,-76.983090,Ward 5,2023-07-20
2023-07-20,38.937496,-77.022090,Ward 4,2023-07-20
2023-07-20,38.873114,-76.975279,Ward 8,2023-07-20
2023-07-20,38.909645,-77.027036,Null,2023-07-21
2023-07-20,38.867302,-76.975150,Ward 8,2023-07-20
2023-07-20,38.900111,-76.923025,Ward 7,2023-07-21
2023-07-20,38.964333,-77.033042,Ward 4,2023-07-20
2023-07-20,38.927906,-76.968391,Ward 5,2023-07-20
2023-07-20,38.922730,-77.100209,Ward 3,2023-07-21
2023-07-20,38.920603,-77.094575,Ward 3,2023-07-21
2023-07-20,38.976566,-77.028132,Ward 4,2023-07-20
2023-07-20,38.923104,-76.984799,Ward 5,2023-07-21
2023-07-20,38.882647,-76.984736,Ward 6,2023-07-20
2023-07-20,38.914741,-77.035053,Ward 2,2023-07-21
2023-07-20,38.930619,-77.026751,Ward 1,2023-07-21
2023-07-20,38.904103,-77.017403,Ward 6,2023-07-21
2023-07-20,38.870854,-76.939197,Ward 7,2023-07-21
2023-07-20,38.949414,-76.995219,Ward 5,2023-07-21
2023-07-20,38.953468,-77.080075,Ward 3,2023-07-21
2023-07-20,38.890081,-77.001165,Ward 6,2023-07-21
2023-07-20,38.904046,-77.037765,Ward 2,2023-07-21
2023-07-20,38.909302,-77.015442,Ward 5,2023-07-21
2023-07-20,38.926009,-77.044271,Ward 1,2023-07-21
2023-07-20,38.964037,-77.016436,Ward 4,2023-07-21
2023-07-20,38.842261,-76.990481,Ward 8,2023-07-21
2023-07-20,38.930783,-77.026522,Ward 1,2023-07-21
2023-07-20,38.857589,-76.998451,Ward 8,2023-07-21
2023-07-20,38.895003,-77.031353,Ward 2,2023-07-24
2023-07-20,38.930619,-77.026751,Ward 1,2023-07-21
2023-07-20,38.956103,-77.000967,Ward 4,2023-07-21
2023-07-20,38.894220,-76.981980,Ward 6,2023-07-21
2023-07-21,38.903738,-77.031950,Ward 2,2023-07-21
2023-07-21,38.903737,-77.034577,Ward 2,2023-07-21
2023-07-21,38.907132,-77.036185,Ward 2,2023-07-21
2023-07-21,38.910849,-77.036925,Ward 2,2023-07-21
2023-07-21,38.928765,-77.038110,Ward 1,2023-07-21
2023-07-21,38.914939,-77.036942,Ward 2,2023-07-21
2023-07-21,38.916320,-77.036851,Ward 2,2023-07-21
2023-07-21,38.918114,-77.035493,Ward 1,2023-07-21
2023-07-21,38.917869,-77.035370,Ward 1,2023-07-21
2023-07-21,38.943164,-77.073509,Ward 3,2023-07-21
2023-07-21,38.842443,-77.001900,Ward 8,2023-07-24
2023-07-21,38.922481,-77.034920,Ward 1,2023-07-21
2023-07-21,38.909518,-77.080042,Ward 3,2023-07-21
2023-07-21,38.960203,-77.070120,Ward 3,2023-07-21
2023-07-21,38.975997,-77.024233,Ward 4,2023-07-21
2023-07-21,38.851773,-76.986782,Ward 8,2023-07-21
2023-07-21,38.897828,-76.995872,Ward 6,2023-07-21
2023-07-21,38.958552,-77.079406,Ward 3,2023-07-21
2023-07-21,38.957909,-77.074127,Ward 3,2023-07-21
2023-07-21,38.871649,-76.975809,Ward 8,2023-07-21
2023-07-21,38.947263,-77.085362,Ward 3,2023-07-21
2023-07-21,38.895634,-76.989973,Ward 6,2023-07-21
2023-07-21,38.949568,-77.026546,Ward 4,2023-07-21
2023-07-21,38.887764,-76.958335,Ward 7,2023-07-21
2023-07-21,38.929249,-77.037803,Ward 1,2023-07-21
2023-07-21,38.897544,-76.972593,Ward 7,2023-07-21
2023-07-21,38.953442,-76.993869,Ward 5,2023-07-21
2023-07-21,38.906563,-76.932705,Ward 7,2023-07-21
2023-07-21,38.909472,-77.080015,Ward 3,2023-07-21
2023-07-21,38.941642,-76.989515,Ward 5,2023-07-21
2023-07-21,38.857998,-76.959191,Ward 7,2023-07-21
2023-07-21,38.878407,-77.002956,Ward 6,2023-07-24
2023-07-21,38.971758,-77.059892,Ward 4,2023-07-24
2023-07-21,38.956169,-76.996748,Ward 5,2023-07-21
2023-07-21,38.958555,-77.032686,Ward 4,2023-07-24
2023-07-21,38.833229,-76.988640,Ward 8,2023-07-21
2023-07-21,38.941988,-77.005435,Ward 5,2023-07-24
2023-07-21,38.867148,-76.945428,Ward 7,2023-07-21
2023-07-21,38.938640,-77.003610,Ward 5,2023-07-24
2023-07-21,38.943238,-76.982856,Ward 5,2023-07-24
2023-07-21,38.910619,-77.024882,Ward 6,2023-07-24
2023-07-21,38.925442,-77.070886,Ward 3,2023-07-24
2023-07-21,38.868692,-76.963199,Ward 7,2023-07-24
2023-07-21,38.918217,-77.093870,Ward 3,2023-07-24
2023-07-21,38.946072,-77.087685,Ward 3,2023-07-26
2023-07-22,38.912798,-77.014938,Ward 5,2023-07-25
2023-07-22,38.950533,-77.088857,Ward 3,2023-07-24
2023-07-22,38.919317,-77.043826,Ward 1,2023-07-24
2023-07-22,38.929763,-77.109167,Ward 3,2023-07-24
2023-07-22,38.898170,-76.992425,Ward 6,2023-07-24
2023-07-22,38.897972,-76.996994,Ward 6,2023-07-24
2023-07-22,38.953061,-77.087347,Ward 3,2023-07-24
2023-07-22,38.882981,-77.002858,Ward 6,2023-07-24
2023-07-23,38.912634,-77.021014,Ward 2,2023-07-24
2023-07-23,38.905657,-76.984274,Ward 5,2023-07-25
2023-07-23,38.943380,-77.085499,Ward 3,2023-07-24
2023-07-23,38.916207,-77.034807,Ward 2,2023-07-24
2023-07-23,38.933491,-77.066390,Ward 3,2023-07-24
2023-07-23,38.933459,-77.028316,Ward 1,2023-07-24
2023-07-23,38.929222,-77.043260,Ward 1,2023-07-24
2023-07-23,38.963489,-77.070306,Ward 3,2023-07-25
2023-07-23,38.906995,-77.007694,Ward 6,2023-07-24
2023-07-23,38.875202,-77.027259,Ward 6,2023-07-24
2023-07-23,38.944849,-76.977518,Ward 5,2023-07-24
2023-07-23,38.912406,-77.020678,Ward 6,2023-07-24
2023-07-23,38.943860,-77.024752,Ward 4,2023-07-24
2023-07-23,38.889061,-76.935517,Ward 7,2023-07-24
2023-07-24,38.966045,-77.066076,Ward 4,2023-07-24
2023-07-24,38.946857,-77.077662,Ward 3,2023-07-24
2023-07-24,38.908634,-77.057227,Ward 2,2023-07-25
2023-07-24,38.900503,-77.008606,Ward 6,2023-07-24
2023-07-24,38.879460,-77.001291,Ward 6,2023-07-25
2023-07-24,38.935406,-77.060149,Ward 3,2023-07-24
2023-07-24,38.889510,-76.995904,Ward 6,2023-07-24
2023-07-24,38.905840,-77.018401,Ward 2,2023-07-24
2023-07-24,38.889061,-76.935517,Ward 7,2023-07-24
2023-07-24,38.914271,-77.023180,Ward 1,2023-07-25
2023-07-24,38.940448,-76.992414,Ward 5,2023-07-24
2023-07-24,38.911759,-77.041067,Ward 2,2023-07-24
2023-07-24,38.942645,-77.015660,Ward 4,2023-07-24
2023-07-24,38.909819,-77.007780,Ward 5,2023-07-26
2023-07-24,38.954050,-77.090367,Ward 3,2023-07-24
2023-07-24,38.911670,-77.024726,Ward 6,2023-07-25
2023-07-24,38.978994,-77.062031,Ward 4,2023-07-24
2023-07-24,38.901887,-77.001807,Ward 6,2023-07-24
2023-07-24,38.880426,-76.960085,Ward 7,2023-07-25
2023-07-24,38.962544,-77.070162,Ward 3,2023-07-25
2023-07-24,38.979601,-77.035391,Ward 4,2023-07-25
2023-07-24,38.946073,-76.990491,Ward 5,2023-07-25
2023-07-24,38.950585,-77.032527,Ward 4,2023-07-25
2023-07-24,38.959969,-77.063660,Ward 4,2023-07-25
2023-07-24,38.921242,-77.034473,Ward 1,2023-07-25
2023-07-24,38.927336,-76.991824,Ward 5,2023-07-25
2023-07-24,38.955759,-77.089912,Ward 3,2023-07-25
2023-07-24,38.889804,-76.993757,Ward 6,2023-07-25
2023-07-25,38.950225,-77.067571,Ward 3,2023-07-25
2023-07-25,38.921718,-77.079958,Ward 3,2023-07-25
2023-07-25,38.907267,-77.008918,Ward 6,2023-07-25
2023-07-25,38.913536,-77.019153,Ward 6,2023-07-25
2023-07-25,38.926824,-77.077983,Ward 3,2023-07-25
2023-07-25,38.947058,-77.082931,Ward 3,2023-07-25
2023-07-25,38.874804,-76.957115,Ward 7,2023-07-25
2023-07-25,38.917202,-77.039591,Ward 1,2023-07-25
2023-07-25,38.930232,-76.980758,Ward 5,2023-07-25
2023-07-25,38.927729,-77.074844,Ward 3,2023-07-25
2023-07-25,38.899019,-77.017413,Ward 2,2023-07-28
2023-07-25,38.890119,-76.993942,Ward 6,2023-07-25
2023-07-25,38.959227,-77.068796,Ward 3,2023-07-25
2023-07-25,38.888412,-76.983431,Ward 6,2023-07-26
2023-07-25,38.933510,-77.057314,Ward 3,2023-07-25
2023-07-25,38.889804,-76.993757,Ward 6,2023-07-25
2023-07-25,38.935567,-77.058509,Ward 3,2023-07-25
2023-07-25,38.938891,-77.031701,Ward 4,2023-07-25
2023-07-25,38.921718,-77.079958,Ward 3,2023-07-25
2023-07-25,38.936746,-77.083106,Ward 3,2023-07-25
2023-07-25,38.835910,-77.000052,Ward 8,2023-07-26
2023-07-25,38.948030,-77.025590,Ward 4,2023-07-26
2023-07-25,38.890082,-76.925856,Ward 7,2023-07-25
2023-07-25,38.865480,-76.958272,Ward 7,2023-07-25
2023-07-25,38.889804,-76.993757,Ward 6,2023-07-25
2023-07-25,38.929964,-77.066397,Ward 3,2023-07-25
2023-07-25,38.968020,-77.063637,Ward 4,2023-07-26
2023-07-25,38.889477,-76.993953,Ward 6,2023-07-25
2023-07-25,38.931997,-77.044445,Ward 1,2023-07-26
2023-07-25,38.933947,-76.986683,Ward 5,2023-07-26
2023-07-25,38.893278,-76.910253,Ward 7,2023-07-26
2023-07-25,38.922550,-77.077909,Ward 3,2023-07-26
2023-07-25,38.890094,-76.994725,Ward 6,2023-07-26
2023-07-25,38.889804,-76.993757,Ward 6,2023-07-26
2023-07-25,38.947102,-76.994352,Ward 5,2023-07-26
2023-07-25,38.924783,-77.035937,Ward 1,2023-07-26
2023-07-26,38.946925,-77.084483,Ward 3,2023-07-26
2023-07-26,38.907244,-77.023963,Null,2023-07-26
2023-07-26,38.870937,-76.971364,Ward 8,2023-07-26
2023-07-26,38.861974,-76.956208,Ward 7,2023-07-26
2023-07-26,38.919794,-77.077297,Ward 3,2023-07-26
2023-07-26,38.919178,-77.095566,Ward 3,2023-07-26
2023-07-26,38.948063,-77.100784,Ward 3,2023-07-26
2023-07-26,38.897128,-76.993571,Ward 6,2023-07-26
2023-07-26,38.925364,-77.070608,Ward 3,2023-07-26
2023-07-26,38.884857,-77.004509,Ward 6,2023-07-26
2023-07-26,38.931997,-77.044445,Ward 1,2023-07-26
2023-07-26,38.906077,-76.984533,Ward 5,2023-07-26
2023-07-26,38.890930,-76.982213,Ward 6,2023-07-26
2023-07-26,38.891128,-76.982444,Ward 6,2023-07-26
2023-07-26,38.914830,-77.050625,Ward 2,2023-07-27
2023-07-26,38.889007,-76.993576,Ward 6,2023-07-26
2023-07-26,38.880041,-76.944581,Ward 7,2023-07-26
2023-07-26,38.932583,-77.102444,Ward 3,2023-07-26
2023-07-26,38.905814,-77.027358,Ward 2,2023-07-26
2023-07-26,38.912832,-77.062740,Ward 2,2023-07-27
2023-07-26,38.929540,-77.060379,Ward 3,2023-07-26
2023-07-26,38.857727,-76.985471,Ward 8,2023-07-28
2023-07-26,38.941219,-77.088651,Ward 3,2023-07-26
2023-07-26,38.942611,-77.078997,Ward 3,2023-07-26
2023-07-26,38.946709,-77.078395,Ward 3,2023-07-27
2023-07-26,38.874337,-77.002044,Ward 8,2023-07-26
2023-07-26,38.963961,-77.019208,Ward 4,2023-07-26
2023-07-26,38.909970,-76.938026,Ward 7,2023-07-27
2023-07-26,38.842334,-76.981561,Ward 8,2023-07-26
2023-07-26,38.945737,-77.063962,Ward 3,2023-07-26
2023-07-26,38.871147,-77.012391,Ward 6,2023-07-26
2023-07-26,38.968757,-77.006699,Ward 4,2023-07-26
2023-07-26,38.942917,-77.086457,Ward 3,2023-07-27
2023-07-26,38.878846,-76.940149,Ward 7,2023-07-27
2023-07-26,38.953795,-77.016755,Ward 4,2023-07-26
2023-07-26,38.870744,-76.967775,Ward 7,2023-07-27
2023-07-26,38.959969,-77.063660,Ward 4,2023-07-27
2023-07-26,38.946253,-77.067646,Ward 3,2023-07-27
2023-07-26,38.920872,-77.038239,Ward 1,2023-07-27
2023-07-26,38.823651,-76.999198,Ward 8,2023-07-28
2023-07-26,38.917639,-77.009355,Ward 5,2023-07-28
2023-07-26,38.930651,-76.980719,Ward 5,2023-07-27
2023-07-26,38.917286,-77.030518,Ward 1,2023-07-27
2023-07-26,38.895753,-76.931046,Ward 7,2023-07-27
2023-07-26,38.882452,-77.004009,Ward 6,2023-07-28
2023-07-27,38.928869,-77.032427,Ward 1,2023-07-27
2023-07-27,38.920872,-77.038239,Ward 1,2023-07-27
2023-07-27,38.925155,-77.026777,Ward 1,2023-07-27
2023-07-27,38.918284,-77.037786,Ward 1,2023-07-27
2023-07-27,38.849862,-76.974749,Ward 8,2023-07-27
2023-07-27,38.880426,-76.960085,Ward 7,2023-07-27
2023-07-27,38.865417,-76.949635,Ward 7,2023-07-27
2023-07-27,38.892827,-76.988037,Ward 6,2023-07-27
2023-07-27,38.954589,-77.019567,Ward 4,2023-07-27
2023-07-27,38.895805,-76.934606,Ward 7,2023-07-27
2023-07-27,38.871201,-76.938106,Ward 7,2023-07-27
2023-07-27,38.965120,-77.020400,Ward 4,2023-07-27
2023-07-27,38.926655,-76.983613,Ward 5,2023-07-27
2023-07-27,38.956712,-77.058066,Null,2023-07-27
2023-07-27,38.957150,-77.026226,Ward 4,2023-07-28
2023-07-27,38.923328,-77.039650,Ward 1,2023-07-28
2023-07-27,38.902890,-76.983626,Ward 5,2023-07-28
2023-07-27,38.893319,-76.926047,Ward 7,2023-07-28
2023-07-27,38.905351,-76.926036,Ward 7,2023-07-28
2023-07-27,38.892582,-76.957271,Ward 7,2023-07-28
2023-07-27,38.839046,-77.004358,Ward 8,2023-07-28
2023-07-27,38.909139,-77.025181,Ward 2,2023-07-28
2023-07-27,38.914729,-77.036164,Ward 2,2023-07-28
2023-07-27,38.914729,-77.036164,Ward 2,2023-07-30
2023-07-27,38.863278,-76.993837,Ward 8,2023-07-28
2023-07-27,38.943294,-77.026651,Ward 4,2023-07-31
2023-07-27,38.898768,-76.994704,Ward 6,2023-07-28
2023-07-27,38.843203,-76.985765,Ward 8,2023-07-28
2023-07-27,38.913439,-77.014658,Ward 5,2023-07-28
2023-07-28,38.912151,-77.011811,Ward 5,2023-07-28
2023-07-28,38.897567,-76.990817,Ward 6,2023-07-28
2023-07-28,38.915787,-77.014587,Ward 1,2023-07-28
2023-07-28,38.942349,-77.043156,Ward 4,2023-07-28
2023-07-28,38.928894,-76.981083,Ward 5,2023-07-30
2023-07-28,38.956143,-77.088114,Ward 3,2023-07-28
2023-07-28,38.890568,-76.927277,Ward 7,2023-07-28
2023-07-28,38.922206,-76.976457,Ward 5,2023-07-31
2023-07-28,38.890703,-76.947833,Ward 7,2023-07-28
2023-07-28,38.868842,-76.947721,Ward 7,2023-07-28
2023-07-28,38.889804,-76.993757,Ward 6,2023-07-28
2023-07-28,38.859608,-76.964827,Ward 7,2023-07-30
2023-07-28,38.918392,-77.023075,Ward 1,2023-08-02
2023-07-28,38.895927,-76.981944,Ward 6,2023-07-31
2023-07-29,38.914915,-77.019115,Ward 6,2023-07-30
2023-07-29,38.926181,-77.066382,Ward 3,2023-07-29
2023-07-29,38.907687,-77.027285,Ward 2,2023-07-30
2023-07-29,38.844599,-76.974180,Ward 8,2023-08-02
2023-07-29,38.938892,-77.031081,Ward 4,2023-07-31
2023-07-29,38.947320,-77.042105,Ward 4,2023-07-31
2023-07-29,38.925807,-77.100169,Ward 3,2023-07-31
2023-07-29,38.946950,-77.065607,Ward 3,2023-08-01
2023-07-29,38.938892,-77.031004,Ward 4,2023-07-31
2023-07-29,38.926181,-77.066382,Ward 3,2023-07-30
2023-07-29,38.908335,-77.068837,Ward 2,2023-07-31
2023-07-29,38.907780,-77.011909,Ward 5,2023-07-31
2023-07-29,38.938892,-77.031081,Ward 4,2023-07-31
2023-07-29,38.977983,-77.027153,Ward 4,2023-07-30
2023-07-29,38.961466,-77.022184,Ward 4,2023-07-29
2023-07-29,38.885476,-76.954479,Ward 7,2023-07-30
2023-07-29,38.941675,-77.035150,Ward 4,2023-07-31
2023-07-29,38.935053,-77.047713,Null,2023-08-01
2023-07-29,38.936211,-77.059306,Ward 3,2023-07-31
2023-07-29,38.939834,-77.061473,Ward 3,2023-07-30
2023-07-29,38.904227,-76.977699,Ward 5,2023-07-31
2023-07-29,38.977456,-77.024185,Ward 4,2023-07-31
2023-07-29,38.972057,-77.029930,Ward 4,2023-07-30
2023-07-29,38.919244,-77.002031,Ward 5,2023-07-31
2023-07-29,38.939390,-77.060734,Ward 3,2023-07-30
2023-07-29,38.932617,-77.090637,Ward 3,2023-07-31
2023-07-29,38.904226,-76.977529,Ward 5,2023-07-31
2023-07-29,38.898541,-77.000339,Ward 6,2023-07-30
2023-07-29,38.952898,-77.088332,Ward 3,2023-07-30
2023-07-29,38.986717,-77.032085,Ward 4,2023-07-29
2023-07-29,38.911277,-77.017377,Ward 6,2023-07-31
2023-07-29,38.968097,-77.024678,Ward 4,2023-07-30
2023-07-29,38.908289,-77.019670,Ward 6,2023-07-31
2023-07-29,38.982028,-77.029129,Ward 4,2023-07-30
2023-07-29,38.949018,-77.068536,Ward 3,2023-07-30
2023-07-29,38.957570,-76.997376,Ward 4,2023-07-31
2023-07-29,38.958679,-77.083487,Ward 3,2023-07-30
2023-07-29,38.924470,-77.079318,Ward 3,2023-07-30
2023-07-29,38.919181,-77.028084,Ward 1,2023-07-30
2023-07-29,38.975993,-77.021891,Ward 4,2023-07-31
2023-07-29,38.960781,-77.070971,Ward 3,2023-07-30
2023-07-29,38.942068,-77.035099,Ward 4,2023-07-31
2023-07-29,38.914831,-77.033245,Ward 2,2023-08-01
2023-07-29,38.920227,-77.074169,Ward 3,2023-08-01
2023-07-29,38.980463,-77.023507,Ward 4,2023-07-31
2023-07-29,38.979166,-77.028742,Ward 4,2023-08-06
2023-07-29,38.933236,-77.078989,Ward 3,2023-07-30
2023-07-29,38.922955,-77.046377,Ward 1,2023-07-30
2023-07-29,38.922045,-77.079508,Ward 3,2023-07-30
2023-07-29,38.932989,-77.078518,Ward 3,2023-07-30
2023-07-29,38.986158,-77.033936,Ward 4,2023-07-29
2023-07-29,38.929519,-77.059884,Ward 3,2023-07-30
2023-07-29,38.933708,-77.068241,Ward 3,2023-07-31
2023-07-29,38.914257,-77.030167,Ward 1,2023-07-30
2023-07-29,38.929519,-77.059884,Ward 3,2023-07-30
2023-07-29,38.962700,-77.022447,Ward 4,2023-07-30
2023-07-29,38.892976,-76.951740,Ward 7,2023-07-30
2023-07-29,38.910929,-77.033738,Ward 2,2023-08-01
2023-07-29,38.881475,-77.001122,Ward 6,2023-07-31
2023-07-29,38.904368,-76.977604,Ward 5,2023-07-31
2023-07-29,38.911291,-77.011124,Ward 5,2023-07-31
2023-07-29,38.974165,-77.024223,Ward 4,2023-07-30
2023-07-29,38.930109,-77.077666,Ward 3,2023-07-31
2023-07-29,38.916154,-77.035520,Ward 2,2023-08-01
2023-07-29,38.916421,-77.035377,Ward 2,2023-08-01
2023-07-29,38.924278,-76.964896,Ward 5,2023-07-31
2023-07-29,38.971277,-77.018029,Ward 4,2023-07-31
2023-07-29,38.921054,-77.073086,Ward 3,2023-08-01
2023-07-29,38.928159,-77.066163,Ward 3,2023-07-31
2023-07-29,38.926919,-77.056183,Ward 3,2023-07-31
2023-07-29,38.909890,-77.065921,Ward 2,2023-07-29
2023-07-29,38.946077,-77.073540,Ward 3,2023-07-31
2023-07-29,38.962766,-77.073822,Ward 3,2023-07-30
2023-07-29,38.927382,-77.051918,Ward 3,2023-08-01
2023-07-29,38.905880,-76.984393,Ward 5,2023-07-31
2023-07-29,38.929237,-77.075885,Ward 3,2023-07-30
2023-07-29,38.944959,-77.071338,Ward 3,2023-07-30
2023-07-29,38.910104,-77.054624,Ward 2,2023-07-31
2023-07-29,38.976648,-77.034949,Ward 4,2023-07-30
2023-07-29,38.923001,-77.043587,Ward 1,2023-07-30
2023-07-29,38.959978,-77.064101,Ward 4,2023-07-31
2023-07-29,38.854561,-76.964648,Ward 7,2023-07-30
2023-07-29,38.969108,-77.024492,Ward 4,2023-07-30
2023-07-29,38.904253,-76.997879,Ward 6,2023-07-31
2023-07-29,38.916154,-77.035520,Ward 2,2023-08-01
2023-07-29,38.930230,-77.057164,Ward 3,2023-07-30
2023-07-29,38.921204,-77.077052,Ward 3,2023-07-30
2023-07-29,38.915764,-77.034959,Ward 2,2023-08-01
2023-07-29,38.969333,-77.023123,Ward 4,2023-07-30
2023-07-29,38.918403,-77.071724,Ward 3,2023-07-30
2023-07-29,38.892080,-76.946233,Ward 7,2023-07-31
2023-07-29,38.980566,-77.035418,Ward 4,2023-07-30
2023-07-29,38.967287,-77.021164,Ward 4,2023-07-30
2023-07-29,38.919646,-77.056933,Ward 3,2023-08-06
2023-07-29,38.915266,-77.027841,Ward 1,2023-07-30
2023-07-29,38.959969,-77.063660,Ward 4,2023-07-31
2023-07-29,38.906616,-77.014355,Ward 6,2023-07-31
2023-07-29,38.926422,-77.075995,Ward 3,2023-07-30
2023-07-29,38.968097,-77.024678,Ward 4,2023-07-30
2023-07-29,38.961466,-77.022184,Ward 4,2023-07-30
2023-07-29,38.899069,-76.988133,Ward 6,2023-07-31
2023-07-29,38.933690,-77.066147,Ward 3,2023-07-31
2023-07-29,38.932448,-77.077049,Ward 3,2023-07-30
2023-07-29,38.960781,-77.070971,Ward 3,2023-07-30
2023-07-29,38.908771,-77.027832,Ward 2,2023-07-29
2023-07-29,38.922545,-77.073195,Ward 3,2023-07-30
2023-07-29,38.929356,-77.043455,Ward 1,2023-07-30
2023-07-29,38.972556,-77.020768,Ward 4,2023-07-29
2023-07-29,38.923503,-77.045523,Ward 1,2023-07-30
2023-07-29,38.905981,-76.981631,Ward 5,2023-07-31
2023-07-29,38.916022,-77.074510,Ward 2,2023-07-30
2023-07-29,38.978170,-77.030124,Ward 4,2023-07-30
2023-07-29,38.958679,-77.083487,Ward 3,2023-07-30
2023-07-29,38.926367,-77.078527,Ward 3,2023-08-02
2023-07-29,38.912825,-77.044599,Ward 2,2023-08-01
2023-07-29,38.926430,-77.076396,Ward 3,2023-07-30
2023-07-29,38.921363,-77.072839,Ward 3,2023-08-01
2023-07-29,38.978121,-77.023551,Ward 4,2023-07-31
2023-07-29,38.933530,-77.081831,Ward 3,2023-07-30
2023-07-29,38.925947,-77.074813,Ward 3,2023-07-30
2023-07-29,38.911689,-77.083848,Ward 3,2023-07-30
2023-07-29,38.874900,-76.938814,Ward 7,2023-07-30
2023-07-29,38.941675,-77.035150,Ward 4,2023-07-31
2023-07-29,38.926685,-77.077314,Ward 3,2023-07-30
2023-07-29,38.863374,-76.962539,Ward 7,2023-07-30
2023-07-29,38.929515,-77.043200,Ward 1,2023-07-30
2023-07-29,38.978475,-77.023857,Ward 4,2023-07-30
2023-07-29,38.916210,-77.047447,Ward 2,2023-07-30
2023-07-29,38.910415,-77.085014,Ward 3,2023-07-30
2023-07-29,38.972057,-77.029930,Ward 4,2023-07-30
2023-07-29,38.922637,-77.037392,Ward 1,2023-07-31
2023-07-29,38.904397,-76.997303,Ward 6,2023-07-31
2023-07-29,38.901125,-76.991300,Ward 6,2023-07-30
2023-07-29,38.891724,-76.992859,Ward 6,2023-07-31
2023-07-29,38.921833,-77.055382,Ward 3,2023-07-31
2023-07-29,38.943771,-77.079764,Ward 3,2023-07-31
2023-07-29,38.930375,-77.042198,Ward 1,2023-07-30
2023-07-29,38.980463,-77.023507,Ward 4,2023-07-30
2023-07-29,38.957782,-77.081277,Ward 3,2023-07-30
2023-07-29,38.915211,-77.071434,Ward 2,2023-07-30
2023-07-29,38.970756,-77.012612,Ward 4,2023-07-30
2023-07-29,38.912369,-77.005896,Ward 5,2023-07-31
2023-07-29,38.926824,-77.077983,Ward 3,2023-08-02
2023-07-29,38.922411,-77.060490,Ward 3,2023-07-30
2023-07-29,38.919907,-77.046823,Ward 1,2023-07-30
2023-07-29,38.898739,-76.972848,Ward 5,2023-07-30
2023-07-29,38.908143,-77.070183,Ward 2,2023-07-30
2023-07-29,38.930109,-77.077666,Ward 3,2023-07-31
2023-07-29,38.911971,-77.015982,Ward 5,2023-07-31
2023-07-29,38.962619,-77.073825,Ward 3,2023-07-30
2023-07-29,38.904503,-76.977693,Ward 5,2023-07-31
2023-07-29,38.920160,-77.046449,Ward 1,2023-07-30
2023-07-29,38.932633,-77.089060,Ward 3,2023-07-31
2023-07-29,38.891732,-76.995701,Ward 6,2023-07-30
2023-07-29,38.874470,-77.010829,Ward 6,2023-07-31
2023-07-29,38.911987,-77.083105,Ward 3,2023-07-30
2023-07-29,38.929708,-77.082937,Ward 3,2023-07-30
2023-07-29,38.910976,-77.062164,Ward 2,2023-07-30
2023-07-29,38.962700,-77.022447,Ward 4,2023-07-30
2023-07-29,38.928058,-77.061679,Ward 3,2023-07-30
2023-07-29,38.927359,-77.104035,Ward 3,2023-07-30
2023-07-29,38.891410,-76.998213,Ward 6,2023-07-31
2023-07-29,38.934703,-77.103492,Ward 3,2023-07-31
2023-07-29,38.929703,-77.108239,Ward 3,2023-07-31
2023-07-29,38.981381,-77.028121,Ward 4,2023-07-30
2023-07-29,38.919354,-77.033729,Ward 1,2023-07-30
2023-07-29,38.899120,-76.972898,Ward 5,2023-07-30
2023-07-29,38.894623,-76.995861,Ward 6,2023-07-30
2023-07-29,38.926443,-77.038026,Ward 1,2023-07-31
2023-07-29,38.923449,-77.075815,Ward 3,2023-08-02
2023-07-29,38.915793,-77.018553,Ward 1,2023-07-30
2023-07-29,38.926685,-77.077314,Ward 3,2023-07-30
2023-07-29,38.928791,-77.036830,Ward 1,2023-07-31
2023-07-29,38.929590,-77.075566,Ward 3,2023-07-30
2023-07-29,38.926437,-77.075040,Ward 3,2023-08-02
2023-07-29,38.919618,-77.001762,Ward 5,2023-07-31
2023-07-29,38.915800,-77.003032,Ward 5,2023-07-31
2023-07-29,38.921228,-77.044957,Ward 1,2023-07-30
2023-07-29,38.875446,-76.959038,Ward 7,2023-07-30
2023-07-29,38.904252,-76.997766,Ward 6,2023-07-31
2023-07-29,38.928023,-77.030040,Ward 1,2023-07-30
2023-07-29,38.915800,-77.003032,Ward 5,2023-07-31
2023-07-29,38.891693,-76.995647,Ward 6,2023-07-30
2023-07-29,38.930171,-77.057146,Ward 3,2023-07-30
2023-07-29,38.902201,-77.014452,Ward 6,2023-07-31
2023-07-29,38.933236,-77.078989,Ward 3,2023-07-30
2023-07-29,38.903168,-77.016452,Ward 6,2023-07-30
2023-07-29,38.947320,-77.042105,Ward 4,2023-07-31
2023-07-29,38.902248,-77.016758,Ward 6,2023-07-30
2023-07-29,38.982461,-77.030589,Ward 4,2023-07-30
2023-07-29,38.967045,-77.073609,Ward 3,2023-07-31
2023-07-29,38.911076,-77.050748,Ward 2,2023-07-30
2023-07-29,38.902828,-77.017674,Ward 6,2023-07-31
2023-07-29,38.886614,-76.992419,Ward 6,2023-07-31
2023-07-29,38.902275,-77.017966,Ward 6,2023-07-30
2023-07-29,38.902275,-77.017966,Ward 6,2023-07-30
2023-07-29,38.971286,-77.028747,Ward 4,2023-07-30
2023-07-29,38.902826,-77.017893,Ward 6,2023-07-30
2023-07-29,38.902815,-77.018454,Ward 6,2023-07-30
2023-07-29,38.978488,-77.023154,Ward 4,2023-07-31
2023-07-29,38.908951,-77.072317,Ward 2,2023-07-30
2023-07-29,38.939390,-77.060734,Ward 3,2023-07-30
2023-07-29,38.929231,-77.075732,Ward 3,2023-07-30
2023-07-29,38.898541,-77.000339,Ward 6,2023-07-30
2023-07-29,38.918843,-77.039111,Ward 1,2023-07-31
2023-07-29,38.909472,-77.035064,Ward 2,2023-07-31
2023-07-29,38.915266,-77.027841,Ward 1,2023-07-30
2023-07-29,38.922045,-77.079508,Ward 3,2023-07-30
2023-07-29,38.967535,-77.027477,Ward 4,2023-07-30
2023-07-29,38.928112,-77.042102,Ward 1,2023-07-30
2023-07-29,38.924483,-77.079135,Ward 3,2023-07-30
2023-07-29,38.888575,-76.954615,Ward 7,2023-07-30
2023-07-29,38.908556,-77.068462,Ward 2,2023-07-30
2023-07-29,38.931739,-77.094425,Ward 3,2023-07-30
2023-07-29,38.930230,-77.057164,Ward 3,2023-07-30
2023-07-29,38.912415,-77.047240,Ward 2,2023-07-30
2023-07-29,38.920664,-77.039837,Ward 1,2023-07-31
2023-07-29,38.925305,-77.042296,Ward 1,2023-08-01
2023-07-29,38.937772,-77.018993,Ward 4,2023-08-01
2023-07-29,38.883639,-76.988074,Ward 6,2023-07-30
2023-07-29,38.887789,-76.999185,Ward 6,2023-07-31
2023-07-29,38.907759,-77.009755,Ward 5,2023-07-31
2023-07-29,38.925987,-77.073576,Ward 3,2023-07-30
2023-07-29,38.973835,-77.023122,Ward 4,2023-08-01
2023-07-29,38.933486,-77.075295,Ward 3,2023-07-30
2023-07-29,38.914835,-77.042543,Ward 2,2023-08-01
2023-07-29,38.884799,-77.003748,Ward 6,2023-07-31
2023-07-29,38.922976,-77.039173,Ward 1,2023-07-31
2023-07-29,38.929219,-77.075503,Ward 3,2023-07-30
2023-07-29,38.925746,-77.039678,Ward 1,2023-07-31
2023-07-29,38.921679,-77.080794,Ward 3,2023-07-30
2023-07-29,38.935690,-77.075910,Ward 3,2023-07-30
2023-07-29,38.969108,-77.024492,Ward 4,2023-07-30
2023-07-29,38.917861,-77.054026,Ward 2,2023-07-30
2023-07-29,38.929710,-77.061408,Ward 3,2023-07-30
2023-07-29,38.939800,-77.062536,Ward 3,2023-07-30
2023-07-29,38.918242,-77.047490,Null,2023-07-30
2023-07-29,38.930275,-77.086213,Ward 3,2023-07-30
2023-07-29,38.909460,-77.034999,Ward 2,2023-07-31
2023-07-29,38.894783,-77.012920,Ward 6,2023-07-30
2023-07-29,38.887789,-76.999185,Ward 6,2023-07-31
2023-07-29,38.927730,-77.062945,Ward 3,2023-07-30
2023-07-29,38.932837,-77.098772,Ward 3,2023-07-31
2023-07-29,38.907060,-77.045365,Ward 2,2023-07-31
2023-07-29,38.920661,-77.028834,Ward 1,2023-07-30
2023-07-29,38.852115,-76.967645,Ward 8,2023-07-30
2023-07-29,38.958033,-77.018250,Ward 4,2023-07-30
2023-07-29,38.916112,-77.004912,Ward 5,2023-07-31
2023-07-29,38.907588,-77.031725,Ward 2,2023-08-01
2023-07-29,38.914680,-77.033338,Ward 2,2023-08-01
2023-07-30,38.957570,-76.997376,Ward 4,2023-07-30
2023-07-30,38.919166,-77.088746,Ward 3,2023-07-30
2023-07-30,38.910454,-77.043511,Ward 2,2023-07-30
2023-07-30,38.932396,-77.044510,Ward 1,2023-07-30
2023-07-30,38.915366,-77.039936,Ward 2,2023-08-01
2023-07-30,38.920865,-77.073972,Ward 3,2023-07-30
2023-07-30,38.910559,-77.029853,Ward 2,2023-07-31
2023-07-30,38.977909,-77.023168,Ward 4,2023-07-30
2023-07-30,38.933704,-77.066992,Ward 3,2023-07-31
2023-07-30,38.924303,-77.086543,Ward 3,2023-07-30
2023-07-30,38.974864,-77.036364,Ward 4,2023-07-30
2023-07-30,38.929745,-77.062996,Ward 3,2023-07-31
2023-07-30,38.912382,-77.022536,Ward 6,2023-07-31
2023-07-30,38.922275,-77.074813,Ward 3,2023-07-30
2023-07-30,38.936075,-77.073149,Ward 3,2023-07-30
2023-07-30,38.920187,-77.074553,Ward 3,2023-08-01
2023-07-30,38.956695,-77.064780,Ward 3,2023-07-31
2023-07-30,38.930076,-77.073429,Ward 3,2023-07-30
2023-07-30,38.930466,-77.100224,Ward 3,2023-07-31
2023-07-30,38.928612,-77.073162,Ward 3,2023-07-30
2023-07-30,38.923306,-77.042651,Ward 1,2023-07-30
2023-07-30,38.907621,-77.069247,Ward 2,2023-07-30
2023-07-30,38.968370,-77.026687,Ward 4,2023-07-30
2023-07-30,38.932403,-77.094702,Ward 3,2023-07-30
2023-07-30,38.907621,-77.069247,Ward 2,2023-07-30
2023-07-30,38.927168,-77.051611,Ward 3,2023-08-01
2023-07-30,38.832794,-76.999240,Ward 8,2023-07-30
2023-07-30,38.912379,-77.050939,Ward 2,2023-07-30
2023-07-30,38.918681,-77.037407,Ward 1,2023-07-31
2023-07-30,38.926824,-77.077983,Ward 3,2023-08-02
2023-07-30,38.963594,-77.023297,Ward 4,2023-07-30
2023-07-30,38.927529,-77.090254,Ward 3,2023-07-30
2023-07-30,38.899088,-76.988494,Ward 6,2023-07-31
2023-07-30,38.944778,-77.070079,Ward 3,2023-07-30
2023-07-30,38.967798,-77.026441,Ward 4,2023-07-30
2023-07-30,38.930382,-77.041902,Ward 1,2023-07-30
2023-07-30,38.920145,-77.079052,Ward 3,2023-07-30
2023-07-30,38.948998,-77.068727,Ward 3,2023-07-30
2023-07-30,38.956261,-77.074594,Ward 3,2023-07-31
2023-07-30,38.918663,-77.037467,Ward 1,2023-07-31
2023-07-30,38.924303,-77.086543,Ward 3,2023-07-30
2023-07-30,38.928342,-77.043139,Ward 1,2023-07-31
2023-07-30,38.926416,-77.064229,Ward 3,2023-07-31
2023-07-30,38.918115,-77.038470,Ward 1,2023-07-31
2023-07-30,38.935139,-77.066389,Ward 3,2023-07-30
2023-07-30,38.920884,-77.076480,Ward 3,2023-07-31
2023-07-30,38.924079,-77.050867,Ward 3,2023-08-01
2023-07-30,38.972263,-77.028470,Ward 4,2023-07-30
2023-07-30,38.929135,-77.087166,Ward 3,2023-07-30
2023-07-30,38.914834,-77.040196,Ward 2,2023-08-01
2023-07-30,38.863666,-76.962724,Ward 7,2023-07-30
2023-07-30,38.918718,-77.048313,Null,2023-07-30
2023-07-30,38.967771,-77.024733,Ward 4,2023-07-30
2023-07-30,38.863667,-76.962309,Ward 7,2023-07-30
2023-07-30,38.924601,-77.077867,Ward 3,2023-07-30
2023-07-30,38.926526,-77.036488,Ward 1,2023-07-31
2023-07-30,38.906071,-76.982905,Ward 5,2023-07-31
2023-07-30,38.918175,-77.053515,Ward 2,2023-07-30
2023-07-30,38.930014,-77.061199,Ward 3,2023-07-30
2023-07-30,38.937978,-77.060684,Ward 3,2023-07-31
2023-07-30,38.929019,-77.077052,Ward 3,2023-07-30
2023-07-30,38.961761,-77.076910,Ward 3,2023-07-30
2023-07-30,38.924472,-77.059341,Ward 3,2023-07-30
2023-07-30,38.932682,-77.100728,Ward 3,2023-07-31
2023-07-30,38.915611,-77.069825,Ward 2,2023-07-30
2023-07-30,38.891646,-76.998193,Ward 6,2023-07-31
2023-07-30,38.930997,-77.105641,Ward 3,2023-07-31
2023-07-30,38.916849,-77.006767,Ward 5,2023-07-31
2023-07-30,38.920828,-77.072863,Ward 3,2023-08-01
2023-07-30,38.929515,-77.043200,Ward 1,2023-07-30
2023-07-30,38.917749,-77.051732,Ward 2,2023-07-30
2023-07-30,38.979392,-77.029682,Ward 4,2023-07-31
2023-07-30,38.864122,-76.999207,Ward 8,2023-07-30
2023-07-30,38.907580,-77.083619,Ward 3,2023-07-30
2023-07-30,38.979392,-77.024454,Ward 4,2023-08-04
2023-07-30,38.941874,-77.036441,Ward 4,2023-07-31
2023-07-30,38.953742,-77.056296,Ward 3,2023-07-31
2023-07-30,38.924370,-77.039755,Ward 1,2023-07-30
2023-07-30,38.829775,-77.009906,Ward 8,2023-07-30
2023-07-30,38.921966,-77.043044,Ward 1,2023-08-02
2023-07-30,38.957244,-77.085747,Ward 3,2023-07-30
2023-07-30,38.977285,-77.024460,Ward 4,2023-07-31
2023-07-30,38.898304,-77.015190,Ward 2,2023-07-30
2023-07-30,38.924798,-77.107124,Ward 3,2023-07-31
2023-07-30,38.922161,-77.081088,Ward 3,2023-07-30
2023-07-30,38.926060,-77.061380,Ward 3,2023-07-31
2023-07-30,38.917740,-77.047235,Null,2023-07-30
2023-07-30,38.903916,-77.018928,Ward 6,2023-07-30
2023-07-30,38.912610,-77.046632,Ward 2,2023-07-30
2023-07-30,38.917835,-77.088454,Ward 3,2023-07-30
2023-07-30,38.963109,-77.067213,Null,2023-07-30
2023-07-30,38.948587,-77.101272,Ward 3,2023-07-31
2023-07-30,38.965918,-77.071662,Ward 3,2023-07-30
2023-07-30,38.924496,-77.080049,Ward 3,2023-07-30
2023-07-30,38.934250,-77.055289,Ward 3,2023-07-30
2023-07-30,38.892192,-77.060302,Ward 2,2023-08-01
2023-07-30,38.896537,-76.995869,Ward 6,2023-07-31
2023-07-30,38.923764,-77.045115,Ward 1,2023-07-30
2023-07-30,38.909637,-77.043439,Ward 2,2023-07-31
2023-07-30,38.925869,-77.053735,Ward 3,2023-07-31
2023-07-30,38.951733,-77.068492,Ward 3,2023-07-30
2023-07-30,38.930484,-77.064795,Ward 3,2023-07-30
2023-07-30,38.913365,-77.042546,Ward 2,2023-08-01
2023-07-30,38.962700,-77.022447,Ward 4,2023-07-30
2023-07-30,38.905838,-77.018469,Ward 6,2023-07-31
2023-07-30,38.904227,-76.977699,Ward 5,2023-07-31
2023-07-30,38.925054,-77.041657,Ward 1,2023-08-01
2023-07-30,38.951415,-77.071529,Ward 3,2023-07-30
2023-07-30,38.973609,-77.022766,Ward 4,2023-07-31
2023-07-30,38.913832,-77.028453,Ward 2,2023-07-31
2023-07-30,38.973609,-77.022091,Ward 4,2023-07-31
2023-07-30,38.875146,-76.958856,Ward 7,2023-07-30
2023-07-30,38.877764,-76.964962,Ward 7,2023-08-01
2023-07-30,38.843562,-76.989452,Ward 8,2023-07-30
2023-07-30,38.842940,-76.989030,Ward 8,2023-07-30
2023-07-30,38.973611,-77.023614,Ward 4,2023-07-31
2023-07-30,38.919854,-77.046546,Ward 1,2023-07-30
2023-07-30,38.914133,-77.097904,Ward 3,2023-07-31
2023-07-30,38.923237,-77.043496,Ward 1,2023-07-30
2023-07-30,38.974792,-77.019894,Ward 4,2023-07-31
2023-07-30,38.914481,-77.072768,Ward 2,2023-07-30
2023-07-30,38.920704,-77.028085,Ward 1,2023-07-30
2023-07-30,38.919181,-77.028084,Ward 1,2023-07-31
2023-07-30,38.909561,-77.054386,Ward 2,2023-07-31
2023-07-30,38.934250,-77.055289,Ward 3,2023-07-30
2023-07-30,38.920304,-77.071555,Ward 3,2023-08-01
2023-07-30,38.976856,-77.024216,Ward 4,2023-07-31
2023-07-30,38.978170,-77.030124,Ward 4,2023-07-30
2023-07-30,38.933198,-77.091069,Ward 3,2023-07-31
2023-07-30,38.897526,-76.999692,Ward 6,2023-07-31
2023-07-30,38.911312,-77.011421,Ward 5,2023-07-31
2023-07-30,38.978521,-77.029408,Ward 4,2023-07-30
2023-07-30,38.932617,-77.090637,Ward 3,2023-07-31
2023-07-30,38.953775,-77.085250,Ward 3,2023-07-30
2023-07-30,38.915266,-77.027841,Ward 1,2023-07-30
2023-07-30,38.932132,-77.095736,Ward 3,2023-07-30
2023-07-30,38.928639,-77.042471,Ward 1,2023-07-30
2023-07-30,38.870937,-76.971364,Ward 8,2023-07-30
2023-07-30,38.887830,-76.992491,Ward 6,2023-07-31
2023-07-30,38.930082,-77.101807,Ward 3,2023-07-31
2023-07-30,38.959643,-77.081764,Ward 3,2023-07-30
2023-07-30,38.920700,-77.091937,Ward 3,2023-07-31
2023-07-30,38.911902,-77.083915,Ward 3,2023-07-31
2023-07-30,38.977099,-77.023200,Ward 4,2023-07-31
2023-07-30,38.917770,-77.055720,Ward 2,2023-07-31
2023-07-30,38.976856,-77.024216,Ward 4,2023-07-31
2023-07-30,38.910472,-77.080887,Ward 3,2023-07-31
2023-07-30,38.980463,-77.023507,Ward 4,2023-07-31
2023-07-30,38.925508,-77.058055,Ward 3,2023-07-30
2023-07-30,38.959603,-77.067045,Ward 3,2023-07-31
2023-07-30,38.926809,-77.091020,Ward 3,2023-07-31
2023-07-30,38.930981,-77.057709,Ward 3,2023-07-31
2023-07-30,38.926648,-77.093473,Ward 3,2023-07-31
2023-07-30,38.935460,-77.054014,Ward 3,2023-07-30
2023-07-30,38.927308,-77.090803,Ward 3,2023-07-31
2023-07-30,38.958876,-77.019639,Ward 4,2023-07-31
2023-07-30,38.981590,-77.024222,Ward 4,2023-07-31
2023-07-30,38.933951,-77.102530,Ward 3,2023-07-31
2023-07-30,38.935142,-77.070579,Ward 3,2023-07-30
2023-07-30,38.932355,-77.075568,Ward 3,2023-07-30
2023-07-30,38.925007,-77.025859,Ward 1,2023-07-31
2023-07-30,38.929491,-77.039765,Ward 1,2023-07-30
2023-07-30,38.922999,-77.044440,Ward 1,2023-07-31
2023-07-30,38.948551,-77.068629,Ward 3,2023-07-30
2023-07-30,38.921955,-77.091421,Ward 3,2023-07-31
2023-07-30,38.911371,-77.068075,Ward 2,2023-07-30
2023-07-30,38.930484,-77.064795,Ward 3,2023-07-30
2023-07-30,38.897276,-77.021916,Ward 2,2023-07-30
2023-07-30,38.956776,-77.067651,Ward 3,2023-07-30
2023-07-30,38.964209,-77.021004,Ward 4,2023-07-31
2023-07-30,38.929213,-77.062071,Ward 3,2023-07-31
2023-07-30,38.894853,-76.935092,Ward 7,2023-07-31
2023-07-30,38.981252,-77.029633,Ward 4,2023-07-30
2023-07-30,38.920199,-77.046487,Ward 1,2023-07-30
2023-07-30,38.916154,-77.035520,Ward 2,2023-07-31
2023-07-30,38.932798,-77.069587,Ward 3,2023-07-30
2023-07-30,38.931345,-77.086215,Ward 3,2023-07-31
2023-07-30,38.931380,-77.084624,Ward 3,2023-07-31
2023-07-30,38.894301,-76.934034,Ward 7,2023-07-31
2023-07-30,38.874821,-76.964770,Ward 7,2023-07-31
2023-07-30,38.932692,-77.072934,Ward 3,2023-07-30
2023-07-30,38.925536,-77.052680,Ward 3,2023-08-01
2023-07-30,38.914516,-77.043096,Ward 2,2023-08-01
2023-07-30,38.903403,-77.015966,Ward 6,2023-07-31
2023-07-30,38.912776,-77.047621,Ward 2,2023-07-30
2023-07-30,38.902879,-77.015999,Ward 6,2023-07-31
2023-07-30,38.912200,-77.049874,Ward 2,2023-07-30
2023-07-30,38.967757,-77.024678,Ward 4,2023-07-30
2023-07-30,38.926181,-77.075830,Ward 3,2023-07-30
2023-07-30,38.948372,-77.074830,Ward 3,2023-07-31
2023-07-30,38.969108,-77.024492,Ward 4,2023-09-10
2023-07-30,38.892079,-76.947806,Ward 7,2023-07-31
2023-07-30,38.955701,-77.075458,Ward 3,2023-07-31
2023-07-30,38.932885,-77.098099,Ward 3,2023-07-30
2023-07-30,38.921234,-77.076818,Ward 3,2023-07-30
2023-07-30,38.967821,-77.064117,Ward 4,2023-07-31
2023-07-30,38.905838,-77.018469,Ward 6,2023-07-31
2023-07-30,38.920199,-77.046487,Ward 1,2023-07-31
2023-07-30,38.892849,-76.952168,Ward 7,2023-07-31
2023-07-30,38.933485,-77.089578,Ward 3,2023-07-31
2023-07-30,38.897155,-76.993532,Ward 6,2023-07-31
2023-07-30,38.905851,-77.018684,Ward 6,2023-07-31
2023-07-30,38.912460,-77.047425,Ward 2,2023-07-30
2023-07-30,38.905644,-77.019417,Ward 2,2023-07-31
2023-07-30,38.933914,-77.043647,Ward 1,2023-07-31
2023-07-30,38.920704,-77.028085,Ward 1,2023-07-31
2023-07-30,38.905410,-77.029014,Ward 2,2023-08-01
2023-07-30,38.910089,-77.031054,Ward 2,2023-07-31
2023-07-30,38.890604,-76.995940,Ward 6,2023-07-31
2023-07-30,38.926855,-77.077047,Ward 3,2023-07-30
2023-07-30,38.944970,-77.071244,Ward 3,2023-07-31
2023-07-30,38.967770,-77.022916,Ward 4,2023-07-31
2023-07-30,38.939390,-77.060734,Ward 3,2023-07-30
2023-07-30,38.904879,-77.016180,Ward 6,2023-07-31
2023-07-30,38.959839,-77.071294,Ward 3,2023-07-31
2023-07-30,38.933651,-77.041014,Ward 1,2023-07-31
2023-07-30,38.929897,-77.043264,Ward 1,2023-07-31
2023-07-30,38.906868,-77.015648,Ward 6,2023-07-31
2023-07-30,38.916705,-77.006766,Ward 5,2023-07-31
2023-07-30,38.963594,-77.023152,Ward 4,2023-08-02
2023-07-30,38.924889,-77.025656,Ward 1,2023-07-31
2023-07-30,38.970885,-77.029690,Ward 4,2023-07-31
2023-07-30,38.972263,-77.030368,Ward 4,2023-07-30
2023-07-30,38.986721,-77.044774,Ward 4,2023-07-31
2023-07-30,38.916406,-77.004893,Ward 5,2023-07-31
2023-07-30,38.916407,-77.005271,Ward 5,2023-07-31
2023-07-30,38.957952,-77.074851,Ward 3,2023-07-31
2023-07-30,38.914831,-77.033245,Ward 2,2023-07-31
2023-07-30,38.920402,-77.028304,Ward 1,2023-07-31
2023-07-30,38.905644,-77.017553,Ward 6,2023-07-31
2023-07-30,38.906077,-76.984533,Ward 5,2023-07-31
2023-07-30,38.906571,-76.983668,Ward 5,2023-07-31
2023-07-30,38.920704,-77.028085,Ward 1,2023-07-31
2023-07-30,38.905851,-77.018684,Ward 6,2023-07-31
2023-07-30,38.922550,-77.077909,Ward 3,2023-07-31
2023-07-30,38.905454,-77.019169,Ward 6,2023-07-31
2023-07-30,38.928713,-77.036913,Ward 1,2023-07-31
2023-07-30,38.932579,-77.095063,Ward 3,2023-07-30
2023-07-30,38.959416,-77.067015,Ward 3,2023-07-31
2023-07-30,38.932183,-76.981926,Ward 5,2023-07-31
2023-07-30,38.905573,-76.980776,Ward 5,2023-07-31
2023-07-30,38.924257,-77.045254,Ward 1,2023-07-31
2023-07-30,38.892213,-76.959917,Ward 7,2023-07-31
2023-07-30,38.876140,-77.019037,Ward 6,2023-07-31
2023-07-30,38.931413,-77.077009,Ward 3,2023-07-31
2023-07-30,38.967054,-77.014688,Ward 4,2023-08-02
2023-07-30,38.975648,-77.025853,Ward 4,2023-08-02
2023-07-30,38.975648,-77.025853,Ward 4,2023-07-30
2023-07-30,38.871858,-77.017446,Ward 6,2023-07-31
2023-07-30,38.881486,-77.001187,Ward 6,2023-07-31
2023-07-30,38.909482,-77.082579,Ward 3,2023-07-31
2023-07-30,38.923250,-77.036491,Ward 1,2023-07-31
2023-07-30,38.871688,-77.016079,Ward 6,2023-07-31
2023-07-30,38.920145,-77.079052,Ward 3,2023-07-31
2023-07-30,38.968638,-77.065130,Ward 4,2023-07-31
2023-07-30,38.980110,-77.022701,Ward 4,2023-08-01
2023-07-30,38.880965,-76.983239,Ward 6,2023-07-31
2023-07-30,38.981381,-77.028121,Ward 4,2023-07-31
2023-07-30,38.930109,-77.077666,Ward 3,2023-07-31
2023-07-30,38.932445,-77.085236,Ward 3,2023-07-31
2023-07-30,38.953768,-77.084768,Ward 3,2023-07-31
2023-07-30,38.926908,-77.091590,Ward 3,2023-07-31
2023-07-30,38.922355,-77.075414,Ward 3,2023-08-01
2023-07-30,38.914303,-77.071522,Ward 2,2023-07-31
2023-07-30,38.933312,-77.074633,Ward 3,2023-07-30
2023-07-30,38.912755,-77.062702,Ward 2,2023-07-31
2023-07-30,38.912095,-77.062204,Ward 2,2023-07-31
2023-07-30,38.965918,-77.071662,Ward 3,2023-07-31
2023-07-30,38.932699,-77.100360,Ward 3,2023-07-31
2023-07-30,38.915366,-77.039936,Ward 2,2023-08-01
2023-07-30,38.968841,-77.064579,Ward 4,2023-07-31
2023-07-30,38.910472,-77.080887,Ward 3,2023-07-31
2023-07-30,38.909225,-77.080187,Ward 3,2023-07-31
2023-07-30,38.892394,-76.981572,Ward 7,2023-08-01
2023-07-30,38.904612,-77.020138,Ward 2,2023-07-31
2023-07-30,38.925431,-77.027364,Ward 1,2023-07-31
2023-07-30,38.926863,-77.056197,Ward 3,2023-07-31
2023-07-30,38.961660,-77.022446,Ward 4,2023-07-31
2023-07-30,38.922667,-77.046789,Ward 1,2023-07-31
2023-07-30,38.956064,-77.074869,Ward 3,2023-07-31
2023-07-31,38.940375,-77.015965,Ward 4,2023-08-01
2023-07-31,38.924874,-77.000824,Ward 5,2023-07-31
2023-07-31,38.915151,-77.073463,Ward 2,2023-07-31
2023-07-31,38.886556,-76.995228,Ward 6,2023-07-31
2023-07-31,38.914489,-77.034789,Ward 2,2023-08-01
2023-07-31,38.968893,-77.017996,Ward 4,2023-07-31
2023-07-31,38.960167,-77.016166,Ward 4,2023-07-31
2023-07-31,38.945361,-77.089451,Ward 3,2023-07-31
2023-07-31,38.929518,-77.059683,Ward 3,2023-07-31
2023-07-31,38.938892,-77.031081,Ward 4,2023-07-31
2023-07-31,38.931210,-77.065271,Ward 3,2023-07-31
2023-07-31,38.920661,-77.028834,Ward 1,2023-07-31
2023-07-31,38.982069,-77.035057,Ward 4,2023-07-31
2023-07-31,38.885739,-76.953827,Ward 7,2023-08-01
2023-07-31,38.972263,-77.030368,Ward 4,2023-07-31
2023-07-31,38.906086,-77.027880,Ward 2,2023-08-01
2023-07-31,38.909128,-77.063744,Ward 2,2023-07-31
2023-07-31,38.914089,-77.029620,Null,2023-07-31
2023-07-31,38.968380,-77.015903,Ward 4,2023-08-01
2023-07-31,38.894246,-77.011961,Ward 6,2023-07-31
2023-07-31,38.978136,-77.023350,Ward 4,2023-07-31
2023-07-31,38.957570,-76.997376,Ward 4,2023-07-31
2023-07-31,38.880570,-76.988066,Ward 6,2023-07-31
2023-07-31,38.891121,-76.958505,Ward 7,2023-07-31
2023-07-31,38.950885,-77.016492,Ward 4,2023-08-01
2023-07-31,38.929393,-77.077054,Ward 3,2023-08-01
2023-07-31,38.969333,-77.023123,Ward 4,2023-07-31
2023-07-31,38.905342,-77.015925,Ward 6,2023-07-31
2023-07-31,38.928433,-77.074939,Ward 3,2023-08-01
2023-07-31,38.951733,-77.068492,Ward 3,2023-07-31
2023-07-31,38.919002,-77.047706,Ward 1,2023-07-31
2023-07-31,38.981499,-77.028122,Ward 4,2023-07-31
2023-07-31,38.923284,-77.056079,Ward 3,2023-07-31
2023-07-31,38.928506,-76.974328,Ward 5,2023-07-31
2023-07-31,38.911328,-77.045993,Ward 2,2023-07-31
2023-07-31,38.914831,-77.033245,Ward 2,2023-07-31
2023-07-31,38.905897,-77.017623,Ward 6,2023-07-31
2023-07-31,38.981743,-77.028092,Ward 4,2023-07-31
2023-07-31,38.951244,-77.068655,Ward 3,2023-07-31
2023-07-31,38.970924,-77.026170,Ward 4,2023-07-31
2023-07-31,38.909491,-77.045210,Ward 2,2023-07-31
2023-07-31,38.930631,-77.074192,Ward 3,2023-07-31
2023-07-31,38.951086,-77.068171,Ward 3,2023-07-31
2023-07-31,38.923367,-77.038746,Ward 1,2023-08-01
2023-07-31,38.926776,-77.104657,Ward 3,2023-07-31
2023-07-31,38.927526,-77.067504,Ward 3,2023-07-31
2023-07-31,38.891701,-76.998225,Ward 6,2023-07-31
2023-07-31,38.968217,-77.009047,Ward 4,2023-08-01
2023-07-31,38.927303,-77.052240,Ward 3,2023-08-01
2023-07-31,38.885825,-77.017996,Ward 6,2023-07-31
2023-07-31,38.915435,-77.034865,Ward 2,2023-08-01
2023-07-31,38.931110,-77.097546,Ward 3,2023-07-31
2023-07-31,38.936825,-77.059243,Ward 3,2023-07-31
2023-07-31,38.917984,-77.034823,Ward 1,2023-07-31
2023-07-31,38.866171,-76.980482,Ward 8,2023-08-01
2023-07-31,38.914294,-77.071458,Ward 2,2023-07-31
2023-07-31,38.928160,-77.030030,Ward 1,2023-07-31
2023-07-31,38.974189,-77.025824,Ward 4,2023-07-31
2023-07-31,38.911251,-77.008552,Ward 5,2023-07-31
2023-07-31,38.917201,-77.039470,Ward 1,2023-07-31
2023-07-31,38.909481,-77.023189,Ward 6,2023-07-31
2023-07-31,38.854044,-76.962659,Ward 7,2023-08-01
2023-07-31,38.932245,-77.090803,Ward 3,2023-07-31
2023-07-31,38.928044,-77.065530,Ward 3,2023-07-31
2023-07-31,38.881478,-77.001057,Ward 6,2023-07-31
2023-07-31,38.881456,-76.986192,Ward 6,2023-07-31
2023-07-31,38.911629,-77.086475,Ward 3,2023-08-01
2023-07-31,38.983604,-77.028382,Ward 4,2023-07-31
2023-07-31,38.956588,-77.011614,Ward 4,2023-08-01
2023-07-31,38.968433,-77.061653,Ward 4,2023-07-31
2023-07-31,38.972565,-77.026062,Ward 4,2023-07-31
2023-07-31,38.971061,-77.019136,Ward 4,2023-07-31
2023-07-31,38.964766,-77.017079,Ward 4,2023-07-31
2023-07-31,38.892254,-76.959904,Ward 7,2023-07-31
2023-07-31,38.928639,-77.042471,Ward 1,2023-07-31
2023-07-31,38.943164,-77.093092,Ward 3,2023-08-01
2023-07-31,38.912825,-77.044599,Ward 2,2023-08-01
2023-07-31,38.975188,-77.024712,Ward 4,2023-07-31
2023-07-31,38.932622,-77.056798,Ward 3,2023-08-02
2023-07-31,38.980235,-77.022119,Ward 4,2023-08-01
2023-07-31,38.912825,-77.044599,Ward 2,2023-08-01
2023-07-31,38.910719,-77.043656,Ward 2,2023-08-01
2023-07-31,38.955503,-77.068127,Ward 3,2023-07-31
2023-07-31,38.924956,-77.043722,Ward 1,2023-08-01
2023-07-31,38.920749,-77.040846,Ward 1,2023-07-31
2023-07-31,38.906111,-77.055793,Ward 2,2023-07-31
2023-07-31,38.920457,-77.058408,Ward 3,2023-08-02
2023-07-31,38.903213,-77.018704,Ward 6,2023-07-31
2023-07-31,38.920145,-77.079052,Ward 3,2023-07-31
2023-07-31,38.895912,-76.932091,Ward 7,2023-07-31
2023-07-31,38.921839,-77.074035,Ward 3,2023-07-31
2023-07-31,38.918277,-77.030876,Ward 1,2023-08-02
2023-07-31,38.956042,-77.075683,Ward 3,2023-07-31
2023-07-31,38.909629,-77.067086,Ward 2,2023-07-31
2023-07-31,38.965831,-77.004775,Ward 4,2023-08-01
2023-07-31,38.893040,-77.002228,Ward 6,2023-07-31
2023-07-31,38.918283,-77.030990,Ward 1,2023-08-02
2023-07-31,38.825980,-76.997563,Ward 8,2023-08-01
2023-07-31,38.907419,-76.930817,Ward 7,2023-07-31
2023-07-31,38.981140,-77.030066,Ward 4,2023-07-31
2023-07-31,38.963825,-77.077462,Ward 3,2023-07-31
2023-07-31,38.921839,-77.074035,Ward 3,2023-07-31
2023-07-31,38.920145,-77.079052,Ward 3,2023-07-31
2023-07-31,38.981590,-77.024222,Ward 4,2023-07-31
2023-07-31,38.915785,-77.052362,Ward 2,2023-07-31
2023-07-31,38.900827,-77.053531,Ward 2,2023-07-31
2023-07-31,38.963006,-77.023618,Ward 4,2023-08-01
2023-07-31,38.917614,-77.016359,Ward 1,2023-08-01
2023-07-31,38.887763,-76.957893,Ward 7,2023-08-01
2023-07-31,38.841206,-76.976236,Ward 8,2023-08-01
2023-07-31,38.959499,-77.078244,Ward 3,2023-07-31
2023-07-31,38.909469,-77.031114,Ward 2,2023-07-31
2023-07-31,38.967450,-77.023739,Ward 4,2023-07-31
2023-07-31,38.928426,-77.027931,Ward 1,2023-08-02
2023-07-31,38.879653,-76.981474,Ward 6,2023-07-31
2023-07-31,38.912452,-77.046871,Ward 2,2023-07-31
2023-07-31,38.911292,-77.008393,Ward 5,2023-07-31
2023-07-31,38.928189,-77.042184,Ward 1,2023-07-31
2023-07-31,38.928639,-77.042543,Ward 1,2023-07-31
2023-07-31,38.939000,-77.019659,Ward 4,2023-08-01
2023-07-31,38.925966,-77.066611,Ward 3,2023-07-31
2023-07-31,38.935875,-77.060498,Ward 3,2023-07-31
2023-07-31,38.913531,-77.042635,Ward 2,2023-08-01
2023-07-31,38.972057,-77.029930,Ward 4,2023-07-31
2023-07-31,38.869013,-76.982850,Ward 8,2023-08-02
2023-07-31,38.910219,-77.038779,Ward 2,2023-07-31
2023-07-31,38.927280,-77.062508,Ward 3,2023-07-31
2023-07-31,38.936211,-77.059306,Ward 3,2023-07-31
2023-07-31,38.932423,-77.078386,Ward 3,2023-07-31
2023-07-31,38.932248,-77.076295,Ward 3,2023-07-31
2023-07-31,38.928044,-77.029462,Ward 1,2023-08-01
2023-07-31,38.920443,-77.028307,Ward 1,2023-08-01
2023-07-31,38.919804,-77.034093,Ward 1,2023-08-01
2023-07-31,38.932202,-77.086978,Ward 3,2023-07-31
2023-07-31,38.942032,-77.094632,Ward 3,2023-08-01
2023-07-31,38.911769,-77.042099,Ward 2,2023-08-01
2023-07-31,38.879649,-76.962072,Ward 7,2023-08-01
2023-07-31,38.953284,-77.071908,Ward 3,2023-07-31
2023-07-31,38.917894,-77.072690,Ward 3,2023-08-01
2023-07-31,38.907759,-77.009702,Ward 5,2023-07-31
2023-07-31,38.931548,-77.088883,Ward 3,2023-08-01
2023-07-31,38.846191,-76.970963,Ward 8,2023-08-01
2023-07-31,38.929518,-77.060225,Ward 3,2023-07-31
2023-07-31,38.930278,-77.083995,Ward 3,2023-07-31
2023-07-31,38.922089,-77.055199,Ward 3,2023-08-04
2023-07-31,38.908704,-77.031678,Ward 2,2023-08-01
2023-07-31,38.916289,-77.035518,Ward 2,2023-08-01
2023-07-31,38.932855,-76.962345,Ward 5,2023-07-31
2023-07-31,38.924317,-76.966774,Ward 5,2023-07-31
2023-07-31,38.915038,-77.039716,Ward 2,2023-08-01
2023-07-31,38.967450,-77.023739,Ward 4,2023-08-01
2023-07-31,38.876621,-76.964956,Ward 7,2023-08-01
2023-07-31,38.969442,-77.020930,Ward 4,2023-08-01
2023-07-31,38.920402,-77.028304,Ward 1,2023-08-01
2023-07-31,38.969922,-77.027868,Ward 4,2023-08-02
2023-07-31,38.961851,-76.998774,Ward 4,2023-08-01
2023-07-31,38.922400,-77.074145,Ward 3,2023-08-01
2023-07-31,38.929221,-77.058337,Ward 3,2023-08-01
2023-07-31,38.960101,-77.076774,Ward 3,2023-08-01
2023-07-31,38.929221,-77.058337,Ward 3,2023-08-01
2023-07-31,38.927411,-77.056176,Ward 3,2023-07-31
2023-07-31,38.929903,-77.039447,Ward 1,2023-08-01
2023-07-31,38.922669,-77.059549,Ward 3,2023-07-31
2023-07-31,38.926000,-77.060907,Ward 3,2023-08-01
2023-07-31,38.894429,-77.023506,Ward 2,2023-07-31
2023-07-31,38.925168,-77.051518,Ward 3,2023-08-01
2023-07-31,38.950728,-77.076733,Ward 3,2023-08-01
2023-07-31,38.929499,-77.066147,Ward 3,2023-07-31
2023-07-31,38.934590,-76.970138,Ward 5,2023-07-31
2023-07-31,38.883770,-76.958039,Ward 7,2023-08-01
2023-07-31,38.910092,-77.084190,Ward 3,2023-08-01
2023-07-31,38.911352,-77.049330,Ward 2,2023-08-01
2023-07-31,38.929745,-77.062996,Ward 3,2023-08-01
2023-07-31,38.933319,-77.072032,Ward 3,2023-07-31
2023-07-31,38.913151,-77.070477,Ward 2,2023-08-02
2023-07-31,38.924427,-77.078518,Ward 3,2023-08-01
2023-07-31,38.932248,-77.076295,Ward 3,2023-07-31
2023-07-31,38.906752,-76.983451,Ward 5,2023-07-31
2023-07-31,38.981445,-77.025408,Ward 4,2023-08-01
2023-07-31,38.896590,-76.995853,Ward 6,2023-08-01
2023-07-31,38.897828,-76.995222,Ward 6,2023-08-01
2023-07-31,38.911851,-77.068643,Ward 2,2023-08-02
2023-07-31,38.932538,-77.046487,Ward 1,2023-08-02
2023-07-31,38.925713,-77.066120,Ward 3,2023-07-31
2023-07-31,38.906541,-77.082520,Ward 3,2023-08-01
2023-07-31,38.928023,-77.030040,Ward 1,2023-08-02
2023-07-31,38.858935,-76.997333,Ward 8,2023-08-01
2023-07-31,38.914695,-77.039755,Ward 2,2023-08-01
2023-07-31,38.917660,-77.072680,Ward 3,2023-08-01
2023-07-31,38.934921,-77.067769,Ward 3,2023-08-01
2023-07-31,38.890937,-77.001311,Ward 6,2023-08-01
2023-07-31,38.911769,-77.042099,Ward 2,2023-08-01
2023-07-31,38.914252,-77.037331,Ward 2,2023-08-01
2023-07-31,38.914322,-77.033263,Ward 2,2023-08-01
2023-07-31,38.928106,-77.038935,Ward 1,2023-08-01
2023-07-31,38.910219,-77.038779,Ward 2,2023-07-31
2023-07-31,38.923784,-77.059599,Ward 3,2023-07-31
2023-07-31,38.938407,-77.060753,Ward 3,2023-08-01
2023-07-31,38.933295,-77.074314,Ward 3,2023-07-31
2023-07-31,38.971061,-77.020690,Ward 4,2023-08-01
2023-07-31,38.929065,-77.041503,Ward 1,2023-08-01
2023-07-31,38.918681,-77.037407,Ward 1,2023-07-31
2023-07-31,38.959421,-76.997569,Ward 4,2023-08-01
2023-07-31,38.971061,-77.020690,Ward 4,2023-08-01
2023-07-31,38.936453,-77.101655,Ward 3,2023-08-01
2023-07-31,38.971812,-77.021418,Ward 4,2023-08-01
2023-07-31,38.930483,-77.065383,Ward 3,2023-08-01
2023-07-31,38.977465,-77.023154,Ward 4,2023-08-01
2023-07-31,38.890331,-76.988020,Ward 6,2023-08-01
2023-07-31,38.926402,-77.076592,Ward 3,2023-08-02
2023-07-31,38.904502,-76.976958,Ward 5,2023-08-03
2023-07-31,38.964683,-77.073939,Ward 3,2023-08-01
2023-07-31,38.910548,-77.039152,Ward 2,2023-08-01
2023-07-31,38.924957,-77.042844,Ward 1,2023-08-01
2023-07-31,38.912470,-77.088402,Ward 3,2023-08-01
2023-07-31,38.904502,-76.976958,Ward 5,2023-08-01
2023-07-31,38.985986,-77.035010,Ward 4,2023-08-01
2023-07-31,38.959508,-76.995892,Ward 4,2023-08-01
2023-07-31,38.911769,-77.042099,Ward 2,2023-08-01
2023-07-31,38.930483,-77.065383,Ward 3,2023-08-01
2023-07-31,38.822478,-77.010224,Ward 8,2023-08-01
2023-07-31,38.915745,-77.031573,Ward 1,2023-08-02
2023-07-31,38.909788,-77.086407,Ward 3,2023-08-01
2023-07-31,38.975648,-77.025853,Ward 4,2023-08-01
2023-07-31,38.894618,-76.995635,Ward 6,2023-08-01
2023-08-01,38.924863,-77.069274,Ward 3,2023-08-02
2023-08-01,38.932055,-77.093560,Ward 3,2023-08-01
2023-08-01,38.966607,-77.022242,Ward 4,2023-08-01
2023-08-01,38.946285,-77.082050,Ward 3,2023-08-01
2023-08-01,38.906878,-76.987110,Ward 5,2023-08-01
2023-08-01,38.914297,-77.033330,Ward 2,2023-08-01
2023-08-01,38.917573,-77.041903,Ward 1,2023-09-10
2023-08-01,38.913918,-77.025156,Ward 6,2023-08-01
2023-08-01,38.906327,-77.017580,Ward 6,2023-08-01
2023-08-01,38.934205,-77.054479,Ward 3,2023-08-01
2023-08-01,38.953658,-77.008351,Ward 5,2023-08-01
2023-08-01,38.954611,-77.065654,Ward 3,2023-08-01
2023-08-01,38.912783,-77.012891,Ward 5,2023-08-01
2023-08-01,38.906820,-77.065250,Ward 2,2023-08-02
2023-08-01,38.955446,-77.073536,Ward 3,2023-08-01
2023-08-01,38.920959,-77.041782,Ward 1,2023-08-03
2023-08-01,38.910385,-77.038487,Ward 2,2023-08-01
2023-08-01,38.891646,-76.998193,Ward 6,2023-08-01
2023-08-01,38.968893,-77.017996,Ward 4,2023-08-01
2023-08-01,38.888864,-76.994764,Ward 6,2023-08-01
2023-08-01,38.965857,-77.019239,Ward 4,2023-08-01
2023-08-01,38.930482,-77.065458,Ward 3,2023-08-01
2023-08-01,38.930482,-77.065458,Ward 3,2023-08-01
2023-08-01,38.907933,-77.087089,Ward 3,2023-08-01
2023-08-01,38.907017,-77.030707,Ward 2,2023-08-01
2023-08-01,38.880825,-76.941862,Ward 7,2023-08-01
2023-08-01,38.919715,-77.080031,Ward 3,2023-08-02
2023-08-01,38.911517,-77.059538,Ward 2,2023-08-02
2023-08-01,38.932879,-77.074786,Ward 3,2023-08-01
2023-08-01,38.926802,-77.100527,Ward 3,2023-08-01
2023-08-01,38.932403,-77.104954,Ward 3,2023-08-01
2023-08-01,38.914086,-77.018927,Ward 6,2023-08-01
2023-08-01,38.896902,-77.000799,Ward 6,2023-08-01
2023-08-01,38.925696,-77.073606,Ward 3,2023-08-02
2023-08-01,38.948007,-77.007565,Ward 5,2023-08-02
2023-08-01,38.924957,-77.042844,Ward 1,2023-08-01
2023-08-01,38.907909,-77.067972,Ward 2,2023-08-01
2023-08-01,38.886525,-76.992861,Ward 6,2023-08-01
2023-08-01,38.950886,-77.016429,Ward 4,2023-08-01
2023-08-01,38.841321,-76.977960,Ward 8,2023-08-01
2023-08-01,38.920508,-77.097531,Ward 3,2023-08-01
2023-08-01,38.980194,-77.032519,Ward 4,2023-08-01
2023-08-01,38.920457,-77.058408,Ward 3,2023-08-02
2023-08-01,38.969333,-77.023123,Ward 4,2023-08-01
2023-08-01,38.841094,-76.976937,Ward 8,2023-08-01
2023-08-01,38.980887,-77.033118,Ward 4,2023-08-01
2023-08-01,38.908005,-77.048327,Ward 2,2023-08-01
2023-08-01,38.830278,-76.997673,Ward 8,2023-08-02
2023-08-01,38.930725,-77.024610,Ward 1,2023-08-02
2023-08-01,38.926277,-77.059687,Ward 3,2023-08-01
2023-08-01,38.967779,-77.023433,Ward 4,2023-08-01
2023-08-01,38.931867,-77.058474,Ward 3,2023-08-02
2023-08-01,38.933700,-77.053378,Ward 3,2023-08-01
2023-08-01,38.968453,-77.064919,Ward 4,2023-08-02
2023-08-01,38.914624,-77.066758,Ward 2,2023-08-02
2023-08-01,38.954959,-77.039391,Ward 4,2023-08-01
2023-08-01,38.918277,-77.030830,Ward 1,2023-08-02
2023-08-01,38.965616,-77.069037,Ward 3,2023-08-01
2023-08-01,38.925242,-77.032652,Ward 1,2023-08-02
2023-08-01,38.936453,-77.101655,Ward 3,2023-08-01
2023-08-01,38.937525,-77.102459,Ward 3,2023-08-01
2023-08-01,38.905803,-77.026552,Ward 2,2023-08-01
2023-08-01,38.981140,-77.030066,Ward 4,2023-08-01
2023-08-01,38.940077,-76.979910,Ward 5,2023-08-01
2023-08-01,38.935571,-76.990893,Ward 5,2023-08-01
2023-08-01,38.931739,-77.094425,Ward 3,2023-08-01
2023-08-01,38.907535,-77.067209,Ward 2,2023-08-01
2023-08-01,38.965690,-77.007891,Ward 4,2023-08-01
2023-08-01,38.939000,-77.019659,Ward 4,2023-08-02
2023-08-01,38.933304,-77.059302,Ward 3,2023-08-01
2023-08-01,38.943408,-77.016047,Ward 4,2023-08-02
2023-08-01,38.930918,-77.025021,Ward 1,2023-08-02
2023-08-01,38.980418,-77.024452,Ward 4,2023-08-01
2023-08-01,38.924470,-77.079318,Ward 3,2023-08-02
2023-08-01,38.894667,-76.994733,Ward 6,2023-08-01
2023-08-01,38.984111,-77.031019,Ward 4,2023-08-01
2023-08-01,38.888157,-76.935311,Ward 7,2023-08-02
2023-08-01,38.873358,-76.967507,Ward 7,2023-09-10
2023-08-01,38.977465,-77.023154,Ward 4,2023-08-01
2023-08-01,38.934250,-77.055289,Ward 3,2023-08-01
2023-08-01,38.964683,-77.073939,Ward 3,2023-08-02
2023-08-01,38.892117,-76.995924,Ward 6,2023-08-02
2023-08-01,38.920893,-77.076290,Ward 3,2023-08-02
2023-08-01,38.869282,-76.947148,Ward 7,2023-08-02
2023-08-01,38.924555,-77.104574,Ward 3,2023-08-02
2023-08-01,38.968893,-77.017996,Ward 4,2023-08-02
2023-08-01,38.915185,-77.097308,Ward 3,2023-08-02
2023-08-01,38.826102,-76.998170,Ward 8,2023-08-02
2023-08-01,38.890663,-76.952438,Ward 7,2023-08-02
2023-08-01,38.894797,-77.023467,Ward 2,2023-08-02
2023-08-01,38.977465,-77.023154,Ward 4,2023-08-02
2023-08-01,38.905411,-76.986073,Ward 5,2023-08-02
2023-08-01,38.978112,-77.025260,Ward 4,2023-08-02
2023-08-01,38.909481,-77.023189,Ward 6,2023-08-02
2023-08-01,38.966607,-77.022242,Ward 4,2023-08-02
2023-08-01,38.921281,-77.076818,Ward 3,2023-08-02
2023-08-01,38.912470,-77.088402,Ward 3,2023-08-02
2023-08-01,38.893588,-76.979172,Ward 6,2023-08-02
2023-08-01,38.928734,-77.037351,Ward 1,2023-08-02
2023-08-02,38.910974,-77.019629,Ward 6,2023-08-02
2023-08-02,38.909481,-77.023189,Ward 6,2023-08-02
2023-08-02,38.903808,-76.926081,Ward 7,2023-08-02
2023-08-02,38.954943,-77.070206,Ward 3,2023-08-02
2023-08-02,38.860344,-76.986726,Ward 8,2023-08-02
2023-08-02,38.934643,-77.067516,Ward 3,2023-08-02
2023-08-02,38.905321,-77.001108,Ward 6,2023-08-03
2023-08-02,38.905803,-77.026552,Ward 2,2023-08-02
2023-08-02,38.971061,-77.019136,Ward 4,2023-08-02
2023-08-02,38.907846,-77.028344,Ward 2,2023-08-02
2023-08-02,38.911413,-77.024548,Ward 6,2023-08-02
2023-08-02,38.930702,-77.026003,Ward 1,2023-08-02
2023-08-02,38.891235,-76.993763,Ward 6,2023-08-08
2023-08-02,38.925715,-77.038671,Ward 1,2023-08-02
2023-08-02,38.937939,-77.085888,Ward 3,2023-08-02
2023-08-02,38.931921,-77.045814,Ward 1,2023-08-02
2023-08-02,38.979166,-77.028742,Ward 4,2023-08-02
2023-08-02,38.908823,-77.056913,Ward 2,2023-08-02
2023-08-02,38.866942,-76.953701,Ward 7,2023-08-02
2023-08-02,38.921438,-77.079422,Ward 3,2023-08-02
2023-08-02,38.959498,-77.069807,Ward 3,2023-08-02
2023-08-02,38.896261,-76.992922,Ward 6,2023-08-03
2023-08-02,38.918732,-77.052500,Ward 2,2023-08-02
2023-08-02,38.936279,-77.060805,Ward 3,2023-08-02
2023-08-02,38.962892,-77.078629,Ward 3,2023-08-02
2023-08-02,38.924444,-77.079728,Ward 3,2023-08-02
2023-08-02,38.887780,-76.998275,Ward 6,2023-08-03
2023-08-02,38.905105,-76.987958,Ward 5,2023-08-02
2023-08-02,38.924897,-77.070651,Ward 3,2023-08-02
2023-08-02,38.891871,-76.995319,Ward 6,2023-08-02
2023-08-02,38.974804,-77.023282,Ward 4,2023-08-02
2023-08-02,38.941717,-77.023794,Ward 4,2023-08-02
2023-08-02,38.979595,-77.024725,Ward 4,2023-08-02
2023-08-02,38.892079,-76.947806,Ward 7,2023-08-02
2023-08-02,38.911770,-77.042040,Ward 2,2023-08-02
2023-08-02,38.913925,-77.031128,Ward 2,2023-08-02
2023-08-02,38.910508,-77.027914,Ward 2,2023-08-02
2023-08-02,38.910386,-77.028296,Ward 2,2023-08-02
2023-08-02,38.906594,-77.011966,Ward 5,2023-08-03
2023-08-02,38.912428,-77.046997,Ward 2,2023-08-02
2023-08-02,38.851751,-76.971697,Ward 8,2023-08-02
2023-08-02,38.921438,-77.079422,Ward 3,2023-08-02
2023-08-02,38.887956,-76.983891,Ward 6,2023-08-02
2023-08-02,38.979392,-77.030605,Ward 4,2023-08-02
2023-08-02,38.972341,-77.012254,Ward 4,2023-08-02
2023-08-02,38.959972,-76.999883,Ward 4,2023-08-02
2023-08-02,38.968816,-77.022921,Ward 4,2023-08-02
2023-08-02,38.930483,-77.065308,Ward 3,2023-08-02
2023-08-02,38.933671,-77.089925,Ward 3,2023-08-02
2023-08-02,38.903670,-77.024679,Ward 2,2023-08-02
2023-08-02,38.943366,-77.085306,Ward 3,2023-08-02
2023-08-02,38.967822,-77.024423,Ward 4,2023-08-02
2023-08-02,38.893575,-76.985509,Ward 6,2023-08-04
2023-08-02,38.911685,-77.045828,Ward 2,2023-08-02
2023-08-02,38.914678,-77.033394,Ward 2,2023-08-02
2023-08-02,38.914680,-77.033806,Ward 2,2023-08-02
2023-08-02,38.863264,-76.967352,Ward 7,2023-08-02
2023-08-02,38.859164,-76.986741,Ward 8,2023-08-03
2023-08-02,38.841222,-76.975656,Ward 8,2023-08-02
2023-08-02,38.884270,-76.981992,Ward 6,2023-08-03
2023-08-02,38.972835,-77.020174,Ward 4,2023-08-02
2023-08-02,38.877089,-76.935116,Ward 7,2023-08-02
2023-08-02,38.969442,-77.020930,Ward 4,2023-08-02
2023-08-02,38.912563,-77.066879,Ward 2,2023-08-02
2023-08-02,38.948231,-77.017777,Ward 4,2023-08-03
2023-08-02,38.972341,-77.012254,Ward 4,2023-08-02
2023-08-02,38.880114,-76.980978,Ward 6,2023-08-02
2023-08-02,38.925969,-77.078183,Ward 3,2023-08-03
2023-08-02,38.912614,-77.071067,Ward 2,2023-08-03
2023-08-02,38.914699,-77.067204,Ward 2,2023-08-02
2023-08-02,38.911746,-77.066124,Ward 2,2023-08-03
2023-08-02,38.915762,-77.067795,Ward 2,2023-08-02
2023-08-02,38.914097,-77.067700,Ward 2,2023-08-03
2023-08-02,38.878229,-76.965002,Ward 7,2023-08-02
2023-08-02,38.903921,-76.995417,Ward 6,2023-08-03
2023-08-02,38.903725,-76.994959,Ward 6,2023-08-03
2023-08-02,38.868657,-76.985298,Ward 8,2023-08-03
2023-08-02,38.978689,-77.032270,Ward 4,2023-08-03
2023-08-02,38.914701,-77.035636,Ward 2,2023-08-03
2023-08-02,38.898769,-77.015857,Ward 2,2023-08-03
2023-08-02,38.910311,-77.064040,Ward 2,2023-08-03
2023-08-02,38.981381,-77.028121,Ward 4,2023-08-03
2023-08-02,38.894648,-76.927197,Ward 7,2023-08-03
2023-08-02,38.925978,-77.072573,Ward 3,2023-08-03
2023-08-02,38.918277,-77.030830,Ward 1,2023-08-03
2023-08-02,38.918268,-77.027630,Ward 1,2023-08-03
2023-08-02,38.913869,-77.070320,Ward 2,2023-08-03
2023-08-02,38.951583,-77.070579,Ward 3,2023-08-03
2023-08-02,38.929682,-77.057364,Ward 3,2023-08-03
2023-08-03,38.967680,-77.020146,Ward 4,2023-08-03
2023-08-03,38.969454,-77.064653,Ward 4,2023-08-03
2023-08-03,38.919543,-77.028679,Ward 1,2023-08-03
2023-08-03,38.986717,-77.032085,Ward 4,2023-08-04
2023-08-03,38.901293,-76.935379,Ward 7,2023-08-03
2023-08-03,38.918277,-77.030830,Ward 1,2023-08-03
2023-08-03,38.924985,-77.028645,Ward 1,2023-08-03
2023-08-03,38.920251,-77.048019,Ward 1,2023-08-03
2023-08-03,38.981743,-77.028092,Ward 4,2023-08-03
2023-08-03,38.924993,-77.071166,Ward 3,2023-08-03
2023-08-03,38.959222,-77.070195,Ward 3,2023-08-03
2023-08-03,38.956871,-77.086411,Ward 3,2023-08-03
2023-08-03,38.928830,-77.065591,Ward 3,2023-08-03
2023-08-03,38.955701,-77.075458,Ward 3,2023-08-03
2023-08-03,38.923250,-77.036491,Ward 1,2023-08-03
2023-08-03,38.877089,-76.935116,Ward 7,2023-08-03
2023-08-03,38.884184,-76.994966,Ward 6,2023-08-04
2023-08-03,38.938998,-77.061083,Ward 3,2023-08-03
2023-08-03,38.933693,-77.061810,Ward 3,2023-08-03
2023-08-03,38.979166,-77.028742,Ward 4,2023-08-04
2023-08-03,38.979166,-77.028742,Ward 4,2023-08-04
2023-08-03,38.913754,-77.071538,Ward 2,2023-08-03
2023-08-03,38.932802,-77.055109,Ward 3,2023-08-03
2023-08-03,38.923818,-77.079863,Ward 3,2023-08-03
2023-08-03,38.918681,-77.037407,Ward 1,2023-08-03
2023-08-03,38.902526,-77.036542,Ward 2,2023-08-03
2023-08-03,38.954383,-77.011813,Ward 4,2023-08-03
2023-08-03,38.923459,-77.070615,Ward 3,2023-08-03
2023-08-03,38.961165,-77.022695,Ward 4,2023-08-03
2023-08-03,38.844901,-76.995686,Ward 8,2023-08-04
2023-08-03,38.916049,-77.018066,Ward 1,2023-08-03
2023-08-03,38.901050,-76.991744,Ward 6,2023-08-03
2023-08-03,38.929752,-77.091394,Ward 3,2023-08-03
2023-08-03,38.927525,-77.070879,Ward 3,2023-08-03
2023-08-03,38.928747,-77.075594,Ward 3,2023-08-03
2023-08-03,38.951002,-76.994339,Ward 5,2023-08-03
2023-08-03,38.979195,-77.028339,Ward 4,2023-08-04
2023-08-03,38.883621,-76.994707,Ward 6,2023-08-04
2023-08-03,38.921438,-77.079422,Ward 3,2023-08-03
2023-08-03,38.904648,-76.944670,Ward 7,2023-08-04
2023-08-03,38.888838,-76.978364,Ward 7,2023-08-04
2023-08-03,38.929022,-77.075235,Ward 3,2023-08-03
2023-08-03,38.884283,-76.992121,Ward 6,2023-08-04
2023-08-03,38.969454,-77.064653,Ward 4,2023-08-03
2023-08-03,38.928734,-77.037351,Ward 1,2023-08-04
2023-08-03,38.929486,-77.041032,Ward 1,2023-08-04
2023-08-03,38.980738,-77.033663,Ward 4,2023-08-03
2023-08-03,38.946438,-76.997267,Ward 5,2023-08-03
2023-08-03,38.902271,-76.993275,Ward 6,2023-08-04
2023-08-03,38.963961,-77.019208,Ward 4,2023-08-03
2023-08-03,38.835625,-76.988290,Ward 8,2023-08-04
2023-08-03,38.902252,-76.997557,Ward 6,2023-08-04
2023-08-03,38.972148,-77.024865,Ward 4,2023-08-03
2023-08-03,38.927481,-76.993057,Ward 5,2023-08-06
2023-08-03,38.980693,-77.030528,Ward 4,2023-08-03
2023-08-03,38.902239,-76.997423,Ward 6,2023-08-04
2023-08-03,38.918285,-77.030776,Ward 1,2023-08-04
2023-08-03,38.949516,-77.098105,Ward 3,2023-08-04
2023-08-04,38.904835,-77.029623,Ward 2,2023-08-04
2023-08-04,38.914093,-77.028080,Null,2023-08-04
2023-08-04,38.986789,-77.031230,Ward 4,2023-08-04
2023-08-04,38.884585,-76.993763,Ward 6,2023-08-04
2023-08-04,38.893437,-76.944540,Ward 7,2023-08-04
2023-08-04,38.897550,-76.946347,Ward 7,2023-08-04
2023-08-04,38.898313,-77.029620,Ward 2,2023-08-04
2023-08-04,38.907021,-76.942408,Ward 7,2023-08-04
2023-08-04,38.926429,-77.107007,Ward 3,2023-08-04
2023-08-04,38.933958,-77.052913,Ward 3,2023-08-04
2023-08-04,38.943050,-77.014114,Ward 4,2023-08-04
2023-08-04,38.945436,-77.019978,Ward 4,2023-08-04
2023-08-04,38.908584,-77.068585,Ward 2,2023-08-04
2023-08-04,38.904999,-76.943600,Ward 7,2023-08-04
2023-08-04,38.959805,-77.064427,Ward 4,2023-08-04
2023-08-04,38.856580,-76.964531,Ward 7,2023-08-04
2023-08-04,38.956825,-77.086728,Ward 3,2023-08-04
2023-08-04,38.861264,-76.972177,Ward 8,2023-08-04
2023-08-04,38.978521,-77.029408,Ward 4,2023-08-04
2023-08-04,38.966393,-77.060424,Ward 4,2023-08-04
2023-08-04,38.920314,-77.034630,Ward 1,2023-08-04
2023-08-04,38.923457,-77.046422,Ward 1,2023-08-04
2023-08-04,38.960650,-77.069232,Ward 3,2023-08-04
2023-08-04,38.927802,-77.039941,Ward 1,2023-08-04
2023-08-04,38.891458,-76.959403,Ward 7,2023-08-04
2023-08-04,38.878080,-76.937288,Ward 7,2023-08-07
2023-08-04,38.905906,-76.985020,Ward 5,2023-08-04
2023-08-04,38.863068,-76.989217,Ward 8,2023-08-04
2023-08-04,38.905906,-76.985020,Ward 5,2023-08-04
2023-08-04,38.831952,-77.012117,Ward 8,2023-08-04
2023-08-04,38.932611,-77.056542,Ward 3,2023-08-04
2023-08-04,38.888277,-76.923828,Ward 7,2023-08-04
2023-08-04,38.829775,-77.009906,Ward 8,2023-08-08
2023-08-04,38.912470,-77.088402,Ward 3,2023-08-04
2023-08-04,38.905532,-77.054421,Ward 2,2023-08-04
2023-08-04,38.901541,-76.927843,Ward 7,2023-08-04
2023-08-04,38.901681,-76.927362,Ward 7,2023-08-04
2023-08-04,38.902094,-76.929001,Ward 7,2023-08-04
2023-08-04,38.967931,-77.025087,Ward 4,2023-08-04
2023-08-04,38.862352,-76.962112,Ward 7,2023-08-07
2023-08-04,38.877714,-77.001612,Ward 6,2023-08-07
2023-08-04,38.849611,-76.976191,Ward 8,2023-08-07
2023-08-04,38.972148,-77.024865,Ward 4,2023-08-04
2023-08-04,38.921150,-77.078528,Ward 3,2023-08-04
2023-08-04,38.896313,-77.003254,Ward 6,2023-08-06
2023-08-04,38.932276,-76.992316,Ward 5,2023-08-06
2023-08-04,38.944593,-77.024976,Ward 4,2023-08-06
2023-08-04,38.847168,-77.002662,Ward 8,2023-08-07
2023-08-04,38.908022,-76.985045,Ward 5,2023-08-06
2023-08-04,38.929584,-77.076722,Ward 3,2023-08-04
2023-08-04,38.959721,-76.995161,Ward 4,2023-08-06
2023-08-04,38.932212,-77.096576,Ward 3,2023-08-04
2023-08-04,38.905814,-77.027358,Ward 2,2023-08-07
2023-08-04,38.928722,-77.055963,Ward 3,2023-08-06
2023-08-04,38.921892,-77.074912,Ward 3,2023-08-06
2023-08-04,38.965918,-77.071662,Ward 3,2023-08-06
2023-08-04,38.950923,-77.068553,Ward 3,2023-09-10
2023-08-04,38.941189,-77.041009,Ward 4,2023-08-06
2023-08-04,38.941518,-76.996966,Ward 5,2023-08-06
2023-08-04,38.869016,-76.982949,Ward 8,2023-08-04
2023-08-04,38.943498,-77.082719,Ward 3,2023-08-06
2023-08-04,38.927790,-76.983222,Ward 5,2023-08-06
2023-08-04,38.981117,-77.032459,Ward 4,2023-08-06
2023-08-04,38.957951,-77.024372,Ward 4,2023-08-06
2023-08-04,38.951412,-77.068787,Ward 3,2023-08-06
2023-08-04,38.929189,-77.056571,Ward 3,2023-08-05
2023-08-04,38.894782,-76.985504,Ward 6,2023-08-06
2023-08-05,38.902930,-76.977334,Ward 5,2023-08-06
2023-08-05,38.917934,-77.039297,Ward 1,2023-08-06
2023-08-05,38.930483,-77.065383,Ward 3,2023-08-06
2023-08-05,38.930482,-77.065458,Ward 3,2023-08-06
2023-08-05,38.952311,-77.093696,Ward 3,2023-08-06
2023-08-05,38.898712,-76.987616,Ward 6,2023-08-06
2023-08-05,38.878391,-76.935329,Ward 7,2023-08-07
2023-08-05,38.967125,-77.023279,Ward 4,2023-08-06
2023-08-05,38.907216,-76.940277,Ward 7,2023-08-07
2023-08-05,38.951123,-76.995242,Ward 5,2023-08-06
2023-08-05,38.898677,-76.996820,Ward 6,2023-08-06
2023-08-05,38.924756,-77.032242,Ward 1,2023-08-06
2023-08-05,38.924402,-77.034136,Ward 1,2023-08-06
2023-08-05,38.946496,-77.087332,Ward 3,2023-08-06
2023-08-05,38.943176,-77.040856,Ward 4,2023-08-06
2023-08-05,38.972550,-77.024281,Ward 4,2023-08-06
2023-08-05,38.928459,-77.061706,Ward 3,2023-08-06
2023-08-05,38.868949,-76.964506,Ward 7,2023-08-07
2023-08-06,38.904505,-76.945545,Ward 7,2023-08-07
2023-08-06,38.943365,-77.071105,Ward 3,2023-08-06
2023-08-06,38.890752,-76.987154,Ward 6,2023-08-06
2023-08-06,38.903284,-76.993051,Ward 6,2023-08-07
2023-08-06,38.889508,-76.998859,Ward 6,2023-08-07
2023-08-06,38.966864,-77.021144,Ward 4,2023-08-07
2023-08-06,38.899465,-76.939441,Ward 7,2023-08-07
2023-08-06,38.906230,-77.068639,Ward 2,2023-08-07
2023-08-06,38.906081,-77.068568,Ward 2,2023-08-07
2023-08-06,38.927529,-76.976536,Ward 5,2023-08-07
2023-08-07,38.930517,-77.079498,Ward 3,2023-08-07
2023-08-07,38.943242,-76.982568,Ward 5,2023-08-07
2023-08-07,38.930882,-77.044846,Ward 1,2023-08-07
2023-08-07,38.943237,-76.982426,Ward 5,2023-08-07
2023-08-07,38.860344,-76.986726,Ward 8,2023-08-07
2023-08-07,38.932879,-77.074786,Ward 3,2023-08-07
2023-08-07,38.971504,-77.010202,Ward 4,2023-08-07
2023-08-07,38.930483,-77.065383,Ward 3,2023-08-07
2023-08-07,38.871811,-76.977098,Ward 8,2023-08-07
2023-08-07,38.943411,-76.983643,Ward 5,2023-08-07
2023-08-07,38.902003,-76.987346,Ward 5,2023-08-07
2023-08-07,38.871811,-76.977098,Ward 8,2023-08-07
2023-08-07,38.831836,-77.009348,Ward 8,2023-08-07
2023-08-07,38.879653,-76.981474,Ward 6,2023-08-07
2023-08-07,38.931845,-77.074945,Ward 3,2023-08-07
2023-08-07,38.953945,-77.013887,Ward 4,2023-08-07
2023-08-07,38.926763,-77.025400,Ward 1,2023-08-07
2023-08-07,38.941641,-76.989977,Ward 5,2023-08-07
2023-08-07,38.923813,-77.040027,Ward 1,2023-08-07
2023-08-07,38.977099,-77.024207,Ward 4,2023-08-07
2023-08-07,38.933158,-76.982503,Ward 5,2023-08-07
2023-08-07,38.902506,-76.978993,Ward 5,2023-08-08
2023-08-07,38.952110,-77.090608,Ward 3,2023-08-07
2023-08-07,38.911422,-77.086394,Ward 3,2023-08-07
2023-08-07,38.900099,-77.016880,Ward 2,2023-08-07
2023-08-07,38.915021,-77.024650,Ward 1,2023-08-07
2023-08-07,38.920188,-77.045546,Ward 1,2023-08-07
2023-08-07,38.889780,-76.955953,Ward 7,2023-08-08
2023-08-07,38.960808,-77.074340,Ward 3,2023-08-07
2023-08-07,38.868422,-76.975950,Ward 8,2023-08-07
2023-08-07,38.962189,-77.019367,Ward 4,2023-08-07
2023-08-07,38.906587,-76.984149,Ward 5,2023-08-07
2023-08-07,38.958165,-77.081777,Ward 3,2023-08-07
2023-08-07,38.931183,-76.991222,Ward 5,2023-08-08
2023-08-07,38.932879,-77.074786,Ward 3,2023-08-07
2023-08-07,38.971465,-77.017472,Ward 4,2023-08-07
2023-08-07,38.876770,-76.962865,Ward 7,2023-08-07
2023-08-07,38.903289,-76.930041,Ward 7,2023-08-07
2023-08-07,38.870928,-76.971605,Ward 8,2023-08-08
2023-08-07,38.889043,-76.982421,Ward 6,2023-08-07
2023-08-07,38.933158,-76.982503,Ward 5,2023-08-08
2023-08-07,38.971824,-77.010400,Ward 4,2023-08-07
2023-08-07,38.964609,-77.066139,Ward 4,2023-08-07
2023-08-07,38.930920,-77.044881,Ward 1,2023-08-07
2023-08-07,38.955550,-76.990976,Ward 5,2023-08-08
2023-08-07,38.968809,-77.031083,Ward 4,2023-08-07
2023-08-07,38.933812,-77.061516,Ward 3,2023-08-07
2023-08-07,38.946922,-77.084023,Ward 3,2023-08-08
2023-08-07,38.824587,-77.010946,Ward 8,2023-08-08
2023-08-07,38.873509,-77.012941,Ward 6,2023-08-07
2023-08-07,38.871811,-76.977098,Ward 8,2023-08-07
2023-08-07,38.926386,-77.074276,Ward 3,2023-08-07
2023-08-07,38.857589,-76.998451,Ward 8,2023-08-09
2023-08-07,38.914288,-77.028411,Ward 1,2023-08-07
2023-08-07,38.885816,-76.925330,Ward 7,2023-08-07
2023-08-07,38.914552,-77.029290,Ward 1,2023-08-07
2023-08-07,38.931054,-76.984650,Ward 5,2023-08-08
2023-08-07,38.863397,-76.960731,Ward 7,2023-08-08
2023-08-07,38.910206,-77.086478,Ward 3,2023-08-08
2023-08-07,38.966615,-77.004051,Ward 4,2023-08-08
2023-08-07,38.917609,-77.029358,Ward 1,2023-08-07
2023-08-07,38.895478,-76.992877,Ward 6,2023-08-07
2023-08-07,38.931856,-77.067149,Ward 3,2023-08-08
2023-08-07,38.906915,-76.980263,Ward 5,2023-08-08
2023-08-07,38.915021,-77.024650,Ward 1,2023-08-07
2023-08-07,38.963564,-77.013435,Ward 4,2023-08-08
2023-08-07,38.926181,-77.066382,Ward 3,2023-08-07
2023-08-07,38.928459,-77.061706,Ward 3,2023-08-07
2023-08-07,38.910967,-77.022684,Ward 6,2023-08-08
2023-08-07,38.866302,-76.949282,Ward 7,2023-08-08
2023-08-07,38.898761,-77.035117,Ward 2,2023-08-08
2023-08-07,38.911127,-77.040077,Ward 2,2023-08-08
2023-08-07,38.893646,-77.025048,Ward 2,2023-08-08
2023-08-07,38.934135,-77.076787,Ward 3,2023-08-08
2023-08-07,38.911127,-77.040077,Ward 2,2023-08-08
2023-08-07,38.950547,-77.017532,Ward 4,2023-08-08
2023-08-07,38.883579,-76.982449,Ward 6,2023-08-08
2023-08-07,38.884103,-76.982226,Ward 6,2023-08-08
2023-08-07,38.884103,-76.982226,Ward 6,2023-08-08
2023-08-07,38.943013,-77.003226,Ward 5,2023-08-08
2023-08-07,38.943013,-77.003226,Ward 5,2023-08-08
2023-08-07,38.905955,-77.079171,Ward 3,2023-08-07
2023-08-07,38.887370,-77.002764,Ward 6,2023-08-08
2023-08-07,38.925536,-77.052680,Ward 3,2023-08-07
2023-08-07,38.956776,-77.074912,Ward 3,2023-08-08
2023-08-07,38.925536,-77.052680,Ward 3,2023-08-07
2023-08-07,38.930975,-77.030003,Ward 1,2023-08-08
2023-08-07,38.940658,-77.035380,Ward 4,2023-08-08
2023-08-07,38.911124,-77.036518,Ward 2,2023-08-08
2023-08-07,38.887020,-77.002700,Ward 6,2023-08-08
2023-08-07,38.940658,-77.035380,Ward 4,2023-08-08
2023-08-07,38.950408,-77.017256,Ward 4,2023-08-08
2023-08-07,38.925704,-77.054005,Ward 3,2023-08-07
2023-08-07,38.951624,-77.097055,Ward 3,2023-08-08
2023-08-07,38.941148,-77.041638,Ward 4,2023-08-08
2023-08-08,38.881889,-76.985265,Ward 6,2023-08-08
2023-08-08,38.931227,-77.013912,Ward 5,2023-08-08
2023-08-08,38.941148,-77.041638,Ward 4,2023-08-08
2023-08-08,38.920322,-77.073237,Ward 3,2023-08-08
2023-08-08,38.905840,-77.018401,Ward 2,2023-08-08
2023-08-08,38.846461,-76.971636,Ward 8,2023-08-08
2023-08-08,38.929393,-77.011192,Ward 5,2023-08-08
2023-08-08,38.900512,-77.041462,Ward 2,2023-08-08
2023-08-08,38.957754,-77.052851,Ward 3,2023-08-08
2023-08-08,38.853298,-76.983303,Ward 8,2023-08-08
2023-08-08,38.926386,-77.074276,Ward 3,2023-08-08
2023-08-08,38.825459,-76.998265,Ward 8,2023-08-08
2023-08-08,38.854146,-76.984693,Ward 8,2023-08-08
2023-08-08,38.930846,-76.960488,Ward 5,2023-08-08
2023-08-08,38.977498,-77.023830,Ward 4,2023-08-08
2023-08-08,38.935262,-76.971582,Ward 5,2023-08-08
2023-08-08,38.892315,-76.918567,Ward 7,2023-08-08
2023-08-08,38.946314,-77.025036,Ward 4,2023-08-08
2023-08-08,38.907048,-77.047044,Ward 2,2023-08-08
2023-08-08,38.872520,-76.967510,Ward 7,2023-08-08
2023-08-08,38.957026,-76.992310,Ward 5,2023-08-08
2023-08-08,38.931739,-77.094425,Ward 3,2023-08-08
2023-08-08,38.905975,-76.988963,Ward 5,2023-08-08
2023-08-08,38.969568,-77.062214,Ward 4,2023-08-08
2023-08-08,38.896261,-76.992922,Ward 6,2023-08-09
2023-08-08,38.968403,-77.074796,Ward 3,2023-08-08
2023-08-08,38.887101,-76.990530,Ward 6,2023-08-08
2023-08-08,38.919878,-77.039405,Ward 1,2023-08-08
2023-08-08,38.970781,-77.063602,Ward 4,2023-08-08
2023-08-08,38.905183,-76.999750,Ward 6,2023-08-08
2023-08-08,38.938180,-77.042983,Ward 4,2023-08-08
2023-08-08,38.885152,-76.981251,Ward 6,2023-08-08
2023-08-08,38.930232,-76.980758,Ward 5,2023-08-08
2023-08-08,38.892105,-76.941143,Ward 7,2023-08-08
2023-08-08,38.946311,-77.078785,Ward 3,2023-08-08
2023-08-08,38.944517,-77.081220,Ward 3,2023-08-08
2023-08-08,38.929393,-77.011192,Ward 5,2023-08-08
2023-08-08,38.927721,-77.062067,Ward 3,2023-08-08
2023-08-08,38.893124,-76.936781,Ward 7,2023-08-08
2023-08-08,38.915151,-77.073463,Ward 2,2023-08-08
2023-08-08,38.965598,-77.034760,Ward 4,2023-08-08
2023-08-08,38.900717,-77.038647,Ward 2,2023-08-08
2023-08-08,38.955665,-77.068497,Ward 3,2023-08-08
2023-08-08,38.886465,-76.946883,Ward 7,2023-08-10
2023-08-08,38.932077,-77.101959,Ward 3,2023-08-08
2023-08-08,38.868067,-76.945784,Ward 7,2023-08-08
2023-08-08,38.825089,-77.001446,Ward 8,2023-08-08
2023-08-08,38.904250,-76.987696,Ward 5,2023-08-08
2023-08-08,38.934832,-77.094320,Ward 3,2023-08-08
2023-08-08,38.902102,-77.021915,Null,2023-08-08
2023-08-08,38.846305,-77.002877,Ward 8,2023-08-09
2023-08-08,38.906891,-76.980794,Ward 5,2023-08-08
2023-08-08,38.888482,-76.999252,Ward 6,2023-08-08
2023-08-08,38.906680,-77.063417,Ward 2,2023-08-09
2023-08-08,38.910385,-77.038487,Ward 2,2023-08-08
2023-08-08,38.886055,-76.985758,Ward 6,2023-08-08
2023-08-08,38.965811,-77.077774,Ward 3,2023-08-08
2023-08-08,38.888497,-76.997757,Ward 6,2023-08-08
2023-08-08,38.915799,-77.070367,Ward 2,2023-08-09
2023-08-08,38.968825,-77.025369,Ward 4,2023-08-08
2023-08-08,38.921549,-77.080489,Ward 3,2023-08-08
2023-08-08,38.991071,-77.034946,Ward 4,2023-08-08
2023-08-08,38.926856,-77.068894,Ward 3,2023-08-08
2023-08-08,38.868147,-76.965983,Ward 7,2023-08-09
2023-08-08,38.888465,-76.999119,Ward 6,2023-08-08
2023-08-08,38.888497,-76.997702,Ward 6,2023-08-08
2023-08-08,38.932361,-77.046212,Ward 1,2023-08-08
2023-08-08,38.942349,-77.043156,Ward 4,2023-08-08
2023-08-08,38.902829,-77.019303,Ward 6,2023-08-09
2023-08-08,38.907462,-77.050724,Ward 2,2023-08-09
2023-08-08,38.906937,-77.031604,Ward 2,2023-08-09
2023-08-08,38.884646,-76.992090,Ward 6,2023-08-08
2023-08-08,38.901471,-76.987682,Ward 6,2023-08-09
2023-08-08,38.964500,-77.021281,Ward 4,2023-08-09
2023-08-08,38.904045,-76.985939,Ward 5,2023-08-08
2023-08-08,38.885832,-76.992866,Ward 6,2023-08-09
2023-08-08,38.901035,-77.047210,Ward 2,2023-08-09
2023-08-08,38.917198,-77.010668,Ward 5,2023-08-09
2023-08-08,38.917198,-77.010668,Ward 5,2023-08-09
2023-08-08,38.917198,-77.010668,Ward 5,2023-08-09
2023-08-08,38.911162,-77.088315,Ward 3,2023-08-09
2023-08-08,38.899555,-76.994962,Ward 6,2023-08-09
2023-08-08,38.917198,-77.010668,Ward 5,2023-08-09
2023-08-08,38.917198,-77.010668,Ward 5,2023-08-09
2023-08-08,38.917198,-77.010668,Ward 5,2023-08-09
2023-08-08,38.917198,-77.010668,Ward 5,2023-08-09
2023-08-08,38.917198,-77.010668,Ward 5,2023-08-09
2023-08-08,38.917198,-77.010668,Ward 5,2023-08-09
2023-08-08,38.917198,-77.010668,Ward 5,2023-08-09
2023-08-08,38.917198,-77.010668,Ward 5,2023-08-09
2023-08-08,38.917198,-77.010668,Ward 5,2023-08-09
2023-08-08,38.917198,-77.010668,Ward 5,2023-08-09
2023-08-08,38.917198,-77.010668,Ward 5,2023-08-09
2023-08-08,38.917198,-77.010668,Ward 5,2023-08-09
2023-08-08,38.917198,-77.010668,Ward 5,2023-08-09
2023-08-08,38.917198,-77.010668,Ward 5,2023-08-09
2023-08-08,38.917198,-77.010668,Ward 5,2023-08-09
2023-08-08,38.917198,-77.010668,Ward 5,2023-08-09
2023-08-08,38.917198,-77.010668,Ward 5,2023-08-09
2023-08-08,38.917198,-77.010668,Ward 5,2023-08-09
2023-08-08,38.917198,-77.010668,Ward 5,2023-08-09
2023-08-08,38.917198,-77.010668,Ward 5,2023-08-09
2023-08-08,38.917198,-77.010668,Ward 5,2023-08-09
2023-08-08,38.917198,-77.010668,Ward 5,2023-08-09
2023-08-08,38.917198,-77.010668,Ward 5,2023-08-17
2023-08-08,38.917198,-77.010668,Ward 5,2023-08-09
2023-08-08,38.909210,-77.056318,Ward 2,2023-08-09
2023-08-08,38.893899,-77.016532,Ward 2,2023-08-10
2023-08-08,38.955687,-77.074880,Ward 3,2023-08-09
2023-08-08,38.964500,-77.021281,Ward 4,2023-08-09
2023-08-08,38.947941,-77.008371,Ward 5,2023-08-09
2023-08-08,38.930382,-77.041902,Ward 1,2023-08-09
2023-08-08,38.911440,-77.083477,Ward 3,2023-08-09
2023-08-08,38.919870,-77.043001,Ward 1,2023-08-09
2023-08-08,38.915380,-77.020303,Ward 6,2023-08-09
2023-08-08,38.971359,-77.032555,Ward 4,2023-08-09
2023-08-08,38.965598,-77.034760,Ward 4,2023-08-08
2023-08-08,38.914330,-77.070405,Ward 2,2023-08-09
2023-08-08,38.941817,-77.020965,Ward 4,2023-08-09
2023-08-08,38.972354,-77.027024,Ward 4,2023-08-09
2023-08-08,38.886022,-76.979215,Ward 6,2023-08-10
2023-08-09,38.910786,-77.009378,Ward 5,2023-08-09
2023-08-09,38.925715,-77.038671,Ward 1,2023-08-09
2023-08-09,38.921500,-77.043180,Ward 1,2023-08-09
2023-08-09,38.918242,-77.013735,Ward 5,2023-08-09
2023-08-09,38.948396,-77.007930,Ward 5,2023-08-09
2023-08-09,38.918242,-77.013735,Ward 5,2023-08-09
2023-08-09,38.897370,-76.974021,Ward 7,2023-08-09
2023-08-09,38.906559,-77.034568,Ward 2,2023-08-09
2023-08-09,38.950056,-77.071724,Ward 3,2023-08-09
2023-08-09,38.878406,-76.999518,Ward 6,2023-08-10
2023-08-09,38.955916,-77.035922,Ward 4,2023-08-09
2023-08-09,38.950056,-77.071724,Ward 3,2023-08-09
2023-08-09,38.924799,-77.035390,Ward 1,2023-08-09
2023-08-09,38.931429,-77.105607,Ward 3,2023-08-09
2023-08-09,38.967041,-77.030744,Ward 4,2023-08-09
2023-08-09,38.931600,-77.074021,Ward 3,2023-08-09
2023-08-09,38.920882,-77.075845,Ward 3,2023-08-09
2023-08-09,38.847076,-76.979197,Ward 8,2023-08-10
2023-08-09,38.868842,-76.947721,Ward 7,2023-08-09
2023-08-09,38.917943,-77.037469,Ward 1,2023-08-09
2023-08-09,38.829699,-76.993949,Ward 8,2023-08-10
2023-08-09,38.905040,-76.985243,Ward 5,2023-08-09
2023-08-09,38.926648,-77.102000,Ward 3,2023-08-10
2023-08-09,38.888579,-76.928009,Ward 7,2023-08-09
2023-08-09,38.888447,-76.924418,Ward 7,2023-08-09
2023-08-09,38.961875,-77.076407,Ward 3,2023-08-09
2023-08-09,38.945652,-77.019624,Ward 4,2023-08-09
2023-08-09,38.961875,-77.076407,Ward 3,2023-08-09
2023-08-09,38.930232,-76.980758,Ward 5,2023-08-10
2023-08-09,38.893404,-77.001723,Ward 6,2023-08-10
2023-08-09,38.890363,-76.994106,Ward 6,2023-08-10
2023-08-09,38.915415,-77.052836,Ward 2,2023-08-10
2023-08-09,38.895534,-76.985134,Ward 6,2023-08-10
2023-08-09,38.952702,-77.027903,Ward 4,2023-08-09
2023-08-09,38.902526,-77.036542,Ward 2,2023-08-10
2023-08-09,38.932586,-77.077289,Ward 3,2023-08-10
2023-08-09,38.912610,-77.038484,Ward 2,2023-08-10
2023-08-09,38.918408,-77.038887,Ward 1,2023-08-10
2023-08-09,38.919279,-77.039334,Ward 1,2023-08-10
2023-08-09,38.929011,-77.108054,Ward 3,2023-08-10
2023-08-09,38.922923,-77.027820,Ward 1,2023-08-10
2023-08-09,38.896599,-76.990539,Ward 6,2023-08-10
2023-08-10,38.880826,-76.992871,Ward 6,2023-08-14
2023-08-10,38.924079,-77.050867,Ward 3,2023-08-10
2023-08-10,38.935202,-76.963447,Ward 5,2023-08-10
2023-08-10,38.893902,-76.985269,Ward 6,2023-08-10
2023-08-10,38.859090,-76.959179,Ward 7,2023-08-10
2023-08-10,38.951200,-77.080572,Ward 3,2023-08-10
2023-08-10,38.923449,-77.076376,Ward 3,2023-08-10
2023-08-10,38.965729,-77.007865,Ward 4,2023-08-10
2023-08-10,38.887697,-76.931715,Ward 7,2023-08-10
2023-08-10,38.895130,-76.985243,Ward 6,2023-08-10
2023-08-10,38.965885,-77.033091,Ward 4,2023-08-10
2023-08-10,38.890937,-77.001311,Ward 6,2023-08-11
2023-08-10,38.929946,-77.065877,Ward 3,2023-08-10
2023-08-10,38.956545,-76.996069,Ward 5,2023-08-10
2023-08-10,38.952195,-77.010161,Ward 4,2023-08-10
2023-08-10,38.927557,-77.042597,Ward 1,2023-08-10
2023-08-10,38.865068,-76.963377,Ward 7,2023-08-10
2023-08-10,38.930075,-77.041039,Ward 1,2023-08-10
2023-08-10,38.922858,-77.071125,Ward 3,2023-08-10
2023-08-10,38.940996,-77.091880,Ward 3,2023-08-11
2023-08-10,38.967773,-77.021950,Ward 4,2023-08-10
2023-08-10,38.909645,-77.022941,Ward 2,2023-08-11
2023-08-10,38.923801,-77.050224,Ward 3,2023-08-10
2023-08-10,38.954463,-77.085827,Ward 3,2023-08-11
2023-08-10,38.842757,-76.992321,Ward 8,2023-08-11
2023-08-10,38.929011,-77.108054,Ward 3,2023-08-11
2023-08-10,38.907033,-77.034933,Ward 2,2023-08-11
2023-08-10,38.952105,-77.080309,Ward 3,2023-08-11
2023-08-10,38.934300,-77.033663,Ward 1,2023-08-11
2023-08-10,38.961455,-77.077444,Ward 3,2023-08-11
2023-08-11,38.887396,-76.990464,Ward 6,2023-08-16
2023-08-11,38.941675,-77.035150,Ward 4,2023-08-14
2023-08-11,38.910385,-77.038487,Ward 2,2023-08-11
2023-08-11,38.912610,-77.038484,Ward 2,2023-08-11
2023-08-11,38.894948,-76.927096,Ward 7,2023-08-15
2023-08-11,38.886162,-76.991227,Ward 6,2023-08-15
2023-08-11,38.880826,-76.992871,Ward 6,2023-08-15
2023-08-11,38.893575,-76.985509,Ward 6,2023-08-11
2023-08-11,38.924079,-77.050867,Ward 3,2023-08-14
2023-08-11,38.951775,-77.056928,Ward 3,2023-08-11
2023-08-11,38.922112,-77.080018,Ward 3,2023-08-14
2023-08-11,38.972544,-77.025919,Ward 4,2023-08-11
2023-08-11,38.923958,-77.087847,Ward 3,2023-08-11
2023-08-11,38.890979,-76.934653,Ward 7,2023-08-11
2023-08-11,38.920428,-77.040158,Ward 1,2023-08-11
2023-08-11,38.943374,-77.006664,Ward 5,2023-08-11
2023-08-11,38.898908,-76.994961,Ward 6,2023-08-14
2023-08-11,38.915765,-77.020175,Ward 1,2023-08-11
2023-08-11,38.870575,-77.013470,Ward 6,2023-08-14
2023-08-11,38.895047,-77.026505,Ward 2,2023-08-14
2023-08-11,38.954468,-77.083543,Ward 3,2023-08-11
2023-08-11,38.961385,-77.060765,Ward 4,2023-08-13
2023-08-11,38.930923,-77.038012,Ward 1,2023-08-14
2023-08-11,38.952755,-77.080076,Ward 3,2023-08-11
2023-08-11,38.930780,-77.040826,Ward 1,2023-08-14
2023-08-11,38.871412,-76.959935,Ward 7,2023-08-14
2023-08-11,38.898744,-76.996492,Ward 6,2023-08-14
2023-08-11,38.976789,-77.025373,Ward 4,2023-08-14
2023-08-11,38.968014,-77.011526,Ward 4,2023-08-14
2023-08-11,38.890787,-76.931803,Ward 7,2023-08-14
2023-08-11,38.891336,-76.931685,Ward 7,2023-08-14
2023-08-11,38.926921,-77.043546,Ward 1,2023-08-14
2023-08-11,38.914348,-77.091475,Ward 3,2023-08-14
2023-08-11,38.934718,-76.963778,Ward 5,2023-08-14
2023-08-11,38.913768,-77.029858,Ward 2,2023-08-14
2023-08-12,38.922775,-77.042099,Ward 1,2023-08-14
2023-08-12,38.904856,-76.944657,Ward 7,2023-08-13
2023-08-12,38.973343,-77.020849,Ward 4,2023-08-14
2023-08-12,38.913873,-77.033146,Ward 2,2023-08-14
2023-08-12,38.918771,-77.023079,Ward 1,2023-08-14
2023-08-12,38.916966,-77.068752,Null,2023-08-14
2023-08-12,38.967505,-77.005833,Ward 4,2023-08-14
2023-08-12,38.910385,-77.038487,Ward 2,2023-08-14
2023-08-13,38.904856,-76.944657,Ward 7,2023-08-13
2023-08-13,38.977457,-77.058036,Ward 4,2023-08-14
2023-08-13,38.900650,-76.989457,Ward 6,2023-08-14
2023-08-13,38.949560,-77.030838,Ward 4,2023-08-15
2023-08-13,38.946855,-76.989577,Ward 5,2023-08-14
2023-08-13,38.933749,-77.020954,Ward 1,2023-08-14
2023-08-13,38.936835,-77.021567,Ward 1,2023-08-14
2023-08-13,38.900650,-76.989457,Ward 6,2023-08-14
2023-08-13,38.951571,-77.088900,Ward 3,2023-08-14
2023-08-13,38.886265,-76.991785,Ward 6,2023-08-15
2023-08-13,38.986474,-77.035401,Ward 4,2023-08-14
2023-08-14,38.886186,-76.985751,Ward 6,2023-08-14
2023-08-14,38.929380,-77.084089,Ward 3,2023-08-14
2023-08-14,38.871021,-76.938480,Ward 7,2023-08-14
2023-08-14,38.895376,-76.977030,Ward 7,2023-08-14
2023-08-14,38.911835,-77.028772,Ward 2,2023-08-14
2023-08-14,38.944499,-76.990024,Ward 5,2023-08-14
2023-08-14,38.970997,-77.072279,Ward 3,2023-08-14
2023-08-14,38.895552,-76.977030,Ward 7,2023-08-14
2023-08-14,38.846305,-77.002877,Ward 8,2023-08-14
2023-08-14,38.846305,-77.002877,Ward 8,2023-08-14
2023-08-14,38.887875,-76.934540,Ward 7,2023-08-14
2023-08-14,38.901118,-77.051423,Ward 2,2023-08-16
2023-08-14,38.930797,-77.040363,Ward 1,2023-08-14
2023-08-14,38.892787,-76.988310,Ward 6,2023-08-14
2023-08-14,38.947921,-77.006410,Ward 5,2023-08-14
2023-08-14,38.937037,-77.072000,Ward 3,2023-08-14
2023-08-14,38.898350,-76.928525,Ward 7,2023-08-14
2023-08-14,38.905818,-76.926490,Ward 7,2023-08-14
2023-08-14,38.884954,-76.998712,Ward 6,2023-08-14
2023-08-14,38.986222,-77.032247,Ward 4,2023-08-14
2023-08-14,38.897040,-76.929887,Ward 7,2023-08-14
2023-08-14,38.921561,-77.044535,Ward 1,2023-08-14
2023-08-14,38.981940,-77.029257,Ward 4,2023-08-14
2023-08-14,38.965598,-77.034760,Ward 4,2023-08-14
2023-08-14,38.888868,-76.978751,Ward 7,2023-09-10
2023-08-14,38.915099,-77.011898,Ward 5,2023-08-15
2023-08-14,38.914348,-77.091475,Ward 3,2023-08-14
2023-08-14,38.938487,-76.977028,Ward 5,2023-08-14
2023-08-14,38.914684,-77.033920,Ward 2,2023-08-14
2023-08-14,38.896311,-77.000952,Ward 6,2023-08-15
2023-08-14,38.960095,-77.064008,Ward 4,2023-08-16
2023-08-14,38.901898,-76.994674,Ward 6,2023-08-15
2023-08-14,38.930119,-77.022395,Ward 1,2023-08-14
2023-08-14,38.952036,-76.987773,Ward 5,2023-08-15
2023-08-14,38.890491,-76.934606,Ward 7,2023-08-15
2023-08-14,38.880474,-76.992869,Ward 6,2023-08-15
2023-08-14,38.928372,-77.085144,Ward 3,2023-08-15
2023-08-14,38.928372,-77.085144,Ward 3,2023-08-15
2023-08-14,38.914348,-77.091475,Ward 3,2023-08-15
2023-08-14,38.933915,-76.964782,Ward 5,2023-08-15
2023-08-14,38.895684,-76.977027,Ward 7,2023-08-15
2023-08-14,38.895047,-77.026505,Ward 2,2023-08-16
2023-08-14,38.903774,-76.983330,Ward 5,2023-08-29
2023-08-14,38.903731,-76.983729,Ward 5,2023-08-15
2023-08-14,38.950878,-77.097012,Ward 3,2023-08-15
2023-08-14,38.846762,-77.001235,Ward 8,2023-08-15
2023-08-14,38.928047,-77.062422,Ward 3,2023-08-17
2023-08-14,38.955348,-77.026573,Ward 4,2023-08-15
2023-08-14,38.932905,-76.977033,Ward 5,2023-08-15
2023-08-14,38.870644,-77.007957,Ward 6,2023-08-15
2023-08-14,38.930272,-77.101468,Ward 3,2023-08-15
2023-08-14,38.915099,-77.011898,Ward 5,2023-08-15
2023-08-14,38.986887,-77.033722,Ward 4,2023-08-15
2023-08-14,38.933308,-77.088852,Ward 3,2023-08-15
2023-08-15,38.928609,-77.039959,Ward 1,2023-08-15
2023-08-15,38.920965,-77.036489,Ward 1,2023-08-15
2023-08-15,38.937419,-77.032278,Ward 4,2023-08-15
2023-08-15,38.973108,-77.053521,Ward 4,2023-08-15
2023-08-15,38.928704,-77.018673,Ward 1,2023-08-15
2023-08-15,38.888172,-76.985262,Ward 6,2023-08-15
2023-08-15,38.843162,-76.996181,Ward 8,2023-08-15
2023-08-15,38.937513,-77.022236,Ward 4,2023-08-15
2023-08-15,38.947709,-77.093056,Ward 3,2023-08-15
2023-08-15,38.952109,-77.094945,Ward 3,2023-08-15
2023-08-15,38.896599,-76.990539,Ward 6,2023-08-15
2023-08-15,38.881012,-77.000355,Ward 6,2023-08-15
2023-08-15,38.882254,-76.990910,Ward 6,2023-08-15
2023-08-15,38.888996,-76.983887,Ward 6,2023-08-16
2023-08-15,38.890054,-76.950395,Ward 7,2023-08-15
2023-08-15,38.945496,-77.035851,Ward 4,2023-08-15
2023-08-15,38.934650,-77.066389,Ward 3,2023-08-15
2023-08-15,38.930483,-77.065383,Ward 3,2023-08-15
2023-08-15,38.880926,-76.991293,Ward 6,2023-08-18
2023-08-15,38.886736,-76.999769,Ward 6,2023-08-17
2023-08-15,38.897272,-76.942352,Ward 7,2023-08-15
2023-08-15,38.900055,-77.024521,Ward 2,2023-08-16
2023-08-15,38.986887,-77.033722,Ward 4,2023-08-15
2023-08-15,38.894623,-76.995861,Ward 6,2023-08-15
2023-08-15,38.835610,-77.006154,Ward 8,2023-08-15
2023-08-15,38.912013,-77.030058,Ward 2,2023-08-16
2023-08-15,38.862729,-76.957817,Ward 7,2023-08-15
2023-08-15,38.947662,-77.092850,Ward 3,2023-08-15
2023-08-15,38.941464,-76.988070,Ward 5,2023-08-15
2023-08-15,38.899976,-77.031213,Ward 2,2023-08-15
2023-08-15,38.899382,-77.030440,Ward 2,2023-08-15
2023-08-15,38.903087,-76.933328,Ward 7,2023-08-15
2023-08-15,38.889781,-76.944562,Ward 7,2023-08-17
2023-08-15,38.870455,-76.974105,Ward 8,2023-08-17
2023-08-15,38.870258,-76.973810,Ward 8,2023-08-17
2023-08-15,38.887875,-76.934540,Ward 7,2023-08-15
2023-08-15,38.915181,-77.069572,Ward 2,2023-08-16
2023-08-15,38.915787,-77.069588,Ward 2,2023-08-16
2023-08-15,38.933248,-77.089177,Ward 3,2023-08-16
2023-08-15,38.896825,-76.982098,Ward 6,2023-08-17
2023-08-15,38.933671,-77.089925,Ward 3,2023-08-16
2023-08-15,38.879266,-76.934873,Ward 7,2023-08-16
2023-08-15,38.972345,-77.017165,Ward 4,2023-08-16
2023-08-15,38.953520,-77.011859,Ward 4,2023-08-16
2023-08-15,38.835289,-77.001122,Ward 8,2023-08-17
2023-08-15,38.835289,-77.001122,Ward 8,2023-08-17
2023-08-15,38.929026,-77.073736,Ward 3,2023-08-17
2023-08-15,38.881073,-76.993381,Ward 6,2023-08-16
2023-08-16,38.960022,-77.036725,Ward 4,2023-08-23
2023-08-16,38.860573,-76.990289,Ward 8,2023-08-17
2023-08-16,38.926917,-76.996415,Ward 5,2023-08-16
2023-08-16,38.918403,-77.071724,Ward 3,2023-08-16
2023-08-16,38.895906,-76.974449,Ward 7,2023-08-17
2023-08-16,38.948722,-77.073537,Ward 3,2023-08-16
2023-08-16,38.907048,-76.980692,Ward 5,2023-08-17
2023-08-16,38.974804,-77.023282,Ward 4,2023-08-16
2023-08-16,38.972057,-77.029930,Ward 4,2023-08-16
2023-08-16,38.892171,-76.992191,Ward 6,2023-08-16
2023-08-16,38.927449,-77.108349,Ward 3,2023-08-16
2023-08-16,38.934744,-77.031916,Ward 1,2023-08-16
2023-08-16,38.893575,-76.975299,Ward 7,2023-09-10
2023-08-16,38.913773,-77.069504,Ward 2,2023-08-16
2023-08-16,38.861168,-76.989304,Ward 8,2023-08-17
2023-08-16,38.879424,-76.962855,Ward 7,2023-08-17
2023-08-16,38.925756,-76.976002,Ward 5,2023-08-16
2023-08-16,38.925756,-76.976002,Ward 5,2023-08-16
2023-08-16,38.929890,-77.043796,Ward 1,2023-08-17
2023-08-16,38.869286,-76.962224,Ward 7,2023-08-16
2023-08-16,38.894623,-76.995861,Ward 6,2023-08-16
2023-08-16,38.894618,-76.995698,Ward 6,2023-08-16
2023-08-16,38.930846,-76.960488,Ward 5,2023-08-16
2023-08-16,38.940256,-77.036073,Ward 4,2023-08-17
2023-08-16,38.870644,-77.007957,Ward 6,2023-08-16
2023-08-16,38.893746,-76.987990,Ward 6,2023-08-17
2023-08-16,38.892384,-76.934877,Ward 7,2023-08-17
2023-08-16,38.843536,-76.990675,Ward 8,2023-08-17
2023-08-16,38.893870,-76.933146,Ward 7,2023-08-17
2023-08-16,38.905650,-77.065048,Ward 2,2023-08-17
2023-08-16,38.901153,-76.987925,Ward 6,2023-08-17
2023-08-16,38.894618,-76.995698,Ward 6,2023-08-17
2023-08-16,38.894945,-76.980997,Ward 6,2023-08-17
2023-08-16,38.948556,-77.073851,Ward 3,2023-08-17
2023-08-16,38.926098,-76.981698,Ward 5,2023-08-30
2023-08-16,38.896470,-76.993218,Ward 6,2023-08-17
2023-08-16,38.924122,-76.953955,Ward 5,2023-08-17
2023-08-16,38.960743,-77.079730,Ward 3,2023-08-17
2023-08-16,38.925242,-77.032652,Ward 1,2023-08-17
2023-08-16,38.960165,-77.017100,Ward 4,2023-08-17
2023-08-16,38.928365,-77.036983,Ward 1,2023-08-17
2023-08-16,38.961505,-77.020442,Ward 4,2023-08-17
2023-08-16,38.947766,-77.019704,Ward 4,2023-08-17
2023-08-16,38.912791,-77.016344,Ward 5,2023-08-17
2023-08-17,38.916079,-77.017595,Ward 1,2023-08-17
2023-08-17,38.932418,-76.962648,Ward 5,2023-08-17
2023-08-17,38.954393,-77.059587,Ward 3,2023-08-17
2023-08-17,38.888600,-76.937810,Ward 7,2023-08-17
2023-08-17,38.914063,-77.016066,Ward 5,2023-08-17
2023-08-17,38.834926,-77.001665,Ward 8,2023-08-17
2023-08-17,38.907048,-76.980692,Ward 5,2023-08-17
2023-08-17,38.918017,-77.015480,Ward 1,2023-08-18
2023-08-17,38.885394,-76.992863,Ward 6,2023-08-17
2023-08-17,38.942959,-77.084743,Ward 3,2023-08-17
2023-08-17,38.944786,-77.092614,Ward 3,2023-08-17
2023-08-17,38.870744,-76.973188,Ward 8,2023-08-18
2023-08-17,38.944093,-77.092379,Ward 3,2023-08-17
2023-08-17,38.930052,-77.044042,Ward 1,2023-08-18
2023-08-17,38.846363,-77.002921,Ward 8,2023-08-17
2023-08-17,38.932143,-77.043228,Ward 1,2023-08-17
2023-08-17,38.870744,-76.973188,Ward 8,2023-08-18
2023-08-17,38.912928,-77.062436,Ward 2,2023-08-18
2023-08-17,38.906453,-77.045998,Ward 2,2023-08-18
2023-08-17,38.870977,-76.973429,Ward 8,2023-08-18
2023-08-17,38.946826,-77.101965,Ward 3,2023-08-23
2023-08-17,38.962906,-77.071125,Ward 3,2023-08-18
2023-08-17,38.961511,-77.018617,Ward 4,2023-08-17
2023-08-17,38.980935,-77.023750,Ward 4,2023-08-18
2023-08-17,38.941125,-76.992401,Ward 5,2023-08-18
2023-08-17,38.896745,-76.934276,Ward 7,2023-08-18
2023-08-17,38.912427,-77.016342,Ward 5,2023-08-18
2023-08-18,38.908741,-77.054889,Ward 2,2023-08-18
2023-08-18,38.909114,-77.030393,Ward 2,2023-08-18
2023-08-18,38.930894,-77.028228,Ward 1,2023-08-18
2023-08-18,38.904880,-76.929487,Ward 7,2023-08-18
2023-08-18,38.948372,-77.074830,Ward 3,2023-08-18
2023-08-18,38.955801,-77.082490,Ward 3,2023-08-18
2023-08-18,38.920385,-77.040137,Ward 1,2023-08-18
2023-08-18,38.978170,-77.030124,Ward 4,2023-08-18
2023-08-18,38.905928,-76.984090,Ward 5,2023-08-18
2023-08-18,38.946902,-77.091826,Ward 3,2023-08-18
2023-08-18,38.867891,-76.948583,Ward 7,2023-08-18
2023-08-18,38.944073,-76.982682,Ward 5,2023-08-18
2023-08-18,38.918295,-77.005497,Ward 5,2023-08-22
2023-08-18,38.907849,-77.049072,Ward 2,2023-08-21
2023-08-18,38.861513,-76.965778,Ward 7,2023-08-18
2023-08-18,38.941641,-76.988555,Ward 5,2023-08-18
2023-08-18,38.973053,-77.066120,Ward 4,2023-08-18
2023-08-18,38.900745,-77.028072,Ward 2,2023-08-21
2023-08-18,38.867550,-76.954032,Ward 7,2023-08-21
2023-08-18,38.887426,-76.922040,Ward 7,2023-08-18
2023-08-18,38.930232,-76.980758,Ward 5,2023-08-21
2023-08-18,38.890082,-76.925856,Ward 7,2023-08-22
2023-08-18,38.933491,-77.066390,Ward 3,2023-09-10
2023-08-18,38.932732,-77.094069,Ward 3,2023-08-21
2023-08-18,38.932209,-77.093009,Ward 3,2023-08-21
2023-08-18,38.943379,-77.089425,Ward 3,2023-08-22
2023-08-18,38.935701,-77.077187,Ward 3,2023-08-21
2023-08-19,38.940721,-76.985741,Ward 5,2023-08-21
2023-08-19,38.903076,-76.987555,Ward 5,2023-08-21
2023-08-19,38.907846,-76.984629,Ward 5,2023-08-21
2023-08-19,38.861570,-76.965616,Ward 7,2023-08-21
2023-08-19,38.960211,-77.029694,Ward 4,2023-08-21
2023-08-19,38.979590,-77.028080,Ward 4,2023-08-21
2023-08-19,38.905114,-76.997047,Ward 6,2023-08-21
2023-08-19,38.933286,-77.067455,Ward 3,2023-08-21
2023-08-19,38.883751,-76.982004,Ward 6,2023-08-21
2023-08-19,38.962200,-77.021454,Ward 4,2023-08-21
2023-08-19,38.832487,-77.010105,Ward 8,2023-08-21
2023-08-20,38.871622,-76.975765,Ward 8,2023-08-21
2023-08-20,38.887249,-76.987793,Ward 6,2023-08-21
2023-08-20,38.910089,-77.031054,Ward 2,2023-08-21
2023-08-20,38.847194,-76.983109,Ward 8,2023-08-21
2023-08-20,38.926991,-77.028520,Ward 1,2023-08-21
2023-08-20,38.909648,-77.031952,Ward 2,2023-08-21
2023-08-20,38.926653,-77.026799,Ward 1,2023-08-21
2023-08-21,38.865591,-76.948256,Ward 7,2023-08-22
2023-08-21,38.940330,-76.990508,Ward 5,2023-08-21
2023-08-21,38.873593,-76.966718,Ward 7,2023-08-21
2023-08-21,38.901183,-76.996491,Ward 6,2023-08-21
2023-08-21,38.842757,-76.992321,Ward 8,2023-08-21
2023-08-21,38.846660,-77.001862,Ward 8,2023-08-21
2023-08-21,38.932617,-77.090637,Ward 3,2023-08-21
2023-08-21,38.917101,-77.049289,Ward 2,2023-08-21
2023-08-21,38.913614,-77.075931,Ward 2,2023-08-21
2023-08-21,38.924951,-77.101404,Ward 3,2023-08-21
2023-08-21,38.931667,-77.085118,Ward 3,2023-08-21
2023-08-21,38.929998,-77.102946,Ward 3,2023-08-21
2023-08-21,38.963781,-77.072942,Ward 3,2023-08-22
2023-08-21,38.919052,-77.044781,Ward 1,2023-08-21
2023-08-21,38.883664,-77.004589,Ward 6,2023-08-22
2023-08-21,38.965938,-77.029228,Ward 4,2023-08-21
2023-08-21,38.939590,-77.032416,Ward 4,2023-08-21
2023-08-21,38.944955,-77.015287,Ward 4,2023-08-21
2023-08-21,38.944900,-77.015284,Ward 4,2023-08-21
2023-08-21,38.951413,-77.069846,Ward 3,2023-08-22
2023-08-21,38.965598,-77.034760,Ward 4,2023-08-22
2023-08-21,38.909175,-77.058037,Ward 2,2023-08-22
2023-08-21,38.933286,-77.067455,Ward 3,2023-08-21
2023-08-21,38.941670,-77.029970,Ward 4,2023-08-22
2023-08-21,38.890991,-76.957910,Ward 7,2023-08-22
2023-08-21,38.864767,-76.976642,Ward 8,2023-08-25
2023-08-21,38.896112,-76.984996,Ward 6,2023-08-22
2023-08-21,38.879700,-76.933832,Ward 7,2023-08-22
2023-08-21,38.951582,-77.069638,Ward 3,2023-08-22
2023-08-21,38.949018,-77.068536,Ward 3,2023-08-22
2023-08-21,38.898535,-76.991303,Ward 6,2023-08-22
2023-08-21,38.935247,-77.075945,Ward 3,2023-08-22
2023-08-21,38.944955,-77.015287,Ward 4,2023-08-22
2023-08-22,38.900131,-76.983442,Null,2023-08-22
2023-08-22,38.971674,-77.023659,Ward 4,2023-08-23
2023-08-22,38.890292,-76.950587,Ward 7,2023-08-22
2023-08-22,38.918331,-77.011322,Ward 5,2023-08-22
2023-08-22,38.945124,-77.016868,Ward 4,2023-08-22
2023-08-22,38.918237,-77.011867,Ward 5,2023-08-22
2023-08-22,38.910539,-77.011251,Ward 5,2023-08-22
2023-08-22,38.860646,-76.990348,Ward 8,2023-08-22
2023-08-22,38.930562,-77.037276,Ward 1,2023-08-22
2023-08-22,38.907240,-77.028088,Ward 2,2023-08-22
2023-08-22,38.906397,-77.027841,Ward 2,2023-08-22
2023-08-22,38.911132,-77.060104,Ward 2,2023-08-22
2023-08-22,38.911441,-77.060783,Ward 2,2023-08-22
2023-08-22,38.905647,-77.028082,Ward 2,2023-08-22
2023-08-22,38.905419,-77.028756,Ward 2,2023-08-22
2023-08-22,38.887790,-77.000389,Ward 6,2023-08-22
2023-08-22,38.832375,-77.010735,Ward 8,2023-08-24
2023-08-22,38.932119,-77.066636,Ward 3,2023-08-22
2023-08-22,38.883751,-76.982004,Ward 6,2023-08-22
2023-08-22,38.909418,-77.081913,Ward 3,2023-08-23
2023-08-22,38.949734,-77.027135,Ward 4,2023-08-22
2023-08-22,38.959721,-76.995161,Ward 4,2023-08-23
2023-08-22,38.970511,-77.034948,Ward 4,2023-08-22
2023-08-22,38.831587,-76.989946,Ward 8,2023-08-25
2023-08-22,38.949932,-77.032780,Ward 4,2023-08-22
2023-08-22,38.865100,-76.975834,Ward 8,2023-08-24
2023-08-22,38.944612,-77.092084,Ward 3,2023-08-23
2023-08-22,38.959968,-77.065516,Ward 4,2023-08-22
2023-08-22,38.900848,-76.998677,Ward 6,2023-08-23
2023-08-22,38.920402,-77.028304,Ward 1,2023-08-23
2023-08-22,38.924946,-77.057134,Ward 3,2023-08-23
2023-08-22,38.928523,-77.033621,Ward 1,2023-08-23
2023-08-22,38.918614,-77.047940,Null,2023-08-23
2023-08-22,38.918226,-77.050711,Ward 2,2023-08-23
2023-08-22,38.954443,-77.085174,Ward 3,2023-08-23
2023-08-23,38.907908,-77.059025,Ward 2,2023-08-23
2023-08-23,38.870684,-76.938755,Ward 7,2023-08-24
2023-08-23,38.869297,-76.981076,Ward 8,2023-08-24
2023-08-23,38.932119,-77.066636,Ward 3,2023-08-23
2023-08-23,38.913846,-77.067773,Ward 2,2023-08-23
2023-08-23,38.913846,-77.067773,Ward 2,2023-08-23
2023-08-23,38.928871,-77.056848,Ward 3,2023-08-23
2023-08-23,38.963825,-77.006824,Ward 4,2023-08-24
2023-08-23,38.943437,-77.017424,Ward 4,2023-08-23
2023-08-23,38.924223,-76.980497,Ward 5,2023-08-23
2023-08-23,38.854179,-76.984754,Ward 8,2023-08-24
2023-08-23,38.941641,-76.988555,Ward 5,2023-08-23
2023-08-23,38.896287,-76.997626,Ward 6,2023-08-24
2023-08-23,38.916412,-77.006751,Ward 5,2023-08-24
2023-08-23,38.916457,-77.006755,Ward 5,2023-08-24
2023-08-23,38.896950,-76.936240,Ward 7,2023-08-24
2023-08-23,38.907826,-77.057355,Ward 2,2023-08-24
2023-08-23,38.913846,-77.067773,Ward 2,2023-08-24
2023-08-23,38.981237,-77.026092,Ward 4,2023-08-23
2023-08-23,38.981001,-77.026943,Ward 4,2023-08-23
2023-08-23,38.871307,-76.972948,Ward 8,2023-08-24
2023-08-23,38.914079,-76.974175,Ward 5,2023-08-24
2023-08-23,38.915286,-77.020120,Ward 6,2023-08-23
2023-08-23,38.956589,-77.027364,Ward 4,2023-08-23
2023-08-23,38.883770,-76.958039,Ward 7,2023-08-24
2023-08-23,38.881581,-76.981003,Ward 6,2023-08-23
2023-08-23,38.915830,-77.097513,Ward 3,2023-08-24
2023-08-23,38.927178,-76.981552,Ward 5,2023-08-24
2023-08-23,38.952428,-77.087959,Ward 3,2023-08-24
2023-08-23,38.891294,-76.999762,Ward 6,2023-08-24
2023-08-23,38.965558,-77.027915,Ward 4,2023-08-24
2023-08-23,38.965983,-77.027904,Ward 4,2023-08-24
2023-08-23,38.896299,-76.997556,Ward 6,2023-08-24
2023-08-23,38.977069,-77.026239,Ward 4,2023-08-24
2023-08-24,38.906912,-76.986336,Ward 5,2023-08-24
2023-08-24,38.906407,-76.986078,Ward 5,2023-08-24
2023-08-24,38.953879,-77.072254,Ward 3,2023-08-24
2023-08-24,38.978164,-77.030551,Ward 4,2023-08-24
2023-08-24,38.978183,-77.032390,Ward 4,2023-08-24
2023-08-24,38.920700,-77.091937,Ward 3,2023-08-24
2023-08-24,38.915588,-77.070474,Ward 2,2023-08-24
2023-08-24,38.883016,-76.981939,Ward 6,2023-08-25
2023-08-24,38.830269,-76.997151,Ward 8,2023-08-25
2023-08-24,38.892100,-77.039481,Ward 2,2023-08-24
2023-08-24,38.887586,-76.956794,Ward 7,2023-08-24
2023-08-24,38.911522,-77.058478,Ward 2,2023-08-28
2023-08-24,38.889501,-76.935835,Ward 7,2023-08-25
2023-08-24,38.888277,-76.923828,Ward 7,2023-08-24
2023-08-24,38.915859,-77.024201,Ward 1,2023-08-24
2023-08-24,38.910537,-77.011130,Ward 5,2023-09-10
2023-08-24,38.914427,-77.015144,Ward 5,2023-08-25
2023-08-24,38.927233,-77.070425,Ward 3,2023-08-24
2023-08-24,38.904118,-76.988501,Ward 5,2023-08-24
2023-08-24,38.863069,-76.955464,Ward 7,2023-08-25
2023-08-24,38.855614,-76.979242,Ward 8,2023-08-24
2023-08-24,38.901541,-76.927843,Ward 7,2023-08-25
2023-08-24,38.833180,-76.991585,Ward 8,2023-08-25
2023-08-24,38.971832,-77.058844,Ward 4,2023-08-25
2023-08-24,38.874243,-76.975094,Null,2023-08-25
2023-08-24,38.897047,-76.990017,Ward 6,2023-08-24
2023-08-24,38.960701,-77.001255,Ward 4,2023-08-25
2023-08-24,38.860000,-76.990285,Ward 8,2023-08-25
2023-08-24,38.932051,-77.043925,Ward 1,2023-08-25
2023-08-24,38.855733,-76.974505,Ward 8,2023-08-25
2023-08-24,38.960475,-77.070031,Ward 3,2023-08-25
2023-08-24,38.914678,-77.002524,Ward 5,2023-08-25
2023-08-24,38.931027,-77.111000,Ward 3,2023-08-25
2023-08-24,38.960484,-77.069614,Ward 3,2023-08-25
2023-08-25,38.930465,-77.028345,Ward 1,2023-08-25
2023-08-25,38.964313,-77.003823,Ward 4,2023-08-25
2023-08-25,38.944120,-77.064405,Ward 3,2023-08-25
2023-08-25,38.915749,-77.037384,Ward 2,2023-08-25
2023-08-25,38.916042,-77.037100,Ward 2,2023-08-28
2023-08-25,38.925715,-77.038671,Ward 1,2023-08-25
2023-08-25,38.892753,-77.027070,Ward 2,2023-08-25
2023-08-25,38.912287,-77.029365,Ward 2,2023-08-28
2023-08-25,38.946842,-76.981287,Ward 5,2023-08-25
2023-08-25,38.960475,-77.070031,Ward 3,2023-08-25
2023-08-25,38.955786,-77.017526,Ward 4,2023-08-25
2023-08-25,38.899086,-76.977523,Null,2023-08-25
2023-08-25,38.883926,-76.978770,Ward 6,2023-08-25
2023-08-25,38.863703,-76.960229,Ward 7,2023-08-28
2023-08-25,38.889504,-76.978408,Ward 7,2023-08-25
2023-08-25,38.937126,-77.067721,Ward 3,2023-08-25
2023-08-25,38.903313,-76.943383,Ward 7,2023-08-28
2023-08-25,38.969242,-77.008796,Ward 4,2023-08-28
2023-08-25,38.881464,-77.001726,Ward 6,2023-08-28
2023-08-25,38.957822,-77.006010,Ward 4,2023-08-28
2023-08-25,38.868427,-76.981309,Ward 8,2023-08-25
2023-08-25,38.963967,-77.023910,Ward 4,2023-08-28
2023-08-25,38.931582,-77.026381,Ward 1,2023-08-28
2023-08-25,38.937970,-77.072214,Ward 3,2023-08-28
2023-08-25,38.846197,-77.001906,Ward 8,2023-08-28
2023-08-25,38.963585,-77.058266,Ward 4,2023-08-28
2023-08-25,38.896717,-76.988655,Ward 6,2023-08-28
2023-08-25,38.869077,-76.967998,Ward 7,2023-08-25
2023-08-26,38.911447,-77.060232,Ward 2,2023-08-28
2023-08-26,38.909182,-76.985942,Ward 5,2023-08-28
2023-08-26,38.922542,-77.002566,Ward 5,2023-08-28
2023-08-26,38.896495,-76.981273,Ward 6,2023-08-26
2023-08-26,38.939106,-77.036444,Ward 4,2023-08-29
2023-08-26,38.943444,-77.097835,Ward 3,2023-08-28
2023-08-26,38.935598,-76.974422,Ward 5,2023-08-28
2023-08-26,38.946791,-77.023348,Ward 4,2023-08-28
2023-08-26,38.941193,-77.018937,Ward 4,2023-08-28
2023-08-26,38.923840,-77.078650,Ward 3,2023-08-28
2023-08-27,38.930943,-77.021182,Ward 1,2023-08-28
2023-08-27,38.830268,-76.996996,Ward 8,2023-08-28
2023-08-27,38.917660,-77.034812,Ward 1,2023-08-28
2023-08-27,38.947101,-76.980397,Ward 5,2023-08-28
2023-08-27,38.964171,-77.075452,Ward 3,2023-09-10
2023-08-27,38.914741,-77.034825,Ward 2,2023-08-28
2023-08-27,38.943176,-77.040856,Ward 4,2023-08-28
2023-08-27,38.943176,-77.040856,Ward 4,2023-08-28
2023-08-27,38.947058,-77.082931,Ward 3,2023-08-28
2023-08-27,38.909112,-77.083051,Ward 3,2023-08-28
2023-08-28,38.865352,-76.989228,Ward 8,2023-08-28
2023-08-28,38.943294,-77.026651,Ward 4,2023-08-28
2023-08-28,38.933085,-77.046284,Ward 1,2023-08-29
2023-08-28,38.923344,-76.991799,Ward 5,2023-08-28
2023-08-28,38.930361,-77.037672,Ward 1,2023-08-29
2023-08-28,38.869246,-76.972592,Ward 8,2023-08-28
2023-08-28,38.941693,-77.005612,Ward 5,2023-08-28
2023-08-28,38.923326,-77.026788,Ward 1,2023-08-28
2023-08-28,38.939590,-76.989293,Ward 5,2023-08-28
2023-08-28,38.968423,-77.023256,Ward 4,2023-08-28
2023-08-28,38.907936,-77.081544,Ward 3,2023-08-28
2023-08-28,38.901079,-76.991301,Ward 6,2023-08-28
2023-08-28,38.860578,-76.973341,Ward 8,2023-08-28
2023-08-28,38.924761,-76.975296,Ward 5,2023-08-28
2023-08-28,38.890459,-76.995926,Ward 6,2023-08-28
2023-08-28,38.932077,-77.101959,Ward 3,2023-08-28
2023-08-28,38.980163,-77.032186,Ward 4,2023-08-28
2023-08-28,38.945082,-77.083517,Ward 3,2023-08-28
2023-08-28,38.905897,-77.017623,Ward 6,2023-08-29
2023-08-28,38.925756,-76.976002,Ward 5,2023-08-29
2023-08-28,38.948538,-77.073287,Ward 3,2023-08-29
2023-08-28,38.958542,-77.076299,Ward 3,2023-08-29
2023-08-28,38.922151,-77.071198,Ward 3,2023-08-29
2023-08-28,38.956194,-76.991369,Ward 5,2023-08-29
2023-08-28,38.944921,-77.082951,Ward 3,2023-08-30
2023-08-28,38.890756,-77.002895,Ward 6,2023-08-29
2023-08-28,38.935627,-76.974176,Ward 5,2023-08-29
2023-08-28,38.895785,-76.993251,Ward 6,2023-08-29
2023-08-28,38.903472,-76.989442,Ward 5,2023-08-29
2023-08-29,38.958995,-77.057849,Ward 4,2023-08-30
2023-08-29,38.910558,-77.021126,Ward 6,2023-08-30
2023-08-29,38.911932,-76.984124,Ward 5,2023-08-29
2023-08-29,38.940808,-77.036431,Ward 4,2023-08-29
2023-08-29,38.942788,-77.036063,Ward 4,2023-08-29
2023-08-29,38.945496,-77.035851,Ward 4,2023-08-29
2023-08-29,38.941100,-77.110636,Ward 3,2023-08-30
2023-08-29,38.901471,-76.987682,Ward 6,2023-08-29
2023-08-29,38.948261,-77.036424,Ward 4,2023-08-29
2023-08-29,38.948261,-77.036424,Ward 4,2023-08-29
2023-08-29,38.884270,-77.000578,Ward 6,2023-08-30
2023-08-29,38.877264,-76.997286,Ward 6,2023-08-30
2023-08-29,38.910026,-77.028526,Ward 2,2023-08-29
2023-08-29,38.928830,-77.065591,Ward 3,2023-08-30
2023-08-29,38.956956,-77.036018,Ward 4,2023-08-29
2023-08-29,38.958786,-77.036775,Ward 4,2023-08-29
2023-08-29,38.929228,-77.107751,Ward 3,2023-08-29
2023-08-29,38.947900,-77.072578,Ward 3,2023-08-29
2023-08-29,38.891039,-76.946748,Ward 7,2023-08-30
2023-08-29,38.864024,-76.956831,Ward 7,2023-08-29
2023-08-29,38.855161,-76.980633,Ward 8,2023-08-29
2023-08-29,38.937557,-77.062318,Ward 3,2023-08-30
2023-08-29,38.964389,-77.033720,Ward 4,2023-08-30
2023-08-29,38.876378,-76.961254,Ward 7,2023-08-30
2023-08-29,38.944435,-77.088916,Ward 3,2023-08-30
2023-08-29,38.948446,-77.027585,Ward 4,2023-08-30
2023-08-29,38.924444,-77.093454,Ward 3,2023-08-30
2023-08-29,38.951965,-77.012336,Ward 4,2023-08-30
2023-08-30,38.940330,-76.990508,Ward 5,2023-08-30
2023-08-30,38.934842,-77.090686,Ward 3,2023-08-30
2023-08-30,38.908132,-77.042152,Ward 2,2023-08-31
2023-08-30,38.942969,-77.073445,Ward 3,2023-08-30
2023-08-30,38.945435,-77.103471,Ward 3,2023-08-30
2023-08-30,38.914678,-77.002524,Ward 5,2023-08-30
2023-08-30,38.880840,-76.926295,Ward 7,2023-08-30
2023-08-30,38.844530,-76.993264,Ward 8,2023-08-30
2023-08-30,38.937970,-77.072214,Ward 3,2023-08-30
2023-08-30,38.878620,-76.988957,Ward 6,2023-08-30
2023-08-30,38.840409,-76.994751,Ward 8,2023-08-31
2023-08-30,38.896716,-77.046901,Ward 2,2023-08-31
2023-08-30,38.944868,-77.033361,Ward 4,2023-08-30
2023-08-30,38.898620,-76.950518,Ward 7,2023-08-31
2023-08-30,38.935691,-77.111588,Ward 3,2023-08-31
2023-08-30,38.893711,-76.922248,Ward 7,2023-08-30
2023-08-30,38.960794,-77.058976,Ward 4,2023-09-01
2023-08-30,38.966654,-77.029931,Ward 4,2023-08-31
2023-08-30,38.900653,-76.989301,Ward 6,2023-09-05
2023-08-30,38.945845,-77.021292,Ward 4,2023-08-30
2023-08-30,38.889007,-76.993576,Ward 6,2023-08-30
2023-08-30,38.871067,-76.949486,Ward 7,2023-08-31
2023-08-30,38.962173,-77.034338,Ward 4,2023-09-01
2023-08-30,38.957951,-77.024372,Ward 4,2023-08-31
2023-08-30,38.929640,-76.985863,Ward 5,2023-08-31
2023-08-30,38.899574,-77.020201,Ward 2,2023-09-01
2023-08-30,38.912336,-77.005543,Ward 5,2023-08-31
2023-08-30,38.899587,-77.018267,Ward 2,2023-08-31
2023-08-30,38.899812,-77.015155,Null,2023-09-06
2023-08-30,38.968473,-77.014831,Ward 4,2023-08-31
2023-08-30,38.898857,-77.012427,Ward 6,2023-09-06
2023-08-30,38.899976,-77.031213,Ward 2,2023-08-31
2023-08-30,38.899382,-77.030440,Ward 2,2023-08-31
2023-08-30,38.884840,-76.935427,Ward 7,2023-08-31
2023-08-30,38.900745,-77.028072,Ward 2,2023-08-31
2023-08-30,38.873171,-76.974252,Ward 8,2023-08-31
2023-08-30,38.964190,-77.064573,Ward 4,2023-08-31
2023-08-30,38.901781,-77.022299,Ward 2,2023-08-31
2023-08-30,38.892084,-76.950420,Ward 7,2023-08-31
2023-08-31,38.880489,-76.945289,Ward 7,2023-08-31
2023-08-31,38.913167,-77.031103,Ward 2,2023-08-31
2023-08-31,38.887790,-76.994385,Ward 6,2023-09-01
2023-08-31,38.874804,-76.957115,Ward 7,2023-08-31
2023-08-31,38.944066,-77.015252,Ward 4,2023-09-01
2023-08-31,38.906269,-76.927425,Ward 7,2023-09-01
2023-08-31,38.880620,-76.945350,Ward 7,2023-08-31
2023-08-31,38.861570,-76.965616,Ward 7,2023-08-31
2023-08-31,38.930927,-76.976626,Ward 5,2023-09-01
2023-08-31,38.892842,-76.948486,Ward 7,2023-08-31
2023-08-31,38.943824,-77.015240,Ward 4,2023-08-31
2023-08-31,38.949693,-77.092613,Ward 3,2023-08-31
2023-08-31,38.923087,-77.080613,Ward 3,2023-08-31
2023-08-31,38.875027,-76.934072,Ward 7,2023-09-01
2023-08-31,38.883924,-76.991096,Ward 6,2023-09-01
2023-08-31,38.906283,-76.977840,Ward 5,2023-09-01
2023-08-31,38.925008,-77.068838,Ward 3,2023-09-01
2023-08-31,38.940805,-77.026725,Ward 4,2023-09-01
2023-08-31,38.936878,-77.031070,Ward 4,2023-09-01
2023-08-31,38.943533,-77.072671,Ward 3,2023-09-01
2023-08-31,38.963771,-77.016165,Ward 4,2023-09-01
2023-08-31,38.895958,-76.995832,Ward 6,2023-09-05
2023-08-31,38.833208,-77.005019,Ward 8,2023-09-01
2023-08-31,38.833208,-77.005019,Ward 8,2023-09-01
2023-08-31,38.918314,-77.059084,Null,2023-09-12
2023-08-31,38.942900,-77.086631,Ward 3,2023-09-01
2023-08-31,38.926854,-77.066383,Ward 3,2023-09-01
2023-08-31,38.879460,-76.993107,Ward 6,2023-09-05
2023-09-01,38.935547,-77.032428,Ward 1,2023-09-01
2023-09-01,38.869053,-76.957885,Ward 7,2023-09-01
2023-09-01,38.869749,-76.957398,Ward 7,2023-09-01
2023-09-01,38.868948,-76.957962,Ward 7,2023-09-01
2023-09-01,38.869283,-76.958020,Ward 7,2023-09-01
2023-09-01,38.912400,-77.029068,Ward 2,2023-09-05
2023-09-01,38.886219,-76.957327,Ward 7,2023-09-01
2023-09-01,38.926667,-77.009044,Ward 5,2023-09-01
2023-09-01,38.944451,-76.981075,Ward 5,2023-09-01
2023-09-01,38.868412,-76.981373,Ward 8,2023-09-01
2023-09-01,38.897753,-76.920522,Ward 7,2023-09-01
2023-09-01,38.900879,-77.052632,Ward 2,2023-09-01
2023-09-01,38.915803,-77.052861,Ward 2,2023-09-05
2023-09-01,38.930361,-77.037672,Ward 1,2023-09-05
2023-09-01,38.887611,-76.984769,Ward 6,2023-09-01
2023-09-01,38.874069,-76.935185,Ward 7,2023-09-01
2023-09-01,38.861180,-76.984323,Ward 8,2023-09-01
2023-09-01,38.878732,-76.980710,Ward 6,2023-09-01
2023-09-01,38.936878,-77.031070,Ward 4,2023-09-05
2023-09-01,38.943533,-77.072671,Ward 3,2023-09-05
2023-09-01,38.950030,-77.086208,Ward 3,2023-09-05
2023-09-01,38.884838,-76.949556,Ward 7,2023-09-05
2023-09-01,38.962462,-77.076876,Ward 3,2023-09-06
2023-09-01,38.926277,-77.059687,Ward 3,2023-09-05
2023-09-01,38.966634,-77.013936,Ward 4,2023-09-05
2023-09-01,38.947175,-77.065687,Ward 3,2023-09-05
2023-09-01,38.924955,-76.981020,Ward 5,2023-09-05
2023-09-01,38.924955,-76.981020,Ward 5,2023-09-05
2023-09-02,38.862604,-76.988090,Ward 8,2023-09-05
2023-09-02,38.926336,-77.051644,Ward 3,2023-09-05
2023-09-02,38.924798,-77.107124,Ward 3,2023-09-02
2023-09-02,38.902258,-76.993216,Ward 6,2023-09-05
2023-09-02,38.909628,-77.067656,Ward 2,2023-09-05
2023-09-02,38.881279,-77.015192,Ward 6,2023-09-05
2023-09-02,38.927359,-77.104035,Ward 3,2023-09-02
2023-09-02,38.965938,-77.029228,Ward 4,2023-09-05
2023-09-02,38.897534,-77.001816,Ward 6,2023-09-05
2023-09-03,38.906183,-77.058985,Ward 2,2023-09-05
2023-09-03,38.976907,-77.026256,Ward 4,2023-09-05
2023-09-03,38.975891,-77.035597,Ward 4,2023-09-05
2023-09-03,38.880910,-77.014931,Ward 6,2023-09-05
2023-09-03,38.977600,-77.033908,Ward 4,2023-09-05
2023-09-03,38.914695,-77.032871,Ward 2,2023-09-05
2023-09-03,38.928884,-77.030844,Ward 1,2023-09-05
2023-09-03,38.978197,-77.026678,Ward 4,2023-09-05
2023-09-03,38.928885,-77.030901,Ward 1,2023-09-05
2023-09-04,38.984682,-77.033973,Ward 4,2023-09-05
2023-09-04,38.861248,-76.950599,Ward 7,2023-09-05
2023-09-04,38.962892,-77.019086,Ward 4,2023-09-05
2023-09-04,38.895464,-76.937148,Ward 7,2023-09-05
2023-09-04,38.954301,-76.994148,Ward 5,2023-09-05
2023-09-04,38.911870,-77.044882,Ward 2,2023-09-05
2023-09-04,38.953884,-77.011783,Ward 4,2023-09-05
2023-09-04,38.885717,-76.993478,Ward 6,2023-09-05
2023-09-04,38.911792,-77.043137,Ward 2,2023-09-05
2023-09-04,38.947364,-77.094101,Ward 3,2023-09-05
2023-09-04,38.945057,-77.044124,Ward 4,2023-09-06
2023-09-04,38.944218,-77.072164,Ward 3,2023-09-05
2023-09-05,38.846359,-77.000947,Ward 8,2023-09-05
2023-09-05,38.896126,-77.029640,Ward 2,2023-09-05
2023-09-05,38.918892,-77.033991,Ward 1,2023-09-06
2023-09-05,38.907340,-77.066230,Ward 2,2023-09-05
2023-09-05,38.889408,-76.992463,Ward 6,2023-09-05
2023-09-05,38.944218,-77.072164,Ward 3,2023-09-05
2023-09-05,38.884132,-77.006561,Ward 6,2023-09-05
2023-09-05,38.931435,-77.106177,Ward 3,2023-09-06
2023-09-05,38.904733,-77.020162,Ward 6,2023-09-05
2023-09-05,38.944218,-77.072164,Ward 3,2023-09-05
2023-09-05,38.868968,-76.941651,Ward 7,2023-09-05
2023-09-05,38.919638,-77.033178,Ward 1,2023-09-06
2023-09-05,38.919531,-77.033667,Ward 1,2023-09-06
2023-09-05,38.874396,-76.966208,Ward 7,2023-09-06
2023-09-05,38.932737,-76.962236,Ward 5,2023-09-07
2023-09-05,38.863527,-76.972132,Ward 8,2023-09-06
2023-09-05,38.930572,-77.041302,Ward 1,2023-09-06
2023-09-05,38.914330,-77.070405,Ward 2,2023-09-06
2023-09-05,38.947409,-76.979985,Ward 5,2023-09-06
2023-09-05,38.910104,-77.054624,Ward 2,2023-09-06
2023-09-05,38.910104,-77.054624,Ward 2,2023-09-06
2023-09-05,38.941074,-77.022584,Ward 4,2023-09-06
2023-09-05,38.917585,-77.042423,Ward 1,2023-09-06
2023-09-05,38.931549,-77.065434,Ward 3,2023-09-06
2023-09-05,38.917153,-77.043378,Ward 1,2023-09-06
2023-09-05,38.928080,-77.038323,Ward 1,2023-09-06
2023-09-05,38.951880,-77.059891,Ward 3,2023-09-06
2023-09-05,38.928074,-77.038246,Ward 1,2023-09-06
2023-09-05,38.986344,-77.033683,Ward 4,2023-09-06
2023-09-06,38.943140,-77.035165,Ward 4,2023-09-06
2023-09-06,38.886422,-76.949669,Ward 7,2023-09-06
2023-09-06,38.886802,-76.949475,Ward 7,2023-09-06
2023-09-06,38.843730,-76.990292,Ward 8,2023-09-07
2023-09-06,38.898115,-76.973478,Ward 7,2023-09-07
2023-09-06,38.902029,-76.933447,Ward 7,2023-09-08
2023-09-06,38.954916,-77.086464,Ward 3,2023-09-06
2023-09-06,38.858471,-76.956467,Ward 7,2023-09-06
2023-09-06,38.933304,-77.088122,Ward 3,2023-09-06
2023-09-06,38.933690,-77.066147,Ward 3,2023-09-08
2023-09-06,38.934774,-77.042047,Ward 1,2023-09-06
2023-09-06,38.941641,-76.988555,Ward 5,2023-09-06
2023-09-06,38.953767,-77.083540,Ward 3,2023-09-07
2023-09-06,38.939823,-76.991096,Ward 5,2023-09-06
2023-09-06,38.942866,-76.992628,Ward 5,2023-09-06
2023-09-06,38.894438,-76.996583,Ward 6,2023-09-06
2023-09-06,38.916711,-77.022945,Ward 1,2023-09-11
2023-09-06,38.926183,-77.073188,Ward 3,2023-09-11
2023-09-06,38.909495,-77.060334,Ward 2,2023-09-07
2023-09-06,38.897950,-76.972732,Ward 7,2023-09-07
2023-09-06,38.867894,-76.947980,Ward 7,2023-09-07
2023-09-06,38.964444,-77.034309,Ward 4,2023-09-07
2023-09-06,38.964392,-77.034172,Ward 4,2023-09-07
2023-09-06,38.899135,-77.028412,Ward 2,2023-09-07
2023-09-06,38.942984,-77.089164,Ward 3,2023-09-07
2023-09-06,38.935087,-76.974176,Ward 5,2023-09-07
2023-09-06,38.905932,-77.057658,Ward 2,2023-09-07
2023-09-06,38.927734,-77.057289,Ward 3,2023-09-08
2023-09-06,38.947890,-77.056712,Ward 3,2023-09-07
2023-09-07,38.878403,-76.991534,Ward 6,2023-09-07
2023-09-07,38.898115,-76.973478,Ward 7,2023-09-07
2023-09-07,38.916801,-77.013389,Ward 5,2023-09-07
2023-09-07,38.892136,-76.941283,Ward 7,2023-09-07
2023-09-07,38.906179,-76.999502,Ward 6,2023-09-07
2023-09-07,38.927993,-77.105202,Ward 3,2023-09-07
2023-09-07,38.911516,-77.036096,Ward 2,2023-09-07
2023-09-07,38.877522,-76.933098,Ward 7,2023-09-07
2023-09-07,38.949365,-77.052939,Ward 3,2023-09-08
2023-09-07,38.878008,-77.008581,Ward 6,2023-09-08
2023-09-07,38.915764,-77.016574,Ward 1,2023-09-11
2023-09-07,38.904395,-76.988036,Ward 5,2023-09-08
2023-09-07,38.895515,-76.995510,Ward 6,2023-09-07
2023-09-07,38.930468,-77.037145,Ward 1,2023-09-08
2023-09-07,38.853463,-76.973453,Ward 8,2023-09-08
2023-09-07,38.973652,-77.060093,Ward 4,2023-09-08
2023-09-07,38.926822,-76.979512,Ward 5,2023-09-07
2023-09-07,38.885735,-76.992909,Ward 6,2023-09-08
2023-09-07,38.926822,-76.979512,Ward 5,2023-09-11
2023-09-07,38.880426,-76.960085,Ward 7,2023-09-07
2023-09-07,38.942029,-77.071615,Ward 3,2023-09-08
2023-09-07,38.858423,-76.992542,Ward 8,2023-09-08
2023-09-07,38.958121,-77.070633,Ward 3,2023-09-08
2023-09-07,38.881674,-77.016804,Ward 6,2023-09-08
2023-09-07,38.890929,-76.960456,Ward 7,2023-09-08
2023-09-07,38.864266,-76.987165,Ward 8,2023-09-08
2023-09-07,38.941082,-77.094613,Ward 3,2023-09-08
2023-09-07,38.887583,-76.954670,Ward 7,2023-09-08
2023-09-08,38.881267,-76.990248,Ward 6,2023-09-08
2023-09-08,38.882250,-76.990242,Ward 6,2023-09-08
2023-09-08,38.881267,-76.990248,Ward 6,2023-09-08
2023-09-08,38.879455,-76.990956,Ward 6,2023-09-08
2023-09-08,38.891474,-76.917391,Ward 7,2023-09-08
2023-09-08,38.955485,-76.989703,Ward 5,2023-09-08
2023-09-08,38.951358,-77.058910,Ward 3,2023-09-08
2023-09-08,38.910526,-77.040138,Ward 2,2023-09-11
2023-09-08,38.898010,-76.979927,Ward 6,2023-09-08
2023-09-08,38.946311,-77.078785,Ward 3,2023-09-08
2023-09-08,38.951379,-77.059481,Ward 3,2023-09-08
2023-09-08,38.951878,-77.069599,Ward 3,2023-09-08
2023-09-08,38.959508,-77.011847,Ward 4,2023-09-08
2023-09-08,38.932696,-77.099408,Ward 3,2023-09-10
2023-09-08,38.874611,-76.967768,Ward 7,2023-09-08
2023-09-08,38.926921,-77.043546,Ward 1,2023-09-08
2023-09-08,38.920511,-77.079501,Ward 3,2023-09-08
2023-09-08,38.925578,-77.060388,Ward 3,2023-09-08
2023-09-08,38.891827,-76.992131,Ward 6,2023-09-11
2023-09-08,38.982483,-77.032735,Ward 4,2023-09-10
2023-09-08,38.959508,-77.011847,Ward 4,2023-09-10
2023-09-08,38.949001,-77.097679,Ward 3,2023-09-10
2023-09-08,38.826213,-77.011852,Ward 8,2023-09-11
2023-09-08,38.961840,-77.079127,Ward 3,2023-09-10
2023-09-08,38.931114,-77.088345,Ward 3,2023-09-10
2023-09-08,38.901460,-76.984861,Ward 5,2023-09-11
2023-09-08,38.892256,-76.932909,Ward 7,2023-09-10
2023-09-08,38.880917,-76.992867,Ward 6,2023-09-11
2023-09-08,38.867172,-76.953291,Ward 7,2023-09-10
2023-09-08,38.931001,-77.065500,Ward 3,2023-09-10
2023-09-08,38.979699,-77.059309,Ward 4,2023-09-10
2023-09-08,38.897828,-76.995222,Ward 6,2023-09-11
2023-09-09,38.927486,-76.967593,Ward 5,2023-09-10
2023-09-09,38.918932,-76.955953,Ward 5,2023-09-10
2023-09-09,38.886639,-76.989235,Ward 6,2023-09-10
2023-09-09,38.957570,-76.997376,Ward 4,2023-09-10
2023-09-09,38.875146,-76.967366,Ward 7,2023-09-10
2023-09-09,38.864897,-76.979805,Ward 8,2023-09-10
2023-09-09,38.868269,-76.959712,Ward 7,2023-09-10
2023-09-09,38.882837,-76.978130,Ward 6,2023-09-10
2023-09-09,38.886665,-76.989149,Ward 6,2023-09-10
2023-09-09,38.950754,-77.095817,Ward 3,2023-09-10
2023-09-09,38.918242,-77.013735,Ward 5,2023-09-12
2023-09-09,38.930964,-77.021498,Ward 1,2023-09-11
2023-09-09,38.877708,-77.001678,Ward 6,2023-09-10
2023-09-09,38.894227,-76.924338,Ward 7,2023-09-10
2023-09-09,38.898874,-76.936915,Ward 7,2023-09-10
2023-09-09,38.861808,-76.963424,Ward 7,2023-09-10
2023-09-09,38.854650,-76.969000,Ward 8,2023-09-10
2023-09-09,38.868696,-76.976597,Ward 8,2023-09-10
2023-09-09,38.922329,-77.046287,Ward 1,2023-09-10
2023-09-09,38.922329,-77.043929,Ward 1,2023-09-10
2023-09-09,38.887594,-76.993762,Ward 6,2023-09-10
2023-09-09,38.870568,-76.973403,Ward 8,2023-09-10
2023-09-09,38.871049,-76.974513,Ward 8,2023-09-10
2023-09-09,38.844127,-76.991658,Ward 8,2023-09-10
2023-09-09,38.922053,-77.045617,Ward 1,2023-09-10
2023-09-09,38.902201,-76.932472,Ward 7,2023-09-10
2023-09-09,38.966915,-77.075924,Ward 3,2023-09-10
2023-09-09,38.865508,-76.968689,Ward 7,2023-09-10
2023-09-09,38.865439,-76.968896,Ward 7,2023-09-10
2023-09-09,38.922041,-77.045297,Ward 1,2023-09-10
2023-09-09,38.899080,-76.931670,Ward 7,2023-09-10
2023-09-09,38.980859,-77.036351,Ward 4,2023-09-10
2023-09-09,38.896902,-77.000799,Ward 6,2023-09-10
2023-09-09,38.878236,-76.986246,Ward 6,2023-09-10
2023-09-09,38.897700,-76.939804,Ward 7,2023-09-10
2023-09-09,38.980859,-77.036351,Ward 4,2023-09-10
2023-09-09,38.887362,-76.993963,Ward 6,2023-09-10
2023-09-09,38.859803,-76.953179,Ward 7,2023-09-10
2023-09-09,38.894256,-76.924479,Ward 7,2023-09-10
2023-09-09,38.865462,-76.949005,Ward 7,2023-09-10
2023-09-09,38.860315,-76.960448,Ward 7,2023-09-10
2023-09-09,38.859780,-76.964605,Ward 7,2023-09-10
2023-09-09,38.882522,-76.997557,Ward 6,2023-09-10
2023-09-09,38.858177,-76.959212,Ward 7,2023-09-10
2023-09-09,38.952965,-77.080523,Ward 3,2023-09-10
2023-09-09,38.887389,-76.993519,Ward 6,2023-09-10
2023-09-09,38.928576,-77.019383,Ward 1,2023-09-10
2023-09-09,38.869843,-76.961737,Ward 7,2023-09-10
2023-09-09,38.909412,-77.014581,Ward 5,2023-09-10
2023-09-09,38.887389,-76.993519,Ward 6,2023-09-10
2023-09-09,38.881733,-76.981294,Ward 6,2023-09-10
2023-09-09,38.887330,-76.993521,Ward 6,2023-09-10
2023-09-09,38.894933,-76.923727,Ward 7,2023-09-10
2023-09-09,38.888184,-76.956071,Ward 7,2023-09-10
2023-09-09,38.868437,-76.977166,Ward 8,2023-09-10
2023-09-09,38.857076,-76.958138,Ward 7,2023-09-10
2023-09-09,38.892384,-76.934877,Ward 7,2023-09-10
2023-09-09,38.860324,-76.952890,Ward 7,2023-09-10
2023-09-10,38.922329,-77.043929,Ward 1,2023-09-10
2023-09-10,38.861279,-76.949918,Ward 7,2023-09-10
2023-09-10,38.894159,-76.935122,Ward 7,2023-09-10
2023-09-10,38.846657,-76.971448,Ward 8,2023-09-10
2023-09-10,38.865381,-76.968879,Ward 7,2023-09-10
2023-09-10,38.904856,-76.944657,Ward 7,2023-09-10
2023-09-10,38.865508,-76.968689,Ward 7,2023-09-10
2023-09-10,38.919902,-77.029349,Ward 1,2023-09-10
2023-09-10,38.824091,-77.006002,Ward 8,2023-09-10
2023-09-10,38.943007,-77.016590,Ward 4,2023-09-10
2023-09-10,38.961911,-77.077382,Ward 3,2023-09-10
2023-09-10,38.880734,-76.992865,Ward 6,2023-09-10
2023-09-10,38.894159,-76.935122,Ward 7,2023-09-10
2023-09-10,38.878275,-77.001811,Ward 6,2023-09-10
2023-09-10,38.870800,-76.960570,Ward 7,2023-09-10
2023-09-10,38.909543,-77.056470,Ward 2,2023-09-10
2023-09-10,38.892047,-76.933190,Ward 7,2023-09-11
2023-09-10,38.876261,-76.962526,Ward 7,2023-09-10
2023-09-10,38.960788,-77.071867,Ward 3,2023-09-10
2023-09-10,38.885046,-76.957975,Ward 7,2023-09-11
2023-09-10,38.909870,-77.082007,Ward 3,2023-09-11
2023-09-10,38.908283,-77.054986,Ward 2,2023-09-10
2023-09-10,38.881820,-77.001741,Ward 6,2023-09-10
2023-09-10,38.923709,-76.973315,Ward 5,2023-09-11
2023-09-10,38.836756,-76.998931,Ward 8,2023-09-11
2023-09-10,38.879793,-76.962853,Ward 7,2023-09-11
2023-09-10,38.952105,-77.079834,Ward 3,2023-09-11
2023-09-10,38.887354,-76.988503,Ward 6,2023-09-12
2023-09-10,38.928785,-77.019040,Ward 1,2023-09-11
2023-09-11,38.959498,-77.078032,Ward 3,2023-09-11
2023-09-11,38.943070,-77.002570,Ward 5,2023-09-11
2023-09-11,38.854094,-76.963214,Ward 7,2023-09-11
2023-09-11,38.975762,-77.015643,Ward 4,2023-09-11
2023-09-11,38.943070,-77.002570,Ward 5,2023-09-11
2023-09-11,38.891724,-76.992859,Ward 6,2023-09-11
2023-09-11,38.895030,-76.936537,Ward 7,2023-09-13
2023-09-11,38.980061,-77.026103,Ward 4,2023-09-11
2023-09-11,38.976912,-77.027615,Ward 4,2023-09-11
2023-09-11,38.925391,-76.998657,Ward 5,2023-09-11
2023-09-11,38.903892,-76.942640,Ward 7,2023-09-11
2023-09-11,38.944466,-77.003666,Ward 5,2023-09-11
2023-09-11,38.892047,-76.933190,Ward 7,2023-09-11
2023-09-11,38.883025,-76.985309,Ward 6,2023-09-11
2023-09-11,38.905953,-77.016386,Ward 6,2023-09-12
2023-09-11,38.925387,-76.998783,Ward 5,2023-09-11
2023-09-11,38.959852,-77.068497,Ward 3,2023-09-11
2023-09-11,38.902562,-76.938622,Ward 7,2023-09-11
2023-09-11,38.897768,-76.942330,Ward 7,2023-09-11
2023-09-11,38.853200,-76.968385,Ward 8,2023-09-11
2023-09-11,38.870263,-76.954625,Ward 7,2023-09-11
2023-09-11,38.851138,-76.971717,Ward 8,2023-09-11
2023-09-11,38.909589,-77.067144,Ward 2,2023-09-12
2023-09-11,38.924798,-77.107124,Ward 3,2023-09-13
2023-09-11,38.909870,-77.082007,Ward 3,2023-09-12
2023-09-11,38.891731,-76.912359,Ward 7,2023-09-11
2023-09-11,38.967837,-77.073503,Ward 3,2023-09-11
2023-09-11,38.843162,-76.996181,Ward 8,2023-09-12
2023-09-11,38.955616,-76.989872,Ward 5,2023-09-11
2023-09-11,38.907013,-76.940830,Ward 7,2023-09-11
2023-09-11,38.824712,-77.005277,Ward 8,2023-09-11
2023-09-11,38.926183,-77.073188,Ward 3,2023-09-12
2023-09-11,38.937712,-77.074027,Ward 3,2023-09-12
2023-09-11,38.925387,-76.998783,Ward 5,2023-09-11
2023-09-11,38.960781,-77.074873,Ward 3,2023-09-11
2023-09-11,38.969926,-77.034874,Ward 4,2023-09-11
2023-09-11,38.929294,-77.018210,Ward 1,2023-09-13
2023-09-11,38.890929,-76.960456,Ward 7,2023-09-12
2023-09-11,38.871329,-76.955845,Ward 7,2023-09-13
2023-09-11,38.908908,-77.079848,Ward 3,2023-09-12
2023-09-11,38.868193,-76.966958,Ward 7,2023-09-12
2023-09-11,38.929891,-77.043728,Ward 1,2023-09-12
2023-09-11,38.954466,-77.081430,Ward 3,2023-09-12
2023-09-11,38.907013,-76.940830,Ward 7,2023-09-18
2023-09-11,38.918966,-77.072809,Ward 3,2023-09-13
2023-09-11,38.909916,-77.084981,Ward 3,2023-09-12
2023-09-11,38.890124,-76.939043,Ward 7,2023-09-12
2023-09-11,38.944376,-77.086206,Ward 3,2023-09-12
2023-09-11,38.945034,-77.093691,Ward 3,2023-09-12
2023-09-11,38.887215,-76.999732,Ward 6,2023-09-12
2023-09-11,38.931481,-77.106848,Ward 3,2023-09-12
2023-09-11,38.961603,-77.052683,Null,2023-09-12
2023-09-12,38.933229,-77.089749,Ward 3,2023-09-12
2023-09-12,38.890054,-76.950395,Ward 7,2023-09-12
2023-09-12,38.896299,-76.997556,Ward 6,2023-09-12
2023-09-12,38.868696,-76.976597,Ward 8,2023-09-12
2023-09-12,38.886995,-76.995254,Ward 6,2023-09-12
2023-09-12,38.888702,-76.992180,Ward 6,2023-09-12
2023-09-12,38.888998,-76.990873,Ward 6,2023-09-12
2023-09-12,38.944135,-77.084100,Ward 3,2023-09-12
2023-09-12,38.977092,-77.052547,Ward 4,2023-09-12
2023-09-12,38.925949,-77.075051,Ward 3,2023-09-12
2023-09-12,38.914209,-77.087337,Ward 3,2023-09-12
2023-09-12,38.909761,-77.088893,Ward 3,2023-09-12
2023-09-12,38.913860,-77.085890,Ward 3,2023-09-12
2023-09-12,38.884606,-76.926796,Ward 7,2023-09-12
2023-09-12,38.856073,-76.961700,Ward 7,2023-09-12
2023-09-12,38.878460,-76.940199,Ward 7,2023-09-12
2023-09-12,38.960781,-77.074873,Ward 3,2023-09-12
2023-09-12,38.889393,-76.983887,Ward 6,2023-09-12
2023-09-12,38.884991,-76.926810,Ward 7,2023-09-12
2023-09-12,38.943374,-77.094796,Ward 3,2023-09-13
2023-09-12,38.910947,-77.033281,Ward 2,2023-09-13
2023-09-12,38.896402,-76.920757,Ward 7,2023-09-12
2023-09-12,38.979656,-77.025127,Ward 4,2023-09-13
2023-09-12,38.926426,-77.073519,Ward 3,2023-09-13
2023-09-12,38.902087,-76.928754,Ward 7,2023-09-12
2023-09-12,38.896314,-76.920749,Ward 7,2023-09-13
2023-09-12,38.950806,-77.053539,Ward 3,2023-09-13
2023-09-12,38.860000,-76.990285,Ward 8,2023-09-13
2023-09-12,38.865318,-76.959886,Ward 7,2023-09-13
2023-09-12,38.936979,-77.047361,Null,2023-09-13
2023-09-12,38.934431,-77.086128,Ward 3,2023-09-13
2023-09-12,38.934431,-77.086128,Ward 3,2023-09-13
2023-09-12,38.979656,-77.025127,Ward 4,2023-09-13
2023-09-12,38.946314,-77.025036,Ward 4,2023-09-13
2023-09-12,38.901292,-76.937319,Ward 7,2023-09-13
2023-09-12,38.900194,-77.051944,Ward 2,2023-09-13
2023-09-12,38.967182,-77.069281,Ward 3,2023-09-13
2023-09-12,38.825866,-77.011691,Ward 8,2023-09-12
2023-09-12,38.940722,-76.987137,Ward 5,2023-09-13
2023-09-13,38.900194,-77.051944,Ward 2,2023-09-13
2023-09-13,38.915925,-77.015744,Ward 1,2023-09-13
2023-09-13,38.831360,-77.012284,Ward 8,2023-09-14
2023-09-13,38.861513,-76.965778,Ward 7,2023-09-13
2023-09-13,38.968411,-77.023969,Ward 4,2023-09-13
2023-09-13,38.882254,-76.990910,Ward 6,2023-09-15
2023-09-13,38.910386,-77.058368,Ward 2,2023-09-15
2023-09-13,38.919991,-77.046319,Ward 1,2023-09-13
2023-09-13,38.904732,-76.996401,Ward 6,2023-09-18
2023-09-13,38.948212,-77.074382,Ward 3,2023-09-15
2023-09-13,38.948556,-77.073851,Ward 3,2023-09-15
2023-09-13,38.859861,-76.974043,Ward 8,2023-09-13
2023-09-13,38.825865,-77.011638,Ward 8,2023-09-13
2023-09-13,38.906995,-77.056140,Ward 2,2023-09-15
2023-09-13,38.930906,-76.971839,Ward 5,2023-09-13
2023-09-13,38.887767,-77.001239,Ward 6,2023-09-14
2023-09-13,38.891875,-76.989183,Ward 6,2023-09-15
2023-09-13,38.915794,-77.016098,Ward 1,2023-09-13
2023-09-13,38.922348,-77.079375,Ward 3,2023-09-13
2023-09-13,38.900515,-77.052625,Ward 2,2023-09-15
2023-09-13,38.846363,-76.970564,Ward 8,2023-09-14
2023-09-13,38.986084,-77.029961,Ward 4,2023-09-13
2023-09-13,38.825866,-77.011691,Ward 8,2023-09-13
2023-09-13,38.910972,-77.081898,Ward 3,2023-09-15
2023-09-13,38.952339,-77.089778,Ward 3,2023-09-14
2023-09-13,38.943237,-76.982426,Ward 5,2023-09-14
2023-09-13,38.931720,-77.105780,Ward 3,2023-09-18
2023-09-13,38.856903,-76.979198,Ward 8,2023-09-14
2023-09-13,38.891691,-76.934088,Ward 7,2023-09-15
2023-09-13,38.870505,-76.969616,Ward 7,2023-09-15
2023-09-13,38.855358,-76.978040,Ward 8,2023-09-14
2023-09-13,38.933039,-76.964803,Ward 5,2023-09-15
2023-09-13,38.934755,-77.031578,Ward 1,2023-09-15
2023-09-13,38.889772,-76.937543,Ward 7,2023-09-14
2023-09-13,38.885519,-76.983872,Ward 6,2023-09-14
2023-09-14,38.926167,-77.029403,Ward 1,2023-09-14
2023-09-14,38.933267,-76.986051,Ward 5,2023-09-15
2023-09-14,38.897136,-77.002861,Ward 6,2023-09-15
2023-09-14,38.915764,-77.016574,Ward 1,2023-09-15
2023-09-14,38.978162,-77.030777,Ward 4,2023-09-15
2023-09-14,38.891836,-76.984501,Ward 6,2023-09-15
2023-09-14,38.884266,-76.989818,Ward 6,2023-09-14
2023-09-14,38.911673,-77.007999,Ward 5,2023-09-14
2023-09-14,38.890638,-76.951574,Ward 7,2023-09-15
2023-09-14,38.945485,-77.018467,Ward 4,2023-09-15
2023-09-14,38.930906,-76.987287,Ward 5,2023-09-15
2023-09-14,38.915395,-77.068627,Ward 2,2023-09-15
2023-09-14,38.906184,-76.940703,Ward 7,2023-09-15
2023-09-14,38.890064,-76.943869,Ward 7,2023-09-15
2023-09-14,38.958200,-77.028003,Ward 4,2023-09-15
2023-09-14,38.886328,-76.942581,Ward 7,2023-09-18
2023-09-14,38.846191,-76.970963,Ward 8,2023-09-15
2023-09-14,38.959460,-77.037504,Ward 4,2023-09-15
2023-09-14,38.903487,-76.999282,Ward 6,2023-09-15
2023-09-14,38.898264,-76.987163,Ward 6,2023-09-18
2023-09-14,38.900843,-76.998222,Ward 6,2023-09-15
2023-09-15,38.836162,-76.989339,Ward 8,2023-09-15
2023-09-15,38.923408,-77.072462,Ward 3,2023-09-15
2023-09-15,38.911629,-77.086475,Ward 3,2023-09-15
2023-09-15,38.893657,-76.933181,Ward 7,2023-09-15
2023-09-15,38.894256,-76.941693,Ward 7,2023-09-15
2023-09-15,38.938497,-76.987193,Ward 5,2023-09-15
2023-09-15,38.879296,-77.021922,Ward 6,2023-09-18
2023-09-15,38.846191,-76.970963,Ward 8,2023-09-18
2023-09-15,38.948609,-77.092374,Ward 3,2023-09-15
2023-09-15,38.948212,-77.074382,Ward 3,2023-09-15
2023-09-15,38.960211,-77.029694,Ward 4,2023-09-15
2023-09-15,38.903281,-76.984973,Ward 5,2023-09-15
2023-09-15,38.918311,-77.006412,Ward 5,2023-09-15
2023-09-15,38.878393,-76.941170,Ward 7,2023-09-18
2023-09-15,38.960619,-77.021406,Ward 4,2023-09-15
2023-09-15,38.948556,-77.073851,Ward 3,2023-09-21
2023-09-15,38.891853,-76.989183,Ward 6,2023-09-18
2023-09-15,38.868047,-76.980976,Ward 8,2023-09-15
2023-09-15,38.882242,-76.996436,Ward 6,2023-09-15
2023-09-15,38.903138,-76.983203,Ward 5,2023-09-15
2023-09-15,38.903472,-76.989442,Ward 5,2023-09-15
2023-09-15,38.899661,-76.974881,Ward 5,2023-09-18
2023-09-15,38.897137,-77.020977,Ward 2,2023-09-18
2023-09-15,38.868193,-76.966958,Ward 7,2023-09-18
2023-09-15,38.904856,-76.944657,Ward 7,2023-09-18
2023-09-15,38.888212,-76.955796,Ward 7,2023-09-18
2023-09-16,38.920156,-77.074985,Ward 3,2023-09-19
2023-09-16,38.868845,-76.981496,Ward 8,2023-09-17
2023-09-17,38.920156,-77.074985,Ward 3,2023-09-19
2023-09-17,38.864958,-76.979589,Ward 8,2023-09-17
2023-09-17,38.873413,-76.973888,Ward 8,2023-09-18
2023-09-17,38.925124,-77.060928,Ward 3,2023-09-19
2023-09-17,38.945719,-77.072206,Ward 3,2023-09-18
2023-09-17,38.892651,-76.944593,Ward 7,2023-09-18
2023-09-17,38.930729,-76.991683,Ward 5,2023-09-18
2023-09-18,38.858952,-76.959195,Ward 7,2023-09-18
2023-09-18,38.845797,-76.995122,Ward 8,2023-09-19
2023-09-18,38.917694,-77.005796,Ward 5,2023-09-18
2023-09-18,38.893657,-76.933181,Ward 7,2023-09-27
2023-09-18,38.880917,-76.992867,Ward 6,2023-09-18
2023-09-18,38.937962,-77.070344,Ward 3,2023-09-19
2023-09-18,38.920719,-77.011812,Ward 5,2023-09-18
2023-09-18,38.951849,-77.023183,Ward 4,2023-09-18
2023-09-18,38.940990,-76.992642,Ward 5,2023-09-18
2023-09-18,38.940721,-76.983573,Ward 5,2023-09-18
2023-09-18,38.938306,-76.980021,Ward 5,2023-09-18
2023-09-18,38.961799,-77.035004,Ward 4,2023-09-19
2023-09-18,38.961970,-77.035395,Ward 4,2023-09-20
2023-09-18,38.886172,-76.982048,Ward 6,2023-09-27
2023-09-18,38.866637,-76.946078,Ward 7,2023-09-18
2023-09-18,38.949516,-77.099626,Ward 3,2023-09-19
2023-09-18,38.853133,-76.964041,Null,2023-09-20
2023-09-18,38.898264,-76.987163,Ward 6,2023-09-20
2023-09-18,38.918614,-77.047940,Ward 2,2023-09-19
2023-09-18,38.945485,-77.018467,Ward 4,2023-09-19
2023-09-18,38.924306,-77.051492,Ward 3,2023-09-19
2023-09-18,38.928376,-77.053791,Ward 3,2023-09-19
2023-09-18,38.945051,-77.094893,Ward 3,2023-09-19
2023-09-18,38.925826,-77.064415,Ward 3,2023-09-19
2023-09-19,38.893734,-76.985699,Ward 6,2023-09-20
2023-09-19,38.956817,-77.065342,Ward 3,2023-09-19
2023-09-19,38.886172,-76.982048,Ward 6,2023-09-27
2023-09-19,38.842649,-77.000782,Ward 8,2023-09-19
2023-09-19,38.901333,-77.033639,Ward 2,2023-09-20
2023-09-19,38.862342,-76.962514,Ward 7,2023-09-19
2023-09-19,38.953576,-77.064905,Ward 3,2023-09-19
2023-09-19,38.931507,-77.105299,Ward 3,2023-09-19
2023-09-19,38.891825,-76.953980,Ward 7,2023-09-19
2023-09-19,38.859313,-76.970990,Ward 8,2023-09-20
2023-09-19,38.918561,-77.074064,Ward 3,2023-09-20
2023-09-19,38.925876,-77.040313,Ward 1,2023-09-20
2023-09-19,38.923110,-76.984035,Ward 5,2023-09-19
2023-09-19,38.928014,-77.037260,Ward 1,2023-09-20
2023-09-19,38.949197,-77.020167,Ward 4,2023-09-20
2023-09-19,38.910667,-77.034832,Ward 2,2023-09-20
2023-09-19,38.895003,-77.031353,Ward 2,2023-09-20
2023-09-19,38.964500,-77.024740,Ward 4,2023-09-20
2023-09-19,38.897341,-77.015175,Ward 2,2023-09-21
2023-09-19,38.897341,-77.015175,Ward 2,2023-09-21
2023-09-19,38.961247,-77.034099,Ward 4,2023-09-20
2023-09-19,38.873171,-76.974252,Ward 8,2023-09-20
2023-09-19,38.856100,-76.987351,Ward 8,2023-09-20
2023-09-20,38.909859,-77.068807,Ward 2,2023-09-21
2023-09-20,38.907973,-77.071419,Ward 2,2023-09-21
2023-09-20,38.906930,-77.067984,Ward 2,2023-09-22
2023-09-20,38.897682,-76.988709,Ward 6,2023-09-20
2023-09-20,38.946274,-76.994953,Ward 5,2023-09-20
2023-09-20,38.852961,-76.964179,Ward 8,2023-09-25
2023-09-20,38.907442,-77.040720,Ward 2,2023-09-21
2023-09-20,38.975598,-77.035961,Ward 4,2023-09-20
2023-09-20,38.979195,-77.028339,Ward 4,2023-09-20
2023-09-20,38.897478,-76.989273,Ward 6,2023-09-22
2023-09-20,38.896662,-76.980533,Ward 6,2023-09-21
2023-09-20,38.845551,-77.003175,Ward 8,2023-09-21
2023-09-20,38.846073,-77.003273,Ward 8,2023-09-21
2023-09-20,38.890444,-76.958962,Ward 7,2023-09-21
2023-09-20,38.934650,-77.066389,Ward 3,2023-09-20
2023-09-20,38.895866,-76.973554,Ward 7,2023-09-21
2023-09-20,38.909544,-77.056593,Ward 2,2023-09-22
2023-09-20,38.893562,-76.956585,Ward 7,2023-09-21
2023-09-20,38.927634,-76.985053,Ward 5,2023-09-21
2023-09-20,38.917002,-77.034532,Null,2023-09-21
2023-09-20,38.933987,-77.019335,Ward 1,2023-09-21
2023-09-20,38.876483,-76.960997,Ward 7,2023-09-21
2023-09-20,38.909872,-77.040246,Ward 2,2023-09-27
2023-09-20,38.946424,-76.995206,Ward 5,2023-09-21
2023-09-21,38.955957,-77.086208,Ward 3,2023-09-21
2023-09-21,38.975988,-77.024984,Ward 4,2023-09-21
2023-09-21,38.928926,-77.036475,Ward 1,2023-09-21
2023-09-21,38.909429,-76.939935,Ward 7,2023-09-27
2023-09-21,38.920698,-77.073648,Ward 3,2023-09-22
2023-09-21,38.910226,-77.014431,Ward 5,2023-09-21
2023-09-21,38.891406,-76.960006,Ward 7,2023-09-27
2023-09-21,38.934169,-77.041288,Ward 1,2023-09-22
2023-09-21,38.888132,-76.923282,Ward 7,2023-09-21
2023-09-21,38.932112,-76.983496,Ward 5,2023-09-22
2023-09-21,38.929684,-77.036907,Ward 1,2023-09-22
2023-09-21,38.843817,-77.000411,Ward 8,2023-09-22
2023-09-21,38.911133,-77.060842,Ward 2,2023-09-22
2023-09-21,38.937245,-76.990608,Ward 5,2023-09-22
2023-09-21,38.889508,-76.984517,Ward 6,2023-09-22
2023-09-22,38.899105,-76.987666,Ward 6,2023-09-22
2023-09-22,38.907452,-77.017924,Ward 2,2023-09-22
2023-09-22,38.951223,-77.089931,Ward 3,2023-09-22
2023-09-22,38.909643,-77.041671,Ward 2,2023-09-22
2023-09-22,38.911482,-76.937478,Ward 7,2023-09-22
2023-09-22,38.911482,-76.937478,Ward 7,2023-09-22
2023-09-22,38.946003,-76.982939,Ward 5,2023-09-22
2023-09-22,38.942886,-77.100422,Ward 3,2023-09-22
2023-09-22,38.925578,-77.060388,Ward 3,2023-09-22
2023-09-22,38.925768,-76.997436,Ward 5,2023-09-22
2023-09-22,38.964476,-77.002534,Ward 4,2023-09-22
2023-09-22,38.918356,-77.052186,Ward 2,2023-09-22
2023-09-22,38.902812,-77.011545,Ward 6,2023-09-22
2023-09-22,38.902275,-77.010676,Ward 6,2023-09-22
2023-09-22,38.959229,-77.074327,Ward 3,2023-09-25
2023-09-22,38.863598,-76.955622,Ward 7,2023-09-23
2023-09-22,38.895515,-76.995510,Ward 6,2023-09-25
2023-09-22,38.984944,-77.030920,Ward 4,2023-09-26
2023-09-22,38.934637,-76.991685,Ward 5,2023-09-25
2023-09-22,38.897667,-76.936342,Ward 7,2023-09-23
2023-09-22,38.928556,-77.037981,Ward 1,2023-09-25
2023-09-22,38.947244,-77.008342,Ward 5,2023-09-25
2023-09-22,38.881067,-76.999971,Ward 6,2023-09-25
2023-09-22,38.947409,-76.979985,Ward 5,2023-09-25
2023-09-23,38.907175,-77.036530,Ward 2,2023-09-23
2023-09-23,38.829439,-76.997471,Ward 8,2023-09-23
2023-09-23,38.829890,-76.997498,Ward 8,2023-09-23
2023-09-23,38.916378,-77.009424,Ward 5,2023-09-24
2023-09-23,38.931837,-77.074785,Ward 3,2023-09-23
2023-09-23,38.938112,-76.989800,Ward 5,2023-09-25
2023-09-23,38.925508,-77.058055,Ward 3,2023-09-25
2023-09-23,38.905424,-77.029401,Ward 2,2023-09-25
2023-09-23,38.961039,-77.001250,Ward 4,2023-09-25
2023-09-23,38.914085,-77.012157,Ward 5,2023-09-25
2023-09-23,38.950966,-77.066009,Ward 3,2023-09-25
2023-09-23,38.960003,-77.056574,Ward 4,2023-09-25
2023-09-23,38.954692,-77.068442,Ward 3,2023-09-24
2023-09-23,38.927825,-77.084300,Ward 3,2023-09-25
2023-09-23,38.954938,-77.068515,Ward 3,2023-09-24
2023-09-24,38.920956,-77.044120,Ward 1,2023-09-25
2023-09-24,38.932579,-77.095063,Ward 3,2023-09-24
2023-09-24,38.895663,-76.927513,Ward 7,2023-09-24
2023-09-24,38.922858,-77.044926,Ward 1,2023-09-25
2023-09-24,38.947013,-77.038153,Ward 4,2023-09-24
2023-09-24,38.905121,-76.943633,Ward 7,2023-09-25
2023-09-24,38.939968,-77.040641,Ward 4,2023-09-25
2023-09-24,38.910052,-77.009356,Ward 5,2023-09-25
2023-09-24,38.961247,-77.034099,Ward 4,2023-09-25
2023-09-24,38.883235,-77.003519,Ward 6,2023-09-25
2023-09-24,38.920674,-77.011812,Ward 5,2023-09-25
2023-09-24,38.929637,-77.097061,Ward 3,2023-09-25
2023-09-24,38.947047,-76.979470,Ward 5,2023-09-25
2023-09-24,38.944976,-77.091055,Ward 3,2023-09-25
2023-09-24,38.961696,-77.014693,Ward 4,2023-09-25
2023-09-24,38.967165,-77.054723,Ward 4,2023-09-25
2023-09-24,38.965125,-77.036384,Ward 4,2023-09-25
2023-09-24,38.961243,-77.078724,Ward 3,2023-09-25
2023-09-24,38.868431,-76.978202,Ward 8,2023-09-25
2023-09-24,38.961696,-77.014693,Ward 4,2023-09-25
2023-09-24,38.890787,-76.998165,Ward 6,2023-09-25
2023-09-24,38.941874,-77.036441,Ward 4,2023-09-24
2023-09-24,38.942817,-77.092618,Ward 3,2023-09-25
2023-09-24,38.944192,-77.084450,Ward 3,2023-09-25
2023-09-24,38.944840,-77.037756,Ward 4,2023-09-25
2023-09-24,38.868409,-76.978321,Ward 8,2023-09-25
2023-09-24,38.920956,-77.044120,Ward 1,2023-09-25
2023-09-24,38.908855,-77.011960,Ward 5,2023-09-26
2023-09-24,38.941341,-77.036436,Ward 4,2023-09-24
2023-09-24,38.946476,-77.094111,Ward 3,2023-09-25
2023-09-24,38.883509,-76.983900,Ward 6,2023-09-25
2023-09-24,38.853728,-76.995045,Ward 8,2023-09-25
2023-09-24,38.932421,-77.061725,Ward 3,2023-09-25
2023-09-24,38.965888,-77.054408,Ward 4,2023-09-25
2023-09-25,38.948509,-77.058480,Ward 3,2023-09-25
2023-09-25,38.893682,-76.946460,Ward 7,2023-09-25
2023-09-25,38.952663,-77.069486,Ward 3,2023-09-25
2023-09-25,38.951247,-77.069542,Ward 3,2023-09-25
2023-09-25,38.941457,-77.091439,Ward 3,2023-09-25
2023-09-25,38.940741,-76.999670,Ward 5,2023-09-25
2023-09-25,38.867981,-76.981735,Ward 8,2023-09-25
2023-09-25,38.870744,-76.974507,Ward 8,2023-09-25
2023-09-25,38.923801,-77.050224,Ward 3,2023-09-25
2023-09-25,38.979395,-77.036349,Ward 4,2023-09-25
2023-09-25,38.944409,-77.072163,Ward 3,2023-09-25
2023-09-25,38.933343,-77.060990,Ward 3,2023-09-25
2023-09-25,38.941516,-76.985867,Ward 5,2023-09-25
2023-09-25,38.854909,-76.958110,Ward 7,2023-09-25
2023-09-25,38.986361,-77.043096,Ward 4,2023-09-25
2023-09-25,38.926570,-76.967002,Ward 5,2023-09-25
2023-09-25,38.961014,-77.028031,Ward 4,2023-09-25
2023-09-25,38.947702,-77.090219,Ward 3,2023-09-25
2023-09-25,38.859360,-76.965091,Ward 7,2023-09-25
2023-09-25,38.950886,-77.016429,Ward 4,2023-09-25
2023-09-25,38.980559,-77.030943,Ward 4,2023-09-25
2023-09-25,38.892356,-76.929843,Ward 7,2023-09-26
2023-09-25,38.952110,-77.090608,Ward 3,2023-09-26
2023-09-25,38.950612,-77.061942,Ward 3,2023-09-26
2023-09-25,38.921865,-77.032924,Ward 1,2023-09-27
2023-09-25,38.925508,-77.058055,Ward 3,2023-09-27
2023-09-25,38.879495,-76.961186,Ward 7,2023-09-25
2023-09-25,38.931145,-77.088996,Ward 3,2023-09-26
2023-09-25,38.823502,-76.998921,Ward 8,2023-09-26
2023-09-25,38.921863,-77.032746,Ward 1,2023-09-27
2023-09-25,38.932202,-77.086978,Ward 3,2023-09-26
2023-09-25,38.946942,-77.090355,Ward 3,2023-09-26
2023-09-25,38.829426,-76.997592,Ward 8,2023-09-26
2023-09-26,38.928418,-77.088262,Ward 3,2023-09-26
2023-09-26,38.913021,-77.020669,Ward 6,2023-09-26
2023-09-26,38.928380,-77.082911,Ward 3,2023-09-26
2023-09-26,38.888132,-76.923282,Ward 7,2023-09-27
2023-09-26,38.931837,-77.074785,Ward 3,2023-09-27
2023-09-26,38.890832,-76.955242,Ward 7,2023-09-26
2023-09-26,38.861440,-76.989579,Ward 8,2023-09-26
2023-09-26,38.861440,-76.989579,Ward 8,2023-09-27
2023-09-26,38.869381,-76.951355,Ward 7,2023-09-29
2023-09-26,38.908873,-76.986134,Ward 5,2023-09-27
2023-09-26,38.917305,-77.068686,Ward 3,2023-09-27
2023-09-26,38.945877,-76.998636,Ward 5,2023-09-26
2023-09-26,38.893374,-76.959629,Ward 7,2023-09-26
2023-09-26,38.890791,-76.988612,Ward 6,2023-09-27
2023-09-26,38.865272,-76.948630,Ward 7,2023-09-26
2023-09-26,38.865272,-76.948630,Ward 7,2023-09-27
2023-09-26,38.924471,-77.070676,Ward 3,2023-09-27
2023-09-26,38.899246,-76.993813,Ward 6,2023-09-27
2023-09-26,38.891575,-76.954541,Ward 7,2023-09-27
2023-09-26,38.945536,-77.088635,Ward 3,2023-09-27
2023-09-26,38.906184,-76.940703,Ward 7,2023-09-28
2023-09-26,38.911501,-77.048790,Ward 2,2023-09-27
2023-09-26,38.892483,-76.948102,Ward 7,2023-09-27
2023-09-26,38.893319,-76.952837,Ward 7,2023-09-27
2023-09-26,38.957580,-77.065412,Ward 3,2023-09-27
2023-09-26,38.967832,-77.054410,Ward 4,2023-09-27
2023-09-26,38.912134,-77.048345,Ward 2,2023-09-27
2023-09-26,38.906003,-76.986812,Ward 5,2023-09-27
2023-09-26,38.929718,-76.984413,Ward 5,2023-09-27
2023-09-26,38.929718,-76.984413,Ward 5,2023-09-27
2023-09-27,38.920314,-77.034630,Ward 1,2023-09-27
2023-09-27,38.907244,-76.980567,Ward 5,2023-09-27
2023-09-27,38.911501,-77.048790,Ward 2,2023-09-27
2023-09-27,38.954125,-77.035040,Ward 4,2023-09-29
2023-09-27,38.964827,-77.036384,Ward 4,2023-09-27
2023-09-27,38.941641,-76.988555,Ward 5,2023-09-27
2023-09-27,38.873728,-77.017821,Ward 6,2023-09-27
2023-09-27,38.904151,-76.934785,Ward 7,2023-09-28
2023-09-27,38.885045,-76.990525,Ward 6,2023-09-27
2023-09-27,38.955888,-77.074860,Ward 3,2023-09-27
2023-09-27,38.912054,-77.089744,Ward 3,2023-09-28
2023-09-27,38.907424,-77.010579,Ward 5,2023-09-27
2023-09-27,38.898973,-76.920725,Ward 7,2023-09-27
2023-09-27,38.966492,-77.075321,Ward 3,2023-09-27
2023-09-27,38.957201,-77.074335,Ward 3,2023-09-27
2023-09-27,38.893286,-76.988566,Ward 6,2023-09-28
2023-09-27,38.898614,-76.931662,Ward 7,2023-09-27
2023-09-27,38.899080,-76.931670,Ward 7,2023-09-27
2023-09-27,38.932153,-77.096005,Ward 3,2023-09-27
2023-09-27,38.907244,-76.980567,Ward 5,2023-09-28
2023-09-27,38.973899,-77.024811,Ward 4,2023-09-27
2023-09-27,38.887991,-76.985021,Ward 6,2023-09-28
2023-09-27,38.939116,-77.094603,Ward 3,2023-09-28
2023-09-27,38.888677,-76.996176,Ward 6,2023-09-28
2023-09-27,38.894025,-76.937168,Ward 7,2023-09-27
2023-09-27,38.887658,-76.922601,Ward 7,2023-09-28
2023-09-27,38.895003,-77.031353,Ward 2,2023-09-28
2023-09-27,38.905470,-76.988565,Ward 5,2023-09-28
2023-09-27,38.881459,-76.981391,Ward 6,2023-09-28
2023-09-28,38.903738,-77.031950,Ward 2,2023-09-28
2023-09-28,38.905424,-77.029401,Ward 2,2023-09-28
2023-09-28,38.908575,-77.029625,Ward 2,2023-09-28
2023-09-28,38.911865,-77.029622,Ward 2,2023-09-28
2023-09-28,38.958575,-77.067847,Ward 3,2023-09-28
2023-09-28,38.929041,-77.023229,Ward 1,2023-09-28
2023-09-28,38.886463,-76.979453,Ward 6,2023-09-29
2023-09-28,38.908697,-77.036527,Ward 2,2023-09-28
2023-09-28,38.886199,-76.988500,Ward 6,2023-09-28
2023-09-28,38.958575,-77.067847,Ward 3,2023-09-28
2023-09-28,38.914267,-77.035356,Ward 2,2023-09-29
2023-09-28,38.950530,-77.087681,Ward 3,2023-09-29
2023-09-28,38.973899,-77.024811,Ward 4,2023-09-28
2023-09-28,38.918294,-77.071935,Ward 3,2023-09-29
2023-09-28,38.846356,-76.984064,Ward 8,2023-09-29
2023-09-28,38.888484,-76.981487,Ward 7,2023-09-29
2023-09-28,38.932575,-77.111546,Ward 3,2023-09-29
2023-09-28,38.915809,-77.040633,Ward 2,2023-09-29
2023-09-28,38.943017,-76.987510,Ward 5,2023-09-29
2023-09-28,38.957574,-77.066822,Ward 3,2023-09-29
2023-09-28,38.953009,-77.079795,Ward 3,2023-09-29
2023-09-29,38.831774,-77.009425,Ward 8,2023-09-29
2023-09-29,38.961039,-77.001250,Ward 4,2023-10-02
2023-09-29,38.897335,-77.000571,Ward 6,2023-10-02
2023-09-29,38.902931,-77.049330,Ward 2,2023-10-02
2023-09-29,38.937225,-77.034078,Ward 1,2023-10-02
2023-09-29,38.888498,-76.981334,Ward 6,2023-10-02
2023-09-29,38.884255,-76.988571,Ward 6,2023-10-02
2023-09-29,38.971713,-77.034462,Ward 4,2023-10-01
2023-09-29,38.948682,-77.062046,Ward 3,2023-10-02
2023-09-29,38.881459,-76.981391,Ward 6,2023-10-02
2023-09-29,38.908013,-77.048542,Ward 2,2023-10-02
2023-09-29,38.937087,-77.096351,Ward 3,2023-10-02
2023-09-29,38.945912,-77.094341,Ward 3,2023-10-02
2023-09-29,38.868029,-76.977610,Ward 8,2023-09-30
2023-09-30,38.876434,-76.940723,Ward 7,2023-10-02
2023-09-30,38.904647,-76.943405,Ward 7,2023-09-30
2023-09-30,38.886487,-76.982875,Ward 6,2023-09-30
2023-09-30,38.887779,-76.983367,Ward 6,2023-09-30
2023-09-30,38.906398,-77.066241,Ward 2,2023-10-02
2023-09-30,38.886487,-76.982875,Ward 6,2023-09-30
2023-10-01,38.934901,-76.992568,Ward 5,2023-10-02
2023-10-01,38.927337,-76.991691,Ward 5,2023-10-02
2023-10-01,38.976020,-77.027561,Ward 4,2023-10-01
2023-10-01,38.976093,-77.028164,Ward 4,2023-10-01
2023-10-01,38.960687,-77.003441,Ward 4,2023-10-01
2023-10-01,38.952519,-77.023618,Ward 4,2023-10-02
2023-10-01,38.951123,-76.995242,Ward 5,2023-10-02
2023-10-01,38.955955,-77.080301,Ward 3,2023-10-02
2023-10-02,38.925946,-77.075129,Ward 3,2023-10-03
2023-10-02,38.951241,-77.023575,Ward 4,2023-10-02
2023-10-02,38.892206,-76.990760,Ward 6,2023-10-02
2023-10-02,38.933024,-77.019112,Ward 1,2023-10-03
2023-10-02,38.910315,-77.031110,Ward 2,2023-10-02
2023-10-02,38.923764,-77.045115,Ward 1,2023-10-02
2023-10-02,38.883773,-76.958503,Ward 7,2023-10-03
2023-10-02,38.855353,-76.968309,Ward 8,2023-10-03
2023-10-02,38.868413,-76.975408,Ward 8,2023-10-24
2023-10-02,38.938367,-77.093279,Ward 3,2023-10-03
2023-10-02,38.903116,-76.988756,Ward 5,2023-10-03
2023-10-02,38.892235,-76.957763,Ward 7,2023-10-03
2023-10-02,38.903116,-76.988756,Ward 5,2023-10-03
2023-10-02,38.922549,-76.962924,Ward 5,2023-10-03
2023-10-03,38.914990,-77.025082,Ward 1,2023-10-03
2023-10-03,38.887404,-76.981581,Ward 6,2023-10-03
2023-10-03,38.906021,-76.943131,Ward 7,2023-10-03
2023-10-03,38.923599,-77.000838,Ward 5,2023-10-03
2023-10-03,38.846677,-77.001145,Ward 8,2023-10-03
2023-10-03,38.910909,-77.010156,Ward 5,2023-10-04
2023-10-03,38.944073,-76.987489,Ward 5,2023-10-03
2023-10-03,38.941340,-77.034771,Ward 4,2023-10-03
2023-10-03,38.883751,-76.982004,Ward 6,2023-10-04
2023-10-03,38.880234,-76.959926,Ward 7,2023-10-04
2023-10-03,38.929914,-77.031167,Ward 1,2023-10-03
2023-10-03,38.907235,-77.015441,Null,2023-10-04
2023-10-03,38.825349,-76.997798,Ward 8,2023-10-05
2023-10-03,38.911121,-77.012163,Ward 5,2023-10-03
2023-10-03,38.883773,-76.996179,Ward 6,2023-10-04
2023-10-03,38.870721,-76.957432,Ward 7,2023-10-04
2023-10-03,38.870721,-76.957432,Ward 7,2023-10-04
2023-10-03,38.929421,-77.030784,Ward 1,2023-10-04
2023-10-03,38.894025,-76.937168,Ward 7,2023-10-04
2023-10-03,38.847646,-76.967818,Ward 8,2023-10-04
2023-10-03,38.912825,-77.044599,Ward 2,2023-10-04
2023-10-03,38.904496,-77.065860,Ward 2,2023-10-04
2023-10-04,38.924007,-77.030389,Ward 1,2023-10-04
2023-10-04,38.944554,-76.986409,Ward 5,2023-10-24
2023-10-04,38.829447,-77.006757,Ward 8,2023-10-04
2023-10-04,38.859212,-76.965249,Ward 7,2023-10-04
2023-10-04,38.829197,-77.006779,Ward 8,2023-10-04
2023-10-04,38.887292,-76.920100,Ward 7,2023-10-04
2023-10-04,38.945348,-77.084485,Ward 3,2023-10-04
2023-10-04,38.905513,-76.984378,Ward 5,2023-10-06
2023-10-04,38.877138,-76.966138,Ward 7,2023-10-04
2023-10-04,38.827504,-77.006955,Ward 8,2023-10-04
2023-10-04,38.830005,-77.006849,Ward 8,2023-10-04
2023-10-04,38.905423,-77.065902,Ward 2,2023-10-04
2023-10-04,38.884132,-77.006561,Ward 6,2023-10-04
2023-10-04,38.914427,-77.015144,Ward 5,2023-10-05
2023-10-04,38.960792,-77.073565,Ward 3,2023-10-05
2023-10-04,38.955760,-77.069867,Ward 3,2023-10-04
2023-10-04,38.908331,-77.084197,Ward 3,2023-10-05
2023-10-04,38.952131,-77.085071,Ward 3,2023-10-05
2023-10-04,38.953716,-76.994853,Ward 5,2023-10-05
2023-10-04,38.977786,-77.059631,Ward 4,2023-10-04
2023-10-04,38.924756,-77.032242,Ward 1,2023-10-05
2023-10-04,38.977766,-77.057319,Ward 4,2023-10-04
2023-10-04,38.941233,-77.034885,Ward 4,2023-10-05
2023-10-04,38.865114,-76.984902,Ward 8,2023-10-05
2023-10-04,38.977784,-77.058885,Ward 4,2023-10-05
2023-10-05,38.978174,-77.030335,Ward 4,2023-10-05
2023-10-05,38.875645,-77.014493,Ward 6,2023-10-05
2023-10-05,38.874853,-77.014757,Ward 6,2023-10-05
2023-10-05,38.874853,-77.014757,Ward 6,2023-10-06
2023-10-05,38.873761,-77.012821,Ward 6,2023-10-05
2023-10-05,38.888387,-76.980527,Ward 6,2023-10-05
2023-10-05,38.875670,-77.017221,Ward 6,2023-10-05
2023-10-05,38.921818,-77.033983,Ward 1,2023-10-05
2023-10-05,38.922765,-77.041702,Ward 1,2023-10-05
2023-10-05,38.915185,-77.097308,Ward 3,2023-10-05
2023-10-05,38.905010,-77.063160,Ward 2,2023-10-06
2023-10-05,38.886222,-76.957705,Ward 7,2023-10-05
2023-10-05,38.933024,-77.019112,Ward 1,2023-10-06
2023-10-05,38.882385,-76.985248,Ward 6,2023-10-05
2023-10-05,38.963926,-77.016409,Ward 4,2023-10-06
2023-10-05,38.922983,-77.043347,Ward 1,2023-10-06
2023-10-05,38.899857,-77.008524,Ward 6,2023-10-05
2023-10-05,38.912467,-77.034818,Ward 2,2023-10-06
2023-10-05,38.887709,-76.932507,Ward 7,2023-10-06
2023-10-05,38.899857,-77.008524,Ward 6,2023-10-06
2023-10-05,38.887416,-76.932205,Ward 7,2023-10-06
2023-10-05,38.885726,-76.921539,Ward 7,2023-10-06
2023-10-05,38.847781,-77.001302,Ward 8,2023-10-06
2023-10-05,38.907050,-77.016352,Ward 6,2023-10-06
2023-10-05,38.873171,-76.974252,Ward 8,2023-10-06
2023-10-06,38.949688,-77.081612,Ward 3,2023-10-06
2023-10-06,38.905185,-76.981897,Ward 5,2023-10-06
2023-10-06,38.928526,-77.034409,Ward 1,2023-10-06
2023-10-06,38.928807,-77.032641,Ward 1,2023-10-06
2023-10-06,38.927368,-77.029483,Ward 1,2023-10-06
2023-10-06,38.918114,-77.029620,Ward 1,2023-10-06
2023-10-06,38.917472,-77.031614,Ward 1,2023-10-06
2023-10-06,38.914094,-77.031951,Null,2023-10-06
2023-10-06,38.934774,-77.042047,Ward 1,2023-10-10
2023-10-06,38.929439,-77.108301,Ward 3,2023-10-06
2023-10-06,38.951707,-77.067243,Ward 3,2023-10-06
2023-10-06,38.844289,-76.973586,Ward 8,2023-10-06
2023-10-06,38.965714,-77.005881,Ward 4,2023-10-06
2023-10-06,38.879037,-76.934393,Ward 7,2023-10-06
2023-10-06,38.893562,-76.957505,Ward 7,2023-10-09
2023-10-06,38.914675,-77.091233,Ward 3,2023-10-06
2023-10-06,38.932153,-77.034799,Ward 1,2023-10-10
2023-10-06,38.915352,-77.038848,Ward 2,2023-10-11
2023-10-06,38.913918,-77.025156,Ward 6,2023-10-11
2023-10-06,38.966289,-77.024003,Ward 4,2023-10-10
2023-10-06,38.911333,-77.049144,Ward 2,2023-10-07
2023-10-07,38.870749,-77.010652,Ward 6,2023-10-12
2023-10-07,38.907881,-77.068705,Ward 2,2023-10-07
2023-10-07,38.877712,-76.987459,Ward 6,2023-10-10
2023-10-07,38.882889,-76.994196,Ward 6,2023-10-10
2023-10-07,38.930500,-77.105809,Ward 3,2023-10-10
2023-10-07,38.897849,-76.980274,Ward 6,2023-10-08
2023-10-07,38.936825,-77.059243,Ward 3,2023-10-10
2023-10-08,38.912661,-77.060806,Ward 2,2023-10-10
2023-10-08,38.960810,-77.064323,Ward 4,2023-10-10
2023-10-08,38.911697,-77.031217,Ward 2,2023-10-11
2023-10-09,38.886199,-76.988500,Ward 6,2023-10-10
2023-10-09,38.886650,-76.988559,Ward 6,2023-10-10
2023-10-09,38.912446,-77.058447,Ward 2,2023-10-10
2023-10-09,38.896704,-76.974652,Ward 7,2023-10-10
2023-10-09,38.943366,-77.085306,Ward 3,2023-10-10
2023-10-09,38.961077,-77.000798,Ward 4,2023-10-10
2023-10-09,38.965120,-77.020400,Ward 4,2023-10-10
2023-10-09,38.912071,-77.090004,Ward 3,2023-10-10
2023-10-09,38.959881,-77.066786,Ward 3,2023-10-10
2023-10-09,38.953516,-77.085184,Ward 3,2023-10-10
2023-10-09,38.966608,-77.009627,Ward 4,2023-10-12
2023-10-09,38.899204,-76.990495,Ward 6,2023-10-10
2023-10-09,38.952647,-77.016167,Ward 4,2023-10-10
2023-10-10,38.930155,-76.976223,Ward 5,2023-10-10
2023-10-10,38.962251,-77.081738,Ward 3,2023-10-10
2023-10-10,38.903452,-76.983033,Ward 5,2023-10-24
2023-10-10,38.940504,-77.091943,Ward 3,2023-10-10
2023-10-10,38.904856,-76.944657,Ward 7,2023-10-10
2023-10-10,38.864864,-76.989780,Ward 8,2023-10-24
2023-10-10,38.913031,-77.001744,Ward 5,2023-10-11
2023-10-10,38.935928,-77.057522,Ward 3,2023-10-10
2023-10-10,38.926515,-77.061546,Ward 3,2023-10-10
2023-10-10,38.890847,-76.954008,Ward 7,2023-10-10
2023-10-10,38.870516,-76.976218,Ward 8,2023-10-11
2023-10-10,38.900435,-77.018298,Ward 6,2023-10-10
2023-10-10,38.920700,-77.091937,Ward 3,2023-10-11
2023-10-10,38.884415,-76.920788,Ward 7,2023-10-11
2023-10-10,38.918290,-77.001850,Ward 5,2023-10-11
2023-10-10,38.846331,-76.983163,Ward 8,2023-10-11
2023-10-10,38.909832,-77.039958,Ward 2,2023-10-11
2023-10-10,38.894549,-76.922401,Ward 7,2023-10-11
2023-10-11,38.953016,-77.092859,Ward 3,2023-10-11
2023-10-11,38.892154,-76.991790,Ward 6,2023-10-11
2023-10-11,38.918457,-77.039923,Ward 1,2023-10-11
2023-10-11,38.914456,-77.012153,Ward 5,2023-10-11
2023-10-11,38.901377,-76.922643,Ward 7,2023-10-11
2023-10-11,38.967032,-77.030424,Ward 4,2023-10-12
2023-10-11,38.973560,-77.053096,Ward 4,2023-10-11
2023-10-11,38.917520,-77.072674,Ward 3,2023-10-12
2023-10-11,38.948808,-77.027906,Ward 4,2023-10-11
2023-10-11,38.928880,-77.101616,Ward 3,2023-10-12
2023-10-11,38.928880,-77.101616,Ward 3,2023-10-12
2023-10-11,38.942127,-76.990496,Ward 5,2023-10-13
2023-10-11,38.976907,-77.026256,Ward 4,2023-10-12
2023-10-11,38.908343,-76.938641,Ward 7,2023-10-12
2023-10-12,38.951868,-77.027429,Ward 4,2023-10-12
2023-10-12,38.894948,-76.927096,Ward 7,2023-10-12
2023-10-12,38.952204,-77.015891,Ward 4,2023-10-12
2023-10-12,38.878391,-76.935329,Ward 7,2023-10-12
2023-10-12,38.950726,-77.067325,Ward 3,2023-10-12
2023-10-12,38.865548,-76.949782,Ward 7,2023-10-12
2023-10-12,38.916453,-77.012806,Ward 5,2023-10-13
2023-10-12,38.941216,-77.018450,Ward 4,2023-10-13
2023-10-12,38.859212,-76.965249,Ward 7,2023-10-12
2023-10-12,38.893435,-76.935146,Ward 7,2023-10-12
2023-10-12,38.875812,-76.933545,Ward 7,2023-10-12
2023-10-12,38.957310,-77.008404,Ward 4,2023-10-12
2023-10-12,38.915711,-77.027883,Ward 1,2023-10-13
2023-10-12,38.846363,-76.970979,Ward 8,2023-10-12
2023-10-12,38.956872,-77.085815,Ward 3,2023-10-13
2023-10-12,38.920292,-77.028987,Ward 1,2023-10-13
2023-10-12,38.954400,-77.009846,Ward 4,2023-10-13
2023-10-12,38.879479,-76.982001,Ward 6,2023-10-13
2023-10-12,38.921304,-76.988134,Ward 5,2023-10-13
2023-10-12,38.936453,-77.101655,Ward 3,2023-10-13
2023-10-12,38.957351,-77.019715,Ward 4,2023-10-13
2023-10-13,38.952931,-77.020316,Ward 4,2023-10-13
2023-10-13,38.912791,-77.016344,Ward 5,2023-10-13
2023-10-13,38.953791,-77.071333,Ward 3,2023-10-13
2023-10-13,38.957727,-76.998238,Ward 4,2023-10-19
2023-10-13,38.907801,-77.058613,Ward 2,2023-10-16
2023-10-13,38.882936,-77.014429,Ward 6,2023-10-13
2023-10-13,38.844174,-76.999723,Ward 8,2023-10-13
2023-10-13,38.947244,-77.008342,Ward 5,2023-10-13
2023-10-13,38.952702,-77.027903,Ward 4,2023-10-16
2023-10-13,38.920456,-77.045688,Ward 1,2023-10-13
2023-10-13,38.920292,-77.028987,Ward 1,2023-10-13
2023-10-13,38.834360,-77.006866,Ward 8,2023-10-13
2023-10-13,38.918017,-77.015480,Ward 1,2023-10-13
2023-10-13,38.881089,-77.020644,Ward 6,2023-10-17
2023-10-13,38.880279,-77.017124,Ward 6,2023-10-17
2023-10-13,38.881084,-77.020321,Ward 6,2023-10-17
2023-10-13,38.947633,-77.007195,Ward 5,2023-10-16
2023-10-13,38.963600,-77.070358,Ward 3,2023-10-19
2023-10-13,38.935072,-76.983473,Ward 5,2023-10-16
2023-10-13,38.961970,-77.035395,Ward 4,2023-10-16
2023-10-13,38.960370,-77.001764,Ward 4,2023-10-16
2023-10-14,38.914344,-77.042275,Ward 2,2023-10-14
2023-10-14,38.877089,-76.935116,Ward 7,2023-10-14
2023-10-15,38.920903,-77.047114,Ward 1,2023-10-16
2023-10-15,38.953031,-77.011552,Ward 4,2023-10-16
2023-10-15,38.942902,-77.001434,Ward 5,2023-10-16
2023-10-16,38.915811,-77.028581,Ward 1,2023-10-16
2023-10-16,38.891843,-76.990642,Ward 6,2023-10-17
2023-10-16,38.830082,-76.996177,Ward 8,2023-10-16
2023-10-16,38.924977,-77.026070,Ward 1,2023-10-16
2023-10-16,38.882522,-76.997557,Ward 6,2023-10-17
2023-10-16,38.929640,-76.985863,Ward 5,2023-10-16
2023-10-16,38.948682,-77.062046,Ward 3,2023-10-17
2023-10-16,38.910315,-77.031110,Ward 2,2023-10-17
2023-10-16,38.932112,-76.983496,Ward 5,2023-10-16
2023-10-16,38.879479,-76.982001,Ward 6,2023-10-17
2023-10-16,38.894587,-76.958984,Ward 7,2023-10-17
2023-10-16,38.881084,-77.019476,Ward 6,2023-10-17
2023-10-16,38.901088,-76.996371,Ward 6,2023-10-17
2023-10-16,38.974108,-77.066079,Ward 4,2023-10-17
2023-10-16,38.920434,-77.013176,Ward 5,2023-10-17
2023-10-16,38.876687,-77.006922,Ward 6,2023-10-17
2023-10-16,38.956842,-76.999895,Ward 4,2023-10-17
2023-10-17,38.952702,-77.027903,Ward 4,2023-10-17
2023-10-17,38.887426,-76.922040,Ward 7,2023-10-17
2023-10-17,38.927829,-77.103879,Ward 3,2023-10-17
2023-10-17,38.940929,-77.098680,Ward 3,2023-10-17
2023-10-17,38.829426,-76.997592,Ward 8,2023-10-17
2023-10-17,38.882326,-77.000794,Ward 6,2023-10-18
2023-10-17,38.942611,-77.078997,Ward 3,2023-10-17
2023-10-17,38.933888,-76.968923,Ward 5,2023-10-17
2023-10-17,38.870162,-76.977362,Ward 8,2023-10-18
2023-10-17,38.886828,-77.003291,Ward 6,2023-10-18
2023-10-17,38.948128,-77.056104,Ward 3,2023-10-18
2023-10-17,38.872564,-76.973897,Ward 8,2023-10-18
2023-10-17,38.963608,-77.021483,Ward 4,2023-10-17
2023-10-17,38.963576,-77.019362,Ward 4,2023-10-18
2023-10-17,38.873827,-76.971419,Ward 7,2023-10-18
2023-10-17,38.906917,-77.068159,Ward 2,2023-10-18
2023-10-17,38.910723,-77.067872,Ward 2,2023-10-18
2023-10-17,38.903738,-77.031950,Ward 2,2023-10-18
2023-10-18,38.897999,-76.986329,Ward 6,2023-10-18
2023-10-18,38.886312,-76.923899,Ward 7,2023-10-19
2023-10-18,38.954949,-77.082443,Ward 3,2023-10-18
2023-10-18,38.985801,-77.044117,Ward 4,2023-10-19
2023-10-18,38.977099,-77.024207,Ward 4,2023-10-18
2023-10-18,38.856935,-76.967265,Null,2023-10-19
2023-10-18,38.887134,-76.932402,Ward 7,2023-10-18
2023-10-18,38.894473,-76.978781,Ward 6,2023-10-18
2023-10-18,38.983927,-77.034353,Ward 4,2023-10-18
2023-10-18,38.904867,-76.996423,Ward 6,2023-10-19
2023-10-18,38.918993,-77.100523,Ward 3,2023-10-19
2023-10-18,38.896567,-76.983415,Ward 6,2023-10-19
2023-10-18,38.846817,-76.973580,Ward 8,2023-10-19
2023-10-18,38.910787,-77.061815,Ward 2,2023-10-19
2023-10-19,38.933228,-77.070119,Ward 3,2023-10-19
2023-10-19,38.934418,-77.068425,Ward 3,2023-10-19
2023-10-19,38.931949,-77.046162,Ward 1,2023-10-19
2023-10-19,38.933451,-77.046797,Ward 1,2023-10-19
2023-10-19,38.913755,-77.040005,Ward 2,2023-10-19
2023-10-19,38.912605,-77.044873,Ward 2,2023-10-19
2023-10-19,38.918319,-77.038470,Ward 1,2023-10-19
2023-10-19,38.899135,-77.028412,Ward 2,2023-10-19
2023-10-19,38.947294,-77.085654,Ward 3,2023-10-19
2023-10-19,38.909431,-77.026215,Ward 2,2023-10-19
2023-10-19,38.928318,-77.074939,Ward 3,2023-10-19
2023-10-19,38.857314,-76.957583,Ward 7,2023-10-19
2023-10-19,38.941788,-77.088283,Ward 3,2023-10-19
2023-10-19,38.929142,-77.027370,Ward 1,2023-10-19
2023-10-19,38.920869,-77.078442,Ward 3,2023-10-19
2023-10-19,38.857314,-76.957583,Ward 7,2023-10-19
2023-10-19,38.857314,-76.957583,Ward 7,2023-10-19
2023-10-19,38.908146,-77.057921,Ward 2,2023-10-20
2023-10-19,38.906184,-76.940703,Ward 7,2023-10-20
2023-10-19,38.965128,-77.017771,Ward 4,2023-10-20
2023-10-19,38.911645,-77.027319,Ward 2,2023-10-20
2023-10-19,38.911121,-77.027038,Ward 2,2023-10-20
2023-10-20,38.907845,-77.069680,Ward 2,2023-10-20
2023-10-20,38.947276,-77.084631,Ward 3,2023-10-20
2023-10-20,38.909310,-77.066316,Ward 2,2023-10-20
2023-10-20,38.859790,-76.973098,Ward 8,2023-10-20
2023-10-20,38.946458,-76.994230,Ward 5,2023-10-23
2023-10-20,38.883410,-76.998974,Ward 6,2023-10-23
2023-10-20,38.879286,-77.009058,Ward 6,2023-10-23
2023-10-20,38.975360,-77.065622,Ward 4,2023-10-23
2023-10-20,38.929733,-77.022996,Ward 1,2023-10-23
2023-10-21,38.914678,-77.002524,Ward 5,2023-10-23
2023-10-21,38.862201,-76.962124,Ward 7,2023-10-23
2023-10-21,38.908801,-77.025243,Ward 2,2023-10-24
2023-10-21,38.932161,-77.087167,Ward 3,2023-10-23
2023-10-21,38.942886,-77.100422,Ward 3,2023-10-23
2023-10-21,38.916410,-77.055086,Ward 2,2023-10-24
2023-10-22,38.905219,-77.059168,Ward 2,2023-10-24
2023-10-22,38.912928,-77.062436,Ward 2,2023-10-24
2023-10-22,38.905405,-77.056558,Ward 2,2023-10-24
2023-10-22,38.916197,-77.042431,Ward 2,2023-10-25
2023-10-22,38.977129,-77.060815,Ward 4,2023-10-23
2023-10-22,38.904508,-77.059317,Ward 2,2023-10-24
2023-10-23,38.897322,-76.974035,Ward 7,2023-10-23
2023-10-23,38.911703,-77.030520,Ward 2,2023-10-25
2023-10-23,38.934949,-77.034556,Ward 1,2023-10-23
2023-10-23,38.925016,-77.099112,Ward 3,2023-10-23
2023-10-23,38.896955,-76.980267,Ward 6,2023-10-24
2023-10-23,38.974862,-77.053490,Ward 4,2023-10-23
2023-10-23,38.974371,-77.053575,Ward 4,2023-10-23
2023-10-23,38.948571,-77.093386,Ward 3,2023-10-23
2023-10-23,38.907129,-76.935637,Ward 7,2023-10-23
2023-10-23,38.892190,-76.959441,Ward 7,2023-10-24
2023-10-23,38.905475,-77.000401,Ward 6,2023-10-24
2023-10-23,38.903564,-77.001014,Ward 6,2023-10-24
2023-10-23,38.902260,-77.002295,Ward 6,2023-10-24
2023-10-23,38.905503,-77.010621,Ward 6,2023-10-24
2023-10-23,38.967850,-77.008818,Ward 4,2023-10-23
2023-10-23,38.920161,-76.984606,Ward 5,2023-10-24
2023-10-23,38.955984,-77.028201,Ward 4,2023-10-24
2023-10-23,38.950833,-77.081073,Ward 3,2023-10-24
2023-10-23,38.960301,-77.025950,Ward 4,2023-10-24
2023-10-23,38.962701,-77.024022,Ward 4,2023-10-24
2023-10-23,38.898581,-76.918183,Ward 7,2023-10-24
2023-10-23,38.962873,-77.021422,Ward 4,2023-10-24
2023-10-23,38.962701,-77.018033,Ward 4,2023-10-24
2023-10-23,38.962910,-77.015089,Ward 4,2023-10-24
2023-10-23,38.887124,-76.983653,Ward 6,2023-10-24
2023-10-23,38.942478,-77.088055,Ward 3,2023-10-24
2023-10-24,38.944195,-77.012209,Ward 4,2023-10-24
2023-10-24,38.876783,-77.012909,Ward 6,2023-10-25
2023-10-24,38.957609,-76.997410,Ward 4,2023-10-24
2023-10-24,38.883245,-76.958065,Ward 7,2023-10-24
2023-10-24,38.925814,-77.037317,Ward 1,2023-10-25
2023-10-24,38.951246,-77.082516,Ward 3,2023-10-26
2023-10-24,38.942585,-77.076195,Ward 3,2023-10-26
2023-10-24,38.871386,-76.953378,Ward 7,2023-10-25
2023-10-24,38.927668,-77.033857,Ward 1,2023-10-25
2023-10-24,38.928807,-77.032641,Ward 1,2023-10-25
2023-10-24,38.866948,-76.977131,Ward 8,2023-10-25
2023-10-24,38.929421,-77.030784,Ward 1,2023-10-25
2023-10-24,38.930931,-77.028931,Ward 1,2023-10-25
2023-10-24,38.931271,-77.024132,Ward 1,2023-10-25
2023-10-24,38.926498,-76.986683,Ward 5,2023-10-25
2023-10-24,38.905324,-77.071334,Ward 2,2023-10-25
2023-10-24,38.937957,-77.070637,Ward 3,2023-10-26
2023-10-25,38.893407,-77.021188,Ward 2,2023-10-25
2023-10-25,38.919715,-77.074723,Ward 3,2023-10-26
2023-10-25,38.912979,-77.091025,Ward 3,2023-10-25
2023-10-25,38.931676,-77.035850,Ward 1,2023-10-25
2023-10-25,38.876227,-77.010087,Ward 6,2023-10-25
2023-10-25,38.874933,-77.009438,Ward 6,2023-10-25
2023-10-25,38.872171,-77.009732,Ward 6,2023-10-25
2023-10-25,38.872822,-77.010439,Ward 6,2023-10-25
2023-10-25,38.870575,-77.013470,Ward 6,2023-10-25
2023-10-25,38.913532,-77.030612,Ward 2,2023-10-30
2023-10-25,38.868853,-77.011000,Ward 6,2023-10-25
2023-10-25,38.883537,-76.978998,Ward 7,2023-10-26
2023-10-25,38.864494,-77.011821,Ward 6,2023-10-25
2023-10-25,38.866956,-77.012936,Ward 6,2023-10-25
2023-10-25,38.883286,-77.028512,Ward 6,2023-10-26
2023-10-25,38.980062,-77.023230,Ward 4,2023-10-26
2023-10-25,38.913229,-77.063346,Ward 2,2023-10-27
2023-10-25,38.868470,-77.013374,Ward 6,2023-10-26
2023-10-25,38.931676,-77.035850,Ward 1,2023-10-26
2023-10-25,38.870927,-77.013450,Ward 6,2023-10-26
2023-10-25,38.873339,-77.013014,Ward 6,2023-10-26
2023-10-25,38.867025,-76.981997,Ward 8,2023-10-26
2023-10-25,38.918993,-77.100523,Ward 3,2023-10-26
2023-10-26,38.903740,-77.052374,Ward 2,2023-10-26
2023-10-26,38.976345,-77.061781,Ward 4,2023-10-30
2023-10-26,38.912044,-77.089963,Ward 3,2023-10-27
2023-10-26,38.934398,-77.104281,Ward 3,2023-10-27
2023-10-26,38.883999,-77.021772,Ward 6,2023-10-26
2023-10-26,38.913049,-77.019121,Ward 6,2023-10-27
2023-10-26,38.943991,-76.988035,Ward 5,2023-10-27
2023-10-26,38.846057,-76.970579,Ward 8,2023-10-27
2023-10-26,38.948569,-77.094089,Ward 3,2023-10-27
2023-10-26,38.898095,-76.917126,Ward 7,2023-10-27
2023-10-26,38.882452,-77.004322,Ward 6,2023-10-27
2023-10-26,38.893333,-76.959646,Ward 7,2023-10-30
2023-10-26,38.975650,-77.062694,Ward 4,2023-10-27
2023-10-27,38.827648,-76.998213,Ward 8,2023-10-27
2023-10-27,38.875812,-76.933545,Ward 7,2023-10-27
2023-10-27,38.886221,-76.989645,Ward 6,2023-10-30
2023-10-27,38.879937,-76.988077,Ward 6,2023-10-30
2023-10-27,38.959970,-77.010791,Ward 4,2023-10-30
2023-10-27,38.900883,-76.919937,Ward 7,2023-10-28
2023-10-27,38.916632,-77.016571,Ward 1,2023-10-30
2023-10-28,38.955452,-77.024178,Ward 4,2023-10-29
2023-10-29,38.959972,-77.021877,Ward 4,2023-10-30
2023-10-30,38.910387,-77.031954,Ward 2,2023-10-30
2023-10-30,38.886259,-77.000874,Ward 6,2023-10-30
2023-10-30,38.943991,-76.988035,Ward 5,2023-10-30
2023-10-30,38.894983,-76.993543,Ward 6,2023-11-01
2023-10-30,38.951246,-77.082516,Ward 3,2023-10-31
2023-10-30,38.884381,-76.956959,Ward 7,2023-10-31
2023-10-30,38.905933,-77.057728,Ward 2,2023-10-31
2023-10-30,38.966256,-77.058907,Ward 4,2023-10-31
2023-10-30,38.967567,-77.033418,Ward 4,2023-10-31
2023-10-31,38.974142,-77.020175,Ward 4,2023-10-31
2023-10-31,38.899388,-76.930881,Ward 7,2023-10-31
2023-10-31,38.906930,-77.067984,Ward 2,2023-10-31
2023-10-31,38.910723,-77.067872,Ward 2,2023-11-01
2023-10-31,38.964491,-77.002109,Ward 4,2023-11-01
2023-10-31,38.929290,-77.021423,Ward 1,2023-11-01
2023-11-01,38.961512,-77.020090,Ward 4,2023-11-01
2023-11-01,38.961365,-77.024723,Ward 4,2023-11-01
2023-11-01,38.942216,-77.076507,Ward 3,2023-11-01
2023-11-01,38.922292,-77.025342,Ward 1,2023-11-01
2023-11-01,38.976661,-77.063057,Ward 4,2023-11-01
2023-11-01,38.951251,-77.069073,Ward 3,2023-11-01
2023-11-01,38.876909,-76.966578,Ward 7,2023-11-02
2023-11-01,38.898885,-76.936291,Ward 7,2023-11-02
2023-11-01,38.865471,-76.984272,Ward 8,2023-11-01
2023-11-01,38.909453,-77.038927,Ward 2,2023-11-02
2023-11-01,38.949376,-77.058568,Ward 3,2023-11-02
2023-11-02,38.910376,-77.052159,Ward 2,2023-11-02
2023-11-02,38.952825,-77.023633,Ward 4,2023-11-02
2023-11-02,38.885623,-76.982450,Ward 6,2023-11-02
2023-11-02,38.884818,-76.921134,Ward 7,2023-11-02
2023-11-02,38.936372,-77.029158,Ward 4,2023-11-02
2023-11-02,38.949692,-77.088632,Ward 3,2023-11-02
2023-11-02,38.906049,-77.024161,Ward 2,2023-11-02
2023-11-02,38.956794,-77.008383,Ward 4,2023-11-02
2023-11-02,38.899613,-76.923125,Ward 7,2023-11-03
2023-11-03,38.883420,-76.981872,Ward 6,2023-11-30
2023-11-03,38.871307,-76.972948,Ward 8,2023-11-06
2023-11-03,38.886040,-77.019906,Ward 6,2023-11-03
2023-11-03,38.943163,-77.088203,Ward 3,2023-11-03
2023-11-03,38.941507,-77.088620,Ward 3,2023-11-03
2023-11-03,38.943322,-76.977473,Ward 5,2023-11-03
2023-11-03,38.910052,-77.009356,Ward 5,2023-11-06
2023-11-03,38.943164,-77.092620,Ward 3,2023-11-06
2023-11-04,38.970381,-77.025417,Ward 4,2023-11-06
2023-11-04,38.895571,-76.995383,Ward 6,2023-11-06
2023-11-05,38.912428,-77.047042,Ward 2,2023-11-06
2023-11-05,38.962890,-77.076620,Ward 3,2023-11-06
2023-11-06,38.879244,-76.987394,Ward 6,2023-11-06
2023-11-06,38.962890,-77.076620,Ward 3,2023-11-06
2023-11-06,38.886800,-76.983969,Ward 6,2023-11-06
2023-11-06,38.956426,-77.030329,Ward 4,2023-11-06
2023-11-06,38.918597,-77.061521,Ward 3,2023-11-06
2023-11-06,38.897661,-76.996391,Ward 6,2023-11-06
2023-11-06,38.941944,-76.992373,Ward 5,2023-11-06
2023-11-06,38.827986,-77.012287,Ward 8,2023-11-07
2023-11-06,38.943348,-77.042518,Ward 4,2023-11-06
2023-11-06,38.924976,-77.061118,Ward 3,2023-11-07
2023-11-07,38.895003,-77.031353,Ward 2,2023-11-09
2023-11-07,38.864978,-76.967918,Ward 7,2023-11-07
2023-11-07,38.964903,-77.077143,Ward 3,2023-11-07
2023-11-07,38.858177,-76.959212,Ward 7,2023-11-07
2023-11-07,38.916082,-77.051303,Ward 2,2023-11-07
2023-11-07,38.933914,-76.964488,Ward 5,2023-11-07
2023-11-07,38.939966,-77.037321,Ward 4,2023-11-07
2023-11-07,38.946978,-77.006339,Ward 5,2023-11-07
2023-11-07,38.893902,-76.955488,Ward 7,2023-11-08
2023-11-07,38.929286,-77.065862,Ward 3,2023-11-08
2023-11-07,38.931197,-76.981824,Ward 5,2023-11-08
2023-11-07,38.947488,-76.998183,Ward 5,2023-11-08
2023-11-07,38.864978,-76.967918,Ward 7,2023-11-07
2023-11-07,38.896944,-76.974579,Ward 7,2023-11-30
2023-11-07,38.865367,-76.968345,Ward 7,2023-11-08
2023-11-07,38.927873,-76.989294,Ward 5,2023-11-08
2023-11-08,38.929001,-77.038352,Ward 1,2023-11-08
2023-11-08,38.902104,-77.015461,Ward 6,2023-11-08
2023-11-08,38.865367,-76.968345,Ward 7,2023-11-08
2023-11-08,38.876685,-76.964744,Ward 7,2023-11-08
2023-11-08,38.925369,-77.042881,Ward 1,2023-11-08
2023-11-08,38.894409,-76.996430,Ward 6,2023-11-09
2023-11-08,38.922314,-77.057677,Ward 3,2023-11-08
2023-11-08,38.913795,-77.016096,Ward 5,2023-11-08
2023-11-08,38.932536,-77.045220,Ward 1,2023-11-08
2023-11-08,38.940535,-76.989543,Ward 5,2023-11-09
2023-11-08,38.948218,-77.082447,Ward 3,2023-11-09
2023-11-09,38.970587,-77.062957,Ward 4,2023-11-09
2023-11-09,38.929142,-77.027370,Ward 1,2023-11-13
2023-11-09,38.867555,-76.978776,Ward 8,2023-11-13
2023-11-09,38.888537,-76.923398,Ward 7,2023-11-13
2023-11-09,38.937147,-76.966261,Ward 5,2023-11-13
2023-11-09,38.900566,-76.924459,Ward 7,2023-11-13
2023-11-09,38.932592,-77.035155,Ward 1,2023-11-13
2023-11-09,38.948030,-76.993497,Ward 5,2023-11-09
2023-11-09,38.963781,-77.072942,Ward 3,2023-11-13
2023-11-09,38.923421,-77.072075,Ward 3,2023-11-13
2023-11-09,38.951728,-76.996826,Ward 5,2023-11-13
2023-11-10,38.956474,-77.075730,Ward 3,2023-11-13
2023-11-10,38.967054,-77.014688,Ward 4,2023-11-13
2023-11-10,38.906989,-76.941701,Ward 7,2023-11-13
2023-11-11,38.955823,-77.071935,Ward 3,2023-11-13
2023-11-11,38.929437,-76.974420,Ward 5,2023-11-13
2023-11-11,38.944361,-77.036805,Ward 4,2023-11-13
2023-11-11,38.975650,-77.062694,Ward 4,2023-11-13
2023-11-12,38.899145,-76.995166,Ward 6,2023-11-13
2023-11-12,38.922409,-77.038763,Ward 1,2023-11-13
2023-11-12,38.922409,-77.038763,Ward 1,2023-11-13
2023-11-13,38.961645,-77.065936,Ward 4,2023-11-13
2023-11-13,38.939803,-76.995233,Ward 5,2023-11-13
2023-11-13,38.931935,-77.056571,Ward 3,2023-11-14
2023-11-13,38.908771,-77.056927,Ward 2,2023-11-14
2023-11-13,38.909479,-77.011689,Ward 5,2023-11-14
2023-11-14,38.902264,-76.995163,Ward 6,2023-11-14
2023-11-14,38.908874,-76.986645,Ward 5,2023-11-14
2023-11-14,38.919357,-77.076860,Ward 3,2023-11-14
2023-11-14,38.928526,-77.034409,Ward 1,2023-11-15
2023-11-14,38.924756,-77.032242,Ward 1,2023-11-15
2023-11-14,38.929776,-77.065689,Ward 3,2023-11-16
2023-11-15,38.895631,-76.982663,Ward 7,2023-11-30
2023-11-15,38.954794,-77.021963,Ward 4,2023-11-15
2023-11-15,38.871600,-76.961141,Ward 7,2023-11-15
2023-11-15,38.955148,-77.090384,Ward 3,2023-11-16
2023-11-15,38.908646,-77.056004,Ward 2,2023-11-16
2023-11-15,38.947921,-77.006410,Ward 5,2023-11-15
2023-11-15,38.922131,-76.992693,Ward 5,2023-11-16
2023-11-15,38.915185,-77.097308,Ward 3,2023-11-16
2023-11-15,38.917885,-77.096921,Ward 3,2023-11-16
2023-11-15,38.892204,-76.958936,Ward 7,2023-11-16
2023-11-16,38.897322,-76.974035,Ward 7,2023-11-16
2023-11-16,38.908029,-76.983152,Ward 5,2023-11-16
2023-11-16,38.902026,-76.927655,Ward 7,2023-11-16
2023-11-16,38.849299,-76.977148,Ward 8,2023-11-17
2023-11-16,38.915729,-77.026396,Ward 1,2023-11-17
2023-11-16,38.887061,-76.985189,Ward 6,2023-11-16
2023-11-17,38.925244,-77.040719,Ward 1,2023-11-20
2023-11-17,38.913848,-77.047136,Ward 2,2023-11-17
2023-11-17,38.913853,-77.047361,Ward 2,2023-11-17
2023-11-17,38.864179,-76.982275,Ward 8,2023-11-17
2023-11-17,38.896608,-76.998684,Ward 6,2023-11-20
2023-11-18,38.915395,-77.068627,Ward 2,2023-11-21
2023-11-18,38.912832,-77.062740,Ward 2,2023-11-21
2023-11-18,38.923600,-77.026753,Ward 1,2023-11-20
2023-11-18,38.935142,-77.070579,Ward 3,2023-11-20
2023-11-19,38.927969,-77.043368,Ward 1,2023-11-20
2023-11-20,38.922056,-77.044599,Ward 1,2023-11-20
2023-11-20,38.966330,-77.029906,Ward 4,2023-11-21
2023-11-20,38.935142,-77.070579,Ward 3,2023-11-21
2023-11-20,38.824635,-77.008356,Ward 8,2023-11-22
2023-11-20,38.958030,-77.083764,Ward 3,2023-11-20
2023-11-20,38.961970,-77.035395,Ward 4,2023-11-21
2023-11-20,38.879561,-76.984480,Ward 6,2023-11-21
2023-11-21,38.925370,-76.965391,Ward 5,2023-11-27
2023-11-21,38.899465,-76.919834,Ward 7,2023-11-22
2023-11-21,38.902259,-76.996782,Ward 6,2023-11-21
2023-11-21,38.875210,-76.956785,Ward 7,2023-11-22
2023-11-21,38.913494,-77.025617,Ward 2,2023-11-22
2023-11-21,38.929900,-77.029166,Ward 1,2023-11-22
2023-11-21,38.915757,-77.042232,Ward 2,2023-11-22
2023-11-21,38.877683,-76.937638,Ward 7,2023-11-21
2023-11-21,38.961603,-77.052683,Null,2023-11-22
2023-11-22,38.918114,-77.036500,Ward 1,2023-11-22
2023-11-22,38.903577,-77.019906,Ward 6,2023-11-22
2023-11-22,38.903736,-77.016175,Ward 6,2023-11-22
2023-11-22,38.903286,-77.015903,Ward 6,2023-11-22
2023-11-22,38.903736,-77.016175,Ward 6,2023-11-22
2023-11-22,38.902520,-77.016176,Ward 6,2023-11-22
2023-11-22,38.902520,-77.016176,Ward 6,2023-11-22
2023-11-22,38.913494,-77.025617,Ward 2,2023-11-22
2023-11-22,38.895505,-77.032802,Ward 2,2023-11-22
2023-11-22,38.916993,-77.016331,Ward 1,2023-11-22
2023-11-22,38.930798,-77.086526,Ward 3,2023-11-22
2023-11-22,38.909501,-77.054900,Ward 2,2023-11-27
2023-11-22,38.945328,-77.093254,Ward 3,2023-11-27
2023-11-22,38.892898,-76.996820,Ward 6,2023-11-27
2023-11-23,38.888990,-76.923509,Ward 7,2023-11-23
2023-11-23,38.921120,-77.032136,Ward 1,2023-11-27
2023-11-24,38.897522,-76.985886,Ward 6,2023-11-27
2023-11-24,38.886778,-76.993528,Ward 6,2023-11-27
2023-11-24,38.897694,-76.980827,Ward 6,2023-11-30
2023-11-25,38.825681,-76.997736,Ward 8,2023-11-29
2023-11-25,38.911759,-77.041067,Ward 2,2023-11-27
2023-11-25,38.839190,-77.005498,Ward 8,2023-11-29
2023-11-26,38.955241,-77.013855,Ward 4,2023-11-27
2023-11-27,38.929876,-77.043025,Ward 1,2023-11-27
2023-11-27,38.902893,-77.045776,Ward 2,2023-11-27
2023-11-27,38.903415,-76.943637,Ward 7,2023-11-30
2023-11-27,38.906130,-76.943154,Ward 7,2023-11-30
2023-11-27,38.984063,-77.030495,Ward 4,2023-11-28
2023-11-27,38.947432,-76.988949,Ward 5,2023-11-28
2023-11-27,38.943162,-77.087773,Ward 3,2023-11-28
2023-11-27,38.897522,-76.985886,Ward 6,2023-11-28
2023-11-28,38.900573,-77.029994,Ward 2,2023-11-28
2023-11-28,38.863487,-76.954437,Ward 7,2023-11-30
2023-11-28,38.879984,-76.960380,Ward 7,2023-11-29
2023-11-28,38.928558,-77.023667,Ward 1,2023-11-28
2023-11-28,38.966330,-77.029906,Ward 4,2023-11-28
2023-11-28,38.966330,-77.029906,Ward 4,2023-11-28
2023-11-28,38.891422,-76.960975,Ward 7,2023-11-30
2023-11-28,38.903360,-76.982075,Ward 5,2023-11-29
2023-11-28,38.946413,-76.996814,Ward 5,2023-11-29
2023-11-28,38.918947,-77.075536,Ward 3,2023-11-29
2023-11-29,38.881637,-76.993525,Ward 6,2023-11-29
2023-11-29,38.905756,-76.987791,Ward 5,2023-11-29
2023-11-29,38.933129,-77.056651,Ward 3,2023-11-29
2023-11-29,38.973413,-77.014404,Ward 4,2023-11-29
2023-11-29,38.887774,-76.933014,Ward 7,2023-11-29
2023-11-29,38.957471,-77.016525,Ward 4,2023-11-29
2023-11-29,38.926098,-76.981698,Ward 5,2023-11-30
2023-11-30,38.930267,-77.064829,Ward 3,2023-12-01
2023-11-30,38.937727,-77.103172,Ward 3,2023-11-30
2023-11-30,38.890751,-76.983208,Ward 6,2023-12-04
2023-11-30,38.958414,-76.994669,Ward 4,2023-12-01
2023-11-30,38.902789,-76.977856,Ward 5,2023-12-01
2023-12-01,38.892773,-76.936078,Ward 7,2023-12-04
2023-12-01,38.911410,-77.065199,Ward 2,2023-12-01
2023-12-01,38.894513,-76.992415,Ward 6,2023-12-01
2023-12-01,38.906484,-77.062662,Ward 2,2023-12-01
2023-12-01,38.953319,-77.086203,Ward 3,2023-12-01
2023-12-01,38.946845,-76.982815,Ward 5,2023-12-01
2023-12-01,38.831376,-77.009772,Ward 8,2023-12-01
2023-12-01,38.907448,-77.046411,Ward 2,2023-12-04
2023-12-01,38.899456,-76.999776,Ward 6,2023-12-04
2023-12-01,38.912040,-77.040827,Ward 2,2023-12-04
2023-12-02,38.966003,-77.068744,Ward 3,2023-12-04
2023-12-02,38.920493,-76.999410,Ward 5,2023-12-04
2023-12-02,38.946716,-76.980586,Ward 5,2023-12-04
2023-12-02,38.956335,-77.090703,Ward 3,2023-12-04
2023-12-03,38.954396,-77.060114,Ward 3,2023-12-03
2023-12-03,38.893355,-76.956122,Ward 7,2023-12-04
2023-12-04,38.931112,-77.087846,Ward 3,2023-12-04
2023-12-04,38.936751,-77.029457,Ward 4,2023-12-04
2023-12-04,38.957860,-77.014648,Ward 4,2023-12-04
2023-12-04,38.839375,-76.996591,Ward 8,2023-12-05
2023-12-04,38.923188,-76.979419,Ward 5,2023-12-04
2023-12-04,38.905335,-76.983630,Ward 5,2023-12-04
2023-12-04,38.865560,-76.982537,Ward 8,2023-12-05
2023-12-04,38.930823,-77.082977,Ward 3,2023-12-04
2023-12-04,38.877787,-76.995963,Ward 8,2023-12-06
2023-12-04,38.931112,-77.087846,Ward 3,2023-12-05
2023-12-04,38.971796,-77.028229,Ward 4,2023-12-06
2023-12-04,38.955241,-77.013855,Ward 4,2023-12-05
2023-12-04,38.915793,-77.029285,Ward 1,2023-12-05
2023-12-04,38.972148,-77.024865,Ward 4,2023-12-05
2023-12-04,38.832684,-76.988975,Ward 8,2023-12-05
2023-12-05,38.897335,-76.999510,Ward 6,2023-12-05
2023-12-05,38.957078,-77.034341,Ward 4,2023-12-05
2023-12-05,38.957078,-77.034341,Ward 4,2023-12-05
2023-12-05,38.889518,-76.978249,Ward 6,2023-12-05
2023-12-05,38.908906,-77.046407,Ward 2,2023-12-05
2023-12-05,38.877179,-76.994748,Ward 6,2023-12-06
2023-12-05,38.870670,-76.942381,Ward 7,2023-12-06
2023-12-05,38.885898,-76.989758,Ward 6,2023-12-06
2023-12-05,38.886222,-76.994169,Ward 6,2023-12-06
2023-12-05,38.866227,-76.977322,Ward 8,2023-12-06
2023-12-05,38.895538,-77.000807,Ward 6,2023-12-06
2023-12-05,38.922983,-76.981594,Ward 5,2023-12-07
2023-12-05,38.950310,-77.095795,Ward 3,2023-12-06
2023-12-05,38.942418,-77.070277,Ward 3,2023-12-06
2023-12-06,38.889097,-76.934202,Ward 7,2023-12-08
2023-12-06,38.926311,-76.991703,Ward 5,2023-12-07
2023-12-06,38.848275,-76.996453,Ward 8,2023-12-06
2023-12-06,38.905314,-77.041311,Ward 2,2023-12-06
2023-12-06,38.879662,-76.938590,Ward 7,2023-12-08
2023-12-06,38.942207,-77.077403,Ward 3,2023-12-07
2023-12-06,38.933129,-77.056651,Ward 3,2023-12-07
2023-12-06,38.940569,-76.980424,Ward 5,2023-12-07
2023-12-07,38.943162,-77.087773,Ward 3,2023-12-07
2023-12-07,38.860234,-76.989834,Ward 8,2023-12-08
2023-12-07,38.960417,-77.009822,Ward 4,2023-12-07
2023-12-07,38.939534,-77.092940,Ward 3,2023-12-08
2023-12-08,38.864980,-76.957545,Ward 7,2023-12-08
2023-12-08,38.860234,-76.989834,Ward 8,2023-12-08
2023-12-08,38.899086,-76.989774,Ward 6,2023-12-08
2023-12-08,38.959529,-77.058975,Ward 4,2023-12-11
2023-12-08,38.882981,-77.020905,Ward 6,2023-12-11
2023-12-08,38.864980,-76.957545,Ward 7,2023-12-10
2023-12-09,38.970079,-77.023999,Ward 4,2023-12-11
2023-12-09,38.955811,-77.066752,Ward 3,2023-12-11
2023-12-09,38.951925,-77.071171,Ward 3,2023-12-11
2023-12-10,38.933217,-77.077279,Ward 3,2023-12-10
2023-12-11,38.913151,-77.070477,Ward 2,2023-12-11
2023-12-11,38.943412,-77.025625,Ward 4,2023-12-11
2023-12-11,38.953113,-77.072548,Ward 3,2023-12-11
2023-12-11,38.943685,-76.988059,Ward 5,2023-12-11
2023-12-11,38.890074,-76.943278,Ward 7,2023-12-11
2023-12-11,38.932989,-77.078518,Ward 3,2023-12-11
2023-12-11,38.928744,-76.991457,Ward 5,2023-12-11
2023-12-11,38.934602,-76.981544,Ward 5,2023-12-11
2023-12-11,38.867754,-76.965977,Ward 7,2023-12-12
2023-12-11,38.889075,-77.000316,Ward 6,2023-12-12
2023-12-11,38.963607,-77.020604,Ward 4,2023-12-11
2023-12-11,38.927993,-77.105202,Ward 3,2023-12-11
2023-12-11,38.954391,-77.059847,Ward 3,2023-12-11
2023-12-11,38.939534,-77.092940,Ward 3,2023-12-13
2023-12-11,38.943160,-77.081732,Ward 3,2023-12-11
2023-12-11,38.906989,-76.941701,Ward 7,2023-12-12
2023-12-11,38.918561,-77.074064,Ward 3,2023-12-12
2023-12-11,38.963882,-77.057800,Ward 4,2023-12-12
2023-12-11,38.930526,-76.967905,Ward 5,2023-12-12
2023-12-11,38.913607,-77.047534,Ward 2,2023-12-12
2023-12-11,38.915360,-77.044832,Ward 1,2023-12-12
2023-12-12,38.930526,-76.967905,Ward 5,2023-12-12
2023-12-12,38.887923,-76.989953,Ward 6,2023-12-12
2023-12-12,38.890828,-76.951582,Ward 7,2023-12-14
2023-12-12,38.935875,-77.060498,Ward 3,2023-12-13
2023-12-12,38.859599,-76.956131,Ward 7,2023-12-14
2023-12-12,38.896298,-77.002430,Ward 6,2023-12-13
2023-12-12,38.894928,-76.995577,Ward 6,2023-12-13
2023-12-13,38.941074,-77.022584,Ward 4,2023-12-13
2023-12-13,38.935875,-77.060498,Ward 3,2023-12-13
2023-12-13,38.884184,-76.994966,Ward 6,2023-12-14
2023-12-14,38.896130,-77.019905,Ward 2,2023-12-14
2023-12-14,38.899976,-77.031213,Ward 2,2023-12-14
2023-12-14,38.931837,-77.074785,Ward 3,2023-12-14
2023-12-14,38.895352,-77.050129,Ward 2,2023-12-14
2023-12-14,38.943685,-76.988059,Ward 5,2023-12-15
2023-12-14,38.943613,-76.981635,Ward 5,2023-12-14
2023-12-14,38.894703,-77.044139,Ward 2,2023-12-15
2023-12-14,38.886650,-76.987267,Ward 6,2023-12-15
2023-12-14,38.905499,-76.981670,Ward 5,2023-12-15
2023-12-15,38.890497,-77.002350,Ward 6,2023-12-15
2023-12-15,38.890402,-76.993500,Ward 6,2023-12-15
2023-12-15,38.933129,-77.056651,Ward 3,2023-12-15
2023-12-15,38.957452,-76.996531,Ward 4,2023-12-18
2023-12-15,38.959983,-77.010974,Ward 4,2023-12-18
2023-12-16,38.901159,-76.988107,Ward 6,2023-12-18
2023-12-18,38.942270,-77.091873,Ward 3,2023-12-18
2023-12-18,38.914133,-77.097904,Ward 3,2023-12-18
2023-12-18,38.931369,-77.078784,Ward 3,2023-12-18
2023-12-18,38.933530,-77.081831,Ward 3,2023-12-18
2023-12-18,38.946828,-77.006824,Ward 5,2023-12-18
2023-12-18,38.884107,-76.940787,Ward 7,2023-12-18
2023-12-18,38.929518,-77.060225,Ward 3,2023-12-18
2023-12-18,38.886259,-76.923198,Ward 7,2023-12-18
2023-12-18,38.948145,-77.094103,Ward 3,2023-12-18
2023-12-18,38.886259,-76.923198,Ward 7,2023-12-18
2023-12-18,38.888808,-76.991220,Ward 6,2023-12-18
2023-12-18,38.933360,-77.053652,Ward 3,2023-12-18
2023-12-18,38.927558,-76.971837,Ward 5,2023-12-22
2023-12-18,38.949417,-77.037370,Ward 4,2023-12-18
2023-12-18,38.939966,-77.037321,Ward 4,2023-12-18
2023-12-18,38.940157,-77.037803,Ward 4,2023-12-18
2023-12-18,38.939966,-77.037321,Ward 4,2023-12-19
2023-12-18,38.956842,-76.999895,Ward 4,2023-12-18
2023-12-18,38.979075,-77.059561,Ward 4,2023-12-18
2023-12-18,38.947249,-77.007056,Ward 5,2023-12-18
2023-12-18,38.941082,-77.094613,Ward 3,2023-12-18
2023-12-18,38.957305,-77.014160,Ward 4,2023-12-18
2023-12-18,38.940933,-77.085557,Ward 3,2023-12-18
2023-12-18,38.940933,-77.085557,Ward 3,2023-12-18
2023-12-18,38.871646,-76.960280,Ward 7,2023-12-20
2023-12-18,38.868890,-76.951972,Ward 7,2023-12-19
2023-12-18,38.952702,-77.027903,Ward 4,2023-12-22
2023-12-18,38.944840,-77.037756,Ward 4,2023-12-21
2023-12-18,38.863865,-76.950599,Ward 7,2023-12-19
2023-12-18,38.919578,-77.079501,Ward 3,2023-12-19
2023-12-18,38.986503,-77.041974,Ward 4,2023-12-19
2023-12-19,38.838973,-76.991122,Ward 8,2023-12-20
2023-12-19,38.937783,-77.026265,Ward 4,2023-12-19
2023-12-19,38.914973,-77.052333,Ward 2,2023-12-19
2023-12-19,38.940883,-77.016045,Ward 4,2023-12-19
2023-12-19,38.972111,-77.018259,Ward 4,2023-12-19
2023-12-19,38.948145,-77.094103,Ward 3,2023-12-19
2023-12-19,38.893942,-76.980504,Ward 7,2023-12-19
2023-12-19,38.894780,-76.980762,Ward 6,2023-12-19
2023-12-19,38.918869,-77.073182,Ward 3,2023-12-21
2023-12-19,38.953486,-77.090317,Ward 3,2023-12-19
2023-12-19,38.957215,-76.998190,Ward 4,2023-12-19
2023-12-19,38.902562,-76.938622,Ward 7,2023-12-21
2023-12-19,38.922136,-77.040406,Ward 1,2023-12-19
2023-12-19,38.902562,-76.938622,Ward 7,2023-12-21
2023-12-19,38.927436,-77.006190,Ward 5,2023-12-20
2023-12-19,38.959852,-77.068497,Ward 3,2023-12-20
2023-12-19,38.897137,-76.987222,Ward 6,2023-12-20
2023-12-20,38.907775,-77.047598,Ward 2,2023-12-20
2023-12-20,38.949379,-77.038498,Ward 4,2023-12-20
2023-12-20,38.939247,-77.067673,Ward 3,2023-12-20
2023-12-20,38.908672,-77.059618,Ward 2,2023-12-21
2023-12-20,38.894245,-76.995225,Ward 6,2023-12-20
2023-12-20,38.898170,-76.992425,Ward 6,2023-12-20
2023-12-20,38.952428,-77.087959,Ward 3,2023-12-21
2023-12-21,38.884107,-76.940787,Ward 7,2023-12-21
2023-12-21,38.941227,-77.020974,Ward 4,2023-12-26
2023-12-22,38.951441,-77.095284,Ward 3,2023-12-22
2023-12-22,38.861190,-76.965533,Ward 7,2023-12-22
2023-12-22,38.886657,-76.993498,Ward 6,2023-12-26
2023-12-22,38.877350,-76.940019,Ward 7,2023-12-26
2023-12-22,38.899076,-77.052495,Ward 2,2023-12-26
2023-12-23,38.959640,-77.059004,Ward 4,2023-12-26
2023-12-23,38.891464,-76.959517,Ward 7,2023-12-26
2023-12-24,38.932863,-76.970393,Ward 5,2023-12-26
2023-12-24,38.943164,-77.082043,Ward 3,2023-12-26
2023-12-24,38.921660,-77.031930,Ward 1,2023-12-26
2023-12-25,38.935609,-76.993472,Ward 5,2023-12-26
2023-12-25,38.907051,-77.014968,Ward 6,2023-12-26
2023-12-26,38.908940,-77.030867,Ward 2,2023-12-26
2023-12-26,38.908838,-77.031949,Ward 2,2023-12-26
2023-12-26,38.923764,-77.032143,Ward 1,2023-12-27
2023-12-26,38.868667,-76.988208,Ward 8,2023-12-26
2023-12-27,38.903017,-77.038174,Ward 2,2023-12-27
2023-12-27,38.902862,-77.042434,Ward 2,2023-12-27
2023-12-27,38.902810,-77.044084,Ward 2,2023-12-27
2023-12-27,38.902893,-77.045776,Ward 2,2023-12-27
2023-12-27,38.902097,-77.050532,Ward 2,2023-12-27
2023-12-27,38.894358,-76.992872,Ward 6,2023-12-27
2023-12-27,38.890392,-76.992932,Ward 6,2023-12-27
2023-12-27,38.923801,-77.050224,Ward 3,2023-12-28
2023-12-27,38.943627,-77.093218,Ward 3,2023-12-28
2023-12-28,38.892106,-76.935984,Ward 7,2023-12-28
2023-12-28,38.924712,-77.041369,Ward 1,2023-12-28
2023-12-28,38.924840,-77.041979,Ward 1,2023-12-28
2023-12-28,38.923751,-77.042806,Ward 1,2023-12-28
2023-12-28,38.923770,-77.043542,Ward 1,2023-12-28
2023-12-28,38.876961,-76.993077,Ward 6,2023-12-29
2023-12-28,38.969744,-77.012365,Ward 4,2023-12-28
2023-12-28,38.930286,-77.081183,Ward 3,2023-12-28
2023-12-28,38.894080,-76.997473,Ward 6,2023-12-29
2023-12-28,38.936841,-77.068890,Ward 3,2023-12-29
2023-12-28,38.931882,-77.084910,Ward 3,2023-12-28
2023-12-28,38.929074,-77.083570,Ward 3,2023-12-29
2023-12-28,38.916449,-77.006028,Ward 5,2023-12-29
2023-12-28,38.923634,-77.081742,Ward 3,2024-01-02
2023-12-28,38.929074,-77.083570,Ward 3,2023-12-29
2023-12-29,38.921989,-77.044445,Ward 1,2023-12-29
2023-12-29,38.971307,-77.035973,Ward 4,2023-12-29
2023-12-29,38.979042,-77.036015,Ward 4,2023-12-29
2023-12-29,38.988814,-77.032498,Ward 4,2023-12-29
2023-12-29,38.987544,-77.030783,Ward 4,2023-12-29
2023-12-29,38.951571,-76.990264,Ward 5,2023-12-29
2023-12-29,38.921540,-77.010453,Ward 5,2023-12-29
2023-12-29,38.869304,-76.976218,Ward 8,2024-01-02
2023-12-29,38.867726,-76.984897,Ward 8,2024-01-02
2023-12-30,38.965574,-77.074161,Ward 3,2024-01-02
2023-12-31,38.904835,-76.942556,Ward 7,2024-01-02
2023-12-31,38.887892,-76.978788,Ward 6,2024-01-02
2023-12-31,38.919131,-77.045529,Ward 1,2024-01-02
2023-12-31,38.919251,-77.046839,Ward 1,2024-01-02
2023-12-31,38.919919,-77.048311,Ward 1,2024-01-02
2023-12-31,38.920251,-77.048019,Ward 1,2024-01-02
