2021-08-13,38.853728,-76.995045,Ward 8,2021-08-13
2021-08-13,38.853728,-76.995045,Ward 8,2021-08-16
2021-08-13,38.915097,-77.023193,Ward 1,2021-08-16
2021-08-16,38.917569,-77.032515,Ward 1,2021-08-16
2021-08-16,38.899193,-77.048417,Ward 2,2021-08-25
2021-08-16,38.939814,-77.089581,Ward 3,2021-08-23
2021-08-16,38.946471,-76.992885,Ward 5,2021-08-19
2021-08-16,38.954331,-76.993153,Ward 5,2021-08-19
2021-08-16,38.918622,-77.013321,Ward 5,2021-08-19
2021-08-16,38.974437,-77.020157,Ward 4,2021-08-25
2021-08-16,38.879782,-76.981025,Ward 6,2021-08-18
2021-08-16,38.884601,-76.992245,Ward 6,2021-08-18
2021-08-16,38.895280,-76.982870,Ward 6,2021-08-18
2021-08-16,38.865149,-76.961722,Ward 7,2021-08-17
2021-08-16,38.893188,-76.920416,Ward 7,2021-08-17
2021-08-16,38.905299,-76.934537,Ward 7,2021-08-17
2021-08-16,38.846878,-76.981343,Ward 8,2021-08-17
2021-08-16,38.832815,-76.999067,Ward 8,2021-08-17
2021-08-16,38.862376,-76.979035,Ward 8,2021-08-17
2021-08-16,38.893623,-76.933763,Ward 7,2021-08-19
2021-08-16,38.883742,-77.003745,Ward 6,2021-08-20
2021-08-16,38.952486,-77.019944,Ward 4,2021-08-25
2021-08-16,38.950845,-77.086823,Ward 3,2021-08-24
2021-08-16,38.933897,-77.029405,Ward 1,2021-08-23
2021-08-16,38.896303,-76.995687,Ward 6,2021-08-20
2021-08-16,38.935394,-77.028288,Ward 1,2021-08-23
2021-08-16,38.937406,-77.030969,Ward 4,2021-08-25
2021-08-16,38.886613,-76.920166,Ward 7,2021-08-19
2021-08-16,38.905168,-76.989889,Ward 5,2021-08-23
2021-08-16,38.888533,-76.991272,Ward 6,2021-08-20
2021-08-16,38.857740,-76.960460,Ward 7,2021-08-19
2021-08-16,38.947103,-76.993478,Ward 5,2021-08-23
2021-08-16,38.912816,-77.005105,Ward 5,2021-08-23
2021-08-16,38.981117,-77.032459,Ward 4,2021-08-25
2021-08-16,38.927889,-77.023888,Ward 1,2021-08-23
2021-08-16,38.919339,-77.033423,Ward 1,2021-08-24
2021-08-16,38.910414,-77.082312,Ward 3,2021-08-25
2021-08-16,38.955308,-77.089218,Ward 3,2021-08-24
2021-08-17,38.882428,-76.985249,Ward 6,2021-08-20
2021-08-17,38.898289,-76.991285,Ward 6,2021-08-20
2021-08-17,38.939853,-76.977531,Ward 5,2021-08-24
2021-08-17,38.957203,-77.089280,Ward 3,2021-08-24
2021-08-17,38.927649,-76.967388,Ward 5,2021-08-24
2021-08-17,38.902954,-76.985705,Ward 5,2021-08-23
2021-08-17,38.953110,-77.065992,Ward 3,2021-08-24
2021-08-17,38.895942,-76.984073,Ward 6,2021-08-20
2021-08-17,38.955619,-76.995452,Ward 5,2021-08-23
2021-08-17,38.956544,-76.995140,Ward 5,2021-08-19
2021-08-17,38.891417,-76.999261,Ward 6,2021-08-20
2021-08-17,38.960474,-77.069067,Ward 3,2021-08-24
2021-08-17,38.917764,-77.017297,Ward 1,2021-08-23
2021-08-17,38.963585,-77.058266,Ward 4,2021-08-25
2021-08-17,38.924006,-77.029936,Ward 1,2021-08-24
2021-08-17,38.890736,-76.987210,Ward 6,2021-08-20
2021-08-17,38.830292,-77.012637,Ward 8,2021-08-26
2021-08-17,38.945358,-77.085948,Ward 3,2021-08-24
2021-08-17,38.945004,-77.084894,Ward 3,2021-08-24
2021-08-17,38.944993,-77.084468,Ward 3,2021-08-24
2021-08-17,38.944996,-77.084239,Ward 3,2021-08-24
2021-08-17,38.943755,-77.085026,Ward 3,2021-08-24
2021-08-17,38.928447,-76.987905,Ward 5,2021-08-23
2021-08-17,38.891120,-76.988777,Ward 6,2021-08-21
2021-08-17,38.899089,-76.990931,Ward 6,2021-08-20
2021-08-18,38.921937,-76.990590,Ward 5,2021-08-23
2021-08-18,38.935366,-77.037823,Ward 1,2021-08-24
2021-08-18,38.898762,-76.983893,Ward 6,2021-08-27
2021-08-18,38.897139,-76.994251,Ward 6,2021-08-27
2021-08-18,38.922182,-77.016560,Ward 1,2021-08-18
2021-08-18,38.878052,-76.964557,Ward 7,2021-08-18
2021-08-18,38.945867,-76.996783,Ward 5,2021-08-23
2021-08-18,38.942402,-76.974392,Ward 5,2021-08-23
2021-08-18,38.894615,-76.987202,Ward 6,2021-08-27
2021-08-18,38.899282,-76.988098,Ward 6,2021-08-27
2021-08-18,38.933517,-77.038315,Ward 1,2021-08-24
2021-08-18,38.884274,-76.979656,Ward 6,2021-08-27
2021-08-18,38.888866,-76.997996,Ward 6,2021-08-27
2021-08-18,38.932893,-76.978509,Ward 5,2021-08-23
2021-08-18,38.929692,-76.992060,Ward 5,2021-08-23
2021-08-18,38.921161,-77.074661,Ward 3,2021-08-25
2021-08-18,38.926143,-76.986053,Ward 5,2021-08-23
2021-08-18,38.889355,-76.996411,Ward 6,2021-08-27
2021-08-18,38.907638,-77.065672,Ward 2,2021-08-20
2021-08-18,38.889355,-76.996411,Ward 6,2021-08-27
2021-08-18,38.952709,-77.060880,Ward 3,2021-08-24
2021-08-18,38.960081,-77.037518,Ward 4,2021-08-25
2021-08-18,38.917920,-77.001348,Ward 5,2021-08-23
2021-08-18,38.967819,-77.070030,Ward 3,2021-08-24
2021-08-18,38.967848,-77.071200,Ward 3,2021-08-24
2021-08-18,38.968402,-77.071312,Ward 3,2021-08-24
2021-08-18,38.955388,-77.089333,Ward 3,2021-08-18
2021-08-18,38.955628,-77.089688,Ward 3,2021-08-24
2021-08-18,38.949899,-77.086428,Ward 3,2021-08-24
2021-08-18,38.950530,-77.087681,Ward 3,2021-08-24
2021-08-18,38.942944,-77.073757,Ward 3,2021-08-25
2021-08-18,38.894551,-76.997846,Ward 6,2021-08-27
2021-08-18,38.882651,-76.987217,Ward 6,2021-08-27
2021-08-18,38.966327,-77.030263,Ward 4,2021-08-25
2021-08-18,38.903166,-77.000352,Ward 6,2021-08-27
2021-08-19,38.870506,-76.972391,Ward 8,2021-08-26
2021-08-19,38.944049,-76.981470,Ward 5,2021-08-23
2021-08-19,38.890803,-76.996405,Ward 6,2021-08-27
2021-08-19,38.927570,-76.967324,Ward 5,2021-08-23
2021-08-19,38.972145,-77.021617,Ward 4,2021-08-25
2021-08-19,38.897167,-76.995650,Ward 6,2021-08-27
2021-08-19,38.958930,-77.058465,Ward 4,2021-08-25
2021-08-19,38.900595,-76.991771,Ward 6,2021-08-27
2021-08-19,38.895944,-76.998993,Ward 6,2021-08-27
2021-08-19,38.931325,-76.975410,Ward 5,2021-08-23
2021-08-19,38.973411,-77.026016,Ward 4,2021-08-25
2021-08-19,38.922539,-77.002510,Ward 5,2021-08-23
2021-08-19,38.892428,-77.000789,Ward 6,2021-08-27
2021-08-19,38.961808,-77.036052,Ward 4,2021-08-25
2021-08-19,38.933690,-77.027577,Ward 1,2021-08-23
2021-08-19,38.929421,-77.030784,Ward 1,2021-08-23
2021-08-19,38.937526,-77.069432,Ward 3,2021-08-24
2021-08-19,38.923850,-76.990036,Ward 5,2021-08-23
2021-08-19,38.934606,-77.111784,Ward 3,2021-08-24
2021-08-19,38.901501,-76.993072,Ward 6,2021-08-27
2021-08-19,38.869286,-76.962224,Ward 7,2021-08-26
2021-08-19,38.915371,-77.008163,Ward 5,2021-08-23
2021-08-20,38.931924,-76.978610,Ward 5,2021-08-23
2021-08-20,38.942029,-77.071615,Ward 3,2021-08-24
2021-08-20,38.951222,-77.074204,Ward 3,2021-08-24
2021-08-20,38.889045,-76.999719,Ward 6,2021-08-27
2021-08-20,38.937236,-77.095368,Ward 3,2021-08-24
2021-08-20,38.931864,-77.030675,Ward 1,2021-08-23
2021-08-20,38.887786,-76.996700,Ward 6,2021-08-27
2021-08-21,38.888159,-76.987060,Ward 6,2021-08-27
2021-08-21,38.913217,-76.981150,Ward 5,2021-08-30
2021-08-21,38.876087,-76.938343,Ward 7,2021-08-26
2021-08-21,38.926688,-77.102037,Ward 3,2021-08-24
2021-08-21,38.981020,-77.035981,Ward 4,2021-08-25
2021-08-21,38.899089,-76.990931,Ward 6,2021-08-27
2021-08-21,38.911985,-77.016777,Ward 5,2021-08-30
2021-08-21,38.893714,-76.995938,Ward 6,2021-08-27
2021-08-21,38.966518,-77.075038,Ward 3,2021-08-24
2021-08-21,38.947433,-77.024409,Ward 4,2021-08-25
2021-08-21,38.970157,-77.008473,Ward 4,2021-08-30
2021-08-21,38.946479,-76.991754,Ward 5,2021-09-03
2021-08-21,38.909827,-77.012937,Ward 5,2021-08-30
2021-08-21,38.958699,-77.067738,Ward 3,2021-08-24
2021-08-21,38.894081,-76.988548,Ward 6,2021-08-27
2021-08-22,38.950853,-76.995609,Ward 5,2021-08-30
2021-08-22,38.984682,-77.033973,Ward 4,2021-08-25
2021-08-22,38.883580,-76.990508,Ward 6,2021-08-27
2021-08-22,38.883403,-77.003960,Ward 6,2021-08-27
2021-08-22,38.983397,-77.036755,Ward 4,2021-08-25
2021-08-22,38.931911,-77.035096,Ward 1,2021-08-30
2021-08-22,38.943366,-77.085306,Ward 3,2021-08-31
2021-08-22,38.966568,-77.022976,Ward 4,2021-08-25
2021-08-22,38.974650,-77.063987,Ward 4,2021-08-25
2021-08-22,38.950021,-77.083993,Ward 3,2021-08-31
2021-08-22,38.914861,-77.019632,Ward 6,2021-08-27
2021-08-22,38.953093,-77.089983,Ward 3,2021-08-31
2021-08-22,38.949182,-77.030606,Ward 4,2021-08-25
2021-08-22,38.890095,-76.999942,Ward 6,2021-08-27
2021-08-22,38.890292,-76.982007,Ward 6,2021-08-27
2021-08-22,38.973183,-77.059938,Ward 4,2021-08-25
2021-08-22,38.928459,-77.061706,Ward 3,2021-08-31
2021-08-22,38.905118,-76.997339,Ward 6,2021-08-27
2021-08-22,38.898060,-76.994729,Ward 6,2021-08-27
2021-08-22,38.970308,-77.062033,Ward 4,2021-08-25
2021-08-22,38.942546,-77.023108,Ward 4,2021-08-25
2021-08-22,38.944167,-77.071568,Ward 3,2021-08-31
2021-08-23,38.942653,-76.979216,Ward 5,2021-08-30
2021-08-23,38.919340,-76.983919,Ward 5,2021-08-30
2021-08-23,38.922537,-77.001200,Ward 5,2021-08-30
2021-08-23,38.935184,-77.103306,Ward 3,2021-08-31
2021-08-23,38.984526,-77.030931,Ward 4,2021-09-01
2021-08-23,38.925198,-77.051603,Ward 3,2021-08-31
2021-08-23,38.948334,-77.074361,Ward 3,2021-08-31
2021-08-23,38.918991,-77.011565,Ward 5,2021-08-30
2021-08-23,38.946595,-77.090889,Ward 3,2021-08-31
2021-08-23,38.942958,-77.085207,Ward 3,2021-08-31
2021-08-23,38.909876,-77.014887,Ward 5,2021-08-30
2021-08-23,38.980194,-77.032519,Ward 4,2021-09-01
2021-08-23,38.908816,-77.055999,Ward 2,2021-09-01
2021-08-23,38.897520,-76.989159,Ward 6,2021-08-27
2021-08-23,38.915900,-77.036867,Ward 2,2021-09-01
2021-08-23,38.910292,-77.068056,Ward 2,2021-09-01
2021-08-23,38.948376,-77.088929,Ward 3,2021-08-31
2021-08-23,38.888639,-76.992449,Ward 6,2021-08-27
2021-08-23,38.896304,-76.994390,Ward 6,2021-08-27
2021-08-23,38.904314,-76.986046,Ward 5,2021-08-30
2021-08-23,38.982912,-77.029412,Ward 4,2021-09-01
2021-08-23,38.888863,-76.980995,Ward 6,2021-08-27
2021-08-23,38.932033,-76.985403,Ward 5,2021-08-30
2021-08-23,38.934484,-76.988147,Ward 5,2021-08-30
2021-08-23,38.895689,-76.972258,Ward 7,2021-08-26
2021-08-23,38.934595,-76.968407,Ward 5,2021-08-30
2021-08-23,38.908351,-77.047529,Ward 2,2021-09-01
2021-08-23,38.924685,-76.993223,Ward 5,2021-08-30
2021-08-23,38.955308,-77.089218,Ward 3,2021-08-24
2021-08-23,38.923553,-77.039291,Ward 1,2021-08-30
2021-08-23,38.978191,-77.027078,Ward 4,2021-09-01
2021-08-23,38.914999,-77.050339,Ward 2,2021-09-01
2021-08-23,38.892437,-76.999255,Ward 6,2021-08-27
2021-08-23,38.895823,-76.995194,Ward 6,2021-08-27
2021-08-23,38.895290,-76.982350,Ward 6,2021-08-27
2021-08-23,38.943242,-76.982568,Ward 5,2021-08-30
2021-08-23,38.879536,-76.943019,Ward 7,2021-08-26
2021-08-23,38.967848,-77.071200,Ward 3,2021-08-24
2021-08-23,38.868911,-76.970691,Ward 7,2021-08-26
2021-08-23,38.877957,-76.937203,Ward 7,2021-08-26
2021-08-23,38.986771,-77.041338,Ward 4,2021-09-01
2021-08-23,38.945379,-77.070065,Ward 3,2021-08-31
2021-08-23,38.866301,-76.946546,Ward 7,2021-08-26
2021-08-23,38.903892,-76.942640,Ward 7,2021-08-26
2021-08-24,38.916132,-77.016573,Ward 1,2021-08-30
2021-08-24,38.929188,-77.022630,Ward 1,2021-08-30
2021-08-24,38.855634,-76.959783,Ward 7,2021-09-02
2021-08-24,38.897131,-76.994462,Ward 6,2021-08-27
2021-08-24,38.903772,-76.982799,Ward 5,2021-08-30
2021-08-24,38.892048,-76.938561,Ward 7,2021-09-02
2021-08-24,38.940195,-76.974391,Ward 5,2021-08-30
2021-08-24,38.907479,-77.062531,Ward 2,2021-09-01
2021-08-24,38.886657,-76.983264,Ward 6,2021-08-27
2021-08-24,38.971545,-77.066122,Ward 4,2021-09-01
2021-08-24,38.881718,-76.985272,Ward 6,2021-08-27
2021-08-24,38.967132,-77.009885,Ward 4,2021-09-01
2021-08-24,38.971150,-77.014207,Ward 4,2021-09-01
2021-08-24,38.937912,-77.094508,Ward 3,2021-08-31
2021-08-24,38.883751,-76.977838,Ward 7,2021-08-27
2021-08-24,38.910283,-77.066251,Ward 2,2021-09-01
2021-08-24,38.897136,-76.984482,Ward 6,2021-08-27
2021-08-24,38.892717,-77.000909,Ward 6,2021-08-27
2021-08-24,38.906561,-77.067960,Ward 2,2021-09-01
2021-08-24,38.917164,-77.004208,Ward 5,2021-08-30
2021-08-24,38.955621,-76.994890,Ward 5,2021-08-30
2021-08-24,38.884270,-76.981992,Ward 6,2021-08-27
2021-08-24,38.895003,-77.031353,Ward 2,2021-08-24
2021-08-24,38.885888,-77.004987,Ward 6,2021-08-27
2021-08-24,38.922966,-77.095487,Ward 3,2021-08-31
2021-08-24,38.926908,-77.091590,Ward 3,2021-08-31
2021-08-24,38.878564,-76.986488,Ward 6,2021-08-27
2021-08-24,38.934777,-77.043124,Ward 1,2021-08-30
2021-08-24,38.915601,-77.074882,Ward 2,2021-09-01
2021-08-24,38.896303,-76.995687,Ward 6,2021-08-27
2021-08-24,38.884283,-76.992121,Ward 6,2021-08-27
2021-08-24,38.860405,-76.953189,Ward 7,2021-09-02
2021-08-24,38.966304,-77.029410,Ward 4,2021-09-01
2021-08-24,38.944511,-77.014914,Ward 4,2021-09-01
2021-08-24,38.919917,-77.013371,Ward 5,2021-08-30
2021-08-24,38.897625,-76.980409,Ward 6,2021-08-27
2021-08-24,38.906398,-77.066241,Ward 2,2021-09-01
2021-08-24,38.928591,-77.026819,Ward 1,2021-08-30
2021-08-24,38.893356,-76.992429,Ward 6,2021-08-27
2021-08-24,38.946924,-77.088178,Ward 3,2021-08-31
2021-08-24,38.897878,-76.995226,Ward 6,2021-08-27
2021-08-24,38.949871,-77.095789,Ward 3,2021-08-31
2021-08-24,38.933476,-77.041692,Ward 1,2021-08-30
2021-08-24,38.916139,-77.016784,Ward 1,2021-08-30
2021-08-24,38.934755,-77.031578,Ward 1,2021-08-30
2021-08-24,38.953793,-77.071198,Ward 3,2021-08-31
2021-08-24,38.956425,-77.030821,Ward 4,2021-08-31
2021-08-24,38.938820,-76.987138,Ward 5,2021-08-30
2021-08-24,38.952078,-77.032638,Ward 4,2021-09-01
2021-08-24,38.904338,-76.931939,Ward 7,2021-09-02
2021-08-24,38.901494,-76.988567,Ward 6,2021-08-27
2021-08-25,38.939205,-77.030004,Ward 4,2021-09-01
2021-08-25,38.931545,-77.021569,Ward 1,2021-08-30
2021-08-25,38.964591,-77.007183,Ward 4,2021-09-01
2021-08-25,38.873623,-77.012892,Ward 6,2021-09-03
2021-08-25,38.949258,-76.996539,Ward 5,2021-08-30
2021-08-25,38.955914,-77.015823,Ward 4,2021-09-02
2021-08-25,38.893752,-76.995757,Ward 6,2021-09-03
2021-08-25,38.883509,-76.983900,Ward 6,2021-09-03
2021-08-25,38.890095,-76.999942,Ward 6,2021-08-27
2021-08-25,38.911557,-77.068019,Ward 2,2021-08-25
2021-08-25,38.936750,-77.028589,Ward 4,2021-09-01
2021-08-25,38.924770,-77.058071,Ward 3,2021-08-31
2021-08-25,38.903595,-76.931926,Ward 7,2021-09-02
2021-08-25,38.915284,-77.015145,Ward 1,2021-08-30
2021-08-25,38.961555,-77.002964,Ward 4,2021-09-01
2021-08-25,38.910246,-77.012653,Ward 5,2021-08-25
2021-08-25,38.943243,-76.981990,Ward 5,2021-08-30
2021-08-25,38.947697,-77.095357,Ward 3,2021-08-31
2021-08-25,38.907686,-77.019130,Ward 6,2021-09-03
2021-08-25,38.928682,-76.992638,Ward 5,2021-08-30
2021-08-25,38.949499,-77.095566,Ward 3,2021-08-31
2021-08-25,38.934861,-76.973942,Ward 5,2021-08-30
2021-08-25,38.949036,-77.019120,Ward 4,2021-09-01
2021-08-25,38.925424,-77.008017,Ward 5,2021-08-30
2021-08-25,38.891647,-77.000335,Ward 6,2021-09-03
2021-08-25,38.950641,-77.017810,Ward 4,2021-09-01
2021-08-26,38.879146,-76.990519,Ward 6,2021-09-03
2021-08-26,38.952274,-77.096235,Ward 3,2021-08-31
2021-08-26,38.891821,-77.001082,Ward 6,2021-09-03
2021-08-26,38.930457,-77.028225,Ward 1,2021-08-30
2021-08-26,38.943362,-77.017771,Ward 4,2021-09-01
2021-08-26,38.897139,-77.001105,Ward 6,2021-09-03
2021-08-26,38.946115,-77.020032,Ward 4,2021-09-01
2021-08-26,38.927832,-77.093173,Ward 3,2021-08-31
2021-08-26,38.829774,-76.992564,Ward 8,2021-09-02
2021-08-26,38.905183,-76.999750,Ward 6,2021-09-03
2021-08-26,38.930227,-76.995165,Ward 5,2021-08-30
2021-08-26,38.892638,-76.991231,Ward 6,2021-09-03
2021-08-26,38.925630,-77.026324,Ward 1,2021-08-30
2021-08-26,38.983326,-77.039371,Ward 4,2021-09-01
2021-08-26,38.967848,-77.071200,Ward 3,2021-08-31
2021-08-26,38.885167,-76.992302,Ward 6,2021-09-03
2021-08-26,38.842457,-76.981907,Ward 8,2021-09-02
2021-08-26,38.895048,-76.996641,Ward 6,2021-09-03
2021-08-26,38.931032,-77.085424,Ward 3,2021-08-31
2021-08-26,38.960130,-77.068933,Ward 3,2021-08-31
2021-08-26,38.950950,-76.987509,Ward 5,2021-08-30
2021-08-26,38.958850,-77.069004,Ward 3,2021-08-31
2021-08-26,38.958851,-77.069278,Ward 3,2021-08-31
2021-08-26,38.882167,-77.005354,Ward 6,2021-09-03
2021-08-26,38.959508,-77.071514,Ward 3,2021-08-31
2021-08-26,38.957207,-77.071450,Ward 3,2021-08-31
2021-08-26,38.956823,-77.072029,Ward 3,2021-08-31
2021-08-26,38.959207,-77.074838,Ward 3,2021-08-31
2021-08-26,38.964679,-77.078579,Ward 3,2021-08-31
2021-08-26,38.984329,-77.035620,Ward 4,2021-09-01
2021-08-26,38.932244,-76.980919,Ward 5,2021-08-30
2021-08-26,38.937213,-77.093312,Ward 3,2021-08-31
2021-08-26,38.902956,-76.991776,Ward 6,2021-09-03
2021-08-27,38.931930,-76.973009,Ward 5,2021-08-30
2021-08-27,38.931688,-77.108480,Ward 3,2021-08-31
2021-08-27,38.865259,-76.963793,Ward 7,2021-09-02
2021-08-27,38.979889,-77.056537,Ward 4,2021-09-01
2021-08-27,38.973183,-77.059938,Ward 4,2021-09-01
2021-08-27,38.930545,-77.022056,Ward 1,2021-08-30
2021-08-27,38.883898,-76.982718,Ward 6,2021-09-03
2021-08-27,38.883030,-76.942319,Ward 7,2021-09-02
2021-08-27,38.907638,-77.065672,Ward 2,2021-09-01
2021-08-27,38.932951,-76.975958,Ward 5,2021-08-30
2021-08-27,38.967195,-77.054979,Ward 4,2021-09-01
2021-08-27,38.923553,-77.039291,Ward 1,2021-08-28
2021-08-27,38.934606,-77.111784,Ward 3,2021-08-31
2021-08-27,38.918765,-77.001814,Ward 5,2021-08-30
2021-08-27,38.925976,-77.028700,Ward 1,2021-08-30
2021-08-27,38.874099,-76.935632,Ward 7,2021-09-02
2021-08-27,38.951936,-77.093719,Ward 3,2021-08-31
2021-08-27,38.932457,-76.971901,Ward 5,2021-08-30
2021-08-27,38.934307,-76.978414,Ward 5,2021-08-30
2021-08-27,38.958882,-77.083503,Ward 3,2021-08-31
2021-08-27,38.879917,-76.934327,Ward 7,2021-09-02
2021-08-27,38.905118,-76.997339,Ward 6,2021-08-27
2021-08-27,38.928270,-76.981466,Ward 5,2021-08-30
2021-08-27,38.955599,-77.080519,Ward 3,2021-08-31
2021-08-27,38.954072,-77.081335,Ward 3,2021-08-31
2021-08-27,38.891627,-76.988061,Ward 6,2021-09-03
2021-08-27,38.906973,-77.026202,Ward 2,2021-09-01
2021-08-27,38.910283,-77.066251,Ward 2,2021-09-01
2021-08-27,38.869286,-76.962224,Ward 7,2021-09-02
2021-08-27,38.913217,-76.981150,Ward 5,2021-08-27
2021-08-27,38.884283,-76.992121,Ward 6,2021-09-03
2021-08-27,38.913383,-76.983621,Ward 5,2021-08-27
2021-08-27,38.898667,-76.993990,Ward 6,2021-09-03
2021-08-28,38.932109,-76.983915,Ward 5,2021-09-13
2021-08-28,38.947747,-77.097121,Ward 3,2021-08-31
2021-08-28,38.927170,-77.061096,Ward 3,2021-08-31
2021-08-28,38.909853,-77.014316,Ward 5,2021-09-13
2021-08-28,38.966642,-77.031420,Ward 4,2021-09-01
2021-08-28,38.957157,-77.015609,Ward 4,2021-09-01
2021-08-28,38.930382,-77.042125,Ward 1,2021-09-13
2021-08-28,38.890396,-77.001823,Ward 6,2021-09-03
2021-08-28,38.899098,-77.000990,Ward 6,2021-09-03
2021-08-28,38.896288,-76.989057,Ward 6,2021-09-03
2021-08-28,38.883024,-76.991271,Ward 6,2021-09-03
2021-08-29,38.962494,-77.002579,Ward 4,2021-09-01
2021-08-29,38.981953,-77.053720,Ward 4,2021-09-01
2021-08-29,38.969225,-77.023943,Ward 4,2021-09-01
2021-08-29,38.916134,-77.016715,Ward 1,2021-09-14
2021-08-29,38.933691,-76.968384,Ward 5,2021-09-13
2021-08-29,38.925758,-76.988858,Ward 5,2021-09-13
2021-08-29,38.953666,-77.062613,Ward 3,2021-09-07
2021-08-29,38.899088,-76.988494,Ward 6,2021-09-03
2021-08-29,38.920462,-77.011264,Ward 5,2021-09-13
2021-08-29,38.952536,-77.086472,Ward 3,2021-09-07
2021-08-29,38.944137,-77.089058,Ward 3,2021-09-07
2021-08-29,38.965620,-77.064652,Ward 4,2021-09-01
2021-08-29,38.890070,-77.000039,Ward 6,2021-09-03
2021-08-29,38.895285,-76.941357,Ward 7,2021-09-02
2021-08-29,38.951906,-77.095350,Ward 3,2021-09-07
2021-08-29,38.883819,-76.998685,Ward 6,2021-09-03
2021-08-29,38.961021,-77.003623,Ward 4,2021-09-01
2021-08-29,38.887422,-76.979228,Ward 7,2021-09-03
2021-08-29,38.944049,-76.981470,Ward 5,2021-09-13
2021-08-29,38.984539,-77.031107,Ward 4,2021-09-01
2021-08-29,38.947103,-76.993478,Ward 5,2021-09-13
2021-08-29,38.973108,-77.020266,Ward 4,2021-09-01
2021-08-29,38.982477,-77.028690,Ward 4,2021-09-01
2021-08-29,38.968302,-77.022749,Ward 4,2021-09-01
2021-08-29,38.846481,-77.002364,Ward 8,2021-09-02
2021-08-29,38.892868,-76.919207,Ward 7,2021-09-02
2021-08-29,38.899444,-76.990521,Ward 6,2021-09-03
2021-08-29,38.886154,-76.990490,Ward 6,2021-09-03
2021-08-29,38.940995,-77.091625,Ward 3,2021-09-07
2021-08-29,38.939809,-77.093060,Ward 3,2021-09-07
2021-08-30,38.949087,-77.022661,Ward 4,2021-09-01
2021-08-30,38.978485,-77.023577,Ward 4,2021-09-01
2021-08-30,38.933282,-76.974568,Ward 5,2021-09-13
2021-08-30,38.928154,-77.042147,Ward 1,2021-09-13
2021-08-30,38.943706,-77.021455,Ward 4,2021-09-08
2021-08-30,38.916132,-77.016573,Ward 1,2021-09-14
2021-08-30,38.960357,-77.003459,Ward 4,2021-09-08
2021-08-30,38.934395,-77.028248,Ward 1,2021-09-13
2021-08-30,38.885989,-76.982448,Ward 6,2021-09-03
2021-08-30,38.955417,-77.013360,Ward 4,2021-09-08
2021-08-30,38.896839,-76.996395,Ward 6,2021-09-03
2021-08-30,38.886541,-76.925524,Ward 7,2021-09-02
2021-08-30,38.958882,-77.083503,Ward 3,2021-08-31
2021-08-30,38.882650,-76.989224,Ward 6,2021-09-03
2021-08-30,38.873076,-76.963530,Ward 7,2021-09-02
2021-08-30,38.868911,-76.970691,Ward 7,2021-09-02
2021-08-30,38.970906,-77.063139,Ward 4,2021-09-08
2021-08-30,38.901501,-76.993072,Ward 6,2021-09-03
2021-08-30,38.911300,-77.016538,Ward 5,2021-09-13
2021-08-30,38.900747,-76.992841,Ward 6,2021-09-03
2021-08-30,38.966006,-77.069532,Ward 3,2021-09-07
2021-08-30,38.893447,-76.993980,Ward 6,2021-09-03
2021-08-30,38.961880,-77.017791,Ward 4,2021-09-08
2021-08-30,38.907480,-77.064990,Ward 2,2021-09-08
2021-08-30,38.978350,-77.033727,Ward 4,2021-09-08
2021-08-30,38.963564,-77.013435,Ward 4,2021-09-08
2021-08-30,38.887417,-76.997559,Ward 6,2021-09-03
2021-08-30,38.911911,-77.089182,Ward 3,2021-09-07
2021-08-30,38.911902,-77.081721,Ward 3,2021-09-07
2021-08-30,38.962885,-77.000341,Ward 4,2021-09-08
2021-08-30,38.901132,-76.993314,Ward 6,2021-09-03
2021-08-30,38.970793,-77.022675,Ward 4,2021-09-08
2021-08-30,38.906607,-77.017815,Ward 6,2021-09-03
2021-08-30,38.895841,-76.989951,Ward 6,2021-09-03
2021-08-30,38.924291,-76.982198,Ward 5,2021-09-13
2021-08-30,38.887410,-76.994155,Ward 6,2021-09-03
2021-08-30,38.910527,-77.012934,Ward 5,2021-09-13
2021-08-30,38.965206,-77.017765,Ward 4,2021-09-08
2021-08-30,38.980176,-77.028210,Ward 4,2021-09-14
2021-08-31,38.949182,-77.030606,Ward 4,2021-09-08
2021-08-31,38.949519,-77.096127,Ward 3,2021-09-07
2021-08-31,38.902047,-77.002265,Ward 6,2021-09-03
2021-08-31,38.897154,-76.973184,Ward 7,2021-09-09
2021-08-31,38.937794,-77.031653,Ward 4,2021-09-08
2021-08-31,38.933542,-77.037646,Ward 1,2021-09-13
2021-08-31,38.957608,-77.037530,Ward 4,2021-09-08
2021-08-31,38.933010,-77.040989,Ward 1,2021-09-13
2021-08-31,38.887697,-76.931715,Ward 7,2021-08-31
2021-08-31,38.892584,-76.933972,Ward 7,2021-09-09
2021-08-31,38.929295,-77.021353,Ward 1,2021-09-13
2021-08-31,38.933341,-76.990336,Ward 5,2021-09-13
2021-08-31,38.925976,-77.028700,Ward 1,2021-09-13
2021-08-31,38.886615,-76.922294,Ward 7,2021-09-09
2021-08-31,38.933331,-77.099869,Ward 3,2021-09-07
2021-08-31,38.908377,-77.047304,Ward 2,2021-09-08
2021-08-31,38.892299,-76.920703,Ward 7,2021-09-09
2021-08-31,38.920428,-77.009806,Ward 5,2021-09-13
2021-08-31,38.897785,-76.988496,Ward 6,2021-09-03
2021-08-31,38.891051,-76.950611,Ward 7,2021-09-09
2021-08-31,38.895930,-76.989959,Ward 6,2021-09-03
2021-08-31,38.931032,-77.020534,Ward 1,2021-09-13
2021-08-31,38.925837,-76.986735,Ward 5,2021-09-13
2021-08-31,38.946777,-77.019189,Ward 4,2021-09-08
2021-08-31,38.945341,-77.085091,Ward 3,2021-09-07
2021-08-31,38.940195,-76.974391,Ward 5,2021-09-13
2021-08-31,38.943127,-77.025318,Ward 4,2021-09-08
2021-08-31,38.937489,-77.065808,Ward 3,2021-09-07
2021-08-31,38.887791,-76.992240,Ward 6,2021-09-03
2021-08-31,38.943377,-77.085101,Ward 3,2021-09-07
2021-08-31,38.896315,-76.997485,Ward 6,2021-09-03
2021-08-31,38.970174,-77.009017,Ward 4,2021-09-08
2021-08-31,38.886107,-76.921462,Ward 7,2021-09-09
2021-08-31,38.874376,-76.957172,Ward 7,2021-09-09
2021-08-31,38.887347,-76.998677,Ward 6,2021-09-03
2021-08-31,38.884373,-77.004346,Ward 6,2021-09-03
2021-08-31,38.977069,-77.061170,Ward 4,2021-09-08
2021-08-31,38.950050,-77.055359,Ward 3,2021-09-07
2021-08-31,38.943797,-77.090331,Ward 3,2021-09-07
2021-08-31,38.961243,-77.078852,Ward 3,2021-09-07
2021-08-31,38.952978,-77.085950,Ward 3,2021-09-07
2021-08-31,38.952594,-77.080049,Ward 3,2021-09-07
2021-08-31,38.937417,-76.977597,Ward 5,2021-09-13
2021-08-31,38.970792,-77.019621,Ward 4,2021-09-08
2021-08-31,38.938415,-77.094722,Ward 3,2021-09-07
2021-08-31,38.935105,-76.983149,Ward 5,2021-09-13
2021-08-31,38.937511,-77.071175,Ward 3,2021-09-07
2021-08-31,38.961808,-77.036052,Ward 4,2021-09-08
2021-08-31,38.967360,-77.030434,Ward 4,2021-09-08
2021-08-31,38.965966,-77.022975,Ward 4,2021-09-08
2021-08-31,38.906762,-77.011488,Ward 5,2021-09-13
2021-08-31,38.976010,-77.024825,Ward 4,2021-09-08
2021-08-31,38.946924,-77.088178,Ward 3,2021-09-07
2021-08-31,38.943116,-76.983374,Ward 5,2021-09-13
2021-08-31,38.909476,-77.015478,Ward 5,2021-09-03
2021-08-31,38.913879,-76.973217,Ward 5,2021-09-13
2021-08-31,38.905879,-77.024391,Ward 2,2021-09-08
2021-08-31,38.934595,-76.968407,Ward 5,2021-09-02
2021-08-31,38.903499,-77.001170,Ward 6,2021-09-03
2021-09-01,38.934703,-76.983045,Ward 5,2021-09-13
2021-09-01,38.950819,-76.997454,Ward 5,2021-09-13
2021-09-01,38.910095,-77.063900,Ward 2,2021-09-08
2021-09-01,38.839686,-76.996045,Ward 8,2021-09-09
2021-09-01,38.901333,-76.983648,Ward 5,2021-09-13
2021-09-01,38.971222,-77.013854,Ward 4,2021-09-08
2021-09-01,38.898413,-76.991284,Ward 6,2021-09-10
2021-09-01,38.881475,-76.994391,Ward 6,2021-09-10
2021-09-01,38.878104,-76.988083,Ward 6,2021-09-10
2021-09-01,38.881467,-76.981445,Ward 6,2021-09-10
2021-09-01,38.926607,-76.971708,Ward 5,2021-09-13
2021-09-01,38.914454,-77.084098,Ward 3,2021-09-07
2021-09-01,38.897141,-76.993277,Ward 6,2021-09-10
2021-09-01,38.955975,-76.990340,Ward 5,2021-09-13
2021-09-01,38.893098,-76.996400,Ward 6,2021-09-10
2021-09-01,38.954699,-76.995374,Ward 5,2021-09-13
2021-09-01,38.926968,-77.028871,Ward 1,2021-09-13
2021-09-01,38.943366,-77.085306,Ward 3,2021-09-07
2021-09-01,38.913733,-77.014377,Ward 5,2021-09-13
2021-09-01,38.943377,-77.069949,Ward 3,2021-09-07
2021-09-01,38.950987,-76.998206,Ward 5,2021-09-13
2021-09-01,38.861144,-76.961744,Ward 7,2021-09-09
2021-09-01,38.933676,-77.025152,Ward 1,2021-09-13
2021-09-01,38.948381,-76.996300,Ward 5,2021-09-13
2021-09-01,38.875976,-76.936122,Ward 7,2021-09-09
2021-09-02,38.939432,-77.029386,Ward 4,2021-09-09
2021-09-02,38.902729,-76.991777,Ward 6,2021-09-10
2021-09-02,38.827189,-77.009943,Ward 8,2021-09-09
2021-09-02,38.938119,-76.980426,Ward 5,2021-09-02
2021-09-02,38.955446,-77.073536,Ward 3,2021-09-07
2021-09-02,38.891493,-77.000335,Ward 6,2021-09-10
2021-09-02,38.912865,-77.066843,Ward 2,2021-09-08
2021-09-02,38.898434,-76.994730,Ward 6,2021-09-10
2021-09-02,38.886165,-76.994708,Ward 6,2021-09-10
2021-09-02,38.879419,-76.940775,Ward 7,2021-09-09
2021-09-02,38.914661,-77.025824,Ward 1,2021-09-13
2021-09-02,38.895944,-76.998993,Ward 6,2021-09-10
2021-09-02,38.926839,-76.972199,Ward 5,2021-09-13
2021-09-02,38.965864,-77.003056,Ward 4,2021-09-08
2021-09-02,38.880214,-76.993532,Ward 6,2021-09-10
2021-09-02,38.928610,-77.040537,Ward 1,2021-09-13
2021-09-02,38.896313,-76.994461,Ward 6,2021-09-10
2021-09-02,38.946115,-77.090915,Ward 3,2021-09-07
2021-09-02,38.897167,-76.995650,Ward 6,2021-09-14
2021-09-02,38.904837,-77.012403,Ward 6,2021-09-10
2021-09-02,38.938589,-77.020713,Ward 4,2021-09-08
2021-09-02,38.883415,-77.008033,Ward 6,2021-09-10
2021-09-02,38.943399,-77.039114,Ward 4,2021-09-08
2021-09-02,38.916655,-77.004898,Ward 5,2021-09-13
2021-09-02,38.894941,-76.988922,Ward 6,2021-09-10
2021-09-02,38.978505,-77.021081,Ward 4,2021-09-08
2021-09-02,38.930894,-76.980199,Ward 5,2021-09-13
2021-09-02,38.959874,-77.025367,Ward 4,2021-09-08
2021-09-02,38.908885,-77.056923,Ward 2,2021-09-08
2021-09-02,38.949269,-76.996667,Ward 5,2021-09-13
2021-09-02,38.902780,-77.000322,Ward 6,2021-09-10
2021-09-02,38.943603,-77.072160,Ward 3,2021-09-07
2021-09-02,38.893723,-76.997691,Ward 6,2021-09-10
2021-09-02,38.941893,-77.019439,Ward 4,2021-09-08
2021-09-02,38.883403,-77.003960,Ward 6,2021-09-10
2021-09-02,38.905854,-76.931145,Ward 7,2021-09-09
2021-09-02,38.859857,-76.972006,Ward 8,2021-09-09
2021-09-02,38.962510,-77.019481,Ward 4,2021-09-08
2021-09-02,38.932706,-76.983579,Ward 5,2021-09-13
2021-09-02,38.955233,-77.020062,Ward 4,2021-09-08
2021-09-03,38.896971,-76.985250,Ward 6,2021-09-10
2021-09-03,38.895197,-77.000322,Ward 6,2021-09-14
2021-09-03,38.933754,-77.023001,Ward 1,2021-09-13
2021-09-03,38.914170,-77.072481,Ward 2,2021-09-08
2021-09-03,38.961834,-77.002364,Ward 4,2021-09-08
2021-09-03,38.947524,-77.072773,Ward 3,2021-09-07
2021-09-03,38.948581,-77.021757,Ward 4,2021-09-08
2021-09-03,38.930943,-76.987152,Ward 5,2021-09-13
2021-09-03,38.927772,-77.025163,Ward 1,2021-09-13
2021-09-03,38.951212,-77.097036,Ward 3,2021-09-07
2021-09-03,38.901509,-76.989341,Ward 6,2021-09-10
2021-09-03,38.979900,-77.023230,Ward 4,2021-09-08
2021-09-03,38.956797,-77.073735,Ward 3,2021-09-07
2021-09-03,38.935741,-77.059255,Ward 3,2021-09-07
2021-09-03,38.899450,-76.991293,Ward 6,2021-09-10
2021-09-03,38.915129,-77.073851,Ward 2,2021-09-08
2021-09-03,38.899444,-76.990521,Ward 6,2021-09-10
2021-09-03,38.929703,-77.108239,Ward 3,2021-09-07
2021-09-03,38.858268,-76.985991,Ward 8,2021-09-09
2021-09-03,38.891784,-76.984647,Ward 6,2021-09-10
2021-09-03,38.953982,-77.088920,Ward 3,2021-09-07
2021-09-03,38.938119,-76.980426,Ward 5,2021-09-13
2021-09-03,38.862438,-76.960712,Ward 7,2021-09-09
2021-09-03,38.955854,-77.007782,Ward 4,2021-09-08
2021-09-03,38.914926,-77.053866,Ward 2,2021-09-08
2021-09-03,38.948334,-77.074361,Ward 3,2021-09-07
2021-09-03,38.935657,-77.033711,Ward 1,2021-09-13
2021-09-04,38.904338,-76.931939,Ward 7,2021-09-09
2021-09-04,38.887417,-76.978759,Ward 6,2021-09-10
2021-09-04,38.905326,-77.000798,Ward 6,2021-09-10
2021-09-04,38.919351,-77.028936,Ward 1,2021-09-13
2021-09-04,38.868911,-76.970691,Ward 7,2021-09-09
2021-09-04,38.946484,-77.073340,Ward 3,2021-09-07
2021-09-04,38.878789,-76.990533,Ward 6,2021-09-10
2021-09-04,38.903138,-76.983203,Ward 5,2021-09-13
2021-09-04,38.926224,-77.025578,Ward 1,2021-09-13
2021-09-04,38.888228,-76.935537,Ward 7,2021-09-09
2021-09-04,38.846793,-77.000545,Ward 8,2021-09-09
2021-09-04,38.882629,-76.982469,Ward 6,2021-09-10
2021-09-04,38.887767,-76.981380,Ward 6,2021-09-10
2021-09-04,38.914029,-77.085246,Ward 3,2021-09-07
2021-09-04,38.951682,-77.088328,Ward 3,2021-09-07
2021-09-04,38.862311,-76.964525,Ward 7,2021-09-09
2021-09-04,38.911083,-77.080971,Ward 3,2021-09-07
2021-09-05,38.935184,-77.103306,Ward 3,2021-09-14
2021-09-05,38.936468,-76.989549,Ward 5,2021-09-09
2021-09-05,38.895934,-76.997589,Ward 6,2021-09-10
2021-09-05,38.968374,-77.011038,Ward 4,2021-09-08
2021-09-05,38.943243,-76.981990,Ward 5,2021-09-13
2021-09-05,38.922355,-77.075349,Ward 3,2021-09-14
2021-09-05,38.969742,-77.012821,Ward 4,2021-09-08
2021-09-05,38.895003,-77.031353,Ward 2,2021-09-08
2021-09-05,38.968778,-77.032248,Ward 4,2021-09-08
2021-09-05,38.883330,-76.997092,Ward 6,2021-09-10
2021-09-05,38.903906,-76.996776,Ward 6,2021-09-14
2021-09-05,38.966642,-77.031420,Ward 4,2021-09-08
2021-09-05,38.984813,-77.030284,Ward 4,2021-09-08
2021-09-05,38.913854,-77.002565,Ward 5,2021-09-13
2021-09-05,38.884278,-76.979225,Ward 6,2021-09-10
2021-09-05,38.943377,-77.085101,Ward 3,2021-09-07
2021-09-05,38.943366,-77.085306,Ward 3,2021-09-07
2021-09-05,38.956179,-77.079364,Ward 3,2021-09-14
2021-09-05,38.910619,-77.065603,Ward 2,2021-09-08
2021-09-06,38.937934,-77.020538,Ward 4,2021-09-08
2021-09-06,38.942408,-77.091519,Ward 3,2021-09-14
2021-09-06,38.935607,-77.037565,Ward 1,2021-09-13
2021-09-06,38.966229,-77.055994,Ward 4,2021-09-15
2021-09-06,38.924685,-76.993223,Ward 5,2021-09-13
2021-09-06,38.886303,-76.977557,Ward 6,2021-09-10
2021-09-06,38.954223,-77.029414,Ward 4,2021-09-15
2021-09-06,38.943242,-76.982568,Ward 5,2021-09-13
2021-09-06,38.925000,-77.031327,Ward 1,2021-09-13
2021-09-06,38.913205,-77.003235,Ward 5,2021-09-13
2021-09-06,38.971852,-77.071089,Ward 4,2021-09-15
2021-09-06,38.949466,-77.017672,Ward 4,2021-09-15
2021-09-06,38.966904,-77.062527,Ward 4,2021-09-15
2021-09-06,38.896798,-76.998206,Ward 6,2021-09-10
2021-09-06,38.895886,-76.998219,Ward 6,2021-09-10
2021-09-06,38.984973,-77.031320,Ward 4,2021-09-15
2021-09-06,38.955086,-77.072616,Ward 3,2021-09-14
2021-09-06,38.897014,-77.001828,Ward 6,2021-09-10
2021-09-06,38.934606,-77.111784,Ward 3,2021-09-14
2021-09-06,38.966198,-77.006747,Ward 4,2021-09-15
2021-09-06,38.967554,-77.009732,Ward 4,2021-09-15
2021-09-06,38.892372,-76.985759,Ward 6,2021-09-10
2021-09-06,38.883021,-76.984005,Ward 6,2021-09-10
2021-09-06,38.917351,-77.029907,Ward 1,2021-09-13
2021-09-06,38.945620,-76.986963,Ward 5,2021-09-13
2021-09-07,38.856881,-76.979898,Ward 8,2021-09-09
2021-09-07,38.885038,-76.990575,Ward 6,2021-09-10
2021-09-07,38.885939,-76.979963,Ward 6,2021-09-10
2021-09-07,38.961031,-77.022686,Ward 4,2021-09-15
2021-09-07,38.856500,-76.979206,Ward 8,2021-09-16
2021-09-07,38.970109,-77.019616,Ward 4,2021-09-15
2021-09-07,38.903034,-76.991322,Ward 6,2021-09-10
2021-09-07,38.973576,-77.060197,Ward 4,2021-09-15
2021-09-07,38.951571,-76.990264,Ward 5,2021-09-13
2021-09-07,38.927621,-77.024576,Ward 1,2021-09-13
2021-09-07,38.947130,-77.008260,Ward 5,2021-09-13
2021-09-07,38.960344,-77.000109,Ward 4,2021-09-15
2021-09-07,38.921886,-76.959510,Ward 5,2021-09-13
2021-09-07,38.962876,-77.079287,Ward 3,2021-09-07
2021-09-07,38.843589,-76.989326,Ward 8,2021-09-16
2021-09-07,38.882651,-76.987217,Ward 6,2021-09-10
2021-09-07,38.944978,-77.087718,Ward 3,2021-09-14
2021-09-07,38.965986,-77.063168,Ward 4,2021-09-15
2021-09-07,38.911292,-77.066332,Ward 2,2021-09-15
2021-09-07,38.934866,-77.025707,Ward 1,2021-09-13
2021-09-07,38.981117,-77.032459,Ward 4,2021-09-15
2021-09-07,38.930966,-76.973256,Ward 5,2021-09-13
2021-09-07,38.895944,-76.999045,Ward 6,2021-09-14
2021-09-07,38.829774,-76.992564,Ward 8,2021-09-16
2021-09-07,38.960305,-77.017359,Ward 4,2021-09-15
2021-09-07,38.947563,-77.020062,Ward 4,2021-09-15
2021-09-07,38.944100,-77.017467,Ward 4,2021-09-15
2021-09-07,38.936759,-77.033971,Ward 1,2021-09-13
2021-09-07,38.950708,-77.025257,Ward 4,2021-09-15
2021-09-07,38.888061,-76.923764,Ward 7,2021-09-16
2021-09-07,38.902775,-76.991275,Ward 6,2021-09-10
2021-09-07,38.929319,-76.988200,Ward 5,2021-09-13
2021-09-07,38.901138,-76.927010,Ward 7,2021-09-16
2021-09-07,38.914279,-77.020680,Ward 6,2021-09-10
2021-09-07,38.908979,-77.066693,Ward 2,2021-09-15
2021-09-07,38.978475,-77.035004,Ward 4,2021-09-15
2021-09-07,38.889202,-76.995911,Ward 6,2021-09-10
2021-09-07,38.895972,-77.000762,Ward 6,2021-09-10
2021-09-07,38.897131,-76.996987,Ward 6,2021-09-10
2021-09-07,38.918779,-77.071844,Ward 3,2021-09-14
2021-09-07,38.905791,-76.982729,Ward 5,2021-09-13
2021-09-07,38.926143,-76.986053,Ward 5,2021-09-13
2021-09-07,38.986624,-77.041687,Ward 4,2021-09-15
2021-09-07,38.957193,-77.089956,Ward 3,2021-09-14
2021-09-07,38.890396,-77.001823,Ward 6,2021-09-10
2021-09-07,38.950181,-77.087340,Ward 3,2021-09-14
2021-09-07,38.950184,-77.089218,Ward 3,2021-09-14
2021-09-07,38.949413,-77.088400,Ward 3,2021-09-14
2021-09-07,38.925501,-77.031147,Ward 1,2021-09-13
2021-09-07,38.949446,-77.088067,Ward 3,2021-09-14
2021-09-07,38.949443,-77.088238,Ward 3,2021-09-14
2021-09-07,38.946504,-77.085359,Ward 3,2021-09-14
2021-09-07,38.944979,-77.088270,Ward 3,2021-09-14
2021-09-07,38.944983,-77.088415,Ward 3,2021-09-14
2021-09-07,38.951243,-77.084904,Ward 3,2021-09-14
2021-09-07,38.922574,-77.046061,Ward 1,2021-09-13
2021-09-07,38.927570,-76.967324,Ward 5,2021-09-13
2021-09-07,38.946924,-77.088178,Ward 3,2021-09-14
2021-09-07,38.957822,-77.006010,Ward 4,2021-09-15
2021-09-07,38.917653,-77.018334,Ward 1,2021-09-14
2021-09-07,38.903809,-76.985571,Ward 5,2021-09-13
2021-09-07,38.918237,-77.011867,Ward 5,2021-09-13
2021-09-07,38.919349,-77.025738,Ward 1,2021-09-13
2021-09-07,38.902725,-76.985861,Ward 5,2021-09-13
2021-09-07,38.879323,-76.940436,Ward 7,2021-09-16
2021-09-08,38.969442,-77.020930,Ward 4,2021-09-15
2021-09-08,38.952414,-77.090834,Ward 3,2021-09-14
2021-09-08,38.896231,-76.975186,Ward 7,2021-09-16
2021-09-08,38.891647,-77.000335,Ward 6,2021-09-17
2021-09-08,38.900987,-76.933503,Ward 7,2021-09-16
2021-09-08,38.965299,-77.020146,Ward 4,2021-09-15
2021-09-08,38.894760,-76.937282,Ward 7,2021-09-16
2021-09-08,38.952274,-77.096235,Ward 3,2021-09-14
2021-09-08,38.897645,-76.918887,Ward 7,2021-09-16
2021-09-08,38.960081,-77.037518,Ward 4,2021-09-15
2021-09-08,38.923850,-76.990036,Ward 5,2021-09-13
2021-09-08,38.892539,-76.991814,Ward 6,2021-09-17
2021-09-08,38.980356,-77.027592,Ward 4,2021-09-15
2021-09-08,38.939096,-77.043007,Ward 4,2021-09-15
2021-09-08,38.940114,-77.098178,Ward 3,2021-09-14
2021-09-08,38.914288,-77.028671,Ward 1,2021-09-13
2021-09-08,38.904799,-77.012407,Ward 6,2021-09-17
2021-09-08,38.908987,-77.046879,Ward 2,2021-09-15
2021-09-08,38.970906,-77.063139,Ward 4,2021-09-15
2021-09-08,38.913759,-77.019621,Ward 6,2021-09-17
2021-09-08,38.918206,-77.072021,Ward 3,2021-09-14
2021-09-08,38.943603,-77.072160,Ward 3,2021-09-14
2021-09-08,38.885228,-77.004028,Ward 6,2021-09-17
2021-09-08,38.947261,-77.017614,Ward 4,2021-09-15
2021-09-08,38.863856,-76.987771,Ward 8,2021-09-16
2021-09-08,38.937170,-76.980546,Ward 5,2021-09-13
2021-09-08,38.900887,-77.054069,Ward 2,2021-09-15
2021-09-08,38.888928,-76.995191,Ward 6,2021-09-17
2021-09-08,38.943399,-77.039114,Ward 4,2021-09-15
2021-09-08,38.955233,-77.020062,Ward 4,2021-09-15
2021-09-08,38.982912,-77.029412,Ward 4,2021-09-15
2021-09-08,38.916655,-77.004898,Ward 5,2021-09-13
2021-09-08,38.914926,-77.053866,Ward 2,2021-09-15
2021-09-08,38.910599,-77.066281,Ward 2,2021-09-15
2021-09-08,38.881453,-76.993975,Ward 6,2021-09-17
2021-09-08,38.877363,-76.933544,Ward 7,2021-09-16
2021-09-08,38.928698,-77.025782,Ward 1,2021-09-13
2021-09-08,38.840212,-77.000194,Ward 8,2021-09-16
2021-09-08,38.949159,-77.085969,Ward 3,2021-09-14
2021-09-08,38.937794,-77.031653,Ward 4,2021-09-15
2021-09-08,38.972046,-77.013632,Ward 4,2021-09-15
2021-09-08,38.940740,-77.020417,Ward 4,2021-09-15
2021-09-08,38.965243,-77.030401,Ward 4,2021-09-15
2021-09-08,38.890070,-77.000039,Ward 6,2021-09-21
2021-09-08,38.932457,-76.971901,Ward 5,2021-09-13
2021-09-09,38.949182,-77.030606,Ward 4,2021-09-15
2021-09-09,38.934912,-77.025670,Ward 1,2021-09-13
2021-09-09,38.949499,-77.095566,Ward 3,2021-09-14
2021-09-09,38.947767,-77.035253,Ward 4,2021-09-15
2021-09-09,38.929524,-77.027246,Ward 1,2021-09-13
2021-09-09,38.947524,-77.072773,Ward 3,2021-09-14
2021-09-09,38.912776,-77.047621,Ward 2,2021-09-15
2021-09-09,38.914535,-77.025761,Ward 1,2021-09-13
2021-09-09,38.897668,-77.036545,Ward 2,2021-09-15
2021-09-09,38.897668,-77.036545,Ward 2,2021-09-15
2021-09-09,38.897668,-77.036545,Ward 2,2021-09-15
2021-09-09,38.897668,-77.036545,Ward 2,2021-09-15
2021-09-09,38.895409,-77.027844,Ward 2,2021-09-15
2021-09-09,38.897668,-77.036545,Ward 2,2021-09-15
2021-09-09,38.951380,-77.014857,Ward 4,2021-09-15
2021-09-09,38.958716,-76.995309,Ward 4,2021-09-15
2021-09-09,38.867114,-76.980541,Ward 8,2021-09-16
2021-09-09,38.931647,-76.963885,Ward 5,2021-09-13
2021-09-09,38.892957,-76.927298,Ward 7,2021-09-16
2021-09-09,38.881091,-76.996826,Ward 6,2021-09-21
2021-09-09,38.899089,-76.990931,Ward 6,2021-09-17
2021-09-09,38.955025,-77.016530,Ward 4,2021-09-15
2021-09-09,38.947482,-76.988342,Ward 5,2021-09-13
2021-09-09,38.946777,-77.019189,Ward 4,2021-09-15
2021-09-09,38.929737,-76.991178,Ward 5,2021-09-13
2021-09-09,38.934440,-77.022806,Ward 1,2021-09-13
2021-09-09,38.933530,-76.975993,Ward 5,2021-09-13
2021-09-09,38.915319,-77.014040,Ward 5,2021-09-14
2021-09-09,38.936468,-76.989549,Ward 5,2021-09-09
2021-09-09,38.893399,-76.986171,Ward 6,2021-09-17
2021-09-09,38.929959,-76.987215,Ward 5,2021-09-13
2021-09-09,38.958179,-77.023919,Ward 4,2021-09-15
2021-09-09,38.914722,-77.070300,Ward 2,2021-09-15
2021-09-09,38.945348,-77.091529,Ward 3,2021-09-14
2021-09-09,38.945356,-77.092235,Ward 3,2021-09-14
2021-09-09,38.946101,-77.091580,Ward 3,2021-09-14
2021-09-09,38.947673,-77.091596,Ward 3,2021-09-14
2021-09-09,38.948571,-77.093386,Ward 3,2021-09-14
2021-09-09,38.947293,-77.092851,Ward 3,2021-09-14
2021-09-09,38.947297,-77.093565,Ward 3,2021-09-14
2021-09-09,38.947726,-77.093572,Ward 3,2021-09-14
2021-09-09,38.946906,-77.093746,Ward 3,2021-09-14
2021-09-09,38.946906,-77.093908,Ward 3,2021-09-14
2021-09-09,38.946657,-77.096524,Ward 3,2021-09-14
2021-09-09,38.947665,-77.094564,Ward 3,2021-09-14
2021-09-09,38.949470,-77.091487,Ward 3,2021-09-14
2021-09-09,38.913888,-77.013190,Ward 5,2021-09-13
2021-09-09,38.897141,-76.987937,Ward 6,2021-09-17
2021-09-09,38.930005,-76.965887,Ward 5,2021-09-13
2021-09-09,38.913946,-77.026775,Ward 6,2021-09-17
2021-09-09,38.937784,-77.032232,Ward 4,2021-09-15
2021-09-09,38.944049,-76.981470,Ward 5,2021-09-13
2021-09-09,38.920382,-77.046553,Ward 1,2021-09-13
2021-09-09,38.987104,-77.030982,Ward 4,2021-09-15
2021-09-09,38.970308,-77.062033,Ward 4,2021-09-15
2021-09-09,38.935676,-77.033775,Ward 1,2021-09-13
2021-09-09,38.928622,-77.042734,Ward 1,2021-09-13
2021-09-09,38.946194,-77.017986,Ward 4,2021-09-15
2021-09-10,38.856963,-76.959953,Ward 7,2021-09-16
2021-09-10,38.960512,-77.073698,Ward 3,2021-09-14
2021-09-10,38.908082,-77.083633,Ward 3,2021-09-14
2021-09-10,38.896618,-76.985753,Ward 6,2021-09-17
2021-09-10,38.946497,-77.020465,Ward 4,2021-09-15
2021-09-10,38.895622,-76.985009,Ward 6,2021-09-17
2021-09-10,38.947703,-77.086930,Ward 3,2021-09-14
2021-09-10,38.978191,-77.027078,Ward 4,2021-09-15
2021-09-10,38.897668,-77.036545,Ward 2,2021-09-15
2021-09-10,38.892937,-76.933160,Ward 7,2021-09-16
2021-09-10,38.965966,-77.022975,Ward 4,2021-09-15
2021-09-10,38.885609,-76.990660,Ward 6,2021-09-17
2021-09-10,38.869459,-76.952427,Ward 7,2021-09-16
2021-09-10,38.931924,-76.978610,Ward 5,2021-09-13
2021-09-10,38.941010,-77.042525,Ward 4,2021-09-15
2021-09-10,38.929610,-76.979063,Ward 5,2021-09-13
2021-09-10,38.907898,-77.076543,Ward 2,2021-09-15
2021-09-10,38.885167,-76.992302,Ward 6,2021-09-17
2021-09-10,38.959733,-77.083526,Ward 3,2021-09-14
2021-09-10,38.959213,-77.083254,Ward 3,2021-09-14
2021-09-10,38.960029,-77.080549,Ward 3,2021-09-14
2021-09-10,38.962864,-77.079371,Ward 3,2021-09-14
2021-09-10,38.962908,-77.079767,Ward 3,2021-09-14
2021-09-10,38.960717,-77.078869,Ward 3,2021-09-14
2021-09-10,38.881808,-76.991276,Ward 6,2021-09-17
2021-09-10,38.962268,-77.076624,Ward 3,2021-09-14
2021-09-10,38.883021,-76.984005,Ward 6,2021-09-17
2021-09-10,38.969216,-77.032255,Ward 4,2021-09-15
2021-09-10,38.880834,-76.942285,Ward 7,2021-09-16
2021-09-10,38.891493,-77.000335,Ward 6,2021-09-17
2021-09-10,38.950819,-76.997454,Ward 5,2021-09-13
2021-09-11,38.895972,-77.000762,Ward 6,2021-09-17
2021-09-11,38.895285,-76.941357,Ward 7,2021-09-16
2021-09-11,38.910460,-77.084902,Ward 3,2021-09-14
2021-09-11,38.897521,-76.984304,Ward 6,2021-09-17
2021-09-11,38.912483,-77.064229,Ward 2,2021-09-15
2021-09-11,38.916426,-77.035663,Ward 2,2021-09-15
2021-09-11,38.940995,-77.091625,Ward 3,2021-09-14
2021-09-11,38.962526,-77.023784,Ward 4,2021-09-15
2021-09-11,38.970542,-77.059352,Ward 4,2021-09-15
2021-09-11,38.935739,-77.028737,Ward 1,2021-09-20
2021-09-11,38.938489,-77.031971,Ward 4,2021-09-15
2021-09-11,38.978475,-77.023857,Ward 4,2021-09-15
2021-09-11,38.901502,-77.054753,Ward 2,2021-09-21
2021-09-11,38.873637,-76.938108,Ward 7,2021-09-16
2021-09-11,38.981437,-77.029016,Ward 4,2021-09-15
2021-09-11,38.897279,-76.977888,Ward 6,2021-09-17
2021-09-11,38.897279,-76.977888,Ward 6,2021-09-17
2021-09-11,38.892591,-76.999215,Ward 6,2021-09-17
2021-09-11,38.892908,-76.933959,Ward 7,2021-09-16
2021-09-11,38.968566,-77.006453,Ward 4,2021-09-15
2021-09-11,38.953140,-77.092180,Ward 3,2021-09-14
2021-09-11,38.928677,-77.101090,Ward 3,2021-09-14
2021-09-11,38.897157,-76.998726,Ward 6,2021-09-17
2021-09-11,38.979900,-77.023230,Ward 4,2021-09-15
2021-09-11,38.953666,-77.062613,Ward 3,2021-09-14
2021-09-11,38.930266,-76.993316,Ward 5,2021-09-20
2021-09-11,38.964683,-77.058223,Ward 4,2021-09-15
2021-09-11,38.894933,-76.991269,Ward 6,2021-09-17
2021-09-11,38.898505,-76.988123,Ward 6,2021-09-17
2021-09-11,38.956129,-76.992800,Ward 5,2021-09-20
2021-09-11,38.899575,-76.991244,Ward 6,2021-09-17
2021-09-11,38.968842,-77.021343,Ward 4,2021-09-15
2021-09-11,38.898060,-76.994729,Ward 6,2021-09-17
2021-09-11,38.888236,-76.982419,Ward 6,2021-09-17
2021-09-11,38.880395,-76.991298,Ward 6,2021-09-17
2021-09-11,38.896798,-76.998206,Ward 6,2021-09-17
2021-09-11,38.920050,-77.014224,Ward 5,2021-09-20
2021-09-12,38.928736,-77.025084,Ward 1,2021-09-20
2021-09-12,38.919917,-77.013371,Ward 5,2021-09-20
2021-09-12,38.942653,-76.979216,Ward 5,2021-09-21
2021-09-12,38.895195,-76.955565,Ward 7,2021-09-16
2021-09-12,38.945264,-77.027897,Ward 4,2021-09-15
2021-09-12,38.887992,-76.922176,Ward 7,2021-09-16
2021-09-12,38.890275,-77.000811,Ward 6,2021-09-17
2021-09-12,38.890093,-76.983390,Ward 7,2021-09-17
2021-09-12,38.893930,-76.985757,Ward 6,2021-09-17
2021-09-12,38.897014,-77.001828,Ward 6,2021-09-17
2021-09-12,38.951541,-77.084629,Ward 3,2021-09-22
2021-09-12,38.903551,-76.976682,Ward 5,2021-09-21
2021-09-12,38.898722,-77.000950,Ward 6,2021-09-17
2021-09-12,38.907814,-76.988468,Ward 5,2021-09-21
2021-09-12,38.946129,-77.020821,Ward 4,2021-09-15
2021-09-12,38.918019,-77.073753,Ward 3,2021-09-21
2021-09-12,38.933982,-77.059023,Ward 3,2021-09-21
2021-09-12,38.922171,-77.010915,Ward 5,2021-09-20
2021-09-12,38.940546,-76.993923,Ward 5,2021-09-20
2021-09-12,38.962690,-77.071071,Ward 3,2021-09-21
2021-09-12,38.907413,-77.010220,Ward 5,2021-09-20
2021-09-12,38.948193,-77.071443,Ward 3,2021-09-21
2021-09-12,38.905835,-76.984694,Ward 5,2021-09-22
2021-09-12,38.943373,-77.075403,Ward 3,2021-09-21
2021-09-12,38.935532,-77.107652,Ward 3,2021-09-21
2021-09-12,38.926903,-77.059295,Ward 3,2021-09-21
2021-09-12,38.919642,-77.034294,Ward 1,2021-09-20
2021-09-12,38.930135,-77.026090,Ward 1,2021-09-20
2021-09-12,38.844296,-76.995629,Ward 8,2021-09-16
2021-09-12,38.876035,-76.957273,Ward 7,2021-09-16
2021-09-12,38.986906,-77.031392,Ward 4,2021-09-15
2021-09-12,38.883201,-76.996427,Ward 6,2021-09-17
2021-09-12,38.928270,-76.981466,Ward 5,2021-09-21
2021-09-12,38.914688,-77.040452,Ward 2,2021-09-15
2021-09-12,38.883078,-76.979475,Ward 6,2021-09-17
2021-09-12,38.966296,-77.023128,Ward 4,2021-09-15
2021-09-13,38.879481,-76.990455,Ward 6,2021-09-17
2021-09-13,38.895627,-76.997656,Ward 6,2021-09-17
2021-09-13,38.896971,-76.985250,Ward 6,2021-09-17
2021-09-13,38.948128,-77.073961,Ward 3,2021-09-21
2021-09-13,38.929763,-77.109167,Ward 3,2021-09-21
2021-09-13,38.930943,-76.987152,Ward 5,2021-09-21
2021-09-13,38.946590,-77.025065,Ward 4,2021-09-22
2021-09-13,38.874638,-77.010648,Ward 6,2021-09-21
2021-09-13,38.874778,-77.010437,Ward 6,2021-09-17
2021-09-13,38.893894,-76.980102,Ward 7,2021-09-14
2021-09-13,38.916173,-77.018758,Ward 1,2021-09-20
2021-09-13,38.943961,-77.021935,Ward 4,2021-09-22
2021-09-13,38.976010,-77.024825,Ward 4,2021-09-22
2021-09-13,38.886154,-76.990490,Ward 6,2021-09-17
2021-09-13,38.907638,-77.065672,Ward 2,2021-09-22
2021-09-13,38.856685,-76.980465,Ward 8,2021-09-16
2021-09-13,38.897565,-76.980116,Ward 6,2021-09-14
2021-09-13,38.895933,-76.999975,Ward 6,2021-09-17
2021-09-13,38.883025,-76.985916,Ward 6,2021-09-17
2021-09-13,38.934287,-76.977439,Ward 5,2021-09-21
2021-09-13,38.931667,-77.039948,Ward 1,2021-09-20
2021-09-13,38.868408,-76.982436,Ward 8,2021-09-16
2021-09-13,38.897713,-76.983991,Ward 6,2021-09-17
2021-09-13,38.959291,-77.019312,Ward 4,2021-09-22
2021-09-13,38.935133,-76.982696,Ward 5,2021-09-21
2021-09-13,38.935342,-77.071499,Ward 3,2021-09-21
2021-09-13,38.930345,-76.978068,Ward 5,2021-09-21
2021-09-13,38.893144,-76.996395,Ward 6,2021-09-17
2021-09-13,38.933779,-77.089745,Ward 3,2021-09-21
2021-09-13,38.867903,-76.954988,Ward 7,2021-09-16
2021-09-13,38.948381,-76.996300,Ward 5,2021-09-20
2021-09-13,38.986771,-77.041338,Ward 4,2021-09-22
2021-09-13,38.961277,-77.077973,Ward 3,2021-09-21
2021-09-13,38.947130,-77.008260,Ward 5,2021-09-20
2021-09-13,38.883290,-76.983888,Ward 6,2021-09-17
2021-09-13,38.933676,-77.025152,Ward 1,2021-09-15
2021-09-13,38.886617,-76.995234,Ward 6,2021-09-17
2021-09-13,38.929524,-77.027246,Ward 1,2021-09-20
2021-09-13,38.936468,-76.989549,Ward 5,2021-09-21
2021-09-14,38.903876,-76.979610,Ward 5,2021-09-21
2021-09-14,38.953128,-77.085348,Ward 3,2021-09-22
2021-09-14,38.910125,-77.015414,Ward 5,2021-09-20
2021-09-14,38.897080,-76.972245,Ward 7,2021-09-16
2021-09-14,38.934440,-77.022806,Ward 1,2021-09-20
2021-09-14,38.898413,-76.991284,Ward 6,2021-09-17
2021-09-14,38.928399,-77.022062,Ward 1,2021-09-20
2021-09-14,38.952574,-77.010871,Ward 4,2021-09-22
2021-09-14,38.950539,-77.089217,Ward 3,2021-09-21
2021-09-14,38.948130,-77.098191,Ward 3,2021-09-21
2021-09-14,38.951480,-77.084547,Ward 3,2021-09-22
2021-09-14,38.950161,-77.017244,Ward 4,2021-09-22
2021-09-14,38.946924,-77.088178,Ward 3,2021-09-21
2021-09-14,38.964771,-77.013866,Ward 4,2021-09-21
2021-09-14,38.920382,-77.046553,Ward 1,2021-09-20
2021-09-14,38.946072,-76.990001,Ward 5,2021-09-20
2021-09-14,38.887958,-76.989044,Ward 6,2021-09-17
2021-09-14,38.949458,-77.087597,Ward 3,2021-09-21
2021-09-14,38.910871,-77.018695,Ward 2,2021-09-17
2021-09-14,38.903562,-77.050952,Ward 2,2021-09-22
2021-09-14,38.943377,-77.085101,Ward 3,2021-09-21
2021-09-14,38.943380,-77.085499,Ward 3,2021-09-21
2021-09-14,38.963379,-77.069688,Ward 3,2021-09-21
2021-09-14,38.920869,-77.091964,Ward 3,2021-09-21
2021-09-14,38.885759,-76.992421,Ward 6,2021-09-17
2021-09-14,38.917140,-77.009300,Ward 5,2021-09-20
2021-09-14,38.934395,-77.028248,Ward 1,2021-09-20
2021-09-14,38.895611,-76.998222,Ward 6,2021-09-17
2021-09-14,38.958151,-76.993171,Ward 4,2021-09-22
2021-09-14,38.886462,-76.979171,Ward 6,2021-09-17
2021-09-14,38.902791,-77.000137,Ward 6,2021-09-17
2021-09-14,38.960493,-77.069836,Ward 3,2021-09-21
2021-09-14,38.909165,-76.934940,Ward 7,2021-09-23
2021-09-14,38.899320,-76.923068,Ward 7,2021-09-23
2021-09-14,38.949193,-77.030175,Ward 4,2021-09-22
2021-09-14,38.898386,-76.980379,Ward 6,2021-09-17
2021-09-14,38.881851,-77.020668,Ward 6,2021-09-17
2021-09-14,38.969273,-77.008281,Ward 4,2021-09-22
2021-09-14,38.942551,-77.021912,Ward 4,2021-09-22
2021-09-14,38.932058,-77.109630,Ward 3,2021-09-21
2021-09-14,38.930028,-77.103571,Ward 3,2021-09-21
2021-09-14,38.932069,-77.102208,Ward 3,2021-09-21
2021-09-14,38.933340,-77.105251,Ward 3,2021-09-21
2021-09-14,38.934644,-77.105767,Ward 3,2021-09-21
2021-09-14,38.934877,-77.107907,Ward 3,2021-09-21
2021-09-14,38.947749,-77.098362,Ward 3,2021-09-21
2021-09-14,38.949464,-77.099807,Ward 3,2021-09-21
2021-09-14,38.949527,-77.097058,Ward 3,2021-09-21
2021-09-14,38.946908,-77.095274,Ward 3,2021-09-21
2021-09-14,38.951677,-77.090850,Ward 3,2021-09-21
2021-09-14,38.950855,-77.091338,Ward 3,2021-09-21
2021-09-14,38.947293,-77.092851,Ward 3,2021-09-21
2021-09-14,38.932488,-76.963124,Ward 5,2021-09-21
2021-09-14,38.913181,-77.049880,Ward 2,2021-09-22
2021-09-14,38.941663,-77.035431,Ward 4,2021-09-22
2021-09-14,38.971392,-77.028732,Ward 4,2021-09-22
2021-09-14,38.954159,-77.070320,Ward 3,2021-09-21
2021-09-14,38.951384,-77.084356,Ward 3,2021-10-05
2021-09-14,38.937170,-76.980546,Ward 5,2021-09-21
2021-09-14,38.905114,-76.987903,Ward 5,2021-09-21
2021-09-14,38.916671,-77.097317,Ward 3,2021-09-21
2021-09-14,38.953083,-77.012218,Ward 4,2021-09-22
2021-09-14,38.896993,-76.972265,Ward 7,2021-09-23
2021-09-15,38.960357,-77.003459,Ward 4,2021-09-22
2021-09-15,38.980194,-77.032519,Ward 4,2021-09-22
2021-09-15,38.842960,-77.001518,Ward 8,2021-09-23
2021-09-15,38.918912,-77.076123,Ward 3,2021-09-21
2021-09-15,38.895633,-76.996956,Ward 6,2021-09-24
2021-09-15,38.933010,-77.040989,Ward 1,2021-09-20
2021-09-15,38.956246,-76.998221,Ward 5,2021-09-20
2021-09-15,38.945035,-76.980798,Ward 5,2021-09-20
2021-09-15,38.910051,-77.063896,Ward 2,2021-09-22
2021-09-15,38.936354,-76.973014,Ward 5,2021-09-21
2021-09-15,38.932583,-76.971919,Ward 5,2021-09-21
2021-09-15,38.899616,-76.999244,Ward 6,2021-09-24
2021-09-15,38.935363,-77.072235,Ward 3,2021-09-21
2021-09-15,38.897905,-76.981841,Ward 6,2021-09-23
2021-09-15,38.956544,-76.995140,Ward 5,2021-09-20
2021-09-15,38.883898,-76.982718,Ward 6,2021-09-24
2021-09-15,38.945017,-76.981073,Ward 5,2021-09-20
2021-09-15,38.945022,-76.980942,Ward 5,2021-09-20
2021-09-15,38.910136,-77.065925,Ward 2,2021-09-22
2021-09-15,38.954687,-76.995957,Ward 5,2021-09-20
2021-09-15,38.965966,-77.022975,Ward 4,2021-09-22
2021-09-15,38.974352,-77.062217,Ward 4,2021-09-22
2021-09-15,38.983533,-77.028881,Ward 4,2021-09-22
2021-09-15,38.958716,-76.995309,Ward 4,2021-09-22
2021-09-15,38.913250,-77.087390,Ward 3,2021-09-21
2021-09-15,38.944993,-77.084468,Ward 3,2021-09-21
2021-09-15,38.937784,-77.032232,Ward 4,2021-09-22
2021-09-15,38.915404,-77.030430,Ward 1,2021-09-20
2021-09-15,38.945366,-77.084680,Ward 3,2021-09-21
2021-09-15,38.946942,-77.090355,Ward 3,2021-09-21
2021-09-15,38.947398,-77.088382,Ward 3,2021-09-21
2021-09-15,38.948105,-77.084748,Ward 3,2021-09-21
2021-09-15,38.949159,-77.085969,Ward 3,2021-09-21
2021-09-15,38.915364,-77.031198,Ward 1,2021-09-20
2021-09-15,38.934249,-76.981012,Ward 5,2021-09-21
2021-09-15,38.946194,-77.017986,Ward 4,2021-09-22
2021-09-15,38.945403,-76.989997,Ward 5,2021-09-20
2021-09-15,38.931953,-77.041522,Ward 1,2021-09-20
2021-09-15,38.947274,-76.982961,Ward 5,2021-09-20
2021-09-15,38.889075,-77.000316,Ward 6,2021-09-24
2021-09-15,38.949434,-77.018632,Ward 4,2021-09-22
2021-09-15,38.930330,-76.991371,Ward 5,2021-09-19
2021-09-15,38.906551,-77.015901,Ward 6,2021-09-24
2021-09-16,38.912475,-77.082602,Ward 3,2021-09-21
2021-09-16,38.916552,-77.096952,Ward 3,2021-09-21
2021-09-16,38.929000,-77.020896,Ward 1,2021-09-20
2021-09-16,38.960895,-77.034271,Ward 4,2021-09-22
2021-09-16,38.957274,-76.998721,Ward 4,2021-09-22
2021-09-16,38.934912,-77.025670,Ward 1,2021-09-20
2021-09-16,38.943789,-77.079188,Ward 3,2021-09-21
2021-09-16,38.961808,-77.036052,Ward 4,2021-09-22
2021-09-16,38.954223,-77.029414,Ward 4,2021-09-22
2021-09-16,38.882998,-76.930488,Ward 7,2021-09-23
2021-09-16,38.925429,-76.987843,Ward 5,2021-09-21
2021-09-16,38.896301,-76.997064,Ward 6,2021-09-24
2021-09-16,38.956131,-77.088869,Ward 3,2021-09-22
2021-09-16,38.928154,-77.042147,Ward 1,2021-09-20
2021-09-16,38.936709,-77.071143,Ward 3,2021-09-21
2021-09-16,38.970109,-77.019616,Ward 4,2021-09-20
2021-09-16,38.925501,-77.031147,Ward 1,2021-09-20
2021-09-16,38.888020,-76.981017,Ward 6,2021-09-24
2021-09-16,38.906569,-76.989863,Ward 5,2021-09-21
2021-09-16,38.944974,-77.073221,Ward 3,2021-09-21
2021-09-16,38.959539,-77.081004,Ward 3,2021-09-22
2021-09-16,38.895604,-76.995896,Ward 6,2021-09-24
2021-09-16,38.953479,-77.085825,Ward 3,2021-09-22
2021-09-16,38.954464,-77.066841,Ward 3,2021-09-21
2021-09-16,38.931822,-77.024465,Ward 1,2021-09-20
2021-09-16,38.931647,-76.963885,Ward 5,2021-09-21
2021-09-16,38.905568,-76.931973,Ward 7,2021-09-23
2021-09-16,38.829430,-76.998823,Ward 8,2021-09-23
2021-09-16,38.964232,-77.078273,Ward 3,2021-09-21
2021-09-16,38.965131,-77.078821,Ward 3,2021-09-21
2021-09-16,38.965610,-77.077345,Ward 3,2021-09-21
2021-09-16,38.962892,-77.078629,Ward 3,2021-09-22
2021-09-16,38.961236,-77.077642,Ward 3,2021-09-21
2021-09-16,38.961563,-77.079935,Ward 3,2021-09-22
2021-09-16,38.912469,-77.082222,Ward 3,2021-09-21
2021-09-16,38.960029,-77.080549,Ward 3,2021-09-22
2021-09-16,38.955701,-77.075870,Ward 3,2021-09-24
2021-09-16,38.956465,-77.076839,Ward 3,2021-09-22
2021-09-16,38.926809,-77.024923,Ward 1,2021-09-20
2021-09-16,38.883469,-76.961954,Ward 7,2021-09-23
2021-09-16,38.935188,-77.030597,Ward 1,2021-09-20
2021-09-16,38.890068,-77.000090,Ward 6,2021-09-24
2021-09-17,38.906897,-77.026200,Ward 2,2021-09-22
2021-09-17,38.863856,-76.987771,Ward 8,2021-09-17
2021-09-17,38.929957,-76.975998,Ward 5,2021-09-21
2021-09-17,38.867996,-76.945881,Ward 7,2021-09-23
2021-09-17,38.857576,-76.961739,Ward 7,2021-09-23
2021-09-17,38.918424,-77.046048,Ward 1,2021-09-20
2021-09-17,38.953623,-77.009721,Ward 4,2021-09-22
2021-09-17,38.902760,-76.994735,Ward 6,2021-09-24
2021-09-17,38.941568,-77.023093,Ward 4,2021-09-22
2021-09-17,38.867738,-76.983119,Ward 8,2021-09-23
2021-09-17,38.953776,-77.034561,Ward 4,2021-09-22
2021-09-17,38.876222,-76.937328,Ward 7,2021-09-23
2021-09-17,38.967320,-77.074699,Ward 3,2021-09-21
2021-09-17,38.967829,-77.070492,Ward 3,2021-09-21
2021-09-17,38.968411,-77.070401,Ward 3,2021-09-21
2021-09-17,38.968260,-77.072873,Ward 3,2021-09-21
2021-09-17,38.968394,-77.071166,Ward 3,2021-09-21
2021-09-17,38.967852,-77.071055,Ward 3,2021-09-21
2021-09-17,38.959508,-77.071514,Ward 3,2021-09-21
2021-09-17,38.959550,-77.070321,Ward 3,2021-09-21
2021-09-17,38.959223,-77.070273,Ward 3,2021-09-21
2021-09-17,38.959520,-77.068357,Ward 3,2021-09-21
2021-09-17,38.961917,-77.075147,Ward 3,2021-09-21
2021-09-17,38.961863,-77.075758,Ward 3,2021-09-21
2021-09-17,38.939592,-76.988854,Ward 5,2021-09-21
2021-09-17,38.937006,-77.061436,Ward 3,2021-09-21
2021-09-17,38.927266,-76.971351,Ward 5,2021-09-21
2021-09-17,38.912483,-77.064229,Ward 2,2021-09-22
2021-09-18,38.927170,-77.061096,Ward 3,2021-09-21
2021-09-18,38.984526,-77.030931,Ward 4,2021-09-22
2021-09-18,38.893747,-76.984705,Ward 6,2021-09-24
2021-09-18,38.889518,-76.982637,Ward 6,2021-09-24
2021-09-18,38.895933,-76.999975,Ward 6,2021-09-27
2021-09-18,38.986624,-77.041687,Ward 4,2021-09-22
2021-09-18,38.968566,-77.006453,Ward 4,2021-09-22
2021-09-18,38.919843,-77.013722,Ward 5,2021-09-27
2021-09-18,38.948867,-77.025104,Ward 4,2021-09-22
2021-09-18,38.882107,-76.985748,Ward 6,2021-09-24
2021-09-18,38.918277,-77.030876,Ward 1,2021-09-27
2021-09-18,38.922741,-77.002567,Ward 5,2021-09-27
2021-09-18,38.944603,-77.091671,Ward 3,2021-09-21
2021-09-18,38.978485,-77.023577,Ward 4,2021-09-22
2021-09-18,38.950819,-76.997454,Ward 5,2021-09-27
2021-09-18,38.832042,-77.009881,Ward 8,2021-09-23
2021-09-18,38.886692,-76.978320,Ward 6,2021-09-24
2021-09-18,38.883403,-77.003960,Ward 6,2021-09-24
2021-09-19,38.930347,-76.980182,Ward 5,2021-09-27
2021-09-19,38.899110,-77.001793,Ward 6,2021-09-24
2021-09-19,38.953140,-77.092180,Ward 3,2021-09-29
2021-09-19,38.953809,-77.090382,Ward 3,2021-09-29
2021-09-19,38.940995,-77.091625,Ward 3,2021-09-29
2021-09-19,38.925228,-77.030011,Ward 1,2021-09-27
2021-09-19,38.915358,-77.006864,Ward 5,2021-09-27
2021-09-19,38.884443,-76.997147,Ward 6,2021-09-21
2021-09-19,38.983397,-77.036755,Ward 4,2021-09-22
2021-09-19,38.893738,-76.926565,Ward 7,2021-09-23
2021-09-19,38.908082,-77.083633,Ward 3,2021-09-29
2021-09-19,38.940546,-76.993923,Ward 5,2021-09-27
2021-09-19,38.979214,-77.029172,Ward 4,2021-09-22
2021-09-19,38.940291,-76.979404,Ward 5,2021-09-27
2021-09-19,38.948334,-77.074361,Ward 3,2021-09-29
2021-09-19,38.972125,-77.025573,Ward 4,2021-09-22
2021-09-19,38.955233,-77.020062,Ward 4,2021-09-22
2021-09-19,38.930406,-77.043038,Ward 1,2021-09-27
2021-09-19,38.898503,-77.000771,Ward 6,2021-09-24
2021-09-19,38.930650,-76.983117,Ward 5,2021-09-27
2021-09-19,38.971852,-77.071089,Ward 4,2021-09-22
2021-09-19,38.896993,-76.972265,Ward 7,2021-09-23
2021-09-19,38.933754,-77.023001,Ward 1,2021-09-27
2021-09-19,38.934307,-76.978414,Ward 5,2021-09-27
2021-09-19,38.958882,-77.083503,Ward 3,2021-09-29
2021-09-19,38.933694,-77.038201,Ward 1,2021-09-27
2021-09-19,38.911770,-77.042040,Ward 2,2021-09-22
2021-09-19,38.882643,-76.989171,Ward 6,2021-09-24
2021-09-19,38.914688,-77.040452,Ward 2,2021-09-22
2021-09-20,38.897858,-76.973941,Ward 7,2021-09-23
2021-09-20,38.916892,-77.017045,Ward 1,2021-09-27
2021-09-20,38.895003,-77.031353,Ward 2,2021-09-30
2021-09-20,38.929330,-76.980657,Ward 5,2021-09-27
2021-09-20,38.928459,-77.061706,Ward 3,2021-09-29
2021-09-20,38.899479,-76.994720,Ward 6,2021-09-24
2021-09-20,38.898497,-77.000339,Ward 6,2021-09-24
2021-09-20,38.930528,-77.019396,Ward 1,2021-09-27
2021-09-20,38.890931,-76.992130,Ward 6,2021-09-24
2021-09-20,38.881466,-76.997774,Ward 6,2021-09-24
2021-09-20,38.890756,-77.001406,Ward 6,2021-09-24
2021-09-20,38.934432,-77.038420,Ward 1,2021-09-27
2021-09-20,38.902729,-76.991777,Ward 6,2021-09-24
2021-09-20,38.900703,-77.000826,Ward 6,2021-09-24
2021-09-20,38.892190,-76.959441,Ward 7,2021-09-23
2021-09-20,38.979065,-77.057916,Ward 4,2021-09-30
2021-09-20,38.941689,-77.018038,Ward 4,2021-09-30
2021-09-20,38.862311,-76.964525,Ward 7,2021-09-23
2021-09-20,38.885228,-77.004028,Ward 6,2021-09-24
2021-09-20,38.949940,-77.060400,Ward 3,2021-09-29
2021-09-20,38.913752,-77.073857,Ward 2,2021-09-30
2021-09-20,38.944954,-77.070729,Ward 3,2021-09-29
2021-09-20,38.895972,-77.000762,Ward 6,2021-09-24
2021-09-20,38.932583,-76.971919,Ward 5,2021-09-27
2021-09-20,38.879548,-76.964237,Ward 7,2021-09-23
2021-09-20,38.967380,-77.065098,Ward 4,2021-09-30
2021-09-20,38.933954,-77.019866,Ward 1,2021-09-27
2021-09-20,38.912441,-77.082657,Ward 3,2021-09-29
2021-09-20,38.955975,-76.990340,Ward 5,2021-09-27
2021-09-20,38.860314,-76.961202,Ward 7,2021-09-23
2021-09-20,38.934084,-77.068375,Ward 3,2021-09-29
2021-09-20,38.904381,-76.998675,Ward 6,2021-09-24
2021-09-20,38.829774,-76.992564,Ward 8,2021-09-23
2021-09-20,38.893395,-76.986011,Ward 6,2021-09-24
2021-09-20,38.938589,-77.020713,Ward 4,2021-09-30
2021-09-20,38.881608,-76.983145,Ward 6,2021-09-24
2021-09-20,38.955744,-76.990027,Ward 5,2021-09-27
2021-09-20,38.933324,-77.030552,Ward 1,2021-09-27
2021-09-20,38.979580,-77.028210,Ward 4,2021-09-30
2021-09-20,38.931822,-77.024465,Ward 1,2021-09-27
2021-09-20,38.911889,-77.015456,Ward 5,2021-09-27
2021-09-20,38.941072,-77.022713,Ward 4,2021-09-30
2021-09-20,38.914722,-77.070300,Ward 2,2021-09-30
2021-09-20,38.883403,-77.003960,Ward 6,2021-09-24
2021-09-20,38.894016,-76.939629,Ward 7,2021-09-23
2021-09-20,38.856406,-76.979972,Ward 8,2021-09-23
2021-09-20,38.948381,-76.996300,Ward 5,2021-10-05
2021-09-20,38.960643,-77.035453,Ward 4,2021-09-30
2021-09-20,38.947468,-76.994289,Ward 5,2021-09-27
2021-09-20,38.956185,-77.014196,Ward 4,2021-09-30
2021-09-21,38.891724,-76.992859,Ward 6,2021-09-24
2021-09-21,38.929000,-77.020896,Ward 1,2021-09-27
2021-09-21,38.896971,-76.985250,Ward 6,2021-09-24
2021-09-21,38.901502,-77.054753,Ward 2,2021-10-05
2021-09-21,38.944216,-77.037912,Ward 4,2021-09-30
2021-09-21,38.910376,-77.021126,Ward 6,2021-09-24
2021-09-21,38.958170,-77.073244,Ward 3,2021-09-29
2021-09-21,38.970906,-77.063139,Ward 4,2021-09-30
2021-09-21,38.896314,-76.999304,Ward 6,2021-09-24
2021-09-21,38.978505,-77.055097,Ward 4,2021-09-30
2021-09-21,38.909815,-76.941122,Ward 7,2021-09-30
2021-09-21,38.887767,-76.981380,Ward 6,2021-09-24
2021-09-21,38.891499,-76.999767,Ward 6,2021-10-05
2021-09-21,38.916027,-77.027293,Ward 1,2021-09-27
2021-09-21,38.904806,-76.935609,Ward 7,2021-09-30
2021-09-21,38.915804,-77.038940,Ward 2,2021-09-30
2021-09-21,38.914661,-77.073702,Ward 2,2021-09-30
2021-09-21,38.955043,-77.013847,Ward 4,2021-09-30
2021-09-21,38.954459,-77.021262,Ward 4,2021-09-30
2021-09-21,38.965287,-77.077386,Ward 3,2021-09-29
2021-09-21,38.886615,-76.922294,Ward 7,2021-09-30
2021-09-21,38.981034,-77.023197,Ward 4,2021-09-30
2021-09-21,38.906386,-76.990078,Ward 5,2021-09-27
2021-09-21,38.934833,-76.977063,Ward 5,2021-09-27
2021-09-21,38.944974,-77.073221,Ward 3,2021-09-29
2021-09-21,38.959832,-77.070781,Ward 3,2021-09-29
2021-09-21,38.950499,-76.997453,Ward 5,2021-10-06
2021-09-21,38.939952,-77.031215,Ward 4,2021-09-30
2021-09-21,38.937006,-77.061436,Ward 3,2021-09-29
2021-09-21,38.929887,-76.969748,Ward 5,2021-09-27
2021-09-21,38.945357,-77.091954,Ward 3,2021-09-29
2021-09-21,38.979900,-77.023230,Ward 4,2021-09-30
2021-09-21,38.914535,-77.025761,Ward 1,2021-10-06
2021-09-21,38.897527,-77.000307,Ward 6,2021-09-24
2021-09-21,38.931325,-76.975410,Ward 5,2021-09-27
2021-09-21,38.959507,-77.031255,Ward 4,2021-09-30
2021-09-21,38.956841,-77.087920,Ward 3,2021-09-29
2021-09-21,38.955801,-77.086954,Ward 3,2021-09-29
2021-09-21,38.950189,-77.087691,Ward 3,2021-09-29
2021-09-21,38.949458,-77.087597,Ward 3,2021-09-29
2021-09-21,38.833591,-77.009255,Ward 8,2021-09-30
2021-09-21,38.950539,-77.089217,Ward 3,2021-09-29
2021-09-21,38.950039,-77.091540,Ward 3,2021-09-29
2021-09-21,38.950862,-77.091837,Ward 3,2021-09-29
2021-09-21,38.942655,-77.090359,Ward 3,2021-09-29
2021-09-21,38.949983,-77.094587,Ward 3,2021-09-29
2021-09-21,38.953093,-77.089983,Ward 3,2021-09-29
2021-09-21,38.952648,-77.088943,Ward 3,2021-09-29
2021-09-21,38.954436,-77.089673,Ward 3,2021-09-29
2021-09-21,38.977600,-77.033908,Ward 4,2021-09-30
2021-09-21,38.954470,-77.089983,Ward 3,2021-09-29
2021-09-21,38.929498,-76.972424,Ward 5,2021-09-27
2021-09-21,38.886697,-76.978632,Ward 6,2021-09-24
2021-09-21,38.925524,-77.028048,Ward 1,2021-09-27
2021-09-21,38.949458,-77.087597,Ward 3,2021-09-29
2021-09-21,38.907311,-77.081087,Ward 3,2021-09-29
2021-09-21,38.991045,-77.045052,Ward 4,2021-09-30
2021-09-21,38.955025,-77.016530,Ward 4,2021-09-30
2021-09-21,38.942268,-77.016883,Ward 4,2021-09-30
2021-09-21,38.950263,-77.016401,Ward 4,2021-09-30
2021-09-21,38.894760,-76.937282,Ward 7,2021-09-30
2021-09-22,38.893590,-76.980371,Ward 7,2021-09-24
2021-09-22,38.887063,-76.981002,Ward 6,2021-10-01
2021-09-22,38.886619,-76.981674,Ward 6,2021-10-01
2021-09-22,38.937123,-77.071086,Ward 3,2021-09-29
2021-09-22,38.883902,-76.984207,Ward 6,2021-10-01
2021-09-22,38.961914,-77.080527,Ward 3,2021-09-29
2021-09-22,38.960493,-77.069836,Ward 3,2021-09-29
2021-09-22,38.887294,-76.991758,Ward 6,2021-10-02
2021-09-22,38.860147,-76.988828,Ward 8,2021-09-30
2021-09-22,38.960101,-77.000410,Ward 4,2021-09-30
2021-09-22,38.930141,-76.970031,Ward 5,2021-09-27
2021-09-22,38.928154,-77.042147,Ward 1,2021-09-27
2021-09-22,38.982049,-77.034182,Ward 4,2021-09-30
2021-09-22,38.900803,-76.986168,Ward 6,2021-10-02
2021-09-22,38.885506,-76.991051,Ward 6,2021-10-02
2021-09-22,38.895690,-76.976409,Ward 7,2021-09-30
2021-09-22,38.970919,-77.035271,Ward 4,2021-09-30
2021-09-22,38.893144,-76.996395,Ward 6,2021-10-02
2021-09-22,38.920462,-77.011264,Ward 5,2021-09-27
2021-09-22,38.879673,-76.988075,Ward 6,2021-10-02
2021-09-22,38.908935,-77.068810,Ward 2,2021-09-30
2021-09-22,38.943627,-77.093218,Ward 3,2021-09-29
2021-09-22,38.951696,-77.094589,Ward 3,2021-09-29
2021-09-22,38.911692,-77.088739,Ward 3,2021-09-29
2021-09-22,38.912106,-77.089507,Ward 3,2021-09-29
2021-09-22,38.877089,-76.935116,Ward 7,2021-09-30
2021-09-22,38.966824,-77.025717,Ward 4,2021-09-30
2021-09-22,38.899090,-76.999899,Ward 6,2021-10-02
2021-09-22,38.935811,-77.039015,Ward 1,2021-09-27
2021-09-22,38.956608,-77.090631,Ward 3,2021-09-29
2021-09-22,38.896681,-77.001217,Ward 6,2021-10-02
2021-09-22,38.898155,-76.991288,Ward 6,2021-10-02
2021-09-22,38.938956,-77.021670,Ward 4,2021-09-30
2021-09-23,38.933691,-76.968384,Ward 5,2021-09-27
2021-09-23,38.969975,-77.054039,Ward 4,2021-09-30
2021-09-23,38.952078,-77.032638,Ward 4,2021-09-30
2021-09-23,38.942546,-77.023108,Ward 4,2021-09-30
2021-09-23,38.941693,-77.005612,Ward 5,2021-09-27
2021-09-23,38.965966,-77.022975,Ward 4,2021-09-30
2021-09-23,38.943961,-77.021935,Ward 4,2021-09-30
2021-09-23,38.840223,-77.000009,Ward 8,2021-09-30
2021-09-23,38.897905,-76.981841,Ward 6,2021-10-02
2021-09-23,38.889075,-77.000316,Ward 6,2021-10-02
2021-09-23,38.910292,-77.068056,Ward 2,2021-09-30
2021-09-23,38.927266,-76.971351,Ward 5,2021-09-27
2021-09-23,38.988238,-77.031756,Ward 4,2021-09-30
2021-09-23,38.890068,-77.000090,Ward 6,2021-10-02
2021-09-23,38.899088,-76.988494,Ward 6,2021-10-02
2021-09-23,38.937526,-77.069432,Ward 3,2021-09-29
2021-09-23,38.904314,-76.986046,Ward 5,2021-09-27
2021-09-23,38.971392,-77.028732,Ward 4,2021-09-30
2021-09-23,38.939096,-77.043007,Ward 4,2021-09-30
2021-09-23,38.912832,-77.062740,Ward 2,2021-09-30
2021-09-23,38.957081,-76.995451,Ward 5,2021-09-27
2021-09-23,38.910041,-77.086278,Ward 3,2021-09-29
2021-09-23,38.933658,-77.075685,Ward 3,2021-09-29
2021-09-23,38.932581,-77.075738,Ward 3,2021-09-29
2021-09-23,38.924508,-77.029932,Ward 1,2021-09-27
2021-09-23,38.930323,-77.018762,Ward 1,2021-09-27
2021-09-23,38.951682,-77.088328,Ward 3,2021-09-29
2021-09-23,38.938483,-77.029937,Ward 4,2021-09-30
2021-09-23,38.946924,-77.088178,Ward 3,2021-09-29
2021-09-24,38.971637,-77.013410,Ward 4,2021-09-30
2021-09-24,38.943568,-76.983006,Ward 5,2021-09-27
2021-09-24,38.955241,-76.993944,Ward 5,2021-09-27
2021-09-24,38.983745,-77.039256,Ward 4,2021-09-30
2021-09-24,38.940011,-77.042662,Ward 4,2021-09-30
2021-09-24,38.866930,-76.945033,Ward 7,2021-09-30
2021-09-24,38.930753,-77.043278,Ward 1,2021-09-27
2021-09-24,38.935203,-76.980773,Ward 5,2021-09-27
2021-09-24,38.926465,-76.986092,Ward 5,2021-09-27
2021-09-24,38.937713,-77.101820,Ward 3,2021-09-29
2021-09-24,38.887757,-76.992813,Ward 6,2021-10-02
2021-09-24,38.942218,-77.020529,Ward 4,2021-09-30
2021-09-24,38.982912,-77.029412,Ward 4,2021-09-30
2021-09-24,38.891499,-76.999767,Ward 6,2021-10-05
2021-09-24,38.895222,-76.916699,Ward 7,2021-09-30
2021-09-24,38.950186,-77.089744,Ward 3,2021-09-29
2021-09-24,38.949421,-77.019082,Ward 4,2021-09-30
2021-09-24,38.956866,-77.027526,Ward 4,2021-09-30
2021-09-24,38.883785,-76.956930,Ward 7,2021-09-30
2021-09-24,38.944848,-77.042688,Ward 4,2021-09-30
2021-09-24,38.928810,-76.992658,Ward 5,2021-09-27
2021-09-24,38.980559,-77.030943,Ward 4,2021-09-30
2021-09-24,38.862229,-76.951429,Ward 7,2021-09-30
2021-09-24,38.955259,-76.995873,Ward 5,2021-09-27
2021-09-24,38.944980,-77.073914,Ward 3,2021-09-29
2021-09-24,38.946484,-77.073340,Ward 3,2021-09-29
2021-09-24,38.946881,-77.073138,Ward 3,2021-09-29
2021-09-24,38.946519,-77.073026,Ward 3,2021-09-29
2021-09-24,38.946771,-77.072449,Ward 3,2021-09-29
2021-09-24,38.952298,-77.094756,Ward 3,2021-09-29
2021-09-24,38.905934,-76.989836,Ward 5,2021-09-27
2021-09-24,38.888020,-76.981017,Ward 6,2021-10-01
2021-09-24,38.890275,-77.000811,Ward 6,2021-10-02
2021-09-24,38.946771,-77.072449,Ward 3,2021-09-29
2021-09-24,38.953666,-77.062613,Ward 3,2021-09-29
2021-09-24,38.897167,-76.995650,Ward 6,2021-10-02
2021-09-24,38.895944,-76.998993,Ward 6,2021-10-02
2021-09-24,38.920485,-77.075205,Ward 3,2021-09-29
2021-09-24,38.968566,-77.006453,Ward 4,2021-09-30
2021-09-25,38.885146,-76.981662,Ward 6,2021-10-01
2021-09-25,38.894551,-76.997846,Ward 6,2021-10-02
2021-09-25,38.911900,-77.083789,Ward 3,2021-09-29
2021-09-25,38.882107,-76.985748,Ward 6,2021-10-01
2021-09-25,38.890931,-76.992130,Ward 6,2021-10-02
2021-09-25,38.883902,-76.984207,Ward 6,2021-10-01
2021-09-25,38.920853,-77.075093,Ward 3,2021-09-29
2021-09-25,38.943918,-77.014041,Ward 4,2021-09-30
2021-09-25,38.886692,-76.978320,Ward 6,2021-10-01
2021-09-25,38.980180,-77.028086,Ward 4,2021-09-30
2021-09-25,38.887422,-76.979228,Ward 7,2021-10-01
2021-09-25,38.914029,-77.085246,Ward 3,2021-09-29
2021-09-25,38.901509,-76.989341,Ward 6,2021-10-02
2021-09-25,38.919373,-77.012697,Ward 5,2021-10-05
2021-09-25,38.933993,-77.033346,Ward 1,2021-10-05
2021-09-25,38.972839,-77.021713,Ward 4,2021-09-30
2021-09-25,38.888054,-76.991787,Ward 6,2021-10-02
2021-09-25,38.888282,-76.989340,Ward 6,2021-10-02
2021-09-25,38.940252,-77.051884,Ward 3,2021-09-29
2021-09-25,38.891759,-76.981004,Ward 7,2021-10-02
2021-09-25,38.905114,-76.987903,Ward 5,2021-10-04
2021-09-25,38.914538,-77.014820,Ward 5,2021-10-05
2021-09-25,38.957351,-77.019715,Ward 4,2021-09-30
2021-09-26,38.895751,-76.995926,Ward 6,2021-10-02
2021-09-26,38.888362,-76.993087,Ward 6,2021-10-02
2021-09-26,38.918906,-77.076176,Ward 3,2021-10-05
2021-09-26,38.968778,-77.032248,Ward 4,2021-09-30
2021-09-26,38.939432,-77.029386,Ward 4,2021-09-30
2021-09-26,38.947103,-76.993478,Ward 5,2021-10-04
2021-09-26,38.943366,-77.085306,Ward 3,2021-10-05
2021-09-26,38.944511,-77.014914,Ward 4,2021-09-30
2021-09-26,38.890114,-76.995977,Ward 6,2021-10-02
2021-09-26,38.929113,-77.025261,Ward 1,2021-10-05
2021-09-26,38.901506,-76.994569,Ward 6,2021-10-02
2021-09-26,38.911166,-77.064100,Ward 2,2021-09-30
2021-09-26,38.925630,-77.026324,Ward 1,2021-10-05
2021-09-26,38.917764,-77.017297,Ward 1,2021-10-05
2021-09-26,38.938864,-77.028937,Ward 4,2021-09-30
2021-09-26,38.914320,-77.070215,Ward 2,2021-09-30
2021-09-26,38.905057,-77.001115,Ward 6,2021-10-02
2021-09-26,38.897581,-76.981325,Ward 6,2021-10-02
2021-09-26,38.983397,-77.036755,Ward 4,2021-09-30
2021-09-26,38.889247,-76.977492,Ward 6,2021-10-01
2021-09-26,38.916433,-77.001403,Ward 5,2021-10-04
2021-09-26,38.957351,-77.068951,Ward 3,2021-10-06
2021-09-26,38.942653,-76.979216,Ward 5,2021-10-04
2021-09-26,38.984990,-77.031524,Ward 4,2021-09-30
2021-09-26,38.927830,-76.980500,Ward 5,2021-10-04
2021-09-26,38.893395,-76.986011,Ward 6,2021-10-02
2021-09-26,38.892190,-77.000396,Ward 6,2021-10-02
2021-09-26,38.938604,-77.020040,Ward 4,2021-09-30
2021-09-26,38.944729,-77.099259,Ward 3,2021-10-05
2021-09-26,38.862311,-76.964525,Ward 7,2021-09-30
2021-09-26,38.892187,-76.999902,Ward 6,2021-10-02
2021-09-26,38.893339,-76.984356,Ward 6,2021-10-02
2021-09-26,38.944513,-77.014848,Ward 4,2021-09-29
2021-09-26,38.911330,-77.017706,Ward 6,2021-10-02
2021-09-26,38.936470,-77.065349,Ward 3,2021-10-06
2021-09-26,38.985519,-77.034485,Ward 4,2021-09-30
2021-09-26,38.952356,-77.016890,Ward 4,2021-09-30
2021-09-27,38.946595,-77.090889,Ward 3,2021-10-05
2021-09-27,38.938471,-77.017184,Ward 4,2021-09-30
2021-09-27,38.968302,-77.022749,Ward 4,2021-10-06
2021-09-27,38.975247,-77.063657,Ward 4,2021-09-30
2021-09-27,38.933282,-76.974568,Ward 5,2021-10-04
2021-09-27,38.973108,-77.020266,Ward 4,2021-09-30
2021-09-27,38.888863,-76.980995,Ward 6,2021-10-01
2021-09-27,38.936668,-77.033650,Ward 1,2021-10-05
2021-09-27,38.882759,-77.001406,Ward 6,2021-10-06
2021-09-27,38.922868,-76.982149,Ward 5,2021-10-04
2021-09-27,38.960357,-77.003459,Ward 4,2021-10-06
2021-09-27,38.929335,-76.979090,Ward 5,2021-10-04
2021-09-27,38.932920,-76.969789,Ward 5,2021-10-04
2021-09-27,38.965700,-77.006067,Ward 4,2021-10-06
2021-09-27,38.897824,-76.992410,Ward 6,2021-10-02
2021-09-27,38.868911,-76.970691,Ward 7,2021-09-30
2021-09-27,38.891694,-76.949134,Ward 7,2021-09-30
2021-09-27,38.988891,-77.046719,Ward 4,2021-10-07
2021-09-27,38.989019,-77.047125,Ward 4,2021-10-07
2021-09-27,38.988522,-77.047332,Ward 4,2021-10-07
2021-09-27,38.980356,-77.027592,Ward 4,2021-10-07
2021-09-27,38.923850,-76.990036,Ward 5,2021-10-04
2021-09-27,38.887375,-76.980536,Ward 7,2021-10-01
2021-09-27,38.943243,-76.981990,Ward 5,2021-10-04
2021-09-27,38.892672,-76.992356,Ward 6,2021-10-01
2021-09-27,38.907638,-77.065672,Ward 2,2021-10-06
2021-09-27,38.896297,-76.996762,Ward 6,2021-10-02
2021-09-27,38.899041,-76.983406,Ward 6,2021-10-02
2021-09-27,38.882661,-76.989008,Ward 6,2021-10-02
2021-09-27,38.860405,-76.953189,Ward 7,2021-09-30
2021-09-27,38.936577,-76.981216,Ward 5,2021-10-04
2021-09-27,38.890069,-76.947492,Ward 7,2021-09-30
2021-09-27,38.971852,-77.071089,Ward 4,2021-10-07
2021-09-27,38.876698,-76.934921,Ward 7,2021-09-30
2021-09-27,38.906324,-77.018017,Ward 6,2021-10-02
2021-09-27,38.924148,-76.964120,Ward 5,2021-10-04
2021-09-27,38.935342,-76.969933,Ward 5,2021-10-04
2021-09-27,38.883089,-77.003762,Ward 6,2021-10-02
2021-09-27,38.939107,-77.028305,Ward 4,2021-10-06
2021-09-27,38.956801,-77.078260,Ward 3,2021-10-06
2021-09-27,38.830292,-77.012637,Ward 8,2021-09-30
2021-09-27,38.840212,-77.000194,Ward 8,2021-09-30
2021-09-27,38.940092,-77.085908,Ward 3,2021-10-05
2021-09-27,38.936709,-77.071143,Ward 3,2021-10-06
2021-09-27,38.926143,-76.986053,Ward 5,2021-10-04
2021-09-27,38.945022,-76.980942,Ward 5,2021-10-06
2021-09-27,38.970137,-77.026185,Ward 4,2021-10-07
2021-09-27,38.907518,-77.082436,Ward 3,2021-10-05
2021-09-27,38.907874,-77.083205,Ward 3,2021-10-05
2021-09-27,38.908082,-77.083633,Ward 3,2021-10-05
2021-09-27,38.956453,-77.088390,Ward 3,2021-10-06
2021-09-27,38.952413,-77.015658,Ward 4,2021-10-06
2021-09-27,38.949876,-77.084391,Ward 3,2021-10-05
2021-09-27,38.985448,-77.034139,Ward 4,2021-10-07
2021-09-27,38.950523,-77.087504,Ward 3,2021-10-05
2021-09-27,38.955241,-76.993944,Ward 5,2021-10-04
2021-09-27,38.867806,-76.954665,Ward 7,2021-09-30
2021-09-27,38.887015,-76.929293,Ward 7,2021-09-30
2021-09-27,38.896503,-76.993279,Ward 6,2021-10-02
2021-09-27,38.882158,-76.985772,Ward 6,2021-10-02
2021-09-27,38.903499,-77.001170,Ward 6,2021-10-02
2021-09-27,38.883652,-76.998667,Ward 6,2021-10-02
2021-09-27,38.933895,-76.964192,Ward 5,2021-10-04
2021-09-27,38.883336,-76.996952,Ward 6,2021-10-02
2021-09-27,38.891872,-76.992860,Ward 6,2021-10-01
2021-09-27,38.913903,-77.040665,Ward 2,2021-10-06
2021-09-27,38.895709,-76.956574,Ward 7,2021-09-30
2021-09-27,38.940291,-76.979404,Ward 5,2021-10-04
2021-09-27,38.911600,-77.088590,Ward 3,2021-10-05
2021-09-28,38.922665,-77.027893,Ward 1,2021-10-05
2021-09-28,38.934452,-77.027435,Ward 1,2021-10-05
2021-09-28,38.943377,-77.085101,Ward 3,2021-10-05
2021-09-28,38.900848,-77.000811,Ward 6,2021-10-02
2021-09-28,38.938363,-77.064533,Ward 3,2021-10-06
2021-09-28,38.960081,-77.037518,Ward 4,2021-10-07
2021-09-28,38.896870,-76.998670,Ward 6,2021-10-02
2021-09-28,38.949928,-77.029435,Ward 4,2021-10-06
2021-09-28,38.891140,-76.991766,Ward 6,2021-10-01
2021-09-28,38.890743,-76.996860,Ward 6,2021-10-02
2021-09-28,38.908828,-77.055663,Ward 2,2021-10-06
2021-09-28,38.918207,-77.014940,Ward 1,2021-10-05
2021-09-28,38.950185,-76.993183,Ward 5,2021-10-04
2021-09-28,38.922171,-77.010915,Ward 5,2021-10-05
2021-09-28,38.929498,-76.972424,Ward 5,2021-10-04
2021-09-28,38.890756,-77.001406,Ward 6,2021-10-02
2021-09-28,38.961939,-77.015883,Ward 4,2021-10-06
2021-09-28,38.944060,-76.977537,Ward 5,2021-10-04
2021-09-28,38.940982,-76.988068,Ward 5,2021-10-04
2021-09-28,38.896340,-76.972941,Ward 7,2021-10-07
2021-09-28,38.955854,-77.007782,Ward 4,2021-10-06
2021-09-28,38.881420,-76.981998,Ward 6,2021-10-01
2021-09-28,38.897668,-77.036545,Ward 2,2021-10-06
2021-09-28,38.925025,-77.043598,Ward 1,2021-10-05
2021-09-28,38.935105,-76.983149,Ward 5,2021-10-04
2021-09-28,38.941247,-77.059973,Ward 3,2021-10-06
2021-09-28,38.908749,-76.940049,Ward 7,2021-10-07
2021-09-28,38.961836,-77.077864,Ward 3,2021-10-06
2021-09-28,38.886395,-76.924412,Ward 7,2021-10-07
2021-09-28,38.961808,-77.036052,Ward 4,2021-10-07
2021-09-28,38.965478,-77.024467,Ward 4,2021-10-06
2021-09-28,38.934595,-76.968407,Ward 5,2021-10-04
2021-09-28,38.917922,-77.008304,Ward 5,2021-10-04
2021-09-28,38.964591,-77.007183,Ward 4,2021-10-06
2021-09-28,38.931798,-77.109637,Ward 3,2021-10-05
2021-09-28,38.936889,-77.064371,Ward 3,2021-10-06
2021-09-28,38.856406,-76.979972,Ward 8,2021-10-07
2021-09-28,38.896954,-76.988081,Ward 6,2021-10-02
2021-09-28,38.969961,-77.067256,Ward 4,2021-10-07
2021-09-28,38.843796,-76.994926,Ward 8,2021-10-07
2021-09-28,38.897923,-76.984388,Ward 6,2021-10-02
2021-09-28,38.894947,-76.989501,Ward 6,2021-10-02
2021-09-28,38.955043,-77.013847,Ward 4,2021-10-06
2021-09-28,38.910080,-77.019157,Ward 6,2021-10-02
2021-09-29,38.871646,-76.960280,Ward 7,2021-10-07
2021-09-29,38.881455,-76.985922,Ward 6,2021-10-12
2021-09-29,38.916974,-77.016562,Ward 1,2021-10-05
2021-09-29,38.961233,-77.074615,Ward 3,2021-10-06
2021-09-29,38.878737,-76.943102,Ward 7,2021-10-07
2021-09-29,38.946924,-77.088178,Ward 3,2021-10-05
2021-09-29,38.926465,-76.986092,Ward 5,2021-10-04
2021-09-29,38.945111,-77.016937,Ward 4,2021-10-06
2021-09-29,38.846312,-76.971420,Ward 8,2021-10-19
2021-09-29,38.945035,-76.980798,Ward 5,2021-10-04
2021-09-29,38.976010,-77.024825,Ward 4,2021-10-07
2021-09-29,38.860793,-76.954612,Ward 7,2021-10-07
2021-09-29,38.870812,-76.939049,Ward 7,2021-10-07
2021-09-29,38.973183,-77.059938,Ward 4,2021-10-07
2021-09-29,38.954935,-77.031224,Ward 4,2021-10-06
2021-09-29,38.889045,-76.999719,Ward 6,2021-10-12
2021-09-29,38.927731,-76.991122,Ward 5,2021-10-04
2021-09-29,38.899288,-77.001790,Ward 6,2021-10-08
2021-09-29,38.943371,-77.079574,Ward 3,2021-10-05
2021-09-29,38.877486,-76.930242,Ward 7,2021-10-07
2021-09-29,38.986906,-77.031392,Ward 4,2021-10-07
2021-09-29,38.894939,-76.988982,Ward 6,2021-10-08
2021-09-29,38.935201,-77.022722,Ward 1,2021-10-05
2021-09-29,38.947252,-77.072903,Ward 3,2021-10-06
2021-09-29,38.966016,-77.073463,Ward 3,2021-10-06
2021-09-29,38.927165,-76.975932,Ward 5,2021-10-04
2021-09-29,38.942402,-76.974392,Ward 5,2021-10-04
2021-09-29,38.956390,-77.007164,Ward 4,2021-10-06
2021-09-29,38.894972,-76.996809,Ward 6,2021-10-08
2021-09-29,38.965279,-77.069967,Ward 3,2021-10-06
2021-09-29,38.879565,-76.934218,Ward 7,2021-10-07
2021-09-29,38.929012,-77.025767,Ward 1,2021-10-05
2021-09-29,38.965287,-77.077386,Ward 3,2021-10-06
2021-09-29,38.922537,-77.001200,Ward 5,2021-10-04
2021-09-29,38.909415,-77.081653,Ward 3,2021-10-05
2021-09-29,38.909481,-77.082041,Ward 3,2021-10-05
2021-09-29,38.911469,-77.082206,Ward 3,2021-10-05
2021-09-29,38.912466,-77.082288,Ward 3,2021-10-05
2021-09-29,38.970962,-77.011340,Ward 4,2021-10-06
2021-09-29,38.902241,-76.998618,Ward 6,2021-10-08
2021-09-29,38.920371,-77.042655,Ward 1,2021-10-05
2021-09-29,38.899089,-76.990931,Ward 6,2021-10-08
2021-09-29,38.881667,-76.993991,Ward 6,2021-10-12
2021-09-29,38.897279,-76.977888,Ward 6,2021-10-12
2021-09-29,38.900693,-76.993474,Ward 6,2021-10-08
2021-09-30,38.980660,-77.056821,Ward 4,2021-10-07
2021-09-30,38.968778,-77.032248,Ward 4,2021-09-30
2021-09-30,38.951173,-77.021017,Ward 4,2021-10-06
2021-09-30,38.933331,-77.099869,Ward 3,2021-10-05
2021-09-30,38.863856,-76.987771,Ward 8,2021-10-07
2021-09-30,38.881608,-76.983145,Ward 6,2021-10-12
2021-09-30,38.933596,-76.985537,Ward 5,2021-10-04
2021-09-30,38.906607,-77.017815,Ward 6,2021-10-08
2021-09-30,38.895604,-76.995896,Ward 6,2021-10-08
2021-09-30,38.935220,-77.022585,Ward 1,2021-10-05
2021-09-30,38.942405,-77.075323,Ward 3,2021-10-06
2021-09-30,38.928755,-76.983447,Ward 5,2021-10-04
2021-09-30,38.924291,-76.982198,Ward 5,2021-10-04
2021-09-30,38.941970,-77.016870,Ward 4,2021-10-06
2021-09-30,38.979580,-77.028210,Ward 4,2021-10-07
2021-09-30,38.923685,-76.990969,Ward 5,2021-09-30
2021-09-30,38.942937,-77.015196,Ward 4,2021-10-06
2021-09-30,38.950819,-76.997454,Ward 5,2021-10-04
2021-09-30,38.882475,-76.983833,Ward 6,2021-10-12
2021-09-30,38.911137,-77.060167,Ward 2,2021-10-06
2021-09-30,38.887015,-76.929293,Ward 7,2021-09-30
2021-09-30,38.976352,-77.060999,Ward 4,2021-10-07
2021-09-30,38.914273,-77.012399,Ward 5,2021-10-05
2021-09-30,38.967818,-77.072446,Ward 3,2021-10-06
2021-09-30,38.874388,-76.963559,Ward 7,2021-10-07
2021-09-30,38.958170,-77.073244,Ward 3,2021-10-04
2021-09-30,38.968792,-77.028904,Ward 4,2021-10-07
2021-09-30,38.890615,-76.983422,Ward 6,2021-10-12
2021-09-30,38.930370,-76.980362,Ward 5,2021-10-04
2021-09-30,38.962876,-77.079287,Ward 3,2021-10-06
2021-09-30,38.876930,-76.936026,Ward 7,2021-10-07
2021-09-30,38.958886,-76.994067,Ward 4,2021-10-06
2021-09-30,38.859094,-76.958641,Ward 7,2021-10-19
2021-09-30,38.948334,-77.074361,Ward 3,2021-10-06
2021-09-30,38.891794,-76.996730,Ward 6,2021-10-12
2021-09-30,38.930096,-77.044097,Ward 1,2021-10-05
2021-09-30,38.897036,-76.972257,Ward 7,2021-10-07
2021-09-30,38.896798,-76.998206,Ward 6,2021-10-08
2021-09-30,38.979900,-77.023230,Ward 4,2021-10-07
2021-10-01,38.895615,-77.001807,Ward 6,2021-10-08
2021-10-01,38.925309,-77.023439,Ward 1,2021-10-05
2021-10-01,38.984990,-77.031524,Ward 4,2021-10-07
2021-10-01,38.910292,-77.068056,Ward 2,2021-10-06
2021-10-01,38.875976,-76.936122,Ward 7,2021-10-07
2021-10-01,38.939849,-76.992429,Ward 5,2021-10-04
2021-10-01,38.891449,-76.952792,Ward 7,2021-10-07
2021-10-01,38.954360,-76.994178,Ward 5,2021-10-04
2021-10-01,38.886619,-76.981674,Ward 6,2021-10-12
2021-10-01,38.910698,-77.019171,Ward 6,2021-10-08
2021-10-01,38.967195,-77.054979,Ward 4,2021-10-07
2021-10-01,38.934703,-77.103492,Ward 3,2021-10-05
2021-10-01,38.970816,-77.063071,Ward 4,2021-10-07
2021-10-01,38.934848,-76.977987,Ward 5,2021-10-04
2021-10-01,38.896277,-76.978504,Ward 6,2021-10-12
2021-10-01,38.968098,-77.021887,Ward 4,2021-10-06
2021-10-01,38.882996,-77.005629,Ward 6,2021-10-12
2021-10-01,38.902830,-76.927362,Ward 7,2021-10-07
2021-10-01,38.945162,-77.043982,Ward 4,2021-10-07
2021-10-01,38.968778,-77.032248,Ward 4,2021-10-07
2021-10-01,38.920585,-77.098183,Ward 3,2021-10-05
2021-10-01,38.970709,-77.071419,Ward 3,2021-10-06
2021-10-01,38.968016,-77.072671,Ward 3,2021-10-06
2021-10-01,38.967064,-77.071002,Ward 3,2021-10-06
2021-10-01,38.959852,-77.069692,Ward 3,2021-10-06
2021-10-01,38.965993,-77.072260,Ward 3,2021-10-06
2021-10-01,38.983032,-77.029036,Ward 4,2021-10-07
2021-10-01,38.966346,-77.015506,Ward 4,2021-10-06
2021-10-01,38.903034,-76.991322,Ward 6,2021-10-08
2021-10-01,38.879892,-76.992865,Ward 6,2021-10-12
2021-10-01,38.917676,-77.018163,Ward 1,2021-10-05
2021-10-01,38.894965,-77.001790,Ward 6,2021-10-08
2021-10-02,38.932457,-76.971901,Ward 5,2021-10-04
2021-10-02,38.938119,-76.980426,Ward 5,2021-10-18
2021-10-02,38.916792,-77.013192,Ward 5,2021-10-18
2021-10-02,38.911491,-77.017361,Ward 6,2021-10-08
2021-10-02,38.949458,-77.087597,Ward 3,2021-10-05
2021-10-02,38.981147,-77.034359,Ward 4,2021-10-07
2021-10-02,38.882633,-76.989401,Ward 6,2021-10-07
2021-10-02,38.888810,-76.980148,Ward 6,2021-10-12
2021-10-02,38.986624,-77.041687,Ward 4,2021-10-07
2021-10-02,38.933494,-76.987316,Ward 5,2021-10-18
2021-10-02,38.940995,-77.091625,Ward 3,2021-10-05
2021-10-02,38.942675,-76.977485,Ward 5,2021-10-18
2021-10-02,38.937393,-76.975965,Ward 5,2021-10-18
2021-10-02,38.939521,-77.040027,Ward 4,2021-10-07
2021-10-02,38.930922,-76.987980,Ward 5,2021-10-18
2021-10-02,38.914320,-77.070215,Ward 2,2021-10-06
2021-10-02,38.932109,-76.983915,Ward 5,2021-10-18
2021-10-02,38.925758,-76.988858,Ward 5,2021-10-18
2021-10-02,38.980000,-77.021638,Ward 4,2021-10-07
2021-10-02,38.871108,-76.973432,Ward 8,2021-10-07
2021-10-02,38.870506,-76.972391,Ward 8,2021-10-07
2021-10-02,38.948119,-77.091036,Ward 3,2021-10-05
2021-10-02,38.902257,-76.990687,Ward 6,2021-10-08
2021-10-02,38.872259,-76.972645,Ward 8,2021-10-07
2021-10-03,38.992976,-77.038434,Ward 4,2021-10-07
2021-10-03,38.934395,-77.064115,Ward 3,2021-10-06
2021-10-03,38.961031,-77.022686,Ward 4,2021-10-06
2021-10-03,38.902047,-77.002265,Ward 6,2021-10-08
2021-10-03,38.909845,-77.082333,Ward 3,2021-10-12
2021-10-03,38.890693,-76.948489,Ward 7,2021-10-07
2021-10-03,38.928167,-77.100888,Ward 3,2021-10-12
2021-10-03,38.956716,-77.086005,Ward 3,2021-10-13
2021-10-03,38.924101,-77.024978,Ward 1,2021-10-18
2021-10-03,38.901071,-77.054541,Ward 2,2021-10-06
2021-10-03,38.915159,-77.020151,Ward 6,2021-10-08
2021-10-03,38.979214,-77.029172,Ward 4,2021-10-07
2021-10-03,38.922355,-77.075225,Ward 3,2021-10-12
2021-10-03,38.958162,-77.083504,Ward 3,2021-10-13
2021-10-03,38.878547,-76.988500,Ward 6,2021-10-12
2021-10-03,38.938604,-77.020040,Ward 4,2021-10-06
2021-10-03,38.885414,-76.928505,Ward 7,2021-10-07
2021-10-03,38.966426,-77.061829,Ward 4,2021-10-07
2021-10-03,38.887909,-76.925366,Ward 7,2021-10-07
2021-10-03,38.931688,-77.108480,Ward 3,2021-10-08
2021-10-03,38.902760,-76.994735,Ward 6,2021-10-08
2021-10-03,38.880584,-76.940284,Ward 7,2021-10-07
2021-10-03,38.914029,-77.085246,Ward 3,2021-10-12
2021-10-03,38.895195,-76.955565,Ward 7,2021-10-07
2021-10-03,38.895952,-76.978202,Ward 6,2021-10-12
2021-10-03,38.970716,-77.062979,Ward 4,2021-10-07
2021-10-03,38.890981,-76.992330,Ward 6,2021-10-12
2021-10-03,38.961021,-77.003623,Ward 4,2021-10-06
2021-10-03,38.904806,-76.997726,Ward 6,2021-10-08
2021-10-03,38.885623,-76.982450,Ward 6,2021-10-12
2021-10-03,38.880909,-76.941082,Ward 7,2021-10-07
2021-10-04,38.882893,-76.998122,Ward 6,2021-10-12
2021-10-04,38.886692,-76.978320,Ward 6,2021-10-12
2021-10-04,38.897140,-77.001829,Ward 6,2021-10-08
2021-10-04,38.927363,-76.992203,Ward 5,2021-10-18
2021-10-04,38.943118,-77.004052,Ward 5,2021-10-18
2021-10-04,38.930650,-76.983117,Ward 5,2021-10-18
2021-10-04,38.894016,-76.939629,Ward 7,2021-10-07
2021-10-04,38.885602,-76.990737,Ward 6,2021-10-12
2021-10-04,38.896303,-76.995687,Ward 6,2021-10-08
2021-10-04,38.964707,-77.065147,Ward 4,2021-10-13
2021-10-04,38.882594,-76.988946,Ward 6,2021-10-12
2021-10-04,38.931924,-76.978610,Ward 5,2021-10-18
2021-10-04,38.946497,-77.020465,Ward 4,2021-10-14
2021-10-04,38.965864,-77.003056,Ward 4,2021-10-13
2021-10-04,38.946794,-77.007747,Ward 5,2021-10-18
2021-10-04,38.895773,-76.976426,Ward 7,2021-10-07
2021-10-04,38.942952,-77.085678,Ward 3,2021-10-14
2021-10-04,38.888483,-76.978566,Ward 6,2021-10-12
2021-10-04,38.899995,-76.977156,Ward 5,2021-10-18
2021-10-04,38.907936,-77.081544,Ward 3,2021-10-12
2021-10-04,38.833512,-76.997722,Ward 8,2021-10-07
2021-10-04,38.924499,-77.028817,Ward 1,2021-10-18
2021-10-04,38.928622,-77.042734,Ward 1,2021-10-19
2021-10-04,38.899056,-76.994713,Ward 6,2021-10-08
2021-10-04,38.932315,-77.031324,Ward 1,2021-10-18
2021-10-04,38.978505,-77.021081,Ward 4,2021-10-13
2021-10-04,38.943961,-77.021935,Ward 4,2021-10-13
2021-10-04,38.902283,-76.984742,Ward 5,2021-10-18
2021-10-04,38.868911,-76.970691,Ward 7,2021-10-07
2021-10-04,38.929524,-77.027246,Ward 1,2021-10-18
2021-10-04,38.918593,-77.098013,Ward 3,2021-10-12
2021-10-04,38.886657,-76.993498,Ward 6,2021-10-12
2021-10-04,38.943242,-76.982568,Ward 5,2021-10-18
2021-10-04,38.899575,-76.991244,Ward 6,2021-10-08
2021-10-04,38.937713,-77.101820,Ward 3,2021-10-12
2021-10-04,38.901615,-77.053050,Ward 2,2021-10-14
2021-10-04,38.973785,-77.059871,Ward 4,2021-10-13
2021-10-04,38.892584,-76.984358,Ward 6,2021-10-12
2021-10-04,38.935532,-77.107652,Ward 3,2021-10-12
2021-10-04,38.867139,-76.944530,Ward 7,2021-10-07
2021-10-04,38.947515,-77.098439,Ward 3,2021-10-12
2021-10-04,38.949499,-77.095566,Ward 3,2021-10-12
2021-10-04,38.908614,-77.067110,Ward 2,2021-10-14
2021-10-04,38.962509,-77.001058,Ward 4,2021-10-13
2021-10-04,38.944978,-77.087718,Ward 3,2021-10-14
2021-10-04,38.953793,-77.071198,Ward 3,2021-10-13
2021-10-04,38.880965,-76.983239,Ward 6,2021-10-12
2021-10-04,38.905040,-76.985243,Ward 5,2021-10-18
2021-10-04,38.951278,-77.016772,Ward 4,2021-10-13
2021-10-04,38.837280,-77.004580,Ward 8,2021-10-07
2021-10-04,38.912422,-77.010289,Ward 5,2021-10-27
2021-10-04,38.988912,-77.038179,Ward 4,2021-10-13
2021-10-04,38.929214,-77.060419,Ward 3,2021-10-13
2021-10-04,38.934484,-77.025354,Ward 1,2021-10-18
2021-10-04,38.942709,-76.989968,Ward 5,2021-10-18
2021-10-05,38.949182,-77.030606,Ward 4,2021-10-13
2021-10-05,38.917619,-77.043713,Ward 1,2021-10-18
2021-10-05,38.970906,-77.063139,Ward 4,2021-10-13
2021-10-05,38.957129,-77.063595,Ward 3,2021-10-13
2021-10-05,38.896793,-76.998001,Ward 6,2021-10-08
2021-10-05,38.966319,-77.024839,Ward 4,2021-10-13
2021-10-05,38.891493,-77.000335,Ward 6,2021-10-12
2021-10-05,38.932920,-76.969789,Ward 5,2021-10-18
2021-10-05,38.923965,-76.963903,Ward 5,2021-10-18
2021-10-05,38.965317,-77.061664,Ward 4,2021-10-19
2021-10-05,38.964391,-77.023130,Ward 4,2021-10-13
2021-10-05,38.929538,-77.058244,Ward 3,2021-10-13
2021-10-05,38.880834,-76.942285,Ward 7,2021-10-14
2021-10-05,38.962526,-77.023784,Ward 4,2021-10-13
2021-10-05,38.955086,-77.072616,Ward 3,2021-10-13
2021-10-05,38.904330,-76.999752,Ward 6,2021-10-08
2021-10-05,38.927387,-77.023867,Ward 1,2021-10-18
2021-10-05,38.920782,-77.009339,Ward 5,2021-10-18
2021-10-05,38.896315,-76.997485,Ward 6,2021-10-08
2021-10-05,38.940982,-76.988068,Ward 5,2021-10-18
2021-10-05,38.934452,-77.027435,Ward 1,2021-10-18
2021-10-05,38.935342,-76.969933,Ward 5,2021-10-18
2021-10-05,38.975791,-77.035989,Ward 4,2021-10-13
2021-10-05,38.964216,-77.024744,Ward 4,2021-10-13
2021-10-05,38.929113,-77.025261,Ward 1,2021-10-18
2021-10-05,38.946727,-77.066871,Ward 3,2021-10-14
2021-10-05,38.932783,-76.981935,Ward 5,2021-10-18
2021-10-05,38.957201,-77.088943,Ward 3,2021-10-13
2021-10-05,38.956842,-77.087859,Ward 3,2021-10-13
2021-10-05,38.956554,-77.090748,Ward 3,2021-10-13
2021-10-05,38.956144,-77.089500,Ward 3,2021-10-13
2021-10-05,38.884283,-76.992121,Ward 6,2021-10-12
2021-10-05,38.904973,-77.018602,Ward 6,2021-10-08
2021-10-05,38.897686,-76.991781,Ward 6,2021-10-08
2021-10-05,38.926883,-76.992671,Ward 5,2021-10-18
2021-10-05,38.967490,-77.014330,Ward 4,2021-10-13
2021-10-05,38.926522,-77.054728,Ward 3,2021-10-13
2021-10-06,38.960081,-77.037518,Ward 4,2021-10-13
2021-10-06,38.934786,-76.975995,Ward 5,2021-10-18
2021-10-06,38.958625,-76.993745,Ward 4,2021-10-13
2021-10-06,38.868196,-76.965982,Ward 7,2021-10-14
2021-10-06,38.877498,-76.938126,Ward 7,2021-10-14
2021-10-06,38.897780,-76.993992,Ward 6,2021-10-15
2021-10-06,38.877629,-76.938192,Ward 7,2021-10-14
2021-10-06,38.897705,-77.001798,Ward 6,2021-10-15
2021-10-06,38.913217,-76.981150,Ward 5,2021-10-20
2021-10-06,38.967387,-77.065922,Ward 4,2021-10-13
2021-10-06,38.895571,-76.995383,Ward 6,2021-10-15
2021-10-06,38.924991,-77.027990,Ward 1,2021-10-18
2021-10-06,38.946383,-76.981565,Ward 5,2021-10-18
2021-10-06,38.939000,-77.019659,Ward 4,2021-10-13
2021-10-06,38.911083,-77.080971,Ward 3,2021-10-12
2021-10-06,38.951801,-76.988479,Ward 5,2021-10-18
2021-10-06,38.942218,-77.020529,Ward 4,2021-10-13
2021-10-06,38.910448,-77.019163,Ward 6,2021-10-15
2021-10-06,38.931323,-77.020834,Ward 1,2021-10-18
2021-10-06,38.881420,-76.981998,Ward 6,2021-10-15
2021-10-06,38.887410,-76.994155,Ward 6,2021-10-15
2021-10-06,38.912466,-77.082288,Ward 3,2021-10-12
2021-10-06,38.913150,-77.087044,Ward 3,2021-10-12
2021-10-06,38.913250,-77.087390,Ward 3,2021-10-12
2021-10-06,38.949491,-77.098388,Ward 3,2021-10-12
2021-10-06,38.949530,-77.098242,Ward 3,2021-10-12
2021-10-06,38.951212,-77.097036,Ward 3,2021-10-12
2021-10-06,38.951455,-77.097011,Ward 3,2021-10-12
2021-10-06,38.951330,-77.097017,Ward 3,2021-10-12
2021-10-06,38.951368,-77.097406,Ward 3,2021-10-12
2021-10-06,38.950822,-77.091676,Ward 3,2021-10-13
2021-10-06,38.947297,-77.093565,Ward 3,2021-10-14
2021-10-06,38.947288,-77.093741,Ward 3,2021-10-14
2021-10-06,38.947288,-77.093741,Ward 3,2021-10-14
2021-10-06,38.949891,-77.093256,Ward 3,2021-10-12
2021-10-06,38.929421,-77.030784,Ward 1,2021-10-18
2021-10-06,38.960201,-77.037831,Ward 4,2021-10-13
2021-10-06,38.953072,-76.987121,Ward 5,2021-10-18
2021-10-06,38.936850,-77.030952,Ward 4,2021-10-13
2021-10-06,38.919765,-77.011851,Ward 5,2021-10-18
2021-10-06,38.941970,-77.016870,Ward 4,2021-10-14
2021-10-06,38.943468,-76.987020,Ward 5,2021-10-18
2021-10-06,38.938820,-76.987138,Ward 5,2021-10-18
2021-10-06,38.882051,-76.998651,Ward 6,2021-10-15
2021-10-06,38.903034,-76.991322,Ward 6,2021-10-15
2021-10-06,38.892437,-76.999255,Ward 6,2021-10-15
2021-10-06,38.896774,-77.001137,Ward 6,2021-10-15
2021-10-07,38.942408,-77.091519,Ward 3,2021-10-14
2021-10-07,38.987243,-77.031129,Ward 4,2021-10-13
2021-10-07,38.911657,-77.010400,Ward 5,2021-10-18
2021-10-07,38.888301,-76.999742,Ward 6,2021-10-15
2021-10-07,38.884032,-77.006130,Ward 6,2021-10-15
2021-10-07,38.938415,-77.094722,Ward 3,2021-10-12
2021-10-07,38.883898,-76.982718,Ward 6,2021-10-15
2021-10-07,38.956474,-77.075730,Ward 3,2021-10-13
2021-10-07,38.875687,-76.957277,Ward 7,2021-10-14
2021-10-07,38.895651,-76.976410,Ward 7,2021-10-14
2021-10-07,38.931687,-76.975949,Ward 5,2021-10-18
2021-10-07,38.945939,-77.025512,Ward 4,2021-10-13
2021-10-07,38.950263,-77.016401,Ward 4,2021-10-13
2021-10-07,38.947957,-77.023863,Ward 4,2021-10-13
2021-10-07,38.944603,-77.091671,Ward 3,2021-10-14
2021-10-07,38.902258,-76.997764,Ward 6,2021-10-15
2021-10-07,38.911959,-77.020732,Ward 6,2021-10-15
2021-10-07,38.959829,-77.012231,Ward 4,2021-10-13
2021-10-07,38.870812,-76.939049,Ward 7,2021-10-14
2021-10-07,38.880909,-76.941082,Ward 7,2021-10-14
2021-10-07,38.924540,-77.027953,Ward 1,2021-10-18
2021-10-07,38.953597,-77.033144,Ward 4,2021-10-13
2021-10-07,38.920371,-77.042655,Ward 1,2021-10-18
2021-10-07,38.949871,-77.095789,Ward 3,2021-10-12
2021-10-08,38.874388,-76.963559,Ward 7,2021-10-14
2021-10-08,38.912776,-77.047621,Ward 2,2021-10-13
2021-10-08,38.894965,-77.001790,Ward 6,2021-10-15
2021-10-08,38.878737,-76.943102,Ward 7,2021-10-14
2021-10-08,38.934700,-76.969888,Ward 5,2021-10-18
2021-10-08,38.954360,-76.994178,Ward 5,2021-10-19
2021-10-08,38.888639,-76.992449,Ward 6,2021-10-15
2021-10-08,38.879683,-76.986297,Ward 6,2021-10-15
2021-10-08,38.929900,-77.029108,Ward 1,2021-10-18
2021-10-08,38.960681,-77.022181,Ward 4,2021-10-14
2021-10-08,38.897138,-76.997115,Ward 6,2021-10-15
2021-10-08,38.952413,-77.015658,Ward 4,2021-10-13
2021-10-08,38.914861,-77.019632,Ward 6,2021-10-15
2021-10-08,38.875687,-76.957277,Ward 7,2021-10-14
2021-10-08,38.890486,-76.934659,Ward 7,2021-10-14
2021-10-08,38.890095,-76.999942,Ward 6,2021-10-15
2021-10-08,38.920471,-77.075561,Ward 3,2021-10-12
2021-10-08,38.966580,-77.007243,Ward 4,2021-10-13
2021-10-08,38.945346,-77.075554,Ward 3,2021-10-14
2021-10-08,38.944576,-77.073909,Ward 3,2021-10-14
2021-10-08,38.944979,-77.073525,Ward 3,2021-10-14
2021-10-08,38.900517,-76.925732,Ward 7,2021-10-14
2021-10-08,38.897140,-77.001829,Ward 6,2021-10-15
2021-10-08,38.924653,-77.034901,Ward 1,2021-10-17
2021-10-08,38.978485,-77.023577,Ward 4,2021-10-13
2021-10-08,38.950185,-76.993183,Ward 5,2021-10-19
2021-10-08,38.937952,-77.019480,Ward 4,2021-10-13
2021-10-09,38.910871,-77.018695,Ward 2,2021-10-15
2021-10-09,38.955233,-77.020062,Ward 4,2021-10-13
2021-10-09,38.963379,-77.069688,Ward 3,2021-10-13
2021-10-09,38.942402,-76.974392,Ward 5,2021-10-18
2021-10-09,38.955294,-77.029970,Ward 4,2021-10-13
2021-10-09,38.907741,-77.010012,Ward 5,2021-10-18
2021-10-09,38.888845,-76.991933,Ward 6,2021-10-15
2021-10-09,38.895964,-76.995688,Ward 6,2021-10-15
2021-10-09,38.890114,-76.995977,Ward 6,2021-10-15
2021-10-09,38.863516,-76.988606,Ward 8,2021-10-14
2021-10-09,38.883345,-76.980997,Ward 6,2021-10-15
2021-10-09,38.957274,-76.998721,Ward 4,2021-10-13
2021-10-09,38.926750,-77.078158,Ward 3,2021-10-12
2021-10-09,38.899110,-77.001793,Ward 6,2021-10-15
2021-10-09,38.927884,-76.975977,Ward 5,2021-10-18
2021-10-09,38.937376,-77.065066,Ward 3,2021-10-13
2021-10-10,38.892584,-76.933972,Ward 7,2021-10-14
2021-10-10,38.897973,-76.997050,Ward 6,2021-10-15
2021-10-10,38.918882,-77.014936,Ward 1,2021-10-18
2021-10-10,38.968778,-77.032248,Ward 4,2021-10-13
2021-10-10,38.948569,-77.091248,Ward 3,2021-10-19
2021-10-10,38.899479,-76.994720,Ward 6,2021-10-15
2021-10-10,38.916671,-77.097317,Ward 3,2021-10-19
2021-10-10,38.928156,-77.026802,Ward 1,2021-10-18
2021-10-10,38.956866,-77.027526,Ward 4,2021-10-14
2021-10-10,38.931331,-76.963484,Ward 5,2021-10-18
2021-10-10,38.939930,-77.024505,Ward 4,2021-10-13
2021-10-10,38.905336,-76.985865,Ward 5,2021-10-18
2021-10-10,38.915755,-77.001719,Ward 5,2021-10-18
2021-10-10,38.940345,-77.029439,Ward 4,2021-10-13
2021-10-10,38.891116,-76.995798,Ward 6,2021-10-15
2021-10-10,38.979214,-77.029172,Ward 4,2021-10-13
2021-10-10,38.861168,-76.964340,Ward 7,2021-10-14
2021-10-10,38.920255,-77.034478,Ward 1,2021-10-18
2021-10-10,38.891868,-76.998691,Ward 6,2021-10-15
2021-10-10,38.950819,-76.997454,Ward 5,2021-10-18
2021-10-10,38.891116,-76.995740,Ward 6,2021-10-15
2021-10-10,38.971561,-77.018312,Ward 4,2021-10-13
2021-10-10,38.940995,-77.091625,Ward 3,2021-10-19
2021-10-10,38.942546,-77.023108,Ward 4,2021-10-13
2021-10-10,38.895257,-76.991288,Ward 6,2021-10-15
2021-10-10,38.898041,-77.002261,Ward 6,2021-10-15
2021-10-10,38.949897,-77.087684,Ward 3,2021-10-19
2021-10-10,38.893038,-76.986636,Ward 6,2021-10-15
2021-10-10,38.883652,-76.990515,Ward 6,2021-10-15
2021-10-11,38.945264,-77.027897,Ward 4,2021-10-21
2021-10-11,38.933540,-77.039025,Ward 1,2021-10-19
2021-10-11,38.928538,-77.057283,Ward 3,2021-10-19
2021-10-11,38.973108,-77.020266,Ward 4,2021-10-13
2021-10-11,38.941062,-77.095475,Ward 3,2021-10-19
2021-10-11,38.912832,-77.062740,Ward 2,2021-10-21
2021-10-11,38.927243,-77.023573,Ward 1,2021-10-18
2021-10-11,38.962142,-77.064115,Ward 4,2021-10-20
2021-10-11,38.930892,-77.019776,Ward 1,2021-10-18
2021-10-11,38.926182,-77.056002,Ward 3,2021-10-19
2021-10-11,38.886099,-76.927585,Ward 7,2021-10-14
2021-10-11,38.939096,-77.043007,Ward 4,2021-10-20
2021-10-11,38.963621,-77.019687,Ward 4,2021-10-20
2021-10-11,38.955852,-76.990175,Ward 5,2021-10-18
2021-10-11,38.892190,-77.000396,Ward 6,2021-10-15
2021-10-11,38.899088,-77.000200,Ward 6,2021-10-15
2021-10-11,38.984526,-77.030931,Ward 4,2021-10-20
2021-10-11,38.895951,-76.977920,Ward 6,2021-10-15
2021-10-11,38.908491,-77.080548,Ward 3,2021-10-20
2021-10-11,38.946498,-77.093563,Ward 3,2021-10-19
2021-10-11,38.933596,-76.985537,Ward 5,2021-10-18
2021-10-11,38.890068,-77.000090,Ward 6,2021-10-15
2021-10-11,38.919579,-77.077278,Ward 3,2021-10-20
2021-10-11,38.931714,-77.025223,Ward 1,2021-10-18
2021-10-11,38.928453,-77.021375,Ward 1,2021-10-18
2021-10-11,38.837280,-77.004580,Ward 8,2021-10-14
2021-10-11,38.962268,-77.076624,Ward 3,2021-10-19
2021-10-11,38.930096,-77.044097,Ward 1,2021-10-19
2021-10-11,38.891468,-76.991261,Ward 6,2021-10-15
2021-10-11,38.926037,-76.984298,Ward 5,2021-10-18
2021-10-11,38.921984,-76.955269,Ward 5,2021-10-18
2021-10-11,38.955253,-77.013359,Ward 4,2021-10-20
2021-10-11,38.965864,-77.003056,Ward 4,2021-10-20
2021-10-11,38.983539,-77.031601,Ward 4,2021-10-20
2021-10-11,38.902232,-77.001571,Ward 6,2021-10-15
2021-10-11,38.970538,-77.025834,Ward 4,2021-10-20
2021-10-11,38.929000,-77.020896,Ward 1,2021-10-18
2021-10-11,38.949165,-77.083566,Ward 3,2021-10-19
2021-10-11,38.946924,-77.088178,Ward 3,2021-10-19
2021-10-11,38.871108,-76.973432,Ward 8,2021-10-14
2021-10-11,38.903547,-76.994212,Ward 6,2021-10-15
2021-10-11,38.882661,-76.989008,Ward 6,2021-10-15
2021-10-11,38.948867,-77.025104,Ward 4,2021-10-20
2021-10-12,38.897686,-76.991781,Ward 6,2021-10-15
2021-10-12,38.891581,-76.985213,Ward 6,2021-10-15
2021-10-12,38.929518,-76.987683,Ward 5,2021-10-18
2021-10-12,38.906265,-76.934949,Ward 7,2021-10-21
2021-10-12,38.945714,-77.075545,Ward 3,2021-10-19
2021-10-12,38.981147,-77.034359,Ward 4,2021-10-20
2021-10-12,38.987393,-77.032731,Ward 4,2021-10-20
2021-10-12,38.948128,-77.073961,Ward 3,2021-10-27
2021-10-12,38.894939,-76.988982,Ward 6,2021-10-15
2021-10-12,38.937930,-76.973969,Ward 5,2021-10-18
2021-10-12,38.940982,-76.988068,Ward 5,2021-10-18
2021-10-12,38.914300,-77.019681,Ward 2,2021-10-15
2021-10-12,38.953157,-77.030827,Ward 4,2021-10-27
2021-10-12,38.943243,-76.981990,Ward 5,2021-10-18
2021-10-12,38.921125,-77.086921,Ward 3,2021-10-20
2021-10-12,38.888206,-76.979203,Ward 7,2021-10-15
2021-10-12,38.887773,-76.925328,Ward 7,2021-10-21
2021-10-12,38.957203,-77.089280,Ward 3,2021-10-19
2021-10-12,38.960305,-77.017359,Ward 4,2021-10-20
2021-10-12,38.982488,-77.032581,Ward 4,2021-10-20
2021-10-12,38.907779,-77.083141,Ward 3,2021-10-20
2021-10-12,38.929230,-77.107067,Ward 3,2021-10-19
2021-10-12,38.929438,-77.106779,Ward 3,2021-10-19
2021-10-12,38.947673,-77.091596,Ward 3,2021-10-19
2021-10-12,38.947662,-77.092850,Ward 3,2021-10-19
2021-10-12,38.947297,-77.093565,Ward 3,2021-10-19
2021-10-12,38.947308,-77.093914,Ward 3,2021-10-19
2021-10-12,38.947364,-77.094101,Ward 3,2021-10-19
2021-10-12,38.961235,-77.065114,Ward 4,2021-10-20
2021-10-12,38.947680,-77.094130,Ward 3,2021-10-19
2021-10-12,38.949499,-77.095566,Ward 3,2021-10-19
2021-10-12,38.953049,-77.093404,Ward 3,2021-10-19
2021-10-12,38.975233,-77.057139,Ward 4,2021-10-20
2021-10-12,38.899041,-76.983406,Ward 6,2021-10-15
2021-10-12,38.869540,-76.954816,Ward 7,2021-10-21
2021-10-12,38.917569,-77.032515,Ward 1,2021-10-12
2021-10-12,38.917569,-77.032515,Ward 1,2021-10-12
2021-10-12,38.888863,-76.980995,Ward 6,2021-10-15
2021-10-12,38.917569,-77.032515,Ward 1,2021-10-12
2021-10-12,38.885983,-76.977560,Ward 6,2021-10-15
2021-10-12,38.934793,-76.981057,Ward 5,2021-10-18
2021-10-12,38.918990,-77.010732,Ward 5,2021-10-18
2021-10-12,38.970308,-77.062033,Ward 4,2021-10-20
2021-10-12,38.917569,-77.032515,Ward 1,2021-10-12
2021-10-12,38.933112,-76.983643,Ward 5,2021-10-18
2021-10-12,38.931562,-76.976463,Ward 5,2021-10-18
2021-10-12,38.978147,-77.023154,Ward 4,2021-10-20
2021-10-12,38.887841,-76.990528,Ward 6,2021-10-15
2021-10-12,38.890693,-76.948489,Ward 7,2021-10-21
2021-10-12,38.950555,-76.993083,Ward 5,2021-10-19
2021-10-13,38.966824,-77.025717,Ward 4,2021-10-20
2021-10-13,38.959914,-77.016870,Ward 4,2021-10-20
2021-10-13,38.943377,-77.085101,Ward 3,2021-10-19
2021-10-13,38.943366,-77.085306,Ward 3,2021-10-19
2021-10-13,38.893136,-77.001405,Ward 6,2021-10-27
2021-10-13,38.949928,-77.029435,Ward 4,2021-10-21
2021-10-13,38.916504,-77.011926,Ward 5,2021-10-18
2021-10-13,38.960330,-77.081759,Ward 3,2021-10-19
2021-10-13,38.881530,-76.991308,Ward 6,2021-10-22
2021-10-13,38.881483,-76.991281,Ward 6,2021-10-22
2021-10-13,38.895830,-76.939935,Ward 7,2021-10-21
2021-10-13,38.910224,-77.013118,Ward 5,2021-10-18
2021-10-13,38.901681,-76.935281,Ward 7,2021-10-21
2021-10-13,38.892316,-76.983312,Ward 6,2021-10-26
2021-10-13,38.879460,-77.001291,Ward 6,2021-10-22
2021-10-13,38.982500,-77.057366,Ward 4,2021-10-20
2021-10-13,38.893733,-76.983842,Ward 6,2021-10-22
2021-10-13,38.870506,-76.972391,Ward 8,2021-10-21
2021-10-13,38.926113,-77.026764,Ward 1,2021-10-18
2021-10-13,38.894070,-76.981019,Ward 6,2021-10-22
2021-10-13,38.917923,-77.009838,Ward 5,2021-10-18
2021-10-13,38.917569,-77.032515,Ward 1,2021-10-13
2021-10-13,38.868408,-76.982436,Ward 8,2021-10-21
2021-10-13,38.906973,-77.026202,Ward 2,2021-10-21
2021-10-13,38.871846,-76.976696,Ward 8,2021-10-21
2021-10-13,38.857780,-76.956690,Ward 7,2021-10-21
2021-10-13,38.947300,-77.095100,Ward 3,2021-10-19
2021-10-13,38.905013,-76.935800,Ward 7,2021-10-21
2021-10-13,38.888410,-76.989980,Ward 6,2021-10-22
2021-10-13,38.924508,-77.029932,Ward 1,2021-10-27
2021-10-13,38.946497,-77.093742,Ward 3,2021-10-19
2021-10-13,38.881420,-76.981998,Ward 6,2021-10-22
2021-10-13,38.920393,-77.002473,Ward 5,2021-10-18
2021-10-13,38.959854,-77.071011,Ward 3,2021-10-19
2021-10-13,38.957201,-77.088943,Ward 3,2021-10-19
2021-10-13,38.957214,-77.089055,Ward 3,2021-10-19
2021-10-13,38.901289,-76.933322,Ward 7,2021-10-21
2021-10-13,38.884534,-76.990516,Ward 6,2021-10-22
2021-10-13,38.888005,-76.992421,Ward 6,2021-10-22
2021-10-13,38.942218,-77.020529,Ward 4,2021-10-20
2021-10-13,38.964391,-77.023130,Ward 4,2021-10-20
2021-10-13,38.912475,-77.082602,Ward 3,2021-10-20
2021-10-13,38.896423,-76.930346,Ward 7,2021-10-21
2021-10-13,38.921334,-77.076817,Ward 3,2021-10-20
2021-10-14,38.942268,-77.016883,Ward 4,2021-10-20
2021-10-14,38.880584,-76.940284,Ward 7,2021-10-21
2021-10-14,38.883809,-77.006457,Ward 6,2021-10-26
2021-10-14,38.960081,-77.037518,Ward 4,2021-10-20
2021-10-14,38.951607,-77.019416,Ward 4,2021-10-20
2021-10-14,38.943050,-76.986349,Ward 5,2021-10-18
2021-10-14,38.979670,-77.060176,Ward 4,2021-10-20
2021-10-14,38.901130,-76.991027,Ward 6,2021-10-22
2021-10-14,38.967114,-77.024905,Ward 4,2021-10-20
2021-10-14,38.935339,-77.025363,Ward 4,2021-10-20
2021-10-14,38.879845,-76.985946,Ward 6,2021-10-22
2021-10-14,38.897668,-77.036545,Ward 2,2021-10-21
2021-10-14,38.986906,-77.031392,Ward 4,2021-10-20
2021-10-14,38.949457,-77.017844,Ward 4,2021-10-20
2021-10-14,38.950021,-77.083993,Ward 3,2021-10-19
2021-10-14,38.979900,-77.023230,Ward 4,2021-10-20
2021-10-14,38.868911,-76.970691,Ward 7,2021-10-21
2021-10-14,38.868046,-76.977545,Ward 8,2021-10-21
2021-10-14,38.897518,-76.987748,Ward 6,2021-10-22
2021-10-14,38.943756,-77.085217,Ward 3,2021-10-19
2021-10-14,38.938160,-77.098687,Ward 3,2021-10-19
2021-10-14,38.934440,-76.989102,Ward 5,2021-10-18
2021-10-14,38.934671,-76.979981,Ward 5,2021-10-18
2021-10-14,38.892934,-76.983400,Ward 6,2021-10-22
2021-10-14,38.937124,-77.071303,Ward 3,2021-10-19
2021-10-14,38.936855,-77.060937,Ward 3,2021-10-19
2021-10-14,38.871108,-76.973432,Ward 8,2021-10-21
2021-10-14,38.946490,-77.084023,Ward 3,2021-10-19
2021-10-14,38.946498,-77.085215,Ward 3,2021-10-19
2021-10-14,38.946925,-77.085510,Ward 3,2021-10-19
2021-10-14,38.946912,-77.085657,Ward 3,2021-10-19
2021-10-14,38.919533,-76.981139,Ward 5,2021-10-18
2021-10-14,38.893983,-76.989954,Ward 6,2021-10-22
2021-10-14,38.986771,-77.041338,Ward 4,2021-10-20
2021-10-14,38.932244,-76.980919,Ward 5,2021-10-18
2021-10-14,38.948411,-77.007638,Ward 5,2021-10-18
2021-10-14,38.878291,-76.941067,Ward 7,2021-10-21
2021-10-14,38.948411,-77.007638,Ward 5,2021-10-18
2021-10-14,38.920955,-77.079054,Ward 3,2021-10-20
2021-10-14,38.951803,-77.019426,Ward 4,2021-10-20
2021-10-14,38.907429,-77.047274,Ward 2,2021-10-21
2021-10-14,38.954333,-76.993694,Ward 5,2021-10-19
2021-10-14,38.937952,-77.019480,Ward 4,2021-10-20
2021-10-14,38.946059,-77.083510,Ward 3,2021-10-19
2021-10-14,38.896304,-76.994390,Ward 6,2021-10-22
2021-10-15,38.951173,-77.021017,Ward 4,2021-10-20
2021-10-15,38.929295,-77.021353,Ward 1,2021-10-18
2021-10-15,38.873454,-76.973889,Ward 8,2021-10-21
2021-10-15,38.921161,-77.074661,Ward 3,2021-10-20
2021-10-15,38.895751,-76.995926,Ward 6,2021-10-22
2021-10-15,38.914284,-77.071647,Ward 2,2021-10-21
2021-10-15,38.964683,-77.058223,Ward 4,2021-10-20
2021-10-15,38.930005,-76.965887,Ward 5,2021-10-18
2021-10-15,38.896244,-76.975425,Ward 7,2021-10-21
2021-10-15,38.930961,-77.107776,Ward 3,2021-10-19
2021-10-15,38.936831,-76.970360,Ward 5,2021-10-18
2021-10-15,38.943047,-76.978083,Ward 5,2021-10-18
2021-10-15,38.931325,-76.975410,Ward 5,2021-10-18
2021-10-15,38.970556,-77.065388,Ward 4,2021-10-20
2021-10-15,38.950319,-77.083516,Ward 3,2021-10-27
2021-10-15,38.847982,-76.977665,Ward 8,2021-10-21
2021-10-15,38.892358,-76.951963,Ward 7,2021-10-21
2021-10-15,38.915284,-77.015145,Ward 1,2021-10-18
2021-10-15,38.932870,-76.980646,Ward 5,2021-10-18
2021-10-15,38.973785,-77.059871,Ward 4,2021-10-20
2021-10-15,38.965966,-77.022975,Ward 4,2021-10-20
2021-10-15,38.979856,-77.030716,Ward 4,2021-10-20
2021-10-15,38.950520,-77.086451,Ward 3,2021-10-19
2021-10-15,38.877486,-76.930242,Ward 7,2021-10-21
2021-10-15,38.978505,-77.021081,Ward 4,2021-10-20
2021-10-15,38.945453,-76.979453,Ward 5,2021-10-18
2021-10-15,38.955241,-76.993944,Ward 5,2021-10-19
2021-10-15,38.963053,-77.016413,Ward 4,2021-10-20
2021-10-15,38.951901,-77.091242,Ward 3,2021-10-19
2021-10-15,38.928605,-77.040662,Ward 1,2021-10-19
2021-10-15,38.880584,-76.940284,Ward 7,2021-10-21
2021-10-16,38.939499,-77.030842,Ward 4,2021-10-21
2021-10-16,38.918263,-77.026166,Ward 1,2021-10-25
2021-10-16,38.863967,-76.961735,Ward 7,2021-10-21
2021-10-16,38.913907,-77.051927,Ward 2,2021-10-16
2021-10-16,38.892571,-76.992887,Ward 6,2021-10-26
2021-10-16,38.885431,-77.001696,Ward 6,2021-10-22
2021-10-16,38.928579,-77.026949,Ward 1,2021-10-25
2021-10-16,38.927884,-76.975977,Ward 5,2021-10-26
2021-10-16,38.943362,-77.017771,Ward 4,2021-10-20
2021-10-16,38.962504,-76.999532,Ward 4,2021-10-20
2021-10-16,38.942944,-77.070240,Ward 3,2021-10-19
2021-10-16,38.887408,-76.992443,Ward 6,2021-10-22
2021-10-16,38.944511,-77.014914,Ward 4,2021-10-20
2021-10-16,38.926143,-76.986053,Ward 5,2021-10-25
2021-10-16,38.960176,-76.995747,Ward 4,2021-10-20
2021-10-16,38.897690,-76.994729,Ward 6,2021-10-22
2021-10-16,38.895951,-76.977920,Ward 6,2021-10-22
2021-10-16,38.942408,-77.091519,Ward 3,2021-10-19
2021-10-16,38.882111,-76.991302,Ward 6,2021-10-22
2021-10-16,38.896998,-77.000748,Ward 6,2021-10-22
2021-10-17,38.929814,-76.992696,Ward 5,2021-10-25
2021-10-17,38.881094,-76.997462,Ward 6,2021-10-22
2021-10-17,38.947705,-77.088054,Ward 3,2021-10-26
2021-10-17,38.901498,-76.988678,Ward 6,2021-10-22
2021-10-17,38.964771,-77.013866,Ward 4,2021-10-20
2021-10-17,38.856963,-76.959953,Ward 7,2021-10-21
2021-10-17,38.893357,-76.992470,Ward 6,2021-10-26
2021-10-17,38.895929,-76.997381,Ward 6,2021-10-22
2021-10-17,38.933475,-77.041764,Ward 1,2021-10-25
2021-10-17,38.970919,-77.035271,Ward 4,2021-10-20
2021-10-17,38.908927,-77.055995,Ward 2,2021-10-21
2021-10-17,38.935567,-77.037459,Ward 1,2021-10-25
2021-10-17,38.934307,-76.978414,Ward 5,2021-10-25
2021-10-17,38.924653,-77.034901,Ward 1,2021-10-25
2021-10-17,38.949499,-77.095566,Ward 3,2021-10-26
2021-10-17,38.910939,-77.012668,Ward 5,2021-10-25
2021-10-17,38.899534,-77.000348,Ward 6,2021-10-22
2021-10-17,38.898719,-77.001160,Ward 6,2021-10-22
2021-10-17,38.862311,-76.964525,Ward 7,2021-10-21
2021-10-18,38.965417,-77.021163,Ward 4,2021-10-20
2021-10-18,38.907414,-77.062348,Ward 2,2021-10-21
2021-10-18,38.861751,-76.953967,Ward 7,2021-10-21
2021-10-18,38.936967,-76.987569,Ward 5,2021-10-25
2021-10-18,38.992454,-77.039742,Ward 4,2021-10-27
2021-10-18,38.886089,-76.927439,Ward 7,2021-10-21
2021-10-18,38.978475,-77.023857,Ward 4,2021-10-27
2021-10-18,38.917452,-77.043835,Ward 1,2021-10-25
2021-10-18,38.907936,-77.081544,Ward 3,2021-10-26
2021-10-18,38.905871,-77.017337,Ward 6,2021-10-22
2021-10-18,38.967852,-77.071055,Ward 3,2021-10-26
2021-10-18,38.879261,-76.940065,Ward 7,2021-10-21
2021-10-18,38.939853,-76.977531,Ward 5,2021-10-25
2021-10-18,38.891179,-76.997886,Ward 6,2021-10-26
2021-10-18,38.888361,-76.989403,Ward 6,2021-10-22
2021-10-18,38.965741,-77.025728,Ward 4,2021-10-27
2021-10-18,38.885609,-76.990660,Ward 6,2021-10-22
2021-10-18,38.928154,-77.042147,Ward 1,2021-10-25
2021-10-18,38.936924,-77.031466,Ward 4,2021-10-27
2021-10-18,38.946497,-77.020465,Ward 4,2021-11-02
2021-10-18,38.949448,-77.068702,Ward 3,2021-10-26
2021-10-18,38.986624,-77.041687,Ward 4,2021-10-27
2021-10-18,38.979197,-77.027178,Ward 4,2021-10-27
2021-10-18,38.916671,-77.097317,Ward 3,2021-10-25
2021-10-18,38.943824,-77.091891,Ward 3,2021-10-26
2021-10-18,38.899056,-76.994713,Ward 6,2021-10-22
2021-10-18,38.885212,-76.992134,Ward 6,2021-10-22
2021-10-18,38.963098,-77.060642,Ward 4,2021-10-27
2021-10-18,38.927922,-76.988058,Ward 5,2021-10-26
2021-10-18,38.961808,-77.036052,Ward 4,2021-10-27
2021-10-18,38.919621,-77.073316,Ward 3,2021-10-26
2021-10-18,38.949879,-77.085340,Ward 3,2021-10-26
2021-10-18,38.920510,-77.039060,Ward 1,2021-10-25
2021-10-18,38.895003,-77.031353,Ward 2,2021-10-20
2021-10-18,38.973108,-77.020266,Ward 4,2021-10-27
2021-10-18,38.948376,-77.088929,Ward 3,2021-10-26
2021-10-18,38.947555,-77.035699,Ward 4,2021-11-02
2021-10-18,38.957226,-77.087472,Ward 3,2021-10-26
2021-10-18,38.957203,-77.089280,Ward 3,2021-10-26
2021-10-18,38.949876,-77.095070,Ward 3,2021-10-26
2021-10-18,38.940731,-77.092886,Ward 3,2021-10-26
2021-10-18,38.928577,-77.104821,Ward 3,2021-10-26
2021-10-18,38.863414,-76.957516,Ward 7,2021-10-21
2021-10-18,38.896993,-76.972265,Ward 7,2021-10-21
2021-10-18,38.932783,-76.981935,Ward 5,2021-10-25
2021-10-18,38.918593,-77.098013,Ward 3,2021-10-26
2021-10-18,38.953071,-77.089315,Ward 3,2021-10-28
2021-10-18,38.983397,-77.036755,Ward 4,2021-10-27
2021-10-18,38.902791,-77.000137,Ward 6,2021-10-22
2021-10-18,38.894760,-76.937282,Ward 7,2021-10-21
2021-10-18,38.971545,-77.066122,Ward 4,2021-10-27
2021-10-18,38.943344,-76.983884,Ward 5,2021-10-25
2021-10-18,38.980801,-77.030430,Ward 4,2021-10-27
2021-10-18,38.899915,-77.052914,Ward 2,2021-11-02
2021-10-19,38.952078,-77.032638,Ward 4,2021-10-27
2021-10-19,38.966017,-77.073291,Ward 3,2021-10-26
2021-10-19,38.930650,-76.983117,Ward 5,2021-10-25
2021-10-19,38.934484,-77.025354,Ward 1,2021-10-25
2021-10-19,38.901498,-76.988678,Ward 6,2021-10-22
2021-10-19,38.945442,-76.981023,Ward 5,2021-10-25
2021-10-19,38.945940,-76.981191,Ward 5,2021-10-25
2021-10-19,38.939930,-77.024505,Ward 4,2021-11-02
2021-10-19,38.940380,-77.038456,Ward 4,2021-11-02
2021-10-19,38.971871,-77.029345,Ward 4,2021-10-27
2021-10-19,38.930452,-77.028286,Ward 1,2021-10-25
2021-10-19,38.892437,-76.999255,Ward 6,2021-10-26
2021-10-19,38.892148,-76.981019,Ward 6,2021-10-22
2021-10-19,38.951672,-77.094083,Ward 3,2021-10-26
2021-10-19,38.940562,-76.975726,Ward 5,2021-10-25
2021-10-19,38.930892,-77.019776,Ward 1,2021-10-25
2021-10-19,38.918424,-77.046048,Ward 1,2021-10-25
2021-10-19,38.883725,-76.981026,Ward 6,2021-10-22
2021-10-19,38.901289,-76.933322,Ward 7,2021-10-28
2021-10-19,38.898470,-76.983376,Ward 6,2021-10-22
2021-10-19,38.911030,-77.066278,Ward 2,2021-10-27
2021-10-19,38.935607,-77.037565,Ward 1,2021-10-25
2021-10-19,38.830268,-76.996996,Ward 8,2021-10-28
2021-10-19,38.948200,-77.041098,Ward 4,2021-10-27
2021-10-19,38.933703,-77.028809,Ward 1,2021-10-25
2021-10-19,38.946490,-77.084023,Ward 3,2021-10-19
2021-10-19,38.937417,-76.977597,Ward 5,2021-10-25
2021-10-19,38.955233,-77.020062,Ward 4,2021-10-27
2021-10-19,38.833191,-76.999067,Ward 8,2021-10-28
2021-10-19,38.895925,-76.997521,Ward 6,2021-10-22
2021-10-19,38.955852,-76.990175,Ward 5,2021-10-25
2021-10-19,38.961807,-77.061962,Ward 4,2021-10-27
2021-10-19,38.923965,-76.963903,Ward 5,2021-10-26
2021-10-19,38.927884,-76.975977,Ward 5,2021-10-26
2021-10-19,38.961498,-77.020649,Ward 4,2021-10-27
2021-10-19,38.906607,-77.017815,Ward 6,2021-10-22
2021-10-19,38.907638,-77.065672,Ward 2,2021-10-27
2021-10-19,38.944071,-76.982366,Ward 5,2021-10-25
2021-10-19,38.914302,-77.027330,Ward 1,2021-10-25
2021-10-19,38.947300,-77.095100,Ward 3,2021-10-26
2021-10-19,38.917923,-77.009838,Ward 5,2021-10-25
2021-10-19,38.917923,-77.009838,Ward 5,2021-10-25
2021-10-19,38.935532,-77.107652,Ward 3,2021-10-26
2021-10-19,38.896993,-76.972265,Ward 7,2021-10-21
2021-10-19,38.935688,-77.067285,Ward 3,2021-10-28
2021-10-19,38.893753,-76.990594,Ward 6,2021-10-28
2021-10-19,38.980559,-77.030943,Ward 4,2021-10-27
2021-10-19,38.932457,-76.971901,Ward 5,2021-10-25
2021-10-19,38.883403,-77.003960,Ward 6,2021-10-26
2021-10-19,38.911292,-77.066332,Ward 2,2021-10-27
2021-10-19,38.929524,-77.027246,Ward 1,2021-10-25
2021-10-20,38.933697,-77.041013,Ward 1,2021-10-25
2021-10-20,38.967821,-77.064117,Ward 4,2021-10-27
2021-10-20,38.928270,-76.981466,Ward 5,2021-10-25
2021-10-20,38.968302,-77.022749,Ward 4,2021-10-27
2021-10-20,38.933331,-77.099869,Ward 3,2021-10-26
2021-10-20,38.896231,-76.975186,Ward 7,2021-10-28
2021-10-20,38.950539,-77.089217,Ward 3,2021-10-26
2021-10-20,38.949489,-77.085269,Ward 3,2021-10-26
2021-10-20,38.949458,-77.087918,Ward 3,2021-10-26
2021-10-20,38.949446,-77.088067,Ward 3,2021-10-26
2021-10-20,38.947270,-77.089387,Ward 3,2021-10-26
2021-10-20,38.946897,-77.089857,Ward 3,2021-10-26
2021-10-20,38.944979,-77.089146,Ward 3,2021-10-26
2021-10-20,38.946097,-77.091739,Ward 3,2021-10-26
2021-10-20,38.946101,-77.091580,Ward 3,2021-10-26
2021-10-20,38.952522,-77.090855,Ward 3,2021-10-26
2021-10-20,38.940693,-77.022633,Ward 4,2021-10-27
2021-10-20,38.914986,-77.032928,Ward 2,2021-11-02
2021-10-20,38.934052,-77.019348,Ward 1,2021-10-27
2021-10-20,38.963379,-77.069688,Ward 3,2021-10-26
2021-10-20,38.900747,-76.992841,Ward 6,2021-10-29
2021-10-20,38.931236,-76.996404,Ward 5,2021-10-25
2021-10-20,38.937170,-76.980546,Ward 5,2021-10-25
2021-10-20,38.910095,-77.063900,Ward 2,2021-11-02
2021-10-20,38.830292,-77.012637,Ward 8,2021-10-28
2021-10-20,38.930894,-76.980199,Ward 5,2021-10-25
2021-10-20,38.949871,-77.095789,Ward 3,2021-10-26
2021-10-20,38.919340,-76.983919,Ward 5,2021-10-25
2021-10-20,38.941996,-76.979222,Ward 5,2021-10-25
2021-10-20,38.955854,-77.007782,Ward 4,2021-10-27
2021-10-20,38.904244,-76.999770,Ward 6,2021-10-29
2021-10-20,38.898434,-76.994730,Ward 6,2021-10-29
2021-10-20,38.954921,-77.030483,Ward 4,2021-10-27
2021-10-20,38.885728,-77.003308,Ward 6,2021-10-29
2021-10-20,38.887393,-76.989539,Ward 6,2021-10-29
2021-10-20,38.956148,-77.008740,Ward 4,2021-10-27
2021-10-20,38.912475,-77.082602,Ward 3,2021-10-26
2021-10-20,38.900848,-77.000811,Ward 6,2021-10-29
2021-10-20,38.913217,-76.981150,Ward 5,2021-10-20
2021-10-20,38.927178,-76.981552,Ward 5,2021-10-26
2021-10-20,38.880415,-76.984525,Ward 6,2021-10-29
2021-10-20,38.952274,-77.096235,Ward 3,2021-10-26
2021-10-20,38.947241,-77.097013,Ward 3,2021-10-26
2021-10-20,38.949523,-77.097583,Ward 3,2021-10-26
2021-10-20,38.890586,-76.991343,Ward 6,2021-11-01
2021-10-20,38.943361,-77.101726,Ward 3,2021-10-26
2021-10-20,38.955446,-77.073536,Ward 3,2021-10-26
2021-10-20,38.934644,-77.105767,Ward 3,2021-10-26
2021-10-20,38.899328,-76.995212,Ward 6,2021-11-20
2021-10-20,38.887533,-76.927559,Ward 7,2021-10-28
2021-10-20,38.891847,-76.959997,Ward 7,2021-11-19
2021-10-20,38.948867,-77.025104,Ward 4,2021-10-27
2021-10-20,38.886303,-76.977557,Ward 6,2021-10-29
2021-10-20,38.937952,-77.019480,Ward 4,2021-11-02
2021-10-20,38.933282,-76.974568,Ward 5,2021-10-20
2021-10-20,38.932931,-76.974616,Ward 5,2021-10-25
2021-10-21,38.837280,-77.004580,Ward 8,2021-10-28
2021-10-21,38.980193,-77.031819,Ward 4,2021-10-27
2021-10-21,38.960330,-77.081759,Ward 3,2021-10-26
2021-10-21,38.913186,-77.009819,Ward 5,2021-10-25
2021-10-21,38.946194,-77.017986,Ward 4,2021-10-27
2021-10-21,38.966106,-77.057384,Ward 4,2021-10-27
2021-10-21,38.949269,-76.996667,Ward 5,2021-10-25
2021-10-21,38.899428,-76.994720,Ward 6,2021-10-29
2021-10-21,38.896870,-76.998670,Ward 6,2021-10-29
2021-10-21,38.877486,-76.930242,Ward 7,2021-10-28
2021-10-21,38.892190,-76.998905,Ward 6,2021-10-29
2021-10-21,38.921546,-77.011020,Ward 5,2021-10-25
2021-10-21,38.895942,-76.984073,Ward 6,2021-10-29
2021-10-21,38.912832,-77.062740,Ward 2,2021-11-02
2021-10-21,38.899057,-76.998232,Ward 6,2021-10-29
2021-10-21,38.945334,-77.071570,Ward 3,2021-10-28
2021-10-21,38.944137,-77.089058,Ward 3,2021-10-26
2021-10-21,38.910599,-77.066281,Ward 2,2021-10-27
2021-10-21,38.992976,-77.038434,Ward 4,2021-10-27
2021-10-21,38.886615,-76.922294,Ward 7,2021-11-19
2021-10-21,38.862705,-76.962697,Ward 7,2021-10-28
2021-10-21,38.857740,-76.960460,Ward 7,2021-10-28
2021-10-21,38.973391,-77.020175,Ward 4,2021-10-27
2021-10-21,38.908927,-77.055995,Ward 2,2021-10-27
2021-10-21,38.889359,-76.992463,Ward 6,2021-10-29
2021-10-21,38.952382,-77.091321,Ward 3,2021-10-26
2021-10-21,38.882636,-76.988853,Ward 6,2021-10-29
2021-10-21,38.930723,-77.025190,Ward 1,2021-10-25
2021-10-21,38.935306,-76.975398,Ward 5,2021-10-25
2021-10-21,38.949018,-77.068536,Ward 3,2021-10-26
2021-10-21,38.930312,-77.018833,Ward 1,2021-10-25
2021-10-21,38.958827,-77.071087,Ward 3,2021-10-26
2021-10-21,38.959999,-77.079126,Ward 3,2021-10-26
2021-10-21,38.948438,-77.028115,Ward 4,2021-11-02
2021-10-22,38.897661,-76.918048,Ward 7,2021-10-28
2021-10-22,38.914029,-77.085246,Ward 3,2021-10-26
2021-10-22,38.870440,-76.965586,Ward 7,2021-10-28
2021-10-22,38.870974,-76.958844,Ward 7,2021-11-02
2021-10-22,38.941971,-76.991199,Ward 5,2021-10-25
2021-10-22,38.949893,-77.088872,Ward 3,2021-10-26
2021-10-22,38.887761,-76.986728,Ward 6,2021-11-01
2021-10-22,38.911710,-77.018017,Ward 6,2021-10-29
2021-10-22,38.992314,-77.039967,Ward 4,2021-10-27
2021-10-22,38.908395,-77.056329,Ward 2,2021-11-02
2021-10-22,38.940059,-76.991717,Ward 5,2021-10-25
2021-10-22,38.968098,-77.031731,Ward 4,2021-10-27
2021-10-22,38.899113,-76.999294,Ward 6,2021-10-29
2021-10-22,38.901918,-76.937784,Ward 7,2021-10-28
2021-10-22,38.869140,-76.957322,Ward 7,2021-10-28
2021-10-22,38.898386,-76.980379,Ward 6,2021-10-29
2021-10-22,38.967195,-77.054979,Ward 4,2021-10-27
2021-10-22,38.976010,-77.024825,Ward 4,2021-10-27
2021-10-22,38.945725,-77.094101,Ward 3,2021-10-26
2021-10-22,38.884275,-76.985027,Ward 6,2021-10-29
2021-10-22,38.932853,-77.037569,Ward 1,2021-10-25
2021-10-22,38.935970,-76.989170,Ward 5,2021-10-25
2021-10-22,38.966016,-77.073463,Ward 3,2021-10-26
2021-10-22,38.930757,-77.030015,Ward 1,2021-10-25
2021-10-22,38.910080,-77.019157,Ward 6,2021-10-29
2021-10-22,38.888005,-76.992421,Ward 6,2021-10-29
2021-10-22,38.968439,-77.071024,Ward 3,2021-10-26
2021-10-22,38.968394,-77.071166,Ward 3,2021-10-26
2021-10-22,38.966517,-77.069329,Ward 3,2021-10-26
2021-10-22,38.966005,-77.069393,Ward 3,2021-10-26
2021-10-22,38.962859,-77.071695,Ward 3,2021-10-26
2021-10-22,38.934484,-76.988147,Ward 5,2021-10-25
2021-10-22,38.950258,-77.092361,Ward 3,2021-10-26
2021-10-22,38.931798,-77.109637,Ward 3,2021-10-26
2021-10-22,38.967380,-77.065098,Ward 4,2021-10-27
2021-10-22,38.951274,-77.029974,Ward 4,2021-10-27
2021-10-22,38.930347,-76.980182,Ward 5,2021-10-25
2021-10-22,38.916916,-77.018906,Ward 1,2021-10-25
2021-10-22,38.891834,-76.997098,Ward 6,2021-11-01
2021-10-23,38.876285,-76.964289,Ward 7,2021-10-28
2021-10-23,38.865986,-76.978544,Ward 8,2021-11-02
2021-10-23,38.888309,-76.988514,Ward 6,2021-10-29
2021-10-23,38.952356,-77.016890,Ward 4,2021-10-27
2021-10-23,38.941568,-77.023093,Ward 4,2021-10-27
2021-10-23,38.891121,-76.996835,Ward 6,2021-11-01
2021-10-23,38.946891,-77.073962,Ward 3,2021-10-26
2021-10-23,38.925053,-77.025453,Ward 1,2021-11-02
2021-10-23,38.932706,-76.983579,Ward 5,2021-11-02
2021-10-23,38.897167,-76.995650,Ward 6,2021-10-29
2021-10-23,38.931371,-77.020526,Ward 1,2021-11-02
2021-10-23,38.927830,-76.980500,Ward 5,2021-11-02
2021-10-23,38.886665,-76.989408,Ward 6,2021-11-01
2021-10-23,38.948334,-77.074361,Ward 3,2021-10-26
2021-10-24,38.887791,-76.992240,Ward 6,2021-10-29
2021-10-24,38.893759,-76.995936,Ward 6,2021-10-29
2021-10-24,38.883106,-76.977934,Ward 6,2021-11-01
2021-10-24,38.927717,-77.104907,Ward 3,2021-11-03
2021-10-24,38.932299,-77.022425,Ward 1,2021-11-02
2021-10-24,38.896998,-77.000748,Ward 6,2021-10-29
2021-10-24,38.895285,-76.941357,Ward 7,2021-10-28
2021-10-24,38.931930,-76.973009,Ward 5,2021-11-02
2021-10-24,38.940995,-77.091625,Ward 3,2021-11-03
2021-10-24,38.966904,-77.062527,Ward 4,2021-10-27
2021-10-24,38.940195,-76.974391,Ward 5,2021-11-20
2021-10-24,38.914029,-77.085246,Ward 3,2021-10-26
2021-10-24,38.882875,-77.003246,Ward 6,2021-11-01
2021-10-24,38.880965,-76.983239,Ward 6,2021-11-01
2021-10-24,38.961512,-77.020090,Ward 4,2021-10-27
2021-10-24,38.896984,-76.972758,Ward 7,2021-10-28
2021-10-24,38.935366,-77.037823,Ward 1,2021-11-02
2021-10-24,38.880820,-76.999275,Ward 6,2021-10-29
2021-10-24,38.894556,-76.925146,Ward 7,2021-10-28
2021-10-25,38.938585,-77.096410,Ward 3,2021-11-03
2021-10-25,38.949891,-77.093256,Ward 3,2021-11-03
2021-10-25,38.897923,-76.984388,Ward 6,2021-11-19
2021-10-25,38.930323,-77.018762,Ward 1,2021-11-02
2021-10-25,38.953793,-77.071198,Ward 3,2021-11-02
2021-10-25,38.881474,-77.018385,Ward 6,2021-11-01
2021-10-25,38.895751,-76.995926,Ward 6,2021-10-29
2021-10-25,38.930581,-77.021506,Ward 1,2021-11-02
2021-10-25,38.914284,-77.071647,Ward 2,2021-11-03
2021-10-25,38.930668,-76.985154,Ward 5,2021-11-02
2021-10-25,38.829963,-76.990615,Ward 8,2021-11-20
2021-10-25,38.884941,-76.991039,Ward 6,2021-11-02
2021-10-25,38.945357,-77.091954,Ward 3,2021-11-03
2021-10-25,38.923101,-76.979985,Ward 5,2021-11-02
2021-10-25,38.894641,-77.000405,Ward 6,2021-10-29
2021-10-25,38.912498,-77.051654,Ward 2,2021-11-03
2021-10-25,38.893983,-76.989954,Ward 6,2021-10-29
2021-10-25,38.910698,-77.019171,Ward 6,2021-10-29
2021-10-25,38.892591,-76.999215,Ward 6,2021-11-01
2021-10-25,38.927896,-77.023802,Ward 1,2021-11-02
2021-10-25,38.952983,-77.061430,Ward 3,2021-11-02
2021-10-25,38.967279,-77.057206,Ward 4,2021-11-03
2021-10-25,38.939160,-77.030003,Ward 4,2021-11-03
2021-10-25,38.906386,-76.990078,Ward 5,2021-11-02
2021-10-25,38.880908,-76.999249,Ward 6,2021-10-29
2021-10-25,38.925614,-77.040818,Ward 1,2021-11-02
2021-10-25,38.928888,-77.036830,Ward 1,2021-11-02
2021-10-25,38.917155,-77.018387,Ward 1,2021-11-02
2021-10-25,38.904902,-77.000366,Ward 6,2021-10-29
2021-10-25,38.935105,-76.983149,Ward 5,2021-11-20
2021-10-25,38.965471,-77.057572,Ward 4,2021-11-03
2021-10-25,38.935709,-76.970410,Ward 5,2021-11-02
2021-10-25,38.898669,-76.987725,Ward 6,2021-10-29
2021-10-25,38.960176,-76.995747,Ward 4,2021-11-03
2021-10-25,38.937118,-77.069257,Ward 3,2021-11-02
2021-10-25,38.900829,-76.937224,Ward 7,2021-10-28
2021-10-25,38.897147,-76.988482,Ward 6,2021-10-29
2021-10-25,38.949448,-77.068702,Ward 3,2021-10-26
2021-10-25,38.903542,-76.997946,Ward 6,2021-10-29
2021-10-25,38.861516,-76.961116,Ward 7,2021-10-28
2021-10-25,38.937326,-77.064871,Ward 3,2021-11-02
2021-10-25,38.937409,-77.065258,Ward 3,2021-11-20
2021-10-25,38.928862,-77.021702,Ward 1,2021-11-02
2021-10-25,38.965425,-77.026213,Ward 4,2021-11-03
2021-10-25,38.929421,-77.030784,Ward 1,2021-11-02
2021-10-25,38.925320,-77.030033,Ward 1,2021-11-02
2021-10-25,38.892367,-76.991328,Ward 6,2021-10-29
2021-10-25,38.867969,-76.979219,Ward 8,2021-11-02
2021-10-25,38.891014,-76.988537,Ward 6,2021-10-29
2021-10-25,38.973495,-77.058740,Ward 4,2021-11-03
2021-10-25,38.883194,-76.983416,Ward 7,2021-11-01
2021-10-25,38.873454,-76.973889,Ward 8,2021-10-28
2021-10-26,38.929723,-77.024970,Ward 1,2021-11-02
2021-10-26,38.906973,-77.026202,Ward 2,2021-11-22
2021-10-26,38.861168,-76.964340,Ward 7,2021-11-04
2021-10-26,38.880765,-77.000346,Ward 6,2021-11-01
2021-10-26,38.893051,-76.911144,Ward 7,2021-11-04
2021-10-26,38.933450,-76.975983,Ward 5,2021-11-02
2021-10-26,38.987393,-77.032731,Ward 4,2021-11-03
2021-10-26,38.894615,-76.987707,Ward 6,2021-10-29
2021-10-26,38.884302,-76.983199,Ward 6,2021-10-29
2021-10-26,38.951936,-77.093719,Ward 3,2021-11-03
2021-10-26,38.906188,-76.942627,Ward 7,2021-11-04
2021-10-26,38.936889,-77.064371,Ward 3,2021-11-02
2021-10-26,38.937952,-77.019480,Ward 4,2021-11-03
2021-10-26,38.952364,-77.058276,Ward 3,2021-11-02
2021-10-26,38.949936,-77.031550,Ward 4,2021-11-03
2021-10-26,38.944969,-77.071568,Ward 3,2021-11-02
2021-10-26,38.899739,-77.053130,Ward 2,2021-11-03
2021-10-26,38.899739,-77.053130,Ward 2,2021-11-03
2021-10-26,38.950093,-77.097006,Ward 3,2021-11-03
2021-10-26,38.916671,-77.097317,Ward 3,2021-11-03
2021-10-26,38.867977,-76.956016,Ward 7,2021-11-04
2021-10-26,38.943766,-77.035231,Ward 4,2021-11-03
2021-10-26,38.898918,-76.942039,Ward 7,2021-11-04
2021-10-26,38.915384,-77.035904,Ward 2,2021-11-03
2021-10-26,38.893604,-76.933589,Ward 7,2021-11-04
2021-10-26,38.905791,-76.982729,Ward 5,2021-11-02
2021-10-26,38.942737,-77.034756,Ward 4,2021-11-03
2021-10-26,38.930757,-77.030015,Ward 1,2021-11-02
2021-10-26,38.928124,-76.990837,Ward 5,2021-11-02
2021-10-26,38.948649,-77.031774,Ward 4,2021-11-03
2021-10-26,38.938589,-77.020713,Ward 4,2021-11-03
2021-10-26,38.943764,-77.085981,Ward 3,2021-11-03
2021-10-26,38.920421,-76.964957,Ward 5,2021-11-02
2021-10-26,38.867427,-76.985675,Ward 8,2021-11-04
2021-10-26,38.930651,-76.980719,Ward 5,2021-11-02
2021-10-26,38.956841,-77.087920,Ward 3,2021-11-02
2021-10-26,38.956837,-77.087665,Ward 3,2021-11-20
2021-10-26,38.963379,-77.069688,Ward 3,2021-11-02
2021-10-26,38.830268,-76.996996,Ward 8,2021-11-04
2021-10-26,38.925176,-77.030019,Ward 1,2021-11-02
2021-10-26,38.953768,-77.084768,Ward 3,2021-11-02
2021-10-26,38.953531,-77.087647,Ward 3,2021-11-02
2021-10-26,38.950523,-77.087504,Ward 3,2021-11-02
2021-10-26,38.950845,-77.086583,Ward 3,2021-11-02
2021-10-26,38.950856,-77.087505,Ward 3,2021-11-02
2021-10-26,38.947705,-77.088054,Ward 3,2021-11-02
2021-10-26,38.886961,-76.982499,Ward 6,2021-10-29
2021-10-26,38.952274,-77.096235,Ward 3,2021-11-03
2021-10-26,38.951603,-77.060284,Ward 3,2021-11-02
2021-10-26,38.982049,-77.034182,Ward 4,2021-11-03
2021-10-26,38.925424,-77.008017,Ward 5,2021-11-02
2021-10-26,38.905057,-77.001115,Ward 6,2021-10-29
2021-10-26,38.883319,-76.997015,Ward 6,2021-11-01
2021-10-26,38.950539,-77.089217,Ward 3,2021-11-03
2021-10-26,38.966017,-77.073291,Ward 3,2021-11-02
2021-10-27,38.882111,-76.991302,Ward 6,2021-11-05
2021-10-27,38.935363,-77.072235,Ward 3,2021-11-02
2021-10-27,38.870506,-76.972391,Ward 8,2021-11-04
2021-10-27,38.891377,-77.002270,Ward 6,2021-11-05
2021-10-27,38.924426,-77.041802,Ward 1,2021-11-02
2021-10-27,38.959664,-77.000789,Ward 4,2021-11-03
2021-10-27,38.940380,-77.038456,Ward 4,2021-11-03
2021-10-27,38.965793,-77.023993,Ward 4,2021-11-01
2021-10-27,38.929804,-76.980473,Ward 5,2021-11-02
2021-10-27,38.896998,-77.000748,Ward 6,2021-10-29
2021-10-27,38.968386,-77.009632,Ward 4,2021-11-03
2021-10-27,38.915404,-77.030430,Ward 1,2021-11-02
2021-10-27,38.890787,-77.000119,Ward 6,2021-11-05
2021-10-27,38.887981,-76.981980,Ward 6,2021-11-05
2021-10-27,38.882534,-76.998831,Ward 6,2021-11-05
2021-10-27,38.969580,-77.063402,Ward 4,2021-11-03
2021-10-27,38.931588,-77.089940,Ward 3,2021-11-03
2021-10-27,38.891872,-76.992860,Ward 6,2021-11-05
2021-10-27,38.959597,-77.037804,Ward 4,2021-11-03
2021-10-27,38.915166,-77.091780,Ward 3,2021-11-03
2021-10-27,38.910937,-77.015746,Ward 5,2021-11-02
2021-10-27,38.886200,-76.991034,Ward 6,2021-11-05
2021-10-27,38.966346,-77.015506,Ward 4,2021-11-03
2021-10-27,38.910927,-77.007262,Ward 5,2021-11-02
2021-10-27,38.869657,-76.969279,Ward 7,2021-11-04
2021-10-27,38.960872,-76.996626,Ward 4,2021-11-03
2021-10-27,38.932134,-77.024398,Ward 1,2021-11-02
2021-10-27,38.935657,-77.033711,Ward 1,2021-11-02
2021-10-28,38.928802,-77.036789,Ward 1,2021-11-02
2021-10-28,38.900693,-76.993474,Ward 6,2021-11-05
2021-10-28,38.956179,-77.079364,Ward 3,2021-11-02
2021-10-28,38.938234,-77.029995,Ward 4,2021-11-03
2021-10-28,38.959708,-77.001900,Ward 4,2021-11-03
2021-10-28,38.886692,-76.978320,Ward 6,2021-11-05
2021-10-28,38.950022,-77.054245,Ward 3,2021-11-02
2021-10-28,38.922546,-76.964466,Ward 5,2021-11-02
2021-10-28,38.988228,-77.033104,Ward 4,2021-11-03
2021-10-28,38.881579,-77.000799,Ward 6,2021-11-05
2021-10-28,38.887909,-76.925366,Ward 7,2021-11-04
2021-10-28,38.943446,-77.041051,Ward 4,2021-11-03
2021-10-28,38.883066,-76.990844,Ward 6,2021-11-05
2021-10-28,38.918282,-77.030337,Ward 1,2021-11-02
2021-10-28,38.937590,-77.093340,Ward 3,2021-11-03
2021-10-28,38.931032,-77.085424,Ward 3,2021-11-03
2021-10-28,38.870974,-76.958844,Ward 7,2021-11-04
2021-10-28,38.944087,-77.004772,Ward 5,2021-11-23
2021-10-28,38.896307,-76.997835,Ward 6,2021-11-05
2021-10-28,38.946891,-77.073962,Ward 3,2021-11-02
2021-10-28,38.890096,-76.983463,Ward 6,2021-11-05
2021-10-28,38.954196,-77.090352,Ward 3,2021-11-03
2021-10-28,38.896871,-76.999258,Ward 6,2021-11-05
2021-10-28,38.895944,-76.998993,Ward 6,2021-11-05
2021-10-28,38.909833,-77.081407,Ward 3,2021-11-03
2021-10-28,38.988520,-77.036694,Ward 4,2021-11-03
2021-10-28,38.909413,-77.080692,Ward 3,2021-11-03
2021-10-28,38.887417,-76.977876,Ward 6,2021-11-05
2021-10-28,38.886099,-76.985750,Ward 6,2021-11-05
2021-10-28,38.969803,-77.009682,Ward 4,2021-11-03
2021-10-28,38.926569,-76.984922,Ward 5,2021-11-23
2021-10-28,38.938820,-76.987138,Ward 5,2021-11-02
2021-10-28,38.953140,-77.092180,Ward 3,2021-11-03
2021-10-28,38.886462,-76.979171,Ward 6,2021-11-05
2021-10-28,38.959918,-77.058504,Ward 4,2021-11-03
2021-10-28,38.927206,-77.108704,Ward 3,2021-11-03
2021-10-28,38.899387,-76.988039,Ward 6,2021-11-05
2021-10-28,38.860639,-76.990711,Ward 8,2021-11-04
2021-10-28,38.935532,-77.107652,Ward 3,2021-11-03
2021-10-28,38.881420,-76.981998,Ward 6,2021-11-05
2021-10-28,38.897133,-76.998996,Ward 6,2021-11-05
2021-10-28,38.897528,-76.998641,Ward 6,2021-11-05
2021-10-28,38.902792,-76.995239,Ward 6,2021-11-05
2021-10-28,38.946491,-77.088846,Ward 3,2021-10-29
2021-10-28,38.928154,-76.983218,Ward 5,2021-11-02
2021-10-28,38.905637,-77.059356,Ward 2,2021-11-03
2021-10-28,38.954182,-77.080048,Ward 3,2021-11-02
2021-10-28,38.976016,-77.023492,Ward 4,2021-11-03
2021-10-28,38.863967,-76.961735,Ward 7,2021-11-04
2021-10-29,38.898620,-76.993991,Ward 6,2021-11-05
2021-10-29,38.895629,-76.999265,Ward 6,2021-11-05
2021-10-29,38.855625,-76.959057,Ward 7,2021-11-22
2021-10-29,38.898541,-76.990465,Ward 6,2021-11-05
2021-10-29,38.911030,-77.066278,Ward 2,2021-11-03
2021-10-29,38.959411,-77.002087,Ward 4,2021-11-03
2021-10-29,38.899041,-76.983406,Ward 6,2021-11-05
2021-10-29,38.894086,-76.977017,Ward 7,2021-11-04
2021-10-29,38.918475,-77.027857,Ward 1,2021-11-02
2021-10-29,38.936903,-76.965951,Ward 5,2021-11-02
2021-10-29,38.904973,-77.018602,Ward 6,2021-11-05
2021-10-29,38.912832,-77.062740,Ward 2,2021-11-03
2021-10-29,38.910566,-77.068566,Ward 2,2021-11-03
2021-10-29,38.914999,-77.050339,Ward 2,2021-11-03
2021-10-29,38.907638,-77.065672,Ward 2,2021-11-03
2021-10-29,38.925943,-77.040205,Ward 1,2021-11-02
2021-10-29,38.875931,-76.964431,Ward 7,2021-11-04
2021-10-29,38.909181,-77.082486,Ward 3,2021-11-03
2021-10-29,38.860405,-76.953189,Ward 7,2021-11-04
2021-10-29,38.895483,-76.992407,Ward 6,2021-11-05
2021-10-29,38.976690,-77.064762,Ward 4,2021-11-03
2021-10-29,38.894641,-77.000405,Ward 6,2021-11-05
2021-10-30,38.886541,-76.925524,Ward 7,2021-11-04
2021-10-30,38.961031,-77.022686,Ward 4,2021-11-03
2021-10-30,38.910356,-77.066250,Ward 2,2021-11-03
2021-10-30,38.945346,-77.024496,Ward 4,2021-11-03
2021-10-30,38.900747,-76.992841,Ward 6,2021-11-05
2021-10-30,38.871646,-76.960280,Ward 7,2021-11-04
2021-10-30,38.882982,-77.002589,Ward 6,2021-11-05
2021-10-30,38.949893,-77.088872,Ward 3,2021-11-03
2021-10-30,38.889129,-77.000351,Ward 6,2021-11-05
2021-10-30,38.897527,-77.000307,Ward 6,2021-11-05
2021-10-30,38.914029,-77.085246,Ward 3,2021-11-03
2021-10-30,38.932623,-76.965279,Ward 5,2021-11-08
2021-10-30,38.876035,-76.957273,Ward 7,2021-11-04
2021-10-30,38.892186,-77.000287,Ward 6,2021-11-05
2021-10-30,38.904381,-76.998675,Ward 6,2021-11-05
2021-10-30,38.948103,-77.088014,Ward 3,2021-11-02
2021-10-31,38.910993,-77.068050,Ward 2,2021-11-03
2021-10-31,38.989383,-77.037332,Ward 4,2021-11-03
2021-10-31,38.899341,-76.923239,Ward 7,2021-11-04
2021-10-31,38.951419,-76.996841,Ward 5,2021-11-08
2021-10-31,38.933885,-76.980237,Ward 5,2021-11-08
2021-10-31,38.942408,-77.091519,Ward 3,2021-11-09
2021-10-31,38.936970,-77.061286,Ward 3,2021-11-09
2021-10-31,38.979900,-77.023230,Ward 4,2021-11-03
2021-10-31,38.983033,-77.030556,Ward 4,2021-11-03
2021-10-31,38.902760,-76.994735,Ward 6,2021-11-05
2021-10-31,38.963115,-77.015897,Ward 4,2021-11-03
2021-10-31,38.891116,-76.995740,Ward 6,2021-11-05
2021-10-31,38.949871,-77.095789,Ward 3,2021-11-09
2021-10-31,38.936016,-76.969904,Ward 5,2021-11-08
2021-10-31,38.930457,-77.028225,Ward 1,2021-11-08
2021-10-31,38.974658,-77.065820,Ward 4,2021-11-03
2021-10-31,38.891127,-77.001405,Ward 6,2021-11-05
2021-10-31,38.878582,-76.989083,Ward 6,2021-11-05
2021-10-31,38.926143,-76.986053,Ward 5,2021-11-08
2021-10-31,38.874376,-76.957172,Ward 7,2021-11-04
2021-11-01,38.898237,-76.995884,Ward 6,2021-11-05
2021-11-01,38.895625,-76.995234,Ward 6,2021-11-05
2021-11-01,38.903087,-76.933328,Ward 7,2021-11-04
2021-11-01,38.977683,-77.052835,Ward 4,2021-11-09
2021-11-01,38.912776,-77.047621,Ward 2,2021-11-10
2021-11-01,38.896618,-76.985753,Ward 6,2021-11-05
2021-11-01,38.931323,-77.020834,Ward 1,2021-11-08
2021-11-01,38.969505,-77.036817,Ward 4,2021-11-10
2021-11-01,38.974195,-77.054711,Ward 4,2021-11-10
2021-11-01,38.920510,-77.039060,Ward 1,2021-11-08
2021-11-01,38.913775,-77.090760,Ward 3,2021-11-09
2021-11-01,38.934911,-76.977364,Ward 5,2021-11-08
2021-11-01,38.913863,-77.070528,Ward 2,2021-11-10
2021-11-01,38.945111,-77.016937,Ward 4,2021-11-10
2021-11-01,38.916448,-77.004697,Ward 5,2021-11-08
2021-11-01,38.942952,-77.085678,Ward 3,2021-11-09
2021-11-01,38.930732,-77.019738,Ward 1,2021-11-08
2021-11-01,38.989483,-77.040679,Ward 4,2021-11-10
2021-11-01,38.905119,-76.996991,Ward 6,2021-11-05
2021-11-01,38.917155,-77.018387,Ward 1,2021-11-08
2021-11-01,38.892207,-77.000749,Ward 6,2021-11-23
2021-11-01,38.915491,-77.017027,Ward 1,2021-11-08
2021-11-01,38.891716,-76.991323,Ward 6,2021-11-05
2021-11-01,38.868911,-76.970691,Ward 7,2021-11-04
2021-11-01,38.984526,-77.030931,Ward 4,2021-11-10
2021-11-01,38.969996,-77.072595,Ward 3,2021-11-09
2021-11-01,38.917757,-77.017437,Ward 1,2021-11-08
2021-11-01,38.881475,-76.994391,Ward 6,2021-11-05
2021-11-01,38.875874,-76.959548,Ward 7,2021-11-04
2021-11-01,38.906883,-77.068541,Ward 2,2021-11-20
2021-11-01,38.949018,-77.068536,Ward 3,2021-11-09
2021-11-01,38.988982,-77.037837,Ward 4,2021-11-10
2021-11-01,38.867903,-76.954988,Ward 7,2021-11-04
2021-11-01,38.963583,-77.071132,Ward 3,2021-11-09
2021-11-01,38.912997,-77.086685,Ward 3,2021-11-09
2021-11-01,38.907715,-77.082950,Ward 3,2021-11-09
2021-11-01,38.942443,-77.073805,Ward 3,2021-11-09
2021-11-01,38.883894,-77.006141,Ward 6,2021-11-05
2021-11-01,38.890105,-76.986807,Ward 6,2021-11-23
2021-11-01,38.880965,-76.983239,Ward 6,2021-11-05
2021-11-01,38.901825,-77.000347,Ward 6,2021-11-05
2021-11-01,38.913180,-77.010582,Ward 5,2021-11-08
2021-11-01,38.953071,-77.089315,Ward 3,2021-11-09
2021-11-01,38.929000,-77.020896,Ward 1,2021-11-08
2021-11-02,38.869831,-76.954270,Ward 7,2021-11-04
2021-11-02,38.878789,-76.990533,Ward 6,2021-11-05
2021-11-02,38.952356,-77.016890,Ward 4,2021-11-10
2021-11-02,38.928483,-77.027789,Ward 1,2021-11-08
2021-11-02,38.871841,-76.950110,Ward 7,2021-11-18
2021-11-02,38.943961,-77.021935,Ward 4,2021-11-10
2021-11-02,38.934703,-76.983045,Ward 5,2021-11-08
2021-11-02,38.980194,-77.032519,Ward 4,2021-11-10
2021-11-02,38.929421,-77.030784,Ward 1,2021-11-08
2021-11-02,38.955233,-77.020062,Ward 4,2021-11-10
2021-11-02,38.961808,-77.036052,Ward 4,2021-11-10
2021-11-02,38.930944,-76.987812,Ward 5,2021-11-08
2021-11-02,38.918299,-77.026162,Ward 1,2021-11-08
2021-11-02,38.943756,-77.085217,Ward 3,2021-11-09
2021-11-02,38.933694,-77.038201,Ward 1,2021-11-08
2021-11-02,38.917938,-77.004588,Ward 5,2021-11-08
2021-11-02,38.921546,-77.011020,Ward 5,2021-11-08
2021-11-02,38.902258,-76.997764,Ward 6,2021-11-05
2021-11-02,38.926883,-76.992671,Ward 5,2021-11-08
2021-11-02,38.931822,-77.024465,Ward 1,2021-11-08
2021-11-02,38.925977,-77.040143,Ward 1,2021-11-08
2021-11-02,38.898115,-76.989180,Ward 6,2021-11-05
2021-11-02,38.980356,-77.027592,Ward 4,2021-11-10
2021-11-02,38.939998,-77.042386,Ward 4,2021-11-10
2021-11-02,38.884283,-76.992121,Ward 6,2021-11-05
2021-11-02,38.902775,-76.991275,Ward 6,2021-11-05
2021-11-02,38.922355,-77.075098,Ward 3,2021-11-20
2021-11-02,38.922355,-77.075287,Ward 3,2021-11-09
2021-11-02,38.918911,-77.076613,Ward 3,2021-11-09
2021-11-02,38.939276,-77.069470,Ward 3,2021-11-09
2021-11-02,38.856406,-76.979972,Ward 8,2021-11-18
2021-11-02,38.952541,-77.088342,Ward 3,2021-11-09
2021-11-02,38.961028,-77.004014,Ward 4,2021-11-20
2021-11-02,38.934595,-76.968407,Ward 5,2021-11-08
2021-11-03,38.911699,-77.035610,Ward 2,2021-11-10
2021-11-03,38.931325,-76.975410,Ward 5,2021-11-08
2021-11-03,38.914284,-77.071647,Ward 2,2021-11-10
2021-11-03,38.888816,-76.980995,Ward 6,2021-11-12
2021-11-03,38.951800,-76.988903,Ward 5,2021-11-08
2021-11-03,38.903542,-76.997946,Ward 6,2021-11-12
2021-11-03,38.897838,-76.931564,Ward 7,2021-11-18
2021-11-03,38.934104,-76.984123,Ward 5,2021-11-08
2021-11-03,38.962690,-77.071071,Ward 3,2021-11-09
2021-11-03,38.954196,-77.090352,Ward 3,2021-11-09
2021-11-03,38.924685,-76.993223,Ward 5,2021-11-08
2021-11-03,38.909827,-77.012937,Ward 5,2021-11-08
2021-11-03,38.961277,-77.077973,Ward 3,2021-11-09
2021-11-03,38.939096,-77.043007,Ward 4,2021-11-10
2021-11-03,38.940059,-76.991717,Ward 5,2021-11-08
2021-11-03,38.957783,-76.992912,Ward 4,2021-11-10
2021-11-03,38.911908,-77.082346,Ward 3,2021-11-09
2021-11-03,38.924306,-77.100468,Ward 3,2021-11-09
2021-11-03,38.947297,-77.093565,Ward 3,2021-11-20
2021-11-03,38.947726,-77.093572,Ward 3,2021-11-09
2021-11-03,38.898356,-76.983897,Ward 6,2021-11-12
2021-11-03,38.934574,-76.979978,Ward 5,2021-11-08
2021-11-03,38.930347,-76.980182,Ward 5,2021-11-08
2021-11-03,38.968386,-77.009632,Ward 4,2021-11-10
2021-11-03,38.986771,-77.041338,Ward 4,2021-11-10
2021-11-03,38.928790,-76.981096,Ward 5,2021-11-08
2021-11-03,38.882046,-76.993992,Ward 6,2021-11-12
2021-11-04,38.884309,-76.981294,Ward 6,2021-11-19
2021-11-04,38.906442,-76.985132,Ward 5,2021-11-08
2021-11-04,38.920062,-77.077287,Ward 3,2021-11-09
2021-11-04,38.918593,-77.098013,Ward 3,2021-11-09
2021-11-04,38.891493,-77.000335,Ward 6,2021-11-12
2021-11-04,38.895916,-76.995189,Ward 6,2021-11-12
2021-11-04,38.867387,-76.949060,Ward 7,2021-11-18
2021-11-04,38.946497,-77.020465,Ward 4,2021-11-10
2021-11-04,38.934644,-77.105767,Ward 3,2021-11-20
2021-11-04,38.904603,-76.985001,Ward 5,2021-11-08
2021-11-04,38.886089,-76.927439,Ward 7,2021-11-18
2021-11-04,38.889119,-76.998658,Ward 6,2021-11-12
2021-11-04,38.918978,-77.025777,Ward 1,2021-11-08
2021-11-04,38.945403,-76.989997,Ward 5,2021-11-08
2021-11-04,38.960946,-77.002531,Ward 4,2021-11-10
2021-11-04,38.895930,-76.998873,Ward 6,2021-11-12
2021-11-05,38.924126,-76.998706,Ward 5,2021-11-08
2021-11-05,38.915181,-77.069572,Ward 2,2021-11-10
2021-11-05,38.942402,-76.974392,Ward 5,2021-11-08
2021-11-05,38.896870,-76.998670,Ward 6,2021-11-12
2021-11-05,38.869492,-76.954951,Ward 7,2021-11-20
2021-11-05,38.879979,-76.993526,Ward 6,2021-11-12
2021-11-05,38.932047,-76.984875,Ward 5,2021-11-08
2021-11-05,38.840430,-76.994691,Ward 8,2021-11-18
2021-11-05,38.910413,-77.031068,Ward 2,2021-11-10
2021-11-05,38.930266,-76.993316,Ward 5,2021-11-08
2021-11-05,38.931978,-77.035327,Ward 1,2021-11-08
2021-11-05,38.961498,-77.020370,Ward 4,2021-11-10
2021-11-05,38.886473,-76.927109,Ward 7,2021-11-18
2021-11-05,38.973873,-77.059788,Ward 4,2021-11-10
2021-11-05,38.972175,-77.057261,Ward 4,2021-11-10
2021-11-05,38.934169,-77.041288,Ward 1,2021-11-23
2021-11-05,38.882167,-77.005411,Ward 6,2021-11-12
2021-11-05,38.890885,-76.992086,Ward 6,2021-11-19
2021-11-05,38.924991,-77.027990,Ward 1,2021-11-08
2021-11-05,38.958162,-77.083504,Ward 3,2021-11-09
2021-11-05,38.894423,-76.980104,Ward 7,2021-11-12
2021-11-05,38.893800,-76.980102,Ward 6,2021-11-12
2021-11-05,38.832042,-77.009881,Ward 8,2021-11-18
2021-11-06,38.947690,-77.098813,Ward 3,2021-11-09
2021-11-06,38.870440,-76.965586,Ward 7,2021-11-18
2021-11-06,38.933187,-77.089361,Ward 3,2021-11-09
2021-11-06,38.980713,-77.059016,Ward 4,2021-11-10
2021-11-06,38.916451,-77.013840,Ward 5,2021-11-15
2021-11-06,38.913186,-77.009819,Ward 5,2021-11-15
2021-11-06,38.926156,-76.999734,Ward 5,2021-11-15
2021-11-06,38.895651,-76.976410,Ward 7,2021-11-18
2021-11-06,38.953090,-77.087971,Ward 3,2021-11-09
2021-11-06,38.921576,-76.966095,Ward 5,2021-11-15
2021-11-06,38.907246,-77.055951,Ward 2,2021-11-10
2021-11-06,38.913180,-77.016697,Ward 5,2021-11-15
2021-11-06,38.914029,-77.085246,Ward 3,2021-11-09
2021-11-06,38.971719,-77.066098,Ward 4,2021-11-10
2021-11-06,38.929170,-77.024823,Ward 1,2021-11-15
2021-11-06,38.950318,-77.025238,Ward 4,2021-11-10
2021-11-07,38.909450,-77.025653,Ward 2,2021-11-10
2021-11-07,38.932109,-76.983915,Ward 5,2021-11-15
2021-11-07,38.896500,-76.993046,Ward 6,2021-11-12
2021-11-07,38.834174,-77.010055,Ward 8,2021-11-18
2021-11-07,38.880584,-76.940284,Ward 7,2021-11-18
2021-11-07,38.950751,-77.019866,Ward 4,2021-11-10
2021-11-07,38.890396,-77.001823,Ward 6,2021-11-12
2021-11-07,38.918491,-77.038070,Ward 1,2021-11-15
2021-11-07,38.945005,-77.085729,Ward 3,2021-11-20
2021-11-07,38.955517,-77.029970,Ward 4,2021-11-10
2021-11-07,38.867139,-76.944530,Ward 7,2021-11-18
2021-11-07,38.846793,-77.000545,Ward 8,2021-11-18
2021-11-07,38.952253,-76.990863,Ward 5,2021-11-15
2021-11-07,38.977909,-77.023168,Ward 4,2021-11-10
2021-11-07,38.896884,-76.998192,Ward 6,2021-11-12
2021-11-07,38.892437,-76.999255,Ward 6,2021-11-12
2021-11-07,38.930651,-76.980719,Ward 5,2021-11-15
2021-11-07,38.968792,-77.028904,Ward 4,2021-11-10
2021-11-07,38.896314,-76.999304,Ward 6,2021-11-12
2021-11-07,38.895952,-76.978202,Ward 6,2021-11-12
2021-11-07,38.903499,-77.001170,Ward 6,2021-11-12
2021-11-07,38.983667,-77.028906,Ward 4,2021-11-10
2021-11-07,38.896313,-76.999118,Ward 6,2021-11-12
2021-11-08,38.900603,-76.993481,Ward 6,2021-11-12
2021-11-08,38.884875,-77.004565,Ward 6,2021-11-12
2021-11-08,38.902258,-76.997764,Ward 6,2021-11-12
2021-11-08,38.928270,-76.981466,Ward 5,2021-11-15
2021-11-08,38.980193,-77.031819,Ward 4,2021-11-17
2021-11-08,38.893409,-76.986130,Ward 6,2021-11-12
2021-11-08,38.944555,-77.013213,Ward 4,2021-11-17
2021-11-08,38.919592,-77.039260,Ward 1,2021-11-15
2021-11-08,38.922192,-76.974356,Ward 5,2021-11-15
2021-11-08,38.904511,-76.943649,Ward 7,2021-11-18
2021-11-08,38.908614,-77.067110,Ward 2,2021-11-17
2021-11-08,38.947581,-77.059075,Ward 3,2021-11-08
2021-11-08,38.947581,-77.059075,Ward 3,2021-11-16
2021-11-08,38.951643,-77.064219,Ward 3,2021-11-16
2021-11-08,38.929295,-77.021353,Ward 1,2021-11-15
2021-11-08,38.935532,-77.107652,Ward 3,2021-11-17
2021-11-08,38.891511,-76.982408,Ward 6,2021-11-12
2021-11-08,38.932479,-77.045617,Ward 1,2021-11-15
2021-11-08,38.905470,-76.999289,Ward 6,2021-11-12
2021-11-08,38.919831,-76.983993,Ward 5,2021-11-15
2021-11-08,38.955810,-77.074346,Ward 3,2021-11-16
2021-11-08,38.886303,-76.977557,Ward 6,2021-11-12
2021-11-08,38.896825,-76.982098,Ward 6,2021-11-12
2021-11-08,38.915491,-77.017027,Ward 1,2021-11-15
2021-11-08,38.956932,-77.065790,Ward 3,2021-11-16
2021-11-08,38.926569,-76.984922,Ward 5,2021-11-15
2021-11-08,38.945035,-76.980798,Ward 5,2021-11-15
2021-11-08,38.928677,-77.101090,Ward 3,2021-11-17
2021-11-08,38.905040,-76.985243,Ward 5,2021-11-15
2021-11-08,38.897520,-76.989159,Ward 6,2021-11-12
2021-11-08,38.881510,-76.996900,Ward 6,2021-11-12
2021-11-08,38.892190,-77.000396,Ward 6,2021-11-12
2021-11-08,38.950256,-77.085960,Ward 3,2021-11-17
2021-11-08,38.927980,-76.987031,Ward 5,2021-11-15
2021-11-08,38.954182,-77.080048,Ward 3,2021-11-16
2021-11-08,38.935379,-76.984986,Ward 5,2021-11-15
2021-11-08,38.964190,-77.073388,Ward 3,2021-11-16
2021-11-08,38.945403,-76.989997,Ward 5,2021-11-15
2021-11-08,38.930290,-76.982175,Ward 5,2021-11-15
2021-11-08,38.946176,-77.018563,Ward 4,2021-11-17
2021-11-08,38.943116,-76.983374,Ward 5,2021-11-15
2021-11-08,38.924006,-77.029936,Ward 1,2021-11-15
2021-11-08,38.890070,-77.000039,Ward 6,2021-11-12
2021-11-08,38.908730,-77.087627,Ward 3,2021-11-17
2021-11-08,38.894615,-76.990718,Ward 6,2021-11-12
2021-11-08,38.928802,-77.036789,Ward 1,2021-11-15
2021-11-08,38.884889,-76.991259,Ward 6,2021-11-12
2021-11-08,38.894070,-76.937332,Ward 7,2021-11-18
2021-11-09,38.928483,-77.027789,Ward 1,2021-11-15
2021-11-09,38.888863,-76.980995,Ward 6,2021-11-12
2021-11-09,38.877708,-77.001725,Ward 6,2021-11-12
2021-11-09,38.930091,-77.101917,Ward 3,2021-11-23
2021-11-09,38.910487,-77.015430,Ward 5,2021-11-15
2021-11-09,38.907638,-77.065672,Ward 2,2021-11-17
2021-11-09,38.917761,-77.017813,Ward 1,2021-11-15
2021-11-09,38.902792,-76.995239,Ward 6,2021-11-12
2021-11-09,38.895130,-76.985243,Ward 6,2021-11-12
2021-11-09,38.894502,-76.988076,Ward 6,2021-11-12
2021-11-09,38.888526,-77.000331,Ward 6,2021-11-12
2021-11-09,38.919367,-77.012945,Ward 5,2021-11-15
2021-11-09,38.880115,-76.993520,Ward 6,2021-11-12
2021-11-09,38.943766,-77.035231,Ward 4,2021-11-17
2021-11-09,38.881420,-76.981998,Ward 6,2021-11-12
2021-11-09,38.937663,-76.977856,Ward 5,2021-11-15
2021-11-09,38.885855,-76.990850,Ward 6,2021-11-12
2021-11-09,38.954897,-77.090383,Ward 3,2021-11-16
2021-11-09,38.890559,-76.989263,Ward 6,2021-11-12
2021-11-09,38.866829,-76.975924,Ward 8,2021-11-18
2021-11-09,38.916531,-77.018216,Ward 1,2021-11-15
2021-11-09,38.875931,-76.964431,Ward 7,2021-11-18
2021-11-09,38.947150,-77.098061,Ward 3,2021-11-16
2021-11-09,38.949464,-77.099807,Ward 3,2021-11-16
2021-11-09,38.947308,-77.093914,Ward 3,2021-11-16
2021-11-09,38.947680,-77.094130,Ward 3,2021-11-16
2021-11-09,38.948123,-77.091904,Ward 3,2021-11-16
2021-11-09,38.950855,-77.091338,Ward 3,2021-11-16
2021-11-09,38.950862,-77.091837,Ward 3,2021-11-16
2021-11-09,38.946023,-77.092874,Ward 3,2021-11-16
2021-11-09,38.986158,-77.033936,Ward 4,2021-11-17
2021-11-09,38.912798,-77.047972,Ward 2,2021-11-17
2021-11-09,38.925320,-77.030033,Ward 1,2021-11-15
2021-11-09,38.989805,-77.036637,Ward 4,2021-11-17
2021-11-09,38.952078,-77.032638,Ward 4,2021-11-17
2021-11-09,38.901497,-76.992021,Ward 6,2021-11-12
2021-11-09,38.829971,-76.990756,Ward 8,2021-11-18
2021-11-10,38.914284,-77.071647,Ward 2,2021-11-17
2021-11-10,38.979141,-77.031444,Ward 4,2021-11-17
2021-11-10,38.916513,-77.000299,Ward 5,2021-11-15
2021-11-10,38.912973,-77.026199,Ward 6,2021-11-20
2021-11-10,38.885135,-76.992472,Ward 6,2021-11-20
2021-11-10,38.897140,-76.994178,Ward 6,2021-11-19
2021-11-10,38.914979,-77.034267,Ward 2,2021-11-17
2021-11-10,38.910136,-77.065925,Ward 2,2021-11-17
2021-11-10,38.931687,-76.975949,Ward 5,2021-11-15
2021-11-10,38.891845,-77.000196,Ward 6,2021-11-20
2021-11-10,38.892405,-76.993547,Ward 6,2021-11-19
2021-11-10,38.950271,-77.083532,Ward 3,2021-11-20
2021-11-10,38.926740,-77.023361,Ward 1,2021-11-15
2021-11-10,38.886812,-76.999287,Ward 6,2021-11-20
2021-11-10,38.927866,-76.989412,Ward 5,2021-11-15
2021-11-10,38.975247,-77.063657,Ward 4,2021-11-20
2021-11-10,38.940291,-77.017802,Ward 4,2021-11-17
2021-11-10,38.930259,-76.980539,Ward 5,2021-11-15
2021-11-10,38.970904,-77.063622,Ward 4,2021-11-17
2021-11-10,38.916147,-77.075422,Ward 2,2021-11-12
2021-11-10,38.963827,-77.062656,Ward 4,2021-11-17
2021-11-10,38.921125,-77.086921,Ward 3,2021-11-17
2021-11-10,38.927980,-76.986203,Ward 5,2021-11-15
2021-11-10,38.967320,-77.063637,Ward 4,2021-11-17
2021-11-10,38.943820,-76.983363,Ward 5,2021-11-15
2021-11-10,38.879061,-76.987853,Ward 6,2021-11-20
2021-11-10,38.886619,-76.981674,Ward 6,2021-11-20
2021-11-10,38.910871,-77.018695,Ward 2,2021-11-20
2021-11-10,38.967396,-77.072846,Ward 3,2021-11-16
2021-11-10,38.970232,-77.028272,Ward 4,2021-11-17
2021-11-10,38.932096,-77.034637,Ward 1,2021-11-15
2021-11-10,38.928459,-77.061706,Ward 3,2021-11-16
2021-11-10,38.927165,-76.975932,Ward 5,2021-11-15
2021-11-10,38.892461,-76.998218,Ward 6,2021-11-19
2021-11-10,38.974195,-77.054711,Ward 4,2021-11-17
2021-11-10,38.974195,-77.054711,Ward 4,2021-11-17
2021-11-11,38.895003,-77.031353,Ward 2,2021-11-18
2021-11-11,38.886218,-76.991292,Ward 6,2021-11-20
2021-11-11,38.920493,-77.077250,Ward 3,2021-11-17
2021-11-11,38.925525,-77.030737,Ward 1,2021-11-15
2021-11-11,38.951291,-77.016583,Ward 4,2021-11-17
2021-11-11,38.913180,-77.010582,Ward 5,2021-11-15
2021-11-11,38.945435,-76.980884,Ward 5,2021-11-15
2021-11-11,38.967378,-77.070797,Ward 3,2021-11-16
2021-11-11,38.892079,-76.948428,Ward 7,2021-11-18
2021-11-11,38.967811,-77.020148,Ward 4,2021-11-17
2021-11-11,38.891716,-76.991323,Ward 6,2021-11-19
2021-11-11,38.935741,-77.059255,Ward 3,2021-11-16
2021-11-11,38.934307,-76.978414,Ward 5,2021-11-15
2021-11-11,38.926569,-76.984922,Ward 5,2021-11-15
2021-11-11,38.929723,-77.024970,Ward 1,2021-11-15
2021-11-11,38.894962,-77.000105,Ward 6,2021-11-19
2021-11-11,38.895931,-76.998809,Ward 6,2021-11-19
2021-11-11,38.870264,-76.958435,Ward 7,2021-11-18
2021-11-11,38.931683,-77.042058,Ward 1,2021-11-15
2021-11-11,38.921285,-77.047877,Ward 1,2021-11-15
2021-11-11,38.951682,-77.088328,Ward 3,2021-11-16
2021-11-11,38.891269,-76.936069,Ward 7,2021-11-18
2021-11-12,38.972125,-77.025573,Ward 4,2021-11-17
2021-11-12,38.882444,-77.004789,Ward 6,2021-11-20
2021-11-12,38.856963,-76.959953,Ward 7,2021-11-18
2021-11-12,38.889517,-76.978195,Ward 6,2021-11-19
2021-11-12,38.911142,-77.060042,Ward 2,2021-11-17
2021-11-12,38.884102,-77.005073,Ward 6,2021-11-20
2021-11-12,38.974485,-77.055644,Ward 4,2021-11-17
2021-11-12,38.881847,-76.999754,Ward 6,2021-11-20
2021-11-12,38.880707,-77.000337,Ward 6,2021-11-20
2021-11-12,38.894615,-76.987202,Ward 6,2021-11-19
2021-11-12,38.960081,-77.037518,Ward 4,2021-11-17
2021-11-12,38.954867,-77.062573,Ward 3,2021-11-16
2021-11-12,38.899224,-76.942055,Ward 7,2021-11-18
2021-11-12,38.868424,-76.984561,Ward 8,2021-11-18
2021-11-12,38.877987,-76.965958,Ward 7,2021-11-18
2021-11-12,38.886920,-76.924052,Ward 7,2021-11-18
2021-11-12,38.862416,-76.954056,Ward 7,2021-11-18
2021-11-12,38.934606,-77.111784,Ward 3,2021-11-17
2021-11-12,38.944969,-77.071568,Ward 3,2021-11-16
2021-11-12,38.888502,-76.982543,Ward 6,2021-11-19
2021-11-12,38.887776,-76.986622,Ward 6,2021-11-20
2021-11-12,38.933855,-77.074659,Ward 3,2021-11-20
2021-11-12,38.897539,-76.998063,Ward 6,2021-11-19
2021-11-12,38.909521,-77.067659,Ward 2,2021-11-17
2021-11-12,38.931924,-76.978610,Ward 5,2021-11-15
2021-11-12,38.897520,-76.989159,Ward 6,2021-11-19
2021-11-12,38.897520,-76.989159,Ward 6,2021-11-19
2021-11-13,38.907814,-76.988468,Ward 5,2021-11-22
2021-11-13,38.903499,-77.001170,Ward 6,2021-11-20
2021-11-13,38.930362,-77.039943,Ward 1,2021-11-15
2021-11-13,38.949871,-77.095789,Ward 3,2021-11-16
2021-11-13,38.949871,-77.095789,Ward 3,2021-11-16
2021-11-13,38.912798,-77.047972,Ward 2,2021-11-17
2021-11-13,38.830292,-77.012637,Ward 8,2021-11-18
2021-11-13,38.869341,-76.953401,Ward 7,2021-11-18
2021-11-13,38.873259,-76.936569,Ward 7,2021-11-18
2021-11-13,38.860309,-76.989225,Ward 8,2021-11-18
2021-11-13,38.927830,-76.980500,Ward 5,2021-11-22
2021-11-13,38.902775,-76.991275,Ward 6,2021-11-19
2021-11-13,38.881808,-76.991276,Ward 6,2021-11-20
2021-11-13,38.988842,-77.038516,Ward 4,2021-11-17
2021-11-13,38.930916,-76.978561,Ward 5,2021-11-22
2021-11-13,38.882759,-77.001406,Ward 6,2021-11-20
2021-11-13,38.944884,-77.027408,Ward 4,2021-11-17
2021-11-13,38.916671,-77.097317,Ward 3,2021-11-17
2021-11-13,38.878972,-76.984530,Ward 6,2021-11-20
2021-11-13,38.892187,-76.999902,Ward 6,2021-11-20
2021-11-13,38.883403,-77.003960,Ward 6,2021-11-20
2021-11-14,38.936903,-76.965951,Ward 5,2021-11-22
2021-11-14,38.967852,-77.071055,Ward 3,2021-11-23
2021-11-14,38.887000,-76.982609,Ward 6,2021-11-20
2021-11-14,38.929421,-77.030784,Ward 1,2021-11-22
2021-11-14,38.950768,-77.021805,Ward 4,2021-11-17
2021-11-14,38.883330,-76.997092,Ward 6,2021-11-20
2021-11-14,38.881453,-76.993975,Ward 6,2021-11-20
2021-11-14,38.907077,-77.016885,Ward 6,2021-11-20
2021-11-14,38.914029,-77.085246,Ward 3,2021-11-23
2021-11-14,38.938119,-76.980426,Ward 5,2021-11-22
2021-11-14,38.910055,-77.015456,Ward 5,2021-11-22
2021-11-14,38.932931,-76.974616,Ward 5,2021-11-22
2021-11-14,38.935133,-76.982696,Ward 5,2021-11-22
2021-11-14,38.871592,-76.975722,Ward 8,2021-11-18
2021-11-14,38.955854,-77.007782,Ward 4,2021-11-17
2021-11-15,38.892484,-76.991845,Ward 6,2021-11-19
2021-11-15,38.895930,-76.998873,Ward 6,2021-11-19
2021-11-15,38.919948,-77.011840,Ward 5,2021-11-22
2021-11-15,38.976690,-77.064762,Ward 4,2021-11-15
2021-11-15,38.896542,-77.000798,Ward 6,2021-11-19
2021-11-15,38.887325,-76.923095,Ward 7,2021-11-18
2021-11-15,38.897008,-76.995313,Ward 6,2021-11-19
2021-11-15,38.919402,-77.011089,Ward 5,2021-11-22
2021-11-15,38.882982,-77.002589,Ward 6,2021-11-20
2021-11-15,38.894965,-77.001466,Ward 6,2021-11-19
2021-11-15,38.908655,-77.055701,Ward 2,2021-11-24
2021-11-15,38.893957,-76.936697,Ward 7,2021-11-18
2021-11-15,38.885813,-76.922591,Ward 7,2021-11-18
2021-11-15,38.911704,-77.030579,Ward 2,2021-11-24
2021-11-15,38.908352,-77.058441,Ward 2,2021-11-24
2021-11-15,38.924519,-77.027761,Ward 1,2021-11-22
2021-11-15,38.892957,-76.927298,Ward 7,2021-11-18
2021-11-15,38.968449,-77.064778,Ward 4,2021-11-24
2021-11-15,38.931391,-76.966721,Ward 5,2021-11-22
2021-11-15,38.959460,-77.037504,Ward 4,2021-11-24
2021-11-15,38.933891,-76.969897,Ward 5,2021-11-22
2021-11-15,38.979602,-77.034506,Ward 4,2021-11-24
2021-11-15,38.971704,-77.017750,Ward 4,2021-11-24
2021-11-15,38.901519,-76.990811,Ward 6,2021-11-19
2021-11-15,38.981447,-77.058884,Ward 4,2021-11-24
2021-11-15,38.959607,-77.010981,Ward 4,2021-11-24
2021-11-15,38.992753,-77.039652,Ward 4,2021-11-24
2021-11-15,38.924653,-77.034901,Ward 1,2021-11-22
2021-11-15,38.929957,-76.975998,Ward 5,2021-11-22
2021-11-15,38.913180,-77.016697,Ward 5,2021-11-22
2021-11-15,38.919367,-77.012945,Ward 5,2021-11-22
2021-11-15,38.881420,-76.981998,Ward 6,2021-11-20
2021-11-15,38.943402,-77.084461,Ward 3,2021-11-23
2021-11-15,38.913341,-77.038774,Ward 2,2021-11-24
2021-11-15,38.952457,-77.059454,Ward 3,2021-11-23
2021-11-15,38.930830,-77.103008,Ward 3,2021-11-23
2021-11-15,38.930830,-77.103008,Ward 3,2021-11-23
2021-11-15,38.955086,-77.072616,Ward 3,2021-11-23
2021-11-15,38.883938,-76.985077,Ward 6,2021-11-20
2021-11-15,38.922356,-77.076426,Ward 3,2021-11-23
2021-11-16,38.879536,-76.943019,Ward 7,2021-12-02
2021-11-16,38.929519,-77.059884,Ward 3,2021-11-23
2021-11-16,38.889140,-76.987730,Ward 6,2021-11-19
2021-11-16,38.916451,-77.013840,Ward 5,2021-11-22
2021-11-16,38.890758,-77.000169,Ward 6,2021-11-20
2021-11-16,38.964219,-77.023131,Ward 4,2021-11-24
2021-11-16,38.919340,-76.983919,Ward 5,2021-11-22
2021-11-16,38.965548,-77.003020,Ward 4,2021-11-24
2021-11-16,38.936568,-77.035178,Ward 1,2021-11-22
2021-11-16,38.964689,-77.064340,Ward 4,2021-11-24
2021-11-16,38.965615,-77.077970,Ward 3,2021-11-19
2021-11-16,38.868911,-76.970691,Ward 7,2021-12-04
2021-11-16,38.939544,-77.029008,Ward 4,2021-11-24
2021-11-16,38.929199,-77.022502,Ward 1,2021-11-22
2021-11-16,38.910536,-77.085646,Ward 3,2021-11-23
2021-11-16,38.925018,-77.101077,Ward 3,2021-11-23
2021-11-16,38.838796,-76.995243,Ward 8,2021-12-02
2021-11-16,38.881473,-77.021133,Ward 6,2021-11-20
2021-11-16,38.921097,-77.010817,Ward 5,2021-11-22
2021-11-16,38.944137,-77.089058,Ward 3,2021-11-23
2021-11-16,38.911328,-77.039123,Ward 2,2021-11-24
2021-11-16,38.892352,-76.938946,Ward 7,2021-12-02
2021-11-16,38.982329,-77.028102,Ward 4,2021-11-24
2021-11-16,38.934671,-76.979981,Ward 5,2021-11-22
2021-11-16,38.883403,-77.003960,Ward 6,2021-11-20
2021-11-16,38.878547,-76.988500,Ward 6,2021-11-20
2021-11-16,38.918593,-77.098013,Ward 3,2021-11-23
2021-11-16,38.973785,-77.059871,Ward 4,2021-11-24
2021-11-16,38.895958,-76.995832,Ward 6,2021-11-19
2021-11-16,38.952541,-77.088342,Ward 3,2021-11-23
2021-11-16,38.897785,-76.988496,Ward 6,2021-11-19
2021-11-16,38.882065,-76.998225,Ward 6,2021-11-20
2021-11-16,38.931647,-76.963885,Ward 5,2021-11-22
2021-11-16,38.855625,-76.959057,Ward 7,2021-12-02
2021-11-16,38.909922,-77.035464,Ward 2,2021-11-30
2021-11-16,38.869657,-76.969279,Ward 7,2021-12-04
2021-11-16,38.970716,-77.062979,Ward 4,2021-11-24
2021-11-17,38.885285,-76.991921,Ward 6,2021-12-06
2021-11-17,38.975617,-77.025429,Ward 4,2021-11-24
2021-11-17,38.907432,-77.081164,Ward 3,2021-11-23
2021-11-17,38.960081,-77.037518,Ward 4,2021-11-17
2021-11-17,38.957203,-77.089280,Ward 3,2021-11-23
2021-11-17,38.959227,-77.077981,Ward 3,2021-11-23
2021-11-17,38.932899,-76.977664,Ward 5,2021-11-22
2021-11-17,38.955854,-77.007782,Ward 4,2021-11-17
2021-11-17,38.934703,-76.983045,Ward 5,2021-11-22
2021-11-17,38.891840,-76.990531,Ward 6,2021-12-03
2021-11-17,38.951849,-77.023183,Ward 4,2021-11-24
2021-11-17,38.986624,-77.041687,Ward 4,2021-11-24
2021-11-17,38.950557,-76.990265,Ward 5,2021-11-22
2021-11-17,38.925525,-77.030737,Ward 1,2021-11-22
2021-11-17,38.947701,-77.073774,Ward 3,2021-11-23
2021-11-17,38.929343,-77.018210,Ward 1,2021-11-22
2021-11-17,38.956838,-77.089236,Ward 3,2021-11-23
2021-11-17,38.937918,-77.020831,Ward 4,2021-11-24
2021-11-17,38.934644,-77.105767,Ward 3,2021-11-23
2021-11-17,38.865475,-76.959917,Ward 7,2021-12-02
2021-11-17,38.935105,-76.983149,Ward 5,2021-11-22
2021-11-17,38.967490,-77.014330,Ward 4,2021-11-24
2021-11-17,38.896313,-76.999118,Ward 6,2021-12-03
2021-11-17,38.902252,-76.997696,Ward 6,2021-12-03
2021-11-17,38.925001,-77.072861,Ward 3,2021-11-23
2021-11-17,38.892421,-76.999772,Ward 6,2021-12-06
2021-11-18,38.890586,-76.991343,Ward 6,2021-12-03
2021-11-18,38.940291,-77.017802,Ward 4,2021-11-30
2021-11-18,38.881423,-76.993540,Ward 6,2021-12-03
2021-11-18,38.870085,-76.961603,Ward 7,2021-12-02
2021-11-18,38.928270,-76.981466,Ward 5,2021-11-22
2021-11-18,38.904245,-76.996417,Ward 6,2021-12-03
2021-11-18,38.895248,-76.999263,Ward 6,2021-12-03
2021-11-18,38.881066,-76.942806,Ward 7,2021-12-02
2021-11-18,38.883410,-76.998925,Ward 6,2021-12-03
2021-11-18,38.895690,-76.976409,Ward 7,2021-12-04
2021-11-18,38.910450,-77.015458,Ward 5,2021-11-22
2021-11-18,38.905040,-76.985243,Ward 5,2021-11-22
2021-11-18,38.941619,-76.991201,Ward 5,2021-11-22
2021-11-18,38.953590,-77.079646,Ward 3,2021-11-23
2021-11-18,38.935986,-77.033582,Ward 1,2021-11-22
2021-11-18,38.948067,-77.028415,Ward 4,2021-11-24
2021-11-18,38.897668,-77.036545,Ward 2,2021-11-18
2021-11-18,38.897668,-77.036545,Ward 2,2021-11-18
2021-11-18,38.918432,-77.025760,Ward 1,2021-11-18
2021-11-18,38.919637,-77.062473,Ward 3,2021-11-18
2021-11-18,38.914107,-77.078688,Ward 2,2021-11-18
2021-11-18,38.903245,-77.051105,Ward 2,2021-11-18
2021-11-18,38.930086,-77.101365,Ward 3,2021-11-23
2021-11-18,38.915191,-77.008736,Ward 5,2021-11-22
2021-11-18,38.952356,-77.016890,Ward 4,2021-11-24
2021-11-18,38.897668,-77.036545,Ward 2,2021-11-18
2021-11-18,38.946115,-77.020032,Ward 4,2021-11-24
2021-11-18,38.897668,-77.036545,Ward 2,2021-11-18
2021-11-18,38.873124,-77.017303,Ward 6,2021-12-08
2021-11-18,38.950476,-77.082323,Ward 3,2021-11-23
2021-11-18,38.925424,-77.008017,Ward 5,2021-11-22
2021-11-18,38.912185,-77.068043,Ward 2,2021-11-24
2021-11-18,38.931930,-76.973009,Ward 5,2021-11-22
2021-11-18,38.955477,-77.079582,Ward 3,2021-11-23
2021-11-18,38.892957,-76.927298,Ward 7,2021-11-18
2021-11-18,38.869120,-76.954708,Ward 7,2021-12-02
2021-11-18,38.947274,-76.982961,Ward 5,2021-11-22
2021-11-18,38.954182,-77.080048,Ward 3,2021-11-23
2021-11-18,38.942938,-77.012800,Ward 4,2021-11-30
2021-11-19,38.934658,-77.039696,Ward 1,2021-11-22
2021-11-19,38.885813,-76.922591,Ward 7,2021-12-02
2021-11-19,38.893957,-76.936697,Ward 7,2021-12-04
2021-11-19,38.871767,-76.951432,Ward 7,2021-12-02
2021-11-19,38.895944,-76.998993,Ward 6,2021-12-03
2021-11-19,38.931009,-77.020656,Ward 1,2021-11-22
2021-11-19,38.914284,-77.071647,Ward 2,2021-11-24
2021-11-19,38.976979,-77.022607,Ward 4,2021-11-24
2021-11-19,38.953877,-77.084765,Ward 3,2021-11-23
2021-11-19,38.934795,-77.039683,Ward 1,2021-11-22
2021-11-19,38.959973,-77.019174,Ward 4,2021-11-24
2021-11-19,38.897137,-76.997792,Ward 6,2021-12-03
2021-11-19,38.891116,-76.958392,Ward 7,2021-12-04
2021-11-19,38.902791,-77.000137,Ward 6,2021-12-03
2021-11-19,38.884464,-76.923079,Ward 7,2021-12-02
2021-11-19,38.979195,-77.028339,Ward 4,2021-11-24
2021-11-19,38.943795,-77.072160,Ward 3,2021-11-23
2021-11-19,38.919837,-77.039366,Ward 1,2021-11-22
2021-11-19,38.887387,-76.980112,Ward 6,2021-12-06
2021-11-19,38.894615,-76.990718,Ward 6,2021-12-03
2021-11-19,38.909844,-77.056860,Ward 2,2021-11-24
2021-11-19,38.896881,-76.996395,Ward 6,2021-12-03
2021-11-19,38.952648,-77.088943,Ward 3,2021-11-23
2021-11-19,38.888502,-76.982543,Ward 6,2021-12-03
2021-11-20,38.895625,-76.995234,Ward 6,2021-12-03
2021-11-20,38.859094,-76.958641,Ward 7,2021-12-02
2021-11-20,38.938369,-77.067452,Ward 3,2021-11-23
2021-11-20,38.921115,-77.007931,Ward 5,2021-11-29
2021-11-20,38.961243,-77.078852,Ward 3,2021-11-23
2021-11-20,38.939973,-77.099736,Ward 3,2021-11-23
2021-11-20,38.894659,-76.991769,Ward 6,2021-12-03
2021-11-20,38.896474,-76.996396,Ward 6,2021-12-03
2021-11-20,38.895285,-76.941357,Ward 7,2021-12-04
2021-11-20,38.906442,-76.985132,Ward 5,2021-11-29
2021-11-20,38.920162,-77.075420,Ward 3,2021-11-23
2021-11-20,38.938052,-77.017648,Ward 4,2021-11-24
2021-11-20,38.935184,-77.103306,Ward 3,2021-11-23
2021-11-20,38.953137,-77.032466,Ward 4,2021-11-24
2021-11-20,38.938363,-77.064533,Ward 3,2021-11-23
2021-11-20,38.932931,-76.975418,Ward 5,2021-11-29
2021-11-20,38.883403,-77.003960,Ward 6,2021-12-03
2021-11-20,38.968098,-77.021887,Ward 4,2021-11-24
2021-11-20,38.886303,-76.977557,Ward 6,2021-12-06
2021-11-20,38.871592,-76.975722,Ward 8,2021-12-04
2021-11-20,38.935773,-77.034106,Ward 1,2021-11-29
2021-11-20,38.867139,-76.944530,Ward 7,2021-12-02
2021-11-20,38.907399,-77.048396,Ward 2,2021-11-24
2021-11-20,38.886473,-76.927109,Ward 7,2021-12-02
2021-11-21,38.895003,-77.031353,Ward 2,2021-11-29
2021-11-21,38.871408,-76.981699,Ward 8,2021-12-04
2021-11-21,38.899387,-76.988039,Ward 6,2021-12-03
2021-11-21,38.830315,-77.012693,Ward 8,2021-12-02
2021-11-21,38.954737,-77.017486,Ward 4,2021-11-24
2021-11-21,38.941971,-76.991199,Ward 5,2021-11-29
2021-11-21,38.897139,-77.001105,Ward 6,2021-12-03
2021-11-21,38.949581,-76.994000,Ward 5,2021-11-29
2021-11-21,38.970299,-77.059726,Ward 4,2021-11-24
2021-11-21,38.886649,-76.988913,Ward 6,2021-12-03
2021-11-21,38.896306,-76.997766,Ward 6,2021-12-03
2021-11-21,38.908016,-77.065671,Ward 2,2021-11-24
2021-11-21,38.974477,-77.062097,Ward 4,2021-11-24
2021-11-21,38.897849,-76.976925,Ward 6,2021-12-03
2021-11-21,38.889528,-76.985137,Ward 6,2021-12-03
2021-11-21,38.902908,-76.985737,Ward 5,2021-11-29
2021-11-21,38.886099,-76.927585,Ward 7,2021-12-02
2021-11-21,38.934861,-76.973942,Ward 5,2021-11-29
2021-11-21,38.886130,-76.979213,Ward 7,2021-12-06
2021-11-21,38.869831,-76.954270,Ward 7,2021-12-02
2021-11-21,38.942408,-77.091519,Ward 3,2021-11-30
2021-11-21,38.898713,-76.989552,Ward 6,2021-12-03
2021-11-21,38.898541,-76.990465,Ward 6,2021-12-03
2021-11-21,38.882982,-77.002589,Ward 6,2021-12-03
2021-11-21,38.933282,-76.974568,Ward 5,2021-11-29
2021-11-21,38.907407,-77.048539,Ward 2,2021-11-30
2021-11-21,38.919048,-77.034262,Ward 1,2021-11-29
2021-11-21,38.910863,-77.068481,Ward 2,2021-11-24
2021-11-21,38.889140,-76.987730,Ward 6,2021-12-03
2021-11-21,38.946340,-77.028651,Ward 4,2021-11-24
2021-11-21,38.890105,-76.986807,Ward 6,2021-12-03
2021-11-21,38.876285,-76.964289,Ward 7,2021-12-02
2021-11-21,38.891724,-76.992859,Ward 6,2021-12-03
2021-11-21,38.964200,-77.069350,Ward 3,2021-11-30
2021-11-21,38.953128,-77.085348,Ward 3,2021-11-30
2021-11-22,38.915768,-77.031113,Ward 1,2021-11-29
2021-11-22,38.966017,-77.073291,Ward 3,2021-11-30
2021-11-22,38.932606,-76.985967,Ward 5,2021-11-29
2021-11-22,38.971852,-77.071089,Ward 4,2021-12-01
2021-11-22,38.930452,-77.028286,Ward 1,2021-11-29
2021-11-22,38.925029,-77.100075,Ward 3,2021-11-30
2021-11-22,38.901883,-76.998680,Ward 6,2021-12-03
2021-11-22,38.965607,-77.078143,Ward 3,2021-11-30
2021-11-22,38.956969,-77.000486,Ward 4,2021-12-01
2021-11-22,38.938604,-77.020040,Ward 4,2021-12-01
2021-11-22,38.890742,-76.986005,Ward 6,2021-12-03
2021-11-22,38.890750,-76.989782,Ward 6,2021-12-03
2021-11-22,38.890756,-77.001406,Ward 6,2021-12-03
2021-11-22,38.936967,-76.987569,Ward 5,2021-11-29
2021-11-22,38.949540,-77.030173,Ward 4,2021-12-01
2021-11-22,38.920382,-77.046553,Ward 1,2021-11-29
2021-11-22,38.898620,-76.993991,Ward 6,2021-12-03
2021-11-22,38.908395,-77.056329,Ward 2,2021-12-01
2021-11-22,38.976791,-77.057730,Ward 4,2021-12-01
2021-11-22,38.952871,-77.080059,Ward 3,2021-11-30
2021-11-22,38.882111,-76.991302,Ward 6,2021-12-03
2021-11-22,38.924934,-77.041121,Ward 1,2021-11-29
2021-11-22,38.965136,-77.067340,Ward 4,2021-12-01
2021-11-22,38.875211,-77.006253,Ward 8,2021-11-22
2021-11-22,38.868023,-76.982459,Ward 8,2021-12-04
2021-11-22,38.929977,-76.985889,Ward 5,2021-11-29
2021-11-22,38.895349,-77.001808,Ward 6,2021-12-03
2021-11-22,38.932144,-77.042532,Ward 1,2021-11-29
2021-11-22,38.980194,-77.032519,Ward 4,2021-12-01
2021-11-22,38.937417,-76.977597,Ward 5,2021-11-29
2021-11-22,38.956969,-77.000066,Ward 4,2021-12-01
2021-11-22,38.908408,-77.057531,Ward 2,2021-12-01
2021-11-22,38.888809,-77.025988,Ward 2,2021-11-24
2021-11-22,38.956162,-76.996434,Ward 5,2021-11-29
2021-11-22,38.909450,-77.025653,Ward 2,2021-12-01
2021-11-22,38.920392,-77.002344,Ward 5,2021-11-29
2021-11-22,38.915028,-77.034827,Ward 2,2021-12-01
2021-11-22,38.925388,-76.997212,Ward 5,2021-11-29
2021-11-22,38.930266,-76.993316,Ward 5,2021-11-29
2021-11-22,38.933697,-77.041013,Ward 1,2021-11-29
2021-11-22,38.884302,-76.983199,Ward 6,2021-12-06
2021-11-22,38.936571,-76.988356,Ward 5,2021-11-29
2021-11-22,38.898918,-76.942039,Ward 7,2021-12-04
2021-11-22,38.961234,-77.075125,Ward 3,2021-11-30
2021-11-22,38.986352,-77.032596,Ward 4,2021-12-01
2021-11-22,38.978112,-77.025260,Ward 4,2021-12-01
2021-11-22,38.909833,-77.081407,Ward 3,2021-11-30
2021-11-22,38.934790,-77.045076,Ward 1,2021-11-29
2021-11-22,38.861751,-76.953967,Ward 7,2021-12-02
2021-11-22,38.920554,-77.039068,Ward 1,2021-11-29
2021-11-22,38.955797,-77.089288,Ward 3,2021-11-30
2021-11-22,38.931798,-77.109637,Ward 3,2021-11-30
2021-11-22,38.947258,-77.067605,Ward 3,2021-11-30
2021-11-22,38.928206,-77.027133,Ward 1,2021-11-29
2021-11-22,38.895010,-76.986236,Ward 6,2021-12-03
2021-11-22,38.946497,-77.020465,Ward 4,2021-12-01
2021-11-22,38.921576,-76.966095,Ward 5,2021-11-29
2021-11-22,38.830268,-76.996996,Ward 8,2021-12-02
2021-11-22,38.924653,-77.034901,Ward 1,2021-11-29
2021-11-22,38.913146,-77.067736,Ward 2,2021-12-01
2021-11-23,38.945082,-77.083517,Ward 3,2021-11-30
2021-11-23,38.896956,-76.999258,Ward 6,2021-12-03
2021-11-23,38.955854,-77.007782,Ward 4,2021-12-01
2021-11-23,38.965663,-77.021162,Ward 4,2021-12-01
2021-11-23,38.907582,-76.986289,Ward 5,2021-11-29
2021-11-23,38.888816,-76.980995,Ward 6,2021-12-03
2021-11-23,38.927937,-77.026845,Ward 1,2021-11-29
2021-11-23,38.945277,-77.027159,Ward 4,2021-12-04
2021-11-23,38.911304,-77.007407,Ward 5,2021-11-29
2021-11-23,38.881430,-77.000809,Ward 6,2021-12-03
2021-11-23,38.949432,-77.022876,Ward 4,2021-12-01
2021-11-23,38.898721,-76.999899,Ward 6,2021-12-03
2021-11-23,38.945357,-77.091954,Ward 3,2021-11-30
2021-11-23,38.973043,-77.058113,Ward 4,2021-12-04
2021-11-23,38.893585,-76.979426,Ward 6,2021-12-03
2021-11-23,38.832813,-77.004422,Ward 8,2021-12-02
2021-11-23,38.933596,-76.985537,Ward 5,2021-11-29
2021-11-23,38.886721,-76.998938,Ward 6,2021-12-06
2021-11-23,38.930906,-76.987287,Ward 5,2021-11-29
2021-11-23,38.944584,-77.084108,Ward 3,2021-11-30
2021-11-23,38.911316,-77.029408,Ward 2,2021-12-04
2021-11-23,38.977119,-77.021284,Ward 4,2021-12-01
2021-11-23,38.886099,-76.985750,Ward 6,2021-12-06
2021-11-23,38.883809,-77.006457,Ward 6,2021-12-03
2021-11-23,38.952232,-77.058566,Ward 3,2021-11-30
2021-11-23,38.891840,-76.993472,Ward 6,2021-12-03
2021-11-23,38.919802,-77.027858,Ward 1,2021-11-29
2021-11-23,38.974182,-77.055276,Ward 4,2021-12-01
2021-11-23,38.891128,-76.982383,Ward 6,2021-12-03
2021-11-23,38.962184,-77.015103,Ward 4,2021-12-01
2021-11-23,38.890727,-76.986625,Ward 6,2021-12-03
2021-11-23,38.894545,-76.938515,Ward 7,2021-12-02
2021-11-23,38.884283,-76.992121,Ward 6,2021-12-06
2021-11-23,38.934847,-77.022468,Ward 1,2021-11-29
2021-11-23,38.954462,-77.070617,Ward 3,2021-11-30
2021-11-23,38.880415,-76.984525,Ward 6,2021-12-08
2021-11-23,38.954471,-77.070894,Ward 3,2021-11-30
2021-11-23,38.956842,-77.087541,Ward 3,2021-11-30
2021-11-23,38.910292,-77.068056,Ward 2,2021-12-01
2021-11-23,38.910195,-77.068052,Ward 2,2021-12-01
2021-11-23,38.943766,-77.035231,Ward 4,2021-12-01
2021-11-23,38.882871,-77.005636,Ward 6,2021-12-03
2021-11-23,38.950867,-76.993895,Ward 5,2021-11-29
2021-11-23,38.939390,-77.022345,Ward 4,2021-12-01
2021-11-23,38.940291,-76.979404,Ward 5,2021-11-29
2021-11-24,38.962251,-77.081738,Ward 3,2021-11-30
2021-11-24,38.932920,-76.969789,Ward 5,2021-11-29
2021-11-24,38.928270,-76.981466,Ward 5,2021-11-29
2021-11-24,38.938369,-77.067452,Ward 3,2021-11-30
2021-11-24,38.929524,-77.027246,Ward 1,2021-11-29
2021-11-24,38.953982,-77.088920,Ward 3,2021-11-30
2021-11-24,38.900342,-77.052499,Ward 2,2021-12-01
2021-11-24,38.971772,-77.061725,Ward 4,2021-12-01
2021-11-24,38.885135,-76.992472,Ward 6,2021-12-06
2021-11-24,38.895604,-76.995896,Ward 6,2021-12-03
2021-11-24,38.876035,-76.957273,Ward 7,2021-12-02
2021-11-24,38.938051,-76.973970,Ward 5,2021-11-29
2021-11-24,38.902019,-76.999244,Ward 6,2021-12-03
2021-11-24,38.944212,-77.079006,Ward 3,2021-11-30
2021-11-24,38.960205,-77.063957,Ward 4,2021-12-01
2021-11-24,38.967811,-77.020148,Ward 4,2021-12-01
2021-11-24,38.935208,-76.980351,Ward 5,2021-11-29
2021-11-24,38.951800,-76.988903,Ward 5,2021-11-29
2021-11-24,38.934795,-77.039683,Ward 1,2021-11-29
2021-11-24,38.953144,-77.030474,Ward 4,2021-12-01
2021-11-24,38.891845,-77.001344,Ward 6,2021-12-03
2021-11-24,38.883306,-76.984488,Ward 6,2021-12-03
2021-11-24,38.883306,-76.984488,Ward 6,2021-12-03
2021-11-24,38.881420,-76.981998,Ward 6,2021-12-06
2021-11-24,38.926143,-76.986053,Ward 5,2021-11-29
2021-11-24,38.940195,-76.974391,Ward 5,2021-11-29
2021-11-24,38.934523,-77.045122,Ward 1,2021-11-29
2021-11-24,38.916598,-77.016868,Ward 1,2021-11-29
2021-11-24,38.934406,-76.981516,Ward 5,2021-11-29
2021-11-24,38.955011,-76.997878,Ward 5,2021-11-29
2021-11-25,38.890751,-76.983147,Ward 7,2021-12-03
2021-11-25,38.960095,-77.064008,Ward 4,2021-12-01
2021-11-25,38.905347,-76.984500,Ward 5,2021-11-29
2021-11-25,38.939553,-77.026601,Ward 4,2021-12-01
2021-11-25,38.964190,-77.073388,Ward 3,2021-11-30
2021-11-25,38.943243,-76.981990,Ward 5,2021-11-29
2021-11-25,38.862311,-76.964525,Ward 7,2021-12-02
2021-11-25,38.929959,-76.987215,Ward 5,2021-11-29
2021-11-25,38.963327,-77.058652,Ward 4,2021-12-01
2021-11-25,38.919048,-77.034262,Ward 1,2021-11-29
2021-11-25,38.919352,-77.025831,Ward 1,2021-11-29
2021-11-25,38.899444,-76.990521,Ward 6,2021-12-03
2021-11-25,38.924710,-76.974405,Ward 5,2021-11-29
2021-11-26,38.886200,-76.991034,Ward 6,2021-12-03
2021-11-26,38.902762,-76.995380,Ward 6,2021-12-03
2021-11-26,38.965478,-77.024467,Ward 4,2021-12-01
2021-11-26,38.861963,-76.962522,Ward 7,2021-12-02
2021-11-26,38.932229,-77.045174,Ward 1,2021-11-29
2021-11-26,38.929421,-77.030784,Ward 1,2021-11-29
2021-11-26,38.907775,-77.047598,Ward 2,2021-12-01
2021-11-26,38.940607,-77.042319,Ward 4,2021-12-01
2021-11-26,38.834174,-77.010055,Ward 8,2021-12-02
2021-11-26,38.925176,-77.030019,Ward 1,2021-11-29
2021-11-26,38.881453,-76.993975,Ward 6,2021-12-03
2021-11-26,38.888490,-76.984701,Ward 6,2021-12-03
2021-11-26,38.950539,-77.089745,Ward 3,2021-11-30
2021-11-26,38.938648,-76.979580,Ward 5,2021-11-29
2021-11-26,38.830839,-77.004597,Ward 8,2021-12-02
2021-11-26,38.892498,-76.947057,Ward 7,2021-12-02
2021-11-26,38.932623,-76.965279,Ward 5,2021-11-29
2021-11-26,38.911277,-77.064650,Ward 2,2021-12-01
2021-11-27,38.945620,-76.986963,Ward 5,2021-11-29
2021-11-27,38.883024,-76.991271,Ward 6,2021-12-03
2021-11-27,38.939998,-77.042386,Ward 4,2021-12-01
2021-11-27,38.883403,-77.003960,Ward 6,2021-12-03
2021-11-27,38.926832,-77.024623,Ward 1,2021-12-06
2021-11-27,38.894951,-76.955338,Ward 7,2021-12-04
2021-11-27,38.947071,-77.024518,Ward 4,2021-12-01
2021-11-27,38.933972,-77.041021,Ward 1,2021-12-06
2021-11-27,38.888526,-77.000331,Ward 6,2021-12-03
2021-11-27,38.983033,-77.030556,Ward 4,2021-12-01
2021-11-27,38.949871,-77.095789,Ward 3,2021-11-30
2021-11-27,38.931264,-77.039227,Ward 1,2021-12-06
2021-11-27,38.883410,-76.998925,Ward 6,2021-12-03
2021-11-27,38.918949,-77.071548,Ward 3,2021-11-30
2021-11-27,38.971637,-77.013410,Ward 4,2021-12-01
2021-11-27,38.910619,-77.065603,Ward 2,2021-12-01
2021-11-27,38.909628,-77.067656,Ward 2,2021-12-01
2021-11-27,38.985993,-77.035991,Ward 4,2021-12-01
2021-11-27,38.949182,-77.030606,Ward 4,2021-12-01
2021-11-27,38.867927,-76.984901,Ward 8,2021-12-04
2021-11-27,38.913180,-77.016697,Ward 5,2021-12-06
2021-11-27,38.896681,-77.001217,Ward 6,2021-12-03
2021-11-27,38.890742,-76.997045,Ward 6,2021-12-03
2021-11-27,38.882127,-77.003760,Ward 6,2021-12-03
2021-11-27,38.924343,-77.027234,Ward 1,2021-12-06
2021-11-27,38.904216,-76.979394,Ward 5,2021-12-06
2021-11-27,38.976145,-77.064081,Ward 4,2021-12-01
2021-11-28,38.833928,-77.005578,Ward 8,2021-12-02
2021-11-28,38.900676,-76.949622,Ward 7,2021-12-04
2021-11-28,38.925630,-77.026324,Ward 1,2021-12-06
2021-11-28,38.967771,-77.024982,Ward 4,2021-12-01
2021-11-28,38.893395,-76.986011,Ward 6,2021-12-03
2021-11-28,38.951548,-77.094074,Ward 3,2021-12-07
2021-11-28,38.875812,-76.933545,Ward 7,2021-12-02
2021-11-28,38.885167,-76.992302,Ward 6,2021-12-06
2021-11-28,38.946454,-77.022860,Ward 4,2021-12-01
2021-11-28,38.932863,-76.970393,Ward 5,2021-12-06
2021-11-28,38.898356,-76.983897,Ward 6,2021-12-03
2021-11-28,38.902775,-76.991275,Ward 6,2021-12-03
2021-11-28,38.899125,-76.998617,Ward 6,2021-12-03
2021-11-28,38.898282,-76.995887,Ward 6,2021-12-03
2021-11-28,38.948101,-77.085830,Ward 3,2021-12-07
2021-11-28,38.898719,-77.001160,Ward 6,2021-12-03
2021-11-28,38.939432,-77.029386,Ward 4,2021-12-01
2021-11-28,38.885523,-76.985011,Ward 6,2021-12-06
2021-11-28,38.894965,-77.001790,Ward 6,2021-12-03
2021-11-28,38.953766,-76.991835,Ward 5,2021-12-06
2021-11-28,38.932395,-77.019472,Ward 1,2021-12-06
2021-11-28,38.860383,-76.991044,Ward 8,2021-12-02
2021-11-28,38.918882,-77.014936,Ward 1,2021-12-06
2021-11-28,38.929217,-77.024130,Ward 1,2021-12-06
2021-11-28,38.897995,-77.002274,Ward 6,2021-12-03
2021-11-28,38.968907,-77.009262,Ward 4,2021-12-01
2021-11-28,38.905800,-76.976930,Ward 5,2021-12-06
2021-11-29,38.896302,-77.003142,Ward 6,2021-12-03
2021-11-29,38.895972,-77.000762,Ward 6,2021-12-03
2021-11-29,38.916426,-77.035663,Ward 2,2021-12-08
2021-11-29,38.984526,-77.030931,Ward 4,2021-12-01
2021-11-29,38.939946,-77.028523,Ward 4,2021-12-08
2021-11-29,38.930922,-76.987980,Ward 5,2021-12-06
2021-11-29,38.926156,-76.999734,Ward 5,2021-12-06
2021-11-29,38.899916,-76.943314,Ward 7,2021-12-04
2021-11-29,38.856299,-76.978208,Ward 8,2021-12-02
2021-11-29,38.897520,-76.989159,Ward 6,2021-12-03
2021-11-29,38.916476,-77.014664,Ward 1,2021-12-06
2021-11-29,38.860328,-76.990965,Ward 8,2021-12-02
2021-11-29,38.883797,-76.958292,Ward 7,2021-12-02
2021-11-29,38.923124,-77.030012,Ward 1,2021-12-06
2021-11-29,38.934644,-77.105767,Ward 3,2021-12-07
2021-11-29,38.868460,-76.964546,Ward 7,2021-12-04
2021-11-29,38.924499,-77.028817,Ward 1,2021-12-06
2021-11-29,38.888005,-76.992421,Ward 6,2021-12-06
2021-11-29,38.942402,-76.974392,Ward 5,2021-12-06
2021-11-29,38.913751,-77.073789,Ward 2,2021-12-08
2021-11-29,38.912498,-77.051654,Ward 2,2021-12-08
2021-11-29,38.924913,-76.990621,Ward 5,2021-12-06
2021-11-29,38.960469,-77.034357,Ward 4,2021-12-09
2021-11-29,38.933213,-77.037559,Ward 1,2021-12-06
2021-11-29,38.978505,-77.021081,Ward 4,2021-12-09
2021-11-29,38.961234,-77.075125,Ward 3,2021-12-15
2021-11-29,38.882046,-76.993992,Ward 6,2021-12-03
2021-11-29,38.961873,-77.075896,Ward 3,2021-12-07
2021-11-29,38.992999,-77.039202,Ward 4,2021-12-09
2021-11-29,38.987738,-77.032464,Ward 4,2021-12-09
2021-11-29,38.924166,-77.058301,Ward 3,2021-12-07
2021-11-29,38.896884,-76.998192,Ward 6,2021-12-03
2021-11-29,38.970148,-77.029097,Ward 4,2021-12-09
2021-11-29,38.925381,-76.979621,Ward 5,2021-12-06
2021-11-29,38.981034,-77.023197,Ward 4,2021-12-09
2021-11-29,38.967380,-77.065098,Ward 4,2021-12-09
2021-11-29,38.941904,-77.053936,Ward 3,2021-12-07
2021-11-29,38.891646,-76.998193,Ward 6,2021-12-06
2021-11-29,38.943655,-77.054698,Ward 3,2021-12-07
2021-11-29,38.911316,-77.029408,Ward 2,2021-12-08
2021-11-29,38.906384,-77.057201,Ward 2,2021-12-08
2021-11-29,38.868750,-76.972906,Ward 8,2021-12-04
2021-11-29,38.867755,-76.945494,Ward 7,2021-12-02
2021-11-29,38.979542,-77.022060,Ward 4,2021-12-09
2021-11-29,38.940902,-76.988986,Ward 5,2021-12-06
2021-11-29,38.909521,-77.067659,Ward 2,2021-12-08
2021-11-29,38.927772,-77.025163,Ward 1,2021-12-06
2021-11-29,38.967384,-77.072150,Ward 3,2021-12-07
2021-11-29,38.912957,-77.067731,Ward 2,2021-12-08
2021-11-29,38.981117,-77.032459,Ward 4,2021-12-09
2021-11-29,38.948114,-77.076487,Ward 3,2021-12-07
2021-11-29,38.932693,-76.964534,Ward 5,2021-12-06
2021-11-29,38.965616,-77.069037,Ward 3,2021-12-07
2021-11-29,38.888508,-77.001234,Ward 6,2021-12-03
2021-11-29,38.896308,-77.001586,Ward 6,2021-12-03
2021-11-30,38.890981,-76.992330,Ward 6,2021-12-06
2021-11-30,38.839019,-77.004551,Ward 8,2021-12-02
2021-11-30,38.930452,-77.028286,Ward 1,2021-12-06
2021-11-30,38.959533,-77.069550,Ward 3,2021-12-07
2021-11-30,38.930168,-76.983003,Ward 5,2021-12-06
2021-11-30,38.912369,-77.069037,Ward 2,2021-12-08
2021-11-30,38.944511,-77.014914,Ward 4,2021-12-08
2021-11-30,38.930825,-77.091409,Ward 3,2021-12-07
2021-11-30,38.899078,-76.986778,Ward 6,2021-12-03
2021-11-30,38.913146,-77.067736,Ward 2,2021-12-08
2021-11-30,38.932245,-77.090803,Ward 3,2021-12-07
2021-11-30,38.966546,-77.055476,Ward 4,2021-12-09
2021-11-30,38.896606,-76.974684,Ward 7,2021-12-09
2021-11-30,38.903888,-76.979751,Ward 5,2021-12-17
2021-11-30,38.948334,-77.074361,Ward 3,2021-12-07
2021-11-30,38.910566,-77.068566,Ward 2,2021-12-08
2021-11-30,38.905306,-76.987425,Ward 5,2021-12-06
2021-11-30,38.986110,-77.031675,Ward 4,2021-12-09
2021-11-30,38.969287,-77.009973,Ward 4,2021-12-08
2021-11-30,38.987393,-77.032731,Ward 4,2021-12-09
2021-11-30,38.887899,-76.925831,Ward 7,2021-12-09
2021-11-30,38.928695,-77.025603,Ward 1,2021-12-06
2021-11-30,38.843546,-76.989857,Ward 8,2021-12-09
2021-11-30,38.896277,-76.973338,Ward 7,2021-12-09
2021-11-30,38.920560,-76.965035,Ward 5,2021-12-06
2021-11-30,38.940423,-76.979933,Ward 5,2021-12-06
2021-11-30,38.923154,-77.027303,Ward 1,2021-12-06
2021-11-30,38.892591,-76.999215,Ward 6,2021-12-06
2021-11-30,38.967245,-77.059090,Ward 4,2021-12-09
2021-11-30,38.918990,-77.010524,Ward 5,2021-12-06
2021-11-30,38.929579,-76.976480,Ward 5,2021-12-06
2021-11-30,38.972175,-77.057261,Ward 4,2021-12-09
2021-11-30,38.879683,-76.986297,Ward 6,2021-12-03
2021-11-30,38.890885,-76.992086,Ward 6,2021-12-06
2021-11-30,38.886724,-76.983429,Ward 6,2021-12-06
2021-11-30,38.825041,-76.997918,Ward 8,2021-12-09
2021-11-30,38.892497,-76.946992,Ward 7,2021-12-09
2021-11-30,38.944415,-77.017963,Ward 4,2021-12-08
2021-11-30,38.952291,-77.088987,Ward 3,2021-12-07
2021-11-30,38.952416,-77.088935,Ward 3,2021-12-07
2021-11-30,38.951247,-77.089788,Ward 3,2021-12-07
2021-11-30,38.951223,-77.089931,Ward 3,2021-12-07
2021-11-30,38.951570,-77.090324,Ward 3,2021-12-07
2021-11-30,38.951335,-77.090308,Ward 3,2021-12-07
2021-11-30,38.950864,-77.089228,Ward 3,2021-12-07
2021-11-30,38.952648,-77.088943,Ward 3,2021-12-07
2021-11-30,38.952376,-77.086879,Ward 3,2021-12-07
2021-11-30,38.952658,-77.086487,Ward 3,2021-12-07
2021-11-30,38.951682,-77.088328,Ward 3,2021-12-07
2021-11-30,38.950530,-77.087330,Ward 3,2021-12-07
2021-11-30,38.950845,-77.086823,Ward 3,2021-12-07
2021-11-30,38.950507,-77.087154,Ward 3,2021-12-07
2021-11-30,38.935607,-77.037565,Ward 1,2021-12-06
2021-11-30,38.907638,-77.065672,Ward 2,2021-12-08
2021-11-30,38.901136,-76.921706,Ward 7,2021-12-09
2021-11-30,38.961563,-77.079935,Ward 3,2021-12-07
2021-11-30,38.882722,-77.003248,Ward 6,2021-12-03
2021-11-30,38.942944,-77.070240,Ward 3,2021-12-07
2021-11-30,38.964771,-77.013866,Ward 4,2021-12-08
2021-12-01,38.945082,-77.083517,Ward 3,2021-12-07
2021-12-01,38.966017,-77.073291,Ward 3,2021-12-07
2021-12-01,38.895643,-76.933773,Ward 7,2021-12-09
2021-12-01,38.891646,-76.998193,Ward 6,2021-12-06
2021-12-01,38.951038,-76.987009,Ward 5,2021-12-06
2021-12-01,38.938108,-76.988757,Ward 5,2021-12-06
2021-12-01,38.892584,-76.984358,Ward 6,2021-12-10
2021-12-01,38.959460,-77.037504,Ward 4,2021-12-09
2021-12-01,38.948119,-77.091036,Ward 3,2021-12-07
2021-12-01,38.909619,-77.067376,Ward 2,2021-12-15
2021-12-01,38.939853,-76.977531,Ward 5,2021-12-06
2021-12-01,38.951104,-76.987971,Ward 5,2021-12-06
2021-12-01,38.927570,-76.967324,Ward 5,2021-12-06
2021-12-01,38.910095,-77.063900,Ward 2,2021-12-01
2021-12-01,38.954935,-77.031224,Ward 4,2021-12-09
2021-12-01,38.887294,-76.991758,Ward 6,2021-12-15
2021-12-01,38.932594,-77.085793,Ward 3,2021-12-07
2021-12-01,38.963781,-77.072356,Ward 3,2021-12-07
2021-12-01,38.893925,-76.988041,Ward 6,2021-12-10
2021-12-01,38.928102,-76.984635,Ward 5,2021-12-06
2021-12-01,38.960291,-77.066459,Ward 3,2021-12-07
2021-12-01,38.895631,-76.996884,Ward 6,2021-12-10
2021-12-01,38.936354,-76.973014,Ward 5,2021-12-06
2021-12-01,38.880114,-76.980978,Ward 6,2021-12-15
2021-12-01,38.855384,-76.986814,Ward 8,2021-12-09
2021-12-01,38.909439,-77.018666,Ward 6,2021-12-10
2021-12-01,38.904432,-76.999751,Ward 6,2021-12-10
2021-12-01,38.903905,-77.000318,Ward 6,2021-12-10
2021-12-01,38.935285,-77.026988,Ward 1,2021-12-06
2021-12-01,38.881044,-76.981544,Ward 6,2021-12-15
2021-12-01,38.901130,-76.991027,Ward 6,2021-12-10
2021-12-01,38.930819,-77.074696,Ward 3,2021-12-07
2021-12-01,38.949893,-77.088872,Ward 3,2021-12-07
2021-12-01,38.907396,-77.081136,Ward 3,2021-12-07
2021-12-01,38.909391,-77.080616,Ward 3,2021-12-07
2021-12-01,38.909870,-77.082007,Ward 3,2021-12-07
2021-12-01,38.911900,-77.083789,Ward 3,2021-12-07
2021-12-01,38.912469,-77.082222,Ward 3,2021-12-07
2021-12-01,38.911906,-77.082094,Ward 3,2021-12-07
2021-12-01,38.882065,-76.998225,Ward 6,2021-12-10
2021-12-01,38.947226,-76.981432,Ward 5,2021-12-06
2021-12-01,38.934523,-77.045122,Ward 1,2021-12-06
2021-12-01,38.946101,-77.092224,Ward 3,2021-12-07
2021-12-01,38.882065,-76.998225,Ward 6,2021-12-10
2021-12-01,38.904930,-76.999252,Ward 6,2021-12-10
2021-12-01,38.965226,-77.061594,Ward 4,2021-12-09
2021-12-01,38.980193,-77.031819,Ward 4,2021-12-09
2021-12-01,38.917653,-77.018334,Ward 1,2021-12-06
2021-12-02,38.870506,-76.972391,Ward 8,2021-12-09
2021-12-02,38.880415,-76.984525,Ward 6,2021-12-10
2021-12-02,38.931754,-76.983317,Ward 5,2021-12-06
2021-12-02,38.884223,-76.958376,Ward 7,2021-12-15
2021-12-02,38.929167,-76.964188,Ward 5,2021-12-06
2021-12-02,38.928639,-77.042402,Ward 1,2021-12-06
2021-12-02,38.931686,-77.040026,Ward 1,2021-12-06
2021-12-02,38.909876,-77.014887,Ward 5,2021-12-06
2021-12-02,38.895979,-76.976431,Ward 7,2021-12-09
2021-12-02,38.928810,-76.992658,Ward 5,2021-12-06
2021-12-02,38.896799,-76.995884,Ward 6,2021-12-10
2021-12-02,38.867328,-76.943550,Ward 7,2021-12-09
2021-12-02,38.981183,-77.023216,Ward 4,2021-12-09
2021-12-02,38.952983,-77.061430,Ward 3,2021-12-07
2021-12-02,38.930467,-76.989078,Ward 5,2021-12-06
2021-12-02,38.847057,-76.969620,Ward 8,2021-12-09
2021-12-02,38.879700,-77.020104,Ward 6,2021-12-10
2021-12-02,38.930894,-76.980199,Ward 5,2021-12-06
2021-12-02,38.907597,-77.064510,Ward 2,2021-12-08
2021-12-02,38.926629,-77.041545,Ward 1,2021-12-06
2021-12-02,38.892878,-76.960605,Ward 7,2021-12-09
2021-12-02,38.884621,-76.960012,Ward 7,2021-12-09
2021-12-02,38.954038,-77.019543,Ward 4,2021-12-08
2021-12-02,38.950460,-76.985965,Ward 5,2021-12-06
2021-12-02,38.895626,-76.997029,Ward 6,2021-12-10
2021-12-02,38.962860,-77.079077,Ward 3,2021-12-07
2021-12-02,38.961847,-77.078587,Ward 3,2021-12-07
2021-12-02,38.899387,-76.988039,Ward 6,2021-12-10
2021-12-02,38.910662,-77.086259,Ward 3,2021-12-07
2021-12-02,38.882481,-76.984492,Ward 6,2021-12-10
2021-12-02,38.882759,-77.001406,Ward 6,2021-12-10
2021-12-03,38.899394,-76.999264,Ward 6,2021-12-10
2021-12-03,38.907379,-77.027831,Ward 2,2021-12-08
2021-12-03,38.936903,-76.965951,Ward 5,2021-12-06
2021-12-03,38.895614,-76.996400,Ward 6,2021-12-10
2021-12-03,38.855687,-76.967804,Ward 8,2021-12-09
2021-12-03,38.949540,-77.030173,Ward 4,2021-12-09
2021-12-03,38.863020,-76.954463,Ward 7,2021-12-09
2021-12-03,38.939463,-76.979718,Ward 5,2021-12-06
2021-12-03,38.878935,-76.934784,Ward 7,2021-12-09
2021-12-03,38.905934,-76.989836,Ward 5,2021-12-06
2021-12-03,38.930343,-76.978254,Ward 5,2021-12-06
2021-12-03,38.966229,-77.055994,Ward 4,2021-12-09
2021-12-03,38.900728,-76.974903,Ward 5,2021-12-06
2021-12-03,38.940911,-77.091749,Ward 3,2021-12-07
2021-12-03,38.826227,-77.010137,Ward 8,2021-12-09
2021-12-03,38.899280,-76.995210,Ward 6,2021-12-10
2021-12-03,38.929205,-76.978702,Ward 5,2021-12-06
2021-12-03,38.927206,-77.108704,Ward 3,2021-12-07
2021-12-03,38.946631,-77.007383,Ward 5,2021-12-06
2021-12-03,38.846969,-76.971393,Ward 8,2021-12-09
2021-12-03,38.963827,-77.062656,Ward 4,2021-12-09
2021-12-03,38.941242,-77.060542,Ward 3,2021-12-07
2021-12-03,38.935105,-76.983149,Ward 5,2021-12-06
2021-12-03,38.896966,-76.996405,Ward 6,2021-12-10
2021-12-03,38.960343,-77.003687,Ward 4,2021-12-08
2021-12-03,38.896303,-76.987819,Ward 6,2021-12-10
2021-12-03,38.894659,-76.991769,Ward 6,2021-12-10
2021-12-03,38.926790,-76.992174,Ward 5,2021-12-06
2021-12-03,38.864882,-76.946029,Ward 7,2021-12-09
2021-12-03,38.832813,-77.004422,Ward 8,2021-12-09
2021-12-03,38.914029,-77.085246,Ward 3,2021-12-07
2021-12-03,38.932879,-77.074786,Ward 3,2021-12-07
2021-12-03,38.952616,-77.009669,Ward 4,2021-12-08
2021-12-03,38.910214,-77.010578,Ward 5,2021-12-06
2021-12-03,38.898464,-77.000788,Ward 6,2021-12-10
2021-12-04,38.893409,-76.986130,Ward 6,2021-12-10
2021-12-04,38.941568,-77.023093,Ward 4,2021-12-08
2021-12-04,38.930259,-77.027610,Ward 1,2021-12-13
2021-12-04,38.929544,-76.967626,Ward 5,2021-12-13
2021-12-04,38.932072,-77.019667,Ward 1,2021-12-13
2021-12-04,38.931647,-76.963885,Ward 5,2021-12-13
2021-12-04,38.917371,-77.094561,Ward 3,2021-12-07
2021-12-04,38.896570,-76.985760,Ward 6,2021-12-10
2021-12-04,38.887369,-76.938031,Ward 7,2021-12-09
2021-12-04,38.894086,-76.977017,Ward 7,2021-12-09
2021-12-04,38.892838,-76.945184,Ward 7,2021-12-09
2021-12-04,38.902775,-76.991275,Ward 6,2021-12-10
2021-12-04,38.839019,-77.004551,Ward 8,2021-12-09
2021-12-04,38.919918,-77.012429,Ward 5,2021-12-13
2021-12-04,38.949581,-76.994000,Ward 5,2021-12-13
2021-12-04,38.968778,-77.032248,Ward 4,2021-12-09
2021-12-04,38.951944,-77.090880,Ward 3,2021-12-07
2021-12-04,38.968386,-77.010178,Ward 4,2021-12-08
2021-12-04,38.949716,-77.020839,Ward 4,2021-12-08
2021-12-04,38.909482,-77.062478,Ward 2,2021-12-08
2021-12-04,38.902258,-76.997764,Ward 6,2021-12-10
2021-12-04,38.930906,-76.987287,Ward 5,2021-12-13
2021-12-05,38.970640,-77.028276,Ward 4,2021-12-09
2021-12-05,38.936668,-77.033650,Ward 1,2021-12-13
2021-12-05,38.927065,-77.030023,Ward 1,2021-12-15
2021-12-05,38.926569,-76.984922,Ward 5,2021-12-13
2021-12-05,38.901400,-76.974908,Ward 5,2021-12-07
2021-12-05,38.843249,-76.982970,Ward 8,2021-12-09
2021-12-05,38.888863,-76.980995,Ward 6,2021-12-10
2021-12-05,38.932378,-77.035372,Ward 1,2021-12-13
2021-12-05,38.897527,-77.000307,Ward 6,2021-12-10
2021-12-05,38.904572,-76.983297,Ward 5,2021-12-13
2021-12-05,38.906190,-77.013091,Ward 5,2021-12-13
2021-12-05,38.947282,-77.084194,Ward 3,2021-12-14
2021-12-05,38.959085,-77.034945,Ward 4,2021-12-09
2021-12-05,38.983397,-77.036755,Ward 4,2021-12-09
2021-12-05,38.926968,-77.028871,Ward 1,2021-12-13
2021-12-05,38.954050,-77.090367,Ward 3,2021-12-14
2021-12-05,38.982093,-77.032410,Ward 4,2021-12-09
2021-12-05,38.878793,-76.988563,Ward 6,2021-12-10
2021-12-05,38.937357,-76.993850,Ward 5,2021-12-13
2021-12-05,38.900520,-77.054396,Ward 2,2021-12-08
2021-12-05,38.892935,-76.986657,Ward 6,2021-12-10
2021-12-05,38.978485,-77.023577,Ward 4,2021-12-09
2021-12-05,38.885414,-76.928505,Ward 7,2021-12-09
2021-12-05,38.912289,-77.019158,Ward 6,2021-12-10
2021-12-05,38.982028,-77.029129,Ward 4,2021-12-09
2021-12-05,38.939518,-77.030907,Ward 4,2021-12-08
2021-12-05,38.903087,-76.933328,Ward 7,2021-12-09
2021-12-05,38.917764,-77.017297,Ward 1,2021-12-13
2021-12-05,38.948992,-77.074918,Ward 3,2021-12-14
2021-12-05,38.898094,-76.986703,Ward 6,2021-12-10
2021-12-05,38.883403,-77.003960,Ward 6,2021-12-10
2021-12-05,38.956499,-76.990998,Ward 5,2021-12-13
2021-12-05,38.892190,-77.000396,Ward 6,2021-12-10
2021-12-05,38.888136,-76.989220,Ward 6,2021-12-10
2021-12-05,38.952356,-77.016890,Ward 4,2021-12-08
2021-12-05,38.909845,-77.082333,Ward 3,2021-12-14
2021-12-05,38.968778,-77.032248,Ward 4,2021-12-09
2021-12-06,38.883319,-76.997015,Ward 6,2021-12-10
2021-12-06,38.897542,-76.991707,Ward 6,2021-12-10
2021-12-06,38.886956,-76.988910,Ward 6,2021-12-10
2021-12-06,38.905347,-76.984500,Ward 5,2021-12-15
2021-12-06,38.895944,-76.998993,Ward 6,2021-12-10
2021-12-06,38.970904,-77.063622,Ward 4,2021-12-16
2021-12-06,38.953140,-77.092180,Ward 3,2021-12-14
2021-12-06,38.928802,-77.036789,Ward 1,2021-12-13
2021-12-06,38.890113,-76.999198,Ward 6,2021-12-10
2021-12-06,38.918966,-77.096280,Ward 3,2021-12-14
2021-12-06,38.958333,-77.022159,Ward 4,2021-12-15
2021-12-06,38.825875,-77.009029,Ward 8,2021-12-09
2021-12-06,38.956058,-77.073290,Ward 3,2021-12-14
2021-12-06,38.926483,-77.030752,Ward 1,2021-12-13
2021-12-06,38.905172,-76.927180,Ward 7,2021-12-09
2021-12-06,38.921067,-77.011022,Ward 5,2021-12-13
2021-12-06,38.978475,-77.023857,Ward 4,2021-12-15
2021-12-06,38.884277,-76.979284,Ward 6,2021-12-16
2021-12-06,38.947240,-77.068117,Ward 3,2021-12-14
2021-12-06,38.925320,-77.030033,Ward 1,2021-12-13
2021-12-06,38.898562,-76.943479,Ward 7,2021-12-09
2021-12-06,38.986261,-77.030617,Ward 4,2021-12-15
2021-12-06,38.919952,-77.046841,Ward 1,2021-12-13
2021-12-06,38.884641,-77.000829,Ward 6,2021-12-10
2021-12-06,38.963918,-77.006739,Ward 4,2021-12-15
2021-12-06,38.986110,-77.031675,Ward 4,2021-12-15
2021-12-06,38.967505,-77.005547,Ward 4,2021-12-15
2021-12-06,38.888933,-76.925624,Ward 7,2021-12-09
2021-12-06,38.858927,-76.957895,Ward 7,2021-12-09
2021-12-06,38.841147,-76.990597,Ward 8,2021-12-09
2021-12-06,38.927505,-76.978315,Ward 5,2021-12-13
2021-12-06,38.965317,-77.061664,Ward 4,2021-12-16
2021-12-06,38.832811,-77.004923,Ward 8,2021-12-09
2021-12-06,38.959607,-77.010981,Ward 4,2021-12-15
2021-12-06,38.950147,-77.085933,Ward 3,2021-12-14
2021-12-06,38.895751,-76.995926,Ward 6,2021-12-10
2021-12-06,38.887820,-76.998010,Ward 6,2021-12-15
2021-12-06,38.890735,-76.994304,Ward 6,2021-12-10
2021-12-06,38.986261,-77.030617,Ward 4,2021-12-15
2021-12-06,38.913733,-77.014377,Ward 5,2021-12-13
2021-12-06,38.890580,-76.992907,Ward 6,2021-12-10
2021-12-06,38.895627,-76.997656,Ward 6,2021-12-10
2021-12-06,38.871723,-76.972924,Ward 8,2021-12-09
2021-12-06,38.949431,-77.068503,Ward 3,2021-12-14
2021-12-06,38.933982,-77.059023,Ward 3,2021-12-14
2021-12-06,38.945357,-77.091954,Ward 3,2021-12-14
2021-12-06,38.939943,-77.026103,Ward 4,2021-12-15
2021-12-06,38.946111,-77.070101,Ward 3,2021-12-14
2021-12-06,38.939995,-77.022390,Ward 4,2021-12-15
2021-12-06,38.958400,-77.006569,Ward 4,2021-12-15
2021-12-06,38.971286,-77.028747,Ward 4,2021-12-15
2021-12-06,38.978487,-77.020545,Ward 4,2021-12-15
2021-12-06,38.938882,-77.067674,Ward 3,2021-12-14
2021-12-06,38.890396,-77.001823,Ward 6,2021-12-15
2021-12-06,38.888625,-76.949966,Ward 7,2021-12-09
2021-12-06,38.932386,-76.967520,Ward 5,2021-12-13
2021-12-06,38.968249,-77.055926,Ward 4,2021-12-15
2021-12-06,38.968596,-77.055897,Ward 4,2021-12-16
2021-12-06,38.914788,-77.017362,Ward 1,2021-12-13
2021-12-06,38.881066,-76.942806,Ward 7,2021-12-09
2021-12-06,38.937663,-76.977856,Ward 5,2021-12-13
2021-12-06,38.907008,-77.055971,Ward 2,2021-12-15
2021-12-06,38.902846,-76.929908,Ward 7,2021-12-09
2021-12-06,38.907906,-77.057457,Ward 2,2021-12-15
2021-12-06,38.868023,-76.982459,Ward 8,2021-12-09
2021-12-06,38.962519,-77.022634,Ward 4,2021-12-15
2021-12-06,38.870526,-76.971627,Ward 8,2021-12-09
2021-12-06,38.937967,-76.990856,Ward 5,2021-12-13
2021-12-06,38.922750,-77.075917,Ward 3,2021-12-14
2021-12-06,38.933954,-77.019866,Ward 1,2021-12-13
2021-12-06,38.954905,-77.087778,Ward 3,2021-12-14
2021-12-06,38.959362,-77.002120,Ward 4,2021-12-15
2021-12-06,38.901289,-76.933322,Ward 7,2021-12-09
2021-12-06,38.951800,-76.988903,Ward 5,2021-12-13
2021-12-06,38.885167,-76.992302,Ward 6,2021-12-15
2021-12-06,38.932450,-77.027539,Ward 1,2021-12-13
2021-12-06,38.914278,-77.035035,Ward 2,2021-12-15
2021-12-06,38.918593,-77.098013,Ward 3,2021-12-14
2021-12-06,38.931688,-77.108480,Ward 3,2021-12-06
2021-12-06,38.891468,-76.991261,Ward 6,2021-12-10
2021-12-06,38.905800,-76.976930,Ward 5,2021-12-13
2021-12-07,38.881466,-76.985971,Ward 6,2021-12-10
2021-12-07,38.837280,-77.004580,Ward 8,2021-12-09
2021-12-07,38.878214,-76.984723,Ward 6,2021-12-10
2021-12-07,38.950318,-77.025238,Ward 4,2021-12-15
2021-12-07,38.895003,-77.031353,Ward 2,2021-12-14
2021-12-07,38.957081,-76.995451,Ward 5,2021-12-13
2021-12-07,38.909181,-77.082486,Ward 3,2021-12-14
2021-12-07,38.979675,-77.060419,Ward 4,2021-12-16
2021-12-07,38.943377,-77.069949,Ward 3,2021-12-14
2021-12-07,38.891647,-77.000335,Ward 6,2021-12-10
2021-12-07,38.938108,-76.988757,Ward 5,2021-12-13
2021-12-07,38.892229,-76.919827,Ward 7,2021-12-16
2021-12-07,38.899597,-76.923062,Ward 7,2021-12-16
2021-12-07,38.920064,-77.046860,Ward 1,2021-12-13
2021-12-07,38.843909,-76.994238,Ward 8,2021-12-16
2021-12-07,38.852305,-76.967378,Ward 8,2021-12-16
2021-12-07,38.889310,-77.000798,Ward 6,2021-12-10
2021-12-07,38.930366,-76.992703,Ward 5,2021-12-13
2021-12-07,38.904886,-77.019176,Ward 6,2021-12-10
2021-12-07,38.950455,-77.022255,Ward 4,2021-12-15
2021-12-07,38.947621,-77.099777,Ward 3,2021-12-14
2021-12-07,38.911608,-77.015447,Ward 5,2021-12-10
2021-12-07,38.876812,-76.937041,Ward 7,2021-12-16
2021-12-07,38.890758,-77.000169,Ward 6,2021-12-10
2021-12-07,38.930168,-76.983003,Ward 5,2021-12-13
2021-12-07,38.939853,-76.977531,Ward 5,2021-12-13
2021-12-07,38.843829,-77.001187,Ward 8,2021-12-16
2021-12-07,38.951291,-77.016583,Ward 4,2021-12-15
2021-12-07,38.886716,-76.993498,Ward 6,2021-12-15
2021-12-07,38.890751,-77.001117,Ward 6,2021-12-10
2021-12-07,38.861168,-76.964340,Ward 7,2021-12-16
2021-12-07,38.891590,-76.986586,Ward 6,2021-12-10
2021-12-07,38.965971,-77.020705,Ward 4,2021-12-15
2021-12-07,38.918424,-77.046048,Ward 1,2021-12-13
2021-12-07,38.930801,-76.968423,Ward 5,2021-12-13
2021-12-07,38.830315,-77.012693,Ward 8,2021-12-16
2021-12-07,38.889530,-76.994493,Ward 6,2021-12-10
2021-12-07,38.920939,-76.983528,Ward 5,2021-12-13
2021-12-07,38.877683,-76.937638,Ward 7,2021-12-16
2021-12-07,38.959085,-76.996027,Ward 4,2021-12-15
2021-12-07,38.919118,-77.072529,Ward 3,2021-12-14
2021-12-07,38.869657,-76.969279,Ward 7,2021-12-16
2021-12-07,38.829971,-76.990756,Ward 8,2021-12-16
2021-12-08,38.892211,-76.990876,Ward 6,2021-12-17
2021-12-08,38.960553,-77.057214,Ward 4,2021-12-16
2021-12-08,38.888206,-76.979203,Ward 7,2021-12-10
2021-12-08,38.930695,-77.025594,Ward 1,2021-12-13
2021-12-08,38.886182,-76.997850,Ward 6,2021-12-15
2021-12-08,38.928270,-76.981466,Ward 5,2021-12-13
2021-12-08,38.891121,-77.000899,Ward 6,2021-12-17
2021-12-08,38.949547,-77.030322,Ward 4,2021-12-15
2021-12-08,38.893479,-76.982467,Ward 6,2021-12-17
2021-12-08,38.939261,-76.979488,Ward 5,2021-12-13
2021-12-08,38.891493,-77.000335,Ward 6,2021-12-17
2021-12-08,38.914829,-77.091709,Ward 3,2021-12-14
2021-12-08,38.928567,-77.105810,Ward 3,2021-12-14
2021-12-08,38.928812,-77.105001,Ward 3,2021-12-14
2021-12-08,38.931688,-77.108480,Ward 3,2021-12-14
2021-12-08,38.935532,-77.107652,Ward 3,2021-12-14
2021-12-08,38.947690,-77.098813,Ward 3,2021-12-16
2021-12-08,38.947300,-77.095100,Ward 3,2021-12-14
2021-12-08,38.947320,-77.095600,Ward 3,2021-12-14
2021-12-08,38.949982,-77.095788,Ward 3,2021-12-14
2021-12-08,38.947297,-77.093565,Ward 3,2021-12-14
2021-12-08,38.944978,-77.091250,Ward 3,2021-12-14
2021-12-08,38.947673,-77.091596,Ward 3,2021-12-14
2021-12-08,38.948123,-77.091904,Ward 3,2021-12-14
2021-12-08,38.941255,-76.973935,Ward 5,2021-12-13
2021-12-08,38.864641,-76.959798,Ward 7,2021-12-16
2021-12-08,38.930370,-76.980362,Ward 5,2021-12-13
2021-12-08,38.927980,-76.986203,Ward 5,2021-12-13
2021-12-08,38.934523,-77.045122,Ward 1,2021-12-13
2021-12-08,38.872293,-76.937602,Ward 7,2021-12-16
2021-12-08,38.944050,-76.981614,Ward 5,2021-12-13
2021-12-08,38.940527,-77.016376,Ward 4,2021-12-15
2021-12-08,38.938337,-77.069841,Ward 3,2021-12-14
2021-12-08,38.892938,-76.920512,Ward 7,2021-12-16
2021-12-08,38.927830,-76.980500,Ward 5,2021-12-13
2021-12-08,38.893799,-76.980506,Ward 7,2021-12-17
2021-12-08,38.896308,-77.001586,Ward 6,2021-12-17
2021-12-08,38.888222,-76.985272,Ward 6,2021-12-17
2021-12-08,38.949871,-77.095789,Ward 3,2021-12-14
2021-12-08,38.829984,-77.010397,Ward 8,2021-12-16
2021-12-08,38.941481,-77.093696,Ward 3,2021-12-14
2021-12-08,38.937957,-77.069228,Ward 3,2021-12-14
2021-12-08,38.943371,-77.015699,Ward 4,2021-12-15
2021-12-08,38.901777,-77.001806,Ward 6,2021-12-17
2021-12-08,38.936673,-77.033716,Ward 1,2021-12-13
2021-12-08,38.940907,-76.974784,Ward 5,2021-12-13
2021-12-08,38.900061,-76.925266,Ward 7,2021-12-16
2021-12-08,38.946518,-76.990479,Ward 5,2021-12-13
2021-12-08,38.938846,-77.069767,Ward 3,2021-12-14
2021-12-08,38.933450,-76.975983,Ward 5,2021-12-13
2021-12-08,38.887767,-76.981380,Ward 6,2021-12-17
2021-12-08,38.943804,-77.040413,Ward 4,2021-12-15
2021-12-08,38.878972,-76.984530,Ward 6,2021-12-17
2021-12-08,38.888005,-76.992421,Ward 6,2021-12-17
2021-12-08,38.897042,-76.988506,Ward 6,2021-12-17
2021-12-08,38.907183,-77.066228,Ward 2,2021-12-15
2021-12-08,38.898821,-76.977265,Ward 6,2021-12-17
2021-12-08,38.922420,-76.979239,Ward 5,2021-12-13
2021-12-09,38.967881,-77.064916,Ward 4,2021-12-16
2021-12-09,38.907741,-77.010012,Ward 5,2021-12-13
2021-12-09,38.943377,-77.085101,Ward 3,2021-12-14
2021-12-09,38.943380,-77.085499,Ward 3,2021-12-14
2021-12-09,38.963985,-77.011880,Ward 4,2021-12-15
2021-12-09,38.931074,-76.966508,Ward 5,2021-12-13
2021-12-09,38.841854,-77.004301,Ward 8,2021-12-16
2021-12-09,38.945071,-76.986175,Ward 5,2021-12-13
2021-12-09,38.883403,-77.003960,Ward 6,2021-12-10
2021-12-09,38.897168,-76.995933,Ward 6,2021-12-17
2021-12-09,38.962855,-77.023125,Ward 4,2021-12-15
2021-12-09,38.942477,-77.097049,Ward 3,2021-12-14
2021-12-09,38.911277,-77.064650,Ward 2,2021-12-15
2021-12-09,38.946497,-77.020465,Ward 4,2021-12-15
2021-12-09,38.987738,-77.032464,Ward 4,2021-12-15
2021-12-09,38.926768,-77.025341,Ward 1,2021-12-13
2021-12-09,38.912441,-77.082657,Ward 3,2021-12-14
2021-12-09,38.925254,-76.989332,Ward 5,2021-12-13
2021-12-09,38.894358,-76.992872,Ward 6,2021-12-17
2021-12-09,38.929421,-77.030784,Ward 1,2021-12-13
2021-12-09,38.879548,-76.964237,Ward 7,2021-12-16
2021-12-09,38.903058,-76.925418,Ward 7,2021-12-16
2021-12-09,38.952702,-77.027903,Ward 4,2021-12-15
2021-12-09,38.943399,-77.039114,Ward 4,2021-12-15
2021-12-09,38.877710,-77.001771,Ward 6,2021-12-17
2021-12-09,38.913495,-77.091449,Ward 3,2021-12-14
2021-12-09,38.913217,-76.981150,Ward 5,2021-12-13
2021-12-09,38.914722,-77.070300,Ward 2,2021-12-16
2021-12-09,38.960081,-77.037518,Ward 4,2021-12-15
2021-12-09,38.949182,-77.061973,Ward 3,2021-12-14
2021-12-09,38.919592,-77.039260,Ward 1,2021-12-13
2021-12-09,38.883041,-76.960158,Ward 7,2021-12-16
2021-12-09,38.952048,-77.016129,Ward 4,2021-12-15
2021-12-09,38.943929,-76.997990,Ward 5,2021-12-13
2021-12-09,38.957519,-77.000021,Ward 4,2021-12-15
2021-12-09,38.967738,-77.005424,Ward 4,2021-12-15
2021-12-09,38.902846,-76.929908,Ward 7,2021-12-16
2021-12-09,38.929801,-76.990186,Ward 5,2021-12-13
2021-12-09,38.862922,-76.987194,Ward 8,2021-12-16
2021-12-09,38.961512,-77.020090,Ward 4,2021-12-15
2021-12-09,38.913521,-77.012874,Ward 5,2021-12-13
2021-12-09,38.941617,-76.991402,Ward 5,2021-12-13
2021-12-09,38.979055,-77.032215,Ward 4,2021-12-16
2021-12-09,38.978911,-77.032419,Ward 4,2021-12-15
2021-12-09,38.957037,-77.016741,Ward 4,2021-12-15
2021-12-09,38.925037,-77.008136,Ward 5,2021-12-13
2021-12-09,38.960490,-76.996140,Ward 4,2021-12-15
2021-12-09,38.948334,-77.074361,Ward 3,2021-12-14
2021-12-09,38.881780,-76.996444,Ward 6,2021-12-17
2021-12-09,38.896375,-76.974309,Ward 7,2021-12-16
2021-12-09,38.830292,-77.012637,Ward 8,2021-12-16
2021-12-10,38.925776,-76.988371,Ward 5,2021-12-13
2021-12-10,38.881472,-77.021369,Ward 6,2021-12-17
2021-12-10,38.897536,-77.000820,Ward 6,2021-12-17
2021-12-10,38.899746,-76.988547,Ward 6,2021-12-17
2021-12-10,38.911147,-77.067684,Ward 2,2021-12-15
2021-12-10,38.896972,-76.921085,Ward 7,2021-12-16
2021-12-10,38.894951,-76.984821,Ward 6,2021-12-17
2021-12-10,38.963053,-77.016413,Ward 4,2021-12-15
2021-12-10,38.899782,-76.988544,Ward 6,2021-12-17
2021-12-10,38.966570,-77.060998,Ward 4,2021-12-16
2021-12-10,38.897329,-76.981490,Ward 6,2021-12-17
2021-12-10,38.872759,-76.965449,Ward 7,2021-12-16
2021-12-10,38.926356,-77.029407,Ward 1,2021-12-13
2021-12-10,38.967159,-77.009728,Ward 4,2021-12-15
2021-12-10,38.908248,-77.056931,Ward 2,2021-12-15
2021-12-10,38.934793,-76.981057,Ward 5,2021-12-13
2021-12-10,38.966730,-77.057138,Ward 4,2021-12-15
2021-12-10,38.896838,-76.993007,Ward 6,2021-12-17
2021-12-10,38.911032,-77.068893,Ward 2,2021-12-16
2021-12-10,38.960348,-77.011063,Ward 4,2021-12-15
2021-12-10,38.941971,-76.991199,Ward 5,2021-12-13
2021-12-10,38.903103,-76.976909,Ward 5,2021-12-13
2021-12-10,38.856299,-76.978208,Ward 8,2021-12-27
2021-12-10,38.858927,-76.957895,Ward 7,2021-12-16
2021-12-10,38.911552,-77.066291,Ward 2,2021-12-15
2021-12-10,38.887787,-76.997410,Ward 6,2021-12-17
2021-12-10,38.887031,-76.998706,Ward 6,2021-12-17
2021-12-10,38.895247,-76.984418,Ward 6,2021-12-17
2021-12-10,38.880129,-76.935900,Ward 7,2021-12-16
2021-12-10,38.911803,-77.068973,Ward 2,2021-12-15
2021-12-10,38.911571,-77.066783,Ward 2,2021-12-16
2021-12-10,38.886099,-76.927585,Ward 7,2021-12-16
2021-12-10,38.956162,-76.996434,Ward 5,2021-12-13
2021-12-10,38.938120,-76.973019,Ward 5,2021-12-13
2021-12-10,38.908828,-77.055663,Ward 2,2021-12-15
2021-12-10,38.981034,-77.023197,Ward 4,2021-12-15
2021-12-10,38.890750,-77.001050,Ward 6,2021-12-17
2021-12-10,38.890747,-77.000908,Ward 6,2021-12-17
2021-12-10,38.890747,-77.000836,Ward 6,2021-12-17
2021-12-10,38.902775,-76.991275,Ward 6,2021-12-17
2021-12-10,38.926832,-77.024623,Ward 1,2021-12-13
2021-12-11,38.891367,-76.960456,Ward 7,2021-12-16
2021-12-11,38.885790,-76.927493,Ward 7,2021-12-16
2021-12-11,38.947392,-77.026078,Ward 4,2021-12-15
2021-12-11,38.909980,-77.062036,Ward 2,2021-12-15
2021-12-11,38.886089,-76.927439,Ward 7,2021-12-16
2021-12-11,38.882515,-76.988072,Ward 6,2021-12-17
2021-12-11,38.882335,-76.998663,Ward 6,2021-12-17
2021-12-11,38.882111,-76.991302,Ward 6,2021-12-17
2021-12-11,38.933472,-77.040342,Ward 1,2021-12-22
2021-12-11,38.984131,-77.031200,Ward 4,2021-12-15
2021-12-11,38.886473,-76.927109,Ward 7,2021-12-16
2021-12-11,38.952253,-76.990863,Ward 5,2021-12-20
2021-12-11,38.938927,-76.974414,Ward 5,2021-12-20
2021-12-11,38.914444,-77.029849,Ward 1,2021-12-20
2021-12-11,38.902908,-76.985737,Ward 5,2021-12-20
2021-12-11,38.895636,-77.000354,Ward 6,2021-12-17
2021-12-11,38.910356,-77.066250,Ward 2,2021-12-15
2021-12-11,38.910527,-77.012934,Ward 5,2021-12-20
2021-12-11,38.904991,-76.981091,Ward 5,2021-12-20
2021-12-11,38.892186,-77.000287,Ward 6,2021-12-17
2021-12-11,38.981183,-77.023216,Ward 4,2021-12-15
2021-12-11,38.907399,-77.048396,Ward 2,2021-12-15
2021-12-12,38.941968,-76.979961,Ward 5,2021-12-20
2021-12-12,38.979900,-77.023230,Ward 4,2021-12-15
2021-12-12,38.974631,-77.060987,Ward 4,2021-12-16
2021-12-12,38.931545,-77.021569,Ward 1,2021-12-20
2021-12-12,38.911304,-77.007407,Ward 5,2021-12-20
2021-12-12,38.918906,-77.076176,Ward 3,2021-12-22
2021-12-12,38.916448,-77.004697,Ward 5,2021-12-20
2021-12-12,38.952795,-77.092371,Ward 3,2021-12-22
2021-12-12,38.910909,-77.014409,Ward 5,2021-12-20
2021-12-12,38.958092,-77.022645,Ward 4,2021-12-15
2021-12-12,38.912798,-77.047972,Ward 2,2021-12-16
2021-12-12,38.928880,-77.101616,Ward 3,2021-12-22
2021-12-12,38.926143,-76.986053,Ward 5,2021-12-20
2021-12-12,38.864408,-76.991800,Ward 8,2021-12-16
2021-12-12,38.904732,-76.996401,Ward 6,2021-12-17
2021-12-12,38.882030,-76.982037,Ward 6,2021-12-17
2021-12-12,38.902261,-76.993578,Ward 6,2021-12-17
2021-12-12,38.899089,-76.990931,Ward 6,2021-12-17
2021-12-12,38.903249,-76.993970,Ward 6,2021-12-17
2021-12-12,38.899534,-76.991293,Ward 6,2021-12-17
2021-12-12,38.911500,-77.023503,Ward 6,2021-12-17
2021-12-12,38.933065,-77.042241,Ward 1,2021-12-22
2021-12-12,38.899444,-76.990521,Ward 6,2021-12-17
2021-12-12,38.903724,-76.929066,Ward 7,2021-12-16
2021-12-12,38.910662,-77.086259,Ward 3,2021-12-22
2021-12-12,38.907407,-77.048539,Ward 2,2021-12-15
2021-12-12,38.939930,-77.024505,Ward 4,2021-12-15
2021-12-13,38.893590,-76.980371,Ward 7,2021-12-17
2021-12-13,38.943116,-76.983374,Ward 5,2021-12-20
2021-12-13,38.970116,-77.015705,Ward 4,2021-12-23
2021-12-13,38.930966,-76.973256,Ward 5,2021-12-20
2021-12-13,38.881430,-77.000809,Ward 6,2021-12-17
2021-12-13,38.883410,-76.998925,Ward 6,2021-12-17
2021-12-13,38.954792,-77.020041,Ward 4,2021-12-23
2021-12-13,38.925746,-77.039678,Ward 1,2021-12-20
2021-12-13,38.895930,-76.998873,Ward 6,2021-12-17
2021-12-13,38.943377,-77.085101,Ward 3,2021-12-22
2021-12-13,38.901527,-76.989150,Ward 6,2021-12-17
2021-12-13,38.894939,-76.983957,Ward 6,2021-12-17
2021-12-13,38.868911,-76.970691,Ward 7,2021-12-16
2021-12-13,38.900603,-76.993481,Ward 6,2021-12-17
2021-12-13,38.979197,-77.027178,Ward 4,2021-12-27
2021-12-13,38.908016,-77.065671,Ward 2,2021-12-23
2021-12-13,38.929295,-77.021353,Ward 1,2021-12-20
2021-12-13,38.959227,-77.077981,Ward 3,2021-12-22
2021-12-13,38.881455,-76.985922,Ward 6,2021-12-27
2021-12-13,38.951243,-77.084904,Ward 3,2021-12-22
2021-12-13,38.890898,-76.958001,Ward 7,2021-12-16
2021-12-13,38.891833,-76.996792,Ward 6,2021-12-17
2021-12-13,38.887146,-76.923526,Ward 7,2021-12-16
2021-12-13,38.887199,-76.923529,Ward 7,2021-12-16
2021-12-13,38.928682,-76.992638,Ward 5,2021-12-20
2021-12-13,38.935518,-77.037356,Ward 1,2021-12-20
2021-12-13,38.926168,-77.058533,Ward 3,2021-12-22
2021-12-13,38.911773,-77.020722,Ward 6,2021-12-17
2021-12-13,38.872351,-76.936152,Ward 7,2021-12-16
2021-12-13,38.931978,-77.035327,Ward 1,2021-12-20
2021-12-13,38.954464,-77.066841,Ward 3,2021-12-22
2021-12-13,38.941693,-77.005612,Ward 5,2021-12-20
2021-12-13,38.946296,-77.030731,Ward 4,2021-12-23
2021-12-13,38.887925,-76.923730,Ward 7,2021-12-16
2021-12-13,38.880671,-76.998675,Ward 6,2021-12-17
2021-12-13,38.881420,-76.981998,Ward 6,2021-12-17
2021-12-13,38.916139,-77.016784,Ward 1,2021-12-20
2021-12-13,38.915765,-77.035572,Ward 2,2021-12-23
2021-12-13,38.959503,-77.031952,Ward 4,2021-12-23
2021-12-13,38.911306,-77.050077,Ward 2,2021-12-23
2021-12-13,38.899056,-76.994713,Ward 6,2021-12-17
2021-12-13,38.892957,-76.927298,Ward 7,2021-12-16
2021-12-13,38.931930,-76.973009,Ward 5,2021-12-20
2021-12-13,38.956053,-77.066208,Ward 3,2021-12-22
2021-12-13,38.914279,-77.020680,Ward 6,2021-12-17
2021-12-13,38.906298,-77.012978,Ward 5,2021-12-20
2021-12-13,38.906662,-77.062148,Ward 2,2021-12-23
2021-12-13,38.943766,-77.035231,Ward 4,2021-12-23
2021-12-13,38.883319,-76.997015,Ward 6,2021-12-17
2021-12-13,38.901505,-76.996943,Ward 6,2021-12-17
2021-12-13,38.912788,-77.046813,Ward 2,2021-12-23
2021-12-13,38.852449,-76.972433,Ward 8,2021-12-16
2021-12-13,38.891476,-76.933668,Ward 7,2021-12-16
2021-12-13,38.927980,-76.986203,Ward 5,2021-12-20
2021-12-13,38.967362,-77.065694,Ward 4,2021-12-23
2021-12-13,38.946568,-77.017967,Ward 4,2021-12-23
2021-12-14,38.905835,-76.984694,Ward 5,2021-12-20
2021-12-14,38.925373,-76.979211,Ward 5,2021-12-20
2021-12-14,38.965975,-77.020114,Ward 4,2021-12-23
2021-12-14,38.888596,-76.989992,Ward 6,2021-12-17
2021-12-14,38.970137,-77.026185,Ward 4,2021-12-23
2021-12-14,38.905453,-76.997100,Ward 6,2021-12-17
2021-12-14,38.897705,-77.001798,Ward 6,2021-12-17
2021-12-14,38.887096,-76.982832,Ward 7,2021-12-17
2021-12-14,38.934917,-76.980010,Ward 5,2021-12-20
2021-12-14,38.900693,-76.993474,Ward 6,2021-12-17
2021-12-14,38.931754,-76.983317,Ward 5,2021-12-20
2021-12-14,38.901230,-76.923099,Ward 7,2021-12-26
2021-12-14,38.870526,-76.971627,Ward 8,2021-12-26
2021-12-14,38.872275,-76.978384,Ward 8,2021-12-26
2021-12-14,38.973816,-77.026323,Ward 4,2021-12-23
2021-12-14,38.926629,-77.041545,Ward 1,2021-12-22
2021-12-14,38.870237,-76.951947,Ward 7,2021-12-15
2021-12-14,38.980193,-77.031819,Ward 4,2021-12-23
2021-12-14,38.886716,-76.993498,Ward 6,2021-12-17
2021-12-14,38.936889,-77.064371,Ward 3,2021-12-22
2021-12-14,38.882583,-76.940516,Ward 7,2021-12-26
2021-12-14,38.951104,-76.987971,Ward 5,2021-12-20
2021-12-14,38.892105,-76.936982,Ward 7,2021-12-26
2021-12-14,38.896610,-76.939827,Ward 7,2021-12-26
2021-12-14,38.913199,-77.025677,Ward 6,2021-12-17
2021-12-14,38.971392,-77.028732,Ward 4,2021-12-23
2021-12-14,38.909659,-77.053542,Ward 2,2021-12-23
2021-12-14,38.915266,-77.024198,Ward 1,2021-12-20
2021-12-14,38.903864,-76.998215,Ward 6,2021-12-17
2021-12-14,38.877433,-76.961912,Ward 7,2021-12-26
2021-12-14,38.888735,-76.923934,Ward 7,2021-12-26
2021-12-14,38.965230,-77.057176,Ward 4,2021-12-23
2021-12-14,38.908307,-76.987908,Ward 5,2021-12-20
2021-12-14,38.881575,-76.993537,Ward 6,2021-12-17
2021-12-14,38.907801,-77.062809,Ward 2,2021-12-23
2021-12-14,38.971561,-77.018312,Ward 4,2021-12-23
2021-12-14,38.943047,-76.978083,Ward 5,2021-12-20
2021-12-14,38.940607,-77.042319,Ward 4,2021-12-23
2021-12-14,38.902315,-76.983189,Ward 5,2021-12-20
2021-12-14,38.902339,-76.983241,Ward 5,2021-12-20
2021-12-14,38.888912,-77.001811,Ward 6,2021-12-17
2021-12-14,38.891362,-76.987201,Ward 6,2021-12-17
2021-12-14,38.905981,-76.983167,Ward 5,2021-12-20
2021-12-14,38.889477,-76.993953,Ward 6,2021-12-17
2021-12-14,38.955975,-76.990340,Ward 5,2021-12-20
2021-12-14,38.867977,-76.956016,Ward 7,2021-12-26
2021-12-14,38.932632,-76.972358,Ward 5,2021-12-20
2021-12-14,38.925766,-76.997545,Ward 5,2021-12-20
2021-12-14,38.920439,-77.010533,Ward 5,2021-12-20
2021-12-14,38.952256,-76.991946,Ward 5,2021-12-20
2021-12-14,38.944049,-76.981470,Ward 5,2021-12-27
2021-12-14,38.883018,-76.981594,Ward 6,2021-12-17
2021-12-14,38.924998,-76.992683,Ward 5,2021-12-20
2021-12-14,38.900980,-76.994007,Ward 6,2021-12-17
2021-12-14,38.959660,-77.037988,Ward 4,2021-12-23
2021-12-14,38.898541,-76.990465,Ward 6,2021-12-17
2021-12-15,38.926083,-76.970376,Ward 5,2021-12-20
2021-12-15,38.939544,-77.028891,Ward 4,2021-12-23
2021-12-15,38.941568,-77.023093,Ward 4,2021-12-23
2021-12-15,38.932335,-76.977535,Ward 5,2021-12-20
2021-12-15,38.926569,-76.984922,Ward 5,2021-12-20
2021-12-15,38.914284,-77.071647,Ward 2,2021-12-23
2021-12-15,38.946794,-77.007747,Ward 5,2021-12-20
2021-12-15,38.926326,-76.997086,Ward 5,2021-12-20
2021-12-15,38.927790,-76.983222,Ward 5,2021-12-20
2021-12-15,38.939952,-77.031215,Ward 4,2021-12-23
2021-12-15,38.949876,-76.998101,Ward 5,2021-12-20
2021-12-15,38.931391,-76.966721,Ward 5,2021-12-20
2021-12-15,38.945625,-77.070083,Ward 3,2021-12-22
2021-12-15,38.870137,-76.955853,Ward 7,2021-12-26
2021-12-15,38.832813,-77.004422,Ward 8,2021-12-26
2021-12-15,38.933493,-76.987820,Ward 5,2021-12-20
2021-12-15,38.924721,-76.966934,Ward 5,2021-12-20
2021-12-15,38.897686,-76.991781,Ward 6,2022-01-11
2021-12-15,38.892591,-76.999215,Ward 6,2022-01-12
2021-12-15,38.897984,-76.989974,Ward 6,2021-12-15
2021-12-15,38.890586,-76.991343,Ward 6,2022-01-12
2021-12-15,38.950966,-77.029973,Ward 4,2021-12-23
2021-12-15,38.888849,-76.980198,Ward 6,2022-01-11
2021-12-15,38.894086,-76.977017,Ward 7,2021-12-26
2021-12-15,38.911725,-77.039503,Ward 2,2021-12-23
2021-12-15,38.883023,-76.987028,Ward 6,2022-01-12
2021-12-15,38.966309,-77.026887,Ward 4,2021-12-23
2021-12-15,38.913341,-77.038774,Ward 2,2021-12-23
2021-12-15,38.943778,-77.038538,Ward 4,2021-12-23
2021-12-15,38.930851,-76.989944,Ward 5,2021-12-20
2021-12-15,38.959914,-77.016870,Ward 4,2021-12-23
2021-12-15,38.914657,-77.073960,Ward 2,2021-12-23
2021-12-15,38.915140,-77.073981,Ward 2,2021-12-23
2021-12-15,38.936108,-77.067286,Ward 3,2021-12-22
2021-12-15,38.838796,-76.995243,Ward 8,2021-12-26
2021-12-15,38.898727,-76.984085,Ward 6,2022-01-11
2021-12-15,38.914029,-77.085246,Ward 3,2021-12-22
2021-12-15,38.903352,-77.000788,Ward 6,2022-01-12
2021-12-15,38.885053,-76.945631,Ward 7,2021-12-26
2021-12-16,38.950455,-77.022255,Ward 4,2021-12-23
2021-12-16,38.898541,-76.990465,Ward 6,2021-12-17
2021-12-16,38.952927,-77.020433,Ward 4,2021-12-23
2021-12-16,38.932623,-76.965279,Ward 5,2021-12-20
2021-12-16,38.891120,-76.988777,Ward 6,2022-01-11
2021-12-16,38.904971,-76.981101,Ward 5,2021-12-20
2021-12-16,38.926945,-77.085398,Ward 3,2021-12-17
2021-12-16,38.899440,-76.988077,Ward 6,2022-01-11
2021-12-16,38.859093,-76.972917,Ward 8,2021-12-26
2021-12-16,38.948689,-77.061272,Ward 3,2021-12-22
2021-12-16,38.919614,-77.046689,Ward 1,2021-12-22
2021-12-16,38.864943,-76.957896,Ward 7,2021-12-26
2021-12-16,38.933518,-77.043411,Ward 1,2021-12-22
2021-12-16,38.917351,-77.029907,Ward 1,2021-12-20
2021-12-16,38.927951,-76.990872,Ward 5,2021-12-20
2021-12-16,38.849821,-76.974908,Ward 8,2021-12-26
2021-12-16,38.909981,-77.065922,Ward 2,2021-12-23
2021-12-16,38.926768,-77.025341,Ward 1,2021-12-20
2021-12-16,38.848843,-76.981664,Ward 8,2021-12-26
2021-12-16,38.911032,-77.068893,Ward 2,2021-12-23
2021-12-16,38.895625,-76.995234,Ward 6,2022-01-12
2021-12-16,38.896839,-76.996395,Ward 6,2022-01-11
2021-12-16,38.943366,-77.085306,Ward 3,2021-12-22
2021-12-16,38.898562,-76.943479,Ward 7,2021-12-26
2021-12-16,38.906090,-77.065639,Ward 2,2021-12-23
2021-12-16,38.987357,-77.030549,Ward 4,2021-12-23
2021-12-16,38.952232,-77.058566,Ward 3,2021-12-22
2021-12-16,38.916707,-77.097423,Ward 3,2021-12-22
2021-12-16,38.966570,-77.060998,Ward 4,2021-12-23
2021-12-16,38.895934,-76.997589,Ward 6,2022-01-11
2021-12-16,38.890095,-76.999942,Ward 6,2022-01-12
2021-12-16,38.891399,-76.999771,Ward 6,2022-01-12
2021-12-16,38.936354,-76.973014,Ward 5,2021-12-20
2021-12-16,38.901153,-76.999930,Ward 6,2022-01-11
2021-12-16,38.897521,-76.984358,Ward 6,2022-01-11
2021-12-16,38.939096,-77.043007,Ward 4,2021-12-23
2021-12-16,38.967932,-77.024207,Ward 4,2021-12-27
2021-12-16,38.931628,-77.033486,Ward 1,2021-12-20
2021-12-16,38.933970,-77.074551,Ward 3,2021-12-22
2021-12-16,38.949540,-77.030173,Ward 4,2021-12-23
2021-12-16,38.888239,-76.924377,Ward 7,2021-12-26
2021-12-16,38.956390,-77.066264,Ward 3,2021-12-22
2021-12-16,38.907008,-77.055971,Ward 2,2021-12-23
2021-12-16,38.899523,-76.938625,Ward 7,2021-12-26
2021-12-16,38.952283,-77.024089,Ward 4,2021-12-23
2021-12-16,38.886473,-76.927109,Ward 7,2021-12-26
2021-12-16,38.954699,-76.995374,Ward 5,2021-12-20
2021-12-16,38.913495,-77.091449,Ward 3,2021-12-22
2021-12-16,38.928154,-76.983218,Ward 5,2021-12-20
2021-12-16,38.907905,-77.068115,Ward 2,2021-12-23
2021-12-16,38.914927,-77.029927,Ward 1,2021-12-20
2021-12-16,38.948997,-77.028245,Ward 4,2021-12-27
2021-12-16,38.883306,-76.984488,Ward 6,2022-01-12
2021-12-17,38.895624,-76.992394,Ward 6,2022-01-12
2021-12-17,38.942944,-77.070240,Ward 3,2021-12-22
2021-12-17,38.907110,-77.055959,Ward 2,2021-12-23
2021-12-17,38.861658,-76.988141,Ward 8,2021-12-26
2021-12-17,38.908927,-77.055995,Ward 2,2021-12-23
2021-12-17,38.911571,-77.066783,Ward 2,2021-12-23
2021-12-17,38.901150,-77.001427,Ward 6,2022-01-11
2021-12-17,38.924401,-77.035163,Ward 1,2021-12-22
2021-12-17,38.909302,-77.015442,Ward 5,2021-12-20
2021-12-17,38.911374,-77.066291,Ward 2,2021-12-23
2021-12-17,38.840639,-76.997094,Ward 8,2021-12-26
2021-12-17,38.960081,-77.037518,Ward 4,2021-12-23
2021-12-17,38.934759,-76.981881,Ward 5,2021-12-20
2021-12-17,38.880515,-76.943283,Ward 7,2021-12-26
2021-12-17,38.968249,-77.055926,Ward 4,2021-12-23
2021-12-17,38.950597,-77.023526,Ward 4,2021-12-23
2021-12-17,38.887146,-76.923526,Ward 7,2021-12-26
2021-12-17,38.883403,-77.003960,Ward 6,2022-01-11
2021-12-17,38.905827,-77.025700,Ward 2,2021-12-23
2021-12-17,38.936724,-76.980128,Ward 5,2021-12-20
2021-12-17,38.874396,-76.955619,Ward 7,2021-12-26
2021-12-17,38.862968,-76.966788,Ward 7,2021-12-26
2021-12-17,38.858527,-76.954233,Ward 7,2021-12-26
2021-12-17,38.933982,-77.059023,Ward 3,2021-12-22
2021-12-17,38.921511,-77.044387,Ward 1,2021-12-22
2021-12-17,38.864271,-76.985244,Ward 8,2021-12-26
2021-12-17,38.847476,-76.983392,Ward 8,2021-12-26
2021-12-17,38.888639,-76.992332,Ward 6,2022-01-12
2021-12-17,38.905119,-76.996991,Ward 6,2022-01-12
2021-12-17,38.907752,-77.048555,Ward 2,2021-12-23
2021-12-17,38.891783,-76.994355,Ward 6,2022-01-12
2021-12-17,38.926539,-77.006397,Ward 5,2021-12-20
2021-12-17,38.942445,-76.974951,Ward 5,2021-12-20
2021-12-17,38.933669,-77.031546,Ward 1,2021-12-20
2021-12-17,38.948334,-77.074361,Ward 3,2021-12-22
2021-12-17,38.877712,-76.987042,Ward 6,2022-01-12
2021-12-17,38.961223,-77.082455,Ward 3,2021-12-22
2021-12-17,38.898771,-76.982636,Ward 6,2022-01-11
2021-12-17,38.949193,-77.030175,Ward 4,2021-12-23
2021-12-17,38.958162,-77.083504,Ward 3,2021-12-22
2021-12-17,38.892461,-76.998218,Ward 6,2022-01-12
2021-12-17,38.943242,-76.982568,Ward 5,2021-12-20
2021-12-17,38.928459,-77.061706,Ward 3,2021-12-22
2021-12-17,38.930005,-76.965887,Ward 5,2021-12-20
2021-12-17,38.868064,-76.979246,Ward 8,2021-12-26
2021-12-17,38.932457,-76.971901,Ward 5,2021-12-20
2021-12-17,38.987393,-77.032731,Ward 4,2021-12-23
2021-12-17,38.913523,-77.012425,Ward 5,2021-12-20
2021-12-18,38.891310,-76.988083,Ward 6,2022-01-11
2021-12-18,38.951849,-77.023183,Ward 4,2021-12-23
2021-12-18,38.882115,-76.992415,Ward 6,2022-01-12
2021-12-18,38.953004,-77.008759,Ward 5,2021-12-27
2021-12-18,38.887422,-76.979228,Ward 7,2022-01-11
2021-12-18,38.896828,-76.996692,Ward 6,2022-01-11
2021-12-18,38.874396,-76.955619,Ward 7,2021-12-26
2021-12-18,38.886976,-76.989453,Ward 6,2022-01-12
2021-12-18,38.940291,-76.979404,Ward 5,2021-12-27
2021-12-18,38.949519,-77.096127,Ward 3,2021-12-22
2021-12-18,38.933635,-77.074842,Ward 3,2021-12-22
2021-12-18,38.871646,-76.960280,Ward 7,2021-12-28
2021-12-18,38.871877,-76.958107,Ward 7,2021-12-26
2021-12-18,38.926991,-77.030546,Ward 1,2021-12-27
2021-12-18,38.860612,-76.990678,Ward 8,2021-12-26
2021-12-18,38.905118,-76.997339,Ward 6,2022-01-19
2021-12-18,38.921115,-77.007931,Ward 5,2021-12-27
2021-12-18,38.966773,-77.007738,Ward 4,2021-12-23
2021-12-18,38.881475,-76.994391,Ward 6,2022-01-12
2021-12-18,38.954931,-77.011822,Ward 4,2021-12-23
2021-12-18,38.938464,-77.068883,Ward 3,2021-12-22
2021-12-18,38.940937,-76.973609,Ward 5,2021-12-27
2021-12-18,38.958333,-77.022159,Ward 4,2021-12-23
2021-12-18,38.932886,-77.040978,Ward 1,2021-12-27
2021-12-18,38.931601,-77.043941,Ward 1,2021-12-27
2021-12-18,38.931247,-77.044326,Ward 1,2021-12-27
2021-12-18,38.934748,-77.043766,Ward 1,2021-12-27
2021-12-18,38.929839,-77.041038,Ward 1,2021-12-27
2021-12-18,38.925003,-77.044388,Ward 1,2021-12-27
2021-12-19,38.884510,-77.008758,Ward 6,2022-01-11
2021-12-19,38.898303,-76.985253,Ward 6,2022-01-11
2021-12-19,38.892435,-76.986298,Ward 6,2022-01-11
2021-12-19,38.891070,-76.995214,Ward 6,2022-01-12
2021-12-19,38.952356,-77.016890,Ward 4,2021-12-23
2021-12-19,38.897513,-76.992006,Ward 6,2022-01-11
2021-12-19,38.838932,-76.994212,Ward 8,2021-12-26
2021-12-19,38.917708,-77.002297,Ward 5,2021-12-27
2021-12-19,38.971830,-77.070522,Ward 4,2021-12-23
2021-12-19,38.880362,-76.982742,Ward 6,2022-01-12
2021-12-19,38.915995,-77.022695,Ward 1,2021-12-27
2021-12-19,38.932142,-77.042885,Ward 1,2021-12-27
2021-12-19,38.930406,-77.043038,Ward 1,2021-12-27
2021-12-19,38.954683,-76.995470,Ward 5,2021-12-27
2021-12-19,38.971054,-77.018597,Ward 4,2021-12-23
2021-12-19,38.895629,-76.999265,Ward 6,2022-01-11
2021-12-19,38.883201,-76.996427,Ward 6,2022-01-11
2021-12-19,38.831742,-77.011935,Ward 8,2021-12-26
2021-12-19,38.897923,-76.984388,Ward 6,2022-01-11
2021-12-19,38.982093,-77.032410,Ward 4,2021-12-23
2021-12-19,38.943371,-77.079574,Ward 3,2021-12-28
2021-12-19,38.871980,-76.958255,Ward 7,2021-12-26
2021-12-20,38.945124,-77.016868,Ward 4,2021-12-29
2021-12-20,38.911720,-77.029322,Ward 2,2021-12-29
2021-12-20,38.962251,-77.081738,Ward 3,2021-12-28
2021-12-20,38.895751,-76.995926,Ward 6,2022-01-11
2021-12-20,38.950557,-76.990265,Ward 5,2021-12-27
2021-12-20,38.978475,-77.035004,Ward 4,2021-12-29
2021-12-20,38.896375,-76.974309,Ward 7,2021-12-26
2021-12-20,38.899096,-76.989716,Ward 6,2022-01-11
2021-12-20,38.884468,-77.008758,Ward 6,2022-01-11
2021-12-20,38.928495,-77.074957,Ward 3,2021-12-28
2021-12-20,38.889510,-76.996807,Ward 6,2022-01-12
2021-12-20,38.928727,-76.974427,Ward 5,2021-12-27
2021-12-20,38.990787,-77.034939,Ward 4,2021-12-29
2021-12-20,38.915028,-77.034827,Ward 2,2021-12-29
2021-12-20,38.930259,-76.980539,Ward 5,2021-12-27
2021-12-20,38.926519,-77.035368,Ward 1,2021-12-27
2021-12-20,38.909842,-77.019280,Ward 6,2022-01-12
2021-12-20,38.889530,-76.994493,Ward 6,2022-01-12
2021-12-20,38.890742,-76.997045,Ward 6,2022-01-12
2021-12-20,38.896315,-76.997485,Ward 6,2022-01-11
2021-12-20,38.981183,-77.023216,Ward 4,2021-12-29
2021-12-20,38.968374,-77.011038,Ward 4,2021-12-29
2021-12-20,38.894190,-76.922142,Ward 7,2021-12-26
2021-12-20,38.948569,-77.091248,Ward 3,2021-12-28
2021-12-20,38.926156,-76.999734,Ward 5,2021-12-27
2021-12-20,38.913863,-77.070528,Ward 2,2021-12-29
2021-12-20,38.897548,-76.993994,Ward 6,2022-01-11
2021-12-20,38.941945,-77.016099,Ward 4,2021-12-29
2021-12-20,38.965636,-77.069869,Ward 3,2021-12-28
2021-12-20,38.927065,-77.030023,Ward 1,2021-12-27
2021-12-20,38.960343,-77.003687,Ward 4,2021-12-29
2021-12-20,38.895930,-76.989959,Ward 6,2022-01-11
2021-12-20,38.886206,-76.993954,Ward 6,2022-01-12
2021-12-20,38.885623,-76.982450,Ward 6,2022-01-12
2021-12-21,38.965616,-77.069037,Ward 3,2021-12-28
2021-12-21,38.909827,-77.012937,Ward 5,2021-12-27
2021-12-21,38.897838,-76.931564,Ward 7,2021-12-26
2021-12-21,38.933697,-77.041013,Ward 1,2021-12-27
2021-12-21,38.931628,-77.033486,Ward 1,2021-12-27
2021-12-21,38.931371,-77.020526,Ward 1,2021-12-28
2021-12-21,38.899337,-76.992423,Ward 6,2022-01-19
2021-12-21,38.909222,-77.056002,Ward 2,2021-12-29
2021-12-21,38.885135,-76.992472,Ward 6,2022-01-12
2021-12-21,38.911304,-77.007407,Ward 5,2021-12-28
2021-12-21,38.950256,-77.085960,Ward 3,2021-12-28
2021-12-21,38.880671,-76.998675,Ward 6,2022-01-11
2021-12-21,38.939504,-77.031615,Ward 4,2021-12-29
2021-12-21,38.898094,-76.943474,Ward 7,2021-12-30
2021-12-21,38.928217,-76.975923,Ward 5,2021-12-27
2021-12-21,38.914661,-77.073702,Ward 2,2021-12-29
2021-12-21,38.960204,-76.996890,Ward 4,2021-12-29
2021-12-21,38.961165,-77.022695,Ward 4,2022-01-12
2021-12-21,38.907845,-77.055951,Ward 2,2021-12-29
2021-12-21,38.907867,-77.056010,Ward 2,2021-12-29
2021-12-21,38.933493,-76.987820,Ward 5,2021-12-27
2021-12-21,38.890981,-76.992330,Ward 6,2021-12-21
2021-12-21,38.860041,-76.952870,Ward 7,2021-12-30
2021-12-21,38.896934,-76.939786,Ward 7,2021-12-30
2021-12-21,38.953140,-77.092180,Ward 3,2021-12-28
2021-12-21,38.959493,-77.035506,Ward 4,2021-12-29
2021-12-21,38.880765,-77.000346,Ward 6,2022-01-11
2021-12-21,38.925687,-77.051267,Ward 3,2021-12-28
2021-12-21,38.896838,-76.993007,Ward 6,2022-01-11
2021-12-21,38.934474,-77.035218,Ward 1,2021-12-27
2021-12-21,38.891845,-77.000062,Ward 6,2022-01-12
2021-12-21,38.867802,-76.980503,Ward 8,2021-12-30
2021-12-21,38.897690,-76.994729,Ward 6,2022-01-11
2021-12-21,38.935498,-77.035129,Ward 1,2021-12-27
2021-12-21,38.944625,-77.027667,Ward 4,2021-12-29
2021-12-21,38.896791,-76.996394,Ward 6,2022-01-11
2021-12-21,38.871329,-76.955845,Ward 7,2021-12-30
2021-12-21,38.965241,-77.029907,Ward 4,2021-12-29
2021-12-21,38.897213,-76.930830,Ward 7,2021-12-30
2021-12-21,38.921479,-77.007718,Ward 5,2021-12-27
2021-12-21,38.931978,-77.035327,Ward 1,2021-12-27
2021-12-21,38.936393,-77.031023,Ward 1,2021-12-27
2021-12-21,38.917351,-77.029907,Ward 1,2021-12-27
2021-12-21,38.882893,-76.998122,Ward 6,2022-01-11
2021-12-21,38.881470,-76.984344,Ward 6,2022-01-12
2021-12-21,38.907502,-77.027865,Ward 2,2021-12-29
2021-12-22,38.942944,-77.070240,Ward 3,2021-12-28
2021-12-22,38.892418,-76.992864,Ward 6,2022-01-12
2021-12-22,38.879614,-77.020111,Ward 6,2022-01-12
2021-12-22,38.933137,-77.074300,Ward 3,2021-12-29
2021-12-22,38.935379,-76.984986,Ward 5,2021-12-27
2021-12-22,38.959085,-77.034945,Ward 4,2021-12-29
2021-12-22,38.873259,-76.936569,Ward 7,2021-12-30
2021-12-22,38.909577,-77.068033,Ward 2,2021-12-29
2021-12-22,38.956053,-77.066208,Ward 3,2021-12-28
2021-12-22,38.963360,-77.023981,Ward 4,2021-12-29
2021-12-22,38.829223,-77.012783,Ward 8,2021-12-30
2021-12-22,38.935053,-77.060125,Ward 3,2021-12-28
2021-12-22,38.960676,-77.002220,Ward 4,2021-12-29
2021-12-22,38.905409,-76.945120,Ward 7,2021-12-30
2021-12-22,38.920462,-77.011264,Ward 5,2021-12-27
2021-12-22,38.912042,-77.008439,Ward 5,2021-12-27
2021-12-22,38.898730,-76.995302,Ward 6,2022-01-11
2021-12-22,38.906187,-77.057936,Ward 2,2021-12-29
2021-12-22,38.887469,-76.925155,Ward 7,2021-12-30
2021-12-22,38.941184,-77.019385,Ward 4,2021-12-29
2021-12-22,38.899858,-76.922941,Ward 7,2021-12-30
2021-12-22,38.939553,-77.026601,Ward 4,2021-12-29
2021-12-22,38.910089,-77.031054,Ward 2,2021-12-29
2021-12-22,38.958879,-77.011324,Ward 4,2021-12-29
2021-12-23,38.912864,-77.067125,Ward 2,2021-12-29
2021-12-23,38.910285,-76.939009,Ward 7,2022-01-19
2021-12-23,38.903888,-76.977944,Ward 5,2021-12-27
2021-12-23,38.911725,-77.039503,Ward 2,2021-12-29
2021-12-23,38.911914,-77.068960,Ward 2,2021-12-29
2021-12-23,38.839767,-76.996355,Ward 8,2021-12-30
2021-12-23,38.911710,-77.018017,Ward 6,2022-01-12
2021-12-23,38.931032,-77.085424,Ward 3,2021-12-28
2021-12-23,38.948993,-77.099760,Ward 3,2021-12-28
2021-12-23,38.987393,-77.032731,Ward 4,2021-12-29
2021-12-23,38.947906,-77.022555,Ward 4,2021-12-29
2021-12-23,38.945022,-76.980942,Ward 5,2021-12-27
2021-12-23,38.884834,-77.006794,Ward 6,2022-01-11
2021-12-23,38.952943,-77.016220,Ward 4,2021-12-29
2021-12-23,38.855168,-76.959585,Ward 7,2021-12-30
2021-12-23,38.943765,-77.070880,Ward 3,2021-12-28
2021-12-23,38.870542,-76.971716,Ward 8,2021-12-30
2021-12-23,38.847476,-76.983392,Ward 8,2021-12-30
2021-12-23,38.840992,-76.995320,Ward 8,2021-12-30
2021-12-23,38.829797,-77.013233,Ward 8,2021-12-30
2021-12-23,38.946111,-77.070101,Ward 3,2021-12-28
2021-12-23,38.912006,-77.020707,Ward 6,2022-01-12
2021-12-24,38.932646,-77.040260,Ward 1,2021-12-27
2021-12-24,38.921680,-77.047278,Ward 1,2021-12-27
2021-12-24,38.932457,-76.971901,Ward 5,2021-12-27
2021-12-24,38.934878,-76.975652,Ward 5,2021-12-27
2021-12-24,38.890735,-76.981731,Ward 6,2022-01-11
2021-12-24,38.979214,-77.029172,Ward 4,2021-12-29
2021-12-24,38.938369,-77.067452,Ward 3,2021-12-28
2021-12-24,38.894928,-76.991723,Ward 6,2022-01-12
2021-12-24,38.856406,-76.979972,Ward 8,2021-12-30
2021-12-24,38.891723,-76.994961,Ward 6,2021-12-24
2021-12-24,38.891235,-76.993763,Ward 6,2022-01-19
2021-12-25,38.986110,-77.031675,Ward 4,2021-12-29
2021-12-25,38.934861,-76.973942,Ward 5,2022-01-12
2021-12-25,38.947433,-77.024409,Ward 4,2021-12-29
2021-12-26,38.886692,-76.978320,Ward 6,2022-01-11
2021-12-26,38.881800,-76.999239,Ward 6,2022-01-11
2021-12-26,38.928261,-76.981283,Ward 5,2022-01-12
2021-12-26,38.895285,-76.941357,Ward 7,2021-12-30
2021-12-26,38.862311,-76.964525,Ward 7,2021-12-30
2021-12-26,38.932606,-76.985967,Ward 5,2022-01-12
2021-12-26,38.880115,-76.993520,Ward 6,2022-01-12
2021-12-26,38.898731,-76.991721,Ward 6,2022-01-11
2021-12-26,38.860383,-76.991044,Ward 8,2021-12-30
2021-12-26,38.942546,-77.023108,Ward 4,2021-12-29
2021-12-26,38.883403,-77.003960,Ward 6,2022-01-11
2021-12-27,38.913180,-77.016697,Ward 5,2022-01-12
2021-12-27,38.908186,-76.942044,Ward 7,2021-12-30
2021-12-27,38.897124,-77.002467,Ward 6,2022-01-11
2021-12-27,38.926224,-77.025578,Ward 1,2022-01-12
2021-12-27,38.891389,-77.000821,Ward 6,2022-01-12
2021-12-27,38.893099,-77.001473,Ward 6,2022-01-12
2021-12-27,38.896375,-76.974309,Ward 7,2021-12-30
2021-12-27,38.877310,-76.936284,Ward 7,2021-12-30
2021-12-27,38.925524,-77.028048,Ward 1,2022-01-12
2021-12-27,38.933944,-77.037574,Ward 1,2022-01-12
2021-12-27,38.892105,-76.936982,Ward 7,2021-12-30
2021-12-27,38.966426,-77.022243,Ward 4,2022-01-12
2021-12-27,38.951171,-77.021079,Ward 4,2022-01-12
2021-12-27,38.880197,-76.940990,Ward 7,2021-12-30
2021-12-27,38.894993,-76.933475,Ward 7,2021-12-30
2021-12-27,38.969129,-77.069550,Ward 4,2022-01-12
2021-12-27,38.893144,-76.996395,Ward 6,2022-01-12
2021-12-27,38.952871,-77.080510,Ward 3,2022-01-12
2021-12-27,38.905326,-77.000798,Ward 6,2022-01-12
2021-12-27,38.928748,-76.979836,Ward 5,2022-01-12
2021-12-27,38.926465,-76.986092,Ward 5,2022-01-12
2021-12-27,38.891390,-76.993266,Ward 6,2022-01-12
2021-12-27,38.897150,-76.990008,Ward 6,2022-01-11
2021-12-27,38.968837,-77.070586,Ward 3,2022-01-12
2021-12-27,38.981117,-77.032459,Ward 4,2022-01-12
2021-12-27,38.886791,-76.947805,Ward 7,2021-12-30
2021-12-27,38.940413,-77.035593,Ward 4,2022-01-12
2021-12-27,38.978487,-77.020545,Ward 4,2022-01-12
2021-12-27,38.933493,-76.987820,Ward 5,2022-01-12
2021-12-27,38.937528,-77.070312,Ward 3,2022-01-12
2021-12-27,38.917708,-77.002297,Ward 5,2022-01-12
2021-12-27,38.971830,-77.070522,Ward 4,2022-01-12
2021-12-27,38.883021,-76.984005,Ward 6,2022-01-12
2021-12-27,38.951977,-77.016934,Ward 4,2022-01-12
2021-12-27,38.898413,-76.991284,Ward 6,2022-01-11
2021-12-28,38.903551,-76.976780,Ward 5,2022-01-11
2021-12-28,38.871484,-76.950274,Ward 7,2021-12-30
2021-12-28,38.918238,-77.038703,Ward 1,2022-01-12
2021-12-28,38.871646,-76.960280,Ward 7,2022-01-12
2021-12-28,38.935483,-76.989780,Ward 5,2022-01-12
2021-12-28,38.912813,-77.029843,Ward 2,2022-01-12
2021-12-28,38.886769,-76.937310,Ward 7,2022-01-12
2021-12-28,38.976105,-77.025398,Ward 4,2022-01-12
2021-12-28,38.927922,-77.026598,Ward 1,2022-01-12
2021-12-28,38.904415,-76.933960,Ward 7,2022-01-12
2021-12-28,38.913814,-77.048520,Ward 2,2022-01-12
2021-12-28,38.905172,-77.001827,Ward 6,2022-01-12
2021-12-28,38.933450,-76.975983,Ward 5,2022-01-12
2021-12-28,38.916086,-77.006898,Ward 5,2022-01-12
2021-12-28,38.951944,-77.090880,Ward 3,2022-01-12
2021-12-28,38.957086,-76.993563,Ward 5,2022-01-12
2021-12-28,38.937536,-77.067153,Ward 3,2022-01-12
2021-12-28,38.884127,-77.004973,Ward 6,2022-01-11
2021-12-28,38.943159,-77.037746,Ward 4,2022-01-12
2021-12-28,38.881549,-76.985270,Ward 6,2022-01-12
2021-12-28,38.942655,-77.090359,Ward 3,2022-01-12
2021-12-28,38.929671,-76.958414,Ward 5,2022-01-19
2021-12-28,38.929524,-77.027246,Ward 1,2022-01-12
2021-12-28,38.896870,-76.998670,Ward 6,2022-01-11
2021-12-28,38.896857,-77.001802,Ward 6,2022-01-11
2021-12-28,38.927780,-77.066004,Ward 3,2022-01-12
2021-12-28,38.885531,-76.984412,Ward 6,2022-01-12
2021-12-28,38.956286,-77.085897,Ward 3,2022-01-12
2021-12-28,38.940607,-77.042319,Ward 4,2022-01-12
2021-12-28,38.871049,-76.951900,Ward 7,2022-01-12
2021-12-28,38.908646,-77.056004,Ward 2,2022-01-12
2021-12-28,38.907502,-77.027865,Ward 2,2022-01-12
2021-12-29,38.934376,-76.968406,Ward 5,2022-01-19
2021-12-29,38.928156,-77.026802,Ward 1,2022-01-12
2021-12-29,38.933993,-77.033346,Ward 1,2022-01-12
2021-12-29,38.942675,-76.977485,Ward 5,2022-01-12
2021-12-29,38.888933,-76.925624,Ward 7,2022-01-12
2021-12-29,38.938476,-76.978041,Ward 5,2022-01-12
2021-12-29,38.919936,-77.025805,Ward 1,2022-01-12
2021-12-29,38.930375,-77.042198,Ward 1,2022-01-12
2021-12-29,38.932718,-77.044829,Ward 1,2022-01-12
2021-12-29,38.928074,-77.098338,Ward 3,2022-01-19
2021-12-29,38.895292,-76.998015,Ward 6,2022-01-11
2021-12-29,38.869759,-76.942354,Ward 7,2022-01-12
2021-12-29,38.890500,-76.934495,Ward 7,2022-01-12
2021-12-29,38.888954,-76.983887,Ward 6,2022-01-11
2021-12-29,38.904225,-76.978802,Ward 5,2022-01-11
2021-12-29,38.907638,-77.065672,Ward 2,2022-01-12
2021-12-29,38.912390,-77.035579,Ward 2,2022-01-12
2021-12-29,38.936393,-77.031023,Ward 1,2022-01-12
2021-12-29,38.873124,-77.017303,Ward 6,2022-01-11
2021-12-29,38.902908,-76.985737,Ward 5,2022-01-11
2021-12-29,38.886722,-76.994003,Ward 6,2022-01-12
2021-12-29,38.894965,-77.001466,Ward 6,2022-01-11
2021-12-29,38.930291,-77.044275,Ward 1,2022-01-12
2021-12-29,38.986789,-77.031230,Ward 4,2022-01-12
2021-12-29,38.944049,-76.981470,Ward 5,2022-01-12
2021-12-29,38.919964,-77.096987,Ward 3,2022-01-12
2021-12-29,38.943362,-77.017771,Ward 4,2022-01-12
2021-12-29,38.947433,-77.024409,Ward 4,2022-01-12
2021-12-30,38.930715,-77.101689,Ward 3,2021-12-30
2021-12-30,38.930715,-77.101689,Ward 3,2022-01-12
2021-12-30,38.918906,-77.076176,Ward 3,2022-01-12
2021-12-30,38.893374,-76.959629,Ward 7,2022-01-19
2021-12-30,38.910616,-77.065663,Ward 2,2022-01-04
2021-12-30,38.943387,-77.006126,Ward 5,2022-01-19
2021-12-30,38.966570,-77.060998,Ward 4,2022-01-12
2021-12-30,38.930963,-76.975631,Ward 5,2022-01-12
2021-12-30,38.904403,-76.935613,Ward 7,2022-01-19
2021-12-30,38.943577,-76.985947,Ward 5,2022-01-12
2021-12-30,38.901150,-77.001427,Ward 6,2022-01-11
2021-12-30,38.886473,-76.927109,Ward 7,2022-01-19
2021-12-30,38.901150,-77.001366,Ward 6,2022-01-11
2021-12-30,38.914257,-77.030167,Ward 1,2022-01-12
2021-12-30,38.933915,-76.964782,Ward 5,2022-01-19
2021-12-30,38.941776,-77.021894,Ward 4,2022-01-12
2021-12-30,38.938905,-77.069183,Ward 3,2022-01-12
2021-12-30,38.901968,-76.930118,Ward 7,2022-01-12
2021-12-30,38.904230,-76.997485,Ward 6,2022-01-11
2021-12-30,38.965948,-77.066113,Ward 4,2022-01-12
2021-12-30,38.933123,-77.038312,Ward 1,2022-01-12
2021-12-30,38.911908,-77.061099,Ward 2,2022-01-12
2021-12-30,38.860622,-76.954014,Ward 7,2022-01-12
2021-12-30,38.929651,-77.026543,Ward 1,2022-01-12
2021-12-30,38.930452,-77.028286,Ward 1,2022-01-12
2021-12-30,38.927082,-77.024948,Ward 1,2022-01-12
2021-12-31,38.913167,-77.077045,Ward 2,2022-01-12
2021-12-31,38.912943,-77.064329,Ward 2,2022-01-12
2021-12-31,38.894120,-76.981986,Ward 6,2022-01-11
2021-12-31,38.892570,-76.982703,Ward 6,2022-01-11
2021-12-31,38.844051,-76.990909,Ward 8,2022-01-12
