2026-01-01,38.946876,-77.038814,Ward 4,2026-01-02
2026-01-01,38.872009,-76.964768,Ward 7,2026-01-02
2026-01-02,38.879938,-76.931907,Ward 7,2026-01-02
2026-01-02,38.893889,-76.992890,Ward 6,2026-01-05
2026-01-02,38.952695,-77.085164,Ward 3,2026-01-05
2026-01-04,38.899535,-76.995221,Ward 6,2026-01-05
2026-01-04,38.883010,-76.984961,Ward 6,2026-01-05
2026-01-05,38.957024,-77.085002,Ward 3,2026-01-05
2026-01-05,38.961353,-77.061867,Ward 4,2026-01-05
2026-01-05,38.923261,-77.002566,Ward 5,2026-01-06
2026-01-05,38.904585,-77.045381,Ward 2,2026-01-07
2026-01-05,38.904052,-77.044627,Ward 2,2026-01-07
2026-01-06,38.974937,-77.026485,Ward 4,2026-01-06
2026-01-06,38.899976,-77.031213,Ward 2,2026-01-07
2026-01-06,38.894039,-76.976222,Ward 7,2026-01-06
2026-01-06,38.955752,-77.012976,Ward 4,2026-01-06
2026-01-06,38.886956,-76.988910,Ward 6,2026-01-07
2026-01-06,38.966561,-77.022668,Ward 4,2026-01-07
2026-01-06,38.886936,-76.954396,Ward 7,2026-01-08
2026-01-06,38.887220,-76.954430,Ward 7,2026-01-08
2026-01-06,38.893740,-76.983982,Ward 6,2026-01-07
2026-01-06,38.931921,-76.978245,Ward 5,2026-01-07
2026-01-07,38.966288,-77.022668,Ward 4,2026-01-07
2026-01-07,38.898545,-77.027892,Ward 2,2026-01-07
2026-01-07,38.831663,-77.006140,Ward 8,2026-01-08
2026-01-07,38.927832,-77.093376,Ward 3,2026-01-08
2026-01-07,38.992496,-77.037908,Ward 4,2026-01-08
2026-01-08,38.967443,-77.015896,Ward 4,2026-01-08
2026-01-08,38.892392,-76.997343,Ward 6,2026-01-08
2026-01-08,38.956087,-76.991544,Ward 5,2026-01-09
2026-01-08,38.861278,-76.949918,Ward 7,2026-01-08
2026-01-08,38.878004,-76.964988,Ward 7,2026-01-08
2026-01-08,38.886936,-76.954396,Ward 7,2026-01-08
2026-01-08,38.887220,-76.954430,Ward 7,2026-01-08
2026-01-09,38.932314,-77.031665,Ward 1,2026-01-09
2026-01-09,38.899916,-77.009467,Ward 6,2026-01-09
2026-01-09,38.882841,-77.002316,Ward 6,2026-01-09
2026-01-09,38.937962,-77.073762,Ward 3,2026-01-09
2026-01-09,38.833203,-76.994070,Ward 8,2026-01-12
2026-01-09,38.922704,-77.022583,Ward 1,2026-01-12
2026-01-09,38.944218,-77.072164,Ward 3,2026-01-12
2026-01-09,38.977128,-77.026233,Ward 4,2026-01-12
2026-01-10,38.925690,-77.088337,Ward 3,2026-01-11
2026-01-11,38.885591,-76.988516,Ward 6,2026-01-12
2026-01-11,38.960342,-77.080559,Ward 3,2026-01-12
2026-01-11,38.886017,-76.988311,Ward 6,2026-01-12
2026-01-11,38.906714,-77.086806,Ward 3,2026-01-12
2026-01-11,38.948120,-77.061066,Ward 3,2026-01-12
2026-01-11,38.948120,-77.061066,Ward 3,2026-01-12
2026-01-11,38.914148,-77.090044,Ward 3,2026-01-11
2026-01-12,38.945386,-77.021101,Ward 4,2026-01-12
2026-01-12,38.949966,-77.058782,Ward 3,2026-01-12
2026-01-12,38.884245,-76.992864,Ward 6,2026-01-12
2026-01-12,38.897001,-77.017747,Ward 6,2026-01-12
2026-01-12,38.946129,-77.043148,Ward 4,2026-01-13
2026-01-12,38.900837,-76.926757,Ward 7,2026-01-13
2026-01-12,38.906383,-77.025068,Ward 2,2026-01-13
2026-01-12,38.881473,-77.018186,Ward 6,2026-01-13
2026-01-12,38.944977,-77.079526,Ward 3,2026-01-13
2026-01-13,38.893038,-76.987875,Ward 6,2026-01-13
2026-01-13,38.887815,-76.988934,Ward 6,2026-01-13
2026-01-13,38.952242,-77.021123,Ward 4,2026-01-13
2026-01-13,38.911748,-77.037312,Ward 2,2026-01-13
2026-01-13,38.967294,-77.058108,Ward 4,2026-01-13
2026-01-13,38.942742,-76.985372,Ward 5,2026-01-13
2026-01-13,38.941367,-76.975953,Ward 5,2026-01-13
2026-01-13,38.898315,-77.028078,Ward 2,2026-01-13
2026-01-13,38.944977,-77.079526,Ward 3,2026-01-14
2026-01-13,38.956813,-77.013868,Ward 4,2026-01-14
2026-01-13,38.943400,-77.085999,Ward 3,2026-01-13
2026-01-13,38.859920,-76.989910,Ward 8,2026-01-14
2026-01-13,38.893165,-76.938583,Ward 7,2026-01-15
2026-01-13,38.869309,-76.976354,Ward 8,2026-01-14
2026-01-13,38.912834,-77.041907,Ward 2,2026-01-14
2026-01-13,38.902235,-77.027536,Ward 2,2026-01-14
2026-01-13,38.902249,-77.027347,Ward 2,2026-01-14
2026-01-14,38.895805,-76.936774,Ward 7,2026-01-15
2026-01-14,38.915395,-77.043647,Ward 2,2026-01-15
2026-01-14,38.894693,-77.025068,Ward 2,2026-01-15
2026-01-14,38.853285,-76.965439,Ward 8,2026-01-15
2026-01-15,38.956156,-76.995911,Ward 5,2026-01-15
2026-01-15,38.922050,-77.041045,Ward 1,2026-01-15
2026-01-15,38.956145,-76.995973,Ward 5,2026-01-15
2026-01-15,38.955629,-76.995973,Ward 5,2026-01-15
2026-01-15,38.917895,-77.033068,Ward 1,2026-01-15
2026-01-15,38.893684,-76.926038,Ward 7,2026-01-15
2026-01-15,38.914492,-77.089862,Ward 3,2026-01-15
2026-01-15,38.955629,-76.995973,Ward 5,2026-01-15
2026-01-15,38.911300,-77.023786,Ward 2,2026-01-16
2026-01-15,38.922340,-77.022258,Ward 1,2026-01-16
2026-01-15,38.937916,-77.097982,Ward 3,2026-01-16
2026-01-15,38.937916,-77.097982,Ward 3,2026-01-16
2026-01-15,38.924379,-77.044318,Ward 1,2026-01-16
2026-01-15,38.886836,-76.949431,Ward 7,2026-01-16
2026-01-16,38.975956,-77.026321,Ward 4,2026-01-16
2026-01-16,38.894693,-77.025068,Ward 2,2026-01-20
2026-01-16,38.917946,-77.040094,Ward 1,2026-01-16
2026-01-16,38.972625,-77.065373,Ward 4,2026-01-16
2026-01-16,38.898584,-76.920158,Ward 7,2026-01-20
2026-01-17,38.912753,-77.014192,Ward 5,2026-01-20
2026-01-17,38.872960,-77.010651,Ward 6,2026-01-20
2026-01-18,38.905645,-77.012171,Ward 6,2026-01-20
2026-01-18,38.947438,-76.992410,Ward 5,2026-01-20
2026-01-20,38.959518,-77.071252,Ward 3,2026-01-20
2026-01-20,38.943318,-76.978070,Ward 5,2026-01-20
2026-01-20,38.885521,-76.991784,Ward 6,2026-01-20
2026-01-20,38.960018,-77.065062,Ward 4,2026-01-20
2026-01-20,38.897837,-77.019472,Ward 2,2026-01-21
2026-01-21,38.917686,-77.039708,Ward 1,2026-01-21
2026-01-21,38.959450,-77.017103,Ward 4,2026-01-21
2026-01-21,38.939423,-77.076754,Ward 3,2026-01-21
2026-01-21,38.945447,-76.987909,Ward 5,2026-01-22
2026-01-21,38.890119,-76.993942,Ward 6,2026-01-22
2026-01-21,38.929173,-77.063552,Ward 3,2026-01-22
2026-01-21,38.903373,-76.991006,Ward 5,2026-01-22
2026-01-22,38.898363,-76.919834,Ward 7,2026-01-22
2026-01-22,38.907244,-77.023963,Ward 2,2026-01-23
2026-01-22,38.904172,-77.024020,Ward 2,2026-01-23
2026-01-22,38.913194,-77.046955,Ward 2,2026-01-22
2026-01-22,38.915395,-77.068627,Ward 2,2026-01-22
2026-01-22,38.900744,-77.028072,Ward 2,2026-01-22
2026-01-23,38.976912,-77.027615,Ward 4,2026-01-23
2026-01-23,38.931921,-76.978245,Ward 5,2026-01-23
2026-01-23,38.913865,-77.089673,Ward 3,2026-01-23
2026-01-23,38.959852,-77.068497,Ward 3,2026-01-23
2026-01-23,38.910386,-77.028296,Ward 2,2026-01-27
2026-01-23,38.908625,-77.030607,Ward 2,2026-01-27
2026-01-24,38.860337,-76.958053,Ward 7,2026-01-24
2026-01-24,38.893090,-76.937475,Ward 7,2026-01-26
2026-01-26,38.870576,-76.962790,Ward 7,2026-01-26
2026-01-27,38.952872,-77.084756,Ward 3,2026-01-27
2026-01-27,38.887399,-76.990675,Ward 6,2026-01-28
2026-01-28,38.877163,-76.966187,Ward 7,2026-01-28
2026-01-30,38.931921,-76.978245,Ward 5,2026-01-30
2026-01-30,38.951561,-77.073872,Ward 3,2026-01-30
2026-01-30,38.927813,-77.029430,Ward 1,2026-01-30
2026-01-31,38.973108,-77.053521,Ward 4,2026-01-31
2026-01-31,38.973560,-77.053096,Ward 4,2026-01-31
2026-02-01,38.908158,-77.067622,Ward 2,2026-02-03
2026-02-01,38.904805,-77.019643,Ward 2,2026-02-02
2026-02-02,38.977208,-77.022669,Ward 4,2026-02-03
2026-02-03,38.889088,-76.940442,Ward 7,2026-02-04
2026-02-03,38.926546,-77.026802,Ward 1,2026-02-04
2026-02-04,38.950246,-77.007361,Ward 5,2026-02-04
2026-02-04,38.919835,-76.983807,Ward 5,2026-02-04
2026-02-05,38.907961,-77.006283,Ward 6,2026-02-06
2026-02-05,38.908449,-77.005886,Ward 6,2026-02-06
2026-02-05,38.907555,-77.006179,Ward 6,2026-02-06
2026-02-06,38.870199,-76.953838,Ward 7,2026-02-07
2026-02-06,38.870199,-76.953838,Ward 7,2026-02-07
2026-02-06,38.965452,-77.077412,Ward 3,2026-02-09
2026-02-06,38.922546,-76.964466,Ward 5,2026-02-07
2026-02-07,38.944648,-77.013999,Ward 4,2026-02-07
2026-02-07,38.887791,-76.991278,Ward 6,2026-02-07
2026-02-07,38.824609,-77.006394,Ward 8,2026-02-07
2026-02-07,38.985021,-77.028593,Ward 4,2026-02-11
2026-02-07,38.900192,-76.946946,Ward 7,2026-02-07
2026-02-07,38.939856,-76.977693,Ward 5,2026-02-11
2026-02-07,38.899511,-76.977248,Ward 5,2026-02-18
2026-02-07,38.925010,-76.978743,Ward 5,2026-02-07
2026-02-07,38.942349,-77.043156,Ward 4,2026-02-07
2026-02-07,38.942349,-77.043156,Ward 4,2026-02-07
2026-02-07,38.942349,-77.043156,Ward 4,2026-02-07
2026-02-07,38.908563,-77.070243,Ward 2,2026-02-07
2026-02-07,38.895351,-77.050129,Ward 2,2026-02-07
2026-02-07,38.908563,-77.070243,Ward 2,2026-02-09
2026-02-07,38.949942,-77.034588,Ward 4,2026-02-09
2026-02-07,38.935081,-76.979768,Ward 5,2026-02-07
2026-02-07,38.917977,-76.970600,Ward 5,2026-02-07
2026-02-07,38.932651,-77.046206,Ward 1,2026-02-07
2026-02-07,38.878071,-76.959681,Ward 7,2026-02-07
2026-02-07,38.872875,-76.948680,Ward 7,2026-02-07
2026-02-07,38.870038,-76.979628,Ward 8,2026-02-07
2026-02-07,38.846990,-76.974446,Ward 8,2026-02-09
2026-02-07,38.942349,-77.043156,Ward 4,2026-02-09
2026-02-08,38.878858,-77.019370,Ward 6,2026-02-09
2026-02-08,38.981191,-77.054112,Ward 4,2026-02-09
2026-02-09,38.918674,-77.063509,Ward 3,2026-02-09
2026-02-09,38.939141,-76.978608,Ward 5,2026-02-10
2026-02-10,38.954938,-77.068598,Ward 3,2026-02-10
2026-02-10,38.843758,-76.988187,Ward 8,2026-02-10
2026-02-10,38.909182,-77.057296,Ward 2,2026-02-10
2026-02-10,38.943383,-77.070409,Ward 3,2026-02-10
2026-02-10,38.951715,-76.991979,Ward 5,2026-02-10
2026-02-10,38.915023,-77.040432,Ward 2,2026-02-11
2026-02-10,38.891714,-76.920969,Ward 7,2026-02-11
2026-02-10,38.903109,-76.980062,Ward 5,2026-02-18
2026-02-11,38.900175,-76.919365,Ward 7,2026-02-12
2026-02-11,38.934333,-76.975968,Ward 5,2026-02-11
2026-02-12,38.927363,-76.992203,Ward 5,2026-02-12
2026-02-12,38.885057,-76.946192,Ward 7,2026-02-12
2026-02-12,38.886819,-76.979794,Ward 7,2026-02-12
2026-02-12,38.886309,-76.982423,Ward 7,2026-02-12
2026-02-12,38.902920,-77.031588,Ward 2,2026-02-12
2026-02-12,38.943498,-77.082719,Ward 3,2026-02-12
2026-02-12,38.898280,-76.981357,Ward 7,2026-02-13
2026-02-12,38.864526,-76.974150,Ward 8,2026-02-12
2026-02-12,38.906321,-77.017002,Ward 2,2026-02-13
2026-02-13,38.927884,-76.968881,Ward 5,2026-02-13
2026-02-13,38.948067,-77.028415,Ward 4,2026-02-17
2026-02-13,38.927884,-76.968881,Ward 5,2026-02-17
2026-02-14,38.952078,-77.032486,Ward 4,2026-02-17
2026-02-14,38.831424,-77.006094,Ward 8,2026-02-17
2026-02-15,38.858818,-76.961240,Ward 7,2026-02-17
2026-02-16,38.947840,-77.053165,Ward 3,2026-02-16
2026-02-16,38.944405,-77.050079,Ward 3,2026-02-16
2026-02-16,38.949592,-77.053993,Ward 3,2026-02-16
2026-02-17,38.899272,-76.928268,Ward 7,2026-02-17
2026-02-17,38.919364,-77.092426,Ward 3,2026-02-19
2026-02-17,38.915792,-77.018553,Ward 1,2026-02-17
2026-02-17,38.946688,-77.083783,Ward 3,2026-02-18
2026-02-18,38.826339,-77.007147,Ward 8,2026-02-23
2026-02-18,38.898280,-76.981357,Ward 7,2026-02-20
2026-02-18,38.959554,-77.016858,Ward 4,2026-02-19
2026-02-18,38.883911,-76.979721,Ward 7,2026-02-19
2026-02-18,38.922539,-77.002972,Ward 5,2026-02-18
2026-02-18,38.927350,-77.074409,Ward 3,2026-02-19
2026-02-18,38.909886,-77.018117,Ward 2,2026-02-20
2026-02-18,38.888882,-76.934007,Ward 7,2026-02-19
2026-02-19,38.975531,-77.027237,Ward 4,2026-02-19
2026-02-19,38.950974,-77.034064,Ward 4,2026-02-19
2026-02-19,38.971471,-77.067469,Ward 4,2026-02-19
2026-02-19,38.907143,-77.065915,Ward 2,2026-02-19
2026-02-19,38.925350,-77.103611,Ward 3,2026-02-20
2026-02-19,38.870077,-76.946931,Ward 7,2026-02-23
2026-02-19,38.870077,-76.946931,Ward 7,2026-02-19
2026-02-19,38.883977,-77.006472,Ward 6,2026-02-22
2026-02-19,38.909662,-77.053624,Ward 2,2026-02-20
2026-02-19,38.909662,-77.053624,Ward 2,2026-02-20
2026-02-19,38.905506,-76.932922,Ward 7,2026-02-20
2026-02-20,38.919919,-77.048311,Ward 1,2026-02-20
2026-02-20,38.920247,-77.048523,Ward 1,2026-02-20
2026-02-20,38.914093,-77.036509,Ward 2,2026-02-23
2026-02-20,38.893684,-76.926038,Ward 7,2026-02-23
2026-02-20,38.867954,-76.960131,Ward 7,2026-02-21
2026-02-21,38.938305,-76.981209,Ward 5,2026-02-21
2026-02-21,38.879278,-76.991533,Ward 6,2026-02-21
2026-02-21,38.880273,-76.991534,Ward 6,2026-02-21
2026-02-21,38.938306,-76.980021,Ward 5,2026-02-21
2026-02-21,38.938119,-76.980426,Ward 5,2026-02-21
2026-02-21,38.939252,-76.994657,Ward 5,2026-02-21
2026-02-21,38.879278,-76.991533,Ward 6,2026-02-23
2026-02-21,38.862877,-76.955130,Ward 7,2026-02-23
2026-02-21,38.902982,-76.980273,Ward 5,2026-02-23
2026-02-21,38.938305,-76.981209,Ward 5,2026-02-23
2026-02-21,38.987959,-77.039329,Ward 4,2026-02-23
2026-02-21,38.886819,-76.979794,Ward 7,2026-02-23
2026-02-21,38.898933,-76.938425,Ward 7,2026-02-23
2026-02-21,38.899208,-76.937665,Ward 7,2026-02-23
2026-02-21,38.898906,-76.937618,Ward 7,2026-02-23
2026-02-22,38.849111,-76.984009,Ward 8,2026-02-23
2026-02-22,38.915146,-77.036859,Ward 2,2026-02-23
2026-02-22,38.846453,-76.983965,Ward 8,2026-03-03
2026-02-22,38.846851,-76.983788,Ward 8,2026-03-03
2026-02-22,38.950447,-77.054678,Ward 3,2026-02-23
2026-02-22,38.970330,-77.069506,Ward 4,2026-02-23
2026-02-22,38.935524,-77.106541,Ward 3,2026-02-23
2026-02-23,38.916191,-77.074034,Ward 2,2026-02-23
2026-02-23,38.924798,-77.107124,Ward 3,2026-02-23
2026-02-23,38.933977,-77.048433,Ward 1,2026-02-23
2026-02-23,38.957874,-77.078596,Ward 3,2026-02-23
2026-02-23,38.957239,-77.082903,Ward 3,2026-02-23
2026-02-23,38.902972,-76.980763,Ward 5,2026-02-23
2026-02-23,38.863089,-76.955287,Ward 7,2026-03-03
2026-02-23,38.952444,-77.096398,Ward 3,2026-02-23
2026-02-23,38.943162,-77.091616,Ward 3,2026-02-23
2026-02-23,38.937535,-77.070382,Ward 3,2026-02-23
2026-02-23,38.834589,-76.987734,Ward 8,2026-02-23
2026-02-23,38.953361,-77.095224,Ward 3,2026-02-23
2026-02-23,38.929450,-77.105275,Ward 3,2026-02-23
2026-02-23,38.849753,-76.974424,Ward 8,2026-02-23
2026-02-23,38.834589,-76.987734,Ward 8,2026-02-23
2026-02-23,38.876396,-76.964423,Ward 7,2026-02-23
2026-02-23,38.956057,-77.067135,Ward 3,2026-02-23
2026-02-23,38.834469,-76.988969,Ward 8,2026-02-23
2026-02-23,38.953338,-77.056577,Ward 3,2026-02-23
2026-02-23,38.825770,-77.012321,Ward 8,2026-02-23
2026-02-23,38.933485,-77.075295,Ward 3,2026-02-23
2026-02-23,38.875687,-76.957277,Ward 7,2026-02-23
2026-02-23,38.863611,-76.955613,Ward 7,2026-03-03
2026-02-23,38.834589,-76.987734,Ward 8,2026-02-23
2026-02-23,38.834979,-76.987385,Ward 8,2026-02-23
2026-02-23,38.944405,-77.050079,Ward 3,2026-02-23
2026-02-23,38.979872,-77.025614,Ward 4,2026-02-23
2026-02-23,38.834589,-76.987734,Ward 8,2026-02-23
2026-02-23,38.953741,-77.056296,Ward 3,2026-02-23
2026-02-23,38.870200,-76.950637,Ward 7,2026-02-23
2026-02-23,38.945720,-77.088213,Ward 3,2026-02-23
2026-02-23,38.876476,-76.957512,Ward 7,2026-02-23
2026-02-23,38.948668,-76.982491,Ward 5,2026-02-23
2026-02-23,38.864121,-76.953367,Ward 7,2026-02-23
2026-02-23,38.825725,-77.012321,Ward 8,2026-02-23
2026-02-23,38.941539,-77.100477,Ward 3,2026-02-23
2026-02-23,38.863611,-76.955613,Ward 7,2026-02-24
2026-02-23,38.873798,-76.959498,Ward 7,2026-02-23
2026-02-23,38.863611,-76.955613,Ward 7,2026-02-24
2026-02-23,38.942868,-77.002971,Ward 5,2026-02-23
2026-02-23,38.825770,-77.012321,Ward 8,2026-02-23
2026-02-23,38.941778,-77.091738,Ward 3,2026-02-23
2026-02-23,38.936159,-77.108829,Ward 3,2026-02-23
2026-02-23,38.948984,-77.090901,Ward 3,2026-02-25
2026-02-23,38.958529,-77.075748,Ward 3,2026-02-24
2026-02-23,38.863611,-76.955613,Ward 7,2026-02-23
2026-02-23,38.923775,-77.076958,Ward 3,2026-02-23
2026-02-23,38.978994,-77.062031,Ward 4,2026-02-24
2026-02-23,38.935539,-77.104017,Ward 3,2026-02-23
2026-02-23,38.969958,-77.054343,Ward 4,2026-02-23
2026-02-23,38.973229,-77.066104,Ward 4,2026-02-24
2026-02-23,38.940629,-77.043271,Ward 4,2026-02-24
2026-02-23,38.949381,-77.097031,Ward 3,2026-02-24
2026-02-23,38.941778,-77.091738,Ward 3,2026-02-24
2026-02-23,38.872523,-76.958156,Ward 7,2026-02-24
2026-02-23,38.927529,-77.073190,Ward 3,2026-02-24
2026-02-23,38.889400,-76.979192,Ward 7,2026-02-24
2026-02-23,38.963273,-77.077464,Ward 3,2026-02-24
2026-02-23,38.891334,-76.932912,Ward 7,2026-02-24
2026-02-23,38.863271,-76.966077,Ward 7,2026-02-24
2026-02-24,38.954969,-77.076861,Ward 3,2026-02-24
2026-02-24,38.893580,-76.981470,Ward 7,2026-02-24
2026-02-24,38.889400,-76.979192,Ward 7,2026-02-24
2026-02-24,38.853961,-76.984712,Ward 8,2026-02-24
2026-02-24,38.831705,-77.002101,Ward 8,2026-02-25
2026-02-24,38.907934,-77.034564,Ward 2,2026-02-24
2026-02-24,38.907779,-77.034991,Ward 2,2026-02-24
2026-02-24,38.944977,-77.079526,Ward 3,2026-02-25
2026-02-24,38.927700,-77.097620,Ward 3,2026-02-25
2026-02-24,38.892140,-76.932680,Ward 7,2026-02-25
2026-02-24,38.907692,-77.026751,Ward 2,2026-02-25
2026-02-24,38.892044,-76.932619,Ward 7,2026-02-25
2026-02-24,38.947354,-77.079009,Ward 3,2026-02-25
2026-02-24,38.940051,-77.039802,Ward 4,2026-02-25
2026-02-25,38.976912,-77.027615,Ward 4,2026-02-25
2026-02-25,38.825110,-77.005438,Ward 8,2026-02-25
2026-02-25,38.885596,-76.998454,Ward 6,2026-02-25
2026-02-25,38.831298,-77.010682,Ward 8,2026-02-26
2026-02-25,38.942950,-77.072198,Ward 3,2026-02-25
2026-02-25,38.877350,-76.940019,Ward 7,2026-02-26
2026-02-25,38.859425,-76.984881,Ward 8,2026-02-26
2026-02-26,38.853961,-76.984712,Ward 8,2026-03-03
2026-02-26,38.968028,-77.057637,Ward 4,2026-02-26
2026-02-26,38.853393,-76.983351,Ward 8,2026-03-03
2026-02-26,38.951561,-77.073872,Ward 3,2026-02-26
2026-02-26,38.904046,-77.037765,Ward 2,2026-03-02
2026-02-26,38.955629,-76.995973,Ward 5,2026-02-27
2026-02-26,38.942249,-77.044800,Ward 4,2026-02-26
2026-02-26,38.959549,-77.021883,Ward 4,2026-02-27
2026-02-26,38.908843,-77.043775,Ward 2,2026-02-27
2026-02-27,38.965953,-77.034239,Ward 4,2026-02-27
2026-02-27,38.946898,-77.071728,Ward 3,2026-02-27
2026-02-27,38.954831,-76.999111,Ward 5,2026-02-27
2026-02-27,38.948558,-77.072800,Ward 3,2026-02-27
2026-02-27,38.913866,-77.033700,Ward 2,2026-02-27
2026-02-27,38.914093,-77.032603,Ward 2,2026-02-27
2026-02-27,38.847588,-77.004411,Ward 8,2026-02-27
2026-02-27,38.926404,-77.076179,Ward 3,2026-02-27
2026-02-27,38.892621,-76.990465,Ward 6,2026-02-27
2026-02-27,38.935202,-76.963447,Ward 5,2026-02-27
2026-02-27,38.901916,-76.999761,Ward 6,2026-03-03
2026-02-27,38.907007,-77.058329,Ward 2,2026-03-02
2026-02-28,38.895939,-76.995562,Ward 6,2026-03-02
2026-03-02,38.912432,-77.071973,Ward 2,2026-03-02
2026-03-02,38.889926,-77.028059,Ward 2,2026-03-02
2026-03-02,38.908203,-77.042224,Ward 2,2026-03-02
2026-03-02,38.904984,-77.040226,Ward 2,2026-03-02
2026-03-02,38.941101,-77.021767,Ward 4,2026-03-02
2026-03-02,38.941101,-77.021767,Ward 4,2026-03-02
2026-03-02,38.904984,-77.040226,Ward 2,2026-03-02
2026-03-02,38.967837,-77.073503,Ward 3,2026-03-02
2026-03-02,38.813694,-77.017825,Ward 8,2026-03-03
2026-03-02,38.907462,-77.030493,Ward 2,2026-03-03
2026-03-02,38.914683,-77.033981,Ward 2,2026-03-03
2026-03-03,38.976912,-77.027615,Ward 4,2026-03-03
2026-03-03,38.976566,-77.028132,Ward 4,2026-03-03
2026-03-03,38.977128,-77.026233,Ward 4,2026-03-03
2026-03-03,38.916077,-77.051152,Ward 2,2026-03-03
2026-03-03,38.898430,-77.055441,Ward 2,2026-03-03
2026-03-04,38.966635,-77.071277,Ward 3,2026-03-04
2026-03-04,38.917942,-77.094644,Ward 3,2026-03-04
2026-03-04,38.946845,-76.981703,Ward 5,2026-03-04
2026-03-04,38.960472,-77.071654,Ward 3,2026-03-04
2026-03-04,38.870023,-76.966954,Ward 7,2026-03-05
2026-03-04,38.946530,-77.081646,Ward 3,2026-03-05
2026-03-04,38.872274,-76.961652,Ward 7,2026-03-05
2026-03-04,38.911324,-77.035065,Ward 2,2026-03-05
2026-03-04,38.903737,-77.031950,Ward 2,2026-03-05
2026-03-04,38.902316,-76.930473,Ward 7,2026-03-05
2026-03-04,38.915434,-77.036149,Ward 2,2026-03-05
2026-03-04,38.959450,-77.017103,Ward 4,2026-03-05
2026-03-04,38.929950,-77.063524,Ward 3,2026-03-05
2026-03-05,38.977128,-77.026233,Ward 4,2026-03-05
2026-03-05,38.857112,-76.960476,Ward 7,2026-03-05
2026-03-05,38.960496,-77.076176,Ward 3,2026-03-06
2026-03-05,38.967286,-77.016173,Ward 4,2026-03-06
2026-03-05,38.947983,-76.980639,Ward 5,2026-03-06
2026-03-05,38.895197,-76.912373,Ward 7,2026-03-06
2026-03-05,38.947983,-76.980639,Ward 5,2026-03-06
2026-03-06,38.878239,-76.943846,Ward 7,2026-03-06
2026-03-06,38.915778,-77.053221,Ward 2,2026-03-06
2026-03-06,38.927832,-77.093376,Ward 3,2026-03-09
2026-03-06,38.901724,-77.014818,Ward 6,2026-03-06
2026-03-06,38.926012,-76.966791,Ward 5,2026-03-09
2026-03-07,38.905133,-77.053526,Ward 2,2026-03-09
2026-03-07,38.904581,-77.053475,Ward 2,2026-03-09
2026-03-07,38.862145,-76.953252,Ward 7,2026-03-09
2026-03-07,38.934846,-76.980320,Ward 5,2026-03-09
2026-03-08,38.904398,-76.986253,Ward 5,2026-03-09
2026-03-09,38.925023,-77.038627,Ward 1,2026-03-09
2026-03-09,38.961256,-76.997117,Ward 4,2026-03-09
2026-03-09,38.971727,-77.035399,Ward 4,2026-03-09
2026-03-09,38.958551,-77.034164,Ward 4,2026-03-09
2026-03-09,38.903944,-76.999305,Ward 6,2026-03-09
2026-03-09,38.895690,-76.976409,Ward 7,2026-03-09
2026-03-09,38.913888,-77.010814,Ward 5,2026-03-09
2026-03-09,38.937908,-77.023515,Ward 4,2026-03-10
2026-03-09,38.901912,-76.939444,Ward 7,2026-03-09
2026-03-09,38.876670,-76.933092,Ward 7,2026-03-10
2026-03-09,38.867949,-76.945283,Ward 7,2026-03-10
2026-03-09,38.929692,-76.992060,Ward 5,2026-03-10
2026-03-10,38.951936,-77.088970,Ward 3,2026-03-10
2026-03-10,38.907450,-77.046460,Ward 2,2026-03-11
2026-03-10,38.942448,-77.072878,Ward 3,2026-03-10
2026-03-10,38.829529,-77.008359,Ward 8,2026-03-10
2026-03-10,38.911732,-77.037617,Ward 2,2026-03-11
2026-03-10,38.927832,-76.964539,Ward 5,2026-03-11
2026-03-11,38.829121,-77.012142,Ward 8,2026-03-11
2026-03-11,38.976912,-77.027615,Ward 4,2026-03-11
2026-03-11,38.922958,-77.012146,Ward 1,2026-03-12
2026-03-11,38.957240,-76.999320,Ward 4,2026-03-16
2026-03-11,38.898121,-76.920995,Ward 7,2026-03-11
2026-03-11,38.894215,-76.935816,Ward 7,2026-03-11
2026-03-11,38.949182,-77.029022,Ward 4,2026-03-12
2026-03-11,38.942441,-77.088078,Ward 3,2026-03-11
2026-03-11,38.965969,-77.023070,Ward 4,2026-03-12
2026-03-11,38.960515,-76.999997,Ward 4,2026-03-12
2026-03-11,38.923476,-77.099814,Ward 3,2026-03-12
2026-03-11,38.921452,-77.008698,Ward 5,2026-03-12
2026-03-11,38.872523,-76.958156,Ward 7,2026-03-12
2026-03-11,38.879127,-76.942611,Ward 7,2026-03-12
2026-03-12,38.914180,-77.015214,Ward 5,2026-03-12
2026-03-12,38.882707,-77.003739,Ward 6,2026-03-12
2026-03-12,38.902790,-77.038882,Ward 2,2026-03-12
2026-03-12,38.905361,-77.060334,Ward 2,2026-03-13
2026-03-12,38.905269,-77.014299,Ward 6,2026-03-12
2026-03-12,38.955629,-76.995973,Ward 5,2026-03-12
2026-03-12,38.872680,-76.959397,Ward 7,2026-03-12
2026-03-12,38.916285,-77.029624,Ward 1,2026-03-12
2026-03-12,38.902597,-76.987654,Ward 5,2026-03-13
2026-03-12,38.935073,-77.028272,Ward 1,2026-03-12
2026-03-12,38.882273,-76.999798,Ward 6,2026-03-13
2026-03-12,38.941100,-77.110636,Ward 3,2026-03-13
2026-03-12,38.918985,-77.097593,Ward 3,2026-03-13
2026-03-12,38.931047,-76.961855,Ward 5,2026-03-13
2026-03-12,38.943400,-77.085999,Ward 3,2026-03-13
2026-03-12,38.920381,-77.079504,Ward 3,2026-03-13
2026-03-12,38.975531,-77.027237,Ward 4,2026-03-13
2026-03-12,38.976152,-77.033814,Ward 4,2026-03-13
2026-03-13,38.861016,-76.959174,Ward 7,2026-03-13
2026-03-13,38.939538,-77.034133,Ward 4,2026-03-13
2026-03-13,38.937702,-76.994984,Ward 5,2026-03-13
2026-03-13,38.961603,-77.052683,Ward 3,2026-03-16
2026-03-13,38.941019,-77.033070,Ward 4,2026-03-13
2026-03-13,38.847372,-77.002227,Ward 8,2026-03-15
2026-03-13,38.893250,-76.922423,Ward 7,2026-03-14
2026-03-13,38.893290,-76.922389,Ward 7,2026-03-14
2026-03-13,38.912007,-77.036047,Ward 2,2026-03-14
2026-03-13,38.920884,-77.076418,Ward 3,2026-03-16
2026-03-13,38.908866,-77.035017,Ward 2,2026-03-14
2026-03-13,38.905954,-77.079171,Ward 3,2026-03-16
2026-03-13,38.837789,-77.003042,Ward 8,2026-03-16
2026-03-13,38.945762,-77.092850,Ward 3,2026-03-16
2026-03-13,38.931573,-77.067508,Ward 3,2026-03-13
2026-03-13,38.976056,-77.060591,Ward 4,2026-03-16
2026-03-14,38.872703,-76.957577,Ward 7,2026-03-16
2026-03-14,38.886141,-76.980462,Ward 7,2026-03-16
2026-03-14,38.906533,-77.080834,Ward 3,2026-03-16
2026-03-14,38.944790,-77.015278,Ward 4,2026-03-16
2026-03-14,38.881454,-76.985706,Ward 6,2026-03-16
2026-03-14,38.922545,-77.070884,Ward 3,2026-03-16
2026-03-14,38.949897,-77.088041,Ward 3,2026-03-16
2026-03-15,38.918993,-77.100523,Ward 3,2026-03-16
2026-03-15,38.959978,-77.064101,Ward 4,2026-03-16
2026-03-15,38.941988,-77.004798,Ward 5,2026-03-16
2026-03-16,38.916600,-77.069410,Ward 2,2026-03-16
2026-03-16,38.881608,-76.983145,Ward 7,2026-03-16
2026-03-16,38.881704,-76.982848,Ward 7,2026-03-16
2026-03-16,38.898788,-77.020238,Ward 2,2026-03-16
2026-03-16,38.945762,-77.092850,Ward 3,2026-03-16
2026-03-16,38.904513,-77.061176,Ward 2,2026-03-16
2026-03-16,38.969622,-77.007897,Ward 4,2026-03-16
2026-03-16,38.941040,-77.042734,Ward 4,2026-03-16
2026-03-16,38.969622,-77.007897,Ward 4,2026-03-16
2026-03-16,38.890392,-76.992932,Ward 6,2026-03-16
2026-03-16,38.948616,-77.100025,Ward 3,2026-03-16
2026-03-16,38.941125,-77.033056,Ward 4,2026-03-16
2026-03-16,38.948575,-77.091404,Ward 3,2026-03-16
2026-03-16,38.923476,-77.099814,Ward 3,2026-03-16
2026-03-16,38.930567,-76.966545,Ward 5,2026-03-16
2026-03-16,38.923476,-77.099814,Ward 3,2026-03-16
2026-03-16,38.911590,-77.017413,Ward 2,2026-03-16
2026-03-16,38.957537,-77.070506,Ward 3,2026-03-16
2026-03-16,38.946845,-76.981703,Ward 5,2026-03-16
2026-03-16,38.898809,-77.019582,Ward 2,2026-03-16
2026-03-16,38.937683,-76.971925,Ward 5,2026-03-16
2026-03-16,38.925039,-76.999139,Ward 5,2026-03-17
2026-03-16,38.953091,-77.060711,Ward 3,2026-03-16
2026-03-16,38.943958,-77.095498,Ward 3,2026-03-16
2026-03-16,38.946500,-77.073732,Ward 3,2026-03-16
2026-03-17,38.946495,-77.076777,Ward 3,2026-03-17
2026-03-17,38.939285,-77.019295,Ward 4,2026-03-17
2026-03-17,38.946174,-76.983151,Ward 5,2026-03-17
2026-03-17,38.946845,-76.981703,Ward 5,2026-03-17
2026-03-17,38.854079,-76.989317,Ward 8,2026-03-17
2026-03-17,38.919901,-77.034537,Ward 1,2026-03-17
2026-03-17,38.967505,-77.005833,Ward 4,2026-03-18
2026-03-17,38.901926,-77.030827,Ward 2,2026-03-17
2026-03-17,38.888555,-76.991769,Ward 6,2026-03-17
2026-03-17,38.875477,-76.958512,Ward 7,2026-03-17
2026-03-17,38.880827,-76.992879,Ward 6,2026-03-17
2026-03-17,38.928871,-77.056848,Ward 3,2026-03-17
2026-03-17,38.913869,-77.070320,Ward 2,2026-03-17
2026-03-17,38.906284,-76.999004,Ward 6,2026-03-18
2026-03-17,38.905803,-76.978164,Ward 5,2026-03-17
2026-03-17,38.924798,-77.107124,Ward 3,2026-03-17
2026-03-17,38.938053,-76.975428,Ward 5,2026-03-17
2026-03-17,38.969954,-77.063300,Ward 4,2026-03-17
2026-03-17,38.922329,-77.046396,Ward 1,2026-03-17
2026-03-17,38.962509,-77.017186,Ward 4,2026-03-17
2026-03-17,38.887134,-76.932402,Ward 7,2026-03-19
2026-03-17,38.866921,-76.984360,Ward 8,2026-03-17
2026-03-17,38.867578,-76.943513,Ward 7,2026-03-17
2026-03-17,38.962509,-77.017186,Ward 4,2026-03-17
2026-03-17,38.924798,-77.107124,Ward 3,2026-03-17
2026-03-17,38.943331,-77.080045,Ward 3,2026-03-17
2026-03-17,38.860406,-76.988027,Ward 8,2026-03-17
2026-03-17,38.882299,-76.993994,Ward 6,2026-03-18
2026-03-17,38.946831,-76.980871,Ward 5,2026-03-18
2026-03-17,38.853722,-76.983194,Ward 8,2026-03-17
2026-03-17,38.915598,-77.070410,Ward 2,2026-03-18
2026-03-17,38.923868,-77.076039,Ward 3,2026-03-18
2026-03-17,38.917662,-77.026184,Ward 1,2026-03-18
2026-03-17,38.930567,-76.966545,Ward 5,2026-03-18
2026-03-17,38.990833,-77.043505,Ward 4,2026-03-26
2026-03-17,38.904786,-76.943142,Ward 7,2026-03-18
2026-03-18,38.969910,-77.036825,Ward 4,2026-03-18
2026-03-18,38.920050,-77.079504,Ward 3,2026-03-18
2026-03-18,38.887181,-76.991313,Ward 6,2026-03-18
2026-03-18,38.920050,-77.079504,Ward 3,2026-03-18
2026-03-18,38.870528,-76.971364,Ward 8,2026-03-18
2026-03-18,38.951224,-77.097578,Ward 3,2026-03-18
2026-03-18,38.974743,-77.062992,Ward 4,2026-03-18
2026-03-18,38.962916,-77.081760,Ward 3,2026-03-18
2026-03-18,38.891109,-76.947827,Ward 7,2026-03-19
2026-03-18,38.839232,-76.992031,Ward 8,2026-03-19
2026-03-18,38.918285,-77.030776,Ward 1,2026-03-19
2026-03-18,38.918250,-77.038921,Ward 1,2026-03-19
2026-03-18,38.906673,-77.010255,Ward 6,2026-03-19
2026-03-18,38.945713,-77.071915,Ward 3,2026-03-19
2026-03-18,38.898544,-76.924857,Ward 7,2026-03-19
2026-03-18,38.976907,-77.026256,Ward 4,2026-03-19
2026-03-18,38.898457,-77.019107,Ward 2,2026-03-19
2026-03-18,38.930893,-77.028228,Ward 1,2026-03-19
2026-03-19,38.945713,-77.071915,Ward 3,2026-03-19
2026-03-19,38.846106,-76.971005,Ward 8,2026-03-20
2026-03-19,38.951224,-77.097578,Ward 3,2026-03-19
2026-03-19,38.951925,-77.071171,Ward 3,2026-03-19
2026-03-19,38.901079,-77.003256,Ward 6,2026-03-20
2026-03-19,38.890392,-76.992932,Ward 6,2026-03-19
2026-03-19,38.947983,-76.980639,Ward 5,2026-03-19
2026-03-19,38.860688,-76.955301,Ward 7,2026-03-19
2026-03-19,38.950923,-77.064889,Ward 3,2026-03-20
2026-03-19,38.880035,-76.961828,Ward 7,2026-03-20
2026-03-19,38.922545,-77.070884,Ward 3,2026-03-20
2026-03-19,38.934366,-76.975122,Ward 5,2026-03-20
2026-03-19,38.862852,-77.000281,Ward 8,2026-03-23
2026-03-20,38.930893,-77.028228,Ward 1,2026-03-20
2026-03-20,38.942441,-77.088078,Ward 3,2026-03-20
2026-03-20,38.927571,-77.056120,Ward 3,2026-03-20
2026-03-20,38.904221,-76.979176,Ward 5,2026-03-20
2026-03-20,38.924202,-76.960627,Ward 5,2026-03-23
2026-03-20,38.898544,-76.924857,Ward 7,2026-03-23
2026-03-20,38.907007,-77.058329,Ward 2,2026-03-23
2026-03-20,38.942844,-77.094550,Ward 3,2026-03-23
2026-03-20,38.892774,-76.985245,Ward 6,2026-03-24
2026-03-20,38.910721,-77.056906,Ward 2,2026-03-23
2026-03-20,38.949874,-77.095804,Ward 3,2026-03-24
2026-03-20,38.966895,-77.071521,Ward 3,2026-03-23
2026-03-20,38.958279,-77.081766,Ward 3,2026-03-23
2026-03-20,38.854909,-76.958110,Ward 7,2026-03-23
2026-03-20,38.976912,-77.027615,Ward 4,2026-03-22
2026-03-20,38.978262,-77.033117,Ward 4,2026-03-22
2026-03-21,38.904387,-77.060968,Ward 2,2026-03-23
2026-03-21,38.900747,-77.054701,Ward 2,2026-03-23
2026-03-21,38.901071,-77.054541,Ward 2,2026-03-23
2026-03-21,38.948411,-77.007708,Ward 5,2026-03-23
2026-03-21,38.961316,-77.016634,Ward 4,2026-03-24
2026-03-21,38.888537,-76.986051,Ward 6,2026-03-23
2026-03-21,38.904398,-76.986253,Ward 5,2026-03-24
2026-03-21,38.951553,-77.017312,Ward 4,2026-03-22
2026-03-21,38.934370,-77.088910,Ward 3,2026-03-23
2026-03-22,38.888500,-76.983268,Ward 7,2026-03-24
2026-03-22,38.932916,-77.082852,Ward 3,2026-03-23
2026-03-22,38.887536,-76.916786,Ward 7,2026-03-23
2026-03-22,38.931582,-76.986475,Ward 5,2026-03-23
2026-03-23,38.959525,-77.068370,Ward 3,2026-03-23
2026-03-23,38.921677,-77.047261,Ward 1,2026-03-23
2026-03-23,38.940553,-77.035076,Ward 4,2026-03-23
2026-03-23,38.861516,-76.961719,Ward 7,2026-03-23
2026-03-23,38.890837,-76.989724,Ward 6,2026-03-24
2026-03-23,38.929313,-77.097054,Ward 3,2026-03-23
2026-03-23,38.927756,-77.086849,Ward 3,2026-03-23
2026-03-23,38.932624,-77.086831,Ward 3,2026-03-23
2026-03-23,38.896304,-76.997273,Ward 6,2026-03-24
2026-03-23,38.929452,-76.979071,Ward 5,2026-03-23
2026-03-23,38.911989,-77.043174,Ward 2,2026-03-24
2026-03-23,38.919673,-77.079501,Ward 3,2026-03-24
2026-03-23,38.896989,-76.971764,Ward 7,2026-03-24
2026-03-23,38.909831,-77.016713,Ward 2,2026-03-24
2026-03-24,38.888393,-76.998682,Ward 6,2026-03-24
2026-03-24,38.847087,-76.998430,Ward 8,2026-03-24
2026-03-24,38.949031,-77.070313,Ward 3,2026-03-25
2026-03-24,38.911304,-77.018021,Ward 2,2026-03-24
2026-03-24,38.905717,-76.926502,Ward 7,2026-03-24
2026-03-24,38.831644,-77.008432,Ward 8,2026-03-25
2026-03-24,38.957154,-77.062647,Ward 3,2026-03-24
2026-03-24,38.913638,-77.074310,Ward 2,2026-03-24
2026-03-24,38.958926,-77.012480,Ward 4,2026-03-25
2026-03-24,38.880016,-76.992919,Ward 6,2026-03-25
2026-03-24,38.869880,-76.958826,Ward 7,2026-03-25
2026-03-24,38.881430,-77.000809,Ward 6,2026-03-25
2026-03-25,38.923101,-76.979985,Ward 5,2026-03-25
2026-03-25,38.955622,-77.009374,Ward 4,2026-03-25
2026-03-25,38.928113,-77.039148,Ward 1,2026-03-25
2026-03-25,38.919345,-77.033618,Ward 1,2026-03-25
2026-03-25,38.931719,-77.098717,Ward 3,2026-03-25
2026-03-25,38.927922,-76.988058,Ward 5,2026-03-25
2026-03-25,38.929061,-77.040349,Ward 1,2026-03-26
2026-03-25,38.881430,-77.000809,Ward 6,2026-03-26
2026-03-26,38.975531,-77.027237,Ward 4,2026-03-26
2026-03-26,38.903405,-76.995231,Ward 6,2026-03-26
2026-03-26,38.956548,-77.036032,Ward 4,2026-03-26
2026-03-26,38.882167,-77.005411,Ward 6,2026-03-26
2026-03-26,38.935993,-76.972988,Ward 5,2026-03-26
2026-03-26,38.888326,-76.996379,Ward 6,2026-03-26
2026-03-26,38.913661,-77.017300,Ward 5,2026-03-27
2026-03-26,38.864350,-76.955605,Ward 7,2026-03-26
2026-03-26,38.918888,-77.033753,Ward 1,2026-03-27
2026-03-26,38.888511,-76.985751,Ward 6,2026-03-26
2026-03-26,38.888446,-76.986257,Ward 6,2026-03-26
2026-03-26,38.842318,-77.002303,Ward 8,2026-03-27
2026-03-26,38.841879,-77.000572,Ward 8,2026-03-27
2026-03-26,38.953689,-77.017469,Ward 4,2026-03-26
2026-03-26,38.953200,-77.017597,Ward 4,2026-03-26
2026-03-26,38.940070,-77.093064,Ward 3,2026-03-27
2026-03-26,38.917186,-77.013851,Ward 5,2026-03-27
2026-03-26,38.904868,-76.998213,Ward 6,2026-03-27
2026-03-26,38.950157,-77.077776,Ward 3,2026-03-27
2026-03-26,38.900988,-76.932996,Ward 7,2026-03-27
2026-03-26,38.892415,-76.932680,Ward 7,2026-03-27
2026-03-26,38.978433,-77.022273,Ward 4,2026-03-27
2026-03-27,38.976907,-77.026256,Ward 4,2026-03-27
2026-03-27,38.978164,-77.030551,Ward 4,2026-03-27
2026-03-27,38.917662,-77.026184,Ward 1,2026-03-27
2026-03-27,38.876730,-77.002475,Ward 8,2026-03-27
2026-03-27,38.918110,-77.025990,Ward 1,2026-03-27
2026-03-27,38.945936,-77.028200,Ward 4,2026-03-30
2026-03-27,38.876730,-77.002475,Ward 8,2026-03-27
2026-03-27,38.910120,-77.029263,Ward 2,2026-03-27
2026-03-27,38.939322,-77.037240,Ward 4,2026-03-27
2026-03-27,38.924311,-76.988217,Ward 5,2026-03-30
2026-03-27,38.876730,-77.002475,Ward 8,2026-03-30
2026-03-27,38.872448,-77.014908,Ward 6,2026-03-27
2026-03-27,38.895739,-76.974017,Ward 7,2026-03-30
2026-03-27,38.926823,-76.979185,Ward 5,2026-03-30
2026-03-27,38.945482,-77.064282,Ward 3,2026-03-30
2026-03-27,38.909356,-76.985294,Ward 5,2026-03-28
2026-03-28,38.957466,-76.996622,Ward 4,2026-03-30
2026-03-28,38.857481,-76.996017,Ward 8,2026-03-30
2026-03-28,38.851926,-76.961965,Ward 8,2026-03-30
2026-03-28,38.868844,-76.987050,Ward 8,2026-03-29
2026-03-28,38.950504,-77.073064,Ward 3,2026-03-30
2026-03-28,38.950504,-77.073064,Ward 3,2026-03-30
2026-03-28,38.953624,-76.989614,Ward 5,2026-03-30
2026-03-29,38.927864,-77.082617,Ward 3,2026-03-30
2026-03-29,38.886961,-76.991313,Ward 6,2026-03-30
2026-03-29,38.924257,-77.045254,Ward 1,2026-03-31
2026-03-29,38.948073,-77.078101,Ward 3,2026-03-30
2026-03-29,38.893582,-77.003517,Ward 6,2026-03-30
2026-03-29,38.869640,-76.977007,Ward 8,2026-03-30
2026-03-30,38.964904,-77.063109,Ward 4,2026-03-30
2026-03-30,38.964904,-77.078165,Ward 3,2026-03-30
2026-03-30,38.964903,-77.077143,Ward 3,2026-03-30
2026-03-30,38.964732,-77.070491,Ward 3,2026-03-30
2026-03-30,38.906804,-77.026203,Ward 2,2026-03-30
2026-03-30,38.948999,-77.097964,Ward 3,2026-03-30
2026-03-30,38.869348,-76.952543,Ward 7,2026-03-30
2026-03-30,38.940583,-77.062446,Ward 3,2026-03-31
2026-03-30,38.923764,-77.045115,Ward 1,2026-03-31
2026-03-30,38.927375,-77.102945,Ward 3,2026-03-31
2026-03-30,38.844194,-76.999636,Ward 8,2026-03-31
2026-03-30,38.907010,-76.988233,Ward 5,2026-04-08
2026-03-31,38.976912,-77.027615,Ward 4,2026-03-31
2026-03-31,38.910648,-77.043085,Ward 2,2026-03-31
2026-03-31,38.941989,-77.096080,Ward 3,2026-04-01
2026-03-31,38.914277,-77.022756,Ward 1,2026-03-31
2026-03-31,38.951215,-76.995362,Ward 5,2026-03-31
2026-03-31,38.889401,-76.922997,Ward 7,2026-03-31
2026-03-31,38.977457,-77.058036,Ward 4,2026-03-31
2026-03-31,38.830240,-77.010379,Ward 8,2026-04-01
2026-03-31,38.953200,-77.017597,Ward 4,2026-03-31
2026-03-31,38.973606,-77.017054,Ward 4,2026-03-31
2026-03-31,38.895409,-77.027844,Ward 2,2026-03-31
2026-03-31,38.977457,-77.058036,Ward 4,2026-04-01
2026-03-31,38.868040,-76.976666,Ward 8,2026-03-31
2026-03-31,38.945894,-77.028971,Ward 4,2026-03-31
2026-03-31,38.972263,-77.029692,Ward 4,2026-04-01
2026-03-31,38.886863,-76.920850,Ward 7,2026-04-01
2026-03-31,38.897185,-76.932325,Ward 7,2026-04-01
2026-03-31,38.879914,-76.942324,Ward 7,2026-04-01
2026-04-01,38.908963,-77.016480,Ward 2,2026-04-01
2026-04-01,38.951703,-77.066013,Ward 3,2026-04-01
2026-04-01,38.960108,-77.074814,Ward 3,2026-04-02
2026-04-01,38.922353,-77.019697,Ward 1,2026-04-01
2026-04-01,38.925815,-77.078872,Ward 3,2026-04-02
2026-04-01,38.965986,-77.063168,Ward 4,2026-04-02
2026-04-01,38.888448,-76.977642,Ward 7,2026-04-02
2026-04-01,38.905395,-76.982772,Ward 5,2026-04-02
2026-04-01,38.904617,-77.030409,Ward 2,2026-04-02
2026-04-01,38.879717,-76.992867,Ward 6,2026-04-02
2026-04-01,38.955875,-77.063148,Ward 3,2026-04-02
2026-04-01,38.955291,-77.033116,Ward 4,2026-04-03
2026-04-01,38.888158,-76.920557,Ward 7,2026-04-02
2026-04-02,38.891818,-76.989375,Ward 6,2026-04-02
2026-04-02,38.915407,-77.031426,Ward 1,2026-04-02
2026-04-02,38.955097,-77.071585,Ward 3,2026-04-02
2026-04-02,38.902567,-77.059106,Ward 2,2026-04-02
2026-04-02,38.934663,-77.028318,Ward 1,2026-04-02
2026-04-02,38.857107,-76.979443,Ward 8,2026-04-02
2026-04-02,38.904473,-76.930242,Ward 7,2026-04-02
2026-04-02,38.895346,-77.000349,Ward 6,2026-04-03
2026-04-02,38.948489,-76.994043,Ward 5,2026-04-03
2026-04-03,38.977128,-77.026233,Ward 4,2026-04-03
2026-04-03,38.869459,-76.952427,Ward 7,2026-04-03
2026-04-03,38.938242,-77.078156,Ward 3,2026-04-03
2026-04-03,38.955713,-77.063142,Ward 3,2026-04-03
2026-04-03,38.962295,-77.066603,Ward 4,2026-04-03
2026-04-03,38.846808,-76.983573,Ward 8,2026-04-03
2026-04-03,38.880112,-77.020080,Ward 6,2026-04-06
2026-04-03,38.907263,-77.086747,Ward 3,2026-04-06
2026-04-03,38.940967,-77.058631,Ward 3,2026-04-03
2026-04-03,38.914383,-77.039361,Ward 2,2026-04-07
2026-04-04,38.960515,-76.999997,Ward 4,2026-04-06
2026-04-04,38.951652,-77.015629,Ward 4,2026-04-06
2026-04-04,38.959217,-77.079878,Ward 3,2026-04-06
2026-04-04,38.908905,-77.080927,Ward 3,2026-04-06
2026-04-04,38.864918,-76.958427,Ward 7,2026-04-06
2026-04-04,38.914030,-77.046574,Ward 2,2026-04-06
2026-04-04,38.881090,-76.986001,Ward 6,2026-04-05
2026-04-05,38.913630,-77.046950,Ward 2,2026-04-06
2026-04-05,38.890525,-76.994064,Ward 6,2026-04-13
2026-04-05,38.946895,-77.071093,Ward 3,2026-04-06
2026-04-05,38.858830,-76.964488,Ward 7,2026-04-06
2026-04-05,38.858521,-76.964515,Ward 7,2026-04-06
2026-04-05,38.858716,-76.964495,Ward 7,2026-04-06
2026-04-05,38.915886,-77.014374,Ward 5,2026-04-06
2026-04-05,38.947572,-77.066685,Ward 3,2026-04-06
2026-04-05,38.935353,-76.963994,Ward 5,2026-04-06
2026-04-05,38.909408,-77.093846,Ward 3,2026-04-06
2026-04-06,38.888158,-76.920557,Ward 7,2026-04-06
2026-04-06,38.924594,-77.041518,Ward 1,2026-04-07
2026-04-06,38.854860,-76.986588,Ward 8,2026-04-06
2026-04-06,38.881763,-76.942803,Ward 7,2026-04-06
2026-04-06,38.931238,-76.988783,Ward 5,2026-04-06
2026-04-06,38.889772,-76.937543,Ward 7,2026-04-06
2026-04-06,38.876730,-77.002475,Ward 8,2026-04-07
2026-04-06,38.923457,-77.046605,Ward 1,2026-04-06
2026-04-06,38.965317,-77.061664,Ward 4,2026-04-07
2026-04-06,38.903257,-76.927521,Ward 7,2026-04-07
2026-04-06,38.916806,-77.011245,Ward 5,2026-04-07
2026-04-06,38.880426,-76.960085,Ward 7,2026-04-07
2026-04-07,38.910515,-76.997257,Ward 5,2026-04-07
2026-04-07,38.929681,-77.104076,Ward 3,2026-04-09
2026-04-07,38.910282,-76.933888,Ward 7,2026-04-07
2026-04-07,38.931935,-77.056571,Ward 3,2026-04-07
2026-04-07,38.919089,-77.014973,Ward 1,2026-04-07
2026-04-07,38.846157,-76.998635,Ward 8,2026-04-07
2026-04-07,38.883918,-76.981740,Ward 7,2026-04-07
2026-04-07,38.862881,-76.960988,Ward 7,2026-04-07
2026-04-07,38.928733,-77.037351,Ward 1,2026-04-07
2026-04-07,38.893346,-76.955951,Ward 7,2026-04-08
2026-04-07,38.948489,-76.994043,Ward 5,2026-04-08
2026-04-07,38.883377,-76.950417,Ward 7,2026-04-08
2026-04-07,38.941578,-77.094581,Ward 3,2026-04-08
2026-04-07,38.960081,-77.037518,Ward 4,2026-04-08
2026-04-07,38.927700,-77.097620,Ward 3,2026-04-08
2026-04-07,38.884220,-76.961115,Ward 7,2026-04-08
2026-04-07,38.904909,-76.944049,Ward 7,2026-04-08
2026-04-07,38.913220,-77.011899,Ward 5,2026-04-08
2026-04-08,38.943753,-76.980285,Ward 5,2026-04-08
2026-04-08,38.899976,-77.031213,Ward 2,2026-04-08
2026-04-08,38.924798,-77.107124,Ward 3,2026-04-08
2026-04-08,38.928827,-77.037174,Ward 1,2026-04-09
2026-04-08,38.936517,-77.031489,Ward 1,2026-04-09
2026-04-08,38.934034,-77.036034,Ward 1,2026-04-09
2026-04-08,38.876706,-76.933885,Ward 7,2026-04-09
2026-04-08,38.841795,-76.997151,Ward 8,2026-04-08
2026-04-08,38.899813,-77.021914,Ward 2,2026-04-09
2026-04-08,38.903737,-77.054749,Ward 2,2026-04-09
2026-04-09,38.912849,-77.048151,Ward 2,2026-04-09
2026-04-09,38.922444,-77.056116,Ward 3,2026-04-09
2026-04-09,38.948105,-76.980888,Ward 5,2026-04-10
2026-04-09,38.911979,-77.038128,Ward 2,2026-04-09
2026-04-09,38.911714,-77.039578,Ward 2,2026-04-09
2026-04-09,38.897339,-77.029619,Ward 2,2026-04-09
2026-04-09,38.929986,-77.037028,Ward 1,2026-04-13
2026-04-09,38.896314,-77.001207,Ward 6,2026-04-09
2026-04-09,38.923421,-77.062277,Ward 3,2026-04-10
2026-04-09,38.890291,-76.920635,Ward 7,2026-04-10
2026-04-09,38.918256,-77.032352,Ward 1,2026-04-10
2026-04-09,38.929657,-77.029709,Ward 1,2026-04-10
2026-04-09,38.975531,-77.027237,Ward 4,2026-04-10
2026-04-10,38.910626,-76.997619,Ward 5,2026-04-10
2026-04-10,38.964206,-77.020429,Ward 4,2026-04-10
2026-04-10,38.905377,-76.987580,Ward 5,2026-04-14
2026-04-10,38.927155,-77.038333,Ward 1,2026-04-10
2026-04-10,38.873426,-76.958960,Ward 7,2026-04-10
2026-04-10,38.917585,-77.042423,Ward 1,2026-04-13
2026-04-10,38.911310,-77.029039,Ward 2,2026-04-10
2026-04-10,38.870791,-76.962310,Ward 7,2026-04-10
2026-04-10,38.889401,-76.922997,Ward 7,2026-04-10
2026-04-10,38.943321,-77.026190,Ward 4,2026-04-13
2026-04-10,38.937904,-77.063642,Ward 3,2026-04-10
2026-04-10,38.924311,-76.988217,Ward 5,2026-04-13
2026-04-10,38.934082,-77.107954,Ward 3,2026-04-13
2026-04-10,38.875916,-77.016486,Ward 6,2026-04-13
2026-04-10,38.922539,-77.000980,Ward 5,2026-04-13
2026-04-10,38.963527,-77.017366,Ward 4,2026-04-13
2026-04-10,38.929957,-76.975998,Ward 5,2026-04-13
2026-04-11,38.891677,-76.960460,Ward 7,2026-04-13
2026-04-11,38.950703,-77.019027,Ward 4,2026-04-12
2026-04-11,38.958092,-77.022645,Ward 4,2026-04-12
2026-04-11,38.926803,-77.042814,Ward 1,2026-04-13
2026-04-11,38.933432,-77.079765,Ward 3,2026-04-13
2026-04-11,38.904222,-76.995922,Ward 6,2026-04-13
2026-04-12,38.880868,-76.991285,Ward 6,2026-04-14
2026-04-12,38.877652,-76.932215,Ward 7,2026-04-13
2026-04-12,38.891598,-76.984052,Ward 6,2026-04-13
2026-04-12,38.936653,-77.077233,Ward 3,2026-04-13
2026-04-12,38.923046,-77.002624,Ward 5,2026-04-13
2026-04-12,38.864918,-76.958427,Ward 7,2026-04-13
2026-04-12,38.865264,-76.958003,Ward 7,2026-04-13
2026-04-13,38.979637,-77.029916,Ward 4,2026-04-13
2026-04-13,38.925570,-77.034633,Ward 1,2026-04-13
2026-04-13,38.901661,-76.935402,Ward 7,2026-04-13
2026-04-13,38.900870,-77.021911,Ward 2,2026-04-13
2026-04-13,38.891694,-76.983854,Ward 6,2026-04-13
2026-04-13,38.913846,-77.042744,Ward 2,2026-04-13
2026-04-13,38.969978,-77.063150,Ward 4,2026-04-13
2026-04-13,38.884440,-76.999140,Ward 6,2026-04-14
2026-04-13,38.883443,-76.928302,Ward 7,2026-04-13
2026-04-13,38.845305,-77.001633,Ward 8,2026-04-13
2026-04-13,38.941635,-77.015144,Ward 4,2026-04-14
2026-04-13,38.923059,-77.042443,Ward 1,2026-04-14
2026-04-13,38.831569,-76.988385,Ward 8,2026-04-15
2026-04-13,38.891837,-76.984438,Ward 6,2026-04-14
2026-04-13,38.919365,-77.025439,Ward 1,2026-04-14
2026-04-13,38.902512,-76.945184,Ward 7,2026-04-13
2026-04-14,38.898741,-76.990547,Ward 6,2026-04-14
2026-04-14,38.955258,-76.995661,Ward 5,2026-04-14
2026-04-14,38.932329,-77.039546,Ward 1,2026-04-14
2026-04-14,38.887742,-76.997668,Ward 6,2026-04-15
2026-04-14,38.969292,-77.010457,Ward 4,2026-04-14
2026-04-14,38.925546,-77.072887,Ward 3,2026-04-14
2026-04-14,38.883330,-76.997092,Ward 6,2026-04-15
2026-04-14,38.885351,-76.923271,Ward 7,2026-04-15
2026-04-14,38.960687,-77.003441,Ward 4,2026-04-15
2026-04-14,38.887156,-76.990520,Ward 6,2026-04-15
2026-04-14,38.927703,-77.108465,Ward 3,2026-04-15
2026-04-14,38.909391,-77.080616,Ward 3,2026-04-15
2026-04-14,38.884623,-76.999241,Ward 6,2026-04-15
2026-04-15,38.917691,-76.973158,Ward 5,2026-04-15
2026-04-15,38.977128,-77.026233,Ward 4,2026-04-15
2026-04-15,38.976093,-77.028164,Ward 4,2026-04-15
2026-04-15,38.949193,-77.030175,Ward 4,2026-04-15
2026-04-15,38.911720,-77.010325,Ward 5,2026-04-17
2026-04-15,38.946500,-77.073732,Ward 3,2026-04-15
2026-04-15,38.924899,-76.966325,Ward 5,2026-04-17
2026-04-15,38.907486,-77.049787,Ward 2,2026-04-15
2026-04-15,38.920712,-77.033946,Ward 1,2026-04-15
2026-04-15,38.904529,-77.001104,Ward 6,2026-04-15
2026-04-15,38.939164,-77.102875,Ward 3,2026-04-15
2026-04-15,38.878716,-76.943735,Ward 7,2026-04-15
2026-04-15,38.862852,-77.000281,Ward 8,2026-04-17
2026-04-15,38.936252,-77.100166,Ward 3,2026-04-15
2026-04-15,38.933997,-77.098688,Ward 3,2026-04-15
2026-04-15,38.949184,-77.030328,Ward 4,2026-04-17
2026-04-15,38.894992,-76.936241,Ward 7,2026-04-15
2026-04-15,38.951878,-77.069599,Ward 3,2026-04-17
2026-04-15,38.853297,-76.983303,Ward 8,2026-04-16
2026-04-15,38.853297,-76.983303,Ward 8,2026-04-16
2026-04-16,38.868071,-76.962541,Ward 7,2026-04-17
2026-04-16,38.904865,-77.047004,Ward 2,2026-04-17
2026-04-16,38.890362,-76.994089,Ward 6,2026-04-17
2026-04-16,38.833710,-77.009640,Ward 8,2026-04-17
2026-04-16,38.904865,-77.047004,Ward 2,2026-04-17
2026-04-16,38.912304,-77.060749,Ward 2,2026-04-17
2026-04-16,38.907008,-77.047490,Ward 2,2026-04-21
2026-04-16,38.925589,-77.044202,Ward 1,2026-04-17
2026-04-16,38.892200,-77.001548,Ward 6,2026-04-21
2026-04-16,38.958190,-77.025658,Ward 4,2026-04-17
2026-04-16,38.946647,-77.074353,Ward 3,2026-04-17
2026-04-16,38.930389,-76.989570,Ward 5,2026-04-17
2026-04-16,38.951728,-77.010208,Ward 4,2026-04-20
2026-04-16,38.893063,-77.047771,Ward 2,2026-04-17
2026-04-16,38.890989,-76.951891,Ward 7,2026-04-17
2026-04-16,38.946647,-77.074353,Ward 3,2026-04-17
2026-04-16,38.908866,-77.067975,Ward 2,2026-04-17
2026-04-16,38.901757,-77.051648,Ward 2,2026-04-17
2026-04-16,38.951871,-77.010384,Ward 4,2026-04-20
2026-04-17,38.903869,-77.001108,Ward 6,2026-04-17
2026-04-17,38.910092,-77.084190,Ward 3,2026-04-17
2026-04-17,38.951504,-77.009940,Ward 4,2026-04-20
2026-04-17,38.908272,-77.030102,Ward 2,2026-04-17
2026-04-17,38.925381,-76.979621,Ward 5,2026-04-17
2026-04-17,38.925255,-76.971961,Ward 5,2026-04-20
2026-04-17,38.915422,-77.029876,Ward 1,2026-04-20
2026-04-17,38.970816,-77.063071,Ward 4,2026-04-20
2026-04-17,38.900506,-77.036969,Ward 2,2026-04-20
2026-04-18,38.960108,-77.074814,Ward 3,2026-04-20
2026-04-18,38.885337,-77.002744,Ward 6,2026-04-20
2026-04-18,38.885682,-77.001099,Ward 6,2026-04-20
2026-04-18,38.884681,-76.999792,Ward 6,2026-04-20
2026-04-18,38.927160,-76.992672,Ward 5,2026-04-20
2026-04-18,38.960203,-77.070120,Ward 3,2026-04-20
2026-04-18,38.901332,-77.028075,Ward 2,2026-04-20
2026-04-18,38.903740,-77.028084,Ward 2,2026-04-20
2026-04-18,38.883633,-77.008766,Ward 6,2026-04-18
2026-04-18,38.943132,-77.039121,Ward 4,2026-04-20
2026-04-18,38.960559,-77.022671,Ward 4,2026-04-20
2026-04-18,38.922357,-77.079983,Ward 3,2026-04-20
2026-04-18,38.901661,-76.935402,Ward 7,2026-04-20
2026-04-18,38.897629,-76.985258,Ward 6,2026-04-20
2026-04-18,38.943383,-77.092251,Ward 3,2026-04-20
2026-04-18,38.978410,-77.032095,Ward 4,2026-04-19
2026-04-18,38.915281,-77.008726,Ward 5,2026-04-20
2026-04-19,38.940430,-76.978975,Ward 5,2026-04-20
2026-04-19,38.885098,-76.991530,Ward 6,2026-04-20
2026-04-19,38.928469,-77.084317,Ward 3,2026-04-20
2026-04-19,38.923453,-77.071542,Ward 3,2026-04-20
2026-04-19,38.878664,-76.931579,Ward 7,2026-04-20
2026-04-19,38.912793,-77.017815,Ward 2,2026-04-20
2026-04-19,38.894305,-76.983895,Ward 6,2026-04-20
2026-04-19,38.923186,-77.078980,Ward 3,2026-04-20
2026-04-19,38.929068,-76.995928,Ward 5,2026-04-21
2026-04-19,38.895931,-76.990778,Ward 6,2026-04-20
2026-04-19,38.935460,-77.054014,Ward 3,2026-04-20
2026-04-19,38.902842,-76.985303,Ward 5,2026-04-20
2026-04-19,38.905884,-76.935080,Ward 7,2026-04-21
2026-04-20,38.921161,-77.011828,Ward 5,2026-04-21
2026-04-20,38.885098,-76.991530,Ward 6,2026-04-20
2026-04-20,38.951260,-77.059264,Ward 3,2026-04-20
2026-04-20,38.857112,-76.960476,Ward 7,2026-04-20
2026-04-20,38.905171,-76.981846,Ward 5,2026-04-21
2026-04-20,38.932109,-76.983915,Ward 5,2026-04-20
2026-04-20,38.969977,-77.067683,Ward 4,2026-04-20
2026-04-20,38.865680,-76.987713,Ward 8,2026-04-20
2026-04-20,38.942462,-77.072673,Ward 3,2026-04-20
2026-04-20,38.949448,-77.070099,Ward 3,2026-04-20
2026-04-20,38.938560,-77.062684,Ward 3,2026-04-20
2026-04-20,38.959041,-77.024789,Ward 4,2026-04-21
2026-04-20,38.910198,-77.032843,Ward 2,2026-04-21
2026-04-20,38.893328,-77.014396,Ward 6,2026-04-21
2026-04-20,38.893328,-77.014396,Ward 6,2026-04-21
2026-04-20,38.909356,-76.985294,Ward 5,2026-04-21
2026-04-20,38.942088,-77.042211,Ward 4,2026-04-21
2026-04-20,38.923722,-77.008748,Ward 5,2026-04-22
2026-04-20,38.858439,-76.984986,Ward 8,2026-04-21
2026-04-20,38.906801,-77.066074,Ward 2,2026-04-21
2026-04-21,38.978232,-77.026767,Ward 4,2026-04-21
2026-04-21,38.874786,-77.010861,Ward 6,2026-04-21
2026-04-21,38.926921,-77.043546,Ward 1,2026-04-21
2026-04-21,38.919432,-77.043339,Ward 1,2026-04-23
2026-04-21,38.945725,-77.094101,Ward 3,2026-04-21
2026-04-21,38.945536,-77.094343,Ward 3,2026-04-21
2026-04-21,38.927043,-77.052578,Ward 3,2026-04-22
2026-04-21,38.905798,-77.001609,Ward 6,2026-04-21
2026-04-21,38.882914,-76.997223,Ward 6,2026-04-22
2026-04-21,38.927714,-77.038041,Ward 1,2026-04-23
2026-04-21,38.952514,-77.015656,Ward 4,2026-04-21
2026-04-21,38.928733,-77.037351,Ward 1,2026-04-23
2026-04-21,38.914695,-77.035274,Ward 2,2026-04-22
2026-04-21,38.858467,-76.985793,Ward 8,2026-04-21
2026-04-21,38.858966,-76.986451,Ward 8,2026-04-21
2026-04-21,38.908417,-77.029947,Ward 2,2026-04-22
2026-04-21,38.922826,-77.026593,Ward 1,2026-04-23
2026-04-21,38.843162,-76.996181,Ward 8,2026-04-22
2026-04-21,38.974189,-77.025824,Ward 4,2026-04-21
2026-04-21,38.913918,-77.025156,Ward 2,2026-04-22
2026-04-21,38.869880,-76.958826,Ward 7,2026-04-21
2026-04-21,38.958676,-77.023309,Ward 4,2026-04-22
2026-04-21,38.909391,-77.080616,Ward 3,2026-04-23
2026-04-21,38.929403,-77.031254,Ward 1,2026-04-22
2026-04-21,38.894503,-76.940777,Ward 7,2026-04-22
2026-04-21,38.902495,-76.927575,Ward 7,2026-04-22
2026-04-22,38.976566,-77.028132,Ward 4,2026-04-22
2026-04-22,38.930069,-77.062619,Ward 3,2026-04-22
2026-04-22,38.915573,-77.028082,Ward 1,2026-04-22
2026-04-22,38.933232,-77.028767,Ward 1,2026-04-22
2026-04-22,38.947017,-77.025082,Ward 4,2026-04-22
2026-04-22,38.951878,-77.069599,Ward 3,2026-04-23
2026-04-22,38.932109,-76.983915,Ward 5,2026-04-22
2026-04-22,38.954084,-77.080038,Ward 3,2026-04-23
2026-04-22,38.875239,-76.937059,Ward 7,2026-04-23
2026-04-22,38.912818,-77.014943,Ward 5,2026-04-23
2026-04-22,38.910126,-77.028930,Ward 2,2026-04-23
2026-04-23,38.964749,-77.015458,Ward 4,2026-04-23
2026-04-23,38.916839,-77.010060,Ward 5,2026-04-23
2026-04-23,38.978196,-77.027278,Ward 4,2026-04-23
2026-04-23,38.908876,-77.032690,Ward 2,2026-04-27
2026-04-23,38.832228,-77.003827,Ward 8,2026-04-23
2026-04-23,38.944705,-77.017749,Ward 4,2026-04-23
2026-04-23,38.897385,-76.990164,Ward 6,2026-04-23
2026-04-23,38.958841,-77.075919,Ward 3,2026-04-23
2026-04-23,38.899745,-76.999791,Ward 6,2026-04-23
2026-04-23,38.965582,-77.003517,Ward 4,2026-04-23
2026-04-23,38.888493,-76.981316,Ward 7,2026-04-23
2026-04-23,38.947691,-77.094126,Ward 3,2026-04-23
2026-04-23,38.903869,-77.001108,Ward 6,2026-04-23
2026-04-23,38.949420,-77.019139,Ward 4,2026-04-23
2026-04-23,38.948355,-77.040924,Ward 4,2026-04-24
2026-04-23,38.916098,-77.091434,Ward 3,2026-04-24
2026-04-23,38.881962,-77.003512,Ward 6,2026-04-24
2026-04-23,38.904565,-76.992150,Ward 5,2026-04-24
2026-04-23,38.954791,-77.020068,Ward 4,2026-04-23
2026-04-23,38.923651,-77.035839,Ward 1,2026-04-24
2026-04-23,38.924196,-77.036120,Ward 1,2026-04-24
2026-04-23,38.928547,-77.038404,Ward 1,2026-04-24
2026-04-23,38.924584,-77.035998,Ward 1,2026-04-24
2026-04-23,38.924659,-76.998703,Ward 5,2026-04-24
2026-04-23,38.894569,-76.976589,Ward 7,2026-04-24
2026-04-23,38.911284,-77.010886,Ward 5,2026-04-24
2026-04-23,38.912048,-77.027352,Ward 2,2026-05-04
2026-04-23,38.918341,-77.026727,Ward 1,2026-04-24
2026-04-23,38.911121,-77.027038,Ward 2,2026-04-24
2026-04-24,38.942088,-77.042211,Ward 4,2026-04-24
2026-04-24,38.976093,-77.028164,Ward 4,2026-04-24
2026-04-24,38.978193,-77.028131,Ward 4,2026-04-24
2026-04-24,38.898911,-76.998978,Ward 6,2026-04-30
2026-04-24,38.911121,-77.027038,Ward 2,2026-04-27
2026-04-24,38.884640,-76.986275,Ward 6,2026-04-24
2026-04-24,38.911121,-77.027038,Ward 2,2026-04-27
2026-04-24,38.911121,-77.027038,Ward 2,2026-04-27
2026-04-24,38.843829,-77.001187,Ward 8,2026-04-27
2026-04-24,38.909886,-77.018117,Ward 2,2026-04-27
2026-04-24,38.942125,-76.992891,Ward 5,2026-04-27
2026-04-24,38.896290,-76.986307,Ward 6,2026-04-27
2026-04-24,38.960357,-77.018640,Ward 4,2026-04-24
2026-04-24,38.918114,-77.029620,Ward 1,2026-04-27
2026-04-24,38.827160,-77.011717,Ward 8,2026-04-27
2026-04-24,38.934553,-77.088642,Ward 3,2026-04-27
2026-04-24,38.912048,-77.027352,Ward 2,2026-04-27
2026-04-24,38.918993,-77.100523,Ward 3,2026-04-27
2026-04-24,38.830771,-76.998778,Ward 8,2026-04-27
2026-04-24,38.918993,-77.100523,Ward 3,2026-04-27
2026-04-24,38.918993,-77.100523,Ward 3,2026-04-27
2026-04-24,38.917393,-77.026714,Ward 1,2026-04-27
2026-04-25,38.918993,-77.100523,Ward 3,2026-04-27
2026-04-25,38.931681,-77.033609,Ward 1,2026-04-27
2026-04-25,38.925994,-77.075240,Ward 3,2026-04-27
2026-04-25,38.925435,-77.000308,Ward 5,2026-04-27
2026-04-25,38.880978,-76.996400,Ward 6,2026-04-27
2026-04-25,38.896024,-77.050117,Ward 2,2026-04-27
2026-04-25,38.883358,-76.982476,Ward 7,2026-04-27
2026-04-25,38.890543,-76.990012,Ward 6,2026-04-27
2026-04-25,38.860339,-76.986446,Ward 8,2026-04-28
2026-04-26,38.970891,-77.035991,Ward 4,2026-04-27
2026-04-26,38.873728,-77.017821,Ward 6,2026-04-27
2026-04-26,38.886482,-76.981337,Ward 7,2026-04-27
2026-04-26,38.873422,-77.017555,Ward 6,2026-04-27
2026-04-26,38.892167,-76.983176,Ward 7,2026-04-27
2026-04-26,38.873422,-77.017555,Ward 6,2026-04-27
2026-04-26,38.905309,-77.047479,Ward 2,2026-04-27
2026-04-26,38.910469,-77.042235,Ward 2,2026-04-27
2026-04-26,38.903553,-76.977926,Ward 5,2026-04-27
2026-04-26,38.969203,-77.031686,Ward 4,2026-04-27
2026-04-27,38.943568,-76.983006,Ward 5,2026-04-27
2026-04-27,38.876461,-77.018745,Ward 6,2026-04-27
2026-04-27,38.958217,-76.993847,Ward 4,2026-04-27
2026-04-27,38.926710,-77.058967,Ward 3,2026-04-27
2026-04-27,38.903933,-77.034215,Ward 2,2026-04-27
2026-04-27,38.901336,-77.034593,Ward 2,2026-04-27
2026-04-27,38.913044,-77.036163,Ward 2,2026-04-27
2026-04-27,38.911124,-77.036518,Ward 2,2026-04-27
2026-04-27,38.916289,-77.036502,Ward 2,2026-04-27
2026-04-27,38.920364,-77.036495,Ward 1,2026-04-27
2026-04-27,38.923651,-77.035839,Ward 1,2026-04-27
2026-04-27,38.924196,-77.036120,Ward 1,2026-04-27
2026-04-27,38.895959,-76.973952,Ward 7,2026-04-27
2026-04-27,38.924584,-77.035998,Ward 1,2026-04-27
2026-04-27,38.927866,-77.037006,Ward 1,2026-04-27
2026-04-27,38.945436,-76.988047,Ward 5,2026-04-27
2026-04-27,38.959471,-77.079208,Ward 3,2026-04-27
2026-04-27,38.915779,-77.035877,Ward 2,2026-04-27
2026-04-27,38.868406,-76.985325,Ward 8,2026-04-28
2026-04-27,38.967037,-77.031727,Ward 4,2026-04-27
2026-04-27,38.950310,-77.017252,Ward 4,2026-04-27
2026-04-27,38.891833,-76.981443,Ward 7,2026-04-27
2026-04-27,38.940612,-77.030104,Ward 4,2026-04-27
2026-04-27,38.880028,-76.944600,Ward 7,2026-04-28
2026-04-27,38.888135,-76.983649,Ward 6,2026-04-28
2026-04-28,38.901276,-77.034917,Ward 2,2026-04-28
2026-04-28,38.915728,-77.004644,Ward 5,2026-04-28
2026-04-28,38.900201,-77.036554,Ward 2,2026-04-28
2026-04-28,38.870363,-76.981964,Ward 8,2026-04-28
2026-04-28,38.931812,-76.990555,Ward 5,2026-04-28
2026-04-28,38.913044,-77.036163,Ward 2,2026-04-28
2026-04-28,38.913044,-77.036163,Ward 2,2026-04-28
2026-04-28,38.916289,-77.036502,Ward 2,2026-04-29
2026-04-28,38.916320,-77.036851,Ward 2,2026-04-28
2026-04-28,38.924196,-77.036120,Ward 1,2026-04-28
2026-04-28,38.924584,-77.035998,Ward 1,2026-04-28
2026-04-28,38.927866,-77.037006,Ward 1,2026-04-28
2026-04-28,38.977092,-77.052547,Ward 4,2026-04-28
2026-04-28,38.894503,-76.940777,Ward 7,2026-04-28
2026-04-28,38.926436,-77.099078,Ward 3,2026-04-28
2026-04-28,38.908320,-77.055988,Ward 2,2026-04-28
2026-04-28,38.931282,-77.073221,Ward 3,2026-04-28
2026-04-28,38.913505,-77.026752,Ward 2,2026-04-28
2026-04-28,38.895277,-76.938319,Ward 7,2026-04-28
2026-04-28,38.883876,-76.981022,Ward 7,2026-04-28
2026-04-28,38.956118,-77.006516,Ward 4,2026-04-28
2026-04-28,38.967193,-77.008830,Ward 4,2026-04-29
2026-04-29,38.980619,-77.026199,Ward 4,2026-04-29
2026-04-29,38.868422,-76.975950,Ward 8,2026-05-01
2026-04-29,38.897412,-76.972633,Ward 7,2026-04-30
2026-04-29,38.947044,-77.082926,Ward 3,2026-04-29
2026-04-29,38.960321,-77.003787,Ward 4,2026-04-29
2026-04-29,38.905625,-77.046646,Ward 2,2026-04-29
2026-04-29,38.941239,-77.060895,Ward 3,2026-04-29
2026-04-29,38.928132,-77.039610,Ward 1,2026-04-29
2026-04-29,38.987104,-77.030982,Ward 4,2026-04-29
2026-04-29,38.934972,-77.112078,Ward 3,2026-04-30
2026-04-29,38.854414,-76.983024,Ward 8,2026-04-29
2026-04-29,38.929804,-76.980473,Ward 5,2026-04-30
2026-04-29,38.904585,-77.045381,Ward 2,2026-04-30
2026-04-29,38.905233,-76.982344,Ward 5,2026-05-01
2026-04-29,38.927321,-77.075501,Ward 3,2026-04-30
2026-04-29,38.887785,-76.977462,Ward 7,2026-04-30
2026-04-29,38.929461,-76.976029,Ward 5,2026-04-30
2026-04-29,38.907425,-77.011910,Ward 5,2026-05-01
2026-04-29,38.880827,-76.992879,Ward 6,2026-04-30
2026-04-30,38.939129,-76.988044,Ward 5,2026-04-30
2026-04-30,38.871651,-76.978752,Ward 8,2026-05-01
2026-04-30,38.900826,-76.936763,Ward 7,2026-04-30
2026-04-30,38.878207,-76.942079,Ward 7,2026-04-30
2026-04-30,38.946896,-77.083539,Ward 3,2026-04-30
2026-04-30,38.963146,-76.999534,Ward 4,2026-04-30
2026-04-30,38.925372,-77.060093,Ward 3,2026-05-01
2026-04-30,38.920093,-76.986803,Ward 5,2026-05-01
2026-04-30,38.951899,-77.085229,Ward 3,2026-04-30
2026-04-30,38.970967,-77.058800,Ward 4,2026-05-01
2026-04-30,38.917393,-77.026714,Ward 1,2026-04-30
2026-04-30,38.882914,-76.997223,Ward 6,2026-05-01
2026-04-30,38.918341,-77.026727,Ward 1,2026-05-01
2026-04-30,38.884740,-77.012674,Ward 6,2026-05-13
2026-04-30,38.889040,-76.991135,Ward 6,2026-05-01
2026-04-30,38.905400,-77.002941,Ward 6,2026-05-01
2026-05-01,38.918392,-77.040046,Ward 1,2026-05-01
2026-05-01,38.917475,-77.072663,Ward 3,2026-05-04
2026-05-01,38.915573,-77.036508,Ward 2,2026-05-01
2026-05-01,38.923078,-77.041385,Ward 1,2026-05-01
2026-05-01,38.966657,-77.031575,Ward 4,2026-05-01
2026-05-01,38.970967,-77.058800,Ward 4,2026-05-01
2026-05-01,38.968126,-77.062813,Ward 4,2026-05-01
2026-05-01,38.927634,-76.985053,Ward 5,2026-05-01
2026-05-01,38.902233,-77.036946,Ward 2,2026-05-04
2026-05-01,38.973491,-77.060271,Ward 4,2026-05-01
2026-05-01,38.947829,-77.006394,Ward 5,2026-05-01
2026-05-01,38.907511,-76.983532,Ward 5,2026-05-01
2026-05-01,38.968800,-77.063679,Ward 4,2026-05-01
2026-05-01,38.888476,-76.978085,Ward 7,2026-05-01
2026-05-01,38.903737,-77.054749,Ward 2,2026-05-04
2026-05-01,38.949552,-77.032182,Ward 4,2026-05-02
2026-05-01,38.885643,-76.982930,Ward 7,2026-05-02
2026-05-01,38.922784,-77.030592,Ward 1,2026-05-04
2026-05-01,38.885351,-76.923271,Ward 7,2026-05-02
2026-05-01,38.919878,-77.080031,Ward 3,2026-05-07
2026-05-02,38.886314,-76.940843,Ward 7,2026-05-02
2026-05-02,38.933716,-77.074773,Ward 3,2026-05-04
2026-05-02,38.967827,-77.072863,Ward 3,2026-05-04
2026-05-02,38.984448,-77.026978,Ward 4,2026-05-02
2026-05-02,38.892454,-76.985251,Ward 6,2026-05-12
2026-05-02,38.885351,-76.923271,Ward 7,2026-05-04
2026-05-02,38.885351,-76.923271,Ward 7,2026-05-02
2026-05-02,38.880387,-76.995328,Ward 6,2026-05-05
2026-05-02,38.925775,-77.022753,Ward 1,2026-05-04
2026-05-02,38.907244,-77.037295,Ward 2,2026-05-04
2026-05-02,38.950238,-77.065055,Ward 3,2026-05-04
2026-05-02,38.888491,-76.981438,Ward 7,2026-05-04
2026-05-02,38.881081,-77.020585,Ward 6,2026-05-04
2026-05-02,38.887752,-76.917018,Ward 7,2026-05-04
2026-05-02,38.907841,-77.058852,Ward 2,2026-05-04
2026-05-03,38.885876,-77.000876,Ward 6,2026-05-12
2026-05-03,38.890753,-76.991295,Ward 6,2026-05-04
2026-05-03,38.919349,-76.987053,Ward 5,2026-05-04
2026-05-03,38.919631,-76.986774,Ward 5,2026-05-04
2026-05-03,38.929913,-77.056990,Ward 3,2026-05-05
2026-05-03,38.886117,-76.940853,Ward 7,2026-05-03
2026-05-03,38.951538,-77.035101,Ward 4,2026-05-04
2026-05-03,38.938953,-77.029412,Ward 4,2026-05-04
2026-05-03,38.912605,-77.013308,Ward 5,2026-05-04
2026-05-03,38.854172,-76.988424,Ward 8,2026-05-04
2026-05-03,38.899100,-77.001860,Ward 6,2026-05-12
2026-05-03,38.907441,-77.047951,Ward 2,2026-05-04
2026-05-04,38.949905,-77.087859,Ward 3,2026-05-04
2026-05-04,38.898154,-77.062666,Ward 2,2026-05-04
2026-05-04,38.907441,-77.047951,Ward 2,2026-05-04
2026-05-04,38.956796,-77.072245,Ward 3,2026-05-04
2026-05-04,38.881592,-76.985273,Ward 6,2026-05-05
2026-05-04,38.929241,-77.064434,Ward 3,2026-05-04
2026-05-04,38.969495,-77.066753,Ward 4,2026-05-04
2026-05-04,38.946634,-77.036059,Ward 4,2026-05-04
2026-05-04,38.868820,-76.971849,Ward 8,2026-05-08
2026-05-04,38.917456,-77.073141,Ward 3,2026-05-04
2026-05-04,38.899324,-76.921261,Ward 7,2026-05-06
2026-05-04,38.907441,-77.047951,Ward 2,2026-05-05
2026-05-04,38.895939,-76.995562,Ward 6,2026-05-05
2026-05-04,38.906548,-76.984191,Ward 5,2026-05-05
2026-05-04,38.882781,-77.002338,Ward 6,2026-05-05
2026-05-04,38.918501,-77.044257,Ward 1,2026-05-06
2026-05-04,38.957217,-77.084861,Ward 3,2026-05-05
2026-05-04,38.904166,-76.995953,Ward 6,2026-05-05
2026-05-04,38.888315,-76.916303,Ward 7,2026-05-05
2026-05-04,38.911124,-77.036518,Ward 2,2026-05-05
2026-05-04,38.912382,-77.044101,Ward 2,2026-05-05
2026-05-05,38.946736,-77.065006,Ward 3,2026-05-06
2026-05-05,38.946736,-77.065006,Ward 3,2026-05-06
2026-05-05,38.929042,-77.054719,Ward 3,2026-05-06
2026-05-05,38.854909,-76.958110,Ward 7,2026-05-05
2026-05-05,38.911590,-77.017413,Ward 2,2026-05-12
2026-05-05,38.885677,-76.948889,Ward 7,2026-05-05
2026-05-05,38.934288,-76.976925,Ward 5,2026-05-05
2026-05-05,38.947116,-77.019205,Ward 4,2026-05-05
2026-05-05,38.928595,-77.041662,Ward 1,2026-05-05
2026-05-05,38.962820,-77.075940,Ward 3,2026-05-05
2026-05-05,38.914563,-77.049661,Ward 2,2026-05-06
2026-05-05,38.917660,-77.072680,Ward 3,2026-05-06
2026-05-05,38.893134,-76.917032,Ward 7,2026-05-08
2026-05-05,38.966895,-77.063238,Ward 4,2026-05-05
2026-05-05,38.927182,-77.101908,Ward 3,2026-05-06
2026-05-05,38.922234,-76.981955,Ward 5,2026-05-05
2026-05-05,38.940927,-76.974403,Ward 5,2026-05-06
2026-05-05,38.946940,-77.067188,Ward 3,2026-05-06
2026-05-05,38.849500,-76.976361,Ward 8,2026-05-05
2026-05-05,38.869320,-76.974714,Ward 8,2026-05-05
2026-05-05,38.888136,-76.996174,Ward 6,2026-05-06
2026-05-05,38.971473,-77.067909,Ward 4,2026-05-05
2026-05-05,38.960640,-77.084224,Ward 3,2026-05-06
2026-05-05,38.916425,-77.035148,Ward 2,2026-05-06
2026-05-05,38.872148,-76.975803,Ward 8,2026-05-06
2026-05-05,38.892934,-76.983400,Ward 7,2026-05-06
2026-05-05,38.892884,-76.983435,Ward 7,2026-05-06
2026-05-05,38.894633,-77.001346,Ward 6,2026-05-06
2026-05-05,38.887948,-76.996418,Ward 6,2026-05-06
2026-05-05,38.911441,-77.060783,Ward 2,2026-05-06
2026-05-05,38.901838,-76.925628,Ward 7,2026-05-08
2026-05-05,38.894779,-77.002461,Ward 6,2026-05-06
2026-05-05,38.894779,-77.002461,Ward 6,2026-05-06
2026-05-05,38.893529,-77.041743,Ward 2,2026-05-06
2026-05-05,38.954702,-77.092611,Ward 3,2026-05-06
2026-05-05,38.893851,-77.044087,Ward 2,2026-05-06
2026-05-05,38.966142,-77.036384,Ward 4,2026-05-06
2026-05-05,38.854172,-76.988424,Ward 8,2026-05-06
2026-05-05,38.893529,-77.041743,Ward 2,2026-05-06
2026-05-05,38.922547,-77.070656,Ward 3,2026-05-06
2026-05-05,38.966142,-77.036384,Ward 4,2026-05-06
2026-05-05,38.966142,-77.036384,Ward 4,2026-05-06
2026-05-05,38.965423,-77.036384,Ward 4,2026-05-06
2026-05-05,38.969035,-77.036373,Ward 4,2026-05-06
2026-05-05,38.943496,-77.099323,Ward 3,2026-05-06
2026-05-05,38.935184,-77.103306,Ward 3,2026-05-06
2026-05-06,38.903738,-77.028856,Ward 2,2026-05-06
2026-05-06,38.916518,-77.072856,Ward 2,2026-05-06
2026-05-06,38.977128,-77.026233,Ward 4,2026-05-06
2026-05-06,38.978186,-77.028328,Ward 4,2026-05-06
2026-05-06,38.977361,-77.034413,Ward 4,2026-05-06
2026-05-06,38.899109,-76.999204,Ward 6,2026-05-06
2026-05-06,38.946278,-77.069850,Ward 3,2026-05-06
2026-05-06,38.892542,-76.957742,Ward 7,2026-05-06
2026-05-06,38.908162,-77.045272,Ward 2,2026-05-06
2026-05-06,38.945128,-77.016727,Ward 4,2026-05-06
2026-05-06,38.956585,-77.006274,Ward 4,2026-05-06
2026-05-06,38.971613,-77.031901,Ward 4,2026-05-06
2026-05-06,38.830839,-77.004597,Ward 8,2026-05-07
2026-05-06,38.908716,-77.011929,Ward 5,2026-05-06
2026-05-06,38.905089,-76.981662,Ward 5,2026-05-06
2026-05-06,38.960675,-77.003835,Ward 4,2026-05-06
2026-05-06,38.940536,-76.994622,Ward 5,2026-05-06
2026-05-06,38.878550,-76.986557,Ward 6,2026-05-07
2026-05-06,38.920673,-77.031649,Ward 1,2026-05-07
2026-05-06,38.887829,-76.996374,Ward 6,2026-05-07
2026-05-06,38.829873,-76.999590,Ward 8,2026-05-08
2026-05-06,38.923449,-77.070027,Ward 3,2026-05-07
2026-05-06,38.881456,-76.988309,Ward 6,2026-05-07
2026-05-06,38.912832,-77.062740,Ward 2,2026-05-06
2026-05-06,38.920673,-77.031649,Ward 1,2026-05-07
2026-05-06,38.969566,-77.015910,Ward 4,2026-05-12
2026-05-06,38.912832,-77.062740,Ward 2,2026-05-07
2026-05-06,38.984526,-77.030931,Ward 4,2026-05-07
2026-05-06,38.905233,-76.982344,Ward 5,2026-05-07
2026-05-06,38.900201,-77.036554,Ward 2,2026-05-07
2026-05-07,38.903738,-77.028856,Ward 2,2026-05-07
2026-05-07,38.915413,-77.027900,Ward 1,2026-05-07
2026-05-07,38.923651,-77.035839,Ward 1,2026-05-07
2026-05-07,38.924196,-77.036120,Ward 1,2026-05-07
2026-05-07,38.924584,-77.035998,Ward 1,2026-05-07
2026-05-07,38.917456,-77.073141,Ward 3,2026-05-08
2026-05-07,38.912368,-77.087688,Ward 3,2026-05-07
2026-05-07,38.905458,-76.936253,Ward 7,2026-05-07
2026-05-07,38.915326,-77.034324,Ward 2,2026-05-07
2026-05-07,38.969963,-77.068898,Ward 4,2026-05-07
2026-05-07,38.880854,-76.986027,Ward 6,2026-05-07
2026-05-07,38.920673,-77.031649,Ward 1,2026-05-07
2026-05-07,38.886330,-76.943649,Ward 7,2026-05-07
2026-05-07,38.936577,-77.067222,Ward 3,2026-05-08
2026-05-07,38.890780,-76.999991,Ward 6,2026-05-08
2026-05-07,38.949675,-77.057222,Ward 3,2026-05-07
2026-05-07,38.887757,-76.988840,Ward 6,2026-05-08
2026-05-07,38.933015,-77.033034,Ward 1,2026-05-08
2026-05-07,38.930246,-76.969807,Ward 5,2026-05-08
2026-05-07,38.908840,-77.061523,Ward 2,2026-05-08
2026-05-07,38.891645,-76.946119,Ward 7,2026-05-08
2026-05-07,38.875976,-76.936122,Ward 7,2026-05-08
2026-05-07,38.949675,-77.057222,Ward 3,2026-05-08
2026-05-07,38.903874,-76.978226,Ward 5,2026-05-08
2026-05-07,38.856877,-76.957124,Ward 7,2026-05-08
2026-05-07,38.928869,-77.032427,Ward 1,2026-05-08
2026-05-07,38.939826,-76.989958,Ward 5,2026-05-08
2026-05-07,38.961016,-77.060965,Ward 4,2026-05-08
2026-05-07,38.832946,-76.986713,Ward 8,2026-05-08
2026-05-07,38.854507,-76.990370,Ward 8,2026-05-07
2026-05-07,38.947962,-77.040376,Ward 4,2026-05-11
2026-05-07,38.915326,-77.034324,Ward 2,2026-05-08
2026-05-07,38.893584,-76.980433,Ward 7,2026-05-08
2026-05-08,38.963095,-77.071347,Ward 3,2026-05-08
2026-05-08,38.975531,-77.027237,Ward 4,2026-05-08
2026-05-08,38.964230,-77.078488,Ward 3,2026-05-11
2026-05-08,38.899209,-77.031528,Ward 2,2026-05-08
2026-05-08,38.924473,-77.104571,Ward 3,2026-05-08
2026-05-08,38.899050,-76.996387,Ward 6,2026-05-08
2026-05-08,38.862608,-76.995005,Ward 8,2026-05-08
2026-05-08,38.914958,-77.003228,Ward 5,2026-05-08
2026-05-08,38.952690,-77.090329,Ward 3,2026-05-08
2026-05-08,38.959041,-77.024789,Ward 4,2026-05-08
2026-05-08,38.920484,-77.074791,Ward 3,2026-05-08
2026-05-08,38.919631,-77.074239,Ward 3,2026-05-11
2026-05-08,38.932245,-77.090803,Ward 3,2026-05-11
2026-05-08,38.941113,-77.092399,Ward 3,2026-05-08
2026-05-08,38.904053,-76.987230,Ward 5,2026-05-11
2026-05-08,38.944994,-77.074406,Ward 3,2026-05-11
2026-05-08,38.880827,-76.992879,Ward 6,2026-05-11
2026-05-08,38.840628,-76.976934,Ward 8,2026-05-11
2026-05-08,38.965911,-77.025229,Ward 4,2026-05-11
2026-05-08,38.918743,-77.027859,Ward 1,2026-05-11
2026-05-08,38.883011,-76.983069,Ward 7,2026-05-11
2026-05-08,38.927718,-76.971151,Ward 5,2026-05-11
2026-05-08,38.945448,-77.019559,Ward 4,2026-05-11
2026-05-09,38.981437,-77.029016,Ward 4,2026-05-11
2026-05-09,38.905810,-77.066232,Ward 2,2026-05-11
2026-05-09,38.964678,-77.078366,Ward 3,2026-05-11
2026-05-09,38.871752,-76.962713,Ward 7,2026-05-11
2026-05-09,38.941275,-76.977545,Ward 5,2026-05-11
2026-05-09,38.960818,-77.070461,Ward 3,2026-05-11
2026-05-10,38.854507,-76.990370,Ward 8,2026-05-11
2026-05-10,38.931706,-76.994669,Ward 5,2026-05-11
2026-05-11,38.977128,-77.026233,Ward 4,2026-05-11
2026-05-11,38.975956,-77.026321,Ward 4,2026-05-11
2026-05-11,38.978262,-77.033117,Ward 4,2026-05-11
2026-05-11,38.978173,-77.031416,Ward 4,2026-05-11
2026-05-11,38.978174,-77.030335,Ward 4,2026-05-11
2026-05-11,38.978186,-77.028328,Ward 4,2026-05-11
2026-05-11,38.891565,-76.990545,Ward 6,2026-05-11
2026-05-11,38.937420,-77.026382,Ward 4,2026-05-11
2026-05-11,38.939375,-76.979609,Ward 5,2026-05-11
2026-05-11,38.925580,-76.966535,Ward 5,2026-05-11
2026-05-11,38.951159,-77.019882,Ward 4,2026-05-11
2026-05-11,38.950636,-77.090256,Ward 3,2026-05-12
2026-05-11,38.908882,-77.067611,Ward 2,2026-05-11
2026-05-11,38.945343,-77.074231,Ward 3,2026-05-12
2026-05-11,38.831176,-76.990119,Ward 8,2026-05-12
2026-05-11,38.831297,-76.989958,Ward 8,2026-05-12
2026-05-11,38.920364,-77.036495,Ward 1,2026-05-11
2026-05-11,38.868647,-76.944371,Ward 7,2026-05-12
2026-05-11,38.931622,-76.994670,Ward 5,2026-05-11
2026-05-11,38.946910,-77.094571,Ward 3,2026-05-12
2026-05-11,38.934708,-77.101707,Ward 3,2026-05-12
2026-05-11,38.854172,-76.988424,Ward 8,2026-05-12
2026-05-11,38.854172,-76.988424,Ward 8,2026-05-12
2026-05-11,38.893525,-76.916120,Ward 7,2026-05-13
2026-05-11,38.929893,-77.055565,Ward 3,2026-05-12
2026-05-11,38.917783,-77.044516,Ward 1,2026-05-12
2026-05-11,38.944977,-77.090883,Ward 3,2026-05-12
2026-05-12,38.906260,-76.998949,Ward 6,2026-05-12
2026-05-12,38.950198,-77.087158,Ward 3,2026-05-12
2026-05-12,38.976912,-77.027615,Ward 4,2026-05-12
2026-05-12,38.978186,-77.028328,Ward 4,2026-05-12
2026-05-12,38.884713,-76.922728,Ward 7,2026-05-14
2026-05-12,38.943348,-77.042518,Ward 4,2026-05-13
2026-05-12,38.918743,-77.027859,Ward 1,2026-05-12
2026-05-12,38.907064,-77.016938,Ward 2,2026-05-13
2026-05-12,38.968099,-77.035417,Ward 4,2026-05-13
2026-05-12,38.900497,-77.031119,Ward 2,2026-05-13
2026-05-12,38.883918,-76.981740,Ward 7,2026-05-14
2026-05-12,38.877696,-76.994280,Ward 8,2026-05-12
2026-05-12,38.935184,-77.103306,Ward 3,2026-05-13
2026-05-12,38.901607,-77.039830,Ward 2,2026-05-13
2026-05-12,38.934718,-77.026329,Ward 1,2026-05-12
2026-05-12,38.950782,-76.987860,Ward 5,2026-05-13
2026-05-12,38.901491,-76.992230,Ward 6,2026-05-13
2026-05-12,38.968482,-77.015851,Ward 4,2026-05-13
2026-05-12,38.926536,-77.107938,Ward 3,2026-05-13
2026-05-12,38.842558,-76.993704,Ward 8,2026-05-13
2026-05-12,38.907168,-77.056022,Ward 2,2026-05-13
2026-05-12,38.946311,-77.078785,Ward 3,2026-05-13
2026-05-13,38.976566,-77.028132,Ward 4,2026-05-13
2026-05-13,38.978524,-77.028111,Ward 4,2026-05-13
2026-05-13,38.914644,-77.013613,Ward 5,2026-05-14
2026-05-13,38.895824,-76.971737,Ward 7,2026-05-14
2026-05-13,38.963787,-77.065351,Ward 4,2026-05-13
2026-05-13,38.934687,-76.983902,Ward 5,2026-05-14
2026-05-13,38.928641,-76.985468,Ward 5,2026-05-14
2026-05-13,38.888446,-76.986257,Ward 6,2026-05-14
2026-05-13,38.897535,-76.935991,Ward 7,2026-05-14
2026-05-13,38.927505,-76.978315,Ward 5,2026-05-14
2026-05-13,38.883921,-76.978717,Ward 7,2026-05-14
2026-05-13,38.939507,-77.101166,Ward 3,2026-05-14
2026-05-13,38.879519,-76.944296,Ward 7,2026-05-14
2026-05-13,38.902514,-77.000572,Ward 6,2026-05-14
2026-05-13,38.931152,-77.030701,Ward 1,2026-05-14
2026-05-13,38.961102,-77.016884,Ward 4,2026-05-14
2026-05-13,38.890075,-76.981844,Ward 7,2026-05-14
2026-05-14,38.990481,-77.035533,Ward 4,2026-05-14
2026-05-14,38.842477,-76.991768,Ward 8,2026-05-15
2026-05-14,38.920677,-76.983916,Ward 5,2026-05-14
2026-05-14,38.937714,-77.065459,Ward 3,2026-05-14
2026-05-14,38.937832,-77.063156,Ward 3,2026-05-14
2026-05-14,38.937489,-77.065808,Ward 3,2026-05-14
2026-05-14,38.983740,-77.031044,Ward 4,2026-05-14
2026-05-14,38.907244,-77.037295,Ward 2,2026-05-18
2026-05-14,38.937714,-77.065459,Ward 3,2026-05-14
2026-05-14,38.920878,-77.095834,Ward 3,2026-05-15
2026-05-14,38.938151,-77.066389,Ward 3,2026-05-14
2026-05-14,38.950385,-77.021784,Ward 4,2026-05-14
2026-05-14,38.873798,-76.959498,Ward 7,2026-05-15
2026-05-14,38.826618,-77.012349,Ward 8,2026-05-15
2026-05-14,38.917390,-77.046169,Ward 1,2026-05-14
2026-05-14,38.929403,-77.031254,Ward 1,2026-05-14
2026-05-14,38.942483,-76.991252,Ward 5,2026-05-15
2026-05-14,38.964256,-77.007947,Ward 4,2026-05-15
2026-05-14,38.897582,-76.993140,Ward 6,2026-05-15
2026-05-14,38.947468,-76.991379,Ward 5,2026-05-15
2026-05-14,38.898216,-77.056347,Ward 2,2026-05-15
2026-05-14,38.947468,-76.991379,Ward 5,2026-05-15
2026-05-14,38.948218,-77.082447,Ward 3,2026-05-15
2026-05-14,38.907563,-77.028307,Ward 2,2026-05-15
2026-05-14,38.947721,-77.082883,Ward 3,2026-05-15
2026-05-15,38.976912,-77.027615,Ward 4,2026-05-15
2026-05-15,38.948624,-77.071221,Ward 3,2026-05-15
2026-05-15,38.904118,-76.988501,Ward 5,2026-05-18
2026-05-15,38.948047,-77.040899,Ward 4,2026-05-15
2026-05-15,38.942483,-76.991252,Ward 5,2026-05-15
2026-05-15,38.950385,-77.021784,Ward 4,2026-05-15
2026-05-15,38.942483,-76.991252,Ward 5,2026-05-15
2026-05-15,38.910375,-77.030712,Ward 2,2026-05-18
2026-05-15,38.987246,-77.041154,Ward 4,2026-05-18
2026-05-15,38.893374,-76.959629,Ward 7,2026-05-15
2026-05-15,38.932259,-77.096887,Ward 3,2026-05-18
2026-05-15,38.907512,-77.069239,Ward 2,2026-05-15
2026-05-15,38.902081,-76.925753,Ward 7,2026-05-18
2026-05-15,38.907245,-76.979594,Ward 5,2026-05-18
2026-05-15,38.948624,-77.071221,Ward 3,2026-05-19
2026-05-15,38.943358,-76.975982,Ward 5,2026-05-18
2026-05-15,38.947438,-76.992410,Ward 5,2026-05-18
2026-05-15,38.925068,-76.998678,Ward 5,2026-05-18
2026-05-15,38.947328,-77.016460,Ward 4,2026-05-18
2026-05-16,38.971334,-77.057511,Ward 4,2026-05-19
2026-05-16,38.971473,-77.067909,Ward 4,2026-05-18
2026-05-16,38.839710,-76.996861,Ward 8,2026-05-19
2026-05-16,38.886955,-76.989655,Ward 6,2026-05-18
2026-05-16,38.925068,-76.998678,Ward 5,2026-05-18
2026-05-16,38.845089,-77.001551,Ward 8,2026-05-19
2026-05-16,38.922161,-77.081088,Ward 3,2026-05-18
2026-05-16,38.923123,-76.990195,Ward 5,2026-05-18
2026-05-17,38.911121,-77.018923,Ward 2,2026-05-19
2026-05-17,38.925182,-76.998678,Ward 5,2026-05-18
2026-05-17,38.931921,-76.978245,Ward 5,2026-05-18
2026-05-17,38.964288,-77.007922,Ward 4,2026-05-18
2026-05-17,38.915754,-77.010588,Ward 5,2026-05-27
2026-05-17,38.881081,-77.020585,Ward 6,2026-05-18
2026-05-17,38.889245,-76.996420,Ward 6,2026-05-18
2026-05-17,38.950091,-77.021284,Ward 4,2026-05-18
2026-05-18,38.886955,-76.989655,Ward 6,2026-05-18
2026-05-18,38.870235,-76.954082,Ward 7,2026-05-18
2026-05-18,38.897909,-76.977352,Ward 7,2026-05-18
2026-05-18,38.937479,-76.990229,Ward 5,2026-05-18
2026-05-18,38.920273,-76.987054,Ward 5,2026-05-18
2026-05-18,38.896299,-76.984482,Ward 6,2026-05-18
2026-05-18,38.899148,-76.975986,Ward 5,2026-05-18
2026-05-18,38.900068,-77.029166,Ward 2,2026-05-19
2026-05-18,38.882969,-76.939252,Ward 7,2026-05-19
2026-05-18,38.876730,-77.002475,Ward 8,2026-05-18
2026-05-18,38.917203,-77.039231,Ward 1,2026-05-18
2026-05-18,38.949489,-77.073651,Ward 3,2026-05-18
2026-05-18,38.892080,-76.926704,Ward 7,2026-05-18
2026-05-18,38.914644,-77.013613,Ward 5,2026-05-19
2026-05-18,38.892057,-76.926607,Ward 7,2026-05-18
2026-05-18,38.863443,-76.986108,Ward 8,2026-05-20
2026-05-18,38.884713,-76.922728,Ward 7,2026-05-19
2026-05-18,38.979602,-77.034506,Ward 4,2026-05-19
2026-05-18,38.845782,-77.000378,Ward 8,2026-05-19
2026-05-18,38.833710,-77.009640,Ward 8,2026-05-20
2026-05-18,38.926022,-77.054553,Ward 3,2026-05-19
2026-05-19,38.894615,-76.987519,Ward 6,2026-05-27
2026-05-19,38.920463,-77.039049,Ward 1,2026-05-19
2026-05-19,38.978186,-77.028328,Ward 4,2026-05-19
2026-05-19,38.976566,-77.028132,Ward 4,2026-05-19
2026-05-19,38.978193,-77.028131,Ward 4,2026-05-19
2026-05-19,38.978196,-77.027278,Ward 4,2026-05-19
2026-05-19,38.914582,-77.090596,Ward 3,2026-05-19
2026-05-19,38.870331,-76.967001,Ward 7,2026-05-19
2026-05-19,38.912445,-77.017763,Ward 2,2026-05-19
2026-05-19,38.891857,-76.988836,Ward 6,2026-05-19
2026-05-19,38.939548,-77.041923,Ward 4,2026-05-19
2026-05-19,38.910793,-77.061829,Ward 2,2026-05-19
2026-05-19,38.911121,-77.018923,Ward 2,2026-05-19
2026-05-19,38.896462,-76.982428,Ward 7,2026-05-19
2026-05-19,38.855488,-76.995206,Ward 8,2026-05-20
2026-05-19,38.907942,-77.065916,Ward 2,2026-05-19
2026-05-19,38.868422,-76.975236,Ward 8,2026-05-20
2026-05-19,38.924721,-77.026033,Ward 1,2026-05-19
2026-05-19,38.938123,-76.977414,Ward 5,2026-05-19
2026-05-19,38.896462,-76.982428,Ward 7,2026-05-19
2026-05-19,38.951224,-77.097578,Ward 3,2026-05-20
2026-05-19,38.950336,-77.021782,Ward 4,2026-05-20
2026-05-19,38.900206,-77.033642,Ward 2,2026-05-20
2026-05-19,38.959971,-77.003478,Ward 4,2026-05-21
2026-05-19,38.889029,-76.989238,Ward 6,2026-05-20
2026-05-19,38.917708,-77.002297,Ward 5,2026-05-20
2026-05-20,38.915352,-77.038848,Ward 2,2026-05-20
2026-05-20,38.898620,-76.993991,Ward 6,2026-05-20
2026-05-20,38.889241,-76.988633,Ward 6,2026-05-20
2026-05-20,38.889065,-76.989925,Ward 6,2026-05-20
2026-05-20,38.886508,-76.945802,Ward 7,2026-05-20
2026-05-20,38.902780,-77.000322,Ward 6,2026-05-20
2026-05-20,38.876730,-77.002475,Ward 8,2026-05-20
2026-05-20,38.856963,-76.959953,Ward 7,2026-05-20
2026-05-20,38.945378,-76.990484,Ward 5,2026-05-20
2026-05-20,38.926367,-77.068339,Ward 3,2026-05-20
2026-05-20,38.935174,-76.981908,Ward 5,2026-05-20
2026-05-20,38.897827,-76.983885,Ward 6,2026-05-20
2026-05-20,38.962920,-77.070227,Ward 3,2026-05-20
2026-05-20,38.887829,-76.996374,Ward 6,2026-05-27
2026-05-20,38.938988,-77.020569,Ward 4,2026-05-21
2026-05-20,38.918815,-77.006451,Ward 5,2026-05-21
2026-05-20,38.972346,-77.019895,Ward 4,2026-05-21
2026-05-20,38.892581,-77.002754,Ward 6,2026-05-21
2026-05-20,38.957398,-77.069625,Ward 3,2026-05-21
2026-05-20,38.896868,-76.982597,Ward 7,2026-05-21
2026-05-20,38.931152,-77.030701,Ward 1,2026-05-21
2026-05-20,38.912358,-77.005826,Ward 5,2026-05-21
2026-05-20,38.912360,-77.005757,Ward 5,2026-05-21
2026-05-20,38.966865,-77.015898,Ward 4,2026-05-21
2026-05-20,38.899808,-77.029633,Ward 2,2026-05-21
2026-05-20,38.887592,-76.986913,Ward 6,2026-05-21
2026-05-20,38.887752,-76.986400,Ward 6,2026-05-21
2026-05-20,38.890457,-76.958886,Ward 7,2026-05-20
2026-05-20,38.860292,-76.955123,Ward 7,2026-05-21
2026-05-20,38.912017,-77.034824,Ward 2,2026-05-21
2026-05-20,38.912017,-77.034824,Ward 2,2026-05-21
2026-05-20,38.871211,-76.975755,Ward 8,2026-05-21
2026-05-20,38.929524,-77.027246,Ward 1,2026-05-21
2026-05-20,38.910520,-77.012701,Ward 5,2026-05-21
2026-05-20,38.890756,-76.960929,Ward 7,2026-05-20
2026-05-20,38.957058,-77.069913,Ward 3,2026-05-21
2026-05-20,38.910520,-77.012701,Ward 5,2026-05-21
2026-05-20,38.899358,-76.988532,Ward 6,2026-05-21
2026-05-20,38.944974,-77.073291,Ward 3,2026-05-21
2026-05-20,38.910520,-77.012701,Ward 5,2026-05-21
2026-05-20,38.851458,-76.965951,Ward 8,2026-05-21
2026-05-21,38.851458,-76.965951,Ward 8,2026-05-21
2026-05-21,38.910282,-77.063720,Ward 2,2026-05-21
2026-05-21,38.892566,-76.922105,Ward 7,2026-05-21
2026-05-21,38.893949,-76.983899,Ward 6,2026-05-21
2026-05-21,38.958672,-77.061008,Ward 4,2026-05-21
2026-05-21,38.936172,-76.988679,Ward 5,2026-05-21
2026-05-21,38.934628,-76.988841,Ward 5,2026-05-21
2026-05-21,38.909038,-76.983989,Ward 5,2026-05-21
2026-05-21,38.934841,-76.984590,Ward 5,2026-05-21
2026-05-21,38.935306,-76.989101,Ward 5,2026-05-21
2026-05-21,38.909113,-76.983654,Ward 5,2026-05-21
2026-05-21,38.921887,-77.040149,Ward 1,2026-05-21
2026-05-21,38.922081,-77.040403,Ward 1,2026-05-21
2026-05-21,38.969560,-77.009283,Ward 4,2026-05-21
2026-05-21,38.882520,-76.987403,Ward 6,2026-05-21
2026-05-21,38.942891,-77.093750,Ward 3,2026-05-21
2026-05-21,38.922027,-77.040407,Ward 1,2026-05-21
2026-05-21,38.922135,-77.040444,Ward 1,2026-05-21
2026-05-21,38.930135,-76.992703,Ward 5,2026-05-21
2026-05-21,38.926324,-77.052159,Ward 3,2026-05-21
2026-05-21,38.924439,-77.067224,Ward 3,2026-05-21
2026-05-21,38.947636,-77.007138,Ward 5,2026-05-21
2026-05-21,38.896104,-76.926663,Ward 7,2026-05-21
2026-05-21,38.922135,-77.040444,Ward 1,2026-05-21
2026-05-21,38.905015,-77.063023,Ward 2,2026-05-27
2026-05-21,38.898258,-76.985228,Ward 6,2026-05-21
2026-05-21,38.897911,-76.994213,Ward 6,2026-05-21
2026-05-21,38.865763,-76.968124,Ward 7,2026-05-21
2026-05-21,38.887410,-76.987584,Ward 6,2026-05-27
2026-05-21,38.924537,-76.991279,Ward 5,2026-05-27
2026-05-21,38.915003,-77.010461,Ward 5,2026-05-21
2026-05-21,38.912358,-77.005826,Ward 5,2026-05-21
2026-05-21,38.970098,-77.015914,Ward 4,2026-05-21
2026-05-21,38.935460,-77.054014,Ward 3,2026-05-22
2026-05-21,38.907577,-77.044613,Ward 2,2026-05-22
2026-05-21,38.873132,-76.963735,Ward 7,2026-05-22
2026-05-21,38.941831,-77.061789,Ward 3,2026-05-22
2026-05-21,38.936052,-77.071871,Ward 3,2026-05-22
2026-05-21,38.825098,-76.998119,Ward 8,2026-05-22
2026-05-21,38.924530,-77.080630,Ward 3,2026-05-22
2026-05-21,38.942761,-77.072634,Ward 3,2026-05-21
2026-05-21,38.940801,-76.977555,Ward 5,2026-05-22
2026-05-21,38.940801,-76.977555,Ward 5,2026-05-22
2026-05-21,38.866276,-76.970213,Ward 8,2026-05-22
2026-05-21,38.940801,-76.977555,Ward 5,2026-05-27
2026-05-22,38.976566,-77.028132,Ward 4,2026-05-22
2026-05-22,38.978262,-77.033117,Ward 4,2026-05-22
2026-05-22,38.881108,-76.988115,Ward 6,2026-05-22
2026-05-22,38.947614,-77.039570,Ward 4,2026-05-22
2026-05-22,38.921086,-76.983743,Ward 5,2026-05-22
2026-05-22,38.856877,-76.957124,Ward 7,2026-05-22
2026-05-22,38.866276,-76.970213,Ward 8,2026-05-22
2026-05-22,38.911732,-77.037617,Ward 2,2026-05-27
2026-05-22,38.952254,-77.020558,Ward 4,2026-05-22
2026-05-22,38.932452,-76.971877,Ward 5,2026-05-22
2026-05-22,38.935629,-77.055649,Ward 3,2026-05-22
2026-05-22,38.866844,-76.948900,Ward 7,2026-05-22
2026-05-22,38.912936,-77.062349,Ward 2,2026-05-22
2026-05-22,38.930247,-77.074715,Ward 3,2026-05-22
2026-05-22,38.847178,-76.971092,Ward 8,2026-05-26
2026-05-22,38.913344,-77.014085,Ward 5,2026-05-28
2026-05-22,38.955875,-77.063148,Ward 3,2026-05-22
2026-05-22,38.946504,-77.086986,Ward 3,2026-05-22
2026-05-22,38.890570,-77.000374,Ward 6,2026-05-22
2026-05-22,38.937528,-77.070752,Ward 3,2026-05-26
2026-05-22,38.906234,-77.055975,Ward 2,2026-05-26
2026-05-22,38.877431,-76.962345,Ward 7,2026-05-26
2026-05-22,38.910520,-77.012701,Ward 5,2026-05-26
2026-05-22,38.864046,-76.947535,Ward 7,2026-05-26
2026-05-22,38.916132,-77.040146,Ward 2,2026-05-26
2026-05-23,38.868232,-76.979007,Ward 8,2026-05-26
2026-05-23,38.927879,-76.969394,Ward 5,2026-05-26
2026-05-23,38.869991,-76.953982,Ward 7,2026-05-26
2026-05-23,38.960047,-77.002518,Ward 4,2026-05-26
2026-05-23,38.884101,-76.981496,Ward 7,2026-05-26
2026-05-23,38.884101,-76.981496,Ward 7,2026-05-26
2026-05-23,38.888652,-76.934325,Ward 7,2026-05-26
2026-05-23,38.949957,-77.038902,Ward 4,2026-05-26
2026-05-23,38.884543,-76.979245,Ward 7,2026-05-26
2026-05-23,38.927301,-77.056175,Ward 3,2026-05-26
2026-05-23,38.864033,-76.948206,Ward 7,2026-05-26
2026-05-23,38.878799,-77.021107,Ward 6,2026-05-26
2026-05-23,38.906234,-77.055975,Ward 2,2026-05-26
2026-05-23,38.927321,-77.037328,Ward 1,2026-05-26
2026-05-24,38.953741,-77.056296,Ward 3,2026-05-26
2026-05-24,38.891318,-76.987314,Ward 6,2026-05-26
2026-05-24,38.904483,-77.001828,Ward 6,2026-05-26
2026-05-24,38.915000,-77.051523,Ward 2,2026-05-26
2026-05-24,38.906723,-77.013219,Ward 5,2026-05-26
2026-05-24,38.901232,-76.983426,Ward 5,2026-05-26
2026-05-24,38.949930,-77.025220,Ward 4,2026-05-26
2026-05-24,38.914986,-77.025213,Ward 1,2026-05-26
2026-05-24,38.956608,-77.090631,Ward 3,2026-05-26
2026-05-24,38.914986,-77.025213,Ward 1,2026-05-26
2026-05-24,38.926380,-76.988484,Ward 5,2026-05-26
2026-05-25,38.928648,-76.989526,Ward 5,2026-05-26
2026-05-25,38.943002,-76.983378,Ward 5,2026-05-26
2026-05-25,38.899272,-76.928268,Ward 7,2026-05-27
2026-05-25,38.920667,-77.013848,Ward 5,2026-05-26
2026-05-25,38.911870,-77.041354,Ward 2,2026-05-26
2026-05-25,38.944212,-77.049686,Ward 3,2026-05-26
2026-05-25,38.940801,-76.977555,Ward 5,2026-05-26
2026-05-25,38.942924,-77.094724,Ward 3,2026-05-26
2026-05-25,38.972627,-77.061271,Ward 4,2026-05-28
2026-05-25,38.914451,-77.014446,Ward 5,2026-05-26
2026-05-25,38.974864,-77.036364,Ward 4,2026-05-25
2026-05-25,38.974864,-77.036364,Ward 4,2026-05-25
2026-05-25,38.974864,-77.036364,Ward 4,2026-05-25
2026-05-25,38.976536,-77.026281,Ward 4,2026-05-26
2026-05-25,38.929385,-76.967877,Ward 5,2026-05-26
2026-05-25,38.977361,-77.034413,Ward 4,2026-05-26
2026-05-25,38.896813,-77.001803,Ward 6,2026-05-26
2026-05-25,38.934285,-76.962829,Ward 5,2026-05-25
2026-05-25,38.934285,-76.962829,Ward 5,2026-05-25
2026-05-25,38.864402,-76.946322,Ward 7,2026-05-26
2026-05-26,38.920605,-76.981433,Ward 5,2026-05-26
2026-05-26,38.946464,-77.094928,Ward 3,2026-05-26
2026-05-26,38.902528,-77.053306,Ward 2,2026-05-26
2026-05-26,38.868908,-76.955292,Ward 7,2026-05-26
2026-05-26,38.902598,-77.062755,Ward 2,2026-05-26
2026-05-26,38.964146,-77.071235,Ward 3,2026-05-27
2026-05-26,38.948278,-77.006233,Ward 5,2026-05-26
2026-05-26,38.962394,-77.037492,Ward 4,2026-05-26
2026-05-26,38.956524,-76.994402,Ward 5,2026-05-26
2026-05-26,38.956524,-76.994402,Ward 5,2026-05-26
2026-05-26,38.931069,-77.031646,Ward 1,2026-05-27
2026-05-26,38.912463,-77.070600,Ward 2,2026-05-27
2026-05-26,38.912439,-77.071733,Ward 2,2026-05-27
2026-05-26,38.912675,-77.069245,Ward 2,2026-05-27
2026-05-26,38.953879,-77.028237,Ward 4,2026-05-26
2026-05-26,38.906741,-77.027314,Ward 2,2026-05-27
2026-05-26,38.906587,-76.984149,Ward 5,2026-05-26
2026-05-26,38.910723,-77.067872,Ward 2,2026-05-27
2026-05-26,38.910942,-77.066632,Ward 2,2026-05-27
2026-05-26,38.867674,-76.943973,Ward 7,2026-05-27
2026-05-26,38.904113,-76.992662,Ward 5,2026-05-27
2026-05-26,38.903905,-76.996834,Ward 6,2026-05-27
2026-05-26,38.849770,-76.975058,Ward 8,2026-05-27
2026-05-26,38.910863,-77.028316,Ward 2,2026-05-27
2026-05-26,38.909801,-77.023711,Ward 2,2026-05-27
2026-05-26,38.958230,-77.083166,Ward 3,2026-05-27
2026-05-26,38.944265,-77.011928,Ward 4,2026-05-27
2026-05-26,38.957464,-77.036038,Ward 4,2026-05-27
2026-05-27,38.907819,-76.928902,Ward 7,2026-05-27
2026-05-27,38.920605,-76.981433,Ward 5,2026-05-27
2026-05-27,38.927864,-77.082617,Ward 3,2026-05-27
2026-05-27,38.885224,-76.988558,Ward 6,2026-05-27
2026-05-27,38.891377,-76.960957,Ward 7,2026-05-27
2026-05-27,38.964146,-77.071235,Ward 3,2026-05-27
2026-05-27,38.877577,-76.937530,Ward 7,2026-05-28
2026-05-27,38.942917,-77.086457,Ward 3,2026-05-27
2026-05-27,38.885677,-76.948889,Ward 7,2026-05-27
2026-05-27,38.937951,-77.066926,Ward 3,2026-05-27
2026-05-27,38.943782,-77.039600,Ward 4,2026-05-27
2026-05-27,38.945284,-77.035153,Ward 4,2026-05-27
2026-05-27,38.906667,-77.036971,Ward 2,2026-05-28
2026-05-27,38.878435,-76.933699,Ward 7,2026-05-28
2026-05-27,38.924569,-77.036914,Ward 1,2026-05-27
2026-05-27,38.901492,-76.992089,Ward 6,2026-05-28
2026-05-27,38.863529,-76.981308,Ward 8,2026-05-29
2026-05-27,38.947066,-77.023368,Ward 4,2026-05-28
2026-05-27,38.938595,-76.975964,Ward 5,2026-05-28
2026-05-27,38.926701,-77.080456,Ward 3,2026-05-28
2026-05-27,38.962292,-77.067769,Ward 3,2026-05-28
2026-05-27,38.919351,-77.029276,Ward 1,2026-05-28
2026-05-27,38.903554,-76.978808,Ward 5,2026-05-28
2026-05-28,38.911732,-77.037617,Ward 2,2026-05-28
2026-05-28,38.900497,-77.031119,Ward 2,2026-05-28
2026-05-28,38.918392,-77.040046,Ward 1,2026-05-28
2026-05-28,38.944343,-77.019066,Ward 4,2026-05-28
2026-05-28,38.940938,-76.994029,Ward 5,2026-05-28
2026-05-28,38.940940,-76.994209,Ward 5,2026-05-28
2026-05-28,38.930736,-77.057865,Ward 3,2026-05-28
2026-05-28,38.940937,-76.993702,Ward 5,2026-05-28
2026-05-28,38.931542,-77.056699,Ward 3,2026-05-28
2026-05-28,38.896002,-76.916596,Ward 7,2026-05-29
2026-05-28,38.943017,-76.986985,Ward 5,2026-05-28
2026-05-28,38.930307,-77.058117,Ward 3,2026-05-28
2026-05-28,38.931542,-77.056699,Ward 3,2026-05-28
2026-05-28,38.940937,-76.993702,Ward 5,2026-05-28
2026-05-28,38.847458,-77.000784,Ward 8,2026-05-28
2026-05-28,38.847458,-77.000784,Ward 8,2026-05-28
2026-05-28,38.868122,-76.942084,Ward 7,2026-05-28
2026-05-28,38.941113,-77.091951,Ward 3,2026-05-28
2026-05-28,38.828969,-76.994213,Ward 8,2026-05-29
2026-05-28,38.942044,-77.041008,Ward 4,2026-05-29
2026-05-28,38.918726,-77.003513,Ward 5,2026-05-28
2026-05-28,38.833017,-76.999717,Ward 8,2026-06-01
2026-05-28,38.930356,-77.034605,Ward 1,2026-05-28
2026-05-28,38.928648,-76.989526,Ward 5,2026-05-29
2026-05-28,38.941704,-77.041852,Ward 4,2026-05-29
2026-05-28,38.906976,-77.066746,Ward 2,2026-05-29
2026-05-28,38.889511,-76.996956,Ward 6,2026-05-28
2026-05-28,38.940412,-77.002184,Ward 5,2026-05-29
2026-05-28,38.913480,-77.041379,Ward 2,2026-05-29
2026-05-28,38.966885,-77.070815,Ward 3,2026-05-29
2026-05-28,38.866096,-77.016039,Ward 6,2026-05-29
2026-05-28,38.922868,-77.027788,Ward 1,2026-05-29
2026-05-28,38.911732,-77.037617,Ward 2,2026-05-29
2026-05-28,38.910384,-77.038487,Ward 2,2026-05-29
2026-05-28,38.845504,-76.984563,Ward 8,2026-06-01
2026-05-29,38.959217,-77.070716,Ward 3,2026-05-29
2026-05-29,38.909216,-76.987210,Ward 5,2026-05-29
2026-05-29,38.909744,-76.986955,Ward 5,2026-05-29
2026-05-29,38.934406,-76.964243,Ward 5,2026-05-29
2026-05-29,38.926992,-77.106328,Ward 3,2026-05-29
2026-05-29,38.898908,-76.996168,Ward 6,2026-05-29
2026-05-29,38.939128,-77.093075,Ward 3,2026-06-01
2026-05-29,38.894078,-76.956361,Ward 7,2026-05-29
2026-05-29,38.863811,-76.991547,Ward 8,2026-06-01
2026-05-29,38.831379,-76.988635,Ward 8,2026-06-01
2026-05-29,38.955310,-77.067793,Ward 3,2026-05-29
2026-05-29,38.945429,-77.028476,Ward 4,2026-05-29
2026-05-29,38.955253,-77.013359,Ward 4,2026-06-02
2026-05-29,38.891347,-76.995219,Ward 6,2026-06-01
2026-05-29,38.940189,-77.021116,Ward 4,2026-05-29
2026-05-29,38.870180,-76.944384,Ward 7,2026-05-29
2026-05-29,38.957221,-77.085985,Ward 3,2026-06-01
2026-05-29,38.939531,-77.039578,Ward 4,2026-06-01
2026-05-29,38.966561,-77.022668,Ward 4,2026-06-01
2026-05-29,38.898288,-76.986313,Ward 6,2026-06-01
2026-05-29,38.965951,-77.034171,Ward 4,2026-06-02
2026-05-29,38.911732,-77.037617,Ward 2,2026-06-02
2026-05-29,38.947245,-77.069088,Ward 3,2026-06-01
2026-05-29,38.939983,-77.033694,Ward 4,2026-06-01
2026-05-29,38.869466,-76.962702,Ward 7,2026-06-01
2026-05-29,38.904320,-76.994354,Ward 6,2026-06-01
2026-05-29,38.966202,-77.007033,Ward 4,2026-06-01
2026-05-30,38.941662,-77.035218,Ward 4,2026-06-01
2026-05-30,38.941675,-77.035080,Ward 4,2026-06-01
2026-05-30,38.962510,-77.017337,Ward 4,2026-06-01
2026-05-30,38.864141,-76.957675,Ward 7,2026-06-01
2026-05-30,38.890253,-76.933118,Ward 7,2026-06-01
2026-05-30,38.909642,-77.016163,Ward 5,2026-06-03
2026-05-30,38.947067,-77.097938,Ward 3,2026-06-01
2026-05-30,38.945514,-76.990498,Ward 5,2026-06-01
2026-05-30,38.854507,-76.990370,Ward 8,2026-06-01
2026-05-30,38.854172,-76.988424,Ward 8,2026-06-01
2026-05-30,38.929337,-77.035558,Ward 1,2026-06-01
2026-05-30,38.973935,-77.058906,Ward 4,2026-06-01
2026-05-30,38.899310,-76.984718,Ward 6,2026-06-01
2026-05-30,38.960138,-77.072011,Ward 3,2026-06-01
2026-05-30,38.845089,-76.999807,Ward 8,2026-05-31
2026-05-31,38.960604,-77.072550,Ward 3,2026-06-01
2026-05-31,38.960316,-77.071671,Ward 3,2026-06-01
2026-05-31,38.919723,-77.093565,Ward 3,2026-05-31
2026-05-31,38.919377,-77.094573,Ward 3,2026-05-31
2026-05-31,38.903906,-76.997019,Ward 6,2026-06-01
2026-05-31,38.923927,-77.078271,Ward 3,2026-06-01
2026-05-31,38.937955,-77.070816,Ward 3,2026-06-01
2026-05-31,38.972737,-77.035985,Ward 4,2026-06-01
2026-05-31,38.929838,-77.033294,Ward 1,2026-06-02
2026-05-31,38.960138,-77.072011,Ward 3,2026-06-01
2026-05-31,38.960316,-77.071671,Ward 3,2026-06-01
2026-05-31,38.927321,-77.037328,Ward 1,2026-06-01
2026-05-31,38.951733,-77.073775,Ward 3,2026-06-01
2026-05-31,38.909247,-77.016154,Ward 2,2026-06-03
2026-05-31,38.887241,-76.992426,Ward 6,2026-06-01
2026-05-31,38.971615,-77.010511,Ward 4,2026-06-01
2026-05-31,38.898914,-76.941097,Ward 7,2026-06-01
2026-05-31,38.971707,-77.010035,Ward 4,2026-06-01
2026-06-01,38.852387,-76.982765,Ward 8,2026-06-01
2026-06-01,38.894234,-76.935914,Ward 7,2026-06-01
2026-06-01,38.975041,-77.066647,Ward 4,2026-06-01
2026-06-01,38.897335,-77.000571,Ward 6,2026-06-01
2026-06-01,38.950965,-76.985966,Ward 5,2026-06-01
2026-06-01,38.964499,-77.020429,Ward 4,2026-06-01
2026-06-01,38.944835,-77.027887,Ward 4,2026-06-01
2026-06-01,38.950238,-77.061902,Ward 3,2026-06-01
2026-06-01,38.959805,-77.064427,Ward 4,2026-06-01
2026-06-01,38.861829,-76.979862,Ward 8,2026-06-01
2026-06-01,38.877387,-76.961793,Ward 7,2026-06-01
2026-06-01,38.915972,-77.074508,Ward 2,2026-06-01
2026-06-01,38.976912,-77.027615,Ward 4,2026-06-01
2026-06-01,38.902125,-77.028647,Ward 2,2026-06-02
2026-06-01,38.825098,-76.998119,Ward 8,2026-06-01
2026-06-01,38.824773,-76.998245,Ward 8,2026-06-01
2026-06-01,38.825153,-76.999098,Ward 8,2026-06-01
2026-06-01,38.969396,-77.074277,Ward 3,2026-06-01
2026-06-01,38.922155,-77.009839,Ward 5,2026-06-01
2026-06-01,38.949494,-77.061993,Ward 3,2026-06-01
2026-06-01,38.989277,-77.034827,Ward 4,2026-06-01
2026-06-01,38.899779,-76.998669,Ward 6,2026-06-02
2026-06-01,38.900669,-77.027444,Ward 2,2026-06-02
2026-06-01,38.910310,-77.028404,Ward 2,2026-06-02
2026-06-01,38.922155,-77.009839,Ward 5,2026-06-04
2026-06-01,38.963618,-77.036384,Ward 4,2026-06-02
2026-06-01,38.918985,-77.097593,Ward 3,2026-06-04
2026-06-01,38.929509,-77.040263,Ward 1,2026-06-02
2026-06-02,38.874826,-76.970349,Ward 7,2026-06-02
2026-06-02,38.955204,-77.016389,Ward 4,2026-06-02
2026-06-02,38.859920,-76.989910,Ward 8,2026-06-02
2026-06-02,38.973732,-77.054155,Ward 4,2026-06-02
2026-06-02,38.895016,-77.010522,Ward 6,2026-06-02
2026-06-02,38.950385,-77.021784,Ward 4,2026-06-02
2026-06-02,38.890403,-76.979684,Ward 7,2026-06-02
2026-06-02,38.841795,-76.997151,Ward 8,2026-06-04
2026-06-02,38.927403,-77.038107,Ward 1,2026-06-02
2026-06-02,38.968893,-77.072510,Ward 3,2026-06-03
2026-06-02,38.945547,-77.034260,Ward 4,2026-06-02
2026-06-02,38.894238,-76.935973,Ward 7,2026-06-02
2026-06-02,38.927740,-77.099563,Ward 3,2026-06-02
2026-06-02,38.943492,-77.017427,Ward 4,2026-06-02
2026-06-02,38.916654,-77.006766,Ward 5,2026-06-03
2026-06-02,38.943061,-76.978080,Ward 5,2026-06-03
2026-06-02,38.905815,-76.944656,Ward 7,2026-06-02
2026-06-02,38.863236,-76.997840,Ward 8,2026-06-03
2026-06-02,38.931777,-77.033852,Ward 1,2026-06-03
2026-06-02,38.914684,-77.033920,Ward 2,2026-06-03
2026-06-02,38.911732,-77.037617,Ward 2,2026-06-04
2026-06-02,38.906231,-76.999752,Ward 6,2026-06-03
2026-06-03,38.943225,-77.003313,Ward 5,2026-06-03
2026-06-03,38.930141,-77.019941,Ward 1,2026-06-04
2026-06-03,38.920273,-76.987054,Ward 5,2026-06-03
2026-06-03,38.926532,-77.054888,Ward 3,2026-06-03
2026-06-03,38.976783,-77.024673,Ward 4,2026-06-03
2026-06-03,38.844260,-76.989599,Ward 8,2026-06-04
2026-06-03,38.916210,-77.047447,Ward 2,2026-06-03
2026-06-03,38.939667,-77.019991,Ward 4,2026-06-03
2026-06-03,38.921771,-77.001807,Ward 5,2026-06-04
2026-06-03,38.969203,-77.031686,Ward 4,2026-06-04
2026-06-03,38.905803,-77.026552,Ward 2,2026-06-03
2026-06-03,38.965124,-77.021638,Ward 4,2026-06-03
2026-06-03,38.964513,-77.020495,Ward 4,2026-06-03
2026-06-03,38.927449,-77.108349,Ward 3,2026-06-04
2026-06-03,38.910089,-77.031054,Ward 2,2026-06-04
2026-06-03,38.865196,-76.964000,Ward 7,2026-06-04
2026-06-04,38.905103,-76.977192,Ward 5,2026-06-04
2026-06-04,38.904826,-76.977006,Ward 5,2026-06-04
2026-06-04,38.902413,-76.924429,Ward 7,2026-06-04
2026-06-04,38.896745,-76.934276,Ward 7,2026-06-04
2026-06-04,38.928106,-77.056686,Ward 3,2026-06-05
2026-06-04,38.900747,-77.054701,Ward 2,2026-06-04
2026-06-04,38.927449,-77.108349,Ward 3,2026-06-04
2026-06-04,38.892732,-76.951730,Ward 7,2026-06-04
2026-06-04,38.978460,-77.026664,Ward 4,2026-06-04
2026-06-04,38.841795,-76.997151,Ward 8,2026-06-05
2026-06-04,38.950496,-77.058329,Ward 3,2026-06-04
2026-06-04,38.951378,-77.022303,Ward 4,2026-06-05
2026-06-04,38.937741,-77.033892,Ward 4,2026-06-05
2026-06-04,38.863486,-76.964804,Ward 7,2026-06-04
2026-06-04,38.955510,-77.026675,Ward 4,2026-06-05
2026-06-04,38.924659,-76.998703,Ward 5,2026-06-05
2026-06-04,38.906766,-77.067812,Ward 2,2026-06-05
2026-06-05,38.932290,-77.029310,Ward 1,2026-06-05
2026-06-05,38.928456,-76.987624,Ward 5,2026-06-05
2026-06-05,38.895982,-77.026488,Ward 2,2026-06-05
2026-06-05,38.872978,-77.017556,Ward 6,2026-06-05
2026-06-05,38.977581,-77.024225,Ward 4,2026-06-05
2026-06-05,38.945412,-77.039085,Ward 4,2026-06-05
2026-06-05,38.902213,-77.035845,Ward 2,2026-06-08
2026-06-05,38.904812,-76.983843,Ward 5,2026-06-05
2026-06-05,38.852388,-76.965996,Ward 8,2026-06-05
2026-06-05,38.915765,-77.051831,Ward 2,2026-06-05
2026-06-05,38.884251,-76.989995,Ward 6,2026-06-05
2026-06-05,38.833710,-77.009640,Ward 8,2026-06-05
2026-06-05,38.955665,-77.068497,Ward 3,2026-06-05
2026-06-05,38.909765,-77.061418,Ward 2,2026-06-05
2026-06-05,38.946050,-77.092404,Ward 3,2026-06-08
2026-06-05,38.928483,-77.035782,Ward 1,2026-06-08
2026-06-05,38.918557,-77.044056,Ward 1,2026-06-09
2026-06-05,38.843140,-76.996292,Ward 8,2026-06-05
2026-06-05,38.843131,-76.996391,Ward 8,2026-06-05
2026-06-05,38.971713,-77.034462,Ward 4,2026-06-08
2026-06-05,38.862686,-76.961928,Ward 7,2026-06-05
2026-06-05,38.891160,-76.988756,Ward 6,2026-06-08
2026-06-05,38.985119,-77.029433,Ward 4,2026-06-08
2026-06-05,38.907450,-77.087053,Ward 3,2026-06-09
2026-06-05,38.905471,-77.057560,Ward 2,2026-06-08
2026-06-05,38.949015,-77.056248,Ward 3,2026-06-08
2026-06-05,38.905773,-77.067979,Ward 2,2026-06-08
2026-06-05,38.905938,-77.066938,Ward 2,2026-06-08
2026-06-06,38.971297,-77.034820,Ward 4,2026-06-08
2026-06-06,38.908701,-77.069731,Ward 2,2026-06-08
2026-06-06,38.970878,-77.024415,Ward 4,2026-06-08
2026-06-06,38.959240,-77.017789,Ward 4,2026-06-08
2026-06-06,38.917513,-77.035537,Ward 1,2026-06-09
2026-06-06,38.959757,-77.081754,Ward 3,2026-06-08
2026-06-07,38.987553,-77.042050,Ward 4,2026-06-08
2026-06-07,38.850146,-76.984637,Ward 8,2026-06-08
2026-06-07,38.927865,-76.998670,Ward 5,2026-06-08
2026-06-07,38.925591,-77.000570,Ward 5,2026-06-08
2026-06-07,38.926618,-77.000569,Ward 5,2026-06-08
2026-06-07,38.918726,-77.003513,Ward 5,2026-06-08
2026-06-07,38.930921,-76.999960,Ward 5,2026-06-08
2026-06-07,38.926618,-77.000569,Ward 5,2026-06-08
2026-06-07,38.890717,-76.982979,Ward 7,2026-06-08
2026-06-07,38.926618,-77.000569,Ward 5,2026-06-08
2026-06-07,38.932367,-76.995577,Ward 5,2026-06-08
2026-06-07,38.857512,-76.986260,Ward 8,2026-06-08
2026-06-07,38.936128,-77.031563,Ward 1,2026-06-08
2026-06-07,38.898924,-76.941154,Ward 7,2026-06-08
2026-06-07,38.920021,-77.003325,Ward 5,2026-06-08
2026-06-08,38.976912,-77.027615,Ward 4,2026-06-08
2026-06-08,38.976566,-77.028132,Ward 4,2026-06-08
2026-06-08,38.961017,-77.060358,Ward 4,2026-06-09
2026-06-08,38.913894,-77.036937,Ward 2,2026-06-09
2026-06-08,38.914093,-77.036509,Ward 2,2026-06-09
2026-06-08,38.872104,-76.970309,Ward 7,2026-06-08
2026-06-08,38.872104,-76.970309,Ward 7,2026-06-08
2026-06-08,38.892496,-76.946598,Ward 7,2026-06-08
2026-06-08,38.944219,-77.039020,Ward 4,2026-06-08
2026-06-08,38.955665,-77.068497,Ward 3,2026-06-08
2026-06-08,38.948104,-77.085514,Ward 3,2026-06-08
2026-06-08,38.890596,-76.923724,Ward 7,2026-06-08
2026-06-08,38.932932,-77.037729,Ward 1,2026-06-09
2026-06-08,38.912874,-77.034195,Ward 2,2026-06-09
2026-06-08,38.884451,-76.998925,Ward 6,2026-06-08
2026-06-08,38.983497,-77.056174,Ward 4,2026-06-08
2026-06-08,38.934340,-77.026075,Ward 1,2026-06-08
2026-06-08,38.957874,-77.078596,Ward 3,2026-06-09
2026-06-08,38.914919,-77.004332,Ward 5,2026-06-08
2026-06-08,38.985651,-77.037626,Ward 4,2026-06-09
2026-06-08,38.945536,-77.094343,Ward 3,2026-06-09
2026-06-08,38.945725,-77.094101,Ward 3,2026-06-09
2026-06-08,38.932244,-76.980919,Ward 5,2026-06-09
2026-06-08,38.930735,-77.109743,Ward 3,2026-06-09
2026-06-08,38.833710,-77.009640,Ward 8,2026-06-08
2026-06-08,38.960475,-77.070031,Ward 3,2026-06-09
2026-06-08,38.955665,-77.068497,Ward 3,2026-06-09
2026-06-08,38.831251,-77.009419,Ward 8,2026-06-09
2026-06-08,38.873323,-76.959676,Ward 7,2026-06-09
2026-06-08,38.976093,-77.028164,Ward 4,2026-06-09
2026-06-09,38.845788,-76.970131,Ward 8,2026-06-09
2026-06-09,38.887445,-76.993281,Ward 6,2026-06-09
2026-06-09,38.927114,-77.086216,Ward 3,2026-06-09
2026-06-09,38.951899,-77.085229,Ward 3,2026-06-09
2026-06-09,38.859812,-76.983869,Ward 8,2026-06-09
2026-06-09,38.890596,-76.923724,Ward 7,2026-06-09
2026-06-09,38.930712,-77.030024,Ward 1,2026-06-09
2026-06-09,38.871726,-76.972937,Ward 8,2026-06-09
2026-06-09,38.948611,-77.087927,Ward 3,2026-06-17
2026-06-09,38.893958,-77.039996,Ward 2,2026-06-10
2026-06-09,38.891340,-76.984259,Ward 6,2026-06-09
2026-06-09,38.941623,-77.015625,Ward 4,2026-06-09
2026-06-09,38.946310,-77.033983,Ward 4,2026-06-10
2026-06-09,38.896792,-76.974189,Ward 7,2026-06-10
2026-06-10,38.945716,-77.087334,Ward 3,2026-06-10
2026-06-10,38.928418,-77.088262,Ward 3,2026-06-10
2026-06-10,38.976093,-77.028164,Ward 4,2026-06-10
2026-06-10,38.978262,-77.033117,Ward 4,2026-06-10
2026-06-10,38.977361,-77.034413,Ward 4,2026-06-10
2026-06-10,38.898885,-76.936291,Ward 7,2026-06-11
2026-06-10,38.909169,-77.057881,Ward 2,2026-06-10
2026-06-10,38.964679,-77.078487,Ward 3,2026-06-10
2026-06-10,38.909169,-77.057881,Ward 2,2026-06-10
2026-06-10,38.902261,-76.992864,Ward 6,2026-06-10
2026-06-10,38.885083,-76.943231,Ward 7,2026-06-10
2026-06-10,38.894661,-76.999241,Ward 6,2026-06-10
2026-06-10,38.957456,-77.033833,Ward 4,2026-06-11
2026-06-10,38.932615,-77.085973,Ward 3,2026-06-17
2026-06-10,38.926619,-77.037248,Ward 1,2026-06-11
2026-06-10,38.936724,-76.980128,Ward 5,2026-06-11
2026-06-10,38.943063,-76.980099,Ward 5,2026-06-11
2026-06-10,38.896019,-77.040346,Ward 2,2026-06-11
2026-06-10,38.891885,-76.932910,Ward 7,2026-06-11
2026-06-10,38.971056,-77.068436,Ward 4,2026-06-11
2026-06-10,38.892077,-76.933852,Ward 7,2026-06-11
2026-06-11,38.976566,-77.028132,Ward 4,2026-06-11
2026-06-11,38.977361,-77.034413,Ward 4,2026-06-11
2026-06-11,38.857997,-76.986352,Ward 8,2026-06-11
2026-06-11,38.908346,-77.057300,Ward 2,2026-06-12
2026-06-11,38.840823,-77.000247,Ward 8,2026-06-12
2026-06-11,38.893392,-76.955542,Ward 7,2026-06-11
2026-06-11,38.873346,-77.014191,Ward 6,2026-06-11
2026-06-11,38.931027,-77.037405,Ward 1,2026-06-11
2026-06-11,38.933432,-77.050763,Ward 3,2026-06-11
2026-06-11,38.894993,-77.002985,Ward 6,2026-06-11
2026-06-11,38.871060,-76.955030,Ward 7,2026-06-12
2026-06-11,38.837880,-76.998681,Ward 8,2026-06-12
2026-06-11,38.868778,-76.947080,Ward 7,2026-06-12
2026-06-11,38.920964,-77.036489,Ward 1,2026-06-12
2026-06-12,38.955590,-77.021327,Ward 4,2026-06-12
2026-06-12,38.932672,-77.044686,Ward 1,2026-06-12
2026-06-12,38.955156,-77.021411,Ward 4,2026-06-12
2026-06-12,38.935521,-77.104541,Ward 3,2026-06-12
2026-06-12,38.904835,-77.029623,Ward 2,2026-06-12
2026-06-12,38.905272,-76.999750,Ward 6,2026-06-12
2026-06-12,38.927819,-77.041658,Ward 1,2026-06-12
2026-06-12,38.907704,-77.055824,Ward 2,2026-06-12
2026-06-12,38.888816,-76.980995,Ward 7,2026-06-12
2026-06-12,38.904853,-76.988964,Ward 5,2026-06-12
2026-06-12,38.911965,-77.032450,Ward 2,2026-06-12
2026-06-12,38.870923,-76.950186,Ward 7,2026-06-12
2026-06-12,38.845151,-76.974803,Ward 8,2026-06-12
2026-06-12,38.885228,-77.003854,Ward 6,2026-06-12
2026-06-12,38.955156,-77.021411,Ward 4,2026-06-12
2026-06-12,38.861628,-76.965457,Ward 7,2026-06-12
2026-06-12,38.880716,-76.982406,Ward 6,2026-06-12
2026-06-12,38.893781,-76.998151,Ward 6,2026-06-12
2026-06-12,38.894796,-77.023972,Ward 2,2026-06-12
2026-06-12,38.880911,-76.984821,Ward 6,2026-06-12
2026-06-12,38.917301,-77.055944,Ward 2,2026-06-12
2026-06-12,38.927529,-77.075232,Ward 3,2026-06-12
2026-06-12,38.927969,-77.043368,Ward 1,2026-06-12
2026-06-12,38.942990,-77.090886,Ward 3,2026-06-12
2026-06-12,38.892642,-77.041747,Ward 2,2026-06-12
2026-06-12,38.951974,-77.066646,Ward 3,2026-06-12
2026-06-12,38.881494,-76.923972,Ward 7,2026-06-12
2026-06-12,38.875559,-77.007462,Ward 8,2026-06-12
2026-06-12,38.959658,-77.018303,Ward 4,2026-06-12
2026-06-12,38.881494,-76.923972,Ward 7,2026-06-12
2026-06-12,38.912025,-77.033090,Ward 2,2026-06-12
2026-06-12,38.845276,-76.975379,Ward 8,2026-06-12
2026-06-12,38.939154,-77.095000,Ward 3,2026-06-12
2026-06-12,38.845479,-76.975278,Ward 8,2026-06-12
2026-06-12,38.904772,-76.989016,Ward 5,2026-06-12
2026-06-12,38.845479,-76.975278,Ward 8,2026-06-12
2026-06-12,38.942469,-76.992388,Ward 5,2026-06-12
2026-06-12,38.884272,-77.003516,Ward 6,2026-06-12
2026-06-12,38.919174,-77.076034,Ward 3,2026-06-12
2026-06-12,38.892642,-77.041747,Ward 2,2026-06-12
2026-06-12,38.874638,-77.010648,Ward 6,2026-06-12
2026-06-12,38.892466,-76.927471,Ward 7,2026-06-12
2026-06-12,38.927328,-77.075299,Ward 3,2026-06-12
2026-06-12,38.948730,-77.076322,Ward 3,2026-06-12
2026-06-12,38.871027,-76.950029,Ward 7,2026-06-12
2026-06-12,38.918112,-77.031952,Ward 1,2026-06-12
2026-06-12,38.905946,-77.033931,Ward 2,2026-06-12
2026-06-12,38.894429,-77.023506,Ward 2,2026-06-12
2026-06-12,38.918225,-77.054548,Ward 2,2026-06-12
2026-06-12,38.927494,-77.041681,Ward 1,2026-06-12
2026-06-12,38.884272,-77.003516,Ward 6,2026-06-12
2026-06-12,38.927556,-77.042597,Ward 1,2026-06-12
2026-06-12,38.939614,-77.095232,Ward 3,2026-06-12
2026-06-12,38.911965,-77.032529,Ward 2,2026-06-12
2026-06-12,38.820523,-77.016009,Ward 8,2026-06-12
2026-06-12,38.908850,-77.088264,Ward 3,2026-06-12
2026-06-12,38.868893,-76.966934,Ward 7,2026-06-12
2026-06-12,38.921226,-77.037254,Ward 1,2026-06-12
2026-06-12,38.885062,-77.004705,Ward 6,2026-06-12
2026-06-12,38.933623,-77.026713,Ward 1,2026-06-12
2026-06-12,38.813694,-77.017825,Ward 8,2026-06-12
2026-06-12,38.947904,-77.084389,Ward 3,2026-06-12
2026-06-12,38.935524,-77.106806,Ward 3,2026-06-12
2026-06-12,38.927526,-77.074626,Ward 3,2026-06-12
2026-06-12,38.905329,-77.000340,Ward 6,2026-06-12
2026-06-12,38.896331,-77.003319,Ward 6,2026-06-12
2026-06-12,38.977128,-77.026233,Ward 4,2026-06-12
2026-06-12,38.896127,-77.019416,Ward 2,2026-06-12
2026-06-12,38.926921,-77.043546,Ward 1,2026-06-12
2026-06-12,38.924481,-77.063573,Ward 3,2026-06-12
2026-06-12,38.898591,-77.033343,Ward 2,2026-06-12
2026-06-12,38.927526,-77.074626,Ward 3,2026-06-12
2026-06-12,38.930141,-76.983691,Ward 5,2026-06-12
2026-06-12,38.923911,-77.063438,Ward 3,2026-06-12
2026-06-12,38.813694,-77.017825,Ward 8,2026-06-12
2026-06-12,38.899330,-76.995937,Ward 6,2026-06-12
2026-06-12,38.899556,-76.996168,Ward 6,2026-06-12
2026-06-12,38.896331,-77.003319,Ward 6,2026-06-12
2026-06-12,38.948039,-77.035939,Ward 4,2026-06-12
2026-06-12,38.932571,-77.025600,Ward 1,2026-06-12
2026-06-12,38.948039,-77.035939,Ward 4,2026-06-12
2026-06-12,38.822745,-77.016594,Ward 8,2026-06-12
2026-06-12,38.832103,-77.010439,Ward 8,2026-06-12
2026-06-12,38.899491,-76.995916,Ward 6,2026-06-12
2026-06-12,38.865254,-76.948389,Ward 7,2026-06-12
2026-06-12,38.821706,-77.008121,Ward 8,2026-06-12
2026-06-12,38.821706,-77.008121,Ward 8,2026-06-12
2026-06-12,38.896484,-76.999233,Ward 6,2026-06-12
2026-06-12,38.899195,-76.996387,Ward 6,2026-06-12
2026-06-12,38.890853,-76.953903,Ward 7,2026-06-12
2026-06-12,38.897496,-76.984118,Ward 6,2026-06-12
2026-06-12,38.891318,-76.987314,Ward 6,2026-06-12
2026-06-12,38.920964,-77.036489,Ward 1,2026-06-12
2026-06-12,38.905334,-76.985042,Ward 5,2026-06-15
2026-06-12,38.821706,-77.008121,Ward 8,2026-06-12
2026-06-12,38.902975,-76.988592,Ward 5,2026-06-12
2026-06-12,38.902975,-76.988592,Ward 5,2026-06-12
2026-06-12,38.942684,-76.992008,Ward 5,2026-06-12
2026-06-12,38.940110,-77.095902,Ward 3,2026-06-12
2026-06-12,38.821738,-77.007938,Ward 8,2026-06-12
2026-06-12,38.930650,-76.983117,Ward 5,2026-06-12
2026-06-12,38.921354,-77.038580,Ward 1,2026-06-12
2026-06-12,38.905209,-77.000310,Ward 6,2026-06-12
2026-06-12,38.905209,-77.000310,Ward 6,2026-06-12
2026-06-12,38.904812,-76.988988,Ward 5,2026-06-12
2026-06-12,38.905946,-77.033931,Ward 2,2026-06-12
2026-06-12,38.933497,-77.026783,Ward 1,2026-06-12
2026-06-12,38.938488,-77.028774,Ward 4,2026-06-12
2026-06-12,38.923981,-77.026556,Ward 1,2026-06-12
2026-06-12,38.923513,-77.030101,Ward 1,2026-06-12
2026-06-12,38.914986,-77.009539,Ward 5,2026-06-12
2026-06-12,38.827167,-77.011936,Ward 8,2026-06-12
2026-06-12,38.940110,-77.095902,Ward 3,2026-06-12
2026-06-12,38.821706,-77.008121,Ward 8,2026-06-12
2026-06-12,38.926907,-77.091574,Ward 3,2026-06-12
2026-06-12,38.941309,-77.028474,Ward 4,2026-06-12
2026-06-12,38.907367,-77.065407,Ward 2,2026-06-12
2026-06-12,38.911454,-77.059793,Ward 2,2026-06-12
2026-06-12,38.894266,-76.986206,Ward 6,2026-06-12
2026-06-12,38.907168,-77.056022,Ward 2,2026-06-12
2026-06-12,38.874684,-76.959065,Ward 7,2026-06-15
2026-06-12,38.890682,-76.954409,Ward 7,2026-06-12
2026-06-12,38.891645,-76.952906,Ward 7,2026-06-12
2026-06-12,38.929972,-77.058271,Ward 3,2026-06-12
2026-06-12,38.907469,-77.052321,Ward 2,2026-06-12
2026-06-12,38.885061,-76.990519,Ward 6,2026-06-12
2026-06-12,38.929657,-77.029709,Ward 1,2026-06-12
2026-06-12,38.951974,-77.066646,Ward 3,2026-06-12
2026-06-12,38.941309,-77.028474,Ward 4,2026-06-12
2026-06-12,38.914950,-77.009370,Ward 5,2026-06-12
2026-06-12,38.902975,-76.988592,Ward 5,2026-06-12
2026-06-12,38.898150,-76.986703,Ward 6,2026-06-15
2026-06-12,38.906762,-76.940529,Ward 7,2026-06-12
2026-06-12,38.916814,-77.006092,Ward 5,2026-06-12
2026-06-12,38.933360,-77.053652,Ward 3,2026-06-12
2026-06-12,38.956909,-77.064682,Ward 3,2026-06-12
2026-06-12,38.911959,-77.046372,Ward 2,2026-06-12
2026-06-12,38.861571,-76.960396,Ward 7,2026-06-12
2026-06-12,38.924849,-77.090787,Ward 3,2026-06-12
2026-06-12,38.848619,-77.001143,Ward 8,2026-06-12
2026-06-12,38.911306,-77.021052,Ward 2,2026-06-12
2026-06-12,38.892934,-76.983400,Ward 7,2026-06-12
2026-06-12,38.849773,-76.975936,Ward 8,2026-06-12
2026-06-12,38.916805,-77.006148,Ward 5,2026-06-12
2026-06-12,38.961491,-77.002335,Ward 4,2026-06-12
2026-06-12,38.868726,-76.983403,Ward 8,2026-06-12
2026-06-12,38.892485,-76.945716,Ward 7,2026-06-12
2026-06-12,38.881546,-76.927014,Ward 7,2026-06-12
2026-06-12,38.829654,-77.013247,Ward 8,2026-06-12
2026-06-12,38.930788,-77.039972,Ward 1,2026-06-12
2026-06-12,38.830374,-77.012855,Ward 8,2026-06-12
2026-06-12,38.943584,-76.983395,Ward 5,2026-06-12
2026-06-12,38.957753,-77.082266,Ward 3,2026-06-12
2026-06-12,38.927494,-77.041681,Ward 1,2026-06-12
2026-06-12,38.888889,-76.981410,Ward 7,2026-06-12
2026-06-12,38.910245,-77.023213,Ward 2,2026-06-12
2026-06-12,38.861571,-76.960396,Ward 7,2026-06-13
2026-06-12,38.904246,-76.932931,Ward 7,2026-06-15
2026-06-12,38.904999,-76.943600,Ward 7,2026-06-15
2026-06-12,38.917206,-77.022680,Ward 1,2026-06-12
2026-06-12,38.857107,-76.979214,Ward 8,2026-06-12
2026-06-12,38.892431,-76.988706,Ward 6,2026-06-15
2026-06-12,38.927598,-76.995516,Ward 5,2026-06-15
2026-06-12,38.886335,-76.943592,Ward 7,2026-06-12
2026-06-12,38.943394,-77.005653,Ward 5,2026-06-12
2026-06-12,38.945451,-76.980602,Ward 5,2026-06-12
2026-06-12,38.948905,-77.074080,Ward 3,2026-06-12
2026-06-12,38.917853,-77.028689,Ward 1,2026-06-13
2026-06-12,38.848619,-77.001143,Ward 8,2026-06-12
2026-06-12,38.894208,-76.946294,Ward 7,2026-06-15
2026-06-12,38.894208,-76.946294,Ward 7,2026-06-15
2026-06-12,38.887134,-76.932402,Ward 7,2026-06-15
2026-06-12,38.957913,-77.020255,Ward 4,2026-06-15
2026-06-12,38.894208,-76.946294,Ward 7,2026-06-15
2026-06-12,38.882205,-76.940791,Ward 7,2026-06-15
2026-06-12,38.954453,-77.066326,Ward 3,2026-06-12
2026-06-12,38.947698,-77.084473,Ward 3,2026-06-15
2026-06-12,38.947692,-77.094791,Ward 3,2026-06-15
2026-06-12,38.948895,-77.073378,Ward 3,2026-06-15
2026-06-12,38.903035,-76.988612,Ward 5,2026-06-15
2026-06-12,38.861628,-76.965457,Ward 7,2026-06-13
2026-06-12,38.910415,-77.085014,Ward 3,2026-06-15
2026-06-12,38.906170,-76.940058,Ward 7,2026-06-15
2026-06-12,38.915572,-77.025059,Ward 1,2026-06-13
2026-06-12,38.823747,-77.005631,Ward 8,2026-06-12
2026-06-12,38.953308,-77.068825,Ward 3,2026-06-15
2026-06-12,38.927494,-77.041681,Ward 1,2026-06-13
2026-06-12,38.909219,-76.940011,Ward 7,2026-06-15
2026-06-13,38.953113,-77.015692,Ward 4,2026-06-15
2026-06-13,38.952727,-77.015916,Ward 4,2026-06-15
2026-06-13,38.953251,-77.015940,Ward 4,2026-06-15
2026-06-13,38.953251,-77.015940,Ward 4,2026-06-15
2026-06-13,38.932189,-77.093035,Ward 3,2026-06-15
2026-06-13,38.942103,-77.033396,Ward 4,2026-06-13
2026-06-13,38.893030,-76.984338,Ward 6,2026-06-15
2026-06-13,38.916093,-77.007034,Ward 5,2026-06-13
2026-06-13,38.905209,-77.000310,Ward 6,2026-06-13
2026-06-13,38.976093,-77.028164,Ward 4,2026-06-14
2026-06-13,38.895929,-76.984070,Ward 6,2026-06-15
2026-06-13,38.875186,-76.957813,Ward 7,2026-06-15
2026-06-13,38.953308,-77.068825,Ward 3,2026-06-15
2026-06-13,38.953207,-77.025852,Ward 4,2026-06-15
2026-06-13,38.924650,-76.998205,Ward 5,2026-06-16
2026-06-13,38.943067,-77.003226,Ward 5,2026-06-15
2026-06-13,38.856822,-76.957859,Ward 7,2026-06-15
2026-06-13,38.856822,-76.957859,Ward 7,2026-06-15
2026-06-13,38.829375,-77.011053,Ward 8,2026-06-15
2026-06-13,38.919793,-77.046780,Ward 1,2026-06-15
2026-06-13,38.910142,-77.042977,Ward 2,2026-06-15
2026-06-13,38.920625,-77.003128,Ward 5,2026-06-16
2026-06-14,38.870969,-76.954026,Ward 7,2026-06-15
2026-06-14,38.970308,-77.062033,Ward 4,2026-06-14
2026-06-14,38.935398,-77.034944,Ward 1,2026-06-15
2026-06-14,38.853297,-76.983303,Ward 8,2026-06-15
2026-06-14,38.879127,-76.942611,Ward 7,2026-06-15
2026-06-14,38.959611,-77.020143,Ward 4,2026-06-15
2026-06-14,38.932434,-76.972366,Ward 5,2026-06-15
2026-06-14,38.909752,-76.932273,Ward 7,2026-06-15
2026-06-14,38.877518,-76.932907,Ward 7,2026-06-15
2026-06-14,38.839789,-76.989887,Ward 8,2026-06-16
2026-06-14,38.918966,-77.072809,Ward 3,2026-06-15
2026-06-14,38.918966,-77.072809,Ward 3,2026-06-15
2026-06-14,38.969803,-77.009890,Ward 4,2026-06-15
2026-06-14,38.898195,-76.981799,Ward 7,2026-06-15
2026-06-14,38.926842,-77.044329,Ward 1,2026-06-15
2026-06-14,38.954959,-77.039391,Ward 4,2026-06-15
2026-06-14,38.889060,-76.935897,Ward 7,2026-06-15
2026-06-15,38.893107,-76.914746,Ward 7,2026-06-15
2026-06-15,38.935838,-77.081871,Ward 3,2026-06-15
2026-06-15,38.935838,-77.081871,Ward 3,2026-06-15
2026-06-15,38.898279,-76.981755,Ward 7,2026-06-15
2026-06-15,38.880501,-76.941494,Ward 7,2026-06-15
2026-06-15,38.880417,-76.943183,Ward 7,2026-06-15
2026-06-15,38.936666,-77.084698,Ward 3,2026-06-15
2026-06-15,38.831507,-77.002371,Ward 8,2026-06-15
2026-06-15,38.960664,-77.020144,Ward 4,2026-06-15
2026-06-15,38.917206,-77.022680,Ward 1,2026-06-15
2026-06-15,38.930156,-77.078650,Ward 3,2026-06-15
2026-06-15,38.960357,-77.018640,Ward 4,2026-06-15
2026-06-15,38.946075,-76.989597,Ward 5,2026-06-15
2026-06-15,38.939817,-77.016286,Ward 4,2026-06-15
2026-06-15,38.938319,-77.068849,Ward 3,2026-06-15
2026-06-15,38.960496,-77.075091,Ward 3,2026-06-16
2026-06-15,38.944970,-77.071475,Ward 3,2026-06-15
2026-06-15,38.969108,-77.020136,Ward 4,2026-06-16
2026-06-15,38.908283,-77.054986,Ward 2,2026-06-15
2026-06-15,38.960493,-77.024463,Ward 4,2026-06-15
2026-06-15,38.960538,-77.070340,Ward 3,2026-06-16
2026-06-15,38.904245,-76.997543,Ward 6,2026-06-15
2026-06-15,38.901486,-77.021916,Ward 2,2026-06-16
2026-06-15,38.912977,-77.043103,Ward 2,2026-06-16
2026-06-15,38.825093,-76.997959,Ward 8,2026-06-16
2026-06-15,38.896720,-76.984828,Ward 6,2026-06-16
2026-06-15,38.945343,-77.071563,Ward 3,2026-06-15
2026-06-15,38.976093,-77.028164,Ward 4,2026-06-15
2026-06-15,38.900990,-76.932482,Ward 7,2026-06-16
2026-06-15,38.905862,-76.929334,Ward 7,2026-06-16
2026-06-15,38.919793,-77.046780,Ward 1,2026-06-15
2026-06-15,38.970564,-77.033759,Ward 4,2026-06-16
2026-06-15,38.939767,-77.004752,Ward 5,2026-06-16
2026-06-15,38.926907,-77.091574,Ward 3,2026-06-16
2026-06-15,38.862852,-77.000281,Ward 8,2026-06-17
2026-06-15,38.899428,-76.929369,Ward 7,2026-06-16
2026-06-15,38.940585,-77.030561,Ward 4,2026-06-16
2026-06-15,38.929744,-77.044169,Ward 1,2026-06-16
2026-06-15,38.931571,-77.026370,Ward 1,2026-06-16
2026-06-15,38.921562,-77.038223,Ward 1,2026-06-16
2026-06-15,38.922428,-77.027036,Ward 1,2026-06-16
2026-06-16,38.947216,-77.030140,Ward 4,2026-06-16
2026-06-16,38.934121,-77.032732,Ward 1,2026-06-16
2026-06-16,38.906194,-77.063800,Ward 2,2026-06-16
2026-06-16,38.935273,-77.042642,Ward 1,2026-06-16
2026-06-16,38.902199,-76.974406,Ward 5,2026-06-16
2026-06-16,38.962524,-77.018280,Ward 4,2026-06-16
2026-06-16,38.962524,-77.018280,Ward 4,2026-06-16
2026-06-16,38.980384,-77.022700,Ward 4,2026-06-16
2026-06-16,38.831678,-77.000893,Ward 8,2026-06-16
2026-06-16,38.894050,-76.983896,Ward 6,2026-06-16
2026-06-16,38.869307,-76.982012,Ward 8,2026-06-16
2026-06-16,38.869880,-76.958826,Ward 7,2026-06-16
2026-06-16,38.942928,-77.094902,Ward 3,2026-06-17
2026-06-16,38.887408,-76.982785,Ward 7,2026-06-16
2026-06-16,38.903791,-77.026593,Ward 2,2026-06-17
2026-06-16,38.929972,-76.979115,Ward 5,2026-06-16
2026-06-16,38.903949,-77.027050,Ward 2,2026-06-17
2026-06-16,38.891804,-76.983860,Ward 6,2026-06-17
2026-06-16,38.954642,-77.024198,Ward 4,2026-06-17
2026-06-16,38.962524,-77.018280,Ward 4,2026-06-17
2026-06-16,38.912098,-77.016378,Ward 5,2026-06-17
2026-06-16,38.885276,-76.940996,Ward 7,2026-06-16
2026-06-16,38.923078,-77.041385,Ward 1,2026-06-16
2026-06-16,38.888479,-76.984763,Ward 6,2026-06-17
2026-06-16,38.897950,-76.990505,Ward 6,2026-06-17
2026-06-16,38.939954,-77.033439,Ward 4,2026-06-17
2026-06-16,38.915711,-77.032287,Ward 2,2026-06-17
2026-06-16,38.867937,-76.981343,Ward 8,2026-06-17
2026-06-16,38.903550,-77.027547,Ward 2,2026-06-17
2026-06-16,38.826339,-77.007147,Ward 8,2026-06-17
2026-06-16,38.908165,-76.983060,Ward 5,2026-06-17
2026-06-16,38.845004,-76.976257,Ward 8,2026-06-17
2026-06-16,38.952986,-77.019972,Ward 4,2026-06-17
2026-06-16,38.863239,-76.957108,Ward 7,2026-06-17
2026-06-16,38.952256,-77.092342,Ward 3,2026-06-17
2026-06-16,38.931900,-77.075719,Ward 3,2026-06-17
2026-06-16,38.907054,-76.987440,Ward 5,2026-06-17
2026-06-16,38.978182,-77.028971,Ward 4,2026-06-17
2026-06-16,38.905395,-77.008176,Ward 6,2026-06-17
2026-06-16,38.934098,-76.965703,Ward 5,2026-06-17
2026-06-16,38.871846,-76.976696,Ward 8,2026-06-17
2026-06-16,38.871133,-76.970938,Ward 8,2026-06-17
2026-06-17,38.909863,-77.082686,Ward 3,2026-06-18
2026-06-17,38.914375,-77.036040,Ward 2,2026-06-17
2026-06-17,38.949580,-77.015526,Ward 4,2026-06-17
2026-06-17,38.956001,-77.031026,Ward 4,2026-06-17
2026-06-17,38.951897,-77.073639,Ward 3,2026-06-17
2026-06-17,38.931074,-77.086461,Ward 3,2026-06-17
2026-06-17,38.881038,-76.984524,Ward 6,2026-06-17
2026-06-17,38.910949,-77.016382,Ward 5,2026-06-18
2026-06-17,38.891340,-76.984259,Ward 6,2026-06-18
2026-06-17,38.913523,-77.029999,Ward 2,2026-06-17
2026-06-17,38.835911,-77.003222,Ward 8,2026-06-18
2026-06-17,38.916537,-77.027290,Ward 1,2026-06-17
2026-06-17,38.828168,-76.993268,Ward 8,2026-06-18
2026-06-17,38.912098,-77.016378,Ward 5,2026-06-18
2026-06-17,38.892168,-76.998265,Ward 6,2026-06-17
2026-06-17,38.894241,-76.926898,Ward 7,2026-06-18
2026-06-17,38.919499,-77.001300,Ward 5,2026-06-18
2026-06-17,38.887327,-76.987858,Ward 6,2026-06-18
2026-06-17,38.898504,-76.974174,Ward 5,2026-06-18
2026-06-17,38.925355,-77.051341,Ward 3,2026-06-17
2026-06-17,38.891677,-76.960460,Ward 7,2026-06-18
2026-06-17,38.925472,-77.050548,Ward 3,2026-06-17
2026-06-17,38.925472,-77.050548,Ward 3,2026-06-17
2026-06-17,38.925469,-77.050992,Ward 3,2026-06-17
2026-06-17,38.981135,-77.034707,Ward 4,2026-06-18
2026-06-17,38.956548,-77.036032,Ward 4,2026-06-18
2026-06-17,38.951519,-76.990277,Ward 5,2026-06-18
2026-06-17,38.886747,-76.936975,Ward 7,2026-06-18
2026-06-17,38.943365,-77.049572,Ward 4,2026-06-18
2026-06-17,38.943365,-77.049572,Ward 4,2026-06-18
2026-06-17,38.943365,-77.049572,Ward 4,2026-06-18
2026-06-17,38.886885,-76.921908,Ward 7,2026-06-18
2026-06-18,38.843590,-76.978284,Ward 8,2026-06-18
2026-06-18,38.978911,-77.032419,Ward 4,2026-06-18
2026-06-18,38.963318,-77.080073,Ward 3,2026-06-18
2026-06-18,38.902528,-76.983640,Ward 5,2026-06-18
2026-06-18,38.932689,-77.039672,Ward 1,2026-06-18
2026-06-18,38.933930,-76.967550,Ward 5,2026-06-18
2026-06-18,38.905123,-77.000338,Ward 6,2026-06-18
2026-06-18,38.928910,-77.026725,Ward 1,2026-06-18
2026-06-18,38.922234,-76.981955,Ward 5,2026-06-18
2026-06-18,38.905002,-76.985275,Ward 5,2026-06-18
2026-06-18,38.882638,-76.960937,Ward 7,2026-06-18
2026-06-18,38.925469,-77.050992,Ward 3,2026-06-18
2026-06-18,38.932737,-77.024599,Ward 1,2026-06-18
2026-06-18,38.932737,-77.024599,Ward 1,2026-06-18
2026-06-18,38.919578,-77.079501,Ward 3,2026-06-18
2026-06-18,38.912012,-77.037412,Ward 2,2026-06-22
2026-06-18,38.901283,-76.937201,Ward 7,2026-06-18
2026-06-18,38.890486,-76.934659,Ward 7,2026-06-22
2026-06-18,38.934409,-77.068290,Ward 3,2026-06-23
2026-06-18,38.949680,-77.064221,Ward 3,2026-06-22
2026-06-18,38.845217,-76.970833,Ward 8,2026-06-22
2026-06-18,38.899580,-76.995233,Ward 6,2026-06-22
2026-06-18,38.939205,-77.019286,Ward 4,2026-06-22
2026-06-18,38.886206,-76.989417,Ward 6,2026-06-22
2026-06-18,38.886199,-76.989199,Ward 6,2026-06-22
2026-06-18,38.890286,-76.934878,Ward 7,2026-06-22
2026-06-18,38.902909,-76.983333,Ward 5,2026-06-22
2026-06-18,38.851681,-76.964336,Ward 8,2026-06-22
2026-06-18,38.843564,-76.978402,Ward 8,2026-06-22
2026-06-18,38.943739,-77.084453,Ward 3,2026-06-22
2026-06-18,38.920440,-77.093736,Ward 3,2026-06-22
2026-06-18,38.909428,-76.939554,Ward 7,2026-06-22
2026-06-18,38.893746,-76.997174,Ward 6,2026-06-22
2026-06-19,38.836498,-76.990598,Ward 8,2026-06-22
2026-06-19,38.853297,-76.983303,Ward 8,2026-06-22
2026-06-19,38.911870,-77.041354,Ward 2,2026-06-20
2026-06-19,38.898543,-77.025566,Ward 2,2026-06-22
2026-06-19,38.949893,-77.086788,Ward 3,2026-06-22
2026-06-19,38.864871,-76.964368,Ward 7,2026-06-19
2026-06-19,38.906974,-76.929462,Ward 7,2026-06-22
2026-06-19,38.903316,-76.999768,Ward 6,2026-06-23
2026-06-19,38.841732,-76.983377,Ward 8,2026-06-23
2026-06-19,38.914303,-77.042450,Ward 2,2026-06-19
2026-06-19,38.914692,-77.012404,Ward 5,2026-06-22
2026-06-19,38.915010,-77.010169,Ward 5,2026-06-22
2026-06-20,38.906169,-76.988069,Ward 5,2026-06-22
2026-06-20,38.970208,-77.073294,Ward 3,2026-06-22
2026-06-20,38.912040,-77.040827,Ward 2,2026-06-20
2026-06-20,38.881794,-76.942950,Ward 7,2026-06-22
2026-06-20,38.914513,-77.029929,Ward 1,2026-06-22
2026-06-20,38.894783,-76.991530,Ward 6,2026-06-20
2026-06-20,38.894785,-76.992645,Ward 6,2026-06-20
2026-06-20,38.894783,-76.991530,Ward 6,2026-06-20
2026-06-20,38.894928,-76.991723,Ward 6,2026-06-20
2026-06-20,38.928705,-77.027510,Ward 1,2026-06-22
2026-06-21,38.932304,-76.980249,Ward 5,2026-06-22
2026-06-21,38.888644,-76.988067,Ward 6,2026-06-22
2026-06-21,38.912753,-77.012447,Ward 5,2026-06-22
2026-06-21,38.911306,-77.021052,Ward 2,2026-06-22
2026-06-21,38.964791,-77.013862,Ward 4,2026-06-22
2026-06-21,38.941273,-77.036055,Ward 4,2026-06-22
2026-06-21,38.883309,-76.997015,Ward 6,2026-06-22
2026-06-21,38.976912,-77.027615,Ward 4,2026-06-22
2026-06-22,38.960418,-77.083105,Ward 3,2026-06-22
2026-06-22,38.960418,-77.083105,Ward 3,2026-06-22
2026-06-22,38.890465,-76.994685,Ward 6,2026-06-22
2026-06-22,38.902485,-76.927362,Ward 7,2026-06-22
2026-06-22,38.954576,-77.033146,Ward 4,2026-06-22
2026-06-22,38.920273,-76.987054,Ward 5,2026-06-22
2026-06-22,38.910546,-77.085643,Ward 3,2026-06-22
2026-06-22,38.911306,-77.021052,Ward 2,2026-06-22
2026-06-22,38.876730,-77.002475,Ward 8,2026-06-22
2026-06-22,38.968430,-77.070877,Ward 3,2026-06-22
2026-06-22,38.965817,-77.009470,Ward 4,2026-06-22
2026-06-22,38.897096,-76.931509,Ward 7,2026-06-23
2026-06-22,38.887971,-76.999220,Ward 6,2026-06-23
2026-06-22,38.840106,-77.006525,Ward 8,2026-06-23
2026-06-22,38.925968,-77.068348,Ward 3,2026-06-23
2026-06-22,38.898925,-76.940886,Ward 7,2026-06-23
2026-06-22,38.860717,-76.952285,Ward 7,2026-06-23
2026-06-22,38.857505,-76.954767,Ward 7,2026-06-23
2026-06-22,38.867921,-76.942329,Ward 7,2026-06-23
2026-06-22,38.861278,-76.949918,Ward 7,2026-06-23
2026-06-22,38.970923,-77.015781,Ward 4,2026-06-23
2026-06-22,38.860688,-76.955301,Ward 7,2026-06-23
2026-06-22,38.917569,-77.036006,Ward 1,2026-06-23
2026-06-22,38.867980,-76.942845,Ward 7,2026-06-23
2026-06-22,38.855607,-76.959365,Ward 7,2026-06-23
2026-06-22,38.917513,-77.035537,Ward 1,2026-06-23
2026-06-22,38.909435,-77.061664,Ward 2,2026-06-23
2026-06-22,38.885008,-76.997915,Ward 6,2026-06-23
2026-06-23,38.976020,-77.027561,Ward 4,2026-06-23
2026-06-23,38.981524,-77.032115,Ward 4,2026-06-23
2026-06-23,38.929971,-77.057007,Ward 3,2026-06-23
2026-06-23,38.886176,-76.994644,Ward 6,2026-06-23
2026-06-23,38.894435,-76.935113,Ward 7,2026-06-23
2026-06-23,38.873245,-76.959535,Ward 7,2026-06-23
2026-06-23,38.863332,-76.950188,Ward 7,2026-06-23
2026-06-23,38.864235,-76.960279,Ward 7,2026-06-23
2026-06-23,38.863332,-76.950188,Ward 7,2026-06-23
2026-06-23,38.863332,-76.950188,Ward 7,2026-06-23
2026-06-23,38.860894,-76.952153,Ward 7,2026-06-23
2026-06-23,38.898687,-76.985093,Ward 6,2026-06-23
2026-06-23,38.873739,-76.935018,Ward 7,2026-06-23
2026-06-23,38.867980,-76.942845,Ward 7,2026-06-23
2026-06-23,38.866975,-76.958797,Ward 7,2026-06-23
2026-06-23,38.955746,-77.066561,Ward 3,2026-06-23
2026-06-23,38.879146,-76.935895,Ward 7,2026-06-23
2026-06-23,38.894953,-76.983905,Ward 6,2026-06-23
2026-06-23,38.869109,-76.943234,Ward 7,2026-06-23
2026-06-23,38.886090,-76.986723,Ward 6,2026-06-23
2026-06-23,38.949887,-77.085757,Ward 3,2026-06-23
2026-06-23,38.911817,-76.938165,Ward 7,2026-06-23
2026-06-23,38.869672,-76.977139,Ward 8,2026-06-23
2026-06-23,38.891103,-76.948227,Ward 7,2026-06-23
2026-06-23,38.834332,-76.992322,Ward 8,2026-06-23
2026-06-23,38.890083,-76.994035,Ward 6,2026-06-23
2026-06-23,38.955209,-77.018758,Ward 4,2026-06-23
2026-06-23,38.894159,-76.935122,Ward 7,2026-06-23
2026-06-23,38.908283,-77.054986,Ward 2,2026-06-23
2026-06-23,38.874113,-76.954636,Ward 7,2026-06-23
2026-06-23,38.867926,-76.945330,Ward 7,2026-06-23
2026-06-23,38.928359,-77.037433,Ward 1,2026-06-23
2026-06-23,38.977880,-77.022692,Ward 4,2026-06-24
2026-06-23,38.942709,-76.989968,Ward 5,2026-06-24
2026-06-23,38.864526,-76.974150,Ward 8,2026-06-23
2026-06-23,38.954610,-77.065654,Ward 3,2026-06-24
2026-06-23,38.954379,-77.033739,Ward 4,2026-06-24
2026-06-23,38.869672,-76.977139,Ward 8,2026-06-23
2026-06-23,38.865928,-76.946541,Ward 7,2026-06-26
2026-06-23,38.940004,-77.087116,Ward 3,2026-06-24
2026-06-23,38.889492,-76.935549,Ward 7,2026-06-23
2026-06-23,38.864406,-76.956929,Ward 7,2026-06-23
2026-06-23,38.865928,-76.946541,Ward 7,2026-06-26
2026-06-23,38.889492,-76.935549,Ward 7,2026-06-23
2026-06-23,38.869934,-76.968747,Ward 7,2026-06-24
2026-06-23,38.945879,-77.070074,Ward 3,2026-06-25
2026-06-23,38.952050,-77.029991,Ward 4,2026-06-24
2026-06-23,38.940979,-77.069771,Ward 3,2026-06-24
2026-06-23,38.953145,-77.026419,Ward 4,2026-06-24
2026-06-23,38.914592,-77.096915,Ward 3,2026-06-25
2026-06-23,38.881284,-77.017559,Ward 6,2026-06-25
2026-06-23,38.889770,-76.935484,Ward 7,2026-06-23
2026-06-23,38.877890,-76.941949,Ward 7,2026-06-24
2026-06-23,38.902890,-77.040291,Ward 2,2026-06-24
2026-06-23,38.874764,-76.958566,Ward 7,2026-06-23
2026-06-23,38.891891,-76.941413,Ward 7,2026-06-24
2026-06-23,38.862342,-76.962514,Ward 7,2026-06-24
2026-06-23,38.940584,-77.032025,Ward 4,2026-06-24
2026-06-23,38.862201,-76.962124,Ward 7,2026-06-24
2026-06-23,38.920064,-77.039959,Ward 1,2026-06-24
2026-06-24,38.914851,-77.023195,Ward 1,2026-06-24
2026-06-24,38.889494,-76.935373,Ward 7,2026-06-24
2026-06-24,38.885875,-77.000997,Ward 6,2026-06-24
2026-06-24,38.885875,-77.000997,Ward 6,2026-06-24
2026-06-24,38.976003,-77.023323,Ward 4,2026-06-24
2026-06-24,38.882292,-77.003749,Ward 6,2026-06-24
2026-06-24,38.904026,-77.006567,Ward 6,2026-06-25
2026-06-24,38.919246,-77.041866,Ward 1,2026-06-24
2026-06-24,38.942301,-77.015650,Ward 4,2026-06-24
2026-06-24,38.860674,-76.991488,Ward 8,2026-06-25
2026-06-24,38.972086,-77.035591,Ward 4,2026-06-24
2026-06-24,38.873916,-76.975914,Ward 8,2026-06-25
2026-06-24,38.966295,-77.021462,Ward 4,2026-06-24
2026-06-24,38.862352,-76.962112,Ward 7,2026-06-25
2026-06-24,38.894227,-76.976448,Ward 7,2026-06-25
2026-06-24,38.987544,-77.033670,Ward 4,2026-06-24
2026-06-24,38.963953,-77.026533,Ward 4,2026-06-24
2026-06-24,38.935379,-77.058890,Ward 3,2026-06-25
2026-06-24,38.946383,-76.981843,Ward 5,2026-06-25
2026-06-24,38.829374,-77.010876,Ward 8,2026-06-25
2026-06-25,38.847163,-76.982514,Ward 8,2026-06-25
2026-06-25,38.883122,-76.926019,Ward 7,2026-06-25
2026-06-25,38.844085,-76.990768,Ward 8,2026-06-25
2026-06-25,38.893398,-76.992204,Ward 6,2026-06-25
2026-06-25,38.893760,-76.992802,Ward 6,2026-06-25
2026-06-25,38.896340,-76.972941,Ward 7,2026-06-25
2026-06-25,38.917678,-77.017437,Ward 1,2026-06-25
2026-06-25,38.947773,-77.008659,Ward 4,2026-06-25
2026-06-25,38.944491,-77.041950,Ward 4,2026-06-25
2026-06-25,38.910915,-77.065975,Ward 2,2026-06-26
2026-06-25,38.901664,-76.998682,Ward 6,2026-06-25
2026-06-25,38.903960,-77.043144,Ward 2,2026-06-25
2026-06-25,38.902249,-76.993104,Ward 6,2026-06-25
2026-06-25,38.892499,-76.985251,Ward 6,2026-06-25
2026-06-25,38.894049,-76.986376,Ward 6,2026-06-25
2026-06-25,38.866593,-76.978456,Ward 8,2026-06-26
2026-06-25,38.943421,-77.026443,Ward 4,2026-06-25
2026-06-25,38.878050,-76.937893,Ward 7,2026-06-26
2026-06-25,38.871853,-76.976747,Ward 8,2026-06-25
2026-06-25,38.942349,-77.043156,Ward 4,2026-06-26
2026-06-25,38.904988,-77.041142,Ward 2,2026-06-25
2026-06-25,38.878471,-76.936008,Ward 7,2026-06-26
2026-06-25,38.961816,-77.001494,Ward 4,2026-06-26
2026-06-25,38.846888,-76.982985,Ward 8,2026-06-26
2026-06-25,38.919703,-77.001419,Ward 5,2026-06-26
2026-06-25,38.869228,-76.946367,Ward 7,2026-06-26
2026-06-25,38.941190,-77.017728,Ward 4,2026-06-26
2026-06-25,38.907006,-76.987473,Ward 5,2026-06-26
2026-06-25,38.978164,-77.034963,Ward 4,2026-07-02
2026-06-25,38.978164,-77.034963,Ward 4,2026-07-02
2026-06-26,38.899088,-76.988494,Ward 6,2026-06-26
2026-06-26,38.886261,-76.926011,Ward 7,2026-06-26
2026-06-26,38.947067,-77.097938,Ward 3,2026-06-26
2026-06-26,38.864245,-76.965616,Ward 7,2026-06-26
2026-06-26,38.851681,-76.964336,Ward 8,2026-06-26
2026-06-26,38.907487,-76.942473,Ward 7,2026-06-27
2026-06-26,38.928452,-77.037507,Ward 1,2026-06-30
2026-06-26,38.905770,-77.063878,Ward 2,2026-06-30
2026-06-26,38.961313,-77.022447,Ward 4,2026-06-27
2026-06-26,38.846072,-77.001665,Ward 8,2026-06-26
2026-06-26,38.893447,-76.919906,Ward 7,2026-06-26
2026-06-26,38.909472,-77.059661,Ward 2,2026-06-29
2026-06-26,38.865666,-76.967655,Ward 7,2026-06-26
2026-06-26,38.879288,-76.940253,Ward 7,2026-06-27
2026-06-26,38.830335,-77.012741,Ward 8,2026-06-26
2026-06-26,38.934286,-76.977097,Ward 5,2026-06-28
2026-06-26,38.956399,-77.012684,Ward 4,2026-06-29
2026-06-26,38.830315,-77.012693,Ward 8,2026-06-27
2026-06-26,38.917020,-77.046066,Ward 1,2026-06-29
2026-06-26,38.918385,-77.045205,Ward 1,2026-06-30
2026-06-26,38.921491,-77.043190,Ward 1,2026-06-30
2026-06-26,38.890954,-76.930280,Ward 7,2026-06-27
2026-06-26,38.965414,-77.023221,Ward 4,2026-06-29
2026-06-27,38.895641,-77.000807,Ward 6,2026-06-29
2026-06-27,38.865462,-76.949005,Ward 7,2026-06-29
2026-06-27,38.891747,-76.988981,Ward 6,2026-06-29
2026-06-27,38.936355,-76.975482,Ward 5,2026-06-29
2026-06-27,38.887265,-76.984732,Ward 6,2026-06-29
2026-06-27,38.948939,-77.022567,Ward 4,2026-06-29
2026-06-27,38.896393,-76.932985,Ward 7,2026-06-28
2026-06-27,38.942409,-77.041274,Ward 4,2026-06-29
2026-06-27,38.941709,-77.040813,Ward 4,2026-06-29
2026-06-27,38.946891,-77.095785,Ward 3,2026-06-29
2026-06-27,38.902789,-76.977856,Ward 5,2026-06-29
2026-06-27,38.871845,-76.976191,Ward 8,2026-06-28
2026-06-27,38.958554,-77.077694,Ward 3,2026-06-28
2026-06-28,38.897837,-76.980173,Ward 7,2026-06-30
2026-06-28,38.934285,-76.977196,Ward 5,2026-06-28
2026-06-28,38.919757,-77.072446,Ward 3,2026-06-29
2026-06-28,38.953218,-77.023082,Ward 4,2026-06-29
2026-06-28,38.937211,-77.038621,Ward 4,2026-06-29
2026-06-28,38.972838,-77.040606,Ward 4,2026-06-29
2026-06-29,38.958007,-77.037356,Ward 4,2026-06-29
2026-06-29,38.926043,-77.081301,Ward 3,2026-06-29
2026-06-29,38.934148,-77.030593,Ward 1,2026-06-29
2026-06-29,38.917382,-77.008194,Ward 5,2026-06-30
2026-06-29,38.923141,-77.027805,Ward 1,2026-06-30
2026-06-29,38.886244,-76.981492,Ward 7,2026-06-30
2026-06-29,38.937225,-77.034078,Ward 1,2026-06-29
2026-06-29,38.919941,-77.000047,Ward 5,2026-06-30
2026-06-29,38.913684,-77.018709,Ward 2,2026-06-29
2026-06-29,38.929261,-77.106573,Ward 3,2026-06-30
2026-06-29,38.989050,-77.037302,Ward 4,2026-06-29
2026-06-29,38.927894,-76.980134,Ward 5,2026-06-29
2026-06-29,38.904393,-76.982850,Ward 5,2026-07-02
2026-06-29,38.967306,-77.077448,Ward 3,2026-06-29
2026-06-29,38.932849,-76.960441,Ward 5,2026-06-29
2026-06-29,38.943709,-76.975960,Ward 5,2026-06-30
2026-06-29,38.886099,-76.985750,Ward 6,2026-06-30
2026-06-29,38.968915,-77.056902,Ward 4,2026-06-29
2026-06-29,38.890572,-76.929476,Ward 7,2026-06-30
2026-06-29,38.979645,-77.061094,Ward 4,2026-06-30
2026-06-29,38.934335,-77.039670,Ward 1,2026-06-30
2026-06-29,38.867510,-76.943973,Ward 7,2026-06-29
2026-06-29,38.919387,-76.986729,Ward 5,2026-06-30
2026-06-29,38.965080,-77.005013,Ward 4,2026-06-30
2026-06-29,38.909219,-76.940011,Ward 7,2026-06-30
2026-06-29,38.896991,-76.974562,Ward 7,2026-06-30
2026-06-29,38.865544,-76.948155,Ward 7,2026-06-30
2026-06-29,38.957421,-77.023227,Ward 4,2026-06-30
2026-06-29,38.884269,-77.000578,Ward 6,2026-06-30
2026-06-29,38.895108,-77.022208,Ward 2,2026-06-30
2026-06-30,38.949879,-77.085340,Ward 3,2026-06-30
2026-06-30,38.912792,-77.016653,Ward 5,2026-06-30
2026-06-30,38.939667,-77.019991,Ward 4,2026-06-30
2026-06-30,38.965938,-77.029228,Ward 4,2026-06-30
2026-06-30,38.917305,-77.068686,Ward 3,2026-06-30
2026-06-30,38.865544,-76.948155,Ward 7,2026-06-30
2026-06-30,38.942894,-77.086986,Ward 3,2026-06-30
2026-06-30,38.841475,-76.990073,Ward 8,2026-06-30
2026-06-30,38.963282,-77.076227,Ward 3,2026-06-30
2026-06-30,38.857407,-76.967928,Ward 8,2026-06-30
2026-06-30,38.905910,-77.015929,Ward 2,2026-06-30
2026-06-30,38.907376,-77.003270,Ward 6,2026-07-01
2026-06-30,38.967771,-77.025440,Ward 4,2026-06-30
2026-06-30,38.909388,-77.031338,Ward 2,2026-06-30
2026-06-30,38.911270,-77.023207,Ward 2,2026-06-30
2026-06-30,38.913889,-77.030754,Ward 2,2026-06-30
2026-06-30,38.888326,-76.996379,Ward 6,2026-06-30
2026-06-30,38.940138,-77.094613,Ward 3,2026-07-01
2026-06-30,38.913423,-77.015701,Ward 5,2026-07-02
2026-06-30,38.910231,-77.039682,Ward 2,2026-07-01
2026-06-30,38.950086,-77.021473,Ward 4,2026-07-01
2026-06-30,38.931488,-77.027927,Ward 1,2026-07-02
2026-06-30,38.939912,-77.019097,Ward 4,2026-07-01
2026-06-30,38.910198,-77.032843,Ward 2,2026-07-01
2026-06-30,38.912452,-77.046871,Ward 2,2026-07-01
2026-06-30,38.881119,-77.019698,Ward 6,2026-07-01
2026-06-30,38.981524,-77.032115,Ward 4,2026-07-01
2026-06-30,38.883262,-76.988078,Ward 6,2026-07-01
2026-07-01,38.962923,-77.056577,Ward 4,2026-07-01
2026-07-01,38.881085,-76.988876,Ward 6,2026-07-01
2026-07-01,38.932866,-76.978221,Ward 5,2026-07-01
2026-07-01,38.897148,-76.992254,Ward 6,2026-07-01
2026-07-01,38.953971,-77.061232,Ward 3,2026-07-01
2026-07-01,38.943036,-77.005200,Ward 5,2026-07-01
2026-07-01,38.863869,-76.966338,Ward 7,2026-07-01
2026-07-01,38.863869,-76.966338,Ward 7,2026-07-01
2026-07-01,38.881456,-76.988309,Ward 6,2026-07-01
2026-07-01,38.954545,-77.019564,Ward 4,2026-07-01
2026-07-01,38.887404,-76.950293,Ward 7,2026-07-02
2026-07-01,38.892486,-76.949008,Ward 7,2026-07-02
2026-07-01,38.953576,-77.064905,Ward 3,2026-07-01
2026-07-01,38.913944,-77.019170,Ward 2,2026-07-01
2026-07-01,38.958007,-77.037356,Ward 4,2026-07-01
2026-07-01,38.858059,-76.985211,Ward 8,2026-07-01
2026-07-01,38.907588,-77.031725,Ward 2,2026-07-01
2026-07-01,38.906589,-77.017048,Ward 2,2026-07-02
2026-07-01,38.946297,-77.030873,Ward 4,2026-07-02
2026-07-01,38.946297,-77.030950,Ward 4,2026-07-02
2026-07-01,38.902573,-76.951076,Ward 7,2026-07-02
2026-07-01,38.926264,-77.056818,Ward 3,2026-07-02
2026-07-01,38.935091,-77.112162,Ward 3,2026-07-02
2026-07-01,38.905645,-77.012171,Ward 6,2026-07-02
2026-07-01,38.906269,-77.012160,Ward 6,2026-07-01
2026-07-01,38.878186,-77.019364,Ward 6,2026-07-02
2026-07-02,38.902005,-76.928279,Ward 7,2026-07-02
2026-07-02,38.976912,-77.027615,Ward 4,2026-07-02
2026-07-02,38.913852,-77.015577,Ward 5,2026-07-02
2026-07-02,38.913579,-77.015976,Ward 5,2026-07-02
2026-07-02,38.956033,-77.070411,Ward 3,2026-07-02
2026-07-02,38.874567,-77.016983,Ward 6,2026-07-02
2026-07-02,38.902236,-77.002847,Ward 6,2026-07-02
2026-07-02,38.902261,-77.003009,Ward 6,2026-07-02
2026-07-02,38.869095,-76.971967,Ward 8,2026-07-02
2026-07-02,38.864871,-76.983791,Ward 8,2026-07-02
2026-07-02,38.904275,-76.926476,Ward 7,2026-07-02
2026-07-02,38.887404,-76.982736,Ward 7,2026-07-02
2026-07-02,38.992705,-77.038789,Ward 4,2026-07-02
2026-07-02,38.899148,-76.975986,Ward 5,2026-07-06
2026-07-02,38.893877,-76.947183,Ward 7,2026-07-06
2026-07-02,38.961891,-77.075556,Ward 3,2026-07-03
2026-07-02,38.938308,-76.974688,Ward 5,2026-07-06
2026-07-02,38.957158,-77.063121,Ward 3,2026-07-06
2026-07-02,38.943805,-77.088868,Ward 3,2026-07-06
2026-07-02,38.917060,-77.057355,Ward 2,2026-07-06
2026-07-03,38.926946,-77.039824,Ward 1,2026-07-06
2026-07-03,38.926891,-77.023919,Ward 1,2026-07-06
2026-07-03,38.971788,-77.071642,Ward 3,2026-07-05
2026-07-03,38.906111,-77.055793,Ward 2,2026-07-06
2026-07-03,38.917435,-77.049253,Ward 2,2026-07-06
2026-07-03,38.885804,-76.934428,Ward 7,2026-07-06
2026-07-03,38.885482,-76.923473,Ward 7,2026-07-03
2026-07-03,38.905330,-77.065394,Ward 2,2026-07-06
2026-07-03,38.907898,-76.984728,Ward 5,2026-07-06
2026-07-03,38.850666,-76.966461,Ward 8,2026-07-06
2026-07-03,38.955547,-77.072169,Ward 3,2026-07-06
2026-07-03,38.882074,-76.981977,Ward 7,2026-07-06
2026-07-03,38.952524,-77.027287,Ward 4,2026-07-07
2026-07-03,38.878594,-76.989044,Ward 6,2026-07-06
2026-07-03,38.925795,-77.007926,Ward 5,2026-07-06
2026-07-03,38.909122,-77.014893,Ward 5,2026-07-06
2026-07-04,38.902261,-77.002553,Ward 6,2026-07-06
2026-07-04,38.897149,-76.984626,Ward 6,2026-07-06
2026-07-04,38.880457,-76.938996,Ward 7,2026-07-06
2026-07-04,38.881764,-76.939269,Ward 7,2026-07-06
2026-07-04,38.927518,-77.035906,Ward 1,2026-07-06
2026-07-04,38.946942,-77.090355,Ward 3,2026-07-06
2026-07-04,38.912035,-77.033910,Ward 2,2026-07-06
2026-07-04,38.872469,-76.977566,Ward 8,2026-07-06
2026-07-04,38.876956,-76.960295,Ward 7,2026-07-06
2026-07-04,38.958843,-77.067665,Ward 3,2026-07-06
2026-07-04,38.868681,-76.985902,Ward 8,2026-07-05
2026-07-04,38.868681,-76.985902,Ward 8,2026-07-05
2026-07-04,38.893582,-77.003517,Ward 6,2026-07-06
2026-07-04,38.869000,-76.985767,Ward 8,2026-07-05
2026-07-04,38.911075,-77.050748,Ward 2,2026-07-06
2026-07-05,38.856190,-76.986995,Ward 8,2026-07-06
2026-07-05,38.886646,-76.989106,Ward 6,2026-07-06
2026-07-05,38.961268,-77.070711,Ward 3,2026-07-06
2026-07-05,38.917819,-77.042952,Ward 1,2026-07-05
2026-07-05,38.917820,-77.041648,Ward 1,2026-07-05
2026-07-05,38.838853,-76.996529,Ward 8,2026-07-06
2026-07-05,38.923871,-77.066398,Ward 3,2026-07-06
2026-07-05,38.849849,-77.005135,Ward 8,2026-07-06
2026-07-05,38.924328,-77.000269,Ward 5,2026-07-06
2026-07-05,38.937872,-77.022029,Ward 4,2026-07-06
2026-07-05,38.920673,-77.031649,Ward 1,2026-07-06
2026-07-05,38.926699,-76.991819,Ward 5,2026-07-06
2026-07-05,38.938772,-77.065382,Ward 3,2026-07-06
2026-07-05,38.988696,-77.046180,Ward 4,2026-07-06
2026-07-05,38.927445,-77.028627,Ward 1,2026-07-06
2026-07-05,38.873187,-76.975855,Ward 8,2026-07-06
2026-07-05,38.927471,-77.027910,Ward 1,2026-07-06
2026-07-05,38.897977,-76.997673,Ward 6,2026-07-06
2026-07-05,38.928411,-77.019589,Ward 1,2026-07-06
2026-07-05,38.854924,-76.986370,Ward 8,2026-07-06
2026-07-05,38.927075,-77.025117,Ward 1,2026-07-06
2026-07-05,38.926894,-77.031463,Ward 1,2026-07-06
2026-07-05,38.954681,-76.991325,Ward 5,2026-07-06
2026-07-05,38.927914,-77.032991,Ward 1,2026-07-06
2026-07-06,38.922104,-77.030254,Ward 1,2026-07-06
2026-07-06,38.877010,-76.960507,Ward 7,2026-07-06
2026-07-06,38.888340,-76.995945,Ward 6,2026-07-06
2026-07-06,38.888326,-76.996379,Ward 6,2026-07-06
2026-07-06,38.830299,-76.995276,Ward 8,2026-07-06
2026-07-06,38.833339,-77.010692,Ward 8,2026-07-06
2026-07-06,38.866715,-76.981031,Ward 8,2026-07-06
2026-07-06,38.893225,-76.991321,Ward 6,2026-07-06
2026-07-06,38.947705,-77.074156,Ward 3,2026-07-06
2026-07-06,38.919364,-77.047523,Ward 1,2026-07-07
2026-07-06,38.905230,-76.943172,Ward 7,2026-07-06
2026-07-06,38.904119,-76.984410,Ward 5,2026-07-07
2026-07-06,38.885128,-76.956722,Ward 7,2026-07-06
2026-07-06,38.937863,-77.022198,Ward 4,2026-07-06
2026-07-06,38.868672,-76.971297,Ward 8,2026-07-06
2026-07-06,38.895674,-76.972312,Ward 7,2026-07-06
2026-07-06,38.894932,-76.941372,Ward 7,2026-07-07
2026-07-06,38.907961,-77.026229,Ward 2,2026-07-06
2026-07-06,38.898593,-76.923523,Ward 7,2026-07-07
2026-07-06,38.914133,-77.097904,Ward 3,2026-07-07
2026-07-06,38.905791,-76.999743,Ward 6,2026-07-06
2026-07-06,38.941092,-76.976507,Ward 5,2026-07-06
2026-07-06,38.938118,-76.976800,Ward 5,2026-07-07
2026-07-06,38.933993,-77.055525,Ward 3,2026-07-06
2026-07-06,38.880038,-76.962505,Ward 7,2026-07-07
2026-07-06,38.926893,-77.054455,Ward 3,2026-07-07
2026-07-06,38.865840,-76.949593,Ward 7,2026-07-07
2026-07-06,38.912270,-77.049017,Ward 2,2026-07-07
2026-07-06,38.960169,-77.083114,Ward 3,2026-07-07
2026-07-06,38.930052,-77.029379,Ward 1,2026-07-07
2026-07-06,38.898885,-76.936291,Ward 7,2026-07-07
2026-07-06,38.892566,-76.933803,Ward 7,2026-07-07
2026-07-06,38.902707,-76.989577,Ward 5,2026-07-07
2026-07-07,38.890939,-77.002779,Ward 6,2026-07-07
2026-07-07,38.986967,-77.041593,Ward 4,2026-07-07
2026-07-07,38.956864,-77.013000,Ward 4,2026-07-07
2026-07-07,38.870732,-76.958981,Ward 7,2026-07-07
2026-07-07,38.947098,-77.090610,Ward 3,2026-07-07
2026-07-07,38.937748,-76.976458,Ward 5,2026-07-07
2026-07-07,38.896836,-76.919146,Ward 7,2026-07-07
2026-07-07,38.927569,-77.025361,Ward 1,2026-07-07
2026-07-07,38.887909,-76.930665,Ward 7,2026-07-07
2026-07-07,38.968932,-77.064137,Ward 4,2026-07-07
2026-07-07,38.900770,-76.974418,Ward 5,2026-07-08
2026-07-07,38.934690,-76.979512,Ward 5,2026-07-07
2026-07-07,38.946253,-77.067646,Ward 3,2026-07-07
2026-07-07,38.946253,-77.067646,Ward 3,2026-07-07
2026-07-07,38.927878,-77.028276,Ward 1,2026-07-08
2026-07-07,38.913180,-77.002326,Ward 5,2026-07-09
2026-07-07,38.956401,-77.012748,Ward 4,2026-07-08
2026-07-07,38.934900,-76.971591,Ward 5,2026-07-08
2026-07-07,38.946922,-77.087247,Ward 3,2026-07-08
2026-07-07,38.860521,-76.987559,Ward 8,2026-07-07
2026-07-07,38.886733,-76.925704,Ward 7,2026-07-08
2026-07-07,38.900824,-76.974425,Ward 5,2026-07-08
2026-07-07,38.934799,-76.971921,Ward 5,2026-07-08
2026-07-07,38.934713,-76.971925,Ward 5,2026-07-08
2026-07-07,38.934610,-76.971925,Ward 5,2026-07-08
2026-07-07,38.927938,-76.987741,Ward 5,2026-07-08
2026-07-08,38.961498,-77.020370,Ward 4,2026-07-08
2026-07-08,38.923662,-77.057956,Ward 3,2026-07-08
2026-07-08,38.886335,-76.943592,Ward 7,2026-07-08
2026-07-08,38.930417,-76.973948,Ward 5,2026-07-08
2026-07-08,38.937184,-77.097022,Ward 3,2026-07-08
2026-07-08,38.958540,-77.015986,Ward 4,2026-07-08
2026-07-08,38.860216,-76.992546,Ward 8,2026-07-08
2026-07-08,38.981524,-77.032115,Ward 4,2026-07-08
2026-07-08,38.919409,-77.047493,Ward 1,2026-07-08
2026-07-08,38.910922,-77.020122,Ward 2,2026-07-08
2026-07-08,38.957833,-77.027856,Ward 4,2026-07-08
2026-07-08,38.906111,-77.055793,Ward 2,2026-07-08
2026-07-08,38.911641,-77.010541,Ward 5,2026-07-09
2026-07-08,38.924995,-77.060548,Ward 3,2026-07-08
2026-07-08,38.922234,-76.981955,Ward 5,2026-07-10
2026-07-08,38.951898,-77.085593,Ward 3,2026-07-09
2026-07-08,38.945728,-77.072835,Ward 3,2026-07-09
2026-07-08,38.893404,-77.001723,Ward 6,2026-07-09
2026-07-08,38.884953,-76.921731,Ward 7,2026-07-10
2026-07-08,38.917944,-77.093081,Ward 3,2026-07-09
2026-07-08,38.957126,-77.027710,Ward 4,2026-07-09
2026-07-08,38.928817,-77.042158,Ward 1,2026-07-09
2026-07-08,38.867420,-76.953720,Ward 7,2026-07-09
2026-07-08,38.929906,-77.029474,Ward 1,2026-07-09
2026-07-08,38.897805,-76.979981,Ward 7,2026-07-09
2026-07-08,38.929906,-77.029474,Ward 1,2026-07-09
2026-07-09,38.978168,-77.031826,Ward 4,2026-07-09
2026-07-09,38.958540,-77.015986,Ward 4,2026-07-09
2026-07-09,38.958540,-77.015986,Ward 4,2026-07-09
2026-07-09,38.957662,-77.016165,Ward 4,2026-07-09
2026-07-09,38.914687,-77.041845,Ward 2,2026-07-09
2026-07-09,38.960166,-77.018033,Ward 4,2026-07-09
2026-07-09,38.927127,-77.062313,Ward 3,2026-07-09
2026-07-09,38.957570,-76.997376,Ward 4,2026-07-09
2026-07-09,38.907450,-77.023233,Ward 2,2026-07-09
2026-07-09,38.900837,-76.996411,Ward 6,2026-07-10
2026-07-09,38.903343,-76.986454,Ward 5,2026-07-10
2026-07-09,38.867151,-76.959614,Ward 7,2026-07-09
2026-07-09,38.904554,-76.934009,Ward 7,2026-07-09
2026-07-09,38.932954,-76.982720,Ward 5,2026-07-10
2026-07-09,38.907023,-77.039124,Ward 2,2026-07-09
2026-07-09,38.911358,-77.034152,Ward 2,2026-07-09
2026-07-09,38.867050,-76.979207,Ward 8,2026-07-09
2026-07-09,38.903740,-77.051414,Ward 2,2026-07-09
2026-07-09,38.873187,-76.975855,Ward 8,2026-07-09
2026-07-09,38.928483,-77.035782,Ward 1,2026-07-09
2026-07-09,38.928483,-77.035782,Ward 1,2026-07-10
2026-07-09,38.912825,-77.044599,Ward 2,2026-07-09
2026-07-09,38.928483,-77.035782,Ward 1,2026-07-10
2026-07-09,38.914093,-77.036509,Ward 2,2026-07-10
2026-07-09,38.883790,-77.000815,Ward 6,2026-07-10
2026-07-09,38.987856,-77.037659,Ward 4,2026-07-09
2026-07-09,38.871840,-76.963854,Ward 7,2026-07-09
2026-07-09,38.909839,-77.068006,Ward 2,2026-07-10
2026-07-09,38.872661,-76.978794,Ward 8,2026-07-10
2026-07-09,38.870150,-76.946778,Ward 7,2026-07-10
2026-07-09,38.895753,-76.999264,Ward 6,2026-07-10
2026-07-09,38.961187,-77.036013,Ward 4,2026-07-10
2026-07-09,38.912741,-77.020152,Ward 2,2026-07-10
2026-07-09,38.960042,-77.083909,Ward 3,2026-07-15
2026-07-09,38.903147,-77.025737,Ward 2,2026-07-10
2026-07-09,38.893575,-76.989261,Ward 6,2026-07-10
2026-07-09,38.872021,-76.976638,Ward 8,2026-07-10
2026-07-09,38.868860,-76.973522,Ward 8,2026-07-10
2026-07-09,38.893146,-76.989436,Ward 6,2026-07-10
2026-07-09,38.925787,-76.961299,Ward 5,2026-07-15
2026-07-09,38.905963,-77.002373,Ward 6,2026-07-10
2026-07-10,38.898909,-76.989272,Ward 6,2026-07-10
2026-07-10,38.976020,-77.027561,Ward 4,2026-07-10
2026-07-10,38.944212,-77.049686,Ward 3,2026-07-10
2026-07-10,38.903147,-77.025737,Ward 2,2026-07-10
2026-07-10,38.924037,-77.008738,Ward 5,2026-07-10
2026-07-10,38.950358,-77.052981,Ward 3,2026-07-10
2026-07-10,38.903147,-77.025737,Ward 2,2026-07-10
2026-07-10,38.950358,-77.052981,Ward 3,2026-07-10
2026-07-10,38.903343,-76.986454,Ward 5,2026-07-10
2026-07-10,38.944212,-77.049686,Ward 3,2026-07-10
2026-07-10,38.944212,-77.049686,Ward 3,2026-07-10
2026-07-10,38.892532,-76.912497,Ward 7,2026-07-10
2026-07-10,38.934842,-76.981578,Ward 5,2026-07-13
2026-07-10,38.963603,-77.003251,Ward 4,2026-07-10
2026-07-10,38.925885,-76.968952,Ward 5,2026-07-13
2026-07-10,38.940097,-77.019918,Ward 4,2026-07-10
2026-07-10,38.903879,-76.978324,Ward 5,2026-07-13
2026-07-10,38.956300,-77.068133,Ward 3,2026-07-10
2026-07-10,38.834048,-76.998444,Ward 8,2026-07-13
2026-07-10,38.971068,-77.067035,Ward 4,2026-07-10
2026-07-10,38.971068,-77.067035,Ward 4,2026-07-10
2026-07-10,38.845702,-77.002229,Ward 8,2026-07-10
2026-07-10,38.985327,-77.044381,Ward 4,2026-07-10
2026-07-10,38.913674,-77.038779,Ward 2,2026-07-13
2026-07-10,38.987856,-77.037659,Ward 4,2026-07-13
2026-07-10,38.892895,-76.912296,Ward 7,2026-07-14
2026-07-10,38.945844,-77.096763,Ward 3,2026-07-10
2026-07-10,38.945053,-77.096410,Ward 3,2026-07-10
2026-07-10,38.944498,-77.095568,Ward 3,2026-07-10
2026-07-10,38.893864,-76.992426,Ward 6,2026-07-13
2026-07-10,38.956539,-77.032663,Ward 4,2026-07-13
2026-07-11,38.947784,-77.030913,Ward 4,2026-07-13
2026-07-11,38.883045,-77.004253,Ward 6,2026-07-13
2026-07-11,38.868816,-76.958319,Ward 7,2026-07-13
2026-07-11,38.979240,-77.026718,Ward 4,2026-07-13
2026-07-11,38.892567,-76.980094,Ward 7,2026-07-11
2026-07-11,38.954703,-77.080305,Ward 3,2026-07-13
2026-07-11,38.959026,-77.072154,Ward 3,2026-07-12
2026-07-11,38.957881,-77.071123,Ward 3,2026-07-12
2026-07-11,38.959489,-77.072068,Ward 3,2026-07-12
2026-07-11,38.957739,-77.071406,Ward 3,2026-07-12
2026-07-11,38.892567,-76.980094,Ward 7,2026-07-11
2026-07-11,38.892567,-76.980094,Ward 7,2026-07-11
2026-07-11,38.954925,-77.080535,Ward 3,2026-07-13
2026-07-12,38.959253,-77.018310,Ward 4,2026-07-12
2026-07-12,38.959240,-77.017789,Ward 4,2026-07-13
2026-07-12,38.920884,-77.076862,Ward 3,2026-07-13
2026-07-12,38.919909,-77.079501,Ward 3,2026-07-13
2026-07-12,38.920145,-77.079505,Ward 3,2026-07-13
2026-07-12,38.962187,-77.019220,Ward 4,2026-07-13
2026-07-12,38.907240,-77.019899,Ward 2,2026-07-13
2026-07-12,38.964312,-77.023964,Ward 4,2026-07-13
2026-07-12,38.920972,-77.047106,Ward 1,2026-07-14
2026-07-12,38.949844,-77.016289,Ward 4,2026-07-13
2026-07-12,38.934426,-77.109528,Ward 3,2026-07-13
2026-07-12,38.966915,-77.075924,Ward 3,2026-07-13
2026-07-12,38.936169,-76.970138,Ward 5,2026-07-13
2026-07-12,38.883457,-76.999248,Ward 6,2026-07-13
2026-07-12,38.939590,-77.029331,Ward 4,2026-07-13
2026-07-12,38.903946,-76.990716,Ward 5,2026-07-13
2026-07-13,38.954703,-77.081166,Ward 3,2026-07-13
2026-07-13,38.978168,-77.031826,Ward 4,2026-07-13
2026-07-13,38.977361,-77.034413,Ward 4,2026-07-13
2026-07-13,38.978173,-77.031416,Ward 4,2026-07-13
2026-07-13,38.978196,-77.027278,Ward 4,2026-07-13
2026-07-13,38.957299,-77.021322,Ward 4,2026-07-13
2026-07-13,38.846157,-76.998635,Ward 8,2026-07-13
2026-07-13,38.871672,-76.951113,Ward 7,2026-07-13
2026-07-13,38.946942,-77.090355,Ward 3,2026-07-13
2026-07-13,38.952751,-77.026639,Ward 4,2026-07-13
2026-07-13,38.901102,-77.040222,Ward 2,2026-07-13
2026-07-13,38.939590,-77.029331,Ward 4,2026-07-13
2026-07-13,38.947339,-77.083246,Ward 3,2026-07-13
2026-07-13,38.910224,-77.015456,Ward 5,2026-07-13
2026-07-13,38.938883,-77.068891,Ward 3,2026-07-13
2026-07-13,38.907965,-77.031575,Ward 2,2026-07-13
2026-07-13,38.943083,-77.028887,Ward 4,2026-07-13
2026-07-13,38.991642,-77.035677,Ward 4,2026-07-14
2026-07-13,38.894674,-76.936683,Ward 7,2026-07-14
2026-07-13,38.944498,-77.095568,Ward 3,2026-07-14
2026-07-13,38.897145,-76.999320,Ward 6,2026-07-14
2026-07-13,38.865475,-76.959917,Ward 7,2026-07-14
2026-07-13,38.936093,-77.029559,Ward 1,2026-07-14
2026-07-13,38.961017,-77.073309,Ward 3,2026-07-14
2026-07-13,38.865483,-76.977574,Ward 8,2026-07-14
2026-07-13,38.900005,-77.033156,Ward 2,2026-07-14
2026-07-13,38.903164,-77.041384,Ward 2,2026-07-14
2026-07-13,38.921623,-77.042365,Ward 1,2026-07-14
2026-07-13,38.953284,-77.071908,Ward 3,2026-07-14
2026-07-13,38.921107,-77.042418,Ward 1,2026-07-14
2026-07-14,38.953879,-77.072254,Ward 3,2026-07-14
2026-07-14,38.943562,-76.990238,Ward 5,2026-07-15
2026-07-14,38.900037,-76.988503,Ward 6,2026-07-14
2026-07-14,38.928807,-77.032641,Ward 1,2026-07-14
2026-07-14,38.927914,-77.032991,Ward 1,2026-07-14
2026-07-14,38.926703,-77.035777,Ward 1,2026-07-14
2026-07-14,38.900384,-76.977266,Ward 5,2026-07-14
2026-07-14,38.979699,-77.059309,Ward 4,2026-07-14
2026-07-14,38.912387,-77.031722,Ward 2,2026-07-14
2026-07-14,38.895550,-76.984442,Ward 6,2026-07-14
2026-07-14,38.890525,-76.994064,Ward 6,2026-07-14
2026-07-14,38.903553,-76.977926,Ward 5,2026-07-14
2026-07-14,38.903543,-76.977830,Ward 5,2026-07-14
2026-07-14,38.909708,-77.053259,Ward 2,2026-07-14
2026-07-14,38.925761,-77.025502,Ward 1,2026-07-14
2026-07-14,38.882451,-77.004684,Ward 6,2026-07-15
2026-07-14,38.928452,-77.037507,Ward 1,2026-07-14
2026-07-14,38.925380,-76.978178,Ward 5,2026-07-14
2026-07-14,38.935629,-77.035488,Ward 1,2026-07-15
2026-07-14,38.957299,-77.021322,Ward 4,2026-07-14
2026-07-14,38.969035,-77.036373,Ward 4,2026-07-14
2026-07-14,38.968751,-77.036374,Ward 4,2026-07-14
2026-07-14,38.969035,-77.036373,Ward 4,2026-07-14
2026-07-14,38.969035,-77.036373,Ward 4,2026-07-14
2026-07-14,38.964593,-77.003659,Ward 4,2026-07-14
2026-07-14,38.886227,-76.987272,Ward 6,2026-07-14
2026-07-14,38.933036,-76.964973,Ward 5,2026-07-14
2026-07-14,38.939857,-77.094014,Ward 3,2026-07-16
2026-07-14,38.940023,-77.094068,Ward 3,2026-07-15
2026-07-14,38.907813,-77.019179,Ward 2,2026-07-15
2026-07-14,38.907605,-77.018697,Ward 2,2026-07-15
2026-07-14,38.927527,-77.064814,Ward 3,2026-07-15
2026-07-14,38.901682,-76.937291,Ward 7,2026-07-16
2026-07-14,38.939857,-77.094014,Ward 3,2026-07-16
2026-07-14,38.893423,-76.993103,Ward 6,2026-07-15
2026-07-14,38.898592,-76.919500,Ward 7,2026-07-15
2026-07-14,38.937363,-77.098543,Ward 3,2026-07-15
2026-07-14,38.923667,-76.975311,Ward 5,2026-07-15
2026-07-14,38.863995,-76.980903,Ward 8,2026-07-15
2026-07-14,38.905803,-76.977363,Ward 5,2026-07-14
2026-07-14,38.905803,-76.977363,Ward 5,2026-07-14
2026-07-14,38.927880,-76.969535,Ward 5,2026-07-15
2026-07-15,38.908035,-77.019155,Ward 2,2026-07-15
2026-07-15,38.978304,-77.024457,Ward 4,2026-07-15
2026-07-15,38.904803,-77.000331,Ward 6,2026-07-15
2026-07-15,38.949846,-77.016226,Ward 4,2026-07-15
2026-07-15,38.914826,-77.013276,Ward 5,2026-07-15
2026-07-15,38.907378,-76.928964,Ward 7,2026-07-15
2026-07-15,38.907623,-77.019156,Ward 2,2026-07-15
2026-07-15,38.907692,-77.019643,Ward 2,2026-07-15
2026-07-15,38.908035,-77.019155,Ward 2,2026-07-15
2026-07-15,38.937480,-76.989088,Ward 5,2026-07-15
2026-07-15,38.916448,-77.032249,Ward 2,2026-07-15
2026-07-15,38.908080,-77.019660,Ward 2,2026-07-15
2026-07-15,38.928940,-77.021237,Ward 1,2026-07-16
2026-07-15,38.881076,-76.993025,Ward 6,2026-07-16
2026-07-15,38.881911,-76.990564,Ward 6,2026-07-15
2026-07-15,38.910472,-77.011911,Ward 5,2026-07-27
2026-07-15,38.945987,-77.040302,Ward 4,2026-07-16
2026-07-15,38.934347,-77.039606,Ward 1,2026-07-16
2026-07-15,38.908367,-77.087650,Ward 3,2026-07-16
2026-07-15,38.918948,-77.074866,Ward 3,2026-07-16
2026-07-15,38.958344,-77.021796,Ward 4,2026-07-16
2026-07-15,38.974991,-77.062769,Ward 4,2026-07-16
2026-07-15,38.904402,-76.932520,Ward 7,2026-07-16
2026-07-15,38.937427,-77.036447,Ward 4,2026-07-16
2026-07-16,38.948260,-77.036424,Ward 4,2026-07-16
2026-07-16,38.957299,-77.021322,Ward 4,2026-07-16
2026-07-16,38.966851,-77.036384,Ward 4,2026-07-16
2026-07-16,38.930296,-77.001733,Ward 5,2026-07-16
2026-07-16,38.984554,-77.036720,Ward 4,2026-07-16
2026-07-16,38.984972,-77.036737,Ward 4,2026-07-16
2026-07-16,38.985538,-77.036906,Ward 4,2026-07-16
2026-07-16,38.984952,-77.035902,Ward 4,2026-07-16
2026-07-16,38.892570,-76.956453,Ward 7,2026-07-16
2026-07-16,38.971904,-77.035982,Ward 4,2026-07-16
2026-07-16,38.984539,-77.031107,Ward 4,2026-07-16
2026-07-16,38.909513,-76.986519,Ward 5,2026-07-23
2026-07-16,38.881943,-76.992443,Ward 6,2026-07-16
2026-07-16,38.976020,-77.027561,Ward 4,2026-07-16
2026-07-16,38.951030,-77.098209,Ward 3,2026-07-16
2026-07-16,38.938137,-77.097005,Ward 3,2026-07-16
2026-07-16,38.959610,-77.012396,Ward 4,2026-07-17
2026-07-16,38.961852,-76.998932,Ward 4,2026-07-17
2026-07-16,38.916011,-77.037858,Ward 2,2026-07-17
2026-07-16,38.930788,-77.039972,Ward 1,2026-07-17
2026-07-16,38.934034,-77.036034,Ward 1,2026-07-17
2026-07-16,38.911243,-77.083250,Ward 3,2026-07-17
2026-07-16,38.899189,-76.939870,Ward 7,2026-07-17
2026-07-16,38.952908,-77.031561,Ward 4,2026-07-17
2026-07-17,38.880800,-76.985913,Ward 6,2026-07-20
2026-07-17,38.890978,-76.926661,Ward 7,2026-07-17
2026-07-17,38.966851,-77.036384,Ward 4,2026-07-17
2026-07-17,38.965787,-77.023969,Ward 4,2026-07-17
2026-07-17,38.869082,-76.954898,Ward 7,2026-07-17
2026-07-17,38.916378,-77.009424,Ward 5,2026-07-27
2026-07-17,38.979924,-77.024705,Ward 4,2026-07-17
2026-07-17,38.895299,-76.997259,Ward 6,2026-07-17
2026-07-17,38.903194,-77.050530,Ward 2,2026-07-20
2026-07-17,38.915185,-77.097308,Ward 3,2026-07-20
2026-07-17,38.923651,-77.035839,Ward 1,2026-07-17
2026-07-17,38.901785,-76.937814,Ward 7,2026-07-17
2026-07-17,38.899732,-76.939903,Ward 7,2026-07-17
2026-07-17,38.886652,-76.984566,Ward 6,2026-07-20
2026-07-17,38.886464,-76.989975,Ward 6,2026-07-17
2026-07-17,38.924614,-77.035595,Ward 1,2026-07-17
2026-07-17,38.924614,-77.035595,Ward 1,2026-07-17
2026-07-17,38.907617,-77.067513,Ward 2,2026-07-17
2026-07-17,38.918304,-77.024111,Ward 1,2026-07-17
2026-07-17,38.916215,-77.043212,Ward 1,2026-07-17
2026-07-17,38.914999,-77.025479,Ward 1,2026-07-17
2026-07-17,38.901918,-76.937784,Ward 7,2026-07-20
2026-07-17,38.898075,-76.926217,Ward 7,2026-07-17
2026-07-17,38.929590,-77.076345,Ward 3,2026-07-20
2026-07-17,38.900024,-77.017976,Ward 6,2026-07-20
2026-07-17,38.868124,-76.945064,Ward 7,2026-07-20
2026-07-17,38.899789,-77.016204,Ward 6,2026-07-20
2026-07-17,38.899789,-77.016204,Ward 6,2026-07-20
2026-07-18,38.880038,-76.962505,Ward 7,2026-07-18
2026-07-18,38.893578,-76.993759,Ward 6,2026-07-20
2026-07-18,38.950732,-77.074944,Ward 3,2026-07-20
2026-07-18,38.902829,-76.995171,Ward 6,2026-07-20
2026-07-18,38.886239,-76.959515,Ward 7,2026-07-20
2026-07-18,38.943040,-76.975900,Ward 5,2026-07-19
2026-07-18,38.943040,-76.975900,Ward 5,2026-07-18
2026-07-18,38.932183,-76.981926,Ward 5,2026-07-20
2026-07-18,38.908229,-76.940485,Ward 7,2026-07-20
2026-07-18,38.901866,-77.012874,Ward 6,2026-07-19
2026-07-18,38.934459,-77.098353,Ward 3,2026-07-18
2026-07-18,38.961603,-77.052683,Ward 3,2026-07-19
2026-07-18,38.962391,-77.055167,Ward 4,2026-07-19
2026-07-18,38.961603,-77.052683,Ward 3,2026-07-19
2026-07-18,38.954959,-77.039391,Ward 4,2026-07-20
2026-07-19,38.929377,-77.101105,Ward 3,2026-07-20
2026-07-19,38.956852,-77.069366,Ward 3,2026-07-20
2026-07-19,38.909141,-76.985966,Ward 5,2026-07-20
2026-07-19,38.859101,-76.969789,Ward 8,2026-07-20
2026-07-19,38.883802,-76.957736,Ward 7,2026-07-20
2026-07-19,38.943040,-76.975900,Ward 5,2026-07-20
2026-07-19,38.874132,-76.974592,Ward 7,2026-07-20
2026-07-19,38.969185,-77.029321,Ward 4,2026-07-20
2026-07-19,38.842558,-76.993704,Ward 8,2026-07-20
2026-07-19,38.843174,-76.993857,Ward 8,2026-07-20
2026-07-19,38.905854,-76.936067,Ward 7,2026-07-20
2026-07-19,38.865849,-76.948947,Ward 7,2026-07-20
2026-07-19,38.915566,-77.019391,Ward 1,2026-07-20
2026-07-19,38.834451,-77.005887,Ward 8,2026-07-20
2026-07-19,38.834504,-77.005622,Ward 8,2026-07-20
2026-07-20,38.865849,-76.948947,Ward 7,2026-07-20
2026-07-20,38.868056,-76.948456,Ward 7,2026-07-20
2026-07-20,38.896868,-76.982597,Ward 7,2026-07-20
2026-07-20,38.957634,-77.065638,Ward 3,2026-07-20
2026-07-20,38.893422,-76.994186,Ward 6,2026-07-20
2026-07-20,38.865840,-76.949593,Ward 7,2026-07-20
2026-07-20,38.906013,-76.987653,Ward 5,2026-07-20
2026-07-20,38.897987,-76.984406,Ward 6,2026-07-20
2026-07-20,38.886095,-76.930182,Ward 7,2026-07-21
2026-07-20,38.968932,-77.064137,Ward 4,2026-07-21
2026-07-20,38.959504,-77.073872,Ward 3,2026-07-21
2026-07-20,38.958544,-77.012061,Ward 4,2026-07-21
2026-07-20,38.938911,-77.104038,Ward 3,2026-07-21
2026-07-20,38.958926,-77.012480,Ward 4,2026-07-21
2026-07-20,38.957198,-77.072219,Ward 3,2026-07-21
2026-07-20,38.909629,-77.067086,Ward 2,2026-07-21
2026-07-20,38.967839,-77.020942,Ward 4,2026-07-21
2026-07-20,38.928705,-77.027510,Ward 1,2026-07-21
2026-07-20,38.937667,-77.034395,Ward 4,2026-07-21
2026-07-20,38.866179,-76.988941,Ward 8,2026-07-21
2026-07-20,38.937572,-77.033886,Ward 4,2026-07-21
2026-07-20,38.936655,-77.032016,Ward 1,2026-07-21
2026-07-20,38.845348,-76.999661,Ward 8,2026-07-21
2026-07-20,38.897867,-76.980355,Ward 7,2026-07-20
2026-07-20,38.924347,-77.077465,Ward 3,2026-07-21
2026-07-20,38.933947,-77.026586,Ward 1,2026-07-21
2026-07-20,38.901726,-76.938461,Ward 7,2026-07-21
2026-07-21,38.904053,-76.931383,Ward 7,2026-07-21
2026-07-21,38.934349,-77.039486,Ward 1,2026-07-21
2026-07-21,38.945488,-77.028498,Ward 4,2026-07-21
2026-07-21,38.920775,-77.045787,Ward 1,2026-07-21
2026-07-21,38.932813,-77.019280,Ward 1,2026-07-21
2026-07-21,38.922888,-77.010614,Ward 5,2026-07-23
2026-07-21,38.918017,-77.015480,Ward 1,2026-07-21
2026-07-21,38.843174,-76.993857,Ward 8,2026-07-21
2026-07-21,38.935496,-77.038369,Ward 1,2026-07-21
2026-07-21,38.902253,-77.020358,Ward 6,2026-07-21
2026-07-21,38.939389,-77.060734,Ward 3,2026-07-21
2026-07-21,38.909844,-77.022163,Ward 2,2026-07-21
2026-07-21,38.899732,-76.943946,Ward 7,2026-07-21
2026-07-21,38.901289,-76.938156,Ward 7,2026-07-21
2026-07-21,38.969925,-77.029686,Ward 4,2026-07-21
2026-07-21,38.904856,-76.944657,Ward 7,2026-07-21
2026-07-21,38.941126,-76.977534,Ward 5,2026-07-27
2026-07-21,38.956389,-77.015880,Ward 4,2026-07-21
2026-07-21,38.908732,-77.015484,Ward 5,2026-07-22
2026-07-21,38.913220,-77.011899,Ward 5,2026-07-22
2026-07-21,38.913513,-77.009598,Ward 5,2026-07-22
2026-07-21,38.988646,-77.032973,Ward 4,2026-07-22
2026-07-21,38.958544,-77.012061,Ward 4,2026-07-21
2026-07-21,38.912163,-77.066332,Ward 2,2026-07-21
2026-07-21,38.965938,-77.029228,Ward 4,2026-07-21
2026-07-21,38.850415,-76.975386,Ward 8,2026-07-21
2026-07-21,38.842987,-76.988768,Ward 8,2026-07-21
2026-07-21,38.911999,-77.045694,Ward 2,2026-07-22
2026-07-21,38.911986,-77.045526,Ward 2,2026-07-22
2026-07-21,38.895699,-76.937984,Ward 7,2026-07-21
2026-07-21,38.937935,-77.058341,Ward 3,2026-07-21
2026-07-21,38.886689,-76.977683,Ward 7,2026-07-22
2026-07-21,38.898885,-76.936291,Ward 7,2026-07-22
2026-07-21,38.854888,-76.970656,Ward 8,2026-07-22
2026-07-21,38.914508,-77.003227,Ward 5,2026-07-22
2026-07-21,38.844189,-77.001877,Ward 8,2026-07-22
2026-07-21,38.907577,-77.044613,Ward 2,2026-07-22
2026-07-21,38.885008,-76.997915,Ward 6,2026-07-22
2026-07-21,38.885968,-77.031957,Ward 2,2026-07-21
2026-07-21,38.884906,-77.039457,Ward 2,2026-07-22
2026-07-21,38.920101,-77.076815,Ward 3,2026-07-22
2026-07-21,38.845089,-76.999807,Ward 8,2026-07-22
2026-07-21,38.924798,-77.107124,Ward 3,2026-07-22
2026-07-21,38.918993,-77.100523,Ward 3,2026-07-22
2026-07-22,38.929786,-77.057437,Ward 3,2026-07-22
2026-07-22,38.861339,-76.962484,Ward 7,2026-07-22
2026-07-22,38.882475,-77.002457,Ward 6,2026-07-22
2026-07-22,38.958733,-77.016167,Ward 4,2026-07-22
2026-07-22,38.907492,-77.087244,Ward 3,2026-07-22
2026-07-22,38.871402,-76.957261,Ward 7,2026-07-22
2026-07-22,38.958540,-77.015986,Ward 4,2026-07-22
2026-07-22,38.893235,-77.002227,Ward 6,2026-07-22
2026-07-22,38.939145,-77.092849,Ward 3,2026-07-22
2026-07-22,38.955791,-77.087108,Ward 3,2026-07-22
2026-07-22,38.940512,-76.973054,Ward 5,2026-07-27
2026-07-22,38.935445,-77.026542,Ward 1,2026-07-22
2026-07-22,38.935217,-77.026557,Ward 1,2026-07-22
2026-07-22,38.905311,-76.937825,Ward 7,2026-07-23
2026-07-22,38.904053,-76.931383,Ward 7,2026-07-23
2026-07-22,38.938472,-77.072184,Ward 3,2026-07-23
2026-07-22,38.839584,-77.006471,Ward 8,2026-07-23
2026-07-22,38.894979,-76.927924,Ward 7,2026-07-23
2026-07-22,38.954681,-76.991325,Ward 5,2026-07-27
2026-07-22,38.866627,-76.987005,Ward 8,2026-07-23
2026-07-22,38.977303,-77.021377,Ward 4,2026-07-23
2026-07-22,38.916003,-77.020236,Ward 1,2026-07-23
2026-07-22,38.899341,-77.026488,Ward 2,2026-07-23
2026-07-23,38.970415,-77.022215,Ward 4,2026-07-27
2026-07-23,38.896017,-77.048023,Ward 2,2026-07-23
2026-07-23,38.896297,-77.047774,Ward 2,2026-07-23
2026-07-23,38.896297,-77.047774,Ward 2,2026-07-23
2026-07-23,38.966922,-77.075383,Ward 3,2026-07-23
2026-07-23,38.847372,-77.002227,Ward 8,2026-07-23
2026-07-23,38.895428,-76.957808,Ward 7,2026-07-23
2026-07-23,38.952065,-77.028313,Ward 4,2026-07-23
2026-07-23,38.923022,-76.962472,Ward 5,2026-07-24
2026-07-23,38.948162,-77.068872,Ward 3,2026-07-23
2026-07-23,38.930380,-77.020071,Ward 1,2026-07-23
2026-07-23,38.953211,-77.023309,Ward 4,2026-07-23
2026-07-23,38.910659,-77.029620,Ward 2,2026-07-23
2026-07-23,38.832997,-77.000528,Ward 8,2026-07-23
2026-07-23,38.943528,-77.025665,Ward 4,2026-07-23
2026-07-23,38.919089,-77.014973,Ward 1,2026-07-23
2026-07-23,38.941702,-77.033761,Ward 4,2026-07-23
2026-07-23,38.909556,-77.056721,Ward 2,2026-07-24
2026-07-23,38.915380,-77.011338,Ward 5,2026-07-23
2026-07-23,38.927541,-76.982541,Ward 5,2026-07-24
2026-07-23,38.946898,-77.083390,Ward 3,2026-07-24
2026-07-23,38.947067,-77.097938,Ward 3,2026-07-24
2026-07-23,38.899678,-76.989482,Ward 6,2026-07-24
2026-07-23,38.888038,-76.934270,Ward 7,2026-07-24
2026-07-23,38.926532,-77.054888,Ward 3,2026-07-24
2026-07-23,38.901499,-76.987757,Ward 6,2026-07-24
2026-07-24,38.930571,-77.041302,Ward 1,2026-07-24
2026-07-24,38.892590,-77.002709,Ward 6,2026-07-27
2026-07-24,38.909242,-77.025193,Ward 2,2026-07-24
2026-07-24,38.930328,-77.040496,Ward 1,2026-07-24
2026-07-24,38.950097,-76.989278,Ward 5,2026-07-24
2026-07-24,38.878850,-76.933691,Ward 7,2026-07-24
2026-07-24,38.887826,-76.949984,Ward 7,2026-07-24
2026-07-24,38.931922,-77.055482,Ward 3,2026-07-24
2026-07-24,38.916463,-77.031588,Ward 1,2026-07-27
2026-07-24,38.911126,-77.038486,Ward 2,2026-07-27
2026-07-24,38.856658,-76.963041,Ward 7,2026-07-24
2026-07-24,38.915573,-77.034541,Ward 2,2026-07-24
2026-07-24,38.901028,-77.031298,Ward 2,2026-07-27
2026-07-24,38.904756,-77.038505,Ward 2,2026-07-27
2026-07-24,38.924870,-77.052294,Ward 3,2026-07-27
2026-07-24,38.928429,-77.079815,Ward 3,2026-07-27
2026-07-24,38.893746,-76.988053,Ward 6,2026-07-27
2026-07-24,38.947631,-77.007252,Ward 5,2026-07-30
2026-07-24,38.901336,-77.034593,Ward 2,2026-07-27
2026-07-24,38.858871,-76.955300,Ward 7,2026-07-27
2026-07-24,38.946126,-77.031281,Ward 4,2026-07-27
2026-07-25,38.910071,-77.026236,Ward 2,2026-07-27
2026-07-25,38.892694,-76.914267,Ward 7,2026-07-27
2026-07-25,38.894431,-77.000577,Ward 6,2026-07-27
2026-07-25,38.893584,-77.000578,Ward 6,2026-07-27
2026-07-25,38.893584,-77.000578,Ward 6,2026-07-27
2026-07-25,38.924449,-77.035165,Ward 1,2026-07-28
2026-07-25,38.841904,-76.982519,Ward 8,2026-07-27
2026-07-25,38.860291,-76.972720,Ward 8,2026-07-27
2026-07-25,38.960367,-77.017341,Ward 4,2026-07-29
2026-07-26,38.929844,-76.965721,Ward 5,2026-07-27
2026-07-26,38.930783,-77.026522,Ward 1,2026-07-27
2026-07-26,38.976020,-77.027561,Ward 4,2026-07-27
2026-07-26,38.840935,-76.991386,Ward 8,2026-07-27
2026-07-26,38.899380,-77.054858,Ward 2,2026-07-27
2026-07-26,38.951561,-77.073872,Ward 3,2026-07-27
2026-07-26,38.940517,-76.972760,Ward 5,2026-07-27
2026-07-26,38.914678,-77.002524,Ward 5,2026-07-27
2026-07-26,38.894791,-77.002037,Ward 6,2026-07-27
2026-07-26,38.905643,-76.998443,Ward 6,2026-07-27
2026-07-26,38.905643,-76.998443,Ward 6,2026-07-27
2026-07-26,38.905804,-76.998633,Ward 6,2026-07-27
2026-07-26,38.960933,-77.037715,Ward 4,2026-07-27
2026-07-27,38.887934,-76.984862,Ward 6,2026-07-27
2026-07-27,38.946297,-77.030873,Ward 4,2026-07-27
2026-07-27,38.923504,-77.039250,Ward 1,2026-07-28
2026-07-27,38.917099,-77.076022,Ward 2,2026-07-27
2026-07-27,38.916815,-77.018568,Ward 1,2026-07-27
2026-07-27,38.945953,-77.031088,Ward 4,2026-07-27
2026-07-27,38.940499,-77.094979,Ward 3,2026-07-27
2026-07-27,38.957820,-76.999327,Ward 4,2026-07-29
2026-07-27,38.908241,-77.041893,Ward 2,2026-07-27
2026-07-27,38.898030,-76.991322,Ward 6,2026-07-27
2026-07-27,38.897927,-76.991274,Ward 6,2026-07-27
2026-07-27,38.958163,-76.998621,Ward 4,2026-07-27
2026-07-27,38.929966,-77.026190,Ward 1,2026-07-27
2026-07-27,38.924719,-76.971589,Ward 5,2026-07-27
2026-07-27,38.904267,-76.934430,Ward 7,2026-07-27
2026-07-27,38.959094,-77.032559,Ward 4,2026-07-28
2026-07-27,38.914653,-77.024137,Ward 1,2026-07-27
2026-07-27,38.924875,-76.965159,Ward 5,2026-07-27
2026-07-27,38.903498,-76.998981,Ward 6,2026-07-28
2026-07-27,38.932111,-77.026466,Ward 1,2026-07-28
2026-07-27,38.904954,-77.031131,Ward 2,2026-07-29
2026-07-27,38.915761,-77.030539,Ward 1,2026-07-28
2026-07-27,38.866027,-76.976005,Ward 8,2026-07-28
2026-07-27,38.905121,-76.997832,Ward 6,2026-07-28
2026-07-27,38.856171,-76.967583,Ward 8,2026-07-28
2026-07-27,38.950476,-77.082323,Ward 3,2026-07-28
2026-07-28,38.931667,-77.085118,Ward 3,2026-07-28
2026-07-28,38.930277,-77.083995,Ward 3,2026-07-28
2026-07-28,38.884291,-76.983247,Ward 7,2026-07-28
2026-07-28,38.976912,-77.027615,Ward 4,2026-07-28
2026-07-28,38.929904,-77.083027,Ward 3,2026-07-28
2026-07-28,38.929904,-77.083027,Ward 3,2026-07-28
2026-07-28,38.922732,-77.036488,Ward 1,2026-07-28
2026-07-28,38.920364,-77.036495,Ward 1,2026-07-28
2026-07-28,38.917002,-77.036492,Ward 2,2026-07-28
2026-07-28,38.916156,-77.036856,Ward 2,2026-07-28
2026-07-28,38.915287,-77.036946,Ward 2,2026-07-28
2026-07-28,38.915025,-77.036904,Ward 2,2026-07-28
2026-07-28,38.909038,-77.037059,Ward 2,2026-07-28
2026-07-28,38.908696,-77.036527,Ward 2,2026-07-28
2026-07-28,38.935491,-77.034823,Ward 1,2026-07-28
2026-07-28,38.935613,-77.034951,Ward 1,2026-07-28
2026-07-28,38.825637,-77.014746,Ward 8,2026-07-31
2026-07-28,38.947603,-77.082915,Ward 3,2026-07-28
2026-07-28,38.959078,-77.032698,Ward 4,2026-07-28
2026-07-28,38.935552,-77.034887,Ward 1,2026-07-28
2026-07-28,38.901499,-76.987757,Ward 6,2026-07-28
2026-07-28,38.907240,-77.029623,Ward 2,2026-07-29
2026-07-28,38.898280,-76.981357,Ward 7,2026-07-29
2026-07-28,38.918993,-77.100523,Ward 3,2026-07-29
2026-07-28,38.920450,-77.094091,Ward 3,2026-07-29
2026-07-28,38.944921,-77.082951,Ward 3,2026-07-30
2026-07-28,38.851461,-76.964869,Ward 8,2026-07-29
2026-07-28,38.841575,-76.975961,Ward 8,2026-07-29
2026-07-28,38.857456,-76.961221,Ward 7,2026-07-29
2026-07-28,38.911704,-77.046442,Ward 2,2026-07-29
2026-07-28,38.914678,-77.002524,Ward 5,2026-07-29
2026-07-28,38.942936,-77.017995,Ward 4,2026-07-29
2026-07-28,38.911921,-76.940370,Ward 7,2026-07-29
2026-07-28,38.947252,-77.024464,Ward 4,2026-07-29
2026-07-28,38.939337,-77.075641,Ward 3,2026-07-29
2026-07-28,38.941100,-77.110636,Ward 3,2026-07-29
2026-07-28,38.943154,-77.062921,Ward 3,2026-07-29
2026-07-28,38.914450,-77.084378,Ward 3,2026-07-29
2026-07-28,38.921905,-77.088779,Ward 3,2026-07-29
2026-07-28,38.943154,-77.062921,Ward 3,2026-07-29
2026-07-28,38.921633,-77.089971,Ward 3,2026-07-29
2026-07-28,38.945435,-77.103471,Ward 3,2026-07-29
2026-07-28,38.943157,-77.066309,Ward 3,2026-07-29
2026-07-28,38.927351,-77.074327,Ward 3,2026-07-29
2026-07-28,38.921189,-77.088449,Ward 3,2026-07-29
2026-07-28,38.931412,-77.077009,Ward 3,2026-07-29
2026-07-28,38.919166,-77.088746,Ward 3,2026-07-29
2026-07-28,38.931381,-77.076026,Ward 3,2026-07-29
2026-07-28,38.911914,-77.046892,Ward 2,2026-07-29
2026-07-28,38.926892,-77.074964,Ward 3,2026-07-29
2026-07-28,38.939455,-77.078395,Ward 3,2026-07-30
2026-07-28,38.911128,-77.046630,Ward 2,2026-07-29
2026-07-28,38.938920,-77.078039,Ward 3,2026-07-29
2026-07-28,38.915826,-77.011050,Ward 5,2026-07-29
2026-07-28,38.953272,-77.019969,Ward 4,2026-07-29
2026-07-28,38.925532,-77.051186,Ward 3,2026-07-29
2026-07-28,38.939455,-77.078395,Ward 3,2026-07-30
2026-07-28,38.926987,-77.074850,Ward 3,2026-07-29
2026-07-28,38.949163,-77.100148,Ward 3,2026-07-29
2026-07-28,38.912762,-77.046444,Ward 2,2026-07-29
2026-07-28,38.929026,-77.073736,Ward 3,2026-07-29
2026-07-28,38.937878,-77.077830,Ward 3,2026-07-29
2026-07-28,38.939627,-77.076051,Ward 3,2026-07-29
2026-07-28,38.922750,-77.095524,Ward 3,2026-07-29
2026-07-28,38.935701,-77.077187,Ward 3,2026-07-29
2026-07-28,38.929011,-77.061338,Ward 3,2026-07-29
2026-07-28,38.943017,-76.986985,Ward 5,2026-07-30
2026-07-28,38.937846,-77.071292,Ward 3,2026-07-29
2026-07-28,38.937878,-77.077830,Ward 3,2026-07-29
2026-07-28,38.931412,-77.077009,Ward 3,2026-07-29
2026-07-28,38.949163,-77.100148,Ward 3,2026-07-29
2026-07-28,38.936159,-77.108829,Ward 3,2026-07-29
2026-07-28,38.928046,-77.062228,Ward 3,2026-07-29
2026-07-28,38.939267,-77.077811,Ward 3,2026-07-29
2026-07-28,38.911642,-77.046629,Ward 2,2026-07-29
2026-07-28,38.833657,-76.989783,Ward 8,2026-07-29
2026-07-28,38.911642,-77.046629,Ward 2,2026-07-29
2026-07-28,38.927322,-77.065044,Ward 3,2026-07-29
2026-07-28,38.833462,-76.989484,Ward 8,2026-07-29
2026-07-28,38.937173,-77.060420,Ward 3,2026-07-29
2026-07-28,38.919829,-77.071571,Ward 3,2026-07-29
2026-07-28,38.937222,-77.055975,Ward 3,2026-07-29
2026-07-28,38.946070,-77.077634,Ward 3,2026-07-29
2026-07-28,38.936732,-77.060538,Ward 3,2026-07-29
2026-07-29,38.923484,-77.045404,Ward 1,2026-07-29
2026-07-29,38.936106,-77.063252,Ward 3,2026-07-29
2026-07-29,38.932129,-76.995869,Ward 5,2026-07-30
2026-07-29,38.920452,-77.072076,Ward 3,2026-07-29
2026-07-29,38.885064,-77.003517,Ward 6,2026-07-29
2026-07-29,38.936179,-77.076527,Ward 3,2026-07-29
2026-07-29,38.834094,-76.990451,Ward 8,2026-07-29
2026-07-29,38.934627,-77.056215,Ward 3,2026-07-29
2026-07-29,38.940741,-76.999670,Ward 5,2026-07-29
2026-07-29,38.939324,-77.101185,Ward 3,2026-07-29
2026-07-29,38.939342,-77.019297,Ward 4,2026-07-29
2026-07-29,38.918108,-77.006948,Ward 5,2026-07-29
2026-07-29,38.931210,-77.065271,Ward 3,2026-07-29
2026-07-29,38.939533,-77.075711,Ward 3,2026-07-30
2026-07-29,38.921354,-77.038580,Ward 1,2026-07-29
2026-07-29,38.948862,-77.100866,Ward 3,2026-07-29
2026-07-29,38.934071,-77.076455,Ward 3,2026-07-29
2026-07-29,38.908687,-77.070382,Ward 2,2026-07-29
2026-07-29,38.920967,-77.035164,Ward 1,2026-07-29
2026-07-29,38.850702,-76.963499,Ward 8,2026-07-29
2026-07-29,38.935690,-77.075910,Ward 3,2026-07-29
2026-07-29,38.927351,-77.074327,Ward 3,2026-07-29
2026-07-29,38.929936,-77.114206,Ward 3,2026-07-29
2026-07-29,38.911867,-77.045755,Ward 2,2026-07-29
2026-07-29,38.938911,-77.104038,Ward 3,2026-07-29
2026-07-29,38.833462,-76.989484,Ward 8,2026-07-29
2026-07-29,38.958729,-77.009047,Ward 4,2026-07-29
2026-07-29,38.943462,-77.076713,Ward 3,2026-07-29
2026-07-29,38.936560,-77.061313,Ward 3,2026-07-29
2026-07-29,38.978168,-77.031826,Ward 4,2026-07-29
2026-07-29,38.921351,-77.038889,Ward 1,2026-07-29
2026-07-29,38.978186,-77.028328,Ward 4,2026-07-29
2026-07-29,38.929053,-76.992658,Ward 5,2026-07-29
2026-07-29,38.934646,-77.064843,Ward 3,2026-07-29
2026-07-29,38.936464,-77.074889,Ward 3,2026-07-29
2026-07-29,38.939337,-77.075641,Ward 3,2026-07-29
2026-07-29,38.934989,-77.070609,Ward 3,2026-07-29
2026-07-29,38.943777,-77.071341,Ward 3,2026-07-29
2026-07-29,38.935978,-77.062264,Ward 3,2026-07-29
2026-07-29,38.945699,-77.077237,Ward 3,2026-07-29
2026-07-29,38.974969,-77.054962,Ward 4,2026-07-29
2026-07-29,38.936093,-77.029559,Ward 1,2026-07-29
2026-07-29,38.948123,-77.098597,Ward 3,2026-07-29
2026-07-29,38.935142,-77.070579,Ward 3,2026-07-29
2026-07-29,38.945532,-77.077032,Ward 3,2026-07-29
2026-07-29,38.933299,-77.058589,Ward 3,2026-07-29
2026-07-29,38.943069,-77.004069,Ward 5,2026-07-29
2026-07-29,38.901018,-76.993496,Ward 6,2026-07-29
2026-07-29,38.943587,-77.004317,Ward 5,2026-07-29
2026-07-29,38.916230,-77.050410,Ward 2,2026-07-29
2026-07-29,38.936020,-76.973916,Ward 5,2026-07-30
2026-07-29,38.937105,-77.069462,Ward 3,2026-07-29
2026-07-29,38.901110,-76.993262,Ward 6,2026-07-29
2026-07-29,38.845690,-77.001725,Ward 8,2026-07-29
2026-07-29,38.887797,-76.983107,Ward 7,2026-07-29
2026-07-29,38.932153,-77.096005,Ward 3,2026-07-29
2026-07-29,38.943969,-77.071095,Ward 3,2026-07-29
2026-07-29,38.927781,-77.030882,Ward 1,2026-07-30
2026-07-29,38.916230,-77.050410,Ward 2,2026-07-29
2026-07-29,38.947683,-77.075905,Ward 3,2026-07-29
2026-07-29,38.951238,-77.070354,Ward 3,2026-07-29
2026-07-29,38.945559,-77.079065,Ward 3,2026-07-29
2026-07-29,38.910632,-77.023200,Ward 2,2026-07-29
2026-07-29,38.933228,-77.070119,Ward 3,2026-07-29
2026-07-29,38.907961,-77.026229,Ward 2,2026-07-29
2026-07-29,38.893747,-76.984705,Ward 6,2026-07-29
2026-07-29,38.951549,-77.095309,Ward 3,2026-07-29
2026-07-29,38.824603,-77.011513,Ward 8,2026-07-29
2026-07-29,38.845624,-76.984759,Ward 8,2026-07-29
2026-07-29,38.819835,-77.009129,Ward 8,2026-07-30
2026-07-29,38.890511,-76.960958,Ward 7,2026-07-29
2026-07-29,38.845266,-76.986548,Ward 8,2026-07-29
2026-07-29,38.824603,-77.011513,Ward 8,2026-07-29
2026-07-29,38.913423,-77.015701,Ward 5,2026-07-30
2026-07-29,38.927665,-77.056709,Ward 3,2026-07-29
2026-07-29,38.892114,-76.919473,Ward 7,2026-07-30
2026-07-29,38.898717,-76.985292,Ward 6,2026-07-29
2026-07-29,38.901124,-76.983054,Ward 5,2026-07-30
2026-07-29,38.900741,-76.925563,Ward 7,2026-07-31
2026-07-29,38.948096,-77.098454,Ward 3,2026-07-29
2026-07-29,38.932115,-77.028139,Ward 1,2026-07-29
2026-07-29,38.966265,-77.066136,Ward 4,2026-07-30
2026-07-29,38.941496,-77.057435,Ward 3,2026-07-30
2026-07-29,38.954853,-76.998318,Ward 5,2026-07-30
2026-07-29,38.888340,-76.995945,Ward 6,2026-07-31
2026-07-29,38.943056,-76.986611,Ward 5,2026-07-30
2026-07-29,38.938808,-76.974438,Ward 5,2026-07-30
2026-07-29,38.863106,-76.962129,Ward 7,2026-07-29
2026-07-29,38.923911,-77.025503,Ward 1,2026-07-30
2026-07-29,38.960461,-77.017341,Ward 4,2026-08-04
2026-07-29,38.926519,-77.035368,Ward 1,2026-07-30
2026-07-29,38.960166,-77.018033,Ward 4,2026-08-04
2026-07-29,38.960069,-77.064538,Ward 4,2026-07-30
2026-07-29,38.959805,-77.064427,Ward 4,2026-07-30
2026-07-29,38.891222,-76.926279,Ward 7,2026-07-30
2026-07-30,38.915388,-77.007154,Ward 5,2026-07-30
2026-07-30,38.915388,-77.007154,Ward 5,2026-07-30
2026-07-30,38.883950,-76.983359,Ward 7,2026-07-30
2026-07-30,38.911921,-76.940370,Ward 7,2026-07-30
2026-07-30,38.968462,-77.030495,Ward 4,2026-07-31
2026-07-30,38.911921,-76.940370,Ward 7,2026-07-30
2026-07-30,38.912607,-77.027894,Ward 2,2026-07-30
2026-07-30,38.912420,-77.028473,Ward 2,2026-07-30
2026-07-30,38.932713,-77.078123,Ward 3,2026-07-30
2026-07-30,38.914275,-76.972610,Ward 5,2026-07-31
2026-07-30,38.827160,-77.011717,Ward 8,2026-07-31
2026-07-30,38.946460,-77.090873,Ward 3,2026-07-30
2026-07-30,38.952675,-77.032465,Ward 4,2026-07-31
2026-07-30,38.871160,-76.958192,Ward 7,2026-07-30
2026-07-30,38.900941,-76.993475,Ward 6,2026-07-30
2026-07-30,38.959302,-77.084379,Ward 3,2026-07-31
2026-07-30,38.900941,-76.993475,Ward 6,2026-07-30
2026-07-30,38.960779,-77.080756,Ward 3,2026-07-31
2026-07-30,38.865963,-76.952222,Ward 7,2026-07-30
2026-07-30,38.923457,-77.046350,Ward 1,2026-07-31
2026-07-30,38.906788,-77.053626,Ward 2,2026-07-31
2026-07-30,38.891092,-76.980960,Ward 7,2026-07-31
2026-07-30,38.900900,-76.993494,Ward 6,2026-07-30
2026-07-30,38.906254,-76.930435,Ward 7,2026-07-31
2026-07-30,38.923804,-77.034341,Ward 1,2026-07-31
2026-07-30,38.910863,-77.028316,Ward 2,2026-07-31
2026-07-30,38.946314,-77.025036,Ward 4,2026-07-31
2026-07-30,38.959872,-77.075119,Ward 3,2026-07-31
2026-07-30,38.916147,-77.030048,Ward 1,2026-07-31
2026-07-30,38.925332,-77.078567,Ward 3,2026-07-31
2026-07-31,38.916184,-77.029888,Ward 1,2026-07-31
2026-07-31,38.902245,-76.999065,Ward 6,2026-07-31
2026-07-31,38.901502,-76.998227,Ward 6,2026-07-31
2026-07-31,38.960367,-77.017341,Ward 4,2026-07-31
2026-07-31,38.933068,-76.984760,Ward 5,2026-07-31
2026-07-31,38.916428,-77.030057,Ward 1,2026-07-31
2026-07-31,38.959634,-77.010834,Ward 4,2026-07-31
2026-07-31,38.915783,-77.030221,Ward 1,2026-07-31
2026-07-31,38.915846,-77.028825,Ward 1,2026-07-31
2026-07-31,38.946499,-77.075134,Ward 3,2026-07-31
2026-07-31,38.912776,-77.047621,Ward 2,2026-07-31
2026-07-31,38.950894,-76.994938,Ward 5,2026-08-03
2026-07-31,38.935973,-76.971202,Ward 5,2026-08-03
2026-07-31,38.909678,-77.053478,Ward 2,2026-08-03
2026-07-31,38.957588,-77.027206,Ward 4,2026-08-03
2026-07-31,38.983664,-77.042862,Ward 4,2026-07-31
2026-07-31,38.983664,-77.042862,Ward 4,2026-07-31
2026-07-31,38.898591,-76.941095,Ward 7,2026-08-02
2026-07-31,38.946311,-77.078785,Ward 3,2026-08-03
2026-08-01,38.892664,-76.912663,Ward 7,2026-08-03
2026-08-01,38.921620,-77.059424,Ward 3,2026-08-01
2026-08-01,38.921620,-77.059424,Ward 3,2026-08-01
2026-08-01,38.865594,-76.951324,Ward 7,2026-08-03
2026-08-01,38.910998,-77.089479,Ward 3,2026-08-03
2026-08-01,38.900060,-76.919947,Ward 7,2026-08-03
2026-08-01,38.871346,-76.969325,Ward 7,2026-08-03
2026-08-01,38.933644,-76.992384,Ward 5,2026-08-03
2026-08-01,38.892895,-76.912296,Ward 7,2026-08-03
2026-08-01,38.864917,-76.950957,Ward 7,2026-08-03
2026-08-01,38.947100,-76.994102,Ward 5,2026-08-03
2026-08-01,38.924483,-77.065108,Ward 3,2026-08-03
2026-08-02,38.892895,-76.912296,Ward 7,2026-08-03
2026-08-02,38.926871,-77.091300,Ward 3,2026-08-03
2026-08-02,38.956712,-77.058066,Ward 4,2026-08-03
2026-08-02,38.956712,-77.058066,Ward 4,2026-08-03
2026-08-02,38.956712,-77.058066,Ward 4,2026-08-03
2026-08-02,38.909797,-77.026234,Ward 2,2026-08-03
2026-08-02,38.912025,-77.033361,Ward 2,2026-08-03
2026-08-02,38.917424,-77.072005,Ward 3,2026-08-03
2026-08-02,38.953741,-77.056296,Ward 3,2026-08-03
2026-08-02,38.948651,-77.100613,Ward 3,2026-08-03
2026-08-02,38.976093,-77.028164,Ward 4,2026-08-03
2026-08-02,38.915888,-77.043436,Ward 2,2026-08-03
2026-08-02,38.916495,-77.043354,Ward 1,2026-08-03
2026-08-02,38.921592,-77.043207,Ward 1,2026-08-03
2026-08-02,38.923078,-77.041385,Ward 1,2026-08-04
2026-08-02,38.866762,-76.953374,Ward 7,2026-08-03
2026-08-02,38.930235,-77.111741,Ward 3,2026-08-02
2026-08-02,38.903343,-76.986454,Ward 5,2026-08-03
2026-08-02,38.914460,-77.052602,Ward 2,2026-08-03
2026-08-02,38.944212,-77.049686,Ward 3,2026-08-03
2026-08-02,38.914449,-77.052877,Ward 2,2026-08-03
2026-08-02,38.881953,-76.992865,Ward 6,2026-08-03
2026-08-02,38.921967,-77.038462,Ward 1,2026-08-02
2026-08-02,38.930912,-76.989271,Ward 5,2026-08-02
2026-08-02,38.902257,-77.000991,Ward 6,2026-08-03
2026-08-02,38.914710,-77.052359,Ward 2,2026-08-03
2026-08-02,38.908789,-77.066082,Ward 2,2026-08-03
2026-08-02,38.921658,-77.038052,Ward 1,2026-08-02
2026-08-02,38.846648,-76.979987,Ward 8,2026-08-03
2026-08-02,38.943357,-77.091062,Ward 3,2026-08-03
2026-08-02,38.948557,-77.091843,Ward 3,2026-08-03
2026-08-02,38.908881,-77.066250,Ward 2,2026-08-03
2026-08-02,38.948575,-77.091404,Ward 3,2026-08-03
2026-08-02,38.912604,-77.051814,Ward 2,2026-08-03
2026-08-02,38.912604,-77.051814,Ward 2,2026-08-03
2026-08-02,38.934894,-77.066389,Ward 3,2026-08-03
2026-08-03,38.936583,-76.981709,Ward 5,2026-08-03
2026-08-03,38.930561,-76.996729,Ward 5,2026-08-03
2026-08-03,38.978168,-77.031826,Ward 4,2026-08-03
2026-08-03,38.978515,-77.029395,Ward 4,2026-08-11
2026-08-03,38.874653,-77.016640,Ward 6,2026-08-03
2026-08-03,38.923284,-77.056079,Ward 3,2026-08-03
2026-08-03,38.905318,-77.033421,Ward 2,2026-08-03
2026-08-03,38.874567,-77.017297,Ward 6,2026-08-03
2026-08-03,38.895641,-77.000807,Ward 6,2026-08-03
2026-08-03,38.924278,-76.964896,Ward 5,2026-08-03
2026-08-03,38.846648,-76.979987,Ward 8,2026-08-03
2026-08-03,38.904417,-76.937621,Ward 7,2026-08-03
2026-08-03,38.845732,-76.979643,Ward 8,2026-08-03
2026-08-03,38.924278,-76.964896,Ward 5,2026-08-03
2026-08-03,38.905334,-76.985042,Ward 5,2026-08-03
2026-08-03,38.857098,-76.984786,Ward 8,2026-08-03
2026-08-03,38.923284,-77.056079,Ward 3,2026-08-03
2026-08-03,38.955596,-77.019255,Ward 4,2026-08-03
2026-08-03,38.888897,-76.948212,Ward 7,2026-08-03
2026-08-03,38.874567,-77.017297,Ward 6,2026-08-03
2026-08-03,38.943386,-77.015213,Ward 4,2026-08-03
2026-08-03,38.917503,-77.073157,Ward 3,2026-08-03
2026-08-03,38.830876,-77.012672,Ward 8,2026-08-04
2026-08-03,38.879938,-76.941374,Ward 7,2026-08-03
2026-08-03,38.908272,-76.985665,Ward 5,2026-08-03
2026-08-03,38.923284,-77.056079,Ward 3,2026-08-03
2026-08-03,38.922828,-77.055551,Ward 3,2026-08-03
2026-08-03,38.879922,-76.942039,Ward 7,2026-08-03
2026-08-03,38.909642,-77.018927,Ward 2,2026-08-03
2026-08-03,38.844244,-76.993273,Ward 8,2026-08-04
2026-08-03,38.973155,-77.037524,Ward 4,2026-08-04
2026-08-03,38.926893,-77.061950,Ward 3,2026-08-03
2026-08-03,38.959702,-77.016441,Ward 4,2026-08-07
2026-08-03,38.915756,-77.012781,Ward 5,2026-08-04
2026-08-03,38.872714,-76.963608,Ward 7,2026-08-03
2026-08-03,38.912368,-77.087688,Ward 3,2026-08-03
2026-08-03,38.924722,-76.982398,Ward 5,2026-08-04
2026-08-03,38.908205,-77.080643,Ward 3,2026-08-04
2026-08-03,38.913992,-77.074172,Ward 2,2026-08-04
2026-08-03,38.942712,-76.990514,Ward 5,2026-08-11
2026-08-03,38.904419,-76.942335,Ward 7,2026-08-04
2026-08-03,38.947320,-77.042105,Ward 4,2026-08-04
2026-08-03,38.830386,-77.006964,Ward 8,2026-08-04
2026-08-03,38.915772,-77.051994,Ward 2,2026-08-04
2026-08-03,38.907136,-76.988532,Ward 5,2026-08-04
2026-08-03,38.903415,-76.943637,Ward 7,2026-08-04
2026-08-03,38.882254,-76.990910,Ward 6,2026-08-04
2026-08-03,38.890823,-76.991726,Ward 6,2026-08-04
2026-08-03,38.896313,-76.999118,Ward 6,2026-08-04
2026-08-03,38.887218,-76.992893,Ward 6,2026-08-04
2026-08-03,38.907462,-77.050724,Ward 2,2026-08-04
2026-08-03,38.872274,-76.952390,Ward 7,2026-08-04
2026-08-04,38.921476,-77.038369,Ward 1,2026-08-04
2026-08-04,38.896862,-76.994625,Ward 6,2026-08-04
2026-08-04,38.893328,-77.014396,Ward 6,2026-08-04
2026-08-04,38.926289,-77.060285,Ward 3,2026-08-04
2026-08-04,38.862083,-76.959864,Ward 7,2026-08-04
2026-08-04,38.890407,-76.992475,Ward 6,2026-08-04
2026-08-04,38.943357,-77.091062,Ward 3,2026-08-04
2026-08-04,38.834330,-77.009897,Ward 8,2026-08-04
2026-08-04,38.920699,-77.001814,Ward 5,2026-08-04
2026-08-04,38.888465,-76.934070,Ward 7,2026-08-04
2026-08-04,38.864880,-76.959031,Ward 7,2026-08-04
2026-08-04,38.892682,-76.916184,Ward 7,2026-08-04
2026-08-04,38.988485,-77.035539,Ward 4,2026-08-04
2026-08-04,38.841513,-77.004490,Ward 8,2026-08-04
2026-08-04,38.915933,-77.009368,Ward 5,2026-08-04
2026-08-04,38.864880,-76.959031,Ward 7,2026-08-04
2026-08-04,38.910208,-77.013840,Ward 5,2026-08-04
2026-08-04,38.939348,-77.018770,Ward 4,2026-08-04
2026-08-04,38.943922,-77.083498,Ward 3,2026-08-04
2026-08-04,38.860399,-76.967685,Ward 7,2026-08-04
2026-08-04,38.833165,-77.010097,Ward 8,2026-08-04
2026-08-04,38.953308,-77.068825,Ward 3,2026-08-04
2026-08-04,38.916301,-77.000283,Ward 5,2026-08-04
2026-08-04,38.938359,-77.032466,Ward 4,2026-08-04
2026-08-04,38.887115,-76.982872,Ward 7,2026-08-04
2026-08-04,38.946881,-77.073138,Ward 3,2026-08-04
2026-08-04,38.920200,-76.988010,Ward 5,2026-08-05
2026-08-04,38.942585,-77.076195,Ward 3,2026-08-05
2026-08-04,38.921476,-77.038369,Ward 1,2026-08-05
2026-08-04,38.961848,-76.998307,Ward 4,2026-08-05
2026-08-04,38.882790,-77.001297,Ward 6,2026-08-05
2026-08-04,38.863235,-76.982974,Ward 8,2026-08-05
2026-08-04,38.975363,-77.019675,Ward 4,2026-08-05
2026-08-05,38.900201,-77.036554,Ward 2,2026-08-05
2026-08-05,38.893947,-76.997872,Ward 6,2026-08-05
2026-08-05,38.962391,-77.055167,Ward 4,2026-08-05
2026-08-05,38.850666,-76.966461,Ward 8,2026-08-05
2026-08-05,38.935616,-77.019745,Ward 1,2026-08-05
2026-08-05,38.869011,-76.953002,Ward 7,2026-08-05
2026-08-05,38.901912,-77.034131,Ward 2,2026-08-05
2026-08-05,38.916148,-77.030919,Ward 1,2026-08-05
2026-08-05,38.932172,-77.020535,Ward 1,2026-08-05
2026-08-05,38.878600,-76.928191,Ward 7,2026-08-05
2026-08-05,38.928134,-76.966571,Ward 5,2026-08-05
2026-08-05,38.904438,-76.944691,Ward 7,2026-08-05
2026-08-05,38.950443,-77.070091,Ward 3,2026-08-05
2026-08-05,38.944985,-77.088133,Ward 3,2026-08-05
2026-08-05,38.932802,-77.068882,Ward 3,2026-08-05
2026-08-05,38.935701,-77.077187,Ward 3,2026-08-05
2026-08-05,38.900747,-77.054701,Ward 2,2026-08-06
2026-08-05,38.941796,-76.992638,Ward 5,2026-08-11
2026-08-05,38.905483,-77.056874,Ward 2,2026-08-05
2026-08-05,38.853715,-76.964968,Ward 8,2026-08-06
2026-08-05,38.969811,-77.074174,Ward 3,2026-08-06
2026-08-05,38.905620,-76.927159,Ward 7,2026-08-06
2026-08-05,38.906944,-76.984889,Ward 5,2026-08-06
2026-08-05,38.877635,-76.962853,Ward 7,2026-08-06
2026-08-05,38.888158,-76.920557,Ward 7,2026-08-07
2026-08-05,38.923834,-77.079128,Ward 3,2026-08-06
2026-08-05,38.958736,-77.017100,Ward 4,2026-08-06
2026-08-05,38.898357,-76.998693,Ward 6,2026-08-06
2026-08-06,38.928952,-77.108222,Ward 3,2026-08-06
2026-08-06,38.976020,-77.027561,Ward 4,2026-08-06
2026-08-06,38.977128,-77.026233,Ward 4,2026-08-06
2026-08-06,38.854860,-76.958444,Ward 7,2026-08-06
2026-08-06,38.923454,-77.044283,Ward 1,2026-08-06
2026-08-06,38.923764,-77.045115,Ward 1,2026-08-06
2026-08-06,38.923454,-77.044283,Ward 1,2026-08-06
2026-08-06,38.870596,-76.981960,Ward 8,2026-08-06
2026-08-06,38.871252,-76.938466,Ward 7,2026-08-06
2026-08-06,38.877326,-76.931509,Ward 7,2026-08-07
2026-08-06,38.945023,-77.092393,Ward 3,2026-08-06
2026-08-06,38.923022,-76.962472,Ward 5,2026-08-07
2026-08-06,38.830210,-76.993643,Ward 8,2026-08-07
2026-08-06,38.894538,-76.926080,Ward 7,2026-08-07
2026-08-06,38.893885,-76.986530,Ward 6,2026-08-07
2026-08-06,38.918040,-77.098335,Ward 3,2026-08-07
2026-08-06,38.933316,-76.975377,Ward 5,2026-08-07
2026-08-06,38.914299,-77.044691,Ward 2,2026-08-07
2026-08-06,38.944594,-77.033030,Ward 4,2026-08-06
2026-08-06,38.945494,-77.033026,Ward 4,2026-08-06
2026-08-06,38.942418,-77.071230,Ward 3,2026-08-07
2026-08-06,38.850314,-76.969321,Ward 8,2026-08-06
2026-08-06,38.850314,-76.969321,Ward 8,2026-08-06
2026-08-06,38.953062,-77.015231,Ward 4,2026-08-06
2026-08-06,38.947411,-77.033072,Ward 4,2026-08-06
2026-08-06,38.947411,-77.033072,Ward 4,2026-08-06
2026-08-06,38.947723,-77.033006,Ward 4,2026-08-06
2026-08-06,38.922581,-76.964399,Ward 5,2026-08-07
2026-08-06,38.925770,-77.000364,Ward 5,2026-08-07
2026-08-06,38.868550,-76.974964,Ward 8,2026-08-07
2026-08-07,38.959240,-77.017789,Ward 4,2026-08-07
2026-08-07,38.883457,-76.984610,Ward 6,2026-08-07
2026-08-07,38.976912,-77.027615,Ward 4,2026-08-07
2026-08-07,38.976020,-77.027561,Ward 4,2026-08-07
2026-08-07,38.898322,-77.046657,Ward 2,2026-08-07
2026-08-07,38.897353,-77.046664,Ward 2,2026-08-07
2026-08-07,38.866815,-76.986742,Ward 8,2026-08-07
2026-08-07,38.897355,-77.043468,Ward 2,2026-08-07
2026-08-07,38.869166,-76.974962,Ward 8,2026-08-07
2026-08-07,38.964722,-77.033417,Ward 4,2026-08-07
2026-08-07,38.932703,-77.099755,Ward 3,2026-08-07
2026-08-07,38.964405,-77.033696,Ward 4,2026-08-07
2026-08-07,38.964405,-77.033696,Ward 4,2026-08-07
2026-08-07,38.880671,-76.998675,Ward 6,2026-08-07
2026-08-07,38.908485,-77.037605,Ward 2,2026-08-07
2026-08-07,38.879424,-76.962855,Ward 7,2026-08-07
2026-08-07,38.922832,-77.044445,Ward 1,2026-08-07
2026-08-07,38.889841,-76.964695,Ward 7,2026-08-10
2026-08-07,38.931891,-77.075564,Ward 3,2026-08-10
2026-08-07,38.831087,-77.006622,Ward 8,2026-08-10
2026-08-07,38.912923,-77.033093,Ward 2,2026-08-10
2026-08-07,38.914661,-77.025824,Ward 1,2026-08-10
2026-08-07,38.894985,-76.944497,Ward 7,2026-08-07
2026-08-07,38.843298,-76.989252,Ward 8,2026-08-10
2026-08-08,38.947669,-77.084187,Ward 3,2026-08-10
2026-08-08,38.894960,-76.986445,Ward 6,2026-08-10
2026-08-08,38.976020,-77.027561,Ward 4,2026-08-10
2026-08-08,38.878600,-76.928191,Ward 7,2026-08-10
2026-08-08,38.978186,-77.028328,Ward 4,2026-08-10
2026-08-08,38.947669,-77.084187,Ward 3,2026-08-10
2026-08-08,38.896021,-76.976418,Ward 7,2026-08-10
2026-08-08,38.955136,-77.021664,Ward 4,2026-08-10
2026-08-08,38.928596,-77.038823,Ward 1,2026-08-10
2026-08-08,38.942780,-77.045792,Ward 4,2026-08-10
2026-08-09,38.915010,-77.011050,Ward 5,2026-08-10
2026-08-09,38.907985,-77.055050,Ward 2,2026-08-10
2026-08-09,38.852672,-76.968301,Ward 8,2026-08-10
2026-08-09,38.907048,-76.980692,Ward 5,2026-08-10
2026-08-09,38.949547,-77.030322,Ward 4,2026-08-10
2026-08-09,38.870941,-76.971793,Ward 8,2026-08-10
2026-08-10,38.870941,-76.971793,Ward 8,2026-08-10
2026-08-10,38.890876,-76.960973,Ward 7,2026-08-10
2026-08-10,38.870937,-76.971364,Ward 8,2026-08-10
2026-08-10,38.890876,-76.960973,Ward 7,2026-08-10
2026-08-10,38.879035,-76.944504,Ward 7,2026-08-10
2026-08-10,38.949072,-76.991424,Ward 5,2026-08-10
2026-08-10,38.880869,-76.945772,Ward 7,2026-08-10
2026-08-10,38.879093,-76.944864,Ward 7,2026-08-10
2026-08-10,38.891638,-76.926685,Ward 7,2026-08-10
2026-08-10,38.975531,-77.027237,Ward 4,2026-08-10
2026-08-10,38.908116,-77.034971,Ward 2,2026-08-10
2026-08-10,38.886949,-76.956897,Ward 7,2026-08-10
2026-08-10,38.908116,-77.034971,Ward 2,2026-08-10
2026-08-10,38.976020,-77.027561,Ward 4,2026-08-10
2026-08-10,38.907951,-77.032383,Ward 2,2026-08-10
2026-08-10,38.908288,-77.032335,Ward 2,2026-08-10
2026-08-10,38.914527,-77.019152,Ward 2,2026-08-10
2026-08-10,38.946971,-77.019198,Ward 4,2026-08-10
2026-08-10,38.939815,-77.016349,Ward 4,2026-08-10
2026-08-10,38.925394,-77.066151,Ward 3,2026-08-10
2026-08-10,38.946523,-76.992402,Ward 5,2026-08-10
2026-08-10,38.983215,-77.026059,Ward 4,2026-08-10
2026-08-10,38.909077,-77.030323,Ward 2,2026-08-11
2026-08-10,38.926181,-77.068633,Ward 3,2026-08-10
2026-08-10,38.925261,-77.069611,Ward 3,2026-08-11
2026-08-10,38.923460,-77.070640,Ward 3,2026-08-11
2026-08-10,38.951760,-77.071200,Ward 3,2026-08-11
2026-08-10,38.907025,-77.018153,Ward 2,2026-08-11
2026-08-10,38.893431,-76.945638,Ward 7,2026-08-10
2026-08-10,38.930265,-77.066400,Ward 3,2026-08-10
2026-08-10,38.914094,-77.031951,Ward 2,2026-08-11
2026-08-10,38.930795,-77.040558,Ward 1,2026-08-11
2026-08-10,38.898167,-76.923009,Ward 7,2026-08-11
2026-08-10,38.924668,-77.066656,Ward 3,2026-08-10
2026-08-10,38.847499,-76.979094,Ward 8,2026-08-11
2026-08-10,38.912788,-76.941798,Ward 7,2026-08-10
2026-08-10,38.907936,-77.030251,Ward 2,2026-08-11
2026-08-10,38.942737,-77.034545,Ward 4,2026-08-11
2026-08-10,38.937244,-77.021193,Ward 4,2026-08-10
2026-08-10,38.937027,-77.021372,Ward 1,2026-08-10
2026-08-10,38.941867,-77.032727,Ward 4,2026-08-10
2026-08-10,38.937027,-77.021372,Ward 1,2026-08-10
2026-08-10,38.918309,-77.006128,Ward 5,2026-08-11
2026-08-10,38.941867,-77.032727,Ward 4,2026-08-10
2026-08-10,38.956470,-77.065400,Ward 3,2026-08-11
2026-08-10,38.947895,-77.065678,Ward 3,2026-08-11
2026-08-10,38.933036,-76.964973,Ward 5,2026-08-11
2026-08-10,38.918311,-77.006412,Ward 5,2026-08-11
2026-08-10,38.937244,-77.021193,Ward 4,2026-08-11
2026-08-10,38.942936,-77.034521,Ward 4,2026-08-11
2026-08-10,38.941867,-77.032727,Ward 4,2026-08-10
2026-08-10,38.903491,-76.995917,Ward 6,2026-08-11
2026-08-10,38.916453,-77.012806,Ward 5,2026-08-11
2026-08-10,38.948118,-77.067064,Ward 3,2026-08-11
2026-08-10,38.947895,-77.066908,Ward 3,2026-08-11
2026-08-10,38.941867,-77.032727,Ward 4,2026-08-11
2026-08-10,38.958173,-77.030630,Ward 4,2026-08-11
2026-08-11,38.903491,-76.995917,Ward 6,2026-08-11
2026-08-11,38.912420,-77.028473,Ward 2,2026-08-11
2026-08-11,38.930235,-77.111741,Ward 3,2026-08-11
2026-08-11,38.958542,-77.030653,Ward 4,2026-08-11
2026-08-11,38.937235,-77.102986,Ward 3,2026-08-11
2026-08-11,38.937235,-77.102986,Ward 3,2026-08-11
2026-08-11,38.941572,-77.033152,Ward 4,2026-08-11
2026-08-11,38.901723,-76.985606,Ward 5,2026-08-11
2026-08-11,38.930381,-77.042656,Ward 1,2026-08-11
2026-08-11,38.890119,-76.993942,Ward 6,2026-08-11
2026-08-11,38.921135,-77.059310,Ward 3,2026-08-11
2026-08-11,38.925469,-77.050992,Ward 3,2026-08-11
2026-08-11,38.929504,-77.041490,Ward 1,2026-08-11
2026-08-11,38.892136,-76.928107,Ward 7,2026-08-11
2026-08-11,38.972589,-77.061444,Ward 4,2026-08-11
2026-08-11,38.913113,-77.050307,Ward 2,2026-08-11
2026-08-11,38.943738,-77.084828,Ward 3,2026-08-11
2026-08-11,38.931571,-77.026370,Ward 1,2026-08-11
2026-08-11,38.891697,-76.928856,Ward 7,2026-08-11
2026-08-11,38.936369,-77.102565,Ward 3,2026-08-11
2026-08-11,38.927894,-76.980134,Ward 5,2026-08-11
2026-08-11,38.965831,-77.004775,Ward 4,2026-08-11
2026-08-11,38.873187,-76.975855,Ward 8,2026-08-11
2026-08-11,38.909388,-77.031338,Ward 2,2026-08-11
2026-08-11,38.919739,-77.036842,Ward 1,2026-08-11
2026-08-11,38.908905,-77.030907,Ward 2,2026-08-11
2026-08-11,38.873195,-76.969155,Ward 7,2026-08-12
2026-08-11,38.952513,-77.057817,Ward 3,2026-08-12
2026-08-11,38.972102,-77.060494,Ward 4,2026-08-12
2026-08-11,38.862564,-76.962511,Ward 7,2026-08-12
2026-08-11,38.873510,-76.968042,Ward 7,2026-08-12
2026-08-11,38.899148,-76.996385,Ward 6,2026-08-12
2026-08-11,38.875602,-76.963732,Ward 7,2026-08-12
2026-08-11,38.967733,-77.006412,Ward 4,2026-08-12
2026-08-11,38.923915,-77.072886,Ward 3,2026-08-12
2026-08-11,38.930381,-77.042656,Ward 1,2026-08-12
2026-08-11,38.958826,-77.070222,Ward 3,2026-08-12
2026-08-11,38.957881,-77.071123,Ward 3,2026-08-12
2026-08-12,38.909388,-77.031338,Ward 2,2026-08-12
2026-08-12,38.967509,-77.005101,Ward 4,2026-08-12
2026-08-12,38.957316,-77.013401,Ward 4,2026-08-12
2026-08-12,38.956282,-77.083860,Ward 3,2026-08-12
2026-08-12,38.932802,-77.055109,Ward 3,2026-08-12
2026-08-12,38.919340,-76.986312,Ward 5,2026-08-12
2026-08-12,38.894341,-76.987830,Ward 6,2026-08-12
2026-08-12,38.932885,-76.962711,Ward 5,2026-08-12
2026-08-12,38.885790,-76.927493,Ward 7,2026-08-12
2026-08-12,38.918600,-77.037600,Ward 1,2026-08-13
2026-08-12,38.912755,-77.012365,Ward 5,2026-08-12
2026-08-12,38.937508,-76.980977,Ward 5,2026-08-12
2026-08-12,38.909774,-77.066099,Ward 2,2026-08-13
2026-08-12,38.901224,-76.985920,Ward 5,2026-08-12
2026-08-12,38.905249,-76.937623,Ward 7,2026-08-13
2026-08-12,38.842033,-76.998659,Ward 8,2026-08-12
2026-08-12,38.912741,-77.020152,Ward 2,2026-08-13
2026-08-12,38.907373,-76.998271,Ward 5,2026-08-13
2026-08-12,38.898560,-76.994485,Ward 6,2026-08-13
2026-08-12,38.889517,-76.987737,Ward 6,2026-08-13
2026-08-12,38.875706,-76.963964,Ward 7,2026-08-13
2026-08-12,38.923306,-77.027831,Ward 1,2026-08-14
2026-08-12,38.955563,-77.020860,Ward 4,2026-08-13
2026-08-12,38.890991,-76.928581,Ward 7,2026-08-13
2026-08-12,38.904549,-76.937104,Ward 7,2026-08-13
2026-08-12,38.863840,-76.975828,Ward 8,2026-08-13
2026-08-12,38.905946,-76.980410,Ward 5,2026-08-13
2026-08-12,38.953062,-77.022153,Ward 4,2026-08-13
2026-08-13,38.919017,-77.014479,Ward 5,2026-08-13
2026-08-13,38.970702,-77.064848,Ward 4,2026-08-13
2026-08-13,38.902707,-76.989577,Ward 5,2026-08-13
2026-08-13,38.978168,-77.031826,Ward 4,2026-08-13
2026-08-13,38.978186,-77.028328,Ward 4,2026-08-13
2026-08-13,38.894946,-76.993938,Ward 6,2026-08-13
2026-08-13,38.886399,-76.938715,Ward 7,2026-08-13
2026-08-13,38.932849,-76.988902,Ward 5,2026-08-13
2026-08-13,38.953498,-76.994607,Ward 5,2026-08-13
2026-08-13,38.960748,-77.069315,Ward 3,2026-08-13
2026-08-13,38.889517,-76.987737,Ward 6,2026-08-14
2026-08-13,38.894946,-76.993938,Ward 6,2026-08-13
2026-08-13,38.932849,-76.988902,Ward 5,2026-08-14
2026-08-13,38.894946,-76.993938,Ward 6,2026-08-13
2026-08-13,38.894946,-76.993938,Ward 6,2026-08-13
2026-08-13,38.944959,-77.071338,Ward 3,2026-08-13
2026-08-13,38.939165,-77.095556,Ward 3,2026-08-14
2026-08-13,38.935505,-77.038724,Ward 1,2026-08-14
2026-08-13,38.907938,-77.041855,Ward 2,2026-08-14
2026-08-13,38.918269,-77.028461,Ward 1,2026-08-14
2026-08-13,38.879215,-76.944145,Ward 7,2026-08-14
2026-08-13,38.934793,-77.057648,Ward 3,2026-08-14
2026-08-13,38.985119,-77.029433,Ward 4,2026-08-18
2026-08-13,38.908342,-76.986008,Ward 5,2026-08-17
2026-08-13,38.937211,-77.038621,Ward 4,2026-08-14
2026-08-14,38.951669,-77.017880,Ward 4,2026-08-14
2026-08-14,38.958831,-77.069463,Ward 3,2026-08-14
2026-08-14,38.939491,-77.051231,Ward 4,2026-08-14
2026-08-14,38.961617,-77.015140,Ward 4,2026-08-14
2026-08-14,38.961617,-77.015140,Ward 4,2026-08-14
2026-08-14,38.961593,-77.014671,Ward 4,2026-08-14
2026-08-14,38.944212,-77.049686,Ward 3,2026-08-14
2026-08-14,38.956006,-77.000574,Ward 4,2026-08-14
2026-08-14,38.882095,-76.943497,Ward 7,2026-08-14
2026-08-14,38.898925,-76.940938,Ward 7,2026-08-17
2026-08-14,38.882318,-76.943793,Ward 7,2026-08-14
2026-08-14,38.955580,-77.005473,Ward 5,2026-08-14
2026-08-14,38.974189,-77.025824,Ward 4,2026-08-14
2026-08-14,38.971653,-77.030849,Ward 4,2026-08-14
2026-08-14,38.971653,-77.030849,Ward 4,2026-08-14
2026-08-14,38.888880,-77.001170,Ward 6,2026-08-14
2026-08-14,38.962230,-77.032372,Ward 4,2026-08-14
2026-08-14,38.945699,-77.077237,Ward 3,2026-08-14
2026-08-14,38.929386,-77.078679,Ward 3,2026-08-14
2026-08-14,38.945797,-77.020585,Ward 4,2026-08-14
2026-08-14,38.966418,-77.007691,Ward 4,2026-08-14
2026-08-14,38.845690,-77.001430,Ward 8,2026-08-17
2026-08-14,38.924608,-76.996625,Ward 5,2026-08-18
2026-08-14,38.871361,-76.968637,Ward 7,2026-08-17
2026-08-14,38.969238,-77.035435,Ward 4,2026-08-17
2026-08-14,38.945494,-77.078324,Ward 3,2026-08-16
2026-08-14,38.961848,-76.998307,Ward 4,2026-08-16
2026-08-14,38.892170,-76.953302,Ward 7,2026-08-17
2026-08-14,38.920666,-77.040042,Ward 1,2026-08-17
2026-08-14,38.929889,-77.042467,Ward 1,2026-08-17
2026-08-14,38.905046,-77.016384,Ward 2,2026-08-17
2026-08-15,38.944152,-77.015737,Ward 4,2026-08-16
2026-08-15,38.944212,-77.049686,Ward 3,2026-08-15
2026-08-15,38.880020,-76.962684,Ward 7,2026-08-17
2026-08-15,38.950358,-77.052981,Ward 3,2026-08-15
2026-08-15,38.886933,-76.989796,Ward 6,2026-08-17
2026-08-15,38.944073,-76.987489,Ward 5,2026-08-17
2026-08-15,38.904378,-76.992669,Ward 5,2026-08-17
2026-08-15,38.897297,-76.941366,Ward 7,2026-08-18
2026-08-15,38.950358,-77.052981,Ward 3,2026-08-15
2026-08-15,38.962916,-77.081760,Ward 3,2026-08-17
2026-08-15,38.984944,-77.030920,Ward 4,2026-08-15
2026-08-15,38.884111,-76.997329,Ward 6,2026-08-17
2026-08-15,38.976912,-77.027615,Ward 4,2026-08-15
2026-08-15,38.919845,-77.077287,Ward 3,2026-08-17
2026-08-15,38.955136,-77.021664,Ward 4,2026-08-16
2026-08-15,38.950358,-77.052981,Ward 3,2026-08-15
2026-08-15,38.954908,-77.087384,Ward 3,2026-08-17
2026-08-16,38.975437,-77.056881,Ward 4,2026-08-17
2026-08-16,38.962311,-77.078165,Ward 3,2026-08-17
2026-08-16,38.873843,-77.017811,Ward 6,2026-08-17
2026-08-16,38.927525,-77.070879,Ward 3,2026-08-17
2026-08-16,38.951917,-77.025551,Ward 4,2026-08-17
2026-08-16,38.951788,-77.024361,Ward 4,2026-08-17
2026-08-16,38.951674,-76.997503,Ward 5,2026-08-17
2026-08-16,38.952083,-77.019681,Ward 4,2026-08-17
2026-08-16,38.952143,-77.017608,Ward 4,2026-08-17
2026-08-16,38.951997,-77.016934,Ward 4,2026-08-17
2026-08-16,38.952098,-77.013043,Ward 4,2026-08-17
2026-08-16,38.963648,-77.032650,Ward 4,2026-08-16
2026-08-16,38.952308,-77.012429,Ward 4,2026-08-17
2026-08-16,38.953375,-77.011635,Ward 4,2026-08-17
2026-08-16,38.953062,-77.022153,Ward 4,2026-08-17
2026-08-16,38.952956,-77.025626,Ward 4,2026-08-16
2026-08-16,38.973279,-77.027343,Ward 4,2026-08-18
2026-08-17,38.909842,-77.023282,Ward 2,2026-08-17
2026-08-17,38.923577,-77.001795,Ward 5,2026-08-18
2026-08-17,38.929881,-77.040147,Ward 1,2026-08-17
2026-08-17,38.880279,-77.017124,Ward 6,2026-08-17
2026-08-17,38.923942,-76.984879,Ward 5,2026-08-17
2026-08-17,38.931500,-77.030623,Ward 1,2026-08-17
2026-08-17,38.917301,-77.055944,Ward 2,2026-08-17
2026-08-17,38.917301,-77.055944,Ward 2,2026-08-17
2026-08-17,38.957948,-76.996266,Ward 4,2026-08-17
2026-08-17,38.920435,-76.965605,Ward 5,2026-08-17
2026-08-17,38.918444,-77.038218,Ward 1,2026-08-17
2026-08-17,38.914478,-77.019163,Ward 2,2026-08-17
2026-08-17,38.871114,-76.974274,Ward 8,2026-08-17
2026-08-17,38.927763,-77.072849,Ward 3,2026-08-17
2026-08-17,38.845788,-76.970131,Ward 8,2026-08-17
2026-08-17,38.945447,-76.987909,Ward 5,2026-08-17
2026-08-17,38.893859,-76.937036,Ward 7,2026-08-20
2026-08-17,38.867726,-76.984897,Ward 8,2026-08-17
2026-08-17,38.976912,-77.027615,Ward 4,2026-08-17
2026-08-17,38.830839,-77.004597,Ward 8,2026-08-18
2026-08-17,38.939373,-77.092171,Ward 3,2026-08-17
2026-08-17,38.987836,-77.032603,Ward 4,2026-08-17
2026-08-17,38.895538,-76.995445,Ward 6,2026-08-18
2026-08-17,38.971473,-77.027118,Ward 4,2026-08-18
2026-08-17,38.897885,-76.917995,Ward 7,2026-08-18
2026-08-17,38.913552,-77.040603,Ward 2,2026-08-18
2026-08-17,38.923813,-77.071121,Ward 3,2026-08-18
2026-08-17,38.912763,-77.086681,Ward 3,2026-08-18
2026-08-17,38.976020,-77.027561,Ward 4,2026-08-17
2026-08-17,38.903498,-76.998981,Ward 6,2026-08-18
2026-08-17,38.877331,-76.998380,Ward 8,2026-08-18
2026-08-17,38.830996,-77.006415,Ward 8,2026-08-18
2026-08-17,38.886245,-76.925591,Ward 7,2026-08-18
2026-08-18,38.882452,-77.004582,Ward 6,2026-08-18
2026-08-18,38.882609,-76.941896,Ward 7,2026-08-18
2026-08-18,38.918666,-77.001796,Ward 5,2026-08-18
2026-08-18,38.861695,-76.991306,Ward 8,2026-08-18
2026-08-18,38.942794,-77.022792,Ward 4,2026-08-18
2026-08-18,38.899226,-76.979929,Ward 7,2026-08-19
2026-08-18,38.979552,-77.024222,Ward 4,2026-08-18
2026-08-18,38.895831,-76.998219,Ward 6,
2026-08-18,38.853234,-76.968536,Ward 8,2026-08-18
2026-08-18,38.853188,-76.968379,Ward 8,2026-08-18
2026-08-18,38.919223,-77.045107,Ward 1,2026-08-18
2026-08-18,38.985119,-77.029433,Ward 4,2026-08-18
2026-08-18,38.862995,-76.991280,Ward 8,2026-08-18
2026-08-18,38.971470,-77.025690,Ward 4,2026-08-18
2026-08-18,38.986119,-77.033732,Ward 4,2026-08-18
2026-08-18,38.845002,-76.977206,Ward 8,2026-08-19
2026-08-18,38.916357,-76.977624,Ward 5,2026-08-19
2026-08-18,38.903281,-76.984973,Ward 5,2026-08-19
2026-08-18,38.893031,-76.970646,Ward 7,2026-08-18
2026-08-18,38.869279,-76.966938,Ward 7,2026-08-18
2026-08-18,38.944212,-77.049686,Ward 3,2026-08-19
2026-08-18,38.919546,-77.033471,Ward 1,2026-08-19
2026-08-18,38.901693,-77.027591,Ward 2,2026-08-19
2026-08-18,38.894785,-76.988311,Ward 6,
2026-08-18,38.933112,-76.979614,Ward 5,2026-08-19
2026-08-18,38.933112,-76.979614,Ward 5,2026-08-19
2026-08-19,38.975531,-77.027237,Ward 4,2026-08-19
2026-08-19,38.976912,-77.027615,Ward 4,2026-08-19
2026-08-19,38.976912,-77.027615,Ward 4,2026-08-19
2026-08-19,38.974009,-77.026629,Ward 4,2026-08-19
2026-08-19,38.976020,-77.027561,Ward 4,2026-08-19
2026-08-19,38.911124,-77.027560,Ward 2,2026-08-19
2026-08-19,38.853297,-76.983303,Ward 8,2026-08-19
2026-08-19,38.910504,-77.081418,Ward 3,2026-08-19
2026-08-19,38.899226,-76.979929,Ward 7,2026-08-19
2026-08-19,38.970542,-77.021698,Ward 4,2026-08-19
2026-08-19,38.933646,-77.074648,Ward 3,2026-08-19
2026-08-19,38.933646,-77.074648,Ward 3,2026-08-19
2026-08-19,38.901013,-77.028546,Ward 2,2026-08-19
2026-08-19,38.922966,-77.045273,Ward 1,2026-08-19
2026-08-19,38.906213,-76.984773,Ward 5,2026-08-19
2026-08-19,38.842537,-77.001494,Ward 8,2026-08-20
2026-08-19,38.856864,-76.958917,Ward 7,2026-08-19
2026-08-19,38.909437,-77.080763,Ward 3,2026-08-20
2026-08-19,38.938149,-76.973972,Ward 5,2026-08-20
2026-08-19,38.943184,-77.023605,Ward 4,2026-08-20
2026-08-19,38.880279,-77.017124,Ward 6,2026-08-20
2026-08-19,38.920180,-77.036843,Ward 1,2026-08-19
2026-08-19,38.920364,-77.036495,Ward 1,2026-08-19
2026-08-19,38.918490,-77.036907,Ward 1,2026-08-20
2026-08-19,38.901807,-76.992846,Ward 6,
2026-08-19,38.884220,-76.961115,Ward 7,2026-08-20
2026-08-19,38.858439,-76.984986,Ward 8,2026-08-19
2026-08-19,38.831087,-77.006622,Ward 8,2026-08-20
2026-08-19,38.863936,-76.980621,Ward 8,2026-08-20
2026-08-19,38.882451,-77.004684,Ward 6,2026-08-20
2026-08-19,38.952283,-77.024089,Ward 4,2026-08-20
2026-08-20,38.825397,-77.010754,Ward 8,2026-08-20
2026-08-20,38.880869,-76.945772,Ward 7,2026-08-20
2026-08-20,38.920020,-77.002488,Ward 5,2026-08-20
2026-08-20,38.908201,-77.046388,Ward 2,2026-08-20
2026-08-20,38.865309,-76.981109,Ward 8,2026-08-20
2026-08-20,38.963047,-77.064412,Ward 4,2026-08-20
2026-08-20,38.963357,-77.064147,Ward 4,2026-08-20
2026-08-20,38.909977,-77.046438,Ward 2,2026-08-20
2026-08-20,38.898727,-76.988868,Ward 6,2026-08-20
2026-08-20,38.909763,-77.086009,Ward 3,2026-08-20
2026-08-20,38.891731,-76.935610,Ward 7,2026-08-21
2026-08-20,38.914973,-77.052333,Ward 2,2026-08-21
2026-08-20,38.935400,-77.056816,Ward 3,2026-08-21
2026-08-20,38.972250,-77.069962,Ward 4,2026-08-20
2026-08-20,38.909835,-77.036066,Ward 2,2026-08-21
2026-08-20,38.955232,-77.080554,Ward 3,2026-08-21
2026-08-20,38.942572,-76.978566,Ward 5,2026-08-21
2026-08-20,38.913755,-77.040005,Ward 2,2026-08-21
2026-08-20,38.912793,-77.032387,Ward 2,2026-08-21
2026-08-20,38.945436,-77.019978,Ward 4,2026-08-21
2026-08-20,38.958540,-77.015986,Ward 4,2026-08-21
2026-08-20,38.870608,-76.972940,Ward 8,2026-08-21
2026-08-20,38.823122,-77.017929,Ward 8,2026-08-20
2026-08-20,38.936560,-77.029717,Ward 4,2026-08-21
2026-08-20,38.942937,-77.015196,Ward 4,2026-08-21
2026-08-21,38.936372,-77.029158,Ward 4,2026-08-21
2026-08-21,38.954265,-76.987833,Ward 5,2026-08-21
2026-08-21,38.877137,-77.007044,Ward 6,2026-08-21
2026-08-21,38.948260,-77.036424,Ward 4,2026-08-21
2026-08-21,38.942345,-77.090612,Ward 3,2026-08-21
2026-08-21,38.951871,-77.036415,Ward 4,2026-08-21
2026-08-21,38.936751,-77.029457,Ward 4,2026-08-21
2026-08-21,38.933389,-76.971921,Ward 5,2026-08-21
2026-08-21,38.894541,-77.011639,Ward 6,2026-08-21
2026-08-21,38.904856,-76.944657,Ward 7,2026-08-21
2026-08-21,38.954265,-76.987833,Ward 5,2026-08-21
2026-08-21,38.868504,-76.963439,Ward 7,2026-08-21
2026-08-21,38.951873,-77.089466,Ward 3,2026-08-21
2026-08-21,38.942790,-77.015190,Ward 4,2026-08-21
2026-08-21,38.931571,-77.026370,Ward 1,2026-08-21
2026-08-21,38.903064,-76.989704,Ward 5,2026-08-21
2026-08-21,38.911314,-77.040737,Ward 2,2026-08-21
2026-08-21,38.881713,-76.942653,Ward 7,2026-08-21
2026-08-21,38.896862,-76.994625,Ward 6,2026-08-21
2026-08-21,38.904856,-76.944657,Ward 7,2026-08-24
2026-08-21,38.903719,-76.927786,Ward 7,2026-08-24
2026-08-21,38.858120,-76.958581,Ward 7,2026-08-24
2026-08-21,38.951224,-77.097578,Ward 3,2026-08-25
2026-08-21,38.926053,-77.030640,Ward 1,2026-08-24
2026-08-22,38.952240,-77.024087,Ward 4,2026-08-24
2026-08-22,38.967279,-77.057206,Ward 4,2026-08-24
2026-08-22,38.868142,-76.956688,Ward 7,2026-08-24
2026-08-22,38.945348,-77.084485,Ward 3,2026-08-24
2026-08-22,38.987581,-77.044047,Ward 4,2026-08-24
2026-08-22,38.914675,-77.002422,Ward 5,2026-08-24
2026-08-22,38.906122,-77.013433,Ward 5,2026-08-25
2026-08-22,38.939469,-76.974481,Ward 5,2026-08-24
2026-08-22,38.906116,-77.065063,Ward 2,2026-08-24
2026-08-22,38.893295,-76.975152,Ward 7,2026-08-24
2026-08-22,38.934744,-77.031748,Ward 1,2026-08-24
2026-08-22,38.932861,-76.978790,Ward 5,2026-08-24
2026-08-22,38.968485,-77.072105,Ward 3,2026-08-24
2026-08-22,38.966657,-77.031575,Ward 4,2026-08-24
2026-08-22,38.915783,-77.030221,Ward 1,2026-08-24
2026-08-22,38.915846,-77.028825,Ward 1,2026-08-24
2026-08-22,38.881465,-76.993407,Ward 6,2026-08-24
2026-08-22,38.909642,-77.018927,Ward 2,2026-08-24
2026-08-22,38.932861,-76.978790,Ward 5,2026-08-24
2026-08-22,38.865417,-76.949635,Ward 7,2026-08-24
2026-08-23,38.927388,-77.057290,Ward 3,2026-08-24
2026-08-23,38.913922,-77.040335,Ward 2,2026-08-23
2026-08-23,38.914090,-77.038877,Ward 2,2026-08-23
2026-08-23,38.913922,-77.040335,Ward 2,2026-08-24
2026-08-23,38.904837,-76.985384,Ward 5,2026-08-24
2026-08-23,38.926240,-77.023358,Ward 1,2026-08-24
2026-08-23,38.894924,-76.975239,Ward 7,2026-08-24
2026-08-23,38.829435,-76.998100,Ward 8,2026-08-24
2026-08-23,38.914092,-77.041662,Ward 2,2026-08-24
2026-08-23,38.913209,-77.051000,Ward 2,2026-08-24
2026-08-23,38.955510,-77.026675,Ward 4,2026-08-24
2026-08-23,38.912350,-77.005820,Ward 5,2026-08-26
2026-08-23,38.951290,-77.016645,Ward 4,2026-08-24
2026-08-24,38.894996,-76.975562,Ward 7,2026-08-24
2026-08-24,38.872232,-76.965104,Ward 7,2026-08-24
2026-08-24,38.879412,-76.980989,Ward 6,2026-08-25
2026-08-24,38.894924,-76.975239,Ward 7,2026-08-24
2026-08-24,38.913448,-77.032367,Ward 2,2026-09-10
2026-08-24,38.950097,-77.021096,Ward 4,2026-08-24
2026-08-24,38.894234,-76.935914,Ward 7,2026-08-24
2026-08-24,38.910114,-77.056861,Ward 2,2026-08-24
2026-08-24,38.826227,-77.010563,Ward 8,2026-08-24
2026-08-24,38.889505,-76.994303,Ward 6,2026-08-24
2026-08-24,38.826232,-77.009279,Ward 8,2026-08-24
2026-08-24,38.929960,-76.977165,Ward 5,2026-08-24
2026-08-24,38.827181,-77.008973,Ward 8,2026-08-26
2026-08-24,38.908295,-76.934672,Ward 7,2026-08-24
2026-08-24,38.945917,-77.037696,Ward 4,2026-08-24
2026-08-24,38.896831,-76.996858,Ward 6,2026-08-24
2026-08-24,38.963828,-77.067905,Ward 3,2026-08-25
2026-08-24,38.916434,-77.030990,Ward 1,2026-08-25
2026-08-24,38.957280,-77.028175,Ward 4,2026-08-25
2026-08-24,38.834139,-77.004645,Ward 8,2026-08-25
2026-08-24,38.945264,-77.019359,Ward 4,2026-08-25
2026-08-24,38.925508,-77.058055,Ward 3,2026-08-25
2026-08-24,38.860981,-76.990277,Ward 8,2026-08-25
2026-08-24,38.951224,-77.097578,Ward 3,2026-08-25
2026-08-25,38.885276,-76.940996,Ward 7,2026-08-25
2026-08-25,38.882621,-76.934381,Ward 7,2026-08-25
2026-08-25,38.854507,-76.990370,Ward 8,2026-08-25
2026-08-25,38.890926,-76.936057,Ward 7,2026-08-25
2026-08-25,38.966343,-77.015010,Ward 4,2026-08-25
2026-08-25,38.966343,-77.015010,Ward 4,2026-08-25
2026-08-25,38.950773,-77.021320,Ward 4,2026-08-25
2026-08-25,38.905185,-76.981897,Ward 5,2026-08-26
2026-08-25,38.833208,-77.005019,Ward 8,2026-08-25
2026-08-25,38.957139,-77.027071,Ward 4,2026-08-25
2026-08-25,38.936577,-77.067222,Ward 3,2026-08-25
2026-08-25,38.894811,-77.047066,Ward 2,2026-08-26
2026-08-25,38.830082,-76.996177,Ward 8,2026-08-26
2026-08-25,38.945803,-77.078496,Ward 3,2026-08-25
2026-08-25,38.895437,-77.014786,Ward 6,2026-08-26
2026-08-25,38.959631,-77.018984,Ward 4,2026-08-26
2026-08-25,38.922676,-77.029954,Ward 1,2026-08-26
2026-08-25,38.929692,-76.974238,Ward 5,2026-08-26
2026-08-25,38.903879,-76.978324,Ward 5,2026-08-26
2026-08-25,38.831376,-77.009772,Ward 8,2026-08-27
2026-08-25,38.932607,-77.036458,Ward 1,2026-08-26
2026-08-25,38.936199,-77.111144,Ward 3,2026-08-26
2026-08-25,38.893741,-76.994535,Ward 6,2026-08-26
2026-08-25,38.932696,-77.099408,Ward 3,2026-08-26
2026-08-25,38.857451,-76.982309,Ward 8,2026-08-26
2026-08-26,38.967443,-77.015896,Ward 4,2026-08-26
2026-08-26,38.913846,-77.033978,Ward 2,2026-08-26
2026-08-26,38.938497,-76.986229,Ward 5,2026-09-03
2026-08-26,38.938497,-76.986229,Ward 5,2026-08-27
2026-08-26,38.891218,-76.936057,Ward 7,2026-08-27
2026-08-26,38.904647,-76.943405,Ward 7,2026-08-27
2026-08-26,38.899225,-76.941940,Ward 7,2026-08-27
2026-08-26,38.847248,-76.983639,Ward 8,2026-08-26
2026-08-26,38.959631,-77.018984,Ward 4,2026-08-26
2026-08-26,38.930377,-77.039803,Ward 1,2026-08-26
2026-08-26,38.911771,-77.034844,Ward 2,2026-08-26
2026-08-26,38.926310,-77.038251,Ward 1,2026-08-26
2026-08-26,38.926282,-77.039332,Ward 1,2026-08-26
2026-08-26,38.918267,-77.037196,Ward 1,2026-08-26
2026-08-26,38.918284,-77.037318,Ward 1,2026-08-26
2026-08-26,38.918273,-77.037729,Ward 1,2026-08-26
2026-08-26,38.918284,-77.037956,Ward 1,2026-08-26
2026-08-26,38.969576,-77.069146,Ward 4,2026-08-26
2026-08-26,38.829375,-77.011053,Ward 8,2026-08-27
2026-08-26,38.965062,-77.035378,Ward 4,2026-08-27
2026-08-26,38.916849,-77.006767,Ward 5,2026-08-27
2026-08-26,38.910227,-77.030700,Ward 2,2026-08-27
2026-08-26,38.910120,-77.029263,Ward 2,2026-08-27
2026-08-26,38.910198,-77.032843,Ward 2,2026-08-27
2026-08-26,38.891802,-76.993401,Ward 6,2026-08-27
2026-08-26,38.894159,-76.935122,Ward 7,2026-08-27
2026-08-26,38.931921,-76.978245,Ward 5,2026-08-27
2026-08-26,38.901561,-77.044347,Ward 2,2026-08-27
2026-08-26,38.916134,-77.016715,Ward 1,2026-08-27
2026-08-26,38.915554,-77.044070,Ward 2,2026-08-27
2026-08-26,38.973834,-77.022121,Ward 4,2026-08-27
2026-08-26,38.944876,-77.033432,Ward 4,2026-08-27
2026-08-26,38.933913,-76.964625,Ward 5,2026-08-27
2026-08-27,38.923291,-77.051014,Ward 3,2026-08-27
2026-08-27,38.912102,-77.046386,Ward 2,2026-08-27
2026-08-27,38.937079,-77.063540,Ward 3,2026-08-27
2026-08-27,38.960536,-77.030689,Ward 4,2026-08-27
2026-08-27,38.945284,-77.035153,Ward 4,2026-08-27
2026-08-27,38.903924,-76.978377,Ward 5,
2026-08-27,38.946934,-76.995224,Ward 5,2026-08-27
2026-08-27,38.893456,-76.915296,Ward 7,2026-08-28
2026-08-27,38.961874,-77.030548,Ward 4,2026-08-27
2026-08-27,38.867602,-76.947627,Ward 7,2026-08-27
2026-08-27,38.890703,-76.947833,Ward 7,2026-08-27
2026-08-27,38.912966,-77.003237,Ward 5,2026-08-28
2026-08-27,38.831013,-76.989577,Ward 8,2026-08-28
2026-08-27,38.923007,-77.032343,Ward 1,2026-08-27
2026-08-27,38.956423,-77.085916,Ward 3,2026-08-28
2026-08-27,38.872939,-76.978237,Ward 8,2026-08-28
2026-08-27,38.961498,-77.020370,Ward 4,2026-08-28
2026-08-27,38.837047,-77.002814,Ward 8,2026-08-28
2026-08-27,38.910920,-77.034781,Ward 2,2026-08-28
2026-08-27,38.894336,-76.933142,Ward 7,2026-08-28
2026-08-27,38.894634,-76.984226,Ward 6,2026-08-28
2026-08-28,38.928947,-77.106215,Ward 3,2026-08-28
2026-08-28,38.933057,-76.986628,Ward 5,2026-09-08
2026-08-28,38.971079,-77.063261,Ward 4,2026-08-28
2026-08-28,38.955510,-77.026675,Ward 4,2026-08-28
2026-08-28,38.933057,-76.986628,Ward 5,2026-09-08
2026-08-28,38.920472,-76.985563,Ward 5,2026-08-28
2026-08-28,38.921115,-77.007931,Ward 5,2026-08-28
2026-08-28,38.895437,-76.989278,Ward 6,2026-08-28
2026-08-28,38.895534,-76.985134,Ward 6,2026-08-28
2026-08-28,38.893583,-77.015227,Ward 6,2026-09-01
2026-08-28,38.969718,-77.021472,Ward 4,2026-08-31
2026-08-28,38.942381,-77.008034,Ward 5,2026-08-28
2026-08-28,38.861121,-76.984231,Ward 8,2026-08-28
2026-08-28,38.935026,-77.006081,Ward 5,2026-08-28
2026-08-28,38.909672,-77.056924,Ward 2,2026-08-28
2026-08-28,38.911292,-77.030341,Ward 2,2026-08-28
2026-08-28,38.935456,-77.023591,Ward 1,2026-08-28
2026-08-28,38.959545,-77.080518,Ward 3,2026-08-28
2026-08-28,38.911697,-77.031217,Ward 2,2026-08-31
2026-08-28,38.858358,-76.985618,Ward 8,2026-08-28
2026-08-28,38.944316,-77.077361,Ward 3,2026-08-31
2026-08-28,38.891413,-76.946992,Ward 7,2026-08-31
2026-08-28,38.879969,-76.945356,Ward 7,2026-08-31
2026-08-28,38.936689,-77.086949,Ward 3,2026-08-31
2026-08-28,38.965813,-77.062046,Ward 4,2026-08-31
2026-08-28,38.973834,-77.022121,Ward 4,2026-09-05
2026-08-28,38.911624,-77.011515,Ward 5,2026-09-01
2026-08-28,38.911323,-77.040880,Ward 2,2026-08-31
2026-08-29,38.911311,-77.040461,Ward 2,2026-08-31
2026-08-29,38.911311,-77.040461,Ward 2,2026-08-31
2026-08-29,38.948651,-77.100613,Ward 3,2026-08-31
2026-08-29,38.869643,-76.967094,Ward 7,2026-08-31
2026-08-29,38.869998,-76.969227,Ward 7,2026-08-29
2026-08-29,38.935792,-76.981639,Ward 5,
2026-08-29,38.892674,-76.984757,Ward 6,2026-08-31
2026-08-29,38.893431,-76.984939,Ward 6,2026-08-31
2026-08-29,38.894532,-76.985992,Ward 6,2026-08-31
2026-08-29,38.923623,-77.001473,Ward 5,2026-08-31
2026-08-29,38.984648,-77.032137,Ward 4,2026-08-31
2026-08-30,38.947895,-77.065678,Ward 3,2026-08-31
2026-08-30,38.829375,-77.011053,Ward 8,2026-08-31
2026-08-30,38.907026,-77.057898,Ward 2,2026-08-31
2026-08-30,38.885374,-76.998642,Ward 6,2026-08-31
2026-08-30,38.942926,-77.055340,Ward 3,2026-08-31
2026-08-30,38.911895,-76.985388,Ward 5,2026-08-31
2026-08-30,38.912874,-77.034195,Ward 2,2026-08-31
2026-08-31,38.921474,-76.965118,Ward 5,2026-08-31
2026-08-31,38.946481,-77.076202,Ward 3,2026-08-31
2026-08-31,38.901040,-76.927116,Ward 7,2026-08-31
2026-08-31,38.934883,-76.973039,Ward 5,2026-08-31
2026-08-31,38.905803,-76.943154,Ward 7,2026-08-31
2026-08-31,38.913349,-77.072885,Ward 2,2026-08-31
2026-08-31,38.958558,-77.080025,Ward 3,2026-08-31
2026-08-31,38.895323,-76.926947,Ward 7,2026-08-31
2026-08-31,38.921474,-76.965118,Ward 5,2026-08-31
2026-08-31,38.932298,-77.039218,Ward 1,2026-08-31
2026-08-31,38.940717,-77.061978,Ward 3,2026-08-31
2026-08-31,38.964033,-77.030759,Ward 4,2026-08-31
2026-08-31,38.921502,-76.964928,Ward 5,2026-09-01
2026-08-31,38.913890,-77.040874,Ward 2,2026-09-01
2026-08-31,38.898909,-76.994353,Ward 6,2026-08-31
2026-08-31,38.949893,-77.058089,Ward 3,2026-08-31
2026-08-31,38.963880,-77.030912,Ward 4,2026-08-31
2026-08-31,38.964500,-77.021281,Ward 4,2026-09-01
2026-08-31,38.931027,-77.018398,Ward 1,
2026-08-31,38.946991,-77.035398,Ward 4,2026-08-31
2026-08-31,38.937842,-76.966823,Ward 5,2026-08-31
2026-08-31,38.951278,-77.016772,Ward 4,2026-09-01
2026-08-31,38.915413,-77.027900,Ward 1,2026-09-01
2026-08-31,38.952105,-77.080309,Ward 3,2026-09-01
2026-08-31,38.933682,-77.105020,Ward 3,2026-09-02
2026-08-31,38.898190,-77.000830,Ward 6,2026-09-01
2026-08-31,38.910923,-77.018361,Ward 2,2026-09-01
2026-08-31,38.933926,-77.104537,Ward 3,2026-09-02
2026-08-31,38.956045,-77.076480,Ward 3,2026-09-03
2026-08-31,38.949554,-77.029984,Ward 4,2026-09-01
2026-08-31,38.933682,-77.105020,Ward 3,2026-09-02
2026-08-31,38.906503,-77.035509,Ward 2,2026-09-01
2026-08-31,38.974969,-77.054962,Ward 4,2026-09-01
2026-08-31,38.951664,-77.009805,Ward 4,2026-09-01
2026-09-01,38.976912,-77.027615,Ward 4,2026-09-01
2026-09-01,38.976912,-77.027615,Ward 4,2026-09-01
2026-09-01,38.975531,-77.027237,Ward 4,2026-09-01
2026-09-01,38.975956,-77.026321,Ward 4,2026-09-01
2026-09-01,38.978183,-77.032390,Ward 4,2026-09-01
2026-09-01,38.925594,-77.034265,Ward 1,2026-09-01
2026-09-01,38.944300,-77.021392,Ward 4,2026-09-01
2026-09-01,38.903170,-77.035928,Ward 2,2026-09-01
2026-09-01,38.929882,-77.040429,Ward 1,2026-09-01
2026-09-01,38.927439,-77.038768,Ward 1,2026-09-01
2026-09-01,38.942906,-77.079520,Ward 3,2026-09-01
2026-09-01,38.942906,-77.079520,Ward 3,2026-09-01
2026-09-01,38.935247,-77.075945,Ward 3,2026-09-03
2026-09-01,38.912118,-77.011678,Ward 5,2026-09-01
2026-09-01,38.910080,-77.019157,Ward 2,2026-09-01
2026-09-01,38.955783,-77.073085,Ward 3,2026-09-02
2026-09-01,38.965293,-77.007189,Ward 4,2026-09-01
2026-09-01,38.940557,-77.033560,Ward 4,2026-09-02
2026-09-01,38.943976,-77.082869,Ward 3,2026-09-02
2026-09-01,38.942689,-76.974447,Ward 5,
2026-09-01,38.909918,-77.065771,Ward 2,2026-09-02
2026-09-01,38.930712,-77.030024,Ward 1,2026-09-01
2026-09-01,38.904988,-77.025696,Ward 2,2026-09-02
2026-09-01,38.845624,-76.984759,Ward 8,2026-09-02
2026-09-01,38.845469,-76.984665,Ward 8,2026-09-02
2026-09-01,38.952663,-77.069486,Ward 3,2026-09-02
2026-09-01,38.892638,-76.991132,Ward 6,2026-09-02
2026-09-01,38.974388,-77.024711,Ward 4,2026-09-02
2026-09-01,38.943170,-77.044373,Ward 4,2026-09-02
2026-09-01,38.891047,-76.960957,Ward 7,2026-09-02
2026-09-02,38.941494,-77.061958,Ward 3,2026-09-02
2026-09-02,38.942016,-77.062263,Ward 3,2026-09-02
2026-09-02,38.942607,-77.063445,Ward 3,2026-09-02
2026-09-02,38.903465,-76.934522,Ward 7,2026-09-02
2026-09-02,38.928952,-77.108222,Ward 3,2026-09-02
2026-09-02,38.930548,-77.034628,Ward 1,2026-09-03
2026-09-02,38.932175,-77.087171,Ward 3,2026-09-02
2026-09-02,38.971457,-77.023436,Ward 4,2026-09-02
2026-09-02,38.878648,-76.965498,Ward 7,2026-09-02
2026-09-02,38.927412,-77.008540,Ward 5,2026-09-03
2026-09-02,38.973609,-77.021416,Ward 4,2026-09-02
2026-09-02,38.973609,-77.021416,Ward 4,2026-09-02
2026-09-02,38.936054,-76.980440,Ward 5,2026-09-02
2026-09-02,38.970702,-77.064848,Ward 4,2026-09-02
2026-09-02,38.940972,-77.061654,Ward 3,2026-09-02
2026-09-02,38.901183,-76.993999,Ward 6,2026-09-02
2026-09-02,38.953588,-77.017914,Ward 4,2026-09-03
2026-09-02,38.963100,-77.039052,Ward 4,2026-09-03
2026-09-02,38.920020,-77.002608,Ward 5,2026-09-03
2026-09-02,38.883014,-76.984908,Ward 6,2026-09-03
2026-09-02,38.906645,-77.007703,Ward 6,2026-09-02
2026-09-02,38.927491,-77.041569,Ward 1,2026-09-03
2026-09-02,38.897339,-77.013650,Ward 6,2026-09-03
2026-09-02,38.906645,-77.007703,Ward 6,2026-09-02
2026-09-02,38.966162,-77.012770,Ward 4,2026-09-02
2026-09-02,38.906645,-77.007703,Ward 6,2026-09-02
2026-09-02,38.922997,-77.044221,Ward 1,2026-09-03
2026-09-02,38.936392,-76.987225,Ward 5,2026-09-11
2026-09-02,38.950201,-77.096516,Ward 3,2026-09-03
2026-09-02,38.906447,-77.005884,Ward 6,2026-09-02
2026-09-02,38.965021,-77.011713,Ward 4,2026-09-02
2026-09-02,38.931312,-77.045153,Ward 1,2026-09-03
2026-09-02,38.966738,-77.013199,Ward 4,2026-09-02
2026-09-02,38.913199,-77.037290,Ward 2,2026-09-03
2026-09-02,38.886485,-76.988083,Ward 6,2026-09-03
2026-09-02,38.935569,-77.022686,Ward 1,2026-09-03
2026-09-02,38.896730,-77.013654,Ward 6,2026-09-03
2026-09-02,38.928717,-76.962128,Ward 5,2026-09-03
2026-09-02,38.892820,-77.013074,Ward 6,2026-09-03
2026-09-02,38.854172,-76.988424,Ward 8,2026-09-03
2026-09-02,38.914675,-77.091233,Ward 3,2026-09-03
2026-09-02,38.896888,-77.013387,Ward 6,2026-09-03
2026-09-02,38.966162,-77.012770,Ward 4,2026-09-02
2026-09-02,38.966162,-77.012770,Ward 4,2026-09-02
2026-09-02,38.975036,-77.017569,Ward 4,2026-09-02
2026-09-02,38.966162,-77.012770,Ward 4,2026-09-02
2026-09-02,38.868791,-76.942328,Ward 7,2026-09-03
2026-09-02,38.913353,-77.037496,Ward 2,2026-09-03
2026-09-02,38.898504,-76.974174,Ward 5,2026-09-02
2026-09-02,38.914254,-77.091185,Ward 3,2026-09-03
2026-09-02,38.955880,-77.022526,Ward 4,2026-09-03
2026-09-02,38.913346,-77.036513,Ward 2,2026-09-03
2026-09-02,38.943140,-77.034708,Ward 4,2026-09-03
2026-09-02,38.894611,-76.948025,Ward 7,2026-09-02
2026-09-02,38.898504,-76.974174,Ward 5,2026-09-02
2026-09-02,38.884284,-76.943128,Ward 7,2026-09-03
2026-09-02,38.898504,-76.974174,Ward 5,2026-09-02
2026-09-02,38.894611,-76.948025,Ward 7,2026-09-02
2026-09-02,38.903194,-77.050530,Ward 2,2026-09-03
2026-09-02,38.959646,-77.009057,Ward 4,2026-09-03
2026-09-02,38.915715,-77.003760,Ward 5,2026-09-04
2026-09-02,38.898484,-76.982717,Ward 7,2026-09-03
2026-09-02,38.922637,-76.986071,Ward 5,
2026-09-02,38.907468,-77.033446,Ward 2,2026-09-04
2026-09-02,38.913192,-77.037236,Ward 2,2026-09-03
2026-09-02,38.941872,-77.061808,Ward 3,2026-09-03
2026-09-02,38.913353,-77.037496,Ward 2,2026-09-03
2026-09-02,38.972607,-77.064868,Ward 4,2026-09-03
2026-09-03,38.913199,-77.037290,Ward 2,2026-09-03
2026-09-03,38.978186,-77.028328,Ward 4,2026-09-03
2026-09-03,38.971504,-77.010202,Ward 4,2026-09-03
2026-09-03,38.882688,-76.933971,Ward 7,2026-09-03
2026-09-03,38.901781,-77.022299,Ward 2,2026-09-03
2026-09-03,38.904549,-76.937104,Ward 7,2026-09-03
2026-09-03,38.868744,-76.942330,Ward 7,2026-09-03
2026-09-03,38.886956,-76.988910,Ward 6,2026-09-03
2026-09-03,38.886753,-76.947857,Ward 7,2026-09-03
2026-09-03,38.953098,-77.086963,Ward 3,2026-09-03
2026-09-03,38.848247,-76.977390,Ward 8,2026-09-03
2026-09-03,38.967870,-77.015272,Ward 4,2026-09-03
2026-09-03,38.904225,-76.977085,Ward 5,2026-09-03
2026-09-03,38.971296,-77.035148,Ward 4,2026-09-03
2026-09-03,38.908267,-77.016430,Ward 2,2026-09-08
2026-09-03,38.935579,-77.022616,Ward 1,2026-09-03
2026-09-03,38.911273,-77.023267,Ward 2,2026-09-05
2026-09-03,38.911280,-77.022183,Ward 2,2026-09-05
2026-09-03,38.912012,-77.030207,Ward 2,2026-09-04
2026-09-03,38.883131,-76.958148,Ward 7,2026-09-03
2026-09-03,38.911869,-77.036515,Ward 2,2026-09-04
2026-09-03,38.943089,-77.013786,Ward 4,2026-09-03
2026-09-03,38.903897,-76.976674,Ward 5,
2026-09-03,38.954980,-77.074176,Ward 3,2026-09-04
2026-09-03,38.936392,-76.987225,Ward 5,2026-09-03
2026-09-03,38.943170,-77.044373,Ward 4,2026-09-04
2026-09-03,38.935534,-77.108598,Ward 3,2026-09-04
2026-09-03,38.913197,-77.025228,Ward 2,2026-09-07
2026-09-03,38.869131,-76.966069,Ward 7,2026-09-04
2026-09-03,38.921969,-77.047304,Ward 1,2026-09-07
2026-09-03,38.903887,-76.976456,Ward 5,2026-09-05
2026-09-03,38.831849,-76.992995,Ward 8,2026-09-07
2026-09-03,38.910196,-77.028738,Ward 2,2026-09-04
2026-09-03,38.909038,-77.037059,Ward 2,2026-09-04
2026-09-03,38.927299,-77.099956,Ward 3,2026-09-04
2026-09-03,38.897780,-76.984743,Ward 6,2026-09-06
2026-09-03,38.926802,-77.100527,Ward 3,2026-09-04
2026-09-03,38.926802,-77.100527,Ward 3,2026-09-04
2026-09-03,38.906741,-77.011548,Ward 5,2026-09-06
2026-09-03,38.927792,-76.963908,Ward 5,2026-09-07
2026-09-03,38.883131,-76.958148,Ward 7,2026-09-04
2026-09-03,38.866006,-76.949476,Ward 7,2026-09-08
2026-09-03,38.887408,-76.935099,Ward 7,2026-09-06
2026-09-04,38.945017,-76.981073,Ward 5,2026-09-05
2026-09-04,38.976912,-77.027615,Ward 4,2026-09-04
2026-09-04,38.925295,-76.983267,Ward 5,2026-09-07
2026-09-04,38.883457,-76.999248,Ward 6,2026-09-08
2026-09-04,38.924736,-77.043597,Ward 1,2026-09-04
2026-09-04,38.914300,-77.038157,Ward 2,2026-09-04
2026-09-04,38.904558,-77.001496,Ward 6,2026-09-05
2026-09-04,38.932311,-77.046168,Ward 1,2026-09-07
2026-09-04,38.914776,-77.019899,Ward 2,2026-09-05
2026-09-04,38.926946,-77.039824,Ward 1,2026-09-04
2026-09-04,38.943336,-77.079225,Ward 3,2026-09-04
2026-09-04,38.872875,-76.948680,Ward 7,2026-09-09
2026-09-04,38.914090,-77.038877,Ward 2,2026-09-04
2026-09-04,38.895430,-76.994961,Ward 6,2026-09-04
2026-09-04,38.923645,-77.043028,Ward 1,2026-09-04
2026-09-04,38.881953,-76.993516,Ward 6,2026-09-05
2026-09-04,38.896641,-76.974450,Ward 7,2026-09-04
2026-09-04,38.853297,-76.983303,Ward 8,2026-09-08
2026-09-04,38.892176,-76.989996,Ward 6,2026-09-05
2026-09-04,38.892589,-76.958431,Ward 7,2026-09-09
2026-09-04,38.905646,-77.033491,Ward 2,2026-09-04
2026-09-04,38.923291,-77.064126,Ward 3,2026-09-04
2026-09-04,38.929601,-77.027080,Ward 1,2026-09-07
2026-09-04,38.926181,-77.066382,Ward 3,2026-09-04
2026-09-04,38.899677,-76.989374,Ward 6,2026-09-04
2026-09-04,38.894488,-76.999267,Ward 6,2026-09-04
2026-09-04,38.898565,-76.923994,Ward 7,2026-09-07
2026-09-04,38.896254,-76.996362,Ward 6,2026-09-04
2026-09-04,38.922428,-77.032010,Ward 1,2026-09-05
2026-09-04,38.882657,-76.983174,Ward 7,2026-09-05
2026-09-04,38.898302,-76.974375,Ward 7,2026-09-04
2026-09-04,38.895198,-76.996164,Ward 6,2026-09-07
2026-09-04,38.929053,-76.992658,Ward 5,2026-09-05
2026-09-04,38.891078,-76.983360,Ward 7,2026-09-06
2026-09-04,38.901887,-77.001807,Ward 6,2026-09-05
2026-09-04,38.914277,-77.009818,Ward 5,2026-09-06
2026-09-04,38.894939,-76.998905,Ward 6,2026-09-04
2026-09-04,38.868893,-76.966934,Ward 7,2026-09-04
2026-09-04,38.943106,-77.013291,Ward 4,2026-09-07
2026-09-04,38.985648,-77.038519,Ward 4,2026-09-04
2026-09-04,38.899411,-76.988900,Ward 6,2026-09-04
2026-09-04,38.989839,-77.043991,Ward 4,2026-09-04
2026-09-04,38.897340,-77.019901,Ward 2,2026-09-07
2026-09-04,38.897871,-76.989695,Ward 6,2026-09-04
2026-09-04,38.872588,-77.009358,Ward 6,2026-09-05
2026-09-04,38.920402,-77.091931,Ward 3,2026-09-04
2026-09-04,38.920961,-77.092443,Ward 3,2026-09-04
2026-09-04,38.899678,-76.989540,Ward 6,2026-09-04
2026-09-04,38.929309,-76.980662,Ward 5,2026-09-05
2026-09-04,38.897336,-76.997309,Ward 6,2026-09-04
2026-09-04,38.907588,-77.031725,Ward 2,2026-09-04
2026-09-04,38.891814,-76.991323,Ward 6,2026-09-07
2026-09-04,38.905684,-77.031952,Ward 2,2026-09-04
2026-09-04,38.885741,-76.919670,Ward 7,2026-09-08
2026-09-04,38.905318,-77.033421,Ward 2,2026-09-04
2026-09-04,38.882651,-76.983061,Ward 7,2026-09-05
2026-09-04,38.891121,-76.958505,Ward 7,2026-09-04
2026-09-04,38.922732,-77.036488,Ward 1,2026-09-04
2026-09-04,38.886054,-76.986856,Ward 6,2026-09-05
2026-09-04,38.887417,-76.978255,Ward 7,2026-09-04
2026-09-04,38.922545,-77.070884,Ward 3,2026-09-04
2026-09-04,38.892231,-76.998262,Ward 6,2026-09-06
2026-09-04,38.904397,-76.996163,Ward 6,2026-09-04
2026-09-04,38.923887,-77.043525,Ward 1,2026-09-04
2026-09-04,38.894022,-76.987342,Ward 6,2026-09-05
2026-09-04,38.900202,-76.992645,Ward 6,2026-09-07
2026-09-04,38.904882,-76.925690,Ward 7,2026-09-06
2026-09-04,38.883482,-76.984649,Ward 6,2026-09-05
2026-09-04,38.883911,-76.979835,Ward 7,2026-09-05
2026-09-04,38.891319,-76.991255,Ward 6,2026-09-08
2026-09-04,38.895869,-76.973983,Ward 7,2026-09-04
2026-09-04,38.917202,-77.039890,Ward 1,2026-09-07
2026-09-04,38.886054,-76.986856,Ward 6,2026-09-05
2026-09-04,38.888843,-76.993317,Ward 6,2026-09-04
2026-09-04,38.899298,-76.921894,Ward 7,2026-09-07
2026-09-04,38.903114,-76.934308,Ward 7,2026-09-06
2026-09-04,38.897145,-76.999320,Ward 6,2026-09-04
2026-09-04,38.853728,-76.995045,Ward 8,2026-09-08
2026-09-04,38.886933,-76.989741,Ward 6,2026-09-08
2026-09-04,38.888484,-76.988041,Ward 6,2026-09-08
2026-09-04,38.940958,-77.020015,Ward 4,2026-09-05
2026-09-04,38.938504,-76.978513,Ward 5,2026-09-04
2026-09-04,38.899550,-76.989273,Ward 6,2026-09-04
2026-09-04,38.920579,-77.021647,Ward 1,2026-09-08
2026-09-04,38.879146,-76.935895,Ward 7,2026-09-05
2026-09-04,38.904911,-76.986495,Ward 5,2026-09-04
2026-09-04,38.905887,-77.019560,Ward 2,2026-09-05
2026-09-04,38.887394,-76.955600,Ward 7,2026-09-07
2026-09-04,38.927837,-77.028978,Ward 1,2026-09-05
2026-09-04,38.892196,-76.958150,Ward 7,2026-09-04
2026-09-04,38.919165,-77.046193,Ward 1,2026-09-05
2026-09-04,38.869000,-76.984204,Ward 8,2026-09-08
2026-09-04,38.897832,-76.980898,Ward 7,2026-09-06
2026-09-04,38.887586,-76.953405,Ward 7,2026-09-07
2026-09-04,38.896739,-76.991000,Ward 6,2026-09-04
2026-09-04,38.922328,-77.046287,Ward 1,2026-09-04
2026-09-04,38.887064,-76.982216,Ward 7,2026-09-08
2026-09-04,38.928635,-76.993196,Ward 5,2026-09-05
2026-09-04,38.907566,-77.031426,Ward 2,2026-09-04
2026-09-04,38.894662,-76.936497,Ward 7,2026-09-07
2026-09-04,38.903949,-77.027050,Ward 2,2026-09-04
2026-09-04,38.894769,-76.957503,Ward 7,2026-09-04
2026-09-04,38.891894,-76.948798,Ward 7,
2026-09-04,38.905435,-76.972591,Ward 5,2026-09-05
2026-09-04,38.907712,-76.987504,Ward 5,2026-09-08
2026-09-04,38.894784,-76.993200,Ward 6,2026-09-06
2026-09-04,38.888513,-76.997932,Ward 6,2026-09-04
2026-09-04,38.907268,-76.980036,Ward 5,2026-09-04
2026-09-04,38.895614,-76.974526,Ward 7,2026-09-04
2026-09-04,38.888497,-76.997757,Ward 6,2026-09-04
2026-09-04,38.901833,-76.926134,Ward 7,2026-09-07
2026-09-04,38.924779,-77.043144,Ward 1,2026-09-04
2026-09-04,38.901834,-76.926640,Ward 7,2026-09-07
2026-09-04,38.903530,-76.997648,Ward 6,2026-09-04
2026-09-04,38.860527,-76.984830,Ward 8,2026-09-05
2026-09-04,38.871622,-76.975765,Ward 8,2026-09-07
2026-09-04,38.892978,-77.023972,Ward 2,2026-09-07
2026-09-04,38.905622,-76.976213,Ward 5,2026-09-05
2026-09-04,38.888736,-76.929171,Ward 7,2026-09-06
2026-09-04,38.860523,-76.986906,Ward 8,2026-09-05
2026-09-04,38.900086,-76.939458,Ward 7,2026-09-07
2026-09-04,38.919755,-77.000569,Ward 5,2026-09-06
2026-09-04,38.890710,-76.947767,Ward 7,2026-09-08
2026-09-04,38.892094,-76.948185,Ward 7,2026-09-10
2026-09-04,38.884533,-76.990875,Ward 6,2026-09-09
2026-09-04,38.862333,-76.948564,Ward 7,2026-09-04
2026-09-04,38.895590,-76.995895,Ward 6,2026-09-07
2026-09-04,38.895948,-76.977809,Ward 7,2026-09-07
2026-09-04,38.886550,-76.938357,Ward 7,2026-09-09
2026-09-04,38.894608,-76.979692,Ward 7,2026-09-05
2026-09-04,38.861907,-76.949110,Ward 7,2026-09-04
2026-09-04,38.884251,-76.989995,Ward 6,2026-09-04
2026-09-04,38.901328,-76.984952,Ward 5,2026-09-04
2026-09-04,38.886335,-76.943592,Ward 7,2026-09-06
2026-09-04,38.902154,-76.984381,Ward 5,2026-09-04
2026-09-04,38.904260,-76.982527,Ward 5,2026-09-04
2026-09-04,38.888984,-76.955776,Ward 7,2026-09-04
2026-09-04,38.895625,-76.995234,Ward 6,2026-09-04
2026-09-04,38.892794,-76.993759,Ward 6,2026-09-05
2026-09-04,38.929936,-77.114206,Ward 3,2026-09-04
2026-09-04,38.883038,-76.978102,Ward 7,2026-09-07
2026-09-04,38.914091,-77.019898,Ward 2,2026-09-04
2026-09-04,38.889166,-76.994682,Ward 6,2026-09-04
2026-09-04,38.882837,-76.980052,Ward 7,2026-09-05
2026-09-04,38.882893,-76.998122,Ward 6,2026-09-05
2026-09-04,38.925934,-76.998704,Ward 5,2026-09-05
2026-09-04,38.905646,-77.034569,Ward 2,2026-09-04
2026-09-04,38.899821,-76.983099,Ward 7,2026-09-05
2026-09-04,38.904735,-76.984910,Ward 5,2026-09-04
2026-09-04,38.914091,-77.038480,Ward 2,2026-09-04
2026-09-04,38.891556,-76.922454,Ward 7,2026-09-08
2026-09-04,38.886272,-76.920082,Ward 7,2026-09-05
2026-09-04,38.870746,-76.974053,Ward 8,2026-09-11
2026-09-04,38.893600,-76.979619,Ward 7,2026-09-06
2026-09-04,38.904559,-76.988920,Ward 5,2026-09-04
2026-09-04,38.920223,-77.000232,Ward 5,2026-09-06
2026-09-04,38.897145,-76.999320,Ward 6,2026-09-04
2026-09-04,38.913908,-77.041909,Ward 2,2026-09-04
2026-09-04,38.887873,-76.933126,Ward 7,2026-09-06
2026-09-04,38.907239,-77.031951,Ward 2,2026-09-04
2026-09-04,38.891905,-76.923585,Ward 7,2026-09-08
2026-09-04,38.885763,-76.919776,Ward 7,2026-09-08
2026-09-04,38.914093,-77.037494,Ward 2,2026-09-04
2026-09-04,38.876261,-76.962526,Ward 7,2026-09-06
2026-09-04,38.870493,-76.938100,Ward 7,2026-09-06
2026-09-04,38.899964,-76.940337,Ward 7,2026-09-07
2026-09-04,38.876414,-76.962433,Ward 7,2026-09-06
2026-09-04,38.879852,-76.984368,Ward 6,2026-09-06
2026-09-04,38.895405,-77.041727,Ward 2,2026-09-07
2026-09-04,38.881430,-77.000809,Ward 6,2026-09-08
2026-09-04,38.892794,-76.993759,Ward 6,2026-09-05
2026-09-04,38.900785,-76.927128,Ward 7,2026-09-08
2026-09-04,38.897334,-76.999510,Ward 6,2026-09-04
2026-09-04,38.902757,-76.937092,Ward 7,2026-09-06
2026-09-04,38.881085,-76.988876,Ward 6,2026-09-06
2026-09-04,38.888015,-76.951328,Ward 7,2026-09-04
2026-09-04,38.901281,-76.933311,Ward 7,2026-09-09
2026-09-04,38.906726,-76.942147,Ward 7,2026-09-06
2026-09-04,38.901268,-76.933538,Ward 7,2026-09-09
2026-09-04,38.886685,-76.955027,Ward 7,2026-09-10
2026-09-04,38.877922,-76.939030,Ward 7,2026-09-08
2026-09-04,38.924000,-77.026350,Ward 1,2026-09-05
2026-09-04,38.890581,-76.928563,Ward 7,2026-09-08
2026-09-04,38.907078,-77.032617,Ward 2,2026-09-04
2026-09-04,38.869225,-76.939728,Ward 7,2026-09-06
2026-09-04,38.870773,-76.943521,Ward 7,2026-09-05
2026-09-04,38.887589,-76.977256,Ward 7,2026-09-06
2026-09-04,38.886911,-76.949842,Ward 7,2026-09-08
2026-09-04,38.882168,-77.004366,Ward 6,2026-09-05
2026-09-04,38.914091,-77.038480,Ward 2,2026-09-04
2026-09-04,38.906614,-77.031952,Ward 2,2026-09-04
2026-09-04,38.864911,-76.975452,Ward 8,2026-09-08
2026-09-04,38.905646,-77.034569,Ward 2,2026-09-04
2026-09-04,38.878763,-76.963117,Ward 7,2026-09-05
2026-09-04,38.875547,-77.010654,Ward 6,2026-09-05
2026-09-04,38.920681,-77.077909,Ward 3,2026-09-04
2026-09-04,38.920684,-77.077053,Ward 3,2026-09-04
2026-09-04,38.898719,-77.001160,Ward 6,2026-09-04
2026-09-04,38.882273,-76.933624,Ward 7,2026-09-07
2026-09-04,38.898293,-76.988672,Ward 6,2026-09-04
2026-09-04,38.898136,-76.988305,Ward 6,2026-09-04
2026-09-04,38.898774,-76.921644,Ward 7,2026-09-07
2026-09-04,38.877723,-76.986976,Ward 6,2026-09-06
2026-09-04,38.882689,-76.932199,Ward 7,2026-09-05
2026-09-04,38.877831,-76.986863,Ward 6,2026-09-06
2026-09-04,38.892576,-76.958316,Ward 7,
2026-09-04,38.897133,-76.998207,Ward 6,2026-09-04
2026-09-04,38.864836,-76.946023,Ward 7,2026-09-08
2026-09-04,38.955675,-76.992033,Ward 5,2026-09-04
2026-09-04,38.966197,-77.006327,Ward 4,2026-09-04
2026-09-04,38.883294,-77.027492,Ward 6,2026-09-07
2026-09-04,38.894618,-76.992404,Ward 6,2026-09-06
2026-09-04,38.893361,-76.949422,Ward 7,2026-09-07
2026-09-04,38.883911,-76.979777,Ward 7,2026-09-05
2026-09-04,38.886155,-76.947475,Ward 7,2026-09-06
2026-09-04,38.883911,-76.979721,Ward 7,2026-09-05
2026-09-04,38.860007,-76.986909,Ward 8,2026-09-05
2026-09-04,38.935539,-76.980280,Ward 5,2026-09-04
2026-09-04,38.862400,-76.948850,Ward 7,2026-09-04
2026-09-04,38.940958,-77.020015,Ward 4,2026-09-05
2026-09-04,38.868297,-76.944835,Ward 7,2026-09-09
2026-09-04,38.883796,-76.961243,Ward 7,2026-09-04
2026-09-04,38.892759,-76.994009,Ward 6,2026-09-05
2026-09-04,38.932571,-77.025600,Ward 1,2026-09-07
2026-09-04,38.821300,-77.006571,Ward 8,2026-09-09
2026-09-04,38.934393,-77.031010,Ward 1,2026-09-04
2026-09-04,38.885071,-77.017556,Ward 6,2026-09-07
2026-09-04,38.904543,-76.988436,Ward 5,2026-09-04
2026-09-04,38.899730,-76.939189,Ward 7,2026-09-04
2026-09-04,38.914091,-77.019898,Ward 2,2026-09-04
2026-09-04,38.882837,-76.980767,Ward 7,2026-09-05
2026-09-04,38.907239,-77.031951,Ward 2,2026-09-04
2026-09-04,38.883366,-76.940621,Ward 7,2026-09-07
2026-09-04,38.872777,-76.978039,Ward 8,2026-09-07
2026-09-04,38.914091,-77.038480,Ward 2,2026-09-04
2026-09-04,38.914091,-77.038480,Ward 2,2026-09-04
2026-09-04,38.892497,-76.946928,Ward 7,2026-09-06
2026-09-04,38.887594,-76.993762,Ward 6,2026-09-04
2026-09-04,38.880869,-76.945772,Ward 7,2026-09-07
2026-09-04,38.904503,-76.977581,Ward 5,2026-09-08
2026-09-04,38.946621,-77.030402,Ward 4,2026-09-04
2026-09-04,38.920471,-77.076162,Ward 3,2026-09-04
2026-09-04,38.897778,-76.989192,Ward 6,2026-09-04
2026-09-04,38.898909,-76.988302,Ward 6,2026-09-04
2026-09-04,38.961234,-77.066378,Ward 4,2026-09-04
2026-09-04,38.869291,-76.960383,Ward 7,2026-09-04
2026-09-04,38.881851,-76.946219,Ward 7,2026-09-04
2026-09-04,38.877679,-76.960470,Ward 7,2026-09-06
2026-09-04,38.877526,-76.932850,Ward 7,2026-09-04
2026-09-04,38.870107,-76.956187,Ward 7,2026-09-07
2026-09-04,38.865928,-76.946541,Ward 7,2026-09-07
2026-09-04,38.894945,-76.955762,Ward 7,2026-09-10
2026-09-04,38.877507,-76.960059,Ward 7,2026-09-06
2026-09-04,38.895198,-76.996164,Ward 6,2026-09-07
2026-09-04,38.922732,-77.036488,Ward 1,2026-09-04
2026-09-04,38.898909,-76.988302,Ward 6,2026-09-04
2026-09-04,38.888068,-76.957772,Ward 7,2026-09-04
2026-09-04,38.885353,-76.982216,Ward 7,2026-09-06
2026-09-04,38.897504,-76.992250,Ward 6,2026-09-04
2026-09-04,38.939740,-77.026238,Ward 4,2026-09-04
2026-09-04,38.909667,-77.059425,Ward 2,2026-09-04
2026-09-04,38.886886,-76.999275,Ward 6,2026-09-04
2026-09-04,38.919941,-77.046289,Ward 1,2026-09-05
2026-09-04,38.932867,-76.984436,Ward 5,2026-09-05
2026-09-04,38.914091,-77.019898,Ward 2,2026-09-04
2026-09-04,38.928643,-76.995731,Ward 5,2026-09-05
2026-09-04,38.936781,-76.988314,Ward 5,2026-09-04
2026-09-04,38.876930,-76.961571,Ward 7,2026-09-06
2026-09-04,38.878470,-76.933340,Ward 7,2026-09-05
2026-09-04,38.893958,-77.039996,Ward 2,2026-09-07
2026-09-04,38.878875,-77.002242,Ward 8,2026-09-04
2026-09-04,38.860521,-76.987559,Ward 8,2026-09-05
2026-09-04,38.905333,-77.072827,Ward 2,2026-09-04
2026-09-04,38.926883,-77.040419,Ward 1,2026-09-04
2026-09-04,38.903737,-77.054749,Ward 2,2026-09-05
2026-09-04,38.912603,-77.015674,Ward 5,2026-09-05
2026-09-04,38.891311,-76.934652,Ward 7,2026-09-07
2026-09-04,38.900057,-77.038683,Ward 2,2026-09-07
2026-09-04,38.905384,-76.944076,Ward 7,2026-09-05
2026-09-04,38.896116,-76.990244,Ward 6,2026-09-05
2026-09-04,38.896113,-76.976220,Ward 7,2026-09-04
2026-09-04,38.911692,-77.070290,Ward 2,2026-09-04
2026-09-04,38.924119,-77.043204,Ward 1,2026-09-04
2026-09-04,38.887566,-77.028116,Ward 2,2026-09-07
2026-09-04,38.903128,-76.940731,Ward 7,2026-09-06
2026-09-04,38.924257,-77.045254,Ward 1,2026-09-04
2026-09-04,38.926167,-76.990729,Ward 5,2026-09-05
2026-09-04,38.890099,-76.981675,Ward 7,2026-09-06
2026-09-04,38.870109,-76.967780,Ward 7,2026-09-04
2026-09-04,38.868969,-76.964053,Ward 7,2026-09-04
2026-09-04,38.886164,-76.947545,Ward 7,2026-09-06
2026-09-04,38.892190,-76.959441,Ward 7,2026-09-06
2026-09-04,38.899063,-76.940894,Ward 7,2026-09-07
2026-09-04,38.877825,-76.937123,Ward 7,2026-09-04
2026-09-04,38.870774,-76.962839,Ward 7,2026-09-04
2026-09-04,38.894962,-76.997686,Ward 6,2026-09-04
2026-09-04,38.856621,-76.967631,Ward 8,2026-09-08
2026-09-04,38.894454,-76.988077,Ward 6,2026-09-05
2026-09-04,38.893711,-76.922248,Ward 7,2026-09-08
2026-09-04,38.867622,-76.943516,Ward 7,2026-09-08
2026-09-04,38.903530,-76.997648,Ward 6,2026-09-04
2026-09-04,38.883789,-76.958181,Ward 7,2026-09-08
2026-09-04,38.887371,-76.958311,Ward 7,2026-09-04
2026-09-04,38.894433,-76.999509,Ward 6,2026-09-04
2026-09-04,38.905855,-76.927175,Ward 7,2026-09-09
2026-09-04,38.894978,-76.973960,Ward 7,2026-09-04
2026-09-04,38.918995,-77.071430,Ward 3,2026-09-04
2026-09-04,38.883795,-76.993274,Ward 6,2026-09-04
2026-09-04,38.920029,-77.046338,Ward 1,2026-09-05
2026-09-04,38.938755,-77.064561,Ward 3,2026-09-04
2026-09-04,38.857895,-76.956500,Ward 7,2026-09-07
2026-09-04,38.890935,-76.997309,Ward 6,2026-09-09
2026-09-04,38.900718,-76.950587,Ward 7,2026-09-05
2026-09-04,38.896326,-77.028544,Ward 2,2026-09-07
2026-09-04,38.926501,-76.992435,Ward 5,2026-09-05
2026-09-04,38.902842,-76.927577,Ward 7,2026-09-07
2026-09-04,38.862469,-76.988230,Ward 8,2026-09-05
2026-09-04,38.920755,-77.092415,Ward 3,2026-09-04
2026-09-04,38.884092,-76.999120,Ward 6,2026-09-08
2026-09-04,38.892479,-76.991343,Ward 6,2026-09-07
2026-09-04,38.888400,-76.992431,Ward 6,2026-09-07
2026-09-04,38.891147,-76.997762,Ward 6,
2026-09-04,38.895201,-76.957505,Ward 7,2026-09-06
2026-09-04,38.898909,-76.989272,Ward 6,2026-09-04
2026-09-04,38.895840,-77.030709,Ward 2,2026-09-07
2026-09-04,38.925970,-76.998205,Ward 5,2026-09-05
2026-09-04,38.882510,-76.979740,Ward 6,2026-09-08
2026-09-04,38.927478,-77.024517,Ward 1,2026-09-05
2026-09-04,38.894659,-76.991769,Ward 6,2026-09-06
2026-09-04,38.944078,-77.014096,Ward 4,2026-09-07
2026-09-04,38.906499,-76.987816,Ward 5,2026-09-04
2026-09-04,38.882656,-76.989287,Ward 6,2026-09-08
2026-09-04,38.834702,-76.987051,Ward 8,2026-09-09
2026-09-04,38.914293,-77.070660,Ward 2,2026-09-04
2026-09-04,38.909635,-77.049341,Ward 2,2026-09-04
2026-09-04,38.826618,-77.012349,Ward 8,2026-09-09
2026-09-04,38.906278,-76.929465,Ward 7,2026-09-06
2026-09-04,38.898911,-76.998448,Ward 6,2026-09-04
2026-09-04,38.864071,-76.962855,Ward 7,2026-09-04
2026-09-04,38.942000,-77.043910,Ward 4,2026-09-04
2026-09-04,38.886919,-76.985745,Ward 6,2026-09-07
2026-09-04,38.920513,-76.987099,Ward 5,2026-09-09
2026-09-04,38.921297,-77.001300,Ward 5,2026-09-05
2026-09-04,38.899931,-76.933509,Ward 7,2026-09-07
2026-09-04,38.927538,-77.032516,Ward 1,2026-09-05
2026-09-04,38.888863,-76.993274,Ward 6,2026-09-04
2026-09-04,38.884593,-76.992339,Ward 6,2026-09-07
2026-09-04,38.900666,-76.937908,Ward 7,
2026-09-04,38.938640,-77.042489,Ward 4,2026-09-04
2026-09-04,38.895573,-76.989611,Ward 6,2026-09-05
2026-09-04,38.938156,-76.978056,Ward 5,2026-09-04
2026-09-04,38.891511,-76.982408,Ward 7,2026-09-06
2026-09-04,38.909677,-77.058964,Ward 2,2026-09-04
2026-09-04,38.903949,-77.027050,Ward 2,2026-09-04
2026-09-04,38.931874,-76.994972,Ward 5,2026-09-05
2026-09-04,38.941792,-76.974179,Ward 5,2026-09-05
2026-09-04,38.886078,-76.985251,Ward 6,2026-09-08
2026-09-04,38.869953,-76.962761,Ward 7,2026-09-04
2026-09-04,38.896112,-76.978682,Ward 7,2026-09-06
2026-09-04,38.899133,-76.923962,Ward 7,2026-09-07
2026-09-04,38.891882,-76.921795,Ward 7,2026-09-08
2026-09-04,38.905620,-76.927159,Ward 7,2026-09-09
2026-09-04,38.893115,-76.987155,Ward 6,2026-09-05
2026-09-04,38.941622,-77.023066,Ward 4,2026-09-07
2026-09-04,38.851016,-76.965742,Ward 8,2026-09-08
2026-09-04,38.892235,-76.994235,Ward 6,2026-09-06
2026-09-04,38.896325,-76.990823,Ward 6,2026-09-05
2026-09-04,38.896298,-77.002241,Ward 6,2026-09-04
2026-09-04,38.911748,-77.037312,Ward 2,2026-09-04
2026-09-04,38.885806,-76.982449,Ward 7,2026-09-04
2026-09-04,38.894342,-76.987238,Ward 6,2026-09-05
2026-09-04,38.944719,-77.033031,Ward 4,2026-09-04
2026-09-04,38.896936,-76.980765,Ward 7,2026-09-05
2026-09-04,38.953321,-77.094336,Ward 3,2026-09-04
2026-09-04,38.866024,-76.946548,Ward 7,2026-09-07
2026-09-04,38.964757,-77.012978,Ward 4,2026-09-04
2026-09-04,38.895794,-76.999258,Ward 6,2026-09-04
2026-09-04,38.887759,-76.993966,Ward 6,2026-09-04
2026-09-04,38.897252,-76.972199,Ward 7,2026-09-04
2026-09-04,38.904833,-76.985124,Ward 5,2026-09-04
2026-09-04,38.942200,-77.026137,Ward 4,2026-09-04
2026-09-04,38.885362,-76.932001,Ward 7,2026-09-06
2026-09-04,38.858153,-76.985334,Ward 8,2026-09-08
2026-09-04,38.889080,-76.994694,Ward 6,2026-09-04
2026-09-04,38.911748,-77.037312,Ward 2,2026-09-04
2026-09-04,38.898101,-76.978694,Ward 7,2026-09-06
2026-09-04,38.904071,-76.983502,Ward 5,2026-09-04
2026-09-04,38.883990,-77.007280,Ward 6,2026-09-05
2026-09-04,38.893165,-76.989947,Ward 6,2026-09-05
2026-09-04,38.890785,-76.985288,Ward 6,2026-09-07
2026-09-04,38.905125,-76.985184,Ward 5,2026-09-04
2026-09-04,38.893750,-76.990534,Ward 6,2026-09-06
2026-09-04,38.895147,-76.993516,Ward 6,2026-09-05
2026-09-04,38.913198,-77.008559,Ward 5,2026-09-06
2026-09-04,38.902752,-76.938765,Ward 7,2026-09-06
2026-09-04,38.934972,-77.041495,Ward 1,2026-09-04
2026-09-04,38.869304,-76.976218,Ward 8,2026-09-07
2026-09-04,38.897730,-76.990029,Ward 6,2026-09-04
2026-09-04,38.920471,-77.076668,Ward 3,2026-09-04
2026-09-04,38.886459,-76.981281,Ward 7,2026-09-08
2026-09-04,38.880836,-76.985750,Ward 6,2026-09-08
2026-09-04,38.904559,-76.988920,Ward 5,2026-09-04
2026-09-04,38.899085,-76.989954,Ward 6,2026-09-04
2026-09-04,38.896288,-76.980096,Ward 7,2026-09-04
2026-09-04,38.888576,-76.954904,Ward 7,2026-09-04
2026-09-04,38.853318,-76.971043,Ward 8,2026-09-04
2026-09-04,38.898592,-76.919500,Ward 7,2026-09-07
2026-09-04,38.927008,-76.992433,Ward 5,2026-09-05
2026-09-04,38.904393,-76.982850,Ward 5,2026-09-04
2026-09-04,38.928018,-77.108075,Ward 3,2026-09-04
2026-09-04,38.903063,-76.939932,Ward 7,2026-09-06
2026-09-04,38.923981,-77.026556,Ward 1,2026-09-05
2026-09-04,38.893929,-76.917556,Ward 7,2026-09-07
2026-09-04,38.924736,-77.043597,Ward 1,2026-09-04
2026-09-04,38.904822,-77.001494,Ward 6,2026-09-05
2026-09-04,38.898587,-76.921609,Ward 7,2026-09-07
2026-09-04,38.919952,-77.046841,Ward 1,2026-09-04
2026-09-04,38.933902,-76.969347,Ward 5,2026-09-04
2026-09-04,38.894970,-76.976772,Ward 7,2026-09-07
2026-09-04,38.860698,-76.986604,Ward 8,2026-09-05
2026-09-04,38.894967,-76.976831,Ward 7,2026-09-07
2026-09-04,38.899824,-76.984871,Ward 6,2026-09-07
2026-09-04,38.878235,-76.989122,Ward 6,2026-09-07
2026-09-04,38.892578,-76.958032,Ward 7,2026-09-09
2026-09-04,38.895100,-76.974242,Ward 7,2026-09-04
2026-09-04,38.880818,-76.999249,Ward 6,2026-09-08
2026-09-04,38.928326,-77.105617,Ward 3,2026-09-04
2026-09-04,38.939534,-77.026844,Ward 4,2026-09-04
2026-09-04,38.869304,-76.976218,Ward 8,2026-09-07
2026-09-04,38.897380,-76.981026,Ward 7,2026-09-06
2026-09-04,38.896267,-76.978675,Ward 7,2026-09-06
2026-09-04,38.888870,-76.986437,Ward 6,2026-09-07
2026-09-04,38.875039,-76.933166,Ward 7,2026-09-04
2026-09-04,38.897832,-76.980898,Ward 7,2026-09-06
2026-09-04,38.893734,-76.985296,Ward 6,2026-09-08
2026-09-04,38.901178,-76.995964,Ward 6,2026-09-04
2026-09-04,38.926448,-76.961052,Ward 5,
2026-09-04,38.926190,-77.023900,Ward 1,2026-09-08
2026-09-04,38.896495,-76.981159,Ward 7,2026-09-06
2026-09-04,38.925275,-77.071150,Ward 3,2026-09-04
2026-09-04,38.895558,-76.926654,Ward 7,2026-09-08
2026-09-04,38.894445,-77.042600,Ward 2,2026-09-07
2026-09-04,38.883565,-76.922803,Ward 7,2026-09-08
2026-09-04,38.895841,-76.937982,Ward 7,2026-09-06
2026-09-04,38.895356,-76.974115,Ward 7,2026-09-04
2026-09-04,38.886335,-76.943592,Ward 7,2026-09-06
2026-09-04,38.900819,-76.937724,Ward 7,
2026-09-04,38.903904,-76.994501,Ward 6,2026-09-04
2026-09-04,38.903075,-76.935259,Ward 7,2026-09-06
2026-09-04,38.924152,-76.991081,Ward 5,2026-09-05
2026-09-04,38.894364,-76.959359,Ward 7,2026-09-06
2026-09-04,38.887742,-76.997668,Ward 6,2026-09-07
2026-09-04,38.940101,-77.032999,Ward 4,2026-09-04
2026-09-04,38.891064,-76.933658,Ward 7,2026-09-07
2026-09-04,38.876796,-76.999244,Ward 8,2026-09-04
2026-09-04,38.881448,-76.984992,Ward 6,2026-09-08
2026-09-04,38.883089,-77.003762,Ward 6,2026-09-05
2026-09-04,38.906067,-76.929111,Ward 7,2026-09-06
2026-09-04,38.901437,-76.950580,Ward 7,2026-09-05
2026-09-04,38.952603,-77.010175,Ward 4,2026-09-04
2026-09-04,38.893389,-76.989371,Ward 6,2026-09-06
2026-09-04,38.895026,-76.993542,Ward 6,2026-09-05
2026-09-04,38.891221,-76.991232,Ward 6,2026-09-08
2026-09-04,38.893754,-76.989314,Ward 6,2026-09-06
2026-09-04,38.893653,-76.922242,Ward 7,2026-09-08
2026-09-04,38.892591,-76.986248,Ward 6,2026-09-08
2026-09-04,38.891601,-76.982421,Ward 7,2026-09-06
2026-09-04,38.924885,-77.043756,Ward 1,2026-09-04
2026-09-04,38.942111,-77.039108,Ward 4,2026-09-04
2026-09-04,38.907214,-76.939597,Ward 7,2026-09-09
2026-09-04,38.886525,-76.933134,Ward 7,2026-09-06
2026-09-04,38.898138,-76.942078,Ward 7,2026-09-06
2026-09-04,38.883990,-77.007280,Ward 6,2026-09-05
2026-09-04,38.918298,-77.013162,Ward 5,2026-09-06
2026-09-04,38.869668,-76.979657,Ward 8,2026-09-07
2026-09-04,38.896268,-76.979582,Ward 7,2026-09-04
2026-09-04,38.922428,-77.032010,Ward 1,2026-09-05
2026-09-04,38.866069,-76.946550,Ward 7,2026-09-07
2026-09-04,38.901678,-76.925908,Ward 7,2026-09-07
2026-09-04,38.883436,-77.000091,Ward 6,2026-09-08
2026-09-04,38.859421,-76.956336,Ward 7,2026-09-10
2026-09-04,38.910896,-77.050193,Ward 2,2026-09-04
2026-09-04,38.892174,-76.982423,Ward 7,2026-09-09
2026-09-04,38.922045,-77.045364,Ward 1,2026-09-04
2026-09-04,38.860361,-76.987079,Ward 8,2026-09-05
2026-09-04,38.934755,-77.031831,Ward 1,2026-09-04
2026-09-04,38.919112,-77.040822,Ward 1,2026-09-07
2026-09-04,38.904843,-76.942426,Ward 7,
2026-09-04,38.899848,-76.951164,Ward 7,2026-09-05
2026-09-04,38.897070,-76.972734,Ward 7,2026-09-04
2026-09-04,38.922045,-77.045364,Ward 1,2026-09-04
2026-09-04,38.918529,-77.054146,Ward 2,2026-09-07
2026-09-04,38.884101,-76.983658,Ward 6,2026-09-06
2026-09-04,38.892354,-76.982426,Ward 7,2026-09-06
2026-09-04,38.896115,-76.976739,Ward 7,2026-09-07
2026-09-04,38.966625,-77.006372,Ward 4,2026-09-04
2026-09-04,38.896136,-76.982966,Ward 7,2026-09-06
2026-09-04,38.869304,-76.976218,Ward 8,2026-09-07
2026-09-04,38.921533,-77.010010,Ward 5,2026-09-05
2026-09-04,38.886375,-76.938086,Ward 7,2026-09-09
2026-09-04,38.926501,-76.992435,Ward 5,2026-09-05
2026-09-04,38.896574,-76.987419,Ward 6,2026-09-05
2026-09-04,38.906880,-76.981050,Ward 5,2026-09-04
2026-09-04,38.895446,-76.976221,Ward 7,2026-09-04
2026-09-04,38.893750,-76.986048,Ward 6,2026-09-05
2026-09-04,38.906569,-77.027813,Ward 2,2026-09-07
2026-09-04,38.894954,-76.998849,Ward 6,2026-09-04
2026-09-04,38.890087,-76.996356,Ward 6,
2026-09-04,38.926883,-77.040419,Ward 1,2026-09-04
2026-09-04,38.899279,-76.985502,Ward 6,2026-09-09
2026-09-04,38.895277,-76.938319,Ward 7,2026-09-06
2026-09-04,38.867047,-76.945527,Ward 7,2026-09-07
2026-09-04,38.893864,-76.992426,Ward 6,2026-09-06
2026-09-04,38.900602,-76.932713,Ward 7,2026-09-08
2026-09-04,38.898689,-76.985817,Ward 6,2026-09-06
2026-09-04,38.884889,-76.991259,Ward 6,2026-09-04
2026-09-04,38.872939,-76.978237,Ward 8,2026-09-07
2026-09-04,38.886705,-76.987291,Ward 6,2026-09-05
2026-09-04,38.895323,-76.976418,Ward 7,2026-09-04
2026-09-04,38.893016,-76.980038,Ward 7,2026-09-06
2026-09-04,38.892075,-76.946798,Ward 7,2026-09-07
2026-09-04,38.844516,-77.001610,Ward 8,2026-09-08
2026-09-04,38.888867,-76.985993,Ward 6,2026-09-07
2026-09-04,38.905646,-77.034569,Ward 2,2026-09-04
2026-09-04,38.894778,-76.976218,Ward 7,2026-09-04
2026-09-04,38.882645,-76.982956,Ward 7,2026-09-05
2026-09-04,38.936016,-76.969904,Ward 5,2026-09-04
2026-09-04,38.908977,-76.930340,Ward 7,2026-09-04
2026-09-04,38.911807,-77.071425,Ward 2,2026-09-04
2026-09-04,38.883797,-76.958292,Ward 7,2026-09-08
2026-09-04,38.891511,-76.982408,Ward 7,2026-09-06
2026-09-04,38.871052,-76.975575,Ward 8,2026-09-07
2026-09-04,38.869309,-76.976596,Ward 8,2026-09-07
2026-09-04,38.897334,-76.984574,Ward 6,2026-09-06
2026-09-04,38.879954,-76.944523,Ward 7,2026-09-07
2026-09-04,38.920888,-76.986687,Ward 5,
2026-09-04,38.897832,-76.980898,Ward 7,2026-09-06
2026-09-04,38.931695,-77.056261,Ward 3,2026-09-04
2026-09-04,38.903363,-76.999791,Ward 6,2026-09-04
2026-09-04,38.888649,-76.993084,Ward 6,2026-09-04
2026-09-04,38.913069,-77.038822,Ward 2,2026-09-04
2026-09-04,38.923624,-77.043094,Ward 1,2026-09-04
2026-09-04,38.892431,-76.978978,Ward 7,2026-09-09
2026-09-04,38.884496,-76.989972,Ward 6,2026-09-04
2026-09-04,38.912522,-77.066311,Ward 2,2026-09-04
2026-09-04,38.868057,-76.983235,Ward 8,2026-09-08
2026-09-04,38.887326,-76.992438,Ward 6,2026-09-07
2026-09-04,38.888168,-76.993472,Ward 6,2026-09-04
2026-09-04,38.879282,-77.015708,Ward 6,2026-09-07
2026-09-04,38.911644,-77.015958,Ward 5,2026-09-05
2026-09-04,38.927642,-77.024351,Ward 1,2026-09-05
2026-09-04,38.943336,-77.079225,Ward 3,2026-09-04
2026-09-04,38.883062,-76.960041,Ward 7,2026-09-05
2026-09-04,38.890403,-76.979684,Ward 7,2026-09-06
2026-09-04,38.913344,-77.013121,Ward 5,2026-09-06
2026-09-04,38.882378,-76.989727,Ward 6,2026-09-08
2026-09-04,38.943162,-77.082914,Ward 3,2026-09-04
2026-09-04,38.923629,-77.055689,Ward 3,2026-09-08
2026-09-04,38.946285,-77.082916,Ward 3,2026-09-04
2026-09-04,38.905997,-76.941875,Ward 7,2026-09-06
2026-09-04,38.936016,-76.969904,Ward 5,2026-09-04
2026-09-04,38.892192,-76.981463,Ward 7,2026-09-06
2026-09-04,38.941681,-77.023092,Ward 4,2026-09-07
2026-09-04,38.908105,-77.064529,Ward 2,2026-09-04
2026-09-04,38.896114,-76.974601,Ward 7,2026-09-04
2026-09-04,38.848619,-77.001143,Ward 8,2026-09-07
2026-09-04,38.906376,-76.943402,Ward 7,2026-09-09
2026-09-04,38.895119,-76.940058,Ward 7,2026-09-06
2026-09-04,38.905646,-77.034569,Ward 2,2026-09-04
2026-09-04,38.893389,-76.989371,Ward 6,2026-09-07
2026-09-04,38.893301,-76.977259,Ward 7,2026-09-06
2026-09-04,38.890824,-76.952006,Ward 7,2026-09-08
2026-09-04,38.928380,-77.031291,Ward 1,2026-09-05
2026-09-04,38.941621,-77.013864,Ward 4,2026-09-07
2026-09-04,38.914093,-77.036509,Ward 2,2026-09-04
2026-09-04,38.872763,-76.978780,Ward 8,2026-09-07
2026-09-04,38.891825,-76.983049,Ward 7,2026-09-06
2026-09-04,38.925756,-76.988687,Ward 5,2026-09-05
2026-09-04,38.891803,-76.989603,Ward 6,2026-09-05
2026-09-04,38.844516,-77.001610,Ward 8,2026-09-08
2026-09-04,38.883420,-76.998870,Ward 6,2026-09-04
2026-09-04,38.946763,-77.036060,Ward 4,2026-09-04
2026-09-04,38.942483,-76.991434,Ward 5,2026-09-04
2026-09-04,38.891891,-76.941413,Ward 7,2026-09-06
2026-09-04,38.862744,-76.988432,Ward 8,2026-09-05
2026-09-04,38.891674,-76.923718,Ward 7,2026-09-08
2026-09-04,38.899491,-76.995916,Ward 6,2026-09-04
2026-09-04,38.846541,-77.000468,Ward 8,2026-09-09
2026-09-04,38.868229,-76.954255,Ward 7,2026-09-08
2026-09-04,38.891174,-76.989942,Ward 6,2026-09-07
2026-09-04,38.886525,-76.992861,Ward 6,2026-09-07
2026-09-04,38.907769,-77.062950,Ward 2,2026-09-04
2026-09-04,38.886831,-76.934765,Ward 7,2026-09-06
2026-09-04,38.893591,-76.977940,Ward 7,2026-09-04
2026-09-04,38.879354,-76.943445,Ward 7,2026-09-07
2026-09-04,38.921668,-77.011857,Ward 5,2026-09-05
2026-09-04,38.895910,-76.982420,Ward 7,2026-09-06
2026-09-04,38.891362,-76.983872,Ward 6,2026-09-09
2026-09-04,38.886099,-76.927585,Ward 7,2026-09-08
2026-09-04,38.868043,-76.972833,Ward 8,2026-09-05
2026-09-04,38.895934,-76.997452,Ward 6,2026-09-04
2026-09-04,38.894162,-76.958622,Ward 7,2026-09-10
2026-09-04,38.883017,-76.981805,Ward 7,2026-09-07
2026-09-04,38.903350,-76.999282,Ward 6,2026-09-04
2026-09-04,38.888192,-76.920070,Ward 7,2026-09-07
2026-09-04,38.894939,-76.998905,Ward 6,2026-09-04
2026-09-04,38.969478,-77.067624,Ward 4,2026-09-04
2026-09-04,38.892740,-76.975424,Ward 7,2026-09-06
2026-09-04,38.878112,-76.939135,Ward 7,2026-09-08
2026-09-04,38.862968,-76.966788,Ward 7,2026-09-04
2026-09-04,38.899279,-76.985502,Ward 6,2026-09-09
2026-09-04,38.887762,-76.980500,Ward 7,2026-09-07
2026-09-04,38.869309,-76.976596,Ward 8,2026-09-07
2026-09-04,38.900859,-76.934865,Ward 7,
2026-09-04,38.891514,-76.982013,Ward 7,2026-09-06
2026-09-04,38.869053,-76.945815,Ward 7,2026-09-08
2026-09-04,38.901686,-76.939683,Ward 7,2026-09-07
2026-09-04,38.898532,-76.981217,Ward 7,2026-09-05
2026-09-04,38.890444,-76.959969,Ward 7,2026-09-07
2026-09-04,38.909364,-77.067639,Ward 2,2026-09-04
2026-09-04,38.901471,-76.987682,Ward 6,2026-09-04
2026-09-04,38.905002,-76.985275,Ward 5,2026-09-04
2026-09-04,38.928314,-77.075583,Ward 3,2026-09-04
2026-09-04,38.914300,-77.038157,Ward 2,2026-09-04
2026-09-04,38.938768,-77.021464,Ward 4,2026-09-09
2026-09-04,38.878210,-76.987010,Ward 6,2026-09-06
2026-09-04,38.905650,-77.031950,Ward 2,2026-09-04
2026-09-04,38.886966,-76.999252,Ward 6,2026-09-04
2026-09-04,38.883254,-76.998450,Ward 6,2026-09-04
2026-09-04,38.895452,-76.999512,Ward 6,2026-09-04
2026-09-04,38.894962,-77.000105,Ward 6,2026-09-04
2026-09-04,38.892384,-76.989946,Ward 6,2026-09-05
2026-09-04,38.886380,-76.997912,Ward 6,2026-09-04
2026-09-04,38.914307,-77.037947,Ward 2,2026-09-04
2026-09-04,38.913344,-77.072953,Ward 2,2026-09-04
2026-09-04,38.932396,-77.044510,Ward 1,2026-09-04
2026-09-04,38.870315,-76.951070,Ward 7,2026-09-07
2026-09-04,38.905371,-77.064877,Ward 2,2026-09-07
2026-09-04,38.893997,-76.977019,Ward 7,2026-09-10
2026-09-04,38.912803,-77.015802,Ward 5,2026-09-05
2026-09-04,38.887791,-76.987700,Ward 6,2026-09-07
2026-09-04,38.884130,-77.000825,Ward 6,2026-09-04
2026-09-04,38.943782,-77.039600,Ward 4,2026-09-04
2026-09-04,38.895922,-76.979442,Ward 7,2026-09-11
2026-09-04,38.927651,-77.024299,Ward 1,2026-09-05
2026-09-04,38.893379,-76.922342,Ward 7,2026-09-08
2026-09-04,38.883902,-76.940953,Ward 7,2026-09-08
2026-09-04,38.890681,-76.953736,Ward 7,2026-09-05
2026-09-04,38.890385,-76.955698,Ward 7,2026-09-05
2026-09-04,38.920251,-77.048019,Ward 1,2026-09-04
2026-09-04,38.891674,-76.923718,Ward 7,2026-09-08
2026-09-04,38.871844,-76.977621,Ward 8,2026-09-07
2026-09-04,38.905461,-76.943673,Ward 7,2026-09-09
2026-09-04,38.896827,-76.991525,Ward 6,2026-09-04
2026-09-04,38.894953,-76.955476,Ward 7,2026-09-10
2026-09-04,38.903886,-76.925625,Ward 7,2026-09-09
2026-09-04,38.911440,-77.022167,Ward 2,2026-09-05
2026-09-04,38.891035,-76.959983,Ward 7,2026-09-06
2026-09-04,38.895943,-76.918035,Ward 7,2026-09-11
2026-09-04,38.891998,-76.958860,Ward 7,2026-09-06
2026-09-04,38.891324,-76.960456,Ward 7,2026-09-06
2026-09-04,38.871526,-76.978428,Ward 8,2026-09-07
2026-09-04,38.897523,-76.985825,Ward 6,2026-09-05
2026-09-04,38.891717,-76.960000,Ward 7,2026-09-04
2026-09-04,38.906632,-77.014217,Ward 5,2026-09-06
2026-09-04,38.893407,-76.984354,Ward 6,2026-09-08
2026-09-04,38.898900,-76.945566,Ward 7,2026-09-07
2026-09-04,38.891999,-76.960219,Ward 7,2026-09-04
2026-09-04,38.891219,-76.936553,Ward 7,2026-09-07
2026-09-04,38.926522,-77.035291,Ward 1,2026-09-05
2026-09-04,38.893290,-76.922389,Ward 7,2026-09-08
2026-09-04,38.882835,-76.982936,Ward 7,2026-09-05
2026-09-04,38.892431,-76.978978,Ward 7,2026-09-09
2026-09-04,38.904925,-76.934578,Ward 7,2026-09-06
2026-09-04,38.892496,-76.946794,Ward 7,2026-09-06
2026-09-04,38.920409,-77.045974,Ward 1,2026-09-04
2026-09-04,38.881675,-76.995938,Ward 6,2026-09-07
2026-09-04,38.891854,-76.994671,Ward 6,2026-09-08
2026-09-04,38.897321,-76.937936,Ward 7,2026-09-06
2026-09-04,38.894342,-76.958928,Ward 7,2026-09-07
2026-09-04,38.912059,-77.034333,Ward 2,2026-09-04
2026-09-04,38.888632,-76.955776,Ward 7,2026-09-04
2026-09-04,38.945346,-77.076081,Ward 3,2026-09-04
2026-09-04,38.881467,-76.994215,Ward 6,2026-09-04
2026-09-04,38.891997,-76.960724,Ward 7,2026-09-04
2026-09-04,38.920677,-76.979680,Ward 5,2026-09-07
2026-09-04,38.914282,-77.020157,Ward 2,2026-09-04
2026-09-04,38.893820,-76.995947,Ward 6,2026-09-08
2026-09-04,38.908910,-77.025102,Ward 2,2026-09-05
2026-09-04,38.907624,-77.067073,Ward 2,2026-09-04
2026-09-04,38.934096,-76.969149,Ward 5,2026-09-04
2026-09-04,38.898587,-76.921609,Ward 7,2026-09-07
2026-09-04,38.909831,-77.048597,Ward 2,2026-09-04
2026-09-04,38.891701,-76.946629,Ward 7,2026-09-07
2026-09-04,38.895758,-76.999764,Ward 6,2026-09-04
2026-09-04,38.880952,-76.934863,Ward 7,2026-09-08
2026-09-04,38.896450,-76.990495,Ward 6,2026-09-05
2026-09-04,38.899894,-76.939458,Ward 7,2026-09-08
2026-09-04,38.896712,-76.991065,Ward 6,2026-09-04
2026-09-04,38.872661,-76.978794,Ward 8,2026-09-07
2026-09-04,38.906989,-76.941701,Ward 7,2026-09-06
2026-09-04,38.905875,-76.933082,Ward 7,2026-09-06
2026-09-04,38.893402,-76.994464,Ward 6,2026-09-06
2026-09-04,38.894977,-76.979690,Ward 7,2026-09-05
2026-09-04,38.886328,-76.942581,Ward 7,2026-09-08
2026-09-04,38.890086,-76.985311,Ward 6,2026-09-06
2026-09-04,38.883012,-76.982472,Ward 7,2026-09-05
2026-09-04,38.922539,-77.000980,Ward 5,2026-09-05
2026-09-04,38.881675,-76.995938,Ward 6,2026-09-06
2026-09-04,38.903316,-76.931427,Ward 7,2026-09-09
2026-09-04,38.894960,-76.986499,Ward 6,2026-09-05
2026-09-04,38.917467,-77.007134,Ward 5,2026-09-05
2026-09-04,38.890824,-76.952006,Ward 7,2026-09-08
2026-09-04,38.908331,-76.939334,Ward 7,2026-09-05
2026-09-04,38.891109,-76.998192,Ward 6,2026-09-09
2026-09-04,38.922041,-77.045297,Ward 1,2026-09-04
2026-09-04,38.891548,-76.986695,Ward 6,2026-09-09
2026-09-04,38.930435,-77.028398,Ward 1,2026-09-04
2026-09-04,38.894650,-76.978576,Ward 7,2026-09-04
2026-09-04,38.905412,-76.990467,Ward 5,2026-09-04
2026-09-04,38.885802,-76.992422,Ward 6,2026-09-04
2026-09-04,38.885927,-76.987315,Ward 6,2026-09-05
2026-09-04,38.891130,-76.995928,Ward 6,2026-09-09
2026-09-04,38.949692,-77.090609,Ward 3,2026-09-04
2026-09-04,38.927127,-77.062313,Ward 3,2026-09-07
2026-09-04,38.890403,-76.979684,Ward 7,2026-09-06
2026-09-04,38.894597,-76.993108,Ward 6,2026-09-06
2026-09-04,38.879424,-76.962855,Ward 7,2026-09-05
2026-09-04,38.887588,-76.978126,Ward 7,2026-09-06
2026-09-04,38.890749,-76.987032,Ward 6,2026-09-06
2026-09-04,38.892190,-76.992482,Ward 6,2026-09-06
2026-09-04,38.892369,-76.991740,Ward 6,2026-09-07
2026-09-04,38.949523,-77.090963,Ward 3,2026-09-04
2026-09-04,38.853025,-76.974208,Ward 8,2026-09-08
2026-09-04,38.925469,-77.050992,Ward 3,2026-09-04
2026-09-04,38.887736,-76.998685,Ward 6,2026-09-07
2026-09-04,38.903180,-76.999753,Ward 6,2026-09-04
2026-09-04,38.885538,-76.925707,Ward 7,2026-09-08
2026-09-04,38.893582,-76.980046,Ward 7,2026-09-04
2026-09-04,38.910077,-77.066561,Ward 2,2026-09-04
2026-09-04,38.929393,-77.011192,Ward 5,2026-09-06
2026-09-04,38.885102,-76.920166,Ward 7,2026-09-08
2026-09-04,38.916427,-77.069905,Ward 2,2026-09-04
2026-09-04,38.903933,-76.944479,Ward 7,2026-09-05
2026-09-04,38.890786,-76.985075,Ward 6,2026-09-07
2026-09-04,38.895621,-76.998016,Ward 6,2026-09-04
2026-09-04,38.939379,-77.021220,Ward 4,2026-09-04
2026-09-04,38.894604,-76.987644,Ward 6,2026-09-04
2026-09-04,38.884251,-76.989995,Ward 6,2026-09-04
2026-09-04,38.925508,-77.058055,Ward 3,2026-09-07
2026-09-04,38.897513,-76.992063,Ward 6,2026-09-04
2026-09-04,38.886437,-76.981228,Ward 7,2026-09-08
2026-09-04,38.912599,-77.002772,Ward 5,2026-09-05
2026-09-04,38.914831,-77.033245,Ward 2,2026-09-04
2026-09-04,38.903307,-76.991985,Ward 6,2026-09-04
2026-09-04,38.907712,-76.987504,Ward 5,2026-09-08
2026-09-04,38.871479,-77.009477,Ward 6,2026-09-05
2026-09-04,38.933316,-76.975377,Ward 5,2026-09-04
2026-09-04,38.893679,-76.946443,Ward 7,2026-09-07
2026-09-04,38.933120,-77.027765,Ward 1,2026-09-04
2026-09-04,38.947636,-77.007138,Ward 5,2026-09-05
2026-09-04,38.896954,-76.985752,Ward 6,2026-09-05
2026-09-04,38.889256,-77.050175,Ward 2,2026-09-09
2026-09-04,38.927651,-77.024299,Ward 1,2026-09-05
2026-09-04,38.908967,-77.055660,Ward 2,2026-09-04
2026-09-04,38.904757,-76.982695,Ward 5,2026-09-04
2026-09-04,38.910659,-77.029620,Ward 2,2026-09-04
2026-09-04,38.910469,-77.042235,Ward 2,2026-09-04
2026-09-04,38.891091,-76.984674,Ward 6,2026-09-08
2026-09-04,38.893746,-76.997174,Ward 6,2026-09-08
2026-09-04,38.896938,-76.974147,Ward 7,2026-09-04
2026-09-04,38.899732,-76.939903,Ward 7,2026-09-08
2026-09-04,38.912388,-77.005965,Ward 5,2026-09-05
2026-09-04,38.912813,-77.015463,Ward 5,2026-09-05
2026-09-04,38.920550,-76.981561,Ward 5,
2026-09-04,38.879979,-76.993526,Ward 6,2026-09-08
2026-09-04,38.934384,-77.031968,Ward 1,2026-09-04
2026-09-04,38.892640,-77.032816,Ward 2,2026-09-07
2026-09-04,38.928047,-77.062422,Ward 3,2026-09-05
2026-09-04,38.890051,-76.932194,Ward 7,2026-09-07
2026-09-04,38.892220,-76.990468,Ward 6,2026-09-05
2026-09-04,38.890784,-76.982005,Ward 7,2026-09-06
2026-09-04,38.919902,-77.046270,Ward 1,2026-09-05
2026-09-04,38.904604,-77.001818,Ward 6,2026-09-06
2026-09-04,38.871844,-76.977621,Ward 8,2026-09-07
2026-09-04,38.892579,-76.986674,Ward 6,2026-09-08
2026-09-04,38.894605,-76.992274,Ward 6,2026-09-06
2026-09-04,38.891035,-76.959983,Ward 7,2026-09-04
2026-09-04,38.903467,-77.047145,Ward 2,2026-09-05
2026-09-04,38.884831,-77.017138,Ward 6,2026-09-07
2026-09-04,38.885591,-76.988482,Ward 6,2026-09-05
2026-09-04,38.894403,-76.988100,Ward 6,2026-09-05
2026-09-04,38.904909,-76.944049,Ward 7,
2026-09-04,38.861857,-76.969352,Ward 8,2026-09-04
2026-09-04,38.935539,-76.980280,Ward 5,2026-09-04
2026-09-04,38.892756,-76.986680,Ward 6,2026-09-08
2026-09-04,38.901496,-76.990614,Ward 6,2026-09-04
2026-09-04,38.866610,-76.944517,Ward 7,2026-09-06
2026-09-04,38.939658,-77.018825,Ward 4,
2026-09-04,38.875521,-77.011586,Ward 6,2026-09-05
2026-09-04,38.885825,-77.017996,Ward 6,2026-09-07
2026-09-04,38.897528,-76.987018,Ward 6,2026-09-04
2026-09-04,38.934318,-77.040553,Ward 1,2026-09-04
2026-09-04,38.930461,-77.028464,Ward 1,2026-09-04
2026-09-04,38.895798,-76.994757,Ward 6,2026-09-04
2026-09-04,38.896878,-76.937526,Ward 7,2026-09-06
2026-09-04,38.881794,-76.942950,Ward 7,2026-09-07
2026-09-04,38.926322,-76.996347,Ward 5,2026-09-05
2026-09-04,38.872169,-76.977973,Ward 8,2026-09-07
2026-09-04,38.851497,-76.967266,Ward 8,2026-09-08
2026-09-04,38.949523,-77.090963,Ward 3,2026-09-04
2026-09-04,38.862729,-76.951891,Ward 7,2026-09-07
2026-09-04,38.905318,-77.033421,Ward 2,2026-09-04
2026-09-04,38.886525,-76.933134,Ward 7,2026-09-09
2026-09-04,38.922179,-77.078121,Ward 3,2026-09-05
2026-09-04,38.890625,-76.931923,Ward 7,2026-09-08
2026-09-04,38.886391,-76.981114,Ward 7,2026-09-08
2026-09-04,38.884637,-76.924281,Ward 7,2026-09-08
2026-09-04,38.916452,-77.013961,Ward 5,2026-09-06
2026-09-04,38.946305,-77.030068,Ward 4,2026-09-04
2026-09-04,38.892171,-76.992305,Ward 6,2026-09-06
2026-09-04,38.934318,-77.040553,Ward 1,2026-09-04
2026-09-04,38.912401,-77.002672,Ward 5,2026-09-05
2026-09-04,38.893424,-76.997417,Ward 6,2026-09-08
2026-09-04,38.895680,-76.989978,Ward 6,2026-09-05
2026-09-04,38.964277,-77.016412,Ward 4,2026-09-05
2026-09-04,38.884773,-76.925548,Ward 7,2026-09-08
2026-09-04,38.898012,-76.994711,Ward 6,2026-09-06
2026-09-04,38.894403,-76.988100,Ward 6,2026-09-05
2026-09-04,38.892759,-76.994009,Ward 6,2026-09-05
2026-09-04,38.894593,-76.989548,Ward 6,2026-09-07
2026-09-04,38.916799,-77.007452,Ward 5,2026-09-05
2026-09-04,38.902294,-76.936837,Ward 7,2026-09-06
2026-09-04,38.922757,-77.002914,Ward 5,2026-09-05
2026-09-04,38.889786,-76.947754,Ward 7,2026-09-08
2026-09-04,38.899882,-76.932531,Ward 7,
2026-09-04,38.881675,-76.995938,Ward 6,2026-09-05
2026-09-04,38.897704,-76.980885,Ward 7,2026-09-06
2026-09-04,38.878235,-76.989167,Ward 6,2026-09-06
2026-09-04,38.896828,-76.983104,Ward 7,2026-09-06
2026-09-04,38.892168,-76.998265,Ward 6,2026-09-06
2026-09-04,38.917203,-77.039410,Ward 1,2026-09-07
2026-09-04,38.887394,-76.995373,Ward 6,2026-09-06
2026-09-04,38.947467,-76.991180,Ward 5,2026-09-04
2026-09-04,38.924784,-77.073553,Ward 3,2026-09-05
2026-09-04,38.887799,-76.921037,Ward 7,2026-09-09
2026-09-04,38.894115,-76.993530,Ward 6,2026-09-08
2026-09-04,38.939742,-77.029704,Ward 4,2026-09-04
2026-09-04,38.939245,-77.021215,Ward 4,2026-09-04
2026-09-04,38.870726,-76.937800,Ward 7,2026-09-04
2026-09-04,38.879078,-76.992265,Ward 6,2026-09-06
2026-09-04,38.926584,-77.035980,Ward 1,2026-09-05
2026-09-04,38.893575,-76.985509,Ward 6,2026-09-07
2026-09-04,38.906631,-77.014364,Ward 5,2026-09-06
2026-09-04,38.896748,-76.975554,Ward 7,2026-09-07
2026-09-04,38.893008,-76.981542,Ward 7,2026-09-06
2026-09-04,38.921965,-77.044231,Ward 1,2026-09-05
2026-09-04,38.879424,-76.962855,Ward 7,2026-09-05
2026-09-04,38.871375,-76.972510,Ward 8,2026-09-08
2026-09-04,38.886618,-76.954141,Ward 7,2026-09-08
2026-09-04,38.892683,-76.918016,Ward 7,2026-09-08
2026-09-04,38.891091,-76.984674,Ward 6,2026-09-07
2026-09-04,38.886831,-76.934765,Ward 7,2026-09-09
2026-09-04,38.905395,-76.928326,Ward 7,2026-09-06
2026-09-04,38.891338,-76.993220,Ward 6,2026-09-07
2026-09-04,38.981678,-77.036687,Ward 4,2026-09-04
2026-09-04,38.895519,-76.974556,Ward 7,2026-09-04
2026-09-04,38.896267,-76.979694,Ward 7,2026-09-04
2026-09-04,38.904443,-76.986427,Ward 5,2026-09-04
2026-09-04,38.911440,-77.022167,Ward 2,2026-09-05
2026-09-04,38.931641,-76.982840,Ward 5,2026-09-05
2026-09-04,38.887583,-76.954670,Ward 7,2026-09-07
2026-09-04,38.907601,-77.064751,Ward 2,2026-09-04
2026-09-04,38.885149,-76.993485,Ward 6,2026-09-04
2026-09-04,38.900634,-76.927030,Ward 7,2026-09-08
2026-09-04,38.893584,-76.980180,Ward 7,2026-09-04
2026-09-04,38.944892,-77.019557,Ward 4,2026-09-05
2026-09-04,38.893402,-76.994464,Ward 6,2026-09-06
2026-09-04,38.885903,-76.981999,Ward 7,2026-09-06
2026-09-04,38.889262,-76.952209,Ward 7,2026-09-07
2026-09-04,38.894215,-76.935816,Ward 7,2026-09-07
2026-09-04,38.934135,-77.076787,Ward 3,2026-09-07
2026-09-04,38.912812,-77.015734,Ward 5,2026-09-06
2026-09-04,38.880782,-76.982449,Ward 6,2026-09-08
2026-09-04,38.897704,-76.980885,Ward 7,2026-09-06
2026-09-04,38.860145,-76.991406,Ward 8,2026-09-08
2026-09-04,38.902798,-76.999710,Ward 6,2026-09-04
2026-09-04,38.932565,-77.074413,Ward 3,2026-09-08
2026-09-04,38.900375,-76.927758,Ward 7,2026-09-09
2026-09-04,38.888464,-76.977891,Ward 7,2026-09-08
2026-09-04,38.896027,-76.983414,Ward 7,2026-09-06
2026-09-04,38.892600,-76.959480,Ward 7,2026-09-09
2026-09-04,38.910430,-77.042290,Ward 2,2026-09-04
2026-09-04,38.893424,-76.997417,Ward 6,2026-09-08
2026-09-04,38.881447,-76.985045,Ward 6,2026-09-08
2026-09-04,38.914420,-77.026161,Ward 1,2026-09-05
2026-09-04,38.869472,-76.979006,Ward 8,2026-09-07
2026-09-04,38.924819,-76.986767,Ward 5,2026-09-06
2026-09-04,38.939245,-77.021215,Ward 4,2026-09-04
2026-09-04,38.928018,-77.108075,Ward 3,2026-09-06
2026-09-04,38.912812,-77.015666,Ward 5,2026-09-05
2026-09-04,38.919758,-77.032475,Ward 1,2026-09-05
2026-09-04,38.871227,-76.980195,Ward 8,2026-09-08
2026-09-04,38.912350,-77.005820,Ward 5,2026-09-06
2026-09-04,38.907205,-76.928589,Ward 7,
2026-09-04,38.928467,-77.061917,Ward 3,2026-09-05
2026-09-04,38.879697,-76.984938,Ward 6,2026-09-06
2026-09-04,38.912402,-77.003153,Ward 5,2026-09-05
2026-09-04,38.908488,-77.059219,Ward 2,2026-09-04
2026-09-04,38.915573,-77.034541,Ward 2,2026-09-04
2026-09-04,38.949788,-76.986454,Ward 5,2026-09-05
2026-09-04,38.900753,-76.931432,Ward 7,
2026-09-04,38.886471,-77.000577,Ward 6,2026-09-04
2026-09-04,38.888751,-76.914976,Ward 7,2026-09-04
2026-09-04,38.897136,-76.985703,Ward 6,2026-09-05
2026-09-04,38.882637,-76.983115,Ward 7,2026-09-05
2026-09-04,38.897681,-76.939811,Ward 7,2026-09-06
2026-09-04,38.897161,-76.985302,Ward 6,2026-09-05
2026-09-04,38.897542,-76.970035,Ward 7,2026-09-04
2026-09-04,38.924736,-77.043597,Ward 1,2026-09-04
2026-09-04,38.918108,-77.006440,Ward 5,2026-09-05
2026-09-04,38.873816,-76.964770,Ward 7,2026-09-08
2026-09-04,38.935005,-77.041538,Ward 1,2026-09-04
2026-09-04,38.914300,-77.038157,Ward 2,2026-09-04
2026-09-04,38.912815,-77.003051,Ward 5,2026-09-05
2026-09-04,38.910985,-77.038760,Ward 2,2026-09-04
2026-09-04,38.899506,-76.940003,Ward 7,2026-09-08
2026-09-04,38.890681,-76.953736,Ward 7,2026-09-05
2026-09-04,38.904246,-76.932931,Ward 7,2026-09-06
2026-09-04,38.939458,-77.021690,Ward 4,2026-09-04
2026-09-04,38.893104,-76.913461,Ward 7,2026-09-07
2026-09-04,38.888115,-76.986948,Ward 6,2026-09-07
2026-09-04,38.934972,-77.041495,Ward 1,2026-09-04
2026-09-04,38.930526,-76.988340,Ward 5,2026-09-05
2026-09-04,38.896313,-76.998998,Ward 6,2026-09-04
2026-09-04,38.888885,-76.986248,Ward 6,2026-09-07
2026-09-04,38.890743,-76.996860,Ward 6,2026-09-09
2026-09-04,38.935779,-77.031554,Ward 1,2026-09-04
2026-09-04,38.898020,-76.994484,Ward 6,2026-09-06
2026-09-04,38.924993,-77.071166,Ward 3,2026-09-05
2026-09-04,38.892788,-76.987747,Ward 6,2026-09-05
2026-09-04,38.894105,-76.978395,Ward 7,2026-09-05
2026-09-04,38.899259,-76.976958,Ward 5,2026-09-05
2026-09-04,38.872661,-76.978794,Ward 8,2026-09-07
2026-09-04,38.912465,-77.070364,Ward 2,2026-09-04
2026-09-04,38.937978,-77.018814,Ward 4,2026-09-05
2026-09-04,38.920470,-77.076543,Ward 3,2026-09-05
2026-09-04,38.924024,-77.026025,Ward 1,2026-09-05
2026-09-04,38.937097,-77.027906,Ward 4,2026-09-04
2026-09-04,38.882554,-76.998149,Ward 6,2026-09-05
2026-09-04,38.946353,-77.023774,Ward 4,2026-09-04
2026-09-04,38.906169,-76.988069,Ward 5,2026-09-05
2026-09-04,38.912812,-77.015666,Ward 5,2026-09-05
2026-09-04,38.892179,-76.994119,Ward 6,2026-09-06
2026-09-04,38.894265,-76.917593,Ward 7,2026-09-11
2026-09-04,38.928643,-76.995731,Ward 5,2026-09-05
2026-09-04,38.931929,-76.973166,Ward 5,2026-09-07
2026-09-04,38.880120,-76.941980,Ward 7,2026-09-08
2026-09-04,38.914091,-77.019898,Ward 2,2026-09-04
2026-09-04,38.897867,-76.980355,Ward 7,2026-09-06
2026-09-04,38.891150,-76.997005,Ward 6,2026-09-09
2026-09-04,38.933287,-76.970555,Ward 5,2026-09-04
2026-09-04,38.888804,-76.925596,Ward 7,2026-09-08
2026-09-04,38.943736,-77.023677,Ward 4,2026-09-07
2026-09-04,38.954675,-77.014208,Ward 4,2026-09-07
2026-09-04,38.904245,-76.997543,Ward 6,2026-09-04
2026-09-04,38.939861,-77.015531,Ward 4,2026-09-05
2026-09-04,38.893283,-76.935127,Ward 7,2026-09-07
2026-09-04,38.898417,-76.982448,Ward 7,2026-09-05
2026-09-04,38.939741,-77.032729,Ward 4,2026-09-04
2026-09-04,38.905532,-77.054421,Ward 2,2026-09-05
2026-09-04,38.898195,-76.981799,Ward 7,2026-09-06
2026-09-04,38.895148,-76.918057,Ward 7,2026-09-11
2026-09-04,38.908337,-76.940952,Ward 7,2026-09-05
2026-09-04,38.892167,-76.983090,Ward 7,2026-09-06
2026-09-04,38.883384,-76.992167,Ward 6,2026-09-06
2026-09-04,38.891711,-76.950183,Ward 7,2026-09-05
2026-09-04,38.887801,-76.987184,Ward 6,2026-09-07
2026-09-04,38.922157,-76.962516,Ward 5,2026-09-06
2026-09-04,38.888244,-76.927857,Ward 7,2026-09-08
2026-09-04,38.913528,-77.012751,Ward 5,2026-09-06
2026-09-04,38.946742,-77.023576,Ward 4,2026-09-04
2026-09-04,38.912803,-77.015802,Ward 5,2026-09-05
2026-09-04,38.897137,-76.985770,Ward 6,2026-09-05
2026-09-04,38.905802,-76.978481,Ward 5,2026-09-06
2026-09-04,38.910896,-77.050193,Ward 2,2026-09-04
2026-09-04,38.895887,-76.999765,Ward 6,2026-09-05
2026-09-04,38.884091,-76.997141,Ward 6,2026-09-08
2026-09-04,38.935611,-77.033506,Ward 1,2026-09-07
2026-09-04,38.903967,-76.987528,Ward 5,2026-09-04
2026-09-04,38.879906,-76.941279,Ward 7,2026-09-07
2026-09-04,38.891455,-76.958502,Ward 7,2026-09-04
2026-09-04,38.924993,-77.071166,Ward 3,2026-09-05
2026-09-04,38.896302,-76.986010,Ward 6,2026-09-05
2026-09-04,38.895533,-76.918124,Ward 7,2026-09-11
2026-09-04,38.875890,-77.009714,Ward 6,2026-09-07
2026-09-04,38.922126,-77.078124,Ward 3,2026-09-05
2026-09-04,38.931716,-76.983707,Ward 5,2026-09-05
2026-09-04,38.893424,-76.997417,Ward 6,2026-09-08
2026-09-04,38.894578,-76.958816,Ward 7,2026-09-04
2026-09-04,38.886500,-76.925249,Ward 7,2026-09-05
2026-09-04,38.890053,-76.944917,Ward 7,2026-09-06
2026-09-04,38.906623,-76.942145,Ward 7,2026-09-06
2026-09-04,38.907940,-77.021596,Ward 2,2026-09-07
2026-09-04,38.893582,-76.980046,Ward 7,2026-09-04
2026-09-04,38.890748,-76.986968,Ward 6,2026-09-06
2026-09-04,38.914652,-77.045205,Ward 2,2026-09-07
2026-09-04,38.947129,-77.023360,Ward 4,2026-09-04
2026-09-04,38.905620,-76.942641,Ward 7,2026-09-06
2026-09-04,38.894067,-76.988063,Ward 6,2026-09-05
2026-09-04,38.898011,-76.981211,Ward 7,2026-09-06
2026-09-04,38.900785,-76.927128,Ward 7,2026-09-09
2026-09-04,38.939711,-77.018829,Ward 4,2026-09-11
2026-09-04,38.914352,-77.041889,Ward 2,2026-09-04
2026-09-04,38.907940,-77.021596,Ward 2,2026-09-07
2026-09-04,38.895923,-76.980408,Ward 7,2026-09-04
2026-09-04,38.931312,-77.045153,Ward 1,2026-09-07
2026-09-04,38.905381,-76.982018,Ward 5,2026-09-04
2026-09-04,38.928561,-77.105826,Ward 3,2026-09-06
2026-09-04,38.895652,-76.973619,Ward 7,2026-09-04
2026-09-04,38.893898,-76.941505,Ward 7,2026-09-07
2026-09-04,38.901137,-76.919946,Ward 7,2026-09-07
2026-09-04,38.898011,-76.981211,Ward 7,2026-09-06
2026-09-04,38.898302,-76.980765,Ward 7,2026-09-05
2026-09-04,38.897484,-76.985256,Ward 6,2026-09-06
2026-09-04,38.888054,-76.928992,Ward 7,2026-09-08
2026-09-04,38.891814,-76.991323,Ward 6,2026-09-07
2026-09-04,38.888383,-76.932609,Ward 7,2026-09-08
2026-09-04,38.903347,-76.992085,Ward 6,2026-09-04
2026-09-04,38.892197,-76.986154,Ward 6,2026-09-06
2026-09-04,38.926190,-77.023900,Ward 1,2026-09-08
2026-09-04,38.937757,-77.066147,Ward 3,2026-09-04
2026-09-04,38.895943,-76.918035,Ward 7,2026-09-07
2026-09-04,38.963208,-77.010949,Ward 4,2026-09-06
2026-09-04,38.893423,-76.987525,Ward 6,2026-09-05
2026-09-04,38.897907,-76.980598,Ward 7,2026-09-06
2026-09-04,38.895888,-76.937982,Ward 7,2026-09-06
2026-09-04,38.869053,-76.945815,Ward 7,2026-09-08
2026-09-04,38.920605,-76.981433,Ward 5,
2026-09-04,38.888499,-76.982507,Ward 7,2026-09-08
2026-09-04,38.911496,-77.022198,Ward 2,2026-09-05
2026-09-04,38.902483,-76.927682,Ward 7,2026-09-07
2026-09-04,38.910534,-77.058204,Ward 2,2026-09-04
2026-09-04,38.906024,-76.941637,Ward 7,2026-09-06
2026-09-04,38.904296,-76.937631,Ward 7,2026-09-06
2026-09-04,38.863273,-76.952010,Ward 7,2026-09-04
2026-09-04,38.904632,-76.982503,Ward 5,2026-09-04
2026-09-04,38.897133,-76.998029,Ward 6,2026-09-04
2026-09-04,38.894067,-76.988063,Ward 6,2026-09-05
2026-09-04,38.884096,-76.997056,Ward 6,2026-09-08
2026-09-04,38.907940,-77.021596,Ward 2,2026-09-07
2026-09-04,38.869053,-76.945815,Ward 7,2026-09-08
2026-09-04,38.883424,-76.984559,Ward 6,2026-09-05
2026-09-04,38.934822,-77.034422,Ward 1,2026-09-04
2026-09-04,38.911320,-77.006721,Ward 5,2026-09-06
2026-09-04,38.886196,-76.992985,Ward 6,2026-09-04
2026-09-04,38.928255,-77.075583,Ward 3,2026-09-05
2026-09-04,38.827167,-77.011936,Ward 8,2026-09-09
2026-09-04,38.830679,-77.000799,Ward 8,2026-09-09
2026-09-04,38.930174,-77.037603,Ward 1,2026-09-07
2026-09-04,38.889776,-76.936092,Ward 7,2026-09-08
2026-09-04,38.891530,-76.986740,Ward 6,2026-09-09
2026-09-04,38.897679,-76.939661,Ward 7,2026-09-06
2026-09-04,38.892596,-76.959217,Ward 7,2026-09-09
2026-09-04,38.905095,-76.937443,Ward 7,2026-09-11
2026-09-04,38.874523,-76.935558,Ward 7,2026-09-08
2026-09-04,38.895713,-76.974498,Ward 7,2026-09-04
2026-09-04,38.892008,-76.982217,Ward 7,2026-09-06
2026-09-04,38.939534,-77.026844,Ward 4,2026-09-04
2026-09-04,38.892591,-76.991811,Ward 6,2026-09-07
2026-09-04,38.939180,-76.986719,Ward 5,2026-09-05
2026-09-04,38.895573,-76.989611,Ward 6,2026-09-05
2026-09-04,38.891124,-76.986224,Ward 6,2026-09-09
2026-09-04,38.901484,-76.933761,Ward 7,2026-09-06
2026-09-04,38.886413,-76.981170,Ward 7,2026-09-08
2026-09-04,38.866975,-76.958797,Ward 7,2026-09-08
2026-09-04,38.904357,-76.982454,Ward 5,2026-09-04
2026-09-04,38.892767,-76.952477,Ward 7,2026-09-05
2026-09-04,38.905062,-76.937059,Ward 7,2026-09-11
2026-09-04,38.891121,-76.958448,Ward 7,2026-09-04
2026-09-04,38.886340,-76.980998,Ward 7,2026-09-08
2026-09-04,38.891645,-76.952906,Ward 7,2026-09-05
2026-09-04,38.901644,-76.928408,Ward 7,2026-09-08
2026-09-04,38.887780,-76.989487,Ward 6,2026-09-08
2026-09-04,38.903917,-76.997473,Ward 6,2026-09-04
2026-09-04,38.897089,-76.980197,Ward 7,2026-09-06
2026-09-04,38.932891,-77.027660,Ward 1,2026-09-04
2026-09-04,38.902657,-76.928643,Ward 7,2026-09-07
2026-09-04,38.886525,-76.992861,Ward 6,2026-09-07
2026-09-04,38.883536,-76.945456,Ward 7,2026-09-08
2026-09-04,38.888499,-76.982507,Ward 7,2026-09-08
2026-09-04,38.891454,-76.958336,Ward 7,2026-09-04
2026-09-04,38.899380,-76.933995,Ward 7,2026-09-07
2026-09-04,38.878235,-76.989077,Ward 6,2026-09-06
2026-09-04,38.989678,-77.040525,Ward 4,2026-09-05
2026-09-04,38.957191,-77.017211,Ward 4,2026-09-05
2026-09-04,38.907940,-77.021596,Ward 2,2026-09-07
2026-09-04,38.897443,-76.980602,Ward 7,2026-09-06
2026-09-04,38.946504,-77.085066,Ward 3,2026-09-04
2026-09-04,38.954636,-77.013826,Ward 4,
2026-09-04,38.915218,-77.012754,Ward 5,2026-09-06
2026-09-04,38.890640,-76.958255,Ward 7,2026-09-06
2026-09-04,38.894234,-76.935914,Ward 7,2026-09-07
2026-09-04,38.897711,-76.998667,Ward 6,2026-09-04
2026-09-04,38.930694,-77.027990,Ward 1,2026-09-04
2026-09-04,38.896805,-76.980734,Ward 7,2026-09-05
2026-09-04,38.869477,-76.979793,Ward 8,2026-09-07
2026-09-04,38.883536,-76.945456,Ward 7,2026-09-08
2026-09-04,38.894215,-76.935816,Ward 7,2026-09-07
2026-09-04,38.932891,-77.027660,Ward 1,2026-09-04
2026-09-04,38.886625,-76.958132,Ward 7,2026-09-04
2026-09-04,38.844516,-77.001610,Ward 8,2026-09-08
2026-09-04,38.903463,-76.935460,Ward 7,2026-09-06
2026-09-04,38.896493,-77.032345,Ward 2,2026-09-07
2026-09-04,38.892924,-76.959228,Ward 7,2026-09-09
2026-09-04,38.886335,-76.943592,Ward 7,2026-09-06
2026-09-04,38.916740,-77.028330,Ward 1,2026-09-05
2026-09-04,38.885901,-76.992367,Ward 6,2026-09-04
2026-09-04,38.904551,-76.996673,Ward 6,2026-09-04
2026-09-04,38.888497,-76.997757,Ward 6,2026-09-04
2026-09-04,38.896302,-76.985889,Ward 6,2026-09-05
2026-09-04,38.884687,-76.980480,Ward 7,2026-09-07
2026-09-04,38.891362,-76.983872,Ward 6,2026-09-09
2026-09-04,38.898565,-76.923994,Ward 7,2026-09-07
2026-09-04,38.933488,-77.077048,Ward 3,2026-09-07
2026-09-04,38.882640,-76.960664,Ward 7,2026-09-05
2026-09-04,38.885970,-76.978829,Ward 7,2026-09-07
2026-09-04,38.902845,-76.924650,Ward 7,2026-09-07
2026-09-04,38.903728,-76.999507,Ward 6,2026-09-04
2026-09-04,38.896771,-76.990775,Ward 6,2026-09-06
2026-09-04,38.884998,-76.979182,Ward 7,2026-09-07
2026-09-04,38.912784,-77.003248,Ward 5,2026-09-05
2026-09-04,38.890590,-76.989101,Ward 6,2026-09-06
2026-09-04,38.897504,-76.992250,Ward 6,2026-09-04
2026-09-04,38.927330,-77.075642,Ward 3,2026-09-05
2026-09-04,38.901137,-76.919946,Ward 7,2026-09-07
2026-09-04,38.907940,-77.021596,Ward 2,2026-09-07
2026-09-04,38.903316,-76.999768,Ward 6,2026-09-04
2026-09-04,38.896303,-76.985948,Ward 6,2026-09-05
2026-09-04,38.891708,-76.941271,Ward 7,2026-09-06
2026-09-04,38.903880,-76.980235,Ward 5,2026-09-05
2026-09-04,38.989277,-77.039478,Ward 4,2026-09-05
2026-09-04,38.902871,-76.922608,Ward 7,2026-09-07
2026-09-04,38.871224,-76.975690,Ward 8,2026-09-07
2026-09-04,38.892679,-76.992878,Ward 6,2026-09-08
2026-09-04,38.893584,-76.980180,Ward 7,2026-09-04
2026-09-04,38.920681,-77.076034,Ward 3,2026-09-05
2026-09-04,38.882536,-77.017728,Ward 6,2026-09-07
2026-09-04,38.881965,-76.994003,Ward 6,2026-09-05
2026-09-04,38.901172,-77.053528,Ward 2,2026-09-05
2026-09-04,38.892461,-76.959793,Ward 7,2026-09-07
2026-09-04,38.895212,-76.940778,Ward 7,2026-09-06
2026-09-04,38.869019,-76.976201,Ward 8,2026-09-07
2026-09-04,38.883918,-76.979891,Ward 7,2026-09-05
2026-09-04,38.937897,-77.033408,Ward 4,2026-09-06
2026-09-04,38.931340,-76.976833,Ward 5,2026-09-11
2026-09-04,38.892099,-76.957272,Ward 7,
2026-09-04,38.897380,-76.981026,Ward 7,2026-09-06
2026-09-04,38.913907,-77.025365,Ward 2,2026-09-04
2026-09-04,38.896263,-76.978617,Ward 7,2026-09-06
2026-09-04,38.870062,-76.967525,Ward 7,2026-09-08
2026-09-04,38.895677,-76.994356,Ward 6,2026-09-05
2026-09-04,38.883482,-76.984649,Ward 6,2026-09-05
2026-09-04,38.926740,-77.076794,Ward 3,2026-09-05
2026-09-04,38.903785,-76.934465,Ward 7,2026-09-06
2026-09-04,38.881264,-76.985510,Ward 6,2026-09-08
2026-09-04,38.897513,-76.991948,Ward 6,2026-09-04
2026-09-04,38.860838,-76.985709,Ward 8,2026-09-05
2026-09-04,38.897704,-76.999254,Ward 6,2026-09-05
2026-09-04,38.892596,-76.959217,Ward 7,2026-09-09
2026-09-04,38.890126,-76.985269,Ward 6,2026-09-06
2026-09-04,38.883910,-76.980227,Ward 7,2026-09-05
2026-09-04,38.897704,-76.999254,Ward 6,2026-09-05
2026-09-04,38.920512,-77.079050,Ward 3,2026-09-05
2026-09-04,38.926402,-77.076592,Ward 3,2026-09-05
2026-09-04,38.902881,-76.977859,Ward 5,2026-09-05
2026-09-04,38.904814,-76.996726,Ward 6,2026-09-04
2026-09-04,38.913472,-77.012428,Ward 5,2026-09-06
2026-09-04,38.893843,-76.957775,Ward 7,2026-09-10
2026-09-04,38.890067,-76.948458,Ward 7,2026-09-08
2026-09-04,38.893013,-76.988110,Ward 6,2026-09-07
2026-09-04,38.896866,-76.986409,Ward 6,2026-09-05
2026-09-04,38.870574,-76.938429,Ward 7,2026-09-04
2026-09-04,38.891809,-76.957590,Ward 7,2026-09-06
2026-09-04,38.894967,-76.979627,Ward 7,2026-09-05
2026-09-04,38.905399,-76.990407,Ward 5,2026-09-04
2026-09-04,38.912815,-77.003051,Ward 5,2026-09-05
2026-09-04,38.920149,-77.032317,Ward 1,2026-09-05
2026-09-04,38.868566,-76.967778,Ward 7,2026-09-08
2026-09-04,38.888632,-76.954314,Ward 7,2026-09-04
2026-09-04,38.853549,-76.971229,Ward 8,2026-09-04
2026-09-04,38.884741,-77.001515,Ward 6,2026-09-08
2026-09-04,38.884107,-76.940787,Ward 7,2026-09-08
2026-09-04,38.891833,-76.986363,Ward 6,2026-09-06
2026-09-04,38.870965,-76.942563,Ward 7,2026-09-05
2026-09-04,38.887180,-76.934662,Ward 7,2026-09-06
2026-09-04,38.883910,-76.980227,Ward 7,2026-09-05
2026-09-04,38.905162,-76.975984,Ward 5,2026-09-05
2026-09-04,38.905884,-76.935080,Ward 7,2026-09-06
2026-09-04,38.929606,-76.976006,Ward 5,2026-09-05
2026-09-04,38.918873,-77.059173,Ward 3,2026-09-07
2026-09-04,38.907442,-76.980682,Ward 5,2026-09-04
2026-09-04,38.892466,-76.927471,Ward 7,2026-09-08
2026-09-04,38.887779,-76.993428,Ward 6,2026-09-04
2026-09-04,38.902521,-77.019907,Ward 6,2026-09-07
2026-09-04,38.899095,-76.996843,Ward 6,2026-09-04
2026-09-04,38.890748,-76.993531,Ward 6,2026-09-07
2026-09-04,38.894134,-76.977905,Ward 7,2026-09-05
2026-09-04,38.930217,-76.995276,Ward 5,2026-09-05
2026-09-04,38.869473,-76.964775,Ward 7,2026-09-08
2026-09-04,38.897334,-76.999510,Ward 6,2026-09-05
2026-09-04,38.872112,-76.970486,Ward 7,2026-09-08
2026-09-04,38.898584,-76.920158,Ward 7,2026-09-07
2026-09-04,38.891834,-76.984015,Ward 6,2026-09-08
2026-09-04,38.888988,-76.955482,Ward 7,2026-09-04
2026-09-04,38.891358,-76.988075,Ward 6,2026-09-06
2026-09-04,38.871860,-76.975341,Ward 8,2026-09-07
2026-09-04,38.920884,-77.076099,Ward 3,2026-09-05
2026-09-04,38.898927,-76.942303,Ward 7,2026-09-06
2026-09-04,38.914275,-77.041483,Ward 2,2026-09-05
2026-09-04,38.902521,-77.018928,Ward 6,2026-09-07
2026-09-04,38.908779,-77.025098,Ward 2,2026-09-05
2026-09-04,38.887055,-76.992866,Ward 6,2026-09-07
2026-09-04,38.939571,-77.070427,Ward 3,2026-09-04
2026-09-04,38.881072,-76.993146,Ward 6,2026-09-05
2026-09-04,38.879104,-76.989353,Ward 6,2026-09-08
2026-09-04,38.890376,-76.989999,Ward 6,2026-09-07
2026-09-04,38.876638,-76.965977,Ward 7,2026-09-06
2026-09-04,38.941960,-76.975924,Ward 5,2026-09-05
2026-09-04,38.871526,-76.978428,Ward 8,2026-09-07
2026-09-04,38.887780,-76.989487,Ward 6,2026-09-08
2026-09-04,38.894941,-76.955618,Ward 7,2026-09-07
2026-09-04,38.913528,-77.012751,Ward 5,2026-09-06
2026-09-04,38.939245,-77.021215,Ward 4,2026-09-04
2026-09-04,38.904856,-76.944657,Ward 7,
2026-09-04,38.885286,-76.991974,Ward 6,2026-09-04
2026-09-04,38.860339,-76.986446,Ward 8,2026-09-05
2026-09-04,38.894967,-76.979754,Ward 7,2026-09-05
2026-09-04,38.911240,-77.082830,Ward 3,2026-09-07
2026-09-04,38.897842,-76.931014,Ward 7,2026-09-07
2026-09-04,38.895026,-76.993542,Ward 6,2026-09-05
2026-09-04,38.914298,-77.043853,Ward 2,2026-09-07
2026-09-04,38.906967,-77.031597,Ward 2,2026-09-05
2026-09-04,38.892850,-76.993514,Ward 6,2026-09-05
2026-09-04,38.929501,-77.080215,Ward 3,2026-09-05
2026-09-04,38.898255,-76.988807,Ward 6,2026-09-04
2026-09-04,38.988080,-77.040453,Ward 4,2026-09-05
2026-09-04,38.889803,-76.992643,Ward 6,2026-09-06
2026-09-04,38.864461,-76.986389,Ward 8,2026-09-05
2026-09-04,38.868753,-76.941273,Ward 7,2026-09-09
2026-09-04,38.876498,-76.991534,Ward 8,2026-09-10
2026-09-04,38.899088,-76.988494,Ward 6,2026-09-04
2026-09-04,38.872975,-76.978291,Ward 8,2026-09-07
2026-09-04,38.891340,-76.984259,Ward 6,2026-09-07
2026-09-04,38.905029,-77.069594,Ward 2,2026-09-04
2026-09-04,38.903627,-76.943151,Ward 7,2026-09-05
2026-09-04,38.914093,-77.036509,Ward 2,2026-09-07
2026-09-04,38.890969,-76.988103,Ward 6,2026-09-06
2026-09-04,38.887093,-76.934471,Ward 7,2026-09-06
2026-09-04,38.826547,-77.012327,Ward 8,2026-09-09
2026-09-04,38.944521,-76.981431,Ward 5,2026-09-05
2026-09-04,38.894311,-76.985753,Ward 6,2026-09-08
2026-09-04,38.878266,-76.988086,Ward 6,2026-09-06
2026-09-04,38.945803,-77.078496,Ward 3,2026-09-04
2026-09-04,38.885489,-76.991297,Ward 6,2026-09-05
2026-09-04,38.897644,-76.979804,Ward 7,2026-09-06
2026-09-04,38.890931,-76.982931,Ward 7,2026-09-06
2026-09-04,38.950498,-76.995636,Ward 5,2026-09-04
2026-09-04,38.918353,-77.011117,Ward 5,2026-09-06
2026-09-04,38.886363,-76.997969,Ward 6,2026-09-04
2026-09-04,38.902692,-76.934552,Ward 7,2026-09-06
2026-09-04,38.932912,-76.975089,Ward 5,2026-09-04
2026-09-04,38.891284,-76.958855,Ward 7,2026-09-04
2026-09-04,38.941622,-77.023066,Ward 4,2026-09-07
2026-09-04,38.896867,-76.986521,Ward 6,2026-09-05
2026-09-04,38.946453,-76.994291,Ward 5,2026-09-04
2026-09-04,38.896295,-76.991017,Ward 6,2026-09-05
2026-09-04,38.861493,-76.963429,Ward 7,2026-09-08
2026-09-04,38.906962,-76.927778,Ward 7,2026-09-09
2026-09-04,38.892542,-76.957742,Ward 7,2026-09-09
2026-09-04,38.868672,-76.971297,Ward 8,2026-09-06
2026-09-04,38.897981,-76.981041,Ward 7,2026-09-06
2026-09-04,38.892074,-76.931942,Ward 7,2026-09-08
2026-09-04,38.897312,-76.981389,Ward 7,2026-09-06
2026-09-04,38.893342,-76.910326,Ward 7,2026-09-07
2026-09-04,38.935875,-77.060498,Ward 3,2026-09-05
2026-09-04,38.886164,-76.947545,Ward 7,2026-09-06
2026-09-04,38.892074,-76.931942,Ward 7,2026-09-08
2026-09-04,38.882691,-76.980998,Ward 7,2026-09-07
2026-09-04,38.926522,-77.035291,Ward 1,2026-09-05
2026-09-04,38.912815,-77.003051,Ward 5,2026-09-05
2026-09-04,38.868051,-76.975162,Ward 8,2026-09-08
2026-09-04,38.874725,-76.934628,Ward 7,2026-09-08
2026-09-04,38.900895,-76.925495,Ward 7,2026-09-07
2026-09-04,38.896118,-76.986909,Ward 6,2026-09-07
2026-09-04,38.897938,-76.995873,Ward 6,2026-09-04
2026-09-04,38.939571,-77.070427,Ward 3,2026-09-04
2026-09-04,38.928459,-77.061706,Ward 3,2026-09-05
2026-09-04,38.892407,-76.989442,Ward 6,2026-09-07
2026-09-04,38.986477,-77.045987,Ward 4,2026-09-05
2026-09-04,38.924623,-77.043367,Ward 1,2026-09-05
2026-09-04,38.948404,-77.017168,Ward 4,2026-09-05
2026-09-04,38.909544,-77.058388,Ward 2,2026-09-04
2026-09-04,38.901496,-76.926437,Ward 7,2026-09-07
2026-09-04,38.923299,-77.042079,Ward 1,2026-09-05
2026-09-04,38.913524,-77.010813,Ward 5,2026-09-06
2026-09-04,38.888495,-76.997643,Ward 6,2026-09-04
2026-09-04,38.938795,-76.986192,Ward 5,2026-09-05
2026-09-04,38.883366,-76.940621,Ward 7,2026-09-07
2026-09-04,38.893592,-76.979695,Ward 7,2026-09-06
2026-09-04,38.895840,-77.030709,Ward 2,2026-09-07
2026-09-04,38.894305,-76.957742,Ward 7,2026-09-10
2026-09-04,38.907727,-76.987538,Ward 5,2026-09-04
2026-09-04,38.906967,-77.031597,Ward 2,2026-09-05
2026-09-04,38.885829,-76.981992,Ward 7,2026-09-06
2026-09-04,38.946634,-77.036059,Ward 4,
2026-09-04,38.900870,-76.976858,Ward 5,2026-09-05
2026-09-04,38.898909,-76.988302,Ward 6,2026-09-04
2026-09-04,38.896944,-76.916803,Ward 7,2026-09-07
2026-09-04,38.885844,-76.992401,Ward 6,2026-09-04
2026-09-04,38.886650,-76.987267,Ward 6,2026-09-05
2026-09-04,38.881715,-76.995937,Ward 6,2026-09-05
2026-09-04,38.912426,-77.016008,Ward 5,2026-09-06
2026-09-04,38.920605,-76.981433,Ward 5,
2026-09-04,38.826547,-77.012327,Ward 8,2026-09-09
2026-09-04,38.923299,-77.042079,Ward 1,2026-09-05
2026-09-04,38.870941,-76.971793,Ward 8,2026-09-08
2026-09-04,38.898319,-76.988603,Ward 6,2026-09-04
2026-09-04,38.909941,-76.941661,Ward 7,2026-09-06
2026-09-04,38.906111,-77.055793,Ward 2,2026-09-04
2026-09-04,38.906632,-77.014290,Ward 5,2026-09-06
2026-09-04,38.905462,-77.018402,Ward 2,2026-09-05
2026-09-04,38.905863,-77.018752,Ward 2,2026-09-05
2026-09-04,38.894086,-76.977017,Ward 7,2026-09-10
2026-09-04,38.899662,-76.920787,Ward 7,2026-09-07
2026-09-04,38.885538,-76.925707,Ward 7,2026-09-08
2026-09-04,38.874099,-76.964997,Ward 7,2026-09-08
2026-09-04,38.948575,-77.091404,Ward 3,2026-09-07
2026-09-04,38.896789,-76.914715,Ward 7,2026-09-07
2026-09-04,38.868456,-76.970809,Ward 8,2026-09-06
2026-09-04,38.890092,-76.934042,Ward 7,2026-09-07
2026-09-04,38.921125,-77.001389,Ward 5,2026-09-05
2026-09-04,38.897484,-76.985256,Ward 6,2026-09-05
2026-09-04,38.859835,-76.992479,Ward 8,2026-09-08
2026-09-04,38.888340,-76.995945,Ward 6,2026-09-07
2026-09-04,38.895435,-76.974094,Ward 7,2026-09-04
2026-09-04,38.862201,-76.962124,Ward 7,2026-09-08
2026-09-04,38.894898,-76.989972,Ward 6,2026-09-06
2026-09-04,38.882752,-77.004584,Ward 6,2026-09-05
2026-09-04,38.892591,-76.991811,Ward 6,2026-09-07
2026-09-04,38.884012,-76.931382,Ward 7,2026-09-07
2026-09-04,38.933120,-77.027765,Ward 1,2026-09-04
2026-09-04,38.891514,-76.922469,Ward 7,2026-09-08
2026-09-04,38.894945,-76.955762,Ward 7,2026-09-07
2026-09-04,38.897134,-76.998088,Ward 6,2026-09-04
2026-09-04,38.866408,-76.988807,Ward 8,2026-09-05
2026-09-04,38.901604,-76.950384,Ward 7,2026-09-05
2026-09-04,38.892199,-76.914700,Ward 7,2026-09-07
2026-09-04,38.924379,-77.044318,Ward 1,2026-09-07
2026-09-04,38.940605,-77.029332,Ward 4,2026-09-09
2026-09-04,38.955860,-76.989873,Ward 5,2026-09-05
2026-09-04,38.937734,-77.033606,Ward 4,2026-09-06
2026-09-04,38.893650,-76.936828,Ward 7,2026-09-07
2026-09-04,38.934875,-76.967353,Ward 5,2026-09-04
2026-09-04,38.914266,-77.019681,Ward 2,2026-09-04
2026-09-04,38.913528,-77.012751,Ward 5,2026-09-06
2026-09-04,38.940774,-77.035281,Ward 4,2026-09-05
2026-09-04,38.904215,-76.977025,Ward 5,2026-09-05
2026-09-04,38.892074,-76.930282,Ward 7,2026-09-08
2026-09-04,38.890780,-76.930058,Ward 7,2026-09-08
2026-09-04,38.881593,-76.995941,Ward 6,2026-09-05
2026-09-04,38.913503,-77.010403,Ward 5,2026-09-06
2026-09-04,38.906005,-77.034828,Ward 2,2026-09-05
2026-09-04,38.893997,-76.977019,Ward 7,2026-09-10
2026-09-04,38.933530,-76.975993,Ward 5,
2026-09-04,38.939549,-77.027015,Ward 4,2026-09-04
2026-09-04,38.924291,-76.999650,Ward 5,2026-09-05
2026-09-04,38.905168,-76.928847,Ward 7,2026-09-06
2026-09-04,38.924885,-77.043756,Ward 1,2026-09-05
2026-09-04,38.896574,-76.987139,Ward 6,2026-09-05
2026-09-04,38.935771,-77.031481,Ward 1,2026-09-04
2026-09-04,38.907701,-76.987463,Ward 5,2026-09-04
2026-09-04,38.892600,-76.959480,Ward 7,2026-09-09
2026-09-04,38.886997,-76.936013,Ward 7,2026-09-09
2026-09-04,38.876786,-76.961304,Ward 7,2026-09-06
2026-09-04,38.897528,-76.987018,Ward 6,2026-09-06
2026-09-04,38.928047,-77.062422,Ward 3,2026-09-05
2026-09-04,38.911605,-77.022163,Ward 2,2026-09-05
2026-09-04,38.895611,-76.998222,Ward 6,2026-09-04
2026-09-04,38.893743,-76.959381,Ward 7,2026-09-07
2026-09-04,38.946125,-77.029643,Ward 4,2026-09-05
2026-09-04,38.891894,-76.948798,Ward 7,
2026-09-04,38.940045,-77.032991,Ward 4,2026-09-04
2026-09-04,38.917847,-77.006753,Ward 5,2026-09-05
2026-09-04,38.894974,-76.997763,Ward 6,2026-09-04
2026-09-04,38.853526,-76.971043,Ward 8,2026-09-04
2026-09-04,38.886126,-76.935227,Ward 7,2026-09-06
2026-09-04,38.894935,-76.989727,Ward 6,2026-09-06
2026-09-04,38.916781,-77.007107,Ward 5,2026-09-05
2026-09-04,38.896111,-76.978375,Ward 7,2026-09-06
2026-09-04,38.900490,-76.950606,Ward 7,2026-09-05
2026-09-04,38.896574,-76.987363,Ward 6,2026-09-05
2026-09-04,38.891833,-76.981443,Ward 7,2026-09-06
2026-09-04,38.913832,-77.028453,Ward 2,2026-09-05
2026-09-04,38.901137,-76.919946,Ward 7,2026-09-07
2026-09-04,38.899570,-76.992849,Ward 6,2026-09-06
2026-09-04,38.905646,-77.034569,Ward 2,2026-09-05
2026-09-04,38.872976,-77.009084,Ward 8,2026-09-05
2026-09-04,38.890743,-76.988721,Ward 6,2026-09-06
2026-09-04,38.905822,-76.976455,Ward 5,2026-09-05
2026-09-04,38.896117,-76.996169,Ward 6,2026-09-04
2026-09-04,38.939889,-77.033030,Ward 4,2026-09-04
2026-09-04,38.852373,-76.970813,Ward 8,2026-09-08
2026-09-04,38.879487,-76.963332,Ward 7,2026-09-05
2026-09-04,38.937783,-77.026265,Ward 4,2026-09-04
2026-09-04,38.885953,-76.933956,Ward 7,2026-09-06
2026-09-04,38.895451,-76.980482,Ward 7,2026-09-07
2026-09-04,38.923061,-77.071160,Ward 3,2026-09-05
2026-09-04,38.929694,-76.988444,Ward 5,2026-09-05
2026-09-04,38.891837,-77.000397,Ward 6,2026-09-07
2026-09-04,38.928019,-76.982324,Ward 5,2026-09-05
2026-09-04,38.893379,-76.922342,Ward 7,2026-09-08
2026-09-04,38.932278,-77.074721,Ward 3,2026-09-08
2026-09-04,38.937748,-77.033574,Ward 4,2026-09-06
2026-09-04,38.900574,-76.952974,Ward 7,2026-09-05
2026-09-04,38.896866,-76.985752,Ward 6,2026-09-05
2026-09-04,38.891340,-76.984536,Ward 6,2026-09-07
2026-09-04,38.940045,-77.032991,Ward 4,2026-09-04
2026-09-04,38.890779,-76.992645,Ward 6,2026-09-07
2026-09-04,38.987772,-77.040925,Ward 4,2026-09-05
2026-09-04,38.934972,-77.041495,Ward 1,2026-09-04
2026-09-04,38.939991,-77.032992,Ward 4,2026-09-04
2026-09-04,38.888461,-76.977770,Ward 7,2026-09-08
2026-09-04,38.896703,-76.980541,Ward 7,2026-09-05
2026-09-04,38.924736,-77.043597,Ward 1,2026-09-05
2026-09-04,38.899905,-76.941759,Ward 7,2026-09-06
2026-09-04,38.886504,-76.932962,Ward 7,2026-09-09
2026-09-04,38.897443,-76.980602,Ward 7,2026-09-06
2026-09-04,38.944764,-77.032439,Ward 4,
2026-09-04,38.989383,-77.037332,Ward 4,2026-09-05
2026-09-04,38.912784,-77.003248,Ward 5,2026-09-05
2026-09-04,38.871536,-76.975638,Ward 8,2026-09-07
2026-09-04,38.912423,-77.015749,Ward 5,2026-09-05
2026-09-04,38.929534,-76.980639,Ward 5,2026-09-05
2026-09-04,38.926610,-77.035933,Ward 1,2026-09-05
2026-09-04,38.935993,-76.972988,Ward 5,2026-09-05
2026-09-04,38.886899,-76.985800,Ward 6,2026-09-07
2026-09-04,38.860695,-76.985108,Ward 8,2026-09-05
2026-09-04,38.902737,-76.938354,Ward 7,2026-09-06
2026-09-04,38.912603,-77.015674,Ward 5,2026-09-05
2026-09-04,38.885855,-76.994277,Ward 6,2026-09-04
2026-09-04,38.882839,-76.989278,Ward 6,2026-09-08
2026-09-04,38.912337,-77.026570,Ward 2,2026-09-04
2026-09-04,38.902768,-76.936591,Ward 7,2026-09-06
2026-09-04,38.934781,-76.970371,Ward 5,2026-09-04
2026-09-04,38.906632,-77.014290,Ward 5,2026-09-06
2026-09-04,38.924257,-77.045254,Ward 1,2026-09-05
2026-09-04,38.883021,-76.980411,Ward 7,2026-09-05
2026-09-04,38.898566,-76.921216,Ward 7,2026-09-07
2026-09-04,38.895435,-76.974094,Ward 7,2026-09-07
2026-09-04,38.891827,-76.994422,Ward 6,2026-09-08
2026-09-04,38.922350,-77.072502,Ward 3,2026-09-05
2026-09-04,38.939943,-77.026161,Ward 4,2026-09-04
2026-09-04,38.887873,-76.933126,Ward 7,2026-09-06
2026-09-04,38.908798,-77.027303,Ward 2,2026-09-04
2026-09-04,38.891821,-76.981359,Ward 7,2026-09-06
2026-09-04,38.940774,-77.035281,Ward 4,2026-09-05
2026-09-04,38.939561,-77.027206,Ward 4,2026-09-04
2026-09-04,38.874099,-76.964997,Ward 7,2026-09-08
2026-09-04,38.895754,-76.989960,Ward 6,2026-09-05
2026-09-04,38.879424,-76.962855,Ward 7,2026-09-05
2026-09-04,38.904504,-76.976474,Ward 5,2026-09-05
2026-09-04,38.906659,-77.013824,Ward 5,2026-09-06
2026-09-04,38.867525,-76.996847,Ward 8,2026-09-08
2026-09-04,38.912812,-77.015666,Ward 5,2026-09-05
2026-09-04,38.867062,-76.980071,Ward 8,2026-09-08
2026-09-04,38.885623,-76.982450,Ward 7,2026-09-06
2026-09-04,38.905426,-76.976454,Ward 5,2026-09-05
2026-09-04,38.937748,-77.033574,Ward 4,2026-09-06
2026-09-04,38.895365,-76.990616,Ward 6,2026-09-07
2026-09-04,38.905383,-76.972058,Ward 5,2026-09-05
2026-09-04,38.901077,-76.927808,Ward 7,
2026-09-04,38.903059,-76.992405,Ward 6,2026-09-04
2026-09-04,38.896574,-76.986858,Ward 6,2026-09-05
2026-09-04,38.903415,-76.943637,Ward 7,2026-09-05
2026-09-04,38.899677,-76.988982,Ward 6,2026-09-04
2026-09-04,38.900003,-76.978649,Ward 5,2026-09-05
2026-09-04,38.885501,-76.942364,Ward 7,2026-09-07
2026-09-04,38.891940,-76.957064,Ward 7,2026-09-04
2026-09-04,38.899069,-76.988133,Ward 6,2026-09-04
2026-09-04,38.868209,-76.944950,Ward 7,2026-09-05
2026-09-04,38.879168,-76.928955,Ward 7,2026-09-08
2026-09-04,38.833208,-77.005019,Ward 8,2026-09-09
2026-09-04,38.926652,-77.000368,Ward 5,2026-09-05
2026-09-04,38.894970,-76.976350,Ward 7,2026-09-04
2026-09-04,38.899678,-76.989325,Ward 6,2026-09-04
2026-09-04,38.859250,-76.955772,Ward 7,2026-09-10
2026-09-04,38.901427,-76.976457,Ward 5,2026-09-05
2026-09-04,38.924351,-76.974458,Ward 5,2026-09-09
2026-09-04,38.855757,-76.991676,Ward 8,2026-09-08
2026-09-04,38.908727,-76.986754,Ward 5,2026-09-04
2026-09-04,38.879424,-76.962855,Ward 7,2026-09-05
2026-09-04,38.903587,-76.999773,Ward 6,2026-09-04
2026-09-04,38.926043,-76.998444,Ward 5,2026-09-05
2026-09-04,38.870493,-76.938100,Ward 7,2026-09-04
2026-09-04,38.885544,-76.948232,Ward 7,2026-09-08
2026-09-04,38.895739,-76.974017,Ward 7,2026-09-07
2026-09-04,38.941643,-77.029263,Ward 4,2026-09-04
2026-09-04,38.893392,-76.994735,Ward 6,2026-09-06
2026-09-04,38.899782,-76.988544,Ward 6,2026-09-04
2026-09-04,38.926883,-77.040419,Ward 1,2026-09-05
2026-09-04,38.896470,-76.993218,Ward 6,2026-09-05
2026-09-04,38.924847,-77.103091,Ward 3,2026-09-07
2026-09-04,38.897157,-76.980583,Ward 7,2026-09-06
2026-09-04,38.886665,-76.989368,Ward 6,2026-09-08
2026-09-04,38.923301,-77.008748,Ward 5,2026-09-05
2026-09-04,38.903533,-76.997436,Ward 6,2026-09-04
2026-09-04,38.901539,-76.947911,Ward 7,2026-09-05
2026-09-04,38.901946,-76.986875,Ward 5,2026-09-04
2026-09-04,38.897148,-76.980529,Ward 7,2026-09-06
2026-09-04,38.920141,-77.080030,Ward 3,2026-09-05
2026-09-04,38.884081,-76.999180,Ward 6,2026-09-08
2026-09-04,38.844516,-77.001786,Ward 8,2026-09-08
2026-09-04,38.912812,-77.015734,Ward 5,2026-09-05
2026-09-04,38.899099,-76.985092,Ward 6,2026-09-07
2026-09-04,38.939571,-77.070427,Ward 3,2026-09-05
2026-09-04,38.897095,-76.980255,Ward 7,2026-09-06
2026-09-04,38.868268,-76.944873,Ward 7,2026-09-09
2026-09-04,38.914322,-77.070726,Ward 2,2026-09-05
2026-09-04,38.905822,-76.976455,Ward 5,2026-09-05
2026-09-04,38.889070,-76.916452,Ward 7,2026-09-09
2026-09-04,38.888984,-76.955776,Ward 7,2026-09-04
2026-09-04,38.897095,-76.980255,Ward 7,2026-09-06
2026-09-04,38.941132,-77.019894,Ward 4,2026-09-05
2026-09-04,38.896856,-76.980277,Ward 7,2026-09-05
2026-09-04,38.918672,-77.071244,Ward 3,2026-09-05
2026-09-04,38.886948,-76.956735,Ward 7,2026-09-04
2026-09-04,38.924112,-77.040141,Ward 1,2026-09-07
2026-09-04,38.894960,-76.986499,Ward 6,2026-09-04
2026-09-04,38.884081,-76.999180,Ward 6,2026-09-08
2026-09-04,38.902302,-76.949576,Ward 7,2026-09-05
2026-09-04,38.902745,-76.937828,Ward 7,2026-09-06
2026-09-04,38.954349,-77.023701,Ward 4,2026-09-05
2026-09-04,38.891130,-76.995928,Ward 6,2026-09-08
2026-09-04,38.896743,-76.973723,Ward 7,2026-09-07
2026-09-04,38.844516,-77.001786,Ward 8,2026-09-08
2026-09-04,38.885061,-76.942423,Ward 7,2026-09-07
2026-09-04,38.957125,-76.999161,Ward 4,2026-09-05
2026-09-04,38.890663,-76.952438,Ward 7,2026-09-08
2026-09-04,38.942207,-76.996312,Ward 5,2026-09-05
2026-09-04,38.926903,-77.092511,Ward 3,2026-09-07
2026-09-04,38.882893,-76.998122,Ward 6,2026-09-05
2026-09-04,38.921125,-77.001454,Ward 5,2026-09-05
2026-09-04,38.920275,-77.041539,Ward 1,2026-09-07
2026-09-04,38.883536,-76.984675,Ward 6,2026-09-05
2026-09-04,38.893721,-76.958872,Ward 7,2026-09-07
2026-09-04,38.937984,-77.065664,Ward 3,2026-09-05
2026-09-04,38.890885,-76.948799,Ward 7,2026-09-08
2026-09-04,38.929627,-77.061975,Ward 3,2026-09-05
2026-09-04,38.869131,-76.966069,Ward 7,2026-09-08
2026-09-04,38.905209,-76.985127,Ward 5,2026-09-04
2026-09-04,38.886213,-76.994241,Ward 6,2026-09-04
2026-09-04,38.877671,-76.999754,Ward 8,2026-09-05
2026-09-04,38.898565,-76.923994,Ward 7,2026-09-07
2026-09-04,38.885614,-76.993526,Ward 6,2026-09-06
2026-09-04,38.881932,-76.993997,Ward 6,2026-09-05
2026-09-04,38.961041,-77.001188,Ward 4,2026-09-09
2026-09-04,38.904505,-76.979458,Ward 5,2026-09-06
2026-09-04,38.885492,-76.954775,Ward 7,2026-09-08
2026-09-04,38.890736,-76.958435,Ward 7,2026-09-07
2026-09-04,38.964167,-77.028206,Ward 4,2026-09-05
2026-09-04,38.887165,-76.924550,Ward 7,2026-09-09
2026-09-04,38.906821,-76.950102,Ward 7,2026-09-05
2026-09-04,38.900489,-76.935388,Ward 7,
2026-09-04,38.921180,-77.041897,Ward 1,2026-09-07
2026-09-04,38.894945,-76.977885,Ward 7,2026-09-04
2026-09-04,38.898505,-76.988123,Ward 6,2026-09-07
2026-09-04,38.883686,-76.943065,Ward 7,2026-09-07
2026-09-04,38.915192,-77.071559,Ward 2,2026-09-07
2026-09-04,38.932140,-77.042781,Ward 1,2026-09-04
2026-09-04,38.888868,-76.986052,Ward 6,2026-09-07
2026-09-04,38.891035,-76.988083,Ward 6,2026-09-06
2026-09-04,38.900666,-76.937908,Ward 7,
2026-09-04,38.917202,-77.039293,Ward 1,2026-09-07
2026-09-04,38.931695,-77.056261,Ward 3,2026-09-05
2026-09-04,38.922661,-77.042684,Ward 1,2026-09-07
2026-09-04,38.900388,-76.940307,Ward 7,2026-09-07
2026-09-04,38.914652,-77.045205,Ward 2,2026-09-07
2026-09-04,38.871172,-76.973408,Ward 8,2026-09-09
2026-09-04,38.885866,-76.994156,Ward 6,2026-09-04
2026-09-04,38.901327,-77.002036,Ward 6,2026-09-05
2026-09-04,38.917467,-77.007134,Ward 5,2026-09-05
2026-09-04,38.922858,-77.071125,Ward 3,2026-09-05
2026-09-04,38.862173,-76.949147,Ward 7,2026-09-04
2026-09-04,38.921966,-77.043044,Ward 1,2026-09-07
2026-09-04,38.920040,-77.014663,Ward 5,2026-09-06
2026-09-04,38.937301,-77.020707,Ward 4,2026-09-07
2026-09-04,38.926308,-76.991764,Ward 5,2026-09-05
2026-09-04,38.904511,-76.996421,Ward 6,2026-09-04
2026-09-04,38.861857,-76.969352,Ward 8,2026-09-09
2026-09-04,38.897532,-76.999792,Ward 6,2026-09-06
2026-09-04,38.869095,-76.963812,Ward 7,2026-09-08
2026-09-04,38.900908,-76.926698,Ward 7,2026-09-09
2026-09-04,38.908952,-77.024836,Ward 2,2026-09-05
2026-09-04,38.924379,-77.044318,Ward 1,2026-09-07
2026-09-04,38.909579,-77.059422,Ward 2,2026-09-05
2026-09-04,38.896574,-76.987363,Ward 6,2026-09-05
2026-09-04,38.891474,-76.981025,Ward 7,2026-09-06
2026-09-04,38.923994,-77.026403,Ward 1,2026-09-05
2026-09-04,38.904403,-76.935613,Ward 7,2026-09-06
2026-09-04,38.924717,-76.976729,Ward 5,2026-09-05
2026-09-04,38.906420,-76.949826,Ward 7,2026-09-05
2026-09-04,38.933069,-76.984212,Ward 5,2026-09-05
2026-09-04,38.912388,-77.005965,Ward 5,2026-09-06
2026-09-04,38.908733,-77.056006,Ward 2,2026-09-05
2026-09-04,38.899772,-76.998244,Ward 6,2026-09-04
2026-09-04,38.886618,-76.954141,Ward 7,2026-09-08
2026-09-04,38.886526,-76.994711,Ward 6,2026-09-06
2026-09-04,38.966625,-77.006372,Ward 4,2026-09-06
2026-09-04,38.890509,-77.001796,Ward 6,2026-09-05
2026-09-04,38.920884,-77.076418,Ward 3,2026-09-05
2026-09-04,38.923255,-77.042618,Ward 1,2026-09-07
2026-09-04,38.905650,-76.949711,Ward 7,2026-09-05
2026-09-04,38.893731,-76.959213,Ward 7,2026-09-07
2026-09-04,38.931426,-76.976469,Ward 5,
2026-09-04,38.904753,-76.989911,Ward 5,2026-09-04
2026-09-04,38.966645,-77.005893,Ward 4,2026-09-06
2026-09-04,38.919676,-77.032639,Ward 1,2026-09-05
2026-09-04,38.886180,-77.001137,Ward 6,2026-09-04
2026-09-04,38.890703,-76.947833,Ward 7,2026-09-08
2026-09-04,38.926883,-77.040419,Ward 1,2026-09-05
2026-09-04,38.943378,-77.079397,Ward 3,2026-09-08
2026-09-04,38.885908,-76.933572,Ward 7,2026-09-06
2026-09-04,38.887251,-76.999754,Ward 6,2026-09-04
2026-09-04,38.909844,-77.056860,Ward 2,2026-09-07
2026-09-04,38.891310,-76.923915,Ward 7,2026-09-08
2026-09-04,38.871750,-76.977618,Ward 8,2026-09-07
2026-09-04,38.885593,-76.981980,Ward 7,2026-09-06
2026-09-04,38.889803,-76.985506,Ward 6,2026-09-06
2026-09-04,38.906685,-76.987680,Ward 5,2026-09-04
2026-09-04,38.914091,-77.038480,Ward 2,2026-09-05
2026-09-04,38.885039,-76.941421,Ward 7,2026-09-07
2026-09-04,38.923299,-77.042079,Ward 1,2026-09-05
2026-09-04,38.879448,-77.020115,Ward 6,2026-09-07
2026-09-04,38.931935,-77.056571,Ward 3,2026-09-07
2026-09-04,38.933680,-77.028495,Ward 1,2026-09-07
2026-09-04,38.932802,-77.027244,Ward 1,2026-09-04
2026-09-04,38.918942,-77.077318,Ward 3,2026-09-05
2026-09-04,38.886219,-76.957327,Ward 7,2026-09-04
2026-09-04,38.889806,-76.997310,Ward 6,2026-09-08
2026-09-04,38.924659,-76.998703,Ward 5,2026-09-05
2026-09-04,38.923198,-77.041572,Ward 1,2026-09-07
2026-09-04,38.901352,-76.975980,Ward 5,2026-09-05
2026-09-04,38.882989,-77.000809,Ward 6,2026-09-08
2026-09-04,38.902737,-76.938354,Ward 7,2026-09-06
2026-09-04,38.932141,-77.042709,Ward 1,2026-09-04
2026-09-04,38.872021,-76.977353,Ward 8,2026-09-07
2026-09-04,38.906507,-76.987554,Ward 5,2026-09-04
2026-09-04,38.926307,-76.991068,Ward 5,2026-09-05
2026-09-04,38.930837,-77.107944,Ward 3,2026-09-07
2026-09-04,38.933617,-77.019634,Ward 1,2026-09-07
2026-09-04,38.892852,-76.999007,Ward 6,2026-09-08
2026-09-04,38.894617,-76.985713,Ward 6,2026-09-05
2026-09-04,38.901160,-77.044716,Ward 2,2026-09-05
2026-09-04,38.868668,-76.958419,Ward 7,2026-09-07
2026-09-04,38.929217,-77.024130,Ward 1,2026-09-05
2026-09-04,38.904520,-76.989192,Ward 5,2026-09-04
2026-09-04,38.885896,-76.942056,Ward 7,2026-09-07
2026-09-04,38.960005,-77.031846,Ward 4,2026-09-07
2026-09-04,38.923449,-77.041044,Ward 1,2026-09-05
2026-09-04,38.923985,-77.026504,Ward 1,2026-09-05
2026-09-04,38.904397,-76.996163,Ward 6,2026-09-04
2026-09-04,38.892190,-76.959158,Ward 7,2026-09-09
2026-09-04,38.909593,-77.086180,Ward 3,2026-09-07
2026-09-04,38.893530,-77.039468,Ward 2,2026-09-07
2026-09-04,38.909315,-77.059237,Ward 2,2026-09-05
2026-09-04,38.892513,-76.960794,Ward 7,2026-09-10
2026-09-04,38.908873,-77.026808,Ward 2,2026-09-04
2026-09-04,38.897134,-76.998088,Ward 6,2026-09-04
2026-09-04,38.895216,-76.937993,Ward 7,2026-09-06
2026-09-04,38.940002,-77.022458,Ward 4,2026-09-05
2026-09-04,38.908377,-77.049022,Ward 2,2026-09-04
2026-09-04,38.907682,-77.043196,Ward 2,2026-09-04
2026-09-04,38.962181,-76.998408,Ward 4,2026-09-09
2026-09-04,38.906070,-76.933753,Ward 7,2026-09-06
2026-09-04,38.879592,-76.935094,Ward 7,2026-09-05
2026-09-04,38.909581,-76.986446,Ward 5,2026-09-04
2026-09-04,38.884625,-76.988076,Ward 6,2026-09-05
2026-09-04,38.908445,-76.932156,Ward 7,2026-09-06
2026-09-04,38.896519,-76.974265,Ward 7,2026-09-06
2026-09-04,38.925948,-76.979254,Ward 5,2026-09-05
2026-09-04,38.925000,-77.031327,Ward 1,2026-09-07
2026-09-04,38.939741,-77.027513,Ward 4,2026-09-04
2026-09-04,38.888486,-76.991277,Ward 6,2026-09-08
2026-09-04,38.895007,-76.974498,Ward 7,2026-09-07
2026-09-04,38.915922,-77.007574,Ward 5,2026-09-05
2026-09-04,38.857348,-76.996559,Ward 8,2026-09-08
2026-09-04,38.906183,-76.989473,Ward 5,2026-09-06
2026-09-04,38.912350,-77.005690,Ward 5,2026-09-06
2026-09-04,38.871592,-76.975722,Ward 8,2026-09-07
2026-09-04,38.920105,-77.046394,Ward 1,2026-09-05
2026-09-04,38.903719,-76.927786,Ward 7,2026-09-06
2026-09-04,38.885903,-76.981999,Ward 7,2026-09-06
2026-09-04,38.887774,-76.933014,Ward 7,2026-09-07
2026-09-04,38.910163,-77.012402,Ward 5,2026-09-06
2026-09-04,38.884198,-76.958023,Ward 7,2026-09-04
2026-09-04,38.866205,-76.949107,Ward 7,2026-09-08
2026-09-04,38.868969,-76.964053,Ward 7,2026-09-08
2026-09-04,38.913526,-77.012814,Ward 5,2026-09-06
2026-09-04,38.902040,-76.986813,Ward 5,2026-09-04
2026-09-04,38.902316,-76.930473,Ward 7,2026-09-07
2026-09-04,38.879458,-76.995753,Ward 6,2026-09-06
2026-09-04,38.834594,-77.005620,Ward 8,2026-09-09
2026-09-04,38.867776,-76.970419,Ward 8,2026-09-06
2026-09-04,38.939488,-77.021249,Ward 4,2026-09-04
2026-09-04,38.897434,-76.980553,Ward 7,2026-09-06
2026-09-04,38.930461,-77.028464,Ward 1,2026-09-07
2026-09-04,38.903396,-76.999276,Ward 6,2026-09-04
2026-09-04,38.892924,-76.959228,Ward 7,
2026-09-04,38.893109,-76.913032,Ward 7,2026-09-07
2026-09-04,38.901635,-76.950325,Ward 7,2026-09-05
2026-09-04,38.885760,-76.923595,Ward 7,2026-09-05
2026-09-04,38.893352,-76.958371,Ward 7,2026-09-10
2026-09-04,38.902316,-76.930473,Ward 7,2026-09-07
2026-09-04,38.843691,-76.995537,Ward 8,2026-09-07
2026-09-04,38.920512,-77.079050,Ward 3,2026-09-05
2026-09-04,38.870670,-76.942381,Ward 7,2026-09-09
2026-09-04,38.893739,-76.959325,Ward 7,2026-09-07
2026-09-04,38.906170,-76.940058,Ward 7,
2026-09-04,38.912597,-77.005460,Ward 5,2026-09-06
2026-09-04,38.899944,-76.932190,Ward 7,
2026-09-04,38.939555,-77.026389,Ward 4,2026-09-04
2026-09-04,38.870670,-76.942381,Ward 7,2026-09-05
2026-09-04,38.932142,-77.042885,Ward 1,2026-09-04
2026-09-04,38.890456,-76.953581,Ward 7,2026-09-05
2026-09-04,38.876771,-76.965338,Ward 7,2026-09-06
2026-09-04,38.932791,-77.028488,Ward 1,2026-09-04
2026-09-04,38.901288,-76.984980,Ward 5,2026-09-04
2026-09-04,38.933647,-77.019256,Ward 1,2026-09-07
2026-09-04,38.873496,-76.973199,Ward 7,2026-09-08
2026-09-04,38.888324,-76.989378,Ward 6,2026-09-08
2026-09-04,38.896746,-76.964067,Ward 7,2026-09-11
2026-09-04,38.898658,-76.982795,Ward 7,2026-09-05
2026-09-04,38.908105,-77.064529,Ward 2,2026-09-07
2026-09-04,38.876016,-76.936662,Ward 7,2026-09-08
2026-09-04,38.882462,-76.932720,Ward 7,2026-09-07
2026-09-04,38.903396,-76.999276,Ward 6,2026-09-04
2026-09-04,38.856822,-76.957859,Ward 7,2026-09-10
2026-09-04,38.883462,-76.946669,Ward 7,2026-09-08
2026-09-04,38.883374,-76.996421,Ward 6,2026-09-08
2026-09-04,38.896303,-76.985948,Ward 6,2026-09-05
2026-09-04,38.901352,-76.975980,Ward 5,2026-09-05
2026-09-04,38.919584,-77.000368,Ward 5,2026-09-06
2026-09-04,38.872766,-76.977569,Ward 8,2026-09-07
2026-09-04,38.917203,-77.039353,Ward 1,2026-09-07
2026-09-04,38.912803,-77.015802,Ward 5,2026-09-05
2026-09-04,38.930240,-76.988267,Ward 5,2026-09-05
2026-09-04,38.886287,-76.923772,Ward 7,2026-09-07
2026-09-04,38.870565,-76.943014,Ward 7,2026-09-09
2026-09-04,38.900753,-76.931432,Ward 7,
2026-09-04,38.920469,-77.075890,Ward 3,2026-09-05
2026-09-04,38.903886,-76.925625,Ward 7,2026-09-09
2026-09-04,38.894612,-76.986885,Ward 6,2026-09-04
2026-09-04,38.888499,-76.982507,Ward 7,2026-09-08
2026-09-04,38.886705,-76.987291,Ward 6,2026-09-05
2026-09-04,38.878572,-76.983448,Ward 6,2026-09-08
2026-09-04,38.887394,-76.995373,Ward 6,2026-09-06
2026-09-04,38.886531,-76.987233,Ward 6,2026-09-05
2026-09-04,38.897652,-77.026179,Ward 2,2026-09-07
2026-09-04,38.925991,-77.028518,Ward 1,2026-09-05
2026-09-04,38.875022,-76.932892,Ward 7,2026-09-04
2026-09-04,38.874684,-76.959065,Ward 7,2026-09-07
2026-09-04,38.919544,-77.033615,Ward 1,2026-09-05
2026-09-04,38.868766,-76.964129,Ward 7,2026-09-08
2026-09-04,38.864292,-76.952218,Ward 7,2026-09-07
2026-09-04,38.935811,-77.026433,Ward 4,2026-09-05
2026-09-04,38.905460,-76.937301,Ward 7,2026-09-06
2026-09-04,38.948575,-77.091404,Ward 3,2026-09-07
2026-09-04,38.899953,-76.919470,Ward 7,2026-09-08
2026-09-04,38.922173,-77.010696,Ward 5,2026-09-05
2026-09-04,38.904296,-76.937631,Ward 7,2026-09-06
2026-09-04,38.905066,-76.986856,Ward 5,2026-09-04
2026-09-04,38.906632,-77.014217,Ward 5,2026-09-06
2026-09-04,38.887971,-76.999220,Ward 6,2026-09-04
2026-09-04,38.896125,-76.916016,Ward 7,2026-09-07
2026-09-04,38.895744,-76.937967,Ward 7,2026-09-06
2026-09-04,38.884587,-76.957738,Ward 7,2026-09-04
2026-09-04,38.897535,-76.917780,Ward 7,2026-09-07
2026-09-04,38.921185,-77.091937,Ward 3,2026-09-05
2026-09-04,38.921185,-77.091937,Ward 3,2026-09-05
2026-09-04,38.940750,-77.020211,Ward 4,2026-09-05
2026-09-04,38.934384,-77.031968,Ward 1,2026-09-04
2026-09-04,38.882714,-77.003250,Ward 6,2026-09-05
2026-09-04,38.904502,-76.976958,Ward 5,2026-09-05
2026-09-04,38.912814,-77.015597,Ward 5,2026-09-05
2026-09-04,38.928058,-77.061679,Ward 3,2026-09-05
2026-09-04,38.903961,-76.933459,Ward 7,2026-09-11
2026-09-04,38.889313,-76.936689,Ward 7,2026-09-06
2026-09-04,38.905609,-76.937328,Ward 7,2026-09-06
2026-09-04,38.890128,-76.982008,Ward 7,2026-09-05
2026-09-04,38.928195,-76.982616,Ward 5,2026-09-05
2026-09-04,38.881953,-76.993516,Ward 6,2026-09-05
2026-09-04,38.874894,-77.016286,Ward 6,2026-09-07
2026-09-04,38.896568,-76.974249,Ward 7,2026-09-06
2026-09-04,38.966198,-77.006607,Ward 4,2026-09-05
2026-09-04,38.892419,-76.922687,Ward 7,2026-09-08
2026-09-04,38.935868,-77.031884,Ward 1,2026-09-07
2026-09-04,38.899894,-76.939458,Ward 7,2026-09-08
2026-09-04,38.888159,-76.939013,Ward 7,2026-09-09
2026-09-04,38.895356,-76.974115,Ward 7,2026-09-07
2026-09-04,38.879485,-76.935470,Ward 7,2026-09-05
2026-09-04,38.918108,-77.006948,Ward 5,2026-09-05
2026-09-04,38.953218,-76.987522,Ward 5,2026-09-05
2026-09-04,38.950248,-77.028133,Ward 4,2026-09-05
2026-09-04,38.885788,-76.987276,Ward 6,2026-09-05
2026-09-04,38.885482,-76.923473,Ward 7,2026-09-08
2026-09-04,38.895147,-76.974145,Ward 7,2026-09-07
2026-09-04,38.919031,-77.026531,Ward 1,2026-09-07
2026-09-04,38.941367,-76.975953,Ward 5,2026-09-05
2026-09-04,38.886625,-76.958132,Ward 7,2026-09-04
2026-09-04,38.893398,-77.000971,Ward 6,2026-09-06
2026-09-04,38.899058,-76.944368,Ward 7,2026-09-07
2026-09-04,38.904007,-76.931955,Ward 7,2026-09-06
2026-09-04,38.883016,-76.922353,Ward 7,2026-09-07
2026-09-04,38.872032,-77.009085,Ward 8,2026-09-05
2026-09-04,38.892867,-76.909759,Ward 7,2026-09-07
2026-09-04,38.947438,-76.992410,Ward 5,2026-09-04
2026-09-04,38.906169,-76.940703,Ward 7,2026-09-06
2026-09-04,38.878235,-76.989077,Ward 6,2026-09-06
2026-09-04,38.900897,-76.927311,Ward 7,2026-09-08
2026-09-04,38.922049,-77.037694,Ward 1,2026-09-07
2026-09-04,38.830925,-77.008024,Ward 8,2026-09-09
2026-09-04,38.893389,-76.989436,Ward 6,2026-09-06
2026-09-04,38.922760,-77.033859,Ward 1,2026-09-05
2026-09-04,38.928244,-76.982107,Ward 5,2026-09-05
2026-09-04,38.905657,-76.937316,Ward 7,
2026-09-04,38.924152,-76.991081,Ward 5,2026-09-05
2026-09-04,38.946575,-77.030348,Ward 4,2026-09-06
2026-09-04,38.893737,-76.988725,Ward 6,2026-09-06
2026-09-04,38.919352,-77.028502,Ward 1,2026-09-05
2026-09-04,38.924595,-77.044389,Ward 1,2026-09-07
2026-09-04,38.904366,-76.976219,Ward 5,2026-09-05
2026-09-04,38.919409,-77.047493,Ward 1,2026-09-07
2026-09-04,38.876943,-76.941230,Ward 7,2026-09-08
2026-09-04,38.914300,-77.038157,Ward 2,2026-09-05
2026-09-04,38.901298,-76.935732,Ward 7,2026-09-09
2026-09-04,38.944152,-77.015737,Ward 4,2026-09-07
2026-09-04,38.880456,-76.961905,Ward 7,2026-09-05
2026-09-04,38.941641,-76.990496,Ward 5,2026-09-05
2026-09-04,38.966624,-77.004379,Ward 4,
2026-09-04,38.920251,-77.048019,Ward 1,2026-09-05
2026-09-04,38.885270,-76.992041,Ward 6,2026-09-06
2026-09-04,38.947434,-77.023358,Ward 4,2026-09-06
2026-09-04,38.907633,-77.045766,Ward 2,2026-09-04
2026-09-04,38.922215,-77.033867,Ward 1,2026-09-05
2026-09-04,38.850698,-76.965565,Ward 8,2026-09-08
2026-09-04,38.931309,-76.973180,Ward 5,2026-09-05
2026-09-04,38.896249,-76.975965,Ward 7,2026-09-04
2026-09-04,38.876918,-76.961677,Ward 7,2026-09-06
2026-09-04,38.901830,-77.001806,Ward 6,2026-09-05
2026-09-04,38.867267,-76.980777,Ward 8,2026-09-08
2026-09-04,38.888576,-76.954904,Ward 7,2026-09-04
2026-09-04,38.914300,-77.038157,Ward 2,2026-09-05
2026-09-04,38.888078,-76.920532,Ward 7,2026-09-05
2026-09-04,38.931937,-77.043937,Ward 1,2026-09-04
2026-09-04,38.882907,-77.030757,Ward 6,2026-09-07
2026-09-04,38.917201,-77.039470,Ward 1,2026-09-07
2026-09-04,38.914673,-77.038165,Ward 2,2026-09-07
2026-09-04,38.933696,-76.970445,Ward 5,2026-09-05
2026-09-04,38.870149,-76.955690,Ward 7,2026-09-07
2026-09-04,38.892640,-77.032816,Ward 2,2026-09-07
2026-09-04,38.896113,-76.975667,Ward 7,2026-09-04
2026-09-04,38.909581,-76.986446,Ward 5,2026-09-04
2026-09-04,38.883294,-77.027492,Ward 6,2026-09-07
2026-09-04,38.893560,-76.959385,Ward 7,2026-09-07
2026-09-04,38.928871,-77.056848,Ward 3,2026-09-08
2026-09-04,38.889750,-76.913386,Ward 7,2026-09-08
2026-09-04,38.885852,-76.985233,Ward 6,2026-09-08
2026-09-04,38.897929,-76.999781,Ward 6,2026-09-05
2026-09-04,38.899730,-76.939189,Ward 7,2026-09-08
2026-09-04,38.939958,-77.062233,Ward 3,2026-09-05
2026-09-04,38.893299,-76.979869,Ward 7,2026-09-06
2026-09-04,38.905886,-76.934874,Ward 7,2026-09-06
2026-09-04,38.885967,-76.923735,Ward 7,2026-09-07
2026-09-04,38.892500,-77.030028,Ward 2,2026-09-07
2026-09-04,38.946646,-76.987978,Ward 5,2026-09-05
2026-09-04,38.839046,-77.004358,Ward 8,2026-09-09
2026-09-04,38.959021,-77.032266,Ward 4,2026-09-07
2026-09-04,38.884625,-76.988076,Ward 6,2026-09-05
2026-09-04,38.891588,-76.941123,Ward 7,2026-09-06
2026-09-04,38.899324,-76.921261,Ward 7,2026-09-07
2026-09-04,38.886472,-76.934044,Ward 7,2026-09-06
2026-09-04,38.881272,-76.993758,Ward 6,2026-09-05
2026-09-04,38.891699,-76.929009,Ward 7,2026-09-08
2026-09-04,38.900857,-76.922958,Ward 7,2026-09-07
2026-09-04,38.877635,-76.962853,Ward 7,2026-09-06
2026-09-04,38.909581,-76.986446,Ward 5,2026-09-04
2026-09-04,38.918290,-77.001850,Ward 5,2026-09-05
2026-09-04,38.852421,-76.965166,Ward 8,2026-09-08
2026-09-04,38.883010,-76.984961,Ward 6,2026-09-05
2026-09-04,38.862939,-76.952428,Ward 7,2026-09-04
2026-09-04,38.896792,-76.974189,Ward 7,2026-09-04
2026-09-04,38.891556,-76.922454,Ward 7,2026-09-08
2026-09-04,38.899515,-76.939446,Ward 7,2026-09-08
2026-09-04,38.894210,-76.956362,Ward 7,2026-09-10
2026-09-04,38.885967,-76.923735,Ward 7,2026-09-05
2026-09-04,38.895277,-76.938319,Ward 7,2026-09-06
2026-09-04,38.941232,-77.057968,Ward 3,2026-09-05
2026-09-04,38.947297,-77.093565,Ward 3,2026-09-07
2026-09-04,38.903363,-76.999791,Ward 6,2026-09-04
2026-09-04,38.894898,-76.989972,Ward 6,2026-09-06
2026-09-04,38.953243,-76.987596,Ward 5,2026-09-05
2026-09-04,38.883017,-76.981805,Ward 7,2026-09-07
2026-09-04,38.884648,-76.978311,Ward 7,2026-09-08
2026-09-04,38.870745,-76.966749,Ward 7,2026-09-08
2026-09-04,38.873125,-77.010330,Ward 6,2026-09-05
2026-09-04,38.895277,-76.938319,Ward 7,2026-09-06
2026-09-04,38.929872,-76.981518,Ward 5,2026-09-05
2026-09-04,38.906293,-76.936029,Ward 7,2026-09-04
2026-09-04,38.894937,-76.984932,Ward 6,2026-09-08
2026-09-04,38.930174,-77.037603,Ward 1,2026-09-07
2026-09-04,38.904133,-77.001101,Ward 6,2026-09-05
2026-09-04,38.892500,-77.030028,Ward 2,2026-09-07
2026-09-04,38.939536,-77.026726,Ward 4,2026-09-06
2026-09-04,38.896300,-76.986888,Ward 6,2026-09-05
2026-09-04,38.901299,-76.934994,Ward 7,2026-09-09
2026-09-04,38.857405,-76.955361,Ward 7,2026-09-07
2026-09-04,38.893342,-76.910326,Ward 7,2026-09-07
2026-09-04,38.897131,-77.002748,Ward 6,2026-09-08
2026-09-04,38.942364,-76.996376,Ward 5,2026-09-05
2026-09-04,38.883333,-76.996403,Ward 6,2026-09-08
2026-09-04,38.905657,-76.937316,Ward 7,2026-09-06
2026-09-04,38.868456,-76.970809,Ward 8,2026-09-06
2026-09-04,38.902005,-76.928279,Ward 7,2026-09-08
2026-09-04,38.871077,-76.981968,Ward 8,2026-09-08
2026-09-04,38.921117,-77.001004,Ward 5,2026-09-05
2026-09-04,38.896670,-76.937518,Ward 7,2026-09-06
2026-09-04,38.917059,-77.008316,Ward 5,2026-09-06
2026-09-04,38.936144,-77.060887,Ward 3,2026-09-05
2026-09-04,38.940978,-76.983114,Ward 5,2026-09-05
2026-09-04,38.922356,-77.075731,Ward 3,2026-09-05
2026-09-04,38.893884,-76.957731,Ward 7,2026-09-10
2026-09-04,38.888867,-76.985993,Ward 6,2026-09-07
2026-09-04,38.936424,-77.062274,Ward 3,2026-09-05
2026-09-04,38.888981,-76.954931,Ward 7,2026-09-04
2026-09-04,38.898900,-76.945566,Ward 7,2026-09-07
2026-09-04,38.894727,-76.926663,Ward 7,2026-09-08
2026-09-04,38.885346,-76.979007,Ward 7,2026-09-07
2026-09-04,38.905657,-76.937316,Ward 7,2026-09-06
2026-09-04,38.892354,-76.982426,Ward 7,2026-09-06
2026-09-04,38.908325,-76.941734,Ward 7,2026-09-05
2026-09-04,38.884818,-76.921134,Ward 7,2026-09-08
2026-09-04,38.921123,-77.001326,Ward 5,2026-09-05
2026-09-04,38.897328,-76.972657,Ward 7,2026-09-04
2026-09-04,38.885149,-76.993485,Ward 6,2026-09-06
2026-09-04,38.924019,-77.026073,Ward 1,2026-09-05
2026-09-04,38.920681,-77.077909,Ward 3,2026-09-05
2026-09-04,38.925985,-77.029164,Ward 1,2026-09-05
2026-09-04,38.939740,-77.026238,Ward 4,2026-09-06
2026-09-04,38.903726,-76.927922,Ward 7,2026-09-06
2026-09-04,38.918961,-77.078193,Ward 3,2026-09-05
2026-09-04,38.885074,-77.016378,Ward 6,2026-09-07
2026-09-04,38.824910,-76.998779,Ward 8,2026-09-07
2026-09-04,38.911214,-77.062030,Ward 2,2026-09-07
2026-09-04,38.891362,-76.983872,Ward 6,2026-09-09
2026-09-04,38.906714,-77.086806,Ward 3,2026-09-07
2026-09-04,38.917203,-77.039410,Ward 1,2026-09-07
2026-09-04,38.932140,-77.042781,Ward 1,2026-09-04
2026-09-04,38.890598,-76.928427,Ward 7,2026-09-08
2026-09-04,38.903260,-76.991888,Ward 6,2026-09-06
2026-09-04,38.857170,-76.955727,Ward 7,2026-09-07
2026-09-04,38.824552,-77.010545,Ward 8,2026-09-07
2026-09-04,38.884994,-76.926961,Ward 7,2026-09-08
2026-09-04,38.872032,-77.009085,Ward 8,2026-09-05
2026-09-04,38.904829,-76.978639,Ward 5,2026-09-05
2026-09-04,38.886099,-76.923295,Ward 7,2026-09-05
2026-09-04,38.895356,-76.974115,Ward 7,2026-09-07
2026-09-04,38.919850,-77.046248,Ward 1,2026-09-05
2026-09-04,38.891998,-76.958860,Ward 7,2026-09-07
2026-09-04,38.928444,-77.105700,Ward 3,2026-09-06
2026-09-04,38.905840,-77.018401,Ward 2,2026-09-05
2026-09-04,38.921288,-77.025005,Ward 1,2026-09-07
2026-09-04,38.886287,-76.923772,Ward 7,2026-09-05
2026-09-04,38.885558,-76.978828,Ward 7,2026-09-07
2026-09-04,38.894042,-76.977022,Ward 7,2026-09-10
2026-09-04,38.909971,-77.058977,Ward 2,2026-09-05
2026-09-04,38.895958,-77.000082,Ward 6,2026-09-05
2026-09-04,38.905440,-77.018336,Ward 2,2026-09-07
2026-09-04,38.860523,-76.986906,Ward 8,2026-09-05
2026-09-04,38.921125,-77.001389,Ward 5,2026-09-05
2026-09-04,38.892542,-76.984755,Ward 6,2026-09-08
2026-09-04,38.896972,-76.990501,Ward 6,2026-09-05
2026-09-04,38.883017,-76.981805,Ward 7,2026-09-07
2026-09-04,38.868456,-76.970809,Ward 8,2026-09-06
2026-09-04,38.932968,-77.045958,Ward 1,2026-09-07
2026-09-04,38.868672,-76.971297,Ward 8,2026-09-06
2026-09-04,38.931883,-77.043937,Ward 1,2026-09-04
2026-09-04,38.912589,-77.067729,Ward 2,2026-09-08
2026-09-04,38.938768,-77.021464,Ward 4,2026-09-09
2026-09-04,38.871049,-76.974513,Ward 8,2026-09-09
2026-09-04,38.894615,-76.987707,Ward 6,2026-09-04
2026-09-04,38.941681,-77.023092,Ward 4,2026-09-07
2026-09-04,38.897853,-76.998219,Ward 6,2026-09-04
2026-09-04,38.939741,-77.027513,Ward 4,2026-09-06
2026-09-04,38.887800,-76.979507,Ward 7,2026-09-08
2026-09-04,38.869053,-76.945815,Ward 7,2026-09-08
2026-09-04,38.871304,-76.975527,Ward 8,2026-09-07
2026-09-04,38.887951,-76.992406,Ward 6,2026-09-07
2026-09-04,38.902363,-76.931327,Ward 7,2026-09-07
2026-09-04,38.950493,-76.995706,Ward 5,2026-09-04
2026-09-04,38.982050,-77.026544,Ward 4,2026-09-05
2026-09-04,38.886526,-76.994711,Ward 6,2026-09-06
2026-09-04,38.890587,-76.991129,Ward 6,2026-09-07
2026-09-04,38.887758,-76.978277,Ward 7,2026-09-06
2026-09-04,38.907379,-76.929414,Ward 7,
2026-09-04,38.863042,-76.970091,Ward 8,2026-09-08
2026-09-04,38.893970,-76.993981,Ward 6,2026-09-05
2026-09-04,38.901208,-76.976456,Ward 5,2026-09-05
2026-09-04,38.926525,-77.036488,Ward 1,2026-09-05
2026-09-04,38.872321,-76.953361,Ward 7,2026-09-08
2026-09-04,38.931853,-77.065482,Ward 3,2026-09-05
2026-09-04,38.944532,-77.033031,Ward 4,2026-09-06
2026-09-04,38.879702,-76.989159,Ward 6,2026-09-08
2026-09-04,38.943563,-77.033003,Ward 4,2026-09-05
2026-09-04,38.843843,-76.989765,Ward 8,2026-09-07
2026-09-04,38.866930,-76.944502,Ward 7,2026-09-06
2026-09-04,38.899697,-76.988059,Ward 6,2026-09-09
2026-09-04,38.887791,-76.987700,Ward 6,2026-09-07
2026-09-04,38.906967,-77.031597,Ward 2,2026-09-05
2026-09-04,38.891167,-76.959977,Ward 7,2026-09-06
2026-09-04,38.890091,-76.996740,Ward 6,
2026-09-04,38.906967,-77.031597,Ward 2,2026-09-05
2026-09-04,38.890587,-76.991129,Ward 6,2026-09-11
2026-09-04,38.927878,-77.028276,Ward 1,2026-09-05
2026-09-04,38.901178,-76.995964,Ward 6,2026-09-09
2026-09-04,38.897145,-76.999320,Ward 6,2026-09-05
2026-09-04,38.907367,-77.065407,Ward 2,2026-09-05
2026-09-04,38.893746,-76.988053,Ward 6,2026-09-05
2026-09-04,38.893929,-76.917556,Ward 7,2026-09-07
2026-09-04,38.884098,-77.007302,Ward 6,2026-09-05
2026-09-04,38.892547,-76.936568,Ward 7,2026-09-07
2026-09-04,38.989102,-77.039411,Ward 4,2026-09-05
2026-09-04,38.850698,-76.965565,Ward 8,2026-09-08
2026-09-04,38.950493,-76.995706,Ward 5,2026-09-05
2026-09-04,38.864098,-76.981926,Ward 8,2026-09-08
2026-09-04,38.899123,-76.991348,Ward 6,2026-09-07
2026-09-04,38.894583,-76.980963,Ward 7,2026-09-06
2026-09-04,38.926371,-77.077366,Ward 3,2026-09-05
2026-09-04,38.888144,-76.934385,Ward 7,2026-09-06
2026-09-04,38.919723,-77.093565,Ward 3,2026-09-07
2026-09-04,38.883802,-77.007208,Ward 6,2026-09-05
2026-09-04,38.912603,-77.015674,Ward 5,2026-09-05
2026-09-04,38.898531,-76.981291,Ward 7,2026-09-05
2026-09-04,38.885741,-76.919670,Ward 7,2026-09-08
2026-09-04,38.886963,-76.988967,Ward 6,2026-09-08
2026-09-04,38.932998,-77.040156,Ward 1,2026-09-07
2026-09-04,38.896267,-76.978675,Ward 7,2026-09-06
2026-09-04,38.879941,-76.936807,Ward 7,2026-09-07
2026-09-04,38.891708,-76.941271,Ward 7,2026-09-06
2026-09-04,38.940054,-76.991997,Ward 5,2026-09-05
2026-09-04,38.894612,-76.924398,Ward 7,2026-09-09
2026-09-04,38.864526,-76.974150,Ward 8,2026-09-08
2026-09-04,38.892705,-76.936532,Ward 7,2026-09-07
2026-09-04,38.888736,-76.929171,Ward 7,2026-09-06
2026-09-04,38.886981,-76.958922,Ward 7,2026-09-04
2026-09-04,38.889805,-76.996173,Ward 6,2026-09-07
2026-09-04,38.891339,-76.984050,Ward 6,2026-09-07
2026-09-04,38.917698,-77.000331,Ward 5,2026-09-05
2026-09-04,38.964757,-77.012978,Ward 4,2026-09-06
2026-09-04,38.863890,-76.972033,Ward 8,2026-09-08
2026-09-04,38.870309,-76.943176,Ward 7,2026-09-05
2026-09-04,38.901318,-76.950399,Ward 7,2026-09-05
2026-09-04,38.903730,-77.055329,Ward 2,2026-09-07
2026-09-04,38.919875,-77.043967,Ward 1,2026-09-07
2026-09-04,38.912358,-77.034015,Ward 2,2026-09-07
2026-09-04,38.920251,-77.048019,Ward 1,2026-09-05
2026-09-04,38.896472,-76.974282,Ward 7,2026-09-06
2026-09-04,38.892190,-76.992482,Ward 6,2026-09-06
2026-09-04,38.906723,-77.079513,Ward 3,2026-09-07
2026-09-04,38.851497,-76.967266,Ward 8,2026-09-08
2026-09-04,38.839801,-77.003750,Ward 8,2026-09-07
2026-09-04,38.893456,-76.921617,Ward 7,2026-09-08
2026-09-04,38.892624,-76.982556,Ward 7,2026-09-06
2026-09-04,38.903775,-76.928783,Ward 7,2026-09-06
2026-09-04,38.911643,-77.027863,Ward 2,2026-09-07
2026-09-04,38.867505,-76.971527,Ward 8,2026-09-05
2026-09-04,38.910604,-77.029370,Ward 2,2026-09-07
2026-09-04,38.903194,-77.050530,Ward 2,2026-09-07
2026-09-04,38.936378,-76.988913,Ward 5,2026-09-05
2026-09-04,38.915359,-77.034266,Ward 2,2026-09-07
2026-09-04,38.897147,-76.988618,Ward 6,2026-09-04
2026-09-04,38.912012,-77.037526,Ward 2,2026-09-07
2026-09-04,38.912014,-77.037822,Ward 2,2026-09-07
2026-09-04,38.896712,-76.991065,Ward 6,2026-09-05
2026-09-04,38.895322,-76.994320,Ward 6,2026-09-05
2026-09-04,38.886522,-76.991129,Ward 6,2026-09-08
2026-09-04,38.884564,-77.033727,Ward 2,2026-09-07
2026-09-04,38.870565,-76.943014,Ward 7,2026-09-05
2026-09-04,38.937493,-76.988213,Ward 5,2026-09-05
2026-09-04,38.896299,-76.986631,Ward 6,2026-09-05
2026-09-04,38.895026,-76.993542,Ward 6,2026-09-05
2026-09-04,38.890509,-77.001796,Ward 6,2026-09-05
2026-09-04,38.891884,-76.927957,Ward 7,2026-09-08
2026-09-04,38.891612,-76.953851,Ward 7,2026-09-05
2026-09-04,38.902195,-76.930698,Ward 7,2026-09-07
2026-09-04,38.939525,-77.026785,Ward 4,2026-09-06
2026-09-04,38.894612,-76.924398,Ward 7,2026-09-09
2026-09-04,38.934431,-77.051299,Ward 3,2026-09-08
2026-09-04,38.890597,-76.988290,Ward 6,2026-09-06
2026-09-04,38.895026,-76.993542,Ward 6,2026-09-05
2026-09-04,38.887410,-76.987584,Ward 6,2026-09-07
2026-09-04,38.929408,-76.994965,Ward 5,2026-09-05
2026-09-04,38.872032,-77.009085,Ward 8,2026-09-05
2026-09-04,38.881282,-77.019913,Ward 6,2026-09-07
2026-09-04,38.871052,-76.975575,Ward 8,2026-09-07
2026-09-04,38.904397,-76.996163,Ward 6,2026-09-04
2026-09-04,38.869956,-76.941516,Ward 7,2026-09-05
2026-09-04,38.866613,-76.988635,Ward 8,2026-09-05
2026-09-04,38.914725,-77.071603,Ward 2,2026-09-07
2026-09-04,38.864314,-76.950105,Ward 7,2026-09-08
2026-09-04,38.881264,-76.985510,Ward 6,2026-09-08
2026-09-04,38.876476,-76.957512,Ward 7,2026-09-06
2026-09-04,38.914775,-77.070736,Ward 2,2026-09-05
2026-09-04,38.872032,-77.009085,Ward 8,2026-09-05
2026-09-04,38.916191,-77.014167,Ward 5,2026-09-06
2026-09-04,38.885118,-76.999803,Ward 6,2026-09-08
2026-09-04,38.935340,-76.981357,Ward 5,2026-09-05
2026-09-04,38.906569,-77.027813,Ward 2,2026-09-07
2026-09-04,38.913282,-77.041873,Ward 2,2026-09-07
2026-09-04,38.878429,-76.940899,Ward 7,2026-09-08
2026-09-04,38.926383,-77.069465,Ward 3,2026-09-05
2026-09-04,38.885833,-76.940878,Ward 7,2026-09-11
2026-09-04,38.900000,-76.978311,Ward 5,2026-09-05
2026-09-04,38.889806,-76.994962,Ward 6,2026-09-07
2026-09-04,38.896527,-76.934721,Ward 7,2026-09-10
2026-09-04,38.914328,-77.070599,Ward 2,2026-09-05
2026-09-04,38.896563,-76.972387,Ward 7,2026-09-07
2026-09-04,38.934393,-77.031010,Ward 1,2026-09-05
2026-09-04,38.892965,-76.936590,Ward 7,2026-09-07
2026-09-04,38.942200,-77.026137,Ward 4,2026-09-06
2026-09-04,38.934744,-77.031501,Ward 1,2026-09-05
2026-09-04,38.906647,-76.941694,Ward 7,2026-09-06
2026-09-04,38.920884,-77.076480,Ward 3,2026-09-05
2026-09-04,38.944778,-77.069848,Ward 3,2026-09-08
2026-09-04,38.892466,-76.927471,Ward 7,2026-09-08
2026-09-04,38.893770,-76.955936,Ward 7,2026-09-10
2026-09-04,38.941643,-77.029263,Ward 4,2026-09-06
2026-09-04,38.934744,-77.031916,Ward 1,2026-09-05
2026-09-04,38.824927,-76.998831,Ward 8,2026-09-07
2026-09-04,38.886539,-76.935139,Ward 7,2026-09-06
2026-09-04,38.934388,-77.031886,Ward 1,2026-09-05
2026-09-04,38.890703,-76.949014,Ward 7,2026-09-08
2026-09-04,38.877161,-76.932482,Ward 7,2026-09-04
2026-09-04,38.925513,-77.035178,Ward 1,2026-09-05
2026-09-04,38.916578,-77.007165,Ward 5,2026-09-05
2026-09-04,38.989102,-77.039411,Ward 4,2026-09-05
2026-09-04,38.905140,-76.982173,Ward 5,2026-09-06
2026-09-04,38.898543,-76.995232,Ward 6,2026-09-06
2026-09-04,38.912601,-77.015178,Ward 5,2026-09-05
2026-09-04,38.872384,-76.959889,Ward 7,2026-09-07
2026-09-04,38.875732,-76.965639,Ward 7,2026-09-08
2026-09-04,38.860007,-76.986909,Ward 8,2026-09-05
2026-09-04,38.914282,-77.020157,Ward 2,2026-09-04
2026-09-04,38.888714,-76.991303,Ward 6,2026-09-08
2026-09-04,38.904183,-76.932922,Ward 7,2026-09-06
2026-09-04,38.879861,-76.936050,Ward 7,2026-09-07
2026-09-04,38.866200,-76.977270,Ward 8,2026-09-08
2026-09-04,38.890074,-76.943278,Ward 7,2026-09-06
2026-09-04,38.888514,-76.994770,Ward 6,2026-09-08
2026-09-04,38.944617,-77.040956,Ward 4,2026-09-06
2026-09-04,38.868057,-76.983291,Ward 8,2026-09-09
2026-09-04,38.902831,-76.928054,Ward 7,2026-09-07
2026-09-04,38.881115,-77.000355,Ward 6,2026-09-08
2026-09-04,38.917557,-77.000308,Ward 5,2026-09-05
2026-09-04,38.906581,-77.013781,Ward 5,2026-09-06
2026-09-04,38.932765,-77.028163,Ward 1,2026-09-04
2026-09-04,38.941131,-77.020073,Ward 4,2026-09-05
2026-09-04,38.892425,-76.983034,Ward 7,2026-09-06
2026-09-04,38.901354,-76.950081,Ward 7,2026-09-05
2026-09-04,38.906581,-77.013781,Ward 5,2026-09-06
2026-09-04,38.876918,-76.961677,Ward 7,2026-09-06
2026-09-04,38.939958,-77.062233,Ward 3,2026-09-05
2026-09-04,38.917203,-77.039353,Ward 1,2026-09-07
2026-09-04,38.913514,-77.010936,Ward 5,2026-09-06
2026-09-04,38.846299,-77.000387,Ward 8,2026-09-09
2026-09-04,38.920471,-77.076668,Ward 3,2026-09-05
2026-09-04,38.890682,-76.954409,Ward 7,2026-09-05
2026-09-04,38.872588,-77.009358,Ward 6,2026-09-05
2026-09-04,38.824603,-77.011513,Ward 8,2026-09-07
2026-09-04,38.908804,-76.939231,Ward 7,2026-09-05
2026-09-04,38.913198,-77.008559,Ward 5,2026-09-06
2026-09-04,38.900863,-77.018929,Ward 6,2026-09-07
2026-09-04,38.901649,-76.926839,Ward 7,2026-09-07
2026-09-04,38.897301,-76.975074,Ward 7,2026-09-07
2026-09-04,38.865565,-76.988471,Ward 8,2026-09-05
2026-09-04,38.878968,-76.987262,Ward 6,2026-09-06
2026-09-04,38.888736,-76.929171,Ward 7,2026-09-06
2026-09-04,38.966624,-77.006531,Ward 4,2026-09-05
2026-09-04,38.898314,-77.018931,Ward 6,2026-09-07
2026-09-04,38.893743,-76.958931,Ward 7,2026-09-07
2026-09-04,38.869797,-76.938994,Ward 7,2026-09-06
2026-09-04,38.883268,-77.031843,Ward 6,2026-09-07
2026-09-04,38.894377,-76.997548,Ward 6,2026-09-06
2026-09-04,38.917557,-77.000308,Ward 5,2026-09-05
2026-09-04,38.885538,-76.925707,Ward 7,2026-09-08
2026-09-04,38.896334,-77.015571,Ward 6,2026-09-07
2026-09-04,38.887417,-76.977434,Ward 7,2026-09-06
2026-09-04,38.898658,-76.982795,Ward 7,2026-09-05
2026-09-04,38.883327,-76.978131,Ward 7,2026-09-07
2026-09-04,38.883436,-77.000091,Ward 6,2026-09-08
2026-09-04,38.871111,-76.951470,Ward 7,2026-09-07
2026-09-04,38.914029,-77.053735,Ward 2,2026-09-07
2026-09-04,38.884625,-76.988076,Ward 6,2026-09-05
2026-09-04,38.900566,-76.924459,Ward 7,2026-09-07
2026-09-04,38.887355,-77.001807,Ward 6,2026-09-08
2026-09-04,38.989102,-77.039411,Ward 4,2026-09-05
2026-09-04,38.897509,-76.986371,Ward 6,2026-09-05
2026-09-04,38.887781,-76.993229,Ward 6,2026-09-09
2026-09-04,38.877452,-76.936880,Ward 7,2026-09-04
2026-09-04,38.930381,-77.042656,Ward 1,2026-09-07
2026-09-04,38.877842,-76.965415,Ward 7,2026-09-06
2026-09-04,38.862333,-76.948564,Ward 7,2026-09-06
2026-09-04,38.894351,-76.987717,Ward 6,2026-09-05
2026-09-04,38.891527,-76.933680,Ward 7,2026-09-07
2026-09-04,38.891885,-76.932228,Ward 7,2026-09-08
2026-09-04,38.939916,-77.026760,Ward 4,2026-09-06
2026-09-04,38.875039,-76.933166,Ward 7,2026-09-09
2026-09-04,38.887930,-76.993925,Ward 6,2026-09-08
2026-09-04,38.923575,-77.054479,Ward 3,2026-09-08
2026-09-04,38.879668,-76.964542,Ward 7,2026-09-06
2026-09-04,38.916799,-77.007452,Ward 5,2026-09-05
2026-09-04,38.896886,-76.974162,Ward 7,2026-09-04
2026-09-04,38.886923,-76.984559,Ward 6,2026-09-07
2026-09-04,38.900775,-76.920077,Ward 7,2026-09-07
2026-09-04,38.894946,-76.993938,Ward 6,2026-09-05
2026-09-04,38.922732,-77.036488,Ward 1,2026-09-07
2026-09-04,38.884081,-76.999180,Ward 6,2026-09-08
2026-09-04,38.900639,-76.992390,Ward 6,
2026-09-04,38.908798,-77.079868,Ward 3,2026-09-07
2026-09-04,38.896792,-76.974189,Ward 7,2026-09-06
2026-09-04,38.880695,-76.990640,Ward 6,2026-09-06
2026-09-04,38.946575,-77.030348,Ward 4,2026-09-06
2026-09-04,38.871646,-76.960280,Ward 7,2026-09-08
2026-09-04,38.888484,-76.999321,Ward 6,2026-09-04
2026-09-04,38.922174,-77.010771,Ward 5,2026-09-05
2026-09-04,38.866162,-76.945027,Ward 7,2026-09-08
2026-09-04,38.883254,-76.998450,Ward 6,2026-09-05
2026-09-04,38.895573,-76.989611,Ward 6,2026-09-05
2026-09-04,38.909378,-77.054754,Ward 2,2026-09-07
2026-09-04,38.878112,-76.939135,Ward 7,2026-09-08
2026-09-04,38.887810,-76.996953,Ward 6,2026-09-07
2026-09-04,38.907935,-77.066511,Ward 2,2026-09-05
2026-09-04,38.935795,-77.031618,Ward 1,2026-09-07
2026-09-04,38.890663,-76.952438,Ward 7,2026-09-08
2026-09-04,38.867567,-76.972373,Ward 8,2026-09-05
2026-09-04,38.925934,-76.998704,Ward 5,2026-09-05
2026-09-04,38.887383,-76.924903,Ward 7,2026-09-08
2026-09-04,38.903892,-76.942640,Ward 7,2026-09-05
2026-09-04,38.898310,-77.019906,Ward 2,2026-09-07
2026-09-04,38.939016,-77.061076,Ward 3,2026-09-05
2026-09-04,38.844516,-77.001610,Ward 8,2026-09-08
2026-09-04,38.902870,-76.926672,Ward 7,
2026-09-04,38.923344,-77.059374,Ward 3,2026-09-07
2026-09-04,38.883022,-76.980337,Ward 7,2026-09-05
2026-09-04,38.891102,-76.937014,Ward 7,2026-09-07
2026-09-04,38.912813,-77.015530,Ward 5,2026-09-05
2026-09-04,38.924291,-76.999650,Ward 5,2026-09-05
2026-09-04,38.902739,-76.980500,Ward 5,2026-09-05
2026-09-04,38.870630,-76.955905,Ward 7,2026-09-07
2026-09-04,38.906581,-77.013781,Ward 5,2026-09-06
2026-09-04,38.930639,-76.986439,Ward 5,2026-09-05
2026-09-04,38.878451,-76.932409,Ward 7,2026-09-04
2026-09-04,38.866179,-76.988941,Ward 8,2026-09-05
2026-09-04,38.906581,-77.013781,Ward 5,2026-09-06
2026-09-04,38.906639,-76.933753,Ward 7,2026-09-06
2026-09-04,38.897199,-76.977911,Ward 7,2026-09-06
2026-09-04,38.914673,-77.038165,Ward 2,2026-09-07
2026-09-04,38.905161,-76.934033,Ward 7,2026-09-09
2026-09-04,38.887383,-76.924903,Ward 7,2026-09-08
2026-09-04,38.902833,-76.977550,Ward 5,2026-09-05
2026-09-04,38.927079,-76.992175,Ward 5,2026-09-05
2026-09-04,38.830960,-77.000571,Ward 8,2026-09-09
2026-09-04,38.903149,-76.933565,Ward 7,2026-09-09
2026-09-04,38.897514,-76.937181,Ward 7,2026-09-06
2026-09-04,38.902191,-76.933758,Ward 7,2026-09-06
2026-09-04,38.918993,-77.100523,Ward 3,2026-09-07
2026-09-04,38.879224,-76.960967,Ward 7,2026-09-05
2026-09-04,38.898917,-76.942256,Ward 7,2026-09-06
2026-09-04,38.928409,-77.029232,Ward 1,2026-09-05
2026-09-04,38.893747,-76.989381,Ward 6,2026-09-06
2026-09-04,38.917206,-77.022680,Ward 1,2026-09-08
2026-09-04,38.883038,-76.978102,Ward 7,2026-09-07
2026-09-04,38.868268,-76.944873,Ward 7,2026-09-09
2026-09-04,38.892086,-76.949284,Ward 7,2026-09-10
2026-09-04,38.927079,-76.992175,Ward 5,2026-09-05
2026-09-04,38.887353,-76.958429,Ward 7,2026-09-04
2026-09-04,38.860702,-76.985051,Ward 8,2026-09-05
2026-09-04,38.885498,-76.942212,Ward 7,2026-09-07
2026-09-04,38.958926,-77.012480,Ward 4,2026-09-05
2026-09-04,38.861871,-76.949946,Ward 7,2026-09-06
2026-09-04,38.884723,-76.978999,Ward 7,2026-09-07
2026-09-04,38.933014,-77.027384,Ward 1,2026-09-04
2026-09-04,38.901109,-77.018091,Ward 6,2026-09-07
2026-09-04,38.911643,-77.027863,Ward 2,2026-09-07
2026-09-04,38.915586,-77.096567,Ward 3,2026-09-07
2026-09-04,38.891367,-76.982458,Ward 7,2026-09-06
2026-09-04,38.883911,-76.979835,Ward 7,2026-09-05
2026-09-04,38.883239,-77.020905,Ward 6,2026-09-07
2026-09-04,38.894779,-76.982212,Ward 7,2026-09-06
2026-09-04,38.882725,-76.997315,Ward 6,2026-09-05
2026-09-04,38.906073,-76.935299,Ward 7,2026-09-06
2026-09-04,38.902975,-76.988592,Ward 5,2026-09-05
2026-09-04,38.860153,-76.986707,Ward 8,2026-09-05
2026-09-04,38.885017,-76.982443,Ward 7,2026-09-05
2026-09-04,38.899853,-76.984793,Ward 6,2026-09-07
2026-09-04,38.945652,-77.019624,Ward 4,2026-09-05
2026-09-04,38.888387,-76.995932,Ward 6,2026-09-07
2026-09-04,38.891095,-76.957554,Ward 7,2026-09-06
2026-09-04,38.894063,-76.934659,Ward 7,2026-09-06
2026-09-04,38.885806,-76.982449,Ward 7,2026-09-06
2026-09-04,38.890409,-76.958228,Ward 7,2026-09-06
2026-09-04,38.912589,-77.067729,Ward 2,2026-09-08
2026-09-04,38.868701,-76.943373,Ward 7,2026-09-05
2026-09-04,38.939245,-77.021215,Ward 4,2026-09-09
2026-09-04,38.867280,-76.970237,Ward 8,2026-09-06
2026-09-04,38.889014,-76.990012,Ward 6,2026-09-08
2026-09-04,38.921608,-77.044648,Ward 1,2026-09-05
2026-09-04,38.945766,-77.039064,Ward 4,2026-09-06
2026-09-04,38.884726,-76.980766,Ward 7,2026-09-07
2026-09-04,38.964757,-77.013154,Ward 4,2026-09-06
2026-09-04,38.904502,-76.976958,Ward 5,2026-09-05
2026-09-04,38.903728,-76.999507,Ward 6,2026-09-05
2026-09-04,38.937551,-77.020383,Ward 4,2026-09-07
2026-09-04,38.939562,-77.028697,Ward 4,2026-09-05
2026-09-04,38.884103,-76.982226,Ward 7,2026-09-05
2026-09-04,38.892866,-76.988000,Ward 6,
2026-09-04,38.890416,-76.981160,Ward 7,2026-09-06
2026-09-04,38.899167,-76.983405,Ward 7,2026-09-05
2026-09-04,38.945984,-77.039067,Ward 4,2026-09-06
2026-09-04,38.894345,-76.986777,Ward 6,2026-09-05
2026-09-04,38.894962,-76.997623,Ward 6,2026-09-06
2026-09-04,38.871052,-76.975575,Ward 8,2026-09-07
2026-09-04,38.897827,-76.983885,Ward 6,2026-09-06
2026-09-04,38.905621,-76.975791,Ward 5,2026-09-05
2026-09-04,38.879746,-76.963353,Ward 7,2026-09-05
2026-09-04,38.927456,-77.028271,Ward 1,2026-09-05
2026-09-04,38.867432,-76.970553,Ward 8,2026-09-06
2026-09-04,38.875671,-77.010429,Ward 6,2026-09-05
2026-09-04,38.893381,-76.990448,Ward 6,2026-09-05
2026-09-04,38.897559,-76.984110,Ward 6,2026-09-06
2026-09-04,38.888736,-76.929171,Ward 7,2026-09-06
2026-09-04,38.894255,-77.000170,Ward 6,2026-09-11
2026-09-04,38.894881,-76.938221,Ward 7,2026-09-06
2026-09-04,38.909170,-77.057806,Ward 2,2026-09-07
2026-09-04,38.892497,-76.957742,Ward 7,2026-09-09
2026-09-04,38.920755,-77.038710,Ward 1,2026-09-07
2026-09-04,38.883375,-76.940746,Ward 7,2026-09-07
2026-09-04,38.877713,-76.937023,Ward 7,2026-09-09
2026-09-04,38.897107,-76.985294,Ward 6,2026-09-05
2026-09-04,38.904470,-76.991089,Ward 5,2026-09-05
2026-09-04,38.864763,-76.970342,Ward 7,2026-09-10
2026-09-04,38.867280,-76.970237,Ward 8,2026-09-06
2026-09-04,38.883516,-76.996432,Ward 6,2026-09-08
2026-09-04,38.894351,-76.987717,Ward 6,2026-09-05
2026-09-04,38.901644,-76.928408,Ward 7,2026-09-08
2026-09-04,38.897827,-76.983885,Ward 6,2026-09-06
2026-09-04,38.882543,-76.997999,Ward 6,2026-09-05
2026-09-04,38.896954,-76.985752,Ward 6,2026-09-05
2026-09-04,38.955267,-77.017106,Ward 4,2026-09-07
2026-09-04,38.883457,-76.984610,Ward 6,2026-09-05
2026-09-04,38.882543,-76.997999,Ward 6,2026-09-05
2026-09-04,38.894627,-76.924474,Ward 7,2026-09-09
2026-09-04,38.895647,-76.980986,Ward 7,2026-09-05
2026-09-04,38.913344,-77.012158,Ward 5,2026-09-06
2026-09-04,38.883911,-76.979835,Ward 7,2026-09-05
2026-09-04,38.896253,-76.980276,Ward 7,2026-09-04
2026-09-04,38.886723,-76.984294,Ward 6,2026-09-07
2026-09-04,38.897520,-76.985772,Ward 6,
2026-09-04,38.896828,-76.982985,Ward 7,2026-09-06
2026-09-04,38.892410,-76.975960,Ward 7,2026-09-06
2026-09-04,38.962885,-77.000581,Ward 4,2026-09-09
2026-09-04,38.896263,-76.978786,Ward 7,2026-09-06
2026-09-04,38.911486,-77.034805,Ward 2,2026-09-07
2026-09-04,38.892008,-76.982217,Ward 7,2026-09-06
2026-09-04,38.925465,-77.041103,Ward 1,2026-09-07
2026-09-04,38.919052,-77.044781,Ward 1,2026-09-07
2026-09-04,38.894165,-76.957507,Ward 7,2026-09-11
2026-09-04,38.902036,-76.927434,Ward 7,2026-09-08
2026-09-04,38.867280,-76.970237,Ward 8,2026-09-06
2026-09-04,38.930326,-77.057475,Ward 3,2026-09-07
2026-09-04,38.881076,-76.993075,Ward 6,2026-09-05
2026-09-04,38.897289,-76.972672,Ward 7,2026-09-04
2026-09-04,38.935897,-76.980416,Ward 5,2026-09-05
2026-09-04,38.902578,-76.936899,Ward 7,2026-09-06
2026-09-04,38.936321,-77.023543,Ward 1,2026-09-07
2026-09-04,38.899931,-76.927161,Ward 7,2026-09-08
2026-09-04,38.927079,-76.992175,Ward 5,2026-09-05
2026-09-04,38.909330,-77.083213,Ward 3,2026-09-07
2026-09-04,38.894946,-76.993938,Ward 6,2026-09-05
2026-09-04,38.929148,-76.964919,Ward 5,
2026-09-04,38.892060,-76.930472,Ward 7,2026-09-08
2026-09-04,38.933038,-76.966069,Ward 5,2026-09-05
2026-09-04,38.897312,-76.937532,Ward 7,2026-09-06
2026-09-04,38.896878,-76.937526,Ward 7,2026-09-06
2026-09-04,38.886476,-76.983901,Ward 6,2026-09-09
2026-09-04,38.897357,-76.937527,Ward 7,2026-09-06
2026-09-04,38.943146,-77.039509,Ward 4,2026-09-06
2026-09-04,38.947226,-76.981432,Ward 5,2026-09-05
2026-09-04,38.901370,-76.984925,Ward 5,2026-09-05
2026-09-04,38.921533,-77.010010,Ward 5,2026-09-05
2026-09-04,38.904502,-76.991145,Ward 5,2026-09-05
2026-09-04,38.901327,-77.002036,Ward 6,2026-09-05
2026-09-04,38.930894,-77.028255,Ward 1,2026-09-07
2026-09-04,38.928083,-77.102891,Ward 3,2026-09-06
2026-09-04,38.895109,-76.912928,Ward 7,2026-09-07
2026-09-04,38.926808,-77.076769,Ward 3,2026-09-05
2026-09-04,38.923981,-77.026556,Ward 1,2026-09-05
2026-09-04,38.895023,-76.994487,Ward 6,2026-09-05
2026-09-04,38.912600,-77.004371,Ward 5,2026-09-05
2026-09-04,38.921587,-77.045186,Ward 1,2026-09-05
2026-09-04,38.900753,-76.931432,Ward 7,
2026-09-04,38.899812,-76.922357,Ward 7,2026-09-10
2026-09-04,38.881465,-76.981708,Ward 6,2026-09-08
2026-09-04,38.886892,-76.924999,Ward 7,2026-09-05
2026-09-04,38.914300,-77.038157,Ward 2,2026-09-05
2026-09-04,38.924291,-76.999650,Ward 5,2026-09-05
2026-09-04,38.903271,-76.999754,Ward 6,2026-09-05
2026-09-04,38.938305,-77.032453,Ward 4,2026-09-07
2026-09-04,38.922512,-77.032505,Ward 1,2026-09-05
2026-09-04,38.885847,-76.948737,Ward 7,2026-09-08
2026-09-04,38.920544,-77.028654,Ward 1,2026-09-05
2026-09-04,38.933114,-77.046997,Ward 1,2026-09-07
2026-09-04,38.910714,-77.019618,Ward 2,2026-09-05
2026-09-04,38.932497,-77.018952,Ward 1,2026-09-07
2026-09-04,38.888066,-76.950481,Ward 7,2026-09-08
2026-09-04,38.903084,-76.934640,Ward 7,2026-09-09
2026-09-04,38.893593,-76.960215,Ward 7,2026-09-07
2026-09-04,38.897478,-76.989273,Ward 6,2026-09-07
2026-09-04,38.924510,-76.977558,Ward 5,2026-09-05
2026-09-04,38.906891,-76.980794,Ward 5,2026-09-05
2026-09-04,38.884686,-76.991997,Ward 6,2026-09-04
2026-09-04,38.868844,-76.966935,Ward 7,2026-09-08
2026-09-04,38.882725,-76.997315,Ward 6,2026-09-05
2026-09-04,38.875411,-77.011215,Ward 6,2026-09-05
2026-09-04,38.906242,-77.013828,Ward 5,2026-09-06
2026-09-04,38.906122,-77.013433,Ward 5,2026-09-06
2026-09-04,38.901887,-77.001807,Ward 6,2026-09-05
2026-09-04,38.906871,-77.013824,Ward 5,2026-09-06
2026-09-04,38.902988,-76.931136,Ward 7,2026-09-09
2026-09-04,38.897501,-76.988564,Ward 6,2026-09-06
2026-09-04,38.896951,-76.992855,Ward 6,2026-09-05
2026-09-04,38.865544,-76.948155,Ward 7,2026-09-07
2026-09-04,38.931340,-76.976833,Ward 5,
2026-09-04,38.890530,-76.934081,Ward 7,2026-09-07
2026-09-04,38.883850,-76.991276,Ward 6,2026-09-05
2026-09-04,38.906909,-77.013824,Ward 5,2026-09-06
2026-09-04,38.957862,-77.017246,Ward 4,2026-09-05
2026-09-04,38.903043,-76.930922,Ward 7,2026-09-09
2026-09-04,38.931340,-76.976833,Ward 5,
2026-09-04,38.873123,-77.010459,Ward 6,2026-09-05
2026-09-04,38.940048,-76.991158,Ward 5,2026-09-05
2026-09-04,38.890096,-76.983100,Ward 7,2026-09-08
2026-09-04,38.904296,-76.937631,Ward 7,2026-09-06
2026-09-04,38.912350,-77.005820,Ward 5,2026-09-06
2026-09-04,38.905230,-76.943172,Ward 7,
2026-09-04,38.874458,-77.009784,Ward 6,2026-09-05
2026-09-04,38.896313,-76.939423,Ward 7,2026-09-06
2026-09-04,38.923007,-77.032343,Ward 1,2026-09-05
2026-09-04,38.872204,-76.936310,Ward 7,2026-09-09
2026-09-04,38.923727,-77.025956,Ward 1,2026-09-05
2026-09-04,38.897625,-76.980409,Ward 7,2026-09-06
2026-09-04,38.923981,-77.026556,Ward 1,2026-09-05
2026-09-04,38.897897,-76.980553,Ward 7,2026-09-06
2026-09-04,38.890797,-76.935166,Ward 7,2026-09-07
2026-09-04,38.897641,-76.980528,Ward 7,2026-09-06
2026-09-04,38.897683,-76.980766,Ward 7,2026-09-06
2026-09-04,38.897897,-76.980553,Ward 7,2026-09-06
2026-09-04,38.924000,-77.026350,Ward 1,2026-09-05
2026-09-04,38.930911,-77.026277,Ward 1,2026-09-07
2026-09-04,38.914093,-77.037494,Ward 2,2026-09-07
2026-09-04,38.919737,-77.047991,Ward 1,2026-09-07
2026-09-04,38.930508,-77.027672,Ward 1,2026-09-04
2026-09-04,38.860709,-76.985716,Ward 8,2026-09-05
2026-09-04,38.933347,-77.031009,Ward 1,2026-09-05
2026-09-04,38.930894,-77.028255,Ward 1,2026-09-07
2026-09-04,38.860337,-76.986217,Ward 8,2026-09-05
2026-09-04,38.933347,-77.031009,Ward 1,2026-09-05
2026-09-04,38.860344,-76.986726,Ward 8,2026-09-05
2026-09-04,38.934779,-77.034377,Ward 1,2026-09-07
2026-09-04,38.934393,-77.031010,Ward 1,2026-09-05
2026-09-04,38.934738,-77.034331,Ward 1,2026-09-07
2026-09-04,38.934627,-77.034185,Ward 1,2026-09-07
2026-09-04,38.923991,-77.026452,Ward 1,2026-09-05
2026-09-04,38.939974,-77.031805,Ward 4,2026-09-05
2026-09-04,38.911971,-77.015982,Ward 5,2026-09-05
2026-09-04,38.939952,-77.031004,Ward 4,2026-09-09
2026-09-04,38.940045,-77.032991,Ward 4,2026-09-06
2026-09-04,38.921646,-76.984581,Ward 5,
2026-09-04,38.940601,-77.035409,Ward 4,2026-09-05
2026-09-04,38.926498,-77.036154,Ward 1,2026-09-05
2026-09-05,38.913525,-77.011108,Ward 5,2026-09-06
2026-09-05,38.914091,-77.038480,Ward 2,2026-09-05
2026-09-05,38.887326,-76.992438,Ward 6,2026-09-07
2026-09-05,38.924995,-77.031398,Ward 1,2026-09-07
2026-09-05,38.927079,-76.992175,Ward 5,2026-09-05
2026-09-05,38.922512,-77.032505,Ward 1,2026-09-05
2026-09-05,38.861907,-76.949110,Ward 7,2026-09-06
2026-09-05,38.934744,-77.031916,Ward 1,2026-09-05
2026-09-05,38.929534,-76.980639,Ward 5,2026-09-05
2026-09-05,38.927079,-76.992175,Ward 5,2026-09-05
2026-09-05,38.920681,-77.076034,Ward 3,2026-09-05
2026-09-05,38.881483,-77.000254,Ward 6,2026-09-08
2026-09-05,38.924524,-77.030250,Ward 1,2026-09-07
2026-09-05,38.885099,-76.920106,Ward 7,2026-09-08
2026-09-05,38.966202,-77.007033,Ward 4,2026-09-05
2026-09-05,38.854929,-76.989555,Ward 8,2026-09-08
2026-09-05,38.886467,-76.927350,Ward 7,2026-09-08
2026-09-05,38.888955,-76.929577,Ward 7,2026-09-06
2026-09-05,38.937748,-77.033503,Ward 4,2026-09-06
2026-09-05,38.914091,-77.038480,Ward 2,2026-09-05
2026-09-05,38.927832,-77.028905,Ward 1,2026-09-05
2026-09-05,38.896253,-76.980276,Ward 7,2026-09-05
2026-09-05,38.853297,-76.983303,Ward 8,2026-09-08
2026-09-05,38.913189,-77.012438,Ward 5,2026-09-06
2026-09-05,38.913346,-77.036513,Ward 2,2026-09-07
2026-09-05,38.891511,-76.982408,Ward 7,2026-09-06
2026-09-05,38.895573,-76.989004,Ward 6,2026-09-05
2026-09-05,38.966202,-77.007033,Ward 4,2026-09-05
2026-09-05,38.870225,-76.943019,Ward 7,2026-09-05
2026-09-05,38.907371,-76.928223,Ward 7,2026-09-06
2026-09-05,38.907371,-76.928223,Ward 7,2026-09-06
2026-09-05,38.891200,-76.983646,Ward 7,2026-09-09
2026-09-05,38.912854,-77.075879,Ward 2,2026-09-05
2026-09-05,38.868977,-76.981298,Ward 8,2026-09-08
2026-09-05,38.908522,-77.057093,Ward 2,2026-09-05
2026-09-05,38.862681,-76.948421,Ward 7,2026-09-06
2026-09-05,38.887404,-76.987525,Ward 6,2026-09-07
2026-09-05,38.902558,-76.926469,Ward 7,2026-09-07
2026-09-05,38.870199,-76.938788,Ward 7,2026-09-06
2026-09-05,38.869672,-76.979956,Ward 8,2026-09-07
2026-09-05,38.870260,-76.938400,Ward 7,2026-09-06
2026-09-05,38.940958,-77.020015,Ward 4,2026-09-11
2026-09-05,38.902841,-76.927997,Ward 7,2026-09-07
2026-09-05,38.886196,-76.992985,Ward 6,2026-09-06
2026-09-05,38.893079,-76.983879,Ward 6,2026-09-08
2026-09-05,38.907924,-76.987496,Ward 5,2026-09-05
2026-09-05,38.902745,-76.937828,Ward 7,2026-09-06
2026-09-05,38.929534,-76.980639,Ward 5,2026-09-05
2026-09-05,38.902745,-76.937828,Ward 7,2026-09-06
2026-09-05,38.970515,-77.010745,Ward 4,2026-09-05
2026-09-05,38.888005,-76.992421,Ward 6,2026-09-07
2026-09-05,38.932209,-77.035045,Ward 1,2026-09-07
2026-09-05,38.860709,-76.985716,Ward 8,2026-09-06
2026-09-05,38.862333,-76.948564,Ward 7,2026-09-06
2026-09-05,38.905819,-76.944874,Ward 7,
2026-09-05,38.884546,-76.926487,Ward 7,2026-09-08
2026-09-05,38.886814,-76.991528,Ward 6,2026-09-08
2026-09-05,38.887592,-76.986913,Ward 6,2026-09-07
2026-09-05,38.887146,-76.985510,Ward 6,2026-09-07
2026-09-05,38.886196,-76.992985,Ward 6,2026-09-06
2026-09-05,38.932537,-76.990998,Ward 5,2026-09-05
2026-09-05,38.890699,-76.997960,Ward 6,2026-09-09
2026-09-05,38.890707,-76.947698,Ward 7,2026-09-08
2026-09-05,38.913472,-77.012428,Ward 5,2026-09-06
2026-09-05,38.929501,-77.080215,Ward 3,2026-09-05
2026-09-05,38.929019,-77.077052,Ward 3,2026-09-05
2026-09-05,38.887758,-76.978277,Ward 7,2026-09-06
2026-09-05,38.869473,-76.965286,Ward 7,2026-09-08
2026-09-05,38.885844,-76.992401,Ward 6,2026-09-06
2026-09-05,38.895354,-76.993754,Ward 6,2026-09-05
2026-09-05,38.896712,-76.991065,Ward 6,2026-09-05
2026-09-05,38.888488,-76.982870,Ward 7,2026-09-08
2026-09-05,38.930286,-77.081183,Ward 3,2026-09-05
2026-09-05,38.888785,-76.954945,Ward 7,2026-09-05
2026-09-05,38.844516,-77.001610,Ward 8,2026-09-08
2026-09-05,38.919242,-77.024608,Ward 1,2026-09-07
2026-09-05,38.898033,-76.985239,Ward 6,2026-09-06
2026-09-05,38.887413,-76.997942,Ward 6,2026-09-07
2026-09-05,38.929012,-77.062298,Ward 3,2026-09-05
2026-09-05,38.881667,-76.981472,Ward 6,2026-09-08
2026-09-05,38.900503,-76.926395,Ward 7,2026-09-07
2026-09-05,38.894597,-76.980434,Ward 7,2026-09-05
2026-09-05,38.925980,-76.998700,Ward 5,2026-09-05
2026-09-05,38.884997,-76.989974,Ward 6,2026-09-06
2026-09-05,38.896357,-76.993577,Ward 6,2026-09-05
2026-09-05,38.894946,-76.993938,Ward 6,2026-09-05
2026-09-05,38.882099,-76.942606,Ward 7,2026-09-07
2026-09-05,38.934922,-77.083070,Ward 3,2026-09-06
2026-09-05,38.866826,-76.944520,Ward 7,2026-09-06
2026-09-05,38.896712,-76.991065,Ward 6,2026-09-05
2026-09-05,38.895621,-76.998016,Ward 6,2026-09-06
2026-09-05,38.904183,-76.932922,Ward 7,2026-09-06
2026-09-05,38.891818,-76.959515,Ward 7,2026-09-07
2026-09-05,38.894601,-76.983275,Ward 7,2026-09-06
2026-09-05,38.890776,-76.926054,Ward 7,2026-09-08
2026-09-05,38.918291,-77.013284,Ward 5,2026-09-06
2026-09-05,38.908016,-77.026230,Ward 2,2026-09-07
2026-09-05,38.925396,-77.008152,Ward 5,2026-09-05
2026-09-05,38.891587,-76.984748,Ward 6,2026-09-07
2026-09-05,38.864463,-76.986460,Ward 8,2026-09-05
2026-09-05,38.887713,-77.045093,Ward 2,2026-09-09
2026-09-05,38.924518,-77.031133,Ward 1,2026-09-07
2026-09-05,38.885538,-76.985306,Ward 6,2026-09-08
2026-09-05,38.906494,-77.052676,Ward 2,2026-09-05
2026-09-05,38.895275,-76.975066,Ward 7,2026-09-07
2026-09-05,38.892649,-76.984074,Ward 6,2026-09-08
2026-09-05,38.895227,-76.974624,Ward 7,2026-09-07
2026-09-05,38.908763,-77.055838,Ward 2,2026-09-05
2026-09-05,38.893104,-76.986634,Ward 6,2026-09-08
2026-09-05,38.896253,-76.980276,Ward 7,2026-09-05
2026-09-05,38.864205,-76.947160,Ward 7,2026-09-08
2026-09-05,38.896850,-76.995877,Ward 6,2026-09-07
2026-09-05,38.898055,-76.995240,Ward 6,2026-09-06
2026-09-05,38.893929,-76.917556,Ward 7,2026-09-07
2026-09-05,38.898617,-76.942074,Ward 7,2026-09-06
2026-09-05,38.892193,-76.985172,Ward 6,2026-09-08
2026-09-05,38.867458,-76.984895,Ward 8,2026-09-09
2026-09-05,38.894776,-77.013669,Ward 6,2026-09-07
2026-09-05,38.884274,-77.001310,Ward 6,2026-09-07
2026-09-05,38.960005,-77.031846,Ward 4,2026-09-07
2026-09-05,38.911918,-77.015942,Ward 5,2026-09-05
2026-09-05,38.913151,-77.070477,Ward 2,2026-09-05
2026-09-05,38.890885,-76.948799,Ward 7,2026-09-08
2026-09-05,38.906186,-76.940502,Ward 7,2026-09-06
2026-09-05,38.958165,-77.022397,Ward 4,2026-09-05
2026-09-05,38.895026,-76.993542,Ward 6,2026-09-05
2026-09-05,38.926591,-76.998711,Ward 5,2026-09-05
2026-09-05,38.924115,-77.045668,Ward 1,2026-09-05
2026-09-05,38.855615,-76.959045,Ward 7,2026-09-07
2026-09-05,38.907204,-76.928142,Ward 7,2026-09-06
2026-09-05,38.890095,-76.981733,Ward 7,2026-09-06
2026-09-05,38.887785,-76.977462,Ward 7,2026-09-08
2026-09-05,38.897625,-76.980409,Ward 7,2026-09-06
2026-09-05,38.938497,-76.986229,Ward 5,2026-09-05
2026-09-05,38.892893,-76.960623,Ward 7,2026-09-10
2026-09-05,38.904884,-76.934578,Ward 7,2026-09-10
2026-09-05,38.937830,-77.066167,Ward 3,2026-09-05
2026-09-05,38.877013,-76.965869,Ward 7,2026-09-06
2026-09-05,38.960005,-77.031846,Ward 4,2026-09-07
2026-09-05,38.893620,-76.922928,Ward 7,2026-09-08
2026-09-05,38.887784,-76.977694,Ward 7,2026-09-08
2026-09-05,38.902201,-76.932472,Ward 7,2026-09-06
2026-09-05,38.892074,-76.931942,Ward 7,2026-09-08
2026-09-05,38.890681,-76.953736,Ward 7,2026-09-09
2026-09-05,38.883066,-76.921956,Ward 7,2026-09-07
2026-09-05,38.940815,-77.035223,Ward 4,2026-09-05
2026-09-05,38.890046,-76.929566,Ward 7,2026-09-08
2026-09-05,38.869327,-76.971909,Ward 8,2026-09-06
2026-09-05,38.872380,-76.954073,Ward 7,2026-09-08
2026-09-05,38.942089,-77.039181,Ward 4,2026-09-06
2026-09-05,38.897297,-76.941366,Ward 7,2026-09-06
2026-09-05,38.904387,-77.012442,Ward 6,2026-09-08
2026-09-05,38.894951,-76.991692,Ward 6,2026-09-06
2026-09-05,38.897136,-76.985703,Ward 6,2026-09-05
2026-09-05,38.926740,-77.076794,Ward 3,2026-09-05
2026-09-05,38.893750,-76.986048,Ward 6,2026-09-05
2026-09-05,38.899932,-76.927040,Ward 7,2026-09-08
2026-09-05,38.892539,-76.991341,Ward 6,2026-09-07
2026-09-05,38.868297,-76.944835,Ward 7,2026-09-09
2026-09-05,38.891814,-76.991323,Ward 6,2026-09-07
2026-09-05,38.891319,-76.991255,Ward 6,2026-09-08
2026-09-05,38.929105,-76.992650,Ward 5,2026-09-05
2026-09-05,38.887794,-76.989717,Ward 6,2026-09-05
2026-09-05,38.881460,-76.981762,Ward 6,2026-09-08
2026-09-05,38.966683,-77.005735,Ward 4,2026-09-05
2026-09-05,38.926402,-77.076592,Ward 3,2026-09-05
2026-09-05,38.868069,-76.970902,Ward 8,2026-09-06
2026-09-05,38.904252,-76.933528,Ward 7,2026-09-06
2026-09-05,38.873816,-76.964770,Ward 7,2026-09-08
2026-09-05,38.896357,-76.993577,Ward 6,2026-09-05
2026-09-05,38.895446,-76.977257,Ward 7,2026-09-07
2026-09-05,38.879979,-76.938355,Ward 7,2026-09-07
2026-09-05,38.887854,-76.981006,Ward 7,2026-09-07
2026-09-05,38.943040,-77.014371,Ward 4,2026-09-05
2026-09-05,38.893356,-76.992429,Ward 6,2026-09-06
2026-09-05,38.866276,-76.970213,Ward 8,2026-09-06
2026-09-05,38.902375,-76.924443,Ward 7,2026-09-07
2026-09-05,38.932229,-77.030633,Ward 1,2026-09-05
2026-09-05,38.897582,-76.993140,Ward 6,2026-09-11
2026-09-05,38.891885,-76.932228,Ward 7,2026-09-08
2026-09-05,38.885761,-76.960037,Ward 7,2026-09-05
2026-09-05,38.924379,-77.044318,Ward 1,2026-09-07
2026-09-05,38.897509,-76.986371,Ward 6,2026-09-05
2026-09-05,38.885217,-76.959801,Ward 7,2026-09-05
2026-09-05,38.914748,-77.070656,Ward 2,2026-09-05
2026-09-05,38.924587,-77.043421,Ward 1,2026-09-05
2026-09-05,38.921724,-77.047266,Ward 1,2026-09-07
2026-09-05,38.886933,-76.989741,Ward 6,2026-09-08
2026-09-05,38.917203,-77.039410,Ward 1,2026-09-07
2026-09-05,38.892316,-76.983312,Ward 7,2026-09-08
2026-09-05,38.905963,-77.011945,Ward 6,2026-09-08
2026-09-05,38.934428,-77.022940,Ward 1,2026-09-07
2026-09-05,38.934363,-77.041467,Ward 1,2026-09-07
2026-09-05,38.868731,-76.979742,Ward 8,2026-09-08
2026-09-05,38.934363,-77.041467,Ward 1,2026-09-07
2026-09-05,38.906940,-76.928322,Ward 7,
2026-09-05,38.892523,-76.935622,Ward 7,2026-09-07
2026-09-05,38.883022,-76.980337,Ward 7,2026-09-05
2026-09-05,38.934029,-77.034068,Ward 1,2026-09-07
2026-09-05,38.892066,-76.934202,Ward 7,2026-09-07
2026-09-05,38.898737,-76.990018,Ward 6,2026-09-07
2026-09-05,38.886872,-76.998193,Ward 6,2026-09-08
2026-09-05,38.878339,-76.943927,Ward 7,2026-09-08
2026-09-05,38.908634,-77.071621,Ward 2,2026-09-07
2026-09-05,38.891838,-76.984158,Ward 6,2026-09-08
2026-09-05,38.866276,-76.970213,Ward 8,2026-09-06
2026-09-05,38.905645,-77.012171,Ward 6,2026-09-08
2026-09-05,38.891838,-76.984158,Ward 6,2026-09-07
2026-09-05,38.933432,-77.079765,Ward 3,2026-09-06
2026-09-05,38.882273,-76.933624,Ward 7,2026-09-05
2026-09-05,38.889255,-76.983913,Ward 6,2026-09-06
2026-09-05,38.844516,-77.001610,Ward 8,2026-09-08
2026-09-05,38.894960,-76.986445,Ward 6,2026-09-05
2026-09-05,38.891589,-77.000321,Ward 6,2026-09-07
2026-09-05,38.905002,-76.985275,Ward 5,2026-09-05
2026-09-05,38.844516,-77.001610,Ward 8,2026-09-08
2026-09-05,38.891723,-76.994961,Ward 6,2026-09-08
2026-09-05,38.885908,-76.933572,Ward 7,2026-09-09
2026-09-05,38.878557,-76.989398,Ward 6,2026-09-06
2026-09-05,38.901971,-77.001853,Ward 6,2026-09-05
2026-09-05,38.888484,-76.999321,Ward 6,2026-09-06
2026-09-05,38.930418,-76.968171,Ward 5,2026-09-06
2026-09-05,38.905398,-76.944765,Ward 7,2026-09-11
2026-09-05,38.892425,-76.983034,Ward 7,2026-09-06
2026-09-05,38.901327,-77.002036,Ward 6,2026-09-05
2026-09-05,38.931152,-77.030701,Ward 1,2026-09-05
2026-09-05,38.858906,-76.968195,Ward 8,2026-09-08
2026-09-05,38.844677,-76.999873,Ward 8,2026-09-08
2026-09-05,38.873510,-76.968042,Ward 7,2026-09-08
2026-09-05,38.964167,-77.028206,Ward 4,2026-09-05
2026-09-05,38.895960,-76.979170,Ward 7,2026-09-06
2026-09-05,38.928363,-76.982609,Ward 5,2026-09-05
2026-09-05,38.881071,-76.992919,Ward 6,2026-09-05
2026-09-05,38.933530,-77.081831,Ward 3,2026-09-06
2026-09-05,38.899527,-76.932656,Ward 7,
2026-09-05,38.910616,-77.019617,Ward 2,2026-09-05
2026-09-05,38.926406,-77.076746,Ward 3,2026-09-05
2026-09-05,38.924881,-76.976965,Ward 5,2026-09-05
2026-09-05,38.887813,-77.015644,Ward 2,2026-09-07
2026-09-05,38.910698,-77.019171,Ward 2,2026-09-07
2026-09-05,38.904037,-76.942490,Ward 7,2026-09-05
2026-09-05,38.891825,-76.983049,Ward 7,2026-09-06
2026-09-05,38.895943,-76.918035,Ward 7,2026-09-07
2026-09-05,38.919031,-77.026531,Ward 1,2026-09-07
2026-09-05,38.903785,-76.934465,Ward 7,2026-09-06
2026-09-05,38.934135,-77.076787,Ward 3,2026-09-07
2026-09-05,38.886180,-77.001137,Ward 6,2026-09-05
2026-09-05,38.901474,-76.949898,Ward 7,2026-09-09
2026-09-05,38.868069,-76.970902,Ward 8,2026-09-06
2026-09-05,38.895026,-76.993542,Ward 6,2026-09-05
2026-09-05,38.943040,-77.014371,Ward 4,2026-09-05
2026-09-05,38.866613,-76.988635,Ward 8,2026-09-05
2026-09-05,38.929079,-77.025713,Ward 1,2026-09-08
2026-09-05,38.929484,-76.976029,Ward 5,2026-09-05
2026-09-05,38.896373,-76.931933,Ward 7,2026-09-07
2026-09-05,38.894612,-76.924398,Ward 7,2026-09-09
2026-09-05,38.880525,-76.984268,Ward 6,2026-09-08
2026-09-05,38.894960,-76.982522,Ward 7,2026-09-06
2026-09-05,38.899527,-76.932656,Ward 7,2026-09-07
2026-09-05,38.886230,-76.985758,Ward 6,2026-09-08
2026-09-05,38.834734,-76.988289,Ward 8,2026-09-09
2026-09-05,38.911507,-77.021113,Ward 2,2026-09-07
2026-09-05,38.925776,-76.988371,Ward 5,2026-09-05
2026-09-05,38.907814,-76.988468,Ward 5,2026-09-06
2026-09-05,38.887387,-76.988988,Ward 6,2026-09-08
2026-09-05,38.894629,-76.978306,Ward 7,2026-09-07
2026-09-05,38.928643,-76.995731,Ward 5,2026-09-05
2026-09-05,38.897897,-76.980553,Ward 7,2026-09-06
2026-09-05,38.947895,-77.066908,Ward 3,2026-09-08
2026-09-05,38.897837,-76.980173,Ward 7,2026-09-06
2026-09-05,38.871528,-76.972561,Ward 8,2026-09-09
2026-09-05,38.910142,-77.044887,Ward 2,2026-09-07
2026-09-05,38.934636,-77.072505,Ward 3,2026-09-07
2026-09-05,38.942906,-77.079520,Ward 3,2026-09-08
2026-09-05,38.912621,-77.075538,Ward 2,2026-09-05
2026-09-05,38.898020,-76.994484,Ward 6,2026-09-06
2026-09-05,38.894024,-76.987590,Ward 6,2026-09-05
2026-09-05,38.895930,-76.997873,Ward 6,
2026-09-05,38.897653,-76.981930,Ward 7,2026-09-06
2026-09-05,38.897914,-76.988092,Ward 6,2026-09-06
2026-09-05,38.870173,-76.966968,Ward 7,2026-09-08
2026-09-05,38.902471,-76.931970,Ward 7,
2026-09-05,38.900037,-76.988503,Ward 6,2026-09-05
2026-09-05,38.930796,-77.042523,Ward 1,2026-09-07
2026-09-05,38.879592,-76.935094,Ward 7,2026-09-05
2026-09-05,38.881064,-76.982503,Ward 6,2026-09-07
2026-09-05,38.856414,-76.980145,Ward 8,2026-09-08
2026-09-05,38.882714,-77.003250,Ward 6,2026-09-05
2026-09-05,38.899946,-76.989783,Ward 6,2026-09-07
2026-09-05,38.930343,-77.041121,Ward 1,2026-09-07
2026-09-05,38.946910,-77.075392,Ward 3,2026-09-08
2026-09-05,38.899932,-76.927040,Ward 7,
2026-09-05,38.888168,-76.993472,Ward 6,2026-09-06
2026-09-05,38.893929,-76.917556,Ward 7,2026-09-07
2026-09-05,38.897047,-76.990017,Ward 6,2026-09-07
2026-09-05,38.893970,-76.993981,Ward 6,2026-09-05
2026-09-05,38.907728,-77.083022,Ward 3,2026-09-07
2026-09-05,38.904502,-76.976958,Ward 5,2026-09-05
2026-09-05,38.875104,-76.966288,Ward 7,2026-09-08
2026-09-05,38.939571,-77.070427,Ward 3,2026-09-05
2026-09-05,38.901669,-76.932545,Ward 7,2026-09-06
2026-09-05,38.954455,-77.014783,Ward 4,2026-09-07
2026-09-05,38.893579,-76.976761,Ward 7,2026-09-06
2026-09-05,38.901268,-76.933538,Ward 7,2026-09-09
2026-09-05,38.912812,-77.015734,Ward 5,2026-09-09
2026-09-05,38.905221,-76.983362,Ward 5,2026-09-06
2026-09-05,38.901352,-76.975980,Ward 5,2026-09-05
2026-09-05,38.864766,-76.976642,Ward 8,2026-09-08
2026-09-05,38.862852,-77.000281,Ward 8,2026-09-09
2026-09-05,38.918387,-77.054647,Ward 2,2026-09-07
2026-09-05,38.907002,-76.941541,Ward 7,2026-09-05
2026-09-05,38.938497,-76.987577,Ward 5,2026-09-05
2026-09-05,38.897476,-76.915658,Ward 7,2026-09-07
2026-09-05,38.938497,-76.987577,Ward 5,2026-09-05
2026-09-05,38.939245,-77.021215,Ward 4,2026-09-09
2026-09-05,38.921284,-77.034264,Ward 1,2026-09-08
2026-09-05,38.902029,-76.933463,Ward 7,2026-09-09
2026-09-05,38.886977,-76.958312,Ward 7,2026-09-06
2026-09-05,38.886977,-76.958312,Ward 7,2026-09-08
2026-09-05,38.898587,-76.921609,Ward 7,2026-09-07
2026-09-05,38.895260,-76.935530,Ward 7,2026-09-06
2026-09-05,38.893754,-76.986094,Ward 6,2026-09-05
2026-09-05,38.905066,-76.986856,Ward 5,2026-09-05
2026-09-05,38.884065,-76.998985,Ward 6,2026-09-08
2026-09-05,38.884457,-76.943702,Ward 7,2026-09-07
2026-09-05,38.928975,-76.995936,Ward 5,2026-09-05
2026-09-05,38.930589,-76.995575,Ward 5,2026-09-05
2026-09-05,38.885276,-76.940996,Ward 7,2026-09-08
2026-09-05,38.907795,-76.987687,Ward 5,2026-09-05
2026-09-05,38.891270,-76.991231,Ward 6,2026-09-08
2026-09-05,38.896286,-76.981744,Ward 7,2026-09-07
2026-09-05,38.907782,-77.062886,Ward 2,2026-09-07
2026-09-05,38.901381,-76.923970,Ward 7,2026-09-07
2026-09-05,38.899956,-76.932328,Ward 7,
2026-09-05,38.873121,-77.012623,Ward 6,2026-09-05
2026-09-05,38.904131,-76.933459,Ward 7,2026-09-06
2026-09-05,38.929888,-77.057491,Ward 3,2026-09-07
2026-09-05,38.864074,-76.981706,Ward 8,2026-09-08
2026-09-05,38.923332,-77.025715,Ward 1,2026-09-07
2026-09-05,38.929053,-76.992658,Ward 5,2026-09-05
2026-09-05,38.895537,-76.984804,Ward 6,2026-09-08
2026-09-05,38.920419,-77.044749,Ward 1,2026-09-08
2026-09-05,38.895354,-76.993754,Ward 6,2026-09-05
2026-09-05,38.935839,-77.083061,Ward 3,2026-09-06
2026-09-05,38.892591,-76.991811,Ward 6,2026-09-07
2026-09-05,38.894947,-76.955691,Ward 7,2026-09-06
2026-09-05,38.898310,-77.019906,Ward 2,2026-09-07
2026-09-05,38.907555,-77.006179,Ward 6,2026-09-06
2026-09-05,38.898531,-76.981291,Ward 7,2026-09-06
2026-09-05,38.892091,-76.948055,Ward 7,2026-09-10
2026-09-05,38.950840,-76.996080,Ward 5,2026-09-05
2026-09-05,38.896866,-76.986409,Ward 6,2026-09-05
2026-09-05,38.920605,-76.981433,Ward 5,
2026-09-05,38.886705,-76.987291,Ward 6,2026-09-07
2026-09-05,38.894428,-76.986706,Ward 6,2026-09-06
2026-09-05,38.859036,-76.956236,Ward 7,2026-09-10
2026-09-05,38.841346,-76.977896,Ward 8,2026-09-07
2026-09-05,38.920605,-76.981433,Ward 5,
2026-09-05,38.958501,-76.993605,Ward 4,2026-09-06
2026-09-05,38.894955,-76.985252,Ward 6,2026-09-08
2026-09-05,38.891333,-76.985731,Ward 6,2026-09-07
2026-09-05,38.932141,-77.042709,Ward 1,2026-09-07
2026-09-05,38.944169,-77.073764,Ward 3,2026-09-08
2026-09-05,38.887785,-76.977462,Ward 7,2026-09-08
2026-09-05,38.883911,-76.979777,Ward 7,2026-09-05
2026-09-05,38.891388,-76.999761,Ward 6,2026-09-07
2026-09-05,38.899077,-76.920085,Ward 7,2026-09-07
2026-09-05,38.888437,-76.994339,Ward 6,2026-09-08
2026-09-05,38.933248,-77.089764,Ward 3,2026-09-07
2026-09-05,38.883945,-76.981019,Ward 7,2026-09-07
2026-09-05,38.931913,-76.968953,Ward 5,2026-09-05
2026-09-05,38.885866,-76.981992,Ward 7,2026-09-06
2026-09-05,38.884287,-76.980966,Ward 7,2026-09-07
2026-09-05,38.877712,-76.987181,Ward 6,2026-09-06
2026-09-05,38.885615,-76.923038,Ward 7,2026-09-08
2026-09-05,38.882487,-76.932647,Ward 7,2026-09-07
2026-09-05,38.860299,-76.987683,Ward 8,2026-09-05
2026-09-05,38.895933,-77.000028,Ward 6,2026-09-06
2026-09-05,38.894345,-76.986777,Ward 6,2026-09-06
2026-09-05,38.891350,-76.994744,Ward 6,2026-09-07
2026-09-05,38.896951,-76.992855,Ward 6,2026-09-06
2026-09-05,38.897517,-76.940895,Ward 7,2026-09-06
2026-09-05,38.907727,-76.987538,Ward 5,2026-09-06
2026-09-05,38.957414,-77.017121,Ward 4,2026-09-05
2026-09-05,38.909219,-77.056329,Ward 2,2026-09-07
2026-09-05,38.901601,-76.925084,Ward 7,2026-09-07
2026-09-05,38.877355,-76.962936,Ward 7,2026-09-06
2026-09-05,38.873592,-76.967511,Ward 7,2026-09-08
2026-09-05,38.910285,-76.939009,Ward 7,2026-09-06
2026-09-05,38.897932,-77.025505,Ward 2,2026-09-07
2026-09-05,38.886340,-76.980998,Ward 7,2026-09-08
2026-09-05,38.897879,-76.995891,Ward 6,2026-09-06
2026-09-05,38.903448,-76.930938,Ward 7,2026-09-09
2026-09-05,38.880716,-76.982406,Ward 6,2026-09-07
2026-09-05,38.927741,-77.055592,Ward 3,2026-09-08
2026-09-05,38.897938,-76.995873,Ward 6,2026-09-06
2026-09-05,38.937357,-76.993850,Ward 5,2026-09-05
2026-09-05,38.912346,-77.005763,Ward 5,2026-09-06
2026-09-05,38.883819,-76.960584,Ward 7,2026-09-08
2026-09-05,38.911496,-77.022198,Ward 2,2026-09-07
2026-09-05,38.943005,-77.090183,Ward 3,2026-09-07
2026-09-05,38.886705,-76.987291,Ward 6,2026-09-06
2026-09-05,38.905498,-77.012012,Ward 6,2026-09-08
2026-09-05,38.897311,-76.941303,Ward 7,2026-09-06
2026-09-05,38.897513,-76.991948,Ward 6,2026-09-06
2026-09-05,38.850378,-76.980751,Ward 8,2026-09-08
2026-09-05,38.909403,-77.025103,Ward 2,2026-09-06
2026-09-05,38.892205,-76.959102,Ward 7,2026-09-09
2026-09-05,38.840407,-77.004213,Ward 8,2026-09-09
2026-09-05,38.893283,-76.935127,Ward 7,2026-09-07
2026-09-05,38.910282,-77.063499,Ward 2,2026-09-07
2026-09-05,38.912597,-77.005460,Ward 5,2026-09-06
2026-09-05,38.911214,-77.062030,Ward 2,2026-09-07
2026-09-05,38.840407,-77.004213,Ward 8,2026-09-09
2026-09-05,38.933246,-77.078971,Ward 3,2026-09-06
2026-09-05,38.890046,-76.929566,Ward 7,2026-09-08
2026-09-05,38.901289,-76.920546,Ward 7,2026-09-07
2026-09-05,38.879485,-76.935470,Ward 7,2026-09-05
2026-09-05,38.926659,-76.960995,Ward 5,
2026-09-05,38.885982,-76.978573,Ward 7,2026-09-07
2026-09-05,38.919492,-77.046661,Ward 1,2026-09-07
2026-09-05,38.881996,-76.993761,Ward 6,2026-09-06
2026-09-05,38.856573,-76.976843,Ward 8,2026-09-08
2026-09-05,38.876969,-76.963098,Ward 7,2026-09-06
2026-09-05,38.872112,-76.970486,Ward 7,2026-09-08
2026-09-05,38.934272,-76.969549,Ward 5,
2026-09-05,38.894778,-76.976218,Ward 7,2026-09-07
2026-09-05,38.868704,-76.976437,Ward 8,2026-09-07
2026-09-05,38.891039,-76.930882,Ward 7,2026-09-08
2026-09-05,38.870199,-76.938788,Ward 7,2026-09-06
2026-09-05,38.894086,-76.977017,Ward 7,2026-09-07
2026-09-05,38.886453,-76.933993,Ward 7,2026-09-06
2026-09-05,38.895356,-76.974115,Ward 7,2026-09-07
2026-09-05,38.891154,-76.994322,Ward 6,2026-09-07
2026-09-05,38.894618,-76.992404,Ward 6,2026-09-06
2026-09-05,38.905641,-77.005885,Ward 6,2026-09-08
2026-09-05,38.910571,-77.045167,Ward 2,2026-09-07
2026-09-05,38.986353,-77.030285,Ward 4,2026-09-06
2026-09-05,38.947870,-76.990575,Ward 5,2026-09-06
2026-09-05,38.947870,-76.990575,Ward 5,2026-09-08
2026-09-05,38.895470,-76.974571,Ward 7,2026-09-07
2026-09-05,38.947870,-76.990575,Ward 5,2026-09-06
2026-09-05,38.899959,-76.931907,Ward 7,
2026-09-05,38.895132,-77.032800,Ward 2,2026-09-07
2026-09-05,38.883492,-76.982474,Ward 7,2026-09-07
2026-09-05,38.897530,-77.002221,Ward 6,2026-09-08
2026-09-05,38.947646,-76.990707,Ward 5,2026-09-08
2026-09-05,38.896586,-77.030004,Ward 2,2026-09-07
2026-09-05,38.879092,-76.992184,Ward 6,2026-09-06
2026-09-05,38.929871,-76.989308,Ward 5,2026-09-07
2026-09-06,38.879653,-76.984640,Ward 6,2026-09-06
2026-09-06,38.899547,-76.931669,Ward 7,
2026-09-06,38.939118,-77.028324,Ward 4,
2026-09-06,38.917194,-77.026562,Ward 1,2026-09-07
2026-09-06,38.913906,-77.049944,Ward 2,2026-09-07
2026-09-06,38.925074,-77.007854,Ward 5,2026-09-06
2026-09-06,38.901972,-76.979869,Ward 5,2026-09-06
2026-09-06,38.893738,-76.987736,Ward 6,2026-09-07
2026-09-06,38.906642,-77.066291,Ward 2,2026-09-08
2026-09-06,38.896268,-76.979639,Ward 7,2026-09-08
2026-09-06,38.875041,-76.933030,Ward 7,2026-09-09
2026-09-06,38.939958,-77.062233,Ward 3,2026-09-06
2026-09-06,38.890703,-76.947833,Ward 7,2026-09-08
2026-09-06,38.891118,-76.949858,Ward 7,2026-09-08
2026-09-06,38.876982,-76.965782,Ward 7,2026-09-06
2026-09-06,38.894946,-76.993938,Ward 6,2026-09-06
2026-09-06,38.915762,-77.095999,Ward 3,2026-09-07
2026-09-06,38.879279,-76.989278,Ward 6,2026-09-08
2026-09-06,38.957509,-77.016755,Ward 4,2026-09-06
2026-09-06,38.885958,-76.985765,Ward 6,2026-09-08
2026-09-06,38.899566,-76.931947,Ward 7,
2026-09-06,38.890699,-76.997960,Ward 6,2026-09-09
2026-09-06,38.962187,-77.019220,Ward 4,
2026-09-06,38.919352,-77.028502,Ward 1,2026-09-08
2026-09-06,38.869304,-76.965126,Ward 7,2026-09-08
2026-09-06,38.927403,-77.038107,Ward 1,2026-09-07
2026-09-06,38.910480,-76.933285,Ward 7,2026-09-11
2026-09-06,38.891708,-76.941271,Ward 7,2026-09-07
2026-09-06,38.892855,-76.983399,Ward 7,2026-09-08
2026-09-06,38.923921,-76.982923,Ward 5,2026-09-09
2026-09-06,38.929311,-76.985845,Ward 5,2026-09-06
2026-09-06,38.908802,-77.085274,Ward 3,2026-09-07
2026-09-06,38.905485,-77.012419,Ward 6,2026-09-08
2026-09-06,38.897540,-76.995631,Ward 6,2026-09-06
2026-09-06,38.897772,-76.995874,Ward 6,2026-09-06
2026-09-06,38.895482,-76.974100,Ward 7,2026-09-07
2026-09-06,38.895147,-76.974145,Ward 7,2026-09-07
2026-09-06,38.926750,-77.078158,Ward 3,2026-09-06
2026-09-06,38.853526,-76.971043,Ward 8,2026-09-08
2026-09-06,38.893739,-76.959325,Ward 7,2026-09-07
2026-09-06,38.877140,-76.939649,Ward 7,2026-09-07
2026-09-06,38.870252,-76.951955,Ward 7,2026-09-07
2026-09-06,38.894921,-76.994425,Ward 6,2026-09-06
2026-09-06,38.888495,-76.997643,Ward 6,2026-09-07
2026-09-06,38.908779,-77.025098,Ward 2,2026-09-07
2026-09-06,38.895026,-76.993542,Ward 6,2026-09-06
2026-09-06,38.897774,-76.916737,Ward 7,2026-09-07
2026-09-06,38.920888,-76.986687,Ward 5,
2026-09-06,38.880123,-76.981608,Ward 6,2026-09-08
2026-09-06,38.875699,-77.011221,Ward 6,2026-09-07
2026-09-06,38.907566,-77.057989,Ward 2,2026-09-07
2026-09-06,38.881115,-77.015439,Ward 6,2026-09-07
2026-09-06,38.894617,-76.977814,Ward 7,2026-09-07
2026-09-06,38.889495,-76.935317,Ward 7,2026-09-08
2026-09-06,38.901128,-76.928468,Ward 7,2026-09-08
2026-09-06,38.895573,-76.989611,Ward 6,2026-09-10
2026-09-06,38.870347,-76.943300,Ward 7,2026-09-09
2026-09-06,38.882714,-77.003250,Ward 6,2026-09-07
2026-09-06,38.964624,-77.033082,Ward 4,
2026-09-06,38.871870,-76.955523,Ward 7,2026-09-07
2026-09-06,38.901178,-77.001826,Ward 6,2026-09-06
2026-09-06,38.870369,-76.955867,Ward 7,2026-09-07
2026-09-06,38.906375,-76.942638,Ward 7,2026-09-07
2026-09-06,38.903307,-76.991985,Ward 6,
2026-09-06,38.895289,-76.981922,Ward 7,2026-09-06
2026-09-06,38.871923,-76.962607,Ward 7,2026-09-08
2026-09-06,38.868753,-76.941273,Ward 7,2026-09-09
2026-09-06,38.896268,-76.979639,Ward 7,2026-09-08
2026-09-06,38.908755,-77.046389,Ward 2,2026-09-07
2026-09-06,38.902528,-76.983640,Ward 5,2026-09-06
2026-09-06,38.874487,-77.009395,Ward 6,2026-09-07
2026-09-06,38.881119,-77.019698,Ward 6,2026-09-07
2026-09-06,38.931340,-76.976833,Ward 5,
2026-09-06,38.907050,-76.934057,Ward 7,2026-09-06
2026-09-06,38.906024,-76.941637,Ward 7,2026-09-09
2026-09-06,38.936534,-77.098250,Ward 3,2026-09-07
2026-09-06,38.871234,-76.945688,Ward 7,2026-09-09
2026-09-06,38.873121,-77.012623,Ward 6,2026-09-07
2026-09-06,38.900623,-77.019170,Ward 2,2026-09-07
2026-09-06,38.892641,-76.957750,Ward 7,2026-09-07
2026-09-06,38.870758,-76.945163,Ward 7,2026-09-08
2026-09-06,38.904443,-76.986427,Ward 5,2026-09-06
2026-09-06,38.943132,-77.034337,Ward 4,2026-09-09
2026-09-06,38.903307,-76.991985,Ward 6,
2026-09-06,38.923332,-77.025715,Ward 1,2026-09-07
2026-09-06,38.875039,-76.933166,Ward 7,2026-09-09
2026-09-06,38.900509,-76.937525,Ward 7,
2026-09-06,38.926903,-77.092511,Ward 3,2026-09-07
2026-09-06,38.899730,-76.939189,Ward 7,2026-09-07
2026-09-06,38.899730,-76.939189,Ward 7,2026-09-07
2026-09-06,38.884452,-76.982452,Ward 7,2026-09-07
2026-09-06,38.890721,-76.996990,Ward 6,2026-09-09
2026-09-06,38.903329,-76.992042,Ward 6,
2026-09-06,38.862702,-76.962510,Ward 7,2026-09-08
2026-09-06,38.885351,-76.923271,Ward 7,2026-09-08
2026-09-06,38.928633,-76.995257,Ward 5,2026-09-06
2026-09-06,38.890557,-76.928197,Ward 7,2026-09-08
2026-09-06,38.884096,-76.997056,Ward 6,2026-09-08
2026-09-06,38.890598,-76.928427,Ward 7,2026-09-08
2026-09-06,38.928633,-76.995257,Ward 5,2026-09-06
2026-09-06,38.893283,-76.935127,Ward 7,2026-09-07
2026-09-06,38.868999,-76.984261,Ward 8,2026-09-08
2026-09-06,38.893283,-76.935127,Ward 7,2026-09-07
2026-09-06,38.888984,-76.955776,Ward 7,2026-09-08
2026-09-06,38.892705,-76.936532,Ward 7,2026-09-07
2026-09-06,38.894431,-77.000356,Ward 6,2026-09-11
2026-09-06,38.893147,-76.935562,Ward 7,2026-09-07
2026-09-06,38.893746,-76.997235,Ward 6,2026-09-08
2026-09-06,38.892190,-76.992482,Ward 6,2026-09-06
2026-09-06,38.912333,-77.047537,Ward 2,2026-09-07
2026-09-06,38.892235,-76.994235,Ward 6,2026-09-08
2026-09-06,38.888984,-76.955776,Ward 7,2026-09-08
2026-09-06,38.891601,-76.982421,Ward 7,2026-09-06
2026-09-06,38.990490,-77.036933,Ward 4,
2026-09-06,38.892690,-76.985771,Ward 6,2026-09-08
2026-09-06,38.892378,-76.937049,Ward 7,2026-09-07
2026-09-06,38.897512,-76.991774,Ward 6,2026-09-07
2026-09-06,38.894956,-76.982959,Ward 7,2026-09-06
2026-09-06,38.892886,-76.936078,Ward 7,2026-09-07
2026-09-06,38.893705,-76.957734,Ward 7,2026-09-09
2026-09-06,38.868844,-76.966935,Ward 7,2026-09-08
2026-09-06,38.893067,-76.982213,Ward 7,2026-09-08
2026-09-06,38.922680,-77.095859,Ward 3,2026-09-07
2026-09-06,38.904529,-77.001104,Ward 6,2026-09-10
2026-09-06,38.924036,-77.026165,Ward 1,2026-09-07
2026-09-06,38.852421,-76.965166,Ward 8,2026-09-08
2026-09-06,38.890742,-76.996800,Ward 6,2026-09-09
2026-09-06,38.943132,-77.034337,Ward 4,2026-09-09
2026-09-06,38.892404,-76.983127,Ward 7,2026-09-08
2026-09-06,38.870252,-76.954804,Ward 7,2026-09-08
2026-09-06,38.873237,-76.977658,Ward 8,2026-09-07
2026-09-06,38.833112,-77.019534,Ward 8,2026-09-09
2026-09-06,38.896313,-76.939423,Ward 7,2026-09-07
2026-09-06,38.924291,-76.999650,Ward 5,2026-09-06
2026-09-06,38.897835,-76.980121,Ward 7,2026-09-06
2026-09-06,38.894977,-76.979690,Ward 7,2026-09-07
2026-09-06,38.897857,-76.994213,Ward 6,2026-09-07
2026-09-06,38.921471,-77.025822,Ward 1,2026-09-07
2026-09-06,38.889190,-76.992478,Ward 6,2026-09-07
2026-09-06,38.919183,-77.026513,Ward 1,2026-09-07
2026-09-06,38.904465,-76.929834,Ward 7,2026-09-07
2026-09-06,38.892624,-76.990629,Ward 6,2026-09-07
2026-09-06,38.933942,-77.052891,Ward 3,2026-09-07
2026-09-06,38.897581,-76.988505,Ward 6,2026-09-06
2026-09-06,38.839801,-77.003750,Ward 8,2026-09-09
2026-09-06,38.942552,-76.983332,Ward 5,2026-09-07
2026-09-06,38.903585,-77.000785,Ward 6,2026-09-08
2026-09-06,38.929888,-77.057491,Ward 3,2026-09-07
2026-09-06,38.877999,-77.000984,Ward 8,2026-09-08
2026-09-06,38.887816,-76.986045,Ward 6,2026-09-07
2026-09-06,38.906244,-76.977412,Ward 5,2026-09-07
2026-09-06,38.941576,-76.979824,Ward 5,2026-09-07
2026-09-06,38.893791,-76.996345,Ward 6,2026-09-08
2026-09-06,38.912350,-77.005820,Ward 5,2026-09-06
2026-09-06,38.877275,-76.939736,Ward 7,2026-09-07
2026-09-06,38.894617,-76.985713,Ward 6,2026-09-07
2026-09-06,38.943132,-77.034337,Ward 4,
2026-09-06,38.898908,-76.994961,Ward 6,
2026-09-06,38.830788,-77.000332,Ward 8,2026-09-09
2026-09-06,38.941984,-77.004740,Ward 5,2026-09-07
2026-09-06,38.900202,-76.994359,Ward 6,2026-09-07
2026-09-06,38.884103,-76.982226,Ward 7,2026-09-06
2026-09-06,38.894608,-76.979692,Ward 7,2026-09-07
2026-09-06,38.892675,-76.945915,Ward 7,2026-09-07
2026-09-06,38.894967,-76.979627,Ward 7,2026-09-07
2026-09-06,38.891601,-76.982421,Ward 7,2026-09-09
2026-09-06,38.892624,-76.990629,Ward 6,2026-09-07
2026-09-06,38.907814,-76.988468,Ward 5,2026-09-07
2026-09-06,38.896856,-76.980277,Ward 7,2026-09-07
2026-09-06,38.890543,-76.990012,Ward 6,2026-09-07
2026-09-06,38.897627,-76.980470,Ward 7,2026-09-07
2026-09-06,38.890543,-76.990012,Ward 6,2026-09-07
2026-09-06,38.897627,-76.980470,Ward 7,2026-09-07
2026-09-06,38.877732,-76.987807,Ward 6,2026-09-07
2026-09-06,38.890587,-76.991129,Ward 6,2026-09-11
2026-09-06,38.890939,-76.992207,Ward 6,2026-09-07
2026-09-06,38.891854,-76.994671,Ward 6,2026-09-08
2026-09-06,38.892591,-76.996388,Ward 6,2026-09-08
2026-09-06,38.893343,-76.998253,Ward 6,2026-09-08
2026-09-06,38.839801,-77.003750,Ward 8,2026-09-09
2026-09-06,38.893798,-77.000982,Ward 6,2026-09-07
2026-09-06,38.894255,-77.000170,Ward 6,2026-09-07
2026-09-06,38.898909,-76.988302,Ward 6,2026-09-07
2026-09-06,38.883017,-76.981805,Ward 7,2026-09-07
2026-09-06,38.897932,-77.025505,Ward 2,2026-09-07
2026-09-06,38.919031,-77.026531,Ward 1,2026-09-07
2026-09-06,38.976020,-77.027561,Ward 4,2026-09-07
2026-09-06,38.887220,-76.954430,Ward 7,2026-09-08
2026-09-06,38.886936,-76.954396,Ward 7,2026-09-08
2026-09-06,38.897932,-77.025505,Ward 2,2026-09-07
2026-09-07,38.887780,-76.989428,Ward 6,2026-09-08
2026-09-07,38.904666,-77.029963,Ward 2,2026-09-07
2026-09-07,38.896622,-76.917463,Ward 7,2026-09-07
2026-09-07,38.909357,-77.056368,Ward 2,2026-09-07
2026-09-07,38.892960,-76.985762,Ward 6,2026-09-08
2026-09-07,38.891362,-76.983872,Ward 6,2026-09-09
2026-09-07,38.883369,-76.978791,Ward 7,2026-09-07
2026-09-07,38.925396,-77.008152,Ward 5,2026-09-07
2026-09-07,38.891832,-76.981509,Ward 7,2026-09-08
2026-09-07,38.888050,-76.989117,Ward 6,2026-09-08
2026-09-07,38.919031,-77.026531,Ward 1,2026-09-07
2026-09-07,38.886531,-76.933193,Ward 7,2026-09-09
2026-09-07,38.875022,-76.932892,Ward 7,2026-09-09
2026-09-07,38.886410,-76.926871,Ward 7,2026-09-08
2026-09-07,38.890689,-76.948881,Ward 7,2026-09-08
2026-09-07,38.888497,-76.975512,Ward 7,2026-09-08
2026-09-07,38.886425,-76.994742,Ward 6,2026-09-07
2026-09-07,38.869015,-76.977073,Ward 8,2026-09-07
2026-09-07,38.933114,-77.046997,Ward 1,2026-09-07
2026-09-07,38.886705,-76.987291,Ward 6,2026-09-10
2026-09-07,38.891821,-76.981359,Ward 7,2026-09-08
2026-09-07,38.884830,-76.925819,Ward 7,2026-09-08
2026-09-07,38.897897,-76.980553,Ward 7,2026-09-07
2026-09-07,38.892497,-76.946928,Ward 7,2026-09-07
2026-09-07,38.894986,-76.975151,Ward 7,2026-09-07
2026-09-07,38.919031,-77.026531,Ward 1,2026-09-07
2026-09-07,38.898358,-76.922889,Ward 7,2026-09-07
2026-09-07,38.919902,-77.046270,Ward 1,2026-09-07
2026-09-07,38.897907,-76.980679,Ward 7,2026-09-07
2026-09-07,38.882837,-76.980767,Ward 7,2026-09-07
2026-09-07,38.896247,-76.976678,Ward 7,2026-09-07
2026-09-07,38.876217,-76.966840,Ward 7,2026-09-08
2026-09-07,38.891409,-76.934651,Ward 7,2026-09-07
2026-09-07,38.899885,-76.934617,Ward 7,2026-09-07
2026-09-07,38.892747,-76.909843,Ward 7,2026-09-07
2026-09-07,38.895923,-76.979322,Ward 7,2026-09-07
2026-09-07,38.871563,-76.975680,Ward 8,2026-09-07
2026-09-07,38.888497,-76.975512,Ward 7,2026-09-09
2026-09-07,38.907745,-76.938906,Ward 7,2026-09-07
2026-09-07,38.918218,-77.072033,Ward 3,2026-09-07
2026-09-07,38.894165,-76.957507,Ward 7,2026-09-07
2026-09-07,38.943525,-77.039075,Ward 4,2026-09-07
2026-09-07,38.926308,-76.991764,Ward 5,2026-09-07
2026-09-07,38.892190,-76.959441,Ward 7,2026-09-07
2026-09-07,38.895289,-76.981922,Ward 7,2026-09-07
2026-09-07,38.957862,-77.017320,Ward 4,2026-09-07
2026-09-07,38.860523,-76.986906,Ward 8,2026-09-08
2026-09-07,38.891514,-76.922469,Ward 7,2026-09-08
2026-09-07,38.904183,-76.932922,Ward 7,2026-09-11
2026-09-07,38.896792,-76.974189,Ward 7,2026-09-07
2026-09-07,38.865595,-76.950187,Ward 7,2026-09-07
2026-09-07,38.898310,-77.019906,Ward 2,2026-09-07
2026-09-07,38.948575,-77.091404,Ward 3,2026-09-07
2026-09-07,38.902871,-76.922608,Ward 7,
2026-09-07,38.886462,-76.980132,Ward 7,2026-09-07
2026-09-07,38.929871,-76.989308,Ward 5,2026-09-07
2026-09-07,38.871986,-76.962174,Ward 7,2026-09-08
2026-09-07,38.880668,-76.940324,Ward 7,2026-09-07
2026-09-07,38.923804,-77.034341,Ward 1,2026-09-08
2026-09-07,38.867053,-76.979508,Ward 8,2026-09-09
2026-09-07,38.891511,-76.982408,Ward 7,2026-09-09
2026-09-07,38.898667,-76.993990,Ward 6,2026-09-09
2026-09-07,38.899924,-76.940453,Ward 7,2026-09-08
2026-09-07,38.884997,-76.989974,Ward 6,2026-09-07
2026-09-07,38.920185,-77.030270,Ward 1,2026-09-08
2026-09-07,38.875104,-76.937035,Ward 7,2026-09-08
2026-09-07,38.898667,-76.993990,Ward 6,2026-09-09
2026-09-07,38.905840,-77.018401,Ward 2,2026-09-08
2026-09-07,38.933079,-77.044468,Ward 1,2026-09-07
2026-09-07,38.893435,-76.935146,Ward 7,2026-09-07
2026-09-07,38.890096,-76.983100,Ward 7,2026-09-08
2026-09-07,38.895260,-76.935530,Ward 7,2026-09-07
2026-09-07,38.886705,-76.987291,Ward 6,2026-09-08
2026-09-07,38.908755,-77.046389,Ward 2,2026-09-07
2026-09-07,38.870235,-76.959881,Ward 7,2026-09-08
2026-09-07,38.896519,-76.974265,Ward 7,2026-09-07
2026-09-07,38.891832,-76.983147,Ward 7,2026-09-08
2026-09-07,38.928459,-77.061706,Ward 3,2026-09-07
2026-09-07,38.948553,-77.094565,Ward 3,2026-09-08
2026-09-07,38.903084,-76.934640,Ward 7,2026-09-09
2026-09-07,38.899885,-76.934617,Ward 7,2026-09-10
2026-09-07,38.925489,-77.007527,Ward 5,2026-09-07
2026-09-07,38.875104,-76.966288,Ward 7,2026-09-08
2026-09-07,38.888340,-76.995945,Ward 6,2026-09-07
2026-09-07,38.976977,-77.034720,Ward 4,2026-09-08
2026-09-07,38.883929,-76.981930,Ward 7,2026-09-08
2026-09-07,38.945256,-77.070062,Ward 3,2026-09-08
2026-09-07,38.876217,-76.966840,Ward 7,2026-09-08
2026-09-07,38.937357,-76.993850,Ward 5,2026-09-07
2026-09-07,38.875374,-76.937074,Ward 7,2026-09-08
2026-09-07,38.872437,-76.972294,Ward 8,2026-09-09
2026-09-07,38.892705,-76.936532,Ward 7,2026-09-07
2026-09-07,38.871860,-76.975341,Ward 8,2026-09-07
2026-09-07,38.895929,-76.989642,Ward 6,2026-09-07
2026-09-07,38.914736,-77.071541,Ward 2,2026-09-07
2026-09-07,38.931139,-76.976225,Ward 5,2026-09-07
2026-09-07,38.895647,-76.980986,Ward 7,2026-09-07
2026-09-07,38.895923,-76.979322,Ward 7,2026-09-07
2026-09-07,38.894593,-76.989312,Ward 6,2026-09-07
2026-09-07,38.909564,-77.056032,Ward 2,2026-09-07
2026-09-07,38.889164,-76.983901,Ward 6,2026-09-09
2026-09-07,38.886933,-76.989741,Ward 6,2026-09-08
2026-09-07,38.886946,-76.989059,Ward 6,2026-09-08
2026-09-07,38.896828,-76.983104,Ward 7,2026-09-08
2026-09-07,38.895948,-76.977809,Ward 7,2026-09-08
2026-09-07,38.888674,-76.980764,Ward 7,2026-09-08
2026-09-07,38.933867,-76.980998,Ward 5,2026-09-07
2026-09-07,38.918616,-77.003141,Ward 5,2026-09-07
2026-09-07,38.903494,-76.933542,Ward 7,2026-09-10
2026-09-07,38.900188,-76.927370,Ward 7,2026-09-08
2026-09-07,38.869062,-76.957895,Ward 7,2026-09-08
2026-09-07,38.896574,-76.986971,Ward 6,2026-09-08
2026-09-07,38.891834,-76.984015,Ward 6,2026-09-08
2026-09-07,38.893991,-76.956363,Ward 7,
2026-09-07,38.921969,-77.078118,Ward 3,2026-09-08
2026-09-07,38.884990,-76.927096,Ward 7,2026-09-08
2026-09-07,38.867328,-76.943550,Ward 7,2026-09-08
2026-09-07,38.929888,-77.057491,Ward 3,2026-09-08
2026-09-07,38.890097,-76.949446,Ward 7,2026-09-08
2026-09-07,38.947638,-77.007084,Ward 5,2026-09-08
2026-09-07,38.942811,-76.983269,Ward 5,2026-09-08
2026-09-07,38.908350,-77.020772,Ward 2,2026-09-08
2026-09-07,38.900402,-76.926569,Ward 7,2026-09-08
2026-09-07,38.870565,-76.943014,Ward 7,2026-09-08
2026-09-07,38.922225,-77.025705,Ward 1,2026-09-08
2026-09-07,38.880525,-76.984268,Ward 6,2026-09-08
2026-09-07,38.906583,-77.029169,Ward 2,2026-09-08
2026-09-07,38.923142,-77.024834,Ward 1,2026-09-08
2026-09-07,38.896767,-76.975663,Ward 7,2026-09-08
2026-09-07,38.905620,-76.927159,Ward 7,2026-09-09
2026-09-07,38.867606,-76.978775,Ward 8,2026-09-09
2026-09-07,38.891082,-76.999993,Ward 6,2026-09-08
2026-09-07,38.893014,-76.997364,Ward 6,2026-09-09
2026-09-07,38.842682,-76.992896,Ward 8,2026-09-09
2026-09-07,38.888101,-76.977478,Ward 7,2026-09-08
2026-09-07,38.888464,-76.977891,Ward 7,2026-09-08
2026-09-07,38.891118,-76.981674,Ward 7,2026-09-08
2026-09-07,38.891511,-76.982408,Ward 7,2026-09-09
2026-09-07,38.891142,-77.002858,Ward 6,2026-09-08
2026-09-07,38.906949,-77.013825,Ward 5,2026-09-08
2026-09-07,38.892174,-76.982423,Ward 7,2026-09-09
2026-09-07,38.920185,-77.030270,Ward 1,2026-09-08
2026-09-07,38.901209,-77.053527,Ward 2,2026-09-09
2026-09-07,38.891833,-76.981443,Ward 7,2026-09-08
2026-09-07,38.933942,-77.052891,Ward 3,2026-09-08
2026-09-07,38.925509,-77.007395,Ward 5,2026-09-08
2026-09-07,38.892431,-76.978978,Ward 7,2026-09-08
2026-09-07,38.893575,-76.976886,Ward 7,2026-09-08
2026-09-07,38.888537,-76.986051,Ward 6,2026-09-09
2026-09-07,38.888867,-76.985993,Ward 6,2026-09-09
2026-09-07,38.892399,-76.976480,Ward 7,2026-09-08
2026-09-07,38.899894,-76.939458,Ward 7,2026-09-08
2026-09-07,38.956109,-77.086426,Ward 3,2026-09-08
2026-09-07,38.893706,-76.957251,Ward 7,2026-09-08
2026-09-08,38.894970,-76.976350,Ward 7,2026-09-09
2026-09-08,38.894945,-76.977885,Ward 7,2026-09-09
2026-09-08,38.967619,-77.058380,Ward 4,2026-09-08
2026-09-08,38.898917,-76.936792,Ward 7,2026-09-09
2026-09-08,38.895952,-76.978202,Ward 7,2026-09-08
2026-09-08,38.891338,-76.993220,Ward 6,2026-09-08
2026-09-08,38.897681,-76.939811,Ward 7,2026-09-08
2026-09-08,38.904230,-76.932510,Ward 7,2026-09-09
2026-09-08,38.926777,-76.982029,Ward 5,2026-09-08
2026-09-08,38.909065,-77.085993,Ward 3,2026-09-08
2026-09-08,38.909170,-77.057806,Ward 2,2026-09-08
2026-09-08,38.884904,-76.926306,Ward 7,2026-09-08
2026-09-08,38.909563,-77.055846,Ward 2,2026-09-08
2026-09-08,38.913919,-77.029931,Ward 2,2026-09-08
2026-09-08,38.907012,-76.930513,Ward 7,2026-09-10
2026-09-08,38.891711,-76.950183,Ward 7,2026-09-08
2026-09-08,38.888476,-76.982924,Ward 7,2026-09-08
2026-09-08,38.877922,-76.939030,Ward 7,2026-09-08
2026-09-08,38.907645,-76.988047,Ward 5,2026-09-08
2026-09-08,38.969554,-77.073993,Ward 3,2026-09-08
2026-09-08,38.868681,-76.946486,Ward 7,2026-09-08
2026-09-08,38.894329,-76.958421,Ward 7,2026-09-09
2026-09-08,38.988927,-77.039984,Ward 4,2026-09-08
2026-09-08,38.921302,-76.988491,Ward 5,2026-09-08
2026-09-08,38.905645,-77.012171,Ward 6,2026-09-08
2026-09-08,38.830679,-77.000799,Ward 8,2026-09-08
2026-09-08,38.940584,-77.032025,Ward 4,2026-09-11
2026-09-08,38.892842,-76.948226,Ward 7,2026-09-08
2026-09-08,38.901649,-76.926839,Ward 7,2026-09-08
2026-09-08,38.879976,-76.944023,Ward 7,2026-09-09
2026-09-08,38.893117,-76.912063,Ward 7,2026-09-08
2026-09-08,38.944302,-77.024441,Ward 4,
2026-09-08,38.867316,-76.943973,Ward 7,2026-09-08
2026-09-08,38.916293,-77.096076,Ward 3,2026-09-08
2026-09-08,38.890101,-76.933435,Ward 7,2026-09-08
2026-09-08,38.969223,-77.035584,Ward 4,
2026-09-08,38.886287,-76.923772,Ward 7,2026-09-08
2026-09-08,38.969223,-77.035584,Ward 4,2026-09-10
2026-09-08,38.867891,-76.948583,Ward 7,2026-09-08
2026-09-08,38.914675,-77.002422,Ward 5,2026-09-09
2026-09-08,38.891948,-76.924645,Ward 7,2026-09-08
2026-09-08,38.888215,-76.977477,Ward 7,2026-09-08
2026-09-08,38.917206,-77.022680,Ward 1,2026-09-08
2026-09-08,38.896928,-76.998214,Ward 6,2026-09-08
2026-09-08,38.890828,-76.951582,Ward 7,2026-09-08
2026-09-08,38.900500,-76.937689,Ward 7,
2026-09-08,38.851565,-76.965003,Ward 8,2026-09-08
2026-09-08,38.864147,-76.984697,Ward 8,2026-09-08
2026-09-08,38.901322,-77.018927,Ward 6,2026-09-09
2026-09-08,38.940774,-77.035281,Ward 4,2026-09-08
2026-09-08,38.886312,-76.923899,Ward 7,2026-09-08
2026-09-08,38.914736,-77.071541,Ward 2,2026-09-08
2026-09-08,38.897627,-76.980470,Ward 7,2026-09-08
2026-09-08,38.859835,-76.992479,Ward 8,2026-09-08
2026-09-08,38.896302,-76.995803,Ward 6,2026-09-08
2026-09-08,38.886287,-76.923772,Ward 7,2026-09-08
2026-09-08,38.924845,-76.997160,Ward 5,2026-09-08
2026-09-08,38.925356,-76.996374,Ward 5,2026-09-08
2026-09-08,38.885954,-76.930797,Ward 7,2026-09-08
2026-09-08,38.863613,-76.983866,Ward 8,2026-09-08
2026-09-08,38.878303,-76.939728,Ward 7,2026-09-09
2026-09-08,38.904026,-77.048315,Ward 2,2026-09-09
2026-09-08,38.891832,-76.983147,Ward 7,2026-09-08
2026-09-08,38.942036,-76.974406,Ward 5,2026-09-08
2026-09-08,38.871532,-76.974056,Ward 8,2026-09-08
2026-09-08,38.891124,-76.986224,Ward 6,2026-09-08
2026-09-08,38.897932,-77.025505,Ward 2,2026-09-09
2026-09-08,38.924039,-77.035577,Ward 1,2026-09-08
2026-09-08,38.859912,-76.992669,Ward 8,2026-09-08
2026-09-08,38.892483,-76.948021,Ward 7,2026-09-08
2026-09-08,38.908316,-76.938464,Ward 7,
2026-09-08,38.901684,-76.933327,Ward 7,2026-09-09
2026-09-08,38.898733,-76.995159,Ward 6,2026-09-08
2026-09-08,38.906647,-76.941694,Ward 7,2026-09-09
2026-09-08,38.902471,-76.931970,Ward 7,
2026-09-08,38.920888,-76.986687,Ward 5,2026-09-08
2026-09-08,38.894039,-76.989312,Ward 6,2026-09-08
2026-09-08,38.866930,-76.944502,Ward 7,2026-09-08
2026-09-08,38.896656,-76.991198,Ward 6,2026-09-08
2026-09-08,38.897885,-76.917995,Ward 7,2026-09-08
2026-09-08,38.917336,-77.072664,Ward 3,2026-09-08
2026-09-08,38.883808,-76.981020,Ward 7,2026-09-08
2026-09-08,38.947895,-77.066908,Ward 3,2026-09-08
2026-09-08,38.898153,-76.972168,Ward 5,2026-09-09
2026-09-08,38.896828,-76.983104,Ward 7,2026-09-08
2026-09-08,38.865548,-76.946555,Ward 7,2026-09-08
2026-09-08,38.896499,-76.917503,Ward 7,
2026-09-08,38.891319,-76.991255,Ward 6,2026-09-08
2026-09-08,38.886519,-76.934150,Ward 7,2026-09-08
2026-09-08,38.925356,-76.996374,Ward 5,2026-09-08
2026-09-08,38.894329,-76.958421,Ward 7,2026-09-09
2026-09-08,38.880995,-76.945306,Ward 7,2026-09-08
2026-09-08,38.882387,-76.940734,Ward 7,2026-09-09
2026-09-08,38.870084,-76.983077,Ward 8,2026-09-09
2026-09-08,38.929041,-77.023229,Ward 1,2026-09-08
2026-09-08,38.928155,-77.055530,Ward 3,2026-09-08
2026-09-08,38.908743,-76.930950,Ward 7,2026-09-10
2026-09-08,38.929888,-77.057491,Ward 3,2026-09-08
2026-09-08,38.896606,-76.974684,Ward 7,2026-09-08
2026-09-08,38.921780,-77.071577,Ward 3,2026-09-09
2026-09-08,38.896606,-76.974684,Ward 7,2026-09-08
2026-09-08,38.947739,-77.066675,Ward 3,2026-09-08
2026-09-08,38.892431,-76.978978,Ward 7,2026-09-09
2026-09-08,38.887166,-76.984797,Ward 6,2026-09-08
2026-09-08,38.884448,-76.921011,Ward 7,2026-09-08
2026-09-08,38.892262,-76.915333,Ward 7,2026-09-08
2026-09-08,38.879894,-77.022936,Ward 6,2026-09-09
2026-09-08,38.897341,-76.918019,Ward 7,2026-09-08
2026-09-08,38.897950,-76.999225,Ward 6,2026-09-08
2026-09-08,38.891145,-76.947697,Ward 7,2026-09-08
2026-09-08,38.830679,-77.000799,Ward 8,2026-09-08
2026-09-08,38.897140,-76.988670,Ward 6,2026-09-08
2026-09-08,38.905751,-76.984751,Ward 5,2026-09-08
2026-09-08,38.890365,-76.936042,Ward 7,2026-09-08
2026-09-08,38.905168,-76.928847,Ward 7,2026-09-10
2026-09-08,38.885558,-76.978828,Ward 7,2026-09-08
2026-09-08,38.895425,-77.021578,Ward 2,2026-09-09
2026-09-08,38.883735,-76.993064,Ward 6,2026-09-08
2026-09-08,38.884127,-76.957789,Ward 7,2026-09-08
2026-09-08,38.867230,-76.947281,Ward 7,2026-09-08
2026-09-08,38.878261,-77.013664,Ward 6,2026-09-09
2026-09-08,38.909222,-77.056002,Ward 2,2026-09-08
2026-09-08,38.886225,-76.923237,Ward 7,2026-09-08
2026-09-08,38.900369,-76.943252,Ward 7,2026-09-08
2026-09-08,38.898342,-76.980014,Ward 7,2026-09-09
2026-09-08,38.865250,-76.946078,Ward 7,2026-09-08
2026-09-08,38.925126,-77.007505,Ward 5,2026-09-08
2026-09-08,38.885029,-76.960028,Ward 7,2026-09-08
2026-09-08,38.896508,-76.974709,Ward 7,2026-09-08
2026-09-08,38.902881,-76.926323,Ward 7,
2026-09-08,38.894255,-77.000342,Ward 6,2026-09-09
2026-09-08,38.898120,-76.994964,Ward 6,2026-09-08
2026-09-08,38.891419,-76.912807,Ward 7,
2026-09-08,38.908229,-76.940485,Ward 7,
2026-09-08,38.931716,-76.983707,Ward 5,2026-09-08
2026-09-08,38.909432,-77.013976,Ward 5,2026-09-09
2026-09-08,38.904183,-76.932922,Ward 7,2026-09-10
2026-09-08,38.883052,-76.943025,Ward 7,2026-09-08
2026-09-08,38.890094,-77.003250,Ward 6,2026-09-08
2026-09-08,38.904241,-76.983390,Ward 5,2026-09-08
2026-09-08,38.896750,-76.974642,Ward 7,2026-09-08
2026-09-08,38.925788,-76.982149,Ward 5,2026-09-08
2026-09-08,38.897616,-76.980352,Ward 7,2026-09-08
2026-09-08,38.881459,-76.981338,Ward 6,2026-09-09
2026-09-08,38.899430,-76.926651,Ward 7,2026-09-09
2026-09-08,38.899133,-76.923962,Ward 7,2026-09-09
2026-09-08,38.918390,-77.003278,Ward 5,2026-09-09
2026-09-08,38.881062,-77.000209,Ward 6,2026-09-08
2026-09-08,38.891319,-76.991255,Ward 6,2026-09-08
2026-09-08,38.875837,-76.937155,Ward 7,2026-09-08
2026-09-08,38.894616,-76.987388,Ward 6,2026-09-08
2026-09-08,38.869668,-76.979657,Ward 8,2026-09-08
2026-09-08,38.895929,-76.989586,Ward 6,2026-09-08
2026-09-08,38.897727,-76.986319,Ward 6,2026-09-08
2026-09-08,38.948568,-77.068010,Ward 3,2026-09-09
2026-09-08,38.868044,-76.983580,Ward 8,2026-09-09
2026-09-08,38.888558,-76.977000,Ward 7,2026-09-08
2026-09-08,38.884637,-76.924281,Ward 7,2026-09-08
2026-09-08,38.922282,-77.074306,Ward 3,2026-09-09
2026-09-08,38.869668,-76.979657,Ward 8,2026-09-08
2026-09-08,38.898733,-76.995159,Ward 6,2026-09-08
2026-09-08,38.896704,-76.974652,Ward 7,2026-09-08
2026-09-08,38.891731,-76.982406,Ward 7,2026-09-08
2026-09-08,38.895748,-76.995953,Ward 6,2026-09-08
2026-09-08,38.925800,-77.089268,Ward 3,2026-09-09
2026-09-08,38.891290,-76.992954,Ward 6,2026-09-08
2026-09-08,38.898254,-77.019713,Ward 2,2026-09-09
2026-09-08,38.928172,-77.065037,Ward 3,2026-09-08
2026-09-08,38.889034,-76.926714,Ward 7,2026-09-08
2026-09-08,38.928040,-76.977528,Ward 5,2026-09-08
2026-09-08,38.870775,-76.940970,Ward 7,2026-09-08
2026-09-08,38.906801,-77.066074,Ward 2,2026-09-08
2026-09-08,38.907115,-76.987726,Ward 5,2026-09-08
2026-09-08,38.909941,-76.941661,Ward 7,2026-09-08
2026-09-08,38.901132,-76.984225,Ward 5,2026-09-08
2026-09-08,38.940334,-77.019366,Ward 4,2026-09-09
2026-09-08,38.901456,-76.924312,Ward 7,2026-09-09
2026-09-08,38.890078,-76.935960,Ward 7,2026-09-08
2026-09-08,38.869668,-76.979657,Ward 8,2026-09-08
2026-09-08,38.904026,-77.048315,Ward 2,2026-09-09
2026-09-08,38.940562,-77.033497,Ward 4,2026-09-09
2026-09-08,38.920298,-76.981166,Ward 5,2026-09-09
2026-09-08,38.937245,-76.990608,Ward 5,2026-09-08
2026-09-08,38.897139,-76.988981,Ward 6,2026-09-09
2026-09-08,38.905876,-76.986517,Ward 5,2026-09-09
2026-09-08,38.872602,-76.983125,Ward 8,2026-09-08
2026-09-08,38.901568,-76.924933,Ward 7,2026-09-09
2026-09-08,38.894623,-76.994474,Ward 6,2026-09-08
2026-09-08,38.867764,-76.943502,Ward 7,2026-09-08
2026-09-08,38.895805,-76.936774,Ward 7,2026-09-09
2026-09-08,38.931853,-77.065482,Ward 3,2026-09-09
2026-09-08,38.890037,-76.934162,Ward 7,2026-09-08
2026-09-08,38.865525,-76.948101,Ward 7,2026-09-08
2026-09-08,38.867266,-76.979006,Ward 8,2026-09-09
2026-09-08,38.916455,-77.004895,Ward 5,2026-09-09
2026-09-08,38.925582,-76.988114,Ward 5,2026-09-09
2026-09-08,38.927796,-77.055597,Ward 3,2026-09-08
2026-09-08,38.866930,-76.945033,Ward 7,2026-09-08
2026-09-08,38.892624,-76.982556,Ward 7,2026-09-08
2026-09-08,38.903715,-76.976220,Ward 5,2026-09-09
2026-09-08,38.900908,-76.926698,Ward 7,2026-09-09
2026-09-08,38.901675,-76.926875,Ward 7,2026-09-09
2026-09-08,38.896295,-76.991080,Ward 6,2026-09-08
2026-09-08,38.899905,-76.941759,Ward 7,2026-09-08
2026-09-08,38.886519,-76.934150,Ward 7,2026-09-09
2026-09-08,38.905342,-76.943628,Ward 7,2026-09-09
2026-09-08,38.826659,-77.012336,Ward 8,2026-09-09
2026-09-08,38.859835,-76.992479,Ward 8,2026-09-09
2026-09-08,38.898774,-76.921644,Ward 7,
2026-09-08,38.877675,-76.935973,Ward 7,2026-09-09
2026-09-08,38.871750,-76.977618,Ward 8,2026-09-09
2026-09-08,38.887588,-76.978126,Ward 7,2026-09-09
2026-09-08,38.897223,-76.937528,Ward 7,2026-09-09
2026-09-08,38.890084,-76.948948,Ward 7,2026-09-09
2026-09-08,38.932209,-77.035045,Ward 1,2026-09-09
2026-09-08,38.881629,-76.932422,Ward 7,2026-09-09
2026-09-08,38.897512,-76.991774,Ward 6,2026-09-08
2026-09-08,38.820424,-77.009056,Ward 8,2026-09-09
2026-09-08,38.841013,-77.003085,Ward 8,2026-09-08
2026-09-08,38.865477,-77.013454,Ward 6,2026-09-09
2026-09-08,38.905817,-76.978291,Ward 5,2026-09-08
2026-09-08,38.881758,-76.991783,Ward 6,2026-09-09
2026-09-08,38.934972,-77.041495,Ward 1,2026-09-09
2026-09-08,38.893561,-76.956585,Ward 7,2026-09-09
2026-09-08,38.891044,-76.946476,Ward 7,2026-09-09
2026-09-08,38.905249,-76.937623,Ward 7,2026-09-11
2026-09-08,38.942418,-77.071230,Ward 3,2026-09-09
2026-09-08,38.890698,-76.948548,Ward 7,2026-09-08
2026-09-08,38.890885,-76.948799,Ward 7,2026-09-08
2026-09-08,38.933079,-77.044468,Ward 1,2026-09-09
2026-09-08,38.902826,-76.927834,Ward 7,
2026-09-08,38.891339,-76.999782,Ward 6,2026-09-09
2026-09-08,38.904241,-76.983390,Ward 5,2026-09-09
2026-09-08,38.944095,-77.017490,Ward 4,2026-09-09
2026-09-08,38.891831,-76.921385,Ward 7,2026-09-09
2026-09-08,38.898737,-76.990018,Ward 6,2026-09-08
2026-09-08,38.890251,-76.950076,Ward 7,2026-09-09
2026-09-08,38.932530,-76.974420,Ward 5,2026-09-09
2026-09-08,38.892542,-76.984755,Ward 6,2026-09-09
2026-09-08,38.949553,-77.034305,Ward 4,2026-09-09
2026-09-08,38.901664,-76.928060,Ward 7,2026-09-09
2026-09-08,38.890704,-76.949078,Ward 7,2026-09-09
2026-09-08,38.890100,-76.925859,Ward 7,2026-09-11
2026-09-08,38.894431,-77.000356,Ward 6,2026-09-09
2026-09-08,38.903119,-76.933043,Ward 7,
2026-09-09,38.867622,-76.943516,Ward 7,2026-09-09
2026-09-09,38.976020,-77.027561,Ward 4,2026-09-09
2026-09-09,38.902655,-76.925075,Ward 7,
2026-09-09,38.876143,-76.934791,Ward 7,2026-09-09
2026-09-09,38.880123,-76.981608,Ward 6,2026-09-09
2026-09-09,38.930174,-77.037603,Ward 1,2026-09-09
2026-09-09,38.885814,-76.959497,Ward 7,2026-09-09
2026-09-09,38.921936,-77.024743,Ward 1,2026-09-09
2026-09-09,38.912395,-77.002226,Ward 5,2026-09-09
2026-09-09,38.874696,-76.935549,Ward 7,2026-09-09
2026-09-09,38.925126,-77.007505,Ward 5,2026-09-09
2026-09-09,38.881460,-76.981813,Ward 6,2026-09-09
2026-09-09,38.896267,-76.979694,Ward 7,2026-09-09
2026-09-09,38.901649,-76.926839,Ward 7,2026-09-09
2026-09-09,38.909843,-77.013903,Ward 5,2026-09-09
2026-09-09,38.896268,-76.979639,Ward 7,2026-09-09
2026-09-09,38.888816,-76.992019,Ward 6,2026-09-09
2026-09-09,38.908800,-77.031200,Ward 2,2026-09-09
2026-09-09,38.911724,-77.032953,Ward 2,2026-09-09
2026-09-09,38.890058,-76.936275,Ward 7,2026-09-11
2026-09-09,38.892885,-76.999264,Ward 6,2026-09-09
2026-09-09,38.892284,-76.952030,Ward 7,2026-09-09
2026-09-09,38.921303,-76.988590,Ward 5,2026-09-09
2026-09-09,38.921302,-76.988491,Ward 5,2026-09-09
2026-09-09,38.892044,-76.932619,Ward 7,2026-09-09
2026-09-09,38.903757,-77.048883,Ward 2,2026-09-09
2026-09-09,38.896535,-76.936233,Ward 7,2026-09-09
2026-09-09,38.893605,-76.941663,Ward 7,2026-09-09
2026-09-09,38.879104,-76.989353,Ward 6,2026-09-09
2026-09-09,38.891198,-76.933616,Ward 7,
2026-09-09,38.839801,-77.003750,Ward 8,2026-09-09
2026-09-09,38.893576,-76.976698,Ward 7,2026-09-09
2026-09-09,38.893580,-76.981470,Ward 7,2026-09-09
2026-09-09,38.910865,-77.087250,Ward 3,2026-09-09
2026-09-09,38.833180,-76.991585,Ward 8,2026-09-09
2026-09-09,38.897690,-76.937049,Ward 7,2026-09-09
2026-09-09,38.896125,-76.916016,Ward 7,2026-09-09
2026-09-09,38.894980,-76.975922,Ward 7,2026-09-09
2026-09-09,38.869944,-76.979601,Ward 8,2026-09-09
2026-09-09,38.905874,-76.933547,Ward 7,2026-09-09
2026-09-09,38.925726,-77.000357,Ward 5,2026-09-09
2026-09-09,38.925400,-76.998999,Ward 5,2026-09-09
2026-09-09,38.899133,-76.923962,Ward 7,2026-09-09
2026-09-09,38.929847,-77.057444,Ward 3,2026-09-09
2026-09-09,38.894314,-76.995932,Ward 6,2026-09-09
2026-09-09,38.925585,-76.998445,Ward 5,2026-09-09
2026-09-09,38.967153,-77.059949,Ward 4,2026-09-09
2026-09-09,38.924845,-76.997160,Ward 5,2026-09-09
2026-09-09,38.897774,-76.916737,Ward 7,
2026-09-09,38.890092,-76.934042,Ward 7,2026-09-09
2026-09-09,38.887417,-76.977434,Ward 7,2026-09-09
2026-09-09,38.963603,-77.003251,Ward 4,2026-09-09
2026-09-09,38.924512,-76.998444,Ward 5,2026-09-09
2026-09-09,38.903171,-77.059835,Ward 2,2026-09-09
2026-09-09,38.883462,-76.946669,Ward 7,2026-09-09
2026-09-09,38.924512,-76.998444,Ward 5,2026-09-09
2026-09-09,38.924328,-77.000269,Ward 5,2026-09-09
2026-09-09,38.910219,-77.028675,Ward 2,2026-09-09
2026-09-09,38.894946,-76.955406,Ward 7,2026-09-09
2026-09-09,38.920020,-77.002608,Ward 5,2026-09-09
2026-09-09,38.874700,-77.000113,Ward 8,2026-09-10
2026-09-09,38.921074,-77.044471,Ward 1,2026-09-09
2026-09-09,38.969811,-77.074174,Ward 3,2026-09-09
2026-09-09,38.908363,-77.023759,Ward 2,2026-09-09
2026-09-09,38.892496,-76.946794,Ward 7,2026-09-09
2026-09-09,38.901726,-76.938461,Ward 7,2026-09-10
2026-09-09,38.921606,-77.001823,Ward 5,2026-09-09
2026-09-09,38.892632,-76.991087,Ward 6,2026-09-09
2026-09-09,38.954433,-77.070056,Ward 3,2026-09-09
2026-09-09,38.911899,-77.022459,Ward 2,2026-09-09
2026-09-09,38.910941,-77.020795,Ward 2,
2026-09-09,38.911287,-77.020729,Ward 2,2026-09-09
2026-09-09,38.895916,-76.989416,Ward 6,2026-09-09
2026-09-09,38.905751,-76.984751,Ward 5,2026-09-09
2026-09-09,38.896828,-76.982985,Ward 7,2026-09-09
2026-09-09,38.937028,-76.990056,Ward 5,2026-09-09
2026-09-09,38.919660,-77.001590,Ward 5,2026-09-09
2026-09-09,38.864314,-76.950105,Ward 7,2026-09-09
2026-09-09,38.925578,-77.060388,Ward 3,2026-09-09
2026-09-09,38.906801,-77.066074,Ward 2,2026-09-09
2026-09-09,38.943421,-77.026443,Ward 4,2026-09-09
2026-09-09,38.899259,-76.976958,Ward 5,2026-09-09
2026-09-09,38.912606,-77.029622,Ward 2,2026-09-09
2026-09-09,38.866200,-76.977270,Ward 8,2026-09-09
2026-09-09,38.924072,-77.000894,Ward 5,2026-09-09
2026-09-09,38.894649,-77.000939,Ward 6,2026-09-09
2026-09-09,38.905087,-76.986908,Ward 5,2026-09-09
2026-09-09,38.897530,-77.002221,Ward 6,2026-09-09
2026-09-09,38.923720,-77.001780,Ward 5,2026-09-09
2026-09-09,38.871375,-76.972510,Ward 8,2026-09-09
2026-09-09,38.891825,-76.983049,Ward 7,2026-09-09
2026-09-09,38.924273,-77.001758,Ward 5,2026-09-09
2026-09-09,38.887445,-76.998130,Ward 6,2026-09-09
2026-09-09,38.905066,-76.986856,Ward 5,2026-09-09
2026-09-09,38.897721,-76.995257,Ward 6,2026-09-09
2026-09-09,38.929972,-77.058271,Ward 3,2026-09-09
2026-09-09,38.923180,-77.000881,Ward 5,2026-09-09
2026-09-09,38.907968,-77.055655,Ward 2,2026-09-09
2026-09-09,38.924210,-77.001319,Ward 5,2026-09-09
2026-09-09,38.892003,-76.988350,Ward 6,2026-09-09
2026-09-09,38.956248,-77.003680,Ward 4,2026-09-09
2026-09-09,38.902483,-76.928462,Ward 7,2026-09-09
2026-09-09,38.878243,-76.936387,Ward 7,2026-09-09
2026-09-09,38.840161,-77.003338,Ward 8,
2026-09-09,38.904823,-76.986288,Ward 5,2026-09-09
2026-09-09,38.928626,-76.995613,Ward 5,2026-09-09
2026-09-09,38.900675,-76.974426,Ward 5,2026-09-09
2026-09-09,38.897683,-76.980766,Ward 7,2026-09-09
2026-09-09,38.925111,-77.007570,Ward 5,2026-09-09
2026-09-09,38.931426,-76.976469,Ward 5,2026-09-09
2026-09-09,38.925242,-77.008064,Ward 5,2026-09-09
2026-09-09,38.870800,-76.960570,Ward 7,2026-09-09
2026-09-09,38.870173,-76.966968,Ward 7,2026-09-09
2026-09-09,38.879623,-76.963705,Ward 7,2026-09-09
2026-09-09,38.888504,-76.980067,Ward 7,2026-09-09
2026-09-09,38.898471,-77.019677,Ward 2,2026-09-09
2026-09-09,38.883062,-76.978041,Ward 7,2026-09-09
2026-09-09,38.901887,-77.001807,Ward 6,2026-09-09
2026-09-09,38.858606,-76.988251,Ward 8,2026-09-09
2026-09-09,38.894947,-76.955691,Ward 7,2026-09-09
2026-09-09,38.892262,-76.915333,Ward 7,2026-09-09
2026-09-09,38.893579,-76.976761,Ward 7,2026-09-09
2026-09-09,38.920985,-77.056912,Ward 3,2026-09-10
2026-09-09,38.831376,-77.009772,Ward 8,2026-09-09
2026-09-09,38.908331,-76.939334,Ward 7,2026-09-11
2026-09-09,38.903161,-76.993197,Ward 6,2026-09-09
2026-09-09,38.890756,-76.960929,Ward 7,2026-09-09
2026-09-09,38.910933,-77.034867,Ward 2,2026-09-09
2026-09-09,38.931139,-77.089270,Ward 3,2026-09-09
2026-09-09,38.898334,-76.980080,Ward 7,2026-09-09
2026-09-09,38.858153,-76.985334,Ward 8,2026-09-09
2026-09-09,38.891691,-76.936408,Ward 7,2026-09-10
2026-09-09,38.868993,-76.942999,Ward 7,2026-09-09
2026-09-09,38.880813,-76.928137,Ward 7,2026-09-09
2026-09-09,38.898186,-76.994213,Ward 6,2026-09-09
2026-09-09,38.940051,-77.039802,Ward 4,2026-09-09
2026-09-09,38.891406,-76.960006,Ward 7,2026-09-09
2026-09-09,38.892174,-76.982423,Ward 7,2026-09-09
2026-09-09,38.894590,-76.958253,Ward 7,2026-09-10
2026-09-09,38.943665,-77.054708,Ward 3,2026-09-10
2026-09-09,38.897837,-76.989790,Ward 6,2026-09-10
2026-09-09,38.937531,-77.071654,Ward 3,2026-09-10
2026-09-09,38.895916,-76.989529,Ward 6,2026-09-09
2026-09-09,38.916338,-77.067822,Ward 2,2026-09-09
2026-09-09,38.895447,-77.015983,Ward 6,2026-09-10
2026-09-09,38.891832,-76.983147,Ward 7,2026-09-11
2026-09-09,38.909077,-77.030323,Ward 2,2026-09-10
2026-09-09,38.911438,-77.001657,Ward 5,2026-09-10
2026-09-09,38.883366,-76.940621,Ward 7,2026-09-10
2026-09-09,38.922554,-77.100967,Ward 3,2026-09-10
2026-09-09,38.821503,-77.013199,Ward 8,2026-09-11
2026-09-09,38.934285,-76.962829,Ward 5,2026-09-10
2026-09-09,38.919342,-76.985537,Ward 5,2026-09-10
2026-09-09,38.928418,-77.088262,Ward 3,2026-09-10
2026-09-10,38.892354,-76.982426,Ward 7,2026-09-10
2026-09-10,38.976912,-77.027615,Ward 4,2026-09-10
2026-09-10,38.976566,-77.028132,Ward 4,2026-09-10
2026-09-10,38.976020,-77.027561,Ward 4,2026-09-10
2026-09-10,38.884716,-76.920646,Ward 7,2026-09-10
2026-09-10,38.877355,-76.994356,Ward 8,2026-09-10
2026-09-10,38.976912,-77.027615,Ward 4,2026-09-10
2026-09-10,38.927112,-77.024615,Ward 1,2026-09-10
2026-09-10,38.901508,-76.984565,Ward 5,2026-09-10
2026-09-10,38.883334,-76.922427,Ward 7,2026-09-10
2026-09-10,38.883334,-76.922427,Ward 7,2026-09-10
2026-09-10,38.912770,-77.027239,Ward 2,2026-09-10
2026-09-10,38.954713,-76.994445,Ward 5,2026-09-10
2026-09-10,38.896267,-76.979694,Ward 7,2026-09-10
2026-09-10,38.896268,-76.979639,Ward 7,2026-09-10
2026-09-10,38.939738,-77.036444,Ward 4,2026-09-10
2026-09-10,38.902330,-76.931985,Ward 7,2026-09-10
2026-09-10,38.901910,-76.930313,Ward 7,2026-09-10
2026-09-10,38.903316,-76.931427,Ward 7,2026-09-10
2026-09-10,38.939322,-77.037240,Ward 4,2026-09-10
2026-09-10,38.933896,-76.973953,Ward 5,2026-09-10
2026-09-10,38.890092,-76.934042,Ward 7,2026-09-10
2026-09-10,38.889762,-76.932396,Ward 7,2026-09-10
2026-09-10,38.901649,-76.926839,Ward 7,2026-09-10
2026-09-10,38.871894,-76.972949,Ward 8,2026-09-10
2026-09-10,38.939658,-76.989751,Ward 5,2026-09-10
2026-09-10,38.910702,-77.024881,Ward 2,2026-09-10
2026-09-10,38.880621,-76.930796,Ward 7,2026-09-10
2026-09-10,38.881458,-76.986970,Ward 6,2026-09-10
2026-09-10,38.919342,-76.985537,Ward 5,2026-09-10
2026-09-10,38.909221,-77.056403,Ward 2,2026-09-10
2026-09-10,38.891564,-76.936005,Ward 7,2026-09-10
2026-09-10,38.920505,-76.988115,Ward 5,2026-09-10
2026-09-10,38.967769,-77.036024,Ward 4,2026-09-10
2026-09-10,38.901161,-77.051717,Ward 2,2026-09-10
2026-09-10,38.882725,-76.997319,Ward 6,2026-09-10
2026-09-10,38.839511,-76.995195,Ward 8,2026-09-11
2026-09-10,38.879852,-76.984368,Ward 6,2026-09-10
2026-09-10,38.950564,-77.061386,Ward 3,2026-09-10
2026-09-10,38.895290,-76.982350,Ward 7,2026-09-10
2026-09-10,38.895573,-76.989611,Ward 6,2026-09-10
2026-09-10,38.941664,-77.035360,Ward 4,2026-09-10
2026-09-10,38.907039,-76.939428,Ward 7,2026-09-11
2026-09-10,38.896828,-76.983104,Ward 7,2026-09-10
2026-09-10,38.894650,-77.000997,Ward 6,2026-09-10
2026-09-10,38.909368,-77.055623,Ward 2,2026-09-10
2026-09-10,38.923629,-77.055689,Ward 3,2026-09-10
2026-09-10,38.878243,-76.936387,Ward 7,2026-09-10
2026-09-10,38.873592,-76.967511,Ward 7,2026-09-10
2026-09-10,38.912298,-77.085471,Ward 3,2026-09-10
2026-09-10,38.913891,-77.044015,Ward 2,2026-09-10
2026-09-10,38.891113,-76.950052,Ward 7,2026-09-10
2026-09-10,38.894342,-76.996843,Ward 6,2026-09-10
2026-09-10,38.906342,-77.014489,Ward 5,2026-09-11
2026-09-10,38.885903,-76.981999,Ward 7,2026-09-10
2026-09-10,38.883516,-76.996432,Ward 6,2026-09-10
2026-09-10,38.913501,-77.025244,Ward 2,
2026-09-10,38.892675,-76.985254,Ward 6,2026-09-10
2026-09-10,38.860709,-76.985716,Ward 8,2026-09-11
2026-09-10,38.934019,-77.075223,Ward 3,2026-09-10
2026-09-10,38.884617,-76.921762,Ward 7,2026-09-10
2026-09-10,38.946934,-76.995224,Ward 5,2026-09-10
2026-09-10,38.898779,-76.919682,Ward 7,2026-09-10
2026-09-10,38.986370,-77.029993,Ward 4,2026-09-10
2026-09-10,38.868781,-76.979641,Ward 8,2026-09-11
2026-09-10,38.892666,-76.982466,Ward 7,2026-09-10
2026-09-10,38.881609,-76.942183,Ward 7,2026-09-10
2026-09-10,38.898305,-76.981463,Ward 7,2026-09-10
2026-09-10,38.844867,-76.983057,Ward 8,2026-09-12
2026-09-10,38.908105,-77.064529,Ward 2,2026-09-10
2026-09-10,38.891339,-76.933681,Ward 7,2026-09-10
2026-09-10,38.893679,-76.946443,Ward 7,2026-09-10
2026-09-10,38.867303,-76.977149,Ward 8,2026-09-11
2026-09-10,38.905975,-77.056132,Ward 2,2026-09-10
2026-09-10,38.917203,-77.039410,Ward 1,2026-09-10
2026-09-10,38.897806,-77.000802,Ward 6,2026-09-10
2026-09-10,38.897806,-77.000802,Ward 6,2026-09-10
2026-09-10,38.967819,-77.029429,Ward 4,2026-09-10
2026-09-10,38.877977,-77.001812,Ward 8,2026-09-10
2026-09-10,38.904545,-76.934768,Ward 7,2026-09-10
2026-09-10,38.969977,-77.073475,Ward 3,2026-09-11
2026-09-10,38.829894,-76.998291,Ward 8,2026-09-11
2026-09-10,38.909844,-77.059480,Ward 2,2026-09-10
2026-09-10,38.909844,-77.059480,Ward 2,2026-09-10
2026-09-10,38.894953,-76.955476,Ward 7,2026-09-10
2026-09-10,38.890092,-76.934042,Ward 7,2026-09-10
2026-09-10,38.846670,-77.001858,Ward 8,2026-09-11
2026-09-10,38.875323,-76.937631,Ward 7,2026-09-10
2026-09-10,38.897518,-76.987625,Ward 6,2026-09-10
2026-09-10,38.914508,-77.003227,Ward 5,2026-09-10
2026-09-10,38.888869,-76.994305,Ward 6,2026-09-10
2026-09-10,38.895928,-76.988615,Ward 6,2026-09-10
2026-09-10,38.868068,-76.975350,Ward 8,2026-09-10
2026-09-10,38.881485,-76.997956,Ward 6,2026-09-10
2026-09-10,38.925024,-77.026499,Ward 1,2026-09-10
2026-09-10,38.895573,-76.989611,Ward 6,2026-09-10
2026-09-10,38.922962,-77.046437,Ward 1,2026-09-11
2026-09-10,38.888516,-76.994580,Ward 6,2026-09-10
2026-09-10,38.886382,-76.985745,Ward 6,2026-09-10
2026-09-10,38.900852,-76.946482,Ward 7,2026-09-11
2026-09-10,38.906647,-76.941694,Ward 7,2026-09-11
2026-09-10,38.912843,-77.087217,Ward 3,2026-09-10
2026-09-10,38.923332,-77.025715,Ward 1,2026-09-11
2026-09-10,38.925401,-76.969328,Ward 5,2026-09-11
2026-09-10,38.927368,-77.029483,Ward 1,2026-09-10
2026-09-10,38.862673,-76.970194,Ward 8,2026-09-11
2026-09-10,38.872782,-77.012473,Ward 6,2026-09-10
2026-09-10,38.886335,-76.943592,Ward 7,2026-09-10
2026-09-10,38.900066,-77.010301,Ward 6,2026-09-10
2026-09-10,38.899272,-76.928268,Ward 7,
2026-09-10,38.834821,-77.006500,Ward 8,2026-09-11
2026-09-10,38.925414,-77.008086,Ward 5,2026-09-11
2026-09-10,38.892072,-76.933500,Ward 7,2026-09-11
2026-09-10,38.952676,-77.075145,Ward 3,2026-09-11
2026-09-10,38.909077,-77.030323,Ward 2,
2026-09-10,38.902516,-76.926780,Ward 7,2026-09-10
2026-09-10,38.869958,-76.978199,Ward 8,2026-09-11
2026-09-10,38.881461,-76.989667,Ward 6,2026-09-10
2026-09-10,38.899953,-76.951299,Ward 7,2026-09-11
2026-09-10,38.890014,-76.927456,Ward 7,2026-09-11
2026-09-10,38.923332,-77.025715,Ward 1,2026-09-11
2026-09-10,38.923142,-77.024834,Ward 1,2026-09-11
2026-09-10,38.881066,-76.999810,Ward 6,2026-09-10
2026-09-10,38.894591,-76.958199,Ward 7,2026-09-11
2026-09-10,38.892690,-76.985771,Ward 6,2026-09-10
2026-09-10,38.912029,-77.011403,Ward 5,2026-09-11
2026-09-10,38.893250,-76.922423,Ward 7,2026-09-11
2026-09-10,38.904192,-77.013916,Ward 6,2026-09-11
2026-09-10,38.907641,-77.016051,Ward 2,2026-09-11
2026-09-10,38.937233,-77.032409,Ward 4,2026-09-11
2026-09-10,38.885125,-76.920271,Ward 7,2026-09-11
2026-09-10,38.948845,-77.076224,Ward 3,2026-09-11
2026-09-10,38.944785,-77.088636,Ward 3,2026-09-11
2026-09-10,38.931559,-77.089237,Ward 3,2026-09-11
2026-09-10,38.874756,-76.937619,Ward 7,2026-09-11
2026-09-11,38.933114,-77.046997,Ward 1,2026-09-11
2026-09-11,38.909368,-77.055623,Ward 2,2026-09-11
2026-09-11,38.976912,-77.027615,Ward 4,2026-09-11
2026-09-11,38.932395,-77.019472,Ward 1,2026-09-11
2026-09-11,38.927251,-76.985667,Ward 5,2026-09-11
2026-09-11,38.896865,-76.985959,Ward 6,2026-09-11
2026-09-11,38.944191,-77.019306,Ward 4,2026-09-11
2026-09-11,38.914704,-77.040510,Ward 2,2026-09-11
2026-09-11,38.911015,-77.059505,Ward 2,2026-09-11
2026-09-11,38.902483,-76.927682,Ward 7,2026-09-11
2026-09-11,38.912914,-77.017103,Ward 5,2026-09-11
2026-09-11,38.883024,-76.991271,Ward 6,2026-09-11
2026-09-11,38.952395,-77.081022,Ward 3,2026-09-11
2026-09-11,38.881810,-76.943004,Ward 7,2026-09-11
2026-09-11,38.893740,-76.958312,Ward 7,2026-09-11
2026-09-11,38.869672,-76.980555,Ward 8,2026-09-11
2026-09-11,38.897582,-76.993140,Ward 6,2026-09-11
2026-09-11,38.890050,-76.932627,Ward 7,2026-09-11
2026-09-11,38.933985,-77.076780,Ward 3,2026-09-11
2026-09-11,38.944492,-77.019077,Ward 4,2026-09-11
2026-09-11,38.884104,-76.992643,Ward 6,2026-09-11
2026-09-11,38.869658,-76.979535,Ward 8,2026-09-11
2026-09-11,38.905706,-76.986116,Ward 5,
2026-09-11,38.909368,-77.055623,Ward 2,2026-09-11
2026-09-11,38.905977,-76.985846,Ward 5,2026-09-11
2026-09-11,38.903170,-77.035928,Ward 2,2026-09-11
2026-09-11,38.896850,-76.990689,Ward 6,2026-09-11
2026-09-11,38.879623,-76.963705,Ward 7,2026-09-11
2026-09-11,38.915023,-77.040432,Ward 2,2026-09-11
2026-09-11,38.944492,-77.019077,Ward 4,2026-09-11
2026-09-11,38.938546,-77.076323,Ward 3,2026-09-11
2026-09-11,38.898998,-76.919994,Ward 7,2026-09-11
2026-09-11,38.955125,-77.070247,Ward 3,2026-09-11
2026-09-11,38.892414,-76.985760,Ward 6,2026-09-11
2026-09-11,38.942430,-77.071034,Ward 3,2026-09-11
2026-09-11,38.934267,-76.988608,Ward 5,2026-09-11
2026-09-11,38.954398,-76.990896,Ward 5,2026-09-11
2026-09-11,38.920700,-77.091937,Ward 3,2026-09-11
2026-09-11,38.848208,-76.977416,Ward 8,2026-09-11
2026-09-11,38.880247,-76.935575,Ward 7,2026-09-11
2026-09-11,38.975806,-77.025607,Ward 4,2026-09-11
2026-09-11,38.897575,-76.988927,Ward 6,2026-09-11
2026-09-11,38.904999,-76.943600,Ward 7,2026-09-11
2026-09-11,38.895958,-77.000137,Ward 6,2026-09-11
2026-09-11,38.912589,-77.067729,Ward 2,2026-09-11
2026-09-11,38.925465,-77.041103,Ward 1,2026-09-11
2026-09-11,38.904823,-76.986288,Ward 5,2026-09-11
2026-09-11,38.867423,-76.985303,Ward 8,2026-09-11
2026-09-11,38.954349,-77.023701,Ward 4,2026-09-11
2026-09-11,38.909249,-77.055798,Ward 2,2026-09-11
2026-09-11,38.869000,-76.984204,Ward 8,2026-09-11
2026-09-11,38.905879,-76.935182,Ward 7,2026-09-11
2026-09-11,38.890366,-76.991531,Ward 6,2026-09-11
2026-09-11,38.881810,-76.943004,Ward 7,2026-09-11
2026-09-11,38.851016,-76.965742,Ward 8,2026-09-11
2026-09-11,38.910941,-77.020795,Ward 2,2026-09-11
2026-09-11,38.931511,-77.110099,Ward 3,
2026-09-11,38.934318,-77.040553,Ward 1,2026-09-11
2026-09-11,38.898305,-76.981463,Ward 7,2026-09-11
2026-09-11,38.943373,-77.076335,Ward 3,2026-09-11
2026-09-11,38.911069,-77.059466,Ward 2,2026-09-11
2026-09-11,38.872567,-76.977590,Ward 8,2026-09-11
2026-09-11,38.892813,-76.989446,Ward 6,2026-09-11
2026-09-11,38.893236,-76.957238,Ward 7,2026-09-11
2026-09-11,38.929498,-77.040951,Ward 1,
2026-09-11,38.894227,-76.976448,Ward 7,
2026-09-11,38.865475,-76.959917,Ward 7,
2026-09-11,38.926591,-76.998711,Ward 5,2026-09-11
2026-09-11,38.865475,-76.959917,Ward 7,2026-09-11
2026-09-11,38.945949,-76.988265,Ward 5,2026-09-11
2026-09-11,38.911694,-77.018493,Ward 2,
2026-09-11,38.913922,-77.040335,Ward 2,
2026-09-11,38.911292,-77.043222,Ward 2,
2026-09-11,38.897855,-76.984401,Ward 6,
2026-09-11,38.948425,-77.084047,Ward 3,
2026-09-11,38.874267,-76.962531,Ward 7,
2026-09-11,38.912866,-77.017108,Ward 5,2026-09-11
2026-09-11,38.879485,-76.935470,Ward 7,2026-09-12
2026-09-11,38.951692,-77.080774,Ward 3,
2026-09-11,38.863967,-76.950159,Ward 7,2026-09-12
2026-09-11,38.911069,-77.059466,Ward 2,2026-09-11
2026-09-11,38.895977,-76.995244,Ward 6,
2026-09-11,38.896281,-76.982050,Ward 7,
2026-09-11,38.952219,-77.061409,Ward 3,
2026-09-11,38.929443,-77.100232,Ward 3,
2026-09-11,38.929377,-77.101105,Ward 3,
2026-09-11,38.918815,-77.006451,Ward 5,
2026-09-11,38.923305,-77.042278,Ward 1,
2026-09-11,38.864789,-76.985487,Ward 8,2026-09-11
2026-09-11,38.945949,-76.988265,Ward 5,2026-09-11
2026-09-11,38.918815,-77.006451,Ward 5,
2026-09-11,38.917921,-77.008008,Ward 5,
2026-09-11,38.894898,-76.989972,Ward 6,
2026-09-11,38.867152,-76.988906,Ward 8,2026-09-11
2026-09-11,38.918302,-77.006199,Ward 5,
2026-09-11,38.894327,-76.933879,Ward 7,
2026-09-11,38.944608,-77.019538,Ward 4,
2026-09-11,38.865125,-76.946059,Ward 7,2026-09-12
2026-09-12,38.883372,-76.949672,Ward 7,
2026-09-12,38.920144,-77.074125,Ward 3,
2026-09-12,38.897609,-76.970561,Ward 7,
2026-09-12,38.859167,-76.956443,Ward 7,
2026-09-12,38.864882,-76.946029,Ward 7,2026-09-12
2026-09-12,38.882838,-76.961453,Ward 7,
2026-09-12,38.881458,-76.984544,Ward 6,
2026-09-12,38.945792,-77.083505,Ward 3,
2026-09-12,38.885970,-76.978829,Ward 7,
2026-09-12,38.889400,-76.979192,Ward 7,
2026-09-12,38.883017,-76.981805,Ward 7,
2026-09-12,38.889483,-76.981404,Ward 7,
2026-09-12,38.901299,-76.934600,Ward 7,
2026-09-12,38.889535,-76.981866,Ward 7,
2026-09-12,38.888181,-76.977488,Ward 7,2026-09-12
2026-09-12,38.870315,-76.951070,Ward 7,
2026-09-12,38.894606,-76.991349,Ward 6,
2026-09-12,38.885970,-76.978829,Ward 7,
2026-09-12,38.951199,-77.086512,Ward 3,
2026-09-12,38.891556,-76.922454,Ward 7,
2026-09-12,38.905287,-76.938333,Ward 7,
2026-09-12,38.898566,-76.921216,Ward 7,2026-09-12
2026-09-12,38.958521,-77.030983,Ward 4,
2026-09-12,38.900923,-76.951113,Ward 7,
2026-09-12,38.902988,-76.931136,Ward 7,2026-09-12
2026-09-12,38.930109,-76.963019,Ward 5,
2026-09-12,38.885652,-77.002304,Ward 6,
2026-09-12,38.932085,-76.993846,Ward 5,
2026-09-12,38.919354,-77.075905,Ward 3,
2026-09-12,38.929734,-76.991321,Ward 5,
2026-09-12,38.895260,-76.935530,Ward 7,
2026-09-12,38.892421,-76.999772,Ward 6,
2026-09-12,38.930986,-77.110308,Ward 3,
2026-09-12,38.905567,-76.981109,Ward 5,
2026-09-12,38.885482,-76.923473,Ward 7,
2026-09-12,38.888866,-76.981269,Ward 7,
2026-09-12,38.935781,-77.087728,Ward 3,
2026-09-12,38.952151,-77.073729,Ward 3,
2026-09-12,38.894180,-76.940881,Ward 7,
2026-09-12,38.930424,-77.035518,Ward 1,
2026-09-12,38.895898,-76.930116,Ward 7,
2026-09-12,38.888181,-76.977488,Ward 7,
2026-09-12,38.930639,-76.986439,Ward 5,
2026-09-12,38.945542,-77.017058,Ward 4,
2026-09-12,38.905655,-76.981089,Ward 5,
2026-09-12,38.935365,-77.071964,Ward 3,
2026-09-12,38.895795,-76.942370,Ward 7,
2026-09-12,38.895623,-76.997799,Ward 6,
2026-09-12,38.886348,-77.001810,Ward 6,
2026-09-12,38.895290,-76.997601,Ward 6,
2026-09-12,38.904868,-76.998213,Ward 6,
2026-09-12,38.882996,-76.980964,Ward 7,
2026-09-12,38.886819,-76.979794,Ward 7,
2026-09-12,38.869661,-76.950930,Ward 7,
2026-09-12,38.927267,-77.023486,Ward 1,
2026-09-12,38.868428,-76.983006,Ward 8,
2026-09-12,38.889545,-76.995199,Ward 6,
2026-09-13,38.883307,-76.946399,Ward 7,
2026-09-13,38.956712,-77.058066,Ward 4,
2026-09-13,38.869223,-76.955557,Ward 7,
2026-09-13,38.956712,-77.058066,Ward 4,
2026-09-13,38.884101,-76.981496,Ward 7,
2026-09-13,38.931573,-76.972388,Ward 5,
2026-09-13,38.890087,-76.996356,Ward 6,
2026-09-13,38.958478,-77.065124,Ward 4,
2026-09-13,38.917203,-77.039353,Ward 1,
2026-09-13,38.956712,-77.058066,Ward 4,
2026-09-13,38.890931,-76.982931,Ward 7,
2026-09-13,38.909170,-77.057806,Ward 2,
2026-09-13,38.927569,-77.025361,Ward 1,
2026-09-13,38.882917,-76.998273,Ward 6,
