2020-01-01,38.840601,-76.976451,Ward 8,2020-01-01
2020-01-02,38.893959,-76.984777,Ward 6,2020-01-02
2020-01-02,38.924912,-76.983702,Ward 5,2020-01-03
2020-01-02,38.939459,-76.972716,Ward 5,2020-01-03
2020-01-02,38.864235,-76.960279,Ward 7,2020-01-02
2020-01-02,38.898245,-77.026712,Ward 2,2020-01-03
2020-01-02,38.915573,-77.037884,Ward 2,2020-01-03
2020-01-02,38.919510,-77.033849,Ward 1,2020-01-02
2020-01-02,38.855686,-76.962717,Ward 7,2020-01-03
2020-01-02,38.910497,-77.041893,Ward 2,2020-01-03
2020-01-02,38.935781,-77.087728,Ward 3,2020-01-03
2020-01-02,38.909642,-77.036524,Ward 2,2020-01-03
2020-01-03,38.895589,-76.999260,Ward 6,2020-01-03
2020-01-03,38.875797,-76.985599,Ward 6,2020-01-06
2020-01-03,38.944616,-77.092399,Ward 3,2020-01-03
2020-01-03,38.927730,-77.022784,Ward 1,2020-01-03
2020-01-03,38.927076,-77.025005,Ward 1,2020-01-06
2020-01-03,38.939917,-77.051885,Null,2020-01-06
2020-01-03,38.927267,-77.023486,Ward 1,2020-01-06
2020-01-03,38.928411,-77.029355,Ward 1,2020-01-06
2020-01-03,38.928387,-77.028573,Ward 1,2020-01-06
2020-01-03,38.928705,-77.027510,Ward 1,2020-01-06
2020-01-03,38.930774,-77.037675,Ward 1,2020-01-06
2020-01-03,38.914250,-77.032208,Ward 2,2020-01-08
2020-01-04,38.904222,-76.995922,Ward 6,2020-01-06
2020-01-04,38.939018,-77.040470,Ward 4,2020-01-06
2020-01-04,38.926907,-77.039921,Ward 1,2020-01-06
2020-01-04,38.911200,-77.067683,Ward 2,2020-01-06
2020-01-05,38.963822,-77.053344,Ward 4,2020-01-05
2020-01-05,38.961603,-77.052683,Null,2020-01-05
2020-01-05,38.844677,-76.999873,Ward 8,2020-01-05
2020-01-05,38.961603,-77.052683,Null,2020-01-05
2020-01-05,38.941072,-77.022713,Ward 4,2020-01-06
2020-01-05,38.939026,-77.027682,Ward 4,2020-01-06
2020-01-05,38.962219,-77.060157,Ward 4,2020-01-07
2020-01-06,38.939062,-76.973269,Ward 5,2020-01-07
2020-01-06,38.862796,-76.949727,Ward 7,2020-01-10
2020-01-06,38.882166,-77.004019,Ward 6,2020-01-06
2020-01-06,38.898567,-76.945685,Ward 7,2020-01-06
2020-01-06,38.833829,-77.008781,Ward 8,2020-01-07
2020-01-06,38.946452,-76.989627,Ward 5,2020-01-06
2020-01-06,38.945126,-76.998449,Ward 5,2020-01-08
2020-01-06,38.870180,-76.967499,Ward 7,2020-01-09
2020-01-06,38.942343,-76.987007,Ward 5,2020-01-07
2020-01-06,38.926634,-77.026551,Ward 1,2020-01-07
2020-01-06,38.929327,-77.020935,Ward 1,2020-01-07
2020-01-07,38.927581,-77.031112,Ward 1,2020-01-08
2020-01-07,38.893597,-76.980954,Ward 6,2020-01-07
2020-01-07,38.852369,-76.966003,Ward 8,2020-01-08
2020-01-07,38.853197,-76.965967,Ward 8,2020-01-08
2020-01-07,38.960357,-77.023110,Ward 4,2020-01-08
2020-01-07,38.927059,-76.976514,Ward 5,2020-01-08
2020-01-08,38.908359,-77.031495,Ward 2,2020-01-08
2020-01-08,38.853728,-76.995045,Ward 8,2020-01-08
2020-01-08,38.907321,-76.986741,Ward 5,2020-01-08
2020-01-08,38.929425,-77.037881,Ward 1,2020-01-08
2020-01-08,38.946947,-77.016744,Ward 4,2020-01-08
2020-01-08,38.886224,-77.002241,Ward 6,2020-01-08
2020-01-08,38.915573,-77.034541,Ward 2,2020-01-13
2020-01-08,38.928200,-77.073697,Ward 3,2020-01-09
2020-01-09,38.937863,-77.021903,Ward 4,2020-01-09
2020-01-09,38.951781,-77.058657,Ward 3,2020-01-09
2020-01-09,38.905876,-76.935715,Ward 7,2020-01-09
2020-01-09,38.947352,-77.039113,Ward 4,2020-01-09
2020-01-09,38.906709,-76.935783,Ward 7,2020-01-09
2020-01-09,38.984682,-77.033973,Ward 4,2020-01-13
2020-01-09,38.942175,-76.991821,Ward 5,2020-01-09
2020-01-09,38.909898,-77.066254,Ward 2,2020-01-10
2020-01-09,38.841250,-76.995763,Ward 8,2020-01-13
2020-01-10,38.930341,-77.020702,Ward 1,2020-01-10
2020-01-10,38.860711,-76.953834,Ward 7,2020-01-13
2020-01-10,38.963154,-77.007089,Ward 4,2020-01-11
2020-01-10,38.887777,-77.001174,Ward 6,2020-01-17
2020-01-11,38.891818,-76.989431,Ward 6,2020-01-13
2020-01-11,38.917569,-77.032515,Ward 1,2020-01-13
2020-01-11,38.958825,-77.070693,Ward 3,2020-01-13
2020-01-12,38.961013,-77.056201,Null,2020-01-13
2020-01-12,38.890757,-77.001473,Ward 6,2020-01-13
2020-01-12,38.871600,-76.937893,Ward 7,2020-01-13
2020-01-13,38.959983,-77.010974,Ward 4,2020-01-13
2020-01-13,38.944174,-77.031697,Ward 4,2020-01-13
2020-01-13,38.923648,-76.990831,Ward 5,2020-01-13
2020-01-13,38.968114,-77.062008,Ward 4,2020-01-14
2020-01-13,38.899822,-76.992407,Ward 6,2020-01-14
2020-01-13,38.966218,-77.064160,Ward 4,2020-01-14
2020-01-13,38.888136,-76.989220,Ward 6,2020-01-14
2020-01-13,38.850412,-76.975444,Ward 8,2020-01-14
2020-01-13,38.888462,-76.979839,Ward 6,2020-01-14
2020-01-13,38.925040,-77.042693,Ward 1,2020-01-14
2020-01-13,38.946110,-77.064640,Ward 3,2020-01-14
2020-01-13,38.927463,-77.028030,Ward 1,2020-01-14
2020-01-13,38.951697,-77.033134,Ward 4,2020-01-14
2020-01-13,38.950802,-77.033427,Ward 4,2020-01-14
2020-01-14,38.911360,-77.016358,Ward 5,2020-01-14
2020-01-14,38.950620,-77.030306,Ward 4,2020-01-14
2020-01-14,38.897145,-76.999320,Ward 6,2020-01-14
2020-01-14,38.917915,-77.049370,Ward 2,2020-01-15
2020-01-14,38.909833,-77.039063,Ward 2,2020-01-15
2020-01-14,38.918419,-77.049846,Ward 2,2020-01-15
2020-01-14,38.944003,-77.078773,Ward 3,2020-01-14
2020-01-14,38.917891,-77.050302,Ward 2,2020-01-16
2020-01-14,38.909393,-77.082650,Ward 3,2020-01-15
2020-01-14,38.909540,-77.054062,Ward 2,2020-01-15
2020-01-14,38.943160,-77.081420,Ward 3,2020-01-15
2020-01-14,38.933686,-77.089374,Ward 3,2020-01-15
2020-01-14,38.954821,-77.034114,Ward 4,2020-01-15
2020-01-14,38.954086,-77.033427,Ward 4,2020-01-15
2020-01-14,38.920862,-77.075030,Ward 3,2020-01-15
2020-01-15,38.956810,-77.081116,Ward 3,2020-01-16
2020-01-15,38.898407,-76.980501,Ward 6,2020-01-15
2020-01-15,38.908838,-77.031949,Ward 2,2020-01-15
2020-01-15,38.927321,-77.037328,Ward 1,2020-01-16
2020-01-15,38.943163,-77.090612,Ward 3,2020-01-16
2020-01-15,38.943162,-77.077532,Ward 3,2020-01-16
2020-01-15,38.942941,-77.072850,Ward 3,2020-01-16
2020-01-15,38.907206,-77.063563,Ward 2,2020-01-16
2020-01-15,38.958142,-76.994799,Ward 4,2020-01-16
2020-01-15,38.841879,-76.999514,Ward 8,2020-01-16
2020-01-15,38.898322,-77.039472,Ward 2,2020-01-16
2020-01-16,38.903740,-77.051414,Ward 2,2020-01-17
2020-01-16,38.939734,-77.017438,Ward 4,2020-01-16
2020-01-16,38.903743,-77.044900,Ward 2,2020-01-16
2020-01-16,38.910240,-77.040444,Ward 2,2020-01-16
2020-01-16,38.869540,-76.954816,Ward 7,2020-02-06
2020-01-16,38.884414,-77.000803,Ward 6,2020-01-17
2020-01-16,38.908045,-77.033393,Ward 2,2020-01-17
2020-01-16,38.932515,-76.973972,Ward 5,2020-01-17
2020-01-16,38.960133,-77.071500,Ward 3,2020-01-17
2020-01-16,38.968117,-77.025474,Ward 4,2020-01-17
2020-01-16,38.972546,-77.024016,Ward 4,2020-01-17
2020-01-16,38.962290,-77.069012,Ward 3,2020-01-17
2020-01-16,38.862974,-76.957844,Ward 7,2020-01-17
2020-01-16,38.940741,-76.999670,Ward 5,2020-01-17
2020-01-16,38.884924,-76.993970,Ward 6,2020-01-17
2020-01-17,38.972175,-77.057261,Ward 4,2020-01-17
2020-01-17,38.890981,-76.992330,Ward 6,2020-01-17
2020-01-17,38.926631,-77.108062,Ward 3,2020-01-17
2020-01-17,38.963095,-77.071347,Ward 3,2020-01-17
2020-01-17,38.956499,-76.990998,Ward 5,2020-01-17
2020-01-17,38.934625,-77.033021,Ward 1,2020-01-21
2020-01-17,38.954369,-77.092368,Ward 3,2020-01-21
2020-01-17,38.883392,-77.000962,Ward 6,2020-01-22
2020-01-18,38.945289,-77.095493,Ward 3,2020-01-21
2020-01-18,38.895930,-76.971897,Ward 7,2020-01-21
2020-01-19,38.886238,-76.940881,Ward 7,2020-01-21
2020-01-20,38.961508,-77.015830,Ward 4,2020-01-21
2020-01-20,38.937545,-77.099138,Ward 3,2020-01-21
2020-01-20,38.868425,-76.987885,Ward 8,2020-01-21
2020-01-21,38.897961,-76.997333,Ward 6,2020-01-22
2020-01-21,38.899085,-76.989042,Ward 6,2020-01-21
2020-01-21,38.923709,-76.973315,Ward 5,2020-01-22
2020-01-21,38.910519,-77.027834,Ward 2,2020-01-21
2020-01-21,38.936855,-77.060937,Ward 3,2020-01-21
2020-01-21,38.937342,-77.064375,Ward 3,2020-01-21
2020-01-21,38.962933,-77.002066,Ward 4,2020-01-22
2020-01-21,38.937537,-77.069988,Ward 3,2020-01-21
2020-01-21,38.954923,-77.006638,Ward 5,2020-01-22
2020-01-21,38.826216,-77.011561,Ward 8,2020-01-23
2020-01-22,38.947282,-77.084194,Ward 3,2020-01-22
2020-01-22,38.942585,-77.076195,Ward 3,2020-01-22
2020-01-22,38.942918,-77.076358,Ward 3,2020-01-22
2020-01-22,38.966616,-77.029378,Ward 4,2020-01-23
2020-01-22,38.895047,-77.026505,Ward 2,2020-01-23
2020-01-22,38.943384,-77.075496,Ward 3,2020-01-23
2020-01-22,38.965679,-77.023528,Ward 4,2020-01-23
2020-01-22,38.943371,-77.076185,Ward 3,2020-01-23
2020-01-22,38.955514,-77.087535,Ward 3,2020-01-23
2020-01-22,38.888341,-76.917138,Ward 7,2020-01-23
2020-01-22,38.965424,-77.022005,Ward 4,2020-01-23
2020-01-22,38.902523,-77.027039,Ward 2,2020-01-23
2020-01-22,38.826217,-77.011998,Ward 8,2020-01-23
2020-01-22,38.907244,-77.034566,Ward 2,2020-01-23
2020-01-23,38.961508,-77.015830,Ward 4,2020-01-23
2020-01-23,38.950535,-77.079305,Ward 3,2020-01-23
2020-01-23,38.893580,-77.001308,Ward 6,2020-01-23
2020-01-23,38.922375,-77.012146,Null,2020-01-27
2020-01-23,38.870346,-76.977625,Ward 8,2020-01-23
2020-01-23,38.983881,-77.028192,Ward 4,2020-01-24
2020-01-23,38.966880,-77.077114,Ward 3,2020-01-24
2020-01-23,38.904015,-77.053690,Ward 2,2020-01-24
2020-01-23,38.902256,-76.937786,Ward 7,2020-01-24
2020-01-23,38.901343,-76.928122,Ward 7,2020-01-24
2020-01-24,38.929254,-76.993530,Ward 5,2020-01-27
2020-01-24,38.868392,-76.944037,Ward 7,2020-01-24
2020-01-24,38.958825,-77.070693,Ward 3,2020-01-24
2020-01-24,38.894940,-77.030212,Ward 2,2020-01-27
2020-01-25,38.891888,-76.935847,Ward 7,2020-01-27
2020-01-26,38.942301,-76.988555,Ward 5,2020-01-27
2020-01-26,38.877381,-77.014949,Ward 6,2020-01-27
2020-01-26,38.878893,-76.986471,Ward 6,2020-01-28
2020-01-26,38.894269,-77.000398,Ward 6,2020-01-27
2020-01-27,38.966955,-77.057613,Ward 4,2020-01-27
2020-01-27,38.925350,-77.103611,Ward 3,2020-01-28
2020-01-27,38.871877,-76.958107,Ward 7,2020-01-28
2020-01-27,38.944061,-77.093704,Ward 3,2020-01-27
2020-01-27,38.949536,-77.034725,Ward 4,2020-01-28
2020-01-27,38.905333,-77.035458,Ward 2,2020-01-28
2020-01-27,38.830096,-77.010344,Ward 8,2020-02-03
2020-01-27,38.905333,-77.035458,Ward 2,2020-01-28
2020-01-27,38.887977,-76.928463,Ward 7,2020-02-04
2020-01-27,38.908684,-77.060002,Ward 2,2020-01-28
2020-01-27,38.888429,-76.992813,Ward 6,2020-01-28
2020-01-27,38.888179,-76.992452,Ward 6,2020-01-28
2020-01-27,38.900201,-77.036554,Ward 2,2020-01-28
2020-01-27,38.897636,-77.045185,Ward 2,2020-01-28
2020-01-28,38.905333,-77.035458,Ward 2,2020-01-28
2020-01-28,38.889574,-76.994730,Ward 6,2020-01-28
2020-01-28,38.889514,-76.993023,Ward 6,2020-01-28
2020-01-28,38.881969,-76.988826,Ward 6,2020-01-28
2020-01-28,38.892206,-76.993094,Ward 6,2020-01-28
2020-01-28,38.894306,-76.959363,Ward 7,2020-01-28
2020-01-28,38.885632,-76.992861,Ward 6,2020-01-28
2020-01-28,38.883727,-76.992446,Ward 6,2020-01-28
2020-01-28,38.889805,-76.996173,Ward 6,2020-01-29
2020-01-28,38.889156,-76.995911,Ward 6,2020-01-28
2020-01-28,38.919010,-77.098496,Ward 3,2020-01-29
2020-01-28,38.886944,-76.993519,Ward 6,2020-01-29
2020-01-28,38.931500,-77.030623,Ward 1,2020-01-29
2020-01-29,38.927975,-76.987168,Ward 5,2020-01-29
2020-01-29,38.927975,-76.987168,Ward 5,2020-01-29
2020-01-29,38.925587,-77.103919,Ward 3,2020-01-29
2020-01-29,38.905475,-77.028881,Ward 2,2020-01-29
2020-01-29,38.944815,-77.018319,Ward 4,2020-01-29
2020-01-29,38.900432,-77.033396,Ward 2,2020-01-29
2020-01-29,38.944058,-76.980901,Ward 5,2020-01-30
2020-01-29,38.940149,-77.086630,Ward 3,2020-01-30
2020-01-29,38.971442,-77.023268,Ward 4,2020-01-30
2020-01-30,38.956142,-77.089162,Ward 3,2020-01-30
2020-01-30,38.933432,-77.050763,Ward 3,2020-01-30
2020-01-30,38.906335,-77.024179,Ward 2,2020-01-30
2020-01-30,38.906937,-77.024190,Ward 2,2020-01-30
2020-01-30,38.907244,-77.023963,Null,2020-02-04
2020-01-30,38.886704,-76.989964,Ward 6,2020-01-31
2020-01-30,38.933142,-77.050164,Ward 1,2020-01-30
2020-01-30,38.884753,-76.995473,Ward 6,2020-01-31
2020-01-30,38.898922,-76.944190,Ward 7,2020-01-30
2020-01-30,38.920626,-77.002737,Ward 5,2020-01-31
2020-01-30,38.883652,-76.990515,Ward 6,2020-01-31
2020-01-30,38.861011,-76.997313,Ward 8,2020-02-03
2020-01-30,38.889804,-76.993757,Ward 6,2020-01-31
2020-01-30,38.925389,-76.969953,Ward 5,2020-01-31
2020-01-30,38.920471,-77.076162,Ward 3,2020-01-31
2020-01-30,38.920680,-77.075467,Ward 3,2020-01-31
2020-01-30,38.925910,-77.080002,Ward 3,2020-01-31
2020-01-31,38.919477,-77.012428,Ward 5,2020-02-03
2020-01-31,38.897828,-76.995872,Ward 6,2020-02-03
2020-01-31,38.954046,-77.093911,Ward 3,2020-02-03
2020-02-01,38.881073,-76.986597,Ward 6,2020-02-03
2020-02-01,38.950972,-77.013101,Ward 4,2020-02-02
2020-02-01,38.957023,-77.080301,Ward 3,2020-02-03
2020-02-02,38.945100,-77.018111,Ward 4,2020-02-03
2020-02-02,38.881658,-76.992856,Ward 6,2020-02-03
2020-02-02,38.887757,-76.992813,Ward 6,2020-02-03
2020-02-03,38.887780,-76.938077,Ward 7,2020-02-03
2020-02-03,38.945778,-77.016954,Ward 4,2020-02-03
2020-02-03,38.926014,-77.040078,Ward 1,2020-02-03
2020-02-03,38.965287,-77.077386,Ward 3,2020-02-03
2020-02-03,38.894940,-76.983902,Ward 6,2020-02-03
2020-02-03,38.938115,-76.979457,Ward 5,2020-02-03
2020-02-03,38.972097,-77.034442,Ward 4,2020-02-03
2020-02-03,38.941627,-77.096463,Ward 3,2020-02-03
2020-02-03,38.907646,-77.041930,Ward 2,2020-02-05
2020-02-03,38.915601,-77.074882,Ward 2,2020-02-04
2020-02-03,38.929281,-76.980536,Ward 5,2020-02-04
2020-02-03,38.886539,-76.982218,Ward 6,2020-02-05
2020-02-03,38.972097,-77.034442,Ward 4,2020-02-04
2020-02-03,38.892058,-76.942356,Ward 7,2020-02-04
2020-02-04,38.892058,-76.942356,Ward 7,2020-02-04
2020-02-04,38.926378,-77.078342,Ward 3,2020-02-04
2020-02-04,38.892058,-76.942356,Ward 7,2020-02-04
2020-02-04,38.906890,-77.011072,Ward 5,2020-02-06
2020-02-04,38.962169,-77.000943,Ward 4,2020-02-05
2020-02-04,38.913368,-76.984790,Ward 5,2020-02-04
2020-02-04,38.911348,-77.007963,Ward 5,2020-02-06
2020-02-05,38.928058,-76.990885,Ward 5,2020-02-06
2020-02-05,38.881264,-76.980753,Ward 6,2020-02-05
2020-02-05,38.934277,-76.970707,Ward 5,2020-02-06
2020-02-05,38.915574,-77.028082,Ward 1,2020-02-06
2020-02-05,38.871986,-76.962174,Ward 7,2020-02-10
2020-02-05,38.896498,-77.003253,Ward 6,2020-02-06
2020-02-05,38.915191,-77.009356,Ward 5,2020-02-07
2020-02-05,38.902514,-77.002037,Ward 6,2020-02-06
2020-02-05,38.930032,-77.060655,Ward 3,2020-02-06
2020-02-05,38.957219,-77.085095,Ward 3,2020-02-06
2020-02-05,38.906288,-77.018647,Ward 6,2020-02-07
2020-02-05,38.890580,-76.990608,Ward 6,2020-02-06
2020-02-05,38.916578,-77.007165,Ward 5,2020-02-06
2020-02-06,38.949944,-77.081139,Ward 3,2020-02-06
2020-02-06,38.874349,-76.970501,Ward 7,2020-02-06
2020-02-06,38.943415,-77.074845,Ward 3,2020-02-06
2020-02-06,38.940627,-77.040542,Ward 4,2020-02-07
2020-02-06,38.905645,-77.012171,Ward 6,2020-02-07
2020-02-06,38.859200,-76.995498,Ward 8,2020-02-11
2020-02-06,38.933106,-77.044507,Ward 1,2020-02-07
2020-02-06,38.958161,-77.003115,Ward 4,2020-02-07
2020-02-06,38.935557,-76.981600,Ward 5,2020-02-07
2020-02-07,38.962584,-77.036388,Ward 4,2020-02-07
2020-02-07,38.963046,-77.063443,Ward 4,2020-02-07
2020-02-07,38.912608,-76.990138,Ward 5,2020-02-07
2020-02-07,38.910910,-77.041103,Ward 2,2020-02-07
2020-02-07,38.894505,-76.998002,Ward 6,2020-02-10
2020-02-07,38.911116,-77.009051,Ward 5,2020-02-12
2020-02-07,38.952461,-77.080070,Ward 3,2020-02-07
2020-02-07,38.919325,-77.046585,Ward 1,2020-02-10
2020-02-07,38.945396,-77.083498,Ward 3,2020-02-10
2020-02-07,38.931500,-77.030623,Ward 1,2020-02-10
2020-02-07,38.962290,-77.069012,Ward 3,2020-02-10
2020-02-07,38.888361,-76.985236,Ward 6,2020-02-10
2020-02-08,38.956712,-77.058066,Null,2020-02-10
2020-02-08,38.939534,-77.092940,Ward 3,2020-02-10
2020-02-08,38.849060,-77.004633,Ward 8,2020-02-12
2020-02-08,38.930572,-77.041302,Ward 1,2020-02-10
2020-02-08,38.932582,-77.042066,Ward 1,2020-02-10
2020-02-09,38.867980,-76.942845,Ward 7,2020-02-10
2020-02-09,38.891181,-77.001794,Ward 6,2020-02-10
2020-02-10,38.980560,-77.033694,Ward 4,2020-02-10
2020-02-10,38.962172,-76.998254,Ward 4,2020-02-10
2020-02-10,38.970371,-77.012599,Ward 4,2020-02-10
2020-02-10,38.910323,-77.061604,Ward 2,2020-02-11
2020-02-10,38.927832,-77.093376,Ward 3,2020-02-10
2020-02-10,38.930572,-77.041302,Ward 1,2020-02-10
2020-02-10,38.932582,-77.042066,Ward 1,2020-02-11
2020-02-10,38.886010,-76.934464,Ward 7,2020-02-12
2020-02-10,38.949458,-76.983151,Ward 5,2020-02-12
2020-02-11,38.965599,-77.034172,Ward 4,2020-02-13
2020-02-11,38.965589,-77.034348,Ward 4,2020-02-11
2020-02-11,38.945737,-77.063962,Ward 3,2020-02-12
2020-02-11,38.917715,-77.049815,Ward 2,2020-02-13
2020-02-11,38.954070,-77.082726,Ward 3,2020-02-12
2020-02-12,38.965424,-77.036384,Ward 4,2020-02-12
2020-02-12,38.926009,-77.044271,Ward 1,2020-02-12
2020-02-12,38.926009,-77.044271,Ward 1,2020-02-12
2020-02-12,38.893787,-76.977465,Ward 6,2020-02-12
2020-02-12,38.886823,-76.980138,Ward 6,2020-02-13
2020-02-12,38.969977,-77.073475,Ward 3,2020-02-13
2020-02-12,38.956742,-76.999239,Ward 4,2020-02-13
2020-02-12,38.912145,-76.937378,Ward 7,2020-02-13
2020-02-12,38.970319,-77.072213,Ward 3,2020-02-13
2020-02-13,38.904998,-76.984285,Ward 5,2020-02-13
2020-02-13,38.968074,-77.008816,Ward 4,2020-02-13
2020-02-13,38.865139,-76.965854,Ward 7,2020-02-13
2020-02-13,38.884343,-77.006174,Ward 6,2020-02-14
2020-02-13,38.876476,-76.957512,Ward 7,2020-02-21
2020-02-13,38.928419,-77.071839,Ward 3,2020-02-14
2020-02-14,38.915192,-77.032289,Ward 2,2020-02-18
2020-02-14,38.891603,-76.999263,Ward 6,2020-02-14
2020-02-14,38.891342,-77.001791,Ward 6,2020-02-14
2020-02-14,38.934934,-76.973940,Ward 5,2020-02-18
2020-02-14,38.915711,-77.027883,Ward 1,2020-02-14
2020-02-14,38.909842,-77.023282,Ward 6,2020-02-18
2020-02-14,38.904520,-76.989192,Ward 5,2020-02-18
2020-02-14,38.914379,-77.046166,Null,2020-02-19
2020-02-14,38.919177,-77.003273,Ward 5,2020-02-24
2020-02-14,38.939980,-76.980338,Ward 5,2020-02-15
2020-02-14,38.889083,-76.998657,Ward 6,2020-02-14
2020-02-14,38.940982,-76.982202,Ward 5,2020-02-18
2020-02-14,38.944972,-76.986971,Ward 5,2020-02-14
2020-02-14,38.891394,-77.000351,Ward 6,2020-02-18
2020-02-14,38.914133,-77.097904,Ward 3,2020-02-14
2020-02-14,38.962345,-77.037190,Ward 4,2020-02-18
2020-02-14,38.924881,-77.001864,Ward 5,2020-02-15
2020-02-14,38.922539,-77.003259,Ward 5,2020-02-15
2020-02-14,38.916449,-77.006147,Ward 5,2020-02-15
2020-02-14,38.905650,-77.031950,Ward 2,2020-02-18
2020-02-14,38.912171,-77.034819,Ward 2,2020-02-18
2020-02-14,38.914963,-77.035452,Ward 2,2020-02-20
2020-02-16,38.885692,-76.987171,Ward 6,2020-02-18
2020-02-16,38.934922,-77.083070,Ward 3,2020-02-18
2020-02-16,38.925342,-77.068694,Ward 3,2020-02-18
2020-02-16,38.909342,-77.037577,Ward 2,2020-02-18
2020-02-16,38.888130,-76.977258,Null,2020-02-19
2020-02-17,38.920862,-77.075030,Ward 3,2020-02-18
2020-02-17,38.954344,-76.992970,Ward 5,2020-02-18
2020-02-17,38.954935,-77.066064,Ward 3,2020-02-18
2020-02-17,38.953972,-77.068469,Ward 3,2020-02-18
2020-02-17,38.950923,-77.064889,Ward 3,2020-02-18
2020-02-18,38.881265,-76.985510,Ward 6,2020-02-18
2020-02-18,38.984982,-77.029442,Ward 4,2020-02-19
2020-02-18,38.940219,-77.035671,Ward 4,2020-02-18
2020-02-18,38.906241,-77.043224,Ward 2,2020-02-21
2020-02-18,38.884800,-76.940553,Ward 7,2020-02-20
2020-02-18,38.955649,-77.084353,Ward 3,2020-02-18
2020-02-18,38.855407,-76.958604,Ward 7,2020-02-21
2020-02-18,38.926009,-77.044271,Ward 1,2020-02-19
2020-02-18,38.926009,-77.044271,Ward 1,2020-02-18
2020-02-18,38.955954,-77.083270,Ward 3,2020-02-18
2020-02-18,38.925001,-76.962088,Ward 5,2020-02-19
2020-02-18,38.965113,-77.020798,Ward 4,2020-02-19
2020-02-18,38.957247,-77.082552,Ward 3,2020-02-19
2020-02-18,38.943243,-76.981990,Ward 5,2020-02-19
2020-02-18,38.903775,-76.928783,Ward 7,2020-02-21
2020-02-18,38.919388,-76.986729,Ward 5,2020-02-19
2020-02-18,38.911455,-77.065211,Ward 2,2020-02-19
2020-02-18,38.912471,-77.066024,Ward 2,2020-02-20
2020-02-18,38.917305,-77.068686,Ward 3,2020-02-19
2020-02-18,38.970122,-77.020902,Ward 4,2020-02-21
2020-02-18,38.946285,-77.082050,Ward 3,2020-02-19
2020-02-18,38.937994,-77.060387,Ward 3,2020-02-19
2020-02-19,38.939083,-77.066799,Ward 3,2020-02-19
2020-02-19,38.949835,-77.016416,Ward 4,2020-02-19
2020-02-19,38.948406,-77.060773,Ward 3,2020-02-19
2020-02-19,38.911979,-77.032807,Ward 2,2020-02-20
2020-02-19,38.900355,-77.045776,Ward 2,2020-02-20
2020-02-19,38.929324,-76.992657,Ward 5,2020-02-19
2020-02-19,38.896938,-76.918009,Ward 7,2020-02-20
2020-02-19,38.885352,-76.994706,Ward 6,2020-02-19
2020-02-19,38.929053,-76.992658,Ward 5,2020-02-21
2020-02-20,38.923915,-77.072886,Ward 3,2020-02-21
2020-02-20,38.887284,-76.992449,Ward 6,2020-02-20
2020-02-20,38.947910,-77.082042,Ward 3,2020-02-20
2020-02-20,38.946504,-77.078888,Ward 3,2020-02-20
2020-02-20,38.825272,-77.006106,Ward 8,2020-02-25
2020-02-20,38.897849,-76.980274,Ward 6,2020-02-21
2020-02-20,38.859724,-76.972631,Ward 8,2020-02-21
2020-02-20,38.921542,-77.076151,Ward 3,2020-02-21
2020-02-20,38.891836,-76.984501,Ward 6,2020-02-21
2020-02-20,38.860325,-76.958622,Ward 7,2020-02-21
2020-02-20,38.908515,-77.035270,Ward 2,2020-02-21
2020-02-20,38.907244,-77.034566,Ward 2,2020-02-21
2020-02-21,38.952239,-77.021249,Ward 4,2020-02-21
2020-02-21,38.933242,-77.097240,Ward 3,2020-02-21
2020-02-21,38.892187,-76.982696,Ward 6,2020-02-21
2020-02-21,38.965832,-77.033107,Ward 4,2020-02-21
2020-02-21,38.867744,-76.986871,Ward 8,2020-02-22
2020-02-21,38.939083,-77.066799,Ward 3,2020-02-21
2020-02-21,38.925372,-77.060093,Ward 3,2020-02-21
2020-02-21,38.924845,-77.059430,Ward 3,2020-02-21
2020-02-21,38.960803,-77.069501,Ward 3,2020-02-24
2020-02-21,38.954953,-77.081399,Ward 3,2020-02-24
2020-02-21,38.946693,-77.030759,Ward 4,2020-02-24
2020-02-22,38.919599,-76.980688,Ward 5,2020-02-24
2020-02-22,38.975683,-77.065035,Ward 4,2020-02-24
2020-02-23,38.890830,-76.920133,Ward 7,2020-02-24
2020-02-23,38.959238,-77.079006,Ward 3,2020-02-24
2020-02-23,38.966134,-77.076632,Ward 3,2020-02-24
2020-02-24,38.949937,-76.991410,Ward 5,2020-02-24
2020-02-24,38.896306,-76.987878,Ward 6,2020-02-24
2020-02-24,38.891612,-76.993964,Ward 6,2020-02-24
2020-02-24,38.890758,-76.996403,Ward 6,2020-02-25
2020-02-24,38.960493,-77.069836,Ward 3,2020-02-24
2020-02-24,38.900204,-77.013678,Ward 6,2020-02-25
2020-02-24,38.960149,-77.069069,Ward 3,2020-02-24
2020-02-24,38.912121,-77.034837,Ward 2,2020-02-25
2020-02-24,38.932697,-77.040026,Ward 1,2020-02-25
2020-02-24,38.921222,-77.042488,Ward 1,2020-02-25
2020-02-24,38.933088,-77.043813,Ward 1,2020-02-25
2020-02-24,38.930406,-77.043038,Ward 1,2020-02-25
2020-02-24,38.932886,-77.040978,Ward 1,2020-02-25
2020-02-24,38.918341,-77.026727,Ward 1,2020-02-25
2020-02-24,38.959852,-77.068497,Ward 3,2020-02-25
2020-02-24,38.927138,-77.057280,Ward 3,2020-02-25
2020-02-25,38.888510,-76.999726,Ward 6,2020-02-25
2020-02-25,38.897636,-77.045185,Ward 2,2020-02-25
2020-02-25,38.890938,-76.999516,Ward 6,2020-02-25
2020-02-25,38.891603,-76.999263,Ward 6,2020-02-25
2020-02-25,38.903500,-77.044480,Ward 2,2020-02-25
2020-02-25,38.921081,-77.011447,Ward 5,2020-02-26
2020-02-25,38.906514,-77.032623,Ward 2,2020-02-27
2020-02-25,38.912012,-77.037526,Ward 2,2020-02-26
2020-02-25,38.911717,-77.040013,Ward 2,2020-02-26
2020-02-25,38.967612,-77.076638,Ward 3,2020-02-26
2020-02-25,38.983649,-77.029955,Ward 4,2020-02-26
2020-02-25,38.906514,-77.032623,Ward 2,2020-02-26
2020-02-25,38.891394,-77.000351,Ward 6,2020-02-26
2020-02-25,38.893401,-77.001517,Ward 6,2020-02-26
2020-02-26,38.933409,-77.046563,Ward 1,2020-02-26
2020-02-26,38.930906,-76.987287,Ward 5,2020-02-26
2020-02-26,38.913398,-77.046021,Ward 2,2020-02-26
2020-02-26,38.914631,-77.010342,Ward 5,2020-03-02
2020-02-26,38.893889,-76.992890,Ward 6,2020-02-27
2020-02-26,38.891651,-76.992449,Ward 6,2020-02-27
2020-02-26,38.891293,-76.993158,Ward 6,2020-02-27
2020-02-26,38.915108,-77.044913,Null,2020-02-28
2020-02-26,38.868977,-76.981243,Ward 8,2020-02-28
2020-02-26,38.900355,-77.045776,Ward 2,2020-02-27
2020-02-26,38.922932,-77.040052,Ward 1,2020-02-27
2020-02-27,38.967048,-77.061313,Ward 4,2020-02-28
2020-02-27,38.903757,-77.048883,Ward 2,2020-02-28
2020-02-27,38.909169,-77.059445,Ward 2,2020-02-27
2020-02-27,38.870258,-76.973810,Ward 8,2020-02-28
2020-02-27,38.954705,-77.086210,Ward 3,2020-02-27
2020-02-27,38.895939,-76.918007,Ward 7,2020-02-27
2020-02-27,38.918250,-77.038921,Ward 1,2020-02-27
2020-02-27,38.918610,-77.039366,Ward 1,2020-02-27
2020-02-27,38.897146,-76.919149,Ward 7,2020-02-27
2020-02-27,38.915056,-77.023205,Ward 1,2020-02-27
2020-02-27,38.908895,-77.032679,Ward 2,2020-02-28
2020-02-27,38.908045,-77.033393,Ward 2,2020-02-28
2020-02-27,38.908395,-77.034069,Ward 2,2020-02-28
2020-02-27,38.920041,-77.011851,Ward 5,2020-02-28
2020-02-27,38.912419,-77.030344,Ward 2,2020-02-28
2020-02-27,38.918037,-77.043980,Ward 1,2020-02-27
2020-02-27,38.950240,-77.081804,Ward 3,2020-02-27
2020-02-28,38.903904,-76.977696,Ward 5,2020-02-28
2020-02-28,38.972115,-77.031436,Ward 4,2020-03-02
2020-02-28,38.978689,-77.032270,Ward 4,2020-03-02
2020-02-28,38.934837,-76.977837,Ward 5,2020-03-02
2020-02-28,38.925148,-77.071143,Ward 3,2020-02-28
2020-02-28,38.867047,-76.980525,Ward 8,2020-03-02
2020-02-28,38.898140,-77.046000,Ward 2,2020-03-02
2020-02-28,38.894306,-76.977025,Ward 7,2020-03-02
2020-02-28,38.907243,-77.045684,Ward 2,2020-03-03
2020-02-28,38.903389,-77.049019,Ward 2,2020-03-03
2020-02-29,38.883417,-77.000345,Ward 6,2020-03-03
2020-03-01,38.967798,-77.026441,Ward 4,2020-03-03
2020-03-02,38.904634,-77.027867,Ward 2,2020-03-02
2020-03-02,38.920198,-77.075802,Ward 3,2020-03-02
2020-03-02,38.908838,-77.031949,Ward 2,2020-03-02
2020-03-02,38.871476,-76.954451,Ward 7,2020-03-05
2020-03-02,38.846409,-76.970971,Ward 8,2020-03-03
2020-03-02,38.959224,-77.080784,Ward 3,2020-03-02
2020-03-02,38.928014,-77.037260,Ward 1,2020-03-02
2020-03-02,38.882332,-76.925220,Ward 7,2020-03-02
2020-03-02,38.882319,-76.925082,Ward 7,2020-03-02
2020-03-02,38.944367,-77.027403,Ward 4,2020-03-03
2020-03-02,38.906321,-77.017002,Ward 6,2020-03-03
2020-03-02,38.988927,-77.039984,Ward 4,2020-03-04
2020-03-02,38.909817,-77.048181,Ward 2,2020-03-03
2020-03-02,38.965679,-77.023587,Ward 4,2020-03-03
2020-03-02,38.952659,-77.084731,Ward 3,2020-03-03
2020-03-02,38.943160,-77.081420,Ward 3,2020-03-03
2020-03-02,38.909585,-77.067199,Ward 2,2020-03-03
2020-03-02,38.864886,-76.975398,Ward 8,2020-03-04
2020-03-02,38.914094,-77.031951,Null,2020-03-03
2020-03-02,38.930924,-77.100455,Ward 3,2020-03-03
2020-03-02,38.909377,-77.031133,Ward 2,2020-03-03
2020-03-02,38.909454,-77.030881,Ward 2,2020-03-03
2020-03-02,38.908622,-77.030591,Ward 2,2020-03-04
2020-03-02,38.908364,-77.030759,Ward 2,2020-03-03
2020-03-02,38.930966,-77.099980,Ward 3,2020-03-03
2020-03-02,38.929517,-77.042641,Ward 1,2020-03-03
2020-03-02,38.910041,-77.086278,Ward 3,2020-03-03
2020-03-03,38.890728,-76.982447,Ward 6,2020-03-03
2020-03-03,38.952256,-77.023605,Ward 4,2020-03-03
2020-03-03,38.919521,-77.098112,Ward 3,2020-03-04
2020-03-03,38.900743,-76.981917,Ward 5,2020-03-04
2020-03-03,38.947675,-77.075207,Ward 3,2020-03-04
2020-03-03,38.945348,-77.084485,Ward 3,2020-03-04
2020-03-03,38.854507,-76.990370,Ward 8,2020-03-04
2020-03-03,38.946078,-77.084273,Ward 3,2020-03-04
2020-03-03,38.946290,-77.096767,Ward 3,2020-03-04
2020-03-03,38.895718,-76.992410,Ward 6,2020-03-04
2020-03-03,38.944986,-77.092094,Ward 3,2020-03-04
2020-03-03,38.915377,-77.025478,Ward 1,2020-03-04
2020-03-03,38.981535,-77.033688,Ward 4,2020-03-05
2020-03-03,38.895764,-76.992409,Ward 6,2020-03-04
2020-03-03,38.880553,-76.998674,Ward 6,2020-03-04
2020-03-03,38.880436,-76.998673,Ward 6,2020-03-04
2020-03-03,38.966880,-77.077114,Ward 3,2020-03-04
2020-03-04,38.950605,-76.990837,Ward 5,2020-03-06
2020-03-04,38.923911,-77.063438,Ward 3,2020-03-04
2020-03-04,38.895764,-76.992409,Ward 6,2020-03-04
2020-03-04,38.928390,-77.031784,Ward 1,2020-03-04
2020-03-04,38.952109,-77.082036,Ward 3,2020-03-04
2020-03-04,38.951037,-77.083525,Ward 3,2020-03-04
2020-03-04,38.893447,-76.910138,Ward 7,2020-03-05
2020-03-04,38.910497,-77.041893,Ward 2,2020-03-05
2020-03-04,38.892199,-76.914700,Ward 7,2020-03-06
2020-03-04,38.914974,-77.041902,Ward 2,2020-03-05
2020-03-04,38.928701,-77.084064,Ward 3,2020-03-05
2020-03-05,38.919720,-77.011850,Ward 5,2020-03-05
2020-03-05,38.946676,-76.994697,Ward 5,2020-03-06
2020-03-05,38.961491,-77.002335,Ward 4,2020-03-05
2020-03-05,38.908726,-76.986283,Ward 5,2020-03-05
2020-03-05,38.943498,-77.082719,Ward 3,2020-03-05
2020-03-05,38.872617,-76.977983,Ward 8,2020-03-05
2020-03-05,38.908936,-77.015450,Ward 5,2020-03-05
2020-03-05,38.853663,-76.971042,Ward 8,2020-03-05
2020-03-05,38.946129,-77.020821,Ward 4,2020-03-06
2020-03-05,38.826216,-77.011561,Ward 8,2020-03-06
2020-03-05,38.891766,-76.922392,Ward 7,2020-03-09
2020-03-05,38.947145,-76.995211,Ward 5,2020-03-06
2020-03-06,38.968800,-77.063679,Ward 4,2020-03-06
2020-03-06,38.885814,-76.959497,Ward 7,2020-03-06
2020-03-06,38.882346,-76.998218,Ward 6,2020-03-10
2020-03-06,38.895711,-77.010905,Ward 6,2020-03-09
2020-03-06,38.866773,-76.947711,Ward 7,2020-03-10
2020-03-07,38.937493,-76.988213,Ward 5,2020-03-09
2020-03-07,38.871087,-76.964772,Ward 7,2020-03-08
2020-03-08,38.868280,-76.957891,Ward 7,2020-03-08
2020-03-08,38.913848,-77.033014,Ward 2,2020-03-09
2020-03-08,38.914313,-77.034031,Ward 2,2020-03-09
2020-03-08,38.934842,-76.974398,Ward 5,2020-03-09
2020-03-09,38.941929,-77.023346,Ward 4,2020-03-09
2020-03-09,38.896317,-76.991344,Ward 6,2020-03-09
2020-03-09,38.896268,-76.990478,Ward 6,2020-03-09
2020-03-09,38.895365,-76.990616,Ward 6,2020-03-09
2020-03-09,38.984588,-77.028380,Ward 4,2020-03-09
2020-03-09,38.934934,-76.973940,Ward 5,2020-03-09
2020-03-09,38.886182,-76.997850,Ward 6,2020-03-09
2020-03-09,38.964772,-77.007579,Ward 4,2020-03-09
2020-03-09,38.982602,-77.033685,Ward 4,2020-03-09
2020-03-09,38.880505,-76.985954,Ward 6,2020-03-10
2020-03-09,38.950751,-77.097021,Ward 3,2020-03-09
2020-03-09,38.880505,-76.985954,Ward 6,2020-03-10
2020-03-09,38.933727,-77.102352,Ward 3,2020-03-10
2020-03-09,38.932078,-76.969319,Ward 5,2020-03-21
2020-03-09,38.988670,-77.041686,Ward 4,2020-03-10
2020-03-09,38.949692,-77.090609,Ward 3,2020-03-10
2020-03-09,38.866312,-76.943972,Ward 7,2020-03-10
2020-03-09,38.941442,-77.097060,Ward 3,2020-03-10
2020-03-09,38.942941,-77.072850,Ward 3,2020-03-10
2020-03-09,38.968433,-77.061653,Ward 4,2020-03-10
2020-03-10,38.901702,-77.000347,Ward 6,2020-03-12
2020-03-10,38.911776,-77.051193,Ward 2,2020-03-11
2020-03-10,38.919637,-77.062473,Ward 3,2020-03-10
2020-03-10,38.948862,-77.100866,Ward 3,2020-03-10
2020-03-10,38.967444,-77.022659,Ward 4,2020-03-11
2020-03-10,38.852961,-76.964179,Ward 8,2020-03-11
2020-03-10,38.860160,-76.974454,Ward 8,2020-03-11
2020-03-10,38.845502,-76.971830,Ward 8,2020-03-11
2020-03-10,38.924555,-77.104574,Ward 3,2020-03-12
2020-03-10,38.969225,-77.034731,Ward 4,2020-03-11
2020-03-10,38.948523,-77.066600,Ward 3,2020-03-11
2020-03-10,38.915573,-77.043424,Ward 2,2020-03-11
2020-03-10,38.961013,-77.056201,Null,2020-03-11
2020-03-10,38.944591,-77.091248,Ward 3,2020-03-11
2020-03-10,38.980859,-77.036351,Ward 4,2020-03-11
2020-03-10,38.907206,-77.063563,Ward 2,2020-03-11
2020-03-11,38.932175,-77.101134,Ward 3,2020-03-11
2020-03-11,38.845264,-76.971187,Ward 8,2020-03-11
2020-03-11,38.845264,-76.971187,Ward 8,2020-03-13
2020-03-11,38.952849,-77.022864,Ward 4,2020-03-11
2020-03-11,38.910950,-77.017774,Ward 6,2020-03-12
2020-03-11,38.927170,-76.980979,Ward 5,2020-03-12
2020-03-11,38.883510,-76.978436,Ward 6,2020-03-16
2020-03-11,38.896539,-77.001794,Ward 6,2020-03-12
2020-03-12,38.971312,-77.026300,Ward 4,2020-03-12
2020-03-12,38.857107,-76.978814,Ward 8,2020-03-13
2020-03-12,38.963599,-77.015011,Ward 4,2020-03-12
2020-03-12,38.941343,-77.097851,Ward 3,2020-03-12
2020-03-12,38.840192,-76.999166,Ward 8,2020-03-18
2020-03-12,38.914397,-77.091630,Ward 3,2020-03-13
2020-03-12,38.969287,-77.055844,Ward 4,2020-03-13
2020-03-12,38.960010,-77.017346,Ward 4,2020-03-13
2020-03-12,38.947090,-76.991244,Ward 5,2020-03-16
2020-03-13,38.950240,-77.081804,Ward 3,2020-03-13
2020-03-13,38.905825,-77.017748,Ward 6,2020-03-13
2020-03-13,38.894921,-76.955071,Ward 7,2020-03-13
2020-03-13,38.948055,-77.023868,Ward 4,2020-03-16
2020-03-13,38.964500,-77.021281,Ward 4,2020-03-16
2020-03-13,38.889019,-76.989305,Ward 6,2020-03-16
2020-03-13,38.888053,-76.997687,Ward 6,2020-03-16
2020-03-13,38.895654,-76.937986,Ward 7,2020-03-16
2020-03-13,38.914094,-77.031951,Null,2020-03-16
2020-03-13,38.913899,-77.030613,Ward 2,2020-03-17
2020-03-13,38.912796,-76.973689,Ward 5,2020-03-16
2020-03-13,38.862378,-76.966282,Ward 7,2020-03-17
2020-03-13,38.923523,-77.028864,Ward 1,2020-03-16
2020-03-13,38.977815,-77.033188,Ward 4,2020-03-16
2020-03-14,38.926378,-77.078342,Ward 3,2020-03-16
2020-03-14,38.959062,-77.031206,Ward 4,2020-03-16
2020-03-14,38.917783,-77.044516,Ward 1,2020-03-16
2020-03-15,38.884887,-77.003993,Ward 6,2020-03-16
2020-03-15,38.903874,-76.977399,Ward 5,2020-03-16
2020-03-16,38.886219,-76.957140,Ward 7,2020-03-16
2020-03-16,38.915370,-77.010405,Ward 5,2020-03-17
2020-03-16,38.971077,-77.070256,Ward 4,2020-03-17
2020-03-16,38.931173,-77.021835,Ward 1,2020-03-17
2020-03-16,38.963143,-77.036385,Ward 4,2020-03-17
2020-03-17,38.938733,-77.100239,Ward 3,2020-03-17
2020-03-17,38.914094,-77.031951,Null,2020-03-18
2020-03-17,38.882835,-76.983653,Ward 6,2020-03-18
2020-03-17,38.964500,-77.021281,Ward 4,2020-03-18
2020-03-17,38.886476,-76.983901,Ward 6,2020-03-18
2020-03-17,38.945877,-76.998636,Ward 5,2020-03-20
2020-03-18,38.886343,-76.982474,Ward 6,2020-03-18
2020-03-18,38.893604,-76.933589,Ward 7,2020-03-19
2020-03-18,38.978689,-77.032270,Ward 4,2020-03-19
2020-03-18,38.913516,-77.041234,Ward 2,2020-03-19
2020-03-18,38.832832,-77.003759,Ward 8,2020-03-19
2020-03-18,38.921648,-77.074482,Ward 3,2020-03-19
2020-03-18,38.901078,-77.001820,Ward 6,2020-03-19
2020-03-18,38.902260,-77.002350,Ward 6,2020-03-19
2020-03-18,38.923268,-77.076713,Ward 3,2020-03-19
2020-03-18,38.897979,-77.000844,Ward 6,2020-03-20
2020-03-19,38.854512,-76.963246,Ward 7,2020-03-20
2020-03-19,38.964500,-77.021281,Ward 4,2020-03-20
2020-03-19,38.876003,-76.934765,Ward 7,2020-03-23
2020-03-19,38.823747,-77.005631,Ward 8,2020-03-20
2020-03-19,38.863519,-76.965355,Ward 7,2020-03-20
2020-03-19,38.904382,-77.001491,Ward 6,2020-03-20
2020-03-20,38.904515,-76.933490,Ward 7,2020-03-20
2020-03-20,38.909415,-77.081789,Ward 3,2020-03-20
2020-03-20,38.969287,-77.055844,Ward 4,2020-03-20
2020-03-20,38.891860,-77.001817,Ward 6,2020-03-20
2020-03-20,38.968042,-77.024419,Ward 4,2020-03-23
2020-03-20,38.960798,-76.997501,Ward 4,2020-03-23
2020-03-20,38.843730,-76.990292,Ward 8,2020-04-03
2020-03-20,38.942679,-76.978554,Ward 5,2020-03-24
2020-03-21,38.915330,-77.039229,Ward 2,2020-03-23
2020-03-21,38.879097,-76.990795,Ward 6,2020-03-23
2020-03-21,38.952465,-77.014084,Ward 4,2020-03-23
2020-03-22,38.951624,-77.097055,Ward 3,2020-03-23
2020-03-22,38.924181,-77.026790,Ward 1,2020-03-23
2020-03-22,38.897101,-76.932462,Ward 7,2020-03-25
2020-03-23,38.879284,-76.994975,Ward 6,2020-03-23
2020-03-23,38.991231,-77.037779,Ward 4,2020-03-23
2020-03-24,38.989266,-77.041878,Ward 4,2020-03-25
2020-03-24,38.989671,-77.042138,Ward 4,2020-03-25
2020-03-24,38.914700,-77.032671,Ward 2,2020-03-26
2020-03-24,38.885397,-76.941344,Ward 7,2020-03-24
2020-03-24,38.884294,-76.988991,Ward 6,2020-03-25
2020-03-24,38.878401,-76.988313,Ward 6,2020-03-24
2020-03-24,38.914316,-77.039630,Ward 2,2020-03-25
2020-03-24,38.942075,-77.035738,Ward 4,2020-03-25
2020-03-24,38.946046,-77.023797,Ward 4,2020-03-25
2020-03-24,38.837843,-77.006454,Ward 8,2020-03-25
2020-03-24,38.921724,-77.076041,Ward 3,2020-03-25
2020-03-24,38.915192,-77.032289,Ward 2,2020-03-25
2020-03-24,38.928014,-77.037260,Ward 1,2020-03-25
2020-03-24,38.929920,-77.037822,Ward 1,2020-03-25
2020-03-24,38.908943,-77.030371,Ward 2,2020-03-26
2020-03-25,38.887146,-76.923526,Ward 7,2020-03-25
2020-03-25,38.887146,-76.923526,Ward 7,2020-03-25
2020-03-25,38.906937,-77.031604,Ward 2,2020-03-25
2020-03-25,38.908359,-77.031495,Ward 2,2020-03-25
2020-03-25,38.880971,-76.931196,Ward 7,2020-03-26
2020-03-25,38.912407,-77.034835,Ward 2,2020-03-26
2020-03-25,38.893795,-76.957739,Ward 7,2020-03-26
2020-03-25,38.894219,-77.001846,Ward 6,2020-03-26
2020-03-25,38.894633,-76.999972,Ward 6,2020-03-26
2020-03-25,38.896118,-76.999510,Ward 6,2020-03-26
2020-03-25,38.983044,-77.027355,Ward 4,2020-03-26
2020-03-26,38.855625,-76.959057,Ward 7,2020-03-26
2020-03-26,38.896541,-77.040894,Ward 2,2020-03-26
2020-03-26,38.847063,-76.970734,Ward 8,2020-03-28
2020-03-26,38.904471,-76.933530,Ward 7,2020-03-26
2020-03-26,38.869273,-76.975426,Ward 8,2020-03-27
2020-03-26,38.955151,-76.998636,Ward 5,2020-03-28
2020-03-26,38.891126,-76.995678,Ward 6,2020-03-27
2020-03-26,38.933287,-76.970895,Ward 5,2020-03-27
2020-03-26,38.948039,-77.035939,Ward 4,2020-03-27
2020-03-26,38.897842,-77.029141,Ward 2,2020-03-27
2020-03-26,38.948039,-77.035939,Ward 4,2020-03-27
2020-03-26,38.894328,-76.978774,Ward 6,2020-03-30
2020-03-26,38.870031,-76.951371,Ward 7,2020-03-27
2020-03-26,38.931797,-77.023873,Ward 1,2020-03-27
2020-03-27,38.945090,-77.025222,Ward 4,2020-03-27
2020-03-27,38.902202,-77.011341,Ward 6,2020-03-27
2020-03-27,38.987536,-77.041352,Ward 4,2020-03-31
2020-03-27,38.958566,-77.030949,Ward 4,2020-03-27
2020-03-27,38.886218,-76.922990,Ward 7,2020-03-30
2020-03-27,38.847063,-76.970734,Ward 8,2020-03-28
2020-03-27,38.986624,-77.041687,Ward 4,2020-03-31
2020-03-27,38.987444,-77.042348,Ward 4,2020-03-30
2020-03-28,38.969743,-77.022647,Ward 4,2020-03-30
2020-03-28,38.969743,-77.022647,Ward 4,2020-03-30
2020-03-28,38.969923,-77.018029,Ward 4,2020-03-30
2020-03-28,38.969924,-77.016165,Ward 4,2020-03-30
2020-03-28,38.909601,-77.053870,Ward 2,2020-03-30
2020-03-28,38.907565,-77.057350,Ward 2,2020-03-30
2020-03-28,38.919941,-77.046289,Ward 1,2020-03-30
2020-03-30,38.941062,-77.098394,Ward 3,2020-03-30
2020-03-30,38.926371,-77.077366,Ward 3,2020-03-30
2020-03-30,38.840601,-76.976451,Ward 8,2020-03-30
2020-03-30,38.840851,-76.977799,Ward 8,2020-03-30
2020-03-30,38.910058,-77.058394,Ward 2,2020-03-30
2020-03-30,38.906458,-76.989981,Ward 5,2020-03-30
2020-03-30,38.963238,-77.022446,Ward 4,2020-03-30
2020-03-30,38.964198,-77.076925,Ward 3,2020-03-31
2020-03-30,38.903901,-76.999226,Ward 6,2020-03-31
2020-03-30,38.870017,-76.940236,Ward 7,2020-03-31
2020-03-30,38.911474,-77.023684,Ward 6,2020-03-30
2020-03-30,38.922562,-77.070433,Ward 3,2020-03-31
2020-03-30,38.870017,-76.940236,Ward 7,2020-04-03
2020-03-30,38.941503,-77.081552,Ward 3,2020-03-31
2020-03-30,38.916169,-77.050438,Ward 2,2020-03-31
2020-03-30,38.927010,-76.985635,Ward 5,2020-03-31
2020-03-30,38.990149,-77.039845,Ward 4,2020-03-31
2020-03-31,38.959081,-77.031489,Ward 4,2020-03-31
2020-03-31,38.960469,-77.034357,Ward 4,2020-03-31
2020-03-31,38.960464,-77.034176,Ward 4,2020-03-31
2020-03-31,38.945340,-77.074131,Ward 3,2020-03-31
2020-03-31,38.961405,-77.036010,Ward 4,2020-03-31
2020-03-31,38.841549,-76.976874,Ward 8,2020-04-01
2020-04-01,38.864314,-76.950105,Ward 7,2020-04-03
2020-04-01,38.937427,-77.036447,Null,2020-04-02
2020-04-01,38.911360,-77.016358,Ward 5,2020-04-02
2020-04-01,38.964955,-77.022447,Ward 4,2020-04-02
2020-04-02,38.897531,-76.995230,Ward 6,2020-04-02
2020-04-02,38.902729,-76.991777,Ward 6,2020-04-02
2020-04-02,38.911007,-77.058014,Ward 2,2020-04-02
2020-04-02,38.947470,-76.993699,Ward 5,2020-04-02
2020-04-02,38.918280,-77.037557,Ward 1,2020-04-02
2020-04-02,38.907315,-77.057750,Ward 2,2020-04-02
2020-04-02,38.906850,-77.058135,Ward 2,2020-04-02
2020-04-02,38.907007,-77.058938,Ward 2,2020-04-02
2020-04-02,38.910787,-77.061815,Ward 2,2020-04-03
2020-04-02,38.941507,-77.088620,Ward 3,2020-04-03
2020-04-02,38.949237,-76.988294,Ward 5,2020-04-03
2020-04-02,38.966993,-77.020117,Ward 4,2020-04-03
2020-04-03,38.947450,-76.989480,Ward 5,2020-04-03
2020-04-03,38.905459,-77.015797,Ward 6,2020-04-03
2020-04-03,38.940875,-76.994839,Ward 5,2020-04-03
2020-04-03,38.905457,-77.015848,Ward 6,2020-04-03
2020-04-03,38.905466,-77.015912,Ward 6,2020-04-03
2020-04-03,38.905191,-77.061184,Ward 2,2020-04-03
2020-04-03,38.911906,-77.066323,Ward 2,2020-04-03
2020-04-03,38.890787,-76.985152,Ward 6,2020-04-03
2020-04-03,38.911139,-77.068918,Ward 2,2020-04-03
2020-04-03,38.906039,-77.068736,Ward 2,2020-04-03
2020-04-03,38.869757,-76.968038,Ward 7,2020-04-03
2020-04-03,38.949917,-77.028111,Ward 4,2020-04-03
2020-04-03,38.908121,-77.065881,Ward 2,2020-04-06
2020-04-03,38.903355,-77.008404,Ward 6,2020-04-06
2020-04-03,38.964950,-77.019897,Ward 4,2020-04-06
2020-04-04,38.949936,-77.034232,Ward 4,2020-04-06
2020-04-04,38.929446,-77.029956,Ward 1,2020-04-06
2020-04-04,38.867669,-76.975659,Ward 8,2020-04-04
2020-04-04,38.910787,-77.061815,Ward 2,2020-04-06
2020-04-04,38.910666,-77.058902,Ward 2,2020-04-06
2020-04-04,38.910657,-77.058772,Ward 2,2020-04-06
2020-04-04,38.940909,-77.021570,Ward 4,2020-04-06
2020-04-05,38.959500,-77.030184,Ward 4,2020-04-06
2020-04-05,38.864245,-76.982241,Ward 8,2020-04-06
2020-04-05,38.930668,-76.985154,Ward 5,2020-04-06
2020-04-06,38.944471,-77.016697,Ward 4,2020-04-06
2020-04-06,38.884440,-76.999204,Ward 6,2020-04-06
2020-04-06,38.965623,-77.066596,Ward 4,2020-04-06
2020-04-06,38.942469,-76.992388,Ward 5,2020-04-06
2020-04-06,38.931442,-77.038206,Ward 1,2020-04-06
2020-04-06,38.969978,-77.068321,Ward 4,2020-04-07
2020-04-06,38.936453,-77.101655,Ward 3,2020-04-07
2020-04-06,38.906396,-77.009434,Ward 6,2020-04-07
2020-04-06,38.957504,-77.089521,Ward 3,2020-04-07
2020-04-06,38.893732,-76.984053,Ward 6,2020-04-07
2020-04-07,38.933635,-77.074842,Ward 3,2020-04-07
2020-04-07,38.970035,-77.060032,Ward 4,2020-04-07
2020-04-07,38.877398,-76.935303,Ward 7,2020-04-14
2020-04-07,38.914612,-77.083523,Ward 3,2020-04-07
2020-04-07,38.869419,-76.958178,Ward 7,2020-06-19
2020-04-07,38.895654,-76.937986,Ward 7,2020-04-07
2020-04-07,38.864212,-76.984969,Ward 8,2020-04-07
2020-04-07,38.958227,-77.026046,Ward 4,2020-04-08
2020-04-07,38.958227,-77.026046,Ward 4,2020-04-08
2020-04-07,38.957082,-77.028999,Ward 4,2020-04-08
2020-04-08,38.946912,-77.085217,Ward 3,2020-04-08
2020-04-08,38.928637,-77.088269,Ward 3,2020-04-08
2020-04-08,38.948611,-77.089440,Ward 3,2020-04-08
2020-04-08,38.949177,-77.084715,Ward 3,2020-04-08
2020-04-08,38.949000,-77.087545,Ward 3,2020-04-08
2020-04-08,38.903327,-77.058209,Ward 2,2020-04-08
2020-04-08,38.948089,-77.088412,Ward 3,2020-04-08
2020-04-08,38.905859,-77.064589,Ward 2,2020-04-08
2020-04-08,38.933705,-77.059771,Ward 3,2020-04-09
2020-04-08,38.949863,-77.094587,Ward 3,2020-04-08
2020-04-08,38.949446,-77.088067,Ward 3,2020-04-08
2020-04-08,38.918126,-77.044996,Ward 1,2020-04-08
2020-04-08,38.912017,-77.034824,Ward 2,2020-04-08
2020-04-08,38.952309,-77.095419,Ward 3,2020-04-08
2020-04-08,38.936577,-77.067222,Ward 3,2020-04-08
2020-04-08,38.950407,-77.084744,Ward 3,2020-04-08
2020-04-08,38.988789,-77.038847,Ward 4,2020-04-08
2020-04-08,38.948361,-77.085949,Ward 3,2020-04-09
2020-04-08,38.949862,-77.090257,Ward 3,2020-04-08
2020-04-08,38.950475,-77.092850,Ward 3,2020-04-08
2020-04-08,38.948117,-77.087875,Ward 3,2020-04-08
2020-04-08,38.949688,-77.084390,Ward 3,2020-04-08
2020-04-08,38.915542,-77.073079,Ward 2,2020-04-08
2020-04-08,38.937451,-77.063928,Ward 3,2020-04-08
2020-04-08,38.939571,-77.070427,Ward 3,2020-04-09
2020-04-08,38.928874,-77.085006,Ward 3,2020-04-09
2020-04-08,38.926729,-77.080463,Ward 3,2020-04-09
2020-04-08,38.943376,-77.073294,Ward 3,2020-04-09
2020-04-08,38.994575,-77.040620,Ward 4,2020-04-09
2020-04-08,38.869639,-76.967085,Ward 7,2020-04-09
2020-04-08,38.932596,-77.085614,Ward 3,2020-04-09
2020-04-08,38.890436,-76.959403,Ward 7,2020-04-09
2020-04-08,38.908203,-77.065871,Ward 2,2020-04-09
2020-04-08,38.952278,-77.093545,Ward 3,2020-04-09
2020-04-08,38.914319,-77.047524,Ward 2,2020-04-09
2020-04-08,38.988789,-77.038847,Ward 4,2020-04-09
2020-04-08,38.950851,-77.091973,Ward 3,2020-04-09
2020-04-08,38.923634,-77.081742,Ward 3,2020-04-09
2020-04-08,38.888226,-76.997381,Ward 6,2020-04-09
2020-04-08,38.926192,-77.062901,Ward 3,2020-04-09
2020-04-08,38.922161,-77.081088,Ward 3,2020-04-09
2020-04-08,38.959500,-77.030184,Ward 4,2020-04-09
2020-04-08,38.962901,-77.019213,Ward 4,2020-04-09
2020-04-08,38.929331,-76.964626,Ward 5,2020-04-09
2020-04-08,38.933969,-77.100976,Ward 3,2020-04-09
2020-04-09,38.948611,-77.087927,Ward 3,2020-04-09
2020-04-09,38.951672,-77.094083,Ward 3,2020-04-09
2020-04-09,38.950817,-77.093553,Ward 3,2020-04-09
2020-04-09,38.966903,-77.027115,Ward 4,2020-04-09
2020-04-09,38.939611,-77.068164,Ward 3,2020-04-09
2020-04-09,38.842973,-76.994097,Ward 8,2020-04-10
2020-04-09,38.923624,-77.077253,Ward 3,2020-04-09
2020-04-09,38.923775,-77.076958,Ward 3,2020-04-09
2020-04-09,38.948611,-77.087927,Ward 3,2020-04-09
2020-04-09,38.933982,-77.058297,Ward 3,2020-04-09
2020-04-09,38.950864,-77.089228,Ward 3,2020-04-09
2020-04-09,38.917981,-77.038877,Ward 1,2020-04-09
2020-04-09,38.927032,-77.052060,Ward 3,2020-04-09
2020-04-09,38.951254,-77.089646,Ward 3,2020-04-09
2020-04-09,38.949691,-77.089621,Ward 3,2020-04-09
2020-04-09,38.950817,-77.093553,Ward 3,2020-04-09
2020-04-09,38.946311,-77.078785,Ward 3,2020-04-09
2020-04-09,38.966296,-77.024434,Ward 4,2020-04-09
2020-04-09,38.912793,-77.032387,Ward 2,2020-04-10
2020-04-09,38.949456,-77.089021,Ward 3,2020-04-09
2020-04-09,38.945302,-77.092850,Ward 3,2020-04-09
2020-04-09,38.912357,-77.032994,Ward 2,2020-04-10
2020-04-09,38.946873,-77.087065,Ward 3,2020-04-10
2020-04-09,38.949891,-77.093256,Ward 3,2020-04-09
2020-04-09,38.950817,-77.093553,Ward 3,2020-04-09
2020-04-09,38.867673,-76.977414,Ward 8,2020-04-09
2020-04-09,38.972589,-77.061444,Ward 4,2020-04-10
2020-04-09,38.935619,-77.027200,Null,2020-04-10
2020-04-09,38.944978,-77.091250,Ward 3,2020-04-09
2020-04-09,38.933700,-77.053378,Ward 3,2020-04-10
2020-04-09,38.873561,-76.976063,Ward 8,2020-04-10
2020-04-09,38.902303,-76.938444,Ward 7,2020-04-10
2020-04-09,38.897762,-76.989967,Ward 6,2020-04-10
2020-04-09,38.948411,-77.007708,Ward 5,2020-04-10
2020-04-09,38.912104,-76.933943,Ward 7,2020-04-10
2020-04-09,38.872876,-76.948680,Ward 7,2020-04-10
2020-04-09,38.834068,-76.988024,Ward 8,2020-04-10
2020-04-09,38.884574,-76.998655,Ward 6,2020-04-10
2020-04-09,38.949913,-77.014496,Ward 4,2020-04-12
2020-04-09,38.906435,-76.978719,Ward 5,2020-04-10
2020-04-09,38.823549,-77.006218,Ward 8,2020-04-10
2020-04-09,38.892955,-76.949317,Ward 7,2020-04-10
2020-04-09,38.948103,-77.088014,Ward 3,2020-04-09
2020-04-09,38.914826,-77.007895,Ward 5,2020-04-10
2020-04-09,38.915604,-77.071884,Ward 2,2020-04-09
2020-04-09,38.922857,-77.000824,Ward 5,2020-04-10
2020-04-09,38.926212,-77.107605,Ward 3,2020-04-10
2020-04-09,38.944423,-77.006915,Ward 5,2020-04-12
2020-04-09,38.927461,-77.040166,Ward 1,2020-04-10
2020-04-09,38.912769,-77.011682,Ward 5,2020-04-09
2020-04-09,38.883388,-76.978738,Ward 6,2020-04-10
2020-04-09,38.842259,-76.993970,Ward 8,2020-04-10
2020-04-09,38.893399,-76.994407,Ward 6,2020-04-10
2020-04-09,38.838805,-76.993563,Ward 8,2020-04-10
2020-04-09,38.932673,-76.984085,Ward 5,2020-04-10
2020-04-09,38.903400,-76.982922,Ward 5,2020-04-10
2020-04-09,38.939742,-77.029704,Ward 4,2020-04-09
2020-04-09,38.966304,-77.029027,Ward 4,2020-04-10
2020-04-09,38.946413,-76.996814,Ward 5,2020-04-10
2020-04-09,38.908573,-77.025988,Ward 2,2020-04-10
2020-04-09,38.932679,-76.983965,Ward 5,2020-04-10
2020-04-09,38.901918,-76.999742,Ward 6,2020-04-10
2020-04-09,38.952439,-77.087042,Ward 3,2020-04-10
2020-04-09,38.915203,-77.071748,Ward 2,2020-04-09
2020-04-09,38.819987,-77.007816,Ward 8,2020-04-10
2020-04-09,38.911672,-77.008505,Ward 5,2020-04-10
2020-04-09,38.912037,-77.007743,Ward 5,2020-04-10
2020-04-09,38.890735,-76.994304,Ward 6,2020-04-10
2020-04-09,38.912844,-77.006935,Ward 5,2020-04-10
2020-04-09,38.912841,-77.007054,Ward 5,2020-04-10
2020-04-09,38.912403,-77.007151,Ward 5,2020-04-10
2020-04-09,38.912839,-77.007185,Ward 5,2020-04-10
2020-04-10,38.908779,-77.025806,Ward 2,2020-04-10
2020-04-10,38.893590,-77.017576,Ward 2,2020-04-10
2020-04-10,38.893590,-77.017576,Ward 2,2020-04-10
2020-04-10,38.957028,-77.087437,Ward 3,2020-04-10
2020-04-10,38.897717,-76.941861,Ward 7,2020-04-10
2020-04-10,38.935224,-77.060865,Ward 3,2020-04-10
2020-04-10,38.861011,-76.997313,Ward 8,2020-04-10
2020-04-10,38.889391,-76.964931,Ward 7,2020-04-10
2020-04-10,38.881430,-77.000809,Ward 6,2020-04-10
2020-04-10,38.906827,-77.005465,Ward 6,2020-04-10
2020-04-10,38.898091,-76.983882,Ward 6,2020-04-10
2020-04-10,38.943057,-76.979373,Ward 5,2020-04-10
2020-04-10,38.976783,-77.024673,Ward 4,2020-04-12
2020-04-10,38.948327,-77.008397,Ward 5,2020-04-10
2020-04-10,38.939742,-77.029704,Ward 4,2020-04-10
2020-04-10,38.884574,-76.998655,Ward 6,2020-04-10
2020-04-10,38.915385,-77.024753,Ward 1,2020-04-10
2020-04-10,38.861974,-76.956208,Ward 7,2020-04-10
2020-04-10,38.954705,-77.086210,Ward 3,2020-04-10
2020-04-10,38.977050,-77.060962,Ward 4,2020-04-10
2020-04-10,38.967853,-77.070915,Ward 3,2020-04-10
2020-04-10,38.827711,-77.003389,Ward 8,2020-04-10
2020-04-10,38.954472,-77.085366,Ward 3,2020-04-10
2020-04-10,38.952309,-77.095419,Ward 3,2020-04-10
2020-04-10,38.938595,-76.975964,Ward 5,2020-04-10
2020-04-10,38.908203,-77.065871,Ward 2,2020-04-10
2020-04-10,38.938595,-76.975964,Ward 5,2020-04-10
2020-04-10,38.861674,-76.953363,Ward 7,2020-04-10
2020-04-10,38.904968,-76.976214,Ward 5,2020-04-13
2020-04-10,38.903327,-77.058209,Ward 2,2020-04-10
2020-04-10,38.855386,-76.960193,Ward 7,2020-04-13
2020-04-10,38.908800,-77.025314,Ward 2,2020-04-10
2020-04-10,38.959004,-77.029390,Ward 4,2020-04-13
2020-04-10,38.959401,-77.020899,Ward 4,2020-04-13
2020-04-10,38.921464,-76.976838,Ward 5,2020-04-10
2020-04-10,38.913894,-77.010288,Ward 5,2020-04-13
2020-04-10,38.951766,-77.071218,Ward 3,2020-04-10
2020-04-10,38.917330,-77.029344,Ward 1,2020-04-12
2020-04-10,38.918225,-77.054548,Ward 2,2020-04-12
2020-04-10,38.893144,-76.996395,Ward 6,2020-04-13
2020-04-10,38.895133,-76.949160,Ward 7,2020-04-13
2020-04-10,38.910575,-77.020156,Ward 6,2020-04-13
2020-04-10,38.920964,-77.013514,Null,2020-04-13
2020-04-10,38.916999,-77.029621,Ward 1,2020-04-10
2020-04-10,38.917910,-77.054825,Ward 2,2020-04-12
2020-04-10,38.877544,-76.992746,Ward 6,2020-04-13
2020-04-10,38.955526,-77.019612,Ward 4,2020-04-13
2020-04-10,38.890932,-76.985510,Ward 6,2020-04-13
2020-04-11,38.930406,-77.043038,Ward 1,2020-04-13
2020-04-11,38.965127,-77.021547,Ward 4,2020-04-13
2020-04-11,38.879945,-76.935804,Ward 7,2020-04-13
2020-04-11,38.964692,-77.072585,Ward 3,2020-04-13
2020-04-11,38.914551,-77.066363,Ward 2,2020-04-13
2020-04-11,38.948273,-77.100565,Ward 3,2020-04-13
2020-04-11,38.948103,-77.088014,Ward 3,2020-04-12
2020-04-11,38.926167,-76.998701,Ward 5,2020-04-13
2020-04-11,38.946285,-77.082050,Ward 3,2020-04-13
2020-04-11,38.942753,-77.076532,Ward 3,2020-04-13
2020-04-12,38.886159,-76.993495,Ward 6,2020-04-13
2020-04-12,38.926667,-77.009044,Ward 5,2020-04-13
2020-04-12,38.920697,-76.979290,Ward 5,2020-04-13
2020-04-12,38.913894,-77.010345,Ward 5,2020-04-13
2020-04-12,38.937952,-77.092821,Ward 3,2020-04-13
2020-04-12,38.931667,-77.085118,Ward 3,2020-04-13
2020-04-12,38.898557,-77.001777,Ward 6,2020-04-15
2020-04-12,38.912325,-76.995606,Ward 5,2020-04-13
2020-04-12,38.947036,-77.082262,Ward 3,2020-04-13
2020-04-13,38.843819,-76.979586,Ward 8,2020-04-13
2020-04-13,38.942217,-77.072411,Ward 3,2020-04-13
2020-04-13,38.920349,-77.045637,Ward 1,2020-04-13
2020-04-13,38.918672,-77.060233,Ward 3,2020-04-13
2020-04-13,38.884698,-76.979218,Ward 6,2020-04-13
2020-04-13,38.949863,-77.094587,Ward 3,2020-04-13
2020-04-13,38.903159,-76.994726,Ward 6,2020-04-13
2020-04-13,38.948798,-77.040019,Ward 4,2020-04-13
2020-04-13,38.952309,-77.095419,Ward 3,2020-04-13
2020-04-13,38.891807,-76.997947,Ward 6,2020-04-13
2020-04-13,38.939529,-77.033826,Ward 4,2020-04-13
2020-04-13,38.930735,-77.107502,Ward 3,2020-04-13
2020-04-13,38.948611,-77.087927,Ward 3,2020-04-14
2020-04-13,38.939664,-76.995673,Ward 5,2020-04-13
2020-04-13,38.868017,-76.953343,Ward 7,2020-04-30
2020-04-13,38.853133,-76.964041,Null,2020-04-14
2020-04-13,38.927155,-76.970408,Ward 5,2020-04-13
2020-04-13,38.870578,-76.953530,Ward 7,2020-04-14
2020-04-13,38.870715,-76.953203,Ward 7,2020-04-13
2020-04-13,38.879225,-76.939874,Ward 7,2020-04-13
2020-04-13,38.868890,-76.951972,Ward 7,2020-04-13
2020-04-13,38.909721,-76.936651,Ward 7,2020-04-13
2020-04-13,38.882640,-76.978893,Ward 6,2020-04-13
2020-04-13,38.917448,-77.039553,Ward 1,2020-04-13
2020-04-13,38.867943,-76.961599,Ward 7,2020-04-13
2020-04-13,38.888376,-76.994493,Ward 6,2020-04-13
2020-04-13,38.950718,-77.090851,Ward 3,2020-04-14
2020-04-13,38.869067,-76.943631,Ward 7,2020-04-14
2020-04-13,38.903392,-76.976217,Ward 5,2020-04-14
2020-04-13,38.910866,-77.037614,Ward 2,2020-04-15
2020-04-13,38.904968,-76.976214,Ward 5,2020-04-14
2020-04-13,38.881962,-76.941088,Ward 7,2020-04-14
2020-04-13,38.859984,-76.973172,Ward 8,2020-04-14
2020-04-14,38.890932,-76.985510,Ward 6,2020-04-14
2020-04-14,38.911009,-77.053036,Ward 2,2020-04-14
2020-04-14,38.911009,-77.053036,Ward 2,2020-04-14
2020-04-14,38.911009,-77.053036,Ward 2,2020-04-14
2020-04-14,38.911009,-77.053036,Ward 2,2020-04-14
2020-04-14,38.924574,-77.026826,Ward 1,2020-04-17
2020-04-14,38.961417,-77.064074,Ward 4,2020-04-14
2020-04-14,38.881462,-76.984200,Ward 6,2020-04-14
2020-04-14,38.887868,-76.928931,Ward 7,2020-04-14
2020-04-14,38.863071,-76.960619,Ward 7,2020-04-14
2020-04-14,38.927155,-76.970408,Ward 5,2020-04-14
2020-04-14,38.897544,-76.972593,Ward 7,2020-04-14
2020-04-14,38.897544,-76.972593,Ward 7,2020-04-14
2020-04-14,38.927832,-77.093376,Ward 3,2020-04-14
2020-04-14,38.921541,-77.075431,Ward 3,2020-04-14
2020-04-14,38.954210,-77.058275,Ward 3,2020-04-14
2020-04-14,38.955713,-76.996914,Ward 5,2020-04-14
2020-04-14,38.924949,-77.008700,Ward 5,2020-04-14
2020-04-14,38.934272,-77.094056,Ward 3,2020-04-15
2020-04-14,38.989019,-77.047125,Ward 4,2020-04-14
2020-04-14,38.942611,-77.078997,Ward 3,2020-04-15
2020-04-14,38.896998,-77.000748,Ward 6,2020-04-15
2020-04-14,38.895654,-76.937986,Ward 7,2020-04-15
2020-04-14,38.925425,-77.072271,Ward 3,2020-04-15
2020-04-14,38.951909,-77.091819,Ward 3,2020-04-15
2020-04-14,38.886222,-76.957705,Ward 7,2020-04-29
2020-04-14,38.958252,-77.024386,Ward 4,2020-04-15
2020-04-14,38.958684,-77.025635,Ward 4,2020-04-15
2020-04-14,38.958739,-77.025637,Ward 4,2020-04-15
2020-04-14,38.958290,-77.023357,Ward 4,2020-04-15
2020-04-14,38.959453,-77.025680,Ward 4,2020-04-15
2020-04-14,38.859657,-76.952375,Ward 7,2020-04-16
2020-04-15,38.883623,-76.982010,Ward 6,2020-04-15
2020-04-15,38.884112,-76.999306,Ward 6,2020-04-15
2020-04-15,38.897335,-77.000571,Ward 6,2020-04-15
2020-04-15,38.929735,-77.024844,Ward 1,2020-04-15
2020-04-15,38.867291,-76.977022,Ward 8,2020-04-16
2020-04-15,38.870831,-76.953440,Ward 7,2020-04-15
2020-04-15,38.960583,-77.000730,Ward 4,2020-04-15
2020-04-15,38.893144,-76.996395,Ward 6,2020-04-15
2020-04-15,38.945458,-77.095741,Ward 3,2020-04-17
2020-04-15,38.866113,-76.946544,Ward 7,2020-04-15
2020-04-15,38.956393,-77.008310,Ward 4,2020-04-17
2020-04-15,38.894345,-76.986777,Ward 6,2020-04-17
2020-04-15,38.902071,-76.983911,Ward 5,2020-04-17
2020-04-16,38.959549,-77.021883,Ward 4,2020-04-17
2020-04-16,38.962515,-77.021731,Ward 4,2020-04-17
2020-04-16,38.914253,-77.028347,Ward 1,2020-04-17
2020-04-16,38.942757,-77.087533,Ward 3,2020-04-17
2020-04-16,38.982049,-77.034182,Ward 4,2020-04-17
2020-04-16,38.951672,-77.094083,Ward 3,2020-04-17
2020-04-16,38.946873,-77.087065,Ward 3,2020-04-17
2020-04-16,38.912841,-77.006866,Ward 5,2020-04-17
2020-04-16,38.943371,-77.073982,Ward 3,2020-04-17
2020-04-16,38.946528,-77.079978,Ward 3,2020-04-17
2020-04-16,38.896871,-76.999258,Ward 6,2020-04-17
2020-04-16,38.906408,-76.984713,Ward 5,2020-04-17
2020-04-16,38.914267,-77.010638,Ward 5,2020-04-17
2020-04-16,38.939254,-77.070186,Ward 3,2020-04-17
2020-04-17,38.896821,-76.981619,Ward 6,2020-04-17
2020-04-17,38.920872,-77.038239,Ward 1,2020-04-17
2020-04-17,38.955778,-77.072584,Ward 3,2020-04-17
2020-04-17,38.893707,-76.927559,Ward 7,2020-04-21
2020-04-17,38.940556,-76.975966,Ward 5,2020-04-17
2020-04-17,38.927238,-76.965749,Ward 5,2020-04-17
2020-04-17,38.982603,-77.036698,Ward 4,2020-04-21
2020-04-17,38.961296,-77.079571,Ward 3,2020-04-21
2020-04-17,38.960737,-77.077886,Ward 3,2020-04-21
2020-04-17,38.960025,-77.081755,Ward 3,2020-04-21
2020-04-17,38.959418,-77.081806,Ward 3,2020-04-21
2020-04-17,38.959217,-77.081807,Ward 3,2020-04-21
2020-04-18,38.950186,-77.087860,Ward 3,2020-04-20
2020-04-18,38.976000,-77.023159,Ward 4,2020-04-21
2020-04-18,38.932012,-77.031298,Ward 1,2020-04-20
2020-04-18,38.907763,-76.983380,Ward 5,2020-04-20
2020-04-18,38.924207,-76.977512,Ward 5,2020-04-20
2020-04-18,38.910752,-77.012373,Ward 5,2020-04-20
2020-04-19,38.889402,-76.951369,Ward 7,2020-04-20
2020-04-19,38.890861,-76.953295,Ward 7,2020-04-21
2020-04-19,38.942924,-77.071489,Ward 3,2020-04-20
2020-04-19,38.942904,-77.071404,Ward 3,2020-04-20
2020-04-19,38.942934,-77.070470,Ward 3,2020-04-20
2020-04-19,38.864414,-76.967158,Ward 7,2020-04-20
2020-04-19,38.944146,-77.070578,Ward 3,2020-04-20
2020-04-19,38.944409,-77.072163,Ward 3,2020-04-20
2020-04-19,38.945351,-77.071712,Ward 3,2020-04-20
2020-04-19,38.925959,-77.076186,Ward 3,2020-04-20
2020-04-19,38.913453,-77.068634,Ward 2,2020-04-20
2020-04-19,38.927452,-77.028328,Ward 1,2020-04-20
2020-04-19,38.948971,-77.092333,Ward 3,2020-04-20
2020-04-19,38.928083,-77.076073,Ward 3,2020-04-20
2020-04-20,38.951760,-77.084934,Ward 3,2020-04-20
2020-04-20,38.928255,-77.075583,Ward 3,2020-04-20
2020-04-20,38.926884,-77.000031,Ward 5,2020-04-20
2020-04-20,38.981356,-77.054615,Ward 4,2020-04-21
2020-04-20,38.897484,-76.985256,Ward 6,2020-04-21
2020-04-20,38.932304,-76.973967,Ward 5,2020-04-21
2020-04-20,38.899082,-76.999059,Ward 6,2020-04-21
2020-04-20,38.955277,-77.085924,Ward 3,2020-04-21
2020-04-20,38.931345,-77.086215,Ward 3,2020-04-21
2020-04-20,38.884453,-77.004148,Ward 6,2020-04-21
2020-04-20,38.849984,-76.983059,Ward 8,2020-04-21
2020-04-20,38.824441,-76.997478,Ward 8,2020-04-23
2020-04-21,38.930497,-77.088315,Ward 3,2020-04-21
2020-04-21,38.929678,-77.084095,Ward 3,2020-04-21
2020-04-21,38.929493,-77.085903,Ward 3,2020-04-21
2020-04-21,38.895130,-76.985243,Ward 6,2020-04-21
2020-04-21,38.967773,-77.021339,Ward 4,2020-04-21
2020-04-21,38.928851,-77.027300,Ward 1,2020-04-21
2020-04-21,38.894305,-76.988076,Ward 6,2020-04-21
2020-04-21,38.924370,-77.008753,Ward 5,2020-04-21
2020-04-21,38.904791,-77.019149,Ward 6,2020-04-21
2020-04-21,38.930527,-76.962433,Ward 5,2020-04-21
2020-04-21,38.933258,-77.040177,Ward 1,2020-04-21
2020-04-21,38.946606,-77.007435,Ward 5,2020-04-21
2020-04-21,38.919331,-76.983640,Ward 5,2020-04-22
2020-04-21,38.954072,-77.080841,Ward 3,2020-04-22
2020-04-21,38.920313,-76.988559,Ward 5,2020-04-22
2020-04-21,38.908408,-77.057531,Ward 2,2020-04-24
2020-04-21,38.956162,-77.022952,Ward 4,2020-04-22
2020-04-21,38.922202,-76.976899,Ward 5,2020-04-22
2020-04-21,38.901336,-77.034593,Ward 2,2020-04-22
2020-04-21,38.937147,-76.966261,Ward 5,2020-04-22
2020-04-22,38.844759,-76.987138,Ward 8,2020-04-22
2020-04-22,38.955683,-77.080085,Ward 3,2020-04-22
2020-04-22,38.937524,-76.994411,Ward 5,2020-04-22
2020-04-22,38.881283,-77.020954,Ward 6,2020-04-22
2020-04-22,38.938169,-77.086226,Ward 3,2020-04-22
2020-04-22,38.955786,-77.017526,Ward 4,2020-04-22
2020-04-22,38.904791,-77.019149,Ward 6,2020-04-22
2020-04-22,38.946922,-77.084023,Ward 3,2020-04-22
2020-04-22,38.937524,-76.994411,Ward 5,2020-04-22
2020-04-22,38.957474,-77.077404,Ward 3,2020-04-22
2020-04-22,38.897853,-76.996368,Ward 6,2020-04-23
2020-04-22,38.921833,-77.041130,Ward 1,2020-04-23
2020-04-22,38.957474,-77.077404,Ward 3,2020-04-23
2020-04-22,38.926060,-77.061380,Ward 3,2020-04-23
2020-04-22,38.844900,-76.995527,Ward 8,2020-04-23
2020-04-22,38.914286,-77.011979,Ward 5,2020-04-23
2020-04-22,38.872278,-77.010064,Ward 6,2020-04-24
2020-04-22,38.952302,-77.090268,Ward 3,2020-04-23
2020-04-22,38.930970,-77.085956,Ward 3,2020-04-23
2020-04-22,38.909799,-77.058449,Ward 2,2020-04-23
2020-04-22,38.907320,-76.984383,Ward 5,2020-04-23
2020-04-22,38.930541,-77.106189,Ward 3,2020-04-23
2020-04-23,38.946774,-76.989493,Ward 5,2020-04-23
2020-04-23,38.950819,-76.996084,Ward 5,2020-04-23
2020-04-23,38.897762,-76.989967,Ward 6,2020-04-24
2020-04-23,38.914551,-77.066363,Ward 2,2020-04-23
2020-04-23,38.941840,-77.021388,Ward 4,2020-04-23
2020-04-23,38.947238,-76.981850,Ward 5,2020-04-23
2020-04-23,38.965213,-77.011816,Ward 4,2020-04-23
2020-04-23,38.879948,-76.942363,Ward 7,2020-05-07
2020-04-23,38.950790,-76.987924,Ward 5,2020-04-23
2020-04-23,38.883013,-76.983473,Ward 6,2020-04-23
2020-04-23,38.912404,-77.011224,Ward 5,2020-04-24
2020-04-23,38.944921,-77.082951,Ward 3,2020-04-24
2020-04-23,38.939034,-76.975423,Ward 5,2020-04-23
2020-04-23,38.952283,-77.024089,Ward 4,2020-04-24
2020-04-24,38.850685,-76.994729,Ward 8,2020-04-27
2020-04-24,38.947507,-76.990533,Ward 5,2020-04-24
2020-04-24,38.941260,-76.990235,Ward 5,2020-04-24
2020-04-24,38.942864,-76.990237,Ward 5,2020-04-24
2020-04-24,38.907764,-77.032359,Ward 2,2020-04-24
2020-04-24,38.924370,-77.039755,Ward 1,2020-04-24
2020-04-24,38.922681,-77.046699,Ward 1,2020-04-24
2020-04-24,38.922739,-77.046794,Ward 1,2020-04-24
2020-04-24,38.925047,-77.050902,Ward 3,2020-04-24
2020-04-24,38.903737,-77.050113,Ward 2,2020-04-24
2020-04-24,38.930546,-77.043393,Ward 1,2020-04-24
2020-04-24,38.916440,-77.088705,Ward 3,2020-04-24
2020-04-24,38.902524,-77.051414,Ward 2,2020-04-24
2020-04-24,38.902524,-77.051414,Ward 2,2020-04-24
2020-04-24,38.902524,-77.051414,Ward 2,2020-04-24
2020-04-24,38.902880,-77.053878,Ward 2,2020-04-24
2020-04-24,38.865608,-76.948312,Ward 7,2020-04-28
2020-04-24,38.951725,-76.991965,Ward 5,2020-04-27
2020-04-24,38.884480,-76.991789,Ward 6,2020-04-24
2020-04-24,38.868972,-76.953910,Ward 7,2020-06-18
2020-04-24,38.911496,-77.022676,Ward 6,2020-05-07
2020-04-24,38.911683,-76.940798,Ward 7,2020-04-28
2020-04-25,38.928114,-77.088944,Ward 3,2020-04-27
2020-04-25,38.931796,-77.088864,Ward 3,2020-04-27
2020-04-25,38.878591,-76.983879,Ward 6,2020-04-27
2020-04-25,38.954730,-77.012738,Ward 4,2020-04-27
2020-04-26,38.935442,-76.981613,Ward 5,2020-04-27
2020-04-26,38.905286,-77.065395,Ward 2,2020-04-27
2020-04-27,38.920493,-77.077250,Ward 3,2020-04-27
2020-04-27,38.920876,-77.077237,Ward 3,2020-04-27
2020-04-27,38.918048,-77.072334,Ward 3,2020-04-27
2020-04-27,38.929716,-76.995941,Ward 5,2020-04-27
2020-04-27,38.957467,-77.032587,Ward 4,2020-04-27
2020-04-27,38.953079,-77.033729,Ward 4,2020-04-27
2020-04-27,38.948026,-77.037718,Ward 4,2020-04-28
2020-04-27,38.965310,-77.063638,Ward 4,2020-04-28
2020-04-27,38.948026,-77.037718,Ward 4,2020-04-28
2020-04-27,38.946270,-76.988895,Ward 5,2020-04-27
2020-04-27,38.943575,-76.988049,Ward 5,2020-04-27
2020-04-27,38.911308,-77.027408,Ward 2,2020-04-28
2020-04-27,38.953516,-77.085184,Ward 3,2020-04-27
2020-04-27,38.941042,-77.097676,Ward 3,2020-04-28
2020-04-27,38.941061,-77.094966,Ward 3,2020-04-28
2020-04-27,38.897488,-76.996399,Ward 6,2020-04-28
2020-04-27,38.943937,-76.983382,Ward 5,2020-04-29
2020-04-27,38.944968,-77.079130,Ward 3,2020-04-28
2020-04-28,38.970659,-77.022669,Ward 4,2020-04-28
2020-04-28,38.911308,-77.027408,Ward 2,2020-04-28
2020-04-28,38.905479,-77.017339,Ward 2,2020-04-28
2020-04-28,38.967188,-77.010599,Ward 4,2020-04-28
2020-04-28,38.909458,-77.015521,Ward 5,2020-04-29
2020-04-28,38.959927,-77.002962,Ward 4,2020-04-28
2020-04-28,38.867263,-76.946084,Ward 7,2020-06-19
2020-04-28,38.891691,-76.936408,Ward 7,2020-04-30
2020-04-28,38.911645,-77.027319,Ward 2,2020-04-29
2020-04-28,38.957394,-77.006501,Ward 4,2020-04-29
2020-04-28,38.950600,-76.989309,Ward 5,2020-04-29
2020-04-28,38.949888,-77.082800,Ward 3,2020-04-29
2020-04-29,38.931270,-77.055498,Ward 3,2020-04-29
2020-04-29,38.928975,-77.054315,Ward 3,2020-04-29
2020-04-29,38.912367,-77.081676,Ward 3,2020-04-29
2020-04-29,38.914986,-77.009596,Ward 5,2020-04-29
2020-04-29,38.973047,-77.062569,Ward 4,2020-04-29
2020-04-29,38.907101,-77.080465,Ward 3,2020-04-29
2020-04-29,38.908923,-77.081839,Ward 3,2020-04-29
2020-04-29,38.906937,-77.031604,Ward 2,2020-04-29
2020-04-29,38.902088,-77.048831,Ward 2,2020-04-29
2020-04-29,38.903740,-77.051414,Ward 2,2020-04-29
2020-04-29,38.886182,-76.997850,Ward 6,2020-04-29
2020-04-29,38.977599,-77.058612,Ward 4,2020-04-29
2020-04-29,38.950790,-76.987924,Ward 5,2020-04-30
2020-04-29,38.913761,-77.073986,Ward 2,2020-04-30
2020-04-29,38.914280,-77.072486,Ward 2,2020-04-30
2020-04-29,38.963668,-77.063881,Ward 4,2020-04-30
2020-04-29,38.961688,-77.063651,Ward 4,2020-04-30
2020-04-29,38.952684,-77.019953,Ward 4,2020-04-30
2020-04-29,38.907588,-77.031725,Ward 2,2020-04-30
2020-04-29,38.908359,-77.031495,Ward 2,2020-04-30
2020-04-29,38.909643,-77.041671,Ward 2,2020-04-30
2020-04-29,38.910376,-77.052159,Ward 2,2020-04-30
2020-04-29,38.961371,-77.059969,Ward 4,2020-04-30
2020-04-29,38.962669,-77.060357,Ward 4,2020-04-30
2020-04-29,38.962692,-77.060128,Ward 4,2020-04-30
2020-04-29,38.963096,-77.059859,Ward 4,2020-04-30
2020-04-30,38.963585,-77.058266,Ward 4,2020-04-30
2020-04-30,38.964711,-77.057890,Ward 4,2020-04-30
2020-04-30,38.965173,-77.057632,Ward 4,2020-04-30
2020-04-30,38.881911,-76.990564,Ward 6,2020-04-30
2020-04-30,38.961236,-77.061186,Ward 4,2020-04-30
2020-04-30,38.931413,-77.077009,Ward 3,2020-04-30
2020-04-30,38.923862,-77.069808,Ward 3,2020-04-30
2020-04-30,38.904493,-76.943162,Ward 7,2020-04-30
2020-04-30,38.939990,-77.060569,Ward 3,2020-04-30
2020-04-30,38.942728,-77.062240,Ward 3,2020-04-30
2020-04-30,38.942987,-77.062428,Ward 3,2020-04-30
2020-04-30,38.946541,-77.066486,Ward 3,2020-04-30
2020-04-30,38.946396,-77.066694,Ward 3,2020-04-30
2020-04-30,38.925971,-77.054228,Ward 3,2020-04-30
2020-04-30,38.927478,-77.054223,Ward 3,2020-04-30
2020-04-30,38.947258,-77.071604,Ward 3,2020-04-30
2020-04-30,38.933816,-77.057843,Ward 3,2020-04-30
2020-04-30,38.947197,-77.099207,Ward 3,2020-04-30
2020-04-30,38.948273,-77.100565,Ward 3,2020-04-30
2020-04-30,38.926357,-77.052737,Ward 3,2020-04-30
2020-04-30,38.929005,-77.038419,Ward 1,2020-04-30
2020-04-30,38.922966,-77.045273,Ward 1,2020-04-30
2020-04-30,38.922992,-77.044149,Ward 1,2020-04-30
2020-04-30,38.924370,-77.039755,Ward 1,2020-04-30
2020-04-30,38.912469,-77.070285,Ward 2,2020-04-30
2020-04-30,38.937377,-77.060002,Ward 3,2020-04-30
2020-04-30,38.943155,-77.062921,Ward 3,2020-04-30
2020-04-30,38.912443,-77.071813,Ward 2,2020-04-30
2020-04-30,38.920755,-77.092415,Ward 3,2020-04-30
2020-04-30,38.923871,-77.066398,Ward 3,2020-04-30
2020-04-30,38.944848,-77.041539,Ward 4,2020-04-30
2020-04-30,38.841156,-76.995559,Ward 8,2020-05-05
2020-04-30,38.884568,-76.986209,Ward 6,2020-04-30
2020-04-30,38.890490,-76.992837,Ward 6,2020-04-30
2020-04-30,38.944409,-77.094800,Ward 3,2020-04-30
2020-04-30,38.896643,-76.984887,Ward 6,2020-05-02
2020-04-30,38.939467,-76.987364,Ward 5,2020-04-30
2020-04-30,38.902116,-77.025279,Ward 2,2020-04-30
2020-04-30,38.950934,-77.073615,Ward 3,2020-04-30
2020-04-30,38.920755,-77.092415,Ward 3,2020-04-30
2020-04-30,38.915091,-77.075478,Ward 2,2020-04-30
2020-04-30,38.925860,-77.107526,Ward 3,2020-04-30
2020-04-30,38.905399,-76.990407,Ward 5,2020-04-30
2020-04-30,38.920021,-77.002728,Ward 5,2020-04-30
2020-04-30,38.940308,-76.980417,Ward 5,2020-04-30
2020-04-30,38.902116,-77.025279,Ward 2,2020-05-01
2020-04-30,38.899820,-77.025993,Ward 2,2020-05-04
2020-04-30,38.896133,-77.025985,Ward 2,2020-05-01
2020-04-30,38.894444,-77.026002,Ward 2,2020-05-01
2020-04-30,38.894693,-77.025068,Ward 2,2020-05-01
2020-04-30,38.895448,-77.023644,Ward 2,2020-05-01
2020-04-30,38.863863,-76.952013,Ward 7,2020-04-30
2020-04-30,38.941830,-77.058299,Ward 3,2020-04-30
2020-04-30,38.889510,-76.995904,Ward 6,2020-05-05
2020-04-30,38.865633,-76.962303,Ward 7,2020-05-01
2020-04-30,38.949634,-76.986969,Ward 5,2020-05-01
2020-04-30,38.925591,-77.000570,Ward 5,2020-05-01
2020-04-30,38.895533,-76.989973,Ward 6,2020-05-02
2020-04-30,38.916082,-77.051303,Ward 2,2020-05-04
2020-04-30,38.943248,-76.985947,Ward 5,2020-05-01
2020-04-30,38.879110,-76.935228,Ward 7,2020-06-19
2020-04-30,38.911900,-77.083789,Ward 3,2020-05-01
2020-05-01,38.963386,-77.020273,Ward 4,2020-05-01
2020-05-01,38.929518,-77.106033,Ward 3,2020-05-01
2020-05-01,38.914484,-77.091874,Ward 3,2020-05-01
2020-05-01,38.914067,-77.090648,Ward 3,2020-05-01
2020-05-01,38.867744,-76.986795,Ward 8,2020-05-01
2020-05-01,38.867295,-76.986805,Ward 8,2020-05-01
2020-05-01,38.940963,-76.984415,Ward 5,2020-05-01
2020-05-01,38.912859,-77.073941,Ward 2,2020-05-01
2020-05-01,38.894065,-76.993536,Ward 6,2020-05-02
2020-05-01,38.920077,-77.047085,Ward 1,2020-05-01
2020-05-01,38.872515,-76.971181,Ward 8,2020-05-01
2020-05-01,38.961233,-77.074615,Ward 3,2020-05-01
2020-05-01,38.947286,-77.091040,Ward 3,2020-05-01
2020-05-01,38.933896,-77.053302,Ward 3,2020-05-01
2020-05-01,38.949183,-77.034153,Ward 4,2020-05-04
2020-05-01,38.920273,-77.077286,Ward 3,2020-05-04
2020-05-01,38.871646,-76.960280,Ward 7,2020-05-01
2020-05-01,38.883017,-76.983837,Ward 6,2020-05-02
2020-05-01,38.967756,-77.055672,Ward 4,2020-05-05
2020-05-01,38.952091,-77.059407,Ward 3,2020-05-04
2020-05-01,38.909635,-77.049341,Ward 2,2020-05-04
2020-05-02,38.914067,-77.090648,Ward 3,2020-05-04
2020-05-02,38.959153,-77.022442,Ward 4,2020-05-04
2020-05-02,38.958342,-77.021861,Ward 4,2020-05-04
2020-05-02,38.958349,-77.021135,Ward 4,2020-05-04
2020-05-02,38.957629,-77.022190,Ward 4,2020-05-04
2020-05-02,38.947155,-77.082262,Ward 3,2020-05-04
2020-05-02,38.907463,-77.033704,Ward 2,2020-05-04
2020-05-02,38.934769,-77.029229,Ward 1,2020-05-04
2020-05-02,38.935368,-77.027407,Ward 1,2020-05-04
2020-05-02,38.904320,-77.001828,Ward 6,2020-05-04
2020-05-02,38.936353,-76.973862,Ward 5,2020-05-04
2020-05-02,38.930981,-77.057709,Ward 3,2020-05-05
2020-05-02,38.922356,-77.075731,Ward 3,2020-05-05
2020-05-02,38.938464,-77.068883,Ward 3,2020-05-04
2020-05-02,38.950700,-77.024469,Ward 4,2020-05-04
2020-05-02,38.956564,-77.064958,Ward 3,2020-05-04
2020-05-02,38.910611,-77.015947,Ward 5,2020-05-04
2020-05-02,38.899108,-76.987774,Ward 6,2020-05-04
2020-05-02,38.894234,-76.935914,Ward 7,2020-05-05
2020-05-03,38.926725,-77.071174,Ward 3,2020-05-05
2020-05-03,38.900870,-77.021911,Ward 2,2020-05-04
2020-05-03,38.900870,-77.021911,Ward 2,2020-05-04
2020-05-03,38.899509,-77.022150,Ward 2,2020-05-04
2020-05-03,38.942934,-77.070325,Ward 3,2020-05-04
2020-05-03,38.942936,-77.070561,Ward 3,2020-05-04
2020-05-03,38.898628,-77.022188,Ward 2,2020-05-04
2020-05-03,38.943381,-77.070643,Ward 3,2020-05-04
2020-05-03,38.943372,-77.076111,Ward 3,2020-05-04
2020-05-03,38.942216,-77.076507,Ward 3,2020-05-04
2020-05-03,38.939395,-77.074000,Ward 3,2020-05-04
2020-05-03,38.937961,-77.072966,Ward 3,2020-05-04
2020-05-03,38.938155,-77.072423,Ward 3,2020-05-04
2020-05-03,38.937976,-77.071118,Ward 3,2020-05-04
2020-05-03,38.937952,-77.067396,Ward 3,2020-05-04
2020-05-03,38.937951,-77.066926,Ward 3,2020-05-04
2020-05-03,38.972603,-77.057748,Ward 4,2020-05-04
2020-05-03,38.845308,-77.002578,Ward 8,2020-05-04
2020-05-03,38.966752,-77.008831,Ward 4,2020-05-04
2020-05-03,38.894411,-77.019901,Ward 2,2020-05-04
2020-05-03,38.894554,-77.020742,Ward 2,2020-05-04
2020-05-03,38.893877,-77.021911,Ward 2,2020-05-04
2020-05-03,38.929556,-77.073994,Ward 3,2020-05-04
2020-05-03,38.959861,-77.034357,Ward 4,2020-05-04
2020-05-03,38.925807,-77.100169,Ward 3,2020-05-04
2020-05-03,38.899088,-76.987890,Ward 6,2020-05-04
2020-05-03,38.933501,-77.085836,Ward 3,2020-05-04
2020-05-04,38.914606,-77.067766,Ward 2,2020-05-04
2020-05-04,38.864987,-76.952975,Ward 7,2020-05-05
2020-05-04,38.924115,-76.992061,Ward 5,2020-05-04
2020-05-04,38.877635,-76.962853,Ward 7,2020-05-07
2020-05-04,38.878139,-76.942586,Ward 7,2020-05-04
2020-05-04,38.918293,-77.073903,Ward 3,2020-05-05
2020-05-04,38.929509,-77.039980,Ward 1,2020-05-04
2020-05-04,38.853728,-76.995045,Ward 8,2020-05-08
2020-05-04,38.884273,-76.988099,Ward 6,2020-05-04
2020-05-04,38.938233,-77.100529,Ward 3,2020-05-04
2020-05-04,38.908069,-77.032953,Ward 2,2020-05-04
2020-05-04,38.886335,-76.943800,Ward 7,2020-05-07
2020-05-04,38.960500,-77.071477,Ward 3,2020-05-04
2020-05-04,38.957063,-77.017590,Ward 4,2020-05-04
2020-05-04,38.967818,-77.072446,Ward 3,2020-05-04
2020-05-04,38.959110,-77.037519,Ward 4,2020-05-04
2020-05-04,38.923917,-76.999155,Ward 5,2020-05-05
2020-05-04,38.841033,-76.991889,Ward 8,2020-05-05
2020-05-04,38.904705,-77.019609,Ward 6,2020-05-04
2020-05-04,38.886626,-76.957889,Ward 7,2020-06-19
2020-05-04,38.944933,-77.072158,Ward 3,2020-05-04
2020-05-04,38.958557,-77.009723,Ward 4,2020-05-05
2020-05-04,38.942413,-77.094620,Ward 3,2020-05-05
2020-05-04,38.942413,-77.094620,Ward 3,2020-05-05
2020-05-04,38.956087,-76.991544,Ward 5,2020-05-05
2020-05-04,38.957070,-77.030894,Ward 4,2020-05-05
2020-05-04,38.909391,-77.046409,Ward 2,2020-05-04
2020-05-04,38.919727,-77.025793,Ward 1,2020-05-05
2020-05-04,38.920105,-77.025823,Ward 1,2020-05-05
2020-05-04,38.869014,-76.942331,Ward 7,2020-05-05
2020-05-04,38.920054,-77.025820,Ward 1,2020-05-05
2020-05-04,38.864401,-76.981099,Ward 8,2020-05-07
2020-05-04,38.956442,-77.027220,Ward 4,2020-05-05
2020-05-04,38.914313,-77.034031,Ward 2,2020-05-07
2020-05-04,38.963297,-77.078820,Ward 3,2020-05-05
2020-05-04,38.947725,-77.034518,Ward 4,2020-05-05
2020-05-04,38.959153,-77.022442,Ward 4,2020-05-05
2020-05-04,38.917740,-77.047235,Null,2020-05-05
2020-05-04,38.892199,-76.914700,Ward 7,2020-05-05
2020-05-04,38.917740,-77.047235,Null,2020-05-05
2020-05-04,38.918614,-77.047940,Null,2020-05-05
2020-05-04,38.918614,-77.047940,Null,2020-05-05
2020-05-04,38.942818,-77.074360,Ward 3,2020-05-05
2020-05-04,38.926377,-77.078216,Ward 3,2020-05-05
2020-05-04,38.925787,-77.052370,Ward 3,2020-05-05
2020-05-04,38.925787,-77.052370,Ward 3,2020-05-05
2020-05-04,38.938415,-77.094722,Ward 3,2020-05-05
2020-05-05,38.930075,-77.041039,Ward 1,2020-05-05
2020-05-05,38.925272,-77.038125,Ward 1,2020-05-05
2020-05-05,38.928583,-77.038120,Ward 1,2020-05-05
2020-05-05,38.902524,-77.038510,Ward 2,2020-05-05
2020-05-05,38.908305,-77.043079,Ward 2,2020-05-05
2020-05-05,38.915135,-77.046681,Ward 2,2020-05-05
2020-05-05,38.870083,-76.981974,Ward 8,2020-05-07
2020-05-05,38.930373,-77.042426,Ward 1,2020-05-05
2020-05-05,38.931271,-77.041492,Ward 1,2020-05-05
2020-05-05,38.933787,-77.036048,Ward 1,2020-05-05
2020-05-05,38.930546,-77.043393,Ward 1,2020-05-05
2020-05-05,38.932720,-77.044191,Ward 1,2020-05-05
2020-05-05,38.934004,-77.044404,Ward 1,2020-05-05
2020-05-05,38.932886,-77.040978,Ward 1,2020-05-05
2020-05-05,38.893732,-76.984053,Ward 6,2020-05-05
2020-05-05,38.924753,-76.975628,Ward 5,2020-05-05
2020-05-05,38.918114,-77.035997,Ward 1,2020-05-05
2020-05-05,38.919365,-77.092716,Ward 3,2020-05-05
2020-05-05,38.971864,-77.014393,Ward 4,2020-05-05
2020-05-05,38.908308,-77.085361,Ward 3,2020-05-06
2020-05-05,38.962197,-77.022181,Ward 4,2020-05-05
2020-05-05,38.959978,-77.037281,Ward 4,2020-05-05
2020-05-05,38.954474,-77.084323,Ward 3,2020-05-05
2020-05-05,38.855402,-76.981059,Ward 8,2020-05-05
2020-05-05,38.947450,-76.989480,Ward 5,2020-05-05
2020-05-05,38.947040,-76.989970,Ward 5,2020-05-05
2020-05-05,38.951781,-77.058657,Ward 3,2020-05-05
2020-05-05,38.942418,-77.070277,Ward 3,2020-05-05
2020-05-05,38.894234,-76.935914,Ward 7,2020-05-05
2020-05-05,38.903752,-76.929477,Ward 7,2020-05-05
2020-05-05,38.956087,-76.991544,Ward 5,2020-05-05
2020-05-05,38.910934,-77.082804,Ward 3,2020-05-06
2020-05-05,38.970285,-77.025502,Ward 4,2020-05-05
2020-05-05,38.894635,-76.998891,Ward 6,2020-05-05
2020-05-05,38.907463,-77.033704,Ward 2,2020-05-05
2020-05-05,38.920231,-77.078527,Ward 3,2020-05-06
2020-05-05,38.876443,-76.930466,Ward 7,2020-05-07
2020-05-05,38.862432,-76.986244,Ward 8,2020-05-07
2020-05-05,38.948651,-76.996869,Ward 5,2020-05-06
2020-05-05,38.912706,-77.087110,Ward 3,2020-05-06
2020-05-05,38.939767,-77.004752,Ward 5,2020-05-06
2020-05-05,38.983881,-77.028192,Ward 4,2020-05-06
2020-05-05,38.926992,-77.028461,Ward 1,2020-05-06
2020-05-05,38.952483,-77.012651,Ward 4,2020-05-06
2020-05-05,38.867907,-76.941763,Ward 7,2020-05-07
2020-05-05,38.901059,-76.984059,Ward 5,2020-05-06
2020-05-05,38.957756,-76.999870,Ward 4,2020-05-06
2020-05-05,38.894626,-76.998942,Ward 6,2020-05-06
2020-05-05,38.909539,-77.060979,Ward 2,2020-05-06
2020-05-05,38.937156,-77.061068,Ward 3,2020-05-06
2020-05-06,38.942213,-77.070643,Ward 3,2020-05-06
2020-05-06,38.909573,-77.053977,Ward 2,2020-05-06
2020-05-06,38.911021,-77.086720,Ward 3,2020-05-06
2020-05-06,38.913813,-77.071320,Ward 2,2020-05-06
2020-05-06,38.986858,-77.035210,Ward 4,2020-05-06
2020-05-06,38.940350,-76.986872,Ward 5,2020-05-06
2020-05-06,38.911288,-77.087849,Ward 3,2020-05-07
2020-05-06,38.841156,-76.995559,Ward 8,2020-05-06
2020-05-06,38.921885,-76.983160,Ward 5,2020-05-06
2020-05-06,38.916856,-77.034827,Ward 2,2020-05-06
2020-05-06,38.916733,-77.033875,Ward 2,2020-05-06
2020-05-06,38.930057,-77.102288,Ward 3,2020-05-06
2020-05-06,38.930057,-77.102288,Ward 3,2020-05-06
2020-05-06,38.965603,-77.012759,Ward 4,2020-05-07
2020-05-06,38.910299,-77.081390,Ward 3,2020-05-07
2020-05-06,38.909551,-76.985682,Ward 5,2020-05-06
2020-05-06,38.958557,-77.009723,Ward 4,2020-05-07
2020-05-06,38.931687,-77.040680,Ward 1,2020-05-06
2020-05-06,38.894234,-76.935914,Ward 7,2020-05-07
2020-05-06,38.965700,-77.006991,Ward 4,2020-05-07
2020-05-07,38.932659,-77.048917,Null,2020-05-11
2020-05-07,38.912831,-77.009582,Ward 5,2020-05-07
2020-05-07,38.951875,-77.087958,Ward 3,2020-05-07
2020-05-07,38.970515,-77.035154,Ward 4,2020-05-07
2020-05-07,38.899073,-76.995231,Ward 6,2020-05-07
2020-05-07,38.903875,-76.977647,Ward 5,2020-05-08
2020-05-07,38.950485,-77.080873,Ward 3,2020-05-08
2020-05-07,38.911288,-77.087849,Ward 3,2020-05-08
2020-05-07,38.963825,-77.077462,Ward 3,2020-05-08
2020-05-07,38.950285,-77.079002,Ward 3,2020-05-08
2020-05-07,38.961252,-77.075038,Ward 3,2020-05-08
2020-05-07,38.965041,-77.076259,Ward 3,2020-05-08
2020-05-07,38.960513,-77.073297,Ward 3,2020-05-08
2020-05-07,38.960316,-77.072904,Ward 3,2020-05-08
2020-05-07,38.894234,-76.935914,Ward 7,2020-05-08
2020-05-07,38.950726,-77.067325,Ward 3,2020-05-08
2020-05-07,38.965572,-77.072662,Ward 3,2020-05-08
2020-05-07,38.966016,-77.073463,Ward 3,2020-05-08
2020-05-07,38.943036,-77.043358,Ward 4,2020-05-08
2020-05-07,38.908012,-77.065736,Ward 2,2020-05-08
2020-05-07,38.975607,-77.066752,Ward 4,2020-05-08
2020-05-08,38.939193,-76.972782,Ward 5,2020-05-13
2020-05-08,38.964002,-77.080084,Ward 3,2020-05-08
2020-05-08,38.897808,-77.002285,Ward 6,2020-05-08
2020-05-08,38.924486,-77.040609,Ward 1,2020-05-11
2020-05-08,38.897523,-76.985825,Ward 6,2020-05-11
2020-05-08,38.943128,-77.033552,Ward 4,2020-05-08
2020-05-08,38.870854,-76.939197,Ward 7,2020-05-08
2020-05-08,38.910315,-77.064229,Ward 2,2020-05-11
2020-05-08,38.908113,-77.030190,Ward 2,2020-05-08
2020-05-08,38.884460,-76.928365,Ward 7,2020-05-08
2020-05-08,38.944591,-77.091248,Ward 3,2020-05-08
2020-05-08,38.922043,-76.988578,Ward 5,2020-05-11
2020-05-08,38.921051,-76.989241,Ward 5,2020-05-11
2020-05-08,38.910034,-77.036879,Ward 2,2020-05-11
2020-05-08,38.926357,-77.052737,Ward 3,2020-05-11
2020-05-08,38.940606,-77.033044,Ward 4,2020-05-11
2020-05-08,38.927206,-76.999949,Ward 5,2020-05-11
2020-05-08,38.957245,-77.080935,Ward 3,2020-05-11
2020-05-08,38.966141,-77.068837,Ward 3,2020-05-11
2020-05-08,38.959872,-77.080086,Ward 3,2020-05-11
2020-05-08,38.957221,-77.078363,Ward 3,2020-05-11
2020-05-08,38.956804,-77.079167,Ward 3,2020-05-11
2020-05-08,38.957206,-77.079473,Ward 3,2020-05-11
2020-05-08,38.957232,-77.079253,Ward 3,2020-05-11
2020-05-08,38.863379,-76.961759,Ward 7,2020-05-12
2020-05-08,38.922857,-77.000824,Ward 5,2020-05-11
2020-05-09,38.886186,-76.998268,Ward 6,2020-05-11
2020-05-09,38.891476,-76.999511,Ward 6,2020-05-11
2020-05-09,38.951910,-77.093405,Ward 3,2020-05-11
2020-05-09,38.936855,-77.060937,Ward 3,2020-05-11
2020-05-09,38.892187,-76.982696,Ward 6,2020-05-11
2020-05-09,38.894626,-76.998942,Ward 6,2020-05-12
2020-05-09,38.939491,-77.051231,Ward 4,2020-05-11
2020-05-09,38.935543,-77.027790,Ward 1,2020-05-11
2020-05-09,38.911496,-77.022676,Ward 6,2020-05-11
2020-05-09,38.863273,-76.961487,Ward 7,2020-05-12
2020-05-10,38.830265,-76.998951,Ward 8,2020-05-11
2020-05-10,38.909402,-77.060973,Ward 2,2020-05-11
2020-05-10,38.865001,-76.981425,Ward 8,2020-05-12
2020-05-10,38.907369,-77.055961,Ward 2,2020-05-11
2020-05-10,38.987054,-77.044272,Ward 4,2020-05-14
2020-05-10,38.931364,-76.989818,Ward 5,2020-05-11
2020-05-11,38.971038,-77.064898,Ward 4,2020-05-11
2020-05-11,38.902632,-76.985929,Ward 5,2020-05-11
2020-05-11,38.897523,-76.985825,Ward 6,2020-05-11
2020-05-11,38.903084,-76.934640,Ward 7,2020-05-12
2020-05-11,38.904914,-77.062230,Ward 2,2020-05-11
2020-05-11,38.917626,-77.043594,Ward 1,2020-05-11
2020-05-11,38.941334,-77.034079,Ward 4,2020-05-11
2020-05-11,38.958145,-77.029989,Ward 4,2020-05-26
2020-05-11,38.960316,-77.077145,Ward 3,2020-05-12
2020-05-11,38.959491,-77.075666,Ward 3,2020-05-12
2020-05-11,38.959485,-77.074079,Ward 3,2020-05-12
2020-05-11,38.959854,-77.071716,Ward 3,2020-05-12
2020-05-11,38.969715,-77.032071,Ward 4,2020-05-12
2020-05-11,38.937354,-76.970372,Ward 5,2020-05-11
2020-05-11,38.950984,-77.038218,Ward 4,2020-05-12
2020-05-11,38.947040,-76.989970,Ward 5,2020-05-11
2020-05-11,38.947142,-76.990001,Ward 5,2020-05-11
2020-05-11,38.946757,-76.989020,Ward 5,2020-05-11
2020-05-11,38.945433,-77.020051,Ward 4,2020-05-12
2020-05-11,38.945444,-77.019699,Ward 4,2020-05-12
2020-05-11,38.948410,-76.989728,Ward 5,2020-05-12
2020-05-11,38.883897,-76.983093,Ward 6,2020-05-12
2020-05-11,38.902399,-76.931079,Ward 7,2020-05-12
2020-05-11,38.966016,-77.073463,Ward 3,2020-05-12
2020-05-11,38.937354,-76.970372,Ward 5,2020-05-11
2020-05-11,38.965597,-77.072469,Ward 3,2020-05-12
2020-05-11,38.966525,-77.074183,Ward 3,2020-05-12
2020-05-11,38.966531,-77.074885,Ward 3,2020-05-12
2020-05-11,38.966905,-77.075158,Ward 3,2020-05-12
2020-05-11,38.966915,-77.075924,Ward 3,2020-05-12
2020-05-11,38.966716,-77.076627,Ward 3,2020-05-12
2020-05-11,38.901015,-76.974906,Ward 5,2020-05-12
2020-05-11,38.919356,-77.077495,Ward 3,2020-05-13
2020-05-11,38.915713,-77.066828,Ward 2,2020-05-12
2020-05-11,38.952675,-77.032348,Ward 4,2020-05-12
2020-05-11,38.920737,-77.042248,Ward 1,2020-05-13
2020-05-11,38.943355,-77.071016,Ward 3,2020-05-12
2020-05-11,38.942453,-77.069890,Ward 3,2020-05-12
2020-05-12,38.883017,-76.983837,Ward 6,2020-05-12
2020-05-12,38.874256,-76.968744,Ward 7,2020-06-19
2020-05-12,38.957851,-77.012797,Ward 4,2020-05-12
2020-05-12,38.955199,-77.087100,Ward 3,2020-05-12
2020-05-12,38.904879,-77.016180,Ward 6,2020-05-12
2020-05-12,38.921529,-77.010895,Ward 5,2020-05-12
2020-05-12,38.869015,-76.976907,Ward 8,2020-05-12
2020-05-12,38.887164,-76.993502,Ward 6,2020-05-12
2020-05-12,38.951869,-77.089313,Ward 3,2020-05-12
2020-05-12,38.955823,-77.071935,Ward 3,2020-05-12
2020-05-12,38.933706,-76.983025,Ward 5,2020-05-12
2020-05-12,38.909634,-77.050447,Ward 2,2020-05-12
2020-05-12,38.918407,-77.003727,Ward 5,2020-05-12
2020-05-12,38.912392,-77.042737,Ward 2,2020-05-12
2020-05-12,38.878684,-76.929301,Ward 7,2020-06-19
2020-05-12,38.913047,-77.062760,Ward 2,2020-05-13
2020-05-12,38.926495,-77.067820,Ward 3,2020-05-13
2020-05-12,38.959041,-77.024789,Ward 4,2020-05-13
2020-05-12,38.899393,-77.031952,Ward 2,2020-05-13
2020-05-12,38.917330,-77.097002,Ward 3,2020-05-13
2020-05-12,38.917640,-77.097449,Ward 3,2020-05-13
2020-05-12,38.942930,-77.069844,Ward 3,2020-05-13
2020-05-12,38.924706,-77.101551,Ward 3,2020-05-13
2020-05-12,38.954959,-77.039391,Ward 4,2020-05-13
2020-05-12,38.899725,-76.933756,Ward 7,2020-05-14
2020-05-13,38.911787,-77.087611,Ward 3,2020-05-13
2020-05-13,38.917397,-77.012442,Ward 5,2020-05-13
2020-05-13,38.922991,-76.958384,Ward 5,2020-05-13
2020-05-13,38.958224,-77.018837,Ward 4,2020-05-13
2020-05-13,38.962766,-77.073822,Ward 3,2020-05-13
2020-05-13,38.892199,-76.976694,Ward 6,2020-05-13
2020-05-13,38.946181,-76.979220,Ward 5,2020-05-13
2020-05-13,38.933486,-77.070884,Ward 3,2020-05-13
2020-05-13,38.951019,-77.012815,Ward 4,2020-05-13
2020-05-13,38.846810,-76.997141,Ward 8,2020-05-13
2020-05-13,38.941334,-77.034079,Ward 4,2020-05-13
2020-05-13,38.962356,-77.074649,Ward 3,2020-05-13
2020-05-13,38.946899,-77.072837,Ward 3,2020-05-13
2020-05-13,38.957336,-77.006009,Ward 4,2020-05-14
2020-05-13,38.896140,-76.930966,Ward 7,2020-05-14
2020-05-13,38.965700,-77.006991,Ward 4,2020-05-14
2020-05-13,38.903500,-77.044480,Ward 2,2020-05-14
2020-05-13,38.939379,-76.972401,Ward 5,2020-05-14
2020-05-13,38.897808,-77.002285,Ward 6,2020-05-14
2020-05-13,38.857107,-76.979443,Ward 8,2020-05-14
2020-05-13,38.944681,-77.015273,Ward 4,2020-05-14
2020-05-13,38.950412,-77.066543,Ward 3,2020-05-14
2020-05-13,38.960485,-77.071827,Ward 3,2020-05-14
2020-05-13,38.956816,-77.072416,Ward 3,2020-05-14
2020-05-13,38.951375,-77.014729,Ward 4,2020-05-14
2020-05-13,38.956347,-77.072159,Ward 3,2020-05-14
2020-05-13,38.955778,-77.072584,Ward 3,2020-05-14
2020-05-13,38.955466,-77.072851,Ward 3,2020-05-14
2020-05-14,38.875816,-76.932053,Ward 7,2020-05-19
2020-05-14,38.962258,-77.075046,Ward 3,2020-05-14
2020-05-14,38.962342,-77.076275,Ward 3,2020-05-14
2020-05-14,38.961847,-77.078587,Ward 3,2020-05-14
2020-05-14,38.962338,-77.079351,Ward 3,2020-05-14
2020-05-14,38.956595,-76.993134,Ward 5,2020-05-15
2020-05-14,38.923902,-77.102181,Ward 3,2020-05-14
2020-05-14,38.903904,-76.994755,Ward 6,2020-05-14
2020-05-14,38.979924,-77.024705,Ward 4,2020-05-14
2020-05-14,38.833482,-76.987756,Ward 8,2020-05-15
2020-05-14,38.944994,-77.074406,Ward 3,2020-05-14
2020-05-14,38.983658,-77.038429,Ward 4,2020-05-14
2020-05-14,38.956142,-77.089162,Ward 3,2020-05-14
2020-05-14,38.887015,-76.977685,Ward 6,2020-05-15
2020-05-14,38.881817,-76.937866,Ward 7,2020-05-21
2020-05-14,38.940412,-76.992852,Ward 5,2020-05-15
2020-05-14,38.941592,-76.979600,Ward 5,2020-05-15
2020-05-14,38.968448,-77.023102,Ward 4,2020-05-15
2020-05-14,38.930057,-77.102288,Ward 3,2020-05-14
2020-05-14,38.897132,-76.974820,Ward 7,2020-05-15
2020-05-14,38.926367,-77.068339,Ward 3,2020-05-15
2020-05-14,38.946528,-77.079978,Ward 3,2020-05-15
2020-05-14,38.907403,-77.027390,Ward 2,2020-05-15
2020-05-14,38.924704,-76.977082,Ward 5,2020-05-15
2020-05-14,38.964666,-77.078062,Ward 3,2020-05-15
2020-05-14,38.964198,-77.076925,Ward 3,2020-05-15
2020-05-14,38.870451,-76.951451,Ward 7,2020-05-15
2020-05-14,38.987054,-77.044272,Ward 4,2020-05-15
2020-05-15,38.898761,-77.035117,Ward 2,2020-05-15
2020-05-15,38.899995,-76.920539,Ward 7,2020-05-19
2020-05-15,38.927975,-76.986485,Ward 5,2020-05-15
2020-05-15,38.894971,-76.976587,Ward 7,2020-05-19
2020-05-15,38.921819,-77.043081,Ward 1,2020-05-15
2020-05-15,38.967087,-77.024003,Ward 4,2020-05-15
2020-05-15,38.926273,-77.036489,Ward 1,2020-05-15
2020-05-15,38.937962,-77.073762,Ward 3,2020-05-15
2020-05-15,38.892352,-76.938946,Ward 7,2020-05-19
2020-05-15,38.945045,-77.092849,Ward 3,2020-05-15
2020-05-15,38.895023,-76.996701,Ward 6,2020-05-18
2020-05-15,38.960407,-77.032378,Ward 4,2020-05-18
2020-05-15,38.933217,-77.077279,Ward 3,2020-05-15
2020-05-15,38.888990,-76.923509,Ward 7,2020-05-26
2020-05-15,38.948738,-76.995590,Ward 5,2020-05-16
2020-05-15,38.926664,-76.996375,Ward 5,2020-05-16
2020-05-15,38.869663,-76.969201,Ward 7,2020-05-16
2020-05-15,38.898322,-77.039472,Ward 2,2020-05-19
2020-05-15,38.954285,-77.072490,Ward 3,2020-05-19
2020-05-15,38.954692,-77.069630,Ward 3,2020-05-19
2020-05-15,38.954938,-77.068598,Ward 3,2020-05-18
2020-05-15,38.910934,-77.033328,Ward 2,2020-05-18
2020-05-15,38.910387,-77.034556,Ward 2,2020-05-19
2020-05-15,38.912768,-77.011753,Ward 5,2020-05-16
2020-05-15,38.955880,-77.069928,Ward 3,2020-05-18
2020-05-15,38.957082,-77.070585,Ward 3,2020-05-18
2020-05-15,38.957082,-77.070585,Ward 3,2020-05-18
2020-05-15,38.881675,-76.985271,Ward 6,2020-05-18
2020-05-16,38.921112,-77.054722,Ward 3,2020-05-18
2020-05-16,38.921130,-77.054048,Ward 3,2020-05-18
2020-05-16,38.887441,-76.987977,Ward 6,2020-05-18
2020-05-16,38.918259,-77.028296,Ward 1,2020-05-18
2020-05-16,38.870570,-76.974529,Ward 8,2020-05-17
2020-05-16,38.941574,-77.028769,Ward 4,2020-05-18
2020-05-16,38.926930,-76.992678,Ward 5,2020-05-18
2020-05-16,38.887410,-76.987584,Ward 6,2020-05-18
2020-05-17,38.872521,-77.010063,Ward 6,2020-05-19
2020-05-17,38.902792,-76.992363,Ward 6,2020-05-18
2020-05-17,38.906563,-76.988841,Ward 5,2020-05-18
2020-05-17,38.954703,-77.088664,Ward 3,2020-05-18
2020-05-17,38.896359,-77.020211,Ward 2,2020-05-17
2020-05-17,38.918276,-77.026312,Ward 1,2020-05-18
2020-05-17,38.893967,-76.995288,Ward 6,2020-05-18
2020-05-17,38.951466,-77.025295,Ward 4,2020-05-18
2020-05-17,38.884543,-76.979245,Ward 6,2020-05-18
2020-05-17,38.935240,-77.030607,Ward 1,2020-05-18
2020-05-18,38.949250,-77.081752,Ward 3,2020-05-18
2020-05-18,38.898628,-77.047792,Ward 2,2020-05-18
2020-05-18,38.890227,-76.955857,Ward 7,2020-05-18
2020-05-18,38.894161,-76.985248,Ward 6,2020-05-18
2020-05-18,38.956554,-77.090748,Ward 3,2020-05-18
2020-05-18,38.927331,-77.064076,Ward 3,2020-05-19
2020-05-18,38.950467,-76.989837,Ward 5,2020-05-19
2020-05-18,38.948235,-77.099537,Ward 3,2020-05-19
2020-05-18,38.869254,-76.944027,Ward 7,2020-05-19
2020-05-18,38.944040,-77.094966,Ward 3,2020-05-19
2020-05-18,38.911305,-77.007655,Ward 5,2020-05-18
2020-05-18,38.898328,-77.051432,Ward 2,2020-05-19
2020-05-18,38.913339,-77.089637,Ward 3,2020-05-19
2020-05-18,38.947099,-77.088629,Ward 3,2020-05-19
2020-05-18,38.952930,-77.086204,Ward 3,2020-05-19
2020-05-18,38.946572,-77.023782,Ward 4,2020-05-19
2020-05-18,38.931870,-77.045770,Ward 1,2020-05-20
2020-05-18,38.894173,-76.935459,Ward 7,2020-05-19
2020-05-18,38.867213,-76.977728,Ward 8,2020-05-19
2020-05-19,38.982119,-77.024242,Ward 4,2020-05-19
2020-05-19,38.888387,-76.995932,Ward 6,2020-05-19
2020-05-19,38.894173,-76.935459,Ward 7,2020-05-19
2020-05-19,38.894234,-76.935914,Ward 7,2020-05-19
2020-05-19,38.863532,-76.992929,Ward 8,2020-05-19
2020-05-19,38.963564,-77.013435,Ward 4,2020-05-19
2020-05-19,38.887807,-76.987761,Ward 6,2020-05-19
2020-05-19,38.916142,-77.039387,Ward 2,2020-05-19
2020-05-19,38.885861,-76.920151,Ward 7,2020-05-21
2020-05-19,38.946084,-77.072610,Ward 3,2020-05-19
2020-05-19,38.951134,-76.985952,Ward 5,2020-05-19
2020-05-19,38.955184,-77.087842,Ward 3,2020-05-19
2020-05-19,38.943770,-77.073053,Ward 3,2020-05-19
2020-05-19,38.947190,-77.020898,Ward 4,2020-05-20
2020-05-19,38.947351,-77.021175,Ward 4,2020-05-20
2020-05-19,38.871285,-76.958287,Ward 7,2020-05-21
2020-05-19,38.878472,-76.932411,Ward 7,2020-05-19
2020-05-19,38.909259,-77.026222,Ward 2,2020-05-20
2020-05-19,38.930362,-77.039943,Ward 1,2020-05-20
2020-05-19,38.962277,-77.068561,Ward 3,2020-05-20
2020-05-19,38.923555,-76.982488,Ward 5,2020-05-20
2020-05-19,38.958749,-76.998059,Ward 4,2020-05-19
2020-05-19,38.990426,-77.034504,Ward 4,2020-06-05
2020-05-19,38.930362,-77.039943,Ward 1,2020-05-20
2020-05-19,38.930329,-77.060114,Ward 3,2020-05-20
2020-05-19,38.932849,-76.988902,Ward 5,2020-05-22
2020-05-19,38.903732,-77.004728,Ward 6,2020-05-20
2020-05-19,38.896526,-77.023252,Ward 2,2020-05-20
2020-05-19,38.932051,-77.103428,Ward 3,2020-05-20
2020-05-19,38.928039,-76.985762,Ward 5,2020-05-20
2020-05-19,38.946084,-77.072610,Ward 3,2020-05-20
2020-05-19,38.932849,-76.988902,Ward 5,2020-05-22
2020-05-19,38.903288,-76.991943,Ward 6,2020-05-20
2020-05-19,38.932857,-76.989093,Ward 5,2020-05-22
2020-05-19,38.949024,-77.089311,Ward 3,2020-05-20
2020-05-19,38.897562,-77.046208,Ward 2,2020-05-20
2020-05-19,38.832811,-77.004923,Ward 8,2020-05-20
2020-05-19,38.897559,-77.041985,Ward 2,2020-05-20
2020-05-19,38.932656,-76.988681,Ward 5,2020-05-22
2020-05-19,38.898416,-76.984386,Ward 6,2020-05-20
2020-05-19,38.890699,-76.948620,Ward 7,2020-06-18
2020-05-19,38.888120,-76.979186,Ward 6,2020-05-20
2020-05-19,38.888162,-76.979186,Ward 6,2020-05-20
2020-05-19,38.921597,-77.040400,Ward 1,2020-05-20
2020-05-19,38.925787,-77.023926,Ward 1,2020-05-20
2020-05-19,38.941231,-77.017750,Ward 4,2020-05-20
2020-05-19,38.895007,-77.019530,Ward 2,2020-05-26
2020-05-19,38.935442,-76.981613,Ward 5,2020-05-20
2020-05-19,38.912352,-77.002362,Ward 5,2020-05-20
2020-05-19,38.890981,-76.932228,Ward 7,2020-05-26
2020-05-19,38.911185,-77.080976,Ward 3,2020-05-20
2020-05-20,38.909402,-77.060973,Ward 2,2020-05-20
2020-05-20,38.890699,-76.948620,Ward 7,2020-05-26
2020-05-20,38.953073,-77.093544,Ward 3,2020-05-20
2020-05-20,38.906165,-76.940913,Ward 7,2020-05-20
2020-05-20,38.878578,-77.014713,Ward 6,2020-05-20
2020-05-20,38.917693,-77.024573,Ward 1,2020-05-20
2020-05-20,38.878570,-76.987248,Ward 6,2020-05-20
2020-05-20,38.906563,-76.988841,Ward 5,2020-09-01
2020-05-20,38.941984,-77.014499,Ward 4,2020-05-20
2020-05-20,38.943863,-77.006080,Ward 5,2020-05-20
2020-05-20,38.904791,-77.019149,Ward 6,2020-05-20
2020-05-20,38.902621,-76.986401,Ward 5,2020-05-20
2020-05-20,38.961417,-77.064074,Ward 4,2020-05-20
2020-05-20,38.903159,-76.994726,Ward 6,2020-05-20
2020-05-20,38.937385,-76.990371,Ward 5,2020-05-20
2020-05-20,38.896166,-76.939441,Ward 7,2020-05-21
2020-05-20,38.904791,-77.019149,Ward 6,2020-05-20
2020-05-20,38.940746,-77.020083,Ward 4,2020-05-22
2020-05-20,38.894226,-76.936103,Ward 7,2020-05-21
2020-05-20,38.900484,-76.928332,Ward 7,2020-05-22
2020-05-20,38.895410,-76.912968,Ward 7,2020-05-21
2020-05-20,38.971796,-77.028229,Ward 4,2020-05-21
2020-05-20,38.925793,-77.023984,Ward 1,2020-05-20
2020-05-20,38.933360,-77.053652,Ward 3,2020-05-20
2020-05-20,38.886219,-76.957140,Ward 7,2020-06-19
2020-05-20,38.963598,-77.022895,Ward 4,2020-05-20
2020-05-20,38.885016,-76.979240,Ward 7,2020-05-20
2020-05-20,38.911328,-77.031327,Ward 2,2020-05-20
2020-05-20,38.950965,-76.985966,Ward 5,2020-05-21
2020-05-20,38.894234,-76.935914,Ward 7,2020-05-21
2020-05-20,38.910717,-77.059439,Ward 2,2020-05-21
2020-05-20,38.879572,-76.992844,Ward 6,2020-05-22
2020-05-20,38.923014,-77.087363,Ward 3,2020-05-21
2020-05-20,38.922202,-76.976899,Ward 5,2020-05-21
2020-05-20,38.952110,-77.090608,Ward 3,2020-05-21
2020-05-20,38.879620,-76.992865,Ward 6,2020-05-20
2020-05-20,38.914693,-77.033163,Ward 2,2020-05-21
2020-05-20,38.921326,-77.086821,Ward 3,2020-05-21
2020-05-20,38.932076,-76.984600,Ward 5,2020-05-21
2020-05-20,38.891843,-76.990703,Ward 6,2020-05-21
2020-05-20,38.960358,-77.010208,Ward 4,2020-05-21
2020-05-20,38.892080,-76.945934,Ward 7,2020-05-26
2020-05-20,38.941592,-76.979600,Ward 5,2020-05-21
2020-05-20,38.899194,-76.998241,Ward 6,2020-05-21
2020-05-20,38.892199,-76.914700,Ward 7,2020-05-21
2020-05-20,38.918629,-77.001790,Ward 5,2020-05-21
2020-05-20,38.925391,-76.971223,Ward 5,2020-05-21
2020-05-21,38.900201,-77.036554,Ward 2,2020-05-21
2020-05-21,38.903504,-76.985782,Ward 5,2020-05-21
2020-05-21,38.912594,-77.072676,Ward 2,2020-05-21
2020-05-21,38.910565,-77.027704,Ward 2,2020-05-22
2020-05-21,38.896298,-77.002430,Ward 6,2020-05-26
2020-05-21,38.971744,-77.028725,Ward 4,2020-05-22
2020-05-21,38.919676,-77.040900,Ward 1,2020-05-21
2020-05-21,38.941076,-77.089132,Ward 3,2020-05-21
2020-05-21,38.905938,-77.026402,Ward 2,2020-05-21
2020-05-21,38.950774,-77.082653,Ward 3,2020-05-21
2020-05-21,38.927502,-77.105357,Ward 3,2020-05-21
2020-05-21,38.913891,-77.044015,Ward 2,2020-05-22
2020-05-21,38.963577,-77.000399,Ward 4,2020-05-22
2020-05-21,38.831206,-77.005885,Ward 8,2020-05-28
2020-05-21,38.890699,-76.948620,Ward 7,2020-05-27
2020-05-21,38.903875,-76.977746,Ward 5,2020-05-21
2020-05-21,38.896299,-76.984482,Ward 6,2020-05-22
2020-05-21,38.879660,-76.992872,Ward 6,2020-05-22
2020-05-21,38.928318,-76.991847,Ward 5,2020-05-21
2020-05-21,38.937147,-76.966261,Ward 5,2020-05-21
2020-05-21,38.885852,-77.002596,Ward 6,2020-05-22
2020-05-21,38.971732,-77.013253,Ward 4,2020-05-22
2020-05-21,38.900201,-77.036554,Ward 2,2020-05-22
2020-05-21,38.927688,-77.028491,Ward 1,2020-05-26
2020-05-21,38.954703,-77.088664,Ward 3,2020-05-26
2020-05-21,38.905110,-76.976443,Ward 5,2020-05-22
2020-05-22,38.916052,-77.069606,Ward 2,2020-05-22
2020-05-22,38.898556,-76.994219,Ward 6,2020-05-22
2020-05-22,38.934421,-76.984326,Ward 5,2020-05-22
2020-05-22,38.876076,-76.933948,Ward 7,2020-06-02
2020-05-22,38.945560,-77.054467,Ward 3,2020-05-22
2020-05-22,38.948382,-77.022540,Ward 4,2020-05-22
2020-05-22,38.885852,-77.002596,Ward 6,2020-05-22
2020-05-22,38.949985,-77.053210,Ward 3,2020-05-22
2020-05-22,38.913159,-77.049395,Ward 2,2020-05-22
2020-05-22,38.934932,-77.030866,Ward 1,2020-05-22
2020-05-22,38.895280,-76.925090,Ward 7,2020-05-28
2020-05-22,38.871285,-76.958287,Ward 7,2020-05-22
2020-05-22,38.936659,-77.030246,Ward 4,2020-05-22
2020-05-22,38.952931,-77.020316,Ward 4,2020-05-22
2020-05-22,38.892090,-76.950054,Ward 7,2020-05-27
2020-05-22,38.960189,-77.058973,Ward 4,2020-05-22
2020-05-22,38.923459,-77.071154,Ward 3,2020-05-22
2020-05-22,38.963314,-77.072316,Ward 3,2020-05-26
2020-05-22,38.939948,-77.029479,Ward 4,2020-05-26
2020-05-22,38.957856,-77.012445,Ward 4,2020-05-26
2020-05-22,38.965131,-77.078821,Ward 3,2020-05-26
2020-05-22,38.898387,-76.994727,Ward 6,2020-05-26
2020-05-22,38.959039,-77.024854,Ward 4,2020-05-26
2020-05-22,38.870415,-76.975741,Ward 8,2020-05-23
2020-05-22,38.911188,-77.069184,Ward 2,2020-05-26
2020-05-22,38.942862,-76.974646,Ward 5,2020-05-22
2020-05-22,38.943808,-77.003958,Ward 5,2020-05-26
2020-05-22,38.869652,-76.977858,Ward 8,2020-05-23
2020-05-22,38.950894,-76.994938,Ward 5,2020-05-26
2020-05-22,38.917349,-77.045540,Ward 1,2020-05-26
2020-05-22,38.933297,-76.971187,Ward 5,2020-05-26
2020-05-22,38.920956,-77.044120,Ward 1,2020-05-26
2020-05-22,38.921500,-77.043180,Ward 1,2020-05-26
2020-05-22,38.923939,-77.044095,Ward 1,2020-05-26
2020-05-22,38.941037,-77.030706,Ward 4,2020-05-23
2020-05-23,38.936142,-77.031622,Ward 1,2020-05-26
2020-05-23,38.941037,-77.030706,Ward 4,2020-05-23
2020-05-23,38.924770,-77.024326,Ward 1,2020-05-26
2020-05-23,38.981541,-77.032746,Ward 4,2020-05-26
2020-05-23,38.943545,-77.003829,Ward 5,2020-05-26
2020-05-23,38.922196,-77.042193,Ward 1,2020-05-26
2020-05-23,38.916807,-77.011975,Ward 5,2020-05-26
2020-05-23,38.887084,-76.985298,Ward 6,2020-05-26
2020-05-23,38.924295,-77.000858,Ward 5,2020-05-26
2020-05-23,38.893722,-76.917539,Ward 7,2020-05-26
2020-05-23,38.897871,-76.989695,Ward 6,2020-05-26
2020-05-24,38.932892,-77.027660,Ward 1,2020-05-26
2020-05-24,38.952256,-77.092342,Ward 3,2020-05-26
2020-05-24,38.910512,-77.059260,Ward 2,2020-05-26
2020-05-24,38.886565,-76.983888,Ward 6,2020-05-26
2020-05-24,38.940991,-77.030776,Ward 4,2020-05-26
2020-05-24,38.963788,-77.078577,Ward 3,2020-05-26
2020-05-24,38.948798,-77.092615,Ward 3,2020-05-26
2020-05-24,38.905483,-77.067675,Ward 2,2020-05-26
2020-05-24,38.920308,-77.043703,Ward 1,2020-05-26
2020-05-24,38.944183,-77.075728,Ward 3,2020-05-26
2020-05-24,38.896310,-76.985710,Ward 6,2020-05-26
2020-05-25,38.921984,-77.042684,Ward 1,2020-05-26
2020-05-25,38.921840,-77.042098,Ward 1,2020-05-26
2020-05-25,38.950846,-77.086400,Ward 3,2020-05-26
2020-05-26,38.844510,-76.999861,Ward 8,2020-05-26
2020-05-26,38.883024,-76.987071,Ward 6,2020-05-26
2020-05-26,38.843489,-76.992139,Ward 8,2020-05-26
2020-05-26,38.906460,-77.014414,Ward 6,2020-05-27
2020-05-26,38.909378,-77.026228,Ward 2,2020-05-26
2020-05-26,38.907052,-76.988330,Ward 5,2020-05-26
2020-05-26,38.881808,-76.998703,Ward 6,2020-05-27
2020-05-26,38.963727,-77.009694,Ward 4,2020-05-27
2020-05-26,38.890490,-76.992837,Ward 6,2020-05-26
2020-05-26,38.916490,-77.051841,Ward 2,2020-05-27
2020-05-26,38.890082,-76.925856,Ward 7,2020-05-27
2020-05-26,38.915756,-77.012781,Ward 5,2020-05-26
2020-05-26,38.898572,-76.977470,Ward 6,2020-05-26
2020-05-26,38.912109,-77.029328,Ward 2,2020-05-26
2020-05-26,38.898572,-76.977470,Ward 6,2020-05-26
2020-05-26,38.952256,-77.092342,Ward 3,2020-05-27
2020-05-26,38.950701,-77.022266,Ward 4,2020-05-27
2020-05-26,38.957417,-77.068837,Ward 3,2020-05-27
2020-05-26,38.916537,-77.027290,Ward 1,2020-05-26
2020-05-26,38.898854,-76.977494,Ward 6,2020-05-26
2020-05-26,38.909573,-77.053977,Ward 2,2020-05-27
2020-05-26,38.898790,-76.982774,Ward 6,2020-05-27
2020-05-26,38.949926,-77.097960,Ward 3,2020-05-27
2020-05-26,38.982119,-77.024242,Ward 4,2020-05-27
2020-05-26,38.878438,-76.944011,Ward 7,2020-06-19
2020-05-26,38.882477,-76.992843,Ward 6,2020-05-27
2020-05-26,38.955134,-77.065537,Ward 3,2020-05-27
2020-05-26,38.844900,-76.995527,Ward 8,2020-05-28
2020-05-26,38.918989,-77.011427,Ward 5,2020-05-27
2020-05-26,38.931096,-77.056945,Ward 3,2020-05-27
2020-05-26,38.924295,-77.000858,Ward 5,2020-05-27
2020-05-26,38.968375,-77.011343,Ward 4,2020-05-27
2020-05-26,38.960189,-77.058973,Ward 4,2020-05-27
2020-05-26,38.931352,-76.979099,Ward 5,2020-05-27
2020-05-26,38.925948,-76.979254,Ward 5,2020-05-27
2020-05-26,38.956018,-77.028984,Ward 4,2020-05-27
2020-05-26,38.893109,-76.913032,Ward 7,2020-05-28
2020-05-26,38.950267,-76.990554,Ward 5,2020-05-27
2020-05-26,38.943498,-77.003863,Ward 5,2020-05-27
2020-05-26,38.942456,-76.986375,Ward 5,2020-05-27
2020-05-27,38.931972,-76.988834,Ward 5,2020-05-27
2020-05-27,38.950846,-77.086400,Ward 3,2020-05-27
2020-05-27,38.906420,-76.949826,Ward 7,2020-05-29
2020-05-27,38.892930,-76.991799,Ward 6,2020-05-27
2020-05-27,38.890590,-76.990804,Ward 6,2020-05-27
2020-05-27,38.941334,-77.034079,Ward 4,2020-05-27
2020-05-27,38.877922,-76.939030,Ward 7,2020-05-28
2020-05-27,38.906363,-76.945253,Ward 7,2020-05-29
2020-05-27,38.869749,-76.957398,Ward 7,2020-05-28
2020-05-27,38.952577,-77.092349,Ward 3,2020-05-27
2020-05-27,38.910476,-77.061950,Ward 2,2020-05-27
2020-05-27,38.950435,-77.024132,Ward 4,2020-05-27
2020-05-27,38.934908,-77.019937,Ward 1,2020-05-27
2020-05-27,38.874800,-76.957319,Ward 7,2020-06-02
2020-05-27,38.957417,-77.068837,Ward 3,2020-05-27
2020-05-27,38.951677,-77.090850,Ward 3,2020-05-27
2020-05-27,38.908076,-77.087618,Ward 3,2020-05-27
2020-05-27,38.951042,-77.023558,Ward 4,2020-05-28
2020-05-27,38.908584,-77.068585,Ward 2,2020-05-27
2020-05-27,38.917002,-77.034532,Null,2020-05-28
2020-05-27,38.887587,-76.953405,Ward 7,2020-05-28
2020-05-27,38.920743,-77.041705,Ward 1,2020-05-27
2020-05-27,38.902032,-76.928673,Ward 7,2020-05-29
2020-05-27,38.966134,-77.029688,Ward 4,2020-05-28
2020-05-27,38.918989,-77.011427,Ward 5,2020-05-29
2020-05-27,38.897131,-76.994391,Ward 6,2020-05-28
2020-05-27,38.898731,-76.991721,Ward 6,2020-05-28
2020-05-27,38.927731,-77.062608,Ward 3,2020-05-28
2020-05-28,38.876456,-77.010655,Ward 6,2020-05-28
2020-05-28,38.938515,-77.063146,Ward 3,2020-05-28
2020-05-28,38.897712,-76.938206,Ward 7,2020-05-28
2020-05-28,38.883908,-76.990803,Ward 6,2020-05-28
2020-05-28,38.868414,-76.974028,Ward 8,2020-05-28
2020-05-28,38.932212,-77.096576,Ward 3,2020-05-28
2020-05-28,38.911376,-77.033478,Ward 2,2020-05-28
2020-05-28,38.879642,-76.964439,Ward 7,2020-05-29
2020-05-28,38.944182,-77.075634,Ward 3,2020-05-28
2020-05-28,38.896415,-76.931138,Ward 7,2020-05-28
2020-05-28,38.933258,-77.040177,Ward 1,2020-05-29
2020-05-28,38.945704,-77.085277,Ward 3,2020-05-29
2020-05-28,38.878644,-76.983880,Ward 6,2020-05-28
2020-05-28,38.968636,-77.069665,Null,2020-05-29
2020-05-28,38.911776,-77.051193,Ward 2,2020-05-29
2020-05-28,38.857727,-76.985471,Ward 8,2020-05-29
2020-05-28,38.911776,-77.051193,Ward 2,2020-05-29
2020-05-28,38.923590,-77.008747,Ward 5,2020-05-29
2020-05-28,38.959968,-77.022917,Ward 4,2020-06-18
2020-05-28,38.956554,-77.090748,Ward 3,2020-05-29
2020-05-28,38.873144,-76.961172,Ward 7,2020-05-29
2020-05-28,38.956820,-76.998248,Ward 5,2020-05-29
2020-05-28,38.893581,-77.002038,Ward 6,2020-05-29
2020-05-28,38.924995,-77.031398,Ward 1,2020-05-29
2020-05-29,38.918030,-77.017240,Ward 1,2020-05-29
2020-05-29,38.893401,-77.001517,Ward 6,2020-05-29
2020-05-29,38.948956,-77.090285,Ward 3,2020-05-29
2020-05-29,38.948956,-77.090285,Ward 3,2020-05-29
2020-05-29,38.858287,-76.956227,Ward 7,2020-05-29
2020-05-29,38.927333,-77.037865,Ward 1,2020-06-02
2020-05-29,38.947715,-77.039114,Ward 4,2020-06-01
2020-05-29,38.881425,-76.983893,Ward 6,2020-05-29
2020-05-29,38.972589,-77.061444,Ward 4,2020-06-01
2020-05-29,38.910934,-77.082804,Ward 3,2020-05-29
2020-05-29,38.962245,-77.062152,Ward 4,2020-06-01
2020-05-29,38.898414,-76.916481,Ward 7,2020-06-02
2020-05-29,38.901484,-76.936587,Ward 7,2020-06-02
2020-05-29,38.957154,-77.062647,Ward 3,2020-06-01
2020-05-29,38.897148,-76.917779,Ward 7,2020-06-02
2020-05-29,38.884588,-76.921596,Ward 7,2020-06-19
2020-05-29,38.890388,-77.000800,Ward 6,2020-05-29
2020-05-29,38.942653,-76.978882,Ward 5,2020-06-02
2020-05-29,38.942611,-77.078997,Ward 3,2020-06-01
2020-05-29,38.926156,-76.999734,Ward 5,2020-06-01
2020-05-29,38.910529,-77.080909,Ward 3,2020-06-01
2020-05-29,38.892645,-77.001083,Ward 6,2020-06-01
2020-05-29,38.892731,-77.000847,Ward 6,2020-06-01
2020-05-29,38.900505,-77.009728,Ward 6,2020-06-01
2020-05-29,38.890586,-76.991343,Ward 6,2020-06-01
2020-05-30,38.920041,-77.029346,Ward 1,2020-06-01
2020-05-30,38.890074,-76.991744,Ward 6,2020-06-01
2020-05-30,38.934664,-77.106316,Ward 3,2020-06-01
2020-05-30,38.954230,-77.010664,Ward 4,2020-06-01
2020-05-30,38.918244,-77.044658,Ward 1,2020-06-01
2020-05-30,38.843237,-76.988506,Ward 8,2020-06-02
2020-05-30,38.972125,-77.014054,Ward 4,2020-06-01
2020-05-31,38.930774,-77.037675,Ward 1,2020-06-01
2020-05-31,38.962912,-77.070408,Ward 3,2020-06-01
2020-05-31,38.935838,-77.101282,Ward 3,2020-06-01
2020-05-31,38.934021,-77.086133,Ward 3,2020-06-01
2020-05-31,38.883623,-76.982010,Ward 6,2020-06-01
2020-05-31,38.867436,-76.959644,Ward 7,2020-06-02
2020-05-31,38.914967,-77.020156,Ward 6,2020-06-01
2020-05-31,38.947242,-77.018691,Ward 4,2020-06-01
2020-05-31,38.921957,-77.043647,Ward 1,2020-06-01
2020-05-31,38.917175,-77.046494,Ward 1,2020-06-01
2020-05-31,38.921927,-77.042734,Ward 1,2020-06-01
2020-05-31,38.906476,-76.985413,Ward 5,2020-06-01
2020-06-01,38.964754,-77.018268,Ward 4,2020-06-01
2020-06-01,38.972589,-77.061444,Ward 4,2020-06-01
2020-06-01,38.931287,-76.969714,Ward 5,2020-06-01
2020-06-01,38.955283,-76.996603,Ward 5,2020-06-01
2020-06-01,38.931287,-76.969714,Ward 5,2020-06-01
2020-06-01,38.931949,-77.046162,Ward 1,2020-06-02
2020-06-01,38.951187,-77.037514,Ward 4,2020-06-01
2020-06-01,38.933255,-77.044945,Ward 1,2020-06-01
2020-06-01,38.931318,-76.962240,Ward 5,2020-06-02
2020-06-01,38.901907,-76.924847,Ward 7,2020-06-02
2020-06-01,38.902189,-76.985768,Ward 5,2020-06-02
2020-06-01,38.926118,-77.008311,Ward 5,2020-06-01
2020-06-01,38.955687,-77.074880,Ward 3,2020-06-01
2020-06-01,38.901510,-77.035072,Ward 2,2020-06-01
2020-06-01,38.879803,-76.988072,Ward 6,2020-06-01
2020-06-01,38.929959,-76.986371,Ward 5,2020-06-01
2020-06-01,38.844038,-76.976064,Ward 8,2020-06-03
2020-06-01,38.926118,-77.008311,Ward 5,2020-06-02
2020-06-01,38.950268,-76.987611,Ward 5,2020-06-01
2020-06-01,38.862940,-76.988833,Ward 8,2020-06-02
2020-06-01,38.951561,-77.073872,Ward 3,2020-06-02
2020-06-01,38.961030,-77.000466,Ward 4,2020-06-02
2020-06-01,38.893805,-76.921115,Ward 7,2020-06-02
2020-06-01,38.900890,-76.983672,Ward 5,2020-06-02
2020-06-01,38.926701,-76.992672,Ward 5,2020-06-02
2020-06-01,38.843346,-76.992499,Ward 8,2020-06-03
2020-06-01,38.886005,-76.920745,Ward 7,2020-06-02
2020-06-01,38.885957,-76.920580,Ward 7,2020-06-02
2020-06-01,38.833203,-76.994070,Ward 8,2020-06-03
2020-06-01,38.952447,-77.016157,Ward 4,2020-06-02
2020-06-01,38.931282,-77.044565,Ward 1,2020-06-02
2020-06-02,38.910936,-77.033525,Ward 2,2020-06-02
2020-06-02,38.922399,-77.078522,Ward 3,2020-06-02
2020-06-02,38.921385,-77.074296,Ward 3,2020-06-02
2020-06-02,38.897479,-76.931246,Ward 7,2020-06-02
2020-06-02,38.897668,-76.930833,Ward 7,2020-06-02
2020-06-02,38.896328,-76.932335,Ward 7,2020-06-02
2020-06-02,38.940808,-77.036431,Ward 4,2020-06-02
2020-06-02,38.950701,-77.022266,Ward 4,2020-06-02
2020-06-02,38.945884,-77.036798,Ward 4,2020-06-02
2020-06-02,38.947242,-77.036431,Ward 4,2020-06-02
2020-06-02,38.913854,-77.002565,Ward 5,2020-06-02
2020-06-02,38.918580,-77.073727,Ward 3,2020-06-02
2020-06-02,38.954234,-76.998369,Ward 5,2020-06-02
2020-06-02,38.949926,-77.097960,Ward 3,2020-06-03
2020-06-02,38.951706,-77.036037,Ward 4,2020-06-02
2020-06-02,38.906435,-76.978719,Ward 5,2020-06-02
2020-06-02,38.902515,-77.010150,Ward 6,2020-06-02
2020-06-02,38.899695,-77.013240,Ward 6,2020-06-02
2020-06-02,38.941140,-77.024730,Ward 4,2020-06-03
2020-06-02,38.884451,-76.999008,Ward 6,2020-06-03
2020-06-02,38.957138,-77.032993,Ward 4,2020-06-02
2020-06-02,38.950857,-77.037780,Ward 4,2020-06-02
2020-06-02,38.915431,-77.024232,Ward 1,2020-06-03
2020-06-02,38.924262,-76.989236,Ward 5,2020-06-02
2020-06-02,38.894513,-76.992415,Ward 6,2020-06-03
2020-06-02,38.918264,-77.012382,Ward 5,2020-06-02
2020-06-02,38.895003,-77.031353,Ward 2,2020-06-03
2020-06-02,38.925502,-77.032316,Ward 1,2020-06-03
2020-06-02,38.943492,-77.017427,Ward 4,2020-06-03
2020-06-02,38.912434,-77.029128,Ward 2,2020-06-03
2020-06-02,38.975299,-77.066673,Ward 4,2020-06-03
2020-06-02,38.824638,-77.011798,Ward 8,2020-06-03
2020-06-02,38.953462,-77.058975,Ward 3,2020-06-03
2020-06-02,38.888536,-76.995211,Ward 6,2020-06-03
2020-06-03,38.914559,-77.039280,Ward 2,2020-06-03
2020-06-03,38.973495,-77.058740,Ward 4,2020-06-03
2020-06-03,38.919182,-77.024860,Ward 1,2020-06-03
2020-06-03,38.896609,-76.941300,Ward 7,2020-06-05
2020-06-03,38.868414,-76.974028,Ward 8,2020-06-03
2020-06-03,38.924595,-77.044389,Ward 1,2020-06-04
2020-06-03,38.911851,-77.068643,Ward 2,2020-06-03
2020-06-03,38.924848,-77.102480,Ward 3,2020-06-04
2020-06-03,38.895524,-77.001797,Ward 6,2020-06-03
2020-06-03,38.894960,-76.986899,Ward 6,2020-06-03
2020-06-03,38.907923,-77.019664,Ward 6,2020-06-03
2020-06-03,38.898920,-76.944922,Ward 7,2020-06-03
2020-06-03,38.890024,-76.926306,Ward 7,2020-06-03
2020-06-03,38.868232,-76.979007,Ward 8,2020-06-05
2020-06-03,38.896024,-77.050117,Ward 2,2020-06-03
2020-06-03,38.900188,-76.927370,Ward 7,2020-06-04
2020-06-03,38.898321,-77.043469,Ward 2,2020-06-03
2020-06-03,38.870285,-76.966547,Ward 7,2020-06-04
2020-06-03,38.956344,-77.015527,Ward 4,2020-06-04
2020-06-03,38.894238,-76.935973,Ward 7,2020-06-03
2020-06-03,38.868419,-76.981577,Ward 8,2020-06-04
2020-06-03,38.841800,-77.003571,Ward 8,2020-06-03
2020-06-03,38.895296,-76.989088,Ward 6,2020-06-03
2020-06-03,38.909199,-77.026677,Ward 2,2020-06-03
2020-06-03,38.908275,-76.984733,Ward 5,2020-06-03
2020-06-03,38.899335,-76.975566,Ward 5,2020-06-03
2020-06-03,38.894234,-76.935914,Ward 7,2020-06-03
2020-06-03,38.958461,-76.995138,Ward 4,2020-06-04
2020-06-03,38.841352,-76.999269,Ward 8,2020-06-09
2020-06-03,38.889504,-76.987030,Ward 6,2020-06-03
2020-06-03,38.894208,-76.935760,Ward 7,2020-06-03
2020-06-03,38.883822,-76.961097,Ward 7,2020-06-19
2020-06-03,38.973029,-77.058308,Ward 4,2020-06-04
2020-06-03,38.973057,-77.068077,Ward 4,2020-06-04
2020-06-03,38.914299,-77.044691,Ward 2,2020-06-04
2020-06-03,38.912768,-77.011753,Ward 5,2020-06-04
2020-06-03,38.867738,-76.982226,Ward 8,2020-06-18
2020-06-03,38.867738,-76.982226,Ward 8,2020-06-18
2020-06-03,38.881763,-76.942803,Ward 7,2020-06-04
2020-06-03,38.867738,-76.982226,Ward 8,2020-06-18
2020-06-03,38.931035,-77.100598,Ward 3,2020-06-04
2020-06-04,38.972080,-77.028649,Ward 4,2020-06-04
2020-06-04,38.913347,-77.029622,Ward 2,2020-06-04
2020-06-04,38.913272,-77.029279,Ward 2,2020-06-05
2020-06-04,38.951905,-77.085411,Ward 3,2020-06-04
2020-06-04,38.948648,-77.040198,Ward 4,2020-06-04
2020-06-04,38.941364,-77.024772,Ward 4,2020-06-04
2020-06-04,38.901650,-77.029160,Ward 2,2020-06-04
2020-06-04,38.948261,-77.036424,Ward 4,2020-06-04
2020-06-04,38.948023,-77.037334,Ward 4,2020-06-04
2020-06-04,38.948023,-77.037334,Ward 4,2020-06-04
2020-06-04,38.948467,-77.037670,Ward 4,2020-06-04
2020-06-04,38.947679,-77.088879,Ward 3,2020-06-04
2020-06-04,38.958061,-77.013406,Ward 4,2020-06-04
2020-06-04,38.917895,-77.033068,Ward 1,2020-06-04
2020-06-04,38.958061,-77.013406,Ward 4,2020-06-04
2020-06-04,38.944432,-77.082425,Ward 3,2020-06-04
2020-06-04,38.912106,-77.032352,Ward 2,2020-06-04
2020-06-04,38.918363,-77.034861,Ward 1,2020-06-04
2020-06-04,38.857634,-76.957952,Ward 7,2020-06-11
2020-06-04,38.945899,-77.019637,Ward 4,2020-06-04
2020-06-04,38.945827,-77.019113,Ward 4,2020-06-05
2020-06-04,38.900205,-77.031956,Ward 2,2020-06-05
2020-06-04,38.943337,-77.016933,Ward 4,2020-06-05
2020-06-04,38.909450,-77.025653,Ward 2,2020-06-04
2020-06-04,38.902023,-77.039683,Ward 2,2020-06-05
2020-06-04,38.908212,-77.041421,Ward 2,2020-06-04
2020-06-04,38.913855,-77.002448,Ward 5,2020-06-04
2020-06-04,38.909643,-77.041671,Ward 2,2020-06-05
2020-06-04,38.931265,-77.045542,Ward 1,2020-06-04
2020-06-04,38.931051,-77.044978,Ward 1,2020-06-04
2020-06-04,38.920226,-77.001300,Ward 5,2020-06-05
2020-06-04,38.910387,-77.041669,Ward 2,2020-06-05
2020-06-04,38.909378,-77.026228,Ward 2,2020-06-05
2020-06-04,38.924485,-77.081162,Ward 3,2020-06-05
2020-06-04,38.947327,-77.090861,Ward 3,2020-06-05
2020-06-04,38.975018,-77.059099,Ward 4,2020-06-05
2020-06-04,38.894779,-76.978995,Ward 6,2020-06-05
2020-06-04,38.934613,-77.104800,Ward 3,2020-06-05
2020-06-05,38.893448,-76.994644,Ward 6,2020-06-05
2020-06-05,38.898922,-76.974167,Ward 5,2020-06-05
2020-06-05,38.922983,-76.981594,Ward 5,2020-06-05
2020-06-05,38.920080,-77.046377,Ward 1,2020-06-08
2020-06-05,38.893350,-76.956848,Ward 7,2020-06-09
2020-06-05,38.926385,-77.000340,Ward 5,2020-06-09
2020-06-05,38.911747,-77.037614,Ward 2,2020-06-05
2020-06-05,38.932222,-76.964573,Ward 5,2020-06-05
2020-06-05,38.958176,-77.069354,Ward 3,2020-06-05
2020-06-05,38.894974,-76.980562,Ward 6,2020-06-05
2020-06-05,38.912807,-77.030618,Ward 2,2020-06-05
2020-06-05,38.910866,-77.037614,Ward 2,2020-06-08
2020-06-05,38.886033,-76.998454,Ward 6,2020-06-05
2020-06-05,38.912807,-77.030618,Ward 2,2020-06-08
2020-06-05,38.914107,-77.078688,Ward 2,2020-06-05
2020-06-05,38.884285,-76.990594,Ward 6,2020-06-09
2020-06-05,38.894600,-76.980493,Ward 6,2020-06-08
2020-06-05,38.884273,-76.991088,Ward 6,2020-06-05
2020-06-05,38.912396,-77.030629,Ward 2,2020-06-05
2020-06-05,38.957195,-77.062883,Ward 3,2020-06-05
2020-06-05,38.894600,-76.980493,Ward 6,2020-06-05
2020-06-05,38.924703,-77.007777,Ward 5,2020-06-05
2020-06-05,38.907205,-76.929113,Ward 7,2020-06-09
2020-06-05,38.871429,-76.958094,Ward 7,2020-06-08
2020-06-05,38.942329,-76.987825,Ward 5,2020-06-05
2020-06-05,38.942182,-76.988056,Ward 5,2020-06-05
2020-06-05,38.861808,-76.963424,Ward 7,2020-06-08
2020-06-05,38.907046,-77.014431,Ward 6,2020-06-05
2020-06-05,38.958176,-77.069354,Ward 3,2020-06-05
2020-06-05,38.918280,-77.027685,Ward 1,2020-06-08
2020-06-05,38.883790,-76.999749,Ward 6,2020-06-05
2020-06-05,38.883790,-76.999749,Ward 6,2020-06-05
2020-06-05,38.942956,-77.084057,Ward 3,2020-06-05
2020-06-05,38.875660,-76.963868,Ward 7,2020-06-19
2020-06-05,38.899085,-76.989042,Ward 6,2020-06-05
2020-06-05,38.870866,-76.957490,Ward 7,2020-06-05
2020-06-05,38.876296,-76.935303,Ward 7,2020-06-05
2020-06-05,38.929965,-76.977348,Ward 5,2020-06-05
2020-06-05,38.879279,-76.992089,Ward 6,2020-06-05
2020-06-05,38.899056,-76.937890,Ward 7,2020-06-09
2020-06-05,38.986717,-77.032085,Ward 4,2020-06-05
2020-06-05,38.899247,-76.938939,Ward 7,2020-06-09
2020-06-05,38.956769,-77.016381,Ward 4,2020-06-05
2020-06-05,38.908761,-76.984840,Ward 5,2020-06-05
2020-06-05,38.872173,-77.010067,Ward 6,2020-06-05
2020-06-05,38.908761,-76.984840,Ward 5,2020-06-05
2020-06-05,38.898280,-76.981357,Ward 6,2020-06-05
2020-06-05,38.907106,-77.010343,Ward 5,2020-06-05
2020-06-05,38.916632,-77.016571,Ward 1,2020-06-06
2020-06-05,38.886017,-76.988311,Ward 6,2020-06-05
2020-06-05,38.825855,-77.011164,Ward 8,2020-06-08
2020-06-05,38.863950,-76.986764,Ward 8,2020-06-08
2020-06-05,38.841212,-76.976308,Ward 8,2020-06-09
2020-06-05,38.959037,-77.024918,Ward 4,2020-06-05
2020-06-05,38.896937,-76.941013,Ward 7,2020-06-10
2020-06-05,38.868294,-76.954090,Ward 7,2020-06-19
2020-06-05,38.916542,-77.016122,Ward 1,2020-06-06
2020-06-05,38.985661,-77.028791,Ward 4,2020-06-08
2020-06-05,38.941668,-77.042279,Ward 4,2020-06-08
2020-06-05,38.957863,-77.078112,Ward 3,2020-06-08
2020-06-05,38.914834,-77.041660,Ward 2,2020-06-08
2020-06-05,38.908668,-77.084857,Ward 3,2020-06-08
2020-06-05,38.896303,-76.986128,Ward 6,2020-06-08
2020-06-05,38.951199,-77.094609,Ward 3,2020-06-08
2020-06-05,38.940568,-76.991711,Ward 5,2020-06-09
2020-06-05,38.886676,-76.992847,Ward 6,2020-06-08
2020-06-06,38.916845,-77.032329,Ward 2,2020-06-08
2020-06-06,38.883608,-76.998241,Ward 6,2020-06-08
2020-06-06,38.861690,-76.989317,Ward 8,2020-06-09
2020-06-06,38.891362,-76.987201,Ward 6,2020-06-08
2020-06-06,38.882643,-76.981651,Ward 6,2020-06-08
2020-06-06,38.878018,-76.940805,Ward 7,2020-06-08
2020-06-06,38.938105,-76.977108,Ward 5,2020-06-08
2020-06-06,38.942410,-76.977486,Ward 5,2020-06-08
2020-06-06,38.882643,-76.981651,Ward 6,2020-06-08
2020-06-06,38.947957,-77.023863,Ward 4,2020-06-08
2020-06-06,38.922934,-77.027309,Ward 1,2020-06-08
2020-06-06,38.917869,-77.035370,Ward 1,2020-06-08
2020-06-06,38.881425,-76.924082,Ward 7,2020-06-08
2020-06-06,38.957227,-77.087824,Ward 3,2020-06-08
2020-06-06,38.890752,-76.987154,Ward 6,2020-06-08
2020-06-06,38.934070,-77.066387,Ward 3,2020-06-08
2020-06-06,38.896574,-76.987813,Ward 6,2020-06-08
2020-06-06,38.896861,-76.986690,Ward 6,2020-06-08
2020-06-06,38.925029,-77.100075,Ward 3,2020-06-08
2020-06-06,38.861808,-76.963424,Ward 7,2020-06-08
2020-06-06,38.886479,-77.002552,Ward 6,2020-06-08
2020-06-06,38.861477,-76.989619,Ward 8,2020-06-09
2020-06-07,38.942730,-77.033839,Ward 4,2020-06-08
2020-06-07,38.899492,-76.975195,Ward 5,2020-06-08
2020-06-07,38.987536,-77.041352,Ward 4,2020-06-08
2020-06-07,38.864152,-76.976925,Ward 8,2020-06-08
2020-06-07,38.899121,-76.972531,Ward 5,2020-06-08
2020-06-07,38.898141,-76.980590,Ward 6,2020-06-08
2020-06-07,38.861627,-76.962281,Ward 7,2020-06-08
2020-06-07,38.897809,-76.998200,Ward 6,2020-06-08
2020-06-07,38.894074,-77.000577,Ward 6,2020-06-08
2020-06-07,38.920331,-77.028987,Ward 1,2020-06-08
2020-06-07,38.951386,-77.064889,Ward 3,2020-06-08
2020-06-07,38.960010,-77.017346,Ward 4,2020-06-08
2020-06-07,38.844515,-77.001904,Ward 8,2020-06-08
2020-06-07,38.843764,-77.001955,Ward 8,2020-06-08
2020-06-07,38.915756,-77.012781,Ward 5,2020-06-08
2020-06-07,38.899490,-76.976217,Ward 5,2020-06-08
2020-06-07,38.821091,-77.006196,Ward 8,2020-06-08
2020-06-07,38.919130,-77.034609,Ward 1,2020-06-08
2020-06-07,38.967320,-77.063637,Ward 4,2020-06-08
2020-06-07,38.940740,-77.004382,Ward 5,2020-06-08
2020-06-08,38.907783,-77.029137,Ward 2,2020-06-08
2020-06-08,38.912015,-77.018504,Ward 6,2020-06-08
2020-06-08,38.891332,-76.986484,Ward 6,2020-06-08
2020-06-08,38.905290,-76.983526,Ward 5,2020-06-08
2020-06-08,38.898139,-76.937353,Ward 7,2020-06-09
2020-06-08,38.890937,-76.987456,Ward 6,2020-06-08
2020-06-08,38.904227,-76.977699,Ward 5,2020-06-08
2020-06-08,38.906283,-76.987964,Ward 5,2020-06-08
2020-06-08,38.978136,-77.023350,Ward 4,2020-06-08
2020-06-08,38.947606,-77.025118,Ward 4,2020-06-08
2020-06-08,38.968786,-77.063187,Ward 4,2020-06-08
2020-06-08,38.935134,-77.108968,Ward 3,2020-06-08
2020-06-08,38.906335,-77.024179,Ward 2,2020-06-08
2020-06-08,38.907244,-77.023963,Null,2020-06-09
2020-06-08,38.924717,-76.974562,Ward 5,2020-06-08
2020-06-08,38.943583,-77.005867,Ward 5,2020-06-08
2020-06-08,38.881420,-76.981998,Ward 6,2020-06-10
2020-06-08,38.945757,-76.997523,Ward 5,2020-06-08
2020-06-08,38.909647,-77.023970,Null,2020-06-09
2020-06-08,38.957481,-77.035193,Ward 4,2020-06-11
2020-06-08,38.950830,-76.987493,Ward 5,2020-06-08
2020-06-08,38.962736,-77.056506,Ward 4,2020-06-11
2020-06-08,38.936252,-77.033384,Ward 1,2020-06-10
2020-06-08,38.962584,-77.074225,Ward 3,2020-06-09
2020-06-08,38.870570,-76.974529,Ward 8,2020-06-08
2020-06-08,38.950830,-76.987493,Ward 5,2020-06-09
2020-06-08,38.940978,-76.983114,Ward 5,2020-06-08
2020-06-08,38.908165,-76.983060,Ward 5,2020-06-10
2020-06-08,38.905252,-77.067358,Ward 2,2020-06-09
2020-06-08,38.964713,-77.059501,Ward 4,2020-06-09
2020-06-08,38.887316,-76.949523,Ward 7,2020-06-15
2020-06-08,38.820929,-77.006314,Ward 8,2020-06-11
2020-06-08,38.883908,-76.990803,Ward 6,2020-06-09
2020-06-08,38.925797,-76.975594,Ward 5,2020-06-08
2020-06-08,38.869652,-76.977858,Ward 8,2020-06-08
2020-06-08,38.932678,-77.046137,Ward 1,2020-06-09
2020-06-08,38.933039,-77.046430,Ward 1,2020-06-09
2020-06-08,38.932853,-77.045185,Ward 1,2020-06-09
2020-06-08,38.865317,-76.986123,Ward 8,2020-06-08
2020-06-08,38.943919,-77.006079,Ward 5,2020-06-09
2020-06-09,38.863950,-76.986764,Ward 8,2020-06-09
2020-06-09,38.957327,-76.998783,Ward 4,2020-06-09
2020-06-09,38.890937,-76.987456,Ward 6,2020-06-09
2020-06-09,38.911125,-77.023968,Ward 6,2020-06-09
2020-06-09,38.912440,-77.028669,Ward 2,2020-06-09
2020-06-09,38.877890,-76.941949,Ward 7,2020-06-09
2020-06-09,38.951009,-77.026476,Ward 4,2020-06-09
2020-06-09,38.942914,-77.096998,Ward 3,2020-06-10
2020-06-09,38.935167,-77.026386,Ward 1,2020-06-10
2020-06-09,38.861036,-76.953433,Ward 7,2020-06-12
2020-06-09,38.923890,-77.058252,Ward 3,2020-06-10
2020-06-09,38.898908,-76.991527,Ward 6,2020-06-09
2020-06-09,38.978966,-77.061246,Ward 4,2020-06-09
2020-06-09,38.895918,-76.987187,Ward 6,2020-06-09
2020-06-09,38.901332,-77.028075,Ward 2,2020-06-09
2020-06-09,38.889192,-76.996420,Ward 6,2020-06-09
2020-06-09,38.889532,-76.984920,Ward 6,2020-06-09
2020-06-09,38.908840,-77.049113,Ward 2,2020-06-10
2020-06-09,38.968330,-77.063225,Ward 4,2020-06-10
2020-06-09,38.914699,-77.067204,Ward 2,2020-06-10
2020-06-09,38.900573,-77.029994,Ward 2,2020-06-09
2020-06-09,38.898447,-77.023965,Ward 2,2020-06-11
2020-06-09,38.904172,-77.024020,Ward 2,2020-06-09
2020-06-09,38.921702,-77.074488,Ward 3,2020-06-10
2020-06-09,38.891379,-76.995919,Ward 6,2020-06-10
2020-06-09,38.945711,-77.089271,Ward 3,2020-06-10
2020-06-09,38.860697,-76.987224,Ward 8,2020-06-09
2020-06-09,38.887391,-76.980997,Ward 6,2020-06-10
2020-06-09,38.875248,-76.938571,Ward 7,2020-06-19
2020-06-09,38.909782,-76.984811,Ward 5,2020-06-10
2020-06-09,38.943583,-77.005867,Ward 5,2020-06-09
2020-06-09,38.934922,-77.083070,Ward 3,2020-06-10
2020-06-09,38.869308,-76.977152,Ward 8,2020-06-19
2020-06-09,38.931438,-77.022755,Ward 1,2020-06-10
2020-06-10,38.859094,-76.958641,Ward 7,2020-06-12
2020-06-10,38.927010,-77.006293,Ward 5,2020-06-10
2020-06-10,38.930592,-77.031135,Ward 1,2020-06-10
2020-06-10,38.826419,-76.998004,Ward 8,2020-06-11
2020-06-10,38.920392,-77.002344,Ward 5,2020-06-10
2020-06-10,38.925536,-77.052680,Ward 3,2020-06-17
2020-06-10,38.910542,-77.039752,Ward 2,2020-06-10
2020-06-10,38.910240,-77.040642,Ward 2,2020-06-10
2020-06-10,38.911194,-77.084612,Ward 3,2020-06-11
2020-06-10,38.908840,-77.049113,Ward 2,2020-06-10
2020-06-10,38.931900,-76.979276,Ward 5,2020-06-10
2020-06-10,38.928032,-76.978988,Ward 5,2020-06-10
2020-06-10,38.942634,-77.074348,Ward 3,2020-06-11
2020-06-10,38.942926,-77.074349,Ward 3,2020-06-11
2020-06-10,38.963091,-77.075834,Ward 3,2020-06-11
2020-06-10,38.942999,-77.074347,Ward 3,2020-06-11
2020-06-10,38.942757,-77.021914,Ward 4,2020-06-11
2020-06-10,38.901154,-76.975459,Ward 5,2020-06-12
2020-06-10,38.916731,-77.009956,Ward 5,2020-06-11
2020-06-10,38.901286,-76.975181,Ward 5,2020-06-12
2020-06-10,38.867281,-76.976120,Ward 8,2020-06-11
2020-06-10,38.905113,-76.978523,Ward 5,2020-06-11
2020-06-10,38.952187,-77.035979,Ward 4,2020-06-10
2020-06-10,38.967090,-77.025489,Ward 4,2020-06-11
2020-06-10,38.826391,-76.997879,Ward 8,2020-06-11
2020-06-10,38.953124,-77.084535,Ward 3,2020-06-11
2020-06-10,38.933045,-77.025341,Ward 1,2020-06-11
2020-06-10,38.871356,-76.966239,Ward 7,2020-06-11
2020-06-11,38.960626,-77.022188,Ward 4,2020-06-11
2020-06-11,38.926700,-76.991746,Ward 5,2020-06-11
2020-06-11,38.937079,-76.993592,Ward 5,2020-06-11
2020-06-11,38.961846,-77.000185,Ward 4,2020-06-11
2020-06-11,38.971062,-77.020107,Ward 4,2020-06-11
2020-06-11,38.942716,-76.987494,Ward 5,2020-06-11
2020-06-11,38.966554,-77.023375,Ward 4,2020-06-11
2020-06-11,38.901574,-76.985263,Ward 5,2020-06-11
2020-06-11,38.925068,-77.000305,Ward 5,2020-06-11
2020-06-11,38.920887,-76.986806,Ward 5,2020-06-12
2020-06-11,38.940855,-77.088171,Ward 3,2020-06-11
2020-06-11,38.951158,-76.987011,Ward 5,2020-06-11
2020-06-11,38.949924,-77.061392,Ward 3,2020-06-11
2020-06-11,38.866218,-76.988001,Ward 8,2020-06-12
2020-06-11,38.894777,-76.977259,Null,2020-06-12
2020-06-11,38.839925,-76.989517,Ward 8,2020-06-16
2020-06-11,38.903882,-77.000825,Ward 6,2020-06-12
2020-06-11,38.962268,-77.076624,Ward 3,2020-06-12
2020-06-11,38.959649,-77.017796,Ward 4,2020-06-12
2020-06-11,38.883010,-76.985017,Ward 6,2020-06-12
2020-06-11,38.915135,-77.046681,Ward 2,2020-06-12
2020-06-11,38.857213,-76.957436,Ward 7,2020-06-12
2020-06-11,38.910870,-77.038750,Ward 2,2020-06-12
2020-06-12,38.919637,-77.062473,Ward 3,2020-06-12
2020-06-12,38.894949,-76.981381,Ward 6,2020-06-12
2020-06-12,38.890756,-77.002895,Ward 6,2020-06-12
2020-06-12,38.881457,-76.992367,Ward 6,2020-06-12
2020-06-12,38.895125,-76.980763,Ward 6,2020-06-12
2020-06-12,38.911277,-77.024285,Ward 6,2020-06-12
2020-06-12,38.888562,-76.934195,Ward 7,2020-06-16
2020-06-12,38.953653,-76.994138,Ward 5,2020-06-12
2020-06-12,38.944218,-76.976554,Ward 5,2020-06-12
2020-06-12,38.940431,-77.017912,Ward 4,2020-06-12
2020-06-12,38.921473,-77.001020,Ward 5,2020-06-12
2020-06-12,38.908654,-76.985809,Ward 5,2020-06-12
2020-06-12,38.907461,-77.023741,Ward 6,2020-06-12
2020-06-12,38.940244,-76.992852,Ward 5,2020-06-12
2020-06-12,38.962219,-77.060157,Ward 4,2020-06-12
2020-06-12,38.913405,-77.090444,Ward 3,2020-06-15
2020-06-12,38.907461,-77.023741,Ward 6,2020-06-12
2020-06-12,38.956077,-77.068158,Ward 3,2020-06-12
2020-06-12,38.926585,-77.040687,Ward 1,2020-06-12
2020-06-12,38.882598,-76.924737,Ward 7,2020-06-15
2020-06-12,38.922202,-76.976899,Ward 5,2020-06-16
2020-06-12,38.917848,-77.038730,Ward 1,2020-06-15
2020-06-12,38.923459,-77.070615,Ward 3,2020-06-15
2020-06-12,38.935288,-77.064711,Ward 3,2020-06-15
2020-06-12,38.907461,-77.023741,Ward 6,2020-06-15
2020-06-12,38.922472,-76.982333,Ward 5,2020-06-15
2020-06-13,38.929901,-77.109225,Ward 3,2020-06-16
2020-06-13,38.861493,-76.963429,Ward 7,2020-06-17
2020-06-13,38.888677,-77.002036,Ward 6,2020-06-15
2020-06-13,38.946446,-76.989562,Ward 5,2020-06-15
2020-06-13,38.956300,-77.068133,Ward 3,2020-06-16
2020-06-13,38.891289,-77.000794,Ward 6,2020-06-15
2020-06-13,38.886199,-76.988882,Ward 6,2020-06-15
2020-06-13,38.947431,-77.024471,Ward 4,2020-06-15
2020-06-13,38.872571,-76.977151,Ward 8,2020-06-18
2020-06-14,38.932151,-77.042355,Ward 1,2020-06-15
2020-06-14,38.975686,-77.063242,Ward 4,2020-06-15
2020-06-14,38.910311,-77.064040,Ward 2,2020-06-15
2020-06-14,38.893574,-76.992646,Ward 6,2020-06-15
2020-06-14,38.927321,-77.037328,Ward 1,2020-06-15
2020-06-14,38.921500,-77.043180,Ward 1,2020-06-15
2020-06-14,38.915924,-77.044453,Ward 1,2020-06-15
2020-06-15,38.925272,-77.038125,Ward 1,2020-06-15
2020-06-15,38.895927,-76.981588,Ward 6,2020-06-15
2020-06-15,38.925518,-77.030620,Ward 1,2020-06-15
2020-06-15,38.917397,-77.012442,Ward 5,2020-06-15
2020-06-15,38.917248,-77.012412,Ward 5,2020-06-15
2020-06-15,38.860079,-76.951865,Ward 7,2020-06-17
2020-06-15,38.891832,-76.986675,Ward 6,2020-06-15
2020-06-15,38.956167,-77.020999,Ward 4,2020-06-15
2020-06-15,38.919061,-77.026195,Ward 1,2020-06-15
2020-06-15,38.920603,-77.094575,Ward 3,2020-06-15
2020-06-15,38.957063,-77.017590,Ward 4,2020-06-15
2020-06-15,38.968330,-77.063225,Ward 4,2020-06-15
2020-06-15,38.914636,-77.036893,Ward 2,2020-06-15
2020-06-15,38.964407,-77.015896,Ward 4,2020-06-15
2020-06-15,38.946774,-76.989493,Ward 5,2020-06-16
2020-06-15,38.863524,-76.967224,Ward 7,2020-06-15
2020-06-15,38.934676,-77.021992,Ward 1,2020-06-15
2020-06-15,38.931049,-77.099824,Ward 3,2020-06-16
2020-06-15,38.960338,-77.016852,Ward 4,2020-06-15
2020-06-15,38.919011,-77.030031,Ward 1,2020-06-16
2020-06-15,38.885035,-76.941057,Ward 7,2020-06-19
2020-06-15,38.932336,-76.977183,Ward 5,2020-06-16
2020-06-15,38.954195,-76.989236,Ward 5,2020-06-16
2020-06-15,38.968330,-77.063225,Ward 4,2020-06-18
2020-06-15,38.973043,-77.058113,Ward 4,2020-06-17
2020-06-15,38.863524,-76.967224,Ward 7,2020-06-17
2020-06-15,38.913873,-77.037522,Ward 2,2020-06-16
2020-06-15,38.970367,-77.056714,Ward 4,2020-06-17
2020-06-15,38.918582,-77.035462,Ward 1,2020-06-16
2020-06-16,38.897589,-76.988937,Ward 6,2020-06-16
2020-06-16,38.888079,-76.929177,Ward 7,2020-06-16
2020-06-16,38.973029,-77.058308,Ward 4,2020-06-17
2020-06-16,38.908250,-77.060264,Ward 2,2020-06-16
2020-06-16,38.932012,-77.031298,Ward 1,2020-06-16
2020-06-16,38.925272,-77.038125,Ward 1,2020-06-16
2020-06-16,38.888079,-76.929177,Ward 7,2020-06-16
2020-06-16,38.949332,-77.022814,Ward 4,2020-06-17
2020-06-16,38.925135,-77.042572,Ward 1,2020-06-16
2020-06-16,38.944539,-77.093619,Ward 3,2020-06-18
2020-06-16,38.933032,-77.025620,Ward 1,2020-06-17
2020-06-16,38.933045,-77.025341,Ward 1,2020-06-17
2020-06-16,38.899609,-77.001794,Ward 6,2020-06-17
2020-06-16,38.941109,-76.991584,Ward 5,2020-06-16
2020-06-16,38.938702,-77.040109,Ward 4,2020-06-17
2020-06-16,38.929528,-77.108062,Ward 3,2020-06-17
2020-06-16,38.888514,-76.957732,Ward 7,2020-06-17
2020-06-16,38.937061,-77.030003,Ward 4,2020-06-17
2020-06-16,38.942127,-76.990496,Ward 5,2020-06-16
2020-06-16,38.965973,-77.021106,Ward 4,2020-06-17
2020-06-16,38.925977,-77.029290,Ward 1,2020-06-17
2020-06-16,38.911762,-77.060381,Ward 2,2020-06-17
2020-06-16,38.896868,-76.986634,Ward 6,2020-06-17
2020-06-16,38.898079,-76.980254,Ward 6,2020-06-17
2020-06-16,38.959480,-77.037222,Ward 4,2020-06-17
2020-06-16,38.894143,-76.983646,Ward 6,2020-06-17
2020-06-17,38.938594,-76.975414,Ward 5,2020-06-17
2020-06-17,38.975633,-77.061111,Ward 4,2020-06-17
2020-06-17,38.930441,-77.002448,Ward 5,2020-06-17
2020-06-17,38.936978,-77.020364,Ward 1,2020-06-17
2020-06-17,38.870867,-76.941062,Ward 7,2020-06-19
2020-06-17,38.881900,-76.982419,Ward 7,2020-06-17
2020-06-17,38.904945,-77.044539,Ward 2,2020-06-17
2020-06-17,38.904786,-76.943142,Ward 7,2020-06-18
2020-06-17,38.916190,-77.054808,Ward 2,2020-06-17
2020-06-17,38.914235,-77.023181,Ward 1,2020-06-17
2020-06-17,38.918546,-77.043174,Ward 1,2020-06-17
2020-06-17,38.924321,-77.008420,Ward 5,2020-06-18
2020-06-17,38.891575,-76.954541,Ward 7,2020-06-18
2020-06-17,38.918484,-77.044275,Ward 1,2020-06-17
2020-06-17,38.956805,-77.072759,Ward 3,2020-06-18
2020-06-17,38.941514,-76.996024,Ward 5,2020-06-17
2020-06-17,38.926082,-77.000300,Ward 5,2020-06-18
2020-06-17,38.932261,-76.980620,Ward 5,2020-06-18
2020-06-17,38.932244,-76.980919,Ward 5,2020-06-18
2020-06-17,38.867266,-76.979006,Ward 8,2020-06-18
2020-06-17,38.924719,-76.971589,Ward 5,2020-06-18
2020-06-17,38.913516,-77.042459,Ward 2,2020-06-18
2020-06-17,38.879803,-76.988072,Ward 6,2020-06-18
2020-06-17,38.943377,-77.085101,Ward 3,2020-06-18
2020-06-17,38.894445,-77.042600,Ward 2,2020-06-18
2020-06-17,38.841847,-77.003459,Ward 8,2020-06-18
2020-06-17,38.898419,-76.980557,Ward 6,2020-06-18
2020-06-17,38.858030,-76.985173,Ward 8,2020-06-18
2020-06-17,38.904002,-77.049254,Ward 2,2020-06-18
2020-06-17,38.915735,-77.024587,Ward 1,2020-06-18
2020-06-18,38.904226,-76.978078,Ward 5,2020-06-18
2020-06-18,38.912014,-77.075304,Ward 2,2020-06-18
2020-06-18,38.931653,-77.036460,Ward 1,2020-06-18
2020-06-18,38.948024,-77.038263,Ward 4,2020-06-19
2020-06-18,38.945348,-77.075203,Ward 3,2020-06-18
2020-06-18,38.934801,-77.100983,Ward 3,2020-06-18
2020-06-18,38.870455,-76.974105,Ward 8,2020-06-18
2020-06-18,38.872759,-76.957802,Ward 7,2020-06-19
2020-06-18,38.950377,-77.092368,Ward 3,2020-06-18
2020-06-18,38.887218,-76.988519,Ward 6,2020-06-18
2020-06-18,38.938123,-76.977414,Ward 5,2020-06-18
2020-06-18,38.863477,-76.947401,Ward 7,2020-06-18
2020-06-18,38.960944,-76.999370,Ward 4,2020-06-22
2020-06-18,38.957898,-77.010540,Ward 4,2020-06-19
2020-06-18,38.894206,-76.985258,Ward 6,2020-06-18
2020-06-18,38.967612,-77.073339,Ward 3,2020-06-18
2020-06-18,38.935964,-77.022205,Ward 1,2020-06-22
2020-06-18,38.899084,-76.972527,Ward 5,2020-06-18
2020-06-18,38.930310,-76.991547,Ward 5,2020-06-22
2020-06-18,38.899084,-76.972527,Ward 5,2020-06-18
2020-06-18,38.905647,-77.034569,Ward 2,2020-06-19
2020-06-18,38.962690,-77.071071,Ward 3,2020-06-19
2020-06-18,38.948514,-77.069586,Ward 3,2020-06-19
2020-06-18,38.924115,-76.992061,Ward 5,2020-06-19
2020-06-18,38.912822,-77.006198,Ward 5,2020-06-19
2020-06-18,38.969292,-77.010457,Ward 4,2020-06-19
2020-06-18,38.867606,-76.978775,Ward 8,2020-06-19
2020-06-18,38.866312,-76.943972,Ward 7,2020-06-23
2020-06-18,38.891581,-76.985213,Ward 6,2020-06-19
2020-06-18,38.962690,-77.071071,Ward 3,2020-06-19
2020-06-18,38.913872,-77.014614,Ward 5,2020-06-19
2020-06-19,38.919357,-77.076860,Ward 3,2020-06-19
2020-06-19,38.889237,-76.936724,Ward 7,2020-06-22
2020-06-19,38.877144,-77.014131,Ward 6,2020-06-19
2020-06-19,38.947086,-76.996819,Ward 5,2020-06-19
2020-06-19,38.942413,-77.094620,Ward 3,2020-06-22
2020-06-19,38.952097,-77.071520,Ward 3,2020-06-22
2020-06-19,38.870527,-76.970309,Ward 7,2020-06-19
2020-06-19,38.871723,-77.012394,Ward 6,2020-06-22
2020-06-19,38.938057,-77.017509,Ward 4,2020-06-22
2020-06-19,38.895924,-76.997102,Ward 6,2020-06-22
2020-06-19,38.905644,-77.025983,Ward 2,2020-06-22
2020-06-19,38.912805,-76.973534,Ward 5,2020-06-23
2020-06-19,38.906876,-76.979839,Ward 5,2020-06-22
2020-06-19,38.954845,-77.062338,Ward 3,2020-06-22
2020-06-19,38.928688,-77.036477,Ward 1,2020-06-22
2020-06-20,38.952210,-77.024614,Ward 4,2020-06-22
2020-06-20,38.895003,-77.031353,Ward 2,2020-06-22
2020-06-20,38.934858,-76.969550,Ward 5,2020-06-22
2020-06-20,38.896937,-76.941013,Ward 7,2020-06-20
2020-06-20,38.897849,-76.980274,Ward 6,2020-06-22
2020-06-20,38.927679,-77.013752,Ward 5,2020-06-22
2020-06-20,38.856308,-76.965190,Ward 7,2020-06-23
2020-06-20,38.980859,-77.036351,Ward 4,2020-06-23
2020-06-21,38.981067,-77.024204,Ward 4,2020-06-24
2020-06-21,38.896298,-77.002430,Ward 6,2020-06-22
2020-06-21,38.939680,-77.019676,Ward 4,2020-06-22
2020-06-21,38.932210,-77.074476,Ward 3,2020-06-22
2020-06-21,38.891337,-77.000828,Ward 6,2020-06-22
2020-06-22,38.906070,-76.936511,Ward 7,2020-06-22
2020-06-22,38.870046,-76.965061,Ward 7,2020-06-22
2020-06-22,38.845779,-76.970117,Ward 8,2020-06-26
2020-06-22,38.845310,-77.002333,Ward 8,2020-06-22
2020-06-22,38.886199,-76.988882,Ward 6,2020-06-22
2020-06-22,38.931240,-77.039868,Ward 1,2020-06-22
2020-06-22,38.984447,-77.055415,Ward 4,2020-06-22
2020-06-22,38.960691,-76.996400,Ward 4,2020-06-22
2020-06-22,38.884922,-76.923997,Ward 7,2020-06-22
2020-06-22,38.946458,-76.993789,Ward 5,2020-06-23
2020-06-22,38.926887,-77.105282,Ward 3,2020-06-22
2020-06-22,38.899063,-76.940894,Ward 7,2020-06-23
2020-06-22,38.948514,-77.069586,Ward 3,2020-06-22
2020-06-22,38.876490,-76.964237,Ward 7,2020-06-22
2020-06-22,38.943740,-77.084638,Ward 3,2020-06-23
2020-06-22,38.944594,-77.033030,Ward 4,2020-06-22
2020-06-22,38.912401,-77.002672,Ward 5,2020-06-23
2020-06-22,38.886568,-76.992877,Ward 6,2020-06-23
2020-06-22,38.905422,-76.973408,Ward 5,2020-06-23
2020-06-22,38.885861,-76.920151,Ward 7,2020-06-23
2020-06-22,38.888471,-76.979545,Ward 6,2020-06-23
2020-06-22,38.971547,-77.012062,Ward 4,2020-06-24
2020-06-22,38.883506,-76.985303,Ward 6,2020-06-23
2020-06-22,38.892090,-76.950054,Ward 7,2020-06-22
2020-06-22,38.929324,-76.992171,Ward 5,2020-06-23
2020-06-22,38.987606,-77.044933,Ward 4,2020-06-23
2020-06-22,38.907814,-76.988468,Ward 5,2020-06-24
2020-06-22,38.949469,-77.084396,Ward 3,2020-06-23
2020-06-22,38.849952,-76.966793,Ward 8,2020-06-23
2020-06-22,38.847543,-76.983336,Ward 8,2020-06-24
2020-06-22,38.934773,-76.979524,Ward 5,2020-06-23
2020-06-23,38.897688,-76.974413,Ward 7,2020-06-25
2020-06-23,38.929851,-76.959566,Ward 5,2020-06-23
2020-06-23,38.897661,-76.918048,Ward 7,2020-06-23
2020-06-23,38.945742,-77.095040,Ward 3,2020-06-23
2020-06-23,38.903904,-76.994755,Ward 6,2020-06-23
2020-06-23,38.935953,-76.975159,Ward 5,2020-06-23
2020-06-23,38.885883,-76.920257,Ward 7,2020-06-23
2020-06-23,38.892060,-76.951000,Ward 7,2020-06-23
2020-06-23,38.892060,-76.951000,Ward 7,2020-06-24
2020-06-23,38.899331,-76.990522,Ward 6,2020-06-23
2020-06-23,38.966319,-77.024839,Ward 4,2020-06-24
2020-06-23,38.934426,-77.109528,Ward 3,2020-06-27
2020-06-23,38.952669,-77.035073,Ward 4,2020-06-24
2020-06-23,38.949025,-77.071155,Ward 3,2020-06-23
2020-06-23,38.884713,-76.922728,Ward 7,2020-06-24
2020-06-23,38.960558,-77.009830,Ward 4,2020-06-24
2020-06-23,38.896307,-77.002678,Ward 6,2020-06-23
2020-06-23,38.953073,-77.093544,Ward 3,2020-06-24
2020-06-23,38.946664,-77.007282,Ward 5,2020-06-23
2020-06-23,38.957138,-77.032993,Ward 4,2020-06-24
2020-06-23,38.892934,-76.981760,Ward 6,2020-06-24
2020-06-23,38.949463,-76.995518,Ward 5,2020-06-23
2020-06-23,38.868948,-76.941610,Ward 7,2020-06-24
2020-06-23,38.979932,-77.054781,Ward 4,2020-06-24
2020-06-23,38.871899,-77.012395,Ward 6,2020-06-24
2020-06-23,38.951937,-77.017867,Ward 4,2020-06-24
2020-06-23,38.885900,-76.943277,Ward 7,2020-06-24
2020-06-23,38.970328,-77.071476,Ward 3,2020-06-24
2020-06-23,38.952458,-77.024770,Ward 4,2020-06-24
2020-06-23,38.862699,-76.949826,Ward 7,2020-06-24
2020-06-24,38.867606,-76.978775,Ward 8,2020-06-24
2020-06-24,38.903159,-76.994726,Ward 6,2020-06-24
2020-06-24,38.922960,-77.056402,Ward 3,2020-06-24
2020-06-24,38.903058,-76.984217,Ward 5,2020-06-24
2020-06-24,38.889261,-76.978780,Ward 6,2020-06-24
2020-06-24,38.988704,-77.045013,Ward 4,2020-06-24
2020-06-24,38.942456,-76.986375,Ward 5,2020-06-24
2020-06-24,38.930814,-77.042019,Ward 1,2020-06-24
2020-06-24,38.957590,-77.024420,Ward 4,2020-06-24
2020-06-24,38.958151,-76.993231,Ward 4,2020-06-24
2020-06-24,38.939680,-77.019676,Ward 4,2020-06-25
2020-06-24,38.895223,-76.915344,Ward 7,2020-06-25
2020-06-24,38.868716,-76.965240,Ward 7,2020-06-25
2020-06-24,38.899680,-76.921217,Ward 7,2020-06-25
2020-06-24,38.949269,-76.996858,Ward 5,2020-06-24
2020-06-24,38.913844,-77.014390,Ward 5,2020-06-24
2020-06-24,38.941577,-76.979245,Ward 5,2020-06-24
2020-06-24,38.895955,-76.934261,Ward 7,2020-06-25
2020-06-24,38.872935,-76.967771,Ward 7,2020-06-29
2020-06-24,38.885387,-76.959005,Ward 7,2020-06-27
2020-06-24,38.965699,-77.007383,Ward 4,2020-06-25
2020-06-24,38.909161,-76.985429,Ward 5,2020-06-26
2020-06-24,38.928815,-77.041732,Ward 1,2020-06-25
2020-06-24,38.922168,-76.966226,Ward 5,2020-06-26
2020-06-24,38.952103,-77.024086,Ward 4,2020-06-25
2020-06-25,38.944802,-77.041270,Ward 4,2020-06-25
2020-06-25,38.932282,-77.024127,Ward 1,2020-06-25
2020-06-25,38.832771,-76.988429,Ward 8,2020-06-29
2020-06-25,38.944111,-77.003412,Ward 5,2020-06-25
2020-06-25,38.970271,-77.064857,Ward 4,2020-06-25
2020-06-25,38.888536,-76.995211,Ward 6,2020-06-25
2020-06-25,38.959890,-77.076168,Ward 3,2020-06-25
2020-06-25,38.918264,-77.012382,Ward 5,2020-06-25
2020-06-25,38.912411,-77.032289,Ward 2,2020-06-25
2020-06-25,38.940350,-76.995449,Ward 5,2020-06-25
2020-06-25,38.932537,-76.990998,Ward 5,2020-06-25
2020-06-25,38.925341,-77.086864,Ward 3,2020-06-25
2020-06-25,38.925114,-77.000304,Ward 5,2020-06-25
2020-06-25,38.898330,-77.011182,Ward 6,2020-06-25
2020-06-25,38.973043,-77.058113,Ward 4,2020-06-26
2020-06-25,38.915765,-77.051189,Ward 2,2020-06-25
2020-06-25,38.878139,-76.942586,Ward 7,2020-06-27
2020-06-25,38.874781,-77.010082,Ward 6,2020-06-25
2020-06-25,38.886115,-76.986654,Ward 6,2020-06-25
2020-06-25,38.915602,-77.074816,Ward 2,2020-06-25
2020-06-25,38.949571,-76.997079,Ward 5,2020-06-25
2020-06-25,38.945045,-77.092849,Ward 3,2020-06-25
2020-06-25,38.910751,-77.086100,Ward 3,2020-08-04
2020-06-25,38.962871,-77.022910,Ward 4,2020-06-26
2020-06-25,38.950048,-77.022773,Ward 4,2020-06-26
2020-06-25,38.943129,-76.985368,Ward 5,2020-06-26
2020-06-25,38.962908,-76.999974,Ward 4,2020-06-26
2020-06-25,38.882452,-77.004064,Ward 6,2020-06-26
2020-06-25,38.975617,-77.025429,Ward 4,2020-06-26
2020-06-25,38.943874,-76.997964,Ward 5,2020-06-26
2020-06-25,38.957781,-76.992968,Ward 4,2020-06-26
2020-06-25,38.888876,-76.993377,Ward 6,2020-06-26
2020-06-25,38.956866,-77.063772,Ward 3,2020-06-26
2020-06-25,38.965609,-77.059879,Ward 4,2020-07-09
2020-06-25,38.897320,-77.050135,Ward 2,2020-06-26
2020-06-25,38.970326,-77.071297,Ward 3,2020-06-26
2020-06-25,38.898357,-76.998693,Ward 6,2020-06-26
2020-06-25,38.952695,-77.085164,Ward 3,2020-06-26
2020-06-25,38.950430,-77.057652,Ward 3,2020-06-26
2020-06-26,38.958618,-77.066037,Ward 3,2020-06-26
2020-06-26,38.942940,-77.038815,Ward 4,2020-06-26
2020-06-26,38.965982,-77.060885,Ward 4,2020-06-26
2020-06-26,38.957574,-77.089434,Ward 3,2020-06-26
2020-06-26,38.942210,-77.068875,Ward 3,2020-06-26
2020-06-26,38.958706,-77.058315,Ward 4,2020-06-26
2020-06-26,38.918948,-77.042819,Ward 1,2020-06-29
2020-06-26,38.949018,-77.068536,Ward 3,2020-06-26
2020-06-26,38.969526,-77.059604,Ward 4,2020-06-26
2020-06-26,38.941753,-77.069018,Ward 3,2020-06-26
2020-06-26,38.965232,-77.062230,Ward 4,2020-06-26
2020-06-26,38.911683,-76.940798,Ward 7,2020-06-26
2020-06-26,38.961847,-77.078587,Ward 3,2020-06-26
2020-06-26,38.899519,-76.940053,Ward 7,2020-06-26
2020-06-26,38.977062,-77.063662,Ward 4,2020-06-26
2020-06-26,38.958470,-77.088710,Ward 3,2020-06-26
2020-06-26,38.872571,-76.977151,Ward 8,2020-06-27
2020-06-26,38.965310,-77.063638,Ward 4,2020-06-26
2020-06-26,38.868977,-76.981464,Ward 8,2020-06-26
2020-06-26,38.954692,-77.070594,Ward 3,2020-06-26
2020-06-26,38.961711,-77.073237,Ward 3,2020-06-26
2020-06-26,38.965136,-77.067340,Ward 4,2020-06-26
2020-06-26,38.963317,-77.071662,Ward 3,2020-06-26
2020-06-26,38.956419,-77.065112,Ward 3,2020-06-26
2020-06-26,38.898357,-76.998693,Ward 6,2020-06-26
2020-06-26,38.962871,-77.074726,Ward 3,2020-06-26
2020-06-26,38.935983,-76.972728,Ward 5,2020-06-26
2020-06-26,38.935993,-76.972988,Ward 5,2020-06-26
2020-06-26,38.963317,-77.071662,Ward 3,2020-06-26
2020-06-26,38.912066,-77.068046,Ward 2,2020-06-29
2020-06-26,38.953096,-77.028804,Ward 4,2020-06-26
2020-06-26,38.955366,-77.030934,Ward 4,2020-06-26
2020-06-26,38.968451,-77.029056,Ward 4,2020-06-29
2020-06-26,38.928043,-77.062061,Ward 3,2020-06-26
2020-06-26,38.950751,-77.022268,Ward 4,2020-06-29
2020-06-26,38.946891,-77.073962,Ward 3,2020-06-29
2020-06-26,38.989998,-77.041718,Ward 4,2020-06-29
2020-06-26,38.902003,-76.994709,Ward 6,2020-06-26
2020-06-26,38.948873,-77.022145,Ward 4,2020-06-29
2020-06-26,38.934839,-77.112000,Ward 3,2020-06-29
2020-06-26,38.959111,-77.000058,Ward 4,2020-06-29
2020-06-26,38.960383,-77.001378,Ward 4,2020-07-01
2020-06-26,38.956796,-77.067056,Ward 3,2020-06-29
2020-06-26,38.947730,-77.074352,Ward 3,2020-06-29
2020-06-26,38.849043,-76.976294,Ward 8,2020-06-29
2020-06-26,38.886391,-76.938500,Ward 7,2020-06-29
2020-06-26,38.843527,-77.002038,Ward 8,2020-06-30
2020-06-26,38.900665,-76.933758,Ward 7,2020-07-02
2020-06-26,38.900665,-76.933758,Ward 7,2020-06-29
2020-06-26,38.986858,-77.035210,Ward 4,2020-06-29
2020-06-26,38.987000,-77.034878,Ward 4,2020-06-29
2020-06-26,38.919664,-77.044398,Ward 1,2020-06-29
2020-06-26,38.965599,-77.068893,Ward 3,2020-06-29
2020-06-27,38.923115,-77.040225,Ward 1,2020-06-29
2020-06-27,38.965064,-77.064111,Ward 4,2020-06-27
2020-06-27,38.921606,-77.003765,Ward 5,2020-06-29
2020-06-27,38.868820,-76.971849,Ward 8,2020-06-29
2020-06-27,38.919048,-77.034262,Ward 1,2020-06-29
2020-06-27,38.912032,-77.046042,Ward 2,2020-06-29
2020-06-27,38.930882,-77.044846,Ward 1,2020-06-29
2020-06-27,38.871108,-76.973432,Ward 8,2020-06-29
2020-06-27,38.907402,-77.019536,Ward 6,2020-06-29
2020-06-27,38.981103,-77.032316,Ward 4,2020-06-29
2020-06-27,38.905354,-76.990302,Ward 5,2020-06-29
2020-06-27,38.911308,-77.027408,Ward 2,2020-06-29
2020-06-27,38.977880,-77.022692,Ward 4,2020-06-28
2020-06-27,38.972057,-77.029930,Ward 4,2020-06-28
2020-06-27,38.970659,-77.022669,Ward 4,2020-06-28
2020-06-27,38.966252,-77.007465,Ward 4,2020-06-28
2020-06-27,38.967171,-77.006175,Ward 4,2020-06-28
2020-06-27,38.976455,-77.025372,Ward 4,2020-06-28
2020-06-28,38.882544,-76.993029,Ward 6,2020-06-29
2020-06-28,38.975975,-77.025828,Ward 4,2021-01-26
2020-06-28,38.970659,-77.022669,Ward 4,2020-06-28
2020-06-28,38.966252,-77.007465,Ward 4,2020-06-28
2020-06-28,38.967171,-77.006175,Ward 4,2020-06-28
2020-06-28,38.966341,-77.014171,Ward 4,2020-06-28
2020-06-28,38.929638,-77.057318,Ward 3,2020-08-04
2020-06-28,38.967171,-77.006175,Ward 4,2020-06-28
2020-06-28,38.933596,-76.961395,Ward 5,2020-06-29
2020-06-28,38.971500,-77.028733,Ward 4,2020-06-29
2020-06-28,38.967333,-77.010727,Ward 4,2020-06-28
2020-06-28,38.958478,-77.065124,Null,2020-06-29
2020-06-28,38.972080,-77.028649,Ward 4,2020-06-29
2020-06-28,38.928808,-77.057655,Ward 3,2020-06-29
2020-06-28,38.882544,-76.993029,Ward 6,2020-06-29
2020-06-28,38.953353,-77.081954,Ward 3,2020-06-29
2020-06-28,38.968450,-77.021354,Ward 4,2020-06-29
2020-06-28,38.883417,-77.000345,Ward 6,2020-06-29
2020-06-28,38.970600,-77.022449,Ward 4,2020-06-29
2020-06-29,38.966342,-77.014017,Ward 4,2020-06-29
2020-06-29,38.844086,-76.996408,Ward 8,2020-06-29
2020-06-29,38.970659,-77.022669,Ward 4,2020-06-29
2020-06-29,38.897688,-76.974413,Ward 7,2020-07-02
2020-06-29,38.914645,-77.011108,Ward 5,2020-06-29
2020-06-29,38.965124,-77.021696,Ward 4,2020-06-29
2020-06-29,38.914645,-77.011108,Ward 5,2020-06-29
2020-06-29,38.966296,-77.024434,Ward 4,2020-06-29
2020-06-29,38.971053,-77.029380,Ward 4,2021-01-26
2020-06-29,38.840577,-76.991672,Ward 8,2020-07-01
2020-06-29,38.840577,-76.991672,Ward 8,2020-06-29
2020-06-29,38.967658,-77.023987,Ward 4,2020-07-01
2020-06-29,38.968886,-77.008511,Ward 4,2020-07-01
2020-06-29,38.968427,-77.024421,Ward 4,2020-07-01
2020-06-29,38.947626,-76.981098,Ward 5,2020-06-29
2020-06-29,38.905470,-76.988565,Ward 5,2020-06-29
2020-06-29,38.942054,-77.058634,Ward 3,2020-06-29
2020-06-29,38.960383,-77.001378,Ward 4,2020-06-29
2020-06-29,38.951330,-77.097017,Ward 3,2020-06-30
2020-06-29,38.953751,-76.994881,Ward 5,2020-06-29
2020-06-29,38.913891,-77.037668,Ward 2,2020-06-29
2020-06-29,38.902140,-76.921231,Ward 7,2020-07-02
2020-06-29,38.948927,-77.073799,Ward 3,2020-06-29
2020-06-29,38.909508,-77.058679,Ward 2,2020-06-29
2020-06-29,38.887891,-76.984762,Ward 6,2020-06-29
2020-06-29,38.861984,-76.980112,Ward 8,2020-06-29
2020-06-29,38.960329,-77.002509,Ward 4,2020-06-30
2020-06-29,38.971286,-77.028747,Ward 4,2020-06-30
2020-06-29,38.938481,-76.975005,Ward 5,2020-06-30
2020-06-29,38.948498,-76.995598,Ward 5,2020-06-30
2020-06-29,38.924272,-77.043866,Ward 1,2020-06-30
2020-06-29,38.953779,-76.994229,Ward 5,2020-06-30
2020-06-29,38.952103,-77.024086,Ward 4,2020-06-30
2020-06-29,38.954035,-77.081791,Ward 3,2020-06-30
2020-06-29,38.912109,-77.029328,Ward 2,2020-06-30
2020-06-29,38.938728,-77.070629,Ward 3,2020-06-30
2020-06-29,38.936419,-77.061296,Ward 3,2020-06-30
2020-06-29,38.924160,-77.043028,Ward 1,2020-06-30
2020-06-29,38.900201,-77.036554,Ward 2,2020-06-30
2020-06-29,38.948927,-77.073799,Ward 3,2020-06-30
2020-06-29,38.890113,-76.999298,Ward 6,2020-06-30
2020-06-29,38.942413,-77.094620,Ward 3,2020-06-30
2020-06-29,38.950518,-77.086978,Ward 3,2020-06-30
2020-06-29,38.967506,-77.006260,Ward 4,2020-06-30
2020-06-29,38.940606,-77.033044,Ward 4,2020-06-30
2020-06-29,38.935974,-76.971470,Ward 5,2020-06-30
2020-06-30,38.980523,-77.022735,Ward 4,2020-06-30
2020-06-30,38.867555,-76.978776,Ward 8,2020-06-30
2020-06-30,38.985864,-77.045398,Ward 4,2020-06-30
2020-06-30,38.944921,-77.082951,Ward 3,2020-06-30
2020-06-30,38.944921,-77.082951,Ward 3,2020-06-30
2020-06-30,38.951069,-77.071967,Ward 3,2020-06-30
2020-06-30,38.954475,-77.079795,Ward 3,2020-06-30
2020-06-30,38.856708,-76.957701,Ward 7,2020-07-01
2020-06-30,38.866626,-76.982430,Ward 8,2020-06-30
2020-06-30,38.906283,-76.987964,Ward 5,2020-06-30
2020-06-30,38.957781,-76.992968,Ward 4,2020-06-30
2020-06-30,38.904227,-76.977699,Ward 5,2020-06-30
2020-06-30,38.902141,-76.994715,Ward 6,2020-06-30
2020-06-30,38.943912,-77.021530,Ward 4,2020-06-30
2020-06-30,38.957781,-76.992968,Ward 4,2020-06-30
2020-06-30,38.894935,-76.989782,Ward 6,2020-06-30
2020-06-30,38.953815,-76.994261,Ward 5,2020-06-30
2020-06-30,38.956806,-77.074003,Ward 3,2020-06-30
2020-06-30,38.973029,-77.058308,Ward 4,2020-07-01
2020-06-30,38.865196,-76.948439,Ward 7,2020-07-01
2020-06-30,38.954728,-76.992978,Ward 5,2020-06-30
2020-06-30,38.950438,-77.013508,Ward 4,2020-07-01
2020-06-30,38.929076,-77.041594,Ward 1,2020-07-01
2020-06-30,38.943810,-77.025740,Ward 4,2020-07-01
2020-06-30,38.929870,-77.021295,Ward 1,2020-07-01
2020-06-30,38.930916,-77.041578,Ward 1,2020-07-01
2020-06-30,38.941539,-77.100477,Ward 3,2020-07-01
2020-06-30,38.980062,-77.023230,Ward 4,2020-07-01
2020-06-30,38.871370,-76.971542,Ward 8,2020-07-01
2020-06-30,38.927637,-77.024408,Ward 1,2020-07-01
2020-06-30,38.964769,-77.020282,Ward 4,2020-07-01
2020-06-30,38.956018,-77.028984,Ward 4,2020-07-01
2020-06-30,38.879941,-76.982388,Ward 6,2020-07-01
2020-06-30,38.961919,-77.080773,Ward 3,2020-07-01
2020-07-01,38.948905,-77.074080,Ward 3,2020-07-01
2020-07-01,38.942198,-77.022057,Ward 4,2020-07-01
2020-07-01,38.924827,-76.988302,Ward 5,2020-07-01
2020-07-01,38.902029,-76.929771,Ward 7,2020-07-02
2020-07-01,38.878644,-76.983880,Ward 6,2020-07-01
2020-07-01,38.854841,-76.965708,Null,2020-07-02
2020-07-01,38.912410,-77.042318,Ward 2,2020-07-01
2020-07-01,38.918989,-77.011427,Ward 5,2020-07-01
2020-07-01,38.969544,-77.060958,Ward 4,2020-07-01
2020-07-01,38.965437,-77.070624,Ward 3,2020-07-02
2020-07-01,38.899559,-76.943744,Ward 7,2020-07-02
2020-07-01,38.951561,-77.073872,Ward 3,2020-07-02
2020-07-01,38.879411,-76.933429,Ward 7,2020-07-06
2020-07-01,38.957478,-77.015050,Ward 4,2020-07-02
2020-07-01,38.957478,-77.015050,Ward 4,2020-07-02
2020-07-01,38.954195,-76.989236,Ward 5,2020-07-01
2020-07-01,38.901447,-76.983930,Ward 5,2020-07-02
2020-07-01,38.902932,-77.037051,Ward 2,2020-07-02
2020-07-01,38.956266,-77.065952,Ward 3,2020-07-02
2020-07-02,38.862043,-76.999602,Ward 8,2020-07-02
2020-07-02,38.958895,-77.066117,Ward 3,2020-07-02
2020-07-02,38.989351,-77.037506,Ward 4,2020-07-02
2020-07-02,38.907588,-77.031725,Ward 2,2020-07-02
2020-07-02,38.865595,-76.951324,Ward 7,2020-07-02
2020-07-02,38.965962,-77.020646,Ward 4,2020-07-02
2020-07-02,38.945499,-77.031223,Ward 4,2020-07-02
2020-07-02,38.956034,-77.070411,Ward 3,2020-07-02
2020-07-02,38.967203,-77.035437,Ward 4,2020-07-02
2020-07-02,38.921384,-76.983259,Ward 5,2020-07-02
2020-07-02,38.868723,-76.965466,Ward 7,2020-07-03
2020-07-02,38.957478,-77.015050,Ward 4,2020-07-02
2020-07-02,38.891160,-76.997825,Ward 6,2020-07-02
2020-07-02,38.960081,-77.037518,Ward 4,2020-07-02
2020-07-02,38.979924,-77.024705,Ward 4,2020-07-02
2020-07-02,38.911307,-77.030693,Ward 2,2020-07-02
2020-07-02,38.934922,-77.083070,Ward 3,2020-07-02
2020-07-02,38.905553,-76.987921,Ward 5,2020-07-02
2020-07-02,38.896853,-76.977061,Ward 7,2020-07-06
2020-07-02,38.857895,-76.954598,Ward 7,2020-07-07
2020-07-02,38.951165,-77.055304,Ward 3,2020-07-06
2020-07-02,38.935629,-77.055649,Ward 3,2020-07-03
2020-07-02,38.943740,-77.084638,Ward 3,2020-07-06
2020-07-03,38.868811,-76.963537,Ward 7,2020-07-06
2020-07-03,38.986133,-77.045595,Ward 4,2020-07-03
2020-07-03,38.932206,-77.040160,Ward 1,2020-07-06
2020-07-03,38.929214,-77.059314,Ward 3,2020-07-06
2020-07-03,38.959649,-77.017796,Ward 4,2020-07-06
2020-07-03,38.872009,-76.964768,Ward 7,2020-07-06
2020-07-03,38.865111,-76.945542,Ward 7,2020-07-06
2020-07-03,38.960663,-77.041812,Ward 4,2020-07-04
2020-07-04,38.879443,-76.995463,Ward 6,2020-07-06
2020-07-04,38.910601,-77.052765,Ward 2,2020-07-06
2020-07-04,38.883921,-76.978717,Ward 6,2020-07-06
2020-07-04,38.926183,-77.078979,Ward 3,2020-07-06
2020-07-04,38.882981,-77.020905,Ward 6,2020-07-06
2020-07-04,38.867894,-76.947980,Ward 7,2020-07-05
2020-07-04,38.883232,-76.934723,Ward 7,2020-07-06
2020-07-04,38.931728,-77.103983,Ward 3,2020-07-06
2020-07-05,38.942179,-77.022566,Ward 4,2020-07-06
2020-07-05,38.970724,-77.064142,Ward 4,2020-07-06
2020-07-05,38.939491,-77.051231,Ward 4,2020-07-05
2020-07-05,38.939491,-77.051231,Ward 4,2020-07-05
2020-07-05,38.909637,-77.047716,Ward 2,2020-07-06
2020-07-05,38.935053,-77.047713,Null,2020-07-06
2020-07-05,38.961714,-77.028628,Ward 4,2020-07-06
2020-07-05,38.902202,-77.011341,Ward 6,2020-07-06
2020-07-05,38.989839,-77.043991,Ward 4,2020-07-05
2020-07-05,38.935053,-77.047713,Null,2020-07-06
2020-07-05,38.939491,-77.051231,Ward 4,2020-07-05
2020-07-05,38.902514,-77.013722,Ward 6,2020-07-06
2020-07-05,38.918544,-77.042567,Ward 1,2020-07-06
2020-07-05,38.947134,-77.019672,Ward 4,2020-07-06
2020-07-05,38.964696,-77.059655,Ward 4,2020-07-06
2020-07-05,38.949995,-77.024912,Ward 4,2020-07-06
2020-07-06,38.939805,-76.987403,Ward 5,2020-07-07
2020-07-06,38.863806,-76.971592,Ward 8,2020-07-06
2020-07-06,38.907911,-76.931408,Ward 7,2020-07-07
2020-07-06,38.946960,-76.989658,Ward 5,2020-07-06
2020-07-06,38.901463,-76.991264,Ward 6,2020-07-06
2020-07-06,38.947089,-76.989994,Ward 5,2020-07-06
2020-07-06,38.972570,-77.021123,Ward 4,2020-07-06
2020-07-06,38.914279,-77.011853,Ward 5,2020-07-06
2020-07-06,38.931728,-77.103983,Ward 3,2020-07-06
2020-07-06,38.933706,-76.983025,Ward 5,2020-07-06
2020-07-06,38.930310,-76.991547,Ward 5,2020-07-07
2020-07-06,38.955304,-76.996821,Ward 5,2020-07-07
2020-07-06,38.955304,-76.996821,Ward 5,2020-07-07
2020-07-06,38.913218,-76.985128,Ward 5,2020-07-07
2020-07-06,38.930823,-77.082977,Ward 3,2020-07-06
2020-07-06,38.967222,-77.073046,Ward 3,2020-07-07
2020-07-06,38.914978,-77.034211,Ward 2,2020-07-07
2020-07-06,38.944432,-76.987282,Ward 5,2020-07-07
2020-07-06,38.920233,-77.012149,Ward 5,2020-07-07
2020-07-06,38.945704,-77.085277,Ward 3,2020-07-09
2020-07-06,38.943166,-77.072412,Ward 3,2020-07-07
2020-07-06,38.947244,-77.008342,Ward 5,2020-07-07
2020-07-06,38.893734,-76.985296,Ward 6,2020-07-07
2020-07-06,38.909217,-77.031691,Ward 2,2020-07-07
2020-07-06,38.843391,-76.988717,Ward 8,2020-07-07
2020-07-06,38.834283,-76.997301,Ward 8,2020-07-07
2020-07-06,38.930792,-77.040038,Ward 1,2020-07-10
2020-07-06,38.874256,-76.968744,Ward 7,2020-07-07
2020-07-06,38.887594,-76.994962,Ward 6,2020-07-07
2020-07-06,38.893580,-76.991533,Ward 6,2020-07-09
2020-07-06,38.856631,-76.980463,Ward 8,2020-07-07
2020-07-06,38.834775,-76.989608,Ward 8,2020-07-07
2020-07-06,38.893580,-76.991533,Ward 6,2020-07-09
2020-07-06,38.893580,-76.991533,Ward 6,2020-07-09
2020-07-06,38.974419,-77.059861,Ward 4,2020-07-07
2020-07-06,38.881492,-76.996400,Ward 6,2020-07-07
2020-07-06,38.948434,-77.006887,Ward 5,2020-07-07
2020-07-06,38.842334,-76.987542,Ward 8,2020-07-07
2020-07-06,38.839190,-77.004158,Ward 8,2020-07-07
2020-07-06,38.948984,-77.094774,Ward 3,2020-07-09
2020-07-06,38.878429,-76.940899,Ward 7,2020-07-07
2020-07-06,38.886291,-76.937758,Ward 7,2020-07-07
2020-07-06,38.880247,-76.935575,Ward 7,2020-07-07
2020-07-06,38.830769,-77.002538,Ward 8,2020-07-07
2020-07-06,38.859861,-76.974043,Ward 8,2020-07-07
2020-07-06,38.824180,-76.998550,Ward 8,2020-07-07
2020-07-06,38.914307,-77.032692,Ward 2,2020-07-09
2020-07-06,38.903175,-76.932188,Ward 7,2020-07-07
2020-07-06,38.868811,-76.963537,Ward 7,2020-07-07
2020-07-06,38.847063,-76.970734,Ward 8,2020-07-07
2020-07-06,38.843839,-77.001308,Ward 8,2020-07-07
2020-07-06,38.847875,-76.969373,Ward 8,2020-07-07
2020-07-06,38.893315,-76.936680,Ward 7,2020-07-07
2020-07-06,38.858507,-76.987477,Ward 8,2020-07-07
2020-07-06,38.864000,-76.981312,Ward 8,2020-07-07
2020-07-06,38.885397,-76.941764,Ward 7,2020-07-07
2020-07-06,38.950366,-77.090605,Ward 3,2020-07-07
2020-07-06,38.886206,-76.989417,Ward 6,2020-07-07
2020-07-06,38.879078,-76.992265,Ward 6,2020-07-07
2020-07-07,38.876635,-76.950358,Ward 7,2020-07-07
2020-07-07,38.883048,-76.959187,Ward 7,2020-07-07
2020-07-07,38.880875,-76.984924,Ward 6,2020-08-13
2020-07-07,38.880875,-76.984924,Ward 6,2020-07-09
2020-07-07,38.883609,-77.006215,Ward 6,2020-07-09
2020-07-07,38.890605,-76.959191,Ward 7,2020-07-07
2020-07-07,38.890699,-76.948620,Ward 7,2020-07-07
2020-07-07,38.892072,-76.950287,Ward 7,2020-07-07
2020-07-07,38.883477,-76.998701,Ward 6,2020-07-07
2020-07-07,38.930320,-77.040007,Ward 1,2020-07-07
2020-07-07,38.887414,-76.979708,Ward 6,2020-07-09
2020-07-07,38.867612,-76.980541,Ward 8,2020-07-07
2020-07-07,38.867612,-76.980541,Ward 8,2020-07-08
2020-07-07,38.867612,-76.980541,Ward 8,2020-07-07
2020-07-07,38.933451,-77.046797,Ward 1,2020-07-07
2020-07-07,38.846808,-76.970963,Ward 8,2020-07-07
2020-07-07,38.838149,-77.003024,Ward 8,2020-07-07
2020-07-07,38.906738,-76.934547,Ward 7,2020-07-07
2020-07-07,38.886653,-76.988500,Ward 6,2020-07-07
2020-07-07,38.931413,-76.988775,Ward 5,2020-07-07
2020-07-07,38.843552,-76.983530,Ward 8,2020-07-07
2020-07-07,38.831628,-77.011364,Ward 8,2020-07-07
2020-07-07,38.895256,-76.974143,Ward 7,2020-07-07
2020-07-07,38.833088,-77.010880,Ward 8,2020-07-07
2020-07-07,38.930566,-77.040077,Ward 1,2020-07-10
2020-07-07,38.850412,-76.975444,Ward 8,2020-07-08
2020-07-07,38.857200,-76.964623,Ward 7,2020-07-07
2020-07-07,38.901941,-76.931202,Ward 7,2020-07-07
2020-07-07,38.854841,-76.965708,Null,2020-07-07
2020-07-07,38.884421,-76.998680,Ward 6,2020-07-09
2020-07-07,38.886544,-76.940555,Ward 7,2020-07-07
2020-07-07,38.884284,-76.990657,Ward 6,2020-07-07
2020-07-07,38.879083,-76.941988,Ward 7,2020-07-07
2020-07-07,38.870913,-76.966898,Ward 7,2020-07-08
2020-07-07,38.899916,-76.943314,Ward 7,2020-07-07
2020-07-07,38.899908,-76.943845,Ward 7,2020-07-07
2020-07-07,38.888047,-76.940006,Ward 7,2020-07-08
2020-07-07,38.864000,-76.981312,Ward 8,2020-07-07
2020-07-07,38.875022,-76.932892,Ward 7,2020-07-07
2020-07-07,38.933114,-77.046997,Ward 1,2020-07-07
2020-07-07,38.902070,-76.931297,Ward 7,2020-07-07
2020-07-07,38.887082,-76.940470,Ward 7,2020-07-07
2020-07-07,38.879668,-76.986368,Ward 6,2020-07-07
2020-07-07,38.906331,-76.978251,Ward 5,2020-07-07
2020-07-07,38.877747,-76.985774,Ward 6,2020-07-07
2020-07-07,38.888093,-77.000344,Ward 6,2020-07-08
2020-07-07,38.877680,-76.985983,Ward 6,2020-07-07
2020-07-07,38.860678,-76.961233,Ward 7,2020-07-07
2020-07-07,38.924798,-77.107124,Ward 3,2020-07-07
2020-07-07,38.853867,-76.962009,Ward 7,2020-07-07
2020-07-07,38.868846,-76.985123,Ward 8,2020-07-08
2020-07-07,38.862223,-76.951912,Ward 7,2020-07-07
2020-07-07,38.879956,-76.945042,Ward 7,2020-07-07
2020-07-07,38.868051,-76.977423,Ward 8,2020-07-09
2020-07-07,38.870928,-76.971605,Ward 8,2020-07-08
2020-07-07,38.919695,-77.056615,Ward 3,2020-07-07
2020-07-07,38.869742,-76.972920,Ward 8,2020-07-07
2020-07-07,38.839190,-77.004158,Ward 8,2020-07-07
2020-07-07,38.907753,-77.047720,Ward 2,2020-07-07
2020-07-07,38.903377,-76.936305,Ward 7,2020-07-16
2020-07-07,38.904577,-76.935973,Ward 7,2020-07-16
2020-07-07,38.895637,-76.919455,Ward 7,2020-07-16
2020-07-07,38.868535,-76.987050,Ward 8,2020-07-08
2020-07-07,38.942325,-76.978552,Ward 5,2020-07-07
2020-07-07,38.883295,-76.931198,Ward 7,2020-07-07
2020-07-07,38.933700,-77.053378,Ward 3,2020-07-07
2020-07-07,38.893562,-76.956585,Ward 7,2020-07-08
2020-07-07,38.906338,-76.977413,Ward 5,2020-07-07
2020-07-07,38.895227,-76.974624,Ward 7,2020-07-07
2020-07-07,38.895227,-76.974624,Ward 7,2020-07-07
2020-07-07,38.895227,-76.974624,Ward 7,2020-07-07
2020-07-07,38.895227,-76.974624,Ward 7,2020-07-07
2020-07-07,38.897688,-76.974413,Ward 7,2020-07-07
2020-07-07,38.898566,-76.940203,Ward 7,2020-07-07
2020-07-07,38.931727,-76.987445,Ward 5,2020-07-07
2020-07-07,38.921473,-77.001177,Ward 5,2020-07-07
2020-07-07,38.883319,-76.922123,Ward 7,2020-07-08
2020-07-07,38.863114,-76.987428,Ward 8,2020-07-07
2020-07-07,38.832790,-77.000344,Ward 8,2020-07-07
2020-07-07,38.921473,-77.001177,Ward 5,2020-07-07
2020-07-07,38.921473,-77.001177,Ward 5,2020-07-07
2020-07-07,38.921474,-77.001073,Ward 5,2020-07-07
2020-07-07,38.854452,-76.985499,Ward 8,2020-07-07
2020-07-07,38.846762,-77.001235,Ward 8,2020-07-07
2020-07-07,38.900749,-76.947455,Ward 7,2020-07-17
2020-07-07,38.888982,-76.954090,Ward 7,2020-07-07
2020-07-07,38.868657,-76.985298,Ward 8,2020-07-07
2020-07-07,38.858763,-76.987556,Ward 8,2020-07-07
2020-07-07,38.918275,-77.029140,Ward 1,2020-07-08
2020-07-07,38.890615,-76.983422,Ward 6,2020-07-08
2020-07-07,38.894350,-76.986936,Ward 6,2020-07-08
2020-07-07,38.863767,-76.954267,Ward 7,2020-07-07
2020-07-07,38.852605,-76.977769,Ward 8,2020-07-08
2020-07-07,38.906331,-76.978251,Ward 5,2020-07-07
2020-07-07,38.886214,-76.989525,Ward 6,2020-07-07
2020-07-07,38.898774,-76.921644,Ward 7,2020-07-14
2020-07-07,38.875687,-76.938176,Ward 7,2020-07-08
2020-07-07,38.941641,-76.988555,Ward 5,2020-07-07
2020-07-07,38.894358,-76.926014,Ward 7,2020-07-07
2020-07-07,38.912607,-77.019900,Ward 6,2020-07-07
2020-07-07,38.953137,-77.032466,Ward 4,2020-07-07
2020-07-07,38.932127,-77.043087,Ward 1,2020-07-08
2020-07-07,38.944123,-77.088200,Ward 3,2020-07-07
2020-07-07,38.898925,-76.940886,Ward 7,2020-07-07
2020-07-07,38.882650,-76.945460,Ward 7,2020-07-07
2020-07-07,38.893694,-76.939912,Ward 7,2020-07-07
2020-07-07,38.886214,-76.989467,Ward 6,2020-07-07
2020-07-07,38.885913,-76.989373,Ward 6,2020-07-07
2020-07-07,38.888982,-76.954090,Ward 7,2020-07-07
2020-07-07,38.844515,-76.999425,Ward 8,2020-07-08
2020-07-07,38.888987,-76.954640,Ward 7,2020-07-07
2020-07-07,38.914958,-77.032672,Ward 2,2020-07-09
2020-07-07,38.860726,-76.952287,Ward 7,2020-07-08
2020-07-07,38.894425,-76.925189,Ward 7,2020-07-07
2020-07-07,38.855163,-76.982941,Ward 8,2020-07-08
2020-07-07,38.884373,-76.922354,Ward 7,2020-07-08
2020-07-07,38.881044,-76.981330,Ward 6,2020-07-08
2020-07-07,38.846268,-76.971429,Ward 8,2020-07-08
2020-07-07,38.893063,-77.047771,Ward 2,2020-07-07
2020-07-07,38.938409,-77.093492,Ward 3,2020-07-07
2020-07-07,38.885876,-77.004400,Ward 6,2020-07-08
2020-07-07,38.967049,-77.032530,Ward 4,2020-07-07
2020-07-07,38.868692,-76.963199,Ward 7,2020-07-08
2020-07-07,38.878170,-76.942435,Ward 7,2020-07-07
2020-07-07,38.839107,-77.004142,Ward 8,2020-07-07
2020-07-07,38.832344,-76.995163,Ward 8,2020-07-10
2020-07-07,38.852605,-76.977769,Ward 8,2020-07-08
2020-07-07,38.861628,-76.965457,Ward 7,2020-07-08
2020-07-07,38.862550,-76.990452,Ward 8,2020-07-08
2020-07-07,38.883477,-76.998701,Ward 6,2020-07-08
2020-07-07,38.843731,-76.990724,Ward 8,2020-07-10
2020-07-07,38.913527,-76.973687,Ward 5,2020-07-07
2020-07-07,38.900749,-76.947455,Ward 7,2020-07-07
2020-07-07,38.854525,-76.982559,Ward 8,2020-07-07
2020-07-07,38.846356,-76.984064,Ward 8,2020-07-08
2020-07-07,38.864455,-76.961246,Ward 7,2020-07-07
2020-07-07,38.902018,-76.983453,Ward 5,2020-07-07
2020-07-07,38.947306,-77.092357,Ward 3,2020-07-08
2020-07-07,38.983627,-77.055501,Ward 4,2020-07-08
2020-07-07,38.958324,-76.995522,Ward 4,2020-07-08
2020-07-07,38.903054,-76.993545,Ward 6,2020-07-08
2020-07-07,38.932676,-76.966813,Ward 5,2020-07-08
2020-07-07,38.845264,-76.971187,Ward 8,2020-07-07
2020-07-07,38.897322,-76.974035,Ward 7,2020-07-09
2020-07-07,38.853100,-76.967071,Ward 8,2020-07-09
2020-07-07,38.894487,-76.925608,Ward 7,2020-07-07
2020-07-07,38.894703,-77.044139,Ward 2,2020-07-08
2020-07-07,38.887829,-76.996374,Ward 6,2020-07-08
2020-07-07,38.902018,-76.983453,Ward 5,2020-07-07
2020-07-07,38.833229,-76.988640,Ward 8,2020-07-09
2020-07-07,38.880859,-76.985198,Ward 6,2020-07-08
2020-07-07,38.903729,-76.927354,Ward 7,2020-07-09
2020-07-07,38.904456,-76.991919,Ward 5,2020-07-08
2020-07-07,38.831830,-77.004206,Ward 8,2020-07-13
2020-07-07,38.902018,-76.983453,Ward 5,2020-07-07
2020-07-07,38.831237,-76.988807,Ward 8,2020-07-10
2020-07-07,38.881666,-76.988088,Ward 6,2020-07-08
2020-07-07,38.890436,-76.959403,Ward 7,2020-07-07
2020-07-07,38.882650,-76.945524,Ward 7,2020-07-08
2020-07-07,38.857006,-76.983834,Ward 8,2020-07-08
2020-07-07,38.894585,-76.954576,Ward 7,2020-07-09
2020-07-07,38.899085,-76.989954,Ward 6,2020-07-08
2020-07-07,38.904551,-77.044508,Ward 2,2020-07-09
2020-07-07,38.962274,-77.073698,Ward 3,2020-07-08
2020-07-07,38.863891,-76.947149,Ward 7,2020-07-08
2020-07-07,38.892499,-76.937559,Ward 7,2020-07-09
2020-07-07,38.912790,-76.973240,Ward 5,2020-07-08
2020-07-07,38.914642,-77.008105,Ward 5,2020-07-08
2020-07-07,38.870554,-76.956354,Ward 7,2020-07-08
2020-07-07,38.902108,-77.006380,Ward 6,2020-07-08
2020-07-07,38.912735,-76.984446,Ward 5,2020-07-08
2020-07-07,38.851311,-76.967946,Ward 8,2020-07-08
2020-07-07,38.909807,-76.941062,Ward 7,2020-07-09
2020-07-07,38.885760,-76.982454,Ward 6,2020-07-08
2020-07-07,38.947414,-77.082249,Ward 3,2020-07-08
2020-07-07,38.878593,-76.982884,Ward 6,2020-07-08
2020-07-07,38.927633,-76.984275,Ward 5,2020-07-08
2020-07-07,38.886977,-76.958983,Ward 7,2020-07-08
2020-07-07,38.861751,-76.953967,Ward 7,2020-07-08
2020-07-07,38.869016,-76.976364,Ward 8,2020-07-08
2020-07-07,38.922151,-77.002856,Ward 5,2020-07-08
2020-07-07,38.840894,-76.976502,Ward 8,2020-07-09
2020-07-07,38.920590,-76.981384,Ward 5,2020-07-08
2020-07-07,38.930735,-77.107502,Ward 3,2020-07-08
2020-07-07,38.842783,-76.981196,Ward 8,2020-07-09
2020-07-07,38.901983,-76.983972,Ward 5,2020-07-08
2020-07-07,38.938498,-76.986710,Ward 5,2020-07-08
2020-07-07,38.853566,-76.987646,Ward 8,2020-07-08
2020-07-08,38.963797,-77.076300,Ward 3,2020-07-08
2020-07-08,38.891368,-76.990550,Ward 6,2020-07-08
2020-07-08,38.905411,-76.986073,Ward 5,2020-07-08
2020-07-08,38.929309,-77.097059,Ward 3,2020-07-08
2020-07-08,38.919123,-77.022125,Ward 1,2020-07-08
2020-07-08,38.967852,-77.065479,Ward 4,2020-07-08
2020-07-08,38.831262,-77.000571,Ward 8,2020-07-10
2020-07-08,38.870258,-76.973810,Ward 8,2020-07-08
2020-07-08,38.864205,-76.947160,Ward 7,2020-07-08
2020-07-08,38.894703,-77.044139,Ward 2,2020-07-08
2020-07-08,38.912423,-77.015937,Ward 5,2020-07-08
2020-07-08,38.857924,-76.987599,Ward 8,2020-07-09
2020-07-08,38.865336,-76.948181,Ward 7,2020-07-09
2020-07-08,38.870517,-76.972936,Ward 8,2020-07-09
2020-07-08,38.848788,-77.005672,Ward 8,2020-07-10
2020-07-08,38.931754,-76.983317,Ward 5,2020-07-08
2020-07-08,38.879007,-76.929715,Ward 7,2020-07-08
2020-07-08,38.882274,-76.933624,Ward 7,2020-07-09
2020-07-08,38.892080,-77.023962,Ward 2,2020-07-10
2020-07-08,38.872137,-76.970645,Ward 7,2020-07-08
2020-07-08,38.881844,-76.942482,Ward 7,2020-07-09
2020-07-08,38.852605,-76.977769,Ward 8,2020-07-08
2020-07-08,38.905010,-76.999739,Ward 6,2020-07-08
2020-07-08,38.834257,-77.009968,Ward 8,2020-07-10
2020-07-08,38.912482,-77.082023,Ward 3,2020-07-08
2020-07-08,38.967377,-77.065315,Ward 4,2020-07-08
2020-07-08,38.843776,-76.979256,Ward 8,2020-07-09
2020-07-08,38.848302,-76.966573,Ward 8,2020-07-13
2020-07-08,38.888093,-77.000344,Ward 6,2020-07-08
2020-07-08,38.938187,-77.029995,Ward 4,2020-07-08
2020-07-08,38.895123,-76.974193,Ward 7,2020-07-14
2020-07-08,38.962269,-77.068715,Ward 3,2020-07-08
2020-07-08,38.824650,-76.999166,Ward 8,2020-07-09
2020-07-08,38.889241,-76.988949,Ward 6,2020-07-08
2020-07-08,38.919518,-77.002471,Ward 5,2020-07-08
2020-07-08,38.933641,-77.046649,Ward 1,2020-07-09
2020-07-08,38.912482,-77.082023,Ward 3,2020-07-08
2020-07-08,38.861362,-76.956008,Ward 7,2020-07-08
2020-07-08,38.843073,-76.981555,Ward 8,2020-07-09
2020-07-08,38.867281,-76.976120,Ward 8,2020-07-09
2020-07-08,38.916388,-77.074038,Ward 2,2020-07-09
2020-07-08,38.898566,-76.940203,Ward 7,2020-07-09
2020-07-08,38.899517,-76.939895,Ward 7,2020-07-09
2020-07-08,38.834624,-76.990745,Ward 8,2020-07-09
2020-07-08,38.895515,-76.995510,Ward 6,2020-07-08
2020-07-08,38.960331,-77.011358,Ward 4,2020-07-08
2020-07-08,38.951816,-76.998007,Ward 5,2020-07-08
2020-07-08,38.943166,-77.072412,Ward 3,2020-07-09
2020-07-08,38.868723,-76.965466,Ward 7,2020-07-09
2020-07-08,38.962346,-77.072694,Ward 3,2020-07-09
2020-07-08,38.934901,-76.992568,Ward 5,2020-07-08
2020-07-08,38.868361,-76.965236,Ward 7,2020-07-08
2020-07-08,38.900200,-77.012913,Ward 6,2020-07-09
2020-07-08,38.913870,-77.040426,Ward 2,2020-07-09
2020-07-08,38.866341,-76.953155,Ward 7,2020-07-09
2020-07-08,38.922997,-76.974880,Ward 5,2020-07-09
2020-07-08,38.900472,-76.947121,Ward 7,2020-07-09
2020-07-08,38.914106,-77.068163,Ward 2,2020-07-09
2020-07-08,38.964769,-77.020282,Ward 4,2020-07-09
2020-07-08,38.884982,-76.982466,Ward 6,2020-07-09
2020-07-08,38.873577,-76.977235,Ward 8,2020-07-09
2020-07-08,38.885189,-76.983292,Ward 6,2020-07-09
2020-07-08,38.929506,-77.058830,Ward 3,2020-07-09
2020-07-08,38.927529,-77.073190,Ward 3,2020-07-09
2020-07-08,38.891167,-76.959977,Ward 7,2020-07-09
2020-07-08,38.885761,-76.960037,Ward 7,2020-07-09
2020-07-08,38.860473,-76.971449,Ward 8,2020-07-09
2020-07-08,38.856432,-76.978770,Ward 8,2020-07-13
2020-07-08,38.924508,-76.973172,Ward 5,2020-07-09
2020-07-08,38.946476,-77.094111,Ward 3,2020-07-09
2020-07-08,38.863095,-76.962129,Ward 7,2020-07-09
2020-07-08,38.883319,-76.922123,Ward 7,2020-07-09
2020-07-08,38.876834,-76.961040,Ward 7,2020-07-09
2020-07-08,38.859414,-76.988352,Ward 8,2020-07-09
2020-07-08,38.864930,-76.979318,Ward 8,2020-07-09
2020-07-08,38.856407,-76.979909,Ward 8,2020-07-10
2020-07-08,38.926366,-77.071144,Ward 3,2020-07-09
2020-07-08,38.881453,-76.993975,Ward 6,2020-07-09
2020-07-08,38.870552,-76.978342,Ward 8,2020-07-09
2020-07-09,38.878159,-76.988084,Ward 6,2020-07-09
2020-07-09,38.939338,-77.075641,Ward 3,2020-07-09
2020-07-09,38.891121,-76.959686,Ward 7,2020-07-09
2020-07-09,38.880914,-76.963260,Ward 7,2020-07-29
2020-07-09,38.849500,-76.976361,Ward 8,2020-07-09
2020-07-09,38.849500,-76.976361,Ward 8,2020-07-09
2020-07-09,38.871594,-76.963674,Ward 7,2020-07-13
2020-07-09,38.925105,-76.966747,Ward 5,2020-07-09
2020-07-09,38.824743,-77.007604,Ward 8,2020-07-10
2020-07-09,38.849500,-76.976361,Ward 8,2020-07-09
2020-07-09,38.932775,-77.070453,Ward 3,2020-07-09
2020-07-09,38.934901,-76.992568,Ward 5,2020-07-09
2020-07-09,38.870742,-76.969490,Ward 7,2020-07-13
2020-07-09,38.868957,-76.964985,Ward 7,2020-07-09
2020-07-09,38.926325,-77.035484,Ward 1,2020-07-09
2020-07-09,38.907588,-77.031725,Ward 2,2020-07-09
2020-07-09,38.909374,-77.031680,Ward 2,2020-07-09
2020-07-09,38.864263,-76.985642,Ward 8,2020-07-09
2020-07-09,38.852988,-76.967013,Ward 8,2020-07-09
2020-07-09,38.901663,-76.926105,Ward 7,2020-07-09
2020-07-09,38.838871,-76.994831,Ward 8,2020-07-10
2020-07-09,38.885189,-76.983292,Ward 6,2020-07-09
2020-07-09,38.905576,-76.929460,Ward 7,2020-07-09
2020-07-09,38.959874,-77.025367,Ward 4,2020-07-09
2020-07-09,38.861222,-76.956588,Ward 7,2020-07-09
2020-07-09,38.876685,-76.937577,Ward 7,2020-07-09
2020-07-09,38.976081,-77.025823,Ward 4,2020-07-10
2020-07-09,38.900286,-76.919259,Ward 7,2020-07-10
2020-07-09,38.898926,-76.917474,Ward 7,2020-07-09
2020-07-09,38.981237,-77.026092,Ward 4,2020-07-10
2020-07-09,38.911121,-77.017875,Ward 6,2020-07-10
2020-07-09,38.960686,-77.003344,Ward 4,2020-07-10
2020-07-09,38.868860,-76.976158,Ward 8,2020-07-10
2020-07-09,38.986995,-77.030826,Ward 4,2020-07-10
2020-07-09,38.944576,-77.073998,Ward 3,2020-07-10
2020-07-09,38.926136,-77.051528,Ward 3,2020-07-10
2020-07-09,38.899523,-76.940002,Ward 7,2020-07-09
2020-07-09,38.976528,-77.020544,Ward 4,2020-07-10
2020-07-09,38.907399,-77.008917,Null,2020-07-10
2020-07-09,38.928393,-77.077907,Ward 3,2020-07-10
2020-07-09,38.931754,-76.983317,Ward 5,2020-07-10
2020-07-09,38.881420,-76.985274,Ward 6,2020-07-10
2020-07-09,38.926805,-77.076786,Ward 3,2020-07-10
2020-07-09,38.886773,-76.995236,Ward 6,2020-07-10
2020-07-09,38.972352,-77.024464,Ward 4,2020-07-10
2020-07-09,38.972913,-77.024727,Ward 4,2020-07-10
2020-07-09,38.844876,-76.995151,Ward 8,2020-07-10
2020-07-09,38.972557,-77.024692,Ward 4,2020-07-10
2020-07-10,38.957952,-77.074851,Ward 3,2020-07-10
2020-07-10,38.910415,-77.085014,Ward 3,2020-07-10
2020-07-10,38.879537,-76.993574,Ward 6,2020-07-10
2020-07-10,38.913620,-76.990280,Ward 5,2020-07-10
2020-07-10,38.943081,-76.985956,Ward 5,2020-07-10
2020-07-10,38.862703,-76.961242,Ward 7,2020-07-10
2020-07-10,38.935516,-77.072892,Ward 3,2020-07-10
2020-07-10,38.865548,-76.949782,Ward 7,2020-07-10
2020-07-10,38.877922,-76.939030,Ward 7,2020-07-10
2020-07-10,38.927878,-77.109090,Ward 3,2020-07-10
2020-07-10,38.895601,-76.980479,Ward 6,2020-07-10
2020-07-10,38.923520,-77.024565,Ward 1,2020-07-10
2020-07-10,38.926285,-77.036939,Ward 1,2020-07-10
2020-07-10,38.953155,-77.079735,Ward 3,2020-07-10
2020-07-10,38.962690,-77.071071,Ward 3,2020-07-10
2020-07-10,38.885899,-76.989448,Ward 6,2020-07-10
2020-07-10,38.927287,-77.067120,Ward 3,2020-07-13
2020-07-10,38.927731,-77.062608,Ward 3,2020-07-13
2020-07-10,38.863899,-76.983442,Ward 8,2020-07-10
2020-07-10,38.870574,-76.938429,Ward 7,2020-07-13
2020-07-10,38.966334,-77.032826,Ward 4,2020-07-10
2020-07-10,38.926410,-77.059192,Ward 3,2020-07-13
2020-07-10,38.896574,-76.987813,Ward 6,2020-07-13
2020-07-10,38.885397,-76.941344,Ward 7,2020-07-11
2020-07-10,38.926083,-77.054778,Ward 3,2020-07-13
2020-07-10,38.925787,-77.052370,Ward 3,2020-07-13
2020-07-10,38.923503,-77.045523,Ward 1,2020-07-13
2020-07-10,38.962862,-77.077883,Ward 3,2020-07-13
2020-07-10,38.845128,-76.971619,Ward 8,2020-07-13
2020-07-10,38.952309,-77.095419,Ward 3,2020-07-13
2020-07-10,38.908531,-77.056465,Ward 2,2020-07-14
2020-07-10,38.959223,-77.068038,Ward 3,2020-07-13
2020-07-10,38.871048,-76.972927,Ward 8,2020-07-13
2020-07-10,38.871976,-76.972953,Ward 8,2020-07-13
2020-07-11,38.892747,-76.909843,Ward 7,2020-07-15
2020-07-11,38.860690,-77.003446,Ward 8,2020-07-13
2020-07-11,38.923434,-77.035309,Ward 1,2020-07-13
2020-07-11,38.913272,-77.029279,Ward 2,2020-07-13
2020-07-11,38.885397,-76.941764,Ward 7,2020-07-13
2020-07-11,38.863939,-76.983522,Ward 8,2020-07-11
2020-07-11,38.882544,-76.993080,Ward 6,2020-07-13
2020-07-11,38.901294,-76.934734,Ward 7,2020-07-13
2020-07-11,38.934092,-77.107944,Ward 3,2020-07-13
2020-07-11,38.956456,-77.067913,Ward 3,2020-07-13
2020-07-11,38.944670,-77.082949,Ward 3,2020-07-13
2020-07-11,38.930859,-77.109082,Ward 3,2020-07-13
2020-07-11,38.932247,-77.033063,Ward 1,2020-07-13
2020-07-12,38.927528,-77.077046,Ward 3,2020-07-13
2020-07-12,38.928526,-77.034409,Ward 1,2020-07-13
2020-07-12,38.908991,-77.045148,Ward 2,2020-07-15
2020-07-12,38.887791,-76.992240,Ward 6,2020-07-13
2020-07-12,38.894779,-76.978995,Ward 6,2020-07-13
2020-07-12,38.890780,-76.992645,Ward 6,2020-07-13
2020-07-12,38.891872,-76.992860,Ward 6,2020-07-13
2020-07-12,38.939037,-76.973962,Ward 5,2020-07-13
2020-07-13,38.938920,-76.973964,Ward 5,2020-07-13
2020-07-13,38.939228,-76.973483,Ward 5,2020-07-13
2020-07-13,38.939037,-76.973962,Ward 5,2020-07-13
2020-07-13,38.922719,-77.044910,Ward 1,2020-07-13
2020-07-13,38.964208,-77.020322,Ward 4,2020-07-23
2020-07-13,38.870568,-76.973403,Ward 8,2020-07-13
2020-07-13,38.884294,-76.992177,Ward 6,2020-07-13
2020-07-13,38.935730,-76.973943,Ward 5,2020-07-13
2020-07-13,38.870568,-76.973403,Ward 8,2020-07-13
2020-07-13,38.902349,-76.934512,Ward 7,2020-07-14
2020-07-13,38.968557,-77.054860,Ward 4,2020-07-13
2020-07-13,38.904452,-76.944052,Ward 7,2020-07-13
2020-07-13,38.886749,-76.920199,Ward 7,2020-07-14
2020-07-13,38.876462,-77.019885,Ward 6,2020-07-13
2020-07-13,38.943101,-77.013364,Ward 4,2020-07-14
2020-07-13,38.840166,-76.995408,Ward 8,2020-07-16
2020-07-13,38.867219,-76.949193,Ward 7,2020-07-13
2020-07-13,38.866118,-76.987485,Ward 8,2020-07-13
2020-07-13,38.945061,-77.031700,Ward 4,2020-07-14
2020-07-13,38.971747,-77.058948,Ward 4,2020-07-14
2020-07-13,38.977129,-77.060815,Ward 4,2020-07-14
2020-07-13,38.838805,-76.993563,Ward 8,2020-07-15
2020-07-13,38.927322,-77.024531,Ward 1,2020-07-14
2020-07-13,38.907032,-77.068798,Ward 2,2020-07-14
2020-07-13,38.870976,-76.969326,Ward 7,2020-07-13
2020-07-13,38.950478,-77.058327,Ward 3,2020-07-14
2020-07-13,38.923291,-77.064126,Ward 3,2020-07-14
2020-07-13,38.876993,-76.958784,Ward 7,2020-07-14
2020-07-13,38.877679,-76.960470,Ward 7,2020-07-14
2020-07-14,38.953684,-77.080033,Ward 3,2020-07-14
2020-07-14,38.830388,-76.993417,Ward 8,2020-07-16
2020-07-14,38.924962,-76.972437,Ward 5,2020-07-14
2020-07-14,38.868206,-76.941380,Ward 7,2020-07-14
2020-07-14,38.906435,-76.978719,Ward 5,2020-07-14
2020-07-14,38.865829,-76.948883,Ward 7,2020-07-14
2020-07-14,38.891384,-76.931368,Ward 7,2020-07-14
2020-07-14,38.895774,-76.940897,Ward 7,2020-07-14
2020-07-14,38.910703,-77.029906,Ward 2,2020-08-13
2020-07-14,38.912607,-77.019900,Ward 6,2020-07-14
2020-07-14,38.943587,-77.090906,Ward 3,2020-07-14
2020-07-14,38.940220,-76.980399,Ward 5,2020-07-14
2020-07-14,38.833208,-77.005019,Ward 8,2020-07-15
2020-07-14,38.847675,-77.005288,Ward 8,2020-07-15
2020-07-14,38.931921,-76.978245,Ward 5,2020-07-14
2020-07-14,38.961834,-77.002364,Ward 4,2020-07-14
2020-07-14,38.932549,-77.097092,Ward 3,2020-07-15
2020-07-14,38.916168,-76.979889,Ward 5,2020-07-14
2020-07-14,38.926355,-77.106702,Ward 3,2020-07-15
2020-07-14,38.983968,-77.035230,Ward 4,2020-07-15
2020-07-14,38.983946,-77.035401,Ward 4,2020-07-15
2020-07-14,38.855347,-76.979492,Ward 8,2020-07-16
2020-07-14,38.864679,-76.957820,Ward 7,2020-07-15
2020-07-14,38.929735,-77.024844,Ward 1,2020-07-15
2020-07-14,38.857884,-76.959943,Ward 7,2020-07-16
2020-07-14,38.944879,-77.027332,Ward 4,2020-07-14
2020-07-14,38.854035,-76.982954,Ward 8,2020-07-15
2020-07-14,38.946455,-76.997634,Ward 5,2020-07-14
2020-07-14,38.845192,-76.971703,Ward 8,2020-07-15
2020-07-14,38.876434,-76.940723,Ward 7,2020-07-15
2020-07-14,38.835373,-76.988043,Ward 8,2020-07-14
2020-07-14,38.886936,-76.954396,Ward 7,2020-07-15
2020-07-14,38.875835,-76.934152,Ward 7,2020-07-20
2020-07-14,38.958546,-76.996121,Ward 4,2020-07-15
2020-07-14,38.879133,-76.942554,Ward 7,2020-07-15
2020-07-14,38.884093,-76.922838,Ward 7,2020-07-15
2020-07-14,38.834824,-77.004639,Ward 8,2020-07-15
2020-07-14,38.875485,-76.937882,Ward 7,2020-07-15
2020-07-15,38.975043,-77.022795,Ward 4,2020-07-15
2020-07-15,38.904996,-76.943162,Ward 7,2020-07-17
2020-07-15,38.840894,-76.976502,Ward 8,2020-07-17
2020-07-15,38.906661,-76.980921,Ward 5,2020-07-15
2020-07-15,38.926560,-76.981375,Ward 5,2020-07-15
2020-07-15,38.902954,-76.985705,Ward 5,2020-07-15
2020-07-15,38.855907,-76.961699,Ward 7,2020-07-17
2020-07-15,38.917313,-77.041889,Ward 1,2020-07-15
2020-07-15,38.927122,-77.024503,Ward 1,2020-07-15
2020-07-15,38.836756,-76.998931,Ward 8,2020-07-17
2020-07-15,38.973470,-77.015627,Ward 4,2020-07-16
2020-07-15,38.942645,-76.990499,Ward 5,2020-07-15
2020-07-15,38.917361,-77.041879,Ward 1,2020-07-16
2020-07-15,38.879525,-76.981345,Ward 6,2020-07-16
2020-07-15,38.873577,-76.977235,Ward 8,2020-07-17
2020-07-15,38.866898,-76.943550,Ward 7,2020-07-17
2020-07-15,38.956118,-76.998461,Ward 5,2020-07-16
2020-07-15,38.952929,-77.064039,Ward 3,2020-07-16
2020-07-15,38.947891,-77.057913,Ward 3,2020-07-16
2020-07-15,38.921714,-76.974225,Ward 5,2020-07-16
2020-07-15,38.919049,-77.048537,Ward 1,2020-07-16
2020-07-15,38.818890,-77.010162,Ward 8,2020-07-16
2020-07-16,38.894778,-76.976218,Ward 7,2020-07-16
2020-07-16,38.972080,-77.028649,Ward 4,2020-07-16
2020-07-16,38.948811,-77.034151,Ward 4,2020-07-16
2020-07-16,38.949599,-76.996186,Ward 5,2020-07-16
2020-07-16,38.959041,-77.024789,Ward 4,2020-07-16
2020-07-16,38.957882,-77.022130,Ward 4,2020-07-16
2020-07-16,38.830771,-76.995309,Ward 8,2020-07-16
2020-07-16,38.830771,-76.995309,Ward 8,2020-07-16
2020-07-16,38.871370,-76.971542,Ward 8,2020-07-17
2020-07-16,38.919936,-77.025805,Ward 1,2020-07-17
2020-07-16,38.869001,-76.975454,Ward 8,2020-07-17
2020-07-16,38.950826,-76.996242,Ward 5,2020-07-16
2020-07-16,38.900052,-76.918921,Ward 7,2020-07-16
2020-07-16,38.923400,-77.103271,Ward 3,2020-07-17
2020-07-16,38.916133,-77.071464,Ward 2,2020-07-16
2020-07-16,38.968842,-77.024024,Ward 4,2020-07-16
2020-07-16,38.898471,-77.019529,Ward 2,2020-07-17
2020-07-16,38.943547,-76.978318,Ward 5,2020-07-20
2020-07-16,38.922202,-76.976899,Ward 5,2020-07-17
2020-07-16,38.818890,-77.010162,Ward 8,2020-07-16
2020-07-16,38.941958,-76.992883,Ward 5,2020-07-17
2020-07-16,38.924333,-77.102570,Ward 3,2020-07-17
2020-07-16,38.923294,-77.070684,Ward 3,2020-07-17
2020-07-16,38.865068,-76.963377,Ward 7,2020-07-17
2020-07-16,38.868411,-76.983468,Ward 8,2020-07-17
2020-07-16,38.907032,-77.068798,Ward 2,2020-07-17
2020-07-16,38.865068,-76.963377,Ward 7,2020-07-17
2020-07-16,38.880837,-76.988084,Ward 6,2020-07-17
2020-07-16,38.954732,-77.025439,Ward 4,2020-07-17
2020-07-16,38.907761,-77.010435,Ward 5,2020-07-17
2020-07-16,38.889192,-76.996420,Ward 6,2020-07-17
2020-07-16,38.921473,-77.001020,Ward 5,2020-07-17
2020-07-16,38.962772,-77.031499,Ward 4,2020-07-17
2020-07-17,38.834234,-76.988689,Ward 8,2020-07-21
2020-07-17,38.944886,-77.044344,Ward 4,2020-07-17
2020-07-17,38.941641,-76.988555,Ward 5,2020-07-17
2020-07-17,38.927470,-77.039522,Ward 1,2020-07-17
2020-07-17,38.891603,-76.930942,Ward 7,2020-07-17
2020-07-17,38.861891,-76.964487,Ward 7,2020-07-17
2020-07-17,38.910198,-77.032843,Ward 2,2020-07-17
2020-07-17,38.887134,-76.932402,Ward 7,2020-07-20
2020-07-17,38.950613,-77.031407,Ward 4,2020-07-20
2020-07-17,38.934934,-76.973940,Ward 5,2020-07-20
2020-07-17,38.954848,-77.026883,Ward 4,2020-07-20
2020-07-17,38.903743,-77.046647,Ward 2,2020-07-20
2020-07-17,38.864870,-76.956796,Ward 7,2020-07-21
2020-07-17,38.904809,-77.043796,Ward 2,2020-07-20
2020-07-18,38.943241,-76.983380,Ward 5,2020-07-20
2020-07-18,38.915563,-77.007680,Ward 5,2020-07-21
2020-07-18,38.886315,-76.920277,Ward 7,2020-07-18
2020-07-18,38.961914,-77.070152,Ward 3,2020-07-20
2020-07-18,38.839454,-77.004142,Ward 8,2020-07-20
2020-07-18,38.886471,-77.000577,Ward 6,2020-07-20
2020-07-19,38.901859,-76.999236,Ward 6,2020-07-20
2020-07-19,38.973829,-77.023587,Ward 4,2020-07-20
2020-07-19,38.887589,-76.977256,Ward 7,2020-07-20
2020-07-19,38.867582,-76.983882,Ward 8,2020-07-20
2020-07-19,38.947105,-76.995905,Ward 5,2020-07-20
2020-07-20,38.901993,-76.986395,Ward 5,2020-07-20
2020-07-20,38.962504,-76.999953,Ward 4,2020-07-20
2020-07-20,38.871285,-76.958287,Ward 7,2020-07-21
2020-07-20,38.972570,-77.021123,Ward 4,2020-07-20
2020-07-20,38.908623,-77.061500,Ward 2,2020-07-20
2020-07-20,38.968473,-77.014831,Ward 4,2020-07-20
2020-07-20,38.911455,-77.065211,Ward 2,2020-07-20
2020-07-20,38.958994,-77.009343,Ward 4,2020-07-20
2020-07-20,38.956842,-77.087541,Ward 3,2020-07-20
2020-07-20,38.956834,-77.087486,Ward 3,2020-07-20
2020-07-20,38.970282,-77.024004,Ward 4,2020-07-21
2020-07-20,38.959872,-77.080086,Ward 3,2020-07-21
2020-07-20,38.830315,-77.012693,Ward 8,2020-07-28
2020-07-20,38.917869,-77.035370,Ward 1,2020-07-20
2020-07-20,38.940685,-77.022811,Ward 4,2020-07-21
2020-07-20,38.941273,-77.036055,Ward 4,2020-07-21
2020-07-20,38.951701,-77.015631,Ward 4,2020-07-21
2020-07-20,38.910727,-77.056929,Ward 2,2020-07-20
2020-07-20,38.921230,-77.032150,Ward 1,2020-07-20
2020-07-20,38.920887,-76.986806,Ward 5,2020-07-21
2020-07-20,38.928526,-77.034409,Ward 1,2020-07-21
2020-07-20,38.911455,-77.065211,Ward 2,2020-07-20
2020-07-20,38.943056,-76.986611,Ward 5,2020-07-21
2020-07-20,38.925779,-76.964779,Ward 5,2020-07-21
2020-07-20,38.990149,-77.039845,Ward 4,2020-07-21
2020-07-20,38.971108,-77.066003,Ward 4,2020-07-21
2020-07-20,38.919272,-77.081794,Ward 3,2020-07-21
2020-07-20,38.904658,-76.981713,Ward 5,2020-07-21
2020-07-20,38.856047,-76.967507,Ward 8,2020-07-21
2020-07-21,38.911128,-77.042051,Ward 2,2020-07-21
2020-07-21,38.915771,-77.038137,Ward 2,2020-07-21
2020-07-21,38.936368,-77.030025,Null,2020-07-21
2020-07-21,38.949086,-77.023691,Ward 4,2020-07-21
2020-07-21,38.950897,-77.023781,Ward 4,2020-07-21
2020-07-21,38.957448,-77.022366,Ward 4,2020-07-21
2020-07-21,38.958737,-77.018032,Ward 4,2020-07-21
2020-07-21,38.956917,-77.009047,Ward 4,2020-07-21
2020-07-21,38.843106,-76.988155,Ward 8,2020-07-22
2020-07-21,38.986858,-77.035210,Ward 4,2020-07-21
2020-07-21,38.987284,-77.034868,Ward 4,2020-07-21
2020-07-21,38.930206,-76.981179,Ward 5,2020-07-21
2020-07-21,38.887630,-76.936291,Ward 7,2020-07-21
2020-07-21,38.951265,-77.018661,Ward 4,2020-07-21
2020-07-21,38.946472,-76.991053,Ward 5,2020-07-21
2020-07-21,38.905886,-76.935471,Ward 7,2020-07-23
2020-07-21,38.855347,-76.979492,Ward 8,2020-07-21
2020-07-21,38.940591,-76.988146,Ward 5,2020-07-21
2020-07-21,38.924854,-77.060337,Ward 3,2020-07-21
2020-07-21,38.895003,-77.031353,Ward 2,2020-07-21
2020-07-21,38.946088,-77.077792,Ward 3,2020-07-21
2020-07-21,38.886186,-76.998268,Ward 6,2020-07-21
2020-07-21,38.883686,-76.927490,Ward 7,2020-07-21
2020-07-21,38.896626,-76.937524,Ward 7,2020-07-23
2020-07-21,38.897992,-76.995887,Ward 6,2020-07-21
2020-07-21,38.890699,-76.948620,Ward 7,2020-07-23
2020-07-21,38.930206,-77.057826,Ward 3,2020-07-22
2020-07-21,38.904780,-76.981601,Ward 5,2020-07-22
2020-07-21,38.883133,-76.928391,Ward 7,2020-07-22
2020-07-21,38.966918,-77.065686,Ward 4,2020-07-22
2020-07-21,38.921017,-77.045906,Ward 1,2020-07-22
2020-07-22,38.954916,-77.088239,Ward 3,2020-07-22
2020-07-22,38.912593,-77.008535,Ward 5,2020-07-22
2020-07-22,38.947303,-77.093214,Ward 3,2020-07-22
2020-07-22,38.947306,-77.093038,Ward 3,2020-07-22
2020-07-22,38.926608,-77.051228,Ward 3,2020-07-22
2020-07-22,38.926659,-77.051253,Ward 3,2020-07-22
2020-07-22,38.955765,-77.080487,Ward 3,2020-07-22
2020-07-22,38.915064,-77.013317,Ward 5,2020-07-22
2020-07-22,38.915064,-77.013317,Ward 5,2020-07-22
2020-07-22,38.844228,-76.989456,Ward 8,2020-07-23
2020-07-22,38.885913,-76.989373,Ward 6,2020-07-22
2020-07-22,38.830270,-76.997769,Ward 8,2020-07-23
2020-07-22,38.910545,-77.009964,Ward 5,2020-07-22
2020-07-22,38.908268,-77.011920,Ward 5,2020-07-22
2020-07-22,38.923644,-76.973048,Ward 5,2020-07-22
2020-07-22,38.953506,-77.071084,Ward 3,2020-07-23
2020-07-22,38.920605,-76.981433,Ward 5,2020-07-23
2020-07-22,38.929476,-77.107387,Ward 3,2020-07-22
2020-07-22,38.882653,-76.945787,Ward 7,2020-07-22
2020-07-22,38.941641,-76.988555,Ward 5,2020-07-23
2020-07-22,38.939853,-76.977531,Ward 5,2020-07-22
2020-07-22,38.952066,-77.028707,Ward 4,2020-07-23
2020-07-22,38.869283,-76.973305,Ward 8,2020-07-23
2020-07-22,38.885899,-76.989448,Ward 6,2020-07-23
2020-07-22,38.943294,-77.004999,Ward 5,2020-07-23
2020-07-22,38.944879,-77.027332,Ward 4,2020-07-23
2020-07-22,38.948001,-76.994708,Ward 5,2020-07-23
2020-07-22,38.905409,-76.932928,Ward 7,2020-07-23
2020-07-22,38.913347,-77.029622,Ward 2,2020-07-23
2020-07-22,38.922391,-77.077694,Ward 3,2020-07-22
2020-07-22,38.942461,-77.097871,Ward 3,2020-07-22
2020-07-22,38.962180,-77.000711,Ward 4,2020-07-22
2020-07-22,38.892205,-76.959102,Ward 7,2020-07-22
2020-07-22,38.930515,-77.038603,Ward 1,2020-07-23
2020-07-22,38.866218,-76.988001,Ward 8,2020-07-23
2020-07-22,38.967394,-77.072319,Ward 3,2020-07-22
2020-07-22,38.902907,-76.986200,Ward 5,2020-07-23
2020-07-22,38.944045,-76.984856,Ward 5,2020-07-23
2020-07-22,38.970659,-77.022669,Ward 4,2020-07-22
2020-07-22,38.927638,-77.029707,Ward 1,2020-07-23
2020-07-22,38.885852,-77.002596,Ward 6,2020-07-22
2020-07-22,38.921115,-77.007931,Ward 5,2020-07-23
2020-07-22,38.886037,-77.002041,Ward 6,2020-07-23
2020-07-22,38.937407,-77.030907,Ward 4,2020-07-22
2020-07-22,38.923467,-77.029416,Ward 1,2020-07-23
2020-07-22,38.885900,-76.943277,Ward 7,2020-07-22
2020-07-22,38.905433,-77.029135,Ward 2,2020-07-23
2020-07-22,38.922953,-77.029237,Ward 1,2020-07-23
2020-07-22,38.949844,-77.016289,Ward 4,2020-07-22
2020-07-22,38.885065,-77.005893,Ward 6,2020-07-23
2020-07-22,38.922788,-76.982032,Ward 5,2020-07-23
2020-07-22,38.903514,-77.029990,Ward 2,2020-07-23
2020-07-22,38.907764,-76.987610,Ward 5,2020-07-23
2020-07-22,38.923644,-76.973048,Ward 5,2020-07-23
2020-07-22,38.915710,-77.024230,Ward 1,2020-07-23
2020-07-22,38.921107,-77.007792,Ward 5,2020-07-23
2020-07-22,38.917609,-77.029358,Ward 1,2020-07-23
2020-07-22,38.891577,-76.995939,Ward 6,2020-07-22
2020-07-22,38.923075,-76.981712,Ward 5,2020-07-23
2020-07-22,38.884871,-77.005172,Ward 6,2020-07-22
2020-07-22,38.892461,-76.998218,Ward 6,2020-07-22
2020-07-22,38.904272,-76.999256,Ward 6,2020-07-23
2020-07-22,38.905648,-77.029620,Ward 2,2020-07-23
2020-07-22,38.949845,-77.016163,Ward 4,2020-07-22
2020-07-22,38.907087,-77.014150,Ward 6,2020-07-23
2020-07-22,38.962172,-76.998254,Ward 4,2020-07-22
2020-07-22,38.905462,-77.018618,Ward 6,2020-07-23
2020-07-22,38.885879,-77.001177,Ward 6,2020-07-22
2020-07-22,38.922182,-77.016560,Ward 1,2020-07-23
2020-07-22,38.926169,-77.034953,Ward 1,2020-07-23
2020-07-22,38.937835,-77.030818,Ward 4,2020-07-22
2020-07-22,38.906708,-77.034999,Ward 2,2020-07-22
2020-07-22,38.923347,-77.034414,Ward 1,2020-07-23
2020-07-22,38.874895,-77.010437,Ward 6,2020-07-22
2020-07-22,38.873400,-76.976056,Ward 8,2020-07-22
2020-07-22,38.910034,-77.036879,Ward 2,2020-07-23
2020-07-22,38.883018,-76.981594,Ward 6,2020-07-23
2020-07-22,38.958141,-77.034455,Ward 4,2020-07-22
2020-07-22,38.933660,-77.001656,Ward 5,2020-07-22
2020-07-22,38.907764,-76.987610,Ward 5,2020-07-23
2020-07-22,38.916816,-77.005901,Ward 5,2020-07-23
2020-07-22,38.912054,-77.011056,Ward 5,2020-07-23
2020-07-22,38.900200,-76.991526,Ward 6,2020-07-23
2020-07-22,38.944088,-76.988041,Ward 5,2020-07-23
2020-07-22,38.899280,-76.986286,Ward 6,2020-07-23
2020-07-22,38.902529,-77.053306,Ward 2,2020-07-23
2020-07-22,38.905648,-77.029620,Ward 2,2020-07-23
2020-07-22,38.882836,-76.982219,Ward 6,2020-07-23
2020-07-22,38.893015,-76.980357,Ward 6,2020-07-23
2020-07-22,38.864930,-76.979318,Ward 8,2020-07-22
2020-07-22,38.907065,-77.014100,Ward 6,2020-07-23
2020-07-22,38.921549,-77.010392,Ward 5,2020-07-23
2020-07-22,38.960650,-77.069232,Ward 3,2020-07-23
2020-07-22,38.932748,-77.026820,Ward 1,2020-07-23
2020-07-22,38.892651,-76.944593,Ward 7,2020-07-23
2020-07-22,38.942773,-76.985406,Ward 5,2020-07-23
2020-07-22,38.880780,-77.021901,Ward 6,2020-07-23
2020-07-22,38.905648,-77.029620,Ward 2,2020-07-23
2020-07-22,38.905886,-77.017266,Ward 6,2020-07-23
2020-07-22,38.864470,-76.982424,Ward 8,2020-07-23
2020-07-22,38.854979,-76.983546,Ward 8,2020-07-23
2020-07-22,38.889808,-77.000579,Ward 6,2020-07-23
2020-07-22,38.941866,-77.029704,Ward 4,2020-07-22
2020-07-22,38.899280,-76.986286,Ward 6,2020-07-23
2020-07-22,38.874778,-77.010437,Ward 6,2020-07-22
2020-07-22,38.955168,-77.089844,Ward 3,2020-07-22
2020-07-22,38.969162,-77.061922,Ward 4,2020-07-23
2020-07-22,38.943378,-77.084255,Ward 3,2020-07-22
2020-07-22,38.969970,-77.056449,Ward 4,2020-07-23
2020-07-22,38.906077,-76.984533,Ward 5,2020-07-23
2020-07-22,38.886099,-76.923295,Ward 7,2020-07-23
2020-07-22,38.918999,-77.011005,Ward 5,2020-07-23
2020-07-22,38.967612,-77.071895,Ward 3,2020-07-23
2020-07-22,38.893580,-77.001308,Ward 6,2020-07-23
2020-07-22,38.922538,-77.001460,Ward 5,2020-07-23
2020-07-22,38.898395,-76.985754,Ward 6,2020-07-23
2020-07-22,38.904245,-76.997543,Ward 6,2020-07-23
2020-07-22,38.917374,-77.013766,Ward 5,2020-07-23
2020-07-22,38.917374,-77.013766,Ward 5,2020-07-23
2020-07-22,38.917202,-77.040129,Ward 1,2020-07-23
2020-07-22,38.905823,-77.000104,Ward 6,2020-07-23
2020-07-23,38.918273,-77.029024,Ward 1,2020-07-23
2020-07-23,38.913195,-77.049680,Ward 2,2020-07-23
2020-07-23,38.925173,-77.033686,Ward 1,2020-07-23
2020-07-23,38.883417,-77.000345,Ward 6,2020-07-23
2020-07-23,38.850688,-76.966210,Ward 8,2020-07-23
2020-07-23,38.895460,-76.933270,Ward 7,2020-07-28
2020-07-23,38.943275,-77.032726,Ward 4,2020-07-23
2020-07-23,38.877533,-76.994970,Ward 6,2020-07-23
2020-07-23,38.908991,-77.066521,Ward 2,2020-07-23
2020-07-23,38.921738,-77.046569,Ward 1,2020-07-23
2020-07-23,38.891748,-76.993541,Ward 6,2020-07-23
2020-07-23,38.921552,-77.047346,Ward 1,2020-07-23
2020-07-23,38.879286,-77.017547,Ward 6,2020-07-23
2020-07-23,38.958734,-77.011610,Ward 4,2020-07-23
2020-07-23,38.957850,-77.011367,Ward 4,2020-07-23
2020-07-23,38.893045,-77.045810,Ward 2,2020-07-23
2020-07-23,38.926525,-77.000334,Ward 5,2020-07-23
2020-07-23,38.922555,-77.001396,Ward 5,2020-07-23
2020-07-23,38.856886,-76.956051,Ward 7,2020-07-23
2020-07-23,38.898907,-76.990243,Ward 6,2020-07-23
2020-07-23,38.922983,-77.095852,Ward 3,2020-07-23
2020-07-23,38.872821,-77.009733,Ward 6,2020-07-23
2020-07-23,38.902202,-76.983825,Ward 5,2020-07-23
2020-07-23,38.899113,-76.999294,Ward 6,2020-07-23
2020-07-23,38.892885,-76.999264,Ward 6,2020-07-23
2020-07-23,38.944433,-76.987138,Ward 5,2020-07-23
2020-07-23,38.957738,-77.057373,Ward 4,2020-07-23
2020-07-23,38.898907,-76.990243,Ward 6,2020-07-23
2020-07-23,38.911853,-77.007644,Ward 5,2020-07-23
2020-07-23,38.916173,-77.072297,Ward 2,2020-07-23
2020-07-23,38.905116,-76.986217,Ward 5,2020-07-23
2020-07-23,38.957738,-77.057373,Ward 4,2020-07-23
2020-07-23,38.913243,-77.049042,Ward 2,2020-07-23
2020-07-23,38.937241,-77.035724,Ward 1,2020-07-23
2020-07-23,38.906631,-77.067603,Ward 2,2020-07-23
2020-07-23,38.895227,-76.974624,Ward 7,2020-07-23
2020-07-23,38.944088,-76.988041,Ward 5,2020-07-23
2020-07-23,38.886309,-76.982423,Ward 6,2020-07-23
2020-07-23,38.896126,-77.029640,Ward 2,2020-07-23
2020-07-23,38.884681,-76.945595,Ward 7,2020-07-23
2020-07-23,38.967012,-77.026257,Ward 4,2020-07-23
2020-07-23,38.906007,-77.039161,Ward 2,2020-07-23
2020-07-23,38.924514,-77.009039,Ward 5,2020-07-23
2020-07-23,38.902949,-76.986170,Ward 5,2020-07-23
2020-07-23,38.946472,-76.991053,Ward 5,2020-07-23
2020-07-23,38.902831,-76.928054,Ward 7,2020-07-23
2020-07-23,38.916090,-77.006943,Ward 5,2020-07-23
2020-07-23,38.922225,-77.000913,Ward 5,2020-07-23
2020-07-23,38.962690,-77.071071,Ward 3,2020-07-23
2020-07-23,38.920846,-77.013254,Ward 5,2020-07-29
2020-07-23,38.979675,-77.059735,Ward 4,2020-07-23
2020-07-23,38.905930,-77.043197,Ward 2,2020-07-23
2020-07-23,38.941970,-76.991126,Ward 5,2020-07-24
2020-07-23,38.945356,-76.997490,Ward 5,2020-07-27
2020-07-23,38.903726,-77.000936,Ward 6,2020-07-23
2020-07-23,38.921056,-77.010469,Ward 5,2020-07-24
2020-07-23,38.883565,-76.922803,Ward 7,2020-07-23
2020-07-23,38.902874,-77.048446,Ward 2,2020-07-23
2020-07-23,38.944093,-77.092379,Ward 3,2020-07-23
2020-07-23,38.986536,-77.034162,Ward 4,2020-07-23
2020-07-23,38.941618,-76.991127,Ward 5,2020-07-24
2020-07-23,38.892148,-76.937550,Ward 7,2020-07-24
2020-07-23,38.918363,-77.034861,Ward 1,2020-07-23
2020-07-23,38.876610,-76.964889,Ward 7,2020-07-28
2020-07-23,38.898668,-76.988546,Ward 6,2020-07-23
2020-07-23,38.898762,-76.988603,Ward 6,2020-07-23
2020-07-23,38.898282,-76.995887,Ward 6,2020-07-23
2020-07-23,38.925275,-76.981861,Ward 5,2020-07-27
2020-07-23,38.941641,-76.988555,Ward 5,2020-07-23
2020-07-23,38.921916,-77.002295,Ward 5,2020-07-23
2020-07-23,38.955449,-77.024994,Ward 4,2020-07-24
2020-07-23,38.907027,-77.025284,Ward 2,2020-07-23
2020-07-23,38.935271,-77.042243,Ward 1,2020-07-23
2020-07-23,38.933477,-76.987488,Ward 5,2020-07-23
2020-07-23,38.902023,-76.926806,Ward 7,2020-07-24
2020-07-23,38.923611,-76.973947,Ward 5,2020-07-23
2020-07-23,38.955752,-76.997010,Ward 5,2020-07-23
2020-07-23,38.900414,-77.042029,Ward 2,2020-07-23
2020-07-23,38.890978,-76.926661,Ward 7,2020-07-23
2020-07-23,38.890978,-76.926661,Ward 7,2020-07-23
2020-07-23,38.892468,-77.000785,Ward 6,2020-07-23
2020-07-23,38.950878,-77.095215,Ward 3,2020-07-24
2020-07-23,38.927567,-76.995928,Ward 5,2020-07-23
2020-07-23,38.927537,-76.988010,Ward 5,2020-07-23
2020-07-23,38.946736,-77.065006,Ward 3,2020-07-24
2020-07-23,38.924350,-77.088403,Ward 3,2020-07-24
2020-07-23,38.947464,-76.993501,Ward 5,2020-07-23
2020-07-23,38.948753,-77.072478,Ward 3,2020-07-24
2020-07-23,38.893743,-76.995490,Ward 6,2020-07-23
2020-07-23,38.913268,-77.052769,Ward 2,2020-07-23
2020-07-23,38.879102,-76.929700,Ward 7,2020-07-28
2020-07-23,38.964194,-77.034526,Ward 4,2020-07-24
2020-07-23,38.892148,-76.937550,Ward 7,2020-07-23
2020-07-23,38.948434,-76.990816,Ward 5,2020-07-24
2020-07-23,38.922907,-77.076825,Ward 3,2020-07-24
2020-07-23,38.893038,-77.020904,Ward 2,2020-07-23
2020-07-23,38.977853,-77.063883,Ward 4,2020-07-23
2020-07-23,38.923434,-77.035309,Ward 1,2020-07-24
2020-07-23,38.903138,-76.983203,Ward 5,2020-07-24
2020-07-23,38.955674,-77.016692,Ward 4,2020-07-24
2020-07-23,38.983414,-77.035231,Ward 4,2020-07-24
2020-07-23,38.946620,-76.989997,Ward 5,2020-07-23
2020-07-23,38.896610,-76.939827,Ward 7,2020-07-24
2020-07-23,38.846260,-77.002786,Ward 8,2020-07-24
2020-07-23,38.846260,-77.002786,Ward 8,2020-07-24
2020-07-23,38.909320,-77.079932,Ward 3,2020-07-24
2020-07-23,38.944609,-77.074345,Ward 3,2020-07-24
2020-07-23,38.834259,-76.997347,Ward 8,2020-07-24
2020-07-23,38.890978,-76.926741,Ward 7,2020-07-24
2020-07-23,38.950500,-76.997135,Ward 5,2020-07-24
2020-07-23,38.921543,-77.010263,Ward 5,2020-07-24
2020-07-23,38.934858,-76.969550,Ward 5,2020-07-24
2020-07-23,38.891838,-76.984088,Ward 6,2020-07-24
2020-07-24,38.829144,-77.009362,Ward 8,2020-07-24
2020-07-24,38.933338,-77.031577,Ward 1,2020-07-24
2020-07-24,38.892156,-76.991848,Ward 6,2020-07-24
2020-07-24,38.864871,-76.964368,Ward 7,2020-07-24
2020-07-24,38.846598,-76.978384,Ward 8,2020-07-24
2020-07-24,38.902011,-76.991310,Ward 6,2020-07-24
2020-07-24,38.864421,-76.947024,Ward 7,2020-07-24
2020-07-24,38.904427,-77.025398,Ward 2,2020-07-24
2020-07-24,38.931313,-77.045153,Ward 1,2020-07-24
2020-07-24,38.905334,-77.038763,Ward 2,2020-07-24
2020-07-24,38.900343,-76.974908,Ward 5,2020-07-24
2020-07-24,38.870965,-76.942563,Ward 7,2020-07-28
2020-07-24,38.934287,-76.977439,Ward 5,2020-07-24
2020-07-24,38.943163,-77.088634,Ward 3,2020-07-24
2020-07-24,38.925589,-77.034329,Ward 1,2020-07-24
2020-07-24,38.940195,-76.974391,Ward 5,2020-07-24
2020-07-24,38.893737,-76.994173,Ward 6,2020-07-24
2020-07-24,38.986717,-77.032085,Ward 4,2020-07-24
2020-07-24,38.943991,-76.988035,Ward 5,2020-07-24
2020-07-24,38.919339,-76.983356,Ward 5,2020-07-24
2020-07-24,38.953669,-77.022430,Ward 4,2020-07-24
2020-07-24,38.908174,-77.030156,Ward 2,2020-07-24
2020-07-24,38.932736,-77.108349,Ward 3,2020-07-24
2020-07-24,38.924321,-77.008420,Ward 5,2020-07-24
2020-07-24,38.900392,-76.974908,Ward 5,2020-07-24
2020-07-24,38.924321,-77.008420,Ward 5,2020-07-24
2020-07-24,38.934556,-76.973921,Ward 5,2020-07-24
2020-07-24,38.921552,-77.047346,Ward 1,2020-07-24
2020-07-24,38.914092,-77.050616,Ward 2,2020-07-24
2020-07-24,38.912424,-77.065276,Ward 2,2020-07-24
2020-07-24,38.870078,-76.977039,Ward 8,2020-07-24
2020-07-24,38.946382,-76.982399,Ward 5,2020-07-24
2020-07-24,38.933696,-77.059339,Ward 3,2020-07-24
2020-07-24,38.916849,-77.006767,Ward 5,2020-07-24
2020-07-24,38.921715,-77.047892,Ward 1,2020-07-24
2020-07-24,38.902514,-77.013722,Ward 6,2020-07-24
2020-07-24,38.893315,-76.936680,Ward 7,2020-07-24
2020-07-24,38.873005,-76.961155,Ward 7,2020-07-24
2020-07-24,38.872039,-76.956879,Ward 7,2020-07-25
2020-07-24,38.916408,-77.006328,Ward 5,2020-07-24
2020-07-24,38.934556,-76.973921,Ward 5,2020-07-24
2020-07-24,38.905853,-77.028818,Ward 2,2020-07-24
2020-07-24,38.939170,-76.986863,Ward 5,2020-07-27
2020-07-24,38.910621,-77.049582,Ward 2,2020-07-24
2020-07-24,38.925589,-77.034329,Ward 1,2020-07-24
2020-07-24,38.889014,-76.990012,Ward 6,2020-07-24
2020-07-24,38.831424,-77.006094,Ward 8,2020-07-27
2020-07-24,38.956366,-77.083862,Ward 3,2020-07-24
2020-07-24,38.904335,-76.986094,Ward 5,2020-07-24
2020-07-24,38.916421,-77.035377,Ward 2,2020-07-24
2020-07-24,38.958921,-77.017352,Ward 4,2020-07-24
2020-07-24,38.877683,-76.986037,Ward 6,2020-07-24
2020-07-24,38.940903,-76.994685,Ward 5,2020-07-27
2020-07-24,38.926380,-76.988484,Ward 5,2020-07-24
2020-07-24,38.898326,-76.970777,Ward 5,2020-07-27
2020-07-24,38.921516,-77.038292,Ward 1,2020-07-24
2020-07-24,38.899388,-76.992414,Ward 6,2020-07-24
2020-07-24,38.929509,-77.039980,Ward 1,2020-07-24
2020-07-24,38.929498,-77.040951,Ward 1,2020-07-24
2020-07-24,38.964617,-77.063477,Ward 4,2020-07-24
2020-07-24,38.922134,-76.994286,Ward 5,2020-07-25
2020-07-24,38.957219,-77.085214,Ward 3,2020-07-27
2020-07-24,38.981001,-77.028138,Ward 4,2020-07-27
2020-07-24,38.957059,-77.008605,Ward 4,2020-07-27
2020-07-24,38.872519,-76.957302,Ward 7,2020-07-25
2020-07-24,38.905853,-77.028818,Ward 2,2020-07-24
2020-07-24,38.893737,-76.994173,Ward 6,2020-07-24
2020-07-24,38.885876,-76.992034,Ward 6,2020-07-24
2020-07-24,38.906476,-76.985413,Ward 5,2020-07-27
2020-07-24,38.913339,-77.089637,Ward 3,2020-07-24
2020-07-24,38.913339,-77.089637,Ward 3,2020-07-24
2020-07-24,38.886368,-76.985716,Ward 6,2020-07-24
2020-07-24,38.953684,-77.080033,Ward 3,2020-07-27
2020-07-24,38.879438,-76.940160,Ward 7,2020-07-28
2020-07-24,38.896750,-76.980106,Ward 6,2020-07-27
2020-07-24,38.868811,-76.963537,Ward 7,2020-07-25
2020-07-24,38.872263,-76.957230,Ward 7,2020-07-25
2020-07-24,38.968820,-77.014991,Ward 4,2020-07-28
2020-07-24,38.905156,-77.038098,Ward 2,2020-07-27
2020-07-24,38.868811,-76.963537,Ward 7,2020-07-25
2020-07-24,38.921539,-77.076735,Ward 3,2020-07-25
2020-07-24,38.929509,-77.039980,Ward 1,2020-07-25
2020-07-24,38.879349,-76.961186,Ward 7,2020-07-25
2020-07-24,38.897730,-76.990029,Ward 6,2020-07-27
2020-07-24,38.896254,-76.996362,Ward 6,2020-07-27
2020-07-24,38.890717,-76.986686,Ward 6,2020-07-27
2020-07-24,38.890717,-76.986686,Ward 6,2020-07-27
2020-07-24,38.892194,-76.989431,Ward 6,2020-07-27
2020-07-25,38.897730,-76.990029,Ward 6,2020-07-27
2020-07-25,38.951237,-76.998219,Ward 5,2020-07-27
2020-07-25,38.934826,-76.980671,Ward 5,2020-07-27
2020-07-25,38.920663,-77.029852,Ward 1,2020-07-27
2020-07-25,38.946274,-77.068746,Ward 3,2020-07-27
2020-07-25,38.915980,-77.020708,Ward 1,2020-07-27
2020-07-25,38.944616,-77.092399,Ward 3,2020-07-27
2020-07-25,38.908963,-77.016480,Ward 6,2020-07-27
2020-07-25,38.924514,-77.009039,Ward 5,2020-07-27
2020-07-25,38.915470,-77.049931,Ward 2,2020-07-27
2020-07-25,38.929285,-77.021756,Ward 1,2020-07-27
2020-07-25,38.946455,-77.068466,Ward 3,2020-07-27
2020-07-25,38.909832,-77.026551,Ward 6,2020-07-27
2020-07-25,38.961920,-77.014689,Ward 4,2020-07-27
2020-07-25,38.957838,-76.997914,Ward 4,2020-07-27
2020-07-25,38.897131,-76.988125,Ward 6,2020-07-27
2020-07-25,38.943405,-76.985384,Ward 5,2020-07-27
2020-07-25,38.924321,-77.008420,Ward 5,2020-07-27
2020-07-25,38.888875,-76.986184,Ward 6,2020-07-27
2020-07-25,38.932264,-77.043533,Ward 1,2020-07-26
2020-07-25,38.893740,-76.937274,Ward 7,2020-07-28
2020-07-25,38.932784,-77.043670,Ward 1,2020-07-26
2020-07-25,38.964498,-77.057176,Ward 4,2020-07-27
2020-07-25,38.911321,-77.039475,Ward 2,2020-07-27
2020-07-25,38.932264,-77.043533,Ward 1,2020-07-26
2020-07-25,38.932784,-77.043670,Ward 1,2020-07-26
2020-07-26,38.969292,-77.010457,Ward 4,2020-07-27
2020-07-26,38.904505,-76.976758,Ward 5,2020-07-27
2020-07-26,38.940254,-77.101509,Ward 3,2020-07-27
2020-07-26,38.868268,-76.944873,Ward 7,2020-07-28
2020-07-26,38.897181,-76.973608,Ward 7,2020-07-28
2020-07-26,38.872493,-76.955338,Ward 7,2020-07-26
2020-07-26,38.944609,-77.074345,Ward 3,2020-07-27
2020-07-26,38.890087,-76.996356,Ward 6,2020-07-27
2020-07-26,38.943727,-76.978062,Ward 5,2020-07-27
2020-07-26,38.891254,-76.933681,Ward 7,2020-07-28
2020-07-27,38.924891,-77.068646,Ward 3,2020-07-27
2020-07-27,38.949867,-77.072440,Ward 3,2020-07-27
2020-07-27,38.879127,-76.942611,Ward 7,2020-07-28
2020-07-27,38.947681,-77.089062,Ward 3,2020-07-27
2020-07-27,38.897131,-76.988125,Ward 6,2020-07-27
2020-07-27,38.944082,-77.096440,Ward 3,2020-07-27
2020-07-27,38.898557,-77.001777,Ward 6,2020-07-27
2020-07-27,38.962012,-77.065620,Ward 4,2020-07-27
2020-07-27,38.863397,-76.960731,Ward 7,2020-07-30
2020-07-27,38.884546,-76.996765,Ward 6,2020-07-27
2020-07-27,38.941964,-76.990418,Ward 5,2020-07-27
2020-07-27,38.878744,-77.000272,Ward 6,2020-07-27
2020-07-27,38.936575,-77.036101,Ward 1,2020-07-27
2020-07-27,38.950055,-77.022521,Ward 4,2020-07-27
2020-07-27,38.911348,-77.007963,Ward 5,2020-07-27
2020-07-27,38.884662,-76.997012,Ward 6,2020-07-27
2020-07-27,38.917201,-77.043129,Ward 1,2020-07-27
2020-07-27,38.908872,-77.035663,Ward 2,2020-07-27
2020-07-27,38.834557,-76.989459,Ward 8,2020-07-28
2020-07-27,38.895049,-76.998217,Ward 6,2020-07-27
2020-07-27,38.842033,-76.998659,Ward 8,2020-07-29
2020-07-27,38.904335,-76.986094,Ward 5,2020-07-27
2020-07-27,38.959876,-77.001811,Ward 4,2020-07-27
2020-07-27,38.866777,-76.976613,Ward 8,2020-07-30
2020-07-27,38.864854,-76.960262,Ward 7,2020-07-30
2020-07-27,38.938409,-77.093492,Ward 3,2020-07-28
2020-07-27,38.937742,-77.072421,Ward 3,2020-07-28
2020-07-27,38.905245,-76.937950,Ward 7,2020-07-28
2020-07-27,38.906193,-76.988004,Ward 5,2020-07-27
2020-07-27,38.910919,-77.028517,Ward 2,2020-07-31
2020-07-27,38.932606,-76.985967,Ward 5,2020-07-27
2020-07-27,38.863105,-76.964537,Ward 7,2020-07-30
2020-07-27,38.923575,-77.069493,Ward 3,2020-07-28
2020-07-27,38.886606,-76.983874,Ward 6,2020-07-28
2020-07-27,38.976093,-77.064899,Ward 4,2020-07-28
2020-07-27,38.939805,-76.987403,Ward 5,2020-07-30
2020-07-27,38.890727,-76.986745,Ward 6,2020-07-27
2020-07-27,38.914560,-77.029894,Ward 1,2020-07-28
2020-07-27,38.896923,-76.915790,Ward 7,2020-07-28
2020-07-27,38.925574,-76.975198,Ward 5,2020-07-27
2020-07-27,38.901909,-76.999262,Ward 6,2020-07-28
2020-07-27,38.892010,-77.003515,Ward 6,2020-07-28
2020-07-27,38.856797,-76.997144,Ward 8,2020-07-28
2020-07-27,38.953262,-77.025887,Ward 4,2020-08-04
2020-07-27,38.897547,-76.995159,Ward 6,2020-07-28
2020-07-27,38.906087,-77.057043,Ward 2,2020-07-29
2020-07-27,38.890859,-76.959988,Ward 7,2020-07-28
2020-07-27,38.943081,-76.985956,Ward 5,2020-07-28
2020-07-28,38.885134,-76.997315,Ward 6,2020-07-28
2020-07-28,38.902458,-76.934525,Ward 7,2020-07-28
2020-07-28,38.881072,-76.993198,Ward 6,2020-07-28
2020-07-28,38.851458,-76.965951,Ward 8,2020-07-30
2020-07-28,38.828991,-76.994684,Ward 8,2020-07-29
2020-07-28,38.864824,-76.980498,Ward 8,2020-07-30
2020-07-28,38.826391,-76.997879,Ward 8,2020-07-29
2020-07-28,38.967153,-77.059949,Ward 4,2020-07-28
2020-07-28,38.839520,-77.006024,Ward 8,2020-07-28
2020-07-28,38.896923,-76.915790,Ward 7,2020-07-28
2020-07-28,38.918987,-77.009630,Ward 5,2020-07-29
2020-07-28,38.850077,-76.967427,Ward 8,2020-07-28
2020-07-28,38.867302,-76.975150,Ward 8,2020-07-30
2020-07-28,38.931610,-76.981317,Ward 5,2020-07-28
2020-07-28,38.963985,-77.057616,Ward 4,2020-07-29
2020-07-28,38.925114,-77.000304,Ward 5,2020-07-29
2020-07-28,38.938980,-76.976501,Ward 5,2020-07-28
2020-07-28,38.930652,-76.992990,Ward 5,2020-07-28
2020-07-28,38.912419,-77.011748,Ward 5,2020-07-29
2020-07-28,38.915749,-77.037384,Ward 2,2020-07-29
2020-07-28,38.953128,-77.085669,Ward 3,2020-07-29
2020-07-28,38.943236,-76.981411,Ward 5,2020-07-28
2020-07-28,38.917021,-77.046066,Ward 1,2020-07-29
2020-07-28,38.893653,-76.922242,Ward 7,2020-07-28
2020-07-28,38.914560,-77.029894,Ward 1,2020-07-29
2020-07-28,38.919934,-77.025635,Ward 1,2020-07-29
2020-07-28,38.891610,-76.984259,Ward 6,2020-07-29
2020-07-29,38.897143,-76.920519,Ward 7,2020-07-29
2020-07-29,38.926585,-77.040687,Ward 1,2020-07-29
2020-07-29,38.929213,-77.062071,Ward 3,2020-07-29
2020-07-29,38.951739,-77.023587,Ward 4,2020-07-30
2020-07-29,38.892081,-76.949718,Ward 7,2020-07-31
2020-07-29,38.832828,-76.992160,Ward 8,2020-08-03
2020-07-29,38.966823,-77.058984,Ward 4,2020-07-29
2020-07-29,38.926309,-76.991926,Ward 5,2020-07-30
2020-07-29,38.864421,-76.947024,Ward 7,2020-07-29
2020-07-29,38.949851,-76.984303,Ward 5,2020-07-29
2020-07-29,38.917198,-77.010668,Ward 5,2020-07-31
2020-07-29,38.834077,-77.004730,Ward 8,2020-07-29
2020-07-29,38.908325,-76.941734,Ward 7,2020-07-31
2020-07-29,38.886717,-76.999198,Ward 6,2020-07-30
2020-07-29,38.891284,-76.958855,Ward 7,2020-07-31
2020-07-29,38.929279,-76.974695,Ward 5,2020-07-29
2020-07-29,38.882166,-77.003960,Ward 6,2020-07-30
2020-07-29,38.944879,-77.027332,Ward 4,2020-07-30
2020-07-29,38.892066,-76.934202,Ward 7,2020-07-31
2020-07-29,38.861222,-76.956588,Ward 7,2020-07-30
2020-07-29,38.888867,-76.984280,Ward 6,2020-07-30
2020-07-29,38.882837,-76.978130,Ward 6,2020-07-30
2020-07-29,38.929503,-77.037954,Ward 1,2020-07-30
2020-07-29,38.924226,-77.040338,Ward 1,2020-07-31
2020-07-29,38.922992,-77.044149,Ward 1,2020-07-30
2020-07-29,38.922946,-77.045715,Ward 1,2020-07-30
2020-07-29,38.925787,-77.052370,Ward 3,2020-07-30
2020-07-29,38.927134,-77.053968,Ward 3,2020-07-30
2020-07-29,38.879293,-76.962069,Ward 7,2020-08-04
2020-07-29,38.920308,-77.080481,Ward 3,2020-07-30
2020-07-29,38.898908,-76.996168,Ward 6,2020-07-30
2020-07-30,38.870078,-76.977039,Ward 8,2020-07-30
2020-07-30,38.927490,-77.057641,Ward 3,2020-07-30
2020-07-30,38.927006,-77.056698,Ward 3,2020-07-30
2020-07-30,38.896002,-76.917072,Ward 7,2020-07-31
2020-07-30,38.888356,-76.935650,Ward 7,2020-07-31
2020-07-30,38.888356,-76.935650,Ward 7,2020-07-31
2020-07-30,38.949000,-77.056025,Ward 3,2020-07-30
2020-07-30,38.902804,-77.038784,Ward 2,2020-07-30
2020-07-30,38.884681,-76.945595,Ward 7,2020-08-04
2020-07-30,38.876490,-76.964237,Ward 7,2020-07-30
2020-07-30,38.894967,-76.925416,Ward 7,2020-07-31
2020-07-30,38.926585,-77.040687,Ward 1,2020-07-31
2020-07-30,38.948591,-76.981432,Ward 5,2020-07-31
2020-07-30,38.863095,-76.962129,Ward 7,2020-07-31
2020-07-30,38.960160,-77.011613,Ward 4,2020-07-31
2020-07-31,38.887594,-76.994962,Ward 6,2020-07-31
2020-07-31,38.896119,-77.003510,Ward 6,2020-07-31
2020-07-31,38.956061,-77.026467,Ward 4,2020-07-31
2020-07-31,38.939680,-77.019676,Ward 4,2020-07-31
2020-07-31,38.866218,-76.988001,Ward 8,2020-07-31
2020-07-31,38.956965,-77.015015,Ward 4,2020-07-31
2020-07-31,38.893170,-76.938425,Ward 7,2020-07-31
2020-07-31,38.960978,-76.996744,Ward 4,2020-07-31
2020-07-31,38.918390,-77.003278,Ward 5,2020-08-04
2020-07-31,38.932596,-77.085614,Ward 3,2020-07-31
2020-07-31,38.901492,-76.992089,Ward 6,2020-07-31
2020-07-31,38.876971,-76.994760,Ward 6,2020-07-31
2020-07-31,38.966599,-77.010198,Ward 4,2020-07-31
2020-07-31,38.947808,-76.998245,Ward 5,2020-07-31
2020-07-31,38.937949,-77.020245,Ward 4,2020-07-31
2020-07-31,38.884102,-76.985520,Ward 6,2020-07-31
2020-07-31,38.979218,-77.030189,Ward 4,2020-07-31
2020-07-31,38.983854,-77.028028,Ward 4,2020-07-31
2020-07-31,38.925242,-77.032652,Ward 1,2020-08-03
2020-07-31,38.825447,-77.011778,Ward 8,2020-08-03
2020-07-31,38.917740,-77.047235,Null,2020-08-03
2020-07-31,38.994575,-77.040620,Ward 4,2020-08-03
2020-07-31,38.863826,-76.960249,Ward 7,2020-07-31
2020-07-31,38.902810,-77.044084,Ward 2,2020-08-04
2020-07-31,38.951314,-76.992822,Ward 5,2020-07-31
2020-07-31,38.898908,-76.996168,Ward 6,2020-08-03
2020-07-31,38.922548,-77.073946,Ward 3,2020-08-04
2020-07-31,38.966335,-77.031207,Ward 4,2020-08-03
2020-07-31,38.931280,-76.992724,Ward 5,2020-08-03
2020-08-01,38.935083,-77.023546,Ward 1,2020-08-01
2020-08-01,38.933803,-77.040130,Ward 1,2020-08-01
2020-08-01,38.933803,-77.040130,Ward 1,2020-08-01
2020-08-01,38.839232,-77.004758,Ward 8,2020-08-01
2020-08-01,38.894941,-76.999070,Ward 6,2020-08-03
2020-08-01,38.942867,-76.981096,Ward 5,2020-08-03
2020-08-01,38.927320,-77.101452,Ward 3,2020-08-04
2020-08-01,38.958513,-77.081743,Ward 3,2020-08-03
2020-08-01,38.924756,-77.032242,Ward 1,2020-08-03
2020-08-01,38.901213,-76.928349,Ward 7,2020-08-03
2020-08-01,38.866176,-76.987767,Ward 8,2020-08-03
2020-08-01,38.830756,-76.999704,Ward 8,2020-08-02
2020-08-01,38.939406,-76.978529,Ward 5,2020-08-03
2020-08-01,38.957597,-77.024283,Ward 4,2020-08-03
2020-08-01,38.928080,-77.038323,Ward 1,2020-08-03
2020-08-01,38.948624,-77.071221,Ward 3,2020-08-03
2020-08-01,38.892882,-76.986314,Ward 6,2020-08-03
2020-08-02,38.904118,-76.988501,Ward 5,2020-08-03
2020-08-02,38.879537,-76.993574,Ward 6,2020-08-03
2020-08-02,38.904900,-76.985698,Ward 5,2020-08-03
2020-08-02,38.900480,-76.931402,Ward 7,2020-08-03
2020-08-02,38.918874,-77.001813,Ward 5,2020-08-03
2020-08-02,38.904856,-76.944657,Ward 7,2020-08-03
2020-08-02,38.911245,-76.937642,Ward 7,2020-08-03
2020-08-02,38.892458,-76.984368,Ward 6,2020-08-03
2020-08-02,38.927177,-77.107153,Ward 3,2020-08-03
2020-08-02,38.946194,-77.017986,Ward 4,2020-08-03
2020-08-02,38.918250,-77.038921,Ward 1,2020-08-03
2020-08-02,38.959041,-77.024789,Ward 4,2020-08-03
2020-08-02,38.912814,-77.041106,Ward 2,2020-08-03
2020-08-03,38.952313,-77.069359,Ward 3,2020-08-03
2020-08-03,38.914631,-77.010342,Ward 5,2020-08-03
2020-08-03,38.925402,-77.087091,Ward 3,2020-08-03
2020-08-03,38.888827,-76.998194,Ward 6,2020-08-03
2020-08-03,38.915422,-77.029965,Ward 1,2020-08-03
2020-08-03,38.881036,-77.015682,Ward 6,2020-08-03
2020-08-03,38.952352,-77.080071,Ward 3,2020-08-03
2020-08-03,38.943585,-76.982524,Ward 5,2020-08-03
2020-08-03,38.950803,-77.028034,Ward 4,2020-08-03
2020-08-03,38.965068,-77.028358,Ward 4,2020-08-03
2020-08-03,38.967124,-77.023434,Ward 4,2020-08-04
2020-08-03,38.938110,-76.989629,Ward 5,2020-08-03
2020-08-03,38.899082,-76.999059,Ward 6,2020-08-03
2020-08-03,38.944609,-77.017822,Ward 4,2020-08-03
2020-08-03,38.847154,-76.998523,Ward 8,2020-08-03
2020-08-03,38.893739,-76.986045,Ward 6,2020-08-03
2020-08-03,38.925869,-77.023565,Ward 1,2020-08-03
2020-08-03,38.919374,-77.071790,Ward 3,2020-08-03
2020-08-03,38.913938,-77.085468,Ward 3,2020-08-03
2020-08-03,38.947662,-77.068926,Ward 3,2020-08-03
2020-08-03,38.925242,-77.032652,Ward 1,2020-08-03
2020-08-03,38.893753,-76.914790,Ward 7,2020-08-04
2020-08-03,38.932209,-77.100873,Ward 3,2020-08-03
2020-08-03,38.938110,-76.989629,Ward 5,2020-08-03
2020-08-03,38.918014,-77.043597,Ward 1,2020-08-03
2020-08-03,38.867308,-76.975343,Ward 8,2020-08-03
2020-08-03,38.892580,-76.993545,Ward 6,2020-08-03
2020-08-03,38.867301,-76.975409,Ward 8,2020-08-03
2020-08-03,38.864916,-76.979265,Ward 8,2020-08-03
2020-08-03,38.941929,-77.023346,Ward 4,2020-08-03
2020-08-03,38.978994,-77.062031,Ward 4,2020-08-04
2020-08-03,38.928705,-77.027510,Ward 1,2020-08-03
2020-08-03,38.906153,-76.983934,Ward 5,2020-08-03
2020-08-03,38.908927,-77.055666,Ward 2,2020-08-03
2020-08-03,38.894784,-76.991530,Ward 6,2020-08-03
2020-08-03,38.945349,-76.997726,Ward 5,2020-08-03
2020-08-03,38.955111,-77.016452,Ward 4,2020-08-04
2020-08-03,38.912800,-77.030244,Ward 2,2020-08-04
2020-08-03,38.906122,-77.064916,Ward 2,2020-08-04
2020-08-03,38.957223,-77.071107,Ward 3,2020-08-04
2020-08-03,38.909427,-77.063219,Ward 2,2020-08-04
2020-08-03,38.926750,-77.078158,Ward 3,2020-08-03
2020-08-03,38.896299,-76.984482,Ward 6,2020-08-03
2020-08-03,38.957439,-77.010028,Ward 4,2020-08-04
2020-08-03,38.903752,-76.929477,Ward 7,2020-08-04
2020-08-03,38.886034,-76.999520,Ward 6,2020-08-04
2020-08-03,38.949461,-77.056862,Ward 3,2020-08-04
2020-08-03,38.900645,-76.988992,Ward 6,2020-08-04
2020-08-03,38.924266,-76.998707,Ward 5,2020-08-03
2020-08-03,38.929211,-77.018829,Ward 1,2020-08-04
2020-08-03,38.862600,-76.958619,Ward 7,2020-08-04
2020-08-03,38.862417,-76.957082,Ward 7,2020-08-03
2020-08-03,38.959389,-77.067543,Ward 3,2020-08-04
2020-08-03,38.901333,-77.033639,Ward 2,2020-08-04
2020-08-03,38.922030,-77.077693,Ward 3,2020-08-04
2020-08-03,38.901172,-77.033917,Ward 2,2020-08-04
2020-08-03,38.905406,-76.996902,Ward 6,2020-08-04
2020-08-03,38.901333,-77.033639,Ward 2,2020-08-04
2020-08-03,38.872116,-76.961196,Ward 7,2020-08-04
2020-08-03,38.926652,-77.000368,Ward 5,2020-08-04
2020-08-03,38.898854,-76.977494,Ward 6,2020-08-04
2020-08-04,38.876279,-76.996196,Ward 6,2020-08-04
2020-08-04,38.905406,-76.996902,Ward 6,2020-08-04
2020-08-04,38.893923,-76.982455,Ward 6,2020-08-04
2020-08-04,38.922030,-77.077693,Ward 3,2020-08-04
2020-08-04,38.949809,-76.991407,Ward 5,2020-08-04
2020-08-04,38.909458,-77.025803,Ward 2,2020-08-04
2020-08-04,38.875283,-76.954587,Ward 7,2020-08-04
2020-08-04,38.868021,-76.979566,Ward 8,2020-08-04
2020-08-04,38.866033,-76.948999,Ward 7,2020-08-04
2020-08-04,38.877507,-76.960059,Ward 7,2020-08-04
2020-08-04,38.893737,-76.994173,Ward 6,2020-08-04
2020-08-04,38.877507,-76.960059,Ward 7,2020-08-04
2020-08-04,38.907263,-77.058133,Ward 2,2020-08-04
2020-08-04,38.828079,-77.003397,Ward 8,2020-08-04
2020-08-04,38.958487,-77.056169,Null,2020-08-04
2020-08-04,38.903876,-76.979610,Ward 5,2020-08-04
2020-08-04,38.890100,-76.992814,Ward 6,2020-08-04
2020-08-04,38.958040,-77.056931,Ward 4,2020-08-05
2020-08-04,38.860006,-76.992900,Ward 8,2020-08-04
2020-08-04,38.887965,-76.950344,Ward 7,2020-08-04
2020-08-04,38.942291,-77.017750,Ward 4,2020-08-04
2020-08-04,38.980218,-77.033720,Ward 4,2020-08-04
2020-08-04,38.904102,-76.989511,Ward 5,2020-08-05
2020-08-04,38.861982,-76.961244,Ward 7,2020-08-04
2020-08-04,38.926003,-77.029046,Ward 1,2020-08-04
2020-08-04,38.908976,-77.064365,Ward 2,2020-08-04
2020-08-04,38.877377,-76.960596,Ward 7,2020-08-04
2020-08-04,38.946424,-76.995206,Ward 5,2020-08-04
2020-08-04,38.984206,-77.028612,Ward 4,2020-08-04
2020-08-04,38.853298,-76.983303,Ward 8,2020-08-04
2020-08-04,38.862369,-76.997739,Ward 8,2020-08-04
2020-08-04,38.901333,-77.033639,Ward 2,2020-08-04
2020-08-04,38.927679,-77.013752,Ward 5,2020-08-04
2020-08-04,38.888758,-76.938798,Ward 7,2020-08-05
2020-08-04,38.907226,-77.058296,Ward 2,2020-08-04
2020-08-04,38.919130,-77.034609,Ward 1,2020-08-04
2020-08-04,38.946285,-77.082050,Ward 3,2020-08-04
2020-08-04,38.904393,-76.982850,Ward 5,2020-08-04
2020-08-04,38.897854,-76.977696,Ward 6,2020-08-04
2020-08-04,38.926003,-77.029046,Ward 1,2020-08-04
2020-08-04,38.901463,-76.991264,Ward 6,2020-08-04
2020-08-04,38.886244,-77.003122,Ward 6,2020-08-04
2020-08-04,38.893923,-76.982455,Ward 6,2020-08-04
2020-08-04,38.914500,-77.055800,Ward 2,2020-08-04
2020-08-04,38.935907,-77.020295,Ward 1,2020-08-04
2020-08-04,38.949914,-77.031745,Ward 4,2020-08-04
2020-08-04,38.890717,-76.986686,Ward 6,2020-08-04
2020-08-04,38.854909,-76.958110,Ward 7,2020-08-04
2020-08-04,38.890727,-76.986625,Ward 6,2020-08-04
2020-08-04,38.933324,-77.104061,Ward 3,2020-08-04
2020-08-04,38.919933,-77.041994,Ward 1,2020-08-04
2020-08-04,38.932207,-77.040082,Ward 1,2020-08-04
2020-08-04,38.900311,-77.052524,Ward 2,2020-08-04
2020-08-04,38.961931,-77.057008,Ward 4,2020-08-04
2020-08-04,38.845386,-76.987787,Ward 8,2020-08-04
2020-08-04,38.888223,-76.993072,Ward 6,2020-08-04
2020-08-04,38.941491,-77.033922,Ward 4,2020-08-04
2020-08-04,38.961931,-77.057008,Ward 4,2020-08-04
2020-08-04,38.967466,-77.025345,Ward 4,2020-08-04
2020-08-04,38.844077,-76.993156,Ward 8,2020-08-04
2020-08-04,38.933176,-77.111969,Ward 3,2020-08-04
2020-08-04,38.983680,-77.030595,Ward 4,2020-08-05
2020-08-04,38.946455,-76.997634,Ward 5,2020-08-04
2020-08-04,38.859644,-76.996103,Ward 8,2020-08-04
2020-08-04,38.844077,-76.993156,Ward 8,2020-08-04
2020-08-04,38.957931,-77.057153,Ward 4,2020-08-05
2020-08-04,38.937555,-76.981767,Ward 5,2020-08-04
2020-08-04,38.923819,-77.078950,Ward 3,2020-08-04
2020-08-04,38.901612,-76.925135,Ward 7,2020-08-04
2020-08-04,38.885039,-76.960645,Ward 7,2020-08-04
2020-08-04,38.844077,-76.993156,Ward 8,2020-08-04
2020-08-04,38.913417,-77.034268,Ward 2,2020-08-04
2020-08-04,38.912609,-77.034550,Ward 2,2020-08-04
2020-08-04,38.933324,-77.104061,Ward 3,2020-08-04
2020-08-04,38.911420,-77.012458,Ward 5,2020-08-04
2020-08-04,38.897329,-77.017555,Ward 2,2020-08-04
2020-08-04,38.902923,-77.037410,Ward 2,2020-08-04
2020-08-04,38.986789,-77.031230,Ward 4,2020-08-04
2020-08-04,38.903897,-76.976674,Ward 5,2020-08-04
2020-08-04,38.926520,-76.985635,Ward 5,2020-08-04
2020-08-04,38.857740,-76.985972,Ward 8,2020-08-04
2020-08-04,38.959529,-77.068694,Ward 3,2020-08-04
2020-08-04,38.930385,-77.042881,Ward 1,2020-08-04
2020-08-04,38.841469,-76.989219,Ward 8,2020-08-04
2020-08-04,38.957738,-77.057373,Ward 4,2020-08-04
2020-08-04,38.945258,-77.038567,Ward 4,2020-08-04
2020-08-04,38.908027,-76.939985,Ward 7,2020-08-04
2020-08-04,38.925984,-77.028991,Ward 1,2020-08-04
2020-08-04,38.908027,-76.939985,Ward 7,2020-08-04
2020-08-04,38.947226,-76.981432,Ward 5,2020-08-04
2020-08-04,38.922538,-77.000924,Ward 5,2020-08-04
2020-08-04,38.959853,-77.071813,Ward 3,2020-08-04
2020-08-04,38.858163,-76.960471,Ward 7,2020-08-04
2020-08-04,38.858163,-76.960471,Ward 7,2020-08-04
2020-08-04,38.892645,-77.001083,Ward 6,2020-08-04
2020-08-04,38.899189,-77.000795,Ward 6,2020-08-04
2020-08-04,38.957443,-77.089633,Ward 3,2020-08-04
2020-08-04,38.862361,-76.957986,Ward 7,2020-08-04
2020-08-04,38.986950,-77.035952,Ward 4,2020-08-04
2020-08-04,38.959930,-77.003612,Ward 4,2020-08-04
2020-08-04,38.901579,-76.924985,Ward 7,2020-08-04
2020-08-04,38.964444,-77.034309,Ward 4,2020-08-04
2020-08-04,38.944450,-77.103115,Ward 3,2020-08-05
2020-08-04,38.924337,-76.993283,Ward 5,2020-08-04
2020-08-04,38.821284,-77.001314,Ward 8,2020-08-05
2020-08-04,38.951473,-76.988905,Ward 5,2020-08-04
2020-08-04,38.902895,-76.993969,Ward 6,2020-08-05
2020-08-04,38.952065,-76.991948,Ward 5,2020-08-04
2020-08-04,38.955752,-76.997010,Ward 5,2020-08-04
2020-08-04,38.935483,-77.105358,Ward 3,2020-08-05
2020-08-04,38.929387,-77.078679,Ward 3,2020-08-05
2020-08-04,38.947438,-76.992410,Ward 5,2020-08-04
2020-08-04,38.868707,-76.975711,Ward 8,2020-08-06
2020-08-04,38.907733,-76.939987,Ward 7,2020-08-05
2020-08-04,38.940204,-76.996787,Ward 5,2020-08-04
2020-08-04,38.944891,-77.021518,Ward 4,2020-08-05
2020-08-04,38.901450,-76.950586,Ward 7,2020-08-05
2020-08-04,38.902760,-76.995623,Ward 6,2020-08-05
2020-08-04,38.925580,-76.966535,Ward 5,2020-08-05
2020-08-04,38.954130,-77.071246,Ward 3,2020-08-05
2020-08-04,38.880129,-76.935900,Ward 7,2020-08-05
2020-08-04,38.912904,-77.087430,Ward 3,2020-08-05
2020-08-05,38.935194,-77.045002,Ward 1,2020-08-05
2020-08-05,38.922704,-77.022583,Ward 1,2020-08-05
2020-08-05,38.854335,-76.973031,Ward 8,2020-08-05
2020-08-05,38.964500,-77.024740,Ward 4,2020-08-05
2020-08-05,38.909315,-77.028366,Ward 2,2020-08-05
2020-08-05,38.951069,-77.071967,Ward 3,2020-08-05
2020-08-05,38.943235,-76.982714,Ward 5,2020-08-05
2020-08-05,38.941019,-77.017937,Ward 4,2020-08-05
2020-08-05,38.942113,-77.017125,Ward 4,2020-08-05
2020-08-05,38.859887,-76.969625,Ward 8,2020-08-05
2020-08-05,38.950097,-76.989278,Ward 5,2020-08-05
2020-08-05,38.859187,-76.986796,Ward 8,2020-08-05
2020-08-05,38.953490,-77.016980,Ward 4,2020-08-05
2020-08-05,38.890978,-76.926741,Ward 7,2020-08-06
2020-08-05,38.940877,-76.973872,Ward 5,2020-08-05
2020-08-05,38.947877,-77.016019,Ward 4,2020-08-05
2020-08-05,38.929973,-76.995926,Ward 5,2020-08-05
2020-08-05,38.886199,-76.988500,Ward 6,2020-08-05
2020-08-05,38.957903,-77.024369,Ward 4,2020-08-05
2020-08-05,38.971504,-77.010202,Ward 4,2020-08-05
2020-08-05,38.947104,-76.996498,Ward 5,2020-08-05
2020-08-05,38.871330,-76.975475,Ward 8,2020-08-05
2020-08-05,38.962191,-76.998462,Ward 4,2020-08-06
2020-08-05,38.949563,-77.031353,Ward 4,2020-08-05
2020-08-05,38.926823,-76.975788,Ward 5,2020-08-06
2020-08-05,38.892705,-76.983920,Ward 6,2020-08-06
2020-08-05,38.917910,-77.054825,Ward 2,2020-08-05
2020-08-05,38.916111,-76.991816,Ward 5,2020-08-06
2020-08-05,38.858447,-76.955509,Ward 7,2020-08-06
2020-08-05,38.892485,-76.945716,Ward 7,2020-08-06
2020-08-05,38.896080,-76.936559,Ward 7,2020-08-06
2020-08-05,38.893120,-76.997675,Ward 6,2020-08-05
2020-08-05,38.980062,-77.023230,Ward 4,2020-08-06
2020-08-05,38.843638,-76.990274,Ward 8,2020-08-06
2020-08-05,38.922202,-76.976899,Ward 5,2020-08-06
2020-08-05,38.887562,-77.013807,Ward 6,2020-08-06
2020-08-05,38.910395,-77.065378,Ward 2,2020-08-06
2020-08-05,38.928423,-77.035034,Ward 1,2020-08-06
2020-08-05,38.959538,-77.069697,Ward 3,2020-08-06
2020-08-05,38.894099,-77.027561,Ward 2,2020-08-06
2020-08-05,38.905886,-76.935471,Ward 7,2020-08-06
2020-08-05,38.882090,-76.990711,Ward 6,2020-08-06
2020-08-05,38.865923,-76.989826,Ward 8,2020-08-06
2020-08-05,38.866979,-76.987420,Ward 8,2020-08-06
2020-08-05,38.969924,-77.025406,Ward 4,2020-08-06
2020-08-05,38.869477,-76.978734,Ward 8,2020-08-06
2020-08-06,38.910537,-77.011130,Ward 5,2020-08-06
2020-08-06,38.955379,-77.032353,Ward 4,2020-08-06
2020-08-06,38.893120,-76.997675,Ward 6,2020-08-06
2020-08-06,38.965800,-77.071570,Ward 3,2020-08-06
2020-08-06,38.899624,-76.924441,Ward 7,2020-08-06
2020-08-06,38.867907,-76.941763,Ward 7,2020-08-06
2020-08-06,38.892314,-76.998249,Ward 6,2020-08-06
2020-08-06,38.826929,-77.001996,Ward 8,2020-08-06
2020-08-06,38.851062,-76.985603,Ward 8,2020-08-06
2020-08-06,38.847154,-76.998523,Ward 8,2020-08-06
2020-08-06,38.847154,-76.998523,Ward 8,2020-08-06
2020-08-06,38.937407,-77.030907,Ward 4,2020-08-06
2020-08-06,38.990787,-77.034939,Ward 4,2020-08-06
2020-08-06,38.989391,-77.037158,Ward 4,2020-08-06
2020-08-06,38.949877,-77.084210,Ward 3,2020-08-06
2020-08-06,38.901463,-76.991264,Ward 6,2020-08-07
2020-08-06,38.890699,-76.948620,Ward 7,2020-10-13
2020-08-06,38.887776,-76.986622,Ward 6,2020-08-06
2020-08-06,38.927196,-77.078749,Ward 3,2020-08-07
2020-08-06,38.913888,-77.012827,Ward 5,2020-08-06
2020-08-06,38.867316,-76.943973,Ward 7,2020-08-07
2020-08-06,38.952352,-77.080071,Ward 3,2020-08-06
2020-08-06,38.898145,-76.939732,Ward 7,2020-08-06
2020-08-06,38.933915,-76.964782,Ward 5,2020-08-06
2020-08-06,38.917836,-77.006757,Ward 5,2020-08-07
2020-08-06,38.945285,-77.090873,Ward 3,2020-08-06
2020-08-06,38.943777,-77.071341,Ward 3,2020-08-07
2020-08-06,38.975791,-77.060940,Ward 4,2020-08-07
2020-08-06,38.835928,-77.003429,Ward 8,2020-08-07
2020-08-06,38.966402,-77.033848,Ward 4,2020-08-06
2020-08-06,38.888721,-76.923447,Ward 7,2020-08-06
2020-08-06,38.961816,-77.001494,Ward 4,2020-08-06
2020-08-06,38.894339,-76.959096,Ward 7,2020-08-10
2020-08-06,38.894935,-76.989558,Ward 6,2020-08-06
2020-08-06,38.957439,-77.010028,Ward 4,2020-08-07
2020-08-06,38.949269,-76.996858,Ward 5,2020-08-07
2020-08-06,38.940821,-77.018114,Ward 4,2020-08-07
2020-08-06,38.888721,-76.923447,Ward 7,2020-08-06
2020-08-06,38.913872,-77.014614,Ward 5,2020-08-06
2020-08-06,38.946622,-77.016982,Ward 4,2020-08-07
2020-08-06,38.916716,-77.056378,Ward 2,2020-08-07
2020-08-06,38.887779,-76.997020,Ward 6,2020-08-07
2020-08-06,38.965961,-77.022006,Ward 4,2020-08-07
2020-08-06,38.864139,-76.947000,Ward 7,2020-08-07
2020-08-06,38.866240,-76.988120,Ward 8,2020-08-06
2020-08-06,38.864202,-76.984913,Ward 8,2020-08-06
2020-08-06,38.939285,-77.019295,Ward 4,2020-08-07
2020-08-06,38.939288,-77.018771,Ward 4,2020-08-07
2020-08-06,38.920880,-77.045822,Ward 1,2020-08-07
2020-08-07,38.868647,-76.946531,Ward 7,2020-08-07
2020-08-07,38.965963,-77.021948,Ward 4,2020-08-07
2020-08-07,38.951577,-77.070091,Ward 3,2020-08-07
2020-08-07,38.929959,-76.963208,Ward 5,2020-08-07
2020-08-07,38.861022,-76.956338,Ward 7,2020-08-07
2020-08-07,38.965275,-77.004137,Ward 4,2020-08-10
2020-08-07,38.958040,-77.056931,Ward 4,2020-08-07
2020-08-07,38.967560,-77.058515,Ward 4,2020-08-07
2020-08-07,38.905847,-76.929191,Ward 7,2020-08-10
2020-08-07,38.970531,-77.060569,Ward 4,2020-08-07
2020-08-07,38.925346,-77.081993,Ward 3,2020-08-09
2020-08-07,38.926752,-76.965232,Ward 5,2020-08-07
2020-08-07,38.871065,-76.976009,Ward 8,2020-08-07
2020-08-07,38.880047,-76.996750,Ward 6,2020-08-10
2020-08-07,38.921179,-76.980862,Ward 5,2020-08-10
2020-08-07,38.966880,-77.077114,Ward 3,2020-08-10
2020-08-07,38.896335,-77.020971,Ward 2,2020-08-10
2020-08-07,38.900958,-77.015922,Ward 6,2020-08-10
2020-08-07,38.903743,-77.046647,Ward 2,2020-08-10
2020-08-07,38.902231,-77.042088,Ward 2,2020-08-10
2020-08-07,38.920427,-77.009427,Ward 5,2020-08-10
2020-08-07,38.912403,-76.969890,Ward 5,2020-08-10
2020-08-07,38.944179,-77.036805,Ward 4,2020-08-10
2020-08-07,38.937424,-77.027651,Ward 4,2020-08-10
2020-08-07,38.937429,-77.027517,Ward 4,2020-08-10
2020-08-07,38.937424,-77.027651,Ward 4,2020-08-10
2020-08-07,38.933039,-76.964803,Ward 5,2020-08-10
2020-08-07,38.950797,-77.082704,Ward 3,2020-08-10
2020-08-08,38.917542,-77.026742,Ward 1,2020-08-10
2020-08-08,38.917843,-77.026744,Ward 1,2020-08-10
2020-08-08,38.920763,-77.027036,Ward 1,2020-08-10
2020-08-08,38.902582,-76.984298,Ward 5,2020-08-10
2020-08-08,38.945732,-77.086630,Ward 3,2020-08-10
2020-08-08,38.943973,-77.079540,Ward 3,2020-08-10
2020-08-08,38.937939,-77.085888,Ward 3,2020-08-10
2020-08-08,38.906684,-77.065531,Ward 2,2020-08-13
2020-08-08,38.941282,-76.988553,Ward 5,2020-08-11
2020-08-08,38.968919,-77.010284,Ward 4,2020-08-10
2020-08-08,38.886773,-76.995236,Ward 6,2020-08-10
2020-08-08,38.885561,-76.993520,Ward 6,2020-08-10
2020-08-08,38.947409,-76.979985,Ward 5,2020-08-11
2020-08-09,38.885205,-76.989975,Ward 6,2020-08-10
2020-08-09,38.907389,-76.939525,Ward 7,2020-08-10
2020-08-09,38.907401,-76.939805,Ward 7,2020-08-10
2020-08-09,38.907417,-77.011592,Ward 5,2020-08-10
2020-08-09,38.950435,-77.024132,Ward 4,2020-08-10
2020-08-09,38.917869,-77.035370,Ward 1,2020-08-10
2020-08-09,38.959039,-77.024854,Ward 4,2020-08-10
2020-08-09,38.945446,-76.989603,Ward 5,2020-08-10
2020-08-10,38.922814,-77.046882,Ward 1,2020-08-10
2020-08-10,38.902011,-76.991310,Ward 6,2020-08-10
2020-08-10,38.969185,-77.029321,Ward 4,2020-08-10
2020-08-10,38.895910,-76.984481,Ward 6,2020-08-10
2020-08-10,38.895931,-76.980990,Ward 6,2020-08-10
2020-08-10,38.896288,-76.980973,Ward 6,2020-08-10
2020-08-10,38.896805,-76.980734,Ward 6,2020-08-10
2020-08-10,38.984974,-77.054266,Ward 4,2020-08-11
2020-08-10,38.934900,-76.979109,Ward 5,2020-08-11
2020-08-10,38.903739,-77.014168,Ward 6,2020-08-10
2020-08-10,38.896954,-76.938852,Ward 7,2020-08-10
2020-08-10,38.870919,-77.011602,Ward 6,2020-08-10
2020-08-10,38.946075,-76.989597,Ward 5,2020-08-10
2020-08-10,38.866526,-76.978231,Ward 8,2020-08-10
2020-08-10,38.965685,-77.023129,Ward 4,2020-08-10
2020-08-10,38.912366,-77.036960,Ward 2,2020-08-10
2020-08-10,38.881477,-77.000787,Ward 6,2020-08-10
2020-08-10,38.893296,-76.975152,Null,2020-08-11
2020-08-10,38.948624,-77.071221,Ward 3,2020-08-10
2020-08-10,38.947710,-77.086451,Ward 3,2020-08-10
2020-08-10,38.961821,-77.021770,Ward 4,2020-08-10
2020-08-10,38.959149,-77.058492,Ward 4,2020-08-11
2020-08-10,38.894946,-76.955547,Ward 7,2020-08-12
2020-08-10,38.943769,-77.014477,Ward 4,2020-08-11
2020-08-10,38.885761,-76.960037,Ward 7,2020-08-11
2020-08-10,38.856701,-76.979905,Ward 8,2020-08-11
2020-08-10,38.897137,-77.001460,Ward 6,2020-08-10
2020-08-10,38.881482,-76.998135,Ward 6,2020-08-10
2020-08-10,38.967124,-77.023434,Ward 4,2020-08-11
2020-08-10,38.979675,-77.059735,Ward 4,2020-08-11
2020-08-10,38.968906,-77.010382,Ward 4,2020-08-11
2020-08-10,38.894423,-76.978768,Ward 6,2020-08-11
2020-08-10,38.964700,-77.068804,Ward 3,2020-08-11
2020-08-10,38.908599,-76.987028,Ward 5,2020-08-11
2020-08-10,38.908599,-76.987028,Ward 5,2020-08-11
2020-08-10,38.866840,-76.943998,Ward 7,2020-08-11
2020-08-10,38.932192,-77.100333,Ward 3,2020-08-11
2020-08-10,38.984147,-77.034876,Ward 4,2020-08-11
2020-08-10,38.841469,-76.989219,Ward 8,2020-08-12
2020-08-10,38.895094,-76.926546,Ward 7,2020-08-11
2020-08-10,38.959981,-77.028339,Ward 4,2020-08-12
2020-08-10,38.956024,-77.034824,Ward 4,2020-08-11
2020-08-10,38.869279,-76.972879,Ward 8,2020-08-11
2020-08-10,38.944753,-77.027799,Ward 4,2020-08-11
2020-08-10,38.958162,-77.079535,Ward 3,2020-08-11
2020-08-10,38.961834,-77.002364,Ward 4,2020-08-11
2020-08-11,38.913405,-77.043859,Ward 2,2020-08-11
2020-08-11,38.904825,-76.977346,Ward 5,2020-08-11
2020-08-11,38.933945,-77.068203,Ward 3,2020-08-11
2020-08-11,38.910659,-77.029620,Ward 2,2020-08-12
2020-08-11,38.907145,-76.983170,Ward 5,2020-08-11
2020-08-11,38.911517,-77.059538,Ward 2,2020-08-11
2020-08-11,38.857740,-76.985972,Ward 8,2020-08-11
2020-08-11,38.890989,-76.951891,Ward 7,2020-08-12
2020-08-11,38.944857,-77.015782,Ward 4,2020-08-11
2020-08-11,38.815250,-77.016718,Ward 8,2020-08-11
2020-08-11,38.973803,-77.062891,Ward 4,2020-08-11
2020-08-11,38.903284,-76.930094,Ward 7,2020-08-12
2020-08-11,38.953321,-77.029423,Ward 4,2020-08-11
2020-08-11,38.903472,-76.989442,Ward 5,2020-08-11
2020-08-11,38.916880,-77.014734,Ward 1,2020-08-11
2020-08-11,38.933945,-77.068203,Ward 3,2020-08-11
2020-08-11,38.929916,-77.028403,Ward 1,2020-08-11
2020-08-11,38.986858,-77.035210,Ward 4,2020-08-11
2020-08-11,38.958224,-77.026245,Ward 4,2020-08-12
2020-08-11,38.931921,-76.978245,Ward 5,2020-08-13
2020-08-11,38.913344,-77.010603,Ward 5,2020-08-13
2020-08-11,38.933706,-76.983025,Ward 5,2020-08-11
2020-08-11,38.903970,-76.990772,Ward 5,2020-08-12
2020-08-11,38.885577,-77.001817,Ward 6,2020-08-12
2020-08-11,38.881470,-77.019448,Ward 6,2020-08-11
2020-08-11,38.981001,-77.028138,Ward 4,2020-08-11
2020-08-11,38.863677,-76.954693,Ward 7,2020-08-11
2020-08-11,38.909077,-77.042819,Ward 2,2020-08-12
2020-08-11,38.920227,-77.002765,Ward 5,2020-08-11
2020-08-11,38.950364,-77.097058,Ward 3,2020-08-12
2020-08-11,38.960201,-77.037831,Ward 4,2020-08-12
2020-08-11,38.964225,-77.068437,Ward 3,2020-08-12
2020-08-11,38.932055,-77.093560,Ward 3,2020-08-12
2020-08-11,38.914978,-77.034095,Ward 2,2020-08-12
2020-08-12,38.879668,-76.986368,Ward 6,2020-08-12
2020-08-12,38.909869,-77.019144,Ward 6,2020-08-12
2020-08-12,38.898504,-76.999759,Ward 6,2020-08-12
2020-08-12,38.935953,-76.975159,Ward 5,2020-08-12
2020-08-12,38.887968,-76.995593,Ward 6,2020-08-12
2020-08-12,38.857600,-76.978731,Ward 8,2020-08-13
2020-08-12,38.929259,-77.063893,Ward 3,2020-08-12
2020-08-12,38.925757,-76.965284,Ward 5,2020-08-12
2020-08-12,38.863460,-76.986882,Ward 8,2020-08-13
2020-08-12,38.945757,-76.997523,Ward 5,2020-08-13
2020-08-12,38.947105,-76.995577,Ward 5,2020-08-13
2020-08-12,38.886421,-76.939388,Ward 7,2020-08-13
2020-08-12,38.951268,-77.018577,Ward 4,2020-08-13
2020-08-12,38.934866,-77.025707,Ward 1,2020-08-13
2020-08-12,38.962507,-77.004173,Ward 4,2020-08-13
2020-08-12,38.883486,-76.991761,Ward 6,2020-08-13
2020-08-12,38.882205,-76.940791,Ward 7,2020-08-13
2020-08-12,38.906602,-77.068460,Ward 2,2020-08-13
2020-08-12,38.855329,-76.981961,Ward 8,2020-08-13
2020-08-12,38.877725,-76.987872,Ward 6,2020-08-13
2020-08-12,38.910920,-77.011965,Ward 5,2020-08-13
2020-08-12,38.923745,-77.024614,Ward 1,2020-08-13
2020-08-13,38.940330,-77.032992,Ward 4,2020-08-13
2020-08-13,38.945270,-77.082688,Ward 3,2020-08-13
2020-08-13,38.914986,-77.009596,Ward 5,2020-08-13
2020-08-13,38.872783,-77.012362,Ward 6,2020-08-13
2020-08-13,38.936623,-77.023086,Null,2020-08-13
2020-08-13,38.918255,-76.960850,Ward 5,2020-08-13
2020-08-13,38.960081,-77.037518,Ward 4,2020-08-13
2020-08-13,38.877381,-77.014949,Ward 6,2020-08-13
2020-08-13,38.968811,-77.024975,Ward 4,2020-08-13
2020-08-13,38.916815,-77.004569,Ward 5,2020-08-13
2020-08-13,38.920682,-77.078774,Ward 3,2020-08-13
2020-08-13,38.898927,-76.942355,Ward 7,2020-08-14
2020-08-13,38.894952,-76.956510,Ward 7,2020-08-14
2020-08-13,38.883555,-76.988085,Ward 6,2020-08-14
2020-08-13,38.920381,-77.079051,Ward 3,2020-08-14
2020-08-13,38.936971,-77.034579,Ward 1,2020-08-14
2020-08-13,38.959496,-77.078557,Ward 3,2020-08-14
2020-08-13,38.944433,-76.987138,Ward 5,2020-08-14
2020-08-14,38.957498,-77.016638,Ward 4,2020-08-14
2020-08-14,38.948809,-77.082040,Ward 3,2020-08-14
2020-08-14,38.953907,-77.019536,Ward 4,2020-09-02
2020-08-14,38.904791,-77.019149,Ward 6,2020-08-17
2020-08-14,38.944433,-76.987138,Ward 5,2020-08-14
2020-08-14,38.872621,-76.977150,Ward 8,2020-08-17
2020-08-14,38.925015,-77.064935,Ward 3,2020-08-14
2020-08-14,38.894953,-76.956454,Ward 7,2020-08-14
2020-08-14,38.893915,-76.936167,Ward 7,2020-08-14
2020-08-14,38.893915,-76.936167,Ward 7,2020-08-14
2020-08-14,38.968330,-77.063225,Ward 4,2020-08-14
2020-08-14,38.921522,-77.011506,Ward 5,2020-08-17
2020-08-14,38.900009,-76.998870,Ward 6,2020-08-14
2020-08-14,38.954129,-77.019113,Ward 4,2020-08-14
2020-08-14,38.870425,-76.962392,Ward 7,2020-08-14
2020-08-14,38.914256,-77.030238,Ward 1,2020-08-14
2020-08-14,38.867802,-76.980503,Ward 8,2020-08-17
2020-08-14,38.906617,-77.014425,Ward 6,2020-08-14
2020-08-14,38.928611,-77.033025,Ward 1,2020-08-18
2020-08-14,38.940882,-76.979178,Ward 5,2020-08-17
2020-08-14,38.915830,-77.097513,Ward 3,2020-08-17
2020-08-14,38.885656,-77.002325,Ward 6,2020-08-17
2020-08-14,38.931336,-77.104255,Ward 3,2020-08-17
2020-08-14,38.892110,-77.017565,Ward 2,2020-08-17
2020-08-14,38.908896,-77.059042,Ward 2,2020-08-17
2020-08-14,38.903731,-77.002043,Ward 6,2020-08-17
2020-08-14,38.914986,-77.009539,Ward 5,2020-08-17
2020-08-15,38.874638,-77.010648,Ward 6,2020-08-17
2020-08-15,38.928442,-77.066138,Ward 3,2020-08-17
2020-08-15,38.926181,-77.066382,Ward 3,2020-08-15
2020-08-15,38.886511,-76.997588,Ward 6,2020-08-17
2020-08-15,38.921502,-77.003307,Ward 5,2020-08-17
2020-08-16,38.975607,-77.066752,Ward 4,2020-08-17
2020-08-16,38.950035,-77.007191,Ward 5,2020-08-16
2020-08-16,38.882443,-76.996413,Ward 6,2020-08-17
2020-08-16,38.929499,-77.066147,Ward 3,2020-08-16
2020-08-16,38.882724,-76.996180,Ward 6,2020-08-16
2020-08-16,38.947391,-77.033747,Ward 4,2020-08-17
2020-08-16,38.969287,-77.011472,Ward 4,2020-08-17
2020-08-16,38.888522,-76.981044,Ward 6,2020-08-17
2020-08-16,38.926961,-77.041776,Ward 1,2020-08-17
2020-08-17,38.922548,-77.078774,Ward 3,2020-08-17
2020-08-17,38.945435,-77.103471,Ward 3,2020-08-17
2020-08-17,38.936159,-77.108829,Ward 3,2020-08-17
2020-08-17,38.870412,-76.962242,Ward 7,2020-08-17
2020-08-17,38.933777,-76.966935,Ward 5,2020-08-17
2020-08-17,38.875903,-76.956965,Ward 7,2020-08-18
2020-08-17,38.870412,-76.962242,Ward 7,2020-08-17
2020-08-17,38.930030,-77.064363,Ward 3,2020-08-17
2020-08-17,38.879411,-76.933429,Ward 7,2020-08-19
2020-08-17,38.907315,-77.057750,Ward 2,2020-08-17
2020-08-17,38.951578,-77.072940,Ward 3,2020-08-17
2020-08-17,38.969742,-77.012821,Ward 4,2020-08-17
2020-08-17,38.970919,-77.035271,Ward 4,2020-08-17
2020-08-17,38.874175,-76.957187,Ward 7,2020-08-17
2020-08-17,38.889526,-77.000985,Ward 6,2020-08-17
2020-08-17,38.964740,-77.071321,Ward 3,2020-08-17
2020-08-17,38.864107,-76.961239,Ward 7,2020-08-17
2020-08-17,38.911308,-77.027408,Ward 2,2020-08-17
2020-08-17,38.904791,-77.019149,Ward 6,2020-08-17
2020-08-17,38.854962,-76.974129,Ward 8,2020-08-17
2020-08-17,38.876016,-76.935165,Ward 7,2020-08-20
2020-08-17,38.950189,-77.086989,Ward 3,2020-08-18
2020-08-17,38.964763,-77.021422,Ward 4,2020-08-19
2020-08-17,38.888471,-76.979545,Ward 6,2020-08-18
2020-08-17,38.874533,-76.972948,Ward 7,2020-08-17
2020-08-17,38.883822,-76.961097,Ward 7,2020-08-18
2020-08-17,38.891167,-76.959977,Ward 7,2020-08-19
2020-08-17,38.883822,-76.961097,Ward 7,2020-08-18
2020-08-17,38.897964,-76.997278,Ward 6,2020-08-18
2020-08-17,38.938155,-77.072423,Ward 3,2020-08-18
2020-08-17,38.916450,-77.013595,Ward 5,2020-08-19
2020-08-17,38.944293,-77.004813,Ward 5,2020-08-19
2020-08-17,38.938155,-77.072423,Ward 3,2020-08-18
2020-08-17,38.879180,-76.983461,Ward 6,2020-08-18
2020-08-17,38.880059,-76.985508,Ward 6,2020-08-18
2020-08-17,38.904398,-76.999750,Ward 6,2020-08-18
2020-08-17,38.940973,-77.041870,Ward 4,2020-08-18
2020-08-17,38.857362,-76.967260,Ward 7,2020-08-18
2020-08-18,38.949691,-77.084996,Ward 3,2020-08-18
2020-08-18,38.949691,-77.084996,Ward 3,2020-08-18
2020-08-18,38.958251,-77.024448,Ward 4,2020-08-18
2020-08-18,38.918696,-77.044639,Ward 1,2020-08-18
2020-08-18,38.898926,-76.917474,Ward 7,2020-08-19
2020-08-18,38.932188,-77.041523,Ward 1,2020-08-18
2020-08-18,38.925018,-77.008408,Ward 5,2020-08-18
2020-08-18,38.948569,-77.091248,Ward 3,2020-08-18
2020-08-18,38.951009,-77.026476,Ward 4,2020-08-18
2020-08-18,38.930385,-77.042881,Ward 1,2020-08-18
2020-08-18,38.920370,-77.001816,Ward 5,2020-08-18
2020-08-18,38.845788,-76.970927,Ward 8,2020-08-19
2020-08-18,38.913716,-76.971169,Ward 5,2020-08-20
2020-08-18,38.908927,-77.055666,Ward 2,2020-08-18
2020-08-18,38.890044,-76.985278,Ward 6,2020-08-18
2020-08-18,38.922151,-77.002856,Ward 5,2020-08-18
2020-08-18,38.922151,-77.002856,Ward 5,2020-08-18
2020-08-18,38.908379,-77.010693,Ward 5,2020-08-18
2020-08-18,38.880866,-76.944452,Ward 7,2020-08-19
2020-08-18,38.830270,-76.997769,Ward 8,2020-08-20
2020-08-18,38.964303,-77.003075,Ward 4,2020-08-19
2020-08-18,38.965574,-77.074161,Ward 3,2020-08-19
2020-08-18,38.925386,-76.974759,Ward 5,2020-08-19
2020-08-18,38.961934,-77.080048,Ward 3,2020-08-19
2020-08-18,38.945349,-76.997726,Ward 5,2020-08-19
2020-08-18,38.925876,-77.055330,Ward 3,2020-08-19
2020-08-18,38.890463,-76.946990,Ward 7,2020-08-19
2020-08-18,38.926083,-77.054778,Ward 3,2020-08-19
2020-08-18,38.846492,-76.983046,Ward 8,2020-08-19
2020-08-18,38.891334,-76.932912,Ward 7,2020-08-19
2020-08-18,38.969301,-77.025367,Ward 4,2020-08-19
2020-08-18,38.890503,-76.946990,Ward 7,2020-08-18
2020-08-18,38.870425,-76.962392,Ward 7,2020-08-19
2020-08-18,38.921830,-76.983074,Ward 5,2020-08-19
2020-08-18,38.880284,-77.021532,Ward 6,2020-08-19
2020-08-18,38.920673,-77.038707,Ward 1,2020-08-19
2020-08-18,38.949024,-77.095198,Ward 3,2020-08-19
2020-08-18,38.909953,-77.012403,Ward 5,2020-08-19
2020-08-19,38.908488,-77.059219,Ward 2,2020-08-19
2020-08-19,38.943070,-77.002570,Ward 5,2020-08-19
2020-08-19,38.967609,-77.074784,Ward 3,2020-08-19
2020-08-19,38.879467,-77.020818,Ward 6,2020-08-19
2020-08-19,38.867925,-76.970796,Ward 8,2020-08-20
2020-08-19,38.909116,-77.045591,Ward 2,2020-08-19
2020-08-19,38.957466,-77.013830,Ward 4,2020-08-19
2020-08-19,38.929851,-77.031851,Ward 1,2020-08-19
2020-08-19,38.896302,-76.987999,Ward 6,2020-08-19
2020-08-19,38.946180,-77.018433,Ward 4,2020-08-19
2020-08-19,38.951170,-76.991955,Ward 5,2020-08-19
2020-08-19,38.969752,-77.012584,Ward 4,2020-08-19
2020-08-19,38.842033,-76.998659,Ward 8,2020-08-20
2020-08-19,38.841464,-76.991001,Ward 8,2020-08-20
2020-08-19,38.961934,-77.080048,Ward 3,2020-08-19
2020-08-19,38.944974,-77.073686,Ward 3,2020-08-19
2020-08-19,38.963955,-77.025393,Ward 4,2020-08-19
2020-08-19,38.924779,-76.975767,Ward 5,2020-08-19
2020-08-19,38.963959,-77.024479,Ward 4,2020-08-19
2020-08-19,38.892547,-76.936568,Ward 7,2020-08-19
2020-08-19,38.883392,-76.994246,Ward 6,2020-08-20
2020-08-19,38.892547,-76.936568,Ward 7,2020-08-19
2020-08-19,38.946369,-77.024454,Ward 4,2020-08-19
2020-08-19,38.883914,-76.992446,Ward 6,2020-08-20
2020-08-19,38.969804,-77.011944,Ward 4,2020-08-19
2020-08-19,38.879168,-76.962513,Ward 7,2020-08-19
2020-08-19,38.880038,-76.962505,Ward 7,2020-08-19
2020-08-19,38.892321,-76.984822,Ward 6,2020-08-20
2020-08-19,38.891827,-76.986183,Ward 6,2020-08-20
2020-08-19,38.879014,-76.962060,Ward 7,2020-08-20
2020-08-19,38.890030,-76.923489,Ward 7,2020-08-20
2020-08-19,38.910617,-77.045349,Ward 2,2020-08-20
2020-08-19,38.980214,-77.031053,Ward 4,2020-08-20
2020-08-19,38.979610,-77.032424,Ward 4,2020-08-20
2020-08-19,38.883088,-77.005599,Ward 6,2020-08-20
2020-08-19,38.925234,-77.058044,Ward 3,2020-08-20
2020-08-19,38.920419,-77.044749,Ward 1,2020-08-20
2020-08-19,38.942113,-77.017125,Ward 4,2020-08-20
2020-08-19,38.945967,-77.025922,Ward 4,2020-08-20
2020-08-19,38.886201,-76.997344,Ward 6,2020-08-20
2020-08-19,38.834833,-76.989469,Ward 8,2020-08-21
2020-08-19,38.968456,-77.025039,Ward 4,2020-08-20
2020-08-19,38.924950,-76.996936,Ward 5,2020-08-20
2020-08-19,38.911306,-76.985778,Ward 5,2020-08-20
2020-08-19,38.897730,-76.990029,Ward 6,2020-08-20
2020-08-19,38.937783,-77.026139,Ward 4,2020-08-20
2020-08-20,38.952522,-77.090855,Ward 3,2020-08-20
2020-08-20,38.908912,-77.080423,Ward 3,2020-08-20
2020-08-20,38.936012,-76.970370,Ward 5,2020-08-20
2020-08-20,38.863071,-76.960619,Ward 7,2020-08-21
2020-08-20,38.944417,-77.074854,Ward 3,2020-08-20
2020-08-20,38.859019,-76.992448,Ward 8,2020-08-21
2020-08-20,38.950974,-77.034064,Ward 4,2020-08-20
2020-08-20,38.949634,-76.988335,Ward 5,2020-08-20
2020-08-20,38.940264,-77.022994,Ward 4,2020-08-20
2020-08-20,38.895435,-76.974094,Ward 7,2020-08-20
2020-08-20,38.982089,-77.031119,Ward 4,2020-08-21
2020-08-20,38.874366,-76.961855,Ward 7,2020-08-27
2020-08-20,38.948013,-77.007842,Ward 5,2020-08-20
2020-08-20,38.905953,-77.016386,Ward 6,2020-08-21
2020-08-20,38.935118,-77.038567,Ward 1,2020-08-21
2020-08-20,38.843301,-76.992298,Ward 8,2020-08-21
2020-08-20,38.952659,-77.084731,Ward 3,2020-08-21
2020-08-20,38.943337,-77.016933,Ward 4,2020-08-21
2020-08-20,38.884681,-76.945595,Ward 7,2020-08-28
2020-08-20,38.826391,-76.997879,Ward 8,2020-08-27
2020-08-20,38.927399,-76.971341,Ward 5,2020-08-21
2020-08-20,38.927824,-77.036126,Ward 1,2020-08-21
2020-08-20,38.964763,-77.021422,Ward 4,2020-08-24
2020-08-20,38.964067,-77.019646,Ward 4,2020-08-24
2020-08-20,38.894935,-76.989782,Ward 6,2020-08-21
2020-08-20,38.948257,-77.030150,Ward 4,2020-08-21
2020-08-20,38.927528,-77.077046,Ward 3,2020-08-21
2020-08-20,38.966827,-77.072352,Ward 3,2020-08-20
2020-08-20,38.918949,-77.071548,Ward 3,2020-08-21
2020-08-20,38.942324,-76.975937,Ward 5,2020-08-21
2020-08-20,38.974108,-77.066079,Ward 4,2020-08-21
2020-08-20,38.962883,-77.067855,Ward 3,2020-08-21
2020-08-20,38.926805,-77.076786,Ward 3,2020-08-21
2020-08-21,38.894615,-76.990718,Ward 6,2020-08-25
2020-08-21,38.953708,-76.989111,Ward 5,2020-08-21
2020-08-21,38.965589,-77.034936,Ward 4,2020-08-21
2020-08-21,38.870937,-76.971364,Ward 8,2020-08-21
2020-08-21,38.921903,-77.003261,Ward 5,2020-08-21
2020-08-21,38.957471,-77.012578,Ward 4,2020-08-21
2020-08-21,38.950395,-77.019930,Ward 4,2020-08-21
2020-08-21,38.849774,-76.966743,Ward 8,2020-08-25
2020-08-21,38.932893,-76.978509,Ward 5,2020-08-24
2020-08-21,38.831237,-76.988807,Ward 8,2020-08-27
2020-08-21,38.972658,-77.069719,Ward 4,2020-08-24
2020-08-21,38.936822,-76.970933,Ward 5,2020-08-24
2020-08-21,38.876225,-76.960349,Ward 7,2020-08-25
2020-08-21,38.918372,-77.047067,Ward 1,2020-08-21
2020-08-21,38.924485,-77.081162,Ward 3,2020-08-24
2020-08-21,38.864875,-76.986096,Ward 8,2020-08-25
2020-08-21,38.916513,-77.000299,Ward 5,2020-08-24
2020-08-21,38.923555,-76.982488,Ward 5,2020-08-24
2020-08-21,38.933493,-76.995360,Ward 5,2020-08-24
2020-08-21,38.946320,-77.041050,Ward 4,2020-08-25
2020-08-21,38.885834,-76.922427,Ward 7,2020-08-21
2020-08-21,38.919477,-77.012428,Ward 5,2020-08-24
2020-08-21,38.938905,-77.069183,Ward 3,2020-08-24
2020-08-21,38.898911,-76.998448,Ward 6,2020-08-24
2020-08-21,38.955506,-77.087678,Ward 3,2020-08-24
2020-08-21,38.914307,-77.037947,Ward 2,2020-08-24
2020-08-21,38.913832,-77.028453,Ward 2,2020-08-24
2020-08-21,38.966607,-77.022242,Ward 4,2020-08-25
2020-08-21,38.911933,-77.087473,Ward 3,2020-08-24
2020-08-22,38.879144,-76.961009,Ward 7,2020-08-24
2020-08-22,38.932607,-77.040449,Ward 1,2020-08-24
2020-08-22,38.933210,-77.045406,Ward 1,2020-08-24
2020-08-22,38.931870,-77.045770,Ward 1,2020-08-24
2020-08-22,38.878022,-76.966066,Ward 7,2020-08-24
2020-08-22,38.878154,-76.962435,Ward 7,2020-08-22
2020-08-22,38.883025,-76.962241,Ward 7,2020-08-25
2020-08-22,38.905479,-77.017339,Ward 2,2020-08-24
2020-08-22,38.898282,-76.995887,Ward 6,2020-08-24
2020-08-22,38.928093,-76.984927,Ward 5,2020-08-24
2020-08-22,38.884920,-76.988549,Ward 6,2020-08-24
2020-08-22,38.964908,-77.066379,Ward 4,2020-08-24
2020-08-22,38.906939,-77.050746,Ward 2,2020-08-24
2020-08-23,38.982449,-77.035873,Ward 4,2020-08-24
2020-08-23,38.884920,-76.988549,Ward 6,2020-08-24
2020-08-23,38.842494,-76.998447,Ward 8,2020-08-25
2020-08-24,38.947270,-77.089060,Ward 3,2020-08-24
2020-08-24,38.912427,-77.085047,Ward 3,2020-08-24
2020-08-24,38.849536,-76.976319,Ward 8,2020-08-27
2020-08-24,38.940936,-77.035140,Ward 4,2020-08-24
2020-08-24,38.893278,-76.987661,Ward 6,2020-08-24
2020-08-24,38.919498,-76.956758,Ward 5,2020-08-24
2020-08-24,38.932849,-76.960441,Ward 5,2020-08-24
2020-08-24,38.945927,-77.019118,Ward 4,2020-08-24
2020-08-24,38.940936,-77.035140,Ward 4,2020-08-24
2020-08-24,38.908043,-77.010071,Ward 5,2020-08-24
2020-08-24,38.916777,-77.036091,Ward 2,2020-08-24
2020-08-24,38.939147,-77.098921,Ward 3,2020-08-24
2020-08-24,38.902695,-76.984959,Ward 5,2020-08-24
2020-08-24,38.843361,-76.990214,Ward 8,2020-08-26
2020-08-24,38.883013,-76.983473,Ward 6,2020-08-24
2020-08-24,38.896921,-76.917003,Ward 7,2020-08-25
2020-08-24,38.887303,-76.921421,Ward 7,2020-08-28
2020-08-24,38.878569,-76.965126,Ward 7,2020-08-26
2020-08-24,38.920458,-77.010174,Ward 5,2020-08-24
2020-08-24,38.908969,-77.082257,Ward 3,2020-08-25
2020-08-24,38.934389,-77.031434,Ward 1,2020-08-25
2020-08-24,38.883509,-76.983900,Ward 6,2020-08-25
2020-08-24,38.965793,-77.023993,Ward 4,2020-08-25
2020-08-24,38.928967,-76.971799,Ward 5,2020-08-25
2020-08-24,38.896047,-76.932497,Ward 7,2020-08-25
2020-08-24,38.856866,-76.969972,Ward 8,2020-08-25
2020-08-24,38.833389,-77.004936,Ward 8,2020-08-26
2020-08-24,38.928522,-76.969893,Ward 5,2020-08-25
2020-08-24,38.882250,-76.990242,Ward 6,2020-08-25
2020-08-24,38.894935,-76.989558,Ward 6,2020-08-25
2020-08-24,38.912768,-77.011753,Ward 5,2020-08-25
2020-08-25,38.940574,-77.064167,Ward 3,2020-08-25
2020-08-25,38.883013,-76.983473,Ward 6,2020-08-25
2020-08-25,38.954713,-76.994445,Ward 5,2020-08-25
2020-08-25,38.892178,-76.975422,Ward 6,2020-08-25
2020-08-25,38.872928,-76.962008,Ward 7,2020-08-25
2020-08-25,38.922841,-77.080899,Ward 3,2020-08-25
2020-08-25,38.925169,-76.965162,Ward 5,2021-01-26
2020-08-25,38.886836,-76.979380,Ward 6,2020-08-26
2020-08-25,38.982119,-77.024242,Ward 4,2020-08-25
2020-08-25,38.951728,-76.996826,Ward 5,2020-08-25
2020-08-25,38.891802,-76.993401,Ward 6,2020-08-25
2020-08-25,38.947905,-76.980540,Ward 5,2020-08-25
2020-08-25,38.948052,-76.980749,Ward 5,2020-08-25
2020-08-25,38.947983,-76.980639,Ward 5,2020-08-25
2020-08-25,38.967721,-77.067012,Ward 4,2020-11-23
2020-08-25,38.954371,-76.991331,Ward 5,2020-08-25
2020-08-25,38.931446,-77.040064,Ward 1,2020-08-26
2020-08-25,38.928093,-76.984927,Ward 5,2020-08-26
2020-08-25,38.897758,-77.031610,Ward 2,2020-08-26
2020-08-25,38.930515,-77.038603,Ward 1,2020-08-26
2020-08-25,38.964772,-77.007579,Ward 4,2020-08-26
2020-08-25,38.938000,-76.974398,Ward 5,2020-08-26
2020-08-25,38.960626,-77.022188,Ward 4,2020-08-26
2020-08-25,38.927113,-76.992678,Ward 5,2020-08-26
2020-08-25,38.907229,-77.066229,Ward 2,2020-08-26
2020-08-25,38.928603,-76.985783,Ward 5,2020-08-26
2020-08-25,38.965430,-77.033419,Ward 4,2020-08-26
2020-08-25,38.927877,-77.028203,Ward 1,2020-08-26
2020-08-25,38.872045,-76.971182,Ward 8,2020-08-27
2020-08-25,38.898540,-77.019601,Ward 2,2020-08-26
2020-08-25,38.927324,-77.076633,Ward 3,2020-08-26
2020-08-26,38.923647,-77.057968,Ward 3,2020-08-26
2020-08-26,38.925885,-76.968952,Ward 5,2020-08-26
2020-08-26,38.902217,-76.985260,Ward 5,2020-08-27
2020-08-26,38.974387,-77.067747,Ward 4,2020-08-26
2020-08-26,38.947274,-77.086430,Ward 3,2020-08-26
2020-08-26,38.965589,-77.033647,Ward 4,2020-08-26
2020-08-26,38.948523,-77.066600,Ward 3,2020-08-26
2020-08-26,38.959577,-77.003312,Ward 4,2020-08-27
2020-08-26,38.890423,-76.998213,Ward 6,2020-08-27
2020-08-26,38.938391,-77.061052,Ward 3,2020-08-26
2020-08-26,38.963307,-77.061623,Ward 4,2020-08-26
2020-08-26,38.923684,-77.043703,Ward 1,2020-08-27
2020-08-26,38.971824,-77.010400,Ward 4,2020-08-27
2020-08-26,38.839313,-76.996793,Ward 8,2020-08-27
2020-08-26,38.920055,-77.074921,Ward 3,2020-08-27
2020-08-26,38.945881,-77.038599,Ward 4,2020-08-27
2020-08-26,38.905876,-76.986517,Ward 5,2020-08-27
2020-08-26,38.947210,-77.082705,Ward 3,2020-08-27
2020-08-26,38.930572,-77.041302,Ward 1,2020-08-28
2020-08-26,38.879883,-76.985743,Ward 6,2020-08-27
2020-08-26,38.930572,-77.041302,Ward 1,2020-08-28
2020-08-26,38.905464,-76.986199,Ward 5,2020-08-27
2020-08-26,38.936497,-77.068961,Ward 3,2020-08-27
2020-08-26,38.934967,-77.036451,Ward 1,2020-08-27
2020-08-26,38.964742,-77.065897,Ward 4,2020-08-27
2020-08-26,38.903110,-76.978990,Ward 5,2020-08-27
2020-08-26,38.881598,-76.941860,Ward 7,2020-08-29
2020-08-26,38.971645,-77.025643,Ward 4,2020-08-27
2020-08-26,38.871928,-76.970706,Ward 7,2020-08-27
2020-08-26,38.975851,-77.019830,Ward 4,2020-08-27
2020-08-26,38.975851,-77.019830,Ward 4,2020-08-27
2020-08-26,38.969096,-77.009042,Ward 4,2020-08-27
2020-08-27,38.943181,-77.004523,Ward 5,2020-08-27
2020-08-27,38.937694,-77.036101,Ward 4,2020-08-27
2020-08-27,38.954561,-77.033746,Ward 4,2020-08-27
2020-08-27,38.893602,-76.936446,Ward 7,2020-08-28
2020-08-27,38.896606,-76.974684,Ward 7,2020-08-27
2020-08-27,38.847154,-76.998523,Ward 8,2020-08-28
2020-08-27,38.906722,-77.027810,Ward 2,2020-08-28
2020-08-27,38.864235,-76.960279,Ward 7,2020-08-27
2020-08-27,38.860698,-76.984717,Ward 8,2020-08-27
2020-08-27,38.950252,-77.057204,Ward 3,2020-08-27
2020-08-27,38.894349,-76.912264,Ward 7,2020-08-28
2020-08-27,38.961580,-77.071340,Ward 3,2020-08-27
2020-08-27,38.951438,-77.092832,Ward 3,2020-08-27
2020-08-27,38.966531,-77.074885,Ward 3,2020-08-28
2020-08-27,38.922528,-77.003143,Ward 5,2020-08-28
2020-08-27,38.959643,-77.017345,Ward 4,2020-08-28
2020-08-27,38.919009,-77.031192,Ward 1,2020-08-28
2020-08-27,38.872065,-76.957314,Ward 7,2020-08-28
2020-08-27,38.914284,-77.011398,Ward 5,2020-08-28
2020-08-27,38.883928,-76.981865,Ward 6,2020-08-28
2020-08-27,38.843339,-76.995148,Ward 8,2020-08-28
2020-08-27,38.951438,-77.092832,Ward 3,2020-08-28
2020-08-27,38.855907,-76.961699,Ward 7,2020-08-28
2020-08-27,38.936560,-77.033004,Ward 1,2020-08-28
2020-08-27,38.902217,-76.985260,Ward 5,2020-08-31
2020-08-27,38.841879,-77.000572,Ward 8,2020-08-28
2020-08-27,38.835980,-77.007233,Ward 8,2020-08-28
2020-08-27,38.926729,-77.080463,Ward 3,2020-08-28
2020-08-27,38.905114,-76.997047,Ward 6,2020-08-28
2020-08-28,38.883378,-76.980530,Ward 6,2020-08-28
2020-08-28,38.940504,-77.091943,Ward 3,2020-08-28
2020-08-28,38.941341,-77.036436,Ward 4,2020-08-28
2020-08-28,38.862589,-76.986691,Ward 8,2020-08-28
2020-08-28,38.872268,-76.975985,Ward 8,2020-09-22
2020-08-28,38.897207,-76.973379,Ward 7,2020-08-28
2020-08-28,38.938314,-77.044052,Ward 4,2020-08-28
2020-08-28,38.926367,-77.068339,Ward 3,2020-08-28
2020-08-28,38.963352,-77.012724,Ward 4,2020-08-28
2020-08-28,38.893036,-76.981287,Ward 6,2020-08-28
2020-08-28,38.871029,-76.950417,Ward 7,2020-08-28
2020-08-28,38.831079,-77.011498,Ward 8,2020-08-28
2020-08-28,38.895482,-76.974100,Ward 7,2020-08-28
2020-08-28,38.922528,-77.003143,Ward 5,2020-08-31
2020-08-28,38.932247,-77.033063,Ward 1,2020-08-28
2020-08-28,38.853298,-76.983303,Ward 8,2020-08-28
2020-08-28,38.897321,-76.921620,Ward 7,2020-08-28
2020-08-28,38.868050,-76.986346,Ward 8,2020-08-28
2020-08-28,38.933287,-76.970895,Ward 5,2020-09-01
2020-08-28,38.833621,-77.008744,Ward 8,2020-09-03
2020-08-28,38.833434,-77.008804,Ward 8,2020-09-02
2020-08-28,38.969225,-77.034731,Ward 4,2020-08-31
2020-08-28,38.953795,-77.016755,Ward 4,2020-08-31
2020-08-28,38.869055,-76.953772,Ward 7,2020-08-28
2020-08-28,38.944179,-77.036805,Ward 4,2020-08-31
2020-08-28,38.911501,-77.048790,Ward 2,2020-08-31
2020-08-28,38.947350,-77.036054,Ward 4,2020-08-31
2020-08-28,38.910501,-77.036078,Ward 2,2020-08-31
2020-08-28,38.915185,-77.097308,Ward 3,2020-08-29
2020-08-28,38.915185,-77.097308,Ward 3,2020-08-29
2020-08-28,38.912403,-76.969890,Ward 5,2020-08-31
2020-08-29,38.942544,-76.974415,Ward 5,2020-08-31
2020-08-29,38.915185,-77.097308,Ward 3,2020-08-29
2020-08-29,38.872633,-76.976469,Ward 8,2020-08-29
2020-08-29,38.920419,-77.039060,Ward 1,2020-08-31
2020-08-29,38.907647,-77.065581,Ward 2,2020-08-31
2020-08-29,38.883918,-76.979336,Ward 6,2020-08-31
2020-08-29,38.845088,-76.997794,Ward 8,2020-08-29
2020-08-29,38.948401,-77.096529,Ward 3,2020-08-31
2020-08-29,38.845089,-77.001551,Ward 8,2020-08-29
2020-08-29,38.883918,-76.979336,Ward 6,2020-08-31
2020-08-29,38.906077,-76.984533,Ward 5,2020-08-31
2020-08-29,38.893278,-76.987661,Ward 6,2020-08-31
2020-08-29,38.907319,-76.983052,Ward 5,2020-08-31
2020-08-29,38.894853,-76.935092,Ward 7,2020-09-01
2020-08-29,38.831886,-77.005200,Ward 8,2020-08-29
2020-08-29,38.884284,-76.990657,Ward 6,2020-08-31
2020-08-29,38.940235,-77.100844,Ward 3,2020-08-31
2020-08-29,38.884286,-76.990720,Ward 6,2020-08-31
2020-08-29,38.920251,-77.048019,Ward 1,2020-08-29
2020-08-29,38.884284,-76.990657,Ward 6,2020-08-31
2020-08-29,38.956165,-77.087320,Ward 3,2020-08-31
2020-08-29,38.902302,-77.011512,Ward 6,2020-08-31
2020-08-29,38.920508,-77.048059,Ward 1,2020-08-29
2020-08-29,38.921613,-77.039826,Ward 1,2020-08-31
2020-08-29,38.920508,-77.048059,Ward 1,2020-08-29
2020-08-29,38.866276,-76.970213,Null,2020-08-29
2020-08-29,38.969350,-77.070784,Ward 3,2020-08-31
2020-08-30,38.929509,-77.039980,Ward 1,2020-08-31
2020-08-30,38.952230,-77.021570,Ward 4,2020-08-31
2020-08-30,38.951247,-77.069542,Ward 3,2020-08-31
2020-08-30,38.921498,-77.103930,Ward 3,2020-08-31
2020-08-30,38.872519,-76.957302,Ward 7,2020-09-01
2020-08-30,38.907464,-76.983283,Ward 5,2020-08-31
2020-08-30,38.929509,-77.039908,Ward 1,2020-08-31
2020-08-30,38.956145,-77.087922,Ward 3,2020-08-31
2020-08-30,38.973017,-77.059171,Ward 4,2020-08-31
2020-08-30,38.928039,-76.985762,Ward 5,2020-08-31
2020-08-30,38.913948,-77.043150,Ward 2,2020-08-31
2020-08-30,38.946061,-77.084037,Ward 3,2020-08-31
2020-08-30,38.987609,-77.045787,Ward 4,2020-08-31
2020-08-30,38.892404,-76.978200,Ward 7,2020-08-31
2020-08-31,38.941016,-77.033876,Ward 4,2020-08-31
2020-08-31,38.914401,-77.069661,Ward 2,2020-08-31
2020-08-31,38.902886,-76.949494,Ward 7,2020-09-01
2020-08-31,38.871401,-76.956471,Ward 7,2020-08-31
2020-08-31,38.973022,-77.059337,Ward 4,2020-08-31
2020-08-31,38.876663,-76.939141,Ward 7,2020-09-02
2020-08-31,38.910767,-76.939077,Ward 7,2020-09-01
2020-08-31,38.935339,-77.061335,Ward 3,2020-08-31
2020-08-31,38.824251,-76.998903,Ward 8,2020-09-02
2020-08-31,38.951143,-76.992557,Ward 5,2020-09-02
2020-08-31,38.951419,-76.992536,Ward 5,2020-09-02
2020-08-31,38.947808,-76.998245,Ward 5,2020-08-31
2020-08-31,38.867962,-76.945912,Ward 7,2020-09-04
2020-08-31,38.924323,-76.981639,Ward 5,2020-08-31
2020-08-31,38.953375,-77.018450,Ward 4,2020-09-01
2020-08-31,38.948748,-76.982583,Ward 5,2020-08-31
2020-08-31,38.965183,-77.012526,Ward 4,2020-08-31
2020-08-31,38.904119,-76.984410,Ward 5,2020-08-31
2020-08-31,38.905537,-76.987200,Ward 5,2020-09-01
2020-08-31,38.892173,-76.921660,Ward 7,2020-09-01
2020-08-31,38.840570,-76.995248,Ward 8,2020-09-01
2020-08-31,38.955387,-77.025962,Ward 4,2020-09-01
2020-08-31,38.979924,-77.024705,Ward 4,2020-09-01
2020-08-31,38.979924,-77.024705,Ward 4,2020-09-01
2020-08-31,38.962290,-77.069012,Ward 3,2020-09-01
2020-08-31,38.952695,-77.085164,Ward 3,2020-09-01
2020-08-31,38.904119,-76.984410,Ward 5,2021-01-26
2020-08-31,38.948837,-76.982661,Ward 5,2020-09-01
2020-08-31,38.953501,-77.086422,Ward 3,2020-09-01
2020-08-31,38.894314,-77.016542,Ward 2,2020-09-01
2020-08-31,38.912394,-77.011520,Ward 5,2020-09-01
2020-09-01,38.903876,-76.979372,Ward 5,2020-09-01
2020-09-01,38.959101,-77.036042,Ward 4,2020-09-01
2020-09-01,38.949942,-77.058341,Ward 3,2020-09-01
2020-09-01,38.845258,-76.999488,Ward 8,2020-09-02
2020-09-01,38.981002,-77.055749,Ward 4,2020-09-01
2020-09-01,38.938242,-77.078156,Ward 3,2020-09-01
2020-09-01,38.964153,-77.070739,Ward 3,2020-09-01
2020-09-01,38.886116,-76.980400,Ward 6,2020-09-01
2020-09-01,38.959473,-77.082689,Ward 3,2020-09-01
2020-09-01,38.947242,-77.036431,Ward 4,2020-09-02
2020-09-01,38.922059,-76.983417,Ward 5,2020-09-02
2020-09-01,38.962871,-77.022910,Ward 4,2020-09-02
2020-09-01,38.908584,-77.068585,Ward 2,2020-09-02
2020-09-01,38.914089,-77.029620,Null,2020-09-02
2020-09-01,38.856407,-76.979909,Ward 8,2020-09-02
2020-09-01,38.948837,-76.982661,Ward 5,2020-09-01
2020-09-01,38.903010,-76.930650,Ward 7,2020-09-02
2020-09-01,38.917330,-77.029344,Ward 1,2020-09-02
2020-09-01,38.917609,-77.029358,Ward 1,2020-09-02
2020-09-01,38.918114,-77.029620,Ward 1,2020-09-02
2020-09-01,38.922953,-77.029237,Ward 1,2020-09-02
2020-09-01,38.923178,-77.029324,Ward 1,2020-09-02
2020-09-01,38.923467,-77.029416,Ward 1,2020-09-02
2020-09-01,38.892349,-76.997216,Ward 6,2020-09-02
2020-09-01,38.927180,-77.033470,Ward 1,2020-09-02
2020-09-01,38.936978,-76.970137,Ward 5,2020-09-02
2020-09-01,38.943907,-77.022586,Ward 4,2020-09-02
2020-09-01,38.883929,-76.981734,Ward 6,2020-09-02
2020-09-01,38.939132,-77.099572,Ward 3,2020-09-02
2020-09-01,38.887137,-76.991314,Ward 6,2020-09-02
2020-09-01,38.844870,-76.994978,Ward 8,2020-09-02
2020-09-01,38.836298,-77.003242,Ward 8,2020-09-01
2020-09-01,38.836298,-77.003242,Ward 8,2020-09-01
2020-09-01,38.824279,-76.998997,Ward 8,2020-09-03
2020-09-02,38.919562,-77.072994,Ward 3,2020-09-02
2020-09-02,38.926367,-77.078527,Ward 3,2020-09-02
2020-09-02,38.922868,-77.027788,Ward 1,2020-09-02
2020-09-02,38.954472,-77.085366,Ward 3,2020-09-02
2020-09-02,38.954472,-77.085366,Ward 3,2020-09-02
2020-09-02,38.876490,-76.964237,Ward 7,2020-09-02
2020-09-02,38.890586,-76.991343,Ward 6,2020-09-03
2020-09-02,38.934869,-76.978518,Ward 5,2020-09-02
2020-09-02,38.824988,-77.009779,Ward 8,2020-09-04
2020-09-02,38.941037,-77.030706,Ward 4,2020-09-02
2020-09-02,38.933690,-77.066147,Ward 3,2020-09-02
2020-09-02,38.896602,-76.940700,Ward 7,2020-09-03
2020-09-02,38.930182,-76.992698,Ward 5,2020-09-02
2020-09-02,38.942919,-77.082618,Ward 3,2020-09-02
2020-09-02,38.943346,-77.092850,Ward 3,2020-09-02
2020-09-02,38.912426,-77.047093,Ward 2,2020-09-02
2020-09-02,38.900469,-76.920450,Ward 7,2020-09-03
2020-09-02,38.941409,-76.995474,Ward 5,2020-09-03
2020-09-02,38.830265,-76.998951,Ward 8,2020-09-08
2020-09-02,38.872011,-76.966423,Ward 7,2020-09-04
2020-09-02,38.900397,-77.011985,Ward 6,2020-09-03
2020-09-02,38.957661,-77.013649,Ward 4,2020-09-03
2020-09-02,38.839866,-76.995145,Ward 8,2020-09-04
2020-09-02,38.962510,-77.017337,Ward 4,2020-09-03
2020-09-02,38.867907,-76.941763,Ward 7,2020-09-03
2020-09-02,38.917930,-77.046038,Ward 1,2020-09-03
2020-09-03,38.881608,-76.983145,Ward 6,2020-09-04
2020-09-03,38.930775,-77.024720,Ward 1,2020-09-03
2020-09-03,38.939238,-76.994534,Ward 5,2020-09-03
2020-09-03,38.851848,-76.988801,Ward 8,2020-09-03
2020-09-03,38.876218,-76.961514,Ward 7,2020-09-04
2020-09-03,38.971288,-77.025649,Ward 4,2020-09-03
2020-09-03,38.971311,-77.025946,Ward 4,2020-09-03
2020-09-03,38.903168,-77.016452,Ward 6,2020-09-03
2020-09-03,38.914738,-77.052878,Ward 2,2020-09-03
2020-09-03,38.867194,-76.945427,Ward 7,2020-09-04
2020-09-03,38.896829,-76.997247,Ward 6,2020-09-03
2020-09-03,38.947983,-76.980639,Ward 5,2020-09-04
2020-09-03,38.959884,-77.069927,Ward 3,2020-09-03
2020-09-03,38.859080,-76.954283,Ward 7,2020-09-04
2020-09-03,38.820929,-77.006314,Ward 8,2020-09-04
2020-09-03,38.883924,-76.991096,Ward 6,2020-09-04
2020-09-03,38.912063,-77.061126,Ward 2,2020-09-04
2020-09-03,38.950934,-77.073615,Ward 3,2020-09-04
2020-09-03,38.887776,-76.986622,Ward 6,2020-09-04
2020-09-03,38.890322,-76.993502,Ward 6,2020-09-04
2020-09-03,38.954850,-77.019579,Ward 4,2020-09-04
2020-09-03,38.947488,-76.998183,Ward 5,2020-09-03
2020-09-03,38.947488,-76.998183,Ward 5,2020-09-08
2020-09-03,38.939652,-76.975199,Ward 5,2020-09-03
2020-09-03,38.979213,-77.029949,Ward 4,2020-09-04
2020-09-03,38.927760,-77.054320,Ward 3,2020-09-04
2020-09-03,38.947808,-76.998245,Ward 5,2020-09-03
2020-09-03,38.884681,-76.945595,Ward 7,2020-09-08
2020-09-03,38.947808,-76.998245,Ward 5,2020-09-03
2020-09-03,38.917936,-77.011394,Ward 5,2020-09-04
2020-09-03,38.871976,-76.972953,Ward 8,2020-09-04
2020-09-03,38.935238,-77.055424,Ward 3,2020-09-04
2020-09-03,38.937407,-77.030907,Ward 4,2020-09-04
2020-09-03,38.925169,-76.965162,Ward 5,2020-09-04
2020-09-03,38.944433,-76.987138,Ward 5,2020-09-04
2020-09-03,38.926635,-77.051819,Ward 3,2020-09-04
2020-09-03,38.924657,-76.964413,Ward 5,2020-09-04
2020-09-03,38.922785,-76.967961,Ward 5,2020-09-04
2020-09-03,38.949182,-77.033730,Ward 4,2020-09-04
2020-09-03,38.871941,-76.954843,Ward 7,2020-09-04
2020-09-03,38.924464,-76.962190,Ward 5,2020-09-04
2020-09-03,38.924510,-76.968062,Ward 5,2020-09-04
2020-09-03,38.924740,-76.968275,Ward 5,2020-09-04
2020-09-03,38.920060,-76.957567,Ward 5,2020-09-04
2020-09-04,38.892604,-76.952067,Ward 7,2020-09-04
2020-09-04,38.891261,-76.931869,Ward 7,2020-09-04
2020-09-04,38.935238,-77.055424,Ward 3,2020-09-04
2020-09-04,38.937407,-77.030907,Ward 4,2020-09-04
2020-09-04,38.937407,-77.030907,Ward 4,2020-09-04
2020-09-04,38.885046,-76.957919,Ward 7,2020-09-04
2020-09-04,38.925105,-76.966747,Ward 5,2020-09-04
2020-09-04,38.925764,-76.966997,Ward 5,2020-09-04
2020-09-04,38.939491,-77.051231,Ward 4,2020-09-04
2020-09-04,38.940884,-76.992380,Ward 5,2020-09-04
2020-09-04,38.924354,-76.962168,Ward 5,2020-09-04
2020-09-04,38.897313,-76.919679,Ward 7,2020-09-04
2020-09-04,38.970119,-77.020130,Ward 4,2020-09-04
2020-09-04,38.923506,-76.962670,Ward 5,2020-09-04
2020-09-04,38.902757,-76.930715,Ward 7,2020-09-04
2020-09-04,38.890736,-76.987210,Ward 6,2020-09-04
2020-09-04,38.934287,-76.977439,Ward 5,2020-09-04
2020-09-04,38.956909,-77.064682,Ward 3,2020-09-04
2020-09-04,38.952364,-77.058276,Ward 3,2020-09-04
2020-09-04,38.962074,-77.015882,Ward 4,2020-09-04
2020-09-04,38.987165,-77.031999,Ward 4,2020-09-04
2020-09-04,38.960558,-77.009830,Ward 4,2020-09-04
2020-09-04,38.907779,-77.059044,Ward 2,2020-09-04
2020-09-04,38.960514,-77.074392,Ward 3,2020-09-04
2020-09-04,38.940113,-77.093487,Ward 3,2020-09-08
2020-09-04,38.956630,-77.022531,Ward 4,2020-09-04
2020-09-04,38.957297,-77.021303,Ward 4,2020-09-08
2020-09-04,38.932554,-77.028617,Ward 1,2020-09-08
2020-09-04,38.957267,-77.022542,Ward 4,2020-09-08
2020-09-04,38.925697,-76.958149,Ward 5,2020-09-04
2020-09-04,38.946126,-77.033621,Ward 4,2020-09-09
2020-09-04,38.932823,-76.980491,Ward 5,2020-09-04
2020-09-04,38.894600,-76.981454,Ward 6,2020-09-08
2020-09-04,38.887303,-76.921421,Ward 7,2020-09-12
2020-09-04,38.926774,-76.960856,Ward 5,2020-09-04
2020-09-04,38.947808,-77.053228,Ward 3,2020-09-04
2020-09-04,38.921112,-76.964828,Ward 5,2020-09-04
2020-09-04,38.907872,-77.033600,Ward 2,2020-09-09
2020-09-04,38.924798,-77.107124,Ward 3,2020-09-08
2020-09-04,38.914738,-77.052878,Ward 2,2020-09-08
2020-09-04,38.920560,-76.965035,Ward 5,2020-09-08
2020-09-04,38.920901,-76.965372,Ward 5,2020-09-08
2020-09-04,38.906643,-77.061781,Ward 2,2020-09-08
2020-09-04,38.932289,-76.992835,Ward 5,2020-09-08
2020-09-04,38.921464,-76.965478,Ward 5,2020-09-08
2020-09-04,38.927420,-77.038088,Ward 1,2020-09-08
2020-09-04,38.927826,-77.040503,Ward 1,2020-09-08
2020-09-04,38.932289,-76.992835,Ward 5,2020-09-08
2020-09-04,38.931287,-76.992105,Ward 5,2020-09-08
2020-09-04,38.941171,-77.000816,Ward 5,2020-09-08
2020-09-05,38.842030,-76.990422,Ward 8,2020-09-09
2020-09-05,38.921079,-76.964636,Ward 5,2020-09-08
2020-09-05,38.934847,-77.022468,Ward 1,2020-09-08
2020-09-05,38.896957,-77.010307,Ward 6,2020-09-08
2020-09-05,38.899102,-76.995146,Ward 6,2020-09-09
2020-09-05,38.918233,-77.041880,Ward 1,2020-09-08
2020-09-05,38.926448,-77.044084,Ward 1,2020-09-08
2020-09-05,38.963768,-77.061209,Ward 4,2020-09-08
2020-09-05,38.931883,-76.984358,Ward 5,2020-09-08
2020-09-06,38.878110,-76.961443,Ward 7,2020-09-12
2020-09-06,38.930724,-76.965083,Ward 5,2020-09-08
2020-09-06,38.940538,-77.015026,Ward 4,2020-09-08
2020-09-06,38.891581,-76.985213,Ward 6,2020-09-09
2020-09-06,38.932080,-77.029982,Ward 1,2020-09-08
2020-09-07,38.926273,-77.036489,Ward 1,2020-09-08
2020-09-07,38.901013,-77.028546,Ward 2,2020-09-08
2020-09-07,38.856685,-76.980465,Ward 8,2020-09-08
2020-09-07,38.919374,-77.071790,Ward 3,2020-09-08
2020-09-07,38.965757,-77.070748,Ward 3,2020-09-08
2020-09-07,38.924955,-76.981020,Ward 5,2020-09-08
2020-09-07,38.924955,-76.981020,Ward 5,2020-09-08
2020-09-07,38.933032,-77.025620,Ward 1,2020-09-08
2020-09-07,38.933045,-77.025341,Ward 1,2020-09-08
2020-09-08,38.905647,-77.034569,Ward 2,2020-09-08
2020-09-08,38.930740,-77.088267,Ward 3,2020-09-08
2020-09-08,38.915103,-77.045721,Ward 1,2020-09-08
2020-09-08,38.912606,-77.018925,Ward 6,2020-09-08
2020-09-08,38.914089,-77.022945,Null,2020-09-09
2020-09-08,38.912420,-77.028473,Ward 2,2020-09-08
2020-09-08,38.914257,-77.030167,Ward 1,2020-09-08
2020-09-08,38.964827,-77.036384,Ward 4,2020-09-08
2020-09-08,38.961435,-77.036764,Ward 4,2020-09-08
2020-09-08,38.952535,-77.036415,Ward 4,2020-09-08
2020-09-08,38.948039,-77.035939,Ward 4,2020-09-08
2020-09-08,38.947242,-77.036431,Ward 4,2020-09-08
2020-09-08,38.945496,-77.035851,Ward 4,2020-09-08
2020-09-08,38.944414,-77.035992,Ward 4,2020-09-08
2020-09-08,38.944000,-77.036432,Ward 4,2020-09-08
2020-09-08,38.942199,-77.036840,Ward 4,2020-09-08
2020-09-08,38.905910,-76.942132,Ward 7,2020-09-08
2020-09-08,38.931471,-76.992541,Ward 5,2020-09-08
2020-09-08,38.934967,-77.036451,Ward 1,2020-09-08
2020-09-08,38.930451,-77.036458,Ward 1,2020-09-08
2020-09-08,38.963755,-77.077857,Ward 3,2020-09-08
2020-09-08,38.985390,-77.035944,Ward 4,2020-09-08
2020-09-08,38.934866,-77.025707,Ward 1,2020-09-08
2020-09-08,38.901530,-76.995958,Ward 6,2020-09-09
2020-09-08,38.943778,-77.018425,Ward 4,2020-09-09
2020-09-08,38.867725,-76.955366,Ward 7,2020-09-14
2020-09-08,38.911301,-77.021178,Ward 6,2020-09-08
2020-09-08,38.934589,-77.039110,Ward 1,2020-09-08
2020-09-08,38.957444,-76.993192,Ward 4,2020-09-09
2020-09-08,38.890800,-76.991295,Ward 6,2020-09-09
2020-09-08,38.943162,-77.078035,Ward 3,2020-09-08
2020-09-08,38.974864,-77.036364,Ward 4,2020-09-08
2020-09-08,38.955651,-77.069810,Ward 3,2020-09-09
2020-09-08,38.927268,-77.068857,Ward 3,2020-09-09
2020-09-08,38.950533,-77.097017,Ward 3,2020-09-09
2020-09-08,38.886224,-77.002241,Ward 6,2020-09-09
2020-09-08,38.869292,-76.981689,Ward 8,2020-09-09
2020-09-08,38.935854,-77.022794,Ward 1,2020-09-09
2020-09-08,38.844051,-76.990909,Ward 8,2020-09-09
2020-09-08,38.919788,-76.982898,Ward 5,2020-09-09
2020-09-08,38.925724,-76.998205,Ward 5,2020-09-09
2020-09-08,38.940495,-77.017607,Ward 4,2020-09-09
2020-09-08,38.953742,-77.056296,Ward 3,2020-09-09
2020-09-08,38.895499,-77.031955,Ward 2,2020-09-09
2020-09-08,38.894631,-77.031964,Ward 2,2020-09-09
2020-09-08,38.887568,-77.031952,Null,2020-09-09
2020-09-09,38.938846,-77.069767,Ward 3,2020-09-09
2020-09-09,38.887042,-77.003260,Ward 6,2020-09-09
2020-09-09,38.906827,-77.005465,Ward 6,2020-09-09
2020-09-09,38.933287,-76.970895,Ward 5,2020-09-09
2020-09-09,38.897758,-77.031610,Ward 2,2020-09-09
2020-09-09,38.913928,-77.067367,Ward 2,2020-09-09
2020-09-09,38.948998,-77.068727,Ward 3,2020-09-09
2020-09-09,38.880890,-76.984871,Ward 6,2020-09-09
2020-09-09,38.942306,-77.045833,Ward 4,2020-09-09
2020-09-09,38.982672,-77.055774,Ward 4,2020-09-09
2020-09-09,38.885852,-76.985233,Ward 6,2020-09-09
2020-09-09,38.914122,-77.053936,Ward 2,2020-09-09
2020-09-09,38.888325,-76.998230,Ward 6,2020-09-09
2020-09-09,38.967774,-77.009275,Ward 4,2020-09-10
2020-09-09,38.902632,-76.985929,Ward 5,2020-09-09
2020-09-09,38.927765,-77.089964,Ward 3,2020-09-09
2020-09-09,38.886635,-76.989062,Ward 6,2020-09-09
2020-09-09,38.923344,-77.080805,Ward 3,2020-09-10
2020-09-09,38.933217,-77.077279,Ward 3,2020-09-09
2020-09-09,38.935338,-77.066731,Ward 3,2020-09-10
2020-09-09,38.934292,-77.087826,Ward 3,2020-09-09
2020-09-09,38.929784,-76.969616,Ward 5,2020-09-11
2020-09-09,38.898927,-76.942355,Ward 7,2020-09-09
2020-09-09,38.898816,-76.982829,Ward 6,2020-09-10
2020-09-09,38.927264,-77.109912,Ward 3,2020-09-10
2020-09-09,38.933529,-77.042474,Ward 1,2020-09-10
2020-09-09,38.964131,-77.008752,Ward 4,2020-09-11
2020-09-09,38.859231,-76.959937,Ward 7,2020-09-11
2020-09-09,38.902319,-76.934016,Ward 7,2020-09-18
2020-09-09,38.876635,-76.950358,Ward 7,2020-09-10
2020-09-10,38.894596,-76.981210,Ward 6,2020-09-10
2020-09-10,38.894596,-76.981210,Ward 6,2020-09-10
2020-09-10,38.939127,-77.017584,Ward 4,2020-09-10
2020-09-10,38.935274,-76.971291,Ward 5,2020-09-10
2020-09-10,38.910415,-77.085014,Ward 3,2020-10-05
2020-09-10,38.887137,-76.991314,Ward 6,2020-09-10
2020-09-10,38.879803,-76.988072,Ward 6,2020-09-11
2020-09-10,38.939472,-76.991996,Ward 5,2020-09-10
2020-09-10,38.885417,-76.991311,Ward 6,2020-09-10
2020-09-10,38.868752,-76.981003,Ward 8,2020-09-16
2020-09-10,38.967917,-77.029424,Ward 4,2020-09-11
2020-09-10,38.980062,-77.023230,Ward 4,2020-09-10
2020-09-10,38.945331,-77.093895,Ward 3,2020-09-11
2020-09-10,38.964500,-77.024740,Ward 4,2020-09-10
2020-09-10,38.945331,-77.093895,Ward 3,2020-09-11
2020-09-10,38.941060,-77.093452,Ward 3,2020-09-11
2020-09-10,38.970323,-77.071095,Ward 3,2020-09-11
2020-09-10,38.857282,-76.962567,Ward 7,2020-09-11
2020-09-10,38.956195,-77.079008,Ward 3,2020-09-11
2020-09-10,38.882957,-77.001808,Ward 6,2020-09-11
2020-09-10,38.900439,-77.054299,Ward 2,2020-09-11
2020-09-10,38.857200,-76.964623,Ward 7,2020-09-11
2020-09-10,38.884270,-77.000578,Ward 6,2020-09-11
2020-09-10,38.879761,-76.988065,Ward 6,2020-09-11
2020-09-10,38.899555,-76.994962,Ward 6,2020-09-11
2020-09-10,38.927865,-77.082617,Ward 3,2020-09-11
2020-09-10,38.882139,-77.000799,Ward 6,2020-09-11
2020-09-11,38.926044,-77.081301,Ward 3,2020-09-11
2020-09-11,38.949479,-77.084222,Ward 3,2020-09-11
2020-09-11,38.885143,-76.998278,Ward 6,2020-09-11
2020-09-11,38.881074,-76.998015,Ward 6,2020-09-11
2020-09-11,38.879564,-76.997336,Ward 6,2020-09-11
2020-09-11,38.883596,-76.995986,Ward 6,2020-09-11
2020-09-11,38.890901,-76.977256,Ward 6,2020-09-11
2020-09-11,38.909634,-77.050447,Ward 2,2020-09-16
2020-09-11,38.968267,-77.066132,Ward 4,2020-09-11
2020-09-11,38.991071,-77.034946,Ward 4,2020-09-11
2020-09-11,38.923695,-76.974426,Ward 5,2020-09-11
2020-09-11,38.905621,-76.975370,Ward 5,2020-09-15
2020-09-11,38.901060,-77.000348,Ward 6,2020-09-11
2020-09-11,38.826815,-77.008948,Ward 8,2020-09-17
2020-09-11,38.945721,-77.073528,Ward 3,2020-09-11
2020-09-11,38.893125,-77.019350,Ward 2,2020-09-11
2020-09-11,38.958669,-77.036771,Ward 4,2020-09-11
2020-09-11,38.936793,-77.027959,Ward 4,2020-09-11
2020-09-11,38.923695,-76.974426,Ward 5,2020-09-11
2020-09-11,38.942892,-77.092224,Ward 3,2020-09-11
2020-09-11,38.952408,-76.991687,Ward 5,2020-09-11
2020-09-11,38.892953,-76.990471,Ward 6,2020-09-11
2020-09-11,38.919757,-77.074749,Ward 3,2020-09-14
2020-09-11,38.941596,-76.993231,Ward 5,2020-09-11
2020-09-11,38.961910,-77.067330,Ward 3,2020-09-14
2020-09-11,38.902302,-77.011512,Ward 6,2020-09-14
2020-09-11,38.959735,-77.011854,Ward 4,2020-09-14
2020-09-11,38.826391,-76.997879,Ward 8,2020-09-14
2020-09-11,38.929399,-77.031605,Ward 1,2020-09-14
2020-09-11,38.827167,-77.011936,Ward 8,2020-09-17
2020-09-11,38.890423,-76.998213,Ward 6,2020-09-14
2020-09-11,38.968227,-77.015278,Ward 4,2020-09-15
2020-09-11,38.984496,-77.028809,Ward 4,2020-09-14
2020-09-11,38.965183,-77.012526,Ward 4,2020-09-14
2020-09-11,38.881084,-77.019476,Ward 6,2020-09-14
2020-09-11,38.958818,-77.027876,Ward 4,2020-09-14
2020-09-12,38.899468,-76.950628,Ward 7,2020-09-15
2020-09-12,38.922756,-77.003028,Ward 5,2020-09-14
2020-09-12,38.944435,-76.987486,Ward 5,2020-09-14
2020-09-12,38.899986,-76.974934,Ward 5,2020-09-14
2020-09-12,38.885504,-76.987506,Ward 6,2020-09-14
2020-09-12,38.830299,-76.994807,Ward 8,2020-09-14
2020-09-12,38.918265,-77.036927,Ward 1,2020-09-14
2020-09-12,38.871251,-76.975636,Ward 8,2020-09-14
2020-09-12,38.896782,-76.999232,Ward 6,2020-09-14
2020-09-12,38.928952,-77.108222,Ward 3,2020-09-14
2020-09-12,38.928962,-77.056482,Ward 3,2020-09-14
2020-09-12,38.883509,-76.983900,Ward 6,2020-09-14
2020-09-12,38.906169,-76.988069,Ward 5,2020-09-14
2020-09-12,38.960022,-77.036725,Ward 4,2020-09-14
2020-09-12,38.873485,-76.974763,Ward 8,2020-09-17
2020-09-12,38.958633,-76.996322,Ward 4,2020-09-15
2020-09-13,38.928416,-77.029172,Ward 1,2020-09-14
2020-09-13,38.854450,-76.967619,Ward 8,2020-09-14
2020-09-13,38.904366,-76.976219,Ward 5,2020-09-14
2020-09-13,38.940131,-76.980392,Ward 5,2020-09-14
2020-09-13,38.901903,-77.053019,Ward 2,2020-09-14
2020-09-13,38.968629,-77.016170,Ward 4,2020-09-14
2020-09-13,38.899660,-76.975047,Ward 5,2020-09-14
2020-09-13,38.899340,-76.975284,Ward 5,2020-09-14
2020-09-13,38.899986,-76.975044,Ward 5,2020-09-14
2020-09-14,38.952402,-77.094099,Ward 3,2020-09-14
2020-09-14,38.952108,-77.094335,Ward 3,2020-09-15
2020-09-14,38.954500,-77.092354,Ward 3,2020-09-14
2020-09-14,38.976977,-77.024220,Ward 4,2020-09-14
2020-09-14,38.926502,-76.997309,Ward 5,2020-09-14
2020-09-14,38.914543,-77.038850,Ward 2,2020-09-14
2020-09-14,38.968866,-77.074046,Ward 3,2020-09-14
2020-09-14,38.926289,-77.060285,Ward 3,2020-09-14
2020-09-14,38.926289,-77.060285,Ward 3,2020-09-14
2020-09-14,38.939683,-77.094071,Ward 3,2020-09-14
2020-09-14,38.832375,-77.010735,Ward 8,2020-09-17
2020-09-14,38.955387,-77.025962,Ward 4,2020-09-14
2020-09-14,38.944149,-77.072164,Ward 3,2020-09-14
2020-09-14,38.929503,-76.987523,Ward 5,2020-09-18
2020-09-14,38.930972,-76.973368,Ward 5,2020-09-14
2020-09-14,38.899055,-76.936590,Ward 7,2020-09-17
2020-09-14,38.939826,-76.989958,Ward 5,2020-09-14
2020-09-14,38.917841,-76.974169,Ward 5,2020-11-23
2020-09-14,38.908981,-76.985478,Ward 5,2020-09-15
2020-09-14,38.955243,-77.018014,Ward 4,2020-09-15
2020-09-14,38.932561,-76.963781,Ward 5,2020-09-15
2020-09-14,38.927071,-76.984941,Ward 5,2020-09-15
2020-09-14,38.915326,-77.034324,Ward 2,2020-09-15
2020-09-14,38.934897,-76.979428,Ward 5,2020-09-15
2020-09-14,38.837764,-77.005188,Ward 8,2020-09-21
2020-09-14,38.946561,-77.034790,Ward 4,2020-09-15
2020-09-14,38.933442,-76.966473,Ward 5,2020-09-15
2020-09-14,38.906460,-77.041591,Ward 2,2020-09-15
2020-09-14,38.923975,-76.980762,Ward 5,2020-09-15
2020-09-14,38.921592,-77.043207,Ward 1,2020-09-15
2020-09-14,38.949805,-77.017309,Ward 4,2020-09-18
2020-09-14,38.950238,-77.028815,Ward 4,2020-09-15
2020-09-15,38.943972,-77.074607,Ward 3,2020-09-15
2020-09-15,38.948809,-77.082040,Ward 3,2020-09-15
2020-09-15,38.974631,-77.060987,Ward 4,2020-09-15
2020-09-15,38.948261,-77.020307,Ward 4,2020-09-15
2020-09-15,38.934143,-76.983052,Ward 5,2020-09-15
2020-09-15,38.894780,-76.980762,Ward 6,2020-09-15
2020-09-15,38.955243,-77.018014,Ward 4,2020-09-15
2020-09-15,38.904185,-77.028625,Ward 2,2020-09-15
2020-09-15,38.885633,-77.019626,Ward 6,2020-09-15
2020-09-15,38.832832,-76.992557,Ward 8,2020-09-17
2020-09-15,38.907462,-77.030493,Ward 2,2020-09-15
2020-09-15,38.940431,-77.017912,Ward 4,2020-09-16
2020-09-15,38.870894,-76.970699,Ward 7,2020-09-17
2020-09-15,38.905684,-77.031952,Ward 2,2020-09-17
2020-09-15,38.969768,-77.023983,Ward 4,2020-09-17
2020-09-15,38.952364,-77.058276,Ward 3,2020-09-16
2020-09-15,38.926992,-77.106328,Ward 3,2020-09-16
2020-09-15,38.896944,-76.974579,Ward 7,2020-09-17
2020-09-15,38.902795,-76.992419,Ward 6,2020-09-16
2020-09-15,38.896854,-76.963976,Ward 7,2020-09-16
2020-09-16,38.932607,-77.040449,Ward 1,2020-09-16
2020-09-16,38.908672,-77.059618,Ward 2,2020-09-17
2020-09-16,38.945122,-77.004177,Ward 5,2020-09-16
2020-09-16,38.954442,-77.026634,Ward 4,2020-09-16
2020-09-16,38.892086,-76.950655,Ward 7,2020-09-16
2020-09-16,38.895986,-76.917243,Ward 7,2020-09-22
2020-09-16,38.878605,-76.987585,Ward 6,2020-09-16
2020-09-16,38.852724,-76.970048,Ward 8,2020-09-17
2020-09-16,38.928525,-77.097978,Ward 3,2020-09-16
2020-09-16,38.939147,-77.098921,Ward 3,2020-09-16
2020-09-16,38.891805,-76.987179,Ward 6,2020-09-16
2020-09-16,38.934749,-77.023354,Ward 1,2020-09-16
2020-09-16,38.834576,-76.986854,Ward 8,2020-09-16
2020-09-16,38.893283,-76.997977,Ward 6,2020-09-16
2020-09-16,38.916421,-77.035377,Ward 2,2020-09-18
2020-09-16,38.900392,-76.974908,Ward 5,2020-09-16
2020-09-16,38.903875,-76.979224,Ward 5,2020-09-16
2020-09-16,38.886437,-76.997753,Ward 6,2020-09-16
2020-09-16,38.863499,-76.961754,Ward 7,2020-09-16
2020-09-16,38.882515,-76.992475,Ward 6,2020-09-16
2020-09-16,38.924323,-76.981639,Ward 5,2020-09-17
2020-09-16,38.896927,-76.937504,Ward 7,2020-09-17
2020-09-16,38.824638,-77.011798,Ward 8,2020-09-17
2020-09-16,38.925776,-77.089630,Ward 3,2020-09-17
2020-09-16,38.909144,-77.058751,Ward 2,2020-11-23
2020-09-16,38.926086,-77.037833,Ward 1,2020-09-17
2020-09-16,38.924889,-77.039924,Ward 1,2020-09-17
2020-09-16,38.921500,-77.043180,Ward 1,2020-09-17
2020-09-17,38.912904,-77.087430,Ward 3,2020-09-18
2020-09-17,38.881535,-76.924685,Ward 7,2020-09-22
2020-09-17,38.890803,-76.996405,Ward 6,2020-09-17
2020-09-17,38.891339,-76.984050,Ward 6,2020-09-17
2020-09-17,38.905010,-77.063160,Ward 2,2020-09-18
2020-09-17,38.915369,-77.037223,Ward 2,2020-09-18
2020-09-17,38.939997,-77.023067,Ward 4,2021-03-09
2020-09-17,38.972589,-77.061444,Ward 4,2020-09-18
2020-09-17,38.982138,-77.023810,Ward 4,2020-09-18
2020-09-17,38.970762,-77.066634,Ward 4,2020-09-18
2020-09-17,38.896299,-76.984482,Ward 6,2020-09-18
2020-09-17,38.893439,-76.998167,Ward 6,2020-09-17
2020-09-17,38.856956,-76.964003,Ward 7,2020-09-22
2020-09-17,38.890729,-76.986385,Ward 6,2020-09-18
2020-09-17,38.831507,-77.002371,Ward 8,2020-09-23
2020-09-17,38.897478,-76.989273,Ward 6,2020-09-18
2020-09-17,38.893439,-76.998167,Ward 6,2020-09-18
2020-09-18,38.905650,-77.037517,Ward 2,2020-09-18
2020-09-18,38.943219,-76.992897,Ward 5,2020-09-18
2020-09-18,38.932112,-76.983496,Ward 5,2020-09-18
2020-09-18,38.851458,-76.965951,Ward 8,2020-09-22
2020-09-18,38.956712,-77.058066,Null,2020-09-18
2020-09-18,38.962152,-77.023621,Ward 4,2020-09-18
2020-09-18,38.953742,-77.056296,Ward 3,2020-09-18
2020-09-18,38.955192,-77.057563,Ward 3,2020-09-18
2020-09-18,38.894592,-76.992269,Ward 6,2020-09-18
2020-09-18,38.945918,-77.016850,Ward 4,2020-09-18
2020-09-18,38.863534,-76.954474,Ward 7,2020-09-18
2020-09-18,38.940351,-76.995025,Ward 5,2020-09-18
2020-09-18,38.910886,-77.083688,Ward 3,2020-09-21
2020-09-18,38.913890,-77.030470,Ward 2,2020-09-18
2020-09-18,38.913927,-77.031174,Ward 2,2020-09-18
2020-09-18,38.952197,-76.988466,Ward 5,2020-09-18
2020-09-18,38.921517,-76.964749,Ward 5,2020-09-18
2020-09-18,38.949599,-76.996186,Ward 5,2020-09-18
2020-09-18,38.896299,-76.984482,Ward 6,2020-09-18
2020-09-18,38.983502,-77.029683,Ward 4,2020-09-21
2020-09-18,38.943513,-77.027902,Ward 4,2020-09-21
2020-09-18,38.925941,-76.965627,Ward 5,2020-09-18
2020-09-18,38.870739,-76.965796,Ward 7,2020-09-23
2020-09-18,38.861962,-76.980078,Ward 8,2020-09-18
2020-09-18,38.895616,-76.921700,Ward 7,2020-09-22
2020-09-18,38.903555,-76.977315,Ward 5,2020-09-21
2020-09-18,38.974623,-77.057293,Ward 4,2020-09-21
2020-09-18,38.917934,-77.039297,Ward 1,2020-09-21
2020-09-18,38.896846,-76.974609,Ward 7,2020-09-24
2020-09-19,38.934371,-77.071406,Ward 3,2020-09-21
2020-09-19,38.975640,-77.024824,Ward 4,2020-09-21
2020-09-19,38.861903,-76.979938,Ward 8,2020-09-20
2020-09-19,38.973330,-77.020545,Ward 4,2020-09-21
2020-09-19,38.900077,-76.932529,Ward 7,2020-09-21
2020-09-19,38.947753,-76.981323,Ward 5,2020-09-21
2020-09-20,38.948809,-77.082040,Ward 3,2020-09-21
2020-09-20,38.923844,-77.043862,Ward 1,2020-09-21
2020-09-20,38.924761,-77.044406,Ward 1,2020-09-21
2020-09-20,38.901692,-76.932895,Ward 7,2020-09-22
2020-09-20,38.904819,-76.990072,Ward 5,2020-09-21
2020-09-21,38.955387,-77.025962,Ward 4,2020-09-21
2020-09-21,38.826815,-77.008948,Ward 8,2020-09-21
2020-09-21,38.961370,-77.026247,Ward 4,2020-09-21
2020-09-21,38.898321,-77.043469,Ward 2,2020-09-22
2020-09-21,38.967917,-77.029424,Ward 4,2020-09-21
2020-09-21,38.932651,-77.046206,Ward 1,2020-09-21
2020-09-21,38.948508,-77.040733,Ward 4,2020-09-21
2020-09-21,38.926273,-77.036489,Ward 1,2020-09-21
2020-09-21,38.905559,-76.927713,Ward 7,2020-09-22
2020-09-21,38.953487,-77.092361,Ward 3,2020-09-23
2020-09-21,38.890028,-76.925752,Ward 7,2020-09-22
2020-09-21,38.907378,-76.928964,Ward 7,2020-09-22
2020-09-21,38.952930,-77.086204,Ward 3,2020-09-22
2020-09-21,38.887830,-76.989952,Ward 6,2020-09-21
2020-09-21,38.905436,-76.942472,Ward 7,2020-09-23
2020-09-21,38.843990,-76.991256,Ward 8,2020-09-22
2020-09-21,38.957692,-76.994407,Ward 4,2020-09-22
2020-09-21,38.839866,-76.995145,Ward 8,2020-09-23
2020-09-21,38.958417,-77.025861,Ward 4,2020-09-22
2020-09-21,38.900479,-76.937204,Ward 7,2020-09-22
2020-09-21,38.943438,-77.034764,Ward 4,2020-09-22
2020-09-21,38.943966,-77.086207,Ward 3,2020-09-22
2020-09-21,38.943400,-77.085999,Ward 3,2020-09-22
2020-09-21,38.945358,-77.085948,Ward 3,2020-09-22
2020-09-22,38.942326,-77.033854,Ward 4,2020-09-22
2020-09-22,38.967045,-77.073609,Ward 3,2020-09-23
2020-09-22,38.934639,-77.070883,Ward 3,2020-09-22
2020-09-22,38.909212,-77.056086,Ward 2,2020-09-22
2020-09-22,38.897562,-76.997068,Ward 6,2020-09-22
2020-09-22,38.913312,-77.085006,Ward 3,2020-09-22
2020-09-22,38.945720,-77.071478,Ward 3,2020-09-22
2020-09-22,38.937050,-76.971363,Ward 5,2020-09-22
2020-09-22,38.892114,-76.919473,Ward 7,2020-09-23
2020-09-22,38.958669,-77.036771,Ward 4,2020-09-25
2020-09-22,38.890791,-76.984869,Ward 6,2020-09-22
2020-09-22,38.900077,-76.932529,Ward 7,2020-09-23
2020-09-22,38.867725,-76.955366,Ward 7,2020-09-24
2020-09-22,38.856407,-76.979909,Ward 8,2020-09-23
2020-09-22,38.868410,-76.986406,Ward 8,2020-09-23
2020-09-22,38.965678,-77.057669,Ward 4,2020-09-23
2020-09-22,38.874132,-76.960051,Ward 7,2020-09-25
2020-09-23,38.987054,-77.044272,Ward 4,2020-09-23
2020-09-23,38.946097,-77.091258,Ward 3,2020-09-23
2020-09-23,38.938844,-77.070220,Ward 3,2020-09-24
2020-09-23,38.870574,-76.938429,Ward 7,2020-09-28
2020-09-23,38.909775,-77.066099,Ward 2,2020-09-24
2020-09-23,38.872244,-77.011311,Ward 6,2020-09-23
2020-09-23,38.899060,-76.942598,Ward 7,2020-09-24
2020-09-23,38.922547,-76.967279,Ward 5,2020-09-29
2020-09-23,38.925246,-77.024213,Ward 1,2020-09-24
2020-09-23,38.945762,-77.092850,Ward 3,2020-09-24
2020-09-23,38.854250,-76.967960,Ward 8,2020-09-25
2020-09-23,38.916292,-77.025366,Ward 1,2020-09-24
2020-09-23,38.902259,-77.010550,Ward 6,2020-09-24
2020-09-23,38.903565,-77.050672,Ward 2,2020-09-24
2020-09-23,38.917205,-77.043662,Ward 1,2020-09-24
2020-09-23,38.922100,-77.046062,Ward 1,2020-09-24
2020-09-23,38.918484,-77.044275,Ward 1,2020-09-24
2020-09-23,38.918696,-77.044639,Ward 1,2020-09-24
2020-09-23,38.919449,-77.042812,Ward 1,2020-09-24
2020-09-24,38.963273,-77.070435,Ward 3,2020-09-24
2020-09-24,38.852727,-76.972422,Ward 8,2020-09-25
2020-09-24,38.899897,-77.041365,Ward 2,2020-09-25
2020-09-24,38.956958,-77.027591,Ward 4,2020-09-25
2020-09-24,38.941177,-76.985909,Ward 5,2020-09-24
2020-09-24,38.856407,-76.979909,Ward 8,2020-09-24
2020-09-24,38.969958,-77.054343,Ward 4,2020-09-25
2020-09-24,38.941796,-76.989753,Ward 5,2020-09-25
2020-09-24,38.964908,-77.066379,Ward 4,2020-09-25
2020-09-24,38.967982,-77.037409,Ward 4,2020-09-25
2020-09-24,38.902434,-76.985605,Ward 5,2020-09-25
2020-09-24,38.928816,-77.041306,Ward 1,2020-09-25
2020-09-24,38.910851,-77.034340,Ward 2,2020-09-25
2020-09-24,38.866240,-76.988120,Ward 8,2020-09-25
2020-09-24,38.925399,-76.965876,Ward 5,2020-09-25
2020-09-24,38.931239,-77.012151,Ward 5,2020-09-25
2020-09-24,38.903875,-76.979174,Ward 5,2020-09-25
2020-09-24,38.917967,-77.047154,Ward 1,2020-09-25
2020-09-24,38.896129,-76.915262,Ward 7,2020-10-01
2020-09-25,38.872521,-76.977144,Ward 8,2020-09-25
2020-09-25,38.875781,-76.963170,Ward 7,2020-09-25
2020-09-25,38.935547,-77.032428,Ward 1,2020-09-25
2020-09-25,38.912413,-77.042539,Ward 2,2020-09-25
2020-09-25,38.973966,-77.020172,Ward 4,2020-09-25
2020-09-25,38.960016,-77.017779,Ward 4,2020-09-25
2020-09-25,38.932095,-77.065485,Ward 3,2020-09-25
2020-09-25,38.915358,-77.006864,Ward 5,2020-09-28
2020-09-25,38.961763,-77.034831,Ward 4,2020-09-28
2020-09-25,38.904551,-76.996848,Ward 6,2020-09-25
2020-09-25,38.919185,-77.031951,Ward 1,2020-09-28
2020-09-25,38.923075,-76.981712,Ward 5,2020-09-25
2020-09-25,38.919182,-77.029619,Ward 1,2020-09-28
2020-09-25,38.973838,-77.055975,Ward 4,2020-09-28
2020-09-25,38.864673,-76.949780,Ward 7,2020-09-28
2020-09-25,38.957926,-77.069093,Ward 3,2020-09-28
2020-09-25,38.952235,-77.021377,Ward 4,2020-09-29
2020-09-25,38.895003,-77.031353,Ward 2,2020-09-28
2020-09-25,38.891812,-76.987745,Ward 6,2020-09-28
2020-09-25,38.891804,-76.993260,Ward 6,2020-09-28
2020-09-25,38.891803,-76.989603,Ward 6,2020-09-28
2020-09-25,38.923523,-77.028864,Ward 1,2020-09-28
2020-09-25,38.892196,-76.985227,Ward 6,2020-09-28
2020-09-25,38.930441,-77.002448,Ward 5,2020-09-28
2020-09-25,38.981953,-77.024220,Ward 4,2020-12-09
2020-09-25,38.944617,-77.040956,Ward 4,2020-09-28
2020-09-25,38.919352,-77.025442,Ward 1,2020-09-28
2020-09-25,38.863081,-76.964296,Ward 7,2020-09-29
2020-09-26,38.912835,-77.005750,Ward 5,2020-09-29
2020-09-26,38.858086,-76.985749,Ward 8,2020-09-26
2020-09-26,38.861733,-76.970281,Ward 8,2020-09-29
2020-09-26,38.938156,-76.978056,Ward 5,2020-09-28
2020-09-26,38.938058,-76.978053,Ward 5,2020-09-28
2020-09-26,38.876228,-77.011641,Ward 6,2020-09-26
2020-09-26,38.927348,-77.077301,Ward 3,2020-09-28
2020-09-26,38.932207,-77.040082,Ward 1,2020-09-29
2020-09-26,38.953759,-76.990324,Ward 5,2020-09-28
2020-09-26,38.833868,-77.005040,Ward 8,2020-09-26
2020-09-26,38.922175,-76.964501,Ward 5,2020-09-28
2020-09-26,38.916836,-77.043584,Ward 1,2020-09-28
2020-09-26,38.915032,-77.044556,Ward 2,2020-09-28
2020-09-27,38.980467,-77.027573,Ward 4,2020-09-28
2020-09-27,38.932543,-76.996845,Ward 5,2020-09-28
2020-09-27,38.922548,-77.008605,Ward 5,2020-09-28
2020-09-28,38.929899,-77.084162,Ward 3,2020-09-28
2020-09-28,38.957188,-77.066679,Ward 3,2020-09-28
2020-09-28,38.962433,-77.037713,Ward 4,2020-09-28
2020-09-28,38.945075,-77.040948,Ward 4,2020-09-28
2020-09-28,38.945839,-76.988123,Ward 5,2020-09-28
2020-09-28,38.905910,-76.942132,Ward 7,2020-09-29
2020-09-28,38.932139,-77.108145,Ward 3,2020-09-29
2020-09-28,38.940971,-76.989960,Ward 5,2020-09-29
2020-09-28,38.940971,-76.989960,Ward 5,2020-09-29
2020-09-28,38.957188,-77.066679,Ward 3,2020-09-29
2020-09-28,38.912789,-77.009889,Ward 5,2020-09-28
2020-09-28,38.858353,-76.985626,Ward 8,2020-10-01
2020-09-28,38.971294,-77.061533,Ward 4,2020-09-29
2020-09-28,38.912016,-77.030486,Ward 2,2020-09-29
2020-09-28,38.973838,-77.055975,Ward 4,2020-09-30
2020-09-28,38.899085,-76.989042,Ward 6,2020-10-01
2020-09-28,38.944647,-76.988153,Ward 5,2020-09-29
2020-09-28,38.980083,-77.023779,Ward 4,2020-09-29
2020-09-28,38.928135,-77.039908,Ward 1,2020-09-29
2020-09-28,38.841033,-76.991889,Ward 8,2020-09-29
2020-09-28,38.949185,-77.033864,Ward 4,2020-09-29
2020-09-28,38.839161,-76.991533,Ward 8,2020-09-29
2020-09-28,38.838721,-76.995734,Ward 8,2020-09-30
2020-09-28,38.840666,-76.994050,Ward 8,2020-09-30
2020-09-29,38.916208,-77.037666,Ward 2,2020-09-29
2020-09-29,38.928629,-77.041982,Ward 1,2020-09-29
2020-09-29,38.916836,-77.043584,Ward 1,2020-09-29
2020-09-29,38.952584,-77.010492,Ward 4,2020-09-29
2020-09-29,38.946369,-77.024454,Ward 4,2020-09-29
2020-09-29,38.982097,-77.033718,Ward 4,2020-09-29
2020-09-29,38.948660,-76.995981,Ward 5,2020-09-30
2020-09-29,38.984496,-77.028809,Ward 4,2020-09-29
2020-09-29,38.893787,-76.977465,Ward 6,2020-09-29
2020-09-29,38.914299,-77.039473,Ward 2,2020-09-29
2020-09-29,38.922182,-76.991194,Ward 5,2020-10-01
2020-09-29,38.857770,-76.964701,Ward 7,2020-10-01
2020-09-29,38.911320,-77.006721,Ward 5,2020-09-30
2020-09-29,38.844431,-76.994480,Ward 8,2020-09-30
2020-09-29,38.844295,-76.994445,Ward 8,2020-09-30
2020-09-29,38.905808,-76.942495,Ward 7,2020-10-02
2020-09-29,38.872066,-77.017522,Ward 6,2020-09-30
2020-09-29,38.975089,-77.060543,Ward 4,2020-09-30
2020-09-29,38.891602,-76.984396,Ward 6,2020-10-01
2020-09-29,38.895312,-76.912846,Ward 7,2020-10-01
2020-09-29,38.936182,-77.055684,Ward 3,2020-09-30
2020-09-29,38.933929,-76.963309,Ward 5,2020-10-01
2020-09-29,38.899992,-76.976534,Ward 5,2020-09-30
2020-09-29,38.917330,-77.029344,Ward 1,2020-09-30
2020-09-29,38.845265,-76.996928,Ward 8,2020-09-30
2020-09-29,38.843107,-76.990696,Ward 8,2020-09-30
2020-09-29,38.846630,-76.982258,Ward 8,2020-10-01
2020-09-30,38.912164,-77.029843,Ward 2,2020-09-30
2020-09-30,38.962152,-77.023621,Ward 4,2020-09-30
2020-09-30,38.899938,-76.985956,Ward 6,2020-09-30
2020-09-30,38.879930,-76.985746,Ward 6,2020-09-30
2020-09-30,38.975947,-77.053082,Ward 4,2020-10-01
2020-09-30,38.934589,-77.039110,Ward 1,2020-10-01
2020-09-30,38.890183,-76.955104,Ward 7,2020-10-02
2020-09-30,38.962906,-77.071125,Ward 3,2020-10-01
2020-09-30,38.867894,-76.947980,Ward 7,2020-10-05
2020-09-30,38.859332,-76.973277,Ward 8,2020-10-01
2020-09-30,38.961911,-77.077382,Ward 3,2020-10-01
2020-09-30,38.850840,-76.966910,Ward 8,2020-10-01
2020-09-30,38.938137,-77.074260,Ward 3,2020-10-01
2020-09-30,38.831061,-76.992279,Ward 8,2020-10-02
2020-09-30,38.946956,-77.077300,Ward 3,2020-10-01
2020-09-30,38.971397,-77.062170,Ward 4,2020-10-01
2020-10-01,38.965084,-77.058376,Ward 4,2020-10-01
2020-10-01,38.869521,-76.942987,Ward 7,2020-10-05
2020-10-01,38.966859,-77.036737,Ward 4,2020-10-01
2020-10-01,38.965879,-77.035952,Ward 4,2020-10-01
2020-10-01,38.915326,-77.034324,Ward 2,2020-10-01
2020-10-01,38.949236,-76.997295,Ward 5,2020-10-01
2020-10-01,38.960489,-77.076359,Ward 3,2020-10-01
2020-10-01,38.928342,-77.043139,Ward 1,2020-10-01
2020-10-01,38.917740,-77.047235,Null,2020-10-02
2020-10-01,38.883922,-76.978224,Ward 6,2020-10-01
2020-10-01,38.928758,-77.074850,Ward 3,2020-10-02
2020-10-01,38.906343,-76.935893,Ward 7,2020-10-02
2020-10-01,38.870917,-76.966530,Ward 7,2020-10-01
2020-10-01,38.906742,-76.979087,Ward 5,2020-10-02
2020-10-01,38.830448,-77.012219,Ward 8,2020-10-07
2020-10-01,38.848393,-76.977779,Ward 8,2020-10-02
2020-10-01,38.850327,-76.975658,Ward 8,2020-10-02
2020-10-02,38.911054,-76.998318,Ward 5,2020-10-02
2020-10-02,38.906742,-76.979087,Ward 5,2020-10-02
2020-10-02,38.960407,-77.031943,Ward 4,2020-10-02
2020-10-02,38.895551,-76.977483,Ward 6,2020-10-02
2020-10-02,38.962871,-77.022910,Ward 4,2020-10-02
2020-10-02,38.964704,-77.064132,Ward 4,2020-10-02
2020-10-02,38.867086,-76.946568,Ward 7,2020-10-05
2020-10-02,38.925159,-76.990015,Ward 5,2020-10-05
2020-10-02,38.952799,-77.024397,Ward 4,2020-10-05
2020-10-02,38.966336,-77.031924,Ward 4,2020-10-05
2020-10-02,38.957855,-77.012188,Ward 4,2020-10-05
2020-10-03,38.926862,-77.106245,Ward 3,2020-10-05
2020-10-03,38.865630,-76.959693,Ward 7,2020-10-05
2020-10-03,38.912427,-77.085047,Ward 3,2020-10-05
2020-10-03,38.957661,-77.014218,Ward 4,2020-10-05
2020-10-03,38.927516,-76.992433,Ward 5,2020-10-06
2020-10-04,38.971848,-77.068499,Ward 4,2020-10-05
2020-10-04,38.899376,-76.994719,Ward 6,2020-10-05
2020-10-05,38.926183,-77.073188,Ward 3,2020-10-05
2020-10-05,38.928874,-77.086212,Ward 3,2020-10-05
2020-10-05,38.876740,-76.962826,Ward 7,2020-10-07
2020-10-05,38.945150,-77.023502,Ward 4,2020-10-06
2020-10-05,38.947251,-76.981987,Ward 5,2020-10-06
2020-10-05,38.959643,-77.017345,Ward 4,2020-10-07
2020-10-05,38.898567,-76.940710,Ward 7,2020-10-07
2020-10-05,38.946234,-77.022699,Ward 4,2020-10-06
2020-10-05,38.946234,-77.022699,Ward 4,2020-10-06
2020-10-05,38.825013,-77.010540,Ward 8,2020-10-07
2020-10-05,38.935086,-77.023428,Ward 1,2020-10-07
2020-10-05,38.903544,-76.926281,Ward 7,2020-10-07
2020-10-05,38.868721,-76.983578,Ward 8,2020-10-07
2020-10-05,38.877723,-76.986572,Ward 6,2020-10-07
2020-10-05,38.877723,-76.986572,Ward 6,2020-10-07
2020-10-05,38.956544,-76.997533,Ward 5,2020-10-07
2020-10-05,38.925960,-77.076014,Ward 3,2020-10-07
2020-10-05,38.927526,-77.071679,Ward 3,2020-10-06
2020-10-05,38.927015,-77.074331,Ward 3,2020-10-07
2020-10-05,38.946405,-77.022897,Ward 4,2020-10-06
2020-10-05,38.923213,-77.057718,Ward 3,2020-10-07
2020-10-05,38.948399,-77.021934,Ward 4,2020-11-05
2020-10-06,38.968384,-77.074207,Ward 3,2020-10-08
2020-10-06,38.900389,-76.987284,Ward 6,2020-10-07
2020-10-06,38.925761,-77.025502,Ward 1,2020-10-07
2020-10-06,38.966913,-77.062243,Ward 4,2020-10-07
2020-10-06,38.968811,-77.024975,Ward 4,2020-10-07
2020-10-06,38.935741,-77.059255,Ward 3,2020-10-07
2020-10-06,38.942784,-77.059616,Ward 3,2020-10-07
2020-10-06,38.886974,-76.919772,Ward 7,2020-10-09
2020-10-07,38.941867,-77.025938,Ward 4,2020-10-07
2020-10-07,38.958615,-76.997297,Ward 4,2020-10-07
2020-10-07,38.911308,-77.027408,Ward 2,2020-10-13
2020-10-07,38.943575,-76.988049,Ward 5,2020-10-09
2020-10-07,38.965451,-77.017777,Ward 4,2020-10-07
2020-10-07,38.886616,-76.921804,Ward 7,2020-10-13
2020-10-07,38.912016,-77.030486,Ward 2,2020-10-08
2020-10-07,38.868721,-76.983578,Ward 8,2020-10-08
2020-10-07,38.957840,-77.014428,Ward 4,2020-10-08
2020-10-07,38.900675,-76.974426,Ward 5,2020-10-08
2020-10-07,38.900675,-76.974426,Ward 5,2020-10-08
2020-10-07,38.888537,-76.923398,Ward 7,2020-10-13
2020-10-07,38.960405,-77.063871,Ward 4,2021-02-19
2020-10-07,38.853728,-76.995045,Ward 8,2020-10-08
2020-10-08,38.914257,-76.972406,Ward 5,2020-10-08
2020-10-08,38.930029,-76.964781,Ward 5,2020-10-09
2020-10-08,38.957211,-77.089167,Ward 3,2020-10-08
2020-10-08,38.924784,-77.073553,Ward 3,2020-10-08
2020-10-08,38.912269,-77.065709,Ward 2,2020-10-08
2020-10-08,38.969193,-77.029462,Ward 4,2020-10-08
2020-10-08,38.964695,-77.069877,Ward 3,2020-10-09
2020-10-08,38.981551,-77.028884,Ward 4,2020-10-09
2020-10-08,38.862878,-76.987781,Ward 8,2020-10-09
2020-10-08,38.917740,-77.047235,Null,2020-10-09
2020-10-08,38.930527,-76.962433,Ward 5,2020-10-09
2020-10-08,38.949008,-77.097013,Ward 3,2020-10-09
2020-10-08,38.918614,-77.047940,Ward 2,2020-10-09
2020-10-08,38.918614,-77.047940,Ward 2,2020-10-09
2020-10-08,38.890463,-76.946990,Ward 7,2020-10-12
2020-10-09,38.876016,-76.935165,Ward 7,2020-10-11
2020-10-09,38.964695,-77.069877,Ward 3,2020-10-11
2020-10-09,38.978875,-77.028250,Ward 4,2020-10-09
2020-10-09,38.900028,-77.056203,Ward 2,2020-10-09
2020-10-09,38.892066,-76.933674,Ward 7,2020-10-13
2020-10-09,38.959965,-77.016862,Ward 4,2020-10-09
2020-10-09,38.894778,-76.976218,Ward 7,2020-10-13
2020-10-09,38.947211,-77.019995,Ward 4,2020-10-09
2020-10-09,38.889037,-77.000809,Ward 6,2020-10-09
2020-10-09,38.915021,-77.026183,Ward 1,2020-10-13
2020-10-09,38.931870,-77.045770,Ward 1,2020-10-13
2020-10-09,38.930075,-77.041039,Ward 1,2020-10-13
2020-10-09,38.929167,-76.964188,Ward 5,2020-10-13
2020-10-09,38.939721,-77.064999,Ward 3,2020-10-13
2020-10-09,38.938376,-77.059384,Ward 3,2020-10-13
2020-10-10,38.926371,-77.077366,Ward 3,2020-10-13
2020-10-10,38.915359,-77.034266,Ward 2,2020-10-13
2020-10-10,38.906503,-77.035509,Ward 2,2020-10-13
2020-10-10,38.858459,-76.958236,Ward 7,2020-10-13
2020-10-10,38.912000,-77.048558,Ward 2,2020-10-13
2020-10-10,38.943162,-77.069315,Ward 3,2020-10-13
2020-10-11,38.926110,-77.060146,Ward 3,2020-10-13
2020-10-11,38.939106,-77.036444,Ward 4,2020-10-13
2020-10-12,38.925863,-76.970397,Ward 5,2020-10-15
2020-10-12,38.901149,-77.001496,Ward 6,2020-10-12
2020-10-12,38.980635,-77.022148,Ward 4,2020-10-12
2020-10-12,38.943163,-77.012710,Ward 4,2020-10-13
2020-10-12,38.968842,-77.021343,Ward 4,2020-10-13
2020-10-12,38.959852,-77.068497,Ward 3,2020-10-13
2020-10-12,38.899243,-77.001789,Ward 6,2020-10-13
2020-10-12,38.928841,-77.018733,Ward 1,2020-10-13
2020-10-12,38.890521,-76.989354,Ward 6,2020-10-12
2020-10-12,38.960086,-77.068758,Ward 3,2020-10-13
2020-10-12,38.876663,-76.939141,Ward 7,2020-10-16
2020-10-12,38.931346,-77.088641,Ward 3,2020-10-12
2020-10-12,38.922538,-77.003325,Ward 5,2020-10-13
2020-10-12,38.930684,-76.984934,Ward 5,2020-10-14
2020-10-12,38.943568,-76.983006,Ward 5,2020-10-13
2020-10-12,38.891865,-76.983856,Ward 6,2020-10-13
2020-10-12,38.925980,-76.998700,Ward 5,2020-10-13
2020-10-12,38.897089,-76.973627,Ward 7,2020-10-13
2020-10-12,38.959852,-77.068497,Ward 3,2020-10-13
2020-10-12,38.957692,-76.994407,Ward 4,2020-10-13
2020-10-12,38.940066,-77.068715,Ward 3,2020-10-13
2020-10-12,38.886794,-76.956790,Ward 7,2020-10-16
2020-10-12,38.929366,-77.031840,Ward 1,2020-10-13
2020-10-12,38.886679,-76.999315,Ward 6,2020-10-13
2020-10-12,38.872518,-76.978789,Ward 8,2020-10-16
2020-10-12,38.925815,-77.078872,Ward 3,2020-10-13
2020-10-12,38.865398,-76.948848,Ward 7,2020-10-16
2020-10-12,38.923634,-77.081742,Ward 3,2020-10-13
2020-10-12,38.926502,-76.997309,Ward 5,2020-10-13
2020-10-12,38.924509,-76.978998,Ward 5,2020-10-13
2020-10-12,38.917939,-77.026674,Ward 1,2020-10-13
2020-10-13,38.856367,-76.975147,Ward 8,2020-10-22
2020-10-13,38.925980,-76.998700,Ward 5,2020-10-14
2020-10-13,38.926299,-77.008706,Ward 5,2020-10-13
2020-10-13,38.944168,-77.073301,Ward 3,2020-10-13
2020-10-13,38.974108,-77.066079,Ward 4,2020-10-13
2020-10-13,38.872176,-76.972792,Ward 8,2020-10-13
2020-10-13,38.950132,-77.084743,Ward 3,2020-10-13
2020-10-13,38.933016,-77.025815,Ward 1,2020-10-13
2020-10-13,38.915212,-77.097178,Ward 3,2020-10-14
2020-10-13,38.892066,-76.933674,Ward 7,2020-10-15
2020-10-13,38.892066,-76.933674,Ward 7,2020-10-15
2020-10-13,38.922704,-77.022583,Ward 1,2020-10-13
2020-10-13,38.940386,-77.032991,Ward 4,2020-10-13
2020-10-13,38.928841,-77.018733,Ward 1,2020-10-13
2020-10-13,38.940386,-77.032991,Ward 4,2020-10-14
2020-10-13,38.898762,-76.988603,Ward 6,2020-10-13
2020-10-13,38.940412,-77.002184,Ward 5,2020-10-14
2020-10-13,38.874604,-76.991581,Ward 6,2020-10-14
2020-10-13,38.944604,-77.076746,Ward 3,2020-10-13
2020-10-13,38.967982,-77.037409,Ward 4,2020-10-13
2020-10-13,38.966718,-77.071368,Ward 3,2020-10-14
2020-10-13,38.940544,-76.994622,Ward 5,2020-10-14
2020-10-13,38.945344,-77.088843,Ward 3,2020-10-14
2020-10-13,38.892072,-76.933500,Ward 7,2020-10-15
2020-10-13,38.917178,-77.033866,Ward 1,2020-10-14
2020-10-13,38.870937,-76.971364,Ward 8,2020-10-16
2020-10-13,38.919352,-77.028502,Ward 1,2020-10-14
2020-10-13,38.911325,-77.029044,Ward 2,2020-10-14
2020-10-13,38.906522,-77.051047,Ward 2,2020-10-14
2020-10-14,38.955117,-76.991803,Ward 5,2020-10-14
2020-10-14,38.905384,-77.024568,Ward 2,2020-10-16
2020-10-14,38.949853,-77.037937,Ward 4,2020-10-14
2020-10-14,38.924047,-76.973969,Ward 5,2020-10-14
2020-10-14,38.856647,-76.960703,Ward 7,2020-10-16
2020-10-14,38.938531,-77.027442,Ward 4,2020-10-14
2020-10-14,38.937903,-77.068357,Ward 3,2020-10-15
2020-10-14,38.864673,-76.949780,Ward 7,2020-10-15
2020-10-14,38.904814,-76.931979,Ward 7,2020-10-15
2020-10-14,38.951473,-76.988905,Ward 5,2020-10-14
2020-10-14,38.897717,-76.984420,Ward 6,2020-10-15
2020-10-14,38.879984,-76.960380,Ward 7,2020-10-16
2020-10-14,38.912964,-77.066572,Ward 2,2020-10-15
2020-10-14,38.843391,-76.988717,Ward 8,2020-10-15
2020-10-14,38.931643,-76.968712,Ward 5,2020-10-14
2020-10-14,38.906389,-76.986769,Ward 5,2020-10-15
2020-10-14,38.929870,-77.021295,Ward 1,2020-10-15
2020-10-14,38.924417,-77.051659,Ward 3,2020-10-15
2020-10-14,38.900439,-77.054299,Ward 2,2020-10-15
2020-10-14,38.953133,-77.088934,Ward 3,2020-10-15
2020-10-14,38.898761,-77.035117,Ward 2,2020-10-15
2020-10-14,38.864192,-76.989889,Ward 8,2020-10-15
2020-10-14,38.954017,-77.069239,Ward 3,2020-10-15
2020-10-15,38.899203,-76.939469,Ward 7,2020-10-15
2020-10-15,38.831237,-76.988807,Ward 8,2020-10-20
2020-10-15,38.875248,-76.938571,Ward 7,2020-10-16
2020-10-15,38.824304,-76.999049,Ward 8,2020-10-15
2020-10-15,38.908651,-77.058641,Ward 2,2020-10-15
2020-10-15,38.967087,-77.024003,Ward 4,2020-10-15
2020-10-15,38.893283,-76.997977,Ward 6,2020-10-16
2020-10-15,38.872268,-76.975985,Ward 8,2020-10-15
2020-10-15,38.906389,-76.986769,Ward 5,2020-10-16
2020-10-15,38.865228,-76.975234,Ward 8,2020-10-15
2020-10-15,38.975988,-77.024984,Ward 4,2020-10-16
2020-10-15,38.963808,-77.064686,Ward 4,2020-10-16
2020-10-15,38.922366,-77.003505,Ward 5,2020-10-16
2020-10-15,38.915657,-77.048559,Ward 2,2020-10-16
2020-10-15,38.924726,-77.059296,Ward 3,2020-10-16
2020-10-15,38.940133,-77.096351,Ward 3,2020-10-16
2020-10-15,38.890692,-76.947429,Ward 7,2020-10-19
2020-10-15,38.943826,-77.025420,Ward 4,2020-10-16
2020-10-15,38.958821,-77.038130,Ward 4,2020-10-16
2020-10-16,38.952483,-77.012651,Ward 4,2020-10-16
2020-10-16,38.913516,-77.041046,Ward 2,2020-10-16
2020-10-16,38.825318,-77.007678,Ward 8,2020-10-16
2020-10-16,38.906343,-76.935893,Ward 7,2020-10-16
2020-10-16,38.866739,-76.982450,Ward 8,2020-10-20
2020-10-16,38.881063,-76.988147,Ward 6,2020-10-16
2020-10-16,38.978119,-77.024043,Ward 4,2020-10-19
2020-10-16,38.971473,-77.070845,Ward 4,2020-10-16
2020-10-16,38.954699,-77.077145,Ward 3,2020-10-19
2020-10-17,38.927537,-76.988010,Ward 5,2020-10-19
2020-10-17,38.896450,-76.969357,Ward 7,2020-10-19
2020-10-17,38.973041,-77.062387,Ward 4,2020-10-17
2020-10-17,38.907801,-77.058540,Ward 2,2020-10-18
2020-10-18,38.944172,-77.026796,Ward 4,2020-10-19
2020-10-18,38.913518,-77.025487,Ward 2,2020-10-18
2020-10-18,38.952458,-77.024770,Ward 4,2020-10-19
2020-10-18,38.966915,-77.061472,Ward 4,2020-10-19
2020-10-18,38.941641,-76.988059,Ward 5,2020-10-22
2020-10-19,38.886281,-77.002241,Ward 6,2020-10-19
2020-10-19,38.937829,-76.990140,Ward 5,2020-10-19
2020-10-19,38.939831,-76.976010,Ward 5,2020-10-19
2020-10-19,38.954786,-76.989982,Ward 5,2020-10-19
2020-10-19,38.884675,-76.996175,Ward 6,2020-10-19
2020-10-19,38.920749,-77.040846,Ward 1,2020-10-20
2020-10-19,38.926198,-76.965900,Ward 5,2020-10-20
2020-10-19,38.927634,-76.985053,Ward 5,2020-10-20
2020-10-19,38.904329,-77.054358,Ward 2,2020-10-20
2020-10-19,38.907462,-77.030493,Ward 2,2020-10-20
2020-10-19,38.958414,-76.994669,Ward 4,2020-10-20
2020-10-19,38.943685,-76.988059,Ward 5,2020-10-22
2020-10-19,38.932947,-77.072099,Ward 3,2020-10-20
2020-10-19,38.848127,-76.973275,Ward 8,2020-10-21
2020-10-19,38.898125,-77.003509,Ward 6,2020-10-20
2020-10-20,38.890082,-76.925856,Ward 7,2020-10-21
2020-10-20,38.898085,-76.980296,Ward 6,2020-10-20
2020-10-20,38.932051,-77.043925,Ward 1,2020-10-20
2020-10-20,38.908306,-77.061011,Ward 2,2020-10-20
2020-10-20,38.930536,-77.066105,Ward 3,2020-10-20
2020-10-20,38.971473,-77.070845,Ward 4,2020-10-21
2020-10-20,38.956387,-77.007273,Ward 4,2020-10-21
2020-10-20,38.898552,-76.981353,Ward 6,2020-10-20
2020-10-20,38.844527,-76.998848,Ward 8,2020-10-21
2020-10-20,38.948162,-77.068453,Ward 3,2020-10-21
2020-10-20,38.920492,-76.981298,Ward 5,2020-10-21
2020-10-20,38.942199,-77.036840,Ward 4,2020-10-21
2020-10-20,38.936355,-76.971978,Ward 5,2020-10-21
2020-10-20,38.860671,-76.955138,Ward 7,2020-10-21
2020-10-20,38.949928,-77.031219,Ward 4,2020-10-21
2020-10-20,38.959972,-76.999883,Ward 4,2020-10-21
2020-10-20,38.943568,-76.983006,Ward 5,2020-10-22
2020-10-21,38.906853,-77.011187,Ward 5,2020-10-22
2020-10-21,38.972283,-77.012725,Ward 4,2020-10-21
2020-10-21,38.959735,-77.011854,Ward 4,2020-10-21
2020-10-21,38.948469,-77.025695,Ward 4,2020-10-21
2020-10-21,38.934393,-77.023750,Ward 1,2020-10-23
2020-10-21,38.902944,-77.054502,Ward 2,2020-10-22
2020-10-21,38.965641,-77.070102,Ward 3,2020-10-22
2020-10-21,38.891839,-76.986461,Ward 6,2020-10-22
2020-10-21,38.908016,-77.026230,Ward 2,2020-10-21
2020-10-21,38.920458,-77.010174,Ward 5,2020-10-22
2020-10-21,38.912480,-77.082090,Ward 3,2020-10-22
2020-10-21,38.952602,-77.011866,Ward 4,2020-10-22
2020-10-21,38.889262,-76.952209,Ward 7,2020-10-23
2020-10-21,38.861903,-76.979938,Ward 8,2020-10-23
2020-10-21,38.831237,-76.988807,Ward 8,2020-10-23
2020-10-21,38.910519,-77.012589,Ward 5,2020-10-22
2020-10-21,38.924517,-77.069085,Ward 3,2020-10-22
2020-10-21,38.951824,-77.092879,Ward 3,2020-10-22
2020-10-21,38.845942,-76.984729,Ward 8,2020-10-26
2020-10-21,38.962380,-77.017772,Ward 4,2020-10-22
2020-10-22,38.938622,-76.978028,Ward 5,2020-10-22
2020-10-22,38.901919,-77.032320,Ward 2,2020-10-22
2020-10-22,38.875358,-76.963216,Ward 7,2020-10-23
2020-10-22,38.972630,-77.068269,Ward 4,2020-10-22
2020-10-22,38.857834,-76.959158,Ward 7,2020-10-23
2020-10-22,38.894608,-76.979692,Ward 6,2020-10-22
2020-10-22,38.966475,-77.059600,Ward 4,2020-10-22
2020-10-22,38.965699,-77.007383,Ward 4,2020-10-22
2020-10-22,38.854749,-76.979575,Ward 8,2020-10-29
2020-10-22,38.855408,-76.980601,Ward 8,2020-10-29
2020-10-22,38.903320,-76.926420,Ward 7,2020-10-26
2020-10-22,38.912783,-77.010448,Ward 5,2020-10-23
2020-10-22,38.942724,-77.033562,Ward 4,2020-10-23
2020-10-22,38.867669,-76.976559,Ward 8,2021-01-05
2020-10-22,38.869036,-76.952329,Ward 7,2020-10-23
2020-10-22,38.866033,-76.948999,Ward 7,2020-10-23
2020-10-22,38.949853,-77.037937,Ward 4,2020-10-23
2020-10-22,38.932656,-77.088222,Ward 3,2020-10-23
2020-10-23,38.912835,-77.005750,Ward 5,2020-10-23
2020-10-23,38.861036,-76.953433,Ward 7,2020-10-26
2020-10-23,38.978463,-77.022600,Ward 4,2020-10-23
2020-10-23,38.867662,-76.977086,Ward 8,2021-01-05
2020-10-23,38.934918,-76.969884,Ward 5,2020-10-26
2020-10-23,38.946208,-77.023551,Ward 4,2020-10-23
2020-10-23,38.898816,-76.982829,Ward 6,2020-10-26
2020-10-23,38.885275,-76.920977,Ward 7,2020-10-25
2020-10-23,38.967917,-77.029424,Ward 4,2020-10-23
2020-10-23,38.970724,-77.029400,Ward 4,2020-10-26
2020-10-23,38.869944,-76.969227,Ward 7,2020-10-29
2020-10-23,38.860695,-76.955632,Ward 7,2020-10-26
2020-10-23,38.929010,-77.066384,Ward 3,2020-10-27
2020-10-23,38.935762,-77.024210,Ward 1,2020-10-26
2020-10-23,38.910953,-77.021336,Ward 6,2020-10-26
2020-10-24,38.911123,-77.020411,Ward 2,2020-10-26
2020-10-24,38.984974,-77.054266,Ward 4,2020-10-26
2020-10-24,38.913528,-77.003048,Ward 5,2020-10-26
2020-10-24,38.898330,-77.016185,Ward 6,2020-10-26
2020-10-25,38.936563,-77.073128,Ward 3,2020-10-27
2020-10-25,38.930039,-77.106873,Ward 3,2020-10-26
2020-10-26,38.886239,-76.959515,Ward 7,2020-10-30
2020-10-26,38.984974,-77.054266,Ward 4,2020-10-26
2020-10-26,38.943109,-77.013074,Ward 4,2020-10-26
2020-10-26,38.913899,-77.040806,Ward 2,2020-10-26
2020-10-26,38.942023,-77.036789,Ward 4,2020-10-26
2020-10-26,38.910232,-77.011007,Ward 5,2020-10-26
2020-10-26,38.882703,-77.001627,Ward 6,2020-10-26
2020-10-26,38.888181,-76.923293,Ward 7,2020-10-30
2020-10-26,38.905245,-77.068461,Ward 2,2020-10-26
2020-10-26,38.935875,-77.029083,Ward 1,2020-10-27
2020-10-26,38.966519,-77.065291,Ward 4,2020-10-27
2020-10-26,38.939742,-77.029704,Ward 4,2020-10-27
2020-10-26,38.847793,-76.999557,Ward 8,2020-10-28
2020-10-26,38.946791,-77.079048,Ward 3,2020-10-27
2020-10-26,38.907206,-77.063563,Ward 2,2020-10-27
2020-10-26,38.942374,-77.015996,Ward 4,2020-10-27
2020-10-26,38.888489,-76.984452,Ward 6,2020-10-28
2020-10-27,38.957056,-77.086175,Ward 3,2020-10-27
2020-10-27,38.893787,-76.977465,Ward 6,2020-10-27
2020-10-27,38.972113,-77.032553,Ward 4,2020-10-27
2020-10-27,38.953700,-76.994160,Ward 5,2020-10-27
2020-10-27,38.942477,-77.101889,Ward 3,2020-10-27
2020-10-27,38.942199,-77.036840,Ward 4,2020-10-28
2020-10-27,38.896129,-76.915262,Ward 7,2020-10-28
2020-10-27,38.894942,-76.994122,Ward 6,2020-10-28
2020-10-28,38.912153,-77.023467,Ward 6,2020-10-28
2020-10-28,38.926904,-77.067790,Ward 3,2020-10-28
2020-10-28,38.897758,-77.031610,Ward 2,2020-10-28
2020-10-28,38.927804,-77.066154,Ward 3,2020-10-28
2020-10-28,38.922168,-76.962046,Ward 5,2020-10-28
2020-10-28,38.885869,-76.941362,Ward 7,2020-10-30
2020-10-28,38.926331,-76.997403,Ward 5,2020-10-29
2020-10-28,38.884628,-76.957903,Ward 7,2020-10-30
2020-10-28,38.933292,-77.072872,Ward 3,2020-10-28
2020-10-28,38.939528,-77.033629,Ward 4,2020-10-28
2020-10-28,38.935741,-77.106481,Ward 3,2020-10-29
2020-10-28,38.887268,-77.001675,Ward 6,2020-10-28
2020-10-28,38.943433,-76.988060,Ward 5,2020-10-29
2020-10-28,38.957874,-77.073344,Ward 3,2020-10-29
2020-10-28,38.926992,-77.106328,Ward 3,2020-10-29
2020-10-28,38.945839,-76.988123,Ward 5,2020-10-29
2020-10-28,38.890490,-76.992837,Ward 6,2020-10-29
2020-10-28,38.967369,-77.032011,Ward 4,2020-10-29
2020-10-28,38.896129,-76.915262,Ward 7,2020-10-29
2020-10-28,38.957886,-77.073639,Ward 3,2020-10-29
2020-10-29,38.895440,-76.913006,Ward 7,2020-10-29
2020-10-29,38.975960,-77.019969,Ward 4,2020-10-29
2020-10-29,38.871370,-76.971603,Ward 8,2020-10-29
2020-10-29,38.926787,-77.105187,Ward 3,2020-10-29
2020-10-29,38.886976,-76.958497,Ward 7,2020-10-30
2020-10-29,38.957872,-77.075406,Ward 3,2020-10-29
2020-10-29,38.923844,-77.043862,Ward 1,2020-10-30
2020-10-30,38.886008,-76.957512,Ward 7,2020-11-02
2020-10-30,38.960115,-77.070602,Ward 3,2020-11-02
2020-10-30,38.831002,-77.011576,Ward 8,2020-11-04
2020-10-30,38.949253,-76.986814,Ward 5,2020-11-02
2020-10-31,38.921698,-77.058839,Ward 3,2020-11-02
2020-10-31,38.918643,-77.013539,Ward 5,2020-11-02
2020-11-01,38.964156,-77.064364,Ward 4,2020-11-02
2020-11-02,38.967128,-77.005708,Ward 4,2020-11-02
2020-11-02,38.934384,-77.037827,Ward 1,2020-11-02
2020-11-02,38.882109,-76.928573,Ward 7,2020-11-02
2020-11-02,38.934453,-77.037749,Ward 1,2020-11-02
2020-11-02,38.967128,-77.005708,Ward 4,2020-11-02
2020-11-02,38.967128,-77.005708,Ward 4,2020-11-02
2020-11-02,38.956297,-77.065283,Ward 3,2020-11-02
2020-11-02,38.860688,-76.955301,Ward 7,2020-11-02
2020-11-02,38.895533,-76.989973,Ward 6,2020-11-02
2020-11-02,38.953317,-77.084992,Ward 3,2020-11-02
2020-11-02,38.894328,-76.958028,Ward 7,2020-11-02
2020-11-02,38.859647,-76.996848,Ward 8,2020-11-02
2020-11-02,38.946341,-77.028301,Ward 4,2020-11-02
2020-11-02,38.920197,-77.040869,Ward 1,2020-11-02
2020-11-02,38.920492,-77.074365,Ward 3,2020-11-02
2020-11-02,38.925793,-77.025106,Ward 1,2020-11-02
2020-11-02,38.945951,-77.028429,Ward 4,2020-11-02
2020-11-02,38.958191,-77.016681,Ward 4,2020-11-02
2020-11-02,38.926930,-76.992678,Ward 5,2020-11-02
2020-11-02,38.913854,-77.002565,Ward 5,2020-11-02
2020-11-02,38.936979,-77.047361,Null,2020-11-03
2020-11-02,38.922770,-77.003331,Ward 5,2020-11-02
2020-11-02,38.897692,-76.941211,Ward 7,2020-11-02
2020-11-02,38.935701,-77.045845,Null,2020-11-02
2020-11-02,38.920492,-77.074365,Ward 3,2020-11-02
2020-11-02,38.867826,-76.946189,Ward 7,2020-11-02
2020-11-02,38.898692,-76.987686,Ward 6,2020-11-03
2020-11-02,38.954929,-77.085054,Ward 3,2020-11-02
2020-11-02,38.941042,-77.097676,Ward 3,2020-11-02
2020-11-02,38.915251,-77.097051,Ward 3,2020-11-02
2020-11-02,38.834576,-76.986854,Ward 8,2020-11-02
2020-11-02,38.894881,-76.938221,Ward 7,2020-11-02
2020-11-02,38.956797,-77.078495,Ward 3,2020-11-02
2020-11-02,38.892562,-76.912069,Ward 7,2020-11-02
2020-11-02,38.984905,-77.042799,Ward 4,2020-11-02
2020-11-02,38.946485,-77.089278,Ward 3,2020-11-02
2020-11-02,38.920468,-77.027327,Ward 1,2020-11-02
2020-11-02,38.902235,-76.934493,Ward 7,2020-11-03
2020-11-02,38.939147,-76.987626,Ward 5,2020-11-03
2020-11-02,38.902235,-76.934493,Ward 7,2020-11-03
2020-11-02,38.950726,-77.064739,Ward 3,2020-11-03
2020-11-02,38.925905,-77.040260,Ward 1,2020-11-03
2020-11-02,38.907600,-76.987034,Ward 5,2020-11-03
2020-11-02,38.953767,-77.083540,Ward 3,2020-11-03
2020-11-02,38.934845,-76.978874,Ward 5,2020-11-03
2020-11-02,38.953767,-77.083540,Ward 3,2020-11-03
2020-11-02,38.926198,-76.965900,Ward 5,2020-11-03
2020-11-03,38.878770,-76.988060,Ward 6,2020-11-03
2020-11-03,38.950359,-77.052981,Ward 3,2020-11-03
2020-11-03,38.932702,-76.971899,Ward 5,2020-11-03
2020-11-03,38.913882,-77.009937,Ward 5,2020-11-03
2020-11-03,38.892595,-76.922574,Ward 7,2020-11-03
2020-11-03,38.911894,-77.019165,Ward 6,2020-11-03
2020-11-03,38.941261,-76.976513,Ward 5,2020-11-03
2020-11-03,38.827189,-77.010000,Ward 8,2020-11-04
2020-11-03,38.961911,-77.077382,Ward 3,2020-11-03
2020-11-03,38.918579,-77.027865,Ward 1,2020-11-03
2020-11-03,38.895087,-76.914752,Ward 7,2020-11-03
2020-11-03,38.955463,-76.997256,Ward 5,2020-11-03
2020-11-03,38.897787,-76.974396,Ward 7,2020-11-03
2020-11-03,38.857839,-76.956084,Ward 7,2020-11-04
2020-11-03,38.890075,-76.943362,Ward 7,2020-11-04
2020-11-03,38.920523,-77.055960,Ward 3,2020-11-04
2020-11-03,38.888672,-76.985511,Ward 6,2020-11-04
2020-11-03,38.912441,-77.082657,Ward 3,2020-11-04
2020-11-03,38.867195,-76.954481,Ward 7,2020-11-09
2020-11-03,38.868837,-76.948753,Ward 7,2020-11-09
2020-11-03,38.941367,-76.975953,Ward 5,2020-11-04
2020-11-03,38.864686,-76.989593,Ward 8,2020-11-04
2020-11-03,38.951930,-77.092349,Ward 3,2020-11-04
2020-11-03,38.871944,-76.953545,Ward 7,2020-11-05
2020-11-04,38.940741,-77.020228,Ward 4,2020-11-04
2020-11-04,38.844244,-76.993273,Ward 8,2020-11-04
2020-11-04,38.865548,-76.949782,Ward 7,2020-11-05
2020-11-04,38.900274,-76.936317,Ward 7,2020-11-05
2020-11-04,38.878615,-76.928465,Ward 7,2020-11-09
2020-11-04,38.865519,-76.949329,Ward 7,2020-11-05
2020-11-04,38.865548,-76.949782,Ward 7,2020-11-05
2020-11-04,38.923869,-77.053221,Ward 3,2020-11-04
2020-11-04,38.902116,-77.025279,Ward 2,2020-11-05
2020-11-04,38.925254,-76.989332,Ward 5,2021-01-26
2020-11-04,38.983044,-77.026789,Ward 4,2020-11-05
2020-11-04,38.940220,-76.980399,Ward 5,2020-11-10
2020-11-04,38.838911,-77.005011,Ward 8,2020-11-06
2020-11-04,38.934845,-76.978874,Ward 5,2020-11-04
2020-11-04,38.891816,-76.984589,Ward 6,2020-11-05
2020-11-05,38.863912,-76.990282,Ward 8,2020-11-09
2020-11-05,38.918070,-77.042949,Ward 1,2020-11-05
2020-11-05,38.958539,-77.079825,Ward 3,2020-11-05
2020-11-05,38.917836,-77.006757,Ward 5,2020-11-05
2020-11-05,38.891836,-76.984501,Ward 6,2020-11-05
2020-11-05,38.924845,-77.059430,Ward 3,2020-11-05
2020-11-05,38.954473,-77.070829,Ward 3,2020-11-05
2020-11-05,38.942023,-77.036789,Ward 4,2020-11-05
2020-11-05,38.866840,-76.943998,Ward 7,2020-11-09
2020-11-05,38.891384,-76.931368,Ward 7,2020-11-05
2020-11-05,38.917936,-77.011394,Ward 5,2020-11-06
2020-11-05,38.889474,-76.923355,Ward 7,2020-11-06
2020-11-05,38.907872,-77.069461,Ward 2,2020-11-06
2020-11-05,38.925862,-77.079438,Ward 3,2020-11-06
2020-11-05,38.925779,-76.966164,Ward 5,2020-11-06
2020-11-05,38.885397,-76.957865,Ward 7,2020-11-09
2020-11-05,38.895908,-76.992007,Ward 6,2020-11-06
2020-11-05,38.909635,-77.049341,Ward 2,2020-11-06
2020-11-06,38.900028,-77.056203,Ward 2,2020-11-08
2020-11-06,38.900028,-77.056203,Ward 2,2020-11-08
2020-11-06,38.870091,-77.010662,Ward 6,2020-11-06
2020-11-06,38.882610,-76.924886,Ward 7,2020-11-06
2020-11-06,38.878401,-76.988313,Ward 6,2020-11-06
2020-11-06,38.872568,-76.977572,Ward 8,2020-11-07
2020-11-06,38.925748,-77.029711,Ward 1,2020-11-09
2020-11-06,38.857869,-76.955273,Ward 7,2020-11-09
2020-11-06,38.946311,-77.078785,Ward 3,2020-11-09
2020-11-07,38.940621,-77.042525,Ward 4,2020-11-09
2020-11-07,38.879212,-76.931550,Ward 7,2020-11-09
2020-11-07,38.906983,-77.066259,Ward 2,2020-11-10
2020-11-08,38.898443,-76.983889,Ward 6,2020-11-09
2020-11-09,38.925778,-76.965475,Ward 5,2020-11-10
2020-11-09,38.932702,-76.971899,Ward 5,2020-11-10
2020-11-09,38.971286,-77.028747,Ward 4,2020-11-09
2020-11-09,38.957840,-77.014428,Ward 4,2020-11-09
2020-11-09,38.929237,-76.964003,Ward 5,2020-11-10
2020-11-09,38.934906,-76.970370,Ward 5,2020-11-10
2020-11-09,38.886089,-76.927439,Ward 7,2020-11-10
2020-11-09,38.972165,-77.070726,Ward 4,2020-11-10
2020-11-10,38.909440,-77.063988,Ward 2,2020-11-10
2020-11-10,38.854257,-76.971325,Ward 8,2020-11-10
2020-11-10,38.927278,-77.069211,Ward 3,2020-11-10
2020-11-10,38.868842,-76.947721,Ward 7,2020-11-10
2020-11-10,38.892173,-76.921660,Ward 7,2020-11-13
2020-11-10,38.930533,-76.987089,Ward 5,2020-11-10
2020-11-10,38.975960,-77.019969,Ward 4,2020-11-10
2020-11-10,38.848643,-76.977653,Ward 8,2020-11-15
2020-11-10,38.848603,-76.977687,Ward 8,2020-11-15
2020-11-10,38.864127,-77.012947,Ward 6,2020-11-12
2020-11-10,38.913172,-77.030679,Ward 2,2020-11-12
2020-11-11,38.923550,-77.033099,Ward 1,2020-11-12
2020-11-11,38.881999,-76.926740,Ward 7,2020-11-12
2020-11-11,38.962433,-77.037713,Ward 4,2020-11-12
2020-11-11,38.931001,-77.065500,Ward 3,2020-11-12
2020-11-11,38.869383,-76.940987,Ward 7,2020-11-11
2020-11-12,38.963546,-77.002095,Ward 4,2020-11-12
2020-11-12,38.930961,-77.107776,Ward 3,2020-11-12
2020-11-12,38.963825,-77.006824,Ward 4,2020-11-12
2020-11-12,38.926327,-76.996839,Ward 5,2020-11-12
2020-11-12,38.950610,-76.990267,Ward 5,2020-11-13
2020-11-12,38.918782,-77.002651,Ward 5,2020-11-13
2020-11-12,38.913532,-77.030753,Ward 2,2020-11-12
2020-11-12,38.927071,-76.984941,Ward 5,2020-11-12
2020-11-12,38.841269,-76.998712,Ward 8,2020-11-12
2020-11-12,38.923640,-77.034975,Ward 1,2020-11-12
2020-11-12,38.956215,-77.073379,Ward 3,2020-11-12
2020-11-12,38.932208,-77.072596,Ward 3,2020-11-12
2020-11-12,38.907206,-77.063563,Ward 2,2020-11-13
2020-11-12,38.943576,-76.980599,Ward 5,2020-11-16
2020-11-12,38.956536,-76.996378,Ward 5,2020-11-13
2020-11-12,38.926009,-77.044271,Ward 1,2020-11-13
2020-11-13,38.930521,-77.089327,Ward 3,2020-11-13
2020-11-13,38.964067,-77.019646,Ward 4,2020-11-13
2020-11-13,38.937605,-77.072194,Ward 3,2020-11-13
2020-11-13,38.910915,-77.086464,Ward 3,2020-11-13
2020-11-13,38.887250,-76.980987,Ward 6,2020-11-13
2020-11-13,38.934906,-76.970370,Ward 5,2020-11-16
2020-11-13,38.930518,-76.981211,Ward 5,2020-11-16
2020-11-13,38.932784,-77.043670,Ward 1,2020-11-16
2020-11-14,38.905652,-77.038501,Ward 2,2020-11-16
2020-11-14,38.921112,-76.964828,Ward 5,2020-11-16
2020-11-14,38.920901,-76.965372,Ward 5,2020-11-16
2020-11-14,38.877316,-77.011838,Ward 6,2020-11-16
2020-11-15,38.877316,-77.011838,Ward 6,2020-11-16
2020-11-15,38.868429,-76.973146,Ward 8,2020-11-16
2020-11-15,38.907234,-77.031019,Ward 2,2020-11-16
2020-11-15,38.940066,-77.068715,Ward 3,2020-11-16
2020-11-15,38.949449,-77.018125,Ward 4,2020-11-16
2020-11-16,38.910290,-77.012402,Ward 5,2020-11-16
2020-11-16,38.934934,-76.973940,Ward 5,2020-11-16
2020-11-16,38.927101,-77.103286,Ward 3,2020-11-16
2020-11-16,38.915572,-77.033248,Ward 2,2020-11-16
2020-11-16,38.868064,-76.973233,Ward 8,2020-11-16
2020-11-16,38.979560,-77.028373,Ward 4,2020-11-16
2020-11-16,38.827190,-77.010806,Ward 8,2020-11-17
2020-11-16,38.936354,-76.972886,Ward 5,2020-11-17
2020-11-16,38.946504,-77.078888,Ward 3,2020-11-17
2020-11-17,38.887146,-76.932845,Ward 7,2020-11-17
2020-11-17,38.886798,-76.932900,Ward 7,2020-11-17
2020-11-17,38.939421,-77.019297,Ward 4,2020-11-17
2020-11-17,38.910380,-77.012163,Ward 5,2020-11-17
2020-11-17,38.909941,-76.986042,Ward 5,2020-11-25
2020-11-17,38.894040,-76.979639,Ward 6,2020-11-18
2020-11-17,38.858459,-76.958236,Ward 7,2020-11-17
2020-11-17,38.909175,-77.046383,Ward 2,2020-11-17
2020-11-17,38.901662,-76.928208,Ward 7,2020-11-20
2020-11-17,38.945422,-76.980462,Ward 5,2020-11-19
2020-11-17,38.920370,-77.001816,Ward 5,2020-11-17
2020-11-17,38.955637,-77.017522,Ward 4,2020-11-18
2020-11-17,38.920404,-77.001579,Ward 5,2020-11-17
2020-11-17,38.922539,-77.002972,Ward 5,2020-11-17
2020-11-17,38.958338,-77.022043,Ward 4,2020-11-18
2020-11-17,38.905903,-77.024602,Ward 2,2020-11-18
2020-11-18,38.901912,-76.993499,Ward 6,2020-11-18
2020-11-18,38.832558,-76.990258,Ward 8,2020-11-18
2020-11-18,38.907992,-77.041366,Ward 2,2020-11-18
2020-11-18,38.901815,-76.993518,Ward 6,2020-11-18
2020-11-18,38.923555,-76.982488,Ward 5,2020-11-18
2020-11-18,38.901897,-76.983193,Ward 5,2020-11-18
2020-11-18,38.963958,-77.022242,Ward 4,2020-11-18
2020-11-18,38.905310,-77.017791,Ward 6,2020-11-18
2020-11-18,38.857669,-76.959192,Ward 7,2020-11-18
2020-11-18,38.943312,-77.005200,Ward 5,2020-11-18
2020-11-18,38.945474,-77.017056,Ward 4,2020-11-23
2020-11-18,38.905172,-77.020172,Ward 6,2020-11-19
2020-11-18,38.910290,-77.012402,Ward 5,2020-11-19
2020-11-18,38.971397,-77.062170,Ward 4,2020-11-18
2020-11-18,38.936542,-77.034409,Ward 1,2020-11-19
2020-11-18,38.946416,-76.992888,Ward 5,2020-11-19
2020-11-18,38.889764,-76.934875,Ward 7,2020-11-20
2020-11-18,38.924517,-77.069085,Ward 3,2020-11-19
2020-11-18,38.936542,-77.034409,Ward 1,2020-11-19
2020-11-18,38.936542,-77.034409,Ward 1,2020-11-19
2020-11-19,38.900469,-76.920450,Ward 7,2020-11-20
2020-11-19,38.916412,-77.006751,Ward 5,2020-11-19
2020-11-19,38.910920,-77.011965,Ward 5,2020-11-19
2020-11-19,38.891658,-76.926976,Ward 7,2020-11-20
2020-11-19,38.930906,-76.987287,Ward 5,2020-11-20
2020-11-19,38.881420,-76.981998,Ward 6,2020-11-20
2020-11-19,38.943769,-77.098056,Ward 3,2020-11-20
2020-11-20,38.939147,-77.098921,Ward 3,2020-11-20
2020-11-20,38.938995,-76.994312,Ward 5,2020-11-20
2020-11-20,38.981974,-77.031055,Ward 4,2020-11-20
2020-11-20,38.910175,-77.019161,Ward 6,2020-11-23
2020-11-21,38.967408,-77.064193,Ward 4,2020-11-23
2020-11-21,38.943803,-77.036809,Ward 4,2020-11-23
2020-11-21,38.951384,-77.084356,Ward 3,2020-11-23
2020-11-22,38.906718,-77.039027,Ward 2,2020-11-23
2020-11-22,38.912607,-77.027894,Ward 2,2020-11-23
2020-11-22,38.957611,-77.036034,Ward 4,2020-11-23
2020-11-23,38.862813,-76.992738,Ward 8,2020-11-24
2020-11-23,38.881763,-76.942803,Ward 7,2020-11-30
2020-11-23,38.899953,-76.919470,Ward 7,2020-11-23
2020-11-23,38.954472,-77.085366,Ward 3,2020-11-23
2020-11-23,38.915026,-77.023721,Ward 1,2020-11-23
2020-11-23,38.934070,-77.066387,Ward 3,2020-11-23
2020-11-23,38.946504,-77.078888,Ward 3,2020-11-23
2020-11-23,38.946472,-76.996818,Ward 5,2020-11-23
2020-11-23,38.896394,-76.934660,Ward 7,2020-11-24
2020-11-23,38.927101,-77.103286,Ward 3,2020-11-24
2020-11-23,38.938998,-77.061083,Ward 3,2020-11-24
2020-11-23,38.909799,-77.058449,Ward 2,2020-11-24
2020-11-23,38.942110,-77.080989,Ward 3,2020-11-24
2020-11-23,38.934257,-76.969912,Ward 5,2020-11-25
2020-11-23,38.951903,-77.095048,Ward 3,2020-11-24
2020-11-23,38.929608,-76.984462,Ward 5,2020-11-24
2020-11-23,38.943162,-77.079181,Ward 3,2020-11-24
2020-11-24,38.935993,-76.972988,Ward 5,2020-11-24
2020-11-24,38.877922,-76.939030,Ward 7,2020-11-30
2020-11-24,38.882650,-76.989224,Ward 6,2020-11-24
2020-11-24,38.938025,-77.102272,Ward 3,2020-11-24
2020-11-24,38.859763,-76.961749,Ward 7,2020-11-24
2020-11-24,38.919349,-76.987053,Ward 5,2020-11-25
2020-11-24,38.984496,-77.028809,Ward 4,2020-11-25
2020-11-24,38.891043,-76.988846,Ward 6,2020-11-25
2020-11-24,38.930471,-77.030033,Ward 1,2020-12-08
2020-11-25,38.879083,-76.941988,Ward 7,2020-12-01
2020-11-25,38.971655,-77.030130,Ward 4,2020-11-25
2020-11-25,38.894040,-76.979639,Ward 6,2020-11-25
2020-11-25,38.914257,-77.030167,Ward 1,2020-11-25
2020-11-25,38.887250,-76.980987,Ward 6,2020-11-27
2020-11-25,38.910967,-77.034312,Ward 2,2020-11-30
2020-11-26,38.926877,-77.086491,Ward 3,2020-11-27
2020-11-27,38.951034,-77.082036,Ward 3,2020-11-27
2020-11-27,38.948989,-76.996237,Ward 5,2020-11-27
2020-11-28,38.908718,-77.069081,Ward 2,2020-11-30
2020-11-28,38.941592,-76.979600,Ward 5,2020-11-30
2020-11-29,38.935142,-77.070579,Ward 3,2020-11-30
2020-11-29,38.928874,-77.086212,Ward 3,2020-11-30
2020-11-29,38.927554,-76.986224,Ward 5,2020-11-30
2020-11-30,38.853728,-76.995045,Ward 8,2020-12-02
2020-11-30,38.867725,-76.945532,Ward 7,2020-12-01
2020-11-30,38.921679,-77.080794,Ward 3,2020-11-30
2020-11-30,38.972010,-77.066110,Ward 4,2020-11-30
2020-11-30,38.926787,-77.105187,Ward 3,2020-11-30
2020-11-30,38.927065,-77.030023,Ward 1,2020-11-30
2020-11-30,38.916791,-77.047858,Ward 2,2020-12-01
2020-11-30,38.866056,-76.945025,Ward 7,2020-12-01
2020-12-01,38.932033,-76.970557,Ward 5,2020-12-01
2020-12-01,38.851207,-76.969458,Ward 8,2020-12-01
2020-12-01,38.862691,-76.961747,Ward 7,2020-12-02
2020-12-01,38.847162,-76.995366,Ward 8,2020-12-03
2020-12-01,38.845274,-77.000882,Ward 8,2020-12-02
2020-12-02,38.918718,-77.048313,Null,2020-12-02
2020-12-02,38.962819,-77.066148,Ward 4,2020-12-02
2020-12-02,38.947488,-76.998183,Ward 5,2020-12-04
2020-12-02,38.886313,-76.943743,Ward 7,2020-12-03
2020-12-02,38.975906,-77.066327,Ward 4,2020-12-03
2020-12-02,38.896938,-76.916923,Ward 7,2020-12-04
2020-12-03,38.940220,-76.980399,Ward 5,2020-12-04
2020-12-03,38.906522,-77.051047,Ward 2,2020-12-04
2020-12-03,38.913631,-77.046950,Ward 2,2020-12-04
2020-12-03,38.948413,-76.982941,Ward 5,2020-12-03
2020-12-03,38.952309,-77.095419,Ward 3,2020-12-04
2020-12-03,38.908654,-77.055650,Ward 2,2020-12-04
2020-12-04,38.892590,-76.958541,Ward 7,2020-12-07
2020-12-04,38.952364,-77.058276,Ward 3,2020-12-04
2020-12-04,38.949113,-77.016377,Ward 4,2020-12-04
2020-12-04,38.906937,-77.031604,Ward 2,2020-12-07
2020-12-04,38.951384,-77.084356,Ward 3,2020-12-07
2020-12-04,38.905428,-77.083038,Ward 3,2020-12-05
2020-12-04,38.906643,-77.061781,Ward 2,2020-12-07
2020-12-05,38.907583,-77.069397,Ward 2,2020-12-07
2020-12-05,38.927010,-77.006293,Ward 5,2020-12-05
2020-12-05,38.924798,-77.107124,Ward 3,2020-12-07
2020-12-05,38.955618,-77.022497,Ward 4,2020-12-07
2020-12-05,38.840669,-77.005158,Ward 8,2020-12-07
2020-12-06,38.843005,-77.003724,Ward 8,2020-12-10
2020-12-07,38.834125,-77.006886,Ward 8,2020-12-10
2020-12-07,38.965564,-77.035962,Ward 4,2020-12-07
2020-12-07,38.945719,-77.072206,Ward 3,2020-12-07
2020-12-07,38.987482,-77.037313,Ward 4,2020-12-07
2020-12-07,38.938623,-77.043247,Ward 4,2020-12-07
2020-12-07,38.902257,-76.996346,Ward 6,2020-12-07
2020-12-07,38.926662,-77.054306,Ward 3,2020-12-08
2020-12-07,38.875477,-76.956764,Ward 7,2020-12-11
2020-12-07,38.833203,-76.994070,Ward 8,2020-12-16
2020-12-07,38.935370,-77.044937,Ward 1,2020-12-08
2020-12-08,38.864876,-76.983481,Ward 8,2020-12-08
2020-12-08,38.963616,-77.063474,Ward 4,2020-12-08
2020-12-08,38.964163,-77.077431,Ward 3,2020-12-08
2020-12-08,38.831206,-77.005885,Ward 8,2020-12-09
2020-12-08,38.862703,-76.961242,Ward 7,2020-12-14
2020-12-08,38.948412,-77.039846,Ward 4,2020-12-08
2020-12-08,38.931337,-76.977189,Ward 5,2020-12-08
2020-12-09,38.972637,-77.057237,Ward 4,2020-12-09
2020-12-09,38.863703,-76.960229,Ward 7,2020-12-14
2020-12-09,38.897348,-76.976078,Ward 7,2020-12-11
2020-12-09,38.871092,-76.975952,Ward 8,2020-12-14
2020-12-09,38.932072,-77.104923,Ward 3,2020-12-09
2020-12-09,38.847214,-76.971049,Ward 8,2020-12-10
2020-12-09,38.911200,-77.067683,Ward 2,2020-12-09
2020-12-09,38.948412,-77.039846,Ward 4,2020-12-09
2020-12-09,38.932927,-76.987119,Ward 5,2020-12-11
2020-12-09,38.932667,-77.094402,Ward 3,2020-12-09
2020-12-09,38.918104,-77.092800,Ward 3,2020-12-10
2020-12-09,38.925367,-76.975091,Ward 5,2020-12-10
2020-12-10,38.962510,-77.020276,Ward 4,2020-12-10
2020-12-10,38.845264,-76.971187,Ward 8,2020-12-14
2020-12-10,38.970308,-77.062033,Ward 4,2020-12-10
2020-12-10,38.895631,-76.913403,Ward 7,2020-12-14
2020-12-11,38.955165,-77.020682,Ward 4,2020-12-11
2020-12-11,38.925748,-77.029711,Ward 1,2020-12-11
2020-12-11,38.927866,-77.028627,Ward 1,2020-12-11
2020-12-11,38.954636,-77.013826,Ward 4,2020-12-14
2020-12-11,38.903731,-77.002043,Ward 6,2020-12-14
2020-12-11,38.916731,-77.009956,Ward 5,2020-12-14
2020-12-12,38.965938,-77.029228,Ward 4,2020-12-14
2020-12-12,38.931047,-77.043528,Ward 1,2020-12-14
2020-12-13,38.933052,-77.068343,Ward 3,2020-12-14
2020-12-13,38.925332,-77.078567,Ward 3,2020-12-14
2020-12-14,38.884628,-76.957903,Ward 7,2020-12-15
2020-12-14,38.881706,-76.997504,Ward 6,2020-12-14
2020-12-14,38.904442,-76.928330,Ward 7,2020-12-15
2020-12-14,38.913910,-77.030825,Ward 2,2020-12-15
2020-12-15,38.897389,-76.916178,Ward 7,2020-12-16
2020-12-15,38.966823,-77.058984,Ward 4,2020-12-15
2020-12-15,38.872367,-76.977567,Ward 8,2020-12-15
2020-12-16,38.884628,-76.957903,Ward 7,2020-12-16
2020-12-16,38.883405,-77.004318,Ward 6,2020-12-17
2020-12-16,38.867606,-76.978775,Ward 8,2020-12-17
2020-12-16,38.943377,-77.045372,Ward 4,2020-12-17
2020-12-16,38.910031,-77.019672,Ward 6,2020-12-17
2020-12-16,38.910070,-77.019649,Ward 2,2020-12-17
2020-12-16,38.886198,-76.997390,Ward 6,2020-12-17
2020-12-17,38.933640,-77.106747,Ward 3,2020-12-17
2020-12-17,38.886201,-76.997344,Ward 6,2020-12-17
2020-12-17,38.928044,-77.065530,Ward 3,2020-12-17
2020-12-17,38.907101,-77.027300,Ward 2,2020-12-18
2020-12-17,38.901333,-77.033639,Ward 2,2020-12-18
2020-12-17,38.906602,-77.068460,Ward 2,2020-12-18
2020-12-17,38.945435,-77.103471,Ward 3,2020-12-18
2020-12-17,38.911729,-77.036952,Ward 2,2020-12-18
2020-12-17,38.914341,-77.036879,Ward 2,2020-12-18
2020-12-17,38.957658,-77.021198,Ward 4,2020-12-17
2020-12-18,38.915117,-77.052363,Ward 2,2020-12-18
2020-12-18,38.930381,-77.042502,Ward 1,2020-12-18
2020-12-18,38.954267,-77.027926,Ward 4,2020-12-18
2020-12-18,38.881869,-77.017818,Ward 6,2020-12-18
2020-12-18,38.863552,-76.983351,Ward 8,2020-12-18
2020-12-18,38.854739,-76.982270,Ward 8,2020-12-21
2020-12-18,38.980492,-77.026780,Ward 4,2020-12-21
2020-12-18,38.980492,-77.026780,Ward 4,2020-12-21
2020-12-19,38.915021,-77.024650,Ward 1,2020-12-21
2020-12-19,38.981350,-77.033412,Ward 4,2020-12-21
2020-12-19,38.980576,-77.034315,Ward 4,2020-12-21
2020-12-19,38.929377,-77.038618,Ward 1,2020-12-21
2020-12-19,38.881696,-77.020287,Ward 6,2020-12-21
2020-12-20,38.911579,-76.985525,Ward 5,2020-12-24
2020-12-20,38.980586,-77.027586,Ward 4,2020-12-21
2020-12-21,38.896979,-77.023284,Ward 2,2020-12-21
2020-12-21,38.936063,-77.066782,Ward 3,2020-12-21
2020-12-21,38.897657,-77.028521,Ward 2,2020-12-21
2020-12-21,38.933068,-76.984760,Ward 5,2020-12-21
2020-12-21,38.867655,-76.977149,Ward 8,2020-12-21
2020-12-21,38.898607,-76.924369,Ward 7,2020-12-22
2020-12-21,38.897055,-77.030154,Ward 2,2020-12-22
2020-12-22,38.915021,-77.024650,Ward 1,2020-12-22
2020-12-22,38.909553,-77.068815,Ward 2,2020-12-22
2020-12-22,38.915735,-77.017125,Ward 1,2020-12-22
2020-12-22,38.918614,-77.047940,Null,2020-12-23
2020-12-22,38.906267,-76.934296,Ward 7,2020-12-28
2020-12-22,38.870237,-76.951947,Ward 7,2020-12-31
2020-12-22,38.895000,-76.992442,Ward 6,2020-12-22
2020-12-22,38.898406,-76.989979,Ward 6,2020-12-23
2020-12-23,38.881077,-76.993564,Ward 6,2020-12-23
2020-12-23,38.905699,-77.032094,Ward 2,2020-12-23
2020-12-23,38.949047,-77.029437,Ward 4,2020-12-24
2020-12-24,38.926086,-77.037833,Ward 1,2020-12-24
2020-12-24,38.938497,-76.987193,Ward 5,2020-12-28
2020-12-26,38.928232,-77.083159,Ward 3,2020-12-28
2020-12-28,38.905333,-77.072827,Ward 2,2020-12-29
2020-12-28,38.986401,-77.032806,Ward 4,2020-12-28
2020-12-28,38.986401,-77.032806,Ward 4,2020-12-28
2020-12-29,38.956100,-77.070803,Ward 3,2020-12-29
2020-12-29,38.926615,-77.007178,Ward 5,2020-12-29
2020-12-29,38.966955,-77.057613,Ward 4,2020-12-29
2020-12-29,38.943702,-77.026722,Ward 4,2020-12-29
2020-12-29,38.843638,-76.990274,Ward 8,2020-12-30
2020-12-29,38.909738,-77.067854,Ward 2,2020-12-29
2020-12-29,38.905990,-77.031953,Ward 2,2020-12-30
2020-12-29,38.929891,-77.042183,Ward 1,2020-12-30
2020-12-29,38.957688,-77.077140,Ward 3,2020-12-30
2020-12-29,38.958836,-77.080633,Ward 3,2020-12-30
2020-12-29,38.926992,-77.028461,Ward 1,2020-12-30
2020-12-29,38.901507,-76.927885,Ward 7,2020-12-30
2020-12-29,38.901507,-76.927885,Ward 7,2020-12-30
2020-12-29,38.853829,-76.971040,Ward 8,2020-12-31
2020-12-30,38.905955,-77.079171,Ward 3,2020-12-30
2020-12-30,38.957828,-76.996935,Ward 4,2020-12-30
2020-12-30,38.832235,-76.992736,Ward 8,2020-12-31
2020-12-30,38.885674,-76.997706,Ward 6,2020-12-30
2020-12-31,38.952616,-77.009669,Ward 4,2020-12-31
2020-12-31,38.912781,-77.016835,Ward 5,2021-01-04
2020-12-31,38.914314,-77.015464,Ward 5,2021-01-04
2020-12-31,38.914448,-77.015078,Ward 5,2021-01-04
