2026-01-01,38.978232,-77.026767,Ward 4,2026-01-02
2026-01-01,38.903194,-77.050530,Ward 2,2026-01-16
2026-01-01,38.932252,-77.085125,Ward 3,2026-08-10
2026-01-01,38.975598,-77.035961,Ward 4,2026-08-03
2026-01-01,38.981140,-77.030066,Ward 4,2026-01-02
2026-01-01,38.887311,-76.949513,Ward 7,2026-01-06
2026-01-02,38.974887,-77.018248,Ward 4,2026-01-02
2026-01-02,38.903068,-76.976216,Ward 5,2026-01-09
2026-01-02,38.929581,-76.995935,Ward 5,
2026-01-02,38.842931,-76.997615,Ward 8,2026-01-06
2026-01-02,38.978232,-77.026767,Ward 4,2026-01-06
2026-01-02,38.976566,-77.028132,Ward 4,2026-01-06
2026-01-02,38.932369,-77.041294,Ward 1,2026-08-03
2026-01-02,38.932369,-77.041294,Ward 1,2026-02-03
2026-01-02,38.932369,-77.041294,Ward 1,
2026-01-02,38.945061,-77.027400,Ward 4,2026-05-23
2026-01-02,38.865397,-76.947790,Ward 7,2026-01-02
2026-01-02,38.874826,-76.970349,Ward 7,2026-01-02
2026-01-02,38.891443,-76.977011,Ward 7,2026-01-05
2026-01-02,38.976093,-77.028164,Ward 4,2026-01-06
2026-01-02,38.843989,-76.993719,Ward 8,2026-01-06
2026-01-02,38.953433,-77.036017,Ward 4,2026-01-05
2026-01-02,38.869000,-76.984204,Ward 8,2026-01-15
2026-01-02,38.860489,-76.959546,Ward 7,2026-01-13
2026-01-02,38.881037,-76.981258,Ward 6,2026-03-30
2026-01-02,38.887233,-76.983203,Ward 7,2026-01-06
2026-01-02,38.931239,-77.042629,Ward 1,2026-02-02
2026-01-02,38.904458,-77.042219,Ward 2,2026-05-01
2026-01-02,38.905330,-77.042237,Ward 2,2026-04-30
2026-01-03,38.929814,-77.034266,Ward 1,2026-01-07
2026-01-03,38.977198,-77.020615,Ward 4,2026-01-07
2026-01-03,38.960304,-77.024483,Ward 4,2026-08-28
2026-01-03,38.867701,-76.942008,Ward 7,2026-01-12
2026-01-03,38.930749,-76.957756,Ward 5,
2026-01-03,38.869225,-76.939728,Ward 7,2026-01-13
2026-01-03,38.941570,-76.987453,Ward 5,2026-05-23
2026-01-03,38.952115,-77.066028,Ward 3,
2026-01-03,38.943915,-77.022326,Ward 4,2026-01-06
2026-01-03,38.933250,-76.980622,Ward 5,2026-01-15
2026-01-03,38.923993,-77.033920,Ward 1,
2026-01-03,38.891853,-76.995990,Ward 6,2026-01-06
2026-01-03,38.929887,-77.044072,Ward 1,2026-01-06
2026-01-03,38.978232,-77.026767,Ward 4,2026-01-06
2026-01-03,38.976566,-77.028132,Ward 4,2026-07-27
2026-01-03,38.976016,-77.027333,Ward 4,2026-02-16
2026-01-03,38.976093,-77.028164,Ward 4,2026-01-06
2026-01-03,38.975531,-77.027237,Ward 4,2026-01-07
2026-01-04,38.909457,-77.006454,Ward 5,2026-01-12
2026-01-04,38.960304,-77.024483,Ward 4,2026-01-06
2026-01-04,38.909457,-77.006454,Ward 5,2026-01-15
2026-01-04,38.891866,-76.996331,Ward 6,2026-01-06
2026-01-04,38.940113,-77.024701,Ward 4,
2026-01-04,38.955542,-77.063049,Ward 3,2026-01-06
2026-01-04,38.892014,-76.996171,Ward 6,2026-01-09
2026-01-04,38.942032,-77.094632,Ward 3,2026-01-06
2026-01-04,38.978232,-77.026767,Ward 4,2026-01-06
2026-01-04,38.976566,-77.028132,Ward 4,2026-01-06
2026-01-04,38.976093,-77.028164,Ward 4,2026-01-06
2026-01-04,38.925201,-77.002638,Ward 5,2026-01-05
2026-01-04,38.978193,-77.028131,Ward 4,2026-01-06
2026-01-04,38.975598,-77.035961,Ward 4,2026-07-29
2026-01-05,38.938434,-77.062962,Ward 3,
2026-01-05,38.978951,-77.061457,Ward 4,2026-01-07
2026-01-05,38.944914,-76.985961,Ward 5,2026-01-07
2026-01-05,38.898918,-77.010551,Ward 6,2026-06-29
2026-01-05,38.922903,-77.036879,Ward 1,
2026-01-05,38.910291,-77.044573,Ward 2,2026-07-27
2026-01-05,38.907379,-76.928908,Ward 7,2026-05-13
2026-01-05,38.914429,-76.984129,Ward 5,2026-03-05
2026-01-05,38.981350,-77.033412,Ward 4,2026-01-09
2026-01-05,38.893871,-76.959943,Ward 7,2026-01-12
2026-01-05,38.944613,-77.010926,Ward 5,
2026-01-05,38.886212,-77.022151,Ward 6,
2026-01-05,38.978232,-77.026767,Ward 4,2026-01-08
2026-01-06,38.933856,-77.037911,Ward 1,2026-01-08
2026-01-06,38.933856,-77.037911,Ward 1,2026-03-13
2026-01-06,38.976093,-77.028164,Ward 4,2026-01-08
2026-01-06,38.976566,-77.028132,Ward 4,2026-01-08
2026-01-06,38.976016,-77.027333,Ward 4,2026-02-16
2026-01-06,38.975531,-77.027237,Ward 4,2026-01-06
2026-01-06,38.905827,-77.021648,Ward 2,2026-01-08
2026-01-06,38.927567,-76.995928,Ward 5,2026-01-07
2026-01-06,38.923844,-76.999306,Ward 5,2026-01-07
2026-01-06,38.914130,-77.015545,Ward 5,2026-03-03
2026-01-06,38.886032,-77.012142,Ward 6,2026-01-08
2026-01-06,38.933093,-76.982984,Ward 5,2026-01-07
2026-01-06,38.932899,-76.980994,Ward 5,2026-01-07
2026-01-06,38.904458,-77.042219,Ward 2,2026-01-07
2026-01-06,38.882837,-76.980767,Ward 7,2026-01-08
2026-01-06,38.929623,-77.034416,Ward 1,2026-01-07
2026-01-06,38.883792,-76.960448,Ward 7,2026-01-06
2026-01-06,38.900669,-77.027444,Ward 2,2026-01-13
2026-01-06,38.876113,-77.017361,Ward 6,2026-01-12
2026-01-06,38.914320,-77.045440,Ward 2,2026-08-03
2026-01-06,38.914091,-77.044874,Ward 2,2026-01-07
2026-01-06,38.914091,-77.044874,Ward 2,2026-01-08
2026-01-06,38.904405,-76.980585,Ward 5,2026-01-15
2026-01-06,38.874993,-77.004207,Ward 8,2026-01-08
2026-01-06,38.907870,-77.070215,Ward 2,2026-07-24
2026-01-06,38.903953,-77.003178,Ward 6,2026-07-09
2026-01-06,38.906803,-77.000198,Ward 6,2026-01-15
2026-01-06,38.889401,-76.980528,Ward 7,2026-01-20
2026-01-07,38.978232,-77.026767,Ward 4,2026-01-07
2026-01-07,38.976093,-77.028164,Ward 4,2026-05-23
2026-01-07,38.976016,-77.027333,Ward 4,2026-02-16
2026-01-07,38.976566,-77.028132,Ward 4,2026-01-07
2026-01-07,38.892489,-76.981016,Ward 7,2026-01-07
2026-01-07,38.947641,-77.006962,Ward 5,2026-01-07
2026-01-07,38.899193,-77.014730,Ward 6,2026-01-16
2026-01-07,38.887657,-76.917023,Ward 7,2026-01-07
2026-01-07,38.917645,-77.043772,Ward 1,2026-06-16
2026-01-07,38.917617,-77.042542,Ward 1,2026-06-16
2026-01-07,38.882594,-77.031787,Ward 6,2026-01-12
2026-01-07,38.904458,-77.042219,Ward 2,2026-02-09
2026-01-07,38.898645,-77.022365,Ward 2,2026-02-06
2026-01-07,38.964291,-77.003055,Ward 4,2026-07-08
2026-01-07,38.941844,-77.058821,Ward 3,2026-04-08
2026-01-07,38.894783,-76.994962,Ward 6,2026-01-09
2026-01-07,38.856421,-76.980502,Ward 8,2026-01-09
2026-01-07,38.872232,-76.965104,Ward 7,2026-01-09
2026-01-07,38.948987,-77.081184,Ward 3,2026-03-06
2026-01-07,38.884800,-76.940553,Ward 7,2026-01-07
2026-01-07,38.896860,-77.007778,Ward 6,2026-09-11
2026-01-07,38.919493,-76.986647,Ward 5,2026-01-23
2026-01-07,38.914915,-77.019115,Ward 2,2026-01-21
2026-01-07,38.915574,-77.041658,Ward 2,2026-01-21
2026-01-07,38.920544,-77.025510,Ward 1,2026-08-03
2026-01-07,38.930749,-76.957756,Ward 5,
2026-01-07,38.933856,-77.037911,Ward 1,2026-01-08
2026-01-07,38.978232,-77.026767,Ward 4,2026-01-08
2026-01-08,38.976566,-77.028132,Ward 4,2026-01-08
2026-01-08,38.975531,-77.027237,Ward 4,2026-01-08
2026-01-08,38.976093,-77.028164,Ward 4,2026-07-27
2026-01-08,38.953079,-77.033729,Ward 4,2026-01-08
2026-01-08,38.867447,-76.981038,Ward 8,2026-01-15
2026-01-08,38.958188,-76.997015,Ward 4,2026-01-08
2026-01-08,38.902184,-77.037528,Ward 2,
2026-01-08,38.933299,-77.072003,Ward 3,2026-01-21
2026-01-08,38.925536,-77.052680,Ward 3,
2026-01-08,38.883880,-76.977543,Ward 7,2026-01-15
2026-01-08,38.927049,-77.025341,Ward 1,2026-02-03
2026-01-08,38.900086,-76.939458,Ward 7,2026-01-16
2026-01-08,38.897179,-76.960676,Ward 7,2026-01-13
2026-01-08,38.900201,-76.988308,Ward 6,2026-01-15
2026-01-08,38.903170,-77.035928,Ward 2,2026-04-24
2026-01-08,38.847056,-76.983307,Ward 8,2026-01-08
2026-01-08,38.925178,-76.991843,Ward 5,2026-01-13
2026-01-08,38.922369,-76.968340,Ward 5,2026-07-23
2026-01-08,38.927267,-77.023486,Ward 1,
2026-01-08,38.951779,-77.024025,Ward 4,2026-08-28
2026-01-08,38.926144,-77.022806,Ward 1,2026-01-12
2026-01-09,38.932314,-77.031665,Ward 1,
2026-01-09,38.930932,-77.030850,Ward 1,2026-02-03
2026-01-09,38.934935,-77.030575,Ward 1,2026-06-01
2026-01-09,38.860486,-76.958913,Ward 7,2026-01-09
2026-01-09,38.962180,-77.000069,Ward 4,2026-04-07
2026-01-09,38.886175,-76.995963,Ward 6,2026-01-09
2026-01-09,38.916993,-77.007267,Ward 5,2026-01-12
2026-01-09,38.914804,-77.067758,Ward 2,
2026-01-09,38.958390,-77.084090,Ward 3,2026-02-03
2026-01-09,38.859582,-76.996937,Ward 8,2026-01-16
2026-01-09,38.915363,-77.007592,Ward 5,2026-01-22
2026-01-09,38.949866,-77.099697,Ward 3,2026-01-15
2026-01-09,38.908275,-77.018724,Ward 2,2026-01-09
2026-01-09,38.910474,-76.985773,Ward 5,2026-02-05
2026-01-09,38.890444,-76.959913,Ward 7,2026-01-09
2026-01-09,38.967436,-77.020334,Ward 4,2026-08-28
2026-01-09,38.887268,-77.001675,Ward 6,
2026-01-09,38.912608,-77.043432,Ward 2,2026-03-25
2026-01-09,38.972563,-77.017589,Ward 4,2026-04-13
2026-01-09,38.920493,-77.001819,Ward 5,2026-01-15
2026-01-09,38.946012,-77.016780,Ward 4,2026-01-09
2026-01-09,38.923078,-77.041385,Ward 1,2026-08-17
2026-01-09,38.925201,-77.022310,Ward 1,2026-09-01
2026-01-09,38.924478,-77.022782,Ward 1,2026-03-06
2026-01-09,38.922704,-77.022583,Ward 1,2026-05-15
2026-01-09,38.922340,-77.022258,Ward 1,2026-01-21
2026-01-09,38.926725,-77.071174,Ward 3,2026-01-12
2026-01-09,38.978232,-77.026767,Ward 4,2026-04-09
2026-01-09,38.976566,-77.028132,Ward 4,2026-07-28
2026-01-10,38.892995,-76.981659,Ward 7,2026-01-12
2026-01-10,38.905897,-77.068981,Ward 2,2026-09-08
2026-01-10,38.978232,-77.026767,Ward 4,2026-01-21
2026-01-10,38.866747,-76.976655,Ward 8,2026-01-12
2026-01-10,38.958027,-77.084328,Ward 3,2026-01-13
2026-01-10,38.913899,-77.014396,Ward 5,2026-01-12
2026-01-10,38.914233,-77.013917,Ward 5,2026-01-13
2026-01-10,38.986091,-77.042943,Ward 4,2026-09-04
2026-01-10,38.976566,-77.028132,Ward 4,2026-07-28
2026-01-10,38.976093,-77.028164,Ward 4,2026-07-28
2026-01-11,38.871548,-76.964769,Ward 7,2026-01-12
2026-01-11,38.871512,-76.965059,Ward 7,2026-01-13
2026-01-11,38.885222,-76.981993,Ward 7,2026-01-12
2026-01-11,38.972327,-77.014216,Ward 4,2026-01-12
2026-01-11,38.973609,-77.022766,Ward 4,2026-01-12
2026-01-11,38.983789,-77.029683,Ward 4,2026-01-12
2026-01-11,38.983516,-77.029943,Ward 4,2026-01-12
2026-01-11,38.907404,-77.008169,Ward 6,2026-01-12
2026-01-11,38.940187,-77.016850,Ward 4,2026-01-12
2026-01-11,38.927267,-77.023486,Ward 1,
2026-01-11,38.925564,-77.023092,Ward 1,2026-09-01
2026-01-11,38.924478,-77.022782,Ward 1,
2026-01-11,38.920962,-77.022057,Ward 1,2026-01-14
2026-01-11,38.919990,-77.021923,Ward 1,2026-01-14
2026-01-11,38.978232,-77.026767,Ward 4,2026-01-21
2026-01-11,38.976566,-77.028132,Ward 4,2026-07-28
2026-01-11,38.976093,-77.028164,Ward 4,2026-07-28
2026-01-12,38.915572,-77.021919,Ward 1,2026-01-13
2026-01-12,38.907473,-77.038101,Ward 2,2026-01-23
2026-01-12,38.950416,-76.989290,Ward 5,2026-01-23
2026-01-12,38.871548,-76.964769,Ward 7,2026-01-14
2026-01-12,38.842682,-76.992896,Ward 8,2026-01-12
2026-01-12,38.929553,-77.019422,Ward 1,2026-01-12
2026-01-12,38.920871,-76.988546,Ward 5,2026-01-15
2026-01-12,38.866960,-76.976097,Ward 8,2026-01-22
2026-01-12,38.919990,-77.021923,Ward 1,2026-07-27
2026-01-12,38.939967,-77.017285,Ward 4,2026-02-03
2026-01-12,38.842287,-76.989961,Ward 8,2026-02-10
2026-01-12,38.892393,-77.018585,Ward 6,2026-01-14
2026-01-12,38.891299,-77.019922,Ward 2,2026-01-21
2026-01-12,38.910992,-77.043640,Ward 2,2026-01-21
2026-01-12,38.901429,-76.924143,Ward 7,2026-07-31
2026-01-12,38.909645,-77.021916,Ward 2,2026-07-08
2026-01-12,38.885128,-76.992474,Ward 6,2026-07-28
2026-01-12,38.968633,-77.024207,Ward 4,2026-01-13
2026-01-12,38.968842,-77.024024,Ward 4,2026-01-13
2026-01-13,38.894619,-76.959297,Ward 7,2026-01-13
2026-01-13,38.976093,-77.028164,Ward 4,2026-07-28
2026-01-13,38.913463,-77.020162,Ward 2,2026-01-23
2026-01-13,38.903719,-77.011888,Ward 6,2026-01-14
2026-01-13,38.966191,-77.005337,Ward 4,2026-01-13
2026-01-13,38.946993,-77.033359,Ward 4,2026-05-12
2026-01-13,38.968633,-77.024207,Ward 4,2026-01-14
2026-01-13,38.968633,-77.024207,Ward 4,2026-01-14
2026-01-13,38.908337,-76.940952,Ward 7,2026-01-15
2026-01-13,38.937955,-76.978058,Ward 5,2026-05-07
2026-01-13,38.968633,-77.024207,Ward 4,2026-01-14
2026-01-13,38.952724,-77.035836,Ward 4,2026-05-23
2026-01-13,38.901145,-76.992178,Ward 6,2026-01-13
2026-01-13,38.887596,-76.999515,Ward 6,2026-01-14
2026-01-13,38.914726,-77.092599,Ward 3,2026-07-27
2026-01-13,38.906039,-77.068736,Ward 2,2026-01-23
2026-01-13,38.903531,-76.999282,Ward 6,2026-01-15
2026-01-13,38.903531,-76.999282,Ward 6,2026-01-13
2026-01-13,38.903531,-76.999282,Ward 6,2026-01-13
2026-01-13,38.970139,-77.013107,Ward 4,2026-01-23
2026-01-13,38.883088,-77.003187,Ward 6,2026-01-15
2026-01-13,38.903531,-76.999282,Ward 6,2026-01-13
2026-01-13,38.968633,-77.024207,Ward 4,2026-02-04
2026-01-13,38.943082,-77.015687,Ward 4,2026-01-13
2026-01-13,38.888996,-76.983887,Ward 6,2026-01-13
2026-01-13,38.929428,-76.960489,Ward 5,
2026-01-13,38.882657,-76.983174,Ward 7,2026-01-13
2026-01-13,38.894959,-76.996863,Ward 6,2026-01-15
2026-01-13,38.928339,-77.020003,Ward 1,2026-02-26
2026-01-13,38.968786,-77.028208,Ward 4,
2026-01-13,38.968756,-77.027829,Ward 4,2026-01-16
2026-01-13,38.968979,-77.027348,Ward 4,2026-01-16
2026-01-13,38.906862,-77.057063,Ward 2,2026-07-31
2026-01-13,38.912761,-77.031320,Ward 2,2026-01-21
2026-01-14,38.976566,-77.028132,Ward 4,2026-07-28
2026-01-14,38.976093,-77.028164,Ward 4,2026-07-28
2026-01-14,38.976016,-77.027333,Ward 4,2026-02-16
2026-01-14,38.884100,-76.980766,Ward 7,2026-03-18
2026-01-14,38.931606,-77.032958,Ward 1,2026-01-15
2026-01-14,38.920579,-77.021647,Ward 1,2026-01-14
2026-01-14,38.931381,-77.038850,Ward 1,
2026-01-14,38.931218,-77.029400,Ward 1,2026-01-15
2026-01-14,38.932791,-77.027811,Ward 1,2026-02-03
2026-01-14,38.933704,-77.025893,Ward 1,2026-07-28
2026-01-14,38.868688,-76.982487,Ward 8,2026-01-14
2026-01-14,38.903912,-76.998627,Ward 6,2026-01-23
2026-01-14,38.903587,-76.999773,Ward 6,2026-01-16
2026-01-14,38.952263,-77.021877,Ward 4,2026-02-11
2026-01-14,38.968786,-77.028208,Ward 4,2026-01-16
2026-01-14,38.968756,-77.027829,Ward 4,2026-01-16
2026-01-14,38.968630,-77.027378,Ward 4,2026-01-16
2026-01-14,38.973994,-77.036366,Ward 4,
2026-01-14,38.969473,-77.064188,Ward 4,2026-02-05
2026-01-14,38.948427,-77.006470,Ward 5,2026-01-23
2026-01-14,38.899746,-76.920897,Ward 7,2026-01-14
2026-01-14,38.970921,-77.028203,Ward 4,
2026-01-14,38.971044,-77.028200,Ward 4,
2026-01-14,38.867474,-77.010306,Ward 6,2026-01-21
2026-01-14,38.971071,-77.028748,Ward 4,
2026-01-14,38.971355,-77.028195,Ward 4,
2026-01-14,38.972263,-77.028470,Ward 4,2026-07-16
2026-01-14,38.965598,-77.034760,Ward 4,2026-01-14
2026-01-14,38.885222,-76.981993,Ward 7,2026-01-23
2026-01-14,38.904754,-77.036064,Ward 2,
2026-01-14,38.908696,-77.036527,Ward 2,2026-03-06
2026-01-14,38.932256,-77.035107,Ward 1,2026-01-15
2026-01-14,38.899568,-76.978709,Ward 5,2026-01-23
2026-01-14,38.883880,-76.977543,Ward 7,2026-01-16
2026-01-14,38.885664,-76.977061,Ward 7,2026-07-31
2026-01-14,38.926815,-77.061541,Ward 3,2026-04-20
2026-01-14,38.912037,-77.007091,Ward 5,2026-01-14
2026-01-14,38.864336,-76.946414,Ward 7,2026-01-14
2026-01-14,38.915572,-77.021919,Ward 1,2026-03-17
2026-01-14,38.881379,-76.930282,Ward 7,2026-07-10
2026-01-14,38.917812,-77.036866,Ward 1,2026-01-16
2026-01-14,38.972263,-77.028470,Ward 4,
2026-01-14,38.972263,-77.028470,Ward 4,2026-08-18
2026-01-14,38.972080,-77.028649,Ward 4,2026-01-16
2026-01-14,38.972263,-77.028985,Ward 4,2026-02-02
2026-01-14,38.972596,-77.028959,Ward 4,2026-01-16
2026-01-14,38.911537,-77.043177,Ward 2,2026-01-16
2026-01-14,38.911868,-77.043435,Ward 2,2026-08-04
2026-01-14,38.904607,-77.032222,Ward 2,2026-05-13
2026-01-15,38.976093,-77.028164,Ward 4,2026-07-28
2026-01-15,38.990151,-77.039858,Ward 4,2026-02-16
2026-01-15,38.933737,-77.026226,Ward 1,2026-01-16
2026-01-15,38.933119,-77.026997,Ward 1,2026-01-16
2026-01-15,38.861502,-76.993796,Ward 8,2026-01-16
2026-01-15,38.845889,-76.996379,Ward 8,2026-01-16
2026-01-15,38.929160,-76.972161,Ward 5,2026-01-23
2026-01-15,38.900727,-76.949064,Ward 7,2026-01-16
2026-01-15,38.862808,-76.951153,Ward 7,2026-01-15
2026-01-15,38.877134,-76.962915,Ward 7,2026-01-15
2026-01-15,38.927267,-77.023486,Ward 1,2026-04-02
2026-01-15,38.926144,-77.022806,Ward 1,2026-01-21
2026-01-15,38.925564,-77.023092,Ward 1,2026-09-01
2026-01-15,38.877978,-76.933800,Ward 7,2026-01-15
2026-01-15,38.904169,-77.011883,Ward 6,2026-01-16
2026-01-15,38.924478,-77.022782,Ward 1,
2026-01-15,38.922340,-77.022258,Ward 1,2026-05-15
2026-01-15,38.920962,-77.022057,Ward 1,2026-03-06
2026-01-15,38.919990,-77.021923,Ward 1,2026-02-06
2026-01-15,38.972263,-77.028470,Ward 4,2026-01-21
2026-01-15,38.921234,-77.081793,Ward 3,2026-01-22
2026-01-15,38.919360,-77.088018,Ward 3,2026-05-28
2026-01-15,38.914700,-76.984095,Ward 5,2026-05-12
2026-01-15,38.925201,-77.094441,Ward 3,2026-01-16
2026-01-15,38.927832,-77.093376,Ward 3,2026-01-16
2026-01-15,38.910032,-77.008642,Ward 5,
2026-01-15,38.971875,-77.031383,Ward 4,
2026-01-15,38.910032,-77.008642,Ward 5,
2026-01-15,38.970494,-77.033032,Ward 4,2026-01-16
2026-01-15,38.898645,-77.022365,Ward 2,2026-07-28
2026-01-15,38.969695,-77.032237,Ward 4,2026-07-16
2026-01-15,38.969923,-77.028472,Ward 4,2026-07-27
2026-01-15,38.884241,-76.995813,Ward 6,2026-01-20
2026-01-16,38.976016,-77.027333,Ward 4,2026-02-16
2026-01-16,38.975531,-77.027237,Ward 4,2026-01-16
2026-01-16,38.978232,-77.026767,Ward 4,2026-01-21
2026-01-16,38.975598,-77.035961,Ward 4,2026-02-12
2026-01-16,38.976093,-77.028164,Ward 4,2026-07-28
2026-01-16,38.877696,-77.002751,Ward 8,2026-01-20
2026-01-16,38.894951,-76.955338,Ward 7,2026-02-10
2026-01-16,38.967050,-77.029934,Ward 4,2026-07-07
2026-01-16,38.966850,-77.029690,Ward 4,2026-02-19
2026-01-16,38.966850,-77.029690,Ward 4,2026-01-20
2026-01-16,38.966133,-77.029688,Ward 4,2026-01-20
2026-01-16,38.966133,-77.029688,Ward 4,2026-02-12
2026-01-16,38.968272,-77.029686,Ward 4,2026-02-12
2026-01-16,38.861543,-76.971181,Ward 8,2026-01-16
2026-01-16,38.841575,-77.000346,Ward 8,2026-01-16
2026-01-16,38.876932,-76.962574,Ward 7,2026-01-16
2026-01-16,38.900623,-77.019170,Ward 2,2026-04-24
2026-01-16,38.898198,-76.922102,Ward 7,2026-01-21
2026-01-16,38.905760,-77.068758,Ward 2,2026-07-02
2026-01-16,38.982142,-77.025147,Ward 4,2026-02-26
2026-01-16,38.923767,-77.027038,Ward 1,2026-03-06
2026-01-16,38.969735,-77.029976,Ward 4,2026-01-20
2026-01-16,38.961248,-77.076928,Ward 3,2026-06-03
2026-01-16,38.951781,-77.058657,Ward 3,2026-05-23
2026-01-16,38.915426,-77.034773,Ward 2,2026-03-27
2026-01-16,38.918988,-77.028294,Ward 1,2026-01-20
2026-01-16,38.988816,-77.035941,Ward 4,2026-01-20
2026-01-16,38.908373,-77.043093,Ward 2,2026-02-12
2026-01-17,38.976566,-77.028132,Ward 4,2026-07-27
2026-01-17,38.976016,-77.027333,Ward 4,2026-02-16
2026-01-17,38.975531,-77.027237,Ward 4,2026-02-24
2026-01-17,38.898051,-77.024884,Ward 2,2026-08-13
2026-01-17,38.904601,-76.982115,Ward 5,
2026-01-17,38.978232,-77.026767,Ward 4,2026-01-20
2026-01-17,38.976566,-77.028132,Ward 4,2026-07-27
2026-01-17,38.976093,-77.028164,Ward 4,2026-07-27
2026-01-17,38.976016,-77.027333,Ward 4,2026-02-16
2026-01-17,38.975531,-77.027237,Ward 4,2026-01-21
2026-01-17,38.897755,-77.017551,Ward 6,2026-01-23
2026-01-18,38.917296,-76.958084,Ward 5,2026-07-27
2026-01-18,38.978232,-77.026767,Ward 4,2026-01-20
2026-01-18,38.976566,-77.028132,Ward 4,2026-01-20
2026-01-18,38.982228,-77.026128,Ward 4,2026-04-07
2026-01-18,38.929992,-76.982483,Ward 5,2026-01-20
2026-01-18,38.976064,-77.019521,Ward 4,2026-01-21
2026-01-19,38.958826,-77.082844,Ward 3,2026-01-21
2026-01-19,38.898099,-77.024434,Ward 2,2026-08-06
2026-01-19,38.890023,-77.048850,Ward 2,2026-01-20
2026-01-19,38.969735,-77.029976,Ward 4,2026-01-20
2026-01-19,38.903957,-77.033371,Ward 2,2026-07-22
2026-01-19,38.890791,-76.995944,Ward 6,2026-01-20
2026-01-19,38.976093,-77.028164,Ward 4,2026-01-20
2026-01-19,38.896427,-77.025502,Ward 2,
2026-01-19,38.896728,-77.007940,Ward 6,
2026-01-19,38.906210,-77.061452,Ward 2,2026-05-11
2026-01-20,38.976016,-77.027333,Ward 4,2026-02-16
2026-01-20,38.858906,-76.968195,Ward 8,2026-01-20
2026-01-20,38.905844,-77.008461,Ward 6,2026-01-23
2026-01-20,38.905821,-77.007670,Ward 6,2026-07-27
2026-01-20,38.906621,-77.006905,Ward 6,2026-07-27
2026-01-20,38.955250,-76.993040,Ward 5,2026-02-02
2026-01-20,38.849924,-76.976420,Ward 8,2026-01-20
2026-01-20,38.861502,-76.993796,Ward 8,2026-01-21
2026-01-20,38.891460,-76.934637,Ward 7,2026-01-20
2026-01-20,38.877696,-77.002751,Ward 8,2026-01-22
2026-01-20,38.901178,-77.043744,Ward 2,2026-03-25
2026-01-20,38.893104,-76.957765,Ward 7,2026-02-04
2026-01-20,38.877747,-76.985774,Ward 6,2026-02-02
2026-01-20,38.923968,-77.031873,Ward 1,2026-01-21
2026-01-20,38.934953,-77.019662,Ward 1,2026-01-21
2026-01-20,38.913613,-77.020176,Ward 2,
2026-01-20,38.900619,-76.938915,Ward 7,2026-01-21
2026-01-20,38.963530,-77.074418,Ward 3,2026-05-23
2026-01-20,38.904601,-76.982115,Ward 5,2026-06-24
2026-01-20,38.870964,-76.962967,Ward 7,2026-04-24
2026-01-20,38.954490,-77.013568,Ward 4,2026-03-03
2026-01-20,38.912674,-77.059434,Ward 2,2026-02-04
2026-01-20,38.930655,-77.032430,Ward 1,2026-01-21
2026-01-21,38.930519,-76.958059,Ward 5,2026-01-21
2026-01-21,38.978232,-77.026767,Ward 4,2026-01-21
2026-01-21,38.976566,-77.028132,Ward 4,2026-05-23
2026-01-21,38.958579,-77.068558,Ward 3,2026-02-04
2026-01-21,38.912865,-77.041426,Ward 2,2026-01-21
2026-01-21,38.867421,-76.986420,Ward 8,2026-01-21
2026-01-21,38.909980,-77.008738,Ward 5,
2026-01-21,38.860697,-76.987224,Ward 8,2026-02-10
2026-01-21,38.901441,-77.053685,Ward 2,2026-02-27
2026-01-21,38.901441,-77.053685,Ward 2,2026-02-27
2026-01-21,38.964764,-77.031867,Ward 4,2026-05-27
2026-01-21,38.944841,-77.035560,Ward 4,2026-06-01
2026-01-21,38.942751,-77.033495,Ward 4,2026-07-23
2026-01-21,38.901441,-77.053685,Ward 2,2026-02-27
2026-01-21,38.943112,-77.026125,Ward 4,2026-06-01
2026-01-21,38.912520,-76.985590,Ward 5,2026-07-24
2026-01-21,38.942729,-77.035214,Ward 4,2026-07-23
2026-01-21,38.912998,-76.984783,Ward 5,
2026-01-21,38.878033,-77.013748,Ward 6,2026-01-22
2026-01-21,38.915800,-76.979759,Ward 5,2026-06-08
2026-01-21,38.898051,-77.024884,Ward 2,2026-04-30
2026-01-21,38.910562,-76.986030,Ward 5,2026-04-20
2026-01-21,38.910338,-76.985382,Ward 5,2026-04-20
2026-01-21,38.903299,-77.032912,Ward 2,2026-05-01
2026-01-21,38.926018,-76.990752,Ward 5,2026-02-26
2026-01-21,38.878033,-77.013748,Ward 6,2026-01-21
2026-01-22,38.923941,-77.033906,Ward 1,2026-01-22
2026-01-22,38.875169,-77.011580,Ward 6,2026-01-22
2026-01-22,38.955612,-77.011613,Ward 4,2026-02-04
2026-01-22,38.944249,-76.985581,Ward 5,2026-01-22
2026-01-22,38.859316,-76.995485,Ward 8,2026-01-23
2026-01-22,38.903892,-76.942640,Ward 7,2026-02-10
2026-01-22,38.867351,-76.947177,Ward 7,2026-01-22
2026-01-22,38.877013,-76.965869,Ward 7,2026-01-22
2026-01-22,38.902863,-76.982721,Ward 5,2026-05-12
2026-01-22,38.930132,-76.958635,Ward 5,2026-01-23
2026-01-22,38.907006,-77.058922,Ward 2,2026-02-02
2026-01-22,38.906723,-77.059002,Ward 2,2026-03-02
2026-01-22,38.893512,-76.913987,Ward 7,2026-02-10
2026-01-22,38.906737,-77.069000,Ward 2,2026-09-08
2026-01-22,38.911438,-77.001657,Ward 5,2026-03-02
2026-01-22,38.906647,-77.068790,Ward 2,2026-02-19
2026-01-22,38.919840,-76.984177,Ward 5,2026-01-22
2026-01-22,38.912811,-77.019602,Ward 2,2026-01-23
2026-01-22,38.928896,-77.037622,Ward 1,2026-04-10
2026-01-22,38.906649,-77.062007,Ward 2,2026-05-12
2026-01-22,38.872390,-76.976946,Ward 8,2026-09-04
2026-01-22,38.951774,-76.987839,Ward 5,
2026-01-22,38.898150,-76.918578,Ward 7,2026-01-22
2026-01-22,38.934894,-77.027411,Ward 1,2026-06-30
2026-01-22,38.906745,-77.042083,Ward 2,2026-05-11
2026-01-22,38.889235,-76.978993,Ward 7,2026-05-05
2026-01-23,38.978232,-77.026767,Ward 4,2026-02-04
2026-01-23,38.976093,-77.028164,Ward 4,2026-02-04
2026-01-23,38.976016,-77.027333,Ward 4,2026-02-16
2026-01-23,38.976566,-77.028132,Ward 4,2026-02-04
2026-01-23,38.903274,-77.014513,Ward 6,2026-02-05
2026-01-23,38.906865,-76.989525,Ward 5,2026-01-23
2026-01-23,38.878584,-76.985291,Ward 6,2026-02-04
2026-01-23,38.888209,-76.989283,Ward 6,2026-01-24
2026-01-23,38.898106,-76.984731,Ward 6,2026-04-15
2026-01-23,38.905502,-77.011988,Ward 6,2026-02-24
2026-01-23,38.919504,-77.025776,Ward 1,2026-01-23
2026-01-23,38.912505,-76.989765,Ward 5,2026-03-23
2026-01-23,38.911514,-76.985919,Ward 5,2026-05-04
2026-01-23,38.904754,-77.036064,Ward 2,2026-03-17
2026-01-24,38.978232,-77.026767,Ward 4,2026-02-04
2026-01-24,38.976093,-77.028164,Ward 4,2026-02-04
2026-01-24,38.978232,-77.026767,Ward 4,2026-02-04
2026-01-24,38.976093,-77.028164,Ward 4,2026-02-04
2026-01-24,38.976566,-77.028132,Ward 4,2026-07-27
2026-01-24,38.915280,-77.021096,Ward 1,2026-01-28
2026-01-24,38.984904,-77.042799,Ward 4,2026-05-11
2026-01-24,38.958367,-77.016167,Ward 4,2026-02-10
2026-01-25,38.872602,-76.983125,Ward 8,2026-05-07
2026-01-25,38.976566,-77.028132,Ward 4,2026-02-04
2026-01-26,38.976566,-77.028132,Ward 4,2026-02-04
2026-01-26,38.976093,-77.028164,Ward 4,2026-02-04
2026-01-27,38.978232,-77.026767,Ward 4,2026-02-04
2026-01-27,38.976016,-77.027333,Ward 4,2026-02-16
2026-01-27,38.893107,-76.914746,Ward 7,2026-02-06
2026-01-27,38.893744,-76.987484,Ward 6,2026-02-10
2026-01-27,38.966859,-77.036737,Ward 4,2026-03-04
2026-01-27,38.939790,-77.023250,Ward 4,2026-02-10
2026-01-27,38.894783,-76.994962,Ward 6,2026-02-09
2026-01-27,38.950625,-77.036053,Ward 4,2026-04-22
2026-01-27,38.941711,-77.036755,Ward 4,2026-05-23
2026-01-28,38.978232,-77.026767,Ward 4,2026-02-04
2026-01-28,38.968661,-77.014250,Ward 4,2026-02-04
2026-01-28,38.968661,-77.014250,Ward 4,2026-02-02
2026-01-28,38.978232,-77.026767,Ward 4,2026-02-04
2026-01-28,38.976093,-77.028164,Ward 4,2026-02-04
2026-01-28,38.888493,-76.981316,Ward 7,2026-01-28
2026-01-28,38.915572,-77.021919,Ward 1,2026-03-17
2026-01-28,38.940610,-77.024374,Ward 4,2026-06-30
2026-01-28,38.916515,-77.055249,Ward 2,2026-02-04
2026-01-29,38.976566,-77.028132,Ward 4,2026-02-04
2026-01-29,38.976016,-77.027333,Ward 4,2026-02-16
2026-01-29,38.904067,-77.005390,Ward 6,2026-02-24
2026-01-29,38.945475,-77.018819,Ward 4,2026-01-29
2026-01-29,38.935082,-76.967378,Ward 5,2026-01-29
2026-01-29,38.939790,-77.023250,Ward 4,2026-02-10
2026-01-29,38.922727,-77.000825,Ward 5,2026-01-29
2026-01-29,38.885834,-76.922427,Ward 7,2026-08-11
2026-01-29,38.976093,-77.028164,Ward 4,2026-02-04
2026-01-29,38.976566,-77.028132,Ward 4,2026-02-04
2026-01-30,38.919674,-77.045262,Ward 1,2026-02-06
2026-01-30,38.886470,-76.946871,Ward 7,2026-01-30
2026-01-30,38.976566,-77.028132,Ward 4,2026-02-06
2026-01-30,38.887774,-76.935217,Ward 7,2026-01-30
2026-01-30,38.942338,-77.005436,Ward 5,2026-02-03
2026-01-30,38.978232,-77.026767,Ward 4,2026-02-04
2026-01-30,38.956393,-77.033734,Ward 4,2026-02-19
2026-01-30,38.932611,-76.965270,Ward 5,2026-02-26
2026-01-30,38.984448,-77.026978,Ward 4,2026-06-03
2026-01-30,38.940111,-77.020184,Ward 4,2026-02-06
2026-01-31,38.930992,-76.971594,Ward 5,2026-02-03
2026-01-31,38.978232,-77.026767,Ward 4,2026-02-04
2026-01-31,38.929444,-76.974817,Ward 5,2026-02-03
2026-01-31,38.927358,-76.980471,Ward 5,2026-03-03
2026-01-31,38.976566,-77.028132,Ward 4,2026-02-04
2026-01-31,38.976093,-77.028164,Ward 4,2026-02-04
2026-01-31,38.931471,-76.992541,Ward 5,2026-02-05
2026-02-01,38.959341,-77.006634,Ward 4,2026-02-03
2026-02-01,38.857616,-76.995494,Ward 8,2026-02-05
2026-02-01,38.967285,-77.019578,Ward 4,2026-05-23
2026-02-01,38.978232,-77.026767,Ward 4,2026-02-04
2026-02-01,38.976093,-77.028164,Ward 4,2026-02-02
2026-02-01,38.903399,-77.058937,Ward 2,2026-02-27
2026-02-02,38.976016,-77.027333,Ward 4,2026-02-16
2026-02-02,38.918540,-77.003304,Ward 5,2026-05-23
2026-02-02,38.939997,-77.023067,Ward 4,2026-02-10
2026-02-02,38.885320,-76.941796,Ward 7,2026-02-02
2026-02-02,38.948446,-77.033554,Ward 4,2026-02-02
2026-02-02,38.950240,-77.081804,Ward 3,2026-02-02
2026-02-02,38.943410,-77.092397,Ward 3,2026-02-03
2026-02-03,38.978232,-77.026767,Ward 4,2026-02-04
2026-02-03,38.976093,-77.028164,Ward 4,2026-02-04
2026-02-03,38.976566,-77.028132,Ward 4,2026-02-04
2026-02-03,38.906801,-77.066074,Ward 2,2026-02-24
2026-02-03,38.866634,-76.984361,Ward 8,2026-02-09
2026-02-03,38.961286,-76.998272,Ward 4,2026-02-03
2026-02-03,38.961506,-76.998927,Ward 4,2026-02-04
2026-02-03,38.935984,-77.019739,Ward 1,2026-02-03
2026-02-03,38.893415,-77.013465,Ward 6,2026-02-03
2026-02-03,38.906801,-77.066074,Ward 2,2026-02-04
2026-02-03,38.933053,-77.037186,Ward 1,2026-02-03
2026-02-03,38.970159,-77.029402,Ward 4,2026-02-04
2026-02-03,38.893913,-76.935119,Ward 7,2026-02-26
2026-02-04,38.976093,-77.028164,Ward 4,2026-02-05
2026-02-04,38.976566,-77.028132,Ward 4,2026-02-05
2026-02-04,38.968386,-77.009632,Ward 4,2026-02-04
2026-02-04,38.974276,-77.026519,Ward 4,2026-02-18
2026-02-04,38.906766,-77.067812,Ward 2,
2026-02-04,38.909645,-77.021916,Ward 2,2026-02-12
2026-02-04,38.846439,-76.997395,Ward 8,2026-02-04
2026-02-04,38.846818,-76.997978,Ward 8,2026-02-04
2026-02-04,38.917395,-77.044072,Ward 1,2026-02-06
2026-02-04,38.908565,-77.049340,Ward 2,2026-03-26
2026-02-05,38.916584,-77.020832,Ward 1,
2026-02-05,38.959243,-77.083575,Ward 3,2026-02-06
2026-02-05,38.940534,-76.973587,Ward 5,2026-02-05
2026-02-05,38.875728,-76.964010,Ward 7,2026-02-05
2026-02-05,38.843579,-76.996276,Ward 8,2026-04-08
2026-02-05,38.847629,-77.002663,Ward 8,2026-03-18
2026-02-05,38.934876,-77.020543,Ward 1,2026-02-05
2026-02-05,38.952059,-77.065463,Ward 3,2026-02-06
2026-02-05,38.942338,-77.005085,Ward 5,2026-02-10
2026-02-05,38.928713,-77.108579,Ward 3,2026-02-18
2026-02-05,38.908654,-77.055650,Ward 2,
2026-02-05,38.937332,-77.068636,Ward 3,2026-02-06
2026-02-05,38.937332,-77.068636,Ward 3,2026-03-12
2026-02-06,38.971744,-77.028725,Ward 4,2026-02-11
2026-02-06,38.929180,-77.108256,Ward 3,2026-07-10
2026-02-06,38.975598,-77.035961,Ward 4,2026-08-18
2026-02-06,38.896276,-76.973511,Ward 7,2026-02-06
2026-02-06,38.905852,-77.064603,Ward 2,2026-08-17
2026-02-06,38.861502,-76.993796,Ward 8,2026-02-09
2026-02-06,38.969735,-77.029976,Ward 4,2026-04-15
2026-02-06,38.861396,-76.993251,Ward 8,2026-03-20
2026-02-06,38.907007,-77.060731,Ward 2,2026-02-09
2026-02-06,38.856570,-76.991432,Ward 8,2026-02-09
2026-02-06,38.907542,-77.056660,Ward 2,2026-02-09
2026-02-06,38.907665,-77.059203,Ward 2,2026-02-18
2026-02-06,38.907702,-77.070343,Ward 2,
2026-02-06,38.908718,-77.069081,Ward 2,2026-03-25
2026-02-06,38.937332,-77.068636,Ward 3,2026-02-20
2026-02-07,38.914257,-77.015609,Ward 5,2026-02-09
2026-02-07,38.942585,-77.076195,Ward 3,2026-02-19
2026-02-07,38.908449,-77.005886,Ward 6,2026-02-13
2026-02-07,38.950269,-76.989528,Ward 5,2026-02-09
2026-02-07,38.822745,-77.016594,Ward 8,2026-02-26
2026-02-07,38.946310,-77.033819,Ward 4,2026-04-17
2026-02-07,38.978232,-77.026767,Ward 4,2026-03-05
2026-02-07,38.976093,-77.028164,Ward 4,2026-03-11
2026-02-07,38.976566,-77.028132,Ward 4,2026-02-10
2026-02-07,38.950269,-76.989528,Ward 5,2026-02-09
2026-02-07,38.928817,-77.042158,Ward 1,2026-02-13
2026-02-07,38.983541,-77.035766,Ward 4,2026-02-19
2026-02-07,38.939217,-76.993132,Ward 5,2026-03-05
2026-02-07,38.903730,-77.003573,Ward 6,2026-02-19
2026-02-07,38.950097,-76.989278,Ward 5,2026-02-09
2026-02-07,38.875169,-77.033964,Ward 6,2026-02-10
2026-02-07,38.928634,-77.042325,Ward 1,2026-02-10
2026-02-07,38.903953,-77.003178,Ward 6,2026-02-19
2026-02-07,38.923471,-77.038753,Ward 1,2026-04-01
2026-02-08,38.903730,-77.003573,Ward 6,2026-02-24
2026-02-08,38.978232,-77.026767,Ward 4,2026-02-19
2026-02-08,38.948987,-77.081184,Ward 3,2026-03-06
2026-02-08,38.912849,-76.987175,Ward 5,
2026-02-08,38.944409,-77.094800,Ward 3,2026-03-03
2026-02-08,38.925059,-77.035407,Ward 1,2026-03-13
2026-02-08,38.979392,-77.033412,Ward 4,2026-07-07
2026-02-08,38.903953,-77.003178,Ward 6,2026-02-24
2026-02-08,38.903947,-77.002925,Ward 6,2026-02-19
2026-02-08,38.901659,-77.002285,Ward 6,2026-04-14
2026-02-09,38.920725,-77.024643,Ward 1,2026-02-19
2026-02-09,38.909492,-77.024451,Ward 2,2026-03-23
2026-02-09,38.906801,-77.066074,Ward 2,2026-02-24
2026-02-09,38.929488,-77.100570,Ward 3,2026-02-13
2026-02-09,38.888528,-76.934478,Ward 7,2026-03-19
2026-02-09,38.898570,-76.945231,Ward 7,2026-02-09
2026-02-09,38.937835,-77.030818,Ward 4,2026-02-09
2026-02-09,38.911793,-77.019664,Ward 2,2026-02-09
2026-02-09,38.892738,-77.021165,Ward 2,2026-02-09
2026-02-09,38.923486,-77.094916,Ward 3,2026-03-20
2026-02-09,38.891113,-76.949794,Ward 7,2026-02-09
2026-02-09,38.919349,-76.987053,Ward 5,2026-02-10
2026-02-09,38.920200,-76.988010,Ward 5,2026-06-03
2026-02-09,38.922225,-77.025705,Ward 1,2026-02-11
2026-02-09,38.934332,-77.039826,Ward 1,2026-02-13
2026-02-09,38.966568,-77.024421,Ward 4,2026-02-26
2026-02-09,38.940177,-77.026830,Ward 4,2026-04-09
2026-02-09,38.846439,-76.997395,Ward 8,2026-03-10
2026-02-09,38.910032,-77.008642,Ward 5,
2026-02-09,38.924086,-77.071180,Ward 3,2026-08-05
2026-02-09,38.953353,-77.081954,Ward 3,2026-03-10
2026-02-10,38.908980,-77.065472,Ward 2,2026-03-10
2026-02-10,38.966891,-77.013915,Ward 4,2026-02-13
2026-02-10,38.928287,-76.975936,Ward 5,2026-02-25
2026-02-10,38.909238,-77.055109,Ward 2,2026-03-04
2026-02-10,38.910223,-77.009718,Ward 5,2026-02-10
2026-02-10,38.839222,-76.994917,Ward 8,2026-02-11
2026-02-10,38.910360,-77.064904,Ward 2,2026-05-28
2026-02-10,38.913659,-77.069285,Ward 2,2026-05-12
2026-02-10,38.909000,-77.029182,Ward 2,2026-02-13
2026-02-10,38.909000,-77.029182,Ward 2,2026-02-10
2026-02-10,38.898128,-77.038697,Ward 2,2026-02-18
2026-02-10,38.912657,-77.060745,Ward 2,2026-02-11
2026-02-10,38.909175,-77.058037,Ward 2,2026-02-11
2026-02-10,38.955741,-77.025732,Ward 4,2026-02-10
2026-02-10,38.956277,-77.025757,Ward 4,2026-02-11
2026-02-10,38.909000,-77.029182,Ward 2,2026-02-10
2026-02-10,38.920776,-77.024065,Ward 1,2026-02-19
2026-02-10,38.903947,-77.002925,Ward 6,2026-02-19
2026-02-11,38.928217,-76.975923,Ward 5,2026-02-25
2026-02-11,38.978232,-77.026767,Ward 4,2026-02-12
2026-02-11,38.816038,-77.018137,Ward 8,2026-03-09
2026-02-11,38.916740,-76.977502,Ward 5,2026-02-12
2026-02-11,38.904879,-77.016180,Ward 6,2026-02-17
2026-02-11,38.907404,-77.008169,Ward 6,2026-02-17
2026-02-11,38.958168,-76.997120,Ward 4,2026-02-11
2026-02-11,38.947674,-77.084029,Ward 3,2026-02-13
2026-02-11,38.878142,-76.932341,Ward 7,2026-02-11
2026-02-11,38.946471,-77.091582,Ward 3,2026-04-20
2026-02-11,38.908571,-77.021914,Ward 2,2026-03-25
2026-02-11,38.904222,-76.976936,Ward 5,2026-03-12
2026-02-11,38.903731,-77.003175,Ward 6,2026-02-19
2026-02-11,38.907421,-77.011972,Ward 5,2026-02-13
2026-02-11,38.903730,-77.003573,Ward 6,2026-02-19
2026-02-11,38.959196,-77.016389,Ward 4,2026-03-05
2026-02-11,38.963875,-77.007365,Ward 4,2026-03-11
2026-02-11,38.946492,-77.069582,Ward 3,2026-02-13
2026-02-11,38.885229,-77.021394,Ward 6,2026-02-13
2026-02-11,38.903553,-76.948696,Ward 7,2026-05-23
2026-02-11,38.902697,-76.950035,Ward 7,2026-05-23
2026-02-11,38.902096,-76.950177,Ward 7,2026-02-12
2026-02-11,38.910992,-77.043640,Ward 2,2026-04-08
2026-02-12,38.896749,-77.017523,Ward 6,2026-05-23
2026-02-12,38.905434,-77.008602,Ward 6,2026-02-13
2026-02-12,38.912849,-76.987175,Ward 5,2026-04-22
2026-02-12,38.912788,-76.987182,Ward 5,2026-04-22
2026-02-12,38.912788,-76.987182,Ward 5,2026-04-22
2026-02-12,38.955148,-77.027881,Ward 4,2026-02-18
2026-02-12,38.932868,-77.035877,Ward 1,2026-02-12
2026-02-12,38.892090,-76.950054,Ward 7,2026-02-12
2026-02-12,38.887872,-76.926551,Ward 7,2026-03-25
2026-02-12,38.934035,-77.031544,Ward 1,2026-02-12
2026-02-12,38.905657,-77.044897,Ward 2,2026-06-29
2026-02-12,38.939561,-77.027137,Ward 4,2026-03-06
2026-02-12,38.907019,-77.020883,Ward 2,2026-02-19
2026-02-12,38.903884,-77.027450,Ward 2,2026-02-24
2026-02-12,38.906683,-77.048361,Ward 2,2026-05-07
2026-02-12,38.906765,-76.943431,Ward 7,2026-03-03
2026-02-12,38.912608,-77.043432,Ward 2,2026-05-01
2026-02-12,38.918105,-77.001302,Ward 5,2026-03-03
2026-02-12,38.905559,-76.927713,Ward 7,2026-03-02
2026-02-12,38.971903,-77.028236,Ward 4,2026-02-23
2026-02-12,38.885971,-77.029621,Ward 6,2026-02-13
2026-02-12,38.903420,-77.003116,Ward 6,2026-02-24
2026-02-12,38.947692,-77.067459,Ward 3,2026-03-06
2026-02-12,38.903730,-77.003573,Ward 6,2026-02-24
2026-02-12,38.952696,-77.061949,Ward 3,2026-03-05
2026-02-13,38.932366,-76.996176,Ward 5,2026-02-13
2026-02-13,38.920776,-77.024065,Ward 1,2026-02-13
2026-02-13,38.921023,-76.989720,Ward 5,2026-02-13
2026-02-13,38.905622,-76.981863,Ward 5,2026-02-13
2026-02-13,38.983541,-77.035766,Ward 4,2026-02-13
2026-02-13,38.961506,-76.998869,Ward 4,2026-05-07
2026-02-13,38.914283,-77.019108,Ward 2,2026-05-11
2026-02-13,38.914958,-77.032672,Ward 2,2026-03-27
2026-02-13,38.965113,-77.023283,Ward 4,2026-03-04
2026-02-14,38.984904,-77.042799,Ward 4,2026-04-28
2026-02-14,38.959969,-77.022242,Ward 4,2026-04-07
2026-02-14,38.900194,-77.028401,Ward 2,2026-04-30
2026-02-14,38.903953,-77.003178,Ward 6,2026-02-24
2026-02-14,38.960809,-77.065943,Ward 4,2026-03-06
2026-02-16,38.910558,-77.063955,Ward 2,2026-04-14
2026-02-16,38.978232,-77.026767,Ward 4,2026-02-19
2026-02-16,38.975531,-77.027237,Ward 4,2026-03-02
2026-02-16,38.912048,-76.986391,Ward 5,2026-05-23
2026-02-16,38.856866,-76.969972,Ward 8,2026-03-25
2026-02-16,38.917223,-76.959143,Ward 5,2026-03-03
2026-02-16,38.900204,-77.013678,Ward 6,2026-02-19
2026-02-16,38.904520,-76.989192,Ward 5,2026-02-17
2026-02-16,38.978232,-77.026767,Ward 4,2026-02-19
2026-02-16,38.976016,-77.027333,Ward 4,2026-02-18
2026-02-17,38.975531,-77.027237,Ward 4,2026-03-02
2026-02-17,38.921580,-76.968990,Ward 5,2026-05-23
2026-02-17,38.946278,-77.069850,Ward 3,2026-02-20
2026-02-17,38.956862,-77.002318,Ward 4,2026-02-27
2026-02-17,38.927525,-77.068641,Ward 3,2026-02-20
2026-02-17,38.893306,-76.933998,Ward 7,2026-02-17
2026-02-17,38.917150,-77.038781,Ward 1,2026-02-25
2026-02-17,38.913479,-77.001786,Ward 5,2026-04-09
2026-02-17,38.881708,-76.990530,Ward 6,
2026-02-17,38.870439,-76.961310,Ward 7,2026-08-03
2026-02-17,38.927318,-77.073586,Ward 3,2026-03-10
2026-02-17,38.898124,-77.048186,Ward 2,2026-03-03
2026-02-17,38.935469,-77.096593,Ward 3,2026-02-18
2026-02-17,38.926043,-77.081301,Ward 3,2026-02-18
2026-02-17,38.947808,-77.025580,Ward 4,2026-02-17
2026-02-17,38.900980,-77.057206,Ward 2,2026-02-18
2026-02-17,38.905647,-77.009063,Ward 6,2026-02-24
2026-02-17,38.920395,-77.002276,Ward 5,2026-03-17
2026-02-17,38.876968,-77.017554,Ward 6,2026-03-31
2026-02-17,38.900211,-76.979068,Ward 5,2026-02-17
2026-02-17,38.906698,-77.034568,Ward 2,2026-02-18
2026-02-17,38.865354,-76.947690,Ward 7,2026-03-05
2026-02-17,38.875890,-77.009714,Ward 6,2026-05-27
2026-02-17,38.884241,-76.995813,Ward 6,2026-03-05
2026-02-17,38.885710,-76.918566,Ward 7,2026-03-05
2026-02-17,38.910490,-77.047022,Ward 2,2026-02-18
2026-02-17,38.932444,-77.085236,Ward 3,2026-02-18
2026-02-17,38.952539,-77.085972,Ward 3,2026-05-12
2026-02-17,38.922862,-77.076826,Ward 3,2026-02-18
2026-02-17,38.903858,-76.972232,Ward 5,2026-02-19
2026-02-17,38.901124,-76.971478,Ward 5,2026-02-19
2026-02-17,38.894924,-76.975239,Ward 7,2026-03-23
2026-02-17,38.831947,-77.009991,Ward 8,2026-03-25
2026-02-17,38.905684,-77.031952,Ward 2,2026-07-09
2026-02-17,38.913155,-76.971574,Ward 5,2026-03-03
2026-02-18,38.941788,-76.980289,Ward 5,2026-05-13
2026-02-18,38.986924,-77.029637,Ward 4,2026-03-26
2026-02-18,38.921023,-76.989720,Ward 5,2026-03-06
2026-02-18,38.892888,-76.910926,Ward 7,2026-04-10
2026-02-18,38.921826,-76.988306,Ward 5,2026-02-19
2026-02-18,38.833337,-76.991816,Ward 8,2026-02-25
2026-02-18,38.889067,-76.992859,Ward 6,2026-02-19
2026-02-18,38.905803,-76.977427,Ward 5,2026-02-18
2026-02-18,38.986924,-77.029637,Ward 4,2026-03-26
2026-02-18,38.986924,-77.029637,Ward 4,2026-03-27
2026-02-18,38.912674,-77.059434,Ward 2,2026-04-30
2026-02-18,38.848163,-76.981608,Ward 8,2026-02-18
2026-02-18,38.901590,-77.044262,Ward 2,2026-02-18
2026-02-18,38.907143,-77.065915,Ward 2,2026-04-30
2026-02-18,38.902646,-76.940187,Ward 7,2026-06-17
2026-02-18,38.904287,-77.036110,Ward 2,
2026-02-18,38.934168,-77.041288,Ward 1,2026-02-19
2026-02-18,38.934168,-77.041288,Ward 1,2026-02-19
2026-02-18,38.932975,-77.031007,Ward 1,2026-05-05
2026-02-18,38.920212,-77.025420,Ward 1,2026-02-26
2026-02-19,38.978232,-77.026767,Ward 4,2026-02-19
2026-02-19,38.976016,-77.027333,Ward 4,2026-04-13
2026-02-19,38.975531,-77.027237,Ward 4,2026-03-05
2026-02-19,38.973401,-77.025842,Ward 4,2026-03-26
2026-02-19,38.955148,-77.027881,Ward 4,2026-03-06
2026-02-19,38.972091,-77.014095,Ward 4,2026-07-01
2026-02-19,38.885411,-77.002313,Ward 6,2026-03-09
2026-02-19,38.878627,-77.013524,Ward 6,2026-03-23
2026-02-19,38.880199,-77.002055,Ward 6,2026-03-03
2026-02-19,38.830217,-77.005886,Ward 8,2026-05-23
2026-02-19,38.866902,-76.942991,Ward 7,2026-07-27
2026-02-19,38.902072,-77.019212,Ward 6,2026-04-20
2026-02-19,38.936228,-77.025426,Ward 4,2026-02-20
2026-02-19,38.932596,-77.085614,Ward 3,2026-02-20
2026-02-19,38.902754,-76.993566,Ward 6,2026-02-20
2026-02-19,38.895241,-76.958964,Ward 7,2026-02-20
2026-02-20,38.843789,-76.995091,Ward 8,2026-04-13
2026-02-20,38.843501,-76.995332,Ward 8,2026-04-13
2026-02-20,38.843501,-76.995332,Ward 8,2026-05-23
2026-02-20,38.948104,-77.017169,Ward 4,2026-03-25
2026-02-20,38.903733,-77.005885,Ward 6,2026-03-03
2026-02-20,38.876498,-76.991534,Ward 8,2026-03-09
2026-02-20,38.905055,-77.061316,Ward 2,2026-04-02
2026-02-20,38.860689,-77.003446,Ward 8,2026-03-10
2026-02-20,38.906801,-77.066074,Ward 2,2026-04-23
2026-02-20,38.954165,-77.004214,Ward 5,2026-03-23
2026-02-20,38.862679,-76.982934,Ward 8,2026-03-23
2026-02-20,38.894468,-76.913669,Ward 7,2026-03-04
2026-02-20,38.845552,-76.974602,Ward 8,2026-03-03
2026-02-20,38.916794,-77.008001,Ward 5,
2026-02-20,38.929979,-76.975544,Ward 5,2026-06-03
2026-02-20,38.868742,-76.945659,Ward 7,2026-02-20
2026-02-20,38.924891,-77.038810,Ward 1,
2026-02-20,38.917275,-77.014759,Ward 1,2026-02-26
2026-02-20,38.901929,-77.003277,Ward 6,2026-08-20
2026-02-20,38.931912,-76.993654,Ward 5,2026-07-27
2026-02-20,38.933172,-77.030866,Ward 1,2026-02-24
2026-02-21,38.978232,-77.026767,Ward 4,2026-03-02
2026-02-21,38.966572,-77.077620,Ward 3,2026-05-21
2026-02-21,38.889790,-76.971895,Ward 7,2026-04-09
2026-02-21,38.900637,-76.994663,Ward 6,2026-03-16
2026-02-21,38.899916,-77.009467,Ward 6,2026-03-05
2026-02-21,38.911692,-77.004824,Ward 5,2026-03-05
2026-02-21,38.932975,-77.031007,Ward 1,2026-02-24
2026-02-21,38.978232,-77.026767,Ward 4,2026-03-02
2026-02-21,38.900017,-76.998232,Ward 6,2026-03-05
2026-02-21,38.884100,-76.980766,Ward 7,2026-05-23
2026-02-21,38.896728,-77.007940,Ward 6,2026-05-23
2026-02-21,38.976093,-77.028164,Ward 4,2026-03-02
2026-02-21,38.926282,-77.012142,Ward 5,2026-03-31
2026-02-21,38.952053,-77.033726,Ward 4,2026-03-10
2026-02-21,38.950646,-77.029426,Ward 4,2026-03-09
2026-02-21,38.948796,-77.029246,Ward 4,2026-03-27
2026-02-22,38.857961,-76.993035,Ward 8,2026-06-03
2026-02-22,38.966568,-77.024421,Ward 4,2026-02-24
2026-02-22,38.967977,-77.026175,Ward 4,2026-02-24
2026-02-22,38.842501,-76.991546,Ward 8,2026-03-09
2026-02-22,38.931942,-76.971871,Ward 5,2026-04-14
2026-02-22,38.976093,-77.028164,Ward 4,2026-03-02
2026-02-23,38.967239,-77.029336,Ward 4,2026-06-01
2026-02-23,38.894314,-77.016542,Ward 6,2026-02-25
2026-02-23,38.903953,-77.004931,Ward 6,2026-04-01
2026-02-23,38.953879,-77.028302,Ward 4,2026-04-09
2026-02-23,38.890035,-76.981999,Ward 7,2026-02-24
2026-02-23,38.975531,-77.027237,Ward 4,2026-03-02
2026-02-23,38.928504,-77.034400,Ward 1,2026-02-24
2026-02-23,38.921560,-77.047232,Ward 1,2026-02-25
2026-02-23,38.885018,-76.992903,Ward 6,2026-02-24
2026-02-23,38.904026,-77.006567,Ward 6,2026-02-27
2026-02-23,38.877696,-77.002751,Ward 8,2026-02-24
2026-02-23,38.859886,-76.960458,Ward 7,2026-03-04
2026-02-23,38.934379,-77.027727,Ward 1,2026-02-24
2026-02-23,38.859613,-76.960459,Ward 7,2026-05-23
2026-02-23,38.944071,-77.023450,Ward 4,2026-03-06
2026-02-23,38.858841,-76.994616,Ward 8,2026-02-25
2026-02-23,38.894795,-77.015169,Ward 6,2026-05-23
2026-02-23,38.941963,-76.990665,Ward 5,2026-03-06
2026-02-23,38.906005,-77.034828,Ward 2,2026-02-26
2026-02-23,38.894631,-77.031964,Ward 2,2026-03-02
2026-02-23,38.931591,-77.032961,Ward 1,2026-02-24
2026-02-23,38.909642,-77.015185,Ward 5,2026-02-26
2026-02-24,38.978232,-77.026767,Ward 4,2026-03-02
2026-02-24,38.976566,-77.028132,Ward 4,2026-03-11
2026-02-24,38.976912,-77.027615,Ward 4,2026-03-06
2026-02-24,38.910702,-77.024881,Ward 2,2026-03-17
2026-02-24,38.976093,-77.028164,Ward 4,2026-03-02
2026-02-24,38.965916,-77.017236,Ward 4,2026-02-24
2026-02-24,38.895297,-76.985249,Ward 6,2026-02-24
2026-02-24,38.929211,-77.024192,Ward 1,2026-02-25
2026-02-24,38.909834,-77.015405,Ward 5,2026-02-25
2026-02-24,38.936835,-77.021567,Ward 1,2026-03-30
2026-02-24,38.903732,-77.012171,Ward 6,2026-02-24
2026-02-24,38.888311,-76.949724,Ward 7,2026-02-24
2026-02-24,38.960911,-76.999074,Ward 4,
2026-02-24,38.949487,-77.067849,Ward 3,2026-07-23
2026-02-24,38.902454,-76.928063,Ward 7,2026-02-24
2026-02-24,38.831982,-77.009956,Ward 8,2026-03-05
2026-02-24,38.882936,-77.014429,Ward 6,
2026-02-24,38.860478,-76.989051,Ward 8,2026-06-10
2026-02-24,38.905654,-76.985693,Ward 5,2026-02-24
2026-02-24,38.921111,-77.001818,Ward 5,2026-04-24
2026-02-24,38.938067,-77.028424,Ward 4,2026-04-29
2026-02-24,38.916817,-77.010363,Ward 5,2026-02-24
2026-02-24,38.907555,-77.006179,Ward 6,
2026-02-24,38.882813,-76.977261,Ward 6,2026-05-23
2026-02-24,38.829894,-76.996562,Ward 8,2026-02-24
2026-02-24,38.876498,-76.991534,Ward 8,2026-05-23
2026-02-24,38.949692,-77.090609,Ward 3,2026-03-03
2026-02-24,38.905103,-76.977079,Ward 5,2026-03-11
2026-02-24,38.936807,-77.021566,Ward 1,2026-02-26
2026-02-24,38.912838,-77.008077,Ward 5,2026-08-24
2026-02-24,38.955884,-77.017530,Ward 4,2026-03-11
2026-02-24,38.901866,-77.012874,Ward 6,2026-04-24
2026-02-24,38.840212,-77.000194,Ward 8,2026-02-27
2026-02-24,38.903468,-77.021144,Ward 2,2026-06-16
2026-02-24,38.897356,-77.039473,Ward 2,2026-07-09
2026-02-24,38.911121,-77.015183,Ward 5,2026-04-15
2026-02-25,38.889060,-76.935897,Ward 7,2026-02-25
2026-02-25,38.976093,-77.028164,Ward 4,2026-03-02
2026-02-25,38.975531,-77.027237,Ward 4,2026-03-02
2026-02-25,38.909642,-77.015185,Ward 5,2026-02-26
2026-02-25,38.903947,-77.002925,Ward 6,2026-03-04
2026-02-25,38.947668,-76.995223,Ward 5,2026-02-25
2026-02-25,38.898712,-77.026485,Ward 2,2026-02-26
2026-02-25,38.909834,-77.015405,Ward 5,2026-02-26
2026-02-25,38.972556,-77.033184,Ward 4,2026-02-26
2026-02-25,38.972263,-77.033416,Ward 4,2026-02-26
2026-02-25,38.888308,-76.932624,Ward 7,2026-03-10
2026-02-25,38.909642,-77.015185,Ward 5,2026-03-06
2026-02-25,38.882866,-76.943781,Ward 7,2026-02-25
2026-02-25,38.904838,-76.927717,Ward 7,2026-07-06
2026-02-25,38.910979,-77.020133,Ward 2,2026-02-26
2026-02-25,38.825349,-76.997798,Ward 8,2026-03-06
2026-02-25,38.868410,-76.986339,Ward 8,2026-02-25
2026-02-25,38.924226,-77.071134,Ward 3,2026-08-26
2026-02-25,38.830573,-77.012054,Ward 8,2026-04-28
2026-02-25,38.961847,-77.000424,Ward 4,2026-02-25
2026-02-25,38.949510,-77.090817,Ward 3,2026-02-26
2026-02-25,38.917275,-77.014759,Ward 1,2026-06-05
2026-02-25,38.878553,-76.984310,Ward 6,2026-02-25
2026-02-25,38.849820,-76.975851,Ward 8,2026-02-25
2026-02-25,38.882652,-76.984732,Ward 6,2026-02-26
2026-02-25,38.867284,-77.010694,Ward 6,2026-02-26
2026-02-25,38.866083,-76.969345,Ward 7,2026-03-11
2026-02-25,38.885558,-76.978828,Ward 7,2026-03-09
2026-02-25,38.889513,-76.977648,Ward 7,2026-03-09
2026-02-25,38.913525,-76.972365,Ward 5,2026-02-26
2026-02-25,38.923772,-76.999459,Ward 5,2026-02-26
2026-02-25,38.901111,-77.032758,Ward 2,
2026-02-25,38.972263,-77.033416,Ward 4,2026-02-26
2026-02-25,38.978232,-77.026767,Ward 4,2026-03-02
2026-02-26,38.976093,-77.028164,Ward 4,2026-03-02
2026-02-26,38.976016,-77.027333,Ward 4,2026-04-13
2026-02-26,38.926448,-77.039494,Ward 1,2026-02-27
2026-02-26,38.967608,-77.009275,Ward 4,2026-02-26
2026-02-26,38.932632,-76.972358,Ward 5,2026-02-26
2026-02-26,38.896306,-76.972462,Ward 7,
2026-02-26,38.879092,-76.992422,Ward 6,2026-02-27
2026-02-26,38.907084,-77.016426,Ward 2,2026-03-02
2026-02-26,38.911644,-77.015958,Ward 5,2026-03-02
2026-02-26,38.886300,-76.978822,Ward 7,2026-02-26
2026-02-26,38.917275,-77.014759,Ward 1,2026-02-26
2026-02-26,38.973054,-77.031917,Ward 4,2026-02-27
2026-02-26,38.923265,-77.073175,Ward 3,2026-07-24
2026-02-26,38.924245,-77.072888,Ward 3,2026-07-24
2026-02-26,38.907961,-77.006283,Ward 6,
2026-02-26,38.953906,-77.013540,Ward 4,2026-02-27
2026-02-26,38.906005,-77.034828,Ward 2,2026-02-27
2026-02-26,38.909797,-77.026234,Ward 2,2026-03-06
2026-02-27,38.976093,-77.028164,Ward 4,2026-03-02
2026-02-27,38.976016,-77.027333,Ward 4,2026-04-13
2026-02-27,38.905928,-76.984090,Ward 5,2026-02-27
2026-02-27,38.915004,-77.037508,Ward 2,2026-05-05
2026-02-27,38.911977,-77.032236,Ward 2,2026-03-02
2026-02-27,38.954831,-76.999111,Ward 5,2026-05-22
2026-02-27,38.904880,-76.929487,Ward 7,2026-03-04
2026-02-27,38.832233,-76.994454,Ward 8,2026-03-23
2026-02-27,38.900522,-77.055734,Ward 2,2026-08-11
2026-02-27,38.914358,-77.014437,Ward 5,2026-02-27
2026-02-27,38.926607,-76.971708,Ward 5,2026-02-27
2026-02-27,38.953447,-77.017013,Ward 4,2026-02-27
2026-02-27,38.951818,-76.988635,Ward 5,2026-03-03
2026-02-27,38.957978,-76.998415,Ward 4,2026-08-18
2026-02-27,38.887612,-77.005897,Ward 6,2026-04-28
2026-02-27,38.912838,-77.008077,Ward 5,2026-08-24
2026-02-27,38.911868,-77.031949,Ward 2,2026-03-10
2026-02-27,38.826813,-77.012089,Ward 8,2026-03-13
2026-02-27,38.925719,-77.033153,Ward 1,2026-03-18
2026-02-27,38.925502,-77.032316,Ward 1,2026-04-01
2026-02-27,38.852801,-76.985334,Ward 8,2026-05-23
2026-02-27,38.902783,-77.008703,Ward 6,2026-05-14
2026-02-27,38.902783,-77.008703,Ward 6,2026-03-02
2026-02-27,38.978232,-77.026767,Ward 4,2026-03-02
2026-02-27,38.976093,-77.028164,Ward 4,2026-03-02
2026-02-28,38.977128,-77.026233,Ward 4,2026-03-06
2026-02-28,38.894501,-77.000355,Ward 6,2026-06-05
2026-02-28,38.888393,-76.989433,Ward 6,
2026-02-28,38.978232,-77.026767,Ward 4,2026-03-02
2026-02-28,38.976093,-77.028164,Ward 4,2026-03-02
2026-02-28,38.923006,-77.046637,Ward 1,2026-06-25
2026-02-28,38.924994,-77.044407,Ward 1,2026-03-03
2026-02-28,38.922635,-76.983426,Ward 5,2026-03-03
2026-02-28,38.866902,-76.942991,Ward 7,2026-07-27
2026-02-28,38.944994,-77.074406,Ward 3,2026-03-06
2026-02-28,38.908149,-77.088570,Ward 3,2026-03-03
2026-02-28,38.975811,-77.026658,Ward 4,2026-04-13
2026-02-28,38.890591,-76.990466,Ward 6,2026-03-02
2026-02-28,38.927651,-77.024157,Ward 1,2026-04-01
2026-03-01,38.977128,-77.026233,Ward 4,2026-03-06
2026-03-01,38.919377,-77.099633,Ward 3,2026-03-11
2026-03-01,38.926868,-77.041446,Ward 1,2026-05-04
2026-03-01,38.945296,-77.033048,Ward 4,2026-04-09
2026-03-01,38.923263,-77.003324,Ward 5,2026-03-06
2026-03-01,38.920503,-77.028969,Ward 1,
2026-03-01,38.922675,-77.027245,Ward 1,2026-03-02
2026-03-02,38.900002,-77.000821,Ward 6,2026-04-21
2026-03-02,38.903907,-76.995643,Ward 6,
2026-03-02,38.933074,-77.030594,Ward 1,2026-03-03
2026-03-02,38.903582,-76.995966,Ward 6,
2026-03-02,38.887390,-76.994239,Ward 6,2026-03-02
2026-03-02,38.936228,-77.025426,Ward 4,2026-05-12
2026-03-02,38.932684,-76.964929,Ward 5,2026-05-12
2026-03-02,38.946600,-77.030804,Ward 4,2026-03-26
2026-03-02,38.847279,-76.983598,Ward 8,2026-03-02
2026-03-02,38.924994,-77.044407,Ward 1,2026-03-03
2026-03-02,38.913198,-77.008559,Ward 5,2026-06-03
2026-03-02,38.905789,-77.015987,Ward 2,
2026-03-02,38.913198,-77.008559,Ward 5,2026-06-03
2026-03-03,38.892973,-76.957254,Ward 7,2026-03-05
2026-03-03,38.894619,-76.959297,Ward 7,2026-03-05
2026-03-03,38.978232,-77.026767,Ward 4,2026-03-03
2026-03-03,38.976093,-77.028164,Ward 4,2026-03-03
2026-03-03,38.977128,-77.026233,Ward 4,2026-03-06
2026-03-03,38.976566,-77.028132,Ward 4,2026-03-04
2026-03-03,38.976016,-77.027333,Ward 4,2026-04-13
2026-03-03,38.962172,-77.023378,Ward 4,2026-04-07
2026-03-03,38.905075,-76.975496,Ward 5,2026-03-03
2026-03-03,38.949781,-77.018744,Ward 4,2026-03-03
2026-03-03,38.934876,-77.020543,Ward 1,2026-03-03
2026-03-03,38.886667,-76.947412,Ward 7,2026-04-10
2026-03-03,38.833607,-76.999113,Ward 8,2026-03-03
2026-03-03,38.906202,-76.984443,Ward 5,2026-04-24
2026-03-03,38.957877,-76.999399,Ward 4,2026-03-03
2026-03-03,38.927515,-76.977338,Ward 5,2026-03-03
2026-03-03,38.913349,-77.031952,Ward 2,2026-03-09
2026-03-03,38.887778,-77.001624,Ward 6,2026-03-11
2026-03-03,38.903353,-77.026696,Ward 2,2026-03-06
2026-03-03,38.926868,-77.041446,Ward 1,2026-03-04
2026-03-03,38.888497,-76.975512,Ward 7,2026-06-09
2026-03-03,38.895446,-77.015645,Ward 6,2026-03-11
2026-03-03,38.887761,-77.001456,Ward 6,
2026-03-03,38.900495,-77.008643,Ward 6,2026-07-28
2026-03-04,38.976093,-77.028164,Ward 4,2026-03-04
2026-03-04,38.931895,-77.029983,Ward 1,2026-03-05
2026-03-04,38.960809,-77.065943,Ward 4,2026-03-06
2026-03-04,38.964173,-77.080020,Ward 3,2026-03-05
2026-03-04,38.963656,-77.075119,Ward 3,2026-07-09
2026-03-04,38.930505,-77.015029,Ward 5,2026-03-04
2026-03-04,38.957614,-77.026765,Ward 4,2026-03-17
2026-03-04,38.922186,-77.001575,Ward 5,2026-03-04
2026-03-04,38.903730,-77.003573,Ward 6,2026-03-05
2026-03-04,38.833260,-77.003373,Ward 8,2026-03-09
2026-03-04,38.897715,-76.985753,Ward 6,2026-03-04
2026-03-04,38.951935,-77.017938,Ward 4,2026-03-04
2026-03-04,38.952254,-77.020558,Ward 4,2026-03-04
2026-03-04,38.937907,-77.021070,Ward 4,2026-03-17
2026-03-04,38.885391,-76.924944,Ward 7,2026-03-13
2026-03-04,38.916111,-77.001592,Ward 5,2026-03-04
2026-03-04,38.905046,-77.016384,Ward 2,2026-03-12
2026-03-04,38.872006,-76.961019,Ward 7,2026-03-05
2026-03-04,38.878732,-76.980710,Ward 6,2026-03-05
2026-03-04,38.912838,-77.008006,Ward 5,2026-08-24
2026-03-04,38.892694,-76.914267,Ward 7,2026-03-04
2026-03-04,38.919718,-76.970859,Ward 5,2026-05-23
2026-03-04,38.961315,-77.017102,Ward 4,2026-03-10
2026-03-04,38.905434,-77.008602,Ward 6,2026-03-05
2026-03-04,38.954301,-77.012718,Ward 4,2026-03-06
2026-03-05,38.976093,-77.028164,Ward 4,2026-03-11
2026-03-05,38.975531,-77.027237,Ward 4,2026-03-06
2026-03-05,38.976566,-77.028132,Ward 4,2026-03-11
2026-03-05,38.929974,-77.038579,Ward 1,
2026-03-05,38.914254,-77.020792,Ward 2,2026-03-06
2026-03-05,38.829429,-76.996968,Ward 8,2026-03-05
2026-03-05,38.951036,-76.994298,Ward 5,2026-03-05
2026-03-05,38.897832,-76.980898,Ward 7,2026-03-06
2026-03-05,38.897380,-76.981026,Ward 7,2026-03-06
2026-03-05,38.898302,-76.980765,Ward 7,2026-03-06
2026-03-05,38.921735,-76.991548,Ward 5,2026-03-05
2026-03-05,38.913344,-77.012158,Ward 5,
2026-03-05,38.913344,-77.012158,Ward 5,2026-03-05
2026-03-05,38.908045,-77.009704,Ward 5,2026-08-28
2026-03-05,38.900369,-76.942960,Ward 7,2026-03-10
2026-03-05,38.888599,-76.950302,Ward 7,2026-03-05
2026-03-05,38.985866,-77.032383,Ward 4,2026-04-28
2026-03-05,38.900543,-76.925108,Ward 7,2026-03-10
2026-03-05,38.967506,-77.006260,Ward 4,2026-03-18
2026-03-05,38.879917,-76.991176,Ward 6,
2026-03-05,38.843198,-76.979386,Ward 8,2026-03-09
2026-03-05,38.931361,-77.018726,Ward 1,2026-03-05
2026-03-05,38.894954,-77.023657,Ward 2,2026-06-05
2026-03-05,38.906633,-77.064422,Ward 2,2026-05-12
2026-03-05,38.953163,-77.079784,Ward 3,2026-07-13
2026-03-05,38.940455,-77.067653,Ward 3,2026-05-23
2026-03-05,38.894911,-76.935515,Ward 7,2026-03-05
2026-03-05,38.897619,-77.006176,Ward 6,2026-03-10
2026-03-05,38.921110,-77.043704,Ward 1,2026-04-06
2026-03-05,38.978232,-77.026767,Ward 4,2026-03-17
2026-03-05,38.976093,-77.028164,Ward 4,2026-03-11
2026-03-06,38.895241,-76.958964,Ward 7,2026-03-06
2026-03-06,38.895241,-76.958964,Ward 7,2026-03-06
2026-03-06,38.938335,-77.022478,Ward 4,2026-03-18
2026-03-06,38.907732,-77.069042,Ward 2,2026-03-10
2026-03-06,38.976064,-77.019521,Ward 4,2026-03-25
2026-03-06,38.896254,-76.996362,Ward 6,2026-07-28
2026-03-06,38.895377,-76.986081,Ward 6,2026-04-24
2026-03-06,38.894940,-76.998225,Ward 6,2026-07-27
2026-03-06,38.924650,-77.039233,Ward 1,2026-03-13
2026-03-06,38.909077,-77.030541,Ward 2,2026-05-12
2026-03-06,38.948503,-77.065187,Ward 3,2026-07-15
2026-03-06,38.949841,-77.062171,Ward 3,2026-03-27
2026-03-06,38.890759,-77.002955,Ward 6,2026-05-12
2026-03-06,38.919737,-77.031603,Ward 1,2026-03-10
2026-03-06,38.922761,-77.042080,Ward 1,2026-03-10
2026-03-06,38.947598,-76.996814,Ward 5,2026-03-06
2026-03-06,38.922182,-76.991194,Ward 5,2026-03-06
2026-03-06,38.909652,-77.033254,Ward 2,2026-05-12
2026-03-06,38.948898,-76.983150,Ward 5,2026-03-26
2026-03-06,38.907630,-77.068872,Ward 2,2026-03-09
2026-03-06,38.881065,-76.941545,Ward 7,2026-03-06
2026-03-06,38.936378,-76.988913,Ward 5,2026-03-12
2026-03-06,38.907621,-77.069247,Ward 2,2026-03-09
2026-03-06,38.907630,-77.068872,Ward 2,2026-03-09
2026-03-06,38.906609,-76.943198,Ward 7,2026-03-10
2026-03-06,38.933109,-76.969051,Ward 5,2026-03-09
2026-03-06,38.903170,-77.035928,Ward 2,2026-04-23
2026-03-07,38.843112,-76.979114,Ward 8,2026-03-12
2026-03-07,38.978232,-77.026767,Ward 4,2026-03-11
2026-03-07,38.976093,-77.028164,Ward 4,2026-03-11
2026-03-07,38.923123,-76.990195,Ward 5,2026-04-09
2026-03-07,38.906523,-76.943194,Ward 7,2026-03-10
2026-03-07,38.975531,-77.027237,Ward 4,2026-03-11
2026-03-07,38.936206,-77.021025,Ward 1,2026-04-22
2026-03-07,38.912562,-77.085914,Ward 3,2026-03-10
2026-03-07,38.904430,-77.002962,Ward 6,2026-03-10
2026-03-07,38.903947,-77.002925,Ward 6,2026-03-09
2026-03-07,38.893423,-76.987525,Ward 6,2026-03-10
2026-03-07,38.978232,-77.026767,Ward 4,2026-03-11
2026-03-07,38.976016,-77.027333,Ward 4,2026-04-13
2026-03-07,38.977128,-77.026233,Ward 4,2026-03-11
2026-03-07,38.904172,-77.025980,Ward 2,2026-05-12
2026-03-07,38.915793,-77.029285,Ward 1,2026-03-09
2026-03-08,38.891528,-76.928232,Ward 7,2026-03-09
2026-03-08,38.884100,-76.980766,Ward 7,2026-07-31
2026-03-08,38.887742,-76.986034,Ward 6,2026-03-10
2026-03-08,38.895975,-76.983882,Ward 6,2026-03-10
2026-03-08,38.907841,-77.069247,Ward 2,2026-03-09
2026-03-08,38.978232,-77.026767,Ward 4,2026-03-11
2026-03-08,38.924994,-77.044407,Ward 1,2026-07-28
2026-03-08,38.922350,-77.072502,Ward 3,2026-08-12
2026-03-08,38.885908,-77.002231,Ward 6,2026-03-24
2026-03-08,38.947060,-77.008598,Ward 5,2026-08-10
2026-03-08,38.924650,-77.039233,Ward 1,2026-03-13
2026-03-09,38.976064,-77.019521,Ward 4,2026-03-25
2026-03-09,38.977128,-77.026233,Ward 4,2026-03-11
2026-03-09,38.904063,-77.036176,Ward 2,
2026-03-09,38.954831,-76.999111,Ward 5,2026-03-09
2026-03-09,38.887732,-76.950699,Ward 7,2026-03-18
2026-03-09,38.905434,-77.008602,Ward 6,2026-03-11
2026-03-09,38.951779,-77.024025,Ward 4,2026-03-25
2026-03-09,38.903489,-76.944438,Ward 7,2026-06-10
2026-03-09,38.950108,-77.021158,Ward 4,
2026-03-09,38.938471,-77.027442,Ward 4,2026-03-09
2026-03-09,38.900359,-76.943136,Ward 7,2026-03-10
2026-03-09,38.872367,-76.978792,Ward 8,2026-03-10
2026-03-09,38.978232,-77.026767,Ward 4,2026-03-11
2026-03-09,38.976093,-77.028164,Ward 4,2026-03-11
2026-03-09,38.976016,-77.027333,Ward 4,2026-04-13
2026-03-09,38.977128,-77.026233,Ward 4,2026-03-11
2026-03-09,38.928635,-76.993196,Ward 5,2026-03-09
2026-03-09,38.876016,-76.935165,Ward 7,2026-03-09
2026-03-09,38.915004,-77.037508,Ward 2,2026-05-05
2026-03-09,38.986224,-77.029957,Ward 4,2026-03-09
2026-03-09,38.920459,-77.011446,Ward 5,
2026-03-09,38.913827,-77.018707,Ward 2,2026-03-12
2026-03-09,38.879596,-77.006413,Ward 6,2026-03-10
2026-03-09,38.933206,-77.029403,Ward 1,2026-03-17
2026-03-09,38.924485,-77.081162,Ward 3,2026-04-08
2026-03-09,38.933093,-76.982984,Ward 5,2026-03-10
2026-03-10,38.869592,-76.939832,Ward 7,2026-07-28
2026-03-10,38.986503,-77.041974,Ward 4,2026-03-10
2026-03-10,38.897719,-76.985258,Ward 6,2026-03-10
2026-03-10,38.925833,-77.009033,Ward 5,2026-03-10
2026-03-10,38.958524,-77.013917,Ward 4,2026-03-10
2026-03-10,38.934034,-77.036034,Ward 1,2026-03-26
2026-03-10,38.942169,-77.022423,Ward 4,2026-04-09
2026-03-10,38.942193,-77.019637,Ward 4,2026-03-12
2026-03-10,38.885983,-76.978321,Ward 7,2026-03-10
2026-03-10,38.891233,-76.991763,Ward 6,2026-03-11
2026-03-10,38.905963,-77.002373,Ward 6,
2026-03-10,38.959570,-77.003940,Ward 4,2026-03-10
2026-03-10,38.943997,-77.033621,Ward 4,2026-03-25
2026-03-10,38.893733,-76.990468,Ward 6,2026-05-14
2026-03-10,38.896989,-77.022463,Ward 2,2026-06-09
2026-03-10,38.830082,-76.996177,Ward 8,2026-03-11
2026-03-10,38.896726,-76.999511,Ward 6,2026-04-29
2026-03-10,38.896728,-77.000571,Ward 6,2026-04-30
2026-03-10,38.927259,-77.061608,Ward 3,2026-04-20
2026-03-10,38.960143,-77.002767,Ward 4,2026-08-20
2026-03-10,38.965110,-77.023985,Ward 4,2026-03-10
2026-03-10,38.908571,-77.021914,Ward 2,
2026-03-10,38.897039,-76.976140,Ward 7,2026-03-11
2026-03-10,38.875681,-77.039778,Ward 6,
2026-03-10,38.901880,-76.943936,Ward 7,2026-07-07
2026-03-10,38.957266,-77.013401,Ward 4,2026-03-10
2026-03-10,38.903479,-76.944040,Ward 7,2026-06-03
2026-03-11,38.909776,-77.052908,Ward 2,2026-05-20
2026-03-11,38.976093,-77.028164,Ward 4,2026-03-11
2026-03-11,38.977128,-77.026233,Ward 4,2026-03-11
2026-03-11,38.976016,-77.027333,Ward 4,2026-04-13
2026-03-11,38.898068,-77.007383,Ward 6,2026-04-29
2026-03-11,38.896915,-76.932715,Ward 7,2026-03-13
2026-03-11,38.953067,-77.027309,Ward 4,2026-03-12
2026-03-11,38.924739,-76.967228,Ward 5,2026-04-21
2026-03-11,38.972085,-77.026779,Ward 4,2026-03-25
2026-03-11,38.939838,-76.992431,Ward 5,2026-04-24
2026-03-11,38.918902,-77.025777,Ward 1,2026-05-22
2026-03-11,38.949182,-77.029022,Ward 4,2026-03-12
2026-03-11,38.884282,-76.983466,Ward 7,2026-03-12
2026-03-11,38.963796,-77.074292,Ward 3,2026-07-09
2026-03-11,38.962903,-77.019595,Ward 4,
2026-03-11,38.978135,-77.022760,Ward 4,2026-03-25
2026-03-11,38.898564,-76.945035,Ward 7,2026-03-12
2026-03-11,38.898417,-76.979583,Ward 7,2026-03-16
2026-03-11,38.909261,-77.015433,Ward 5,2026-03-19
2026-03-11,38.923624,-77.077253,Ward 3,2026-03-12
2026-03-11,38.876476,-76.957512,Ward 7,2026-03-16
2026-03-11,38.978232,-77.026767,Ward 4,2026-03-17
2026-03-11,38.937978,-77.018814,Ward 4,2026-08-18
2026-03-11,38.982228,-77.026128,Ward 4,2026-04-07
2026-03-11,38.980619,-77.026199,Ward 4,2026-06-09
2026-03-11,38.975531,-77.027237,Ward 4,2026-03-17
2026-03-11,38.976093,-77.028164,Ward 4,2026-03-12
2026-03-11,38.977128,-77.026233,Ward 4,2026-03-17
2026-03-11,38.856630,-76.961702,Ward 7,2026-03-12
2026-03-11,38.875044,-76.935991,Ward 7,
2026-03-11,38.958346,-77.036783,Ward 4,2026-03-12
2026-03-11,38.937207,-77.036027,Ward 1,2026-03-12
2026-03-11,38.914375,-77.036040,Ward 2,2026-05-28
2026-03-11,38.881405,-76.982424,Ward 6,2026-07-27
2026-03-12,38.939741,-77.032729,Ward 4,2026-03-26
2026-03-12,38.976064,-77.019521,Ward 4,2026-03-31
2026-03-12,38.870934,-76.981292,Ward 8,2026-06-26
2026-03-12,38.901088,-77.022673,Ward 2,
2026-03-12,38.898768,-76.994704,Ward 6,2026-04-08
2026-03-12,38.845518,-76.984240,Ward 8,2026-03-12
2026-03-12,38.880112,-77.020080,Ward 6,2026-05-12
2026-03-12,38.933280,-76.971931,Ward 5,2026-03-12
2026-03-12,38.911659,-76.937870,Ward 7,2026-08-11
2026-03-12,38.954931,-77.028804,Ward 4,2026-03-12
2026-03-12,38.971476,-77.032557,Ward 4,2026-03-24
2026-03-12,38.880112,-77.020080,Ward 6,2026-05-12
2026-03-12,38.942297,-77.020196,Ward 4,2026-03-13
2026-03-12,38.922788,-77.072756,Ward 3,2026-03-17
2026-03-12,38.876732,-77.019371,Ward 6,2026-03-31
2026-03-12,38.898908,-76.994961,Ward 6,2026-03-13
2026-03-12,38.901558,-77.017750,Ward 6,2026-03-16
2026-03-12,38.856887,-76.988229,Ward 8,2026-06-10
2026-03-12,38.946124,-77.030462,Ward 4,2026-07-06
2026-03-12,38.959881,-77.080059,Ward 3,2026-03-17
2026-03-12,38.953155,-77.079735,Ward 3,2026-03-17
2026-03-12,38.825349,-76.997798,Ward 8,2026-03-13
2026-03-12,38.857082,-76.989552,Ward 8,2026-06-10
2026-03-12,38.918962,-77.078537,Ward 3,2026-08-05
2026-03-12,38.945884,-77.036798,Ward 4,2026-08-14
2026-03-12,38.889464,-76.924065,Ward 7,2026-06-04
2026-03-12,38.978232,-77.026767,Ward 4,2026-03-17
2026-03-12,38.899102,-76.995723,Ward 6,2026-03-13
2026-03-12,38.976093,-77.028164,Ward 4,2026-07-28
2026-03-12,38.973401,-77.025842,Ward 4,2026-03-31
2026-03-12,38.899056,-76.994713,Ward 6,2026-03-13
2026-03-13,38.977128,-77.026233,Ward 4,2026-03-17
2026-03-13,38.898908,-76.994961,Ward 6,2026-03-13
2026-03-13,38.954464,-77.023717,Ward 4,2026-03-13
2026-03-13,38.903415,-76.943637,Ward 7,2026-03-19
2026-03-13,38.830615,-76.991222,Ward 8,2026-05-12
2026-03-13,38.903415,-76.943637,Ward 7,2026-03-27
2026-03-13,38.863403,-76.982420,Ward 8,2026-03-24
2026-03-13,38.889872,-76.972943,Ward 7,
2026-03-13,38.910202,-77.011254,Ward 5,2026-06-01
2026-03-13,38.903259,-77.000353,Ward 6,2026-03-13
2026-03-13,38.929664,-77.028727,Ward 1,2026-06-01
2026-03-13,38.949267,-76.996164,Ward 5,2026-03-16
2026-03-13,38.925569,-77.030017,Ward 1,
2026-03-13,38.965298,-77.033141,Ward 4,2026-04-01
2026-03-13,38.951466,-76.988580,Ward 5,2026-03-13
2026-03-13,38.959283,-77.036396,Ward 4,2026-06-01
2026-03-13,38.923523,-76.989849,Ward 5,2026-03-25
2026-03-13,38.934415,-77.032405,Ward 1,2026-06-11
2026-03-13,38.865369,-76.979465,Ward 8,2026-03-13
2026-03-13,38.945593,-77.031490,Ward 4,2026-07-08
2026-03-13,38.945062,-77.032213,Ward 4,2026-07-06
2026-03-13,38.906967,-77.031597,Ward 2,2026-04-01
2026-03-13,38.977128,-77.026233,Ward 4,2026-03-18
2026-03-13,38.976016,-77.027333,Ward 4,2026-04-13
2026-03-13,38.975531,-77.027237,Ward 4,2026-03-18
2026-03-13,38.884005,-76.954581,Ward 7,2026-03-14
2026-03-13,38.976093,-77.028164,Ward 4,2026-07-28
2026-03-13,38.902848,-77.001759,Ward 6,2026-07-28
2026-03-13,38.943680,-77.020232,Ward 4,2026-04-06
2026-03-14,38.906325,-77.014680,Ward 5,2026-04-30
2026-03-14,38.906870,-77.034162,Ward 2,2026-04-02
2026-03-14,38.949499,-77.063797,Ward 3,2026-07-13
2026-03-14,38.879695,-76.942909,Ward 7,2026-03-27
2026-03-14,38.891817,-77.002543,Ward 6,
2026-03-14,38.916191,-77.014167,Ward 5,
2026-03-14,38.893778,-76.955153,Ward 7,2026-03-25
2026-03-14,38.915729,-77.026396,Ward 1,2026-03-20
2026-03-14,38.978232,-77.026767,Ward 4,2026-03-26
2026-03-14,38.976093,-77.028164,Ward 4,2026-03-18
2026-03-14,38.977128,-77.026233,Ward 4,2026-03-18
2026-03-14,38.909884,-77.066312,Ward 2,2026-05-19
2026-03-14,38.885404,-76.994006,Ward 6,2026-06-02
2026-03-14,38.953200,-77.023706,Ward 4,2026-03-16
2026-03-14,38.963375,-77.036043,Ward 4,
2026-03-14,38.960549,-77.062882,Ward 4,2026-03-25
2026-03-14,38.970119,-77.020130,Ward 4,2026-04-07
2026-03-14,38.897542,-76.970035,Ward 7,2026-07-10
2026-03-14,38.894255,-77.000342,Ward 6,2026-03-25
2026-03-14,38.872169,-76.978786,Ward 8,2026-03-18
2026-03-14,38.933692,-77.056471,Ward 3,2026-07-11
2026-03-14,38.953011,-77.023877,Ward 4,2026-04-08
2026-03-14,38.952876,-77.023627,Ward 4,2026-04-01
2026-03-15,38.934060,-77.039123,Ward 1,2026-04-08
2026-03-15,38.862772,-76.953235,Ward 7,2026-03-25
2026-03-15,38.910285,-77.028559,Ward 2,2026-03-20
2026-03-15,38.904431,-77.027347,Ward 2,
2026-03-15,38.907462,-77.050724,Ward 2,2026-07-23
2026-03-15,38.953011,-77.023877,Ward 4,2026-04-08
2026-03-15,38.880751,-77.010944,Ward 6,2026-03-16
2026-03-15,38.977128,-77.026233,Ward 4,2026-03-16
2026-03-15,38.900681,-76.989968,Ward 6,2026-03-25
2026-03-15,38.953200,-77.023706,Ward 4,2026-04-23
2026-03-15,38.888487,-76.929789,Ward 7,2026-03-25
2026-03-15,38.907404,-77.008169,Ward 6,2026-04-08
2026-03-15,38.898245,-77.026712,Ward 2,2026-06-26
2026-03-15,38.978232,-77.026767,Ward 4,2026-03-16
2026-03-15,38.878456,-76.938723,Ward 7,2026-03-20
2026-03-16,38.952876,-77.023627,Ward 4,2026-03-16
2026-03-16,38.877464,-77.018712,Ward 6,2026-04-01
2026-03-16,38.957977,-77.019725,Ward 4,
2026-03-16,38.985858,-77.033410,Ward 4,2026-03-18
2026-03-16,38.915573,-77.036508,Ward 2,2026-06-02
2026-03-16,38.884675,-76.996175,Ward 6,2026-07-28
2026-03-16,38.985858,-77.033410,Ward 4,2026-03-16
2026-03-16,38.985858,-77.033410,Ward 4,2026-03-16
2026-03-16,38.900845,-77.027031,Ward 2,2026-03-31
2026-03-16,38.978232,-77.026767,Ward 4,2026-03-25
2026-03-16,38.859648,-76.994697,Ward 8,
2026-03-16,38.977128,-77.026233,Ward 4,2026-03-18
2026-03-16,38.976093,-77.028164,Ward 4,2026-07-27
2026-03-16,38.894590,-76.983466,Ward 7,2026-04-08
2026-03-16,38.976016,-77.027333,Ward 4,2026-04-13
2026-03-16,38.929892,-76.969725,Ward 5,2026-04-30
2026-03-16,38.908045,-77.009704,Ward 5,2026-04-14
2026-03-16,38.863026,-76.987950,Ward 8,2026-03-16
2026-03-16,38.975531,-77.027237,Ward 4,2026-03-24
2026-03-16,38.954636,-77.013826,Ward 4,
2026-03-16,38.882997,-76.981196,Ward 7,2026-03-16
2026-03-16,38.975531,-77.027237,Ward 4,2026-03-24
2026-03-16,38.920418,-77.029333,Ward 1,2026-08-21
2026-03-16,38.915573,-77.036508,Ward 2,
2026-03-16,38.949517,-77.075561,Ward 3,2026-03-17
2026-03-16,38.923263,-77.003324,Ward 5,2026-04-14
2026-03-16,38.878555,-76.991335,Ward 6,2026-03-18
2026-03-16,38.894329,-76.921033,Ward 7,2026-03-17
2026-03-16,38.927350,-77.105227,Ward 3,2026-03-23
2026-03-16,38.846786,-76.976175,Ward 8,2026-03-17
2026-03-16,38.895499,-77.031955,Ward 2,2026-05-22
2026-03-16,38.914590,-76.983569,Ward 5,2026-09-04
2026-03-16,38.924379,-77.044318,Ward 1,2026-03-18
2026-03-16,38.907486,-77.049787,Ward 2,
2026-03-16,38.912415,-77.078505,Ward 2,2026-04-02
2026-03-16,38.925400,-76.998999,Ward 5,2026-03-20
2026-03-16,38.935220,-77.058755,Ward 3,2026-03-17
2026-03-17,38.914250,-77.023617,Ward 1,2026-04-09
2026-03-17,38.911121,-77.015183,Ward 5,2026-03-26
2026-03-17,38.953011,-77.023877,Ward 4,2026-03-17
2026-03-17,38.903391,-77.028483,Ward 2,2026-03-19
2026-03-17,38.896574,-76.986858,Ward 6,2026-03-17
2026-03-17,38.916286,-77.025734,Ward 1,2026-03-19
2026-03-17,38.901535,-77.036094,Ward 2,2026-03-17
2026-03-17,38.943767,-77.020880,Ward 4,2026-04-08
2026-03-17,38.848580,-77.000653,Ward 8,2026-03-17
2026-03-17,38.938456,-77.084956,Ward 3,2026-03-17
2026-03-17,38.902523,-77.039446,Ward 2,2026-04-20
2026-03-17,38.853722,-76.983194,Ward 8,2026-03-17
2026-03-17,38.924228,-77.041018,Ward 1,
2026-03-17,38.933082,-77.084841,Ward 3,2026-05-22
2026-03-17,38.953379,-77.026014,Ward 4,2026-03-17
2026-03-17,38.943037,-77.004964,Ward 5,2026-03-17
2026-03-17,38.925961,-77.071805,Ward 3,2026-04-02
2026-03-17,38.829428,-76.996127,Ward 8,2026-08-13
2026-03-17,38.863690,-76.990939,Ward 8,2026-03-17
2026-03-17,38.947571,-77.058161,Ward 3,2026-04-08
2026-03-17,38.952254,-77.020558,Ward 4,2026-06-30
2026-03-17,38.961047,-77.002967,Ward 4,2026-03-23
2026-03-17,38.900714,-76.927537,Ward 7,2026-04-08
2026-03-17,38.922503,-77.094019,Ward 3,2026-04-30
2026-03-17,38.879286,-77.009058,Ward 6,2026-03-25
2026-03-17,38.904863,-76.944332,Ward 7,2026-03-17
2026-03-17,38.904863,-76.944332,Ward 7,2026-04-08
2026-03-17,38.905461,-77.016000,Ward 2,2026-04-09
2026-03-17,38.877000,-77.002240,Ward 8,2026-03-25
2026-03-17,38.978135,-77.022760,Ward 4,2026-07-01
2026-03-18,38.942032,-77.094632,Ward 3,2026-03-18
2026-03-18,38.976064,-77.019521,Ward 4,2026-04-02
2026-03-18,38.978232,-77.026767,Ward 4,2026-03-25
2026-03-18,38.976093,-77.028164,Ward 4,2026-03-18
2026-03-18,38.975531,-77.027237,Ward 4,2026-03-24
2026-03-18,38.977128,-77.026233,Ward 4,2026-03-24
2026-03-18,38.925497,-77.031654,Ward 1,2026-06-30
2026-03-18,38.864245,-76.982241,Ward 8,2026-03-18
2026-03-18,38.899443,-77.039076,Ward 2,
2026-03-18,38.890054,-76.950395,Ward 7,2026-07-29
2026-03-18,38.932366,-76.996176,Ward 5,2026-03-26
2026-03-18,38.877027,-77.004824,Ward 6,
2026-03-18,38.904863,-76.944332,Ward 7,2026-03-19
2026-03-18,38.912747,-77.047265,Ward 2,2026-05-05
2026-03-18,38.922373,-77.009043,Ward 5,2026-03-25
2026-03-18,38.879434,-76.992839,Ward 6,2026-03-19
2026-03-18,38.924756,-77.032242,Ward 1,2026-03-26
2026-03-18,38.959577,-77.003312,Ward 4,2026-03-18
2026-03-18,38.898888,-77.054259,Ward 2,2026-03-19
2026-03-18,38.883088,-77.003187,Ward 6,2026-03-19
2026-03-18,38.827160,-77.011450,Ward 8,2026-08-07
2026-03-18,38.887598,-77.002039,Ward 6,
2026-03-18,38.886291,-76.937428,Ward 7,2026-03-18
2026-03-18,38.935155,-77.026985,Ward 1,2026-03-18
2026-03-18,38.958539,-77.014330,Ward 4,2026-03-18
2026-03-18,38.979123,-77.024211,Ward 4,2026-03-18
2026-03-18,38.923516,-77.027250,Ward 1,2026-08-28
2026-03-18,38.920442,-77.029193,Ward 1,
2026-03-18,38.909169,-77.036525,Ward 2,2026-03-27
2026-03-18,38.913132,-77.039679,Ward 2,2026-04-03
2026-03-18,38.905884,-77.017970,Ward 2,2026-03-18
2026-03-18,38.900211,-76.979068,Ward 5,2026-04-14
2026-03-18,38.897694,-76.969492,Ward 5,2026-03-19
2026-03-18,38.951196,-77.019390,Ward 4,2026-03-20
2026-03-18,38.948448,-76.995240,Ward 5,2026-03-18
2026-03-18,38.909641,-77.013674,Ward 5,2026-05-29
2026-03-18,38.857309,-77.004611,Ward 8,2026-04-08
2026-03-18,38.922983,-76.988669,Ward 5,2026-04-14
2026-03-18,38.904172,-77.024020,Ward 2,2026-04-02
2026-03-18,38.912894,-77.069017,Ward 2,2026-05-19
2026-03-18,38.978232,-77.026767,Ward 4,2026-03-25
2026-03-18,38.977128,-77.026233,Ward 4,2026-03-24
2026-03-18,38.901076,-76.984868,Ward 5,2026-03-20
2026-03-19,38.976093,-77.028164,Ward 4,2026-03-24
2026-03-19,38.886291,-76.937428,Ward 7,2026-03-23
2026-03-19,38.947891,-77.057913,Ward 3,2026-03-20
2026-03-19,38.925342,-76.983196,Ward 5,2026-03-20
2026-03-19,38.898960,-77.032429,Ward 2,2026-05-28
2026-03-19,38.868057,-76.983124,Ward 8,2026-03-19
2026-03-19,38.894778,-76.978995,Ward 7,2026-03-20
2026-03-19,38.868057,-76.983124,Ward 8,2026-04-06
2026-03-19,38.915573,-77.036508,Ward 2,2026-03-27
2026-03-19,38.900667,-76.985734,Ward 6,2026-03-20
2026-03-19,38.920418,-76.995440,Ward 5,2026-03-23
2026-03-19,38.921031,-76.994814,Ward 5,2026-03-23
2026-03-19,38.936750,-77.028775,Ward 4,2026-03-30
2026-03-19,38.899393,-77.014909,Ward 6,2026-03-27
2026-03-19,38.935485,-77.028286,Ward 1,2026-08-21
2026-03-19,38.923123,-76.990195,Ward 5,2026-03-20
2026-03-19,38.956545,-76.994887,Ward 5,2026-04-06
2026-03-19,38.964685,-77.077937,Ward 3,
2026-03-19,38.891821,-76.976821,Ward 7,2026-03-20
2026-03-19,38.907022,-77.020430,Ward 2,2026-03-20
2026-03-19,38.908012,-77.003291,Ward 6,2026-04-14
2026-03-19,38.976093,-77.028164,Ward 4,2026-03-24
2026-03-19,38.934480,-77.006073,Ward 5,2026-03-23
2026-03-20,38.934480,-77.006073,Ward 5,2026-05-23
2026-03-20,38.934480,-77.006073,Ward 5,2026-05-23
2026-03-20,38.900472,-76.985720,Ward 6,2026-03-20
2026-03-20,38.918910,-77.027322,Ward 1,2026-04-03
2026-03-20,38.894636,-76.986549,Ward 6,2026-03-20
2026-03-20,38.914672,-77.002243,Ward 5,2026-03-20
2026-03-20,38.902181,-77.041236,Ward 2,2026-03-27
2026-03-20,38.888611,-76.935765,Ward 7,2026-03-27
2026-03-20,38.825035,-77.011099,Ward 8,2026-03-20
2026-03-20,38.932891,-77.027660,Ward 1,
2026-03-20,38.872169,-76.978786,Ward 8,2026-05-01
2026-03-20,38.830960,-77.000571,Ward 8,2026-03-30
2026-03-20,38.915131,-77.041439,Ward 2,2026-06-09
2026-03-20,38.910380,-77.010607,Ward 5,2026-05-26
2026-03-20,38.946639,-76.980197,Ward 5,2026-04-14
2026-03-20,38.889535,-76.981988,Ward 7,2026-03-23
2026-03-20,38.910721,-77.056906,Ward 2,2026-05-21
2026-03-20,38.903530,-77.060925,Ward 2,2026-03-25
2026-03-20,38.903530,-77.060925,Ward 2,2026-05-28
2026-03-20,38.903501,-77.018702,Ward 6,2026-03-27
2026-03-20,38.848355,-77.002255,Ward 8,2026-03-25
2026-03-20,38.905804,-76.998067,Ward 6,2026-04-23
2026-03-20,38.976093,-77.028164,Ward 4,2026-07-27
2026-03-20,38.976016,-77.027333,Ward 4,2026-03-23
2026-03-20,38.978232,-77.026767,Ward 4,2026-03-25
2026-03-20,38.915470,-77.019599,Ward 1,2026-03-23
2026-03-21,38.976064,-77.019521,Ward 4,2026-03-26
2026-03-21,38.925143,-76.992683,Ward 5,2026-04-01
2026-03-21,38.972029,-77.030820,Ward 4,
2026-03-21,38.977128,-77.026233,Ward 4,2026-03-25
2026-03-21,38.905532,-77.054421,Ward 2,2026-07-28
2026-03-21,38.865192,-76.982585,Ward 8,2026-03-23
2026-03-21,38.971063,-77.020828,Ward 4,
2026-03-21,38.903875,-76.978127,Ward 5,2026-03-23
2026-03-21,38.904225,-76.978802,Ward 5,2026-03-26
2026-03-21,38.904505,-76.979171,Ward 5,2026-03-23
2026-03-21,38.950717,-76.995208,Ward 5,2026-07-06
2026-03-21,38.891220,-76.938270,Ward 7,2026-03-23
2026-03-21,38.950925,-76.994988,Ward 5,2026-07-23
2026-03-21,38.976093,-77.028164,Ward 4,2026-07-28
2026-03-21,38.889805,-76.991533,Ward 6,2026-04-15
2026-03-21,38.935994,-77.023981,Ward 1,2026-03-23
2026-03-21,38.940617,-77.060962,Ward 3,2026-04-09
2026-03-21,38.904601,-76.982115,Ward 5,2026-04-14
2026-03-21,38.978232,-77.026767,Ward 4,2026-03-25
2026-03-21,38.863459,-76.982449,Ward 8,2026-04-09
2026-03-21,38.977128,-77.026233,Ward 4,2026-03-24
2026-03-21,38.891989,-76.957503,Ward 7,2026-03-23
2026-03-21,38.922032,-76.998739,Ward 5,2026-03-23
2026-03-22,38.843759,-76.995165,Ward 8,2026-04-13
2026-03-22,38.974941,-77.017946,Ward 4,
2026-03-22,38.954623,-77.009047,Ward 5,2026-03-24
2026-03-22,38.884226,-76.925988,Ward 7,2026-03-23
2026-03-22,38.983191,-77.028610,Ward 4,2026-03-27
2026-03-22,38.983191,-77.028610,Ward 4,2026-03-27
2026-03-22,38.983191,-77.028610,Ward 4,2026-03-24
2026-03-22,38.884542,-76.924076,Ward 7,2026-03-23
2026-03-22,38.951463,-77.022746,Ward 4,2026-03-24
2026-03-22,38.920127,-76.983429,Ward 5,2026-07-06
2026-03-22,38.888752,-76.915156,Ward 7,2026-03-23
2026-03-22,38.888752,-76.915156,Ward 7,2026-03-23
2026-03-22,38.976093,-77.028164,Ward 4,2026-03-24
2026-03-22,38.912130,-77.084594,Ward 3,2026-03-23
2026-03-22,38.921303,-76.988698,Ward 5,2026-04-14
2026-03-22,38.976495,-77.020991,Ward 4,2026-03-23
2026-03-23,38.921326,-76.988020,Ward 5,2026-03-23
2026-03-23,38.931952,-77.109805,Ward 3,2026-04-01
2026-03-23,38.922348,-76.988774,Ward 5,2026-03-23
2026-03-23,38.963999,-77.075049,Ward 3,2026-04-09
2026-03-23,38.895825,-77.026807,Ward 2,
2026-03-23,38.953780,-76.992393,Ward 5,2026-03-23
2026-03-23,38.863052,-76.951321,Ward 7,2026-04-21
2026-03-23,38.905871,-77.014569,Ward 5,2026-07-23
2026-03-23,38.953780,-76.992393,Ward 5,2026-03-23
2026-03-23,38.888468,-76.989496,Ward 6,2026-03-23
2026-03-23,38.905826,-77.027486,Ward 2,2026-03-23
2026-03-23,38.961464,-77.003601,Ward 4,2026-06-16
2026-03-23,38.911821,-77.059475,Ward 2,2026-03-23
2026-03-23,38.967288,-77.019895,Ward 4,2026-03-24
2026-03-23,38.897689,-76.949958,Ward 7,2026-03-25
2026-03-23,38.894634,-76.985919,Ward 6,2026-03-24
2026-03-23,38.927350,-77.105227,Ward 3,2026-08-25
2026-03-23,38.969923,-77.019895,Ward 4,2026-03-24
2026-03-23,38.927459,-77.039441,Ward 1,2026-04-01
2026-03-23,38.949487,-77.054140,Ward 3,2026-04-02
2026-03-23,38.942888,-77.015162,Ward 4,2026-04-06
2026-03-23,38.918689,-77.049173,Ward 2,2026-03-31
2026-03-23,38.962172,-77.023378,Ward 4,2026-04-07
2026-03-23,38.916818,-77.018447,Ward 1,2026-04-01
2026-03-23,38.916815,-77.018568,Ward 1,
2026-03-23,38.916815,-77.018568,Ward 1,2026-04-03
2026-03-23,38.916815,-77.018568,Ward 1,
2026-03-23,38.916459,-77.018871,Ward 1,
2026-03-23,38.915981,-77.018731,Ward 1,
2026-03-23,38.915618,-77.018667,Ward 1,2026-04-01
2026-03-23,38.915260,-77.018602,Ward 1,2026-05-22
2026-03-23,38.915596,-77.018346,Ward 1,2026-06-18
2026-03-23,38.916584,-77.020832,Ward 1,2026-04-01
2026-03-23,38.888656,-76.919908,Ward 7,2026-03-25
2026-03-23,38.902625,-76.943093,Ward 7,2026-03-25
2026-03-23,38.916241,-77.022610,Ward 1,2026-07-28
2026-03-23,38.876753,-77.003879,Ward 8,2026-03-26
2026-03-23,38.893500,-77.046675,Ward 2,2026-03-24
2026-03-23,38.874684,-76.959065,Ward 7,2026-07-27
2026-03-23,38.879025,-77.009730,Ward 6,2026-03-25
2026-03-23,38.967134,-77.013913,Ward 4,2026-03-24
2026-03-23,38.972085,-77.026779,Ward 4,2026-03-24
2026-03-23,38.941232,-77.057968,Ward 3,2026-06-16
2026-03-23,38.917569,-77.032515,Ward 1,2026-04-07
2026-03-24,38.894476,-76.916408,Ward 7,2026-03-31
2026-03-24,38.848619,-77.002222,Ward 8,2026-04-08
2026-03-24,38.967798,-77.026441,Ward 4,2026-03-24
2026-03-24,38.978232,-77.026767,Ward 4,2026-03-25
2026-03-24,38.922984,-77.056755,Ward 3,2026-03-24
2026-03-24,38.937554,-77.019341,Ward 4,2026-03-24
2026-03-24,38.888319,-76.932373,Ward 7,2026-03-24
2026-03-24,38.948574,-77.038847,Ward 4,2026-03-26
2026-03-24,38.878555,-76.991335,Ward 6,2026-06-09
2026-03-24,38.954371,-76.991331,Ward 5,2026-05-27
2026-03-24,38.900945,-76.950872,Ward 7,2026-04-15
2026-03-24,38.901218,-76.949332,Ward 7,2026-04-08
2026-03-24,38.949269,-76.996667,Ward 5,2026-04-15
2026-03-24,38.937140,-77.021776,Ward 4,2026-04-10
2026-03-24,38.907404,-77.008169,Ward 6,2026-04-15
2026-03-24,38.833652,-77.007317,Ward 8,2026-04-15
2026-03-24,38.944962,-77.015787,Ward 4,2026-04-15
2026-03-24,38.879565,-77.009411,Ward 6,2026-03-25
2026-03-24,38.891212,-76.989416,Ward 6,2026-03-24
2026-03-24,38.978232,-77.026767,Ward 4,2026-03-25
2026-03-24,38.976093,-77.028164,Ward 4,2026-07-28
2026-03-24,38.977128,-77.026233,Ward 4,2026-03-25
2026-03-24,38.976016,-77.027333,Ward 4,2026-04-13
2026-03-24,38.975531,-77.027237,Ward 4,2026-04-13
2026-03-24,38.902005,-77.001238,Ward 6,2026-05-28
2026-03-24,38.949530,-77.079335,Ward 3,2026-07-10
2026-03-24,38.918242,-77.013735,Ward 5,
2026-03-24,38.949516,-77.083152,Ward 3,2026-04-06
2026-03-24,38.949899,-77.086428,Ward 3,2026-05-23
2026-03-24,38.950218,-77.086436,Ward 3,2026-04-17
2026-03-24,38.950366,-77.085965,Ward 3,2026-08-25
2026-03-24,38.950530,-77.087330,Ward 3,2026-04-07
2026-03-24,38.931759,-77.024820,Ward 1,2026-03-25
2026-03-24,38.870575,-77.013470,Ward 6,2026-04-08
2026-03-24,38.911862,-77.016167,Ward 5,2026-05-21
2026-03-24,38.954069,-77.007679,Ward 5,2026-06-16
2026-03-24,38.909852,-77.027262,Ward 2,2026-03-31
2026-03-24,38.933715,-77.023392,Ward 1,2026-04-09
2026-03-24,38.959495,-77.007432,Ward 4,2026-07-29
2026-03-24,38.930471,-77.058272,Ward 3,2026-04-07
2026-03-24,38.907758,-76.983359,Ward 5,2026-03-25
2026-03-24,38.933082,-77.084841,Ward 3,2026-04-30
2026-03-24,38.865644,-76.983187,Ward 8,
2026-03-24,38.820185,-77.013829,Ward 8,2026-08-10
2026-03-25,38.976064,-77.019521,Ward 4,2026-03-26
2026-03-25,38.930095,-77.038138,Ward 1,2026-03-27
2026-03-25,38.932879,-77.074786,Ward 3,2026-03-27
2026-03-25,38.977128,-77.026233,Ward 4,2026-03-25
2026-03-25,38.930923,-77.038012,Ward 1,2026-03-25
2026-03-25,38.915411,-77.022158,Ward 1,2026-04-07
2026-03-25,38.915411,-77.022158,Ward 1,2026-03-25
2026-03-25,38.900417,-77.015511,Ward 6,2026-04-09
2026-03-25,38.957310,-77.008404,Ward 4,2026-03-25
2026-03-25,38.959430,-77.083930,Ward 3,2026-04-29
2026-03-25,38.874635,-76.968818,Ward 7,2026-03-25
2026-03-25,38.926538,-76.984406,Ward 5,2026-06-01
2026-03-25,38.906548,-76.984191,Ward 5,2026-03-25
2026-03-25,38.968898,-77.010846,Ward 4,2026-03-25
2026-03-25,38.951813,-76.989307,Ward 5,2026-06-05
2026-03-25,38.865548,-76.946555,Ward 7,
2026-03-25,38.906039,-77.068736,Ward 2,2026-03-31
2026-03-25,38.967913,-77.075951,Ward 3,2026-07-09
2026-03-25,38.906039,-77.068736,Ward 2,2026-09-08
2026-03-25,38.882160,-77.004477,Ward 6,2026-03-31
2026-03-25,38.973062,-77.065106,Ward 4,
2026-03-25,38.901283,-76.937201,Ward 7,2026-07-23
2026-03-25,38.972636,-77.064462,Ward 4,2026-04-09
2026-03-25,38.912828,-77.049025,Ward 2,2026-03-31
2026-03-25,38.967148,-77.054478,Ward 4,2026-07-27
2026-03-25,38.894251,-76.926447,Ward 7,2026-08-11
2026-03-25,38.968433,-77.061653,Ward 4,2026-08-05
2026-03-25,38.933333,-76.990182,Ward 5,2026-05-22
2026-03-25,38.918014,-77.043852,Ward 1,2026-07-28
2026-03-25,38.893392,-76.950776,Ward 7,2026-03-27
2026-03-25,38.958935,-77.018981,Ward 4,2026-03-26
2026-03-26,38.975531,-77.027237,Ward 4,2026-03-26
2026-03-26,38.910057,-77.007762,Ward 5,2026-07-27
2026-03-26,38.904470,-77.027603,Ward 2,2026-03-26
2026-03-26,38.927556,-77.042597,Ward 1,2026-03-26
2026-03-26,38.941879,-77.041275,Ward 4,2026-04-01
2026-03-26,38.893899,-77.016532,Ward 6,2026-03-27
2026-03-26,38.944851,-77.096013,Ward 3,2026-03-30
2026-03-26,38.860985,-76.997200,Ward 8,2026-04-08
2026-03-26,38.921445,-76.984112,Ward 5,2026-06-24
2026-03-26,38.931386,-76.985906,Ward 5,2026-06-02
2026-03-26,38.973409,-77.023250,Ward 4,2026-03-30
2026-03-26,38.963955,-77.025758,Ward 4,2026-03-30
2026-03-26,38.964173,-77.080020,Ward 3,2026-03-30
2026-03-26,38.905429,-77.024153,Ward 2,2026-03-30
2026-03-26,38.942176,-76.991435,Ward 5,2026-03-26
2026-03-26,38.916062,-77.007307,Ward 5,2026-03-26
2026-03-26,38.888010,-77.039494,Ward 2,2026-04-01
2026-03-26,38.966104,-77.076723,Ward 3,2026-08-05
2026-03-26,38.905657,-77.044897,Ward 2,2026-05-20
2026-03-26,38.863028,-76.980268,Ward 8,2026-06-10
2026-03-26,38.931176,-76.988564,Ward 5,2026-06-01
2026-03-26,38.870928,-76.971605,Ward 8,2026-04-13
2026-03-26,38.901338,-77.044902,Ward 2,2026-03-31
2026-03-26,38.903023,-77.000788,Ward 6,2026-05-21
2026-03-26,38.898161,-77.043861,Ward 2,2026-07-09
2026-03-26,38.900417,-77.015511,Ward 6,2026-04-09
2026-03-26,38.960394,-76.997079,Ward 4,2026-04-28
2026-03-26,38.962904,-77.080575,Ward 3,2026-04-14
2026-03-26,38.953735,-77.017923,Ward 4,2026-06-16
2026-03-26,38.964607,-77.074899,Ward 3,2026-05-20
2026-03-26,38.857457,-76.960493,Ward 7,2026-04-09
2026-03-26,38.929403,-77.085434,Ward 3,2026-04-13
2026-03-26,38.902055,-77.051084,Ward 2,2026-06-02
2026-03-26,38.897755,-77.017551,Ward 6,2026-04-09
2026-03-26,38.928791,-77.036830,Ward 1,2026-04-03
2026-03-26,38.899052,-77.024977,Ward 2,2026-06-05
2026-03-26,38.899052,-77.024977,Ward 2,2026-06-05
2026-03-26,38.899053,-77.023967,Ward 2,2026-06-05
2026-03-27,38.976064,-77.019521,Ward 4,2026-04-02
2026-03-27,38.978232,-77.026767,Ward 4,2026-04-07
2026-03-27,38.976093,-77.028164,Ward 4,2026-03-31
2026-03-27,38.976016,-77.027333,Ward 4,2026-04-13
2026-03-27,38.977128,-77.026233,Ward 4,2026-04-07
2026-03-27,38.942293,-77.025622,Ward 4,2026-04-09
2026-03-27,38.861502,-76.993796,Ward 8,2026-03-27
2026-03-27,38.885970,-77.028872,Ward 6,2026-03-27
2026-03-27,38.916997,-77.025990,Ward 1,2026-03-27
2026-03-27,38.876509,-76.961549,Ward 7,2026-03-30
2026-03-27,38.918110,-77.025990,Ward 1,2026-04-01
2026-03-27,38.954831,-76.999111,Ward 5,2026-05-22
2026-03-27,38.919181,-77.025992,Ward 1,2026-06-16
2026-03-27,38.925680,-77.043719,Ward 1,2026-06-29
2026-03-27,38.929694,-77.042668,Ward 1,2026-07-06
2026-03-27,38.929829,-77.041503,Ward 1,2026-06-18
2026-03-27,38.928743,-77.033639,Ward 1,2026-04-03
2026-03-27,38.919596,-77.032356,Ward 1,
2026-03-27,38.911315,-77.045207,Ward 2,
2026-03-27,38.895448,-77.023644,Ward 2,2026-04-08
2026-03-27,38.921560,-77.047232,Ward 1,
2026-03-27,38.951382,-76.990276,Ward 5,2026-04-07
2026-03-27,38.907541,-76.982900,Ward 5,2026-03-30
2026-03-27,38.892080,-76.945452,Ward 7,2026-04-06
2026-03-27,38.894208,-76.946294,Ward 7,2026-03-31
2026-03-27,38.923641,-77.075315,Ward 3,2026-03-30
2026-03-27,38.899612,-77.015902,Ward 6,2026-04-09
2026-03-27,38.941702,-77.077251,Ward 3,2026-08-21
2026-03-27,38.926585,-77.040687,Ward 1,2026-04-01
2026-03-27,38.978232,-77.026767,Ward 4,2026-04-07
2026-03-27,38.976093,-77.028164,Ward 4,2026-03-31
2026-03-27,38.977128,-77.026233,Ward 4,2026-04-07
2026-03-28,38.909356,-76.985294,Ward 5,
2026-03-28,38.909356,-76.985294,Ward 5,2026-05-08
2026-03-28,38.909356,-76.985294,Ward 5,2026-03-30
2026-03-28,38.907782,-76.983061,Ward 5,2026-03-30
2026-03-28,38.931152,-77.030701,Ward 1,2026-07-28
2026-03-28,38.979389,-77.023506,Ward 4,2026-03-30
2026-03-28,38.934846,-76.977212,Ward 5,2026-05-23
2026-03-28,38.968893,-77.017996,Ward 4,2026-03-30
2026-03-28,38.885883,-76.941361,Ward 7,2026-03-30
2026-03-28,38.943909,-77.022518,Ward 4,2026-03-30
2026-03-28,38.976064,-77.019521,Ward 4,2026-04-02
2026-03-28,38.978232,-77.026767,Ward 4,2026-04-07
2026-03-29,38.976093,-77.028164,Ward 4,2026-03-31
2026-03-29,38.905807,-77.067019,Ward 2,2026-05-23
2026-03-29,38.896665,-77.004263,Ward 6,2026-03-30
2026-03-29,38.897527,-77.000307,Ward 6,2026-03-30
2026-03-29,38.952663,-77.069486,Ward 3,2026-04-07
2026-03-29,38.976093,-77.028164,Ward 4,2026-03-31
2026-03-29,38.977128,-77.026233,Ward 4,2026-04-07
2026-03-29,38.910923,-76.993699,Ward 5,2026-03-30
2026-03-29,38.915372,-76.976948,Ward 5,2026-04-20
2026-03-29,38.915372,-76.976948,Ward 5,2026-04-20
2026-03-29,38.933705,-77.023319,Ward 1,2026-04-01
2026-03-29,38.930000,-77.057537,Ward 3,2026-04-09
2026-03-29,38.970103,-77.021205,Ward 4,2026-03-30
2026-03-29,38.969718,-77.021472,Ward 4,2026-04-07
2026-03-29,38.930095,-77.038138,Ward 1,2026-04-01
2026-03-30,38.932795,-77.032453,Ward 1,2026-04-01
2026-03-30,38.976064,-77.019521,Ward 4,2026-04-07
2026-03-30,38.971062,-77.018784,Ward 4,2026-03-31
2026-03-30,38.868407,-76.984180,Ward 8,2026-04-15
2026-03-30,38.971475,-77.018767,Ward 4,2026-03-31
2026-03-30,38.955638,-76.996543,Ward 5,2026-03-30
2026-03-30,38.976090,-77.019845,Ward 4,2026-03-31
2026-03-30,38.933556,-77.027169,Ward 1,2026-03-30
2026-03-30,38.894650,-77.000997,Ward 6,
2026-03-30,38.956368,-77.029974,Ward 4,2026-03-31
2026-03-30,38.956909,-77.029974,Ward 4,2026-05-05
2026-03-30,38.901054,-77.017556,Ward 6,2026-04-02
2026-03-30,38.945082,-77.042960,Ward 4,
2026-03-30,38.895942,-76.977749,Ward 7,2026-03-31
2026-03-30,38.955709,-77.016315,Ward 4,2026-03-31
2026-03-30,38.899393,-77.014909,Ward 6,2026-03-31
2026-03-30,38.948383,-76.996861,Ward 5,2026-03-31
2026-03-31,38.978232,-77.026767,Ward 4,2026-04-07
2026-03-31,38.977128,-77.026233,Ward 4,2026-04-07
2026-03-31,38.976016,-77.027333,Ward 4,2026-04-13
2026-03-31,38.927050,-77.035525,Ward 1,2026-04-01
2026-03-31,38.887872,-76.926551,Ward 7,2026-04-01
2026-03-31,38.899222,-76.941521,Ward 7,2026-07-27
2026-03-31,38.969566,-77.015910,Ward 4,2026-07-01
2026-03-31,38.881507,-76.929634,Ward 7,2026-03-31
2026-03-31,38.892492,-76.912495,Ward 7,2026-03-31
2026-03-31,38.916348,-77.025352,Ward 1,2026-04-01
2026-03-31,38.911123,-77.021919,Ward 2,2026-06-04
2026-03-31,38.936162,-77.061366,Ward 3,2026-06-09
2026-03-31,38.903879,-76.978324,Ward 5,2026-03-31
2026-03-31,38.930613,-77.058006,Ward 3,2026-04-08
2026-03-31,38.901586,-77.038135,Ward 2,2026-07-09
2026-03-31,38.907541,-76.982900,Ward 5,2026-04-01
2026-03-31,38.870068,-76.966959,Ward 7,2026-03-31
2026-03-31,38.948783,-77.016484,Ward 4,2026-03-31
2026-03-31,38.950606,-76.991408,Ward 5,2026-03-31
2026-03-31,38.906588,-77.013889,Ward 5,2026-03-31
2026-03-31,38.895586,-76.985036,Ward 6,2026-03-31
2026-03-31,38.941687,-77.004731,Ward 5,2026-03-31
2026-03-31,38.900417,-77.015511,Ward 6,2026-04-01
2026-03-31,38.928523,-77.033621,Ward 1,2026-06-30
2026-03-31,38.947335,-77.072203,Ward 3,2026-04-01
2026-04-01,38.967116,-77.020504,Ward 4,2026-04-01
2026-04-01,38.933896,-76.973953,Ward 5,2026-04-01
2026-04-01,38.924908,-77.037265,Ward 1,2026-04-03
2026-04-01,38.869292,-76.981689,Ward 8,2026-04-01
2026-04-01,38.899203,-76.939417,Ward 7,2026-07-27
2026-04-01,38.933219,-77.076406,Ward 3,2026-07-09
2026-04-01,38.897842,-77.029980,Ward 2,2026-04-08
2026-04-01,38.902247,-77.001852,Ward 6,2026-07-28
2026-04-01,38.869267,-76.970332,Ward 7,2026-04-01
2026-04-01,38.909497,-77.041008,Ward 2,2026-08-27
2026-04-01,38.931048,-77.096608,Ward 3,2026-04-10
2026-04-01,38.900705,-77.044900,Ward 2,2026-05-28
2026-04-01,38.902717,-76.986801,Ward 5,2026-07-23
2026-04-01,38.929693,-77.041307,Ward 1,2026-07-06
2026-04-01,38.894703,-77.044139,Ward 2,2026-07-07
2026-04-01,38.897344,-77.025984,Ward 2,2026-06-09
2026-04-01,38.860281,-76.990271,Ward 8,2026-04-08
2026-04-01,38.871668,-76.971170,Ward 8,2026-06-10
2026-04-01,38.964709,-77.075881,Ward 3,2026-07-09
2026-04-01,38.978232,-77.026767,Ward 4,2026-04-07
2026-04-01,38.976016,-77.027333,Ward 4,2026-04-13
2026-04-01,38.976093,-77.028164,Ward 4,2026-04-07
2026-04-02,38.906713,-77.056900,Ward 2,
2026-04-02,38.904675,-77.014499,Ward 6,2026-04-02
2026-04-02,38.977433,-77.026240,Ward 4,2026-09-08
2026-04-02,38.977128,-77.026233,Ward 4,2026-04-07
2026-04-02,38.977128,-77.026233,Ward 4,2026-04-02
2026-04-02,38.907486,-77.049787,Ward 2,2026-04-02
2026-04-02,38.928342,-77.043139,Ward 1,2026-04-13
2026-04-02,38.904470,-77.027603,Ward 2,2026-04-06
2026-04-02,38.884868,-77.034559,Ward 2,2026-04-07
2026-04-02,38.912170,-77.044559,Ward 2,
2026-04-02,38.941972,-76.990850,Ward 5,2026-04-09
2026-04-02,38.970715,-77.072592,Ward 3,2026-07-07
2026-04-02,38.943936,-77.003059,Ward 5,2026-04-02
2026-04-02,38.951694,-76.987694,Ward 5,2026-04-02
2026-04-02,38.864129,-76.951865,Ward 7,2026-04-06
2026-04-02,38.885883,-76.941361,Ward 7,2026-04-02
2026-04-02,38.904480,-76.973598,Ward 5,2026-04-03
2026-04-02,38.962510,-77.020276,Ward 4,
2026-04-02,38.911965,-77.032529,Ward 2,2026-04-03
2026-04-02,38.906434,-77.048806,Ward 2,
2026-04-02,38.921181,-77.054970,Ward 3,2026-07-10
2026-04-02,38.923596,-77.057203,Ward 3,2026-04-06
2026-04-02,38.931872,-77.067513,Ward 3,2026-07-06
2026-04-02,38.932743,-77.072132,Ward 3,2026-08-04
2026-04-02,38.916148,-77.052362,Ward 2,2026-05-21
2026-04-02,38.893418,-76.987926,Ward 6,2026-04-06
2026-04-02,38.927272,-77.020786,Ward 1,2026-04-03
2026-04-02,38.912941,-77.039961,Ward 2,2026-04-03
2026-04-02,38.894452,-76.996582,Ward 6,2026-04-06
2026-04-02,38.978232,-77.026767,Ward 4,2026-04-07
2026-04-03,38.985399,-77.030102,Ward 4,2026-04-28
2026-04-03,38.985399,-77.030102,Ward 4,2026-04-03
2026-04-03,38.985399,-77.030102,Ward 4,2026-04-03
2026-04-03,38.954636,-77.013826,Ward 4,2026-06-30
2026-04-03,38.976093,-77.028164,Ward 4,2026-04-07
2026-04-03,38.977433,-77.026240,Ward 4,2026-07-08
2026-04-03,38.977128,-77.026233,Ward 4,2026-04-07
2026-04-03,38.976016,-77.027333,Ward 4,2026-04-13
2026-04-03,38.975531,-77.027237,Ward 4,2026-04-07
2026-04-03,38.977128,-77.026233,Ward 4,2026-04-07
2026-04-03,38.914400,-77.013934,Ward 5,2026-04-03
2026-04-03,38.877464,-77.018712,Ward 6,2026-05-23
2026-04-03,38.902039,-76.995223,Ward 6,2026-04-06
2026-04-03,38.894740,-76.996657,Ward 6,2026-04-06
2026-04-03,38.927212,-76.955714,Ward 5,2026-04-06
2026-04-03,38.902717,-76.986801,Ward 5,2026-04-06
2026-04-03,38.969560,-77.009283,Ward 4,2026-04-03
2026-04-03,38.968091,-77.024985,Ward 4,2026-04-03
2026-04-03,38.897196,-76.980804,Ward 7,2026-07-29
2026-04-03,38.876910,-76.966587,Ward 7,2026-04-03
2026-04-03,38.942122,-76.980048,Ward 5,2026-05-13
2026-04-03,38.954509,-76.998686,Ward 5,2026-07-23
2026-04-03,38.929888,-77.057491,Ward 3,2026-06-29
2026-04-03,38.967829,-77.076724,Ward 3,
2026-04-03,38.965984,-77.035967,Ward 4,2026-04-08
2026-04-03,38.907942,-77.065916,Ward 2,2026-05-21
2026-04-03,38.886754,-76.982011,Ward 7,2026-04-09
2026-04-04,38.976064,-77.019521,Ward 4,2026-04-07
2026-04-04,38.976093,-77.028164,Ward 4,2026-04-07
2026-04-04,38.977128,-77.026233,Ward 4,2026-04-07
2026-04-04,38.977128,-77.026233,Ward 4,2026-04-07
2026-04-04,38.978232,-77.026767,Ward 4,2026-04-07
2026-04-04,38.941299,-76.974425,Ward 5,2026-04-07
2026-04-04,38.897953,-76.996579,Ward 6,2026-07-23
2026-04-04,38.916993,-77.007267,Ward 5,2026-04-15
2026-04-04,38.958733,-77.016167,Ward 4,2026-04-06
2026-04-04,38.928092,-77.083109,Ward 3,
2026-04-04,38.976093,-77.028164,Ward 4,2026-04-07
2026-04-04,38.977128,-77.026233,Ward 4,2026-04-07
2026-04-05,38.907473,-77.038101,Ward 2,
2026-04-05,38.904339,-77.014762,Ward 6,2026-04-06
2026-04-05,38.978232,-77.026767,Ward 4,2026-04-07
2026-04-05,38.937147,-76.966261,Ward 5,2026-04-06
2026-04-05,38.980486,-77.056091,Ward 4,2026-04-06
2026-04-05,38.866983,-76.988568,Ward 8,2026-04-08
2026-04-05,38.976093,-77.028164,Ward 4,2026-04-07
2026-04-06,38.904530,-77.036033,Ward 2,2026-04-09
2026-04-06,38.979552,-77.033695,Ward 4,2026-07-01
2026-04-06,38.976064,-77.019521,Ward 4,2026-04-07
2026-04-06,38.889401,-76.980528,Ward 7,2026-04-28
2026-04-06,38.879286,-77.009058,Ward 6,2026-04-07
2026-04-06,38.962165,-77.012867,Ward 4,2026-04-06
2026-04-06,38.958540,-77.015986,Ward 4,2026-04-07
2026-04-06,38.965449,-77.015588,Ward 4,2026-04-10
2026-04-06,38.963580,-77.013850,Ward 4,2026-04-07
2026-04-06,38.937143,-77.032245,Ward 4,2026-04-08
2026-04-06,38.915004,-77.009345,Ward 5,2026-04-06
2026-04-06,38.902154,-76.984381,Ward 5,
2026-04-06,38.957576,-77.024862,Ward 4,2026-04-06
2026-04-06,38.921839,-77.051263,Ward 3,2026-04-08
2026-04-06,38.931398,-77.019978,Ward 1,2026-04-06
2026-04-06,38.857453,-76.993145,Ward 8,2026-04-07
2026-04-06,38.911123,-77.022433,Ward 2,2026-06-04
2026-04-06,38.883883,-77.024569,Ward 6,2026-07-02
2026-04-06,38.888565,-76.950365,Ward 7,2026-04-06
2026-04-06,38.898457,-77.019107,Ward 2,2026-04-07
2026-04-06,38.894841,-76.938072,Ward 7,2026-04-08
2026-04-06,38.978232,-77.026767,Ward 4,2026-04-07
2026-04-06,38.976016,-77.027333,Ward 4,2026-04-13
2026-04-06,38.927657,-76.994589,Ward 5,2026-04-09
2026-04-06,38.953146,-77.080476,Ward 3,
2026-04-07,38.901539,-76.947911,Ward 7,2026-04-07
2026-04-07,38.949060,-77.070127,Ward 3,2026-04-17
2026-04-07,38.881729,-76.931189,Ward 7,2026-07-29
2026-04-07,38.881608,-76.983145,Ward 7,2026-04-07
2026-04-07,38.939495,-77.017352,Ward 4,2026-04-07
2026-04-07,38.872521,-76.977144,Ward 8,2026-04-07
2026-04-07,38.982119,-77.024242,Ward 4,2026-05-21
2026-04-07,38.908349,-77.087890,Ward 3,2026-08-06
2026-04-07,38.982119,-77.024242,Ward 4,2026-05-21
2026-04-07,38.867016,-76.982719,Ward 8,2026-06-10
2026-04-07,38.922860,-77.032995,Ward 1,
2026-04-07,38.914312,-77.021100,Ward 1,2026-04-09
2026-04-07,38.913926,-77.020463,Ward 2,2026-04-20
2026-04-07,38.917158,-77.026821,Ward 1,2026-05-07
2026-04-07,38.891948,-76.924645,Ward 7,2026-04-08
2026-04-07,38.917158,-77.026821,Ward 1,2026-05-06
2026-04-07,38.919834,-76.983748,Ward 5,2026-04-07
2026-04-07,38.897039,-76.976140,Ward 7,2026-07-16
2026-04-07,38.949724,-77.053832,Ward 3,2026-07-16
2026-04-07,38.917608,-77.018705,Ward 1,2026-05-23
2026-04-07,38.867016,-76.982719,Ward 8,2026-06-10
2026-04-07,38.889524,-76.987871,Ward 6,
2026-04-07,38.922345,-77.041658,Ward 1,
2026-04-07,38.898326,-76.970777,Ward 5,2026-06-16
2026-04-07,38.942717,-77.045341,Ward 4,2026-05-12
2026-04-07,38.926250,-77.009036,Ward 5,2026-04-20
2026-04-07,38.944175,-77.007213,Ward 5,2026-04-08
2026-04-07,38.944897,-77.007250,Ward 5,2026-04-29
2026-04-07,38.899393,-77.014909,Ward 6,2026-04-08
2026-04-08,38.893355,-77.014032,Ward 6,2026-09-11
2026-04-08,38.977128,-77.026233,Ward 4,2026-04-09
2026-04-08,38.976093,-77.028164,Ward 4,2026-04-08
2026-04-08,38.895550,-76.984552,Ward 6,2026-04-08
2026-04-08,38.927873,-76.989294,Ward 5,2026-06-17
2026-04-08,38.899453,-76.984299,Ward 6,2026-04-08
2026-04-08,38.956157,-77.089344,Ward 3,2026-05-08
2026-04-08,38.930933,-76.990621,Ward 5,2026-06-18
2026-04-08,38.924541,-77.032220,Ward 1,2026-05-08
2026-04-08,38.902916,-77.028463,Ward 2,2026-07-27
2026-04-08,38.922512,-77.032505,Ward 1,2026-06-09
2026-04-08,38.907394,-77.022174,Ward 2,
2026-04-08,38.914697,-77.086523,Ward 3,2026-04-08
2026-04-08,38.887225,-76.949437,Ward 7,2026-04-13
2026-04-08,38.923033,-77.034021,Ward 1,2026-06-01
2026-04-08,38.878555,-76.991335,Ward 6,2026-06-09
2026-04-08,38.931727,-77.032132,Ward 1,2026-04-21
2026-04-08,38.839643,-76.994824,Ward 8,2026-04-08
2026-04-08,38.887132,-76.949361,Ward 7,2026-04-14
2026-04-08,38.892317,-76.925970,Ward 7,2026-04-08
2026-04-08,38.933737,-77.026226,Ward 1,2026-04-20
2026-04-08,38.899024,-77.020287,Ward 2,2026-06-09
2026-04-08,38.857188,-76.985401,Ward 8,2026-04-09
2026-04-08,38.922759,-77.033769,Ward 1,2026-06-08
2026-04-08,38.978232,-77.026767,Ward 4,2026-04-09
2026-04-08,38.977128,-77.026233,Ward 4,2026-04-09
2026-04-08,38.977128,-77.026233,Ward 4,2026-04-09
2026-04-08,38.861631,-76.959959,Ward 7,2026-04-09
2026-04-09,38.888830,-76.993573,Ward 6,2026-06-13
2026-04-09,38.914462,-77.031953,Ward 2,2026-04-20
2026-04-09,38.900430,-77.001645,Ward 6,2026-04-09
2026-04-09,38.908045,-77.009747,Ward 5,2026-08-28
2026-04-09,38.909783,-77.031452,Ward 2,
2026-04-09,38.937759,-77.029414,Ward 4,2026-04-09
2026-04-09,38.930307,-77.019830,Ward 1,
2026-04-09,38.933017,-77.023801,Ward 1,2026-05-22
2026-04-09,38.939740,-77.026238,Ward 4,2026-04-28
2026-04-09,38.882267,-76.931393,Ward 7,2026-04-09
2026-04-09,38.860407,-76.989119,Ward 8,2026-04-09
2026-04-09,38.897833,-77.031959,Ward 2,2026-04-20
2026-04-09,38.949634,-76.988584,Ward 5,2026-05-08
2026-04-09,38.902526,-77.049977,Ward 2,2026-04-20
2026-04-09,38.903327,-77.026297,Ward 2,
2026-04-09,38.926488,-77.074919,Ward 3,2026-08-05
2026-04-09,38.926381,-77.074428,Ward 3,2026-08-05
2026-04-09,38.926441,-77.073504,Ward 3,2026-04-10
2026-04-09,38.920392,-77.002344,Ward 5,2026-04-09
2026-04-09,38.937176,-77.096726,Ward 3,2026-04-17
2026-04-09,38.856367,-76.975147,Ward 8,2026-04-15
2026-04-09,38.934088,-77.102576,Ward 3,2026-04-30
2026-04-09,38.930932,-77.027135,Ward 1,2026-04-15
2026-04-09,38.904003,-77.013617,Ward 6,2026-04-21
2026-04-09,38.925331,-77.080284,Ward 3,2026-04-30
2026-04-09,38.892089,-76.945694,Ward 7,2026-09-04
2026-04-09,38.919167,-77.071016,Ward 3,2026-08-05
2026-04-09,38.916440,-77.074045,Ward 2,2026-07-23
2026-04-09,38.910299,-77.085423,Ward 3,2026-04-10
2026-04-09,38.940601,-77.092846,Ward 3,2026-04-10
2026-04-09,38.910136,-77.085531,Ward 3,2026-05-20
2026-04-09,38.906602,-77.006180,Ward 6,2026-04-10
2026-04-09,38.925075,-77.077045,Ward 3,2026-08-05
2026-04-09,38.920907,-77.073527,Ward 3,2026-08-05
2026-04-09,38.931952,-77.109805,Ward 3,2026-04-10
2026-04-09,38.936334,-77.058675,Ward 3,2026-04-10
2026-04-09,38.924891,-77.068646,Ward 3,2026-05-28
2026-04-09,38.946517,-77.083163,Ward 3,2026-05-22
2026-04-09,38.929657,-77.029709,Ward 1,2026-04-10
2026-04-09,38.978232,-77.026767,Ward 4,2026-04-10
2026-04-09,38.976016,-77.027333,Ward 4,2026-07-09
2026-04-09,38.916095,-77.014690,Ward 1,2026-04-10
2026-04-09,38.916452,-77.013716,Ward 5,
2026-04-09,38.916144,-77.014157,Ward 5,2026-07-23
2026-04-10,38.936836,-77.100453,Ward 3,2026-04-10
2026-04-10,38.977128,-77.026233,Ward 4,2026-04-10
2026-04-10,38.920064,-77.031941,Ward 1,2026-04-10
2026-04-10,38.909497,-77.041008,Ward 2,2026-08-27
2026-04-10,38.976093,-77.028164,Ward 4,2026-04-10
2026-04-10,38.977128,-77.026233,Ward 4,2026-04-10
2026-04-10,38.907022,-77.057221,Ward 2,
2026-04-10,38.894619,-76.959297,Ward 7,2026-04-14
2026-04-10,38.928684,-77.034638,Ward 1,
2026-04-10,38.918840,-77.032356,Ward 1,2026-06-03
2026-04-10,38.930932,-77.027135,Ward 1,2026-05-04
2026-04-10,38.900205,-77.031956,Ward 2,2026-05-21
2026-04-10,38.902181,-77.041236,Ward 2,2026-04-20
2026-04-10,38.920899,-77.034733,Ward 1,2026-06-11
2026-04-10,38.857368,-76.985688,Ward 8,2026-04-10
2026-04-10,38.922921,-77.040403,Ward 1,2026-06-11
2026-04-10,38.916144,-77.014157,Ward 5,2026-04-10
2026-04-10,38.872006,-76.961019,Ward 7,2026-04-13
2026-04-10,38.863516,-76.988606,Ward 8,2026-04-15
2026-04-10,38.911360,-77.016358,Ward 5,
2026-04-10,38.918250,-77.038921,Ward 1,2026-09-01
2026-04-10,38.911971,-77.015982,Ward 5,2026-04-10
2026-04-10,38.922938,-77.039632,Ward 1,2026-06-11
2026-04-10,38.934743,-77.031150,Ward 1,2026-05-21
2026-04-10,38.905133,-77.053526,Ward 2,2026-08-17
2026-04-10,38.916191,-77.014167,Ward 5,
2026-04-11,38.978232,-77.026767,Ward 4,2026-04-13
2026-04-11,38.905499,-77.001787,Ward 6,2026-04-13
2026-04-11,38.867474,-77.010306,Ward 6,2026-04-13
2026-04-11,38.867474,-77.010306,Ward 6,2026-04-13
2026-04-11,38.943058,-77.006597,Ward 5,
2026-04-11,38.944948,-77.006488,Ward 5,
2026-04-11,38.905645,-77.002040,Ward 6,2026-04-13
2026-04-11,38.875123,-76.999893,Ward 8,2026-04-14
2026-04-11,38.902621,-76.986401,Ward 5,2026-05-21
2026-04-11,38.886685,-76.923389,Ward 7,2026-04-13
2026-04-11,38.970147,-77.025597,Ward 4,2026-06-01
2026-04-11,38.978232,-77.026767,Ward 4,2026-04-13
2026-04-11,38.976093,-77.028164,Ward 4,2026-04-13
2026-04-11,38.977128,-77.026233,Ward 4,2026-04-13
2026-04-11,38.976166,-77.015741,Ward 4,2026-04-13
2026-04-11,38.977128,-77.026233,Ward 4,2026-04-13
2026-04-11,38.911388,-77.009477,Ward 5,2026-04-20
2026-04-12,38.917678,-77.038697,Ward 1,2026-05-22
2026-04-12,38.913727,-77.066685,Ward 2,2026-08-12
2026-04-12,38.927830,-77.083194,Ward 3,2026-04-13
2026-04-12,38.895542,-76.988551,Ward 6,2026-04-13
2026-04-12,38.980801,-77.030430,Ward 4,2026-04-13
2026-04-12,38.878573,-77.013551,Ward 6,2026-04-13
2026-04-12,38.905446,-77.002355,Ward 6,2026-04-13
2026-04-12,38.976166,-77.015741,Ward 4,2026-04-13
2026-04-12,38.976166,-77.015741,Ward 4,2026-07-08
2026-04-12,38.976166,-77.015741,Ward 4,2026-07-08
2026-04-12,38.876480,-77.002038,Ward 8,2026-04-13
2026-04-12,38.927526,-77.087427,Ward 3,2026-04-13
2026-04-12,38.927864,-77.082617,Ward 3,
2026-04-12,38.905645,-77.002040,Ward 6,2026-04-13
2026-04-12,38.895438,-76.988310,Ward 6,2026-04-13
2026-04-12,38.907603,-77.034295,Ward 2,2026-07-09
2026-04-12,38.926818,-77.035634,Ward 1,2026-06-08
2026-04-12,38.925192,-77.041051,Ward 1,2026-05-22
2026-04-12,38.922293,-77.043174,Ward 1,2026-05-22
2026-04-12,38.947344,-77.034792,Ward 4,2026-04-13
2026-04-12,38.879470,-77.019380,Ward 6,2026-04-15
2026-04-13,38.978232,-77.026767,Ward 4,2026-04-13
2026-04-13,38.924945,-77.039149,Ward 1,2026-04-13
2026-04-13,38.924945,-77.039149,Ward 1,2026-04-29
2026-04-13,38.924799,-77.035390,Ward 1,2026-04-17
2026-04-13,38.921110,-77.043704,Ward 1,2026-05-22
2026-04-13,38.925747,-77.028375,Ward 1,
2026-04-13,38.925606,-77.026441,Ward 1,2026-05-23
2026-04-13,38.925966,-77.066611,Ward 3,2026-04-13
2026-04-13,38.976093,-77.028164,Ward 4,2026-04-13
2026-04-13,38.926144,-77.022806,Ward 1,2026-06-26
2026-04-13,38.976016,-77.027333,Ward 4,2026-04-13
2026-04-13,38.867148,-76.945428,Ward 7,2026-04-13
2026-04-13,38.918264,-77.012382,Ward 5,2026-06-02
2026-04-13,38.919303,-77.013789,Ward 5,2026-06-01
2026-04-13,38.918338,-77.012864,Ward 5,2026-06-03
2026-04-13,38.919031,-77.012416,Ward 5,2026-06-10
2026-04-13,38.909838,-77.012599,Ward 5,2026-05-29
2026-04-13,38.897436,-76.975848,Ward 7,2026-04-15
2026-04-13,38.871178,-76.975805,Ward 8,2026-04-13
2026-04-13,38.939552,-77.038344,Ward 4,2026-07-06
2026-04-13,38.905698,-77.071201,Ward 2,2026-04-13
2026-04-13,38.935779,-77.031554,Ward 1,2026-04-13
2026-04-13,38.864979,-76.981252,Ward 8,2026-04-13
2026-04-13,38.986721,-77.044774,Ward 4,2026-05-29
2026-04-13,38.986537,-77.045006,Ward 4,2026-04-13
2026-04-13,38.964432,-77.007276,Ward 4,2026-04-13
2026-04-13,38.926407,-77.040454,Ward 1,2026-08-21
2026-04-13,38.884859,-77.016735,Ward 6,2026-04-15
2026-04-13,38.881474,-77.020214,Ward 6,
2026-04-13,38.886261,-76.926011,Ward 7,2026-04-13
2026-04-13,38.897052,-77.017523,Ward 6,2026-04-14
2026-04-13,38.897328,-76.975711,Ward 7,2026-04-14
2026-04-14,38.897249,-76.975517,Ward 7,2026-04-14
2026-04-14,38.941273,-77.036055,Ward 4,2026-04-22
2026-04-14,38.930095,-77.038138,Ward 1,
2026-04-14,38.959283,-77.036396,Ward 4,2026-06-09
2026-04-14,38.916993,-77.007267,Ward 5,2026-04-15
2026-04-14,38.905520,-77.050720,Ward 2,2026-04-21
2026-04-14,38.900196,-76.976855,Ward 5,2026-06-11
2026-04-14,38.907105,-77.018682,Ward 2,2026-04-28
2026-04-14,38.900842,-76.950456,Ward 7,2026-08-31
2026-04-14,38.860217,-76.989009,Ward 8,2026-06-26
2026-04-14,38.859306,-76.988727,Ward 8,2026-04-15
2026-04-14,38.923128,-77.021619,Ward 1,2026-04-23
2026-04-14,38.919167,-77.071016,Ward 3,2026-05-20
2026-04-14,38.863742,-76.946759,Ward 7,2026-04-15
2026-04-14,38.933082,-77.084841,Ward 3,2026-04-28
2026-04-14,38.953146,-77.080476,Ward 3,2026-05-19
2026-04-15,38.978232,-77.026767,Ward 4,2026-04-15
2026-04-15,38.943400,-77.085999,Ward 3,2026-04-22
2026-04-15,38.976093,-77.028164,Ward 4,2026-04-15
2026-04-15,38.977128,-77.026233,Ward 4,2026-04-15
2026-04-15,38.977128,-77.026233,Ward 4,2026-04-15
2026-04-15,38.976016,-77.027333,Ward 4,2026-05-12
2026-04-15,38.916141,-77.022943,Ward 1,
2026-04-15,38.902806,-77.043044,Ward 2,2026-04-21
2026-04-15,38.895065,-76.917494,Ward 7,2026-05-19
2026-04-15,38.947441,-77.024535,Ward 4,2026-04-15
2026-04-15,38.829999,-77.009342,Ward 8,2026-04-15
2026-04-15,38.896872,-76.987646,Ward 6,2026-04-15
2026-04-15,38.946606,-77.007435,Ward 5,2026-05-07
2026-04-15,38.905103,-76.977079,Ward 5,2026-05-08
2026-04-15,38.950263,-77.025236,Ward 4,2026-04-15
2026-04-15,38.912422,-77.015874,Ward 5,2026-04-15
2026-04-15,38.926355,-77.106702,Ward 3,2026-04-23
2026-04-15,38.905002,-76.985275,Ward 5,
2026-04-15,38.895134,-76.919373,Ward 7,2026-04-15
2026-04-15,38.905449,-76.998626,Ward 6,2026-04-20
2026-04-15,38.939740,-77.026238,Ward 4,2026-07-06
2026-04-15,38.903517,-77.036955,Ward 2,2026-04-24
2026-04-15,38.954336,-77.069425,Ward 3,2026-05-22
2026-04-16,38.933673,-77.023631,Ward 1,2026-05-08
2026-04-16,38.881271,-77.002043,Ward 6,2026-07-06
2026-04-16,38.939838,-76.992431,Ward 5,2026-04-24
2026-04-16,38.890291,-76.920635,Ward 7,2026-04-20
2026-04-16,38.878555,-76.991335,Ward 6,2026-04-20
2026-04-16,38.844339,-76.978640,Ward 8,2026-05-23
2026-04-16,38.959217,-77.079878,Ward 3,2026-04-17
2026-04-16,38.961711,-77.073237,Ward 3,2026-04-17
2026-04-16,38.961711,-77.073237,Ward 3,2026-04-17
2026-04-17,38.908349,-77.009697,Ward 5,2026-07-01
2026-04-17,38.889009,-76.990673,Ward 6,
2026-04-17,38.902216,-76.987232,Ward 5,2026-04-17
2026-04-17,38.905933,-77.005608,Ward 6,2026-04-20
2026-04-17,38.905342,-77.015925,Ward 2,2026-06-12
2026-04-17,38.916191,-77.014167,Ward 5,2026-05-13
2026-04-17,38.919185,-77.031951,Ward 1,2026-04-20
2026-04-18,38.931727,-77.032132,Ward 1,2026-04-29
2026-04-18,38.933737,-77.026226,Ward 1,2026-04-20
2026-04-18,38.930450,-77.036458,Ward 1,2026-06-03
2026-04-18,38.868977,-76.981019,Ward 8,2026-04-20
2026-04-18,38.954938,-77.068829,Ward 3,2026-07-07
2026-04-18,38.904003,-77.013617,Ward 6,2026-04-20
2026-04-18,38.959634,-77.007009,Ward 4,2026-04-21
2026-04-19,38.906972,-77.026221,Ward 2,2026-04-20
2026-04-19,38.960583,-77.000730,Ward 4,2026-04-28
2026-04-19,38.899927,-76.925338,Ward 7,2026-04-20
2026-04-19,38.899891,-76.925091,Ward 7,2026-04-20
2026-04-19,38.926946,-77.039824,Ward 1,
2026-04-19,38.898628,-77.022188,Ward 2,2026-06-30
2026-04-19,38.913149,-77.016649,Ward 5,2026-06-03
2026-04-19,38.912922,-77.016367,Ward 5,2026-06-05
2026-04-19,38.912812,-77.015392,Ward 5,2026-06-04
2026-04-19,38.912421,-77.016397,Ward 5,2026-06-03
2026-04-19,38.911270,-77.015461,Ward 5,2026-05-20
2026-04-19,38.909780,-77.014861,Ward 5,2026-06-03
2026-04-19,38.908712,-77.019152,Ward 2,2026-05-28
2026-04-19,38.901968,-76.987384,Ward 5,2026-05-12
2026-04-19,38.924141,-76.966764,Ward 5,2026-05-26
2026-04-19,38.932541,-77.068634,Ward 3,2026-04-21
2026-04-19,38.931650,-77.044900,Ward 1,2026-05-22
2026-04-19,38.875123,-76.999893,Ward 8,
2026-04-19,38.937169,-77.032391,Ward 4,2026-08-10
2026-04-19,38.978360,-77.018579,Ward 4,2026-04-21
2026-04-20,38.976016,-77.027333,Ward 4,2026-05-12
2026-04-20,38.978232,-77.026767,Ward 4,2026-04-21
2026-04-20,38.976093,-77.028164,Ward 4,2026-04-21
2026-04-20,38.899577,-76.923657,Ward 7,2026-04-21
2026-04-20,38.910412,-77.015456,Ward 5,2026-06-01
2026-04-20,38.936599,-76.991116,Ward 5,2026-05-05
2026-04-20,38.933696,-76.991236,Ward 5,2026-05-08
2026-04-20,38.926690,-76.990785,Ward 5,2026-09-09
2026-04-20,38.857451,-76.982309,Ward 8,2026-04-21
2026-04-20,38.924470,-77.079318,Ward 3,2026-04-22
2026-04-20,38.942469,-76.992388,Ward 5,2026-05-08
2026-04-20,38.936372,-76.991150,Ward 5,
2026-04-20,38.941558,-76.974946,Ward 5,2026-04-22
2026-04-20,38.941991,-76.993529,Ward 5,2026-05-08
2026-04-20,38.940881,-76.992871,Ward 5,2026-06-26
2026-04-20,38.941944,-76.992373,Ward 5,2026-05-28
2026-04-20,38.941295,-76.992868,Ward 5,2026-05-27
2026-04-20,38.942013,-76.992387,Ward 5,
2026-04-20,38.942356,-76.992887,Ward 5,2026-05-05
2026-04-20,38.913881,-77.033361,Ward 2,2026-04-22
2026-04-20,38.894951,-76.994353,Ward 6,2026-04-20
2026-04-20,38.903739,-77.014168,Ward 6,2026-04-21
2026-04-20,38.916965,-76.972217,Ward 5,2026-05-07
2026-04-20,38.913727,-77.066685,Ward 2,2026-05-23
2026-04-20,38.909656,-77.055592,Ward 2,2026-04-28
2026-04-20,38.907376,-77.003270,Ward 6,2026-04-21
2026-04-20,38.923698,-77.093978,Ward 3,2026-05-04
2026-04-20,38.939849,-76.978065,Ward 5,2026-05-01
2026-04-20,38.885883,-76.941361,Ward 7,2026-04-21
2026-04-20,38.924822,-77.038976,Ward 1,2026-04-21
2026-04-20,38.892086,-77.015232,Ward 6,2026-06-16
2026-04-20,38.903925,-77.020575,Ward 2,2026-07-01
2026-04-20,38.882426,-76.991353,Ward 6,2026-04-27
2026-04-20,38.904475,-77.016480,Ward 6,2026-04-21
2026-04-21,38.927454,-77.039976,Ward 1,
2026-04-21,38.941631,-76.989036,Ward 5,2026-06-11
2026-04-21,38.867139,-76.944530,Ward 7,2026-08-13
2026-04-21,38.858994,-76.988576,Ward 8,2026-07-30
2026-04-21,38.858652,-76.987028,Ward 8,2026-08-04
2026-04-21,38.859182,-76.988877,Ward 8,
2026-04-21,38.930227,-76.957607,Ward 5,
2026-04-21,38.851648,-77.002014,Ward 8,2026-04-28
2026-04-21,38.857549,-76.985974,Ward 8,2026-04-22
2026-04-21,38.857590,-76.985735,Ward 8,2026-04-23
2026-04-21,38.857539,-76.985639,Ward 8,2026-04-22
2026-04-21,38.857144,-76.985661,Ward 8,2026-04-22
2026-04-21,38.857355,-76.985191,Ward 8,2026-04-23
2026-04-21,38.857188,-76.985401,Ward 8,2026-05-05
2026-04-21,38.857861,-76.984587,Ward 8,2026-05-05
2026-04-21,38.826782,-77.008238,Ward 8,2026-05-05
2026-04-21,38.943846,-77.054928,Ward 3,2026-08-12
2026-04-21,38.954026,-77.023063,Ward 4,2026-04-21
2026-04-21,38.858439,-76.984986,Ward 8,2026-04-22
2026-04-21,38.904360,-76.981431,Ward 5,
2026-04-21,38.859112,-76.986375,Ward 8,2026-04-22
2026-04-21,38.893734,-76.985153,Ward 6,
2026-04-21,38.859496,-76.986937,Ward 8,2026-04-22
2026-04-21,38.859464,-76.987206,Ward 8,2026-04-23
2026-04-21,38.860406,-76.988027,Ward 8,2026-04-22
2026-04-21,38.860477,-76.988134,Ward 8,2026-04-22
2026-04-21,38.860660,-76.988550,Ward 8,2026-04-22
2026-04-21,38.875128,-76.961100,Ward 7,2026-04-22
2026-04-21,38.952157,-77.096766,Ward 3,2026-05-19
2026-04-21,38.902599,-76.970667,Ward 5,2026-04-22
2026-04-21,38.883945,-76.981019,Ward 7,2026-05-18
2026-04-21,38.941092,-77.021394,Ward 4,2026-04-22
2026-04-21,38.910179,-77.028083,Ward 2,2026-05-01
2026-04-21,38.904836,-76.941444,Ward 7,2026-04-22
2026-04-21,38.939838,-76.992431,Ward 5,2026-04-22
2026-04-22,38.976093,-77.028164,Ward 4,2026-04-28
2026-04-22,38.978232,-77.026767,Ward 4,2026-04-23
2026-04-22,38.879991,-76.939941,Ward 7,
2026-04-22,38.930095,-77.038138,Ward 1,2026-05-20
2026-04-22,38.917807,-77.006887,Ward 5,2026-05-21
2026-04-22,38.894429,-77.023506,Ward 2,2026-04-23
2026-04-22,38.922713,-77.034273,Ward 1,
2026-04-22,38.930330,-76.975831,Ward 5,2026-06-03
2026-04-22,38.872791,-77.009502,Ward 6,2026-04-23
2026-04-22,38.904368,-76.979791,Ward 5,2026-04-28
2026-04-22,38.866108,-76.945538,Ward 7,
2026-04-22,38.907246,-77.050101,Ward 2,2026-07-27
2026-04-22,38.905652,-77.065032,Ward 2,2026-08-13
2026-04-22,38.884223,-77.006157,Ward 6,2026-04-22
2026-04-22,38.887139,-76.950418,Ward 7,2026-04-23
2026-04-22,38.894191,-76.954565,Ward 7,2026-08-11
2026-04-22,38.904736,-76.983675,Ward 5,2026-04-22
2026-04-22,38.954135,-77.018922,Ward 4,2026-04-22
2026-04-22,38.926999,-77.021822,Ward 1,2026-04-22
2026-04-22,38.863192,-76.990923,Ward 8,2026-04-23
2026-04-22,38.869956,-76.941516,Ward 7,2026-04-24
2026-04-22,38.982160,-77.026974,Ward 4,2026-04-23
2026-04-22,38.925502,-77.032316,Ward 1,2026-06-30
2026-04-22,38.919185,-77.031951,Ward 1,2026-04-24
2026-04-22,38.897312,-76.941155,Ward 7,2026-04-23
2026-04-22,38.897842,-77.029980,Ward 2,
2026-04-22,38.879842,-77.010335,Ward 6,2026-07-27
2026-04-22,38.956805,-77.007609,Ward 4,2026-05-21
2026-04-22,38.926355,-77.106702,Ward 3,2026-04-23
2026-04-22,38.961659,-77.009712,Ward 4,2026-04-23
2026-04-22,38.865061,-76.989472,Ward 8,2026-04-23
2026-04-22,38.918251,-77.028293,Ward 1,2026-06-30
2026-04-22,38.919340,-76.986312,Ward 5,2026-04-24
2026-04-22,38.893877,-77.023975,Ward 2,2026-07-09
2026-04-22,38.930095,-77.038138,Ward 1,2026-04-30
2026-04-22,38.923763,-77.032143,Ward 1,2026-06-30
2026-04-23,38.978232,-77.026767,Ward 4,2026-07-28
2026-04-23,38.976093,-77.028164,Ward 4,2026-07-27
2026-04-23,38.977128,-77.026233,Ward 4,2026-04-24
2026-04-23,38.913551,-77.037945,Ward 2,2026-04-24
2026-04-23,38.887574,-76.949247,Ward 7,2026-04-23
2026-04-23,38.921473,-77.001020,Ward 5,2026-06-25
2026-04-23,38.898083,-76.981768,Ward 7,2026-04-29
2026-04-23,38.902181,-77.041236,Ward 2,2026-07-09
2026-04-23,38.918251,-77.028293,Ward 1,2026-06-30
2026-04-23,38.882332,-76.991090,Ward 6,2026-04-29
2026-04-23,38.929913,-77.027985,Ward 1,
2026-04-23,38.825397,-77.010754,Ward 8,2026-04-23
2026-04-23,38.905789,-77.061366,Ward 2,2026-04-27
2026-04-23,38.894429,-77.023506,Ward 2,2026-04-24
2026-04-23,38.845518,-76.984240,Ward 8,2026-08-31
2026-04-23,38.920704,-77.028085,Ward 1,2026-06-24
2026-04-23,38.931802,-77.090747,Ward 3,
2026-04-23,38.927348,-77.077301,Ward 3,2026-04-29
2026-04-23,38.938867,-77.069622,Ward 3,2026-07-11
2026-04-23,38.830790,-77.011237,Ward 8,2026-04-27
2026-04-23,38.912367,-77.059464,Ward 2,2026-04-29
2026-04-23,38.901640,-77.043868,Ward 2,2026-07-23
2026-04-23,38.934822,-77.087650,Ward 3,2026-04-29
2026-04-23,38.919936,-77.033400,Ward 1,
2026-04-23,38.927477,-77.039683,Ward 1,2026-04-30
2026-04-23,38.869477,-76.966753,Ward 7,2026-07-02
2026-04-23,38.919129,-77.034609,Ward 1,2026-06-24
2026-04-23,38.921455,-77.035214,Ward 1,
2026-04-23,38.904097,-77.063248,Ward 2,2026-08-13
2026-04-23,38.873304,-76.970966,Ward 8,2026-04-29
2026-04-24,38.913032,-77.026765,Ward 2,2026-07-08
2026-04-24,38.978232,-77.026767,Ward 4,2026-04-24
2026-04-24,38.967798,-77.026441,Ward 4,2026-07-31
2026-04-24,38.977128,-77.026233,Ward 4,2026-04-24
2026-04-24,38.977128,-77.026233,Ward 4,2026-04-24
2026-04-24,38.923590,-77.008747,Ward 5,2026-04-24
2026-04-24,38.895943,-76.918035,Ward 7,2026-04-27
2026-04-24,38.893433,-76.939199,Ward 7,2026-04-27
2026-04-24,38.845311,-77.003107,Ward 8,2026-04-24
2026-04-24,38.949634,-76.986969,Ward 5,
2026-04-24,38.908078,-77.065880,Ward 2,2026-08-13
2026-04-24,38.927813,-76.982551,Ward 5,2026-04-27
2026-04-24,38.902348,-76.930285,Ward 7,2026-04-24
2026-04-24,38.896105,-77.031962,Ward 2,
2026-04-24,38.917972,-77.031509,Ward 1,2026-04-27
2026-04-24,38.922305,-77.094713,Ward 3,2026-04-27
2026-04-24,38.901392,-76.949107,Ward 7,2026-07-29
2026-04-24,38.937147,-76.966261,Ward 5,2026-07-23
2026-04-24,38.865707,-76.969624,Ward 7,2026-04-27
2026-04-24,38.931139,-76.976225,Ward 5,2026-08-10
2026-04-24,38.925943,-77.026489,Ward 1,2026-05-28
2026-04-24,38.867698,-76.947573,Ward 7,2026-04-28
2026-04-24,38.929130,-77.085171,Ward 3,2026-07-23
2026-04-24,38.881459,-76.981391,Ward 6,2026-04-24
2026-04-24,38.918725,-77.028291,Ward 1,2026-06-30
2026-04-24,38.917002,-77.034532,Ward 2,2026-04-28
2026-04-24,38.918266,-77.038867,Ward 1,2026-09-01
2026-04-24,38.913032,-77.026765,Ward 2,2026-07-08
2026-04-24,38.937922,-77.032419,Ward 4,2026-04-27
2026-04-24,38.957971,-77.088951,Ward 3,2026-04-30
2026-04-24,38.960791,-77.064712,Ward 4,2026-04-27
2026-04-25,38.879842,-77.010335,Ward 6,2026-04-29
2026-04-25,38.978232,-77.026767,Ward 4,2026-04-28
2026-04-25,38.981747,-77.027208,Ward 4,2026-04-27
2026-04-25,38.932304,-76.973967,Ward 5,
2026-04-25,38.979655,-77.025910,Ward 4,2026-04-27
2026-04-25,38.890769,-76.950631,Ward 7,2026-07-29
2026-04-25,38.910863,-77.068481,Ward 2,2026-08-12
2026-04-25,38.987553,-77.042050,Ward 4,2026-09-09
2026-04-26,38.978232,-77.026767,Ward 4,2026-04-28
2026-04-26,38.902176,-77.039833,Ward 2,2026-04-27
2026-04-26,38.962076,-77.073928,Ward 3,2026-04-27
2026-04-26,38.962076,-77.073928,Ward 3,2026-04-27
2026-04-26,38.897845,-76.990506,Ward 6,2026-04-28
2026-04-27,38.921223,-77.045998,Ward 1,2026-04-27
2026-04-27,38.951733,-77.073775,Ward 3,2026-04-27
2026-04-27,38.978232,-77.026767,Ward 4,2026-04-28
2026-04-27,38.911270,-77.015461,Ward 5,2026-04-27
2026-04-27,38.977128,-77.026233,Ward 4,2026-04-28
2026-04-27,38.976093,-77.028164,Ward 4,2026-04-28
2026-04-27,38.933220,-76.981421,Ward 5,2026-04-29
2026-04-27,38.924180,-77.025289,Ward 1,2026-07-27
2026-04-27,38.940420,-77.063350,Ward 3,2026-04-28
2026-04-27,38.949041,-77.018951,Ward 4,2026-04-27
2026-04-27,38.888108,-76.989194,Ward 6,2026-04-27
2026-04-27,38.846762,-77.001235,Ward 8,2026-04-27
2026-04-27,38.923940,-77.000850,Ward 5,2026-04-27
2026-04-27,38.958183,-76.994778,Ward 4,2026-04-27
2026-04-27,38.890770,-76.958673,Ward 7,2026-04-27
2026-04-27,38.897839,-77.026482,Ward 2,
2026-04-27,38.910239,-76.985707,Ward 5,2026-07-23
2026-04-27,38.934019,-77.041019,Ward 1,2026-04-27
2026-04-27,38.883667,-77.013682,Ward 6,2026-04-28
2026-04-27,38.896622,-76.917463,Ward 7,2026-07-16
2026-04-27,38.903715,-76.943411,Ward 7,2026-04-28
2026-04-27,38.902758,-76.996589,Ward 6,2026-07-15
2026-04-27,38.915055,-77.049796,Ward 2,
2026-04-27,38.954718,-76.999529,Ward 5,
2026-04-27,38.889320,-76.934374,Ward 7,2026-08-04
2026-04-28,38.901336,-77.034593,Ward 2,2026-05-01
2026-04-28,38.897832,-76.980898,Ward 7,2026-04-28
2026-04-28,38.898125,-77.003509,Ward 6,2026-04-30
2026-04-28,38.934480,-77.006073,Ward 5,2026-04-29
2026-04-28,38.934480,-77.006073,Ward 5,2026-04-30
2026-04-28,38.889097,-76.934202,Ward 7,2026-08-04
2026-04-28,38.929150,-77.026925,Ward 1,2026-04-28
2026-04-28,38.900379,-76.976425,Ward 5,2026-05-21
2026-04-28,38.901557,-77.009633,Ward 6,2026-04-30
2026-04-28,38.903876,-76.979562,Ward 5,2026-04-28
2026-04-28,38.874472,-77.011889,Ward 6,2026-04-28
2026-04-28,38.903711,-76.940067,Ward 7,2026-04-28
2026-04-28,38.899974,-77.039806,Ward 2,2026-05-05
2026-04-28,38.904235,-76.928303,Ward 7,2026-04-29
2026-04-28,38.949574,-77.026337,Ward 4,2026-05-08
2026-04-28,38.827978,-77.009031,Ward 8,2026-04-29
2026-04-28,38.885796,-76.921926,Ward 7,2026-04-29
2026-04-28,38.862385,-76.990064,Ward 8,2026-04-29
2026-04-28,38.862550,-76.990452,Ward 8,2026-05-06
2026-04-28,38.863318,-76.991221,Ward 8,2026-04-29
2026-04-28,38.916144,-77.014157,Ward 5,2026-08-28
2026-04-28,38.897845,-76.990506,Ward 6,2026-05-08
2026-04-28,38.908724,-77.015605,Ward 5,2026-04-28
2026-04-28,38.951247,-77.083054,Ward 3,2026-07-23
2026-04-28,38.948072,-77.079460,Ward 3,2026-09-01
2026-04-29,38.900611,-76.947946,Ward 7,2026-04-29
2026-04-29,38.903038,-77.049294,Ward 2,
2026-04-29,38.903307,-76.926624,Ward 7,
2026-04-29,38.899268,-77.011194,Ward 6,2026-06-29
2026-04-29,38.945514,-76.990498,Ward 5,2026-04-30
2026-04-29,38.946529,-77.017583,Ward 4,2026-04-29
2026-04-29,38.831079,-77.011498,Ward 8,2026-05-08
2026-04-29,38.840949,-76.988936,Ward 8,2026-04-29
2026-04-29,38.954371,-76.991331,Ward 5,2026-06-11
2026-04-29,38.902493,-76.927417,Ward 7,
2026-04-29,38.949747,-77.054766,Ward 3,2026-07-16
2026-04-29,38.895736,-76.983872,Ward 6,2026-04-30
2026-04-29,38.954379,-77.033739,Ward 4,2026-05-08
2026-04-29,38.953483,-77.080545,Ward 3,2026-04-30
2026-04-29,38.971048,-77.015949,Ward 4,2026-07-27
2026-04-29,38.917158,-77.026821,Ward 1,
2026-04-30,38.883667,-77.013682,Ward 6,2026-05-06
2026-04-30,38.949962,-77.070105,Ward 3,2026-04-30
2026-04-30,38.903170,-77.035928,Ward 2,2026-05-04
2026-04-30,38.897354,-77.044910,Ward 2,2026-07-09
2026-04-30,38.919971,-77.081655,Ward 3,
2026-04-30,38.924520,-77.081319,Ward 3,2026-05-01
2026-04-30,38.946495,-77.076777,Ward 3,2026-07-07
2026-04-30,38.924520,-77.081319,Ward 3,2026-05-04
2026-04-30,38.949921,-77.061411,Ward 3,2026-08-25
2026-04-30,38.949842,-77.062152,Ward 3,2026-05-04
2026-04-30,38.948304,-77.055072,Ward 3,2026-07-16
2026-04-30,38.947571,-77.058161,Ward 3,2026-05-04
2026-04-30,38.947571,-77.058161,Ward 3,2026-06-09
2026-04-30,38.856613,-76.979212,Ward 8,2026-04-30
2026-04-30,38.953133,-77.088934,Ward 3,2026-04-30
2026-04-30,38.949017,-77.082702,Ward 3,2026-07-10
2026-04-30,38.948991,-77.071766,Ward 3,2026-07-10
2026-04-30,38.956809,-77.079564,Ward 3,2026-07-09
2026-04-30,38.948993,-77.071365,Ward 3,2026-07-10
2026-04-30,38.854302,-77.004468,Ward 8,2026-04-30
2026-04-30,38.846692,-76.999516,Ward 8,2026-05-21
2026-04-30,38.867674,-76.976183,Ward 8,2026-04-30
2026-04-30,38.944740,-77.019959,Ward 4,2026-05-04
2026-04-30,38.902007,-77.003284,Ward 6,2026-07-23
2026-04-30,38.872763,-76.978780,Ward 8,2026-08-11
2026-04-30,38.905292,-77.001810,Ward 6,2026-04-30
2026-04-30,38.953490,-77.016980,Ward 4,2026-04-30
2026-04-30,38.901664,-76.936362,Ward 7,2026-04-30
2026-04-30,38.909627,-76.999809,Ward 5,2026-05-01
2026-04-30,38.906230,-76.998336,Ward 6,2026-05-01
2026-04-30,38.902055,-77.051084,Ward 2,2026-06-02
2026-04-30,38.903411,-77.035102,Ward 2,2026-07-09
2026-05-01,38.954336,-77.069425,Ward 3,2026-05-01
2026-05-01,38.874487,-77.009395,Ward 6,2026-05-01
2026-05-01,38.887068,-77.002042,Ward 6,2026-09-09
2026-05-01,38.948910,-77.074401,Ward 3,2026-05-01
2026-05-01,38.926619,-77.037248,Ward 1,2026-06-04
2026-05-01,38.865398,-76.945022,Ward 7,2026-05-04
2026-05-01,38.865398,-76.945022,Ward 7,2026-06-16
2026-05-01,38.864635,-76.949930,Ward 7,2026-05-01
2026-05-01,38.898181,-76.980844,Ward 7,2026-05-01
2026-05-01,38.893250,-76.922423,Ward 7,2026-05-14
2026-05-01,38.825390,-76.996812,Ward 8,2026-05-05
2026-05-01,38.923635,-77.032132,Ward 1,2026-06-29
2026-05-01,38.949998,-77.029002,Ward 4,2026-07-28
2026-05-01,38.862146,-76.987248,Ward 8,2026-05-01
2026-05-01,38.927483,-76.962805,Ward 5,
2026-05-01,38.881614,-76.930462,Ward 7,2026-05-01
2026-05-01,38.902409,-76.929052,Ward 7,2026-05-01
2026-05-01,38.847966,-76.982884,Ward 8,2026-05-01
2026-05-01,38.906602,-77.020551,Ward 2,2026-05-19
2026-05-01,38.854587,-76.986328,Ward 8,2026-05-05
2026-05-01,38.940774,-77.020683,Ward 4,2026-05-01
2026-05-01,38.930095,-77.038138,Ward 1,
2026-05-01,38.936228,-77.025426,Ward 4,2026-05-01
2026-05-01,38.929900,-77.076344,Ward 3,2026-06-01
2026-05-01,38.952069,-77.008701,Ward 5,2026-07-06
2026-05-02,38.976064,-77.019521,Ward 4,2026-05-08
2026-05-02,38.976093,-77.028164,Ward 4,2026-07-27
2026-05-02,38.976016,-77.027333,Ward 4,2026-07-09
2026-05-02,38.903670,-77.024679,Ward 2,2026-05-19
2026-05-02,38.978232,-77.026767,Ward 4,2026-07-27
2026-05-02,38.980690,-77.027586,Ward 4,2026-05-22
2026-05-02,38.898531,-77.051961,Ward 2,2026-06-29
2026-05-02,38.899022,-77.054343,Ward 2,2026-05-20
2026-05-02,38.976016,-77.027333,Ward 4,2026-07-09
2026-05-02,38.976093,-77.028164,Ward 4,2026-07-27
2026-05-02,38.960807,-77.058962,Ward 4,2026-05-22
2026-05-02,38.954943,-77.070206,Ward 3,2026-05-22
2026-05-02,38.910949,-77.020346,Ward 2,2026-05-05
2026-05-02,38.876833,-76.967344,Ward 7,
2026-05-03,38.977128,-77.026233,Ward 4,2026-05-07
2026-05-03,38.975531,-77.027237,Ward 4,2026-05-22
2026-05-03,38.977128,-77.026233,Ward 4,2026-05-07
2026-05-03,38.922144,-77.003733,Ward 5,2026-06-22
2026-05-03,38.942069,-77.087946,Ward 3,2026-06-04
2026-05-03,38.894954,-77.013030,Ward 6,2026-08-04
2026-05-03,38.949913,-77.014496,Ward 4,
2026-05-03,38.943485,-77.068125,Ward 3,
2026-05-03,38.925178,-77.021706,Ward 1,2026-06-04
2026-05-03,38.919870,-77.020973,Ward 1,
2026-05-03,38.978232,-77.026767,Ward 4,2026-05-05
2026-05-03,38.977128,-77.026233,Ward 4,2026-05-05
2026-05-03,38.976016,-77.027333,Ward 4,2026-07-09
2026-05-03,38.975531,-77.027237,Ward 4,2026-07-09
2026-05-03,38.910920,-77.034781,Ward 2,2026-07-06
2026-05-03,38.917545,-77.025749,Ward 1,
2026-05-03,38.976093,-77.028164,Ward 4,2026-05-05
2026-05-03,38.977128,-77.026233,Ward 4,2026-05-04
2026-05-03,38.889538,-77.022077,Ward 2,
2026-05-03,38.909417,-77.040607,Ward 2,
2026-05-03,38.963610,-77.033832,Ward 4,2026-05-04
2026-05-03,38.926045,-77.025549,Ward 1,2026-05-04
2026-05-04,38.979572,-77.027580,Ward 4,2026-05-08
2026-05-04,38.883956,-76.991269,Ward 6,2026-05-04
2026-05-04,38.972696,-77.036370,Ward 4,2026-05-12
2026-05-04,38.901828,-77.023688,Ward 2,2026-05-20
2026-05-04,38.877064,-76.963517,Ward 7,2026-05-05
2026-05-04,38.926525,-77.036488,Ward 1,2026-05-04
2026-05-04,38.898031,-76.985780,Ward 6,2026-05-04
2026-05-04,38.859644,-76.996103,Ward 8,2026-06-11
2026-05-04,38.937345,-77.020360,Ward 4,2026-05-04
2026-05-04,38.830573,-77.012054,Ward 8,2026-05-04
2026-05-04,38.825390,-76.996812,Ward 8,
2026-05-04,38.871668,-76.971170,Ward 8,2026-05-05
2026-05-04,38.942122,-76.980048,Ward 5,2026-05-13
2026-05-04,38.923869,-77.053221,Ward 3,2026-07-28
2026-05-04,38.929768,-77.077052,Ward 3,
2026-05-04,38.918501,-77.044257,Ward 1,2026-05-29
2026-05-04,38.927477,-77.039683,Ward 1,2026-05-12
2026-05-04,38.927454,-77.039976,Ward 1,2026-06-04
2026-05-04,38.935840,-77.028714,Ward 1,2026-05-12
2026-05-04,38.927477,-77.039683,Ward 1,2026-06-04
2026-05-04,38.906438,-77.020162,Ward 2,2026-06-05
2026-05-04,38.905133,-77.053526,Ward 2,2026-08-17
2026-05-04,38.912755,-77.043682,Ward 2,2026-06-26
2026-05-04,38.933510,-77.057314,Ward 3,2026-07-11
2026-05-05,38.942016,-77.062263,Ward 3,
2026-05-05,38.937245,-77.023322,Ward 4,2026-05-05
2026-05-05,38.912919,-77.047588,Ward 2,2026-07-08
2026-05-05,38.974080,-77.068707,Ward 4,2026-08-05
2026-05-05,38.830754,-76.999758,Ward 8,
2026-05-05,38.934034,-77.036034,Ward 1,2026-05-29
2026-05-05,38.876592,-76.961561,Ward 7,2026-05-05
2026-05-05,38.909643,-77.019902,Ward 2,2026-05-19
2026-05-05,38.929892,-76.969725,Ward 5,
2026-05-05,38.888157,-76.950559,Ward 7,2026-05-05
2026-05-05,38.888558,-77.026875,Ward 2,2026-05-05
2026-05-05,38.895304,-76.935762,Ward 7,2026-05-27
2026-05-05,38.896941,-76.918116,Ward 7,2026-05-05
2026-05-05,38.878973,-76.984632,Ward 6,2026-05-05
2026-05-05,38.879629,-77.005594,Ward 6,2026-05-06
2026-05-05,38.870068,-76.966959,Ward 7,2026-05-21
2026-05-05,38.824566,-77.009688,Ward 8,
2026-05-05,38.909556,-77.056721,Ward 2,2026-05-19
2026-05-05,38.933257,-77.057491,Ward 3,2026-05-21
2026-05-06,38.928791,-77.036830,Ward 1,2026-05-08
2026-05-06,38.978232,-77.026767,Ward 4,2026-05-06
2026-05-06,38.910571,-77.068569,Ward 2,2026-08-12
2026-05-06,38.977128,-77.026233,Ward 4,2026-07-28
2026-05-06,38.905967,-76.985788,Ward 5,2026-06-01
2026-05-06,38.906442,-77.019900,Ward 2,2026-05-11
2026-05-06,38.951829,-76.988576,Ward 5,2026-05-07
2026-05-06,38.910955,-77.046339,Ward 2,2026-07-06
2026-05-06,38.891837,-76.984438,Ward 6,2026-05-06
2026-05-06,38.951624,-77.097055,Ward 3,2026-07-15
2026-05-06,38.966993,-77.022664,Ward 4,2026-05-06
2026-05-06,38.900495,-77.008643,Ward 6,2026-05-07
2026-05-06,38.883837,-76.959339,Ward 7,2026-05-21
2026-05-06,38.900747,-77.054701,Ward 2,2026-05-18
2026-05-06,38.867139,-76.944530,Ward 7,2026-05-07
2026-05-06,38.990339,-77.044722,Ward 4,
2026-05-06,38.943846,-77.054928,Ward 3,2026-08-12
2026-05-06,38.921108,-77.008424,Ward 5,2026-05-26
2026-05-06,38.924594,-77.059148,Ward 3,2026-07-28
2026-05-06,38.927280,-77.062508,Ward 3,
2026-05-06,38.865398,-76.945022,Ward 7,
2026-05-06,38.962080,-77.069726,Ward 3,2026-08-05
2026-05-06,38.908062,-77.044922,Ward 2,2026-05-27
2026-05-06,38.912608,-77.043432,Ward 2,2026-06-26
2026-05-06,38.933510,-77.057314,Ward 3,2026-07-11
2026-05-06,38.942016,-77.062263,Ward 3,2026-05-22
2026-05-06,38.902743,-77.022926,Ward 2,2026-05-28
2026-05-06,38.835045,-76.988930,Ward 8,2026-06-22
2026-05-06,38.861638,-76.998280,Ward 8,2026-05-08
2026-05-06,38.957310,-77.008404,Ward 4,2026-05-22
2026-05-06,38.957841,-77.008022,Ward 4,2026-05-07
2026-05-06,38.929802,-77.026381,Ward 1,2026-08-28
2026-05-07,38.978232,-77.026767,Ward 4,2026-05-07
2026-05-07,38.977128,-77.026233,Ward 4,2026-05-07
2026-05-07,38.910026,-77.028526,Ward 2,2026-07-09
2026-05-07,38.918251,-77.028293,Ward 1,2026-06-30
2026-05-07,38.920683,-77.028460,Ward 1,2026-05-07
2026-05-07,38.937319,-76.971355,Ward 5,2026-05-07
2026-05-07,38.919936,-77.033400,Ward 1,2026-09-04
2026-05-07,38.919010,-77.035373,Ward 1,2026-06-04
2026-05-07,38.914379,-77.046166,Ward 2,2026-05-21
2026-05-07,38.950500,-76.996184,Ward 5,2026-05-07
2026-05-07,38.892081,-76.949718,Ward 7,
2026-05-07,38.949816,-77.016731,Ward 4,2026-08-31
2026-05-07,38.908445,-76.932156,Ward 7,
2026-05-07,38.937528,-77.033676,Ward 4,2026-05-07
2026-05-07,38.955441,-76.998643,Ward 5,2026-05-27
2026-05-07,38.911978,-77.016386,Ward 5,2026-05-21
2026-05-07,38.915736,-77.021730,Ward 1,
2026-05-07,38.833359,-77.007389,Ward 8,
2026-05-07,38.904634,-77.027867,Ward 2,2026-05-20
2026-05-07,38.903881,-77.002411,Ward 6,2026-07-10
2026-05-07,38.876968,-77.017554,Ward 6,2026-05-15
2026-05-07,38.937528,-77.033676,Ward 4,2026-05-07
2026-05-07,38.857350,-76.986004,Ward 8,2026-05-08
2026-05-07,38.900520,-77.054396,Ward 2,
2026-05-07,38.943005,-77.090183,Ward 3,2026-07-28
2026-05-07,38.848163,-76.981608,Ward 8,2026-05-11
2026-05-07,38.907419,-77.006349,Ward 6,2026-05-14
2026-05-07,38.942679,-77.066623,Ward 3,
2026-05-07,38.942343,-77.062249,Ward 3,
2026-05-07,38.890014,-76.927456,Ward 7,2026-07-27
2026-05-07,38.935671,-77.057914,Ward 3,2026-07-23
2026-05-07,38.949499,-77.063797,Ward 3,
2026-05-07,38.937061,-77.059783,Ward 3,2026-08-25
2026-05-07,38.923186,-77.078980,Ward 3,2026-05-08
2026-05-07,38.957841,-77.008022,Ward 4,
2026-05-07,38.976093,-77.028164,Ward 4,2026-05-08
2026-05-07,38.977128,-77.026233,Ward 4,2026-05-08
2026-05-07,38.878065,-76.936732,Ward 7,2026-05-08
2026-05-07,38.977128,-77.026233,Ward 4,2026-05-08
2026-05-08,38.976016,-77.027333,Ward 4,2026-07-09
2026-05-08,38.938124,-76.990538,Ward 5,2026-05-08
2026-05-08,38.954945,-76.998887,Ward 5,2026-06-22
2026-05-08,38.862995,-76.991280,Ward 8,2026-05-12
2026-05-08,38.863429,-76.991016,Ward 8,2026-05-08
2026-05-08,38.864864,-76.989780,Ward 8,2026-06-02
2026-05-08,38.864483,-76.988386,Ward 8,2026-05-08
2026-05-08,38.931606,-76.986086,Ward 5,2026-06-11
2026-05-08,38.885714,-76.983373,Ward 7,2026-05-08
2026-05-08,38.932163,-76.988641,Ward 5,2026-06-13
2026-05-08,38.958217,-76.993847,Ward 4,
2026-05-08,38.955319,-77.000735,Ward 5,2026-05-08
2026-05-08,38.907768,-77.011004,Ward 5,
2026-05-08,38.958414,-76.994669,Ward 4,2026-05-08
2026-05-08,38.908732,-77.015404,Ward 5,2026-06-24
2026-05-08,38.928342,-77.043139,Ward 1,
2026-05-08,38.834690,-77.003901,Ward 8,2026-05-11
2026-05-08,38.902004,-76.928226,Ward 7,2026-05-12
2026-05-08,38.901931,-77.044901,Ward 2,2026-05-11
2026-05-08,38.914831,-77.046252,Ward 2,2026-05-15
2026-05-09,38.978232,-77.026767,Ward 4,2026-05-11
2026-05-09,38.976016,-77.027333,Ward 4,2026-07-09
2026-05-09,38.977128,-77.026233,Ward 4,2026-05-11
2026-05-09,38.923575,-77.054479,Ward 3,2026-07-28
2026-05-09,38.835182,-76.989496,Ward 8,2026-06-02
2026-05-09,38.928342,-77.043139,Ward 1,2026-05-15
2026-05-09,38.977128,-77.026233,Ward 4,2026-05-11
2026-05-09,38.916780,-77.025129,Ward 1,2026-05-11
2026-05-09,38.927162,-77.042418,Ward 1,2026-05-15
2026-05-09,38.978232,-77.026767,Ward 4,2026-05-11
2026-05-09,38.976093,-77.028164,Ward 4,2026-05-11
2026-05-10,38.975346,-77.035795,Ward 4,2026-06-02
2026-05-10,38.959663,-77.065965,Ward 3,
2026-05-10,38.901136,-76.978248,Ward 5,2026-08-31
2026-05-10,38.934480,-77.006073,Ward 5,2026-05-26
2026-05-10,38.977128,-77.026233,Ward 4,2026-05-11
2026-05-10,38.956006,-77.000574,Ward 4,2026-05-11
2026-05-10,38.919426,-77.071795,Ward 3,2026-05-15
2026-05-10,38.952175,-77.029977,Ward 4,2026-05-11
2026-05-11,38.976016,-77.027333,Ward 4,2026-05-15
2026-05-11,38.976093,-77.028164,Ward 4,2026-05-11
2026-05-11,38.873584,-76.973479,Ward 7,2026-05-11
2026-05-11,38.926012,-76.966791,Ward 5,2026-06-26
2026-05-11,38.924688,-76.966741,Ward 5,2026-06-26
2026-05-11,38.905967,-76.985788,Ward 5,2026-06-01
2026-05-11,38.886773,-77.029968,Ward 6,2026-05-11
2026-05-11,38.903869,-77.001108,Ward 6,2026-05-26
2026-05-11,38.922447,-77.100338,Ward 3,
2026-05-11,38.901636,-76.925454,Ward 7,2026-05-11
2026-05-11,38.946460,-77.077301,Ward 3,2026-05-18
2026-05-11,38.913521,-77.051890,Ward 2,
2026-05-11,38.876751,-76.961042,Ward 7,2026-05-11
2026-05-11,38.900983,-76.925958,Ward 7,2026-05-21
2026-05-11,38.951818,-76.988635,Ward 5,2026-09-03
2026-05-11,38.903415,-76.943637,Ward 7,2026-06-03
2026-05-11,38.928342,-77.043139,Ward 1,2026-05-21
2026-05-11,38.957574,-77.089434,Ward 3,2026-05-22
2026-05-11,38.899443,-77.039076,Ward 2,2026-05-11
2026-05-11,38.893751,-76.991708,Ward 6,2026-07-13
2026-05-11,38.952608,-77.008737,Ward 5,2026-05-12
2026-05-11,38.920899,-77.072199,Ward 3,2026-06-16
2026-05-12,38.931675,-77.028031,Ward 1,2026-05-19
2026-05-12,38.931239,-77.012151,Ward 5,2026-05-12
2026-05-12,38.961925,-77.030816,Ward 4,
2026-05-12,38.930921,-76.999960,Ward 5,2026-05-12
2026-05-12,38.937464,-77.029476,Ward 4,2026-08-06
2026-05-12,38.946466,-77.008191,Ward 5,2026-06-17
2026-05-12,38.925929,-76.994735,Ward 5,2026-05-26
2026-05-12,38.908078,-77.065880,Ward 2,2026-08-13
2026-05-12,38.923516,-77.027250,Ward 1,2026-06-05
2026-05-12,38.901558,-77.017750,Ward 6,
2026-05-12,38.915372,-76.976948,Ward 5,
2026-05-12,38.905967,-76.985788,Ward 5,2026-06-12
2026-05-12,38.834426,-77.003782,Ward 8,2026-05-13
2026-05-12,38.884200,-76.921084,Ward 7,2026-05-12
2026-05-12,38.843497,-76.998143,Ward 8,2026-06-22
2026-05-12,38.842787,-77.000256,Ward 8,2026-05-14
2026-05-12,38.907019,-77.020883,Ward 2,2026-05-21
2026-05-12,38.908121,-77.065881,Ward 2,2026-08-13
2026-05-12,38.902522,-77.029626,Ward 2,
2026-05-12,38.900667,-77.031734,Ward 2,2026-07-23
2026-05-12,38.845435,-76.979691,Ward 8,2026-05-26
2026-05-12,38.927755,-77.029425,Ward 1,2026-05-21
2026-05-12,38.864370,-76.986852,Ward 8,2026-05-14
2026-05-12,38.864457,-76.987331,Ward 8,
2026-05-12,38.864370,-76.986852,Ward 8,2026-05-19
2026-05-12,38.862884,-76.962316,Ward 7,2026-06-05
2026-05-12,38.908688,-77.056680,Ward 2,2026-08-13
2026-05-12,38.888136,-76.989220,Ward 6,2026-07-06
2026-05-12,38.864196,-76.985885,Ward 8,2026-05-13
2026-05-12,38.865133,-76.984899,Ward 8,2026-05-13
2026-05-12,38.888046,-76.997741,Ward 6,2026-07-23
2026-05-12,38.864437,-76.983571,Ward 8,2026-08-13
2026-05-12,38.864702,-76.983699,Ward 8,2026-05-13
2026-05-12,38.864469,-76.982424,Ward 8,2026-05-13
2026-05-12,38.864042,-76.982550,Ward 8,2026-05-14
2026-05-12,38.865326,-76.982171,Ward 8,2026-05-14
2026-05-12,38.865326,-76.982171,Ward 8,2026-05-18
2026-05-12,38.940003,-77.021841,Ward 4,2026-09-04
2026-05-12,38.968482,-77.015851,Ward 4,2026-07-23
2026-05-12,38.936879,-77.025514,Ward 4,2026-08-05
2026-05-12,38.949913,-77.014496,Ward 4,2026-05-26
2026-05-12,38.930095,-77.038138,Ward 1,2026-06-30
2026-05-13,38.918237,-77.011867,Ward 5,2026-06-03
2026-05-13,38.978232,-77.026767,Ward 4,2026-05-13
2026-05-13,38.977128,-77.026233,Ward 4,2026-07-28
2026-05-13,38.976093,-77.028164,Ward 4,2026-05-13
2026-05-13,38.977128,-77.026233,Ward 4,2026-05-13
2026-05-13,38.975598,-77.035961,Ward 4,2026-06-08
2026-05-13,38.983975,-77.026287,Ward 4,2026-09-10
2026-05-13,38.985838,-77.043043,Ward 4,2026-09-08
2026-05-13,38.932298,-77.039218,Ward 1,2026-05-15
2026-05-13,38.902181,-77.041236,Ward 2,2026-05-18
2026-05-13,38.898772,-76.998642,Ward 6,2026-06-22
2026-05-13,38.946728,-76.994707,Ward 5,2026-07-01
2026-05-13,38.914283,-77.019108,Ward 2,2026-05-15
2026-05-13,38.886033,-76.999520,Ward 6,2026-05-19
2026-05-13,38.925440,-76.992689,Ward 5,2026-05-14
2026-05-13,38.883918,-76.981740,Ward 7,2026-05-13
2026-05-13,38.868017,-76.979738,Ward 8,
2026-05-13,38.924908,-77.037265,Ward 1,2026-05-29
2026-05-13,38.926313,-76.992252,Ward 5,2026-06-25
2026-05-13,38.925440,-76.992689,Ward 5,2026-06-25
2026-05-13,38.947039,-76.992395,Ward 5,2026-05-13
2026-05-13,38.950169,-77.019016,Ward 4,2026-05-13
2026-05-13,38.905247,-77.066924,Ward 2,2026-05-15
2026-05-13,38.887087,-76.952310,Ward 7,2026-05-14
2026-05-13,38.933246,-77.078971,Ward 3,
2026-05-13,38.909638,-77.009051,Ward 5,2026-05-15
2026-05-13,38.909743,-77.006595,Ward 5,2026-05-26
2026-05-13,38.908377,-77.003385,Ward 6,2026-05-18
2026-05-13,38.908377,-77.003385,Ward 6,2026-05-18
2026-05-14,38.883956,-76.991269,Ward 6,2026-05-26
2026-05-14,38.899139,-77.054494,Ward 2,2026-05-15
2026-05-14,38.902941,-76.944651,Ward 7,2026-07-27
2026-05-14,38.928342,-77.043139,Ward 1,2026-05-21
2026-05-14,38.907046,-76.989321,Ward 5,2026-05-14
2026-05-14,38.907610,-77.002255,Ward 6,2026-06-08
2026-05-14,38.881421,-76.994633,Ward 6,
2026-05-14,38.829873,-76.999826,Ward 8,2026-05-21
2026-05-14,38.908359,-77.009932,Ward 5,2026-07-01
2026-05-14,38.859608,-76.964827,Ward 7,2026-05-21
2026-05-14,38.872008,-76.965596,Ward 7,2026-06-05
2026-05-14,38.953433,-77.036017,Ward 4,
2026-05-14,38.963161,-77.033971,Ward 4,
2026-05-14,38.947612,-77.007926,Ward 5,2026-07-24
2026-05-14,38.908757,-77.029405,Ward 2,
2026-05-14,38.822869,-77.009212,Ward 8,2026-05-15
2026-05-14,38.956414,-77.008764,Ward 4,2026-07-28
2026-05-14,38.866852,-76.943551,Ward 7,2026-05-21
2026-05-14,38.939439,-77.022311,Ward 4,2026-05-14
2026-05-14,38.951818,-76.988635,Ward 5,2026-09-03
2026-05-14,38.884282,-76.983466,Ward 7,2026-05-21
2026-05-14,38.954379,-77.033739,Ward 4,
2026-05-14,38.901133,-77.001258,Ward 6,2026-05-27
2026-05-14,38.966598,-77.072164,Ward 3,
2026-05-14,38.967404,-77.073551,Ward 3,2026-07-23
2026-05-14,38.961865,-77.071406,Ward 3,2026-06-09
2026-05-14,38.960497,-77.070188,Ward 3,
2026-05-14,38.967876,-77.075465,Ward 3,
2026-05-14,38.927556,-77.042597,Ward 1,2026-05-22
2026-05-14,38.976093,-77.028164,Ward 4,2026-05-15
2026-05-15,38.901806,-77.015509,Ward 6,2026-05-15
2026-05-15,38.903355,-77.008404,Ward 6,2026-05-26
2026-05-15,38.978232,-77.026767,Ward 4,2026-05-15
2026-05-15,38.976093,-77.028164,Ward 4,2026-05-15
2026-05-15,38.977128,-77.026233,Ward 4,2026-05-15
2026-05-15,38.956584,-77.013648,Ward 4,2026-05-18
2026-05-15,38.972696,-77.036370,Ward 4,2026-05-26
2026-05-15,38.867259,-76.945014,Ward 7,2026-08-13
2026-05-15,38.929377,-77.101105,Ward 3,2026-06-16
2026-05-15,38.929377,-77.101105,Ward 3,2026-05-15
2026-05-15,38.954918,-77.074882,Ward 3,2026-05-26
2026-05-15,38.866944,-76.984937,Ward 8,2026-05-18
2026-05-15,38.867097,-76.985699,Ward 8,2026-05-20
2026-05-15,38.867417,-76.988626,Ward 8,2026-05-18
2026-05-15,38.866779,-76.988706,Ward 8,2026-05-20
2026-05-15,38.866569,-76.989007,Ward 8,2026-05-20
2026-05-15,38.914283,-77.019108,Ward 2,2026-05-15
2026-05-15,38.891706,-76.949387,Ward 7,2026-05-15
2026-05-15,38.863806,-76.990397,Ward 8,2026-05-18
2026-05-15,38.904464,-77.006534,Ward 6,2026-06-01
2026-05-15,38.938483,-77.029937,Ward 4,2026-05-29
2026-05-15,38.931727,-77.032132,Ward 1,
2026-05-15,38.905878,-76.933405,Ward 7,2026-05-15
2026-05-15,38.921328,-76.983176,Ward 5,2026-05-15
2026-05-15,38.915331,-77.001444,Ward 5,
2026-05-15,38.873584,-76.973479,Ward 7,2026-05-21
2026-05-15,38.936329,-77.024298,Ward 1,2026-05-29
2026-05-15,38.936480,-77.031359,Ward 1,2026-05-27
2026-05-15,38.952157,-77.096766,Ward 3,2026-05-18
2026-05-15,38.930450,-77.036458,Ward 1,2026-06-03
2026-05-15,38.879412,-76.980989,Ward 6,2026-06-02
2026-05-15,38.908162,-77.045272,Ward 2,2026-05-28
2026-05-15,38.865398,-76.945022,Ward 7,2026-05-26
2026-05-15,38.866876,-76.943034,Ward 7,2026-09-09
2026-05-16,38.977128,-77.026233,Ward 4,2026-05-27
2026-05-16,38.970203,-77.010721,Ward 4,
2026-05-16,38.966865,-77.015898,Ward 4,2026-06-22
2026-05-16,38.954394,-77.024187,Ward 4,2026-09-11
2026-05-16,38.936228,-77.025426,Ward 4,2026-05-18
2026-05-16,38.912375,-77.029846,Ward 2,2026-05-21
2026-05-16,38.956853,-77.019651,Ward 4,2026-09-08
2026-05-17,38.904684,-77.062554,Ward 2,
2026-05-17,38.955292,-77.029426,Ward 4,2026-06-22
2026-05-17,38.932250,-77.036808,Ward 1,2026-06-03
2026-05-17,38.916774,-77.037116,Ward 2,
2026-05-17,38.905133,-77.053526,Ward 2,2026-08-17
2026-05-17,38.982050,-77.026544,Ward 4,2026-05-20
2026-05-17,38.931545,-77.021569,Ward 1,2026-05-29
2026-05-17,38.931060,-77.041036,Ward 1,
2026-05-18,38.924445,-77.026814,Ward 1,2026-05-18
2026-05-18,38.900024,-77.017976,Ward 6,2026-07-15
2026-05-18,38.887585,-76.932771,Ward 7,2026-05-19
2026-05-18,38.942544,-77.016902,Ward 4,2026-09-04
2026-05-18,38.917195,-77.013792,Ward 5,2026-06-22
2026-05-18,38.864623,-77.013670,Ward 6,
2026-05-18,38.864629,-77.012184,Ward 6,2026-07-23
2026-05-18,38.966680,-77.011991,Ward 4,2026-09-08
2026-05-18,38.920879,-77.009339,Ward 5,2026-05-21
2026-05-18,38.916998,-77.031951,Ward 2,2026-08-25
2026-05-18,38.905969,-77.020512,Ward 2,2026-05-19
2026-05-18,38.906095,-77.019575,Ward 2,2026-05-26
2026-05-18,38.962905,-77.013435,Ward 4,2026-05-18
2026-05-18,38.845732,-76.979643,Ward 8,2026-05-19
2026-05-18,38.906447,-77.005884,Ward 6,2026-07-08
2026-05-18,38.906271,-77.005616,Ward 6,2026-05-29
2026-05-18,38.911985,-77.017474,Ward 2,2026-07-23
2026-05-18,38.928342,-77.043139,Ward 1,2026-05-21
2026-05-18,38.916844,-77.032706,Ward 2,2026-05-19
2026-05-18,38.948149,-77.019722,Ward 4,2026-05-21
2026-05-18,38.936428,-77.037263,Ward 1,2026-06-09
2026-05-18,38.882524,-76.997373,Ward 6,2026-05-19
2026-05-19,38.976093,-77.028164,Ward 4,2026-05-19
2026-05-19,38.933220,-76.981421,Ward 5,2026-05-29
2026-05-19,38.916607,-77.032916,Ward 2,2026-07-01
2026-05-19,38.843112,-76.979114,Ward 8,2026-05-19
2026-05-19,38.886410,-76.926871,Ward 7,2026-07-17
2026-05-19,38.838787,-77.004182,Ward 8,
2026-05-19,38.845732,-76.979643,Ward 8,2026-06-02
2026-05-19,38.917524,-77.018683,Ward 1,2026-05-20
2026-05-19,38.916848,-77.037038,Ward 2,2026-05-21
2026-05-19,38.910572,-77.068791,Ward 2,2026-08-12
2026-05-19,38.917921,-77.008378,Ward 5,
2026-05-19,38.900005,-77.033156,Ward 2,2026-07-24
2026-05-19,38.882650,-76.985130,Ward 6,2026-05-19
2026-05-19,38.926313,-76.992252,Ward 5,2026-05-29
2026-05-19,38.866240,-76.988120,Ward 8,2026-05-19
2026-05-19,38.974466,-77.053556,Ward 4,
2026-05-19,38.910456,-77.063826,Ward 2,
2026-05-19,38.910758,-77.066112,Ward 2,
2026-05-19,38.931270,-77.072169,Ward 3,
2026-05-19,38.938370,-76.967498,Ward 5,2026-08-18
2026-05-19,38.952157,-77.096766,Ward 3,2026-07-15
2026-05-19,38.904816,-77.028389,Ward 2,2026-05-20
2026-05-19,38.926325,-77.035484,Ward 1,2026-06-03
2026-05-19,38.929889,-77.042467,Ward 1,2026-05-29
2026-05-19,38.900205,-77.031956,Ward 2,2026-05-21
2026-05-19,38.972086,-77.035591,Ward 4,
2026-05-19,38.935460,-77.054014,Ward 3,2026-06-01
2026-05-19,38.898620,-76.950518,Ward 7,2026-07-28
2026-05-20,38.915954,-77.020224,Ward 1,
2026-05-20,38.954815,-77.009046,Ward 5,2026-06-09
2026-05-20,38.956850,-77.014545,Ward 4,2026-05-20
2026-05-20,38.908348,-76.938780,Ward 7,2026-08-25
2026-05-20,38.933158,-76.982503,Ward 5,2026-06-15
2026-05-20,38.978232,-77.026767,Ward 4,2026-06-03
2026-05-20,38.977128,-77.026233,Ward 4,2026-05-21
2026-05-20,38.897512,-76.991774,Ward 6,2026-07-31
2026-05-20,38.909483,-77.023650,Ward 2,2026-05-22
2026-05-20,38.981727,-77.025647,Ward 4,2026-05-20
2026-05-20,38.934484,-76.988147,Ward 5,2026-06-25
2026-05-20,38.941171,-77.000816,Ward 5,2026-08-06
2026-05-20,38.949913,-77.014496,Ward 4,2026-05-21
2026-05-20,38.847888,-76.996263,Ward 8,2026-05-21
2026-05-20,38.888575,-76.949931,Ward 7,2026-05-27
2026-05-20,38.952986,-77.019972,Ward 4,2026-05-27
2026-05-20,38.943396,-77.016942,Ward 4,2026-09-08
2026-05-20,38.894551,-76.957246,Ward 7,2026-05-21
2026-05-20,38.825065,-77.002758,Ward 8,2026-08-07
2026-05-20,38.824957,-77.002698,Ward 8,2026-06-04
2026-05-20,38.824957,-77.002698,Ward 8,2026-05-21
2026-05-20,38.824312,-77.002237,Ward 8,
2026-05-20,38.823582,-77.001745,Ward 8,
2026-05-20,38.823582,-77.001745,Ward 8,2026-05-21
2026-05-20,38.823582,-77.001745,Ward 8,
2026-05-20,38.823582,-77.001745,Ward 8,2026-05-21
2026-05-20,38.822642,-77.001610,Ward 8,
2026-05-20,38.822544,-77.002297,Ward 8,
2026-05-20,38.822544,-77.002297,Ward 8,2026-07-02
2026-05-20,38.822544,-77.001607,Ward 8,
2026-05-20,38.822450,-77.003918,Ward 8,2026-05-21
2026-05-20,38.823196,-77.005987,Ward 8,2026-05-21
2026-05-20,38.912312,-77.027318,Ward 2,2026-07-16
2026-05-20,38.912770,-77.027239,Ward 2,
2026-05-20,38.913032,-77.026765,Ward 2,2026-05-26
2026-05-20,38.977128,-77.026233,Ward 4,2026-05-21
2026-05-21,38.884398,-77.018804,Ward 6,2026-07-16
2026-05-21,38.925162,-77.022664,Ward 1,2026-06-08
2026-05-21,38.908333,-77.022578,Ward 2,2026-05-21
2026-05-21,38.908571,-77.021914,Ward 2,2026-07-24
2026-05-21,38.985556,-77.042718,Ward 4,2026-09-08
2026-05-21,38.984904,-77.042799,Ward 4,2026-06-08
2026-05-21,38.966572,-77.077620,Ward 3,2026-05-21
2026-05-21,38.933158,-76.982503,Ward 5,2026-06-30
2026-05-21,38.947374,-77.027647,Ward 4,2026-05-21
2026-05-21,38.888240,-76.933410,Ward 7,2026-06-08
2026-05-21,38.952765,-76.997540,Ward 5,2026-07-06
2026-05-21,38.886260,-77.013055,Ward 6,2026-06-02
2026-05-21,38.847155,-76.970619,Ward 8,2026-05-21
2026-05-21,38.912337,-77.026570,Ward 2,2026-07-22
2026-05-21,38.903869,-77.001108,Ward 6,
2026-05-21,38.903869,-77.001108,Ward 6,2026-06-04
2026-05-21,38.912808,-77.024163,Ward 2,2026-07-22
2026-05-21,38.912163,-77.023464,Ward 2,
2026-05-21,38.939846,-76.989588,Ward 5,2026-06-18
2026-05-21,38.916343,-77.023026,Ward 1,2026-05-29
2026-05-21,38.911474,-77.023684,Ward 2,
2026-05-21,38.942069,-77.087946,Ward 3,2026-05-22
2026-05-21,38.953115,-77.026248,Ward 4,
2026-05-21,38.916398,-77.021678,Ward 1,
2026-05-21,38.847076,-76.979197,Ward 8,2026-06-04
2026-05-21,38.946848,-77.077671,Ward 3,
2026-05-21,38.892154,-76.912069,Ward 7,2026-06-11
2026-05-21,38.932248,-76.979802,Ward 5,2026-06-26
2026-05-21,38.933672,-77.070555,Ward 3,2026-07-15
2026-05-21,38.932810,-76.979358,Ward 5,2026-08-31
2026-05-21,38.933244,-76.980488,Ward 5,2026-06-18
2026-05-21,38.933521,-76.979879,Ward 5,
2026-05-21,38.934264,-76.980274,Ward 5,
2026-05-21,38.934228,-76.979952,Ward 5,2026-05-29
2026-05-21,38.934246,-76.979400,Ward 5,
2026-05-21,38.934290,-76.978586,Ward 5,2026-06-22
2026-05-21,38.934286,-76.977025,Ward 5,2026-06-22
2026-05-21,38.908727,-76.986754,Ward 5,2026-05-21
2026-05-21,38.934247,-76.976502,Ward 5,2026-06-29
2026-05-21,38.934920,-76.975982,Ward 5,2026-06-22
2026-05-21,38.914763,-77.022675,Ward 1,2026-06-10
2026-05-21,38.915365,-77.023177,Ward 1,2026-06-05
2026-05-21,38.915420,-77.023178,Ward 1,2026-06-05
2026-05-21,38.915420,-77.023178,Ward 1,2026-05-22
2026-05-21,38.915732,-77.023761,Ward 1,
2026-05-21,38.915420,-77.023178,Ward 1,2026-05-22
2026-05-21,38.916059,-77.021740,Ward 1,
2026-05-21,38.915420,-77.023178,Ward 1,2026-05-22
2026-05-21,38.915794,-77.023140,Ward 1,2026-05-22
2026-05-21,38.916343,-77.023026,Ward 1,2026-05-29
2026-05-21,38.915737,-77.022499,Ward 1,2026-06-05
2026-05-21,38.915737,-77.022499,Ward 1,2026-06-02
2026-05-21,38.916059,-77.021740,Ward 1,2026-06-02
2026-05-21,38.916059,-77.021740,Ward 1,2026-06-05
2026-05-21,38.916059,-77.021740,Ward 1,2026-06-02
2026-05-21,38.900081,-77.033079,Ward 2,2026-07-24
2026-05-21,38.915411,-77.022158,Ward 1,2026-05-22
2026-05-21,38.883848,-76.935203,Ward 7,2026-07-23
2026-05-21,38.882593,-76.933427,Ward 7,2026-05-26
2026-05-21,38.882593,-76.933427,Ward 7,2026-07-02
2026-05-21,38.915755,-77.001782,Ward 5,
2026-05-21,38.900432,-77.033396,Ward 2,
2026-05-21,38.908647,-76.998077,Ward 5,2026-05-23
2026-05-21,38.896128,-77.018926,Ward 6,
2026-05-21,38.934276,-76.975023,Ward 5,2026-06-18
2026-05-21,38.976093,-77.028164,Ward 4,2026-05-22
2026-05-22,38.976064,-77.019521,Ward 4,2026-05-22
2026-05-22,38.977128,-77.026233,Ward 4,2026-05-22
2026-05-22,38.978232,-77.026767,Ward 4,2026-05-22
2026-05-22,38.968163,-77.006736,Ward 4,2026-07-27
2026-05-22,38.908647,-76.998077,Ward 5,2026-05-22
2026-05-22,38.944326,-77.088886,Ward 3,2026-08-25
2026-05-22,38.846181,-76.971426,Ward 8,2026-07-16
2026-05-22,38.867163,-76.947355,Ward 7,2026-07-29
2026-05-22,38.952724,-77.035836,Ward 4,2026-06-22
2026-05-22,38.966620,-77.009274,Ward 4,2026-05-22
2026-05-22,38.900495,-76.932477,Ward 7,2026-05-22
2026-05-22,38.852449,-76.972433,Ward 8,2026-05-22
2026-05-22,38.954571,-77.015775,Ward 4,2026-05-29
2026-05-22,38.902260,-76.992924,Ward 6,2026-05-22
2026-05-22,38.946634,-77.036059,Ward 4,
2026-05-22,38.886111,-76.948982,Ward 7,
2026-05-22,38.898740,-76.973889,Ward 5,2026-06-22
2026-05-22,38.950527,-77.074809,Ward 3,
2026-05-23,38.981140,-77.030066,Ward 4,2026-06-08
2026-05-23,38.906693,-77.008462,Ward 6,2026-06-08
2026-05-23,38.945620,-77.005113,Ward 5,
2026-05-23,38.907010,-77.034295,Ward 2,2026-05-27
2026-05-23,38.838142,-77.003256,Ward 8,2026-05-28
2026-05-23,38.978232,-77.026767,Ward 4,2026-05-26
2026-05-24,38.907876,-77.001526,Ward 5,
2026-05-24,38.932245,-77.090803,Ward 3,2026-06-09
2026-05-24,38.965645,-77.023995,Ward 4,2026-06-09
2026-05-24,38.965548,-77.024206,Ward 4,2026-06-03
2026-05-25,38.922575,-77.042442,Ward 1,
2026-05-25,38.853015,-76.971232,Ward 8,2026-05-26
2026-05-25,38.923059,-77.044417,Ward 1,2026-05-26
2026-05-25,38.897849,-76.980274,Ward 7,2026-05-25
2026-05-25,38.933154,-77.021308,Ward 1,2026-07-28
2026-05-25,38.906739,-77.010066,Ward 6,2026-06-25
2026-05-25,38.902549,-77.058046,Ward 2,2026-06-02
2026-05-25,38.865923,-76.989826,Ward 8,2026-05-28
2026-05-25,38.978232,-77.026767,Ward 4,2026-05-26
2026-05-25,38.977128,-77.026233,Ward 4,2026-05-26
2026-05-25,38.975598,-77.035961,Ward 4,2026-05-26
2026-05-25,38.972094,-77.036006,Ward 4,2026-05-26
2026-05-25,38.941101,-77.021767,Ward 4,
2026-05-25,38.973994,-77.036366,Ward 4,2026-05-26
2026-05-25,38.977128,-77.026233,Ward 4,2026-05-26
2026-05-25,38.915969,-77.027848,Ward 1,2026-07-28
2026-05-26,38.954831,-76.999111,Ward 5,2026-06-26
2026-05-26,38.976064,-77.019521,Ward 4,2026-05-26
2026-05-26,38.900206,-77.033642,Ward 2,2026-05-27
2026-05-26,38.881037,-76.981258,Ward 6,
2026-05-26,38.910104,-77.054924,Ward 2,2026-05-26
2026-05-26,38.915933,-77.009368,Ward 5,2026-07-27
2026-05-26,38.973994,-77.036366,Ward 4,2026-05-26
2026-05-26,38.915990,-77.021720,Ward 1,2026-06-05
2026-05-26,38.912768,-77.066181,Ward 2,2026-05-26
2026-05-26,38.915736,-77.021730,Ward 1,2026-06-02
2026-05-26,38.915736,-77.021730,Ward 1,2026-06-02
2026-05-26,38.915736,-77.021730,Ward 1,2026-05-29
2026-05-26,38.915736,-77.021730,Ward 1,2026-06-05
2026-05-26,38.912707,-77.067900,Ward 2,
2026-05-26,38.915384,-77.021373,Ward 1,2026-05-29
2026-05-26,38.915718,-77.021116,Ward 1,2026-05-29
2026-05-26,38.915724,-77.021299,Ward 1,2026-06-08
2026-05-26,38.915726,-77.021240,Ward 1,2026-05-29
2026-05-26,38.905103,-76.977079,Ward 5,2026-06-24
2026-05-26,38.915411,-77.022158,Ward 1,2026-06-05
2026-05-26,38.911901,-77.066509,Ward 2,
2026-05-26,38.915411,-77.022158,Ward 1,
2026-05-26,38.914828,-77.021719,Ward 1,2026-06-05
2026-05-26,38.958934,-77.065655,Ward 3,
2026-05-26,38.887728,-76.923184,Ward 7,2026-05-26
2026-05-26,38.914270,-77.021654,Ward 1,2026-05-26
2026-05-26,38.914270,-77.021654,Ward 1,2026-05-29
2026-05-26,38.914270,-77.021654,Ward 1,2026-06-24
2026-05-26,38.914312,-77.021100,Ward 1,2026-05-29
2026-05-26,38.913932,-77.022127,Ward 2,2026-07-01
2026-05-26,38.914253,-77.022466,Ward 1,2026-06-05
2026-05-26,38.914253,-77.022582,Ward 1,2026-06-30
2026-05-26,38.914253,-77.022582,Ward 1,2026-05-26
2026-05-26,38.968482,-77.015851,Ward 4,2026-07-23
2026-05-26,38.913857,-77.022701,Ward 2,2026-05-26
2026-05-26,38.913857,-77.022701,Ward 2,2026-05-26
2026-05-26,38.914235,-77.023181,Ward 1,2026-06-26
2026-05-26,38.914235,-77.023181,Ward 1,2026-06-05
2026-05-26,38.914248,-77.023513,Ward 1,2026-06-05
2026-05-26,38.914236,-77.023774,Ward 1,2026-06-05
2026-05-26,38.914236,-77.023774,Ward 1,2026-05-26
2026-05-26,38.914277,-77.022756,Ward 1,2026-06-05
2026-05-26,38.914277,-77.022756,Ward 1,2026-06-05
2026-05-26,38.915365,-77.023177,Ward 1,2026-06-05
2026-05-26,38.915365,-77.023177,Ward 1,2026-05-26
2026-05-26,38.915420,-77.023178,Ward 1,2026-06-05
2026-05-26,38.915420,-77.023178,Ward 1,2026-05-27
2026-05-26,38.965645,-77.023995,Ward 4,
2026-05-26,38.915420,-77.023178,Ward 1,2026-06-16
2026-05-26,38.965645,-77.023995,Ward 4,
2026-05-26,38.904659,-77.048578,Ward 2,
2026-05-26,38.966012,-77.075392,Ward 3,
2026-05-26,38.920963,-77.011838,Ward 5,2026-05-26
2026-05-26,38.915732,-77.023761,Ward 1,2026-06-05
2026-05-26,38.915710,-77.024230,Ward 1,2026-07-09
2026-05-26,38.915730,-77.023538,Ward 1,2026-06-05
2026-05-26,38.910384,-77.038487,Ward 2,2026-06-03
2026-05-26,38.966012,-77.075392,Ward 3,
2026-05-26,38.915771,-77.023193,Ward 1,2026-06-05
2026-05-26,38.915794,-77.023140,Ward 1,2026-06-05
2026-05-26,38.945698,-77.041793,Ward 4,2026-05-26
2026-05-26,38.915947,-77.022693,Ward 1,2026-06-05
2026-05-26,38.915794,-77.023140,Ward 1,2026-06-05
2026-05-26,38.915947,-77.022693,Ward 1,
2026-05-26,38.915947,-77.022693,Ward 1,2026-06-05
2026-05-26,38.916241,-77.022610,Ward 1,2026-06-05
2026-05-26,38.916343,-77.023026,Ward 1,2026-05-26
2026-05-26,38.915739,-77.022747,Ward 1,2026-06-05
2026-05-26,38.915737,-77.022499,Ward 1,2026-06-05
2026-05-26,38.915737,-77.022499,Ward 1,2026-05-26
2026-05-26,38.915737,-77.022499,Ward 1,2026-07-06
2026-05-26,38.965067,-77.066113,Ward 4,2026-06-03
2026-05-26,38.833359,-77.007389,Ward 8,2026-05-28
2026-05-26,38.953010,-77.018000,Ward 4,
2026-05-26,38.975043,-77.014525,Ward 4,2026-09-10
2026-05-26,38.978232,-77.026767,Ward 4,2026-05-26
2026-05-26,38.976093,-77.028164,Ward 4,2026-05-26
2026-05-27,38.911950,-77.017458,Ward 2,2026-07-23
2026-05-27,38.952862,-77.007479,Ward 5,2026-05-27
2026-05-27,38.935460,-77.054014,Ward 3,2026-06-02
2026-05-27,38.954115,-77.035403,Ward 4,
2026-05-27,38.877917,-76.941643,Ward 7,
2026-05-27,38.907985,-77.055050,Ward 2,2026-06-04
2026-05-27,38.914093,-77.036509,Ward 2,2026-05-29
2026-05-27,38.982269,-77.025165,Ward 4,2026-09-10
2026-05-27,38.914093,-77.036509,Ward 2,2026-05-29
2026-05-27,38.898727,-76.984727,Ward 6,2026-05-27
2026-05-27,38.953130,-77.026852,Ward 4,2026-07-01
2026-05-27,38.900099,-77.016880,Ward 6,2026-06-09
2026-05-27,38.900024,-77.017976,Ward 6,2026-07-15
2026-05-27,38.896203,-76.957199,Ward 7,2026-06-01
2026-05-27,38.900099,-77.016880,Ward 6,2026-07-02
2026-05-27,38.914093,-77.036509,Ward 2,2026-07-09
2026-05-27,38.872759,-76.962680,Ward 7,2026-09-01
2026-05-27,38.925566,-77.004406,Ward 5,2026-06-15
2026-05-27,38.909481,-77.023189,Ward 2,2026-06-02
2026-05-27,38.920899,-77.072199,Ward 3,2026-06-04
2026-05-27,38.906386,-76.990400,Ward 5,2026-06-02
2026-05-27,38.905183,-76.999750,Ward 6,2026-06-17
2026-05-27,38.954346,-77.024185,Ward 4,2026-09-11
2026-05-28,38.907455,-77.039991,Ward 2,2026-06-01
2026-05-28,38.938414,-77.032411,Ward 4,2026-05-28
2026-05-28,38.946737,-77.007659,Ward 5,
2026-05-28,38.854507,-76.990370,Ward 8,2026-06-29
2026-05-28,38.905483,-77.056874,Ward 2,
2026-05-28,38.904764,-77.047549,Ward 2,
2026-05-28,38.965938,-77.034346,Ward 4,2026-05-28
2026-05-28,38.933206,-76.981632,Ward 5,2026-06-18
2026-05-28,38.970203,-77.010721,Ward 4,
2026-05-28,38.972366,-77.061736,Ward 4,
2026-05-28,38.928718,-77.022941,Ward 1,2026-06-29
2026-05-28,38.957211,-77.071383,Ward 3,2026-06-09
2026-05-28,38.954433,-77.070056,Ward 3,2026-07-24
2026-05-28,38.908846,-77.009461,Ward 5,
2026-05-28,38.957211,-77.071383,Ward 3,2026-05-28
2026-05-28,38.972571,-77.059906,Ward 4,
2026-05-28,38.925007,-77.061908,Ward 3,
2026-05-28,38.927952,-77.064218,Ward 3,
2026-05-28,38.929192,-77.062951,Ward 3,
2026-05-28,38.929224,-77.062622,Ward 3,
2026-05-28,38.934647,-77.058302,Ward 3,
2026-05-28,38.841904,-76.982519,Ward 8,2026-07-10
2026-05-28,38.940203,-77.067921,Ward 3,2026-06-03
2026-05-28,38.940575,-77.067975,Ward 3,2026-06-03
2026-05-28,38.942368,-77.062005,Ward 3,
2026-05-28,38.908717,-76.997650,Ward 5,2026-06-03
2026-05-28,38.903415,-76.943637,Ward 7,2026-06-16
2026-05-28,38.885727,-76.927045,Ward 7,2026-07-31
2026-05-28,38.954847,-76.990774,Ward 5,2026-06-02
2026-05-28,38.822440,-77.018104,Ward 8,2026-05-29
2026-05-28,38.908632,-77.082402,Ward 3,2026-05-29
2026-05-28,38.907876,-77.001526,Ward 5,2026-05-29
2026-05-28,38.963772,-77.027804,Ward 4,
2026-05-29,38.886330,-76.926565,Ward 7,2026-06-24
2026-05-29,38.903415,-76.943637,Ward 7,
2026-05-29,38.876339,-77.020450,Ward 6,2026-06-02
2026-05-29,38.978232,-77.026767,Ward 4,2026-05-29
2026-05-29,38.977128,-77.026233,Ward 4,2026-05-29
2026-05-29,38.978232,-77.026767,Ward 4,2026-05-29
2026-05-29,38.977128,-77.026233,Ward 4,2026-05-29
2026-05-29,38.976093,-77.028164,Ward 4,2026-05-29
2026-05-29,38.891105,-76.935152,Ward 7,2026-05-29
2026-05-29,38.977128,-77.026233,Ward 4,2026-05-29
2026-05-29,38.916848,-77.037038,Ward 2,
2026-05-29,38.888535,-76.949884,Ward 7,2026-05-29
2026-05-29,38.845536,-76.984290,Ward 8,
2026-05-29,38.934034,-77.036034,Ward 1,2026-06-02
2026-05-29,38.892048,-76.954070,Ward 7,
2026-05-29,38.939342,-77.019297,Ward 4,2026-06-10
2026-05-29,38.909475,-77.006359,Ward 5,2026-08-28
2026-05-29,38.901183,-76.996491,Ward 6,2026-05-29
2026-05-29,38.941619,-76.991201,Ward 5,2026-05-29
2026-05-29,38.899615,-77.020486,Ward 2,2026-06-30
2026-05-29,38.904812,-76.983843,Ward 5,2026-05-29
2026-05-29,38.962180,-77.000069,Ward 4,2026-05-29
2026-05-29,38.830932,-77.012183,Ward 8,2026-05-29
2026-05-29,38.962601,-77.033839,Ward 4,2026-05-29
2026-05-29,38.967360,-77.030434,Ward 4,2026-07-28
2026-05-29,38.975822,-77.026977,Ward 4,2026-07-09
2026-05-29,38.907564,-77.055654,Ward 2,2026-06-04
2026-05-29,38.932653,-77.031926,Ward 1,2026-05-29
2026-05-29,38.887416,-76.979649,Ward 7,
2026-05-29,38.902913,-76.926043,Ward 7,2026-05-29
2026-05-29,38.877384,-76.963352,Ward 7,2026-06-30
2026-05-29,38.907600,-76.987034,Ward 5,2026-08-24
2026-05-29,38.957221,-77.085985,Ward 3,2026-06-01
2026-05-29,38.879842,-77.010335,Ward 6,
2026-05-29,38.893133,-76.912531,Ward 7,2026-06-05
2026-05-29,38.893045,-77.045810,Ward 2,2026-06-01
2026-05-29,38.875883,-76.931549,Ward 7,2026-09-01
2026-05-29,38.918837,-77.020905,Ward 1,
2026-05-29,38.892991,-77.016445,Ward 6,2026-06-02
2026-05-29,38.891904,-77.015442,Ward 6,2026-06-02
2026-05-30,38.974354,-77.022092,Ward 4,2026-06-03
2026-05-30,38.851929,-76.977006,Ward 8,2026-06-30
2026-05-30,38.931545,-77.021569,Ward 1,
2026-05-30,38.914375,-77.036040,Ward 2,2026-07-09
2026-05-30,38.976016,-77.027333,Ward 4,2026-07-23
2026-05-30,38.976093,-77.028164,Ward 4,2026-06-01
2026-05-30,38.975531,-77.027237,Ward 4,2026-06-01
2026-05-30,38.977128,-77.026233,Ward 4,2026-06-01
2026-05-30,38.938825,-77.032469,Ward 4,2026-06-01
2026-05-30,38.909309,-77.010317,Ward 5,2026-06-12
2026-05-31,38.909481,-77.023189,Ward 2,2026-06-02
2026-05-31,38.909494,-77.022741,Ward 2,2026-06-02
2026-05-31,38.960417,-77.009822,Ward 4,2026-06-02
2026-05-31,38.974354,-77.022092,Ward 4,2026-06-03
2026-05-31,38.922678,-77.042322,Ward 1,2026-06-02
2026-05-31,38.974354,-77.022092,Ward 4,2026-06-01
2026-05-31,38.912493,-77.082471,Ward 3,
2026-05-31,38.978232,-77.026767,Ward 4,2026-06-01
2026-05-31,38.930320,-77.038235,Ward 1,
2026-05-31,38.974354,-77.022092,Ward 4,2026-06-01
2026-05-31,38.933321,-76.968376,Ward 5,2026-06-03
2026-05-31,38.870970,-76.978696,Ward 8,2026-06-05
2026-05-31,38.975043,-77.022795,Ward 4,2026-06-03
2026-06-01,38.974655,-77.023411,Ward 4,2026-06-03
2026-06-01,38.893390,-76.986586,Ward 6,2026-06-01
2026-06-01,38.907727,-76.987538,Ward 5,2026-09-03
2026-06-01,38.870926,-76.966098,Ward 7,2026-06-01
2026-06-01,38.922575,-77.042442,Ward 1,
2026-06-01,38.946413,-76.996814,Ward 5,
2026-06-01,38.951009,-77.026476,Ward 4,2026-06-01
2026-06-01,38.981140,-77.030066,Ward 4,2026-06-05
2026-06-01,38.927670,-77.037133,Ward 1,
2026-06-01,38.959142,-77.036748,Ward 4,
2026-06-01,38.927670,-77.037133,Ward 1,2026-06-10
2026-06-01,38.905335,-77.037205,Ward 2,
2026-06-01,38.898116,-76.931503,Ward 7,
2026-06-01,38.845480,-76.997443,Ward 8,
2026-06-01,38.975531,-77.027237,Ward 4,2026-08-19
2026-06-01,38.885727,-76.927045,Ward 7,2026-06-12
2026-06-01,38.959600,-77.003377,Ward 4,2026-06-01
2026-06-01,38.957951,-77.008746,Ward 4,
2026-06-01,38.892369,-76.991740,Ward 6,2026-06-01
2026-06-01,38.905361,-77.014776,Ward 2,2026-06-05
2026-06-01,38.897017,-77.014895,Ward 6,2026-07-24
2026-06-01,38.930343,-76.978254,Ward 5,2026-06-18
2026-06-01,38.978232,-77.026767,Ward 4,2026-06-02
2026-06-01,38.975531,-77.027237,Ward 4,2026-06-05
2026-06-01,38.972585,-77.026726,Ward 4,
2026-06-01,38.977128,-77.026233,Ward 4,2026-06-02
2026-06-01,38.905368,-77.015430,Ward 2,
2026-06-01,38.913897,-77.049525,Ward 2,2026-07-08
2026-06-01,38.968453,-77.072909,Ward 3,2026-06-16
2026-06-02,38.901224,-77.051621,Ward 2,
2026-06-02,38.902522,-77.029626,Ward 2,
2026-06-02,38.928791,-77.036830,Ward 1,2026-06-08
2026-06-02,38.974279,-77.022506,Ward 4,
2026-06-02,38.904063,-76.998444,Ward 6,
2026-06-02,38.884184,-76.994966,Ward 6,2026-06-05
2026-06-02,38.916369,-77.020481,Ward 1,2026-06-08
2026-06-02,38.933963,-77.019795,Ward 1,2026-08-10
2026-06-02,38.906026,-77.062833,Ward 2,
2026-06-02,38.903415,-76.943637,Ward 7,2026-06-16
2026-06-02,38.903313,-76.943383,Ward 7,2026-06-03
2026-06-02,38.926829,-76.995943,Ward 5,
2026-06-02,38.902806,-77.043044,Ward 2,2026-06-11
2026-06-02,38.967822,-77.024423,Ward 4,
2026-06-02,38.857107,-76.979443,Ward 8,
2026-06-02,38.911290,-77.035130,Ward 2,2026-07-06
2026-06-02,38.892497,-76.945835,Ward 7,2026-08-17
2026-06-02,38.925047,-76.988073,Ward 5,2026-06-22
2026-06-02,38.958548,-77.035278,Ward 4,2026-06-12
2026-06-02,38.944139,-77.091050,Ward 3,2026-07-23
2026-06-02,38.979818,-77.033722,Ward 4,2026-06-02
2026-06-02,38.911759,-77.041067,Ward 2,2026-06-11
2026-06-02,38.952041,-77.014509,Ward 4,2026-08-13
2026-06-02,38.902768,-76.936591,Ward 7,2026-06-02
2026-06-02,38.896868,-76.982597,Ward 7,2026-08-20
2026-06-02,38.899897,-77.041365,Ward 2,
2026-06-02,38.968453,-77.072909,Ward 3,2026-06-16
2026-06-02,38.878933,-77.016398,Ward 6,2026-07-22
2026-06-02,38.902737,-76.938354,Ward 7,
2026-06-02,38.923526,-77.029109,Ward 1,2026-07-16
2026-06-02,38.915579,-77.019535,Ward 1,
2026-06-02,38.912808,-77.024163,Ward 2,
2026-06-02,38.915563,-77.019077,Ward 1,2026-06-08
2026-06-02,38.915569,-77.018882,Ward 1,2026-06-30
2026-06-02,38.904659,-77.048578,Ward 2,2026-06-12
2026-06-02,38.915948,-77.018983,Ward 1,2026-06-08
2026-06-02,38.885558,-76.978828,Ward 7,2026-09-01
2026-06-02,38.978232,-77.026767,Ward 4,2026-06-03
2026-06-03,38.984496,-77.028809,Ward 4,2026-06-05
2026-06-03,38.852388,-76.965996,Ward 8,
2026-06-03,38.976093,-77.028164,Ward 4,2026-06-04
2026-06-03,38.894954,-77.023657,Ward 2,2026-08-17
2026-06-03,38.947088,-76.992389,Ward 5,2026-07-06
2026-06-03,38.844671,-76.988504,Ward 8,2026-06-29
2026-06-03,38.897979,-76.977989,Ward 7,2026-06-05
2026-06-03,38.941192,-76.998093,Ward 5,2026-06-12
2026-06-03,38.854136,-76.990452,Ward 8,2026-07-27
2026-06-03,38.897137,-76.986486,Ward 6,
2026-06-03,38.959980,-77.007902,Ward 4,
2026-06-03,38.898908,-76.985504,Ward 6,
2026-06-03,38.941132,-77.036893,Ward 4,2026-06-11
2026-06-03,38.961841,-77.004196,Ward 4,2026-07-01
2026-06-03,38.896263,-76.991742,Ward 6,2026-06-08
2026-06-03,38.896263,-76.991742,Ward 6,2026-06-04
2026-06-03,38.905846,-76.932575,Ward 7,
2026-06-03,38.976617,-77.064965,Ward 4,2026-06-12
2026-06-03,38.983204,-77.038322,Ward 4,2026-06-09
2026-06-03,38.915618,-77.018667,Ward 1,2026-07-06
2026-06-03,38.965018,-77.029725,Ward 4,2026-06-12
2026-06-03,38.974354,-77.022092,Ward 4,
2026-06-03,38.978232,-77.026767,Ward 4,2026-06-04
2026-06-03,38.976064,-77.019521,Ward 4,2026-06-04
2026-06-04,38.904127,-77.054754,Ward 2,2026-06-04
2026-06-04,38.976016,-77.027333,Ward 4,2026-07-09
2026-06-04,38.943917,-77.022261,Ward 4,2026-09-08
2026-06-04,38.911985,-77.016777,Ward 5,2026-06-04
2026-06-04,38.865398,-76.945022,Ward 7,2026-09-09
2026-06-04,38.930008,-77.076806,Ward 3,
2026-06-04,38.927621,-76.995196,Ward 5,2026-07-06
2026-06-04,38.881696,-76.928113,Ward 7,2026-06-18
2026-06-04,38.948555,-77.070101,Ward 3,
2026-06-04,38.951925,-77.071171,Ward 3,
2026-06-04,38.922065,-77.080526,Ward 3,
2026-06-04,38.922065,-77.080526,Ward 3,
2026-06-04,38.949517,-77.075561,Ward 3,
2026-06-04,38.990431,-77.043383,Ward 4,
2026-06-04,38.943394,-77.084045,Ward 3,
2026-06-04,38.943474,-77.082486,Ward 3,2026-07-11
2026-06-04,38.991651,-77.038436,Ward 4,
2026-06-04,38.943474,-77.082486,Ward 3,2026-07-11
2026-06-04,38.937751,-77.033985,Ward 4,
2026-06-04,38.955773,-77.082245,Ward 3,
2026-06-04,38.953483,-77.080545,Ward 3,
2026-06-04,38.856367,-76.975147,Ward 8,
2026-06-04,38.869886,-77.010133,Ward 6,2026-06-10
2026-06-04,38.950824,-77.081807,Ward 3,
2026-06-04,38.951677,-77.090850,Ward 3,2026-08-12
2026-06-04,38.855996,-76.974075,Ward 8,
2026-06-04,38.855871,-76.973875,Ward 8,
2026-06-04,38.855624,-76.973459,Ward 8,
2026-06-04,38.855114,-76.973344,Ward 8,2026-06-16
2026-06-04,38.946386,-76.977718,Ward 5,2026-06-09
2026-06-04,38.970147,-77.025597,Ward 4,2026-08-18
2026-06-04,38.944391,-77.030503,Ward 4,2026-08-12
2026-06-04,38.904436,-77.048631,Ward 2,2026-07-27
2026-06-05,38.936497,-77.068961,Ward 3,
2026-06-05,38.972098,-77.029258,Ward 4,2026-09-10
2026-06-05,38.914700,-77.032671,Ward 2,
2026-06-05,38.902015,-77.050337,Ward 2,2026-08-28
2026-06-05,38.917247,-77.036904,Ward 1,
2026-06-05,38.953955,-77.008732,Ward 5,2026-06-09
2026-06-05,38.953955,-77.008732,Ward 5,2026-06-17
2026-06-05,38.843501,-76.995332,Ward 8,2026-06-29
2026-06-05,38.890100,-76.981788,Ward 7,2026-07-07
2026-06-05,38.924908,-77.037265,Ward 1,2026-06-08
2026-06-05,38.846181,-76.971426,Ward 8,2026-07-16
2026-06-05,38.962985,-77.010691,Ward 4,2026-06-12
2026-06-05,38.890110,-76.981039,Ward 7,2026-06-08
2026-06-05,38.919311,-77.061071,Ward 3,
2026-06-05,38.917356,-77.055565,Ward 2,
2026-06-05,38.930769,-77.038161,Ward 1,2026-06-15
2026-06-05,38.928427,-77.072284,Ward 3,2026-06-16
2026-06-05,38.933217,-77.077279,Ward 3,2026-06-16
2026-06-05,38.890091,-76.981559,Ward 7,2026-06-08
2026-06-05,38.933686,-77.076778,Ward 3,2026-06-08
2026-06-05,38.933451,-76.975997,Ward 5,2026-06-12
2026-06-05,38.934856,-77.037493,Ward 1,2026-06-16
2026-06-05,38.934726,-77.035072,Ward 1,2026-06-24
2026-06-05,38.863196,-76.982685,Ward 8,2026-06-18
2026-06-05,38.978232,-77.026767,Ward 4,2026-06-08
2026-06-06,38.917290,-77.047536,Ward 2,
2026-06-06,38.978232,-77.026767,Ward 4,2026-06-08
2026-06-06,38.976093,-77.028164,Ward 4,2026-06-22
2026-06-06,38.977128,-77.026233,Ward 4,2026-06-08
2026-06-06,38.939484,-76.988966,Ward 5,
2026-06-06,38.943914,-77.023235,Ward 4,
2026-06-06,38.944230,-77.023665,Ward 4,2026-06-22
2026-06-06,38.894634,-76.985919,Ward 6,2026-06-10
2026-06-06,38.894501,-77.000355,Ward 6,
2026-06-06,38.917196,-77.011897,Ward 5,2026-07-06
2026-06-07,38.889483,-76.981404,Ward 7,2026-06-08
2026-06-07,38.869627,-76.981994,Ward 8,
2026-06-07,38.910973,-77.012363,Ward 5,2026-06-10
2026-06-07,38.957971,-77.088951,Ward 3,2026-06-11
2026-06-07,38.969744,-77.025138,Ward 4,2026-06-08
2026-06-07,38.969744,-77.025138,Ward 4,2026-06-08
2026-06-07,38.981140,-77.030066,Ward 4,2026-06-10
2026-06-07,38.904475,-77.016480,Ward 6,2026-06-16
2026-06-08,38.976093,-77.028164,Ward 4,2026-06-08
2026-06-08,38.882426,-76.991353,Ward 6,2026-06-10
2026-06-08,38.976093,-77.028164,Ward 4,2026-06-08
2026-06-08,38.865398,-76.945022,Ward 7,2026-06-30
2026-06-08,38.925418,-77.050522,Ward 3,2026-06-11
2026-06-08,38.879620,-76.981007,Ward 6,2026-07-09
2026-06-08,38.866636,-76.981009,Ward 8,2026-06-10
2026-06-08,38.844518,-77.000045,Ward 8,2026-06-18
2026-06-08,38.925358,-76.993338,Ward 5,2026-06-09
2026-06-08,38.943163,-77.088634,Ward 3,
2026-06-08,38.906974,-76.929462,Ward 7,
2026-06-08,38.922759,-77.033769,Ward 1,2026-07-07
2026-06-08,38.922759,-77.033769,Ward 1,2026-06-09
2026-06-08,38.919015,-77.044219,Ward 1,2026-08-21
2026-06-08,38.879969,-76.945356,Ward 7,2026-06-09
2026-06-08,38.908840,-77.015419,Ward 5,2026-06-24
2026-06-08,38.978232,-77.026767,Ward 4,2026-06-09
2026-06-08,38.981140,-77.030066,Ward 4,2026-06-09
2026-06-08,38.975531,-77.027237,Ward 4,2026-06-09
2026-06-08,38.860661,-76.997691,Ward 8,2026-07-02
2026-06-09,38.901127,-77.006849,Ward 6,
2026-06-09,38.916848,-77.037038,Ward 2,2026-06-22
2026-06-09,38.843146,-76.997676,Ward 8,2026-06-30
2026-06-09,38.899100,-77.001860,Ward 6,
2026-06-09,38.872215,-76.966216,Ward 7,2026-06-22
2026-06-09,38.871726,-76.972937,Ward 8,
2026-06-09,38.895426,-77.014071,Ward 6,2026-07-27
2026-06-09,38.911865,-77.017095,Ward 2,2026-07-20
2026-06-09,38.890506,-76.999194,Ward 6,
2026-06-09,38.870800,-76.960570,Ward 7,2026-06-10
2026-06-09,38.928816,-77.041306,Ward 1,2026-06-10
2026-06-09,38.924774,-77.054686,Ward 3,
2026-06-09,38.899976,-76.982460,Ward 7,2026-06-15
2026-06-09,38.929026,-77.073736,Ward 3,
2026-06-09,38.897500,-77.023037,Ward 2,
2026-06-09,38.991244,-77.038155,Ward 4,2026-06-22
2026-06-09,38.990431,-77.043383,Ward 4,
2026-06-09,38.984459,-77.029684,Ward 4,2026-06-13
2026-06-09,38.907025,-76.928358,Ward 7,2026-07-20
2026-06-09,38.917983,-77.044133,Ward 1,2026-06-12
2026-06-09,38.949874,-77.095804,Ward 3,2026-06-11
2026-06-09,38.978232,-77.026767,Ward 4,2026-06-10
2026-06-10,38.880032,-76.983862,Ward 6,
2026-06-10,38.870239,-76.977607,Ward 8,2026-06-10
2026-06-10,38.955276,-77.017520,Ward 4,2026-06-22
2026-06-10,38.955438,-77.017761,Ward 4,2026-07-02
2026-06-10,38.923817,-77.051323,Ward 3,
2026-06-10,38.904815,-76.997829,Ward 6,2026-09-03
2026-06-10,38.924799,-77.051928,Ward 3,
2026-06-10,38.923869,-77.053221,Ward 3,
2026-06-10,38.939307,-76.997799,Ward 5,2026-07-06
2026-06-10,38.902941,-76.944651,Ward 7,2026-06-10
2026-06-10,38.889802,-76.992088,Ward 6,
2026-06-10,38.904647,-76.943405,Ward 7,2026-06-12
2026-06-10,38.908341,-77.001086,Ward 5,
2026-06-10,38.961472,-77.016454,Ward 4,
2026-06-10,38.856497,-76.974884,Ward 8,2026-08-20
2026-06-10,38.936162,-77.061439,Ward 3,2026-06-10
2026-06-10,38.914427,-77.015144,Ward 5,2026-06-10
2026-06-10,38.917711,-77.004969,Ward 5,2026-07-23
2026-06-10,38.961266,-77.001888,Ward 4,
2026-06-10,38.928813,-77.018918,Ward 1,
2026-06-10,38.953338,-77.056577,Ward 3,2026-06-11
2026-06-10,38.869284,-76.966022,Ward 7,2026-06-11
2026-06-10,38.843109,-76.998450,Ward 8,2026-06-30
2026-06-10,38.887787,-76.932294,Ward 7,2026-06-12
2026-06-10,38.842943,-77.000581,Ward 8,2026-08-24
2026-06-10,38.841879,-77.000572,Ward 8,2026-07-02
2026-06-10,38.841879,-77.000572,Ward 8,2026-07-06
2026-06-10,38.961170,-77.016431,Ward 4,2026-06-23
2026-06-10,38.904204,-77.016781,Ward 6,2026-06-16
2026-06-10,38.908895,-77.005415,Ward 5,2026-07-29
2026-06-11,38.938152,-76.975969,Ward 5,
2026-06-11,38.978232,-77.026767,Ward 4,2026-06-11
2026-06-11,38.935781,-77.087728,Ward 3,
2026-06-11,38.976016,-77.027333,Ward 4,2026-07-09
2026-06-11,38.977128,-77.026233,Ward 4,2026-06-11
2026-06-11,38.887585,-76.932771,Ward 7,2026-06-12
2026-06-11,38.952663,-77.069486,Ward 3,
2026-06-11,38.885859,-77.002542,Ward 6,2026-06-11
2026-06-11,38.942112,-77.025333,Ward 4,2026-08-18
2026-06-11,38.954342,-77.013304,Ward 4,
2026-06-11,38.834178,-76.995493,Ward 8,2026-06-15
2026-06-11,38.892547,-77.002043,Ward 6,
2026-06-11,38.840393,-77.000573,Ward 8,2026-06-29
2026-06-11,38.953146,-77.080476,Ward 3,
2026-06-11,38.933686,-77.076778,Ward 3,2026-06-22
2026-06-11,38.955292,-77.029426,Ward 4,2026-06-22
2026-06-11,38.977581,-77.024225,Ward 4,2026-06-11
2026-06-11,38.958136,-77.029437,Ward 4,2026-06-22
2026-06-11,38.880197,-76.940990,Ward 7,
2026-06-11,38.922089,-77.055199,Ward 3,2026-08-21
2026-06-11,38.929224,-77.062622,Ward 3,
2026-06-11,38.846641,-76.996630,Ward 8,2026-06-11
2026-06-11,38.924770,-77.058071,Ward 3,
2026-06-11,38.961217,-77.079873,Ward 3,
2026-06-11,38.967392,-77.071298,Ward 3,2026-07-07
2026-06-11,38.962251,-77.081738,Ward 3,
2026-06-11,38.868735,-76.964546,Ward 7,2026-06-30
2026-06-11,38.836163,-76.990829,Ward 8,2026-06-22
2026-06-11,38.897329,-77.017555,Ward 6,2026-06-12
2026-06-11,38.923717,-77.052366,Ward 3,2026-07-28
2026-06-12,38.907424,-77.010579,Ward 5,2026-06-24
2026-06-12,38.917143,-77.011964,Ward 5,2026-08-14
2026-06-12,38.917196,-77.011897,Ward 5,2026-08-14
2026-06-12,38.926310,-77.044261,Ward 1,2026-06-12
2026-06-12,38.926009,-77.044271,Ward 1,2026-07-02
2026-06-12,38.950843,-77.083984,Ward 3,
2026-06-12,38.912426,-77.085047,Ward 3,
2026-06-12,38.926009,-77.044271,Ward 1,2026-06-12
2026-06-12,38.926310,-77.044261,Ward 1,2026-06-12
2026-06-12,38.877828,-76.942547,Ward 7,2026-06-12
2026-06-12,38.934756,-77.028925,Ward 1,2026-07-01
2026-06-12,38.955438,-77.017761,Ward 4,2026-06-22
2026-06-12,38.900835,-76.934001,Ward 7,2026-07-01
2026-06-12,38.884859,-77.016735,Ward 6,
2026-06-12,38.900739,-76.950299,Ward 7,
2026-06-12,38.960602,-76.997307,Ward 4,
2026-06-12,38.889000,-76.988314,Ward 6,2026-06-15
2026-06-12,38.933039,-77.046430,Ward 1,
2026-06-12,38.961543,-77.002968,Ward 4,
2026-06-12,38.951815,-77.013146,Ward 4,
2026-06-12,38.904815,-76.997829,Ward 6,
2026-06-12,38.957844,-77.007612,Ward 4,2026-07-01
2026-06-12,38.904558,-76.985032,Ward 5,
2026-06-12,38.905461,-77.016000,Ward 2,
2026-06-12,38.857361,-76.985387,Ward 8,2026-08-07
2026-06-12,38.914170,-77.072481,Ward 2,
2026-06-12,38.926009,-77.044271,Ward 1,2026-06-15
2026-06-12,38.926310,-77.044261,Ward 1,2026-06-15
2026-06-12,38.924994,-77.044407,Ward 1,2026-06-15
2026-06-13,38.926310,-77.044261,Ward 1,2026-06-15
2026-06-13,38.945743,-77.017306,Ward 4,2026-06-22
2026-06-13,38.894783,-76.994962,Ward 6,2026-06-15
2026-06-13,38.977128,-77.026233,Ward 4,2026-06-16
2026-06-13,38.894667,-76.994733,Ward 6,2026-06-15
2026-06-13,38.903954,-76.938872,Ward 7,2026-07-28
2026-06-13,38.965644,-77.020117,Ward 4,2026-06-15
2026-06-14,38.919353,-77.028669,Ward 1,2026-06-30
2026-06-14,38.919755,-77.000569,Ward 5,2026-07-17
2026-06-14,38.952904,-77.029697,Ward 4,2026-06-22
2026-06-14,38.926009,-77.044271,Ward 1,2026-06-15
2026-06-14,38.926310,-77.044261,Ward 1,2026-06-16
2026-06-14,38.859885,-76.958655,Ward 7,
2026-06-14,38.881885,-76.927068,Ward 7,2026-07-09
2026-06-14,38.981140,-77.030066,Ward 4,2026-06-16
2026-06-14,38.976064,-77.019521,Ward 4,2026-06-16
2026-06-14,38.976093,-77.028164,Ward 4,2026-06-15
2026-06-14,38.894783,-76.994962,Ward 6,2026-06-15
2026-06-14,38.894898,-76.994755,Ward 6,2026-06-15
2026-06-14,38.926310,-77.044261,Ward 1,2026-06-15
2026-06-14,38.913855,-77.067692,Ward 2,
2026-06-14,38.944344,-77.003933,Ward 5,2026-06-15
2026-06-14,38.926310,-77.044261,Ward 1,2026-06-15
2026-06-14,38.844671,-76.988504,Ward 8,2026-08-12
2026-06-14,38.843236,-76.988506,Ward 8,2026-06-15
2026-06-14,38.841855,-76.988505,Ward 8,2026-07-31
2026-06-14,38.926009,-77.044271,Ward 1,2026-06-16
2026-06-14,38.838805,-76.993563,Ward 8,
2026-06-14,38.838331,-76.996480,Ward 8,
2026-06-15,38.977128,-77.026233,Ward 4,2026-06-16
2026-06-15,38.944466,-77.003666,Ward 5,2026-06-15
2026-06-15,38.928169,-77.036921,Ward 1,2026-06-17
2026-06-15,38.919387,-76.986729,Ward 5,2026-08-31
2026-06-15,38.921051,-76.989241,Ward 5,2026-06-17
2026-06-15,38.919387,-76.986729,Ward 5,2026-08-31
2026-06-15,38.919387,-76.986729,Ward 5,2026-07-08
2026-06-15,38.920493,-76.989246,Ward 5,2026-06-17
2026-06-15,38.914932,-77.072788,Ward 2,
2026-06-15,38.920907,-77.073527,Ward 3,2026-08-05
2026-06-15,38.930095,-77.038138,Ward 1,2026-06-26
2026-06-15,38.858863,-76.987722,Ward 8,2026-06-24
2026-06-15,38.952242,-77.014675,Ward 4,2026-06-22
2026-06-15,38.962356,-77.074649,Ward 3,2026-08-24
2026-06-15,38.899269,-76.922774,Ward 7,2026-06-15
2026-06-15,38.895832,-76.996398,Ward 6,2026-07-17
2026-06-15,38.944897,-77.007250,Ward 5,2026-06-24
2026-06-15,38.929148,-76.964919,Ward 5,2026-06-18
2026-06-15,38.912054,-77.016802,Ward 5,2026-06-22
2026-06-15,38.903655,-77.057587,Ward 2,2026-07-07
2026-06-15,38.978232,-77.026767,Ward 4,2026-06-16
2026-06-15,38.864774,-76.952215,Ward 7,
2026-06-15,38.976016,-77.027333,Ward 4,2026-07-09
2026-06-15,38.977128,-77.026233,Ward 4,2026-06-16
2026-06-15,38.929299,-76.976456,Ward 5,
2026-06-15,38.976093,-77.028164,Ward 4,2026-06-16
2026-06-15,38.977128,-77.026233,Ward 4,2026-06-16
2026-06-15,38.947607,-77.079947,Ward 3,2026-06-15
2026-06-15,38.947607,-77.079947,Ward 3,2026-06-16
2026-06-15,38.946578,-77.080698,Ward 3,2026-06-29
2026-06-15,38.948243,-77.080154,Ward 3,2026-06-16
2026-06-15,38.947607,-77.079947,Ward 3,2026-06-16
2026-06-15,38.947448,-77.079149,Ward 3,2026-06-16
2026-06-15,38.947262,-77.078952,Ward 3,
2026-06-15,38.947711,-77.082245,Ward 3,2026-06-16
2026-06-15,38.964764,-77.020542,Ward 4,
2026-06-15,38.946071,-77.082514,Ward 3,2026-06-16
2026-06-15,38.946543,-77.082314,Ward 3,2026-08-20
2026-06-15,38.946486,-77.081809,Ward 3,2026-06-16
2026-06-15,38.946071,-77.082514,Ward 3,
2026-06-15,38.947711,-77.082245,Ward 3,
2026-06-15,38.947591,-77.082458,Ward 3,2026-06-18
2026-06-15,38.947721,-77.082883,Ward 3,2026-08-27
2026-06-15,38.948286,-77.079471,Ward 3,
2026-06-15,38.948175,-77.080823,Ward 3,
2026-06-15,38.947550,-77.080995,Ward 3,
2026-06-15,38.946486,-77.081809,Ward 3,2026-06-22
2026-06-15,38.946486,-77.081809,Ward 3,2026-06-16
2026-06-15,38.908414,-77.006628,Ward 5,2026-06-22
2026-06-15,38.909346,-77.028726,Ward 2,2026-06-22
2026-06-15,38.878455,-77.018928,Ward 6,2026-06-17
2026-06-15,38.937211,-77.038621,Ward 4,2026-06-17
2026-06-15,38.933039,-77.046430,Ward 1,2026-06-17
2026-06-15,38.930544,-77.038287,Ward 1,
2026-06-15,38.930544,-77.038287,Ward 1,2026-06-22
2026-06-16,38.905988,-77.071181,Ward 2,
2026-06-16,38.932469,-77.039169,Ward 1,2026-06-26
2026-06-16,38.919631,-76.986774,Ward 5,2026-06-22
2026-06-16,38.921309,-77.004220,Ward 5,2026-07-08
2026-06-16,38.954660,-77.013316,Ward 4,
2026-06-16,38.925613,-77.026555,Ward 1,2026-07-28
2026-06-16,38.896103,-76.934241,Ward 7,
2026-06-16,38.883773,-76.996179,Ward 6,
2026-06-16,38.837555,-76.998431,Ward 8,
2026-06-16,38.837555,-76.998431,Ward 8,2026-06-16
2026-06-16,38.929181,-76.979634,Ward 5,
2026-06-16,38.836291,-77.000759,Ward 8,2026-06-17
2026-06-16,38.913765,-77.017780,Ward 2,2026-06-22
2026-06-16,38.893446,-76.910732,Ward 7,
2026-06-16,38.959854,-77.071637,Ward 3,2026-06-16
2026-06-16,38.922582,-77.033947,Ward 1,
2026-06-16,38.923481,-77.044550,Ward 1,2026-06-24
2026-06-16,38.923239,-77.044696,Ward 1,2026-06-17
2026-06-16,38.920499,-77.074297,Ward 3,
2026-06-16,38.920865,-77.073972,Ward 3,2026-08-05
2026-06-16,38.835312,-77.000629,Ward 8,2026-07-31
2026-06-16,38.836291,-77.000759,Ward 8,2026-06-18
2026-06-16,38.835312,-77.000629,Ward 8,2026-06-18
2026-06-16,38.940967,-77.058631,Ward 3,
2026-06-16,38.950336,-77.021782,Ward 4,2026-07-01
2026-06-16,38.990629,-77.045551,Ward 4,
2026-06-16,38.991161,-77.046641,Ward 4,2026-06-18
2026-06-16,38.961482,-77.000790,Ward 4,2026-06-16
2026-06-16,38.932514,-76.972512,Ward 5,2026-06-16
2026-06-16,38.925878,-77.037016,Ward 1,2026-06-26
2026-06-16,38.879691,-76.986227,Ward 6,2026-07-13
2026-06-16,38.978232,-77.026767,Ward 4,2026-06-16
2026-06-16,38.977128,-77.026233,Ward 4,2026-06-16
2026-06-16,38.977128,-77.026233,Ward 4,2026-06-16
2026-06-16,38.976093,-77.028164,Ward 4,2026-06-16
2026-06-16,38.976016,-77.027333,Ward 4,2026-06-16
2026-06-16,38.961775,-77.002544,Ward 4,
2026-06-16,38.955294,-77.029970,Ward 4,2026-06-18
2026-06-16,38.948473,-77.006487,Ward 5,
2026-06-16,38.940334,-77.036780,Ward 4,
2026-06-16,38.920899,-77.072199,Ward 3,
2026-06-16,38.890091,-76.981559,Ward 7,2026-06-18
2026-06-16,38.889514,-76.981004,Ward 7,2026-06-17
2026-06-16,38.976064,-77.019521,Ward 4,2026-07-01
2026-06-17,38.975531,-77.027237,Ward 4,2026-07-02
2026-06-17,38.903477,-76.944296,Ward 7,2026-06-17
2026-06-17,38.925082,-77.025124,Ward 1,2026-06-17
2026-06-17,38.946076,-77.017059,Ward 4,2026-06-18
2026-06-17,38.887277,-76.932835,Ward 7,2026-06-17
2026-06-17,38.929476,-77.107387,Ward 3,2026-06-18
2026-06-17,38.896871,-77.003233,Ward 6,2026-07-27
2026-06-17,38.897512,-77.002848,Ward 6,
2026-06-17,38.899100,-77.001860,Ward 6,2026-07-27
2026-06-17,38.931545,-77.021569,Ward 1,2026-06-18
2026-06-17,38.899086,-77.002804,Ward 6,2026-07-27
2026-06-17,38.899096,-77.002674,Ward 6,2026-07-27
2026-06-17,38.894031,-76.989954,Ward 6,2026-06-18
2026-06-17,38.909844,-77.014494,Ward 5,
2026-06-17,38.964553,-77.035567,Ward 4,
2026-06-17,38.862725,-76.951152,Ward 7,2026-06-17
2026-06-17,38.897842,-77.029980,Ward 2,
2026-06-17,38.908571,-77.021914,Ward 2,2026-06-18
2026-06-17,38.888179,-76.917094,Ward 7,2026-06-17
2026-06-17,38.900384,-76.977266,Ward 5,2026-06-17
2026-06-17,38.973396,-77.017600,Ward 4,2026-06-18
2026-06-17,38.900208,-77.039448,Ward 2,2026-06-18
2026-06-17,38.978232,-77.026767,Ward 4,2026-06-18
2026-06-18,38.862320,-76.991966,Ward 8,2026-07-20
2026-06-18,38.910487,-77.034783,Ward 2,2026-06-29
2026-06-18,38.897747,-77.003307,Ward 6,2026-06-18
2026-06-18,38.934625,-77.033021,Ward 1,2026-06-18
2026-06-18,38.925956,-77.053360,Ward 3,2026-06-18
2026-06-18,38.978232,-77.026767,Ward 4,2026-06-18
2026-06-18,38.977128,-77.026233,Ward 4,2026-06-18
2026-06-18,38.870800,-76.960570,Ward 7,
2026-06-18,38.991785,-77.038028,Ward 4,2026-06-18
2026-06-18,38.912915,-76.935755,Ward 7,2026-07-07
2026-06-18,38.963961,-77.003111,Ward 4,2026-07-02
2026-06-18,38.915188,-77.043725,Ward 2,
2026-06-18,38.915188,-77.043725,Ward 2,
2026-06-18,38.953335,-77.017910,Ward 4,2026-07-01
2026-06-18,38.935733,-77.057922,Ward 3,2026-06-22
2026-06-18,38.938475,-76.973956,Ward 5,
2026-06-18,38.954571,-77.015775,Ward 4,2026-06-22
2026-06-18,38.954636,-77.013826,Ward 4,2026-06-22
2026-06-18,38.906503,-77.035509,Ward 2,2026-08-27
2026-06-18,38.870194,-76.942889,Ward 7,2026-06-22
2026-06-18,38.923925,-76.983805,Ward 5,2026-06-22
2026-06-18,38.860981,-76.990277,Ward 8,2026-06-18
2026-06-18,38.931936,-76.973362,Ward 5,
2026-06-18,38.965690,-77.007891,Ward 4,
2026-06-18,38.944125,-77.078999,Ward 3,
2026-06-18,38.883349,-76.942662,Ward 7,2026-06-18
2026-06-18,38.905133,-77.053526,Ward 2,2026-06-22
2026-06-18,38.944125,-77.078999,Ward 3,2026-06-22
2026-06-18,38.943781,-77.079392,Ward 3,2026-06-22
2026-06-18,38.944125,-77.078999,Ward 3,2026-06-22
2026-06-18,38.944125,-77.078999,Ward 3,2026-06-22
2026-06-18,38.932404,-77.075896,Ward 3,2026-06-22
2026-06-18,38.919801,-76.986083,Ward 5,2026-06-22
2026-06-18,38.897132,-77.003284,Ward 6,2026-06-24
2026-06-18,38.911985,-77.016777,Ward 5,2026-06-22
2026-06-18,38.924971,-77.031809,Ward 1,2026-08-13
2026-06-18,38.857457,-76.960493,Ward 7,2026-06-22
2026-06-18,38.895201,-76.957505,Ward 7,
2026-06-18,38.893063,-77.047771,Ward 2,2026-07-06
2026-06-18,38.901336,-77.034593,Ward 2,
2026-06-19,38.907473,-77.038101,Ward 2,
2026-06-19,38.897172,-77.051485,Ward 2,2026-06-22
2026-06-19,38.959726,-77.024196,Ward 4,2026-06-22
2026-06-19,38.923624,-77.080509,Ward 3,
2026-06-19,38.978232,-77.026767,Ward 4,2026-06-22
2026-06-19,38.922400,-77.077287,Ward 3,2026-06-29
2026-06-19,38.976016,-77.027333,Ward 4,2026-08-27
2026-06-19,38.908225,-76.932003,Ward 7,2026-06-22
2026-06-19,38.976093,-77.028164,Ward 4,2026-06-22
2026-06-19,38.977128,-77.026233,Ward 4,2026-06-22
2026-06-19,38.905164,-77.006291,Ward 6,2026-06-22
2026-06-19,38.942140,-77.030021,Ward 4,2026-06-22
2026-06-19,38.886186,-76.998268,Ward 6,2026-06-22
2026-06-20,38.895970,-76.992409,Ward 6,2026-06-22
2026-06-20,38.907473,-77.038101,Ward 2,2026-08-03
2026-06-20,38.913693,-77.015857,Ward 5,2026-07-17
2026-06-20,38.945376,-77.077812,Ward 3,2026-06-25
2026-06-20,38.926250,-77.009036,Ward 5,2026-06-29
2026-06-21,38.907418,-76.930001,Ward 7,2026-06-22
2026-06-21,38.911063,-77.068052,Ward 2,2026-06-24
2026-06-21,38.961013,-77.056201,Ward 3,
2026-06-21,38.933039,-77.046430,Ward 1,2026-07-07
2026-06-21,38.924289,-77.010803,Ward 5,2026-08-20
2026-06-21,38.978232,-77.026767,Ward 4,2026-07-02
2026-06-21,38.940334,-77.015103,Ward 4,
2026-06-21,38.975531,-77.027237,Ward 4,2026-06-22
2026-06-21,38.977128,-77.026233,Ward 4,2026-06-22
2026-06-21,38.976016,-77.027333,Ward 4,2026-08-27
2026-06-21,38.975531,-77.027237,Ward 4,2026-06-22
2026-06-21,38.976093,-77.028164,Ward 4,2026-06-22
2026-06-21,38.933220,-76.981421,Ward 5,2026-06-25
2026-06-22,38.900211,-77.017286,Ward 6,2026-06-22
2026-06-22,38.925066,-77.050527,Ward 3,
2026-06-22,38.954923,-77.006638,Ward 5,2026-07-09
2026-06-22,38.954923,-77.006638,Ward 5,2026-06-22
2026-06-22,38.937415,-77.031224,Ward 4,2026-06-22
2026-06-22,38.874789,-76.938099,Ward 7,
2026-06-22,38.879283,-77.005873,Ward 6,2026-07-23
2026-06-22,38.922662,-77.034249,Ward 1,2026-07-07
2026-06-22,38.846137,-76.971434,Ward 8,2026-09-03
2026-06-22,38.931259,-77.039044,Ward 1,2026-06-26
2026-06-22,38.928449,-77.022934,Ward 1,2026-06-29
2026-06-22,38.978232,-77.026767,Ward 4,2026-06-22
2026-06-22,38.910204,-77.034925,Ward 2,2026-06-29
2026-06-22,38.910386,-77.034556,Ward 2,
2026-06-22,38.976016,-77.027333,Ward 4,2026-08-27
2026-06-22,38.825053,-77.012084,Ward 8,2026-06-22
2026-06-22,38.912171,-77.034819,Ward 2,2026-06-24
2026-06-22,38.977128,-77.026233,Ward 4,2026-06-22
2026-06-22,38.912609,-77.034550,Ward 2,
2026-06-22,38.907380,-76.928738,Ward 7,2026-06-23
2026-06-22,38.907380,-76.928738,Ward 7,2026-06-23
2026-06-22,38.923197,-77.027830,Ward 1,2026-06-22
2026-06-22,38.846461,-76.971636,Ward 8,2026-09-03
2026-06-22,38.976093,-77.028164,Ward 4,2026-06-23
2026-06-22,38.876739,-76.965252,Ward 7,
2026-06-22,38.931384,-76.994965,Ward 5,2026-07-28
2026-06-22,38.932551,-76.986908,Ward 5,2026-06-23
2026-06-22,38.867163,-76.947355,Ward 7,2026-06-26
2026-06-22,38.955336,-77.027392,Ward 4,2026-07-28
2026-06-22,38.920179,-77.032235,Ward 1,2026-06-22
2026-06-22,38.919651,-77.032329,Ward 1,2026-06-23
2026-06-22,38.905133,-77.053526,Ward 2,2026-08-17
2026-06-22,38.916848,-77.037038,Ward 2,2026-08-03
2026-06-22,38.977128,-77.026233,Ward 4,2026-06-23
2026-06-23,38.885568,-76.981630,Ward 7,2026-08-28
2026-06-23,38.947972,-77.078932,Ward 3,2026-09-01
2026-06-23,38.909469,-77.028685,Ward 2,2026-07-27
2026-06-23,38.907419,-76.930817,Ward 7,2026-06-23
2026-06-23,38.924289,-77.010803,Ward 5,2026-08-20
2026-06-23,38.929936,-77.114206,Ward 3,2026-06-25
2026-06-23,38.888886,-76.995634,Ward 6,
2026-06-23,38.953585,-77.012364,Ward 4,2026-07-06
2026-06-23,38.890080,-76.992321,Ward 6,2026-06-23
2026-06-23,38.910487,-77.034783,Ward 2,2026-06-24
2026-06-23,38.942982,-77.015676,Ward 4,2026-07-28
2026-06-23,38.874781,-77.010082,Ward 6,2026-06-29
2026-06-23,38.830269,-76.997362,Ward 8,2026-06-23
2026-06-23,38.833203,-76.994184,Ward 8,2026-06-23
2026-06-23,38.914224,-77.014724,Ward 5,2026-06-23
2026-06-23,38.968893,-77.010286,Ward 4,
2026-06-23,38.886824,-76.947751,Ward 7,2026-06-23
2026-06-23,38.887158,-76.934614,Ward 7,2026-07-28
2026-06-23,38.930578,-76.995934,Ward 5,2026-06-23
2026-06-23,38.937939,-77.085888,Ward 3,2026-06-30
2026-06-23,38.894445,-77.042600,Ward 2,
2026-06-23,38.830775,-76.997229,Ward 8,2026-08-28
2026-06-23,38.830779,-76.997050,Ward 8,2026-08-28
2026-06-23,38.905469,-77.016356,Ward 2,
2026-06-23,38.913312,-77.085006,Ward 3,2026-07-02
2026-06-23,38.892616,-77.042661,Ward 2,
2026-06-23,38.902932,-77.037051,Ward 2,2026-06-24
2026-06-23,38.960873,-77.033653,Ward 4,2026-07-28
2026-06-23,38.979392,-77.033412,Ward 4,2026-07-07
2026-06-23,38.886994,-76.918396,Ward 7,2026-08-21
2026-06-23,38.978197,-77.026881,Ward 4,2026-06-26
2026-06-23,38.885061,-76.990519,Ward 6,2026-06-26
2026-06-24,38.893033,-76.980968,Ward 7,
2026-06-24,38.845313,-77.001704,Ward 8,
2026-06-24,38.845313,-77.001704,Ward 8,2026-06-26
2026-06-24,38.868396,-76.983806,Ward 8,2026-06-24
2026-06-24,38.976064,-77.019521,Ward 4,2026-07-02
2026-06-24,38.872667,-76.979214,Ward 8,2026-06-25
2026-06-24,38.974506,-77.018481,Ward 4,
2026-06-24,38.918297,-77.001448,Ward 5,2026-06-25
2026-06-24,38.834915,-76.989723,Ward 8,2026-07-01
2026-06-24,38.877922,-76.939030,Ward 7,2026-06-24
2026-06-24,38.944057,-77.013579,Ward 4,
2026-06-24,38.943517,-77.012809,Ward 4,2026-06-25
2026-06-24,38.898584,-76.920158,Ward 7,2026-06-25
2026-06-24,38.964234,-77.075620,Ward 3,
2026-06-24,38.962896,-77.073957,Ward 3,2026-09-03
2026-06-24,38.939354,-77.060075,Ward 3,
2026-06-24,38.937377,-77.060002,Ward 3,
2026-06-24,38.963238,-77.074254,Ward 3,
2026-06-24,38.898128,-76.919885,Ward 7,2026-06-25
2026-06-24,38.898128,-76.919885,Ward 7,2026-06-25
2026-06-24,38.922704,-77.022583,Ward 1,2026-06-26
2026-06-24,38.934057,-77.037945,Ward 1,2026-06-25
2026-06-24,38.887954,-77.026444,Ward 2,2026-06-30
2026-06-24,38.953098,-77.029050,Ward 4,
2026-06-24,38.950418,-76.989836,Ward 5,
2026-06-24,38.933962,-77.037630,Ward 1,2026-06-25
2026-06-24,38.884470,-76.996479,Ward 6,
2026-06-24,38.897345,-77.033645,Ward 2,2026-06-25
2026-06-24,38.934057,-77.037945,Ward 1,2026-06-25
2026-06-24,38.934057,-77.037945,Ward 1,2026-09-02
2026-06-24,38.978232,-77.026767,Ward 4,2026-06-25
2026-06-24,38.933962,-77.037630,Ward 1,2026-06-25
2026-06-25,38.976093,-77.028164,Ward 4,2026-06-25
2026-06-25,38.900616,-76.925063,Ward 7,
2026-06-25,38.902578,-76.936899,Ward 7,2026-06-25
2026-06-25,38.916883,-77.017351,Ward 1,2026-06-25
2026-06-25,38.900414,-77.042029,Ward 2,2026-07-13
2026-06-25,38.933856,-77.037911,Ward 1,2026-06-25
2026-06-25,38.934057,-77.037945,Ward 1,2026-06-25
2026-06-25,38.865143,-76.951508,Ward 7,
2026-06-25,38.940606,-77.023508,Ward 4,2026-06-26
2026-06-25,38.905418,-76.984985,Ward 5,2026-06-30
2026-06-25,38.938149,-76.973972,Ward 5,2026-07-29
2026-06-25,38.866208,-76.946541,Ward 7,2026-06-25
2026-06-25,38.892307,-76.942361,Ward 7,2026-06-25
2026-06-25,38.928611,-77.073162,Ward 3,2026-07-10
2026-06-25,38.888461,-76.977770,Ward 7,2026-06-25
2026-06-25,38.904192,-77.053012,Ward 2,
2026-06-25,38.904782,-77.053032,Ward 2,2026-06-25
2026-06-25,38.934057,-77.037945,Ward 1,2026-06-25
2026-06-25,38.948427,-77.006470,Ward 5,
2026-06-25,38.921023,-76.989720,Ward 5,
2026-06-25,38.856319,-76.975189,Ward 8,2026-06-25
2026-06-25,38.949568,-77.026546,Ward 4,2026-06-25
2026-06-25,38.904436,-77.048631,Ward 2,
2026-06-25,38.935962,-77.029963,Ward 1,
2026-06-25,38.897344,-77.025984,Ward 2,
2026-06-25,38.878022,-76.966066,Ward 7,
2026-06-25,38.899071,-76.995850,Ward 6,2026-06-25
2026-06-25,38.951645,-77.063922,Ward 3,
2026-06-25,38.894616,-76.957223,Ward 7,2026-06-25
2026-06-25,38.905911,-77.026789,Ward 2,2026-08-31
2026-06-25,38.928589,-77.037532,Ward 1,2026-08-20
2026-06-25,38.878479,-76.942565,Ward 7,2026-06-25
2026-06-25,38.875478,-77.011586,Ward 6,2026-06-25
2026-06-25,38.933382,-77.024957,Ward 1,2026-06-25
2026-06-25,38.932339,-76.978240,Ward 5,2026-06-25
2026-06-25,38.974177,-77.068118,Ward 4,2026-06-26
2026-06-25,38.973062,-77.065106,Ward 4,2026-06-26
2026-06-25,38.881696,-76.928113,Ward 7,2026-06-29
2026-06-25,38.973009,-77.063871,Ward 4,2026-06-26
2026-06-25,38.970035,-77.060032,Ward 4,2026-06-26
2026-06-25,38.920869,-77.078589,Ward 3,
2026-06-25,38.919626,-77.078527,Ward 3,
2026-06-25,38.920877,-77.079547,Ward 3,
2026-06-25,38.924873,-77.071167,Ward 3,2026-06-26
2026-06-25,38.855666,-76.973531,Ward 8,2026-07-09
2026-06-25,38.855871,-76.973875,Ward 8,2026-06-26
2026-06-25,38.945082,-77.083517,Ward 3,2026-06-26
2026-06-25,38.944227,-77.082996,Ward 3,2026-06-26
2026-06-25,38.946525,-77.083515,Ward 3,
2026-06-25,38.984652,-77.029450,Ward 4,2026-06-26
2026-06-25,38.984459,-77.029684,Ward 4,2026-06-26
2026-06-25,38.930095,-77.038138,Ward 1,2026-06-26
2026-06-26,38.894949,-77.001178,Ward 6,2026-06-26
2026-06-26,38.917143,-77.011964,Ward 5,2026-06-26
2026-06-26,38.909797,-77.026234,Ward 2,
2026-06-26,38.893239,-77.054539,Ward 2,2026-09-09
2026-06-26,38.833203,-76.994070,Ward 8,
2026-06-26,38.898699,-76.984953,Ward 6,2026-06-26
2026-06-26,38.936114,-77.034917,Ward 1,2026-08-24
2026-06-26,38.895964,-77.027302,Ward 2,
2026-06-26,38.859885,-76.958655,Ward 7,2026-07-21
2026-06-26,38.906685,-76.987680,Ward 5,
2026-06-26,38.883232,-76.934723,Ward 7,
2026-06-26,38.879984,-76.960380,Ward 7,2026-07-21
2026-06-26,38.905446,-77.002355,Ward 6,2026-06-26
2026-06-26,38.905798,-77.001609,Ward 6,2026-06-26
2026-06-26,38.926313,-76.992252,Ward 5,2026-06-26
2026-06-26,38.926313,-76.992252,Ward 5,2026-06-26
2026-06-26,38.902909,-76.926104,Ward 7,2026-06-26
2026-06-26,38.962230,-77.032372,Ward 4,
2026-06-26,38.929899,-77.030014,Ward 1,
2026-06-26,38.905682,-76.988408,Ward 5,
2026-06-26,38.896130,-77.019905,Ward 2,2026-08-05
2026-06-26,38.896132,-77.028081,Ward 2,2026-08-19
2026-06-26,38.895964,-77.027302,Ward 2,
2026-06-26,38.895964,-77.027302,Ward 2,
2026-06-26,38.902015,-76.949845,Ward 7,2026-07-28
2026-06-26,38.895460,-76.933270,Ward 7,
2026-06-26,38.905500,-77.001090,Ward 6,2026-06-26
2026-06-26,38.855127,-76.958829,Ward 7,2026-07-02
2026-06-26,38.905487,-77.000797,Ward 6,2026-06-26
2026-06-26,38.905487,-77.000797,Ward 6,2026-06-29
2026-06-26,38.905835,-77.000394,Ward 6,2026-06-29
2026-06-26,38.894461,-77.021163,Ward 2,2026-07-01
2026-06-26,38.895408,-76.933275,Ward 7,2026-06-29
2026-06-26,38.896070,-76.933450,Ward 7,2026-08-28
2026-06-26,38.895099,-76.934224,Ward 7,2026-08-04
2026-06-26,38.897053,-76.935141,Ward 7,
2026-06-26,38.897002,-76.933701,Ward 7,
2026-06-26,38.896486,-76.934262,Ward 7,2026-06-29
2026-06-26,38.896396,-76.934251,Ward 7,
2026-06-27,38.886358,-76.928105,Ward 7,
2026-06-27,38.992171,-77.038320,Ward 4,2026-07-01
2026-06-27,38.862176,-76.991918,Ward 8,2026-07-20
2026-06-27,38.896346,-76.993509,Ward 6,2026-06-29
2026-06-27,38.976064,-77.019521,Ward 4,2026-07-02
2026-06-27,38.886410,-76.926871,Ward 7,2026-06-29
2026-06-27,38.925651,-76.959985,Ward 5,2026-08-19
2026-06-27,38.933902,-76.962158,Ward 5,2026-08-24
2026-06-27,38.991807,-77.038656,Ward 4,
2026-06-27,38.976093,-77.028164,Ward 4,2026-06-29
2026-06-27,38.972986,-77.016652,Ward 4,
2026-06-27,38.978232,-77.026767,Ward 4,2026-06-29
2026-06-27,38.977128,-77.026233,Ward 4,2026-06-29
2026-06-27,38.977128,-77.026233,Ward 4,2026-06-29
2026-06-27,38.884070,-76.996534,Ward 6,2026-06-29
2026-06-28,38.888214,-76.968185,Ward 7,2026-07-21
2026-06-28,38.917190,-77.013665,Ward 5,
2026-06-28,38.889397,-76.931366,Ward 7,2026-09-10
2026-06-28,38.925753,-77.004994,Ward 5,2026-06-29
2026-06-28,38.977128,-77.026233,Ward 4,2026-06-29
2026-06-28,38.976016,-77.027333,Ward 4,2026-08-27
2026-06-28,38.948473,-77.006487,Ward 5,
2026-06-28,38.948427,-77.006470,Ward 5,
2026-06-28,38.920219,-77.038182,Ward 1,2026-09-04
2026-06-28,38.977128,-77.026233,Ward 4,2026-06-29
2026-06-28,38.905928,-76.984090,Ward 5,2026-07-02
2026-06-29,38.937563,-76.969292,Ward 5,2026-07-20
2026-06-29,38.905928,-76.984090,Ward 5,2026-07-02
2026-06-29,38.979392,-77.033412,Ward 4,2026-07-07
2026-06-29,38.979552,-77.033695,Ward 4,2026-07-01
2026-06-29,38.906231,-76.999752,Ward 6,
2026-06-29,38.978232,-77.026767,Ward 4,2026-06-29
2026-06-29,38.927014,-77.021699,Ward 1,2026-08-10
2026-06-29,38.977128,-77.026233,Ward 4,2026-06-29
2026-06-29,38.977128,-77.026233,Ward 4,2026-06-29
2026-06-29,38.906447,-77.024527,Ward 2,2026-08-25
2026-06-29,38.898304,-77.015190,Ward 6,2026-07-27
2026-06-29,38.935324,-77.035643,Ward 1,2026-08-20
2026-06-29,38.905252,-77.067358,Ward 2,2026-07-02
2026-06-29,38.884888,-76.948186,Ward 7,2026-07-23
2026-06-29,38.898499,-76.933546,Ward 7,2026-06-30
2026-06-29,38.925878,-77.037016,Ward 1,2026-07-10
2026-06-29,38.976064,-77.019521,Ward 4,2026-07-02
2026-06-29,38.898499,-76.933546,Ward 7,2026-06-30
2026-06-29,38.899066,-76.932730,Ward 7,2026-07-01
2026-06-29,38.898802,-76.931387,Ward 7,
2026-06-29,38.893747,-76.984705,Ward 6,2026-07-27
2026-06-29,38.899089,-76.932029,Ward 7,2026-07-23
2026-06-29,38.898802,-76.931387,Ward 7,
2026-06-29,38.933518,-77.025171,Ward 1,
2026-06-29,38.939810,-76.991918,Ward 5,2026-06-30
2026-06-29,38.939431,-76.990493,Ward 5,2026-07-07
2026-06-29,38.939270,-76.990521,Ward 5,2026-06-30
2026-06-29,38.939846,-76.989588,Ward 5,2026-06-30
2026-06-29,38.939270,-76.990521,Ward 5,2026-07-27
2026-06-29,38.884921,-77.008819,Ward 6,
2026-06-29,38.938710,-76.991148,Ward 5,2026-06-30
2026-06-29,38.937967,-76.990856,Ward 5,2026-06-30
2026-06-29,38.938124,-76.990538,Ward 5,2026-07-14
2026-06-29,38.938506,-76.990023,Ward 5,2026-06-30
2026-06-29,38.937385,-76.990371,Ward 5,2026-07-07
2026-06-29,38.937385,-76.990371,Ward 5,2026-06-30
2026-06-29,38.937418,-76.991374,Ward 5,2026-06-30
2026-06-29,38.936350,-76.992020,Ward 5,2026-07-21
2026-06-29,38.935981,-76.991345,Ward 5,2026-06-30
2026-06-29,38.935967,-76.992903,Ward 5,
2026-06-29,38.918627,-77.023667,Ward 1,2026-06-30
2026-06-29,38.935967,-76.992903,Ward 5,2026-07-01
2026-06-29,38.935967,-76.992903,Ward 5,
2026-06-29,38.968163,-77.006736,Ward 4,
2026-06-29,38.935358,-76.993581,Ward 5,2026-07-21
2026-06-29,38.970164,-77.011909,Ward 4,
2026-06-29,38.937679,-76.993848,Ward 5,2026-06-30
2026-06-29,38.938253,-76.994188,Ward 5,2026-06-30
2026-06-29,38.937515,-77.021884,Ward 4,2026-06-30
2026-06-29,38.938326,-76.993616,Ward 5,
2026-06-29,38.935967,-76.992903,Ward 5,2026-06-30
2026-06-29,38.911747,-77.032475,Ward 2,
2026-06-29,38.940412,-76.992852,Ward 5,
2026-06-29,38.939838,-76.992431,Ward 5,2026-06-30
2026-06-29,38.901338,-77.031963,Ward 2,2026-08-20
2026-06-29,38.894094,-76.919934,Ward 7,2026-07-02
2026-06-29,38.874887,-77.000534,Ward 8,2026-06-30
2026-06-30,38.896132,-77.021917,Ward 2,2026-06-30
2026-06-30,38.896135,-77.022955,Ward 2,
2026-06-30,38.919769,-77.029319,Ward 1,2026-06-30
2026-06-30,38.949874,-77.095804,Ward 3,2026-08-12
2026-06-30,38.905928,-76.984090,Ward 5,2026-07-02
2026-06-30,38.897131,-76.994462,Ward 6,2026-06-30
2026-06-30,38.905084,-77.067084,Ward 2,2026-07-02
2026-06-30,38.922351,-77.036875,Ward 1,
2026-06-30,38.970141,-77.008471,Ward 4,2026-08-28
2026-06-30,38.938594,-76.993482,Ward 5,
2026-06-30,38.872419,-76.977145,Ward 8,
2026-06-30,38.908012,-77.003291,Ward 6,2026-08-05
2026-06-30,38.898654,-76.930526,Ward 7,2026-07-01
2026-06-30,38.940560,-76.992404,Ward 5,2026-07-21
2026-06-30,38.898140,-76.930847,Ward 7,2026-07-01
2026-06-30,38.940572,-76.992848,Ward 5,2026-07-21
2026-06-30,38.940358,-76.992854,Ward 5,2026-07-28
2026-06-30,38.940358,-76.992854,Ward 5,2026-07-21
2026-06-30,38.914678,-77.042829,Ward 2,2026-07-02
2026-06-30,38.939838,-76.992431,Ward 5,2026-07-01
2026-06-30,38.943437,-77.015221,Ward 4,
2026-06-30,38.935967,-76.992903,Ward 5,
2026-06-30,38.934984,-76.992544,Ward 5,2026-07-27
2026-06-30,38.938504,-76.993527,Ward 5,2026-07-13
2026-06-30,38.939372,-76.993570,Ward 5,2026-08-12
2026-06-30,38.939375,-76.993066,Ward 5,
2026-06-30,38.876795,-77.001298,Ward 8,
2026-06-30,38.958144,-77.029967,Ward 4,2026-06-30
2026-06-30,38.907482,-77.009316,Ward 5,2026-07-13
2026-06-30,38.894789,-77.009498,Ward 6,2026-07-13
2026-06-30,38.963772,-77.027804,Ward 4,2026-07-01
2026-06-30,38.903012,-77.052678,Ward 2,
2026-06-30,38.931142,-76.974178,Ward 5,2026-08-12
2026-06-30,38.889076,-76.935840,Ward 7,2026-06-30
2026-06-30,38.937776,-77.033059,Ward 4,2026-07-02
2026-06-30,38.833877,-76.993163,Ward 8,2026-07-13
2026-06-30,38.833877,-76.993163,Ward 8,2026-07-13
2026-06-30,38.833877,-76.993163,Ward 8,2026-07-13
2026-06-30,38.900341,-76.944297,Ward 7,2026-07-27
2026-06-30,38.833202,-76.992474,Ward 8,2026-07-13
2026-06-30,38.833191,-76.992264,Ward 8,
2026-06-30,38.833191,-76.992264,Ward 8,2026-07-13
2026-06-30,38.833727,-76.992364,Ward 8,
2026-06-30,38.900015,-76.999908,Ward 6,
2026-06-30,38.834022,-76.990846,Ward 8,2026-08-07
2026-06-30,38.905928,-76.984090,Ward 5,2026-07-02
2026-06-30,38.834852,-76.990528,Ward 8,2026-07-02
2026-06-30,38.835000,-76.989975,Ward 8,
2026-06-30,38.835000,-76.989975,Ward 8,
2026-06-30,38.902258,-77.003331,Ward 6,2026-08-07
2026-06-30,38.903947,-77.002925,Ward 6,2026-07-02
2026-07-01,38.977128,-77.026233,Ward 4,2026-07-01
2026-07-01,38.977128,-77.026233,Ward 4,2026-07-01
2026-07-01,38.916790,-77.022651,Ward 1,2026-07-01
2026-07-01,38.897808,-76.980032,Ward 7,2026-07-24
2026-07-01,38.886330,-76.926565,Ward 7,2026-07-01
2026-07-01,38.894173,-76.935459,Ward 7,2026-07-01
2026-07-01,38.835764,-76.990722,Ward 8,2026-08-24
2026-07-01,38.935628,-77.028279,Ward 1,2026-08-28
2026-07-01,38.835130,-76.991466,Ward 8,2026-07-22
2026-07-01,38.836469,-76.991350,Ward 8,2026-07-28
2026-07-01,38.969935,-77.008744,Ward 4,2026-07-01
2026-07-01,38.836449,-76.992141,Ward 8,
2026-07-01,38.836212,-76.991880,Ward 8,
2026-07-01,38.836243,-76.992556,Ward 8,
2026-07-01,38.930158,-77.077440,Ward 3,
2026-07-01,38.896346,-76.993509,Ward 6,2026-07-02
2026-07-01,38.967489,-77.009287,Ward 4,2026-07-01
2026-07-01,38.895480,-76.979718,Ward 7,2026-07-23
2026-07-01,38.888818,-76.927180,Ward 7,2026-07-01
2026-07-01,38.918108,-77.006948,Ward 5,
2026-07-01,38.866108,-76.945538,Ward 7,2026-07-29
2026-07-01,38.856983,-76.990358,Ward 8,2026-07-22
2026-07-01,38.856920,-76.988839,Ward 8,
2026-07-01,38.866108,-76.945538,Ward 7,2026-09-03
2026-07-01,38.857167,-76.988061,Ward 8,
2026-07-01,38.857361,-76.987573,Ward 8,2026-07-22
2026-07-01,38.857362,-76.987572,Ward 8,2026-08-21
2026-07-01,38.857798,-76.987797,Ward 8,2026-07-22
2026-07-01,38.855454,-76.986450,Ward 8,2026-07-15
2026-07-01,38.855304,-76.990897,Ward 8,
2026-07-01,38.855345,-76.991179,Ward 8,2026-07-23
2026-07-01,38.857283,-76.986993,Ward 8,2026-07-23
2026-07-01,38.857092,-76.990898,Ward 8,2026-07-23
2026-07-01,38.930135,-76.992703,Ward 5,2026-07-01
2026-07-01,38.961229,-76.997071,Ward 4,2026-07-01
2026-07-01,38.943002,-77.090376,Ward 3,2026-07-06
2026-07-01,38.838450,-76.997031,Ward 8,
2026-07-01,38.838273,-76.997664,Ward 8,2026-07-23
2026-07-01,38.838187,-76.997980,Ward 8,
2026-07-02,38.978232,-77.026767,Ward 4,2026-07-02
2026-07-02,38.976093,-77.028164,Ward 4,2026-07-02
2026-07-02,38.976016,-77.027333,Ward 4,2026-08-28
2026-07-02,38.977128,-77.026233,Ward 4,2026-07-02
2026-07-02,38.921093,-76.963946,Ward 5,2026-07-02
2026-07-02,38.892216,-76.993026,Ward 6,
2026-07-02,38.838031,-76.998206,Ward 8,2026-07-28
2026-07-02,38.901325,-76.994358,Ward 6,
2026-07-02,38.949355,-77.020707,Ward 4,2026-07-02
2026-07-02,38.901323,-76.993199,Ward 6,2026-07-28
2026-07-02,38.837682,-76.998760,Ward 8,
2026-07-02,38.964974,-77.080372,Ward 3,
2026-07-02,38.954433,-77.070056,Ward 3,2026-07-08
2026-07-02,38.947063,-77.064892,Ward 3,
2026-07-02,38.942817,-77.092618,Ward 3,
2026-07-02,38.957739,-77.071406,Ward 3,
2026-07-02,38.894448,-76.957726,Ward 7,2026-07-23
2026-07-02,38.946950,-77.065607,Ward 3,
2026-07-02,38.876711,-76.965207,Ward 7,2026-07-29
2026-07-02,38.924841,-77.000304,Ward 5,
2026-07-02,38.879412,-76.980989,Ward 6,2026-08-31
2026-07-02,38.886035,-76.936195,Ward 7,2026-07-07
2026-07-02,38.830742,-76.996162,Ward 8,
2026-07-02,38.892044,-76.932619,Ward 7,2026-07-06
2026-07-02,38.891733,-76.933188,Ward 7,2026-07-23
2026-07-02,38.892044,-76.932619,Ward 7,2026-07-13
2026-07-02,38.981510,-77.038847,Ward 4,
2026-07-02,38.837040,-76.999957,Ward 8,2026-08-19
2026-07-02,38.891733,-76.933188,Ward 7,2026-07-28
2026-07-02,38.892055,-76.931788,Ward 7,2026-08-20
2026-07-02,38.838389,-77.004153,Ward 8,2026-07-02
2026-07-02,38.982520,-77.038317,Ward 4,
2026-07-02,38.891647,-76.931415,Ward 7,2026-07-23
2026-07-02,38.950535,-77.079586,Ward 3,
2026-07-02,38.892067,-76.931654,Ward 7,2026-08-12
2026-07-02,38.856963,-76.996118,Ward 8,
2026-07-02,38.892067,-76.931053,Ward 7,2026-07-06
2026-07-02,38.970081,-77.015233,Ward 4,
2026-07-02,38.868050,-76.986284,Ward 8,2026-08-28
2026-07-02,38.892594,-76.933967,Ward 7,2026-07-23
2026-07-02,38.892826,-76.933175,Ward 7,
2026-07-02,38.893657,-76.933181,Ward 7,2026-08-20
2026-07-02,38.893657,-76.933181,Ward 7,2026-08-12
2026-07-02,38.893870,-76.933146,Ward 7,2026-08-17
2026-07-02,38.894192,-76.933125,Ward 7,2026-07-06
2026-07-02,38.893970,-76.933926,Ward 7,2026-08-20
2026-07-02,38.894594,-76.933143,Ward 7,2026-07-22
2026-07-02,38.894969,-76.933144,Ward 7,2026-08-20
2026-07-02,38.938306,-76.974177,Ward 5,
2026-07-02,38.949554,-77.029984,Ward 4,2026-07-23
2026-07-02,38.912865,-77.041426,Ward 2,
2026-07-02,38.916527,-77.034250,Ward 2,2026-07-13
2026-07-02,38.953483,-77.080545,Ward 3,2026-07-08
2026-07-02,38.949688,-77.082040,Ward 3,2026-07-07
2026-07-02,38.978232,-77.026767,Ward 4,2026-07-06
2026-07-02,38.977128,-77.026233,Ward 4,2026-07-06
2026-07-02,38.890823,-76.991726,Ward 6,2026-07-14
2026-07-03,38.976093,-77.028164,Ward 4,2026-07-06
2026-07-03,38.892316,-76.910443,Ward 7,2026-09-01
2026-07-03,38.892316,-76.910443,Ward 7,2026-08-20
2026-07-03,38.905133,-77.053526,Ward 2,2026-08-17
2026-07-03,38.924798,-77.107124,Ward 3,2026-07-14
2026-07-03,38.905839,-77.023630,Ward 2,2026-07-27
2026-07-03,38.849046,-76.981251,Ward 8,2026-08-07
2026-07-03,38.851010,-76.977587,Ward 8,2026-08-24
2026-07-03,38.850126,-76.979995,Ward 8,
2026-07-03,38.926878,-77.021654,Ward 1,2026-08-10
2026-07-03,38.927017,-77.021634,Ward 1,2026-08-05
2026-07-03,38.927017,-77.021634,Ward 1,2026-07-08
2026-07-03,38.963771,-77.024203,Ward 4,2026-07-08
2026-07-03,38.957119,-76.994414,Ward 5,2026-07-06
2026-07-03,38.909344,-77.015433,Ward 5,2026-07-06
2026-07-03,38.876842,-77.018715,Ward 6,2026-07-08
2026-07-04,38.978232,-77.026767,Ward 4,2026-07-06
2026-07-04,38.976016,-77.027333,Ward 4,2026-08-27
2026-07-04,38.975598,-77.035961,Ward 4,2026-07-14
2026-07-04,38.963351,-77.028303,Ward 4,
2026-07-04,38.990117,-77.043540,Ward 4,2026-07-08
2026-07-04,38.927128,-77.034276,Ward 1,
2026-07-04,38.918253,-77.027327,Ward 1,2026-07-07
2026-07-04,38.820755,-77.007009,Ward 8,
2026-07-04,38.972111,-77.022652,Ward 4,
2026-07-04,38.943046,-77.007022,Ward 5,2026-07-07
2026-07-05,38.926755,-77.011695,Ward 5,2026-07-14
2026-07-05,38.976093,-77.028164,Ward 4,2026-07-06
2026-07-05,38.923264,-77.003145,Ward 5,
2026-07-05,38.927849,-77.024327,Ward 1,2026-07-27
2026-07-05,38.923686,-77.002764,Ward 5,
2026-07-05,38.927916,-77.023564,Ward 1,
2026-07-05,38.928344,-77.022861,Ward 1,2026-07-06
2026-07-05,38.923686,-77.002764,Ward 5,2026-07-27
2026-07-05,38.870573,-76.978765,Ward 8,2026-07-07
2026-07-05,38.870573,-76.978765,Ward 8,2026-08-12
2026-07-05,38.927651,-77.024157,Ward 1,
2026-07-05,38.927980,-77.020582,Ward 1,2026-07-06
2026-07-05,38.927621,-77.023021,Ward 1,2026-07-07
2026-07-05,38.927538,-77.032516,Ward 1,
2026-07-06,38.916848,-77.037038,Ward 2,
2026-07-06,38.893104,-76.957243,Ward 7,2026-07-06
2026-07-06,38.837040,-76.999957,Ward 8,2026-08-19
2026-07-06,38.945051,-77.094893,Ward 3,2026-07-08
2026-07-06,38.919631,-76.986774,Ward 5,2026-07-08
2026-07-06,38.879312,-76.934840,Ward 7,
2026-07-06,38.884232,-76.931475,Ward 7,2026-07-06
2026-07-06,38.835289,-77.001122,Ward 8,2026-08-12
2026-07-06,38.942725,-77.024652,Ward 4,2026-09-04
2026-07-06,38.835289,-77.001122,Ward 8,2026-08-10
2026-07-06,38.978232,-77.026767,Ward 4,2026-07-07
2026-07-06,38.983838,-77.055745,Ward 4,2026-07-07
2026-07-06,38.974158,-77.013745,Ward 4,2026-09-10
2026-07-06,38.846181,-76.971426,Ward 8,2026-07-16
2026-07-06,38.909783,-77.031452,Ward 2,
2026-07-06,38.834847,-77.001117,Ward 8,2026-07-30
2026-07-06,38.888503,-77.015170,Ward 6,2026-07-07
2026-07-06,38.946685,-77.036430,Ward 4,
2026-07-06,38.835457,-76.996119,Ward 8,2026-08-21
2026-07-06,38.835457,-76.996119,Ward 8,2026-08-21
2026-07-06,38.835457,-76.996119,Ward 8,2026-08-21
2026-07-06,38.835457,-76.996119,Ward 8,2026-08-12
2026-07-06,38.923263,-77.003027,Ward 5,
2026-07-06,38.923686,-77.002764,Ward 5,2026-08-11
2026-07-06,38.923686,-77.002764,Ward 5,
2026-07-06,38.923655,-77.002538,Ward 5,
2026-07-06,38.923655,-77.002538,Ward 5,2026-07-27
2026-07-06,38.923767,-77.001795,Ward 5,
2026-07-06,38.919631,-76.986774,Ward 5,2026-07-07
2026-07-06,38.924273,-77.001758,Ward 5,2026-08-20
2026-07-06,38.934044,-77.022827,Ward 1,2026-07-14
2026-07-06,38.924734,-77.001319,Ward 5,2026-08-11
2026-07-06,38.937385,-76.990371,Ward 5,2026-07-07
2026-07-06,38.925770,-77.000364,Ward 5,2026-07-07
2026-07-06,38.925296,-77.001321,Ward 5,2026-09-01
2026-07-06,38.925296,-77.001321,Ward 5,2026-09-01
2026-07-06,38.940739,-77.004382,Ward 5,2026-07-22
2026-07-06,38.966133,-77.029688,Ward 4,2026-07-08
2026-07-06,38.922741,-77.002212,Ward 5,2026-08-11
2026-07-06,38.922742,-77.002393,Ward 5,2026-08-11
2026-07-06,38.923577,-77.001795,Ward 5,2026-08-20
2026-07-06,38.940931,-77.004552,Ward 5,2026-07-22
2026-07-06,38.914673,-77.038165,Ward 2,2026-07-10
2026-07-06,38.922713,-77.034273,Ward 1,2026-07-08
2026-07-06,38.909837,-77.007468,Ward 5,
2026-07-06,38.976064,-77.019521,Ward 4,2026-07-07
2026-07-06,38.879190,-76.985268,Ward 6,2026-08-31
2026-07-06,38.956742,-77.015887,Ward 4,2026-09-08
2026-07-06,38.879190,-76.985268,Ward 6,2026-08-31
2026-07-06,38.963956,-77.024412,Ward 4,2026-07-08
2026-07-07,38.854051,-76.988449,Ward 8,2026-07-14
2026-07-07,38.892837,-76.982014,Ward 7,2026-07-29
2026-07-07,38.894933,-77.022151,Ward 2,
2026-07-07,38.930330,-76.975831,Ward 5,2026-08-05
2026-07-07,38.908717,-76.997650,Ward 5,
2026-07-07,38.940931,-77.004552,Ward 5,2026-07-29
2026-07-07,38.975016,-77.016289,Ward 4,2026-07-08
2026-07-07,38.904782,-77.053032,Ward 2,
2026-07-07,38.913638,-77.074310,Ward 2,2026-07-22
2026-07-07,38.952765,-76.997540,Ward 5,2026-08-13
2026-07-07,38.931256,-77.019078,Ward 1,2026-07-28
2026-07-07,38.889806,-76.997310,Ward 6,2026-08-21
2026-07-07,38.926498,-77.036154,Ward 1,2026-07-07
2026-07-07,38.940931,-77.004552,Ward 5,2026-07-08
2026-07-07,38.922704,-77.022583,Ward 1,2026-07-08
2026-07-07,38.940739,-77.004382,Ward 5,2026-07-08
2026-07-07,38.978232,-77.026767,Ward 4,2026-07-07
2026-07-07,38.977128,-77.026233,Ward 4,2026-07-07
2026-07-07,38.965512,-77.006823,Ward 4,2026-07-08
2026-07-07,38.930655,-77.032430,Ward 1,2026-07-08
2026-07-07,38.898607,-77.009586,Ward 6,
2026-07-08,38.976064,-77.019521,Ward 4,2026-07-08
2026-07-08,38.940739,-77.004382,Ward 5,2026-07-29
2026-07-08,38.923189,-76.973052,Ward 5,2026-07-08
2026-07-08,38.940866,-77.006295,Ward 5,2026-08-20
2026-07-08,38.948804,-77.031139,Ward 4,2026-07-28
2026-07-08,38.924525,-77.031927,Ward 1,2026-07-15
2026-07-08,38.891698,-76.948524,Ward 7,2026-07-08
2026-07-08,38.903468,-77.021144,Ward 2,2026-08-27
2026-07-08,38.933785,-76.980991,Ward 5,2026-08-31
2026-07-08,38.922400,-77.100577,Ward 3,2026-07-27
2026-07-08,38.955773,-77.082245,Ward 3,
2026-07-08,38.905133,-77.053526,Ward 2,2026-08-17
2026-07-08,38.868086,-76.982468,Ward 8,2026-07-08
2026-07-08,38.957171,-77.025432,Ward 4,2026-09-03
2026-07-08,38.902697,-76.950035,Ward 7,2026-08-20
2026-07-08,38.934737,-77.030350,Ward 1,2026-07-09
2026-07-08,38.958391,-76.993428,Ward 4,2026-07-09
2026-07-08,38.888319,-76.932373,Ward 7,2026-07-09
2026-07-08,38.888319,-76.932373,Ward 7,2026-07-09
2026-07-08,38.910376,-77.052159,Ward 2,2026-07-27
2026-07-09,38.879190,-76.985268,Ward 6,2026-08-31
2026-07-09,38.978828,-77.026704,Ward 4,
2026-07-09,38.978232,-77.026767,Ward 4,2026-07-09
2026-07-09,38.910548,-77.009719,Ward 5,2026-07-27
2026-07-09,38.963956,-77.024412,Ward 4,2026-07-09
2026-07-09,38.966419,-77.009901,Ward 4,2026-07-10
2026-07-09,38.978874,-77.028089,Ward 4,2026-07-10
2026-07-09,38.978874,-77.028089,Ward 4,
2026-07-09,38.949934,-77.066267,Ward 3,
2026-07-09,38.889059,-76.989104,Ward 6,2026-07-29
2026-07-09,38.861157,-76.969666,Ward 8,
2026-07-09,38.845552,-76.974602,Ward 8,2026-09-08
2026-07-09,38.905228,-76.996374,Ward 6,2026-07-15
2026-07-09,38.904826,-76.977906,Ward 5,2026-07-09
2026-07-09,38.931577,-76.995180,Ward 5,2026-07-10
2026-07-09,38.978232,-77.026767,Ward 4,2026-07-09
2026-07-09,38.961217,-77.079873,Ward 3,
2026-07-09,38.953483,-77.080545,Ward 3,2026-07-10
2026-07-09,38.957738,-77.057373,Ward 4,
2026-07-09,38.954916,-77.086397,Ward 3,2026-07-28
2026-07-09,38.916110,-77.001841,Ward 5,2026-09-03
2026-07-09,38.947247,-77.070101,Ward 3,
2026-07-09,38.951222,-77.074204,Ward 3,2026-07-10
2026-07-09,38.927101,-77.103286,Ward 3,2026-07-10
2026-07-09,38.958512,-76.998721,Ward 4,2026-07-09
2026-07-09,38.917950,-77.041916,Ward 1,
2026-07-09,38.893090,-76.937475,Ward 7,2026-08-11
2026-07-09,38.953773,-77.027927,Ward 4,
2026-07-09,38.892796,-76.939428,Ward 7,2026-08-20
2026-07-09,38.890828,-76.951582,Ward 7,2026-07-09
2026-07-09,38.892928,-76.938938,Ward 7,
2026-07-09,38.892928,-76.938938,Ward 7,2026-08-20
2026-07-09,38.915099,-77.026156,Ward 1,2026-07-10
2026-07-09,38.922662,-77.034249,Ward 1,2026-07-10
2026-07-09,38.911324,-77.034995,Ward 2,
2026-07-09,38.893709,-76.939434,Ward 7,
2026-07-09,38.941230,-77.026852,Ward 4,2026-07-28
2026-07-09,38.916774,-77.037116,Ward 2,2026-07-10
2026-07-09,38.947710,-77.062078,Ward 3,2026-07-10
2026-07-09,38.898453,-76.991770,Ward 6,2026-07-15
2026-07-09,38.956114,-77.080515,Ward 3,2026-07-27
2026-07-09,38.873371,-77.010829,Ward 6,2026-08-13
2026-07-10,38.977128,-77.026233,Ward 4,2026-07-13
2026-07-10,38.878571,-77.008011,Ward 6,
2026-07-10,38.920861,-77.072155,Ward 3,2026-07-13
2026-07-10,38.975598,-77.035961,Ward 4,2026-07-13
2026-07-10,38.886989,-76.918648,Ward 7,2026-07-13
2026-07-10,38.912608,-77.028758,Ward 2,
2026-07-10,38.903925,-77.020476,Ward 2,2026-07-13
2026-07-10,38.922662,-77.034249,Ward 1,2026-09-09
2026-07-10,38.867034,-76.982481,Ward 8,
2026-07-10,38.846181,-76.971426,Ward 8,
2026-07-10,38.889067,-76.992859,Ward 6,2026-08-03
2026-07-10,38.926498,-77.036154,Ward 1,2026-07-14
2026-07-10,38.971307,-77.035973,Ward 4,2026-07-16
2026-07-10,38.984920,-77.030699,Ward 4,2026-07-13
2026-07-10,38.975531,-77.027237,Ward 4,2026-07-14
2026-07-10,38.976093,-77.028164,Ward 4,2026-07-13
2026-07-11,38.977128,-77.026233,Ward 4,2026-07-13
2026-07-11,38.932546,-77.072541,Ward 3,2026-07-28
2026-07-11,38.910237,-77.033426,Ward 2,
2026-07-11,38.910555,-77.033483,Ward 2,
2026-07-11,38.910563,-77.033837,Ward 2,
2026-07-11,38.909812,-77.033722,Ward 2,2026-07-29
2026-07-11,38.909783,-77.031452,Ward 2,2026-07-13
2026-07-11,38.910089,-77.031054,Ward 2,
2026-07-11,38.910276,-77.030661,Ward 2,
2026-07-11,38.914375,-77.036040,Ward 2,
2026-07-11,38.925411,-76.995926,Ward 5,2026-07-13
2026-07-12,38.920663,-77.029852,Ward 1,2026-07-13
2026-07-12,38.978232,-77.026767,Ward 4,2026-07-13
2026-07-12,38.965117,-77.016375,Ward 4,2026-07-28
2026-07-12,38.976090,-77.019845,Ward 4,
2026-07-13,38.978232,-77.026767,Ward 4,2026-07-13
2026-07-13,38.977128,-77.026233,Ward 4,2026-07-13
2026-07-13,38.975598,-77.035961,Ward 4,2026-07-13
2026-07-13,38.881914,-76.931498,Ward 7,2026-07-21
2026-07-13,38.958622,-77.086552,Ward 3,
2026-07-13,38.874473,-77.004808,Ward 8,
2026-07-13,38.969737,-77.034960,Ward 4,2026-09-03
2026-07-13,38.887708,-76.949380,Ward 7,2026-09-03
2026-07-13,38.917643,-77.073163,Ward 3,
2026-07-13,38.949917,-77.062700,Ward 3,
2026-07-13,38.949917,-77.062700,Ward 3,
2026-07-13,38.903555,-76.977731,Ward 5,2026-07-16
2026-07-13,38.904632,-76.988655,Ward 5,2026-07-16
2026-07-13,38.919010,-77.035373,Ward 1,2026-07-20
2026-07-13,38.929337,-77.035558,Ward 1,2026-07-14
2026-07-13,38.978232,-77.026767,Ward 4,2026-07-14
2026-07-13,38.881696,-76.928113,Ward 7,
2026-07-13,38.943470,-77.062635,Ward 3,2026-08-21
2026-07-13,38.895020,-76.938921,Ward 7,2026-08-31
2026-07-13,38.931607,-76.992782,Ward 5,
2026-07-14,38.913870,-77.000856,Ward 5,2026-07-20
2026-07-14,38.923159,-77.038996,Ward 1,2026-08-17
2026-07-14,38.919449,-77.038419,Ward 1,2026-08-17
2026-07-14,38.905133,-77.053526,Ward 2,2026-08-17
2026-07-14,38.977128,-77.026233,Ward 4,2026-07-22
2026-07-14,38.878342,-76.965688,Ward 7,2026-07-28
2026-07-14,38.925342,-77.000301,Ward 5,2026-07-28
2026-07-14,38.904315,-76.935568,Ward 7,2026-07-14
2026-07-14,38.910384,-77.036521,Ward 2,
2026-07-14,38.885624,-76.983351,Ward 7,
2026-07-14,38.918112,-77.031952,Ward 1,2026-07-15
2026-07-14,38.929787,-77.038334,Ward 1,2026-07-15
2026-07-14,38.938470,-76.974426,Ward 5,
2026-07-14,38.938896,-76.993332,Ward 5,2026-07-14
2026-07-14,38.945532,-77.074607,Ward 3,2026-08-24
2026-07-14,38.945532,-77.074607,Ward 3,2026-08-24
2026-07-14,38.953700,-76.994160,Ward 5,2026-07-14
2026-07-14,38.932867,-76.963334,Ward 5,
2026-07-14,38.968462,-77.031325,Ward 4,2026-07-14
2026-07-14,38.848840,-76.976482,Ward 8,2026-07-14
2026-07-14,38.938470,-76.974426,Ward 5,
2026-07-14,38.910557,-77.035377,Ward 2,
2026-07-14,38.941643,-77.029263,Ward 4,2026-07-28
2026-07-14,38.942140,-77.030021,Ward 4,2026-07-16
2026-07-14,38.941103,-77.029359,Ward 4,
2026-07-14,38.940983,-77.029920,Ward 4,
2026-07-14,38.940983,-77.029920,Ward 4,2026-07-16
2026-07-14,38.940605,-77.029332,Ward 4,2026-08-20
2026-07-14,38.940991,-77.030495,Ward 4,
2026-07-14,38.940987,-77.031057,Ward 4,
2026-07-14,38.885607,-77.000573,Ward 6,2026-07-28
2026-07-14,38.940587,-77.031872,Ward 4,
2026-07-14,38.940987,-77.031829,Ward 4,
2026-07-14,38.940987,-77.031979,Ward 4,
2026-07-14,38.885607,-77.000573,Ward 6,
2026-07-14,38.886032,-77.000579,Ward 6,
2026-07-14,38.875883,-76.931549,Ward 7,2026-07-27
2026-07-14,38.940962,-77.033061,Ward 4,2026-08-05
2026-07-14,38.941024,-77.033304,Ward 4,
2026-07-14,38.940554,-77.033371,Ward 4,
2026-07-14,38.940556,-77.033687,Ward 4,
2026-07-14,38.941006,-77.033812,Ward 4,
2026-07-14,38.941125,-77.033056,Ward 4,2026-08-20
2026-07-14,38.941657,-77.031582,Ward 4,2026-08-21
2026-07-14,38.973096,-77.019605,Ward 4,2026-08-05
2026-07-14,38.981140,-77.030066,Ward 4,2026-08-04
2026-07-14,38.861278,-76.949918,Ward 7,
2026-07-15,38.942137,-77.030207,Ward 4,
2026-07-15,38.941657,-77.031582,Ward 4,2026-07-15
2026-07-15,38.942010,-77.033017,Ward 4,2026-07-15
2026-07-15,38.925949,-77.040622,Ward 1,2026-07-15
2026-07-15,38.963469,-77.074389,Ward 3,
2026-07-15,38.916998,-77.031951,Ward 2,2026-07-15
2026-07-15,38.932702,-77.072920,Ward 3,2026-07-28
2026-07-15,38.954976,-77.033141,Ward 4,
2026-07-15,38.955037,-77.033752,Ward 4,
2026-07-15,38.966148,-77.078104,Ward 3,
2026-07-15,38.942987,-77.015199,Ward 4,2026-07-15
2026-07-15,38.951442,-76.991945,Ward 5,2026-09-09
2026-07-15,38.927474,-77.039144,Ward 1,
2026-07-15,38.920116,-76.986853,Ward 5,2026-07-28
2026-07-15,38.913816,-77.015557,Ward 5,
2026-07-15,38.913788,-77.015529,Ward 5,2026-07-28
2026-07-15,38.913743,-77.015359,Ward 5,2026-07-15
2026-07-15,38.902926,-77.030521,Ward 2,2026-07-27
2026-07-15,38.973336,-77.014965,Ward 4,2026-07-17
2026-07-15,38.972684,-77.015441,Ward 4,2026-07-17
2026-07-15,38.972494,-77.015555,Ward 4,2026-08-14
2026-07-15,38.972139,-77.016482,Ward 4,
2026-07-15,38.924578,-76.990961,Ward 5,2026-08-11
2026-07-15,38.973458,-77.012754,Ward 4,
2026-07-15,38.897300,-76.925770,Ward 7,2026-07-24
2026-07-15,38.894749,-76.923474,Ward 7,2026-08-31
2026-07-15,38.973458,-77.012754,Ward 4,
2026-07-15,38.973458,-77.012754,Ward 4,2026-07-16
2026-07-15,38.961004,-77.016439,Ward 4,2026-07-22
2026-07-15,38.973458,-77.012754,Ward 4,2026-07-16
2026-07-15,38.974594,-77.015343,Ward 4,2026-07-16
2026-07-15,38.972895,-77.015842,Ward 4,2026-08-28
2026-07-15,38.973593,-77.015540,Ward 4,2026-08-21
2026-07-15,38.889345,-76.932370,Ward 7,2026-07-22
2026-07-15,38.889289,-76.930686,Ward 7,2026-07-16
2026-07-15,38.910336,-77.049320,Ward 2,2026-07-16
2026-07-15,38.964002,-77.080286,Ward 3,2026-07-22
2026-07-15,38.966983,-77.077434,Ward 3,2026-07-24
2026-07-16,38.968751,-77.036374,Ward 4,
2026-07-16,38.977128,-77.026233,Ward 4,2026-07-22
2026-07-16,38.982281,-77.034876,Ward 4,2026-07-22
2026-07-16,38.960394,-76.997079,Ward 4,
2026-07-16,38.980620,-77.036352,Ward 4,
2026-07-16,38.873170,-76.967496,Ward 7,2026-07-23
2026-07-16,38.872935,-76.967771,Ward 7,
2026-07-16,38.955901,-77.016324,Ward 4,2026-08-11
2026-07-16,38.941273,-77.036055,Ward 4,2026-07-21
2026-07-16,38.978232,-77.026767,Ward 4,2026-07-22
2026-07-16,38.949259,-77.032404,Ward 4,2026-08-11
2026-07-16,38.977128,-77.026233,Ward 4,2026-07-22
2026-07-16,38.904464,-77.006534,Ward 6,2026-08-20
2026-07-16,38.886238,-76.949124,Ward 7,2026-09-03
2026-07-16,38.934665,-77.086181,Ward 3,2026-07-29
2026-07-16,38.845310,-77.002333,Ward 8,2026-07-21
2026-07-16,38.928092,-77.083109,Ward 3,
2026-07-16,38.909838,-77.012599,Ward 5,2026-07-21
2026-07-16,38.943223,-77.022335,Ward 4,2026-07-21
2026-07-16,38.923239,-77.081595,Ward 3,
2026-07-16,38.920287,-77.079502,Ward 3,
2026-07-16,38.920471,-77.076162,Ward 3,
2026-07-16,38.920884,-77.075977,Ward 3,
2026-07-16,38.920882,-77.075771,Ward 3,2026-08-06
2026-07-16,38.976093,-77.028164,Ward 4,2026-07-22
2026-07-16,38.861278,-76.949918,Ward 7,2026-07-20
2026-07-17,38.984155,-77.036340,Ward 4,
2026-07-17,38.984328,-77.035969,Ward 4,
2026-07-17,38.974864,-77.036364,Ward 4,
2026-07-17,38.924327,-77.031907,Ward 1,2026-08-21
2026-07-17,38.933422,-76.973404,Ward 5,2026-08-11
2026-07-17,38.910413,-76.986208,Ward 5,2026-07-17
2026-07-17,38.933451,-76.975997,Ward 5,2026-07-28
2026-07-17,38.887787,-76.932294,Ward 7,2026-07-22
2026-07-17,38.897849,-76.980274,Ward 7,2026-07-24
2026-07-17,38.897694,-76.980827,Ward 7,2026-07-24
2026-07-17,38.922068,-76.948676,Ward 5,2026-07-20
2026-07-17,38.886238,-76.949124,Ward 7,2026-07-21
2026-07-17,38.912037,-77.008560,Ward 5,2026-07-29
2026-07-17,38.902778,-77.000089,Ward 6,
2026-07-17,38.916342,-77.020543,Ward 1,
2026-07-17,38.846693,-77.001925,Ward 8,2026-09-03
2026-07-17,38.961234,-77.071169,Ward 3,2026-07-22
2026-07-17,38.853363,-77.007468,Ward 8,2026-07-30
2026-07-17,38.878555,-76.991335,Ward 6,
2026-07-17,38.879432,-76.993575,Ward 6,
2026-07-17,38.900024,-77.017976,Ward 6,
2026-07-17,38.905361,-77.014776,Ward 2,2026-07-27
2026-07-17,38.900024,-77.017976,Ward 6,
2026-07-17,38.881561,-76.933395,Ward 7,2026-07-27
2026-07-17,38.896055,-76.926680,Ward 7,2026-07-23
2026-07-17,38.927943,-77.023286,Ward 1,2026-07-27
2026-07-17,38.879119,-76.989881,Ward 6,2026-07-20
2026-07-17,38.954722,-77.012989,Ward 4,
2026-07-17,38.885913,-76.989373,Ward 6,2026-07-20
2026-07-18,38.918986,-77.009295,Ward 5,2026-08-19
2026-07-18,38.908417,-77.009386,Ward 5,2026-08-12
2026-07-18,38.883040,-77.023487,Ward 6,2026-09-09
2026-07-18,38.974570,-77.017781,Ward 4,2026-07-27
2026-07-18,38.942040,-77.025317,Ward 4,2026-09-01
2026-07-18,38.976064,-77.019521,Ward 4,2026-08-17
2026-07-18,38.965110,-77.020118,Ward 4,2026-07-20
2026-07-18,38.942951,-77.025125,Ward 4,2026-09-04
2026-07-18,38.942951,-77.025125,Ward 4,2026-09-01
2026-07-18,38.894619,-76.959297,Ward 7,2026-08-07
2026-07-18,38.850361,-76.982155,Ward 8,2026-08-24
2026-07-19,38.920418,-77.029333,Ward 1,
2026-07-19,38.926847,-77.071335,Ward 3,2026-07-20
2026-07-19,38.947242,-77.036431,Ward 4,
2026-07-19,38.949738,-77.036419,Ward 4,2026-07-21
2026-07-19,38.948261,-77.035386,Ward 4,
2026-07-19,38.972347,-77.023645,Ward 4,
2026-07-19,38.925040,-77.050410,Ward 3,2026-07-28
2026-07-19,38.950789,-77.034845,Ward 4,2026-07-22
2026-07-19,38.911816,-77.011451,Ward 5,2026-07-31
2026-07-19,38.992178,-77.044855,Ward 4,2026-08-03
2026-07-19,38.992178,-77.044855,Ward 4,2026-08-17
2026-07-19,38.992178,-77.044855,Ward 4,2026-08-18
2026-07-20,38.887612,-77.005897,Ward 6,2026-07-20
2026-07-20,38.887612,-77.005897,Ward 6,2026-07-29
2026-07-20,38.932189,-77.093035,Ward 3,
2026-07-20,38.952765,-76.997540,Ward 5,2026-08-13
2026-07-20,38.925781,-76.964757,Ward 5,
2026-07-20,38.920200,-76.988010,Ward 5,
2026-07-20,38.919387,-76.986729,Ward 5,2026-07-23
2026-07-20,38.899916,-77.009467,Ward 6,2026-07-21
2026-07-20,38.957121,-77.032871,Ward 4,
2026-07-20,38.865717,-76.982242,Ward 8,2026-07-28
2026-07-20,38.941916,-77.078076,Ward 3,2026-08-03
2026-07-20,38.899095,-76.970987,Ward 5,2026-07-22
2026-07-20,38.866930,-76.945033,Ward 7,2026-08-03
2026-07-20,38.899916,-77.009467,Ward 6,2026-07-21
2026-07-20,38.901337,-77.041698,Ward 2,
2026-07-20,38.937241,-77.035651,Ward 1,2026-08-17
2026-07-20,38.937667,-77.034395,Ward 4,
2026-07-20,38.932747,-77.026820,Ward 1,
2026-07-20,38.932747,-77.026820,Ward 1,
2026-07-20,38.932658,-77.025820,Ward 1,2026-09-01
2026-07-20,38.933076,-77.025056,Ward 1,
2026-07-20,38.936329,-77.024298,Ward 1,2026-07-22
2026-07-20,38.936127,-77.029109,Ward 1,
2026-07-20,38.934932,-77.030866,Ward 1,2026-09-04
2026-07-21,38.943147,-77.024620,Ward 4,2026-07-22
2026-07-21,38.942763,-77.024854,Ward 4,2026-09-04
2026-07-21,38.942200,-77.026137,Ward 4,2026-07-27
2026-07-21,38.868543,-76.965287,Ward 7,2026-08-04
2026-07-21,38.884464,-77.000333,Ward 6,2026-07-24
2026-07-21,38.967769,-77.025131,Ward 4,2026-07-21
2026-07-21,38.939667,-77.019991,Ward 4,2026-07-21
2026-07-21,38.946361,-77.024740,Ward 4,2026-07-21
2026-07-21,38.900063,-77.009620,Ward 6,
2026-07-21,38.960678,-77.003182,Ward 4,2026-07-21
2026-07-21,38.935781,-77.087728,Ward 3,2026-07-27
2026-07-21,38.917678,-77.038697,Ward 1,2026-07-21
2026-07-21,38.917678,-77.038697,Ward 1,2026-07-21
2026-07-21,38.917678,-77.038697,Ward 1,2026-07-21
2026-07-21,38.917678,-77.038697,Ward 1,2026-07-21
2026-07-21,38.917678,-77.038697,Ward 1,2026-08-18
2026-07-21,38.917678,-77.038697,Ward 1,2026-08-13
2026-07-21,38.886236,-77.027823,Ward 6,2026-08-18
2026-07-21,38.959050,-77.023780,Ward 4,
2026-07-21,38.923349,-77.041236,Ward 1,
2026-07-21,38.927943,-77.023286,Ward 1,
2026-07-21,38.900980,-77.057206,Ward 2,
2026-07-21,38.903500,-77.001492,Ward 6,2026-08-25
2026-07-21,38.903435,-76.998683,Ward 6,
2026-07-21,38.992192,-77.045099,Ward 4,2026-08-13
2026-07-22,38.901499,-77.001684,Ward 6,2026-08-20
2026-07-22,38.896105,-77.031962,Ward 2,2026-07-29
2026-07-22,38.945831,-77.017593,Ward 4,2026-07-22
2026-07-22,38.923316,-77.038745,Ward 1,2026-07-22
2026-07-22,38.958191,-77.016352,Ward 4,
2026-07-22,38.905475,-77.000401,Ward 6,2026-07-22
2026-07-22,38.902472,-76.929895,Ward 7,2026-07-22
2026-07-22,38.972215,-77.011015,Ward 4,2026-07-22
2026-07-22,38.902098,-76.949765,Ward 7,2026-08-11
2026-07-22,38.933682,-77.025095,Ward 1,2026-07-22
2026-07-22,38.967182,-77.006315,Ward 4,
2026-07-22,38.959095,-76.994303,Ward 4,2026-09-03
2026-07-22,38.968105,-77.023528,Ward 4,2026-07-22
2026-07-22,38.933933,-76.963458,Ward 5,
2026-07-22,38.914538,-77.048582,Ward 2,2026-07-30
2026-07-22,38.918501,-77.044257,Ward 1,2026-08-13
2026-07-22,38.974533,-77.017779,Ward 4,2026-08-17
2026-07-23,38.905277,-77.070641,Ward 2,
2026-07-23,38.963234,-77.082597,Ward 3,
2026-07-23,38.978232,-77.026767,Ward 4,2026-07-23
2026-07-23,38.912023,-77.050293,Ward 2,
2026-07-23,38.963967,-77.012129,Ward 4,2026-08-11
2026-07-23,38.905066,-77.052676,Ward 2,2026-08-26
2026-07-23,38.938149,-76.973972,Ward 5,
2026-07-23,38.949747,-77.054766,Ward 3,
2026-07-23,38.920819,-77.023582,Ward 1,
2026-07-23,38.920914,-77.022578,Ward 1,2026-08-05
2026-07-23,38.959323,-76.995554,Ward 4,
2026-07-23,38.907526,-77.041270,Ward 2,2026-08-17
2026-07-23,38.912200,-77.049874,Ward 2,2026-08-18
2026-07-23,38.954237,-77.035309,Ward 4,
2026-07-23,38.957070,-77.030330,Ward 4,
2026-07-23,38.929130,-77.085171,Ward 3,2026-08-13
2026-07-23,38.880271,-76.941242,Ward 7,2026-09-03
2026-07-23,38.899308,-76.987186,Ward 6,2026-08-18
2026-07-23,38.887540,-76.916726,Ward 7,2026-08-11
2026-07-23,38.916848,-77.037038,Ward 2,
2026-07-23,38.905133,-77.053526,Ward 2,2026-07-23
2026-07-23,38.871846,-76.976363,Ward 8,2026-08-11
2026-07-23,38.950754,-77.083495,Ward 3,
2026-07-23,38.927363,-77.072283,Ward 3,
2026-07-23,38.951384,-77.084356,Ward 3,
2026-07-23,38.942371,-77.086994,Ward 3,
2026-07-23,38.940327,-77.085502,Ward 3,
2026-07-23,38.939677,-77.086055,Ward 3,
2026-07-23,38.909174,-77.068099,Ward 2,2026-07-28
2026-07-23,38.897845,-77.054027,Ward 2,
2026-07-23,38.937211,-77.038621,Ward 4,2026-08-10
2026-07-23,38.868597,-76.964545,Ward 7,2026-09-02
2026-07-23,38.910290,-77.012402,Ward 5,2026-08-18
2026-07-23,38.900566,-76.924459,Ward 7,
2026-07-24,38.976029,-77.026350,Ward 4,2026-07-30
2026-07-24,38.869017,-76.982395,Ward 8,2026-07-27
2026-07-24,38.969733,-77.030157,Ward 4,2026-08-10
2026-07-24,38.904172,-77.025980,Ward 2,2026-07-29
2026-07-24,38.940616,-77.041533,Ward 4,
2026-07-24,38.886729,-76.947131,Ward 7,
2026-07-24,38.874557,-76.971855,Ward 7,2026-08-27
2026-07-24,38.943857,-77.015717,Ward 4,2026-09-03
2026-07-24,38.827795,-77.007675,Ward 8,
2026-07-24,38.901345,-77.038522,Ward 2,2026-08-05
2026-07-24,38.911869,-77.038484,Ward 2,2026-08-03
2026-07-24,38.910384,-77.038487,Ward 2,
2026-07-24,38.910384,-77.038487,Ward 2,2026-07-28
2026-07-24,38.923114,-77.040225,Ward 1,2026-08-03
2026-07-24,38.923159,-77.038996,Ward 1,
2026-07-24,38.906900,-77.038773,Ward 2,2026-07-30
2026-07-24,38.901344,-77.036546,Ward 2,2026-08-13
2026-07-24,38.881478,-77.027598,Ward 6,2026-07-28
2026-07-24,38.924870,-77.052294,Ward 3,2026-08-28
2026-07-24,38.830278,-76.997673,Ward 8,2026-07-24
2026-07-24,38.914692,-77.012404,Ward 5,2026-09-03
2026-07-24,38.915989,-77.046345,Ward 2,2026-08-05
2026-07-24,38.902017,-76.927913,Ward 7,
2026-07-24,38.943058,-77.006485,Ward 5,2026-09-03
2026-07-24,38.899203,-76.939469,Ward 7,2026-07-28
2026-07-24,38.924774,-77.054686,Ward 3,
2026-07-24,38.865849,-76.948947,Ward 7,2026-08-21
2026-07-24,38.917609,-77.028452,Ward 1,
2026-07-24,38.918339,-77.024137,Ward 1,2026-08-20
2026-07-24,38.917609,-77.028452,Ward 1,
2026-07-24,38.923911,-77.025503,Ward 1,2026-08-14
2026-07-24,38.849997,-76.972346,Ward 8,2026-09-02
2026-07-25,38.909645,-77.025989,Ward 2,2026-07-30
2026-07-25,38.907239,-77.025988,Ward 2,2026-08-24
2026-07-25,38.895910,-76.982420,Ward 7,2026-08-04
2026-07-25,38.958478,-77.065124,Ward 4,2026-07-27
2026-07-25,38.918126,-77.044996,Ward 1,2026-07-31
2026-07-25,38.959114,-77.064734,Ward 4,2026-08-03
2026-07-25,38.862550,-76.990452,Ward 8,2026-08-18
2026-07-25,38.903579,-77.025984,Ward 2,2026-07-29
2026-07-25,38.978232,-77.026767,Ward 4,2026-07-28
2026-07-25,38.976093,-77.028164,Ward 4,2026-07-28
2026-07-25,38.881485,-76.997956,Ward 6,
2026-07-25,38.977128,-77.026233,Ward 4,2026-07-28
2026-07-26,38.932207,-77.040082,Ward 1,2026-07-30
2026-07-26,38.901874,-77.052253,Ward 2,2026-08-13
2026-07-26,38.906287,-77.026754,Ward 2,2026-08-31
2026-07-26,38.943257,-77.021858,Ward 4,2026-07-28
2026-07-26,38.863686,-76.989359,Ward 8,2026-08-18
2026-07-26,38.914309,-77.034318,Ward 2,
2026-07-26,38.934397,-77.029377,Ward 1,
2026-07-27,38.914698,-76.984980,Ward 5,2026-08-27
2026-07-27,38.948157,-77.093915,Ward 3,2026-08-25
2026-07-27,38.943049,-77.021673,Ward 4,2026-07-28
2026-07-27,38.868597,-76.964545,Ward 7,2026-08-20
2026-07-27,38.860261,-76.989260,Ward 8,2026-07-27
2026-07-27,38.942858,-77.022005,Ward 4,2026-08-06
2026-07-27,38.942895,-77.021425,Ward 4,2026-07-28
2026-07-27,38.933545,-77.038613,Ward 1,
2026-07-27,38.947612,-77.007926,Ward 5,
2026-07-27,38.973770,-77.014259,Ward 4,
2026-07-27,38.952448,-77.017397,Ward 4,2026-07-27
2026-07-27,38.887138,-76.950008,Ward 7,
2026-07-27,38.894445,-77.042600,Ward 2,2026-08-13
2026-07-27,38.926854,-77.025939,Ward 1,2026-07-28
2026-07-27,38.916726,-77.033860,Ward 2,2026-07-28
2026-07-27,38.902882,-77.041273,Ward 2,
2026-07-27,38.877188,-76.962387,Ward 7,2026-09-03
2026-07-27,38.904754,-77.025609,Ward 2,2026-08-28
2026-07-27,38.897149,-76.993578,Ward 6,2026-07-27
2026-07-27,38.932458,-77.018909,Ward 1,
2026-07-27,38.975531,-77.027237,Ward 4,2026-07-28
2026-07-27,38.972585,-77.026726,Ward 4,
2026-07-27,38.929802,-77.026381,Ward 1,2026-07-28
2026-07-27,38.904403,-77.026238,Ward 2,
2026-07-27,38.927423,-77.021721,Ward 1,2026-08-05
2026-07-27,38.903053,-76.986638,Ward 5,2026-08-21
2026-07-27,38.916998,-77.025314,Ward 1,2026-07-28
2026-07-27,38.930783,-77.026522,Ward 1,2026-08-14
2026-07-27,38.931318,-76.972393,Ward 5,
2026-07-27,38.915989,-77.046345,Ward 2,2026-08-05
2026-07-27,38.930783,-77.026522,Ward 1,2026-07-28
2026-07-27,38.920442,-77.029193,Ward 1,
2026-07-27,38.922676,-77.029954,Ward 1,2026-07-29
2026-07-27,38.922676,-77.029954,Ward 1,2026-08-13
2026-07-27,38.931761,-77.026677,Ward 1,2026-07-28
2026-07-27,38.919472,-77.044756,Ward 1,2026-08-17
2026-07-27,38.932321,-77.026759,Ward 1,2026-07-28
2026-07-27,38.854136,-76.990452,Ward 8,2026-07-27
2026-07-27,38.922712,-77.031285,Ward 1,2026-08-31
2026-07-27,38.922741,-77.030433,Ward 1,
2026-07-27,38.922676,-77.029954,Ward 1,2026-08-13
2026-07-27,38.932747,-77.026820,Ward 1,2026-07-28
2026-07-27,38.968843,-77.007600,Ward 4,2026-09-03
2026-07-27,38.889910,-76.950089,Ward 7,2026-08-04
2026-07-27,38.892527,-77.028832,Ward 2,2026-08-27
2026-07-27,38.911122,-77.019901,Ward 2,2026-08-05
2026-07-27,38.911868,-77.033251,Ward 2,
2026-07-27,38.902362,-76.939454,Ward 7,2026-09-03
2026-07-27,38.931695,-77.027940,Ward 1,2026-07-28
2026-07-27,38.932743,-77.038612,Ward 1,2026-07-28
2026-07-27,38.977128,-77.026233,Ward 4,2026-07-28
2026-07-27,38.911718,-77.010752,Ward 5,2026-08-06
2026-07-27,38.907601,-76.996915,Ward 5,
2026-07-28,38.922219,-76.978762,Ward 5,
2026-07-28,38.901879,-76.985026,Ward 5,
2026-07-28,38.920364,-77.036495,Ward 1,
2026-07-28,38.906667,-77.036971,Ward 2,2026-08-05
2026-07-28,38.958922,-76.995717,Ward 4,2026-07-28
2026-07-28,38.934463,-77.029388,Ward 1,2026-08-20
2026-07-28,38.942650,-76.976785,Ward 5,2026-07-28
2026-07-28,38.944391,-77.030503,Ward 4,
2026-07-28,38.946181,-76.979220,Ward 5,
2026-07-28,38.930056,-76.984430,Ward 5,2026-09-11
2026-07-28,38.877001,-76.962063,Ward 7,2026-07-28
2026-07-28,38.877688,-77.014925,Ward 6,2026-09-11
2026-07-28,38.877033,-76.963173,Ward 7,2026-08-31
2026-07-28,38.958342,-77.088867,Ward 3,2026-08-27
2026-07-28,38.902522,-77.029626,Ward 2,
2026-07-28,38.902916,-77.028463,Ward 2,2026-08-05
2026-07-28,38.901308,-77.050713,Ward 2,
2026-07-28,38.932647,-77.040078,Ward 1,2026-08-10
2026-07-28,38.934184,-76.981004,Ward 5,2026-08-27
2026-07-28,38.903947,-77.002925,Ward 6,
2026-07-28,38.943371,-77.015699,Ward 4,2026-09-03
2026-07-28,38.895247,-76.941059,Ward 7,2026-08-11
2026-07-28,38.848516,-76.981295,Ward 8,
2026-07-28,38.935973,-76.971202,Ward 5,
2026-07-28,38.916848,-77.037038,Ward 2,2026-08-05
2026-07-28,38.933646,-77.085116,Ward 3,
2026-07-28,38.961335,-77.060108,Ward 4,
2026-07-28,38.885008,-76.928403,Ward 7,2026-08-04
2026-07-29,38.976093,-77.028164,Ward 4,2026-07-30
2026-07-29,38.975531,-77.027237,Ward 4,2026-08-05
2026-07-29,38.885359,-76.948224,Ward 7,2026-08-17
2026-07-29,38.902799,-77.044606,Ward 2,2026-07-30
2026-07-29,38.907835,-77.036078,Ward 2,2026-08-05
2026-07-29,38.933158,-76.982503,Ward 5,2026-07-31
2026-07-29,38.883615,-76.979212,Ward 7,2026-07-29
2026-07-29,38.913192,-77.037236,Ward 2,2026-08-11
2026-07-29,38.959036,-77.029963,Ward 4,2026-07-29
2026-07-29,38.903680,-77.011893,Ward 6,2026-07-30
2026-07-29,38.885008,-76.928403,Ward 7,2026-08-14
2026-07-29,38.964291,-77.023531,Ward 4,2026-07-29
2026-07-29,38.901308,-77.050713,Ward 2,2026-08-05
2026-07-29,38.911962,-77.022943,Ward 2,2026-08-04
2026-07-29,38.970130,-77.026340,Ward 4,2026-07-29
2026-07-29,38.937550,-77.072640,Ward 3,
2026-07-29,38.903415,-76.943637,Ward 7,
2026-07-29,38.918648,-77.016561,Ward 1,2026-07-31
2026-07-29,38.914667,-77.017305,Ward 1,
2026-07-29,38.830909,-76.992750,Ward 8,
2026-07-29,38.877917,-76.941643,Ward 7,2026-08-20
2026-07-29,38.929768,-77.077052,Ward 3,
2026-07-29,38.901436,-77.052792,Ward 2,2026-08-13
2026-07-29,38.939107,-77.075396,Ward 3,2026-07-31
2026-07-29,38.944897,-77.007250,Ward 5,2026-08-19
2026-07-29,38.923767,-77.027038,Ward 1,2026-08-28
2026-07-29,38.924541,-77.032220,Ward 1,2026-08-04
2026-07-29,38.933082,-77.084841,Ward 3,
2026-07-29,38.903517,-77.036955,Ward 2,2026-08-14
2026-07-29,38.924370,-76.992653,Ward 5,2026-08-03
2026-07-29,38.872006,-76.961019,Ward 7,2026-09-01
2026-07-29,38.907835,-77.036078,Ward 2,
2026-07-29,38.926987,-77.074850,Ward 3,2026-08-13
2026-07-29,38.962075,-77.080286,Ward 3,2026-08-05
2026-07-29,38.892667,-76.980095,Ward 7,2026-08-14
2026-07-29,38.978232,-77.026767,Ward 4,2026-07-30
2026-07-29,38.900699,-77.049476,Ward 2,
2026-07-29,38.912028,-77.011227,Ward 5,2026-07-31
2026-07-29,38.977128,-77.026233,Ward 4,2026-07-30
2026-07-29,38.975531,-77.027237,Ward 4,2026-08-05
2026-07-29,38.976093,-77.028164,Ward 4,2026-07-30
2026-07-29,38.977128,-77.026233,Ward 4,2026-07-30
2026-07-30,38.926367,-77.052732,Ward 3,
2026-07-30,38.960140,-77.086555,Ward 3,2026-08-14
2026-07-30,38.919942,-77.070740,Ward 3,
2026-07-30,38.979141,-77.031444,Ward 4,
2026-07-30,38.966599,-77.010198,Ward 4,2026-07-31
2026-07-30,38.943257,-77.021858,Ward 4,2026-08-04
2026-07-30,38.838398,-77.006090,Ward 8,2026-08-20
2026-07-30,38.965966,-77.034063,Ward 4,2026-08-13
2026-07-30,38.978232,-77.026767,Ward 4,2026-07-30
2026-07-30,38.977128,-77.026233,Ward 4,2026-07-30
2026-07-30,38.916280,-77.005819,Ward 5,2026-08-21
2026-07-30,38.961506,-77.029694,Ward 4,2026-08-12
2026-07-30,38.892716,-76.980094,Ward 7,2026-08-03
2026-07-30,38.825980,-76.997563,Ward 8,2026-08-10
2026-07-30,38.967913,-77.075951,Ward 3,
2026-07-30,38.966009,-77.077360,Ward 3,
2026-07-30,38.966104,-77.076723,Ward 3,2026-08-05
2026-07-30,38.839700,-76.993866,Ward 8,2026-07-31
2026-07-30,38.934914,-76.964530,Ward 5,
2026-07-30,38.931952,-77.068874,Ward 3,
2026-07-30,38.948175,-77.080823,Ward 3,
2026-07-30,38.948512,-77.082484,Ward 3,
2026-07-30,38.951202,-77.092362,Ward 3,2026-07-31
2026-07-30,38.950089,-77.069611,Ward 3,
2026-07-30,38.950443,-77.070091,Ward 3,
2026-07-30,38.951645,-77.063922,Ward 3,2026-08-03
2026-07-30,38.952044,-77.061912,Ward 3,2026-09-09
2026-07-30,38.953134,-77.065464,Ward 3,
2026-07-30,38.950084,-77.063164,Ward 3,
2026-07-30,38.849508,-76.976374,Ward 8,2026-07-30
2026-07-30,38.960479,-77.028950,Ward 4,2026-07-30
2026-07-30,38.891044,-76.946476,Ward 7,2026-08-04
2026-07-30,38.971301,-77.034508,Ward 4,2026-07-30
2026-07-30,38.899222,-76.941579,Ward 7,2026-09-03
2026-07-30,38.976064,-77.019521,Ward 4,2026-08-04
2026-07-31,38.916990,-77.023955,Ward 1,2026-09-09
2026-07-31,38.937680,-77.004909,Ward 5,
2026-07-31,38.930575,-77.031196,Ward 1,2026-09-03
2026-07-31,38.940723,-76.988306,Ward 5,2026-08-21
2026-07-31,38.930338,-76.992236,Ward 5,2026-08-04
2026-07-31,38.930481,-76.992464,Ward 5,2026-08-03
2026-07-31,38.930769,-77.038161,Ward 1,
2026-07-31,38.923353,-76.992192,Ward 5,2026-08-05
2026-07-31,38.946894,-77.036057,Ward 4,
2026-07-31,38.941092,-77.015355,Ward 4,2026-08-04
2026-07-31,38.915738,-77.022612,Ward 1,2026-09-11
2026-07-31,38.915738,-77.022612,Ward 1,2026-09-09
2026-07-31,38.915575,-77.020873,Ward 2,
2026-07-31,38.908214,-77.056004,Ward 2,2026-08-05
2026-07-31,38.885008,-76.928403,Ward 7,2026-08-04
2026-07-31,38.943257,-77.021858,Ward 4,2026-08-04
2026-08-01,38.925190,-77.041574,Ward 1,2026-08-14
2026-08-01,38.902697,-76.950035,Ward 7,
2026-08-01,38.958496,-77.028559,Ward 4,
2026-08-01,38.908817,-77.086712,Ward 3,2026-08-24
2026-08-01,38.848947,-76.979714,Ward 8,2026-08-14
2026-08-01,38.932532,-77.038839,Ward 1,2026-08-20
2026-08-01,38.915818,-77.021238,Ward 1,2026-08-04
2026-08-01,38.883849,-76.983883,Ward 6,2026-08-10
2026-08-01,38.930338,-76.992236,Ward 5,2026-08-04
2026-08-01,38.934200,-77.029468,Ward 1,2026-09-09
2026-08-01,38.925192,-77.041051,Ward 1,2026-08-12
2026-08-02,38.930338,-76.992236,Ward 5,2026-08-04
2026-08-02,38.904037,-77.062550,Ward 2,2026-08-05
2026-08-02,38.978232,-77.026767,Ward 4,2026-08-04
2026-08-02,38.977684,-77.026218,Ward 4,2026-08-04
2026-08-02,38.976093,-77.028164,Ward 4,2026-08-04
2026-08-02,38.977128,-77.026233,Ward 4,2026-08-04
2026-08-02,38.878606,-77.008611,Ward 6,2026-08-10
2026-08-02,38.960407,-77.032378,Ward 4,
2026-08-02,38.978232,-77.026767,Ward 4,2026-08-04
2026-08-02,38.976093,-77.028164,Ward 4,2026-08-04
2026-08-02,38.942862,-76.978314,Ward 5,2026-08-14
2026-08-03,38.964742,-77.014827,Ward 4,2026-08-19
2026-08-03,38.897449,-76.976738,Ward 7,2026-08-04
2026-08-03,38.963956,-77.024412,Ward 4,2026-08-04
2026-08-03,38.930338,-76.992236,Ward 5,2026-08-04
2026-08-03,38.943257,-77.021858,Ward 4,2026-08-04
2026-08-03,38.942862,-76.978314,Ward 5,2026-08-14
2026-08-03,38.906549,-77.081381,Ward 3,2026-08-05
2026-08-03,38.892016,-76.995925,Ward 6,
2026-08-03,38.959736,-77.068008,Ward 3,2026-08-04
2026-08-03,38.935685,-77.030571,Ward 1,2026-08-20
2026-08-03,38.910525,-77.043688,Ward 2,
2026-08-03,38.903739,-77.036539,Ward 2,2026-08-03
2026-08-03,38.953534,-77.016948,Ward 4,2026-08-03
2026-08-03,38.934429,-77.067919,Ward 3,
2026-08-03,38.934920,-77.061691,Ward 3,
2026-08-03,38.951925,-77.071171,Ward 3,
2026-08-03,38.935942,-77.060891,Ward 3,
2026-08-03,38.953490,-77.071092,Ward 3,
2026-08-03,38.953135,-77.070356,Ward 3,
2026-08-03,38.953490,-77.071092,Ward 3,
2026-08-03,38.894328,-76.959043,Ward 7,2026-08-03
2026-08-03,38.918307,-77.006623,Ward 5,2026-08-03
2026-08-03,38.913536,-77.019153,Ward 2,
2026-08-03,38.894551,-76.957246,Ward 7,
2026-08-03,38.907237,-77.018937,Ward 2,
2026-08-03,38.901344,-77.036546,Ward 2,
2026-08-03,38.949379,-77.036036,Ward 4,2026-08-15
2026-08-03,38.937671,-77.035630,Ward 4,
2026-08-03,38.873125,-76.965906,Ward 7,2026-08-04
2026-08-03,38.903720,-77.018924,Ward 6,
2026-08-03,38.901103,-77.027031,Ward 2,
2026-08-03,38.974884,-77.016263,Ward 4,2026-08-04
2026-08-03,38.900611,-77.029212,Ward 2,
2026-08-03,38.914091,-77.030786,Ward 2,
2026-08-03,38.974070,-77.016444,Ward 4,
2026-08-03,38.880455,-77.011884,Ward 6,2026-08-10
2026-08-03,38.903415,-76.943637,Ward 7,2026-08-04
2026-08-03,38.909835,-77.038273,Ward 2,2026-08-18
2026-08-03,38.923522,-77.027444,Ward 1,
2026-08-03,38.925196,-77.040697,Ward 1,2026-08-04
2026-08-03,38.924370,-76.992653,Ward 5,2026-08-12
2026-08-03,38.899222,-76.941579,Ward 7,2026-08-05
2026-08-04,38.962662,-77.082637,Ward 3,
2026-08-04,38.905052,-77.068960,Ward 2,2026-08-20
2026-08-04,38.903532,-77.002270,Ward 6,2026-08-04
2026-08-04,38.903532,-77.002270,Ward 6,2026-08-14
2026-08-04,38.933856,-77.037911,Ward 1,
2026-08-04,38.933856,-77.037911,Ward 1,
2026-08-04,38.957844,-77.007612,Ward 4,
2026-08-04,38.914091,-77.030786,Ward 2,
2026-08-04,38.905973,-77.061804,Ward 2,2026-08-05
2026-08-04,38.911759,-77.060604,Ward 2,
2026-08-04,38.937900,-77.032729,Ward 4,2026-08-31
2026-08-04,38.938678,-77.032729,Ward 4,
2026-08-04,38.940806,-77.032728,Ward 4,
2026-08-04,38.942679,-76.978554,Ward 5,2026-08-14
2026-08-04,38.943052,-76.978553,Ward 5,2026-08-14
2026-08-04,38.892197,-76.986154,Ward 6,2026-08-04
2026-08-04,38.909475,-77.006359,Ward 5,2026-08-27
2026-08-04,38.932624,-77.092353,Ward 3,
2026-08-04,38.938846,-77.024468,Ward 4,2026-08-10
2026-08-04,38.932153,-77.096005,Ward 3,2026-08-10
2026-08-05,38.930338,-76.992236,Ward 5,2026-08-07
2026-08-05,38.978232,-77.026767,Ward 4,2026-08-05
2026-08-05,38.900205,-77.031956,Ward 2,2026-08-13
2026-08-05,38.868544,-76.964776,Ward 7,2026-09-02
2026-08-05,38.950755,-77.017270,Ward 4,
2026-08-05,38.905911,-77.026789,Ward 2,2026-08-06
2026-08-05,38.892829,-76.927865,Ward 7,
2026-08-05,38.909356,-76.985294,Ward 5,2026-08-05
2026-08-05,38.841669,-77.004920,Ward 8,2026-08-05
2026-08-05,38.829892,-76.997962,Ward 8,
2026-08-05,38.891377,-76.960957,Ward 7,2026-08-05
2026-08-05,38.925995,-77.027876,Ward 1,
2026-08-05,38.961047,-77.002967,Ward 4,2026-08-14
2026-08-05,38.917245,-77.027350,Ward 1,2026-08-06
2026-08-05,38.966295,-77.021942,Ward 4,2026-09-03
2026-08-05,38.880169,-76.940845,Ward 7,2026-08-05
2026-08-05,38.923629,-77.055689,Ward 3,
2026-08-05,38.934463,-77.029388,Ward 1,2026-08-06
2026-08-05,38.943043,-77.002361,Ward 5,2026-08-24
2026-08-05,38.963201,-77.066641,Ward 4,2026-08-06
2026-08-05,38.967535,-77.027477,Ward 4,
2026-08-05,38.956853,-77.019651,Ward 4,2026-09-08
2026-08-05,38.957632,-77.028627,Ward 4,2026-08-18
2026-08-05,38.905329,-77.036075,Ward 2,2026-08-07
2026-08-05,38.925878,-77.037016,Ward 1,2026-08-19
2026-08-05,38.911008,-77.002015,Ward 5,
2026-08-05,38.971307,-77.035973,Ward 4,2026-08-17
2026-08-05,38.894940,-76.994759,Ward 6,2026-08-07
2026-08-06,38.978232,-77.026767,Ward 4,2026-08-07
2026-08-06,38.976093,-77.028164,Ward 4,2026-08-07
2026-08-06,38.977128,-77.026233,Ward 4,2026-08-07
2026-08-06,38.977128,-77.026233,Ward 4,2026-08-07
2026-08-06,38.969731,-77.030679,Ward 4,2026-08-06
2026-08-06,38.924363,-76.959517,Ward 5,2026-08-10
2026-08-06,38.953834,-77.090866,Ward 3,2026-08-10
2026-08-06,38.925040,-77.050410,Ward 3,2026-08-10
2026-08-06,38.924328,-77.040506,Ward 1,2026-08-10
2026-08-06,38.895446,-77.015645,Ward 6,2026-08-06
2026-08-06,38.825183,-76.996610,Ward 8,2026-08-06
2026-08-06,38.895446,-77.015645,Ward 6,2026-08-07
2026-08-06,38.887412,-76.985782,Ward 6,2026-08-06
2026-08-06,38.941867,-77.032727,Ward 4,
2026-08-06,38.946115,-77.090915,Ward 3,
2026-08-06,38.847521,-76.968041,Ward 8,
2026-08-06,38.960538,-77.070340,Ward 3,
2026-08-06,38.911299,-77.017627,Ward 2,2026-08-07
2026-08-06,38.877774,-76.988085,Ward 6,2026-08-11
2026-08-06,38.897349,-77.031963,Ward 2,
2026-08-06,38.847258,-76.970962,Ward 8,2026-08-06
2026-08-06,38.873928,-76.936975,Ward 7,2026-08-20
2026-08-06,38.939559,-77.019305,Ward 4,2026-08-10
2026-08-06,38.909497,-77.041008,Ward 2,2026-08-27
2026-08-06,38.875800,-76.963230,Ward 7,2026-08-06
2026-08-06,38.887970,-76.984966,Ward 6,
2026-08-06,38.907765,-76.928802,Ward 7,2026-08-07
2026-08-06,38.943257,-77.021858,Ward 4,2026-08-07
2026-08-06,38.925439,-77.073188,Ward 3,2026-08-11
2026-08-06,38.888183,-76.989246,Ward 6,2026-09-04
2026-08-06,38.943996,-77.032726,Ward 4,
2026-08-06,38.967645,-77.027766,Ward 4,2026-08-14
2026-08-06,38.947888,-77.033025,Ward 4,
2026-08-06,38.923596,-77.057203,Ward 3,
2026-08-06,38.877708,-76.965602,Ward 7,
2026-08-07,38.915738,-77.022706,Ward 1,2026-08-11
2026-08-07,38.975531,-77.027237,Ward 4,2026-08-10
2026-08-07,38.977128,-77.026233,Ward 4,2026-08-07
2026-08-07,38.897319,-77.050135,Ward 2,2026-08-13
2026-08-07,38.897164,-77.050164,Ward 2,
2026-08-07,38.895988,-77.041712,Ward 2,2026-08-13
2026-08-07,38.878594,-77.006608,Ward 6,2026-08-07
2026-08-07,38.902806,-77.043044,Ward 2,2026-08-11
2026-08-07,38.918672,-77.060233,Ward 3,2026-08-10
2026-08-07,38.930235,-77.111741,Ward 3,2026-08-10
2026-08-07,38.917558,-77.024988,Ward 1,2026-08-20
2026-08-07,38.893193,-76.957740,Ward 7,2026-08-07
2026-08-07,38.923250,-77.001219,Ward 5,2026-08-07
2026-08-07,38.965267,-77.032163,Ward 4,2026-08-07
2026-08-07,38.946894,-77.036057,Ward 4,
2026-08-07,38.905527,-77.053817,Ward 2,
2026-08-07,38.886236,-77.027823,Ward 6,2026-08-17
2026-08-07,38.916083,-77.038194,Ward 2,2026-08-10
2026-08-07,38.914724,-76.984462,Ward 5,2026-08-10
2026-08-07,38.909261,-77.015433,Ward 5,2026-08-10
2026-08-07,38.917202,-77.026153,Ward 1,2026-08-10
2026-08-07,38.916758,-77.043555,Ward 1,
2026-08-07,38.908574,-77.023970,Ward 2,
2026-08-07,38.904227,-76.989401,Ward 5,
2026-08-07,38.902938,-76.990290,Ward 5,2026-08-10
2026-08-07,38.959777,-77.066003,Ward 3,
2026-08-07,38.945032,-77.094109,Ward 3,2026-08-10
2026-08-07,38.944954,-77.087850,Ward 3,
2026-08-07,38.944961,-77.087029,Ward 3,
2026-08-07,38.944958,-77.087155,Ward 3,
2026-08-07,38.951085,-77.080485,Ward 3,
2026-08-07,38.944973,-77.098807,Ward 3,
2026-08-07,38.895560,-76.992891,Ward 6,2026-09-08
2026-08-08,38.887780,-76.998275,Ward 6,
2026-08-08,38.902796,-77.000390,Ward 6,2026-08-18
2026-08-08,38.905247,-77.005456,Ward 6,2026-08-10
2026-08-08,38.900202,-77.043462,Ward 2,
2026-08-08,38.907244,-77.044890,Ward 2,
2026-08-08,38.891211,-76.992410,Ward 6,
2026-08-08,38.925401,-76.969328,Ward 5,
2026-08-08,38.857116,-76.985092,Ward 8,2026-08-21
2026-08-08,38.963827,-77.062656,Ward 4,
2026-08-08,38.925401,-76.969328,Ward 5,
2026-08-08,38.919030,-77.029258,Ward 1,2026-08-10
2026-08-09,38.925951,-77.010179,Ward 5,
2026-08-09,38.958895,-77.066117,Ward 3,2026-08-31
2026-08-09,38.908647,-76.998077,Ward 5,2026-08-21
2026-08-09,38.932238,-77.039957,Ward 1,2026-08-10
2026-08-09,38.978232,-77.026767,Ward 4,2026-08-10
2026-08-09,38.977128,-77.026233,Ward 4,2026-08-10
2026-08-09,38.976093,-77.028164,Ward 4,2026-08-10
2026-08-09,38.963234,-77.082597,Ward 3,
2026-08-09,38.913536,-77.019153,Ward 2,
2026-08-09,38.928212,-76.963812,Ward 5,2026-08-10
2026-08-09,38.897568,-77.052388,Ward 2,2026-08-20
2026-08-09,38.879412,-76.980989,Ward 6,2026-08-31
2026-08-09,38.977128,-77.026233,Ward 4,2026-08-10
2026-08-09,38.932222,-77.085427,Ward 3,2026-08-13
2026-08-10,38.883947,-76.983447,Ward 7,2026-08-10
2026-08-10,38.907641,-77.016051,Ward 2,2026-08-18
2026-08-10,38.965708,-77.007012,Ward 4,2026-08-10
2026-08-10,38.919387,-76.986729,Ward 5,2026-08-31
2026-08-10,38.899891,-76.925091,Ward 7,2026-08-14
2026-08-10,38.944523,-77.077253,Ward 3,2026-08-14
2026-08-10,38.871681,-76.981506,Ward 8,2026-08-10
2026-08-10,38.930338,-76.992236,Ward 5,2026-08-14
2026-08-10,38.914692,-77.009426,Ward 5,
2026-08-10,38.924525,-77.031927,Ward 1,2026-08-12
2026-08-10,38.946451,-76.993227,Ward 5,2026-09-03
2026-08-10,38.924323,-77.066353,Ward 3,
2026-08-10,38.926181,-77.068633,Ward 3,
2026-08-10,38.926383,-77.069465,Ward 3,2026-08-14
2026-08-10,38.926181,-77.069847,Ward 3,
2026-08-10,38.976093,-77.028164,Ward 4,2026-08-10
2026-08-10,38.924700,-77.069865,Ward 3,
2026-08-10,38.918645,-77.059528,Ward 3,2026-08-12
2026-08-10,38.958886,-77.009342,Ward 4,
2026-08-10,38.918873,-77.059173,Ward 3,2026-08-14
2026-08-10,38.923575,-77.069493,Ward 3,2026-08-13
2026-08-10,38.933858,-76.988583,Ward 5,2026-08-12
2026-08-10,38.924704,-77.065663,Ward 3,2026-08-14
2026-08-10,38.924668,-77.066656,Ward 3,2026-08-13
2026-08-10,38.921406,-77.063134,Ward 3,2026-08-13
2026-08-10,38.966556,-77.076871,Ward 3,
2026-08-11,38.974139,-77.016048,Ward 4,
2026-08-11,38.933638,-77.020938,Ward 1,
2026-08-11,38.900343,-76.975498,Ward 5,2026-08-11
2026-08-11,38.909764,-77.005539,Ward 5,2026-08-24
2026-08-11,38.908766,-77.003728,Ward 5,2026-08-25
2026-08-11,38.905257,-77.053296,Ward 2,2026-09-03
2026-08-11,38.939307,-76.997799,Ward 5,2026-08-20
2026-08-11,38.929801,-76.990186,Ward 5,2026-08-11
2026-08-11,38.954970,-77.015796,Ward 4,2026-08-11
2026-08-11,38.892080,-76.945934,Ward 7,2026-08-11
2026-08-11,38.923575,-77.054479,Ward 3,2026-08-11
2026-08-11,38.881439,-76.997083,Ward 6,
2026-08-11,38.915739,-77.022747,Ward 1,
2026-08-11,38.899986,-76.974878,Ward 5,2026-08-11
2026-08-11,38.923685,-76.991291,Ward 5,2026-08-27
2026-08-11,38.870331,-76.967001,Ward 7,2026-08-11
2026-08-11,38.824298,-76.997658,Ward 8,2026-08-20
2026-08-11,38.904035,-77.043908,Ward 2,
2026-08-11,38.934473,-77.026953,Ward 1,2026-08-28
2026-08-11,38.862369,-76.997739,Ward 8,
2026-08-11,38.933082,-77.084841,Ward 3,2026-08-17
2026-08-11,38.872791,-77.009441,Ward 6,
2026-08-11,38.934093,-76.979693,Ward 5,2026-08-12
2026-08-11,38.946465,-76.989149,Ward 5,2026-08-25
2026-08-11,38.953730,-77.027265,Ward 4,
2026-08-12,38.912918,-76.986665,Ward 5,
2026-08-12,38.964922,-77.006911,Ward 4,2026-08-12
2026-08-12,38.957802,-77.019952,Ward 4,2026-08-13
2026-08-12,38.906490,-76.983472,Ward 5,2026-08-14
2026-08-12,38.914412,-77.068157,Ward 2,2026-08-12
2026-08-12,38.904269,-76.994705,Ward 6,
2026-08-12,38.943236,-77.015454,Ward 4,2026-09-03
2026-08-12,38.953741,-77.056296,Ward 3,2026-08-13
2026-08-12,38.901308,-77.050713,Ward 2,
2026-08-12,38.831092,-76.999836,Ward 8,
2026-08-12,38.907033,-77.034933,Ward 2,
2026-08-12,38.954713,-76.994232,Ward 5,2026-09-09
2026-08-12,38.906847,-77.069241,Ward 2,2026-08-13
2026-08-12,38.889097,-76.934202,Ward 7,
2026-08-12,38.910336,-77.049320,Ward 2,2026-08-13
2026-08-12,38.956491,-77.060671,Ward 3,2026-08-13
2026-08-12,38.874478,-77.003915,Ward 8,2026-08-20
2026-08-12,38.899577,-77.046653,Ward 2,2026-08-13
2026-08-12,38.933530,-77.081831,Ward 3,2026-08-13
2026-08-12,38.925413,-76.999258,Ward 5,2026-08-14
2026-08-12,38.961506,-77.015953,Ward 4,
2026-08-12,38.933075,-76.996389,Ward 5,2026-08-13
2026-08-13,38.916848,-77.037038,Ward 2,
2026-08-13,38.976093,-77.028164,Ward 4,2026-08-13
2026-08-13,38.917435,-77.049253,Ward 2,2026-09-08
2026-08-13,38.977128,-77.026233,Ward 4,2026-08-13
2026-08-13,38.916881,-77.049147,Ward 2,2026-09-08
2026-08-13,38.978232,-77.026767,Ward 4,2026-08-13
2026-08-13,38.918419,-77.049846,Ward 2,
2026-08-13,38.942357,-76.989983,Ward 5,2026-08-13
2026-08-13,38.907450,-77.040593,Ward 2,2026-08-17
2026-08-13,38.907436,-77.040092,Ward 2,2026-08-13
2026-08-13,38.945341,-77.063241,Ward 3,
2026-08-13,38.873582,-76.970016,Ward 7,
2026-08-13,38.932660,-76.967509,Ward 5,
2026-08-13,38.961316,-77.016165,Ward 4,2026-08-13
2026-08-13,38.961317,-77.018033,Ward 4,2026-08-13
2026-08-13,38.911021,-76.986142,Ward 5,2026-08-13
2026-08-13,38.961315,-77.019894,Ward 4,2026-08-13
2026-08-13,38.911021,-76.986142,Ward 5,2026-08-25
2026-08-13,38.885359,-76.948224,Ward 7,2026-08-17
2026-08-13,38.873895,-76.968023,Ward 7,
2026-08-13,38.986924,-77.029637,Ward 4,2026-08-21
2026-08-13,38.888621,-76.957215,Ward 7,
2026-08-13,38.888990,-76.956371,Ward 7,
2026-08-13,38.930646,-77.026684,Ward 1,2026-08-18
2026-08-13,38.898819,-76.927153,Ward 7,2026-08-20
2026-08-13,38.909000,-77.029182,Ward 2,
2026-08-13,38.936253,-77.020320,Ward 1,2026-08-13
2026-08-13,38.889483,-76.988047,Ward 6,2026-09-10
2026-08-13,38.932672,-77.044686,Ward 1,2026-08-13
2026-08-13,38.948127,-77.094677,Ward 3,
2026-08-13,38.950475,-77.085965,Ward 3,
2026-08-13,38.948988,-77.022599,Ward 4,2026-08-13
2026-08-13,38.947665,-77.094564,Ward 3,2026-08-21
2026-08-13,38.946123,-77.096483,Ward 3,
2026-08-13,38.947303,-77.093214,Ward 3,
2026-08-13,38.913595,-77.071924,Ward 2,
2026-08-13,38.955776,-77.086402,Ward 3,
2026-08-13,38.916252,-77.093547,Ward 3,
2026-08-13,38.916252,-77.093547,Ward 3,
2026-08-13,38.897271,-76.938575,Ward 7,2026-08-20
2026-08-13,38.938585,-77.070750,Ward 3,
2026-08-13,38.936095,-77.067818,Ward 3,
2026-08-13,38.886222,-76.957888,Ward 7,2026-08-13
2026-08-13,38.958572,-77.029164,Ward 4,2026-08-14
2026-08-13,38.911714,-77.022700,Ward 2,
2026-08-14,38.879163,-76.974477,Ward 6,2026-08-14
2026-08-14,38.921932,-76.995059,Ward 5,2026-08-27
2026-08-14,38.953766,-76.991835,Ward 5,2026-08-27
2026-08-14,38.890159,-76.991779,Ward 6,
2026-08-14,38.928179,-77.073712,Ward 3,2026-08-14
2026-08-14,38.944764,-77.032439,Ward 4,
2026-08-14,38.826824,-77.011505,Ward 8,2026-08-14
2026-08-14,38.867894,-76.947980,Ward 7,2026-08-14
2026-08-14,38.869017,-76.982395,Ward 8,2026-08-14
2026-08-14,38.946124,-77.032725,Ward 4,
2026-08-14,38.928802,-77.036789,Ward 1,2026-08-14
2026-08-14,38.901103,-77.027031,Ward 2,
2026-08-14,38.901103,-77.027031,Ward 2,
2026-08-14,38.901469,-77.019918,Ward 6,
2026-08-14,38.901469,-77.019918,Ward 6,
2026-08-14,38.909812,-77.033722,Ward 2,
2026-08-14,38.904163,-77.019898,Ward 2,
2026-08-14,38.905452,-77.019696,Ward 2,
2026-08-14,38.905643,-77.019901,Ward 2,
2026-08-14,38.907240,-77.019899,Ward 2,
2026-08-14,38.931259,-77.039044,Ward 1,
2026-08-14,38.931686,-77.043514,Ward 1,
2026-08-14,38.933915,-76.964782,Ward 5,2026-08-14
2026-08-14,38.929596,-77.019217,Ward 1,2026-08-14
2026-08-14,38.833792,-76.998038,Ward 8,2026-08-14
2026-08-14,38.908726,-77.019695,Ward 2,
2026-08-14,38.883615,-76.979212,Ward 7,
2026-08-14,38.825203,-76.996753,Ward 8,
2026-08-14,38.873656,-76.968032,Ward 7,2026-08-14
2026-08-14,38.909643,-77.019902,Ward 2,2026-08-18
2026-08-14,38.909077,-77.042819,Ward 2,2026-08-17
2026-08-14,38.917171,-77.024167,Ward 1,2026-09-09
2026-08-14,38.909077,-77.042819,Ward 2,
2026-08-14,38.909077,-77.042819,Ward 2,2026-08-17
2026-08-14,38.909077,-77.042819,Ward 2,2026-08-17
2026-08-14,38.829995,-77.000837,Ward 8,2026-08-19
2026-08-14,38.919010,-77.035373,Ward 1,2026-08-17
2026-08-15,38.927651,-76.979097,Ward 5,
2026-08-15,38.927922,-76.988058,Ward 5,2026-09-10
2026-08-15,38.934807,-77.072194,Ward 3,
2026-08-15,38.900692,-77.021643,Ward 2,2026-08-20
2026-08-15,38.901177,-76.993461,Ward 6,2026-08-18
2026-08-15,38.950412,-77.066543,Ward 3,
2026-08-16,38.976093,-77.028164,Ward 4,2026-08-18
2026-08-16,38.954729,-76.993884,Ward 5,2026-08-17
2026-08-16,38.920418,-77.029333,Ward 1,
2026-08-16,38.952219,-76.989089,Ward 5,2026-08-27
2026-08-16,38.950802,-77.027284,Ward 4,
2026-08-16,38.907554,-77.073862,Ward 2,
2026-08-16,38.952185,-77.023006,Ward 4,
2026-08-16,38.951928,-77.019078,Ward 4,
2026-08-16,38.952303,-77.017377,Ward 4,2026-08-19
2026-08-16,38.952204,-77.015891,Ward 4,2026-08-18
2026-08-16,38.952204,-77.015891,Ward 4,2026-08-19
2026-08-16,38.952276,-77.013458,Ward 4,
2026-08-16,38.952343,-77.011315,Ward 4,2026-08-18
2026-08-16,38.952362,-77.010658,Ward 4,
2026-08-16,38.952362,-77.010658,Ward 4,2026-08-18
2026-08-16,38.953200,-77.017597,Ward 4,
2026-08-16,38.953137,-77.019729,Ward 4,2026-08-17
2026-08-16,38.953137,-77.019729,Ward 4,2026-08-17
2026-08-16,38.953137,-77.019729,Ward 4,2026-08-17
2026-08-16,38.953062,-77.022153,Ward 4,2026-08-17
2026-08-16,38.953011,-77.023877,Ward 4,
2026-08-16,38.952956,-77.025626,Ward 4,
2026-08-16,38.935034,-77.024934,Ward 1,
2026-08-17,38.933545,-77.038613,Ward 1,
2026-08-17,38.978232,-77.026767,Ward 4,2026-08-18
2026-08-17,38.976093,-77.028164,Ward 4,2026-08-18
2026-08-17,38.902955,-77.054513,Ward 2,
2026-08-17,38.891076,-76.994741,Ward 6,2026-08-28
2026-08-17,38.962903,-77.019595,Ward 4,2026-09-03
2026-08-17,38.826372,-77.002313,Ward 8,
2026-08-17,38.945800,-77.019386,Ward 4,
2026-08-17,38.970203,-77.010721,Ward 4,2026-08-21
2026-08-17,38.978232,-77.026767,Ward 4,2026-08-18
2026-08-17,38.977128,-77.026233,Ward 4,2026-08-18
2026-08-17,38.975531,-77.027237,Ward 4,
2026-08-17,38.977128,-77.026233,Ward 4,2026-08-18
2026-08-17,38.965274,-77.029144,Ward 4,
2026-08-17,38.846390,-76.996133,Ward 8,2026-09-10
2026-08-17,38.896835,-77.026302,Ward 2,
2026-08-17,38.968903,-77.011213,Ward 4,2026-08-17
2026-08-17,38.875245,-77.011959,Ward 6,
2026-08-17,38.873822,-76.974806,Ward 8,2026-08-19
2026-08-17,38.873184,-76.976226,Ward 8,
2026-08-17,38.923491,-77.034071,Ward 1,2026-08-18
2026-08-17,38.975531,-77.027237,Ward 4,
2026-08-18,38.974271,-77.013850,Ward 4,
2026-08-18,38.867402,-76.987418,Ward 8,
2026-08-18,38.922003,-77.099874,Ward 3,2026-08-18
2026-08-18,38.920588,-77.043931,Ward 1,
2026-08-18,38.919221,-77.017403,Ward 1,
2026-08-18,38.891598,-76.984052,Ward 6,
2026-08-18,38.901308,-77.050713,Ward 2,
2026-08-18,38.848596,-76.979178,Ward 8,
2026-08-18,38.849090,-76.978710,Ward 8,
2026-08-18,38.849526,-76.979890,Ward 8,
2026-08-18,38.871337,-76.981840,Ward 8,2026-08-20
2026-08-18,38.885971,-77.029621,Ward 6,2026-09-01
2026-08-18,38.914832,-77.043426,Ward 2,
2026-08-18,38.891872,-76.991290,Ward 6,
2026-08-18,38.911129,-77.043435,Ward 2,
2026-08-18,38.909390,-77.042716,Ward 2,
2026-08-18,38.908267,-77.040586,Ward 2,
2026-08-18,38.906852,-77.037653,Ward 2,
2026-08-18,38.907610,-77.002255,Ward 6,2026-08-31
2026-08-18,38.897839,-77.026482,Ward 2,2026-08-20
2026-08-18,38.906858,-77.035430,Ward 2,
2026-08-18,38.905384,-77.035028,Ward 2,
2026-08-18,38.901336,-77.034593,Ward 2,
2026-08-18,38.906602,-77.020551,Ward 2,2026-08-24
2026-08-18,38.928909,-77.030957,Ward 1,2026-09-11
2026-08-18,38.903538,-77.009900,Ward 6,
2026-08-18,38.936345,-76.971287,Ward 5,2026-08-19
2026-08-18,38.874900,-76.938814,Ward 7,2026-08-20
2026-08-19,38.888253,-76.989316,Ward 6,
2026-08-19,38.903957,-77.033371,Ward 2,
2026-08-19,38.978232,-77.026767,Ward 4,
2026-08-19,38.975531,-77.027237,Ward 4,
2026-08-19,38.900535,-77.030413,Ward 2,2026-09-09
2026-08-19,38.876124,-77.017794,Ward 6,
2026-08-19,38.901308,-77.050713,Ward 2,
2026-08-19,38.967643,-77.010540,Ward 4,
2026-08-19,38.910142,-77.042977,Ward 2,2026-08-20
2026-08-19,38.967505,-77.005547,Ward 4,2026-08-28
2026-08-19,38.967505,-77.005547,Ward 4,2026-08-19
2026-08-19,38.876621,-76.964956,Ward 7,2026-08-19
2026-08-19,38.912050,-77.038954,Ward 2,
2026-08-19,38.876562,-76.983256,Ward 6,
2026-08-19,38.900634,-76.927030,Ward 7,
2026-08-19,38.917188,-77.001835,Ward 5,2026-08-19
2026-08-19,38.917232,-77.001832,Ward 5,2026-08-19
2026-08-19,38.953292,-77.020834,Ward 4,2026-08-20
2026-08-19,38.950385,-77.021784,Ward 4,2026-08-20
2026-08-19,38.898921,-76.973268,Ward 5,
2026-08-19,38.918114,-77.036500,Ward 1,
2026-08-19,38.897148,-77.049633,Ward 2,
2026-08-19,38.898565,-77.045439,Ward 2,
2026-08-19,38.921441,-76.977969,Ward 5,
2026-08-19,38.895971,-77.005901,Ward 6,
2026-08-19,38.956777,-77.008738,Ward 4,
2026-08-20,38.920901,-77.029860,Ward 1,2026-08-20
2026-08-20,38.941171,-77.000816,Ward 5,2026-08-20
2026-08-20,38.903956,-77.001647,Ward 6,
2026-08-20,38.912824,-77.036875,Ward 2,2026-08-20
2026-08-20,38.987549,-77.036727,Ward 4,
2026-08-20,38.904823,-76.986288,Ward 5,2026-08-20
2026-08-20,38.909955,-77.085725,Ward 3,
2026-08-20,38.910448,-77.083418,Ward 3,
2026-08-20,38.934184,-76.981004,Ward 5,2026-08-20
2026-08-20,38.938100,-76.993692,Ward 5,
2026-08-20,38.911674,-77.006862,Ward 5,2026-08-20
2026-08-20,38.891556,-76.922454,Ward 7,2026-08-20
2026-08-20,38.887205,-76.918658,Ward 7,2026-08-21
2026-08-20,38.892679,-76.920589,Ward 7,2026-08-20
2026-08-20,38.878243,-76.991536,Ward 6,
2026-08-20,38.967136,-77.005549,Ward 4,2026-08-20
2026-08-20,38.933706,-76.983025,Ward 5,2026-08-24
2026-08-20,38.935946,-76.985852,Ward 5,2026-08-21
2026-08-20,38.948691,-77.018553,Ward 4,2026-08-26
2026-08-20,38.962508,-77.019266,Ward 4,2026-08-20
2026-08-20,38.952210,-77.024614,Ward 4,2026-08-20
2026-08-20,38.933696,-77.020942,Ward 1,
2026-08-20,38.914086,-77.013162,Ward 5,
2026-08-20,38.912486,-76.976735,Ward 5,
2026-08-20,38.938366,-77.060462,Ward 3,
2026-08-20,38.942235,-77.062598,Ward 3,
2026-08-20,38.907883,-77.086964,Ward 3,
2026-08-20,38.933780,-77.057893,Ward 3,
2026-08-20,38.921397,-77.081606,Ward 3,
2026-08-20,38.922400,-77.077287,Ward 3,
2026-08-20,38.920492,-77.074365,Ward 3,
2026-08-20,38.919631,-77.074239,Ward 3,
2026-08-20,38.918852,-77.073999,Ward 3,
2026-08-20,38.920076,-77.072810,Ward 3,
2026-08-20,38.920002,-77.072817,Ward 3,
2026-08-20,38.922350,-77.072502,Ward 3,
2026-08-20,38.932189,-77.093035,Ward 3,
2026-08-20,38.905182,-76.932915,Ward 7,
2026-08-20,38.954693,-77.067659,Ward 3,
2026-08-20,38.902176,-77.039833,Ward 2,
2026-08-21,38.942216,-77.076507,Ward 3,
2026-08-21,38.885083,-76.943231,Ward 7,2026-08-21
2026-08-21,38.907897,-77.037384,Ward 2,2026-08-21
2026-08-21,38.896792,-76.974189,Ward 7,2026-08-24
2026-08-21,38.896641,-76.974450,Ward 7,2026-09-02
2026-08-21,38.885664,-76.977061,Ward 7,
2026-08-21,38.903543,-76.977781,Ward 5,2026-08-21
2026-08-21,38.941379,-77.017301,Ward 4,
2026-08-21,38.925396,-77.008152,Ward 5,
2026-08-21,38.941702,-77.077251,Ward 3,
2026-08-21,38.899098,-76.997603,Ward 6,
2026-08-21,38.966326,-77.035562,Ward 4,2026-08-27
2026-08-21,38.934540,-77.089169,Ward 3,2026-08-27
2026-08-21,38.914086,-77.013162,Ward 5,
2026-08-21,38.901530,-76.996411,Ward 6,
2026-08-21,38.895470,-76.974571,Ward 7,
2026-08-21,38.876796,-76.999244,Ward 8,
2026-08-21,38.879163,-76.974477,Ward 6,2026-08-24
2026-08-22,38.896071,-76.933687,Ward 7,2026-08-24
2026-08-22,38.896070,-76.933450,Ward 7,
2026-08-22,38.952775,-76.999382,Ward 5,2026-08-24
2026-08-22,38.927213,-76.979357,Ward 5,2026-08-25
2026-08-22,38.931318,-76.972393,Ward 5,
2026-08-22,38.926717,-76.981635,Ward 5,
2026-08-22,38.937035,-77.077830,Ward 3,2026-08-24
2026-08-22,38.879091,-77.000365,Ward 8,
2026-08-22,38.857405,-76.955361,Ward 7,2026-08-24
2026-08-22,38.898072,-77.051137,Ward 2,
2026-08-22,38.900446,-77.046901,Ward 2,2026-09-02
2026-08-22,38.928802,-77.036789,Ward 1,
2026-08-22,38.930769,-77.038161,Ward 1,
2026-08-22,38.933856,-77.037911,Ward 1,
2026-08-22,38.926567,-77.052928,Ward 3,
2026-08-22,38.915738,-77.022612,Ward 1,2026-08-31
2026-08-22,38.915572,-77.021919,Ward 1,
2026-08-22,38.915575,-77.020873,Ward 2,
2026-08-22,38.913536,-77.019153,Ward 2,
2026-08-22,38.907237,-77.018937,Ward 2,
2026-08-22,38.905644,-77.018932,Ward 2,2026-08-27
2026-08-22,38.904174,-77.018932,Ward 2,
2026-08-22,38.901103,-77.027031,Ward 2,
2026-08-22,38.901103,-77.027031,Ward 2,
2026-08-22,38.900216,-77.029634,Ward 2,
2026-08-23,38.892825,-77.022938,Ward 2,
2026-08-23,38.904685,-77.003246,Ward 6,
2026-08-23,38.938902,-76.968169,Ward 5,2026-09-02
2026-08-23,38.923063,-77.039146,Ward 1,
2026-08-23,38.888132,-77.019820,Ward 2,
2026-08-23,38.986924,-77.029637,Ward 4,
2026-08-23,38.934381,-77.039085,Ward 1,
2026-08-23,38.882996,-76.980964,Ward 7,2026-08-24
2026-08-24,38.974310,-77.017539,Ward 4,
2026-08-24,38.933545,-77.038613,Ward 1,
2026-08-24,38.985930,-77.029681,Ward 4,
2026-08-24,38.833681,-77.003156,Ward 8,2026-08-27
2026-08-24,38.933545,-77.038613,Ward 1,
2026-08-24,38.935742,-77.023391,Ward 1,2026-08-24
2026-08-24,38.966738,-77.013199,Ward 4,
2026-08-24,38.956777,-77.008738,Ward 4,
2026-08-24,38.893759,-76.989897,Ward 6,
2026-08-24,38.916848,-77.037038,Ward 2,
2026-08-24,38.842621,-76.991005,Ward 8,
2026-08-24,38.963146,-76.999534,Ward 4,2026-08-24
2026-08-24,38.884921,-76.945240,Ward 7,
2026-08-24,38.886354,-76.946518,Ward 7,
2026-08-24,38.829894,-76.996879,Ward 8,2026-08-24
2026-08-24,38.929484,-77.018253,Ward 1,2026-08-24
2026-08-24,38.933545,-77.038613,Ward 1,
2026-08-24,38.899130,-77.021917,Ward 2,
2026-08-24,38.929403,-77.026556,Ward 1,
2026-08-24,38.931702,-76.992341,Ward 5,
2026-08-24,38.975313,-77.036151,Ward 4,2026-08-25
2026-08-24,38.929070,-77.037740,Ward 1,
2026-08-24,38.906667,-77.036971,Ward 2,
2026-08-24,38.911682,-77.045487,Ward 2,
2026-08-24,38.909296,-76.934715,Ward 7,
2026-08-24,38.917452,-77.043835,Ward 1,
2026-08-25,38.899976,-77.031213,Ward 2,
2026-08-25,38.885380,-77.026440,Ward 6,
2026-08-25,38.897619,-77.006176,Ward 6,
2026-08-25,38.894960,-76.977136,Ward 7,
2026-08-25,38.932062,-77.038474,Ward 1,
2026-08-25,38.933545,-77.038613,Ward 1,
2026-08-25,38.886539,-76.982218,Ward 7,2026-08-25
2026-08-25,38.893381,-76.990448,Ward 6,
2026-08-25,38.920273,-77.016632,Ward 1,2026-08-25
2026-08-25,38.885054,-76.945572,Ward 7,
2026-08-25,38.830769,-77.002538,Ward 8,2026-08-26
2026-08-25,38.922512,-77.032505,Ward 1,2026-08-26
2026-08-25,38.902790,-77.038882,Ward 2,
2026-08-25,38.857564,-76.955230,Ward 7,2026-08-27
2026-08-25,38.924652,-76.996014,Ward 5,2026-08-27
2026-08-25,38.916658,-77.043514,Ward 1,
2026-08-25,38.926367,-77.052732,Ward 3,
2026-08-25,38.941016,-77.034229,Ward 4,
2026-08-25,38.897223,-76.980967,Ward 7,
2026-08-25,38.944868,-77.026976,Ward 4,
2026-08-25,38.868044,-76.983580,Ward 8,2026-08-25
2026-08-25,38.900732,-76.925021,Ward 7,
2026-08-25,38.871510,-76.937159,Ward 7,
2026-08-25,38.919755,-77.000569,Ward 5,2026-08-27
2026-08-26,38.918392,-77.022949,Ward 1,2026-08-26
2026-08-26,38.906870,-77.034162,Ward 2,2026-09-02
2026-08-26,38.944484,-77.079891,Ward 3,2026-08-26
2026-08-26,38.906609,-76.943198,Ward 7,
2026-08-26,38.901615,-77.044627,Ward 2,
2026-08-26,38.967031,-77.013915,Ward 4,
2026-08-26,38.905865,-76.982893,Ward 5,2026-08-26
2026-08-26,38.876280,-77.009714,Ward 6,
2026-08-26,38.927197,-77.105699,Ward 3,2026-08-26
2026-08-26,38.929452,-76.989596,Ward 5,2026-08-28
2026-08-26,38.876906,-76.962529,Ward 7,2026-08-26
2026-08-26,38.943976,-77.082869,Ward 3,
2026-08-26,38.869880,-76.958826,Ward 7,2026-08-27
2026-08-26,38.943976,-77.082869,Ward 3,
2026-08-26,38.944269,-77.082393,Ward 3,
2026-08-26,38.891126,-76.995678,Ward 6,2026-08-26
2026-08-26,38.947808,-77.025580,Ward 4,
2026-08-26,38.880475,-76.981474,Ward 6,
2026-08-26,38.921416,-76.984150,Ward 5,
2026-08-26,38.888837,-76.977446,Ward 7,2026-09-08
2026-08-26,38.904328,-77.033258,Ward 2,2026-09-02
2026-08-26,38.907234,-77.031019,Ward 2,2026-09-02
2026-08-26,38.861990,-76.979061,Ward 8,
2026-08-26,38.884070,-76.996534,Ward 6,2026-08-26
2026-08-26,38.956491,-77.060671,Ward 3,2026-08-31
2026-08-26,38.955065,-77.062121,Ward 3,2026-08-31
2026-08-26,38.918856,-77.040422,Ward 1,2026-08-27
2026-08-26,38.901289,-76.920546,Ward 7,
2026-08-26,38.919279,-77.039334,Ward 1,2026-09-11
2026-08-26,38.907819,-76.928902,Ward 7,2026-08-26
2026-08-26,38.947335,-77.072203,Ward 3,
2026-08-26,38.942299,-76.989983,Ward 5,2026-08-26
2026-08-26,38.884070,-76.996534,Ward 6,2026-08-28
2026-08-26,38.927842,-77.030039,Ward 1,
2026-08-26,38.870401,-76.943406,Ward 7,
2026-08-26,38.903216,-77.006252,Ward 6,
2026-08-26,38.912865,-77.041426,Ward 2,
2026-08-26,38.945376,-77.077812,Ward 3,
2026-08-26,38.915748,-77.003210,Ward 5,
2026-08-26,38.914958,-77.003228,Ward 5,
2026-08-26,38.912784,-77.003248,Ward 5,2026-08-27
2026-08-27,38.883525,-76.996362,Ward 6,2026-08-27
2026-08-27,38.978232,-77.026767,Ward 4,2026-08-27
2026-08-27,38.976093,-77.028164,Ward 4,2026-09-02
2026-08-27,38.884658,-76.940582,Ward 7,2026-08-27
2026-08-27,38.942820,-77.098134,Ward 3,2026-09-04
2026-08-27,38.914091,-77.044874,Ward 2,
2026-08-27,38.975814,-77.061668,Ward 4,2026-08-28
2026-08-27,38.912115,-77.084673,Ward 3,2026-08-27
2026-08-27,38.839027,-77.004149,Ward 8,2026-08-27
2026-08-27,38.966567,-77.021463,Ward 4,2026-08-27
2026-08-27,38.921959,-77.072858,Ward 3,
2026-08-27,38.857362,-76.967260,Ward 7,
2026-08-27,38.939226,-76.995513,Ward 5,
2026-08-27,38.939226,-76.995513,Ward 5,2026-08-27
2026-08-27,38.938594,-76.993482,Ward 5,
2026-08-27,38.949495,-77.063189,Ward 3,
2026-08-27,38.949488,-77.062594,Ward 3,
2026-08-27,38.950937,-77.072512,Ward 3,
2026-08-27,38.947750,-77.078854,Ward 3,
2026-08-27,38.945720,-77.071478,Ward 3,
2026-08-27,38.967913,-77.075951,Ward 3,
2026-08-27,38.967876,-77.075465,Ward 3,
2026-08-27,38.965118,-77.072660,Ward 3,
2026-08-27,38.976050,-77.056909,Ward 4,
2026-08-27,38.967826,-77.069613,Ward 3,
2026-08-27,38.893753,-76.926996,Ward 7,
2026-08-27,38.900440,-76.974909,Ward 5,2026-08-28
2026-08-27,38.919631,-76.986774,Ward 5,
2026-08-27,38.903727,-76.939940,Ward 7,2026-09-04
2026-08-27,38.894718,-76.923267,Ward 7,
2026-08-27,38.979572,-77.027580,Ward 4,
2026-08-27,38.930794,-76.982039,Ward 5,
2026-08-27,38.892037,-76.938004,Ward 7,
2026-08-27,38.917972,-77.031509,Ward 1,
2026-08-27,38.900664,-77.056605,Ward 2,
2026-08-27,38.900664,-77.056605,Ward 2,
2026-08-28,38.905677,-77.050331,Ward 2,
2026-08-28,38.938226,-77.085634,Ward 3,
2026-08-28,38.914092,-77.039275,Ward 2,
2026-08-28,38.918114,-77.036500,Ward 1,2026-09-11
2026-08-28,38.914300,-77.038157,Ward 2,
2026-08-28,38.904227,-76.978303,Ward 5,2026-08-28
2026-08-28,38.940738,-77.020489,Ward 4,2026-08-28
2026-08-28,38.825844,-77.012872,Ward 8,
2026-08-28,38.958341,-77.019955,Ward 4,2026-09-02
2026-08-28,38.955776,-77.086402,Ward 3,
2026-08-28,38.952934,-77.070079,Ward 3,2026-09-09
2026-08-28,38.935013,-77.025606,Ward 1,
2026-08-28,38.948816,-77.034002,Ward 4,2026-08-28
2026-08-28,38.931731,-77.029041,Ward 1,
2026-08-28,38.882909,-77.003762,Ward 6,
2026-08-28,38.873119,-76.973229,Ward 8,2026-08-28
2026-08-28,38.902023,-77.039683,Ward 2,
2026-08-28,38.964193,-77.073748,Ward 3,2026-08-28
2026-08-28,38.907459,-77.043976,Ward 2,
2026-08-28,38.940504,-77.024705,Ward 4,
2026-08-28,38.847793,-76.999557,Ward 8,2026-09-02
2026-08-28,38.911306,-76.985778,Ward 5,
2026-08-28,38.899974,-77.039806,Ward 2,
2026-08-28,38.939044,-76.990506,Ward 5,
2026-08-28,38.920619,-77.002339,Ward 5,2026-08-28
2026-08-28,38.902867,-77.039829,Ward 2,
2026-08-29,38.894108,-76.912543,Ward 7,2026-08-31
2026-08-29,38.894155,-76.911419,Ward 7,
2026-08-29,38.941315,-77.004557,Ward 5,2026-08-30
2026-08-29,38.879049,-76.991765,Ward 6,2026-08-30
2026-08-29,38.884464,-77.000333,Ward 6,2026-09-01
2026-08-29,38.885295,-77.022547,Ward 6,
2026-08-29,38.908349,-77.009697,Ward 5,
2026-08-29,38.954923,-77.006638,Ward 5,
2026-08-29,38.971762,-77.071308,Ward 4,
2026-08-29,38.872467,-76.977145,Ward 8,2026-09-04
2026-08-29,38.892829,-76.991790,Ward 6,
2026-08-30,38.920367,-77.000782,Ward 5,
2026-08-30,38.905819,-76.979297,Ward 5,
2026-08-30,38.900203,-76.994961,Ward 6,2026-09-11
2026-08-30,38.893479,-76.982467,Ward 7,2026-09-02
2026-08-30,38.975188,-77.024712,Ward 4,2026-09-01
2026-08-30,38.888504,-77.001788,Ward 6,2026-08-30
2026-08-30,38.893479,-76.982467,Ward 7,2026-09-02
2026-08-30,38.889808,-76.999518,Ward 6,2026-08-30
2026-08-30,38.904371,-76.978990,Ward 5,
2026-08-30,38.975514,-77.024672,Ward 4,2026-09-01
2026-08-30,38.893479,-76.982467,Ward 7,2026-09-02
2026-08-31,38.925951,-77.010179,Ward 5,
2026-08-31,38.942005,-77.015634,Ward 4,2026-08-31
2026-08-31,38.899995,-76.920539,Ward 7,2026-09-08
2026-08-31,38.923025,-77.037991,Ward 1,2026-08-31
2026-08-31,38.906434,-77.065048,Ward 2,
2026-08-31,38.878239,-76.943846,Ward 7,2026-08-31
2026-08-31,38.960627,-77.004103,Ward 4,2026-08-31
2026-08-31,38.963956,-77.003258,Ward 4,2026-08-31
2026-08-31,38.949652,-76.988524,Ward 5,
2026-08-31,38.929768,-77.077052,Ward 3,
2026-08-31,38.950726,-77.067325,Ward 3,
2026-08-31,38.951035,-77.093475,Ward 3,
2026-08-31,38.950728,-77.069845,Ward 3,
2026-08-31,38.950728,-77.069845,Ward 3,
2026-08-31,38.950944,-77.070684,Ward 3,
2026-08-31,38.950726,-77.071709,Ward 3,
2026-08-31,38.950498,-77.073971,Ward 3,
2026-08-31,38.950920,-77.074291,Ward 3,
2026-08-31,38.950731,-77.074601,Ward 3,2026-09-02
2026-08-31,38.950732,-77.074944,Ward 3,
2026-08-31,38.950729,-77.078521,Ward 3,
2026-08-31,38.866870,-77.010694,Ward 6,
2026-08-31,38.950729,-77.078521,Ward 3,
2026-08-31,38.950729,-77.078521,Ward 3,
2026-08-31,38.919631,-76.986774,Ward 5,
2026-08-31,38.950727,-77.080308,Ward 3,
2026-08-31,38.950727,-77.080308,Ward 3,
2026-08-31,38.859730,-76.967705,Ward 7,2026-09-09
2026-08-31,38.952742,-77.079696,Ward 3,
2026-08-31,38.952742,-77.079696,Ward 3,
2026-08-31,38.953303,-77.079564,Ward 3,
2026-08-31,38.954015,-77.079628,Ward 3,
2026-08-31,38.954701,-77.079270,Ward 3,
2026-08-31,38.955955,-77.079494,Ward 3,
2026-08-31,38.869001,-76.984095,Ward 8,2026-08-31
2026-08-31,38.937391,-77.028937,Ward 4,
2026-08-31,38.952095,-77.069844,Ward 3,
2026-08-31,38.869362,-76.946112,Ward 7,
2026-08-31,38.929936,-77.114206,Ward 3,2026-09-04
2026-08-31,38.917183,-77.006429,Ward 5,
2026-09-01,38.978232,-77.026767,Ward 4,2026-09-01
2026-09-01,38.975531,-77.027237,Ward 4,2026-09-01
2026-09-01,38.966199,-77.005622,Ward 4,2026-09-01
2026-09-01,38.979240,-77.027646,Ward 4,
2026-09-01,38.907450,-77.040593,Ward 2,2026-09-01
2026-09-01,38.957021,-77.074592,Ward 3,2026-09-02
2026-09-01,38.900527,-77.056348,Ward 2,
2026-09-01,38.957021,-77.074592,Ward 3,
2026-09-01,38.929127,-77.022988,Ward 1,
2026-09-01,38.957310,-77.008404,Ward 4,2026-09-02
2026-09-01,38.953433,-77.036017,Ward 4,
2026-09-01,38.903489,-77.060917,Ward 2,2026-09-03
2026-09-01,38.894191,-76.988310,Ward 6,
2026-09-01,38.923114,-77.040225,Ward 1,
2026-09-01,38.953779,-77.065169,Ward 3,
2026-09-01,38.951592,-77.021840,Ward 4,2026-09-08
2026-09-01,38.954692,-77.069428,Ward 3,2026-09-02
2026-09-01,38.954692,-77.072727,Ward 3,
2026-09-01,38.954692,-77.072727,Ward 3,2026-09-03
2026-09-01,38.954009,-77.072144,Ward 3,
2026-09-01,38.954009,-77.072144,Ward 3,2026-09-02
2026-09-01,38.966990,-77.063600,Ward 4,2026-09-02
2026-09-01,38.953973,-77.069596,Ward 3,
2026-09-01,38.952095,-77.069844,Ward 3,
2026-09-01,38.956033,-77.070411,Ward 3,2026-09-02
2026-09-01,38.952095,-77.069844,Ward 3,
2026-09-01,38.957022,-77.071276,Ward 3,
2026-09-01,38.957206,-77.072475,Ward 3,
2026-09-01,38.956770,-77.073048,Ward 3,
2026-09-01,38.951415,-77.067728,Ward 3,
2026-09-01,38.957023,-77.080301,Ward 3,2026-09-02
2026-09-01,38.957023,-77.080301,Ward 3,2026-09-02
2026-09-01,38.885970,-77.028123,Ward 6,2026-09-02
2026-09-01,38.959631,-77.064764,Ward 4,2026-09-02
2026-09-01,38.957691,-77.080301,Ward 3,
2026-09-01,38.942717,-77.045341,Ward 4,2026-09-02
2026-09-01,38.957450,-77.075756,Ward 3,
2026-09-01,38.924400,-76.990350,Ward 5,
2026-09-01,38.990151,-77.039858,Ward 4,
2026-09-01,38.957282,-77.034926,Ward 4,2026-09-08
2026-09-01,38.978232,-77.026767,Ward 4,
2026-09-01,38.975531,-77.027237,Ward 4,2026-09-02
2026-09-02,38.976064,-77.019521,Ward 4,2026-09-02
2026-09-02,38.976093,-77.028164,Ward 4,2026-09-02
2026-09-02,38.977128,-77.026233,Ward 4,
2026-09-02,38.977128,-77.026233,Ward 4,
2026-09-02,38.934270,-77.034310,Ward 1,2026-09-11
2026-09-02,38.977128,-77.026233,Ward 4,2026-09-02
2026-09-02,38.934429,-77.034316,Ward 1,
2026-09-02,38.946792,-76.988013,Ward 5,
2026-09-02,38.945930,-77.028270,Ward 4,2026-09-02
2026-09-02,38.945899,-77.019637,Ward 4,2026-09-02
2026-09-02,38.951031,-77.024484,Ward 4,2026-09-02
2026-09-02,38.913530,-77.002683,Ward 5,2026-09-02
2026-09-02,38.941979,-77.004561,Ward 5,
2026-09-02,38.936236,-77.035346,Ward 1,2026-09-02
2026-09-02,38.961795,-77.022177,Ward 4,
2026-09-02,38.936236,-77.035346,Ward 1,
2026-09-02,38.887370,-76.950345,Ward 7,2026-09-02
2026-09-02,38.960271,-76.997581,Ward 4,
2026-09-02,38.931935,-77.027214,Ward 1,2026-09-02
2026-09-02,38.908045,-77.009704,Ward 5,2026-09-08
2026-09-02,38.884070,-76.996534,Ward 6,
2026-09-02,38.934644,-76.965160,Ward 5,
2026-09-02,38.860245,-76.967043,Ward 7,2026-09-09
2026-09-02,38.912996,-77.013853,Ward 5,
2026-09-02,38.912780,-77.013030,Ward 5,
2026-09-02,38.891731,-76.935610,Ward 7,
2026-09-03,38.978232,-77.026767,Ward 4,2026-09-03
2026-09-03,38.977128,-77.026233,Ward 4,2026-09-03
2026-09-03,38.944212,-77.049686,Ward 3,2026-09-08
2026-09-03,38.865314,-76.987756,Ward 8,
2026-09-03,38.903420,-77.003116,Ward 6,2026-09-08
2026-09-03,38.907023,-77.039124,Ward 2,
2026-09-03,38.865142,-76.979525,Ward 8,2026-09-03
2026-09-03,38.910960,-77.021535,Ward 2,
2026-09-03,38.909481,-77.023189,Ward 2,2026-09-04
2026-09-03,38.909842,-77.023282,Ward 2,
2026-09-03,38.930921,-76.999960,Ward 5,2026-09-03
2026-09-03,38.930921,-76.999960,Ward 5,
2026-09-03,38.941069,-77.002790,Ward 5,
2026-09-03,38.941068,-77.001336,Ward 5,2026-09-03
2026-09-03,38.945537,-76.998610,Ward 5,2026-09-08
2026-09-03,38.948053,-76.993355,Ward 5,2026-09-03
2026-09-03,38.942717,-77.045341,Ward 4,
2026-09-03,38.876070,-76.989407,Ward 6,
2026-09-03,38.865108,-77.000370,Ward 8,
2026-09-03,38.964692,-77.072585,Ward 3,
2026-09-03,38.965918,-77.071662,Ward 3,
2026-09-03,38.965918,-77.071662,Ward 3,2026-09-04
2026-09-03,38.883210,-76.949211,Ward 7,
2026-09-03,38.930925,-77.073146,Ward 3,
2026-09-03,38.886183,-76.947613,Ward 7,2026-09-03
2026-09-03,38.923775,-77.076958,Ward 3,
2026-09-03,38.922391,-77.077694,Ward 3,
2026-09-03,38.908688,-77.056680,Ward 2,2026-09-04
2026-09-03,38.892216,-76.980164,Ward 7,
2026-09-03,38.904969,-77.038787,Ward 2,
2026-09-03,38.923732,-76.990021,Ward 5,
2026-09-03,38.930434,-76.993538,Ward 5,
2026-09-03,38.929488,-76.992440,Ward 5,
2026-09-04,38.916848,-77.037038,Ward 2,
2026-09-04,38.978232,-77.026767,Ward 4,2026-09-04
2026-09-04,38.976093,-77.028164,Ward 4,2026-09-04
2026-09-04,38.924566,-76.985595,Ward 5,2026-09-10
2026-09-04,38.927662,-76.992676,Ward 5,
2026-09-04,38.925690,-76.983179,Ward 5,
2026-09-04,38.977128,-77.026233,Ward 4,2026-09-04
2026-09-04,38.927160,-76.992672,Ward 5,
2026-09-04,38.932128,-76.976221,Ward 5,2026-09-08
2026-09-04,38.932328,-76.975999,Ward 5,
2026-09-04,38.932328,-76.975999,Ward 5,2026-09-04
2026-09-04,38.931958,-76.976467,Ward 5,2026-09-04
2026-09-04,38.932328,-76.975999,Ward 5,2026-09-04
2026-09-04,38.974139,-77.016048,Ward 4,
2026-09-04,38.940851,-77.092851,Ward 3,2026-09-08
2026-09-04,38.883368,-76.951446,Ward 7,2026-09-08
2026-09-04,38.874471,-76.936095,Ward 7,
2026-09-04,38.881425,-76.983893,Ward 6,2026-09-08
2026-09-04,38.956421,-76.992362,Ward 5,
2026-09-04,38.895783,-76.956966,Ward 7,2026-09-08
2026-09-04,38.932328,-76.975999,Ward 5,2026-09-08
2026-09-04,38.920902,-77.002473,Ward 5,
2026-09-04,38.956421,-76.992362,Ward 5,
2026-09-04,38.909491,-77.045281,Ward 2,
2026-09-04,38.975598,-77.035961,Ward 4,
2026-09-04,38.952535,-77.036415,Ward 4,2026-09-08
2026-09-04,38.909677,-77.058964,Ward 2,
2026-09-04,38.915738,-77.020658,Ward 2,2026-09-11
2026-09-04,38.960204,-76.996890,Ward 4,
2026-09-04,38.896324,-77.029318,Ward 2,
2026-09-04,38.881461,-76.984058,Ward 6,2026-09-08
2026-09-04,38.845089,-76.998198,Ward 8,
2026-09-04,38.900625,-77.022591,Ward 2,
2026-09-04,38.963702,-77.064162,Ward 4,2026-09-08
2026-09-04,38.888670,-76.983648,Ward 6,2026-09-09
2026-09-04,38.932697,-77.040026,Ward 1,
2026-09-05,38.978232,-77.026767,Ward 4,
2026-09-05,38.977128,-77.026233,Ward 4,
2026-09-05,38.900773,-76.933988,Ward 7,2026-09-08
2026-09-05,38.919049,-77.024542,Ward 1,
2026-09-05,38.881425,-76.983893,Ward 6,2026-09-08
2026-09-05,38.909458,-77.025803,Ward 2,
2026-09-05,38.938742,-76.992500,Ward 5,2026-09-08
2026-09-05,38.945253,-76.981675,Ward 5,2026-09-09
2026-09-05,38.915373,-76.982675,Ward 5,2026-09-08
2026-09-05,38.936145,-76.993725,Ward 5,2026-09-09
2026-09-05,38.921545,-76.993226,Ward 5,
2026-09-05,38.930906,-76.971839,Ward 5,
2026-09-05,38.992077,-77.044850,Ward 4,
2026-09-05,38.900500,-77.034042,Ward 2,
2026-09-05,38.978232,-77.026767,Ward 4,
2026-09-05,38.977128,-77.026233,Ward 4,
2026-09-06,38.977128,-77.026233,Ward 4,
2026-09-06,38.975531,-77.027237,Ward 4,
2026-09-06,38.950532,-77.080059,Ward 3,
2026-09-06,38.912669,-76.990602,Ward 5,
2026-09-06,38.912669,-76.990602,Ward 5,
2026-09-06,38.912032,-77.006368,Ward 5,2026-09-09
2026-09-06,38.900395,-76.999307,Ward 6,
2026-09-06,38.937078,-76.993592,Ward 5,2026-09-09
2026-09-06,38.927160,-76.992672,Ward 5,
2026-09-06,38.926313,-76.992252,Ward 5,
2026-09-06,38.916624,-77.020253,Ward 1,2026-09-11
2026-09-06,38.978812,-77.062655,Ward 4,2026-09-08
2026-09-06,38.926691,-76.990272,Ward 5,
2026-09-06,38.926744,-76.990286,Ward 5,
2026-09-06,38.901918,-76.920948,Ward 7,
2026-09-06,38.907798,-77.022645,Ward 2,
2026-09-06,38.928589,-76.990683,Ward 5,
2026-09-06,38.931549,-76.990921,Ward 5,
2026-09-06,38.933526,-76.991079,Ward 5,
2026-09-06,38.933526,-76.991079,Ward 5,
2026-09-07,38.934516,-76.991158,Ward 5,
2026-09-07,38.934638,-76.992026,Ward 5,2026-09-10
2026-09-07,38.934429,-76.992793,Ward 5,
2026-09-07,38.921990,-76.993862,Ward 5,
2026-09-07,38.933443,-76.992706,Ward 5,
2026-09-07,38.926501,-76.992435,Ward 5,2026-09-10
2026-09-07,38.921946,-76.978341,Ward 5,
2026-09-07,38.896947,-77.005481,Ward 6,
2026-09-07,38.978197,-77.026881,Ward 4,
2026-09-07,38.918355,-77.098751,Ward 3,
2026-09-07,38.977128,-77.026233,Ward 4,
2026-09-07,38.936315,-76.993767,Ward 5,2026-09-08
2026-09-07,38.882793,-76.991530,Ward 6,
2026-09-07,38.881425,-76.983893,Ward 6,2026-09-08
2026-09-07,38.975598,-77.035961,Ward 4,
2026-09-07,38.935013,-77.025606,Ward 1,2026-09-11
2026-09-07,38.935734,-77.058945,Ward 3,2026-09-08
2026-09-07,38.882426,-76.991353,Ward 6,
2026-09-07,38.879423,-76.991304,Ward 6,2026-09-08
2026-09-07,38.888451,-76.977441,Ward 7,
2026-09-07,38.888451,-76.977441,Ward 7,2026-09-08
2026-09-07,38.888451,-76.977441,Ward 7,2026-09-08
2026-09-07,38.893705,-76.994000,Ward 6,
2026-09-07,38.981144,-77.038938,Ward 4,
2026-09-08,38.925884,-77.011401,Ward 5,2026-09-11
2026-09-08,38.903947,-77.002925,Ward 6,
2026-09-08,38.918834,-77.021617,Ward 1,
2026-09-08,38.934336,-76.986244,Ward 5,2026-09-09
2026-09-08,38.900773,-76.933988,Ward 7,2026-09-11
2026-09-08,38.926847,-77.071335,Ward 3,
2026-09-08,38.927778,-77.026679,Ward 1,
2026-09-08,38.920874,-76.988067,Ward 5,2026-09-10
2026-09-08,38.920874,-76.988067,Ward 5,2026-09-10
2026-09-08,38.920874,-76.988067,Ward 5,2026-09-10
2026-09-08,38.907065,-77.029913,Ward 2,
2026-09-08,38.915387,-77.030581,Ward 1,2026-09-09
2026-09-08,38.883084,-76.949524,Ward 7,
2026-09-08,38.897557,-77.040783,Ward 2,2026-09-09
2026-09-08,38.865483,-76.977574,Ward 8,2026-09-08
2026-09-08,38.917171,-77.024167,Ward 1,2026-09-09
2026-09-08,38.925582,-76.996173,Ward 5,
2026-09-08,38.926777,-77.025222,Ward 1,2026-09-08
2026-09-08,38.925591,-77.000570,Ward 5,
2026-09-08,38.921976,-77.000846,Ward 5,
2026-09-08,38.968797,-77.032686,Ward 4,2026-09-08
2026-09-08,38.954429,-77.022779,Ward 4,2026-09-11
2026-09-08,38.929254,-76.977167,Ward 5,
2026-09-08,38.897527,-76.987079,Ward 6,2026-09-08
2026-09-08,38.830290,-76.996282,Ward 8,
2026-09-08,38.829879,-76.996726,Ward 8,
2026-09-08,38.925690,-76.983179,Ward 5,
2026-09-08,38.886910,-76.917326,Ward 7,
2026-09-08,38.926254,-76.982007,Ward 5,
2026-09-08,38.926254,-76.982007,Ward 5,
2026-09-08,38.910077,-77.007814,Ward 5,2026-09-11
2026-09-08,38.927651,-76.979097,Ward 5,
2026-09-08,38.947876,-77.006398,Ward 5,2026-09-08
2026-09-08,38.892010,-76.980762,Ward 7,2026-09-09
2026-09-08,38.930476,-76.973832,Ward 5,
2026-09-08,38.929033,-76.976222,Ward 5,2026-09-11
2026-09-08,38.929033,-76.976222,Ward 5,2026-09-11
2026-09-08,38.928587,-76.977811,Ward 5,
2026-09-08,38.927957,-76.978448,Ward 5,
2026-09-08,38.928213,-76.978608,Ward 5,
2026-09-08,38.846569,-76.998320,Ward 8,
2026-09-08,38.925690,-76.983179,Ward 5,
2026-09-08,38.928717,-76.979266,Ward 5,
2026-09-08,38.928717,-76.979266,Ward 5,
2026-09-08,38.928167,-76.979223,Ward 5,2026-09-11
2026-09-08,38.928213,-76.978608,Ward 5,2026-09-11
2026-09-08,38.927957,-76.978448,Ward 5,
2026-09-08,38.929267,-76.972845,Ward 5,
2026-09-08,38.929267,-76.972845,Ward 5,2026-09-09
2026-09-08,38.930270,-76.973662,Ward 5,
2026-09-08,38.929387,-76.973062,Ward 5,
2026-09-08,38.910648,-76.986288,Ward 5,
2026-09-08,38.900576,-76.948689,Ward 7,2026-09-09
2026-09-09,38.978232,-77.026767,Ward 4,
2026-09-09,38.975531,-77.027237,Ward 4,
2026-09-09,38.924352,-77.040143,Ward 1,2026-09-09
2026-09-09,38.919587,-77.001812,Ward 5,
2026-09-09,38.961035,-76.999857,Ward 4,2026-09-09
2026-09-09,38.942729,-77.035449,Ward 4,
2026-09-09,38.892216,-76.980164,Ward 7,
2026-09-09,38.911863,-77.084374,Ward 3,
2026-09-09,38.925591,-77.000570,Ward 5,2026-09-11
2026-09-09,38.925586,-76.999503,Ward 5,
2026-09-09,38.914093,-77.036509,Ward 2,
2026-09-09,38.925585,-76.998445,Ward 5,
2026-09-09,38.951464,-76.988483,Ward 5,
2026-09-09,38.924650,-76.998205,Ward 5,2026-09-09
2026-09-09,38.924650,-76.998205,Ward 5,
2026-09-09,38.962508,-77.017044,Ward 4,2026-09-09
2026-09-09,38.888471,-76.950526,Ward 7,2026-09-09
2026-09-09,38.914257,-77.015609,Ward 5,
2026-09-09,38.921122,-77.000752,Ward 5,
2026-09-09,38.907404,-77.019602,Ward 2,
2026-09-09,38.908725,-77.028337,Ward 2,
2026-09-09,38.872766,-76.977569,Ward 8,
2026-09-09,38.922370,-77.000569,Ward 5,
2026-09-09,38.922533,-77.000745,Ward 5,
2026-09-09,38.857740,-76.985972,Ward 8,
2026-09-09,38.921473,-77.000755,Ward 5,
2026-09-09,38.889101,-76.928402,Ward 7,
2026-09-09,38.923438,-77.002034,Ward 5,
2026-09-09,38.887249,-76.987793,Ward 6,
2026-09-09,38.842793,-77.003358,Ward 8,2026-09-09
2026-09-09,38.842793,-77.003358,Ward 8,
2026-09-09,38.842727,-77.004094,Ward 8,
2026-09-09,38.924511,-77.000570,Ward 5,
2026-09-09,38.893863,-76.957506,Ward 7,2026-09-09
2026-09-09,38.882426,-76.991353,Ward 6,
2026-09-09,38.923006,-77.034268,Ward 1,2026-09-11
2026-09-10,38.978232,-77.026767,Ward 4,
2026-09-10,38.975531,-77.027237,Ward 4,
2026-09-10,38.977128,-77.026233,Ward 4,
2026-09-10,38.876998,-76.995577,Ward 8,2026-09-10
2026-09-10,38.893749,-76.985746,Ward 6,
2026-09-10,38.952148,-76.988193,Ward 5,2026-09-10
2026-09-10,38.902181,-77.041236,Ward 2,
2026-09-10,38.965293,-77.007189,Ward 4,
2026-09-10,38.964619,-77.007695,Ward 4,
2026-09-10,38.885054,-76.945572,Ward 7,
2026-09-10,38.885054,-76.945572,Ward 7,
2026-09-10,38.926567,-77.052928,Ward 3,2026-09-10
2026-09-10,38.954831,-76.999111,Ward 5,
2026-09-10,38.926567,-77.052928,Ward 3,
2026-09-10,38.897132,-76.974820,Ward 7,2026-09-10
2026-09-10,38.942956,-77.084057,Ward 3,
2026-09-10,38.904015,-77.053690,Ward 2,
2026-09-10,38.904004,-77.053514,Ward 2,
2026-09-10,38.925999,-77.052589,Ward 3,
2026-09-10,38.942990,-77.092358,Ward 3,
2026-09-10,38.962891,-77.078016,Ward 3,2026-09-10
2026-09-10,38.948512,-77.082484,Ward 3,
2026-09-10,38.908565,-77.048797,Ward 2,
2026-09-10,38.955299,-77.089938,Ward 3,2026-09-11
2026-09-10,38.878803,-76.965595,Ward 7,
2026-09-10,38.878803,-76.965595,Ward 7,
2026-09-10,38.954713,-76.994232,Ward 5,
2026-09-10,38.892666,-76.987493,Ward 6,2026-09-10
2026-09-10,38.954713,-76.994232,Ward 5,
2026-09-10,38.933704,-77.066992,Ward 3,
2026-09-10,38.871783,-77.010840,Ward 6,
2026-09-10,38.905911,-76.983005,Ward 5,2026-09-10
2026-09-10,38.906341,-77.015943,Ward 2,
2026-09-10,38.936095,-77.067818,Ward 3,
2026-09-10,38.952754,-77.024955,Ward 4,
2026-09-10,38.892666,-76.987493,Ward 6,2026-09-10
2026-09-10,38.962010,-77.003994,Ward 4,
2026-09-10,38.901661,-76.926201,Ward 7,2026-09-10
2026-09-10,38.878551,-77.005590,Ward 6,
2026-09-10,38.891320,-76.928213,Ward 7,
2026-09-10,38.891320,-76.928213,Ward 7,
2026-09-10,38.895290,-76.982350,Ward 7,2026-09-10
2026-09-10,38.895290,-76.982350,Ward 7,
2026-09-10,38.950268,-76.986800,Ward 5,
2026-09-10,38.925502,-77.028699,Ward 1,2026-09-11
2026-09-11,38.976064,-77.019521,Ward 4,2026-09-11
2026-09-11,38.866408,-76.988807,Ward 8,
2026-09-11,38.892929,-76.921387,Ward 7,
2026-09-11,38.929254,-76.977167,Ward 5,
2026-09-11,38.902806,-77.043044,Ward 2,
2026-09-11,38.892381,-76.912066,Ward 7,2026-09-11
2026-09-11,38.887138,-76.950008,Ward 7,2026-09-11
2026-09-11,38.894718,-76.923267,Ward 7,
2026-09-11,38.895962,-77.029033,Ward 2,
2026-09-11,38.912627,-76.976232,Ward 5,
2026-09-11,38.937572,-77.033886,Ward 4,
2026-09-11,38.941184,-77.025562,Ward 4,
2026-09-12,38.919942,-77.070740,Ward 3,
2026-09-12,38.888776,-76.988495,Ward 6,
2026-09-12,38.929894,-77.028109,Ward 1,
2026-09-12,38.922763,-77.034252,Ward 1,
2026-09-12,38.922759,-77.033769,Ward 1,
2026-09-12,38.919349,-76.987053,Ward 5,
2026-09-12,38.959293,-77.038209,Ward 4,
2026-09-12,38.906185,-77.066962,Ward 2,
2026-09-12,38.891220,-76.938270,Ward 7,
2026-09-12,38.925475,-77.042550,Ward 1,
2026-09-13,38.976093,-77.028164,Ward 4,
2026-09-13,38.941656,-77.061616,Ward 3,
2026-09-13,38.897450,-76.980643,Ward 7,
2026-09-13,38.977128,-77.026233,Ward 4,
2026-09-13,38.937783,-77.026600,Ward 4,
2026-09-13,38.950185,-76.993183,Ward 5,
2026-09-13,38.976093,-77.028164,Ward 4,
2026-09-13,38.937781,-77.027954,Ward 4,
2026-09-13,38.975531,-77.027237,Ward 4,
2026-09-13,38.886879,-76.917366,Ward 7,
2026-09-13,38.907981,-77.065604,Ward 2,
